# https://github.com/mikedh/trimesh

o geometry_0
v -0.06308362 0.01681825 0.00032807 0.54509804 0.71372549 0.60000000
v -0.06308362 0.01656592 -0.00200387 0.54509804 0.71372549 0.60000000
v -0.06541807 0.01669987 0.00032807 0.54509804 0.71372549 0.60000000
v -0.06308362 0.01679021 0.00266493 0.54509804 0.71372549 0.60000000
v 0.04670836 0.01237285 -0.00200387 0.54509804 0.71372549 0.60000000
v -0.06308362 0.01604568 -0.00434073 0.54509804 0.71372549 0.60000000
v -0.06541807 0.01644754 -0.00200387 0.54509804 0.71372549 0.60000000
v 0.04670836 0.01204263 -0.00434073 0.54509804 0.71372549 0.60000000
v -0.06541807 0.01658772 0.00266493 0.54509804 0.71372549 0.60000000
v -0.06712917 0.01590861 -0.00200387 0.54509804 0.71372549 0.60000000
v -0.06727584 0.01603010 0.00032807 0.54509804 0.71372549 0.60000000
v -0.06308362 0.01636966 0.00500178 0.54509804 0.71372549 0.60000000
v 0.05483612 0.01134483 0.00271161 0.54509804 0.71372549 0.60000000
v 0.05483612 0.01172800 0.00032807 0.54509804 0.71372549 0.60000000
v 0.04670836 0.01209871 0.00032807 0.54509804 0.71372549 0.60000000
v 0.05483612 0.01165635 -0.00200387 0.54509804 0.71372549 0.60000000
v -0.06308362 0.01563447 -0.00565291 0.54509804 0.71372549 0.60000000
v -0.06452584 0.01562512 -0.00563079 0.54509804 0.71372549 0.60000000
v -0.06534473 0.01587122 -0.00435547 0.54509804 0.71372549 0.60000000
v -0.06684806 0.01571235 -0.00358635 0.54509804 0.71372549 0.60000000
v 0.05483612 0.01123268 -0.00429404 0.54509804 0.71372549 0.60000000
v 0.05483612 0.01064079 -0.00601413 0.54509804 0.71372549 0.60000000
v 0.04905502 0.01118595 -0.00597481 0.54509804 0.71372549 0.60000000
v 0.04670836 0.01129810 -0.00614682 0.54509804 0.71372549 0.60000000
v -0.06711695 0.01593353 0.00266493 0.54509804 0.71372549 0.60000000
v -0.06684806 0.01574350 0.00445381 0.54509804 0.71372549 0.60000000
v -0.06557696 0.01603010 0.00514185 0.54509804 0.71372549 0.60000000
v -0.06830250 0.01495535 -0.00200387 0.54509804 0.71372549 0.60000000
v -0.06844917 0.01503012 0.00032807 0.54509804 0.71372549 0.60000000
v -0.06490473 0.01575908 0.00659163 0.54509804 0.71372549 0.60000000
v -0.06308362 0.01580269 0.00668501 0.54509804 0.71372549 0.60000000
v 0.05483612 0.01093050 0.00391813 0.54509804 0.71372549 0.60000000
v -0.06308362 0.01496781 -0.00682257 0.54509804 0.71372549 0.60000000
v -0.06534473 0.01476221 -0.00651787 0.54509804 0.71372549 0.60000000
v -0.06607806 0.01540706 -0.00514426 0.54509804 0.71372549 0.60000000
v -0.06308362 0.01379961 -0.00841487 0.54509804 0.71372549 0.60000000
v -0.06903583 0.01333856 -0.00570205 0.54509804 0.71372549 0.60000000
v 0.05483612 0.01021401 -0.00670462 0.54509804 0.71372549 0.60000000
v 0.05483612 0.00960965 -0.00751306 0.54509804 0.71372549 0.60000000
v 0.05483612 0.00903023 -0.00827972 0.54509804 0.71372549 0.60000000
v 0.04670836 0.01040715 -0.00731648 0.54509804 0.71372549 0.60000000
v 0.03268950 0.01079655 -0.00768752 0.54509804 0.71372549 0.60000000
v -0.06827806 0.01484944 0.00266493 0.54509804 0.71372549 0.60000000
v -0.06645695 0.01549740 0.00601172 0.54509804 0.71372549 0.60000000
v -0.06906027 0.01343202 0.00417369 0.54509804 0.71372549 0.60000000
v -0.06778917 0.01446315 0.00509270 0.54509804 0.71372549 0.60000000
v -0.06915806 0.01353793 -0.00434073 0.54509804 0.71372549 0.60000000
v -0.06928028 0.01378715 -0.00200387 0.54509804 0.71372549 0.60000000
v -0.06931694 0.01386191 0.00032807 0.54509804 0.71372549 0.60000000
v -0.06921917 0.01368123 0.00266493 0.54509804 0.71372549 0.60000000
v -0.06572362 0.01461268 0.00753522 0.54509804 0.71372549 0.60000000
v -0.06499029 0.01373108 0.00886706 0.54509804 0.71372549 0.60000000
v -0.06308362 0.01515473 0.00785221 0.54509804 0.71372549 0.60000000
v 0.05483612 0.01034796 0.00508779 0.54509804 0.71372549 0.60000000
v 0.05483612 0.01063144 0.00456931 0.54509804 0.71372549 0.60000000
v -0.06074919 0.01377780 -0.00843699 0.54509804 0.71372549 0.60000000
v -0.06541807 0.01350990 -0.00811509 0.54509804 0.71372549 0.60000000
v -0.06670140 0.01328872 -0.00791113 0.54509804 0.71372549 0.60000000
v -0.06759362 0.01370615 -0.00655964 0.54509804 0.71372549 0.60000000
v -0.06308362 0.01227939 -0.00958207 0.54509804 0.71372549 0.60000000
v -0.06074919 0.01237596 -0.00960665 0.54509804 0.71372549 0.60000000
v -0.06826584 0.01256287 -0.00725996 0.54509804 0.71372549 0.60000000
v -0.06898694 0.01100527 -0.00792342 0.54509804 0.71372549 0.60000000
v -0.06921917 0.01189310 -0.00655964 0.54509804 0.71372549 0.60000000
v -0.06968362 0.01205509 -0.00434073 0.54509804 0.71372549 0.60000000
v 0.05483612 0.00813305 -0.00884981 0.54509804 0.71372549 0.60000000
v 0.02967061 0.00860033 -0.01022096 0.54509804 0.71372549 0.60000000
v 0.02802062 0.00864082 -0.01025045 0.54509804 0.71372549 0.60000000
v -0.06716584 0.01393979 0.00692091 0.54509804 0.71372549 0.60000000
v -0.06655473 0.01316722 0.00847881 0.54509804 0.71372549 0.60000000
v -0.06965917 0.01205509 0.00266493 0.54509804 0.71372549 0.60000000
v -0.06915806 0.01182768 0.00497230 0.54509804 0.71372549 0.60000000
v -0.06873028 0.01245696 0.00573159 0.54509804 0.71372549 0.60000000
v -0.06986695 0.01205509 -0.00200387 0.54509804 0.71372549 0.60000000
v -0.06989139 0.01205509 0.00032807 0.54509804 0.71372549 0.60000000
v -0.06563806 0.01225447 0.00927988 0.54509804 0.71372549 0.60000000
v -0.06294918 0.01187441 0.01034387 0.54509804 0.71372549 0.60000000
v -0.06308362 0.01398652 0.00914719 0.54509804 0.71372549 0.60000000
v 0.02802062 0.00911122 0.00917176 0.54509804 0.71372549 0.60000000
v 0.05483612 0.00969065 0.00609527 0.54509804 0.71372549 0.60000000
v -0.06528362 0.01185261 -0.00939286 0.54509804 0.71372549 0.60000000
v -0.06596806 0.01068129 -0.01006124 0.54509804 0.71372549 0.60000000
v -0.06705584 0.00912368 -0.01051829 0.54509804 0.71372549 0.60000000
v -0.06759362 0.01189310 -0.00832641 0.54509804 0.71372549 0.60000000
v -0.06308362 0.01111119 -0.01030697 0.54509804 0.71372549 0.60000000
v -0.06441585 0.01093673 -0.01021113 0.54509804 0.71372549 0.60000000
v -0.06074919 0.01120776 -0.01036348 0.54509804 0.71372549 0.60000000
v -0.06752028 0.00738228 -0.01093602 0.54509804 0.71372549 0.60000000
v -0.06892583 0.00618604 -0.01016690 0.54509804 0.71372549 0.60000000
v -0.06908473 0.00971869 -0.00815932 0.54509804 0.71372549 0.60000000
v -0.06953695 0.00971869 -0.00667759 0.54509804 0.71372549 0.60000000
v -0.06985472 0.00971869 -0.00434073 0.54509804 0.71372549 0.60000000
v 0.05483612 0.00735424 -0.00931669 0.54509804 0.71372549 0.60000000
v 0.03041617 0.00758477 -0.01058709 0.54509804 0.71372549 0.60000000
v 0.02802062 0.00738228 -0.01075173 0.54509804 0.71372549 0.60000000
v -0.06397585 0.00627950 -0.01254308 0.54509804 0.71372549 0.60000000
v -0.06689695 0.01160962 0.00878351 0.54509804 0.71372549 0.60000000
v -0.06781362 0.01203329 0.00732635 0.54509804 0.71372549 0.60000000
v -0.06964694 -0.00663304 0.00266493 0.54509804 0.71372549 0.60000000
v -0.06918251 -0.00659255 0.00521065 0.54509804 0.71372549 0.60000000
v -0.06892583 0.01089935 0.00617636 0.54509804 0.71372549 0.60000000
v -0.07002583 0.00037618 -0.00667759 0.54509804 0.71372549 0.60000000
v -0.07001362 -0.00196023 -0.00434073 0.54509804 0.71372549 0.60000000
v -0.07001362 -0.00429664 -0.00434073 0.54509804 0.71372549 0.60000000
v -0.06992806 -0.00663304 -0.00200387 0.54509804 0.71372549 0.60000000
v -0.06981807 -0.00663304 0.00032807 0.54509804 0.71372549 0.60000000
v -0.06528362 0.00965638 0.01022347 0.54509804 0.71372549 0.60000000
v -0.06440363 0.00883397 0.01091887 0.54509804 0.71372549 0.60000000
v -0.06363362 0.01039157 0.01071492 0.54509804 0.71372549 0.60000000
v -0.06208141 0.01097412 0.01087464 0.54509804 0.71372549 0.60000000
v -0.06074919 0.01212674 0.01030701 0.54509804 0.71372549 0.60000000
v 0.02802062 0.00782464 0.01033896 0.54509804 0.71372549 0.60000000
v 0.03035506 0.00903957 0.00908084 0.54509804 0.71372549 0.60000000
v 0.05483612 0.00913614 0.00680050 0.54509804 0.71372549 0.60000000
v -0.06528362 0.00983083 -0.01068538 0.54509804 0.71372549 0.60000000
v -0.06529584 0.00718914 -0.01200248 0.54509804 0.71372549 0.60000000
v -0.06598029 0.00563465 -0.01240793 0.54509804 0.71372549 0.60000000
v -0.06308362 0.00971869 -0.01099254 0.54509804 0.71372549 0.60000000
v -0.06441585 0.00627950 -0.01254308 0.54509804 0.71372549 0.60000000
v -0.06665251 0.00407704 -0.01255045 0.54509804 0.71372549 0.60000000
v -0.06778917 0.00512998 -0.01138079 0.54509804 0.71372549 0.60000000
v -0.06904806 0.00462844 -0.01035120 0.54509804 0.71372549 0.60000000
v -0.06932916 0.00526394 -0.00923806 0.54509804 0.71372549 0.60000000
v -0.06923140 0.00738228 -0.00867534 0.54509804 0.71372549 0.60000000
v -0.06961028 0.00270947 -0.00901445 0.54509804 0.71372549 0.60000000
v -0.06981807 0.00504587 -0.00667759 0.54509804 0.71372549 0.60000000
v -0.06995250 0.00270947 -0.00667759 0.54509804 0.71372549 0.60000000
v 0.05483612 0.00540101 -0.01002192 0.54509804 0.71372549 0.60000000
v 0.03035506 0.00504587 -0.01132673 0.54509804 0.71372549 0.60000000
v 0.02335174 0.00504587 -0.01152331 0.54509804 0.71372549 0.60000000
v -0.06315696 0.00510818 -0.01264137 0.54509804 0.71372549 0.60000000
v 0.02335174 0.00270947 -0.01197053 0.54509804 0.71372549 0.60000000
v -0.06582140 0.00738228 0.01029227 0.54509804 0.71372549 0.60000000
v -0.06706806 0.00971869 0.00899729 0.54509804 0.71372549 0.60000000
v -0.06962251 -0.00896945 0.00266493 0.54509804 0.71372549 0.60000000
v -0.06915806 -0.00880123 0.00506813 0.54509804 0.71372549 0.60000000
v -0.06893806 -0.00791339 0.00620584 0.54509804 0.71372549 0.60000000
v -0.06893806 -0.00734331 0.00620584 0.54509804 0.71372549 0.60000000
v -0.06844917 -0.00429664 0.00733864 0.54509804 0.71372549 0.60000000
v -0.06843695 -0.00196023 0.00733864 0.54509804 0.71372549 0.60000000
v -0.06733695 -0.00196023 0.00941994 0.54509804 0.71372549 0.60000000
v -0.06730029 0.00037618 0.00944206 0.54509804 0.71372549 0.60000000
v -0.06964694 0.00037618 -0.00901445 0.54509804 0.71372549 0.60000000
v -0.07000139 -0.00196023 -0.00667759 0.54509804 0.71372549 0.60000000
v -0.06994028 -0.00663304 -0.00434073 0.54509804 0.71372549 0.60000000
v -0.06981807 -0.00896945 -0.00200387 0.54509804 0.71372549 0.60000000
v -0.06978138 -0.00896945 0.00032807 0.54509804 0.71372549 0.60000000
v -0.06464806 0.00738228 0.01106877 0.54509804 0.71372549 0.60000000
v -0.06308362 0.00738228 0.01149633 0.54509804 0.71372549 0.60000000
v -0.06294918 0.00965638 0.01105157 0.54509804 0.71372549 0.60000000
v -0.06074919 0.00971869 0.01116706 0.54509804 0.71372549 0.60000000
v 0.01400176 0.00504587 0.01180840 0.54509804 0.71372549 0.60000000
v -0.06074919 0.01095854 0.01086973 0.54509804 0.71372549 0.60000000
v 0.02335174 0.00675612 0.01114494 0.54509804 0.71372549 0.60000000
v 0.02568618 0.00671251 0.01111545 0.54509804 0.71372549 0.60000000
v 0.02802062 0.00665644 0.01107860 0.54509804 0.71372549 0.60000000
v 0.03035506 0.00655052 0.01102699 0.54509804 0.71372549 0.60000000
v 0.03035506 0.00771872 0.01025050 0.54509804 0.71372549 0.60000000
v 0.05483612 0.00777480 0.00796770 0.54509804 0.71372549 0.60000000
v -0.06529584 0.00493061 -0.01261434 0.54509804 0.71372549 0.60000000
v -0.06308362 0.00270947 -0.01283058 0.54509804 0.71372549 0.60000000
v -0.06541807 0.00270947 -0.01274703 0.54509804 0.71372549 0.60000000
v -0.06670140 0.00270947 -0.01257502 0.54509804 0.71372549 0.60000000
v -0.06786250 0.00270947 -0.01162406 0.54509804 0.71372549 0.60000000
v -0.06912138 0.00270947 -0.01045686 0.54509804 0.71372549 0.60000000
v 0.05483612 0.00490880 -0.01015953 0.54509804 0.71372549 0.60000000
v 0.05483612 0.00279981 -0.01052321 0.54509804 0.71372549 0.60000000
v 0.05483612 0.00037618 -0.01076893 0.54509804 0.71372549 0.60000000
v 0.02802062 0.00037618 -0.01194105 0.54509804 0.71372549 0.60000000
v 0.02568618 0.00037618 -0.01204179 0.54509804 0.71372549 0.60000000
v 0.02335174 0.00037618 -0.01213026 0.54509804 0.71372549 0.60000000
v -0.06609029 0.00504587 0.01040039 0.54509804 0.71372549 0.60000000
v -0.06491695 0.00504587 0.01125306 0.54509804 0.71372549 0.60000000
v -0.06623696 0.00270947 0.01051342 0.54509804 0.71372549 0.60000000
v -0.06924361 -0.01099122 0.00266493 0.54509804 0.71372549 0.60000000
v -0.06908473 -0.01057690 0.00433095 0.54509804 0.71372549 0.60000000
v -0.06881584 -0.00947100 0.00588886 0.54509804 0.71372549 0.60000000
v -0.06814362 -0.00880123 0.00712486 0.54509804 0.71372549 0.60000000
v -0.06719028 -0.00663304 0.00908821 0.54509804 0.71372549 0.60000000
v -0.06731251 -0.00429664 0.00929216 0.54509804 0.71372549 0.60000000
v -0.06847362 -0.00659255 0.00712486 0.54509804 0.71372549 0.60000000
v -0.06629807 0.00037618 0.01060926 0.54509804 0.71372549 0.60000000
v -0.06912138 0.00037618 -0.01045440 0.54509804 0.71372549 0.60000000
v -0.06953695 -0.00196023 -0.00901445 0.54509804 0.71372549 0.60000000
v -0.06985472 -0.00429664 -0.00667759 0.54509804 0.71372549 0.60000000
v -0.06963472 -0.00663304 -0.00667759 0.54509804 0.71372549 0.60000000
v -0.06967139 -0.00896945 -0.00434073 0.54509804 0.71372549 0.60000000
v -0.06931694 -0.01107845 -0.00200387 0.54509804 0.71372549 0.60000000
v -0.06932916 -0.01117813 0.00032807 0.54509804 0.71372549 0.60000000
v -0.06308362 0.00504587 0.01175926 0.54509804 0.71372549 0.60000000
v -0.06074919 0.00738228 0.01151599 0.54509804 0.71372549 0.60000000
v 0.02101730 0.00270947 0.01216471 0.54509804 0.71372549 0.60000000
v 0.02101730 0.00504587 0.01175926 0.54509804 0.71372549 0.60000000
v 0.02335174 0.00504587 0.01173468 0.54509804 0.71372549 0.60000000
v 0.02802062 0.00504587 0.01163885 0.54509804 0.71372549 0.60000000
v 0.03035506 0.00504587 0.01156759 0.54509804 0.71372549 0.60000000
v 0.03217616 0.00638853 0.01094345 0.54509804 0.71372549 0.60000000
v 0.05483612 0.00660659 0.00870488 0.54509804 0.71372549 0.60000000
v 0.05483612 0.00715799 0.00837806 0.54509804 0.71372549 0.60000000
v -0.06308362 0.00037618 -0.01280600 0.54509804 0.71372549 0.60000000
v 0.02568618 -0.00196023 -0.01212780 0.54509804 0.71372549 0.60000000
v -0.06541807 0.00037618 -0.01272246 0.54509804 0.71372549 0.60000000
v -0.06667695 0.00037618 -0.01256273 0.54509804 0.71372549 0.60000000
v -0.06785028 0.00037618 -0.01162406 0.54509804 0.71372549 0.60000000
v 0.05483612 -0.00072972 -0.01078859 0.54509804 0.71372549 0.60000000
v 0.02802062 -0.00196023 -0.01208848 0.54509804 0.71372549 0.60000000
v -0.06506363 0.00270947 0.01132678 0.54509804 0.71372549 0.60000000
v -0.06879139 -0.01215942 0.00266493 0.54509804 0.71372549 0.60000000
v -0.06841251 -0.01133701 0.00506813 0.54509804 0.71372549 0.60000000
v -0.06712917 -0.01109714 0.00720595 0.54509804 0.71372549 0.60000000
v -0.06662807 -0.01017815 0.00853287 0.54509804 0.71372549 0.60000000
v -0.06686028 -0.00896945 0.00874665 0.54509804 0.71372549 0.60000000
v -0.06541807 -0.00663304 0.01009569 0.54509804 0.71372549 0.60000000
v -0.06540584 -0.00448355 0.01052817 0.54509804 0.71372549 0.60000000
v -0.06613918 -0.00196023 0.01058714 0.54509804 0.71372549 0.60000000
v -0.06512474 0.00037618 0.01131204 0.54509804 0.71372549 0.60000000
v -0.06904806 -0.00196023 -0.01034137 0.54509804 0.71372549 0.60000000
v -0.06896251 -0.00328108 -0.01022588 0.54509804 0.71372549 0.60000000
v -0.06925583 -0.00415334 -0.00907342 0.54509804 0.71372549 0.60000000
v -0.06914584 -0.00663304 -0.00831167 0.54509804 0.71372549 0.60000000
v -0.06901139 -0.00800374 -0.00797994 0.54509804 0.71372549 0.60000000
v -0.06921917 -0.00885730 -0.00658667 0.54509804 0.71372549 0.60000000
v -0.06902362 -0.01034014 -0.00574874 0.54509804 0.71372549 0.60000000
v -0.06919472 -0.01071708 -0.00434073 0.54509804 0.71372549 0.60000000
v -0.06880362 -0.01224665 -0.00200387 0.54509804 0.71372549 0.60000000
v -0.06887695 -0.01234634 0.00032807 0.54509804 0.71372549 0.60000000
v -0.06308362 0.00270947 0.01183298 0.54509804 0.71372549 0.60000000
v 0.02101730 0.00037618 0.01227283 0.54509804 0.71372549 0.60000000
v 0.02802062 0.00270947 0.01203693 0.54509804 0.71372549 0.60000000
v 0.03035506 0.00270947 0.01196567 0.54509804 0.71372549 0.60000000
v 0.05483612 0.00381848 0.00943960 0.54509804 0.71372549 0.60000000
v 0.05483612 0.00504587 0.00917913 0.54509804 0.71372549 0.60000000
v -0.05718031 -0.00320320 -0.01252833 0.54509804 0.71372549 0.60000000
v -0.05841475 -0.00323747 -0.01253079 0.54509804 0.71372549 0.60000000
v -0.05977141 -0.00320008 -0.01252587 0.54509804 0.71372549 0.60000000
v -0.06308362 -0.00171413 -0.01262908 0.54509804 0.71372549 0.60000000
v -0.06541807 -0.00137769 -0.01259222 0.54509804 0.71372549 0.60000000
v 0.02802062 -0.00429664 -0.01190419 0.54509804 0.71372549 0.60000000
v -0.06662807 -0.00089171 -0.01253570 0.54509804 0.71372549 0.60000000
v 0.05483612 -0.00196023 -0.01080333 0.54509804 0.71372549 0.60000000
v 0.05483612 -0.00306613 -0.01080088 0.54509804 0.71372549 0.60000000
v 0.05483612 -0.00429664 -0.01072470 0.54509804 0.71372549 0.60000000
v -0.06761806 -0.01353635 0.00266493 0.54509804 0.71372549 0.60000000
v -0.06720251 -0.01306595 0.00500178 0.54509804 0.71372549 0.60000000
v -0.06677473 -0.01261424 0.00633853 0.54509804 0.71372549 0.60000000
v -0.06541807 -0.01166411 0.00782026 0.54509804 0.71372549 0.60000000
v -0.06541807 -0.01049590 0.00874665 0.54509804 0.71372549 0.60000000
v -0.06541807 -0.00896945 0.00940274 0.54509804 0.71372549 0.60000000
v -0.06401252 -0.00538696 0.01082795 0.54509804 0.71372549 0.60000000
v -0.06461140 -0.00382936 0.01098522 0.54509804 0.71372549 0.60000000
v -0.06496585 -0.00196023 0.01117689 0.54509804 0.71372549 0.60000000
v -0.06308362 0.00037618 0.01176417 0.54509804 0.71372549 0.60000000
v -0.06754473 -0.00178578 -0.01163634 0.54509804 0.71372549 0.60000000
v -0.06788695 -0.00415334 -0.01085739 0.54509804 0.71372549 0.60000000
v -0.06874250 -0.00483868 -0.00989169 0.54509804 0.71372549 0.60000000
v -0.06829028 -0.00663304 -0.00948132 0.54509804 0.71372549 0.60000000
v -0.06670140 -0.00791962 -0.01025782 0.54509804 0.71372549 0.60000000
v -0.06763028 -0.00874204 -0.00884489 0.54509804 0.71372549 0.60000000
v -0.06855917 -0.00956134 -0.00730665 0.54509804 0.71372549 0.60000000
v -0.06774029 -0.01120306 -0.00657193 0.54509804 0.71372549 0.60000000
v -0.06692140 -0.01269835 -0.00583966 0.54509804 0.71372549 0.60000000
v -0.06849806 -0.01188529 -0.00434073 0.54509804 0.71372549 0.60000000
v -0.06764251 -0.01348339 -0.00200387 0.54509804 0.71372549 0.60000000
v -0.06770362 -0.01363292 0.00032807 0.54509804 0.71372549 0.60000000
v 0.02101730 -0.00196023 0.01216716 0.54509804 0.71372549 0.60000000
v 0.02802062 -0.00196023 0.01204921 0.54509804 0.71372549 0.60000000
v 0.02802062 0.00037618 0.01210573 0.54509804 0.71372549 0.60000000
v 0.03035506 0.00037618 0.01195584 0.54509804 0.71372549 0.60000000
v 0.03737060 0.00037618 0.01148159 0.54509804 0.71372549 0.60000000
v 0.05483612 0.00148208 0.00977133 0.54509804 0.71372549 0.60000000
v 0.05483612 0.00270947 0.00962144 0.54509804 0.71372549 0.60000000
v -0.05841475 -0.00440567 -0.01239318 0.54509804 0.71372549 0.60000000
v -0.06308362 -0.00288233 -0.01248902 0.54509804 0.71372549 0.60000000
v -0.06541807 -0.00254589 -0.01241530 0.54509804 0.71372549 0.60000000
v 0.05483612 -0.00542746 -0.01055515 0.54509804 0.71372549 0.60000000
v 0.05483612 -0.00629349 -0.01041263 0.54509804 0.71372549 0.60000000
v 0.03035506 -0.00663304 -0.01115964 0.54509804 0.71372549 0.60000000
v 0.02802062 -0.00663304 -0.01123581 0.54509804 0.71372549 0.60000000
v -0.05841475 -0.00663304 -0.01194350 0.54509804 0.71372549 0.60000000
v -0.06541807 -0.00429664 -0.01198773 0.54509804 0.71372549 0.60000000
v -0.06712917 -0.00663304 -0.01056252 0.54509804 0.71372549 0.60000000
v -0.06651806 -0.01480112 0.00032807 0.54509804 0.71372549 0.60000000
v -0.06561362 -0.01468274 0.00267721 0.54509804 0.71372549 0.60000000
v -0.06541807 -0.01387902 0.00500178 0.54509804 0.71372549 0.60000000
v -0.06541807 -0.01286035 0.00665061 0.54509804 0.71372549 0.60000000
v -0.06308362 -0.01202236 0.00810039 0.54509804 0.71372549 0.60000000
v -0.06308362 -0.01085415 0.00898255 0.54509804 0.71372549 0.60000000
v -0.06308362 -0.00896945 0.00989911 0.54509804 0.71372549 0.60000000
v -0.06318140 -0.00649286 0.01063383 0.54509804 0.71372549 0.60000000
v -0.06246029 -0.00562060 0.01087710 0.54509804 0.71372549 0.60000000
v -0.06318140 -0.00448355 0.01104174 0.54509804 0.71372549 0.60000000
v -0.06308362 -0.00196023 0.01149387 0.54509804 0.71372549 0.60000000
v 0.00465178 -0.00196023 0.01205904 0.54509804 0.71372549 0.60000000
v -0.06541807 -0.00663304 -0.01115226 0.54509804 0.71372549 0.60000000
v -0.06541807 -0.00817196 -0.01041263 0.54509804 0.71372549 0.60000000
v -0.06541807 -0.00934016 -0.00962139 0.54509804 0.71372549 0.60000000
v -0.06699473 -0.01050525 -0.00815195 0.54509804 0.71372549 0.60000000
v -0.06541807 -0.01201301 -0.00734351 0.54509804 0.71372549 0.60000000
v -0.06541807 -0.01296315 -0.00617631 0.54509804 0.71372549 0.60000000
v -0.06541807 -0.01394755 -0.00434073 0.54509804 0.71372549 0.60000000
v -0.06732473 -0.01307218 -0.00434073 0.54509804 0.71372549 0.60000000
v 0.01633620 -0.00429664 0.01182069 0.54509804 0.71372549 0.60000000
v 0.01867064 -0.00429664 0.01183543 0.54509804 0.71372549 0.60000000
v 0.02568618 -0.00429664 0.01180103 0.54509804 0.71372549 0.60000000
v 0.02802062 -0.00429664 0.01175680 0.54509804 0.71372549 0.60000000
v 0.03503616 -0.00196023 0.01158233 0.54509804 0.71372549 0.60000000
v 0.03737060 -0.00196023 0.01141770 0.54509804 0.71372549 0.60000000
v 0.05483612 0.00037618 0.00982785 0.54509804 0.71372549 0.60000000
v -0.06062696 -0.00410661 -0.01235878 0.54509804 0.71372549 0.60000000
v -0.06308362 -0.00429664 -0.01220397 0.54509804 0.71372549 0.60000000
v 0.05483612 -0.00704737 -0.01014724 0.54509804 0.71372549 0.60000000
v 0.03268950 -0.00812523 -0.01042000 0.54509804 0.71372549 0.60000000
v 0.03035506 -0.00818442 -0.01045686 0.54509804 0.71372549 0.60000000
v 0.02802062 -0.00822803 -0.01048389 0.54509804 0.71372549 0.60000000
v -0.05374587 -0.01058001 -0.01049863 0.54509804 0.71372549 0.60000000
v -0.05608031 -0.00896945 -0.01121615 0.54509804 0.71372549 0.60000000
v -0.05841475 -0.00896945 -0.01108837 0.54509804 0.71372549 0.60000000
v -0.06074919 -0.00663304 -0.01178378 0.54509804 0.71372549 0.60000000
v -0.06308362 -0.00663304 -0.01150365 0.54509804 0.71372549 0.60000000
v -0.06563806 -0.01465782 -0.00208251 0.54509804 0.71372549 0.60000000
v -0.06500251 -0.01488835 -0.00135516 0.54509804 0.71372549 0.60000000
v -0.06534473 -0.01492573 0.00032807 0.54509804 0.71372549 0.60000000
v -0.06495362 -0.01488212 0.00190318 0.54509804 0.71372549 0.60000000
v -0.06308362 -0.01468586 0.00315884 0.54509804 0.71372549 0.60000000
v -0.06308362 -0.01408151 0.00500178 0.54509804 0.71372549 0.60000000
v -0.06308362 -0.01303791 0.00693319 0.54509804 0.71372549 0.60000000
v -0.06074919 -0.01213762 0.00819623 0.54509804 0.71372549 0.60000000
v -0.06074919 -0.01096941 0.00901941 0.54509804 0.71372549 0.60000000
v -0.06074919 -0.00896945 0.00995808 0.54509804 0.71372549 0.60000000
v -0.06308362 -0.00851463 -0.01062149 0.54509804 0.71372549 0.60000000
v -0.05982030 -0.01020930 -0.01023816 0.54509804 0.71372549 0.60000000
v -0.06541807 -0.01084481 -0.00845419 0.54509804 0.71372549 0.60000000
v -0.05841475 -0.01038376 -0.01036840 0.54509804 0.71372549 0.60000000
v -0.05841475 -0.01155196 -0.00924789 0.54509804 0.71372549 0.60000000
v -0.06308362 -0.01224976 -0.00759906 0.54509804 0.71372549 0.60000000
v -0.05997919 -0.01255194 -0.00794554 0.54509804 0.71372549 0.60000000
v -0.06308362 -0.01314071 -0.00642941 0.54509804 0.71372549 0.60000000
v -0.06308362 -0.01424973 -0.00434073 0.54509804 0.71372549 0.60000000
v 0.01633620 -0.00624364 0.01124077 0.54509804 0.71372549 0.60000000
v 0.01867064 -0.00624364 0.01123832 0.54509804 0.71372549 0.60000000
v 0.02568618 -0.00611592 0.01120392 0.54509804 0.71372549 0.60000000
v 0.02802062 -0.00606296 0.01117934 0.54509804 0.71372549 0.60000000
v 0.03035506 -0.00590720 0.01108105 0.54509804 0.71372549 0.60000000
v 0.03268950 -0.00572652 0.01098030 0.54509804 0.71372549 0.60000000
v 0.03442505 -0.00557699 0.01090167 0.54509804 0.71372549 0.60000000
v 0.03513393 -0.00448355 0.01113511 0.54509804 0.71372549 0.60000000
v 0.03737060 -0.00391658 0.01106385 0.54509804 0.71372549 0.60000000
v 0.05483612 -0.00196023 0.00956738 0.54509804 0.71372549 0.60000000
v 0.05483612 -0.00740562 -0.00998261 0.54509804 0.71372549 0.60000000
v 0.03035506 -0.00935262 -0.00934618 0.54509804 0.71372549 0.60000000
v 0.02802062 -0.00939623 -0.00940023 0.54509804 0.71372549 0.60000000
v 0.05483612 -0.00867039 -0.00879821 0.54509804 0.71372549 0.60000000
v -0.05374587 -0.01174822 -0.00934372 0.54509804 0.71372549 0.60000000
v -0.05608031 -0.01171706 -0.00934126 0.54509804 0.71372549 0.60000000
v -0.05608031 -0.01054886 -0.01048389 0.54509804 0.71372549 0.60000000
v -0.06065141 -0.00908160 -0.01070504 0.54509804 0.71372549 0.60000000
v -0.06308362 -0.01475128 -0.00276317 0.54509804 0.71372549 0.60000000
v -0.06308362 -0.01491638 -0.00159597 0.54509804 0.71372549 0.60000000
v -0.06308362 -0.01500673 0.00032807 0.54509804 0.71372549 0.60000000
v -0.06308362 -0.01489769 0.00198918 0.54509804 0.71372549 0.60000000
v -0.06074919 -0.01400986 0.00500178 0.54509804 0.71372549 0.60000000
v 0.04437392 -0.01145850 0.00032807 0.54509804 0.71372549 0.60000000
v 0.04437392 -0.01098499 0.00266493 0.54509804 0.71372549 0.60000000
v -0.05841475 -0.01296626 0.00702903 0.54509804 0.71372549 0.60000000
v -0.06074919 -0.01302857 0.00702657 0.54509804 0.71372549 0.60000000
v -0.05841475 -0.01216254 0.00819868 0.54509804 0.71372549 0.60000000
v -0.05841475 -0.01099434 0.00899238 0.54509804 0.71372549 0.60000000
v -0.05841475 -0.01264540 -0.00808069 0.54509804 0.71372549 0.60000000
v -0.06074919 -0.01428400 -0.00434073 0.54509804 0.71372549 0.60000000
v -0.05841475 -0.01336813 -0.00667759 0.54509804 0.71372549 0.60000000
v 0.01867064 -0.00741185 0.01057240 0.54509804 0.71372549 0.60000000
v 0.02568618 -0.00728412 0.01047411 0.54509804 0.71372549 0.60000000
v 0.02802062 -0.00723116 0.01041759 0.54509804 0.71372549 0.60000000
v 0.03035506 -0.00707540 0.01032422 0.54509804 0.71372549 0.60000000
v 0.03268950 -0.00689472 0.01020627 0.54509804 0.71372549 0.60000000
v 0.03597727 -0.00538696 0.01081813 0.54509804 0.71372549 0.60000000
v 0.03513393 -0.00646482 0.01019644 0.54509804 0.71372549 0.60000000
v 0.05483612 -0.00529039 0.00841492 0.54509804 0.71372549 0.60000000
v 0.05483612 -0.00422499 0.00885723 0.54509804 0.71372549 0.60000000
v 0.03035506 -0.01036506 -0.00817652 0.54509804 0.71372549 0.60000000
v 0.02568618 -0.01045229 -0.00828710 0.54509804 0.71372549 0.60000000
v -0.04906477 -0.01269524 -0.00814949 0.54509804 0.71372549 0.60000000
v -0.05139920 -0.01169837 -0.00932652 0.54509804 0.71372549 0.60000000
v 0.05483612 -0.00944608 -0.00735579 0.54509804 0.71372549 0.60000000
v 0.03840948 -0.01013142 -0.00783742 0.54509804 0.71372549 0.60000000
v 0.03268950 -0.01030588 -0.00809297 0.54509804 0.71372549 0.60000000
v -0.05374587 -0.01268589 -0.00817652 0.54509804 0.71372549 0.60000000
v -0.05608031 -0.01269212 -0.00817406 0.54509804 0.71372549 0.60000000
v -0.04906477 -0.01417496 -0.00434073 0.54509804 0.71372549 0.60000000
v -0.04673033 -0.01413758 -0.00434073 0.54509804 0.71372549 0.60000000
v -0.04673033 -0.01453010 -0.00200387 0.54509804 0.71372549 0.60000000
v -0.04673033 -0.01452698 0.00032807 0.54509804 0.71372549 0.60000000
v -0.03271147 -0.01405659 0.00032807 0.54509804 0.71372549 0.60000000
v 0.02979284 -0.01017815 0.00625499 0.54509804 0.71372549 0.60000000
v 0.02802062 -0.01021242 0.00632871 0.54509804 0.71372549 0.60000000
v 0.02568618 -0.01025603 0.00642700 0.54509804 0.71372549 0.60000000
v -0.00001710 -0.01307218 -0.00200387 0.54509804 0.71372549 0.60000000
v 0.04437392 -0.01149277 -0.00200387 0.54509804 0.71372549 0.60000000
v 0.04670836 -0.01134947 -0.00200387 0.54509804 0.71372549 0.60000000
v 0.04670836 -0.01129963 0.00032807 0.54509804 0.71372549 0.60000000
v 0.04691613 -0.01061428 0.00288608 0.54509804 0.71372549 0.60000000
v 0.04437392 -0.01038687 0.00424003 0.54509804 0.71372549 0.60000000
v 0.02568618 -0.00966414 0.00759665 0.54509804 0.71372549 0.60000000
v 0.02568618 -0.00849594 0.00930691 0.54509804 0.71372549 0.60000000
v -0.05608031 -0.01338682 -0.00667759 0.54509804 0.71372549 0.60000000
v -0.04906477 -0.01340551 -0.00667759 0.54509804 0.71372549 0.60000000
v 0.02802062 -0.00842740 0.00925039 0.54509804 0.71372549 0.60000000
v 0.03035506 -0.00836198 0.00915456 0.54509804 0.71372549 0.60000000
v 0.03268950 -0.00827164 0.00903907 0.54509804 0.71372549 0.60000000
v 0.03737060 -0.00799439 0.00872208 0.54509804 0.71372549 0.60000000
v 0.03910615 -0.00788847 0.00859922 0.54509804 0.71372549 0.60000000
v 0.03737060 -0.00663304 0.00978116 0.54509804 0.71372549 0.60000000
v 0.05483612 -0.00652401 0.00729195 0.54509804 0.71372549 0.60000000
v 0.04067059 -0.00775763 0.00846898 0.54509804 0.71372549 0.60000000
v 0.03035506 -0.01106287 -0.00667759 0.54509804 0.71372549 0.60000000
v 0.02335174 -0.01127782 -0.00667759 0.54509804 0.71372549 0.60000000
v -0.04673033 -0.01333697 -0.00667759 0.54509804 0.71372549 0.60000000
v 0.05483612 -0.00977317 -0.00667759 0.54509804 0.71372549 0.60000000
v 0.04437392 -0.01051459 -0.00633603 0.54509804 0.71372549 0.60000000
v 0.03268950 -0.01095072 -0.00667759 0.54509804 0.71372549 0.60000000
v -0.03271147 -0.01376064 -0.00434073 0.54509804 0.71372549 0.60000000
v -0.03271147 -0.01411266 -0.00200387 0.54509804 0.71372549 0.60000000
v 0.03048950 -0.00964545 0.00715680 0.54509804 0.71372549 0.60000000
v 0.02802062 -0.00959561 0.00749836 0.54509804 0.71372549 0.60000000
v 0.03035506 -0.01174510 -0.00434073 0.54509804 0.71372549 0.60000000
v 0.03268950 -0.01165476 -0.00434073 0.54509804 0.71372549 0.60000000
v 0.04437392 -0.01115010 -0.00434073 0.54509804 0.71372549 0.60000000
v 0.05483612 -0.01014388 -0.00290815 0.54509804 0.71372549 0.60000000
v 0.04670836 -0.01099745 -0.00434073 0.54509804 0.71372549 0.60000000
v 0.05483612 -0.01003485 -0.00522043 0.54509804 0.71372549 0.60000000
v 0.05483612 -0.01007535 -0.00493047 0.54509804 0.71372549 0.60000000
v 0.05483612 -0.01014388 -0.00348806 0.54509804 0.71372549 0.60000000
v 0.05483612 -0.01006289 -0.00148539 0.54509804 0.71372549 0.60000000
v 0.05483612 -0.00981367 0.00032807 0.54509804 0.71372549 0.60000000
v 0.05483612 -0.00929966 0.00258384 0.54509804 0.71372549 0.60000000
v 0.04782058 -0.01012831 0.00381247 0.54509804 0.71372549 0.60000000
v 0.04626835 -0.01024980 0.00403116 0.54509804 0.71372549 0.60000000
v 0.04691613 -0.00959872 0.00488629 0.54509804 0.71372549 0.60000000
v 0.04437392 -0.00961118 0.00540969 0.54509804 0.71372549 0.60000000
v 0.03268950 -0.00937443 0.00733864 0.54509804 0.71372549 0.60000000
v 0.04905502 -0.00812523 0.00657935 0.54509804 0.71372549 0.60000000
v 0.05483612 -0.00768910 0.00600680 0.54509804 0.71372549 0.60000000
v 0.04670836 -0.01043048 -0.00619842 0.54509804 0.71372549 0.60000000
v 0.05483612 -0.00833706 0.00492807 0.54509804 0.71372549 0.60000000
f 1 2 7
f 1 7 3
f 1 3 4
f 1 4 5
f 1 5 2
f 2 6 7
f 2 5 8
f 2 8 6
f 3 9 4
f 3 7 10
f 3 10 11
f 3 11 9
f 4 9 12
f 4 12 13
f 4 13 14
f 4 14 15
f 4 15 5
f 5 15 14
f 5 14 16
f 5 16 8
f 6 17 18
f 6 18 7
f 6 8 17
f 7 18 19
f 7 19 20
f 7 20 10
f 8 16 21
f 8 21 22
f 8 22 23
f 8 23 24
f 8 24 17
f 9 11 25
f 9 25 26
f 9 26 27
f 9 27 12
f 10 28 11
f 10 20 28
f 11 28 29
f 11 29 25
f 12 27 30
f 12 30 31
f 12 31 13
f 13 32 55
f 13 55 54
f 13 54 80
f 13 80 114
f 13 114 159
f 13 159 199
f 13 199 198
f 13 198 232
f 13 232 231
f 13 231 271
f 13 271 270
f 13 270 308
f 13 308 348
f 13 348 379
f 13 379 378
f 13 378 413
f 13 413 442
f 13 442 444
f 13 444 435
f 13 435 434
f 13 434 433
f 13 433 428
f 13 428 432
f 13 432 431
f 13 431 430
f 13 430 418
f 13 418 384
f 13 384 352
f 13 352 349
f 13 349 311
f 13 311 276
f 13 276 275
f 13 275 242
f 13 242 241
f 13 241 240
f 13 240 205
f 13 205 168
f 13 168 167
f 13 167 166
f 13 166 128
f 13 128 93
f 13 93 66
f 13 66 40
f 13 40 39
f 13 39 38
f 13 38 22
f 13 22 21
f 13 21 16
f 13 16 14
f 13 31 32
f 17 33 18
f 17 24 33
f 18 34 35
f 18 35 19
f 18 33 36
f 18 36 34
f 19 35 20
f 20 35 37
f 20 37 28
f 22 38 24
f 22 24 23
f 24 38 39
f 24 39 40
f 24 40 41
f 24 41 42
f 24 42 33
f 25 29 43
f 25 43 26
f 26 44 27
f 26 43 45
f 26 45 46
f 26 46 44
f 27 44 30
f 28 37 47
f 28 47 48
f 28 48 29
f 29 48 49
f 29 49 50
f 29 50 43
f 30 44 51
f 30 51 52
f 30 52 53
f 30 53 31
f 31 53 54
f 31 54 55
f 31 55 32
f 33 56 36
f 33 42 56
f 34 36 57
f 34 57 58
f 34 58 35
f 35 58 59
f 35 59 37
f 36 60 57
f 36 56 61
f 36 61 60
f 37 59 58
f 37 58 62
f 37 62 63
f 37 63 64
f 37 64 65
f 37 65 47
f 40 66 67
f 40 67 41
f 41 67 42
f 42 67 68
f 42 68 56
f 43 50 45
f 44 46 69
f 44 69 70
f 44 70 51
f 45 50 71
f 45 71 72
f 45 72 73
f 45 73 69
f 45 69 46
f 47 65 48
f 48 65 74
f 48 74 49
f 49 74 75
f 49 75 50
f 50 75 71
f 51 70 52
f 52 70 76
f 52 76 77
f 52 77 78
f 52 78 53
f 53 78 79
f 53 79 80
f 53 80 54
f 56 68 61
f 57 81 58
f 57 60 81
f 58 81 82
f 58 82 83
f 58 83 84
f 58 84 62
f 60 85 86
f 60 86 82
f 60 82 81
f 60 61 87
f 60 87 85
f 61 68 87
f 62 84 63
f 63 84 83
f 63 83 88
f 63 88 89
f 63 89 90
f 63 90 91
f 63 91 64
f 64 91 65
f 65 92 74
f 65 91 92
f 66 93 67
f 67 94 95
f 67 95 68
f 67 93 94
f 68 95 96
f 68 96 87
f 69 73 70
f 70 97 76
f 70 73 98
f 70 98 97
f 71 75 99
f 71 99 100
f 71 100 101
f 71 101 72
f 72 101 73
f 73 101 98
f 74 92 102
f 74 102 75
f 75 102 103
f 75 103 104
f 75 104 105
f 75 105 106
f 75 106 99
f 76 97 107
f 76 107 108
f 76 108 109
f 76 109 77
f 77 110 111
f 77 111 78
f 77 109 110
f 78 111 112
f 78 112 79
f 79 112 113
f 79 113 80
f 80 113 114
f 82 86 115
f 82 115 116
f 82 116 83
f 83 116 117
f 83 117 88
f 85 118 116
f 85 116 115
f 85 115 86
f 85 87 118
f 87 96 119
f 87 119 118
f 88 117 120
f 88 120 121
f 88 121 89
f 89 122 123
f 89 123 124
f 89 124 90
f 89 121 122
f 90 124 91
f 91 124 123
f 91 123 125
f 91 125 126
f 91 126 92
f 92 126 127
f 92 127 102
f 93 128 94
f 94 129 95
f 94 128 129
f 95 129 130
f 95 130 96
f 96 131 119
f 96 130 132
f 96 132 131
f 97 133 107
f 97 98 101
f 97 101 134
f 97 134 133
f 99 135 100
f 99 106 135
f 100 135 136
f 100 136 137
f 100 137 138
f 100 138 101
f 101 138 139
f 101 139 140
f 101 140 141
f 101 141 142
f 101 142 134
f 102 127 125
f 102 125 143
f 102 143 144
f 102 144 104
f 102 104 103
f 104 145 105
f 104 144 145
f 105 145 146
f 105 146 147
f 105 147 106
f 106 147 135
f 107 148 108
f 107 133 148
f 108 148 149
f 108 149 150
f 108 150 109
f 109 150 110
f 110 150 149
f 110 149 151
f 110 151 152
f 110 152 153
f 110 153 111
f 111 153 154
f 111 154 155
f 111 155 112
f 112 155 156
f 112 156 157
f 112 157 158
f 112 158 113
f 113 158 114
f 114 158 159
f 116 118 119
f 116 119 117
f 117 119 120
f 119 160 120
f 119 131 161
f 119 161 160
f 120 160 162
f 120 162 163
f 120 163 164
f 120 164 122
f 120 122 121
f 122 164 165
f 122 165 125
f 122 125 123
f 125 127 126
f 125 165 143
f 128 166 129
f 129 132 130
f 129 166 167
f 129 167 132
f 131 132 161
f 132 167 168
f 132 168 169
f 132 169 170
f 132 170 171
f 132 171 161
f 133 134 172
f 133 172 173
f 133 173 148
f 134 142 174
f 134 174 172
f 135 147 175
f 135 175 176
f 135 176 136
f 136 176 177
f 136 177 137
f 137 177 178
f 137 178 179
f 137 179 180
f 137 180 181
f 137 181 139
f 137 139 138
f 139 181 180
f 139 180 141
f 139 141 140
f 141 180 182
f 141 182 142
f 142 182 174
f 143 165 183
f 143 183 184
f 143 184 144
f 144 184 185
f 144 185 145
f 145 185 186
f 145 186 187
f 145 187 146
f 146 187 188
f 146 188 189
f 146 189 147
f 147 189 175
f 148 173 190
f 148 190 149
f 149 190 191
f 149 191 151
f 151 191 192
f 151 192 152
f 152 192 193
f 152 193 153
f 153 193 194
f 153 194 154
f 154 194 155
f 155 194 195
f 155 195 156
f 156 195 196
f 156 196 157
f 157 196 197
f 157 197 198
f 157 198 199
f 157 199 158
f 158 199 159
f 160 161 162
f 161 200 202
f 161 202 162
f 161 171 201
f 161 201 200
f 162 202 203
f 162 203 163
f 163 203 204
f 163 204 164
f 164 204 183
f 164 183 165
f 168 205 206
f 168 206 169
f 169 206 170
f 170 206 171
f 171 206 201
f 172 174 173
f 173 174 207
f 173 207 190
f 174 182 207
f 175 189 226
f 175 226 208
f 175 208 176
f 176 208 209
f 176 209 177
f 177 209 210
f 177 210 211
f 177 211 178
f 178 211 212
f 178 212 179
f 179 212 213
f 179 213 214
f 179 214 215
f 179 215 180
f 180 215 182
f 182 215 216
f 182 216 207
f 183 204 217
f 183 217 184
f 184 217 218
f 184 218 219
f 184 219 186
f 184 186 185
f 186 219 220
f 186 220 221
f 186 221 222
f 186 222 187
f 187 222 223
f 187 223 224
f 187 224 188
f 188 224 225
f 188 225 226
f 188 226 189
f 190 207 227
f 190 227 228
f 190 228 192
f 190 192 191
f 192 228 229
f 192 229 194
f 192 194 193
f 194 229 195
f 195 229 230
f 195 230 196
f 196 230 231
f 196 231 232
f 196 232 198
f 196 198 197
f 200 233 234
f 200 234 235
f 200 235 236
f 200 236 237
f 200 237 202
f 200 201 233
f 201 206 238
f 201 238 233
f 202 237 239
f 202 239 203
f 203 239 204
f 204 239 217
f 205 240 206
f 206 240 241
f 206 241 242
f 206 242 238
f 207 216 227
f 208 226 243
f 208 243 244
f 208 244 209
f 209 244 245
f 209 245 210
f 210 245 211
f 211 245 246
f 211 246 247
f 211 247 248
f 211 248 213
f 211 213 212
f 213 248 249
f 213 249 250
f 213 250 214
f 214 250 251
f 214 251 215
f 215 251 216
f 216 251 252
f 216 252 227
f 217 239 253
f 217 253 218
f 218 253 239
f 218 239 254
f 218 254 255
f 218 255 221
f 218 221 220
f 218 220 219
f 221 255 256
f 221 256 257
f 221 257 258
f 221 258 259
f 221 259 223
f 221 223 222
f 223 259 260
f 223 260 261
f 223 261 262
f 223 262 224
f 224 262 225
f 225 262 263
f 225 263 264
f 225 264 226
f 226 264 243
f 227 252 228
f 228 265 266
f 228 266 267
f 228 267 229
f 228 252 265
f 229 267 230
f 230 267 268
f 230 268 269
f 230 269 270
f 230 270 271
f 230 271 231
f 233 272 234
f 233 238 272
f 234 272 235
f 235 272 273
f 235 273 236
f 236 273 237
f 237 274 239
f 237 273 274
f 238 242 275
f 238 275 276
f 238 276 277
f 238 277 278
f 238 278 279
f 238 279 272
f 239 274 280
f 239 280 281
f 239 281 254
f 243 264 282
f 243 282 283
f 243 283 244
f 244 283 284
f 244 284 245
f 245 284 285
f 245 285 246
f 246 285 286
f 246 286 247
f 247 286 287
f 247 287 288
f 247 288 248
f 248 288 249
f 249 288 289
f 249 289 290
f 249 290 291
f 249 291 292
f 249 292 250
f 250 292 251
f 251 292 252
f 252 292 293
f 252 293 265
f 254 281 255
f 255 281 256
f 256 281 257
f 257 280 294
f 257 294 295
f 257 295 296
f 257 296 297
f 257 297 258
f 257 281 280
f 258 297 259
f 259 297 260
f 260 297 261
f 261 297 298
f 261 298 299
f 261 299 300
f 261 300 301
f 261 301 262
f 262 301 263
f 263 301 282
f 263 282 264
f 265 293 302
f 265 302 303
f 265 303 304
f 265 304 266
f 266 304 305
f 266 305 306
f 266 306 268
f 266 268 267
f 268 306 269
f 269 306 307
f 269 307 308
f 269 308 270
f 272 279 309
f 272 309 273
f 273 310 274
f 273 309 310
f 274 310 280
f 276 311 277
f 277 312 278
f 277 311 312
f 278 312 313
f 278 313 314
f 278 314 315
f 278 315 316
f 278 316 279
f 279 316 317
f 279 317 318
f 279 318 310
f 279 310 309
f 280 310 318
f 280 318 319
f 280 319 294
f 282 320 321
f 282 321 322
f 282 322 323
f 282 323 283
f 282 301 320
f 283 323 324
f 283 324 325
f 283 325 284
f 284 325 326
f 284 326 285
f 285 326 286
f 286 326 327
f 286 327 287
f 287 327 328
f 287 328 288
f 288 328 329
f 288 329 289
f 289 329 302
f 289 302 290
f 290 292 291
f 290 302 292
f 292 302 293
f 294 319 330
f 294 330 295
f 295 330 331
f 295 331 296
f 296 332 297
f 296 331 332
f 297 332 298
f 298 332 331
f 298 331 333
f 298 333 334
f 298 334 335
f 298 335 299
f 299 335 336
f 299 336 337
f 299 337 300
f 300 320 301
f 300 337 338
f 300 338 320
f 302 329 303
f 303 329 339
f 303 339 340
f 303 340 304
f 304 341 342
f 304 342 305
f 304 340 341
f 305 342 343
f 305 343 344
f 305 344 345
f 305 345 346
f 305 346 347
f 305 347 307
f 305 307 306
f 307 347 348
f 307 348 308
f 311 349 312
f 312 350 351
f 312 351 313
f 312 349 352
f 312 352 350
f 313 351 314
f 314 351 315
f 315 353 354
f 315 354 355
f 315 355 316
f 315 351 353
f 316 355 317
f 317 333 356
f 317 356 330
f 317 330 319
f 317 319 318
f 317 355 333
f 320 338 357
f 320 357 321
f 321 357 358
f 321 358 359
f 321 359 322
f 322 359 323
f 323 359 360
f 323 360 324
f 324 361 325
f 324 360 362
f 324 362 363
f 324 363 361
f 325 361 364
f 325 364 365
f 325 365 326
f 326 365 327
f 327 365 366
f 327 366 328
f 328 366 367
f 328 367 340
f 328 340 339
f 328 339 329
f 330 356 333
f 330 333 331
f 333 355 334
f 334 355 354
f 334 354 368
f 334 368 336
f 334 336 335
f 336 368 337
f 337 368 338
f 338 369 357
f 338 368 370
f 338 370 369
f 340 367 371
f 340 371 341
f 341 371 342
f 342 371 372
f 342 372 373
f 342 373 374
f 342 374 343
f 343 374 344
f 344 375 345
f 344 374 375
f 345 376 346
f 345 375 377
f 345 377 378
f 345 378 376
f 346 376 347
f 347 376 348
f 348 376 379
f 350 380 381
f 350 381 351
f 350 352 380
f 351 381 382
f 351 382 383
f 351 383 353
f 352 384 385
f 352 385 386
f 352 386 380
f 353 383 382
f 353 382 387
f 353 387 388
f 353 388 354
f 354 388 368
f 357 369 389
f 357 389 390
f 357 390 391
f 357 391 358
f 358 391 359
f 359 391 392
f 359 392 360
f 360 392 393
f 360 393 362
f 361 363 394
f 361 394 395
f 361 395 396
f 361 396 364
f 362 397 398
f 362 398 399
f 362 399 400
f 362 400 363
f 362 393 397
f 363 400 401
f 363 401 402
f 363 402 394
f 364 366 365
f 364 396 403
f 364 403 404
f 364 404 366
f 366 404 371
f 366 371 367
f 368 388 370
f 369 370 405
f 369 405 406
f 369 406 389
f 370 388 405
f 371 404 372
f 372 404 373
f 373 407 408
f 373 408 409
f 373 409 374
f 373 404 407
f 374 409 375
f 375 410 411
f 375 411 412
f 375 412 377
f 375 409 410
f 376 378 379
f 377 412 378
f 378 412 411
f 378 411 414
f 378 414 413
f 380 386 415
f 380 415 416
f 380 416 381
f 381 416 417
f 381 417 406
f 381 406 382
f 382 406 388
f 382 388 387
f 384 418 385
f 385 418 419
f 385 419 386
f 386 419 420
f 386 420 415
f 388 406 405
f 389 406 390
f 390 406 421
f 390 421 391
f 391 422 392
f 391 421 422
f 392 422 397
f 392 397 393
f 394 423 424
f 394 424 403
f 394 403 395
f 394 402 423
f 395 403 396
f 397 425 398
f 397 422 421
f 397 421 425
f 398 425 426
f 398 426 427
f 398 427 399
f 399 428 400
f 399 427 429
f 399 429 430
f 399 430 431
f 399 431 432
f 399 432 428
f 400 428 433
f 400 433 434
f 400 434 435
f 400 435 401
f 401 436 437
f 401 437 402
f 401 435 436
f 402 437 438
f 402 438 439
f 402 439 409
f 402 409 440
f 402 440 423
f 403 424 408
f 403 408 407
f 403 407 404
f 406 417 421
f 408 423 440
f 408 440 409
f 408 424 423
f 409 439 410
f 410 439 411
f 411 439 441
f 411 441 414
f 413 441 442
f 413 414 441
f 415 420 419
f 415 419 427
f 415 427 426
f 415 426 425
f 415 425 421
f 415 421 416
f 416 421 417
f 418 430 429
f 418 429 427
f 418 427 443
f 418 443 419
f 419 443 427
f 435 444 436
f 436 444 437
f 437 444 442
f 437 442 438
f 438 442 439
f 439 442 441

o geometry_1
v 0.08878653 0.02363115 0.00716049 0.54117647 0.42352941 0.64313725
v 0.08644102 0.02307395 -0.00901435 0.54117647 0.42352941 0.64313725
v 0.07943693 0.02316832 -0.00667774 0.54117647 0.42352941 0.64313725
v 0.08644102 0.02360419 0.00716049 0.54117647 0.42352941 0.64313725
v 0.10534560 0.02336603 0.00716049 0.54117647 0.42352941 0.64313725
v 0.09266689 0.02265156 -0.01029468 0.54117647 0.42352941 0.64313725
v 0.08878653 0.02270997 -0.01036296 0.54117647 0.42352941 0.64313725
v 0.08644102 0.02273244 -0.01039497 0.54117647 0.42352941 0.64313725
v 0.08177162 0.02306497 -0.00901435 0.54117647 0.42352941 0.64313725
v 0.11668403 0.02314136 0.00716049 0.54117647 0.42352941 0.64313725
v 0.13783683 0.02133494 -0.00901435 0.54117647 0.42352941 0.64313725
v 0.07943693 0.02303351 -0.00901435 0.54117647 0.42352941 0.64313725
v 0.07710223 0.02308294 -0.00667774 0.54117647 0.42352941 0.64313725
v 0.08177162 0.02337951 0.00716049 0.54117647 0.42352941 0.64313725
v 0.14484093 0.02050813 -0.01052514 0.54117647 0.42352941 0.64313725
v 0.14017153 0.02063395 -0.01065744 0.54117647 0.42352941 0.64313725
v 0.13783683 0.02070584 -0.01070012 0.54117647 0.42352941 0.64313725
v 0.11914842 0.02104286 -0.01106928 0.54117647 0.42352941 0.64313725
v 0.11681373 0.02106533 -0.01112476 0.54117647 0.42352941 0.64313725
v 0.11213352 0.01998238 -0.01237948 0.54117647 0.42352941 0.64313725
v 0.10980963 0.02000485 -0.01240509 0.54117647 0.42352941 0.64313725
v 0.08644102 0.02140235 -0.01153020 0.54117647 0.42352941 0.64313725
v 0.07943693 0.02140235 -0.01137442 0.54117647 0.42352941 0.64313725
v 0.07576193 0.02260662 -0.01022853 0.54117647 0.42352941 0.64313725
v 0.11914842 0.02303351 0.00716049 0.54117647 0.42352941 0.64313725
v 0.14017153 0.02121362 -0.00901435 0.54117647 0.42352941 0.64313725
v 0.15126134 0.02030592 -0.01026694 0.54117647 0.42352941 0.64313725
v 0.14952113 0.02036433 -0.01034376 0.54117647 0.42352941 0.64313725
v 0.14718643 0.02044072 -0.01043978 0.54117647 0.42352941 0.64313725
v 0.07710223 0.02294813 -0.00901435 0.54117647 0.42352941 0.64313725
v 0.07489723 0.02275042 -0.00894820 0.54117647 0.42352941 0.64313725
v 0.07335157 0.02263808 -0.00812452 0.54117647 0.42352941 0.64313725
v 0.07335157 0.02263808 -0.00739046 0.54117647 0.42352941 0.64313725
v 0.07943693 0.02313237 0.00716049 0.54117647 0.42352941 0.64313725
v 0.14718643 0.01906569 -0.01153020 0.54117647 0.42352941 0.64313725
v 0.14484093 0.01906569 -0.01166463 0.54117647 0.42352941 0.64313725
v 0.11446822 0.01992397 -0.01234321 0.54117647 0.42352941 0.64313725
v 0.11446822 0.01875564 -0.01287455 0.54117647 0.42352941 0.64313725
v 0.11213352 0.01881405 -0.01289375 0.54117647 0.42352941 0.64313725
v 0.09345593 0.02012168 -0.01247978 0.54117647 0.42352941 0.64313725
v 0.08644102 0.02013067 -0.01248618 0.54117647 0.42352941 0.64313725
v 0.08410633 0.02013067 -0.01247978 0.54117647 0.42352941 0.64313725
v 0.07943693 0.02006776 -0.01246057 0.54117647 0.42352941 0.64313725
v 0.07710223 0.02140235 -0.01129974 0.54117647 0.42352941 0.64313725
v 0.07710223 0.01998238 -0.01242856 0.54117647 0.42352941 0.64313725
v 0.07489723 0.02153266 -0.01096472 0.54117647 0.42352941 0.64313725
v 0.07242202 0.02093951 -0.01084309 0.54117647 0.42352941 0.64313725
v 0.07067100 0.02056205 -0.01049953 0.54117647 0.42352941 0.64313725
v 0.07420547 0.02239992 -0.00968226 0.54117647 0.42352941 0.64313725
v 0.12786031 0.02239542 0.00716049 0.54117647 0.42352941 0.64313725
v 0.15774663 0.02024301 -0.00778096 0.54117647 0.42352941 0.64313725
v 0.15774663 0.02024301 -0.00788979 0.54117647 0.42352941 0.64313725
v 0.15652523 0.02031041 -0.00821414 0.54117647 0.42352941 0.64313725
v 0.14952113 0.02069686 -0.00901435 0.54117647 0.42352941 0.64313725
v 0.14484093 0.02096198 -0.00901435 0.54117647 0.42352941 0.64313725
v 0.15196392 0.02048566 -0.00917652 0.54117647 0.42352941 0.64313725
v 0.15419053 0.02013067 -0.00984443 0.54117647 0.42352941 0.64313725
v 0.15281782 0.02020256 -0.01006209 0.54117647 0.42352941 0.64313725
v 0.16120544 0.01840514 -0.01059769 0.54117647 0.42352941 0.64313725
v 0.15885993 0.01863431 -0.01077480 0.54117647 0.42352941 0.64313725
v 0.15652523 0.01884102 -0.01089003 0.54117647 0.42352941 0.64313725
v 0.15196392 0.01928138 -0.01098392 0.54117647 0.42352941 0.64313725
v 0.14952113 0.01906569 -0.01136162 0.54117647 0.42352941 0.64313725
v 0.07251930 0.02210334 -0.00894820 0.54117647 0.42352941 0.64313725
v 0.06996842 0.02092154 -0.00909544 0.54117647 0.42352941 0.64313725
v 0.06861733 0.02043623 -0.00837205 0.54117647 0.42352941 0.64313725
v 0.07008732 0.02136640 -0.00667774 0.54117647 0.42352941 0.64313725
v 0.07251930 0.02228758 -0.00663934 0.54117647 0.42352941 0.64313725
v 0.07242202 0.02160905 0.00266653 0.54117647 0.42352941 0.64313725
v 0.07498370 0.02223366 0.00481535 0.54117647 0.42352941 0.64313725
v 0.07590245 0.02257517 0.00391059 0.54117647 0.42352941 0.64313725
v 0.07752377 0.02275491 0.00716049 0.54117647 0.42352941 0.64313725
v 0.14484093 0.01775807 -0.01249258 0.54117647 0.42352941 0.64313725
v 0.14250623 0.01787040 -0.01251392 0.54117647 0.42352941 0.64313725
v 0.11213352 0.01672904 -0.01352965 0.54117647 0.42352941 0.64313725
v 0.08410633 0.01896234 -0.01286601 0.54117647 0.42352941 0.64313725
v 0.08177162 0.01892639 -0.01285321 0.54117647 0.42352941 0.64313725
v 0.07943693 0.01889943 -0.01282120 0.54117647 0.42352941 0.64313725
v 0.07710223 0.01881405 -0.01280199 0.54117647 0.42352941 0.64313725
v 0.07476753 0.01849950 -0.01271664 0.54117647 0.42352941 0.64313725
v 0.07476753 0.01966783 -0.01229413 0.54117647 0.42352941 0.64313725
v 0.07233555 0.01898031 -0.01208928 0.54117647 0.42352941 0.64313725
v 0.06996842 0.01920949 -0.01108208 0.54117647 0.42352941 0.64313725
v 0.06815254 0.01853096 -0.01062543 0.54117647 0.42352941 0.64313725
v 0.06911453 0.02008573 -0.00992979 0.54117647 0.42352941 0.64313725
v 0.14484093 0.02093052 0.00716049 0.54117647 0.42352941 0.64313725
v 0.15041827 0.02043623 0.00716049 0.54117647 0.42352941 0.64313725
v 0.15185583 0.02029244 0.00716049 0.54117647 0.42352941 0.64313725
v 0.15640633 0.01981162 0.00716049 0.54117647 0.42352941 0.64313725
v 0.15675221 0.01975770 0.00716049 0.54117647 0.42352941 0.64313725
v 0.16120544 0.01954650 -0.00667774 0.54117647 0.42352941 0.64313725
v 0.16120544 0.01928588 -0.00901435 0.54117647 0.42352941 0.64313725
v 0.15866537 0.01982061 -0.00880736 0.54117647 0.42352941 0.64313725
v 0.15652523 0.02000934 -0.00938351 0.54117647 0.42352941 0.64313725
v 0.16278352 0.01817597 -0.01039497 0.54117647 0.42352941 0.64313725
v 0.16120544 0.01672904 -0.01137016 0.54117647 0.42352941 0.64313725
v 0.15885993 0.01672904 -0.01172865 0.54117647 0.42352941 0.64313725
v 0.15652523 0.01672904 -0.01198045 0.54117647 0.42352941 0.64313725
v 0.14718643 0.01749744 -0.01244137 0.54117647 0.42352941 0.64313725
v 0.06848762 0.02051262 -0.00667774 0.54117647 0.42352941 0.64313725
v 0.05484692 0.01064026 -0.00601411 0.54117647 0.42352941 0.64313725
v 0.05484692 0.01123341 -0.00429420 0.54117647 0.42352941 0.64313725
v 0.05484692 0.01165580 -0.00200667 0.54117647 0.42352941 0.64313725
v 0.07038997 0.02069686 0.00266653 0.54117647 0.42352941 0.64313725
v 0.07242202 0.02130798 0.00500314 0.54117647 0.42352941 0.64313725
v 0.07637804 0.02244036 0.00716049 0.54117647 0.42352941 0.64313725
v 0.07743730 0.02273244 0.00716049 0.54117647 0.42352941 0.64313725
v 0.15348796 0.01562362 -0.01253312 0.54117647 0.42352941 0.64313725
v 0.14718643 0.01632911 -0.01265262 0.54117647 0.42352941 0.64313725
v 0.14484093 0.01658974 -0.01269743 0.54117647 0.42352941 0.64313725
v 0.12848722 0.01672904 -0.01311568 0.54117647 0.42352941 0.64313725
v 0.11446822 0.01672904 -0.01347630 0.54117647 0.42352941 0.64313725
v 0.11213352 0.01439238 -0.01382199 0.54117647 0.42352941 0.64313725
v 0.09812533 0.01439238 -0.01380919 0.54117647 0.42352941 0.64313725
v 0.08177162 0.01439238 -0.01375371 0.54117647 0.42352941 0.64313725
v 0.08177162 0.01672904 -0.01341869 0.54117647 0.42352941 0.64313725
v 0.11446822 0.01439238 -0.01380705 0.54117647 0.42352941 0.64313725
v 0.07710223 0.01672904 -0.01334827 0.54117647 0.42352941 0.64313725
v 0.07476753 0.01672904 -0.01320530 0.54117647 0.42352941 0.64313725
v 0.07304893 0.01814451 -0.01260354 0.54117647 0.42352941 0.64313725
v 0.07149246 0.01773560 -0.01247978 0.54117647 0.42352941 0.64313725
v 0.06994680 0.01686385 -0.01227279 0.54117647 0.42352941 0.64313725
v 0.06752564 0.01695372 -0.01111836 0.54117647 0.42352941 0.64313725
v 0.06659608 0.01788388 -0.01016665 0.54117647 0.42352941 0.64313725
v 0.15885993 0.01929486 0.00716049 0.54117647 0.42352941 0.64313725
v 0.15904368 0.01923195 0.00716049 0.54117647 0.42352941 0.64313725
v 0.16354014 0.01873766 -0.00667774 0.54117647 0.42352941 0.64313725
v 0.16355094 0.01843659 -0.00894180 0.54117647 0.42352941 0.64313725
v 0.16479395 0.01800521 -0.00811385 0.54117647 0.42352941 0.64313725
v 0.16440484 0.01672904 -0.00972707 0.54117647 0.42352941 0.64313725
v 0.16323749 0.01672904 -0.01067238 0.54117647 0.42352941 0.64313725
v 0.16120544 0.01439238 -0.01191003 0.54117647 0.42352941 0.64313725
v 0.15885993 0.01439238 -0.01217036 0.54117647 0.42352941 0.64313725
v 0.15423377 0.01653132 -0.01223651 0.54117647 0.42352941 0.64313725
v 0.15185583 0.01690429 -0.01228986 0.54117647 0.42352941 0.64313725
v 0.06904967 0.02016212 0.00032993 0.54117647 0.42352941 0.64313725
v 0.05484692 0.01172770 0.00032993 0.54117647 0.42352941 0.64313725
v 0.05484692 0.01021337 -0.00670335 0.54117647 0.42352941 0.64313725
v 0.06922262 0.02003630 0.00266653 0.54117647 0.42352941 0.64313725
v 0.07075746 0.02051712 0.00500314 0.54117647 0.42352941 0.64313725
v 0.07477834 0.02186069 0.00716049 0.54117647 0.42352941 0.64313725
v 0.07108173 0.02033288 0.00649685 0.54117647 0.42352941 0.64313725
v 0.07234636 0.02078223 0.00716049 0.54117647 0.42352941 0.64313725
v 0.15185583 0.01205573 -0.01283400 0.54117647 0.42352941 0.64313725
v 0.14718643 0.01439238 -0.01285321 0.54117647 0.42352941 0.64313725
v 0.16164860 0.01053241 -0.01250325 0.54117647 0.42352941 0.64313725
v 0.13083273 0.01439238 -0.01334827 0.54117647 0.42352941 0.64313725
v 0.10514023 0.00971908 -0.01428291 0.54117647 0.42352941 0.64313725
v 0.10280553 0.00971908 -0.01427011 0.54117647 0.42352941 0.64313725
v 0.09812533 0.00504577 -0.01463927 0.54117647 0.42352941 0.64313725
v 0.07476753 0.01205573 -0.01384333 0.54117647 0.42352941 0.64313725
v 0.07710223 0.01439238 -0.01369182 0.54117647 0.42352941 0.64313725
v 0.11681373 0.01205573 -0.01389027 0.54117647 0.42352941 0.64313725
v 0.10980963 0.00738242 -0.01435119 0.54117647 0.42352941 0.64313725
v 0.07476753 0.01439238 -0.01364701 0.54117647 0.42352941 0.64313725
v 0.07242202 0.01439238 -0.01336961 0.54117647 0.42352941 0.64313725
v 0.07233555 0.01686385 -0.01282547 0.54117647 0.42352941 0.64313725
v 0.07063857 0.01617633 -0.01265476 0.54117647 0.42352941 0.64313725
v 0.06907130 0.01536749 -0.01248404 0.54117647 0.42352941 0.64313725
v 0.05484692 0.00735546 -0.00931736 0.54117647 0.42352941 0.64313725
v 0.05484692 0.00813285 -0.00885004 0.54117647 0.42352941 0.64313725
v 0.05484692 0.00902707 -0.00827816 0.54117647 0.42352941 0.64313725
v 0.05484692 0.00961123 -0.00751423 0.54117647 0.42352941 0.64313725
v 0.16132434 0.01836919 0.00716049 0.54117647 0.42352941 0.64313725
v 0.16475073 0.01794679 -0.00541662 0.54117647 0.42352941 0.64313725
v 0.16480476 0.01801420 -0.00667774 0.54117647 0.42352941 0.64313725
v 0.16499933 0.01672904 -0.00667774 0.54117647 0.42352941 0.64313725
v 0.16489123 0.01672904 -0.00855770 0.54117647 0.42352941 0.64313725
v 0.16466425 0.01540344 -0.01008556 0.54117647 0.42352941 0.64313725
v 0.16374550 0.01453168 -0.01087296 0.54117647 0.42352941 0.64313725
v 0.16240521 0.00897764 -0.01253526 0.54117647 0.42352941 0.64313725
v 0.05484692 0.01134575 0.00271348 0.54117647 0.42352941 0.64313725
v 0.07035754 0.01953302 0.00716049 0.54117647 0.42352941 0.64313725
v 0.07211937 0.02067439 0.00716049 0.54117647 0.42352941 0.64313725
v 0.05484692 0.01092784 0.00391912 0.54117647 0.42352941 0.64313725
v 0.05484692 0.01063127 0.00456996 0.54117647 0.42352941 0.64313725
v 0.15185583 0.00971908 -0.01294070 0.54117647 0.42352941 0.64313725
v 0.14952113 0.01205573 -0.01291509 0.54117647 0.42352941 0.64313725
v 0.16100007 0.00974154 -0.01256727 0.54117647 0.42352941 0.64313725
v 0.10747493 0.00738242 -0.01438320 0.54117647 0.42352941 0.64313725
v 0.11446822 0.00504577 -0.01426797 0.54117647 0.42352941 0.64313725
v 0.10280553 0.00270911 -0.01452190 0.54117647 0.42352941 0.64313725
v 0.10046002 0.00270911 -0.01457098 0.54117647 0.42352941 0.64313725
v 0.08644102 -0.00429636 -0.01447282 0.54117647 0.42352941 0.64313725
v 0.08644102 0.00270911 -0.01444295 0.54117647 0.42352941 0.64313725
v 0.07943693 0.00738242 -0.01421889 0.54117647 0.42352941 0.64313725
v 0.07242202 0.00971908 -0.01383906 0.54117647 0.42352941 0.64313725
v 0.07242202 0.01205573 -0.01368755 0.54117647 0.42352941 0.64313725
v 0.07008732 0.01205573 -0.01323517 0.54117647 0.42352941 0.64313725
v 0.06994680 0.01450922 -0.01283400 0.54117647 0.42352941 0.64313725
v 0.06857409 0.01380822 -0.01262061 0.54117647 0.42352941 0.64313725
v 0.05484692 0.00491096 -0.01016024 0.54117647 0.42352941 0.64313725
v 0.05484692 0.00540076 -0.01002368 0.54117647 0.42352941 0.64313725
v 0.16161617 0.01814900 0.00716049 0.54117647 0.42352941 0.64313725
v 0.16386440 0.01457213 0.00716049 0.54117647 0.42352941 0.64313725
v 0.16392925 0.01439238 0.00716049 0.54117647 0.42352941 0.64313725
v 0.16417786 0.01205573 0.00716049 0.54117647 0.42352941 0.64313725
v 0.16268625 0.01716492 0.00716049 0.54117647 0.42352941 0.64313725
v 0.16295646 0.01686385 0.00716049 0.54117647 0.42352941 0.64313725
v 0.16516146 0.01439238 -0.00667774 0.54117647 0.42352941 0.64313725
v 0.16498852 0.01453168 -0.00918933 0.54117647 0.42352941 0.64313725
v 0.16480476 0.01384417 -0.01029681 0.54117647 0.42352941 0.64313725
v 0.16240521 0.00738242 -0.01253526 0.54117647 0.42352941 0.64313725
v 0.16120544 0.00738242 -0.01264408 0.54117647 0.42352941 0.64313725
v 0.16332396 0.00974154 -0.01170304 0.54117647 0.42352941 0.64313725
v 0.05484692 0.01034818 0.00508636 0.54117647 0.42352941 0.64313725
v 0.05484692 0.00968762 0.00609568 0.54117647 0.42352941 0.64313725
v 0.05484692 0.00913491 0.00679987 0.54117647 0.42352941 0.64313725
v 0.05484692 0.00871252 0.00716049 0.54117647 0.42352941 0.64313725
v 0.15185583 0.00270911 -0.01300471 0.54117647 0.42352941 0.64313725
v 0.11914842 0.00270911 -0.01411220 0.54117647 0.42352941 0.64313725
v 0.11681373 0.00270911 -0.01418048 0.54117647 0.42352941 0.64313725
v 0.10747493 0.00037695 -0.01434692 0.54117647 0.42352941 0.64313725
v 0.09579063 -0.00896966 -0.01427224 0.54117647 0.42352941 0.64313725
v 0.09112123 -0.00663301 -0.01437680 0.54117647 0.42352941 0.64313725
v 0.08878653 -0.00663301 -0.01437680 0.54117647 0.42352941 0.64313725
v 0.08644102 -0.00663301 -0.01432559 0.54117647 0.42352941 0.64313725
v 0.08410633 -0.00429636 -0.01437680 0.54117647 0.42352941 0.64313725
v 0.07943693 0.00504577 -0.01425303 0.54117647 0.42352941 0.64313725
v 0.07242202 0.00738242 -0.01390948 0.54117647 0.42352941 0.64313725
v 0.07008732 0.00504577 -0.01369609 0.54117647 0.42352941 0.64313725
v 0.07008732 0.00738242 -0.01361927 0.54117647 0.42352941 0.64313725
v 0.07008732 0.00971908 -0.01345710 0.54117647 0.42352941 0.64313725
v 0.05484692 0.00037695 -0.01077054 0.54117647 0.42352941 0.64313725
v 0.05484692 0.00279898 -0.01052300 0.54117647 0.42352941 0.64313725
v 0.06660689 0.01083348 -0.01251392 0.54117647 0.42352941 0.64313725
v 0.06808769 0.01205573 -0.01274011 0.54117647 0.42352941 0.64313725
v 0.16419948 0.00989882 0.00716049 0.54117647 0.42352941 0.64313725
v 0.16525873 0.01205573 -0.00667774 0.54117647 0.42352941 0.64313725
v 0.16515065 0.01205573 -0.00901435 0.54117647 0.42352941 0.64313725
v 0.16480476 0.01205573 -0.01031815 0.54117647 0.42352941 0.64313725
v 0.16238360 0.00609726 -0.01252459 0.54117647 0.42352941 0.64313725
v 0.16357256 0.00738242 -0.01147258 0.54117647 0.42352941 0.64313725
v 0.16128110 0.00520754 -0.01261421 0.54117647 0.42352941 0.64313725
v 0.15885993 0.00037695 -0.01270810 0.54117647 0.42352941 0.64313725
v 0.15885993 0.00270911 -0.01273371 0.54117647 0.42352941 0.64313725
v 0.15885993 0.00504577 -0.01274225 0.54117647 0.42352941 0.64313725
v 0.16480476 0.00971908 -0.01034162 0.54117647 0.42352941 0.64313725
v 0.05484692 -0.00664200 0.00716049 0.54117647 0.42352941 0.64313725
v 0.15652523 0.00037695 -0.01280413 0.54117647 0.42352941 0.64313725
v 0.15419053 -0.00663301 -0.01272731 0.54117647 0.42352941 0.64313725
v 0.15163966 -0.01363848 -0.01255233 0.54117647 0.42352941 0.64313725
v 0.15227737 -0.01441137 -0.01250538 0.54117647 0.42352941 0.64313725
v 0.09812533 -0.01130632 -0.01397776 0.54117647 0.42352941 0.64313725
v 0.09579063 -0.01130632 -0.01396923 0.54117647 0.42352941 0.64313725
v 0.09345593 -0.00896966 -0.01424450 0.54117647 0.42352941 0.64313725
v 0.15072091 -0.01481130 -0.01252032 0.54117647 0.42352941 0.64313725
v 0.09112123 -0.00896966 -0.01420822 0.54117647 0.42352941 0.64313725
v 0.08177162 -0.01130632 -0.01364061 0.54117647 0.42352941 0.64313725
v 0.07943693 -0.01130632 -0.01352538 0.54117647 0.42352941 0.64313725
v 0.07476753 -0.00896966 -0.01349764 0.54117647 0.42352941 0.64313725
v 0.07476753 -0.00663301 -0.01366408 0.54117647 0.42352941 0.64313725
v 0.07242202 0.00270911 -0.01384760 0.54117647 0.42352941 0.64313725
v 0.07242202 0.00504577 -0.01392015 0.54117647 0.42352941 0.64313725
v 0.07008732 0.00270911 -0.01360433 0.54117647 0.42352941 0.64313725
v 0.05484692 -0.00306512 -0.01080254 0.54117647 0.42352941 0.64313725
v 0.05484692 -0.00195970 -0.01080254 0.54117647 0.42352941 0.64313725
v 0.05484692 -0.00072846 -0.01078974 0.54117647 0.42352941 0.64313725
v 0.16419948 0.00971908 0.00716049 0.54117647 0.42352941 0.64313725
v 0.16520469 0.00971908 -0.00667774 0.54117647 0.42352941 0.64313725
v 0.16512904 0.00971908 -0.00901435 0.54117647 0.42352941 0.64313725
v 0.16269705 -0.01364297 -0.01046112 0.54117647 0.42352941 0.64313725
v 0.16191882 0.00270911 -0.01244563 0.54117647 0.42352941 0.64313725
v 0.16020022 -0.00145642 -0.01255873 0.54117647 0.42352941 0.64313725
v 0.16049205 0.00037695 -0.01258861 0.54117647 0.42352941 0.64313725
v 0.16075147 0.00270911 -0.01261421 0.54117647 0.42352941 0.64313725
v 0.16470748 0.00387295 -0.01018372 0.54117647 0.42352941 0.64313725
v 0.16368065 0.00293829 -0.01105861 0.54117647 0.42352941 0.64313725
v 0.16331316 0.00037695 -0.01117597 0.54117647 0.42352941 0.64313725
v 0.16478315 0.00738242 -0.01030322 0.54117647 0.42352941 0.64313725
v 0.15902206 -0.00212596 -0.01260781 0.54117647 0.42352941 0.64313725
v 0.05484692 -0.00768900 0.00600606 0.54117647 0.42352941 0.64313725
v 0.07535120 -0.01744453 0.00716049 0.54117647 0.42352941 0.64313725
v 0.15614693 -0.00663301 -0.01260141 0.54117647 0.42352941 0.64313725
v 0.15310965 -0.01285660 -0.01253099 0.54117647 0.42352941 0.64313725
v 0.15400678 -0.01363848 -0.01237095 0.54117647 0.42352941 0.64313725
v 0.15885993 -0.01597963 -0.01121865 0.54117647 0.42352941 0.64313725
v 0.15419053 -0.01597963 -0.01192923 0.54117647 0.42352941 0.64313725
v 0.15163966 -0.01574596 -0.01221091 0.54117647 0.42352941 0.64313725
v 0.10514023 -0.01364297 -0.01348484 0.54117647 0.42352941 0.64313725
v 0.10280553 -0.01364297 -0.01348910 0.54117647 0.42352941 0.64313725
v 0.08878653 -0.01364297 -0.01342295 0.54117647 0.42352941 0.64313725
v 0.08878653 -0.01130632 -0.01380705 0.54117647 0.42352941 0.64313725
v 0.10980963 -0.01562463 -0.01283827 0.54117647 0.42352941 0.64313725
v 0.08177162 -0.01364297 -0.01322023 0.54117647 0.42352941 0.64313725
v 0.07943693 -0.01364297 -0.01311994 0.54117647 0.42352941 0.64313725
v 0.07710223 -0.01130632 -0.01336320 0.54117647 0.42352941 0.64313725
v 0.07476753 -0.01130632 -0.01319249 0.54117647 0.42352941 0.64313725
v 0.07242202 -0.01130632 -0.01297270 0.54117647 0.42352941 0.64313725
v 0.07242202 -0.00896966 -0.01326718 0.54117647 0.42352941 0.64313725
v 0.07242202 -0.00663301 -0.01345496 0.54117647 0.42352941 0.64313725
v 0.05484692 -0.00429636 -0.01072572 0.54117647 0.42352941 0.64313725
v 0.07008732 -0.00896966 -0.01293643 0.54117647 0.42352941 0.64313725
v 0.16412381 0.00738242 0.00716049 0.54117647 0.42352941 0.64313725
v 0.16503175 0.00738242 -0.00901435 0.54117647 0.42352941 0.64313725
v 0.16312940 -0.01346323 0.00716049 0.54117647 0.42352941 0.64313725
v 0.16419948 -0.01130632 -0.00667774 0.54117647 0.42352941 0.64313725
v 0.16256734 -0.01542692 -0.01035656 0.54117647 0.42352941 0.64313725
v 0.16165941 0.00037695 -0.01234534 0.54117647 0.42352941 0.64313725
v 0.15990838 -0.00301120 -0.01251178 0.54117647 0.42352941 0.64313725
v 0.16490204 0.00504577 -0.00901435 0.54117647 0.42352941 0.64313725
v 0.16374550 -0.01130632 -0.00901435 0.54117647 0.42352941 0.64313725
v 0.05484692 -0.00833607 0.00492845 0.54117647 0.42352941 0.64313725
v 0.06971982 -0.01686935 -0.00667774 0.54117647 0.42352941 0.64313725
v 0.07696171 -0.01810059 0.00716049 0.54117647 0.42352941 0.64313725
v 0.05484692 -0.00930219 0.00258331 0.54117647 0.42352941 0.64313725
v 0.05484692 -0.00981445 0.00032993 0.54117647 0.42352941 0.64313725
v 0.05484692 -0.01006160 -0.00148814 0.54117647 0.42352941 0.64313725
v 0.15652523 -0.01364297 -0.01192923 0.54117647 0.42352941 0.64313725
v 0.15885993 -0.01364297 -0.01151953 0.54117647 0.42352941 0.64313725
v 0.16120544 -0.01364297 -0.01104367 0.54117647 0.42352941 0.64313725
v 0.16135676 -0.01611443 -0.01064464 0.54117647 0.42352941 0.64313725
v 0.16068662 -0.01748947 -0.01041631 0.54117647 0.42352941 0.64313725
v 0.15652523 -0.01797477 -0.01072999 0.54117647 0.42352941 0.64313725
v 0.15419053 -0.01814103 -0.01086656 0.54117647 0.42352941 0.64313725
v 0.15185583 -0.01825787 -0.01097539 0.54117647 0.42352941 0.64313725
v 0.15885993 -0.01777256 -0.01059129 0.54117647 0.42352941 0.64313725
v 0.11914842 -0.01667613 -0.01234748 0.54117647 0.42352941 0.64313725
v 0.10514023 -0.01553926 -0.01288308 0.54117647 0.42352941 0.64313725
v 0.08878653 -0.01548983 -0.01283400 0.54117647 0.42352941 0.64313725
v 0.08644102 -0.01547185 -0.01279772 0.54117647 0.42352941 0.64313725
v 0.11681373 -0.01669860 -0.01236668 0.54117647 0.42352941 0.64313725
v 0.08177162 -0.01524268 -0.01272517 0.54117647 0.42352941 0.64313725
v 0.07943693 -0.01513034 -0.01267823 0.54117647 0.42352941 0.64313725
v 0.07752377 -0.01496408 -0.01259501 0.54117647 0.42352941 0.64313725
v 0.07476753 -0.01465402 -0.01247764 0.54117647 0.42352941 0.64313725
v 0.07476753 -0.01348570 -0.01276572 0.54117647 0.42352941 0.64313725
v 0.07242202 -0.01304982 -0.01266116 0.54117647 0.42352941 0.64313725
v 0.07080070 -0.01265439 -0.01257580 0.54117647 0.42352941 0.64313725
v 0.06924423 -0.01212864 -0.01247124 0.54117647 0.42352941 0.64313725
v 0.07005489 -0.01133328 -0.01268250 0.54117647 0.42352941 0.64313725
v 0.05484692 -0.00542873 -0.01055501 0.54117647 0.42352941 0.64313725
v 0.06873622 -0.01056937 -0.01256940 0.54117647 0.42352941 0.64313725
v 0.16311859 -0.01364297 0.00716049 0.54117647 0.42352941 0.64313725
v 0.16387521 -0.01364297 -0.00667774 0.54117647 0.42352941 0.64313725
v 0.16348610 -0.01364297 -0.00901435 0.54117647 0.42352941 0.64313725
v 0.16275109 -0.01611443 -0.00895887 0.54117647 0.42352941 0.64313725
v 0.16224308 -0.01698619 -0.00969933 0.54117647 0.42352941 0.64313725
v 0.07083313 -0.01731421 -0.00846381 0.54117647 0.42352941 0.64313725
v 0.07088717 -0.01729175 -0.00667774 0.54117647 0.42352941 0.64313725
v 0.05485773 -0.01015147 -0.00292424 0.54117647 0.42352941 0.64313725
v 0.05485773 -0.01015147 -0.00347692 0.54117647 0.42352941 0.64313725
v 0.07927479 -0.01887798 0.00716049 0.54117647 0.42352941 0.64313725
v 0.05484692 -0.01014248 -0.00290931 0.54117647 0.42352941 0.64313725
v 0.15887074 -0.01902177 -0.00887991 0.54117647 0.42352941 0.64313725
v 0.15652523 -0.01914310 -0.00948380 0.54117647 0.42352941 0.64313725
v 0.16135676 -0.01782648 -0.00895887 0.54117647 0.42352941 0.64313725
v 0.15185583 -0.01942619 -0.01006422 0.54117647 0.42352941 0.64313725
v 0.15049393 -0.01947113 -0.01015598 0.54117647 0.42352941 0.64313725
v 0.14893746 -0.01950708 -0.01021359 0.54117647 0.42352941 0.64313725
v 0.14964003 -0.01854096 -0.01087083 0.54117647 0.42352941 0.64313725
v 0.15419053 -0.01930936 -0.00984443 0.54117647 0.42352941 0.64313725
v 0.11213352 -0.01676600 -0.01233681 0.54117647 0.42352941 0.64313725
v 0.10980963 -0.01679296 -0.01232400 0.54117647 0.42352941 0.64313725
v 0.08644102 -0.01664018 -0.01222798 0.54117647 0.42352941 0.64313725
v 0.08410633 -0.01653233 -0.01217250 0.54117647 0.42352941 0.64313725
v 0.07943693 -0.01629867 -0.01198045 0.54117647 0.42352941 0.64313725
v 0.07688605 -0.01583583 -0.01198685 0.54117647 0.42352941 0.64313725
v 0.07476753 -0.01597963 -0.01166463 0.54117647 0.42352941 0.64313725
v 0.07242202 -0.01421815 -0.01231760 0.54117647 0.42352941 0.64313725
v 0.07005489 -0.01351715 -0.01208074 0.54117647 0.42352941 0.64313725
v 0.05484692 -0.00740590 -0.00998313 0.54117647 0.42352941 0.64313725
v 0.05484692 -0.00704642 -0.01014744 0.54117647 0.42352941 0.64313725
v 0.05484692 -0.00629150 -0.01041418 0.54117647 0.42352941 0.64313725
v 0.16264300 -0.01578191 0.00716049 0.54117647 0.42352941 0.64313725
v 0.16299970 -0.01597963 -0.00667774 0.54117647 0.42352941 0.64313725
v 0.16239440 -0.01720188 -0.00814159 0.54117647 0.42352941 0.64313725
v 0.07006570 -0.01676151 -0.00915092 0.54117647 0.42352941 0.64313725
v 0.07142761 -0.01708055 -0.01002154 0.54117647 0.42352941 0.64313725
v 0.07229231 -0.01757484 -0.00915092 0.54117647 0.42352941 0.64313725
v 0.07476753 -0.01810059 -0.00901435 0.54117647 0.42352941 0.64313725
v 0.07242202 -0.01774560 -0.00667774 0.54117647 0.42352941 0.64313725
v 0.05484692 -0.01007508 -0.00493009 0.54117647 0.42352941 0.64313725
v 0.05484692 -0.01003464 -0.00522030 0.54117647 0.42352941 0.64313725
v 0.05484692 -0.00977401 -0.00667774 0.54117647 0.42352941 0.64313725
v 0.05484692 -0.01014248 -0.00349186 0.54117647 0.42352941 0.64313725
v 0.08210670 -0.01966435 0.00716049 0.54117647 0.42352941 0.64313725
v 0.15932471 -0.01935879 -0.00667774 0.54117647 0.42352941 0.64313725
v 0.15809250 -0.01952954 -0.00801142 0.54117647 0.42352941 0.64313725
v 0.15652523 -0.01962840 -0.00831444 0.54117647 0.42352941 0.64313725
v 0.16120544 -0.01825337 -0.00667774 0.54117647 0.42352941 0.64313725
v 0.15185583 -0.01980365 -0.00889699 0.54117647 0.42352941 0.64313725
v 0.15419053 -0.01973625 -0.00867506 0.54117647 0.42352941 0.64313725
v 0.14964003 -0.01978118 -0.00923201 0.54117647 0.42352941 0.64313725
v 0.14807275 -0.01950708 -0.01021359 0.54117647 0.42352941 0.64313725
v 0.13628036 -0.01949360 -0.01019652 0.54117647 0.42352941 0.64313725
v 0.08644102 -0.01785794 -0.01106074 0.54117647 0.42352941 0.64313725
v 0.08410633 -0.01782648 -0.01100526 0.54117647 0.42352941 0.64313725
v 0.07943693 -0.01768269 -0.01081108 0.54117647 0.42352941 0.64313725
v 0.07710223 -0.01759731 -0.01068945 0.54117647 0.42352941 0.64313725
v 0.07476753 -0.01747149 -0.01053581 0.54117647 0.42352941 0.64313725
v 0.07298408 -0.01732770 -0.01037150 0.54117647 0.42352941 0.64313725
v 0.07229231 -0.01617285 -0.01106928 0.54117647 0.42352941 0.64313725
v 0.07008732 -0.01560666 -0.01083882 0.54117647 0.42352941 0.64313725
v 0.06832549 -0.01516180 -0.01049526 0.54117647 0.42352941 0.64313725
v 0.05484692 -0.00866859 -0.00879883 0.54117647 0.42352941 0.64313725
v 0.16215661 -0.01674353 0.00716049 0.54117647 0.42352941 0.64313725
v 0.16238360 -0.01717492 -0.00542089 0.54117647 0.42352941 0.64313725
v 0.16240521 -0.01720637 -0.00667774 0.54117647 0.42352941 0.64313725
v 0.06762292 -0.01549432 -0.00907623 0.54117647 0.42352941 0.64313725
v 0.06676902 -0.01465402 -0.00989564 0.54117647 0.42352941 0.64313725
v 0.07476753 -0.01820394 -0.00667774 0.54117647 0.42352941 0.64313725
v 0.07710223 -0.01835223 -0.00901435 0.54117647 0.42352941 0.64313725
v 0.09313166 -0.02127754 0.00716049 0.54117647 0.42352941 0.64313725
v 0.08860278 -0.02077875 0.00716049 0.54117647 0.42352941 0.64313725
v 0.08644102 -0.02054059 0.00716049 0.54117647 0.42352941 0.64313725
v 0.08411713 -0.02018111 0.00716049 0.54117647 0.42352941 0.64313725
v 0.08394419 -0.02014067 0.00716049 0.54117647 0.42352941 0.64313725
v 0.05484692 -0.00944598 -0.00735419 0.54117647 0.42352941 0.64313725
v 0.15950846 -0.01949360 0.00716049 0.54117647 0.42352941 0.64313725
v 0.15885993 -0.01978118 0.00716049 0.54117647 0.42352941 0.64313725
v 0.15846001 -0.01990700 0.00716049 0.54117647 0.42352941 0.64313725
v 0.15688192 -0.02032041 0.00716049 0.54117647 0.42352941 0.64313725
v 0.15670898 -0.02036535 0.00716049 0.54117647 0.42352941 0.64313725
v 0.15419053 -0.02085515 0.00716049 0.54117647 0.42352941 0.64313725
v 0.15401759 -0.02087761 0.00716049 0.54117647 0.42352941 0.64313725
v 0.14972650 -0.02138089 0.00716049 0.54117647 0.42352941 0.64313725
v 0.14718643 -0.02165949 0.00716049 0.54117647 0.42352941 0.64313725
v 0.15419053 -0.01997890 -0.00667774 0.54117647 0.42352941 0.64313725
v 0.16115139 -0.01816799 0.00716049 0.54117647 0.42352941 0.64313725
v 0.15185583 -0.02008675 -0.00667774 0.54117647 0.42352941 0.64313725
v 0.14017153 -0.02212233 0.00716049 0.54117647 0.42352941 0.64313725
v 0.13316743 -0.02227511 0.00716049 0.54117647 0.42352941 0.64313725
v 0.14725129 -0.01979466 -0.00917866 0.54117647 0.42352941 0.64313725
v 0.13550213 -0.01977669 -0.00922560 0.54117647 0.42352941 0.64313725
v 0.14250623 -0.01984409 -0.00894180 0.54117647 0.42352941 0.64313725
v 0.11914842 -0.01934980 -0.00977828 0.54117647 0.42352941 0.64313725
v 0.08410633 -0.01878361 -0.00901435 0.54117647 0.42352941 0.64313725
v 0.07943693 -0.01851849 -0.00901435 0.54117647 0.42352941 0.64313725
v 0.16130272 -0.01797926 0.00716049 0.54117647 0.42352941 0.64313725
v 0.09579063 -0.02154715 0.00716049 0.54117647 0.42352941 0.64313725
v 0.13316743 -0.01981713 -0.00895673 0.54117647 0.42352941 0.64313725
v 0.14017153 -0.01984859 -0.00890765 0.54117647 0.42352941 0.64313725
v 0.10514023 -0.02194708 0.00716049 0.54117647 0.42352941 0.64313725
v 0.11914842 -0.01966885 -0.00860891 0.54117647 0.42352941 0.64313725
v 0.10280553 -0.02187069 0.00716049 0.54117647 0.42352941 0.64313725
v 0.09884952 -0.02171341 0.00716049 0.54117647 0.42352941 0.64313725
v 0.09812533 -0.02168196 0.00716049 0.54117647 0.42352941 0.64313725
v 0.09622298 -0.02157412 0.00716049 0.54117647 0.42352941 0.64313725
f 445 446 447
f 445 447 448
f 445 448 458
f 445 458 478
f 445 478 516
f 445 516 551
f 445 551 550
f 445 550 585
f 445 585 587
f 445 587 618
f 445 618 617
f 445 617 653
f 445 653 683
f 445 683 717
f 445 717 749
f 445 749 787
f 445 787 821
f 445 821 852
f 445 852 851
f 445 851 850
f 445 850 849
f 445 849 848
f 445 848 875
f 445 875 883
f 445 883 882
f 445 882 881
f 445 881 880
f 445 880 878
f 445 878 867
f 445 867 866
f 445 866 862
f 445 862 861
f 445 861 860
f 445 860 859
f 445 859 858
f 445 858 857
f 445 857 856
f 445 856 855
f 445 855 854
f 445 854 864
f 445 864 874
f 445 874 841
f 445 841 809
f 445 809 778
f 445 778 740
f 445 740 738
f 445 738 703
f 445 703 672
f 445 672 641
f 445 641 640
f 445 640 639
f 445 639 643
f 445 643 642
f 445 642 638
f 445 638 608
f 445 608 570
f 445 570 569
f 445 569 534
f 445 534 533
f 445 533 532
f 445 532 531
f 445 531 530
f 445 530 494
f 445 494 469
f 445 469 454
f 445 454 449
f 445 449 446
f 446 450 451
f 446 451 452
f 446 452 453
f 446 453 447
f 446 449 454
f 446 454 455
f 446 455 450
f 447 453 456
f 447 456 474
f 447 474 457
f 447 457 448
f 448 457 458
f 450 455 459
f 450 459 460
f 450 460 461
f 450 461 462
f 450 462 463
f 450 463 451
f 451 463 464
f 451 464 452
f 452 456 453
f 452 464 465
f 452 465 466
f 452 466 467
f 452 467 468
f 452 468 456
f 454 469 455
f 455 469 470
f 455 470 471
f 455 471 472
f 455 472 473
f 455 473 459
f 456 468 474
f 457 474 475
f 457 475 476
f 457 476 477
f 457 477 478
f 457 478 458
f 459 473 479
f 459 479 480
f 459 480 460
f 460 481 461
f 460 480 481
f 461 481 464
f 461 464 462
f 462 464 463
f 464 481 482
f 464 482 483
f 464 483 465
f 465 484 466
f 465 483 484
f 466 484 485
f 466 485 486
f 466 486 487
f 466 487 467
f 467 487 488
f 467 488 468
f 468 488 489
f 468 489 490
f 468 490 491
f 468 491 492
f 468 492 493
f 468 493 476
f 468 476 475
f 468 475 474
f 469 494 495
f 469 495 496
f 469 496 497
f 469 497 498
f 469 498 499
f 469 499 470
f 470 499 471
f 471 499 498
f 471 498 500
f 471 500 497
f 471 497 501
f 471 501 502
f 471 502 503
f 471 503 504
f 471 504 505
f 471 505 506
f 471 506 507
f 471 507 479
f 471 479 472
f 472 479 473
f 476 493 508
f 476 508 509
f 476 509 510
f 476 510 511
f 476 511 477
f 477 511 512
f 477 512 513
f 477 513 514
f 477 514 515
f 477 515 516
f 477 516 478
f 479 507 517
f 479 517 480
f 480 517 481
f 481 518 482
f 481 517 518
f 482 519 483
f 482 518 519
f 483 519 520
f 483 520 485
f 483 485 484
f 485 520 486
f 486 520 487
f 487 521 522
f 487 522 523
f 487 523 489
f 487 489 488
f 487 520 521
f 489 523 524
f 489 524 525
f 489 525 490
f 490 525 491
f 491 525 526
f 491 526 492
f 492 526 527
f 492 527 528
f 492 528 529
f 492 529 509
f 492 509 508
f 492 508 493
f 494 530 495
f 495 530 531
f 495 531 532
f 495 532 533
f 495 533 534
f 495 534 535
f 495 535 496
f 496 535 536
f 496 536 537
f 496 537 538
f 496 538 497
f 497 538 501
f 497 500 498
f 501 538 503
f 501 503 502
f 503 536 539
f 503 539 540
f 503 540 541
f 503 541 504
f 503 538 536
f 504 541 542
f 504 542 505
f 505 542 543
f 505 543 507
f 505 507 506
f 507 543 517
f 509 529 510
f 510 544 511
f 510 529 545
f 510 545 546
f 510 546 547
f 510 547 544
f 511 544 548
f 511 548 513
f 511 513 512
f 513 549 550
f 513 550 514
f 513 548 549
f 514 550 515
f 515 550 551
f 515 551 516
f 517 543 552
f 517 552 553
f 517 553 554
f 517 554 555
f 517 555 556
f 517 556 519
f 517 519 518
f 519 557 558
f 519 558 559
f 519 559 560
f 519 560 520
f 519 556 561
f 519 561 557
f 520 560 521
f 521 560 562
f 521 562 522
f 522 562 523
f 523 562 563
f 523 563 524
f 524 563 564
f 524 564 525
f 525 564 565
f 525 565 526
f 526 565 527
f 527 565 566
f 527 566 528
f 528 567 568
f 528 568 529
f 528 566 567
f 529 568 545
f 534 569 535
f 535 569 570
f 535 570 571
f 535 571 536
f 536 538 537
f 536 571 572
f 536 572 539
f 539 572 573
f 539 573 574
f 539 574 575
f 539 575 540
f 540 575 576
f 540 576 541
f 541 576 577
f 541 577 552
f 541 552 542
f 542 552 578
f 542 578 579
f 542 579 543
f 543 579 578
f 543 578 552
f 544 580 548
f 544 547 581
f 544 581 580
f 545 582 607
f 545 607 606
f 545 606 605
f 545 605 604
f 545 604 637
f 545 637 636
f 545 636 669
f 545 669 668
f 545 668 702
f 545 702 701
f 545 701 700
f 545 700 736
f 545 736 776
f 545 776 808
f 545 808 807
f 545 807 806
f 545 806 840
f 545 840 853
f 545 853 819
f 545 819 818
f 545 818 817
f 545 817 820
f 545 820 788
f 545 788 752
f 545 752 751
f 545 751 750
f 545 750 747
f 545 747 716
f 545 716 683
f 545 683 653
f 545 653 652
f 545 652 651
f 545 651 650
f 545 650 620
f 545 620 619
f 545 619 616
f 545 616 581
f 545 581 547
f 545 547 546
f 545 568 582
f 548 580 583
f 548 583 584
f 548 584 549
f 549 585 550
f 549 584 586
f 549 586 587
f 549 587 585
f 552 588 589
f 552 589 554
f 552 554 553
f 552 577 590
f 552 590 588
f 554 589 591
f 554 591 561
f 554 561 555
f 555 561 556
f 557 561 592
f 557 592 558
f 558 592 559
f 559 592 593
f 559 593 594
f 559 594 595
f 559 595 596
f 559 596 560
f 560 596 562
f 561 591 597
f 561 597 598
f 561 598 592
f 562 596 599
f 562 599 563
f 563 599 600
f 563 600 601
f 563 601 564
f 564 601 565
f 565 601 602
f 565 602 603
f 565 603 566
f 566 603 604
f 566 604 567
f 567 604 568
f 568 604 605
f 568 605 606
f 568 606 607
f 568 607 582
f 570 608 571
f 571 609 610
f 571 610 573
f 571 573 572
f 571 608 609
f 573 610 611
f 573 611 612
f 573 612 613
f 573 613 574
f 574 613 575
f 575 613 614
f 575 614 615
f 575 615 576
f 576 615 590
f 576 590 577
f 580 581 583
f 581 616 583
f 583 616 584
f 584 616 586
f 586 617 618
f 586 618 587
f 586 616 619
f 586 619 620
f 586 620 617
f 588 621 622
f 588 622 589
f 588 590 623
f 588 623 621
f 589 622 591
f 590 615 623
f 591 622 598
f 591 598 597
f 592 598 624
f 592 624 594
f 592 594 593
f 594 624 598
f 594 598 625
f 594 625 626
f 594 626 627
f 594 627 628
f 594 628 629
f 594 629 630
f 594 630 595
f 595 631 632
f 595 632 599
f 595 599 596
f 595 630 631
f 598 622 621
f 598 621 625
f 599 632 600
f 600 632 633
f 600 633 634
f 600 634 602
f 600 602 601
f 602 634 603
f 603 634 635
f 603 635 636
f 603 636 637
f 603 637 604
f 608 638 609
f 609 639 640
f 609 640 641
f 609 641 611
f 609 611 610
f 609 638 642
f 609 642 643
f 609 643 639
f 611 644 612
f 611 641 644
f 612 644 645
f 612 645 646
f 612 646 613
f 613 646 614
f 614 646 615
f 615 647 648
f 615 648 623
f 615 646 649
f 615 649 647
f 617 620 650
f 617 650 651
f 617 651 652
f 617 652 653
f 621 623 648
f 621 648 625
f 625 648 654
f 625 654 655
f 625 655 656
f 625 656 626
f 626 657 627
f 626 656 657
f 627 657 658
f 627 658 659
f 627 659 628
f 628 659 660
f 628 660 661
f 628 661 662
f 628 662 663
f 628 663 629
f 629 663 630
f 630 663 664
f 630 664 631
f 631 664 665
f 631 665 666
f 631 666 632
f 632 666 667
f 632 667 633
f 633 667 668
f 633 668 669
f 633 669 670
f 633 670 671
f 633 671 635
f 633 635 634
f 635 671 669
f 635 669 636
f 641 672 673
f 641 673 644
f 644 673 674
f 644 674 645
f 645 674 646
f 646 674 675
f 646 675 649
f 647 676 648
f 647 649 677
f 647 677 676
f 648 676 678
f 648 678 679
f 648 679 680
f 648 680 681
f 648 681 654
f 649 675 682
f 649 682 677
f 654 681 680
f 654 680 684
f 654 684 655
f 655 684 685
f 655 685 686
f 655 686 687
f 655 687 656
f 656 687 657
f 657 687 658
f 658 688 689
f 658 689 690
f 658 690 660
f 658 660 659
f 658 687 691
f 658 691 688
f 660 690 692
f 660 692 661
f 661 693 694
f 661 694 695
f 661 695 662
f 661 692 693
f 662 695 696
f 662 696 697
f 662 697 698
f 662 698 663
f 663 698 664
f 664 698 665
f 665 698 697
f 665 697 699
f 665 699 700
f 665 700 701
f 665 701 702
f 665 702 668
f 665 668 666
f 666 668 667
f 669 671 670
f 672 703 673
f 673 704 705
f 673 705 674
f 673 703 704
f 674 705 682
f 674 682 675
f 676 706 707
f 676 707 708
f 676 708 709
f 676 709 710
f 676 710 678
f 676 677 711
f 676 711 712
f 676 712 713
f 676 713 706
f 677 682 714
f 677 714 711
f 678 710 679
f 679 710 709
f 679 709 708
f 679 708 715
f 679 715 685
f 679 685 684
f 679 684 680
f 682 705 714
f 683 716 717
f 685 715 718
f 685 718 719
f 685 719 687
f 685 687 686
f 687 719 720
f 687 720 721
f 687 721 722
f 687 722 723
f 687 723 691
f 688 724 725
f 688 725 689
f 688 691 724
f 689 725 726
f 689 726 727
f 689 727 692
f 689 692 690
f 691 723 728
f 691 728 724
f 692 727 693
f 693 727 726
f 693 726 729
f 693 729 730
f 693 730 694
f 694 730 731
f 694 731 695
f 695 731 732
f 695 732 733
f 695 733 734
f 695 734 735
f 695 735 696
f 696 735 697
f 697 735 699
f 699 735 700
f 700 735 737
f 700 737 736
f 703 738 704
f 704 739 705
f 704 738 740
f 704 740 741
f 704 741 739
f 705 739 711
f 705 711 714
f 706 742 707
f 706 713 711
f 706 711 742
f 707 742 743
f 707 743 708
f 708 744 715
f 708 743 744
f 711 713 712
f 711 739 745
f 711 745 741
f 711 741 746
f 711 746 742
f 715 744 718
f 716 747 717
f 717 748 749
f 717 747 750
f 717 750 751
f 717 751 752
f 717 752 748
f 718 744 719
f 719 744 720
f 720 744 753
f 720 753 721
f 721 754 755
f 721 755 756
f 721 756 757
f 721 757 722
f 721 753 754
f 722 758 759
f 722 759 760
f 722 760 723
f 722 757 761
f 722 761 758
f 723 760 762
f 723 762 728
f 724 728 763
f 724 763 725
f 725 763 764
f 725 764 726
f 726 764 765
f 726 765 729
f 728 762 766
f 728 766 763
f 729 765 767
f 729 767 768
f 729 768 730
f 730 768 769
f 730 769 770
f 730 770 771
f 730 771 772
f 730 772 732
f 730 732 731
f 732 772 733
f 733 772 773
f 733 773 774
f 733 774 775
f 733 775 734
f 734 775 737
f 734 737 735
f 736 737 777
f 736 777 774
f 736 774 776
f 737 775 777
f 739 741 745
f 740 778 741
f 741 779 780
f 741 780 746
f 741 778 779
f 742 746 780
f 742 780 781
f 742 781 782
f 742 782 757
f 742 757 756
f 742 756 755
f 742 755 743
f 743 755 744
f 744 755 754
f 744 754 753
f 748 783 784
f 748 784 749
f 748 752 785
f 748 785 786
f 748 786 783
f 749 784 787
f 752 788 785
f 757 789 790
f 757 790 761
f 757 782 791
f 757 791 789
f 758 792 759
f 758 761 792
f 759 792 793
f 759 793 760
f 760 793 794
f 760 794 795
f 760 795 762
f 761 790 796
f 761 796 792
f 762 795 766
f 763 766 797
f 763 797 798
f 763 798 764
f 764 799 765
f 764 798 799
f 765 799 767
f 766 795 794
f 766 794 797
f 767 799 768
f 768 799 800
f 768 800 801
f 768 801 769
f 769 801 802
f 769 802 803
f 769 803 770
f 770 803 804
f 770 804 772
f 770 772 771
f 772 804 773
f 773 804 774
f 774 777 775
f 774 804 805
f 774 805 806
f 774 806 807
f 774 807 808
f 774 808 776
f 778 809 779
f 779 809 810
f 779 810 781
f 779 781 780
f 781 810 811
f 781 811 782
f 782 811 791
f 783 812 813
f 783 813 814
f 783 814 815
f 783 815 816
f 783 816 784
f 783 786 817
f 783 817 818
f 783 818 819
f 783 819 812
f 784 816 787
f 785 788 820
f 785 820 786
f 786 820 817
f 787 816 821
f 789 791 822
f 789 822 823
f 789 823 790
f 790 824 796
f 790 823 824
f 791 811 825
f 791 825 822
f 792 826 793
f 792 796 827
f 792 827 826
f 793 826 828
f 793 828 794
f 794 829 798
f 794 798 797
f 794 828 829
f 796 824 827
f 798 829 830
f 798 830 799
f 799 831 832
f 799 832 800
f 799 830 831
f 800 832 833
f 800 833 834
f 800 834 801
f 801 834 835
f 801 835 803
f 801 803 802
f 803 835 836
f 803 836 837
f 803 837 804
f 804 837 838
f 804 838 805
f 805 838 839
f 805 839 806
f 806 839 840
f 809 841 842
f 809 842 810
f 810 842 843
f 810 843 811
f 811 843 825
f 812 819 844
f 812 844 813
f 813 844 845
f 813 845 839
f 813 839 838
f 813 838 836
f 813 836 814
f 814 836 815
f 815 846 816
f 815 836 835
f 815 835 847
f 815 847 848
f 815 848 849
f 815 849 850
f 815 850 846
f 816 846 851
f 816 851 852
f 816 852 821
f 819 853 845
f 819 845 844
f 822 854 855
f 822 855 856
f 822 856 857
f 822 857 858
f 822 858 859
f 822 859 823
f 822 825 854
f 823 859 860
f 823 860 861
f 823 861 862
f 823 862 863
f 823 863 824
f 824 863 827
f 825 843 864
f 825 864 854
f 826 827 865
f 826 865 866
f 826 866 867
f 826 867 828
f 827 863 865
f 828 868 869
f 828 869 829
f 828 867 870
f 828 870 868
f 829 869 830
f 830 869 871
f 830 871 831
f 831 871 832
f 832 871 872
f 832 872 833
f 833 873 834
f 833 872 873
f 834 873 847
f 834 847 835
f 836 838 837
f 839 845 840
f 840 845 853
f 841 874 842
f 842 874 843
f 843 874 864
f 846 850 851
f 847 873 875
f 847 875 848
f 862 866 863
f 863 866 865
f 867 876 877
f 867 877 870
f 867 878 876
f 868 870 869
f 869 870 877
f 869 877 876
f 869 876 871
f 871 876 879
f 871 879 872
f 872 878 880
f 872 880 881
f 872 881 882
f 872 882 883
f 872 883 873
f 872 879 878
f 873 883 875
f 876 878 879

o geometry_2
v 0.06699961 0.01439339 0.03070460 0.43529412 0.89019608 0.96078431
v 0.06764292 0.01439339 0.03304034 0.43529412 0.89019608 0.96078431
v 0.06757680 0.01672771 0.03070460 0.43529412 0.89019608 0.96078431
v 0.06777517 0.01672771 0.02836887 0.43529412 0.89019608 0.96078431
v 0.06788675 0.01672771 0.02749677 0.43529412 0.89019608 0.96078431
v 0.06742665 0.01439339 0.02836887 0.43529412 0.89019608 0.96078431
v 0.06706987 0.01205500 0.03070460 0.43529412 0.89019608 0.96078431
v 0.06775037 0.00270956 0.03304034 0.43529412 0.89019608 0.96078431
v 0.06747349 0.01205500 0.03304034 0.43529412 0.89019608 0.96078431
v 0.06866506 0.01439339 0.03434933 0.43529412 0.89019608 0.96078431
v 0.06879455 0.01572147 0.03426820 0.43529412 0.89019608 0.96078431
v 0.06830414 0.01659328 0.03304118 0.43529412 0.89019608 0.96078431
v 0.06837302 0.00504795 0.03501777 0.43529412 0.89019608 0.96078431
v 0.06850389 0.01205500 0.03447609 0.43529412 0.89019608 0.96078431
v 0.06865955 0.01821875 0.03226204 0.43529412 0.89019608 0.96078431
v 0.06849562 0.01847133 0.03070460 0.43529412 0.89019608 0.96078431
v 0.06851491 0.01856910 0.02836887 0.43529412 0.89019608 0.96078431
v 0.06854659 0.01856503 0.02749677 0.43529412 0.89019608 0.96078431
v 0.06759333 0.01439339 0.02749677 0.43529412 0.89019608 0.96078431
v 0.06822011 0.00270956 0.02749677 0.43529412 0.89019608 0.96078431
v 0.06887169 -0.01062011 0.02941589 0.43529412 0.89019608 0.96078431
v 0.06807960 -0.00429341 0.03304034 0.43529412 0.89019608 0.96078431
v 0.06851491 -0.00429341 0.03482509 0.43529412 0.89019608 0.96078431
v 0.06835924 0.00270956 0.03511241 0.43529412 0.89019608 0.96078431
v 0.07008530 0.00504795 0.03596507 0.43529412 0.89019608 0.96078431
v 0.07008530 0.01580702 0.03429693 0.43529412 0.89019608 0.96078431
v 0.07008530 0.01697215 0.03371723 0.43529412 0.89019608 0.96078431
v 0.07008530 0.01854466 0.03254936 0.43529412 0.89019608 0.96078431
v 0.07008530 0.00270956 0.03612902 0.43529412 0.89019608 0.96078431
v 0.07096969 0.02036160 0.02984602 0.43529412 0.89019608 0.96078431
v 0.07014867 0.01961608 0.03065643 0.43529412 0.89019608 0.96078431
v 0.07064872 0.02059381 0.02836887 0.43529412 0.89019608 0.96078431
v 0.06948056 0.01973830 0.02836887 0.43529412 0.89019608 0.96078431
v 0.06940480 0.01973015 0.02749677 0.43529412 0.89019608 0.96078431
v 0.06880006 0.01900093 0.02749677 0.43529412 0.89019608 0.96078431
v 0.06935934 -0.01230669 0.02749677 0.43529412 0.89019608 0.96078431
v 0.06878904 -0.01077900 0.03070460 0.43529412 0.89019608 0.96078431
v 0.06863889 -0.00897020 0.03070460 0.43529412 0.89019608 0.96078431
v 0.06879179 -0.01050605 0.03208373 0.43529412 0.89019608 0.96078431
v 0.06870501 -0.00608591 0.03451665 0.43529412 0.89019608 0.96078431
v 0.07008530 -0.00429341 0.03572339 0.43529412 0.89019608 0.96078431
v 0.07853377 0.01841429 0.03206430 0.43529412 0.89019608 0.96078431
v 0.07138157 0.01572554 0.03426736 0.43529412 0.89019608 0.96078431
v 0.07613822 0.02027605 0.03191641 0.43529412 0.89019608 0.96078431
v 0.07571945 0.02027605 0.03191641 0.43529412 0.89019608 0.96078431
v 0.07242161 0.01992162 0.03135614 0.43529412 0.89019608 0.96078431
v 0.07242161 -0.00429341 0.03539635 0.43529412 0.89019608 0.96078431
v 0.07242161 0.02054492 0.03018827 0.43529412 0.89019608 0.96078431
v 0.07242161 0.02127007 0.02836887 0.43529412 0.89019608 0.96078431
v 0.07249738 0.02152672 0.02749677 0.43529412 0.89019608 0.96078431
v 0.07133198 0.02108267 0.02749677 0.43529412 0.89019608 0.96078431
v 0.07057295 0.02068343 0.02749677 0.43529412 0.89019608 0.96078431
v 0.06964174 -0.01364292 0.02749677 0.43529412 0.89019608 0.96078431
v 0.06985388 -0.01451473 0.02749677 0.43529412 0.89019608 0.96078431
v 0.06919541 -0.01194412 0.03070460 0.43529412 0.89019608 0.96078431
v 0.07079198 -0.01663313 0.02749677 0.43529412 0.89019608 0.96078431
v 0.07107024 -0.01713015 0.02749677 0.43529412 0.89019608 0.96078431
v 0.07097106 -0.01508506 0.02989081 0.43529412 0.89019608 0.96078431
v 0.07081953 -0.01280370 0.03207106 0.43529412 0.89019608 0.96078431
v 0.07005913 -0.01129230 0.03252147 0.43529412 0.89019608 0.96078431
v 0.06905904 -0.00764212 0.03405187 0.43529412 0.89019608 0.96078431
v 0.06993653 -0.00677032 0.03488932 0.43529412 0.89019608 0.96078431
v 0.07061703 -0.00836320 0.03444820 0.43529412 0.89019608 0.96078431
v 0.07242161 -0.00663181 0.03501777 0.43529412 0.89019608 0.96078431
v 0.07853377 0.01764841 0.03206430 0.43529412 0.89019608 0.96078431
v 0.08107257 0.00492574 0.02915054 0.43529412 0.89019608 0.96078431
v 0.08107257 0.01906611 0.02898829 0.43529412 0.89019608 0.96078431
v 0.08107257 0.02039419 0.02865788 0.43529412 0.89019608 0.96078431
v 0.08107257 0.02138821 0.02834520 0.43529412 0.89019608 0.96078431
v 0.07769622 0.01997051 0.03165360 0.43529412 0.89019608 0.96078431
v 0.07698816 0.01913944 0.03216993 0.43529412 0.89019608 0.96078431
v 0.08107257 0.02246778 0.02749677 0.43529412 0.89019608 0.96078431
v 0.07886988 0.02247186 0.02749677 0.43529412 0.89019608 0.96078431
v 0.07787943 0.02241075 0.02749677 0.43529412 0.89019608 0.96078431
v 0.07593985 0.02223150 0.02749677 0.43529412 0.89019608 0.96078431
v 0.07475655 0.02172227 0.02836887 0.43529412 0.89019608 0.96078431
v 0.07486813 0.02065084 0.03080685 0.43529412 0.89019608 0.96078431
v 0.07386252 -0.00663181 0.03439919 0.43529412 0.89019608 0.96078431
v 0.07396997 -0.00429341 0.03449806 0.43529412 0.89019608 0.96078431
v 0.07352089 0.02180375 0.02749677 0.43529412 0.89019608 0.96078431
v 0.07123142 -0.01726865 0.02749677 0.43529412 0.89019608 0.96078431
v 0.07242161 -0.01810787 0.02749677 0.43529412 0.89019608 0.96078431
v 0.07473588 -0.01914671 0.02749677 0.43529412 0.89019608 0.96078431
v 0.07171356 -0.01280370 0.03207106 0.43529412 0.89019608 0.96078431
v 0.06993653 -0.00907205 0.03370962 0.43529412 0.89019608 0.96078431
v 0.07242161 -0.00825728 0.03440933 0.43529412 0.89019608 0.96078431
v 0.07363936 -0.00784582 0.03423693 0.43529412 0.89019608 0.96078431
v 0.07502930 -0.00663181 0.03346624 0.43529412 0.89019608 0.96078431
v 0.07625256 -0.00832653 0.03220796 0.43529412 0.89019608 0.96078431
v 0.08107257 0.00200885 0.02869590 0.43529412 0.89019608 0.96078431
v 0.08107257 0.02225187 0.02772916 0.43529412 0.89019608 0.96078431
v 0.08107257 -0.00360900 0.02749677 0.43529412 0.89019608 0.96078431
v 0.07475655 0.02204003 0.02749677 0.43529412 0.89019608 0.96078431
v 0.07515603 -0.01910189 0.02749677 0.43529412 0.89019608 0.96078431
v 0.07695235 -0.01821379 0.02749677 0.43529412 0.89019608 0.96078431
v 0.07242161 -0.00942647 0.03376877 0.43529412 0.89019608 0.96078431
v 0.07698541 -0.01818935 0.02749677 0.43529412 0.89019608 0.96078431
v 0.07700745 -0.01815676 0.02749677 0.43529412 0.89019608 0.96078431
v 0.07792627 -0.01653944 0.02749677 0.43529412 0.89019608 0.96078431
v 0.08107257 -0.00261905 0.02787366 0.43529412 0.89019608 0.96078431
v 0.08107257 -0.00195909 0.02805450 0.43529412 0.89019608 0.96078431
f 884 885 886
f 884 886 887
f 884 887 888
f 884 888 889
f 884 889 890
f 884 890 891
f 884 891 892
f 884 892 885
f 885 893 894
f 885 894 895
f 885 895 886
f 885 892 896
f 885 896 897
f 885 897 893
f 886 895 898
f 886 898 899
f 886 899 900
f 886 900 901
f 886 901 887
f 887 901 888
f 888 901 918
f 888 918 917
f 888 917 935
f 888 935 934
f 888 934 933
f 888 933 963
f 888 963 976
f 888 976 958
f 888 958 957
f 888 957 956
f 888 956 955
f 888 955 975
f 888 975 982
f 888 982 981
f 888 981 980
f 888 980 978
f 888 978 977
f 888 977 966
f 888 966 965
f 888 965 964
f 888 964 940
f 888 940 939
f 888 939 937
f 888 937 936
f 888 936 919
f 888 919 903
f 888 903 902
f 888 902 889
f 889 902 890
f 890 902 903
f 890 903 904
f 890 904 905
f 890 905 891
f 891 905 906
f 891 906 907
f 891 907 892
f 892 907 896
f 893 897 908
f 893 908 894
f 894 909 910
f 894 910 911
f 894 911 898
f 894 898 895
f 894 908 909
f 896 908 897
f 896 907 912
f 896 912 908
f 898 911 913
f 898 913 914
f 898 914 915
f 898 915 899
f 899 915 916
f 899 916 917
f 899 917 918
f 899 918 900
f 900 918 901
f 903 919 904
f 904 919 920
f 904 920 921
f 904 921 905
f 905 921 920
f 905 920 922
f 905 922 923
f 905 923 906
f 906 923 924
f 906 924 912
f 906 912 907
f 908 925 926
f 908 926 909
f 908 912 925
f 909 926 927
f 909 927 910
f 910 927 928
f 910 928 911
f 911 928 929
f 911 929 913
f 912 924 930
f 912 930 925
f 913 929 931
f 913 931 932
f 913 932 933
f 913 933 934
f 913 934 915
f 913 915 914
f 915 934 935
f 915 935 916
f 916 935 917
f 919 936 920
f 920 936 937
f 920 937 922
f 922 937 938
f 922 938 939
f 922 939 940
f 922 940 941
f 922 941 942
f 922 942 943
f 922 943 944
f 922 944 923
f 923 944 945
f 923 945 924
f 924 945 946
f 924 946 947
f 924 947 930
f 925 948 949
f 925 949 950
f 925 950 951
f 925 951 952
f 925 952 953
f 925 953 954
f 925 954 926
f 925 930 948
f 926 954 927
f 927 954 953
f 927 953 955
f 927 955 956
f 927 956 928
f 928 956 957
f 928 957 958
f 928 958 959
f 928 959 960
f 928 960 931
f 928 931 929
f 930 947 961
f 930 961 962
f 930 962 948
f 931 960 959
f 931 959 932
f 932 959 963
f 932 963 933
f 937 939 938
f 940 964 941
f 941 964 965
f 941 965 966
f 941 966 942
f 942 966 967
f 942 967 946
f 942 946 968
f 942 968 943
f 943 968 944
f 944 968 946
f 944 946 945
f 946 969 947
f 946 967 969
f 947 969 970
f 947 970 961
f 948 962 949
f 949 962 971
f 949 971 972
f 949 972 973
f 949 973 984
f 949 984 983
f 949 983 975
f 949 975 955
f 949 955 974
f 949 974 952
f 949 952 951
f 949 951 950
f 952 974 953
f 953 974 955
f 958 976 959
f 959 976 963
f 961 971 962
f 961 970 972
f 961 972 971
f 966 977 967
f 967 977 978
f 967 978 979
f 967 979 969
f 969 979 978
f 969 978 970
f 970 978 980
f 970 980 981
f 970 981 972
f 972 981 982
f 972 982 983
f 972 983 984
f 972 984 973
f 975 983 982

o geometry_3
v 0.08644726 0.02786932 0.01668700 0.38039216 0.78823529 0.52549020
v 0.08644726 0.02776109 0.01477426 0.38039216 0.78823529 0.52549020
v 0.08602363 0.02775594 0.01477426 0.38039216 0.78823529 0.52549020
v 0.08410767 0.02783840 0.01668700 0.38039216 0.78823529 0.52549020
v 0.08663019 0.02746217 0.01914765 0.38039216 0.78823529 0.52549020
v 0.08862316 0.02745186 0.01916882 0.38039216 0.78823529 0.52549020
v 0.09578632 0.02782294 0.01668700 0.38039216 0.78823529 0.52549020
v 0.09770227 0.02778686 0.01477426 0.38039216 0.78823529 0.52549020
v 0.08410767 0.02768894 0.01477426 0.38039216 0.78823529 0.52549020
v 0.08368404 0.02764771 0.01477426 0.38039216 0.78823529 0.52549020
v 0.08176809 0.02759617 0.01668700 0.38039216 0.78823529 0.52549020
v 0.08035279 0.02731270 0.01803438 0.38039216 0.78823529 0.52549020
v 0.08176809 0.02741063 0.01831083 0.38039216 0.78823529 0.52549020
v 0.08410767 0.02749824 0.01862463 0.38039216 0.78823529 0.52549020
v 0.08752558 0.02725086 0.02021858 0.38039216 0.78823529 0.52549020
v 0.08773740 0.02725086 0.02021858 0.38039216 0.78823529 0.52549020
v 0.09578632 0.02747763 0.01865577 0.38039216 0.78823529 0.52549020
v 0.09812590 0.02777655 0.01668700 0.38039216 0.78823529 0.52549020
v 0.10004186 0.02774563 0.01477426 0.38039216 0.78823529 0.52549020
v 0.09812590 0.02778171 0.01477426 0.38039216 0.78823529 0.52549020
v 0.08146000 0.02735909 0.01477426 0.38039216 0.78823529 0.52549020
v 0.08045870 0.02729209 0.01534086 0.38039216 0.78823529 0.52549020
v 0.08030465 0.02733332 0.01668700 0.38039216 0.78823529 0.52549020
v 0.08644726 0.02603454 0.02369412 0.38039216 0.78823529 0.52549020
v 0.07913968 0.02681278 0.01668700 0.38039216 0.78823529 0.52549020
v 0.07045531 0.02082913 0.02603149 0.38039216 0.78823529 0.52549020
v 0.07058047 0.02068482 0.02749592 0.38039216 0.78823529 0.52549020
v 0.07133145 0.02108167 0.02749592 0.38039216 0.78823529 0.52549020
v 0.07250605 0.02152490 0.02749592 0.38039216 0.78823529 0.52549020
v 0.07352661 0.02180321 0.02749592 0.38039216 0.78823529 0.52549020
v 0.08877721 0.02632831 0.02369412 0.38039216 0.78823529 0.52549020
v 0.10046548 0.02638501 0.02369412 0.38039216 0.78823529 0.52549020
v 0.10279544 0.02634893 0.02369412 0.38039216 0.78823529 0.52549020
v 0.09812590 0.02743640 0.01860346 0.38039216 0.78823529 0.52549020
v 0.11591827 0.02725601 0.01557995 0.38039216 0.78823529 0.52549020
v 0.11591827 0.02725601 0.01519267 0.38039216 0.78823529 0.52549020
v 0.11635153 0.02721994 0.01477426 0.38039216 0.78823529 0.52549020
v 0.08078605 0.02720447 0.01477426 0.38039216 0.78823529 0.52549020
v 0.07988102 0.02679216 0.01477426 0.38039216 0.78823529 0.52549020
v 0.07475898 0.02204029 0.02749592 0.38039216 0.78823529 0.52549020
v 0.08644726 0.02526146 0.02537025 0.38039216 0.78823529 0.52549020
v 0.08877721 0.02545216 0.02564919 0.38039216 0.78823529 0.52549020
v 0.07952479 0.02657055 0.01477426 0.38039216 0.78823529 0.52549020
v 0.07789768 0.02539031 0.01477426 0.38039216 0.78823529 0.52549020
v 0.07773400 0.02564800 0.01668700 0.38039216 0.78823529 0.52549020
v 0.07056121 0.02081367 0.02369412 0.38039216 0.78823529 0.52549020
v 0.06928070 0.01971589 0.02603149 0.38039216 0.78823529 0.52549020
v 0.06940586 0.01973135 0.02749592 0.38039216 0.78823529 0.52549020
v 0.09111679 0.02549854 0.02578866 0.38039216 0.78823529 0.52549020
v 0.09345637 0.02549339 0.02590572 0.38039216 0.78823529 0.52549020
v 0.09578632 0.02551916 0.02591568 0.38039216 0.78823529 0.52549020
v 0.10279544 0.02553462 0.02578617 0.38039216 0.78823529 0.52549020
v 0.10513502 0.02545216 0.02571768 0.38039216 0.78823529 0.52549020
v 0.10747459 0.02533362 0.02558319 0.38039216 0.78823529 0.52549020
v 0.10513502 0.02616854 0.02369412 0.38039216 0.78823529 0.52549020
v 0.11673664 0.02701893 0.01649024 0.38039216 0.78823529 0.52549020
v 0.11914362 0.02676639 0.01668700 0.38039216 0.78823529 0.52549020
v 0.13316184 0.02542123 0.01668700 0.38039216 0.78823529 0.52549020
v 0.13784101 0.02500892 0.01601580 0.38039216 0.78823529 0.52549020
v 0.13907338 0.02491615 0.01558244 0.38039216 0.78823529 0.52549020
v 0.13507780 0.02535423 0.01477426 0.38039216 0.78823529 0.52549020
v 0.12382278 0.02648293 0.01477426 0.38039216 0.78823529 0.52549020
v 0.07594321 0.02223098 0.02749592 0.38039216 0.78823529 0.52549020
v 0.09111679 0.02459146 0.02695672 0.38039216 0.78823529 0.52549020
v 0.09345637 0.02477184 0.02707378 0.38039216 0.78823529 0.52549020
v 0.07272749 0.02090644 0.01477426 0.38039216 0.78823529 0.52549020
v 0.07136996 0.02009213 0.01603572 0.38039216 0.78823529 0.52549020
v 0.07120628 0.02028797 0.01759355 0.38039216 0.78823529 0.52549020
v 0.06939624 0.01945820 0.02369412 0.38039216 0.78823529 0.52549020
v 0.06859712 0.01855112 0.02603149 0.38039216 0.78823529 0.52549020
v 0.06854898 0.01856142 0.02749592 0.38039216 0.78823529 0.52549020
v 0.06880894 0.01899950 0.02749592 0.38039216 0.78823529 0.52549020
v 0.09578632 0.02475638 0.02708374 0.38039216 0.78823529 0.52549020
v 0.10279544 0.02451415 0.02695423 0.38039216 0.78823529 0.52549020
v 0.10513502 0.02444715 0.02688574 0.38039216 0.78823529 0.52549020
v 0.10747459 0.02440076 0.02675125 0.38039216 0.78823529 0.52549020
v 0.10981418 0.02439046 0.02656945 0.38039216 0.78823529 0.52549020
v 0.12615273 0.02242168 0.02712733 0.38039216 0.78823529 0.52549020
v 0.12615273 0.02321022 0.02595926 0.38039216 0.78823529 0.52549020
v 0.13316184 0.02284945 0.02543251 0.38039216 0.78823529 0.52549020
v 0.10981418 0.02517900 0.02540138 0.38039216 0.78823529 0.52549020
v 0.11214413 0.02504500 0.02516229 0.38039216 0.78823529 0.52549020
v 0.11368459 0.02495738 0.02496803 0.38039216 0.78823529 0.52549020
v 0.13486598 0.02498831 0.01807049 0.38039216 0.78823529 0.52549020
v 0.13558808 0.02515323 0.01681277 0.38039216 0.78823529 0.52549020
v 0.13642571 0.02486461 0.01767574 0.38039216 0.78823529 0.52549020
v 0.13784101 0.02477184 0.01718386 0.38039216 0.78823529 0.52549020
v 0.13907338 0.02491615 0.01514785 0.38039216 0.78823529 0.52549020
v 0.13856310 0.02497284 0.01477426 0.38039216 0.78823529 0.52549020
v 0.13551105 0.02530785 0.01477426 0.38039216 0.78823529 0.52549020
v 0.13997840 0.02459146 0.01649149 0.38039216 0.78823529 0.52549020
v 0.15092533 0.02261752 0.01800823 0.38039216 0.78823529 0.52549020
v 0.15652877 0.02181352 0.01668700 0.38039216 0.78823529 0.52549020
v 0.15652877 0.02182383 0.01477426 0.38039216 0.78823529 0.52549020
v 0.09345637 0.02405030 0.02749592 0.38039216 0.78823529 0.52549020
v 0.07158177 0.01984474 0.01477426 0.38039216 0.78823529 0.52549020
v 0.07081154 0.01870573 0.01477426 0.38039216 0.78823529 0.52549020
v 0.06874154 0.01828827 0.02369412 0.38039216 0.78823529 0.52549020
v 0.06789428 0.01672664 0.02749592 0.38039216 0.78823529 0.52549020
v 0.09436139 0.02405030 0.02749592 0.38039216 0.78823529 0.52549020
v 0.10981418 0.02335968 0.02749592 0.38039216 0.78823529 0.52549020
v 0.12615273 0.02125690 0.02747849 0.38039216 0.78823529 0.52549020
v 0.13272859 0.02061267 0.02735147 0.38039216 0.78823529 0.52549020
v 0.14718007 0.02087036 0.02569029 0.38039216 0.78823529 0.52549020
v 0.11214413 0.02305560 0.02749592 0.38039216 0.78823529 0.52549020
v 0.14017096 0.02250414 0.02444502 0.38039216 0.78823529 0.52549020
v 0.14718007 0.02172075 0.02369412 0.38039216 0.78823529 0.52549020
v 0.13949701 0.02481823 0.01477426 0.38039216 0.78823529 0.52549020
v 0.15652877 0.02041682 0.02313624 0.38039216 0.78823529 0.52549020
v 0.15652877 0.02085490 0.02135800 0.38039216 0.78823529 0.52549020
v 0.15652877 0.02140636 0.01902312 0.38039216 0.78823529 0.52549020
v 0.16470286 0.02023128 0.01785506 0.38039216 0.78823529 0.52549020
v 0.16470286 0.02023128 0.01785257 0.38039216 0.78823529 0.52549020
v 0.15886834 0.02128783 0.01477426 0.38039216 0.78823529 0.52549020
v 0.07011833 0.01716472 0.01477426 0.38039216 0.78823529 0.52549020
v 0.06887633 0.01799965 0.02233802 0.38039216 0.78823529 0.52549020
v 0.06807721 0.01672664 0.02603149 0.38039216 0.78823529 0.52549020
v 0.06759582 0.00556335 0.01477426 0.38039216 0.78823529 0.52549020
v 0.06759582 0.01439194 0.02749592 0.38039216 0.78823529 0.52549020
v 0.11795939 0.02204544 0.02749592 0.38039216 0.78823529 0.52549020
v 0.11921101 0.02145275 0.02749592 0.38039216 0.78823529 0.52549020
v 0.11929767 0.02141152 0.02749592 0.38039216 0.78823529 0.52549020
v 0.13280561 0.00494488 0.02749592 0.38039216 0.78823529 0.52549020
v 0.16119830 0.00037855 0.02676869 0.38039216 0.78823529 0.52549020
v 0.16119830 0.00270810 0.02672635 0.38039216 0.78823529 0.52549020
v 0.16119830 0.00504796 0.02662050 0.38039216 0.78823529 0.52549020
v 0.14718007 0.01906650 0.02660431 0.38039216 0.78823529 0.52549020
v 0.16260397 0.01800481 0.02493192 0.38039216 0.78823529 0.52549020
v 0.15496904 0.02017974 0.02477501 0.38039216 0.78823529 0.52549020
v 0.16121756 0.01998905 0.02127332 0.38039216 0.78823529 0.52549020
v 0.16353788 0.01937058 0.02135800 0.38039216 0.78823529 0.52549020
v 0.16487616 0.01810788 0.02293077 0.38039216 0.78823529 0.52549020
v 0.16507834 0.01840165 0.02135800 0.38039216 0.78823529 0.52549020
v 0.16513611 0.01910773 0.01879025 0.38039216 0.78823529 0.52549020
v 0.16516499 0.01917989 0.01691862 0.38039216 0.78823529 0.52549020
v 0.16517463 0.01870573 0.01477426 0.38039216 0.78823529 0.52549020
v 0.16497245 0.01892220 0.01477426 0.38039216 0.78823529 0.52549020
v 0.16389411 0.01983443 0.01477426 0.38039216 0.78823529 0.52549020
v 0.16297947 0.02024674 0.01477426 0.38039216 0.78823529 0.52549020
v 0.16276765 0.02030859 0.01477426 0.38039216 0.78823529 0.52549020
v 0.06993540 0.01672664 0.01477426 0.38039216 0.78823529 0.52549020
v 0.06841419 0.01672664 0.02369412 0.38039216 0.78823529 0.52549020
v 0.06933847 0.01477333 0.01477426 0.38039216 0.78823529 0.52549020
v 0.06753805 0.00503765 0.01477426 0.38039216 0.78823529 0.52549020
v 0.06745140 0.00302249 0.01477426 0.38039216 0.78823529 0.52549020
v 0.06745140 0.00270810 0.01477426 0.38039216 0.78823529 0.52549020
v 0.06822163 0.00270810 0.02749592 0.38039216 0.78823529 0.52549020
v 0.13297891 0.00270810 0.02749592 0.38039216 0.78823529 0.52549020
v 0.14251054 -0.00036876 0.02726555 0.38039216 0.78823529 0.52549020
v 0.16119830 -0.00195615 0.02676869 0.38039216 0.78823529 0.52549020
v 0.16328756 0.00504796 0.02584345 0.38039216 0.78823529 0.52549020
v 0.16321053 0.00738267 0.02571768 0.38039216 0.78823529 0.52549020
v 0.16288319 0.01672664 0.02506018 0.38039216 0.78823529 0.52549020
v 0.16404817 0.01672664 0.02427068 0.38039216 0.78823529 0.52549020
v 0.16344160 0.01842742 0.02370284 0.38039216 0.78823529 0.52549020
v 0.16492430 0.01672664 0.02310262 0.38039216 0.78823529 0.52549020
v 0.16534793 0.01672664 0.02135800 0.38039216 0.78823529 0.52549020
v 0.16568491 0.01672664 0.01902312 0.38039216 0.78823529 0.52549020
v 0.16580044 0.01672664 0.01668700 0.38039216 0.78823529 0.52549020
v 0.16529017 0.01826765 0.01477426 0.38039216 0.78823529 0.52549020
v 0.06757656 0.00043009 0.01477426 0.38039216 0.78823529 0.52549020
v 0.06936735 -0.01230514 0.02749592 0.38039216 0.78823529 0.52549020
v 0.13144808 -0.00194069 0.02749592 0.38039216 0.78823529 0.52549020
v 0.14251054 -0.00116246 0.02726555 0.38039216 0.78823529 0.52549020
v 0.15886834 -0.01597470 0.02558319 0.38039216 0.78823529 0.52549020
v 0.16119830 -0.00429601 0.02654703 0.38039216 0.78823529 0.52549020
v 0.16248844 -0.01539746 0.02496180 0.38039216 0.78823529 0.52549020
v 0.16294095 -0.00195615 0.02575255 0.38039216 0.78823529 0.52549020
v 0.16320091 0.00270810 0.02585840 0.38039216 0.78823529 0.52549020
v 0.12998463 -0.00421871 0.02749592 0.38039216 0.78823529 0.52549020
v 0.09990706 -0.01976279 0.02726555 0.38039216 0.78823529 0.52549020
v 0.16427923 0.00504796 0.02369412 0.38039216 0.78823529 0.52549020
v 0.16424072 0.01439194 0.02412747 0.38039216 0.78823529 0.52549020
v 0.16306612 0.01439194 0.02515856 0.38039216 0.78823529 0.52549020
v 0.16348974 -0.01363999 0.02135800 0.38039216 0.78823529 0.52549020
v 0.16548271 0.00971737 0.01668700 0.38039216 0.78823529 0.52549020
v 0.16400002 -0.01363999 0.01668700 0.38039216 0.78823529 0.52549020
v 0.16566565 0.01672664 0.01477426 0.38039216 0.78823529 0.52549020
v 0.16547309 0.00971737 0.01477426 0.38039216 0.78823529 0.52549020
v 0.16556936 0.01205723 0.01477426 0.38039216 0.78823529 0.52549020
v 0.06791354 -0.00192523 0.01477426 0.38039216 0.78823529 0.52549020
v 0.07111000 -0.02213873 0.02189097 0.38039216 0.78823529 0.52549020
v 0.07111000 -0.02213873 0.02320224 0.38039216 0.78823529 0.52549020
v 0.06964656 -0.01363999 0.02749592 0.38039216 0.78823529 0.52549020
v 0.13103408 -0.00266224 0.02749592 0.38039216 0.78823529 0.52549020
v 0.15886834 -0.01809809 0.02522082 0.38039216 0.78823529 0.52549020
v 0.16074579 -0.01785071 0.02518346 0.38039216 0.78823529 0.52549020
v 0.16119830 -0.00663072 0.02631790 0.38039216 0.78823529 0.52549020
v 0.16270988 -0.01609839 0.02382363 0.38039216 0.78823529 0.52549020
v 0.16310462 -0.01363999 0.02369412 0.38039216 0.78823529 0.52549020
v 0.16256546 -0.01363999 0.02503901 0.38039216 0.78823529 0.52549020
v 0.16140049 -0.01609839 0.02528931 0.38039216 0.78823529 0.52549020
v 0.16230551 -0.01695393 0.02468784 0.38039216 0.78823529 0.52549020
v 0.07516335 -0.01910310 0.02749592 0.38039216 0.78823529 0.52549020
v 0.07473972 -0.01914433 0.02749592 0.38039216 0.78823529 0.52549020
v 0.09812590 -0.02087603 0.02692933 0.38039216 0.78823529 0.52549020
v 0.10060027 -0.02058741 0.02698412 0.38039216 0.78823529 0.52549020
v 0.10279544 -0.02064926 0.02692310 0.38039216 0.78823529 0.52549020
v 0.11681367 -0.02064926 0.02642748 0.38039216 0.78823529 0.52549020
v 0.16304686 -0.01597470 0.02135800 0.38039216 0.78823529 0.52549020
v 0.16400002 -0.01363999 0.01477426 0.38039216 0.78823529 0.52549020
v 0.16331644 -0.01597470 0.01668700 0.38039216 0.78823529 0.52549020
v 0.16340309 -0.01597470 0.01477426 0.38039216 0.78823529 0.52549020
v 0.06841419 -0.00443001 0.01477426 0.38039216 0.78823529 0.52549020
v 0.06990651 -0.01130528 0.01477426 0.38039216 0.78823529 0.52549020
v 0.07062861 -0.01377914 0.01477426 0.38039216 0.78823529 0.52549020
v 0.07102335 -0.01487177 0.01477426 0.38039216 0.78823529 0.52549020
v 0.07130256 -0.02112342 0.02033439 0.38039216 0.78823529 0.52549020
v 0.07295856 -0.02237581 0.01902312 0.38039216 0.78823529 0.52549020
v 0.07232312 -0.02308189 0.02123347 0.38039216 0.78823529 0.52549020
v 0.07334368 -0.02425697 0.02213255 0.38039216 0.78823529 0.52549020
v 0.07334368 -0.02425697 0.02289466 0.38039216 0.78823529 0.52549020
v 0.07232312 -0.02306127 0.02382736 0.38039216 0.78823529 0.52549020
v 0.07130256 -0.02166457 0.02476007 0.38039216 0.78823529 0.52549020
v 0.06985837 -0.01451100 0.02749592 0.38039216 0.78823529 0.52549020
v 0.15886834 -0.01926287 0.02474762 0.38039216 0.78823529 0.52549020
v 0.11914362 -0.02064926 0.02632164 0.38039216 0.78823529 0.52549020
v 0.16049547 -0.01992772 0.02324333 0.38039216 0.78823529 0.52549020
v 0.16246919 -0.01736109 0.02313126 0.38039216 0.78823529 0.52549020
v 0.16077468 -0.02031426 0.02135800 0.38039216 0.78823529 0.52549020
v 0.07242902 -0.01810840 0.02749592 0.38039216 0.78823529 0.52549020
v 0.07473972 -0.02047403 0.02683095 0.38039216 0.78823529 0.52549020
v 0.08183549 -0.02047918 0.02701899 0.38039216 0.78823529 0.52549020
v 0.08637023 -0.02053588 0.02703019 0.38039216 0.78823529 0.52549020
v 0.08880609 -0.02053588 0.02704763 0.38039216 0.78823529 0.52549020
v 0.10513502 -0.02256650 0.02579115 0.38039216 0.78823529 0.52549020
v 0.08176809 -0.02279327 0.02582851 0.38039216 0.78823529 0.52549020
v 0.11914362 -0.02231396 0.02551221 0.38039216 0.78823529 0.52549020
v 0.16252695 -0.01749509 0.02135800 0.38039216 0.78823529 0.52549020
v 0.16267137 -0.01778886 0.01477426 0.38039216 0.78823529 0.52549020
v 0.07123517 -0.01530985 0.01477426 0.38039216 0.78823529 0.52549020
v 0.07164917 -0.01614477 0.01477426 0.38039216 0.78823529 0.52549020
v 0.07316075 -0.01888664 0.01477426 0.38039216 0.78823529 0.52549020
v 0.07340144 -0.01970095 0.01524871 0.38039216 0.78823529 0.52549020
v 0.07347847 -0.02190681 0.01773925 0.38039216 0.78823529 0.52549020
v 0.07416205 -0.02403020 0.02057721 0.38039216 0.78823529 0.52549020
v 0.07487451 -0.02434459 0.02135551 0.38039216 0.78823529 0.52549020
v 0.07709856 -0.02463836 0.02135800 0.38039216 0.78823529 0.52549020
v 0.07475898 -0.02436521 0.02313375 0.38039216 0.78823529 0.52549020
v 0.07475898 -0.02388074 0.02430181 0.38039216 0.78823529 0.52549020
v 0.07285265 -0.02242735 0.02534161 0.38039216 0.78823529 0.52549020
v 0.07107149 -0.01712916 0.02749592 0.38039216 0.78823529 0.52549020
v 0.07079228 -0.01663439 0.02749592 0.38039216 0.78823529 0.52549020
v 0.15886834 -0.02023695 0.02357956 0.38039216 0.78823529 0.52549020
v 0.13434608 -0.02181919 0.02486343 0.38039216 0.78823529 0.52549020
v 0.15893575 -0.02142234 0.02133558 0.38039216 0.78823529 0.52549020
v 0.15975412 -0.02170581 0.01974911 0.38039216 0.78823529 0.52549020
v 0.16193965 -0.01865987 0.02135800 0.38039216 0.78823529 0.52549020
v 0.16010072 -0.02190165 0.01819128 0.38039216 0.78823529 0.52549020
v 0.07123517 -0.01726832 0.02749592 0.38039216 0.78823529 0.52549020
v 0.07475898 -0.02271597 0.02559315 0.38039216 0.78823529 0.52549020
v 0.07943814 -0.02289635 0.02573387 0.38039216 0.78823529 0.52549020
v 0.07943814 -0.02406113 0.02467664 0.38039216 0.78823529 0.52549020
v 0.13527036 -0.02229335 0.02388216 0.38039216 0.78823529 0.52549020
v 0.10747459 -0.02359212 0.02369412 0.38039216 0.78823529 0.52549020
v 0.16211295 -0.01895879 0.01477426 0.38039216 0.78823529 0.52549020
v 0.07428721 -0.01986072 0.01477426 0.38039216 0.78823529 0.52549020
v 0.07490340 -0.02022664 0.01477426 0.38039216 0.78823529 0.52549020
v 0.07744517 -0.02138627 0.01477426 0.38039216 0.78823529 0.52549020
v 0.07936112 -0.02224696 0.01477426 0.38039216 0.78823529 0.52549020
v 0.07943814 -0.02227789 0.01477426 0.38039216 0.78823529 0.52549020
v 0.07487451 -0.02341689 0.01920867 0.38039216 0.78823529 0.52549020
v 0.07946702 -0.02228819 0.01477426 0.38039216 0.78823529 0.52549020
v 0.07709856 -0.02376220 0.01857482 0.38039216 0.78823529 0.52549020
v 0.07572177 -0.02419513 0.02011273 0.38039216 0.78823529 0.52549020
v 0.07709856 -0.02432397 0.01974288 0.38039216 0.78823529 0.52549020
v 0.07943814 -0.02478267 0.02135800 0.38039216 0.78823529 0.52549020
v 0.07943814 -0.02443736 0.01926968 0.38039216 0.78823529 0.52549020
v 0.07709856 -0.02447344 0.02335914 0.38039216 0.78823529 0.52549020
v 0.07709856 -0.02395805 0.02452721 0.38039216 0.78823529 0.52549020
v 0.15185923 -0.02170581 0.02229942 0.38039216 0.78823529 0.52549020
v 0.15652877 -0.02144811 0.02191961 0.38039216 0.78823529 0.52549020
v 0.15652877 -0.02210781 0.02075155 0.38039216 0.78823529 0.52549020
v 0.15819440 -0.02196865 0.02054235 0.38039216 0.78823529 0.52549020
v 0.14251054 -0.02211296 0.02309017 0.38039216 0.78823529 0.52549020
v 0.15893575 -0.02223665 0.01899074 0.38039216 0.78823529 0.52549020
v 0.16193003 -0.01928348 0.01477426 0.38039216 0.78823529 0.52549020
v 0.16017775 -0.02198927 0.01668700 0.38039216 0.78823529 0.52549020
v 0.16103463 -0.02064926 0.01668700 0.38039216 0.78823529 0.52549020
v 0.15886834 -0.02276235 0.01668700 0.38039216 0.78823529 0.52549020
v 0.07943814 -0.02449921 0.02350858 0.38039216 0.78823529 0.52549020
v 0.13550143 -0.02322105 0.02135800 0.38039216 0.78823529 0.52549020
v 0.13784101 -0.02309220 0.02135800 0.38039216 0.78823529 0.52549020
v 0.13784101 -0.02231396 0.02344507 0.38039216 0.78823529 0.52549020
v 0.10747459 -0.02406113 0.02188973 0.38039216 0.78823529 0.52549020
v 0.08161405 -0.02277781 0.01477426 0.38039216 0.78823529 0.52549020
v 0.07943814 -0.02335505 0.01668700 0.38039216 0.78823529 0.52549020
v 0.07943814 -0.02405597 0.01810162 0.38039216 0.78823529 0.52549020
v 0.09345637 -0.02428790 0.01477426 0.38039216 0.78823529 0.52549020
v 0.10088911 -0.02450436 0.01477426 0.38039216 0.78823529 0.52549020
v 0.10279544 -0.02451982 0.01477426 0.38039216 0.78823529 0.52549020
v 0.10747459 -0.02455590 0.01477426 0.38039216 0.78823529 0.52549020
v 0.10747459 -0.02456105 0.01668700 0.38039216 0.78823529 0.52549020
v 0.14178845 -0.02419513 0.01477426 0.38039216 0.78823529 0.52549020
v 0.14164403 -0.02417451 0.01566712 0.38039216 0.78823529 0.52549020
v 0.09111679 -0.02415905 0.01477426 0.38039216 0.78823529 0.52549020
v 0.09335046 -0.02428274 0.01477426 0.38039216 0.78823529 0.52549020
v 0.15652877 -0.02277781 0.01902312 0.38039216 0.78823529 0.52549020
v 0.14251054 -0.02282935 0.02135800 0.38039216 0.78823529 0.52549020
v 0.16111165 -0.02064926 0.01477426 0.38039216 0.78823529 0.52549020
v 0.16020663 -0.02202019 0.01477426 0.38039216 0.78823529 0.52549020
v 0.16095760 -0.02089149 0.01477426 0.38039216 0.78823529 0.52549020
v 0.15886834 -0.02283966 0.01477426 0.38039216 0.78823529 0.52549020
v 0.15652877 -0.02327774 0.01668700 0.38039216 0.78823529 0.52549020
v 0.14251054 -0.02354059 0.01902312 0.38039216 0.78823529 0.52549020
v 0.14246240 -0.02400443 0.01654255 0.38039216 0.78823529 0.52549020
v 0.08882535 -0.02389620 0.01477426 0.38039216 0.78823529 0.52549020
v 0.08917195 -0.02394774 0.01477426 0.38039216 0.78823529 0.52549020
v 0.15652877 -0.02334474 0.01477426 0.38039216 0.78823529 0.52549020
f 985 986 987
f 985 987 988
f 985 988 989
f 985 989 990
f 985 990 991
f 985 991 992
f 985 992 986
f 986 992 1004
f 986 1004 1003
f 986 1003 1021
f 986 1021 1046
f 986 1046 1045
f 986 1045 1074
f 986 1074 1073
f 986 1073 1092
f 986 1092 1078
f 986 1078 1098
f 986 1098 1124
f 986 1124 1123
f 986 1123 1122
f 986 1122 1121
f 986 1121 1120
f 986 1120 1144
f 986 1144 1162
f 986 1162 1164
f 986 1164 1163
f 986 1163 1185
f 986 1185 1187
f 986 1187 1214
f 986 1214 1240
f 986 1240 1261
f 986 1261 1284
f 986 1284 1286
f 986 1286 1285
f 986 1285 1287
f 986 1287 1293
f 986 1293 1278
f 986 1278 1276
f 986 1276 1275
f 986 1275 1274
f 986 1274 1273
f 986 1273 1281
f 986 1281 1280
f 986 1280 1292
f 986 1292 1291
f 986 1291 1270
f 986 1270 1247
f 986 1247 1245
f 986 1245 1244
f 986 1244 1243
f 986 1243 1242
f 986 1242 1241
f 986 1241 1217
f 986 1217 1216
f 986 1216 1215
f 986 1215 1191
f 986 1191 1190
f 986 1190 1189
f 986 1189 1188
f 986 1188 1165
f 986 1165 1145
f 986 1145 1130
f 986 1130 1129
f 986 1129 1128
f 986 1128 1102
f 986 1102 1127
f 986 1127 1125
f 986 1125 1099
f 986 1099 1081
f 986 1081 1080
f 986 1080 1050
f 986 1050 1028
f 986 1028 1027
f 986 1027 1023
f 986 1023 1022
f 986 1022 1005
f 986 1005 994
f 986 994 993
f 986 993 987
f 987 993 988
f 988 993 994
f 988 994 995
f 988 995 996
f 988 996 997
f 988 997 998
f 988 998 989
f 989 999 1000
f 989 1000 990
f 989 998 999
f 990 1000 1001
f 990 1001 991
f 991 1001 1002
f 991 1002 1003
f 991 1003 1004
f 991 1004 992
f 994 1005 1006
f 994 1006 995
f 995 1006 1007
f 995 1007 996
f 996 1008 997
f 996 1007 1009
f 996 1009 1010
f 996 1010 1011
f 996 1011 1012
f 996 1012 1013
f 996 1013 1014
f 996 1014 1008
f 997 1008 1015
f 997 1015 998
f 998 1015 999
f 999 1015 1016
f 999 1016 1000
f 1000 1016 1001
f 1001 1016 1017
f 1001 1017 1018
f 1001 1018 1002
f 1002 1018 1017
f 1002 1017 1019
f 1002 1019 1003
f 1003 1019 1020
f 1003 1020 1021
f 1005 1022 1006
f 1006 1022 1023
f 1006 1023 1009
f 1006 1009 1007
f 1008 1014 1024
f 1008 1024 1025
f 1008 1025 1026
f 1008 1026 1015
f 1009 1023 1027
f 1009 1027 1028
f 1009 1028 1029
f 1009 1029 1030
f 1009 1030 1010
f 1010 1030 1031
f 1010 1031 1032
f 1010 1032 1011
f 1011 1032 1056
f 1011 1056 1055
f 1011 1055 1083
f 1011 1083 1103
f 1011 1103 1131
f 1011 1131 1146
f 1011 1146 1168
f 1011 1168 1199
f 1011 1199 1227
f 1011 1227 1226
f 1011 1226 1234
f 1011 1234 1205
f 1011 1205 1179
f 1011 1179 1178
f 1011 1178 1154
f 1011 1154 1169
f 1011 1169 1147
f 1011 1147 1132
f 1011 1132 1107
f 1011 1107 1106
f 1011 1106 1105
f 1011 1105 1104
f 1011 1104 1089
f 1011 1089 1085
f 1011 1085 1084
f 1011 1084 1079
f 1011 1079 1047
f 1011 1047 1024
f 1011 1024 1014
f 1011 1014 1013
f 1011 1013 1012
f 1015 1026 1033
f 1015 1033 1034
f 1015 1034 1035
f 1015 1035 1016
f 1016 1035 1036
f 1016 1036 1017
f 1017 1036 1037
f 1017 1037 1038
f 1017 1038 1039
f 1017 1039 1040
f 1017 1040 1019
f 1019 1040 1041
f 1019 1041 1042
f 1019 1042 1043
f 1019 1043 1044
f 1019 1044 1045
f 1019 1045 1046
f 1019 1046 1021
f 1019 1021 1020
f 1024 1047 1025
f 1025 1047 1026
f 1026 1048 1049
f 1026 1049 1033
f 1026 1047 1048
f 1028 1050 1051
f 1028 1051 1052
f 1028 1052 1029
f 1029 1052 1030
f 1030 1052 1053
f 1030 1053 1031
f 1031 1054 1055
f 1031 1055 1056
f 1031 1056 1032
f 1031 1053 1054
f 1033 1049 1034
f 1034 1049 1035
f 1035 1049 1057
f 1035 1057 1036
f 1036 1057 1058
f 1036 1058 1059
f 1036 1059 1037
f 1037 1059 1060
f 1037 1060 1061
f 1037 1061 1038
f 1038 1061 1062
f 1038 1062 1063
f 1038 1063 1064
f 1038 1064 1065
f 1038 1065 1066
f 1038 1066 1039
f 1039 1066 1067
f 1039 1067 1068
f 1039 1068 1041
f 1039 1041 1040
f 1041 1068 1042
f 1042 1068 1069
f 1042 1069 1043
f 1043 1069 1070
f 1043 1070 1071
f 1043 1071 1044
f 1044 1072 1073
f 1044 1073 1074
f 1044 1074 1045
f 1044 1071 1075
f 1044 1075 1076
f 1044 1076 1077
f 1044 1077 1078
f 1044 1078 1072
f 1047 1079 1049
f 1047 1049 1048
f 1049 1079 1057
f 1050 1080 1051
f 1051 1080 1081
f 1051 1081 1053
f 1051 1053 1052
f 1053 1081 1082
f 1053 1082 1054
f 1054 1082 1083
f 1054 1083 1055
f 1057 1079 1084
f 1057 1084 1085
f 1057 1085 1058
f 1058 1085 1059
f 1059 1085 1062
f 1059 1062 1060
f 1060 1062 1061
f 1062 1086 1087
f 1062 1087 1088
f 1062 1088 1064
f 1062 1064 1063
f 1062 1085 1089
f 1062 1089 1086
f 1064 1088 1090
f 1064 1090 1066
f 1064 1066 1065
f 1066 1090 1067
f 1067 1090 1068
f 1068 1090 1091
f 1068 1091 1070
f 1068 1070 1069
f 1070 1091 1076
f 1070 1076 1071
f 1071 1076 1075
f 1072 1078 1092
f 1072 1092 1073
f 1076 1091 1093
f 1076 1093 1094
f 1076 1094 1095
f 1076 1095 1096
f 1076 1096 1077
f 1077 1096 1078
f 1078 1096 1097
f 1078 1097 1098
f 1081 1099 1100
f 1081 1100 1082
f 1082 1100 1101
f 1082 1101 1083
f 1083 1101 1102
f 1083 1102 1103
f 1086 1104 1105
f 1086 1105 1106
f 1086 1106 1107
f 1086 1107 1087
f 1086 1089 1104
f 1087 1107 1108
f 1087 1108 1109
f 1087 1109 1110
f 1087 1110 1111
f 1087 1111 1088
f 1088 1111 1112
f 1088 1112 1113
f 1088 1113 1090
f 1090 1113 1091
f 1091 1113 1093
f 1093 1114 1096
f 1093 1096 1094
f 1093 1113 1114
f 1094 1096 1095
f 1096 1115 1116
f 1096 1116 1117
f 1096 1117 1118
f 1096 1118 1119
f 1096 1119 1097
f 1096 1114 1115
f 1097 1119 1120
f 1097 1120 1121
f 1097 1121 1122
f 1097 1122 1123
f 1097 1123 1124
f 1097 1124 1098
f 1099 1125 1100
f 1100 1126 1101
f 1100 1125 1127
f 1100 1127 1126
f 1101 1126 1102
f 1102 1128 1103
f 1102 1126 1127
f 1103 1128 1129
f 1103 1129 1130
f 1103 1130 1131
f 1107 1132 1133
f 1107 1133 1108
f 1108 1134 1135
f 1108 1135 1109
f 1108 1133 1148
f 1108 1148 1134
f 1109 1135 1110
f 1110 1135 1136
f 1110 1136 1137
f 1110 1137 1111
f 1111 1137 1112
f 1112 1137 1138
f 1112 1138 1116
f 1112 1116 1139
f 1112 1139 1113
f 1113 1139 1115
f 1113 1115 1114
f 1115 1139 1116
f 1116 1140 1141
f 1116 1141 1117
f 1116 1138 1140
f 1117 1141 1142
f 1117 1142 1118
f 1118 1142 1143
f 1118 1143 1119
f 1119 1143 1120
f 1120 1143 1144
f 1130 1145 1131
f 1131 1145 1146
f 1132 1147 1148
f 1132 1148 1133
f 1134 1149 1150
f 1134 1150 1151
f 1134 1151 1152
f 1134 1152 1153
f 1134 1153 1135
f 1134 1148 1154
f 1134 1154 1155
f 1134 1155 1149
f 1135 1153 1156
f 1135 1156 1140
f 1135 1140 1157
f 1135 1157 1138
f 1135 1138 1136
f 1136 1138 1158
f 1136 1158 1137
f 1137 1158 1138
f 1138 1157 1140
f 1140 1156 1141
f 1141 1156 1159
f 1141 1159 1142
f 1142 1160 1143
f 1142 1159 1161
f 1142 1161 1160
f 1143 1162 1144
f 1143 1160 1163
f 1143 1163 1164
f 1143 1164 1162
f 1145 1165 1146
f 1146 1166 1167
f 1146 1167 1168
f 1146 1165 1166
f 1147 1169 1148
f 1148 1169 1154
f 1149 1170 1171
f 1149 1171 1172
f 1149 1172 1150
f 1149 1155 1170
f 1150 1172 1151
f 1151 1173 1174
f 1151 1174 1156
f 1151 1156 1175
f 1151 1175 1152
f 1151 1172 1176
f 1151 1176 1171
f 1151 1171 1177
f 1151 1177 1173
f 1152 1175 1153
f 1153 1175 1156
f 1154 1178 1155
f 1155 1178 1179
f 1155 1179 1180
f 1155 1180 1181
f 1155 1181 1182
f 1155 1182 1183
f 1155 1183 1170
f 1156 1174 1159
f 1159 1174 1173
f 1159 1173 1184
f 1159 1184 1161
f 1160 1161 1185
f 1160 1185 1163
f 1161 1184 1186
f 1161 1186 1187
f 1161 1187 1185
f 1165 1188 1166
f 1166 1189 1190
f 1166 1190 1191
f 1166 1191 1192
f 1166 1192 1193
f 1166 1193 1194
f 1166 1194 1195
f 1166 1195 1196
f 1166 1196 1167
f 1166 1188 1189
f 1167 1196 1197
f 1167 1197 1198
f 1167 1198 1199
f 1167 1199 1168
f 1170 1200 1171
f 1170 1183 1201
f 1170 1201 1200
f 1171 1202 1177
f 1171 1176 1172
f 1171 1200 1202
f 1173 1177 1203
f 1173 1203 1184
f 1177 1202 1204
f 1177 1204 1203
f 1179 1205 1206
f 1179 1206 1207
f 1179 1207 1208
f 1179 1208 1209
f 1179 1209 1180
f 1180 1210 1182
f 1180 1182 1181
f 1180 1209 1211
f 1180 1211 1210
f 1182 1210 1212
f 1182 1212 1183
f 1183 1212 1201
f 1184 1203 1213
f 1184 1213 1186
f 1186 1213 1187
f 1187 1213 1214
f 1191 1215 1192
f 1192 1215 1216
f 1192 1216 1217
f 1192 1217 1218
f 1192 1218 1193
f 1193 1218 1219
f 1193 1219 1220
f 1193 1220 1194
f 1194 1220 1195
f 1195 1220 1221
f 1195 1221 1222
f 1195 1222 1196
f 1196 1222 1223
f 1196 1223 1224
f 1196 1224 1225
f 1196 1225 1197
f 1197 1225 1198
f 1198 1225 1226
f 1198 1226 1227
f 1198 1227 1199
f 1200 1228 1202
f 1200 1201 1212
f 1200 1212 1229
f 1200 1229 1228
f 1202 1228 1230
f 1202 1230 1231
f 1202 1231 1204
f 1203 1232 1213
f 1203 1204 1232
f 1204 1231 1233
f 1204 1233 1232
f 1205 1234 1225
f 1205 1225 1206
f 1206 1235 1236
f 1206 1236 1207
f 1206 1225 1235
f 1207 1211 1208
f 1207 1236 1211
f 1208 1211 1209
f 1210 1211 1237
f 1210 1237 1212
f 1211 1236 1237
f 1212 1238 1229
f 1212 1237 1239
f 1212 1239 1238
f 1213 1232 1240
f 1213 1240 1214
f 1217 1241 1218
f 1218 1241 1219
f 1219 1241 1242
f 1219 1242 1243
f 1219 1243 1244
f 1219 1244 1245
f 1219 1245 1246
f 1219 1246 1220
f 1220 1246 1245
f 1220 1245 1247
f 1220 1247 1248
f 1220 1248 1249
f 1220 1249 1221
f 1221 1249 1250
f 1221 1250 1222
f 1222 1251 1223
f 1222 1250 1252
f 1222 1252 1251
f 1223 1251 1253
f 1223 1253 1224
f 1224 1253 1254
f 1224 1254 1235
f 1224 1235 1225
f 1225 1234 1226
f 1228 1255 1256
f 1228 1256 1257
f 1228 1257 1258
f 1228 1258 1230
f 1228 1229 1255
f 1229 1238 1259
f 1229 1259 1255
f 1230 1258 1231
f 1231 1258 1260
f 1231 1260 1233
f 1232 1261 1240
f 1232 1233 1262
f 1232 1262 1263
f 1232 1263 1261
f 1233 1260 1264
f 1233 1264 1262
f 1235 1254 1237
f 1235 1237 1236
f 1237 1254 1253
f 1237 1253 1265
f 1237 1265 1239
f 1238 1266 1267
f 1238 1267 1268
f 1238 1268 1259
f 1238 1239 1266
f 1239 1265 1269
f 1239 1269 1266
f 1247 1270 1271
f 1247 1271 1248
f 1248 1271 1272
f 1248 1272 1249
f 1249 1272 1250
f 1250 1272 1252
f 1251 1265 1253
f 1251 1252 1273
f 1251 1273 1274
f 1251 1274 1275
f 1251 1275 1276
f 1251 1276 1277
f 1251 1277 1278
f 1251 1278 1279
f 1251 1279 1265
f 1252 1272 1280
f 1252 1280 1281
f 1252 1281 1273
f 1255 1259 1257
f 1255 1257 1256
f 1257 1282 1258
f 1257 1259 1268
f 1257 1268 1283
f 1257 1283 1282
f 1258 1282 1260
f 1260 1282 1264
f 1261 1263 1284
f 1262 1285 1286
f 1262 1286 1263
f 1262 1264 1287
f 1262 1287 1285
f 1263 1286 1284
f 1264 1282 1288
f 1264 1288 1287
f 1265 1279 1269
f 1266 1289 1282
f 1266 1282 1267
f 1266 1269 1289
f 1267 1282 1283
f 1267 1283 1268
f 1269 1279 1290
f 1269 1290 1289
f 1270 1272 1271
f 1270 1291 1272
f 1272 1291 1292
f 1272 1292 1280
f 1276 1278 1277
f 1278 1293 1279
f 1279 1293 1288
f 1279 1288 1290
f 1282 1289 1288
f 1287 1288 1293
f 1288 1289 1290

o geometry_4
v 0.09769960 0.02779196 0.01477352 0.56470588 0.92549020 0.07058824
v 0.10004293 0.02774584 0.01477352 0.56470588 0.92549020 0.07058824
v 0.10046603 0.02774072 0.01434871 0.56470588 0.92549020 0.07058824
v 0.09812270 0.02778172 0.01434871 0.56470588 0.92549020 0.07058824
v 0.08644942 0.02776122 0.01477352 0.56470588 0.92549020 0.07058824
v 0.11633778 0.02721804 0.01477352 0.56470588 0.92549020 0.07058824
v 0.10279852 0.02738202 0.01286933 0.56470588 0.92549020 0.07058824
v 0.10046603 0.02743326 0.01279629 0.56470588 0.92549020 0.07058824
v 0.11673918 0.02718217 0.01438747 0.56470588 0.92549020 0.07058824
v 0.09812270 0.02744351 0.01276499 0.56470588 0.92549020 0.07058824
v 0.08644942 0.02773560 0.01434871 0.56470588 0.92549020 0.07058824
v 0.08601547 0.02775097 0.01477352 0.56470588 0.92549020 0.07058824
v 0.12382343 0.02648014 0.01477352 0.56470588 0.92549020 0.07058824
v 0.12382343 0.02652113 0.01434871 0.56470588 0.92549020 0.07058824
v 0.11914761 0.02643402 0.01201226 0.56470588 0.92549020 0.07058824
v 0.11680427 0.02653138 0.01201226 0.56470588 0.92549020 0.07058824
v 0.10279852 0.02678760 0.01170073 0.56470588 0.92549020 0.07058824
v 0.11914761 0.02695670 0.01434871 0.56470588 0.92549020 0.07058824
v 0.12382343 0.02603945 0.01201226 0.56470588 0.92549020 0.07058824
v 0.09812270 0.02677222 0.01159714 0.56470588 0.92549020 0.07058824
v 0.09579021 0.02676710 0.01162546 0.56470588 0.92549020 0.07058824
v 0.08644942 0.02738202 0.01292895 0.56470588 0.92549020 0.07058824
v 0.08410609 0.02765873 0.01434871 0.56470588 0.92549020 0.07058824
v 0.08410609 0.02768948 0.01477352 0.56470588 0.92549020 0.07058824
v 0.13507360 0.02535279 0.01477352 0.56470588 0.92549020 0.07058824
v 0.13549671 0.02533741 0.01434871 0.56470588 0.92549020 0.07058824
v 0.13734099 0.02498896 0.01296100 0.56470588 0.92549020 0.07058824
v 0.12382343 0.02524005 0.01038308 0.56470588 0.92549020 0.07058824
v 0.12148010 0.02533741 0.01026607 0.56470588 0.92549020 0.07058824
v 0.11914761 0.02542453 0.01020496 0.56470588 0.92549020 0.07058824
v 0.10279852 0.02561925 0.01002609 0.56470588 0.92549020 0.07058824
v 0.12615591 0.02511707 0.01053586 0.56470588 0.92549020 0.07058824
v 0.13549671 0.02509145 0.01265544 0.56470588 0.92549020 0.07058824
v 0.13549671 0.02462001 0.01148758 0.56470588 0.92549020 0.07058824
v 0.13316422 0.02474812 0.01122003 0.56470588 0.92549020 0.07058824
v 0.08878191 0.02363102 0.00716124 0.56470588 0.92549020 0.07058824
v 0.08644942 0.02360027 0.00716124 0.56470588 0.92549020 0.07058824
v 0.08177361 0.02337992 0.00716124 0.56470588 0.92549020 0.07058824
v 0.08410609 0.02732053 0.01305118 0.56470588 0.92549020 0.07058824
v 0.08292358 0.02724879 0.01317117 0.56470588 0.92549020 0.07058824
v 0.08199058 0.02739227 0.01447615 0.56470588 0.92549020 0.07058824
v 0.08145899 0.02735640 0.01477352 0.56470588 0.92549020 0.07058824
v 0.08368299 0.02764848 0.01477352 0.56470588 0.92549020 0.07058824
v 0.13551840 0.02530667 0.01477352 0.56470588 0.92549020 0.07058824
v 0.13856690 0.02497359 0.01477352 0.56470588 0.92549020 0.07058824
v 0.13800276 0.02504020 0.01436064 0.56470588 0.92549020 0.07058824
v 0.13889237 0.02489160 0.01358927 0.56470588 0.92549020 0.07058824
v 0.15102129 0.02264202 0.01295280 0.56470588 0.92549020 0.07058824
v 0.14017252 0.02419469 0.01201226 0.56470588 0.92549020 0.07058824
v 0.12785917 0.02239605 0.00716124 0.56470588 0.92549020 0.07058824
v 0.15041375 0.02043856 0.00716124 0.56470588 0.92549020 0.07058824
v 0.14503277 0.02091512 0.00716124 0.56470588 0.92549020 0.07058824
v 0.11914761 0.02303147 0.00716124 0.56470588 0.92549020 0.07058824
v 0.11685852 0.02313395 0.00716124 0.56470588 0.92549020 0.07058824
v 0.11668494 0.02313908 0.00716124 0.56470588 0.92549020 0.07058824
v 0.10534798 0.02336455 0.00716124 0.56470588 0.92549020 0.07058824
v 0.15641313 0.01980827 0.00716124 0.56470588 0.92549020 0.07058824
v 0.15185664 0.02029508 0.00716124 0.56470588 0.92549020 0.07058824
v 0.07944112 0.02313395 0.00716124 0.56470588 0.92549020 0.07058824
v 0.07753174 0.02275475 0.00716124 0.56470588 0.92549020 0.07058824
v 0.07743410 0.02273426 0.00716124 0.56470588 0.92549020 0.07058824
v 0.07638177 0.02244217 0.00716124 0.56470588 0.92549020 0.07058824
v 0.08136135 0.02704381 0.01378230 0.56470588 0.92549020 0.07058824
v 0.08078637 0.02720267 0.01477352 0.56470588 0.92549020 0.07058824
v 0.13949990 0.02481986 0.01477352 0.56470588 0.92549020 0.07058824
v 0.15653247 0.02182725 0.01434871 0.56470588 0.92549020 0.07058824
v 0.15653247 0.02135581 0.01201226 0.56470588 0.92549020 0.07058824
v 0.15674944 0.01975703 0.00716124 0.56470588 0.92549020 0.07058824
v 0.07477615 0.02185800 0.00716124 0.56470588 0.92549020 0.07058824
v 0.07988592 0.02679272 0.01477352 0.56470588 0.92549020 0.07058824
v 0.07234603 0.02078189 0.00716124 0.56470588 0.92549020 0.07058824
v 0.15653247 0.02182213 0.01477352 0.56470588 0.92549020 0.07058824
v 0.15886495 0.02128920 0.01477352 0.56470588 0.92549020 0.07058824
v 0.15886495 0.02128408 0.01434871 0.56470588 0.92549020 0.07058824
v 0.16237995 0.02023359 0.01317490 0.56470588 0.92549020 0.07058824
v 0.15886495 0.01929584 0.00716124 0.56470588 0.92549020 0.07058824
v 0.07951706 0.02656725 0.01477352 0.56470588 0.92549020 0.07058824
v 0.07211820 0.02067428 0.00716124 0.56470588 0.92549020 0.07058824
v 0.16277050 0.02031045 0.01477352 0.56470588 0.92549020 0.07058824
v 0.16261862 0.02030533 0.01434871 0.56470588 0.92549020 0.07058824
v 0.16297663 0.02024384 0.01477352 0.56470588 0.92549020 0.07058824
v 0.16388793 0.01983389 0.01477352 0.56470588 0.92549020 0.07058824
v 0.16379029 0.01977752 0.01434871 0.56470588 0.92549020 0.07058824
v 0.16347568 0.01909599 0.01209797 0.56470588 0.92549020 0.07058824
v 0.16131677 0.01836834 0.00716124 0.56470588 0.92549020 0.07058824
v 0.15904937 0.01922922 0.00716124 0.56470588 0.92549020 0.07058824
v 0.07790059 0.02539378 0.01477352 0.56470588 0.92549020 0.07058824
v 0.07036070 0.01953156 0.00716124 0.56470588 0.92549020 0.07058824
v 0.05484696 0.00870899 0.00716124 0.56470588 0.92549020 0.07058824
v 0.16497281 0.01892176 0.01477352 0.56470588 0.92549020 0.07058824
v 0.16496195 0.01826585 0.01257867 0.56470588 0.92549020 0.07058824
v 0.16162054 0.01814799 0.00716124 0.56470588 0.92549020 0.07058824
v 0.07272573 0.02091000 0.01477352 0.56470588 0.92549020 0.07058824
v 0.05484696 -0.00664348 0.00716124 0.56470588 0.92549020 0.07058824
v 0.05484696 0.00777124 0.00796912 0.56470588 0.92549020 0.07058824
v 0.07158661 0.01984414 0.01477352 0.56470588 0.92549020 0.07058824
v 0.16516809 0.01870654 0.01477352 0.56470588 0.92549020 0.07058824
v 0.16516809 0.01860918 0.01434871 0.56470588 0.92549020 0.07058824
v 0.16563458 0.01672855 0.01434871 0.56470588 0.92549020 0.07058824
v 0.16503790 0.01664656 0.01188482 0.56470588 0.92549020 0.07058824
v 0.16393132 0.01439186 0.00716124 0.56470588 0.92549020 0.07058824
v 0.16386623 0.01457634 0.00716124 0.56470588 0.92549020 0.07058824
v 0.16458224 0.01736909 0.01102104 0.56470588 0.92549020 0.07058824
v 0.16295493 0.01686179 0.00716124 0.56470588 0.92549020 0.07058824
v 0.16269456 0.01716412 0.00716124 0.56470588 0.92549020 0.07058824
v 0.07428795 -0.01986423 0.01477352 0.56470588 0.92549020 0.07058824
v 0.07315969 -0.01888549 0.01477352 0.56470588 0.92549020 0.07058824
v 0.05484696 -0.00652562 0.00729315 0.56470588 0.92549020 0.07058824
v 0.07535114 -0.01744556 0.00716124 0.56470588 0.92549020 0.07058824
v 0.07490634 -0.02022294 0.01477352 0.56470588 0.92549020 0.07058824
v 0.05484696 0.00715632 0.00837902 0.56470588 0.92549020 0.07058824
v 0.07081635 0.01870654 0.01477352 0.56470588 0.92549020 0.07058824
v 0.05484696 0.00660289 0.00870695 0.56470588 0.92549020 0.07058824
v 0.16528742 0.01826585 0.01477352 0.56470588 0.92549020 0.07058824
v 0.16566713 0.01672855 0.01477352 0.56470588 0.92549020 0.07058824
v 0.16556949 0.01205517 0.01434871 0.56470588 0.92549020 0.07058824
v 0.16420254 0.00971848 0.00716124 0.56470588 0.92549020 0.07058824
v 0.16420254 0.00989783 0.00716124 0.56470588 0.92549020 0.07058824
v 0.16418084 0.01205517 0.00716124 0.56470588 0.92549020 0.07058824
v 0.07165170 -0.01614910 0.01477352 0.56470588 0.92549020 0.07058824
v 0.05484696 -0.00422480 0.00885824 0.56470588 0.92549020 0.07058824
v 0.05484696 -0.00529066 0.00841703 0.56470588 0.92549020 0.07058824
v 0.07695675 -0.01809634 0.00716124 0.56470588 0.92549020 0.07058824
v 0.07936518 -0.02224704 0.01477352 0.56470588 0.92549020 0.07058824
v 0.07744495 -0.02138616 0.01477352 0.56470588 0.92549020 0.07058824
v 0.07012203 0.01716412 0.01477352 0.56470588 0.92549020 0.07058824
v 0.05484696 0.00504510 0.00918169 0.56470588 0.92549020 0.07058824
v 0.16556949 0.01205517 0.01477352 0.56470588 0.92549020 0.07058824
v 0.16547185 0.00971848 0.01477352 0.56470588 0.92549020 0.07058824
v 0.16546100 0.00971848 0.01434871 0.56470588 0.92549020 0.07058824
v 0.16508130 0.00971848 0.01201226 0.56470588 0.92549020 0.07058824
v 0.16412660 0.00738179 0.00716124 0.56470588 0.92549020 0.07058824
v 0.07122860 -0.01530871 0.01477352 0.56470588 0.92549020 0.07058824
v 0.05484696 -0.00195985 0.00956998 0.56470588 0.92549020 0.07058824
v 0.07927839 -0.01887524 0.00716124 0.56470588 0.92549020 0.07058824
v 0.07944112 -0.02227779 0.01477352 0.56470588 0.92549020 0.07058824
v 0.06993760 0.01672855 0.01477352 0.56470588 0.92549020 0.07058824
v 0.05484696 0.00381526 0.00944179 0.56470588 0.92549020 0.07058824
v 0.16400726 -0.01363818 0.01477352 0.56470588 0.92549020 0.07058824
v 0.16400726 -0.01363818 0.01434871 0.56470588 0.92549020 0.07058824
v 0.16380114 -0.01363818 0.01201226 0.56470588 0.92549020 0.07058824
v 0.16351907 -0.01363818 0.00967655 0.56470588 0.92549020 0.07058824
v 0.16312851 -0.01345883 0.00716124 0.56470588 0.92549020 0.07058824
v 0.07102248 -0.01487314 0.01477352 0.56470588 0.92549020 0.07058824
v 0.05484696 0.00037684 0.00982859 0.56470588 0.92549020 0.07058824
v 0.07063192 -0.01378166 0.01477352 0.56470588 0.92549020 0.07058824
v 0.06990505 -0.01130662 0.01477352 0.56470588 0.92549020 0.07058824
v 0.08210992 -0.01966439 0.00716124 0.56470588 0.92549020 0.07058824
v 0.07947367 -0.02228804 0.01477352 0.56470588 0.92549020 0.07058824
v 0.06934092 0.01477106 0.01477352 0.56470588 0.92549020 0.07058824
v 0.05484696 0.00270841 0.00962289 0.56470588 0.92549020 0.07058824
v 0.16341059 -0.01597487 0.01477352 0.56470588 0.92549020 0.07058824
v 0.16342143 -0.01597487 0.01434871 0.56470588 0.92549020 0.07058824
v 0.16331295 -0.01597487 0.01201226 0.56470588 0.92549020 0.07058824
v 0.16306342 -0.01597487 0.00967655 0.56470588 0.92549020 0.07058824
v 0.16311766 -0.01363818 0.00716124 0.56470588 0.92549020 0.07058824
v 0.05484696 0.00148369 0.00977195 0.56470588 0.92549020 0.07058824
v 0.06841877 -0.00442978 0.01477352 0.56470588 0.92549020 0.07058824
v 0.06791973 -0.00192398 0.01477352 0.56470588 0.92549020 0.07058824
v 0.06757257 0.00042808 0.01477352 0.56470588 0.92549020 0.07058824
v 0.06744238 0.00270841 0.01477352 0.56470588 0.92549020 0.07058824
v 0.06745323 0.00302099 0.01477352 0.56470588 0.92549020 0.07058824
v 0.06754002 0.00503485 0.01477352 0.56470588 0.92549020 0.07058824
v 0.06760511 0.00556265 0.01477352 0.56470588 0.92549020 0.07058824
v 0.08394336 -0.02014095 0.00716124 0.56470588 0.92549020 0.07058824
v 0.08411694 -0.02018194 0.00716124 0.56470588 0.92549020 0.07058824
v 0.08155663 -0.02250326 0.01412587 0.56470588 0.92549020 0.07058824
v 0.08161087 -0.02277485 0.01477352 0.56470588 0.92549020 0.07058824
v 0.16267286 -0.01778888 0.01477352 0.56470588 0.92549020 0.07058824
v 0.16268371 -0.01781450 0.01434871 0.56470588 0.92549020 0.07058824
v 0.16264032 -0.01772739 0.01201226 0.56470588 0.92549020 0.07058824
v 0.16249928 -0.01743531 0.00967655 0.56470588 0.92549020 0.07058824
v 0.16241249 -0.01722521 0.00840138 0.56470588 0.92549020 0.07058824
v 0.16264032 -0.01578527 0.00716124 0.56470588 0.92549020 0.07058824
v 0.08626500 -0.02051502 0.00716124 0.56470588 0.92549020 0.07058824
v 0.08878191 -0.02298495 0.01201226 0.56470588 0.92549020 0.07058824
v 0.08882531 -0.02389707 0.01477352 0.56470588 0.92549020 0.07058824
v 0.08644942 -0.02342051 0.01434871 0.56470588 0.92549020 0.07058824
v 0.08893379 -0.02386121 0.01452534 0.56470588 0.92549020 0.07058824
v 0.16221722 -0.01874201 0.01477352 0.56470588 0.92549020 0.07058824
v 0.16211958 -0.01898285 0.01434871 0.56470588 0.92549020 0.07058824
v 0.16207618 -0.01889574 0.01201226 0.56470588 0.92549020 0.07058824
v 0.16185921 -0.01860365 0.00967655 0.56470588 0.92549020 0.07058824
v 0.16003662 -0.02182172 0.01084217 0.56470588 0.92549020 0.07058824
v 0.16055736 -0.02059189 0.00990908 0.56470588 0.92549020 0.07058824
v 0.16036208 -0.01977712 0.00808836 0.56470588 0.92549020 0.07058824
v 0.16115404 -0.01816808 0.00716124 0.56470588 0.92549020 0.07058824
v 0.16129507 -0.01797848 0.00716124 0.56470588 0.92549020 0.07058824
v 0.16215213 -0.01674352 0.00716124 0.56470588 0.92549020 0.07058824
v 0.08644942 -0.02054064 0.00716124 0.56470588 0.92549020 0.07058824
v 0.09111439 -0.02328728 0.01201226 0.56470588 0.92549020 0.07058824
v 0.09111439 -0.02400981 0.01395371 0.56470588 0.92549020 0.07058824
v 0.08917246 -0.02394832 0.01477352 0.56470588 0.92549020 0.07058824
v 0.16210873 -0.01895723 0.01477352 0.56470588 0.92549020 0.07058824
v 0.16192430 -0.01928519 0.01477352 0.56470588 0.92549020 0.07058824
v 0.16113234 -0.02064826 0.01434871 0.56470588 0.92549020 0.07058824
v 0.16100215 -0.02064826 0.01201226 0.56470588 0.92549020 0.07058824
v 0.16012341 -0.02191909 0.01201226 0.56470588 0.92549020 0.07058824
v 0.15886495 -0.02285684 0.01434871 0.56470588 0.92549020 0.07058824
v 0.15886495 -0.02256475 0.01201226 0.56470588 0.92549020 0.07058824
v 0.15886495 -0.02206257 0.01047326 0.56470588 0.92549020 0.07058824
v 0.15886495 -0.02128879 0.00930466 0.56470588 0.92549020 0.07058824
v 0.15886495 -0.02012045 0.00762927 0.56470588 0.92549020 0.07058824
v 0.15950503 -0.01949528 0.00716124 0.56470588 0.92549020 0.07058824
v 0.09313226 -0.02127855 0.00716124 0.56470588 0.92549020 0.07058824
v 0.09579021 -0.02154501 0.00716124 0.56470588 0.92549020 0.07058824
v 0.09579021 -0.02198570 0.00814426 0.56470588 0.92549020 0.07058824
v 0.09812270 -0.02286709 0.00967655 0.56470588 0.92549020 0.07058824
v 0.10046603 -0.02389707 0.01161428 0.56470588 0.92549020 0.07058824
v 0.09345773 -0.02407643 0.01359002 0.56470588 0.92549020 0.07058824
v 0.09111439 -0.02415842 0.01477352 0.56470588 0.92549020 0.07058824
v 0.09334924 -0.02428652 0.01477352 0.56470588 0.92549020 0.07058824
v 0.16111064 -0.02064826 0.01477352 0.56470588 0.92549020 0.07058824
v 0.16095876 -0.02089422 0.01477352 0.56470588 0.92549020 0.07058824
v 0.16021020 -0.02202157 0.01477352 0.56470588 0.92549020 0.07058824
v 0.16021020 -0.02202670 0.01434871 0.56470588 0.92549020 0.07058824
v 0.15910362 -0.02269798 0.01477352 0.56470588 0.92549020 0.07058824
v 0.15886495 -0.02283634 0.01477352 0.56470588 0.92549020 0.07058824
v 0.15653247 -0.02334365 0.01477352 0.56470588 0.92549020 0.07058824
v 0.15653247 -0.02335902 0.01434871 0.56470588 0.92549020 0.07058824
v 0.15653247 -0.02310793 0.01201226 0.56470588 0.92549020 0.07058824
v 0.15653247 -0.02235978 0.00997169 0.56470588 0.92549020 0.07058824
v 0.15653247 -0.02159626 0.00880309 0.56470588 0.92549020 0.07058824
v 0.15845270 -0.01990523 0.00716124 0.56470588 0.92549020 0.07058824
v 0.15886495 -0.01978224 0.00716124 0.56470588 0.92549020 0.07058824
v 0.09621331 -0.02157576 0.00716124 0.56470588 0.92549020 0.07058824
v 0.10046603 -0.02304131 0.00967655 0.56470588 0.92549020 0.07058824
v 0.10279852 -0.02320017 0.00967655 0.56470588 0.92549020 0.07058824
v 0.10279852 -0.02396882 0.01150920 0.56470588 0.92549020 0.07058824
v 0.10046603 -0.02427628 0.01278288 0.56470588 0.92549020 0.07058824
v 0.09857835 -0.02421991 0.01298410 0.56470588 0.92549020 0.07058824
v 0.10046603 -0.02449150 0.01434871 0.56470588 0.92549020 0.07058824
v 0.10088914 -0.02450175 0.01477352 0.56470588 0.92549020 0.07058824
v 0.14178899 -0.02419428 0.01477352 0.56470588 0.92549020 0.07058824
v 0.14186493 -0.02420453 0.01434871 0.56470588 0.92549020 0.07058824
v 0.14173475 -0.02419428 0.01295355 0.56470588 0.92549020 0.07058824
v 0.14251586 -0.02395857 0.01210989 0.56470588 0.92549020 0.07058824
v 0.14017252 -0.02399444 0.01177750 0.56470588 0.92549020 0.07058824
v 0.14017252 -0.02333852 0.00967655 0.56470588 0.92549020 0.07058824
v 0.14250501 -0.02319504 0.00967655 0.56470588 0.92549020 0.07058824
v 0.14718083 -0.02165775 0.00716124 0.56470588 0.92549020 0.07058824
v 0.14762563 -0.02161163 0.00716124 0.56470588 0.92549020 0.07058824
v 0.14971944 -0.02138103 0.00716124 0.56470588 0.92549020 0.07058824
v 0.15401554 -0.02087885 0.00716124 0.56470588 0.92549020 0.07058824
v 0.15671689 -0.02036642 0.00716124 0.56470588 0.92549020 0.07058824
v 0.15418913 -0.02085323 0.00716124 0.56470588 0.92549020 0.07058824
v 0.09812270 -0.02168337 0.00716124 0.56470588 0.92549020 0.07058824
v 0.10279852 -0.02221630 0.00780069 0.56470588 0.92549020 0.07058824
v 0.10514185 -0.02225729 0.00772989 0.56470588 0.92549020 0.07058824
v 0.10514185 -0.02326678 0.00967655 0.56470588 0.92549020 0.07058824
v 0.10980682 -0.02405080 0.01130797 0.56470588 0.92549020 0.07058824
v 0.10279852 -0.02428652 0.01267779 0.56470588 0.92549020 0.07058824
v 0.10747434 -0.02431727 0.01254066 0.56470588 0.92549020 0.07058824
v 0.10279852 -0.02451712 0.01434871 0.56470588 0.92549020 0.07058824
v 0.10279852 -0.02452224 0.01477352 0.56470588 0.92549020 0.07058824
v 0.10747434 -0.02455811 0.01477352 0.56470588 0.92549020 0.07058824
v 0.13549671 -0.02421478 0.01259209 0.56470588 0.92549020 0.07058824
v 0.13549671 -0.02408155 0.01142423 0.56470588 0.92549020 0.07058824
v 0.10747434 -0.02455299 0.01434871 0.56470588 0.92549020 0.07058824
v 0.13549671 -0.02351275 0.00967655 0.56470588 0.92549020 0.07058824
v 0.14017252 -0.02233416 0.00755400 0.56470588 0.92549020 0.07058824
v 0.14017252 -0.02212406 0.00716124 0.56470588 0.92549020 0.07058824
v 0.10279852 -0.02186784 0.00716124 0.56470588 0.92549020 0.07058824
v 0.10392679 -0.02190884 0.00716124 0.56470588 0.92549020 0.07058824
v 0.10514185 -0.02194983 0.00716124 0.56470588 0.92549020 0.07058824
v 0.12615591 -0.02357937 0.00967655 0.56470588 0.92549020 0.07058824
v 0.10980682 -0.02335902 0.00967655 0.56470588 0.92549020 0.07058824
v 0.12615591 -0.02412255 0.01112836 0.56470588 0.92549020 0.07058824
v 0.13316422 -0.02410717 0.01146523 0.56470588 0.92549020 0.07058824
v 0.13316422 -0.02356400 0.00967655 0.56470588 0.92549020 0.07058824
v 0.13316422 -0.02244689 0.00745413 0.56470588 0.92549020 0.07058824
v 0.13316422 -0.02227266 0.00716124 0.56470588 0.92549020 0.07058824
v 0.13083173 -0.02224704 0.00716124 0.56470588 0.92549020 0.07058824
v 0.13083173 -0.02244177 0.00748767 0.56470588 0.92549020 0.07058824
v 0.12615591 -0.02244177 0.00758381 0.56470588 0.92549020 0.07058824
f 1294 1295 1296
f 1294 1296 1297
f 1294 1297 1298
f 1294 1298 1305
f 1294 1305 1317
f 1294 1317 1336
f 1294 1336 1335
f 1294 1335 1357
f 1294 1357 1363
f 1294 1363 1370
f 1294 1370 1380
f 1294 1380 1386
f 1294 1386 1389
f 1294 1389 1405
f 1294 1405 1419
f 1294 1419 1430
f 1294 1430 1443
f 1294 1443 1457
f 1294 1457 1456
f 1294 1456 1455
f 1294 1455 1454
f 1294 1454 1453
f 1294 1453 1452
f 1294 1452 1451
f 1294 1451 1440
f 1294 1440 1439
f 1294 1439 1437
f 1294 1437 1426
f 1294 1426 1413
f 1294 1413 1400
f 1294 1400 1399
f 1294 1399 1403
f 1294 1403 1418
f 1294 1418 1417
f 1294 1417 1429
f 1294 1429 1442
f 1294 1442 1461
f 1294 1461 1470
f 1294 1470 1486
f 1294 1486 1504
f 1294 1504 1505
f 1294 1505 1526
f 1294 1526 1548
f 1294 1548 1549
f 1294 1549 1527
f 1294 1527 1512
f 1294 1512 1511
f 1294 1511 1510
f 1294 1510 1508
f 1294 1508 1507
f 1294 1507 1506
f 1294 1506 1488
f 1294 1488 1487
f 1294 1487 1473
f 1294 1473 1462
f 1294 1462 1445
f 1294 1445 1432
f 1294 1432 1422
f 1294 1422 1421
f 1294 1421 1408
f 1294 1408 1407
f 1294 1407 1390
f 1294 1390 1383
f 1294 1383 1375
f 1294 1375 1374
f 1294 1374 1372
f 1294 1372 1366
f 1294 1366 1365
f 1294 1365 1358
f 1294 1358 1338
f 1294 1338 1337
f 1294 1337 1318
f 1294 1318 1306
f 1294 1306 1299
f 1294 1299 1295
f 1295 1299 1296
f 1296 1300 1301
f 1296 1301 1297
f 1296 1299 1302
f 1296 1302 1300
f 1297 1301 1303
f 1297 1303 1304
f 1297 1304 1298
f 1298 1304 1305
f 1299 1306 1307
f 1299 1307 1302
f 1300 1302 1308
f 1300 1308 1309
f 1300 1309 1301
f 1301 1309 1310
f 1301 1310 1303
f 1302 1307 1311
f 1302 1311 1312
f 1302 1312 1308
f 1303 1310 1313
f 1303 1313 1314
f 1303 1314 1315
f 1303 1315 1304
f 1304 1315 1316
f 1304 1316 1317
f 1304 1317 1305
f 1306 1318 1307
f 1307 1318 1319
f 1307 1319 1320
f 1307 1320 1311
f 1308 1312 1321
f 1308 1321 1322
f 1308 1322 1323
f 1308 1323 1309
f 1309 1323 1310
f 1310 1324 1313
f 1310 1323 1324
f 1311 1320 1312
f 1312 1325 1321
f 1312 1320 1326
f 1312 1326 1327
f 1312 1327 1328
f 1312 1328 1325
f 1313 1324 1329
f 1313 1329 1314
f 1314 1329 1330
f 1314 1330 1315
f 1315 1330 1331
f 1315 1331 1332
f 1315 1332 1316
f 1316 1332 1333
f 1316 1333 1334
f 1316 1334 1335
f 1316 1335 1336
f 1316 1336 1317
f 1318 1337 1319
f 1319 1337 1338
f 1319 1338 1339
f 1319 1339 1340
f 1319 1340 1320
f 1320 1340 1341
f 1320 1341 1342
f 1320 1342 1327
f 1320 1327 1326
f 1321 1343 1322
f 1321 1325 1344
f 1321 1344 1345
f 1321 1345 1343
f 1322 1346 1323
f 1322 1343 1346
f 1323 1346 1347
f 1323 1347 1348
f 1323 1348 1324
f 1324 1349 1329
f 1324 1348 1349
f 1325 1328 1350
f 1325 1350 1351
f 1325 1351 1344
f 1327 1342 1350
f 1327 1350 1328
f 1329 1349 1348
f 1329 1348 1347
f 1329 1347 1346
f 1329 1346 1343
f 1329 1343 1345
f 1329 1345 1344
f 1329 1344 1351
f 1329 1351 1350
f 1329 1350 1361
f 1329 1361 1369
f 1329 1369 1379
f 1329 1379 1378
f 1329 1378 1385
f 1329 1385 1398
f 1329 1398 1397
f 1329 1397 1395
f 1329 1395 1394
f 1329 1394 1412
f 1329 1412 1411
f 1329 1411 1410
f 1329 1410 1425
f 1329 1425 1436
f 1329 1436 1449
f 1329 1449 1467
f 1329 1467 1482
f 1329 1482 1481
f 1329 1481 1480
f 1329 1480 1497
f 1329 1497 1518
f 1329 1518 1517
f 1329 1517 1538
f 1329 1538 1539
f 1329 1539 1537
f 1329 1537 1536
f 1329 1536 1535
f 1329 1535 1534
f 1329 1534 1555
f 1329 1555 1565
f 1329 1565 1566
f 1329 1566 1558
f 1329 1558 1557
f 1329 1557 1556
f 1329 1556 1540
f 1329 1540 1519
f 1329 1519 1499
f 1329 1499 1498
f 1329 1498 1483
f 1329 1483 1468
f 1329 1468 1459
f 1329 1459 1458
f 1329 1458 1441
f 1329 1441 1428
f 1329 1428 1416
f 1329 1416 1402
f 1329 1402 1387
f 1329 1387 1382
f 1329 1382 1381
f 1329 1381 1371
f 1329 1371 1364
f 1329 1364 1362
f 1329 1362 1355
f 1329 1355 1354
f 1329 1354 1353
f 1329 1353 1352
f 1329 1352 1331
f 1329 1331 1330
f 1331 1352 1332
f 1332 1352 1333
f 1333 1352 1353
f 1333 1353 1354
f 1333 1354 1355
f 1333 1355 1356
f 1333 1356 1357
f 1333 1357 1335
f 1333 1335 1334
f 1338 1358 1340
f 1338 1340 1339
f 1340 1358 1359
f 1340 1359 1341
f 1341 1359 1360
f 1341 1360 1361
f 1341 1361 1342
f 1342 1361 1350
f 1355 1362 1356
f 1356 1362 1357
f 1357 1362 1364
f 1357 1364 1363
f 1358 1365 1359
f 1359 1365 1366
f 1359 1366 1367
f 1359 1367 1368
f 1359 1368 1360
f 1360 1369 1361
f 1360 1368 1369
f 1363 1364 1371
f 1363 1371 1370
f 1366 1372 1367
f 1367 1372 1373
f 1367 1373 1368
f 1368 1373 1372
f 1368 1372 1374
f 1368 1374 1375
f 1368 1375 1376
f 1368 1376 1377
f 1368 1377 1378
f 1368 1378 1379
f 1368 1379 1369
f 1370 1371 1381
f 1370 1381 1382
f 1370 1382 1380
f 1375 1383 1384
f 1375 1384 1376
f 1376 1384 1377
f 1377 1384 1378
f 1378 1384 1385
f 1380 1382 1386
f 1382 1387 1401
f 1382 1401 1415
f 1382 1415 1414
f 1382 1414 1427
f 1382 1427 1438
f 1382 1438 1450
f 1382 1450 1444
f 1382 1444 1431
f 1382 1431 1420
f 1382 1420 1406
f 1382 1406 1404
f 1382 1404 1388
f 1382 1388 1389
f 1382 1389 1386
f 1383 1390 1391
f 1383 1391 1384
f 1384 1391 1392
f 1384 1392 1393
f 1384 1393 1394
f 1384 1394 1395
f 1384 1395 1396
f 1384 1396 1397
f 1384 1397 1398
f 1384 1398 1385
f 1387 1399 1400
f 1387 1400 1401
f 1387 1402 1403
f 1387 1403 1399
f 1388 1404 1389
f 1389 1404 1406
f 1389 1406 1405
f 1390 1407 1391
f 1391 1407 1392
f 1392 1407 1408
f 1392 1408 1409
f 1392 1409 1410
f 1392 1410 1411
f 1392 1411 1412
f 1392 1412 1393
f 1393 1412 1394
f 1395 1397 1396
f 1400 1413 1414
f 1400 1414 1415
f 1400 1415 1401
f 1402 1416 1417
f 1402 1417 1418
f 1402 1418 1403
f 1405 1406 1420
f 1405 1420 1419
f 1408 1421 1409
f 1409 1421 1422
f 1409 1422 1423
f 1409 1423 1424
f 1409 1424 1410
f 1410 1424 1425
f 1413 1426 1427
f 1413 1427 1414
f 1416 1428 1429
f 1416 1429 1417
f 1419 1420 1430
f 1420 1431 1430
f 1422 1432 1433
f 1422 1433 1423
f 1423 1433 1434
f 1423 1434 1435
f 1423 1435 1436
f 1423 1436 1424
f 1424 1436 1425
f 1426 1437 1427
f 1427 1437 1439
f 1427 1439 1440
f 1427 1440 1438
f 1428 1441 1442
f 1428 1442 1429
f 1430 1431 1444
f 1430 1444 1443
f 1432 1445 1446
f 1432 1446 1433
f 1433 1446 1447
f 1433 1447 1434
f 1434 1447 1448
f 1434 1448 1435
f 1435 1448 1449
f 1435 1449 1436
f 1438 1440 1451
f 1438 1451 1452
f 1438 1452 1453
f 1438 1453 1454
f 1438 1454 1455
f 1438 1455 1456
f 1438 1456 1457
f 1438 1457 1450
f 1441 1458 1442
f 1442 1458 1459
f 1442 1459 1460
f 1442 1460 1461
f 1443 1444 1450
f 1443 1450 1457
f 1445 1462 1463
f 1445 1463 1446
f 1446 1463 1464
f 1446 1464 1447
f 1447 1464 1448
f 1448 1464 1465
f 1448 1465 1466
f 1448 1466 1467
f 1448 1467 1449
f 1459 1468 1469
f 1459 1469 1461
f 1459 1461 1460
f 1461 1469 1471
f 1461 1471 1472
f 1461 1472 1470
f 1462 1473 1463
f 1463 1473 1474
f 1463 1474 1475
f 1463 1475 1464
f 1464 1475 1465
f 1465 1475 1466
f 1466 1475 1476
f 1466 1476 1477
f 1466 1477 1478
f 1466 1478 1479
f 1466 1479 1480
f 1466 1480 1481
f 1466 1481 1482
f 1466 1482 1467
f 1468 1483 1469
f 1469 1483 1484
f 1469 1484 1485
f 1469 1485 1471
f 1470 1472 1486
f 1471 1485 1472
f 1472 1485 1486
f 1473 1487 1474
f 1474 1487 1488
f 1474 1488 1489
f 1474 1489 1475
f 1475 1489 1490
f 1475 1490 1476
f 1476 1490 1477
f 1477 1479 1478
f 1477 1490 1491
f 1477 1491 1492
f 1477 1492 1493
f 1477 1493 1494
f 1477 1494 1495
f 1477 1495 1479
f 1479 1495 1496
f 1479 1496 1497
f 1479 1497 1480
f 1483 1498 1484
f 1484 1498 1499
f 1484 1499 1500
f 1484 1500 1501
f 1484 1501 1502
f 1484 1502 1503
f 1484 1503 1485
f 1485 1504 1486
f 1485 1503 1505
f 1485 1505 1504
f 1488 1506 1489
f 1489 1506 1507
f 1489 1507 1508
f 1489 1508 1509
f 1489 1509 1490
f 1490 1509 1491
f 1491 1509 1492
f 1492 1509 1508
f 1492 1508 1510
f 1492 1510 1511
f 1492 1511 1512
f 1492 1512 1513
f 1492 1513 1514
f 1492 1514 1493
f 1493 1514 1494
f 1494 1514 1515
f 1494 1515 1516
f 1494 1516 1495
f 1495 1516 1496
f 1496 1516 1517
f 1496 1517 1518
f 1496 1518 1497
f 1499 1519 1520
f 1499 1520 1501
f 1499 1501 1500
f 1501 1520 1502
f 1502 1520 1521
f 1502 1521 1522
f 1502 1522 1523
f 1502 1523 1524
f 1502 1524 1503
f 1503 1524 1505
f 1505 1524 1523
f 1505 1523 1525
f 1505 1525 1526
f 1512 1527 1513
f 1513 1527 1528
f 1513 1528 1529
f 1513 1529 1514
f 1514 1529 1530
f 1514 1530 1531
f 1514 1531 1532
f 1514 1532 1533
f 1514 1533 1515
f 1515 1534 1535
f 1515 1535 1536
f 1515 1536 1537
f 1515 1537 1516
f 1515 1533 1534
f 1516 1538 1517
f 1516 1537 1539
f 1516 1539 1538
f 1519 1540 1521
f 1519 1521 1520
f 1521 1541 1542
f 1521 1542 1543
f 1521 1543 1522
f 1521 1540 1541
f 1522 1543 1544
f 1522 1544 1523
f 1523 1544 1545
f 1523 1545 1546
f 1523 1546 1547
f 1523 1547 1525
f 1525 1547 1526
f 1526 1547 1548
f 1527 1549 1528
f 1528 1549 1529
f 1529 1550 1551
f 1529 1551 1531
f 1529 1531 1530
f 1529 1549 1552
f 1529 1552 1550
f 1531 1551 1532
f 1532 1551 1553
f 1532 1553 1554
f 1532 1554 1533
f 1533 1554 1534
f 1534 1554 1555
f 1540 1556 1541
f 1541 1556 1557
f 1541 1557 1542
f 1542 1557 1558
f 1542 1558 1559
f 1542 1559 1560
f 1542 1560 1543
f 1543 1560 1544
f 1544 1546 1545
f 1544 1560 1559
f 1544 1559 1561
f 1544 1561 1546
f 1546 1552 1547
f 1546 1561 1552
f 1547 1552 1549
f 1547 1549 1548
f 1550 1561 1562
f 1550 1562 1551
f 1550 1552 1561
f 1551 1562 1561
f 1551 1561 1563
f 1551 1563 1553
f 1553 1563 1564
f 1553 1564 1554
f 1554 1564 1555
f 1555 1564 1565
f 1558 1566 1567
f 1558 1567 1568
f 1558 1568 1559
f 1559 1568 1567
f 1559 1567 1564
f 1559 1564 1563
f 1559 1563 1561
f 1564 1567 1565
f 1565 1567 1566

o geometry_5
v 0.09436114 0.02405427 0.02749607 0.08627451 0.01960784 0.83137255
v 0.09345178 0.02405309 0.02749607 0.08627451 0.01960784 0.83137255
v 0.09345178 0.02360461 0.02775835 0.08627451 0.01960784 0.83137255
v 0.10980146 0.02322422 0.02762023 0.08627451 0.01960784 0.83137255
v 0.10980146 0.02336276 0.02749607 0.08627451 0.01960784 0.83137255
v 0.08107257 0.02247049 0.02749607 0.08627451 0.01960784 0.83137255
v 0.08107257 0.02225212 0.02772837 0.08627451 0.01960784 0.83137255
v 0.08107257 0.02206780 0.02786032 0.08627451 0.01960784 0.83137255
v 0.08107257 0.02138920 0.02834506 0.08627451 0.01960784 0.83137255
v 0.08107257 0.02039479 0.02865773 0.08627451 0.01960784 0.83137255
v 0.08107257 0.01906696 0.02898760 0.08627451 0.01960784 0.83137255
v 0.10980146 0.02140329 0.02801886 0.08627451 0.01960784 0.83137255
v 0.11681061 0.02140329 0.02769620 0.08627451 0.01960784 0.83137255
v 0.11796321 0.02204784 0.02749607 0.08627451 0.01960784 0.83137255
v 0.11214034 0.02305516 0.02749725 0.08627451 0.01960784 0.83137255
v 0.11214034 0.02305633 0.02749607 0.08627451 0.01960784 0.83137255
v 0.08107257 0.01206030 0.02749607 0.08627451 0.01960784 0.83137255
v 0.08107257 0.01206030 0.02838899 0.08627451 0.01960784 0.83137255
v 0.08176862 0.01206030 0.02872282 0.08627451 0.01960784 0.83137255
v 0.08410376 0.01206030 0.02899700 0.08627451 0.01960784 0.83137255
v 0.09812579 0.01206030 0.02838855 0.08627451 0.01960784 0.83137255
v 0.11773119 0.01940156 0.02749607 0.08627451 0.01960784 0.83137255
v 0.11914948 0.02114500 0.02749607 0.08627451 0.01960784 0.83137255
v 0.11914948 0.02140329 0.02750915 0.08627451 0.01960784 0.83137255
v 0.11930292 0.02141268 0.02749607 0.08627451 0.01960784 0.83137255
v 0.11921311 0.02145612 0.02749607 0.08627451 0.01960784 0.83137255
v 0.11216279 0.02305281 0.02749607 0.08627451 0.01960784 0.83137255
v 0.10622018 0.01206030 0.02749607 0.08627451 0.01960784 0.83137255
v 0.10045718 0.01206030 0.02821619 0.08627451 0.01960784 0.83137255
v 0.10540812 0.01206030 0.02766461 0.08627451 0.01960784 0.83137255
v 0.10279232 0.01206030 0.02800814 0.08627451 0.01960784 0.83137255
v 0.10283348 0.01206030 0.02800388 0.08627451 0.01960784 0.83137255
v 0.10493660 0.01206030 0.02776085 0.08627451 0.01960784 0.83137255
f 1569 1570 1571
f 1569 1571 1572
f 1569 1572 1573
f 1569 1573 1584
f 1569 1584 1595
f 1569 1595 1582
f 1569 1582 1594
f 1569 1594 1593
f 1569 1593 1591
f 1569 1591 1590
f 1569 1590 1596
f 1569 1596 1585
f 1569 1585 1574
f 1569 1574 1570
f 1570 1574 1575
f 1570 1575 1576
f 1570 1576 1577
f 1570 1577 1571
f 1571 1577 1578
f 1571 1578 1579
f 1571 1579 1572
f 1572 1580 1581
f 1572 1581 1582
f 1572 1582 1583
f 1572 1583 1573
f 1572 1579 1580
f 1573 1583 1584
f 1574 1585 1586
f 1574 1586 1579
f 1574 1579 1578
f 1574 1578 1577
f 1574 1577 1576
f 1574 1576 1575
f 1579 1586 1587
f 1579 1587 1588
f 1579 1588 1580
f 1580 1589 1581
f 1580 1588 1589
f 1581 1590 1591
f 1581 1591 1592
f 1581 1592 1593
f 1581 1593 1594
f 1581 1594 1582
f 1581 1589 1590
f 1582 1595 1583
f 1583 1595 1584
f 1585 1596 1598
f 1585 1598 1601
f 1585 1601 1600
f 1585 1600 1599
f 1585 1599 1597
f 1585 1597 1589
f 1585 1589 1588
f 1585 1588 1587
f 1585 1587 1586
f 1589 1597 1590
f 1590 1598 1596
f 1590 1597 1599
f 1590 1599 1600
f 1590 1600 1601
f 1590 1601 1598
f 1591 1593 1592

o geometry_6
v 0.10622552 0.01206030 0.02749592 0.77647059 0.86666667 0.97647059
v 0.10541250 0.01206030 0.02766476 0.77647059 0.86666667 0.97647059
v 0.12803491 0.00812125 0.02749592 0.77647059 0.86666667 0.97647059
v 0.08107257 0.01206030 0.02749592 0.77647059 0.86666667 0.97647059
v 0.10493993 0.01206030 0.02776092 0.77647059 0.86666667 0.97647059
v 0.12843634 0.00748395 0.02770449 0.77647059 0.86666667 0.97647059
v 0.12843634 0.00797633 0.02749592 0.77647059 0.86666667 0.97647059
v 0.10283623 0.01206030 0.02800380 0.77647059 0.86666667 0.97647059
v 0.09740929 0.00633945 0.03197604 0.77647059 0.86666667 0.97647059
v 0.08107257 -0.00360864 0.02749592 0.77647059 0.86666667 0.97647059
v 0.08107257 0.01206030 0.02838933 0.77647059 0.86666667 0.97647059
v 0.13082968 0.00504839 0.02798484 0.77647059 0.86666667 0.97647059
v 0.13082968 0.00673961 0.02753610 0.77647059 0.86666667 0.97647059
v 0.13095672 0.00676761 0.02749592 0.77647059 0.86666667 0.97647059
v 0.10279558 0.01206030 0.02800831 0.77647059 0.86666667 0.97647059
v 0.10046321 0.01206030 0.02821643 0.77647059 0.86666667 0.97647059
v 0.09812576 0.01206030 0.02838888 0.77647059 0.86666667 0.97647059
v 0.08410617 0.01206030 0.02899742 0.77647059 0.86666667 0.97647059
v 0.09654037 0.00633945 0.03197604 0.77647059 0.86666667 0.97647059
v 0.09816134 0.00513567 0.03210786 0.77647059 0.86666667 0.97647059
v 0.10001097 0.00441603 0.03202570 0.77647059 0.86666667 0.97647059
v 0.12571779 -0.00046003 0.02972921 0.77647059 0.86666667 0.97647059
v 0.09812576 -0.00476302 0.02749592 0.77647059 0.86666667 0.97647059
v 0.09217544 0.00140905 0.03193406 0.77647059 0.86666667 0.97647059
v 0.08107257 -0.00350489 0.02753610 0.77647059 0.86666667 0.97647059
v 0.08176873 0.01206030 0.02872340 0.77647059 0.86666667 0.97647059
v 0.08107257 0.01140324 0.02849316 0.77647059 0.86666667 0.97647059
v 0.13280635 0.00494464 0.02749592 0.77647059 0.86666667 0.97647059
v 0.13185613 0.00596234 0.02749592 0.77647059 0.86666667 0.97647059
v 0.13106342 0.00667868 0.02749592 0.77647059 0.86666667 0.97647059
v 0.09217544 0.00163301 0.03193406 0.77647059 0.86666667 0.97647059
v 0.09643366 0.00504839 0.03205143 0.77647059 0.86666667 0.97647059
v 0.10001097 0.00358936 0.03202570 0.77647059 0.86666667 0.97647059
v 0.09812576 0.00353172 0.03208845 0.77647059 0.86666667 0.97647059
v 0.12571779 -0.00106768 0.02972921 0.77647059 0.86666667 0.97647059
v 0.13298420 0.00271328 0.02749592 0.77647059 0.86666667 0.97647059
v 0.12998109 -0.00422288 0.02749592 0.77647059 0.86666667 0.97647059
v 0.09238378 0.00140905 0.03193406 0.77647059 0.86666667 0.97647059
v 0.08107257 0.00492488 0.02915046 0.77647059 0.86666667 0.97647059
v 0.08289172 0.00381826 0.02955134 0.77647059 0.86666667 0.97647059
v 0.08107257 -0.00196023 0.02805436 0.77647059 0.86666667 0.97647059
v 0.08107257 -0.00262058 0.02787333 0.77647059 0.86666667 0.97647059
v 0.13103802 -0.00266340 0.02749592 0.77647059 0.86666667 0.97647059
v 0.13144962 -0.00194047 0.02749592 0.77647059 0.86666667 0.97647059
v 0.08107257 0.00201341 0.02869541 0.77647059 0.86666667 0.97647059
f 1602 1603 1604
f 1602 1604 1608
f 1602 1608 1615
f 1602 1615 1631
f 1602 1631 1630
f 1602 1630 1629
f 1602 1629 1637
f 1602 1637 1645
f 1602 1645 1644
f 1602 1644 1638
f 1602 1638 1624
f 1602 1624 1611
f 1602 1611 1605
f 1602 1605 1612
f 1602 1612 1627
f 1602 1627 1619
f 1602 1619 1618
f 1602 1618 1617
f 1602 1617 1616
f 1602 1616 1609
f 1602 1609 1606
f 1602 1606 1603
f 1603 1606 1604
f 1604 1607 1608
f 1604 1606 1609
f 1604 1609 1610
f 1604 1610 1607
f 1605 1611 1626
f 1605 1626 1643
f 1605 1643 1642
f 1605 1642 1646
f 1605 1646 1640
f 1605 1640 1628
f 1605 1628 1612
f 1607 1613 1614
f 1607 1614 1608
f 1607 1610 1613
f 1608 1614 1615
f 1609 1616 1610
f 1610 1617 1618
f 1610 1618 1619
f 1610 1619 1620
f 1610 1620 1621
f 1610 1621 1622
f 1610 1622 1623
f 1610 1623 1613
f 1610 1616 1617
f 1611 1624 1625
f 1611 1625 1626
f 1612 1628 1627
f 1613 1629 1630
f 1613 1630 1614
f 1613 1623 1629
f 1614 1630 1631
f 1614 1631 1615
f 1619 1627 1620
f 1620 1632 1633
f 1620 1633 1621
f 1620 1627 1632
f 1621 1634 1622
f 1621 1633 1632
f 1621 1632 1625
f 1621 1625 1635
f 1621 1635 1634
f 1622 1634 1636
f 1622 1636 1623
f 1623 1636 1637
f 1623 1637 1629
f 1624 1638 1639
f 1624 1639 1625
f 1625 1639 1635
f 1625 1632 1640
f 1625 1640 1641
f 1625 1641 1642
f 1625 1642 1643
f 1625 1643 1626
f 1627 1628 1640
f 1627 1640 1632
f 1634 1635 1639
f 1634 1639 1636
f 1636 1638 1644
f 1636 1644 1645
f 1636 1645 1637
f 1636 1639 1638
f 1640 1646 1641
f 1641 1646 1642

