# https://github.com/mikedh/trimesh
mtllib material.mtl

o geometry_0
usemtl material_0
v 0.01722702 -0.01389642 -0.00176849
v 0.01406129 -0.01390058 0.00383741
v 0.01012172 -0.01389804 0.00319557
v 0.01432244 -0.01388674 -0.00540845
v 0.00974601 -0.01388462 -0.00338100
v 0.00627736 -0.01390174 0.00187596
v 0.00614566 -0.01388285 -0.00655671
v 0.00180364 -0.01389904 -0.00443198
v -0.00058756 -0.01389442 -0.00760106
v -0.00460558 -0.01391311 -0.00325094
v -0.00061984 -0.01388973 -0.01075968
v -0.00608130 -0.01389991 -0.00811550
v -0.00397155 -0.01389538 -0.01422616
v 0.00353927 -0.01388216 -0.01472461
v 0.00658675 -0.01387658 -0.01245225
v 0.00985581 -0.01388193 -0.01759498
v 0.01340567 -0.01388190 -0.01323536
v 0.00992319 -0.01387819 -0.00940940
v 0.01856329 -0.01388939 -0.01189229
v 0.01705746 -0.01388381 -0.01932107
v 0.01358417 -0.01388514 -0.01829607
v 0.00784467 -0.01387664 -0.02004744
v 0.00307510 -0.01388635 -0.01798872
v 0.00518287 -0.01386734 -0.02128802
v -0.00150305 -0.01388506 -0.01934771
v 0.02260930 -0.01390633 -0.00705746
v 0.02319992 -0.01391281 -0.00014731
v 0.02248498 -0.01390549 -0.01402032
v 0.02152198 -0.01390014 -0.01941181
v 0.02549073 -0.01392415 -0.01498253
v 0.02826320 -0.01392178 -0.00640172
v 0.02715522 -0.01392533 -0.00065443
v 0.03316852 -0.01392706 -0.00220363
v 0.03467833 -0.01392635 -0.00895952
v 0.03032322 -0.01392760 -0.01269179
v 0.03765872 -0.01393350 -0.01449510
v 0.04009851 -0.01394185 -0.00804176
v 0.03651887 -0.01393103 -0.00415143
v 0.04177344 -0.01395721 -0.00025781
v 0.04556555 -0.01395878 -0.00768886
v 0.04641832 -0.01396701 -0.00020064
v 0.05278331 -0.01396958 -0.00890949
v 0.04467373 -0.01395256 -0.01334273
v 0.05198782 -0.01395678 -0.01494173
v 0.05025365 -0.01394309 -0.01739449
v 0.05792480 -0.01398044 -0.00889571
v 0.05488809 -0.01398346 -0.00340244
v 0.06125778 -0.01398238 -0.00742286
v 0.05973286 -0.01399097 -0.00245977
v 0.05842182 -0.01398552 0.00469198
v 0.05186327 -0.01397389 0.00376593
v 0.04860039 -0.01396922 0.00820597
v 0.05549353 -0.01397589 0.00929437
v 0.06088095 -0.01397805 0.00947802
v 0.05491836 -0.01397309 0.01367829
v 0.06315539 -0.01397316 0.01255486
v 0.06562602 -0.01397644 0.00778696
v 0.06822629 -0.01397197 0.01289502
v 0.06415903 -0.01396714 0.01600526
v 0.06974576 -0.01397318 0.01522268
v 0.06820314 -0.01397775 0.01819900
v 0.07211472 -0.01397611 0.01699320
v 0.07176644 -0.01398933 0.02050061
v 0.06720900 -0.01396729 0.02102400
v 0.06264717 -0.01397004 0.01808822
v 0.05748775 -0.01394945 0.02093892
v 0.07418007 -0.01396863 0.01784704
v 0.07374028 -0.01396476 0.02000330
v 0.07440910 -0.01395553 0.01428498
v 0.07220429 -0.01398093 0.00917241
v 0.07415547 -0.01396091 0.00875303
v 0.06984887 -0.01397805 0.00560964
v 0.07272645 -0.01397481 0.00071941
v 0.06934333 -0.01397854 -0.00260118
v 0.06379185 -0.01398574 0.00152291
v 0.06353450 -0.01398588 -0.00377515
v 0.06770269 -0.01396615 -0.00768554
v 0.06510972 -0.01396877 -0.00836973
v 0.06326735 -0.01394784 -0.01593704
v 0.05828528 -0.01396398 -0.01445543
v 0.05833081 -0.01394673 -0.01787421
v 0.06685240 -0.01394617 -0.01352542
v 0.06946483 -0.01394540 -0.01476012
v 0.07225289 -0.01397454 -0.00633245
v 0.07252116 -0.01395725 -0.01077710
v 0.07200446 -0.01395168 -0.01719169
v 0.06974429 -0.01391389 -0.02096745
v 0.07463606 -0.01393140 -0.01303606
v 0.07405087 -0.01394511 -0.00622512
v 0.07535441 -0.01392760 0.00722464
v 0.07542501 -0.01391423 -0.00595973
v 0.07533882 -0.01391765 0.00087088
v 0.07578649 -0.01388840 -0.01682403
v 0.07484452 -0.01391239 -0.01782873
v 0.07279233 -0.01389703 -0.02140186
v 0.06537139 -0.01392075 -0.01913734
v 0.03427541 -0.01393562 0.00487491
v 0.01943258 -0.01390422 0.00412974
v 0.03017108 -0.01393419 0.00621981
v 0.02434004 -0.01392282 0.00662263
v 0.02739572 -0.01395397 0.01260694
v 0.02285279 -0.01393053 0.01165541
v 0.03098454 -0.01395166 0.01157145
v 0.03193206 -0.01396863 0.01603088
v 0.03617805 -0.01394829 0.00926957
v 0.03756776 -0.01396561 0.01326355
v 0.03858633 -0.01394674 0.00320015
v 0.04301394 -0.01396531 0.00933478
v 0.04749456 -0.01397389 0.01399366
v 0.04062420 -0.01397527 0.01721317
v 0.05379987 -0.01396836 0.01672144
v 0.04731867 -0.01397103 0.01832210
v 0.05444252 -0.01396919 0.01876966
v 0.02672664 -0.01396694 0.01732066
v 0.01673402 -0.01391668 0.01105987
v 0.01820382 -0.01392310 0.01995264
v 0.02069837 -0.01393140 0.01525905
v 0.02303830 -0.01394854 0.01905339
v 0.01103815 -0.01392565 0.01365515
v 0.01463292 -0.01392860 0.01661485
v 0.00839602 -0.01390875 0.00786759
v 0.01344117 -0.01390688 0.00809525
v 0.00101727 -0.01391197 0.00043162
v -0.01028763 -0.01388687 -0.01343736
v -0.00726190 -0.01389250 -0.01762914
v -0.01296485 -0.01388847 -0.00880500
v -0.00953984 -0.01390039 -0.00510000
v -0.01577367 -0.01389604 -0.00384499
v -0.02238467 -0.01388995 -0.00031878
v -0.02056873 -0.01388834 -0.00524654
v -0.01771714 -0.01389581 0.00294039
v -0.01203019 -0.01390196 0.00332740
v -0.00807709 -0.01390960 0.00150715
v -0.00354404 -0.01391903 0.00237049
v -0.00681223 -0.01392151 0.00757294
v 0.00105552 -0.01392192 0.00658904
v -0.00088777 -0.01394086 0.01191836
v -0.00510636 -0.01394508 0.01297125
v 0.00047908 -0.01395266 0.01702999
v -0.00217036 -0.01395887 0.01792242
v -0.00533187 -0.01397526 0.02032429
v 0.00541862 -0.01393349 0.01206801
v 0.00474032 -0.01394854 0.01693441
v 0.00927281 -0.01393240 0.01701351
v 0.01201702 -0.01394644 0.02009731
v 0.00775451 -0.01394563 0.01949361
v 0.01333490 -0.01398083 0.02184578
v 0.00643286 -0.01398269 0.02178477
v 0.02152526 -0.01397432 0.02188875
v 0.00435379 -0.01395353 0.01916427
v -0.00740045 -0.01394091 0.01510401
v -0.01266200 -0.01390896 0.01081700
v -0.01237993 -0.01391262 0.01662855
v -0.02007575 -0.01389785 0.01172631
v -0.02626752 -0.01389501 0.01297466
v -0.02262067 -0.01389716 0.01555272
v -0.01761330 -0.01390510 0.01711226
v -0.01175171 -0.01390116 0.01989954
v -0.01679735 -0.01391143 0.02205506
v -0.02822756 -0.01388932 0.01773571
v -0.02168835 -0.01389960 0.01950318
v -0.03819634 -0.01388896 0.01593633
v -0.02969846 -0.01389315 0.01616579
v -0.03671873 -0.01388490 0.01906874
v -0.02946654 -0.01389136 0.01976206
v -0.03650444 -0.01389222 0.02231008
v -0.04398390 -0.01388330 0.01825411
v -0.04128890 -0.01388427 0.01975777
v -0.04387049 -0.01388111 0.00927595
v -0.04251636 -0.01389069 0.01300108
v -0.04399252 -0.01386996 -0.00011394
v -0.04235129 -0.01388477 0.00246621
v -0.04433508 -0.01386354 -0.00818734
v -0.04243932 -0.01387978 -0.00446440
v -0.04524951 -0.01382691 -0.01885390
v -0.04365508 -0.01386890 -0.01654823
v -0.04587809 -0.01384491 -0.01590993
v -0.04163123 -0.01387592 -0.01001843
v -0.03998579 -0.01386757 -0.01422950
v -0.03766872 -0.01386777 -0.01116949
v -0.04091430 -0.01387744 -0.01702255
v -0.03568257 -0.01386449 -0.01414141
v -0.04195583 -0.01385416 -0.02006032
v -0.04327684 -0.01383801 -0.02078808
v -0.03710435 -0.01384971 -0.01903394
v -0.03624510 -0.01386418 -0.01743572
v -0.04115557 -0.01381411 -0.02161126
v -0.03738753 -0.01381545 -0.02082098
v -0.02792490 -0.01385877 -0.01804266
v -0.02049706 -0.01387296 -0.01701079
v -0.02422156 -0.01387062 -0.01301903
v -0.02228532 -0.01385588 -0.01912163
v -0.01635554 -0.01382222 -0.02158949
v -0.01724547 -0.01385764 -0.01943917
v -0.00899801 -0.01386565 -0.02025419
v -0.01099034 -0.01382014 -0.02237262
v -0.01319435 -0.01387842 -0.01728645
v -0.01490180 -0.01388214 -0.01286052
v -0.01238373 -0.01386334 -0.01950915
v -0.00524408 -0.01387143 -0.02102751
v 0.01045560 -0.01388799 -0.02112734
v 0.02920683 -0.01392988 -0.01806814
v 0.03315372 -0.01392223 -0.01837645
v 0.02748857 -0.01389833 -0.02241608
v 0.03688551 -0.01390806 -0.02083354
v 0.02650182 -0.01392911 -0.02069411
v 0.02135688 -0.01388082 -0.02243764
v 0.03573157 -0.01388930 -0.02243858
v 0.03883189 -0.01386602 -0.02279614
v 0.04442977 -0.01391127 -0.02024972
v 0.04418266 -0.01386265 -0.02279725
v 0.04861336 -0.01384349 -0.02276391
v 0.04979074 -0.01391294 -0.01990177
v 0.05312518 -0.01387893 -0.02213711
v 0.05692406 -0.01387986 -0.02282456
v 0.05639708 -0.01392846 -0.02005300
v 0.03871886 -0.01392267 -0.01934008
v 0.04255844 -0.01394392 -0.01679922
v 0.04568117 -0.01393850 -0.01802839
v 0.06080248 -0.01391298 -0.02067171
v 0.06250834 -0.01386972 -0.02280603
v 0.07068614 -0.01387638 -0.02285415
v 0.01595755 -0.01386915 -0.02243092
v 0.00964246 -0.01386944 -0.02249274
v 0.00572220 -0.01384410 -0.02244033
v -0.00109393 -0.01386498 -0.02124926
v -0.00060522 -0.01382826 -0.02245381
v -0.02695961 -0.01381553 -0.02059454
v -0.01894515 -0.01381167 -0.02224811
v -0.03255767 -0.01380018 -0.02123274
v -0.04590566 -0.01384204 -0.00939311
v -0.04588644 -0.01383031 -0.00139882
v -0.04585309 -0.01384992 0.00292996
v -0.04582544 -0.01385259 0.00746033
v -0.04581865 -0.01386906 0.01622325
v -0.04541751 -0.01386023 0.01896609
v -0.04265040 -0.01387383 0.02202180
v -0.04119419 -0.01386591 0.02310808
v -0.02281979 -0.01390644 0.02210479
v -0.03091367 -0.01389456 0.02278839
v -0.00585136 -0.01399418 0.02238937
v -0.01079621 -0.01392317 0.02216962
v -0.00000375 -0.01398532 0.02184806
v -0.01978071 -0.01387765 -0.01240886
v -0.02549692 -0.01388778 -0.00539985
v -0.02785711 -0.01388552 -0.00776512
v -0.02777433 -0.01389622 -0.00103137
v -0.03276417 -0.01389870 0.00184652
v -0.03451327 -0.01389437 -0.00390481
v -0.03928960 -0.01389256 -0.00295272
v -0.03686889 -0.01387870 -0.00764657
v -0.03155183 -0.01387945 -0.00930799
v -0.02969234 -0.01386711 -0.01480251
v -0.03820516 -0.01389583 0.00275500
v -0.04127718 -0.01389127 0.00770951
v -0.03929262 -0.01389213 0.01117094
v -0.03348588 -0.01389514 0.01287325
v -0.02991342 -0.01389820 0.00788968
v -0.03426300 -0.01389614 0.00725473
v -0.02633955 -0.01389365 0.00643548
v -0.02261308 -0.01388962 0.00570553
v 0.02720823 -0.01398409 0.02140525
v 0.03452928 -0.01397111 0.02146532
v 0.04353131 -0.01396416 0.02121286
v 0.04853649 -0.01396222 0.02135521
v 0.05993246 -0.01396733 0.01927782
v -0.02259997 -0.01379106 -0.02214236
v -0.02710958 -0.01375297 -0.02200744
v -0.03704524 -0.01376821 -0.02176126
v 0.00313757 -0.01397568 0.02249856
v 0.01864341 -0.01396541 0.02251696
v 0.02740936 -0.01393872 0.02249105
v 0.07264084 -0.01395612 0.02136997
v 0.07536520 -0.01393452 0.01803610
v 0.07540145 -0.01391955 0.01175257
v -0.02418524 -0.01387286 0.02309706
v -0.01068895 -0.01389836 0.02291209
v -0.04618657 -0.01382089 -0.01699154
v -0.04346938 -0.01384059 0.02269581
v -0.04489014 -0.01381720 0.02162322
v -0.04550070 -0.01382212 0.02047338
v -0.03305347 -0.01386612 0.02310373
v 0.02714353 -0.01397021 0.02201620
v 0.03353899 -0.01395443 0.02203691
v 0.04677712 -0.01393253 0.02194832
v 0.05645643 -0.01392070 0.02159151
v 0.06701361 -0.01392192 0.02162248
v -0.01805745 -0.01377705 -0.02235359
v -0.04468095 -0.01379657 -0.02050700
v 0.07185711 -0.01384087 -0.02313624
v 0.07541459 -0.01381546 -0.02058502
v 0.07490024 -0.01380632 -0.02160057
v 0.07381711 -0.01380475 -0.02252964
v 0.01564636 -0.01384182 -0.02288178
v 0.02500153 -0.01386420 -0.02286635
v -0.04623114 -0.01380518 0.00097667
v -0.04538780 -0.01378414 -0.01979115
v 0.07471964 -0.01390973 0.02001245
v 0.07595972 -0.01389132 0.00589071
v 0.07593478 -0.01387633 -0.00889212
v 0.00767109 -0.01394824 0.02285651
v 0.07590644 -0.01389482 0.01710771
v -0.04591830 -0.01382725 0.01869545
v 0.07616570 -0.01385031 0.01082970
v 0.04112479 -0.01390191 0.02247174
v 0.03425147 -0.01389796 0.02259486
v -0.04621497 -0.01381156 -0.00944016
v 0.00920138 -0.01382344 -0.02301450
v 0.00448956 -0.01378640 -0.02292095
v -0.00050540 -0.01378876 -0.02277933
v -0.00915782 -0.01379262 -0.02263958
v 0.07407379 -0.01388413 0.02091501
v 0.05742086 -0.01384035 -0.02312887
v -0.04616682 -0.01383029 0.01547386
v -0.00579706 -0.01394358 0.02292820
v 0.00081126 -0.01391862 0.02295163
v -0.04325412 -0.01378559 -0.02130848
v 0.04838217 -0.01380529 -0.02310875
v 0.05731593 -0.01387068 0.02202390
v 0.01976418 -0.01392696 0.02280137
v -0.01036491 -0.01388001 0.02306011
v 0.01982074 -0.01381411 -0.02308428
v 0.07585267 -0.01380999 -0.01896878
v 0.04547412 -0.01388810 0.02233242
v 0.04893150 -0.01389087 0.02211666
v 0.04010004 -0.01381368 -0.02314506
v 0.03590961 -0.01381824 -0.02304922
v 0.07608363 -0.01384666 -0.01646052
v -0.04583906 -0.01375825 -0.01908295
v 0.07540205 -0.01383912 0.01960726
v 0.07583591 -0.01382790 0.01866253
v 0.07608213 -0.01384953 0.01750173
v 0.02898382 -0.01388542 0.02277549
v 0.07617561 -0.01385959 0.00579847
v 0.07616545 -0.01384073 -0.00530460
v 0.07143822 -0.01392682 0.02152594
v 0.07481827 -0.01383919 0.02038169
v 0.00885791 -0.01390809 0.02300352
v 0.01999459 -0.01389062 0.02290552
v 0.06270147 -0.01388307 0.02185012
v 0.07335365 -0.01375501 -0.02281533
v -0.04431565 -0.01373419 0.02227700
v -0.04614932 -0.01370623 -0.01810415
v -0.02119177 -0.01371577 -0.02225942
v -0.04204378 -0.01371043 -0.02161145
v 0.05025078 -0.01374206 0.02223304
v 0.05794161 -0.01374332 0.02213258
v 0.07336906 -0.01376831 0.02133351
v -0.00041113 -0.01369487 -0.02289218
v -0.00793568 -0.01367651 -0.02275990
v 0.06795424 -0.01374104 0.02179268
v 0.07161140 -0.01378765 0.02164521
v 0.03568876 -0.01375204 0.02270614
v 0.07439700 -0.01368436 -0.02220478
v -0.03308724 -0.01369040 -0.02193093
v 0.00462343 -0.01370741 -0.02300160
v 0.00864607 -0.01372201 -0.02309289
v -0.00578630 -0.01376512 0.02309891
v -0.04270732 -0.01365110 0.02302398
v -0.04146931 -0.01373999 0.02318543
v -0.04487353 -0.01363793 -0.02049411
v 0.02007663 0.01505522 0.01675357
v 0.01551683 0.01505926 0.01756608
v 0.01913959 0.01505306 0.01793687
v 0.02474535 0.01503609 0.01645204
v 0.02383127 0.01503365 0.01752842
v 0.02754718 0.01503427 0.01728663
v 0.02138443 0.01500824 0.01892143
v 0.01828362 0.01500869 0.01917328
v 0.01469394 0.01501225 0.01911357
v 0.01055341 0.01505652 0.01817401
v 0.01216962 0.01501252 0.01912699
v 0.00733959 0.01501927 0.01929503
v 0.02377539 0.01497211 0.01894536
v 0.03114894 0.01495947 0.01864400
v 0.00669799 0.01506118 0.01726730
v 0.00501623 0.01503124 0.01894622
v 0.01146479 0.01504989 0.01675437
v 0.01577993 0.01504288 0.01652207
v 0.00192761 0.01498773 0.01954172
v -0.00046251 0.01500600 0.01854898
v 0.00162925 0.01495721 0.01990680
v 0.03186362 0.01500528 0.01700504
v 0.05083737 0.01493410 0.01569867
v 0.04683423 0.01495669 0.01665361
v 0.04699417 0.01487681 0.01855129
v 0.03868197 0.01495987 0.01857112
v 0.04018041 0.01498846 0.01731630
v 0.03949765 0.01499825 0.01626246
v 0.03166663 0.01499411 0.01514941
v 0.02544284 0.01499761 0.01523510
v 0.04571908 0.01493389 0.01527007
v 0.03953071 0.01497325 0.01515721
v 0.04744583 0.01495401 0.01560235
v 0.01576341 0.01497522 0.01530482
v 0.00894475 0.01494194 0.01534135
v 0.00386766 0.01503734 0.01724260
v -0.01761799 0.01493840 0.01694619
v -0.02177008 0.01489198 0.01715696
v -0.02178137 0.01488255 0.01881585
v -0.02553976 0.01485696 0.01797668
v -0.00934393 0.01499352 0.01888213
v -0.01644671 0.01495072 0.01793606
v -0.01374174 0.01494408 0.01923867
v -0.01757093 0.01492425 0.01926069
v -0.01391429 0.01496119 0.01654514
v -0.01047974 0.01498222 0.01613270
v -0.00427598 0.01498714 0.01728706
v -0.00446726 0.01497524 0.01896872
v 0.00004628 0.01497620 0.01557153
v -0.00880456 0.01494947 0.01571514
v 0.00388795 0.01496135 0.01523607
v -0.01497813 0.01488046 0.02051007
v -0.02019257 0.01483938 0.02055264
v -0.00207053 0.01492298 0.02003074
v -0.00976973 0.01491714 0.02048862
v -0.02528576 0.01480682 0.02043540
v -0.02835724 0.01473423 0.02038613
v -0.02835806 0.01477031 0.01832888
v -0.03091655 0.01464315 0.02021913
v -0.03178389 0.01462668 0.01838183
v -0.03363871 0.01451717 0.02042125
v -0.03682971 0.01438069 0.01889762
v -0.03860254 0.01430995 0.02088496
v -0.03942991 0.01425107 0.01944853
v -0.04027145 0.01423426 0.02049521
v -0.03177163 0.01454961 0.02113647
v 0.05157286 0.01476839 0.01846577
v 0.05197412 0.01489116 0.01595909
v 0.05649713 0.01456261 0.01904095
v -0.02959438 0.01461398 0.02114510
v 0.05710320 0.01465065 0.01610250
v 0.06136409 0.01445948 0.01844478
v 0.05820101 0.01455444 0.01771564
v 0.06029018 0.01445932 0.01917822
v 0.05322165 0.01461135 0.01952231
v 0.04772777 0.01481766 0.01905897
v 0.05330363 0.01465605 0.01917823
v -0.00024958 0.01487386 0.02045227
v 0.04106123 0.01488607 0.01905594
v -0.02677791 0.01472143 0.02094687
v -0.02456641 0.01475134 0.02090256
v 0.06443532 0.01437250 0.01789696
v 0.03241934 0.01491221 0.01901730
v 0.06672811 0.01424960 0.01914797
v 0.06754469 0.01426164 0.01806978
v 0.06991940 0.01415406 0.01877450
v 0.06423717 0.01424991 0.02007092
v 0.06983167 0.01409816 0.01985447
v 0.07214107 0.01407158 0.01907793
v 0.05471906 0.01449562 0.02008625
v 0.04494124 0.01481834 0.01916215
v 0.07243144 0.01397563 0.02002684
v 0.07170860 0.01395879 0.02056233
v -0.03693499 0.01426779 0.02188937
v 0.06420315 0.01418228 0.02057211
v 0.06355050 0.01414666 0.02081266
v 0.06169650 0.01424117 0.02054517
v 0.00752452 0.01492093 0.01989408
v -0.03912613 0.01416603 0.02186436
v 0.04954264 0.01455675 0.02019529
v -0.03326041 0.01436222 0.02196161
v 0.01858950 0.01492729 0.01955642
v 0.02493349 0.01486502 0.01942164
v -0.04203647 0.01409849 0.02065783
v -0.04138691 0.01401890 0.02194927
v 0.03986847 0.01479159 0.01956270
v 0.04486138 0.01456236 0.02031018
v 0.04068670 0.01461114 0.02028025
v 0.03043970 0.01461324 0.02029695
v 0.03623201 0.01461750 0.02028056
v 0.02508321 0.01464255 0.02029447
v -0.03008690 0.01443787 0.02189281
v -0.01886997 0.01478277 0.02086220
v 0.00553301 0.01481683 0.02037249
v -0.03877713 0.01411849 0.02221078
v -0.03662764 0.01419127 0.02225785
v 0.01344496 0.01483155 0.01992304
v 0.07338074 0.01382268 0.02053312
v 0.05538258 0.01438202 0.02054125
v 0.07395819 0.01392794 0.01898260
v 0.07019633 0.01390855 0.02097237
v 0.06560196 0.01402913 0.02102519
v 0.04978692 0.01441435 0.02061346
v -0.04275227 0.01388846 0.02189269
v -0.04345031 0.01394530 0.02082322
v -0.04121303 0.01392969 0.02238954
v -0.01035573 0.01480146 0.02087021
v 0.01312227 0.01465865 0.02058829
v 0.01877381 0.01467450 0.02048289
v 0.00880422 0.01472037 0.02061312
v 0.06730732 0.01427189 0.01792396
v 0.05921269 0.01452730 0.01615612
v 0.06150217 0.01446135 0.01680174
v 0.07385825 0.01401892 0.01650931
v 0.07220358 0.01409185 0.01717341
v 0.07060355 0.01412944 0.01810220
v -0.02643599 0.01448730 0.02180561
v -0.00150716 0.01473417 0.02091593
v 0.00567425 0.01457469 0.02110613
v -0.04336228 0.01403895 0.01885547
v -0.04145534 0.01415737 0.01899458
v -0.04109453 0.01416221 0.01955871
v -0.04045025 0.01414580 0.01901473
v 0.05379429 0.01479990 0.01569062
v 0.07239251 0.01379432 0.02095957
v 0.07430222 0.01384057 0.01923873
v 0.07258969 0.01402277 0.01565693
v 0.07127823 0.01408651 0.01720962
v 0.07391121 0.01399678 0.01517419
v 0.07277700 0.01392965 0.01293906
v 0.07400616 0.01391294 0.01129370
v 0.07293581 0.01389007 0.00815473
v 0.07346968 0.01388134 -0.00273272
v 0.07316206 0.01385957 0.00126643
v 0.07395195 0.01386834 0.00097837
v 0.07390295 0.01388243 -0.00523536
v 0.07210347 0.01382383 -0.00438815
v 0.07269184 0.01378704 -0.00933014
v 0.07399589 0.01380608 -0.00874296
v 0.07405060 0.01379197 -0.01077543
v 0.07320772 0.01385202 -0.01545967
v 0.07400081 0.01383287 -0.01550021
v -0.02433488 0.01486325 0.01760448
v 0.07199887 0.01380207 -0.01397210
v 0.07186682 0.01386657 -0.01663956
v -0.03052386 0.01467109 0.01815654
v 0.07249125 0.01384796 0.00461535
v 0.07136666 0.01375313 0.00035275
v 0.07153011 0.01378857 0.00559494
v 0.06577869 0.01431570 0.01773797
v 0.06431744 0.01434190 0.01740823
v 0.07176139 0.01393990 0.01467821
v 0.07176774 0.01386451 0.01169067
v 0.07247638 0.01394813 -0.01786223
v 0.07097218 0.01386277 -0.01724496
v 0.07417503 0.01387324 -0.01763166
v 0.07400979 0.01391801 -0.01930308
v 0.07141128 0.01373036 -0.01010264
v 0.07139775 0.01373696 -0.00747173
v 0.07125081 0.01374279 -0.00328066
v 0.07050559 0.01405825 0.01763520
v -0.04196963 0.01410116 0.01806603
v -0.04218905 0.01401408 0.01560807
v -0.04130408 0.01407291 0.01772237
v -0.04132024 0.01396388 0.01447770
v -0.04265118 0.01394763 0.01273792
v -0.04139251 0.01393651 0.01182851
v -0.04214373 0.01392368 0.00850260
v -0.04135708 0.01388759 0.00678230
v -0.04377367 0.01388147 0.00872447
v -0.04329979 0.01391807 0.00642552
v -0.04212158 0.01392866 0.00629673
v -0.04217042 0.01391092 -0.00151600
v -0.04396946 0.01388533 -0.00132515
v -0.04331696 0.01391204 0.00129443
v -0.04208473 0.01391801 0.00145530
v -0.04393333 0.01392000 -0.00516634
v -0.04214758 0.01392325 -0.00568605
v -0.04392253 0.01387862 -0.00869653
v -0.04266225 0.01387096 -0.00917962
v -0.04390232 0.01389226 -0.01175153
v -0.04271060 0.01389740 -0.01270379
v -0.04156288 0.01381040 -0.00970367
v -0.04161486 0.01381874 -0.01203679
v -0.04389296 0.01388535 0.01237298
v -0.04134740 0.01387437 -0.00142900
v -0.04120283 0.01386454 -0.00584711
v -0.04090898 0.01376741 -0.00821412
v -0.01284004 0.01495140 0.01622447
v -0.04418594 0.01386335 0.00582077
v -0.03849138 0.01426928 0.01868183
v -0.03672730 0.01434928 0.01848800
v -0.00618594 0.01492580 0.01535783
v -0.04334685 0.01404805 -0.01640565
v -0.04249278 0.01401361 -0.01547820
v -0.04155370 0.01384871 -0.01352139
v 0.07446853 0.01382616 -0.00592451
v 0.07467416 0.01379680 0.00039370
v 0.07445509 0.01386057 0.00739629
v 0.07442261 0.01392321 0.01510674
v -0.04054386 0.01385495 0.00990678
v -0.04398164 0.01397721 -0.01508778
v 0.07124922 0.01374715 -0.01413596
v 0.07094939 0.01378506 -0.01643172
v -0.04049093 0.01405985 0.01861433
v -0.04453201 0.01383170 -0.00857428
v -0.04441863 0.01385825 -0.00555446
v -0.04454329 0.01385191 -0.01225571
v -0.01648271 0.01492640 0.01665476
v 0.07152028 0.01405871 -0.01923057
v 0.07189172 0.01406094 -0.02086111
v 0.06895358 0.01422637 -0.01963046
v 0.06458094 0.01449617 -0.01886323
v 0.06879805 0.01420375 -0.01866270
v 0.07007154 0.01413183 -0.01881914
v 0.07001122 0.01418022 -0.02080064
v 0.06538720 0.01442069 -0.02049033
v 0.06111234 0.01465784 -0.02017362
v 0.06162117 0.01468099 -0.01839255
v 0.05754415 0.01486072 -0.01803683
v 0.05730549 0.01479642 -0.02036459
v 0.05449150 0.01490691 -0.01889564
v 0.04452115 0.01500281 -0.01930573
v 0.03866293 0.01505815 -0.01901882
v 0.04480164 0.01502356 -0.01875766
v 0.04853383 0.01489658 -0.02039043
v 0.04862721 0.01497980 -0.01857622
v 0.05397528 0.01485523 -0.02040726
v 0.04426950 0.01503743 -0.01743508
v 0.05515575 0.01490853 -0.01789754
v 0.05257482 0.01493398 -0.01742534
v 0.04873359 0.01497028 -0.01700433
v 0.04551118 0.01500972 -0.01673591
v 0.04051282 0.01503989 -0.01685930
v 0.03295507 0.01508479 -0.01879431
v 0.03397794 0.01507546 -0.01732753
v 0.03639999 0.01507815 -0.01846892
v 0.03037809 0.01509702 -0.01726350
v 0.02727150 0.01511532 -0.01888148
v 0.02610572 0.01513552 -0.01718462
v 0.02374304 0.01514888 -0.01809605
v 0.03665246 0.01504099 -0.01641876
v 0.02342447 0.01513186 -0.01712419
v 0.02141496 0.01514442 -0.01715927
v 0.01389081 0.01514429 -0.01792575
v 0.01500767 0.01512624 -0.01709486
v 0.01999541 0.01517084 -0.01856293
v 0.01024284 0.01516394 -0.01717901
v 0.01450764 0.01513188 -0.01845224
v 0.00993184 0.01505885 -0.01857991
v 0.01825844 0.01513972 -0.01886366
v 0.02361032 0.01510257 -0.01888166
v 0.04211836 0.01500076 -0.01621452
v 0.03989938 0.01496953 -0.01570051
v 0.03568153 0.01495656 -0.01518519
v 0.03018620 0.01495904 -0.01520484
v 0.03009716 0.01502438 -0.01593895
v 0.01001212 0.01508238 -0.01593891
v 0.02651143 0.01498606 -0.01533716
v 0.02338991 0.01504039 -0.01604879
v 0.02089362 0.01504157 -0.01594130
v 0.01531007 0.01505194 -0.01608104
v 0.01483307 0.01496202 -0.01515568
v 0.01029524 0.01500852 -0.01521249
v 0.04240107 0.01496849 -0.02022508
v 0.03980388 0.01499384 -0.01980263
v 0.03781505 0.01498070 -0.02029935
v 0.03737574 0.01495557 -0.02033001
v 0.03365656 0.01499532 -0.01972021
v 0.03038391 0.01508204 -0.01905465
v 0.00738303 0.01505660 -0.01613242
v 0.00577988 0.01503390 -0.01689438
v 0.00563850 0.01499759 -0.01516996
v -0.00114933 0.01498847 -0.01627799
v -0.00589539 0.01498763 -0.01613833
v -0.01032989 0.01499970 -0.01515839
v -0.00712343 0.01496162 -0.01473561
v -0.01053123 0.01503028 -0.01637233
v -0.00203901 0.01496306 -0.01473890
v -0.00589605 0.01496193 -0.01731190
v -0.00073911 0.01496822 -0.01742514
v 0.00478234 0.01500555 -0.01739512
v -0.01093170 0.01493132 -0.01844456
v -0.00208918 0.01488609 -0.01895195
v 0.00581432 0.01493514 -0.01892158
v -0.01699042 0.01495826 -0.01553432
v -0.01569180 0.01496993 -0.01654023
v -0.02071842 0.01487949 -0.01639906
v -0.02112710 0.01488305 -0.01575634
v -0.02453261 0.01463733 -0.01890778
v -0.02721681 0.01457709 -0.01809160
v -0.02503891 0.01468640 -0.01765822
v -0.01913652 0.01480202 -0.01852058
v -0.02759551 0.01460017 -0.01608459
v -0.02626806 0.01467006 -0.01602519
v -0.03109512 0.01449623 -0.01656975
v -0.03176713 0.01444003 -0.01842353
v -0.03550407 0.01432540 -0.01773950
v -0.03534211 0.01430748 -0.01883631
v -0.03911223 0.01423206 -0.01813418
v -0.03838093 0.01423775 -0.01875989
v -0.04129183 0.01416599 -0.01866040
v -0.03074269 0.01450082 -0.01609938
v -0.03814462 0.01423305 -0.01706034
v -0.03286911 0.01441890 -0.01664904
v -0.03694572 0.01424507 -0.01681686
v -0.03043430 0.01443385 -0.01913873
v -0.03740724 0.01420762 -0.01940687
v -0.04140908 0.01400074 -0.02061505
v -0.01526438 0.01495567 -0.01521821
v 0.07097178 0.01401299 -0.01831182
v -0.04228338 0.01410324 -0.01679860
v -0.04243952 0.01406789 -0.01912593
v -0.04131832 0.01412557 -0.01724963
v -0.04146604 0.01408784 -0.01655507
v -0.04024933 0.01412751 -0.01718252
v 0.00463483 0.01495962 -0.01471707
v 0.07484143 0.01373591 -0.01404539
v 0.07535459 0.01365721 -0.00964982
v -0.04158625 0.01393400 -0.01506104
v 0.07384767 0.01390685 -0.02086247
v 0.05986814 0.01467736 -0.02056732
v -0.01395107 0.01484672 -0.01889876
v -0.04419583 0.01396093 -0.01707030
v -0.02310022 0.01466338 -0.01899940
v -0.04080867 0.01388703 0.01395337
v 0.03220817 0.01492537 -0.02037997
v -0.04048184 0.01366819 -0.01269890
v -0.04397730 0.01395457 0.01728351
v 0.06388263 0.01450919 -0.01845655
v 0.05184518 0.01491740 -0.01712246
v -0.03419597 0.01415890 -0.02046736
v -0.04061677 0.01380753 0.00666905
v -0.04066923 0.01380036 0.00158807
v -0.04050505 0.01378012 -0.00155703
v 0.06626606 0.01434406 -0.02085818
v 0.06057952 0.01456566 -0.02101214
v 0.05888839 0.01463162 -0.02089400
v 0.05435757 0.01488798 -0.01749032
v -0.04442860 0.01382585 0.00057579
v 0.02057601 0.01495696 -0.01521341
v 0.02327349 0.01495038 -0.01531891
v 0.03504344 0.01494849 0.01483882
v -0.04042830 0.01399819 -0.01659611
v -0.00878869 0.01488191 -0.01889008
v -0.04410502 0.01389011 -0.01905159
v 0.02847678 0.01498607 -0.02002151
v 0.02849301 0.01495036 -0.02030162
v 0.01999311 0.01496796 -0.01990321
v 0.02807613 0.01500941 -0.01970269
v 0.02315024 0.01502840 -0.01946404
v -0.04448727 0.01379099 0.00924292
v -0.04083902 0.01400694 0.01776244
v 0.07496190 0.01376423 -0.00501385
v 0.01287053 0.01499257 -0.01932685
v -0.04498538 0.01376672 -0.00732758
v -0.04490243 0.01382373 -0.01382353
v 0.06139232 0.01466434 -0.01815413
v 0.07120941 0.01376222 0.00764653
v 0.07118992 0.01381155 0.01333013
v 0.07121820 0.01391590 0.01538391
v -0.02637381 0.01443462 -0.02004080
v -0.03022124 0.01421875 -0.02065090
v -0.04318572 0.01383692 -0.02070046
v 0.01379225 0.01490970 -0.01997149
v 0.00745933 0.01488409 -0.01942076
v -0.00098172 0.01482117 -0.01932029
v -0.00733012 0.01478284 -0.01936012
v 0.07529820 0.01367432 -0.01444588
v 0.03846570 0.01492612 -0.01525359
v 0.05689839 0.01462748 0.01582132
v 0.07125884 0.01395194 -0.02195929
v 0.07373253 0.01378764 -0.02189288
v -0.04444337 0.01380894 0.01366613
v -0.04410093 0.01392939 0.01898634
v -0.04048435 0.01375502 -0.00612127
v 0.07496397 0.01378503 0.00696738
v 0.07494749 0.01381852 0.01249584
v 0.05542762 0.01474405 -0.02076161
v -0.04074571 0.01377607 -0.01463092
v 0.05788059 0.01472997 -0.01765622
v 0.06665161 0.01416968 -0.02169613
v 0.07111675 0.01370523 0.00403756
v -0.01942614 0.01484470 0.01670507
v -0.02481816 0.01439501 -0.02042824
v -0.02720060 0.01429532 -0.02061196
v 0.07454410 0.01379380 -0.02086848
v -0.04047298 0.01390127 -0.01614353
v 0.07525263 0.01369613 -0.01859225
v 0.05833442 0.01449115 0.01577993
v -0.03338068 0.01431592 -0.01625840
v -0.04493811 0.01373478 0.00262368
v 0.07072976 0.01360048 -0.00930866
v -0.03449310 0.01440368 0.01813261
v -0.04413046 0.01383231 0.02071090
v 0.04186552 0.01490403 0.01491195
v 0.01583219 0.01484430 -0.02039395
v 0.02305000 0.01488889 -0.02037414
v 0.00722063 0.01477381 -0.01997216
v 0.00514914 0.01468316 -0.02018344
v -0.02239313 0.01438682 -0.02041790
v -0.01758742 0.01449335 -0.02024839
v -0.01281444 0.01455696 -0.02016746
v -0.00883844 0.01456340 -0.02018950
v -0.02654108 0.01474661 0.01771002
v -0.03291988 0.01413175 -0.02076637
v -0.03683258 0.01399530 -0.02100319
v -0.04130986 0.01393207 -0.02099792
v 0.07260572 0.01375174 -0.02253354
v -0.03436330 0.01432483 -0.01660479
v 0.06382317 0.01422104 -0.02185549
v 0.00973127 0.01493495 -0.01481978
v 0.01511908 0.01488434 -0.01479094
v 0.02013444 0.01486482 -0.01485306
v -0.04412646 0.01373182 -0.02033976
v -0.04516132 0.01365750 0.00843917
v -0.04521073 0.01363363 0.01496520
v 0.07467346 0.01385457 0.01672576
v 0.03129029 0.01492370 0.01481505
v -0.04520132 0.01365932 -0.00206919
v 0.07544033 0.01364233 0.00072896
v 0.04989454 0.01489129 -0.01678854
v 0.04851030 0.01488073 0.01539330
v 0.07551696 0.01364014 -0.00500972
v 0.02932672 0.01487342 -0.01480037
v 0.03595764 0.01486363 -0.01484386
v -0.04493232 0.01380966 -0.01718124
v -0.01170532 0.01492063 -0.01489260
v -0.04514543 0.01365592 -0.01900948
v -0.01505532 0.01484464 0.01626862
v -0.04022583 0.01362720 -0.00825359
v 0.07448986 0.01361874 -0.02214445
v 0.07518313 0.01365924 -0.02080923
v 0.07047785 0.01353083 -0.00651606
v 0.06886785 0.01393232 -0.02241242
v -0.01840908 0.01484992 -0.01530679
v -0.02056366 0.01475695 -0.01537965
v -0.04544791 0.01370019 -0.01478582
v -0.04570693 0.01361839 -0.01049662
v 0.02434936 0.01482510 -0.01481466
v -0.04382749 0.01368498 0.02201921
v -0.02342178 0.01482570 0.01724879
v 0.07550131 0.01365818 0.00734981
v 0.06059822 0.01439842 0.01615953
v -0.04048922 0.01384063 0.01496770
v 0.01330076 0.01473666 -0.02056365
v -0.02910334 0.01446222 -0.01573381
v -0.02660430 0.01454367 -0.01572194
v 0.04108002 0.01491355 -0.01570468
v 0.04410725 0.01494151 -0.01629155
v 0.07090339 0.01394322 0.01678443
v 0.07374974 0.01356164 -0.02269438
v -0.04047683 0.01380338 0.01408741
v -0.01113210 0.01483464 0.01567819
v -0.04025554 0.01368363 0.00331916
v 0.06386777 0.01406187 -0.02233043
v -0.04539396 0.01361559 0.00282741
v 0.07097606 0.01372010 0.00955169
v 0.07432697 0.01361216 0.02062404
v -0.04002659 0.01383279 -0.01612082
v 0.07046107 0.01382435 -0.01778452
v -0.00394080 0.01455555 -0.02015623
v -0.00003285 0.01461292 -0.02014001
v 0.07046035 0.01351619 0.00028530
v 0.07046979 0.01352683 0.00323596
v 0.07048819 0.01354268 0.00756453
v 0.06769570 0.01348697 0.00237099
v 0.07014487 0.01350408 -0.00616745
v 0.06584789 0.01347265 -0.00454287
v 0.06749647 0.01348256 -0.00794512
v 0.06691439 0.01348152 -0.01409440
v 0.07011925 0.01352021 -0.01418358
v 0.07007323 0.01354427 -0.01670795
v 0.06660963 0.01349592 -0.01628571
v 0.06026894 0.01346388 -0.00866398
v 0.06133916 0.01345588 -0.00352008
v 0.06235478 0.01346131 -0.00026219
v 0.06577067 0.01347680 0.00393919
v 0.05680919 0.01343818 -0.00370042
v 0.05633997 0.01344219 0.00396275
v 0.06010730 0.01345739 0.00595971
v 0.05747491 0.01345367 0.00766055
v 0.05654116 0.01345922 0.01090314
v 0.05236826 0.01340263 0.00352142
v 0.05283583 0.01340135 -0.00190632
v 0.04927067 0.01338066 0.00121754
v 0.04998534 0.01340415 0.00834821
v 0.04486722 0.01336630 0.00428319
v 0.04455738 0.01334877 -0.00068523
v 0.04168864 0.01332596 -0.00012896
v 0.04149683 0.01334653 0.00485693
v 0.03846868 0.01328642 0.00217392
v 0.03833213 0.01327787 -0.00121931
v 0.03426781 0.01321479 -0.00058818
v 0.03181836 0.01319257 0.00449090
v 0.03604030 0.01326054 0.00485354
v 0.03841275 0.01332892 0.00755767
v 0.03440647 0.01325704 0.00633020
v 0.03185050 0.01327418 0.00886957
v 0.03152316 0.01317558 0.00175079
v 0.02955869 0.01312641 0.00411172
v 0.03124932 0.01316970 -0.00441234
v 0.03687802 0.01325024 -0.00461181
v 0.03625611 0.01325606 -0.00840368
v 0.04037409 0.01330835 -0.00559754
v 0.04096221 0.01333298 -0.00803100
v 0.04553751 0.01335330 -0.00391844
v 0.04594776 0.01336279 -0.00748047
v 0.04668450 0.01339408 -0.01179551
v 0.05112175 0.01340492 -0.01175609
v 0.04979389 0.01343561 -0.01355901
v 0.05646616 0.01346753 -0.01275090
v 0.05158252 0.01346122 -0.01391774
v 0.05470197 0.01350045 -0.01447050
v 0.05667810 0.01350360 -0.01477198
v 0.06307297 0.01347753 -0.01353963
v 0.05883273 0.01350543 -0.01498659
v 0.06405071 0.01349556 -0.01579088
v 0.04999257 0.01337953 -0.00543575
v 0.05282102 0.01340820 -0.00778619
v 0.03995489 0.01336123 -0.01090290
v 0.03465072 0.01327701 -0.01033065
v 0.03058273 0.01319684 -0.00778376
v 0.07010556 0.01352515 0.00857274
v 0.06719571 0.01349113 0.01300237
v 0.06883762 0.01350952 0.01214392
v 0.06337665 0.01346999 0.00615849
v 0.06049340 0.01348277 0.01222050
v 0.05579958 0.01349434 0.01355732
v 0.05831902 0.01351744 0.01396860
v 0.05141351 0.01342660 0.01190607
v 0.05235978 0.01346750 0.01344566
v 0.04888490 0.01344897 0.01305445
v 0.04766269 0.01343264 0.01251230
v 0.04469605 0.01338934 0.00895279
v 0.02949980 0.01324423 0.00857777
v 0.02506666 0.01327053 0.01092085
v 0.03276263 0.01334068 0.01158739
v 0.01699089 0.01305746 0.00443347
v 0.00925682 0.01311801 0.00689949
v 0.01697668 0.01314046 0.00793567
v 0.00974442 0.01304505 0.00426075
v 0.02254454 0.01314048 0.00738447
v 0.01987249 0.01319888 0.01030626
v 0.00913041 0.01315693 0.00917258
v -0.00250297 0.01328736 0.01131881
v -0.00706820 0.01334878 0.01201829
v -0.00251222 0.01328700 0.01183001
v -0.00571696 0.01329741 0.00886678
v -0.00300680 0.01327810 0.00857853
v -0.00337453 0.01325960 0.00481841
v 0.00009449 0.01324731 0.00764018
v -0.00036879 0.01323628 0.00199534
v 0.00290095 0.01319279 0.00456708
v 0.00109767 0.01321994 -0.00052205
v -0.00480781 0.01326855 0.00085991
v -0.00706373 0.01328312 0.00421416
v -0.00943846 0.01331144 0.00176935
v -0.00897310 0.01331114 0.00553542
v -0.00884108 0.01332949 0.00876244
v -0.01101898 0.01333927 0.00603290
v -0.01386394 0.01337451 0.00789607
v -0.01369506 0.01339829 0.01100023
v -0.01868853 0.01344152 0.01197952
v -0.01954362 0.01343879 0.00883314
v -0.02316579 0.01349041 0.00915546
v -0.02503877 0.01352408 0.01111204
v -0.02186899 0.01350147 0.01422550
v -0.02637736 0.01356766 0.01339597
v -0.02409340 0.01353248 0.01436759
v -0.02790786 0.01360559 0.01430200
v -0.02682037 0.01358293 0.01472951
v -0.02902317 0.01363214 0.01532578
v -0.02721233 0.01354627 0.01161018
v -0.03334554 0.01357167 0.01223687
v -0.02899912 0.01354738 0.00337315
v -0.02608216 0.01353440 0.00320370
v -0.02759760 0.01355094 -0.00384906
v -0.02524833 0.01352857 -0.00155913
v -0.02360038 0.01349581 0.00292548
v -0.02256792 0.01348049 -0.00137350
v -0.01937839 0.01343027 0.00470915
v -0.01825917 0.01341969 -0.00037116
v -0.01415583 0.01336764 0.00442768
v -0.01353807 0.01336465 0.00097911
v -0.01043099 0.01333694 -0.00185148
v -0.00655774 0.01329019 -0.00217170
v -0.00603532 0.01329531 -0.00565576
v -0.00053413 0.01325285 -0.00473193
v -0.01247349 0.01337145 -0.00465759
v -0.01647326 0.01340385 -0.00269334
v -0.01721596 0.01342783 -0.00599703
v -0.02193395 0.01347619 -0.00605458
v -0.01196101 0.01338885 -0.00688103
v -0.01488366 0.01344507 -0.00882748
v -0.02485976 0.01354064 -0.00815675
v -0.03155993 0.01355428 0.00582356
v -0.03317475 0.01355906 0.00187572
v -0.03593221 0.01356030 0.00705213
v -0.03693766 0.01357486 0.01298773
v -0.03842878 0.01357863 0.00750775
v -0.03907209 0.01357946 0.01199826
v -0.03697379 0.01360158 0.01569595
v -0.03114829 0.01364077 0.01568532
v -0.03604246 0.01355963 0.00097907
v -0.03389436 0.01356743 -0.00295656
v -0.03908176 0.01356787 0.00726650
v -0.03832970 0.01356652 0.00089069
v -0.03844131 0.01357602 -0.00239901
v -0.03807831 0.01357386 -0.00644132
v -0.03084032 0.01355960 -0.00342490
v 0.00359294 0.01319434 0.00654328
v 0.00602457 0.01313325 0.00251361
v 0.00587533 0.01317481 0.00747387
v 0.00959580 0.01313465 -0.00615065
v 0.00435244 0.01318679 -0.00550047
v 0.00579272 0.01314846 -0.00328888
v 0.00460325 0.01324465 -0.00807285
v 0.00925728 0.01318962 -0.00833324
v 0.01745499 0.01313932 -0.00683076
v 0.01076472 0.01307661 -0.00442539
v 0.02554958 0.01305732 -0.00419503
v 0.02563894 0.01314373 -0.00770990
v 0.02845157 0.01312441 -0.00592277
v 0.03020873 0.01328037 -0.01054059
v 0.02505941 0.01322850 -0.00982758
v 0.01981063 0.01317459 -0.00820473
v 0.01594372 0.01323218 -0.00967972
v 0.01032426 0.01323554 -0.00985569
v 0.01642270 0.01329456 -0.01096829
v 0.02010412 0.01332215 -0.01154517
v 0.02498684 0.01329401 -0.01100896
v 0.00942229 0.01333173 -0.01164406
v 0.00645432 0.01334151 -0.01174794
v 0.02908529 0.01309969 -0.00439353
v 0.02212742 0.01305961 -0.00416547
v 0.00925027 0.01308082 -0.00398659
v 0.00525665 0.01330164 -0.01037255
v 0.00405891 0.01334016 -0.01156507
v 0.00029718 0.01336340 -0.01158929
v -0.00184090 0.01333435 -0.00887348
v 0.00010535 0.01327712 -0.00687920
v -0.00692396 0.01338137 -0.00940883
v -0.00628465 0.01340672 -0.01166970
v -0.01648940 0.01350570 -0.01260724
v -0.01897718 0.01349159 -0.01047510
v -0.01573234 0.01347337 -0.01075627
v -0.01184354 0.01349923 -0.01237791
v -0.02221116 0.01351759 -0.01210666
v -0.01948851 0.01352861 -0.01303719
v -0.02195496 0.01355344 -0.01349300
v -0.02538743 0.01361838 -0.01393513
v -0.02632061 0.01358369 -0.01209455
v -0.02855648 0.01365751 -0.01435450
v -0.02978980 0.01363438 -0.01327773
v -0.02958231 0.01360237 -0.01200125
v -0.03244956 0.01366164 -0.01227840
v -0.03272798 0.01359022 -0.00817179
v -0.02920916 0.01356775 -0.00738069
v -0.03723658 0.01358596 -0.00931862
v -0.01156551 0.01346673 -0.01207268
v 0.00889563 0.01308585 -0.00335868
v 0.00916755 0.01306885 0.00364677
v 0.00881836 0.01308576 0.00463463
v 0.00511297 0.01323196 0.01066798
v 0.00344336 0.01325529 0.01186126
v 0.00620597 0.01325987 0.01184130
v 0.00985910 0.01320885 0.01079896
v 0.01453353 0.01320659 0.01060065
v 0.02615054 0.01305509 0.00428588
v 0.02821050 0.01317238 0.00692114
v 0.02853640 0.01307718 0.00423908
v 0.03646554 0.01337721 0.01161136
v 0.04132916 0.01339355 0.01083678
v 0.04141473 0.01342351 0.01211741
v 0.04563772 0.01344403 0.01255030
v 0.06392209 0.01348477 0.01209762
v 0.06260325 0.01353023 0.01437875
v 0.06675070 0.01355956 0.01587530
v 0.06512578 0.01356154 0.01573251
v 0.06028236 0.01353119 0.01444267
v 0.00925279 0.01305916 0.00418577
v -0.03113268 0.01363590 0.01499187
v -0.03418972 0.01366275 -0.01182235
v -0.03582778 0.01366482 -0.01263230
v -0.01882374 0.01348149 0.01386838
v -0.01616007 0.01346175 0.01345470
v -0.01441787 0.01345855 0.01328629
v -0.01293696 0.01343430 0.01293669
v -0.01057733 0.01340095 0.01249911
v 0.02907035 0.01306767 0.00125231
v -0.04003982 0.01358317 0.01543508
v -0.03902306 0.01358542 0.01670480
v 0.06351720 0.01354258 0.01527418
v -0.00907922 0.01343780 -0.01198108
v 0.06809385 0.01351510 -0.01666586
v -0.03917196 0.01356128 -0.00274636
v -0.03918237 0.01354165 0.00150983
v -0.03908432 0.01354138 -0.00929266
v 0.07048519 0.01357000 0.01424599
v 0.07008210 0.01361443 0.01629926
v -0.03754232 0.01360190 -0.01118809
v -0.03728603 0.01365772 -0.01428125
v -0.03934376 0.01355131 -0.01425879
v -0.03406381 0.01360501 0.01620893
v 0.04661355 0.01344966 -0.01334082
v 0.03595176 0.01334029 -0.01156108
v 0.03994969 0.01340525 -0.01204054
v 0.04239583 0.01342568 -0.01250735
v 0.04426635 0.01344288 -0.01289570
v 0.06091703 0.01350455 -0.01538611
v 0.06187783 0.01356441 0.01495499
v -0.03439953 0.01376574 -0.01428777
v -0.03202142 0.01375281 -0.01457708
v 0.03177043 0.01333472 -0.01156278
v 0.02684076 0.01336121 -0.01166524
v 0.07049924 0.01354722 -0.01474707
v 0.06483128 0.01350794 -0.01617365
v -0.03964970 0.01353362 0.01087161
v -0.03999148 0.01355961 0.01257634
v 0.01973345 0.01327354 0.01167081
v 0.02708614 0.01332378 0.01169170
v 0.01161016 0.01330202 0.01188973
v 0.01439693 0.01331685 0.01191103
v -0.03684152 0.01356260 0.01636569
v -0.03959585 0.01350611 0.00486672
v -0.03688316 0.01375427 -0.01581231
v -0.03964201 0.01355654 0.01661584
v -0.03974134 0.01361971 -0.01569292
v -0.03992523 0.01358963 -0.01509857
v -0.03995255 0.01353178 -0.01399333
v -0.03963649 0.01349156 -0.01143146
v -0.03988125 0.01350306 -0.01079270
v -0.03986644 0.01352143 -0.00632158
v 0.01632682 0.01304322 0.00425140
v 0.01159277 0.01303033 0.00420718
v -0.03959416 0.01350284 -0.00491437
v 0.02891817 0.01307265 -0.00409450
v 0.02899005 0.01307844 0.00405821
v -0.03956409 0.01350860 -0.00020412
v 0.04659211 0.01349169 0.01288280
v -0.03992151 0.01356573 0.00803513
v 0.06844031 0.01357281 0.01624148
v -0.03452472 0.01384596 -0.01532453
v -0.03348262 0.01387938 -0.01533443
v -0.03985615 0.01354779 -0.00131611
v -0.03986113 0.01354616 0.00246165
v -0.03221874 0.01382555 -0.01520726
v 0.05328583 0.01353293 0.01370827
v -0.03034617 0.01379286 -0.01485962
v 0.02902162 0.01306793 -0.00346274
v -0.03983165 0.01362635 0.01725975
v -0.03822302 0.01361965 0.01681554
v -0.04009567 0.01363709 0.01710857
v 0.02054507 0.01338147 -0.01199906
v 0.01553361 0.01340403 -0.01200275
v -0.01741719 0.01353486 -0.01290849
v -0.02015368 0.01356475 -0.01337347
v 0.07056809 0.01360982 -0.01673685
v 0.01716697 0.01305015 -0.00415892
v 0.01408494 0.01305319 -0.00411936
v 0.00988586 0.01305620 -0.00408219
v -0.03506947 0.01388292 -0.01589930
v 0.03776899 0.01342297 0.01197911
v -0.02680476 0.01360420 0.01487588
v -0.02454188 0.01364495 0.01467707
v 0.00919256 0.01305465 0.00021849
v 0.00914407 0.01305677 -0.00358353
v 0.06301087 0.01358455 -0.01599360
v 0.05871029 0.01354210 -0.01519464
v -0.00285846 0.01345897 -0.01184853
v 0.07052407 0.01367130 0.01612721
v 0.06666887 0.01362287 0.01625699
v 0.03518436 0.01343850 0.01190477
v 0.03082473 0.01339941 0.01189388
v 0.02585119 0.01336270 0.01203564
v 0.01944048 0.01332644 0.01197820
v 0.06195601 0.01352821 -0.01568243
v 0.03910890 0.01343697 -0.01211463
v 0.03522937 0.01341989 -0.01181297
v 0.01110675 0.01339155 -0.01197869
v -0.03345779 0.01400259 -0.01572411
v 0.05000829 0.01349128 0.01338574
v -0.02239344 0.01360401 -0.01376077
v -0.02608709 0.01367265 -0.01424371
v 0.04780807 0.01350974 -0.01367786
v -0.03211872 0.01369492 0.01608191
v -0.00800096 0.01340005 0.01231731
v 0.04233069 0.01347591 0.01243108
v 0.00854322 0.01339141 -0.01187297
v 0.02585686 0.01342467 -0.01198104
v 0.03146245 0.01343830 -0.01185388
v 0.07006957 0.01363787 -0.01717740
v 0.06892653 0.01366431 -0.01715199
v -0.01560073 0.01359446 -0.01281407
v 0.06310483 0.01358855 0.01536244
v -0.01049103 0.01346762 0.01275856
v 0.03983022 0.01352704 0.01231061
v 0.06292477 0.01432691 0.01687043
v -0.03532436 0.01368956 0.01657592
v -0.02337075 0.01474714 -0.01571486
v -0.02704571 0.01375171 -0.01447547
v -0.01722865 0.01414424 -0.01388703
v 0.04272478 0.01493209 -0.02034998
v 0.03819882 0.01479073 -0.02081005
v 0.02485740 0.01490691 0.01493230
v -0.03750333 0.01413489 -0.01660954
v 0.04377695 0.01349253 -0.01298378
v 0.07544671 0.01368219 0.01296981
v 0.07532533 0.01366677 0.01692143
v -0.01890827 0.01363947 -0.01326304
v -0.04308399 0.01373396 0.02232054
v 0.00576125 0.01484350 0.01489283
v 0.00935564 0.01481218 0.01490333
v 0.06103552 0.01418454 -0.02222735
v 0.05865048 0.01432902 -0.02183953
v -0.04566405 0.01360624 -0.01704065
v 0.04835969 0.01479054 -0.02073003
v 0.01398277 0.01481399 0.01486414
v 0.01618421 0.01484428 0.01487981
v 0.00443771 0.01341767 -0.01182672
v -0.00558681 0.01350057 0.01232425
v -0.04521466 0.01360409 0.01909529
v -0.04514743 0.01355310 0.02037470
v 0.07013344 0.01374346 0.01672302
v 0.07092431 0.01379299 0.01504039
v 0.07092583 0.01372340 0.01248202
v 0.07042587 0.01385142 0.01694544
v 0.06705174 0.01393458 0.01690712
v 0.05135761 0.01351863 -0.01407238
v 0.06637415 0.01363670 -0.01669488
v -0.02123980 0.01438258 0.02196457
v -0.04013645 0.01367013 0.00864000
v 0.06122560 0.01416127 0.02080507
v -0.01905804 0.01417113 -0.02122098
v -0.02391226 0.01416979 -0.02109602
v -0.01131713 0.01429451 -0.02099412
v -0.00488420 0.01485092 -0.01439023
v 0.00408638 0.01485978 -0.01442780
v -0.04554187 0.01354724 -0.00162389
v -0.04053872 0.01390087 0.01780411
v -0.04036097 0.01389737 0.01802830
v -0.03927132 0.01389957 0.01773006
v 0.07520422 0.01355404 0.01930753
v -0.01774795 0.01355749 0.01395548
v 0.04657417 0.01478698 -0.01624621
v 0.05787496 0.01363004 0.01421547
v 0.04453292 0.01360245 0.01281520
v -0.04475784 0.01359226 0.02107114
v -0.01229076 0.01357713 0.01324423
v 0.01103009 0.01435374 0.02149858
v -0.03363109 0.01423829 0.02229723
v -0.03921561 0.01375864 -0.02158139
v -0.02923762 0.01395649 -0.02137158
v 0.03099564 0.01477638 -0.02077135
v -0.03764796 0.01385970 0.01726597
v -0.00452707 0.01417532 -0.02123004
v -0.00003523 0.01420148 -0.02123912
v 0.07098558 0.01371766 -0.02280231
v 0.07570288 0.01353530 -0.01341659
v -0.01219334 0.01438673 0.02187332
v 0.02848884 0.01414277 0.02164314
v 0.03327055 0.01410516 0.02159204
v 0.02027495 0.01420241 0.02170720
v 0.02525124 0.01417125 0.02162213
v 0.06643895 0.01419206 -0.01815650
v 0.06364585 0.01393381 -0.01691047
v -0.03036750 0.01424580 0.02235331
v -0.02096559 0.01417362 0.02247828
v -0.01550191 0.01415903 0.02245846
v -0.01092871 0.01415680 0.02241044
v -0.02664177 0.01424404 0.02239854
v -0.00227571 0.01477458 0.01484940
v 0.04528794 0.01444912 -0.02168764
v 0.04142864 0.01455026 -0.02141765
v 0.04991630 0.01439324 -0.02175475
v 0.05542587 0.01424465 -0.02213170
v -0.04474300 0.01352749 -0.02044210
v -0.01493734 0.01364011 0.01376714
v -0.02573194 0.01428254 0.01623786
v -0.02991221 0.01442145 0.01737741
v -0.03694017 0.01383494 -0.01603492
v -0.03142640 0.01434203 -0.01583775
v -0.03481699 0.01417089 -0.01633277
v 0.04124579 0.01363186 -0.01281534
v -0.00280900 0.01364603 0.01253312
v 0.00060686 0.01368227 0.01266516
v 0.07344665 0.01358451 0.02116531
v 0.05555135 0.01367422 0.01408900
v 0.00563326 0.01418686 0.02205676
v -0.01114359 0.01413096 -0.02141104
v -0.04565632 0.01347175 0.00835881
v -0.04178836 0.01367123 -0.02155772
v 0.05077225 0.01478860 0.01532001
v -0.04359349 0.01358739 -0.02120336
v -0.00087950 0.01454571 0.02137438
v -0.00656026 0.01435007 0.02187421
v -0.00074508 0.01420572 0.02219249
v 0.00748597 0.01475163 -0.01437772
v 0.01108300 0.01473884 -0.01443725
v 0.01533749 0.01425650 -0.01352844
v 0.01887744 0.01424418 -0.01357950
v -0.03595909 0.01383791 0.01692161
v -0.03222643 0.01393997 0.01665097
v -0.02830493 0.01387229 0.01573627
v -0.02564917 0.01378262 0.01498538
v -0.02330494 0.01453601 0.01650372
v 0.07521183 0.01339757 -0.02207229
v -0.00701438 0.01415679 0.02229650
v 0.06203308 0.01421836 -0.01722350
v 0.05358305 0.01445518 -0.01636555
v 0.05784401 0.01424373 -0.01652264
v 0.05823616 0.01375876 -0.01551831
v 0.04839957 0.01357327 0.01327503
v 0.02194636 0.01463539 -0.02096768
v 0.06476337 0.01388836 0.01636159
v 0.04555973 0.01413406 -0.02238580
v 0.05911622 0.01410785 -0.02237216
v 0.03879711 0.01409946 0.02148987
v 0.04306031 0.01406600 0.02145355
v 0.07583160 0.01345436 -0.01906171
v 0.00980369 0.01457566 -0.02073542
v 0.00479604 0.01426529 -0.02118127
v 0.01460482 0.01416904 0.02188166
v 0.00977777 0.01417733 0.02193941
v 0.04025894 0.01440445 -0.02174254
v 0.03694136 0.01443152 -0.02158954
v 0.03001358 0.01446409 -0.02142615
v 0.06060937 0.01361505 0.01471210
v -0.00631773 0.01474008 0.01492328
v -0.00740689 0.01405315 0.01361839
v -0.01065777 0.01430552 0.01451268
v -0.01655015 0.01426361 0.01522095
v 0.04435447 0.01473549 0.01469194
v 0.04234813 0.01451105 -0.01496400
v 0.04594444 0.01449867 -0.01553983
v 0.04705454 0.01407040 0.02144519
v 0.05182431 0.01405575 0.02141465
v 0.05378646 0.01418860 0.02102678
v 0.07591048 0.01348601 0.00646684
v 0.07588607 0.01345661 0.00053436
v 0.07568898 0.01357851 0.00923723
v 0.07587057 0.01344503 -0.00961284
v 0.07023510 0.01363861 0.02159865
v 0.07232698 0.01357182 0.02148537
v -0.00885503 0.01484162 -0.01455257
v -0.04587512 0.01339496 0.00585460
v -0.02310887 0.01396175 -0.02159428
v -0.04593527 0.01337702 -0.00139707
v -0.04579689 0.01337302 0.01667774
v 0.03508361 0.01475324 0.01439651
v 0.03993853 0.01474465 0.01450337
v 0.06255533 0.01398669 0.01596323
v -0.02283969 0.01423416 0.01578500
v -0.02093018 0.01378322 0.01469779
v 0.07588544 0.01347859 -0.00539888
v 0.01684535 0.01463137 -0.02087895
v 0.01337841 0.01351056 0.01233558
v 0.04062219 0.01415181 -0.02225432
v 0.03950618 0.01391089 -0.01316911
v 0.04666254 0.01375609 -0.01401231
v 0.05203644 0.01366636 0.01384379
v 0.05214259 0.01406813 -0.01535190
v 0.05356639 0.01368122 -0.01467779
v 0.02980928 0.01469639 -0.01442289
v 0.02984247 0.01427916 -0.01352691
v 0.03539524 0.01374887 -0.01244793
v 0.02213293 0.01427630 -0.01361923
v 0.06509443 0.01381553 -0.02280525
v 0.00982473 0.01395088 -0.02209134
v 0.01174927 0.01415248 -0.02172875
v -0.03275085 0.01371942 -0.02180811
v 0.00800740 0.01416669 0.01351873
v -0.00898813 0.01355473 -0.01222284
v -0.00493310 0.01379175 -0.01245224
v 0.02012504 0.01352024 -0.01229006
v 0.05624247 0.01405195 0.02117839
v 0.07301734 0.01327601 -0.02347521
v 0.07179185 0.01345541 -0.02324207
v -0.01369357 0.01463816 -0.01444080
v 0.07584499 0.01349942 0.01297377
v 0.07590244 0.01339340 0.01731057
v 0.07605750 0.01316287 0.01921911
v 0.00853577 0.01337315 0.01202217
v 0.04803842 0.01465699 0.01495842
v 0.06385096 0.01371592 0.02170084
v 0.05865833 0.01380134 0.02160120
v 0.06792176 0.01362077 0.02174047
v 0.05367748 0.01376759 0.02180113
v 0.05406339 0.01402056 -0.02259890
v 0.02991916 0.01374703 -0.01243269
v 0.02525205 0.01371763 -0.01247700
v 0.01985518 0.01372853 -0.01263457
v 0.01154399 0.01370883 -0.01251936
v 0.01539589 0.01370759 -0.01251181
v 0.01082710 0.01424772 -0.01348924
v 0.01492196 0.01425538 0.01370799
v 0.02411997 0.01426150 0.01369080
v 0.02080943 0.01470063 0.01456913
v 0.00351336 0.01453312 0.01429504
v 0.00859056 0.01374810 0.01270673
v 0.00455115 0.01369017 0.01266448
v 0.02029274 0.01352684 0.01235909
v 0.02375074 0.01349190 0.01232311
v 0.02735219 0.01473446 0.01451694
v 0.02950168 0.01360726 0.01233307
v 0.03510564 0.01385694 0.01268781
v 0.00405869 0.01455490 -0.01382505
v 0.07546236 0.01315410 0.02057916
v -0.02756445 0.01375749 -0.02180539
v 0.07608295 0.01323791 -0.02080591
v 0.07592240 0.01311748 -0.02181615
v 0.03967868 0.01427381 0.01365128
v 0.02670520 0.01353303 0.01233594
v -0.01636856 0.01400006 -0.02159157
v -0.04492853 0.01319018 0.02224010
v -0.00525352 0.01454537 -0.01379582
v 0.00031078 0.01390582 -0.02183657
v 0.00509372 0.01383213 -0.02202650
v -0.00590484 0.01382149 -0.02192438
v 0.01428096 0.01389613 -0.02223559
v 0.01591274 0.01422026 -0.02166776
v -0.04612240 0.01315434 0.01930342
v 0.06096614 0.01386479 0.01518917
v 0.05943545 0.01391128 0.01489794
v 0.02307485 0.01443196 -0.02137574
v 0.02173863 0.01399623 -0.02217432
v -0.04238223 0.01324940 0.02343694
v 0.05490097 0.01445703 0.01519314
v 0.05158365 0.01433405 0.01471945
v 0.04804962 0.01427846 0.01433612
v 0.06889174 0.01341573 -0.02344367
v -0.04550936 0.01314881 0.02149287
v -0.00918210 0.01427468 -0.01351288
v -0.00054580 0.01422307 -0.01322130
v -0.00015727 0.01374713 -0.01235587
v 0.00499401 0.01376024 -0.01239589
v 0.06183967 0.01367434 -0.02304567
v -0.03811054 0.01347010 -0.02214542
v -0.04649584 0.01318421 -0.01528752
v 0.03586768 0.01413228 -0.02209794
v 0.03190494 0.01418003 -0.02197935
v -0.04392549 0.01316626 0.02305629
v 0.02367693 0.01412699 -0.02192699
v -0.04615317 0.01312698 -0.01908265
v -0.04557693 0.01308805 -0.02049024
v -0.04594563 0.01312021 0.02054994
v -0.04626848 0.01314224 0.00986358
v -0.04625585 0.01313766 0.01576222
v -0.04630471 0.01315185 0.00548513
v 0.07633831 0.01318537 -0.01895494
v 0.07639612 0.01314945 -0.01055133
v -0.04325610 0.01317463 0.02332056
v -0.04638103 0.01314200 -0.00243274
v -0.04651309 0.01315497 -0.00976048
v 0.07420206 0.01318093 0.02157773
v 0.07483123 0.01317850 -0.02285859
v -0.03303570 0.01350679 -0.02217660
v -0.02331411 0.01357864 -0.02221115
v 0.07641730 0.01315948 -0.00027603
v 0.07641377 0.01318055 -0.00543873
v -0.03997973 0.01334669 0.02349307
v -0.03795537 0.01361718 0.02314689
v 0.07634119 0.01313901 0.01750348
v 0.07638479 0.01318177 0.01392253
v 0.07394322 0.01317111 -0.02334667
v 0.00182202 0.01361585 -0.02235258
v -0.01504699 0.01359401 -0.02224373
v -0.00571512 0.01361359 -0.02225479
v 0.07648113 0.01313337 0.00901732
v 0.07650896 0.01314617 0.00643055
v 0.06549330 0.01341966 -0.02344490
v -0.04652390 0.01309950 -0.01724194
v 0.07343550 0.01315848 0.02189307
v 0.07253404 0.01317475 0.02210490
v 0.03749289 0.01368420 -0.02285335
v 0.03267389 0.01368303 -0.02284123
v 0.02719162 0.01369088 -0.02271010
v 0.02238258 0.01379608 -0.02249125
v 0.02791567 0.01403680 -0.02213716
v 0.00520511 0.01363941 -0.02233752
v -0.03857979 0.01326187 -0.02244716
v 0.01044412 0.01375331 -0.02241277
v -0.04407309 0.01321745 -0.02157680
v 0.06072246 0.01355137 0.02192923
v -0.03370026 0.01373257 0.02305528
v 0.04734788 0.01368412 -0.02307804
v 0.05261151 0.01369624 -0.02310425
v 0.05039797 0.01375962 0.02186848
v 0.04195055 0.01400912 -0.02249889
v 0.06944275 0.01328628 0.02216789
v -0.04362941 0.01310180 -0.02195389
v 0.07549314 0.01315153 -0.02232346
v -0.03358171 0.01330231 -0.02246665
v -0.02392311 0.01335686 -0.02246575
v 0.01974127 0.01406326 0.02192392
v -0.04457359 0.01305552 -0.02147977
v 0.02355111 0.01395696 0.02193328
v 0.03782052 0.01357950 -0.02297821
v -0.04113401 0.01310019 -0.02242667
v 0.04624235 0.01375369 0.02188625
v 0.04212640 0.01372857 0.02193147
v 0.04345540 0.01364767 -0.02298857
v -0.04221235 0.01311401 -0.02225473
v -0.03002404 0.01373268 0.02304264
v 0.06500919 0.01319197 0.02237203
v 0.03749539 0.01373023 0.02199510
v 0.06045543 0.01333831 -0.02346196
v 0.05210425 0.01358874 -0.02323858
v -0.03367089 0.01339535 0.02345192
v -0.02588670 0.01375440 0.02299682
v 0.01450629 0.01378969 0.02229406
v 0.02982933 0.01373637 0.02211239
v -0.04660091 0.01288699 0.01010896
v -0.04661289 0.01286388 0.01582945
v -0.04663980 0.01291927 -0.00052900
v -0.04662308 0.01291031 0.00485741
v -0.04659522 0.01277901 0.01929188
v -0.04664638 0.01297213 -0.00568061
v 0.06094873 0.01315034 0.02240335
v 0.05178974 0.01321540 0.02241064
v -0.04472134 0.01293069 0.02279304
v 0.07652374 0.01289017 -0.02064444
v -0.04657628 0.01280985 -0.01889107
v -0.04642258 0.01273152 0.02054092
v 0.07014370 0.01303765 0.02241103
v 0.03801892 0.01325935 0.02246831
v -0.04600724 0.01273317 0.02146678
v 0.02215385 0.01353005 0.02240120
v 0.07036013 0.01309928 -0.02373916
v -0.04694868 0.01274052 -0.00844933
v -0.01875599 0.01322632 0.02346221
v -0.02255048 0.01326524 0.02344775
v -0.02706444 0.01329446 0.02348765
v -0.01199595 0.01337108 -0.02248474
v -0.04543954 0.01278072 0.02226748
v -0.00342125 0.01340712 0.02303588
v -0.00910783 0.01357069 0.02293971
v 0.01131031 0.01320653 0.02293098
v 0.00107169 0.01334533 0.02296902
v 0.00564488 0.01328365 0.02293820
v 0.02898392 0.01333647 0.02251991
v -0.01416127 0.01326785 0.02330063
v -0.04154990 0.01299671 0.02374165
v -0.00364612 0.01341407 -0.02245087
v 0.04729258 0.01337628 -0.02337265
v 0.04305727 0.01328587 -0.02331525
v 0.01704746 0.01307494 0.02291000
v 0.03795091 0.01328551 -0.02325931
v 0.03345990 0.01323462 -0.02322354
v 0.02360282 0.01347291 -0.02282707
v 0.07251308 0.01287937 -0.02386589
v 0.02755867 0.01347452 -0.02291342
v 0.03114153 0.01353951 -0.02295163
v 0.05327219 0.01329201 -0.02350547
v 0.02107078 0.01353026 -0.02267891
v 0.01155998 0.01356427 -0.02256844
v 0.02213554 0.01296859 0.02289195
v -0.04459047 0.01239926 0.02344170
v -0.00834172 0.01306296 0.02337002
v -0.00411715 0.01302214 0.02338017
v -0.04304991 0.01244815 0.02400970
v 0.06504079 0.01306978 -0.02374872
v 0.06108510 0.01294349 -0.02376929
v 0.01302790 0.01294478 0.02311531
v 0.00577093 0.01343369 -0.02251247
v -0.04412802 0.01215418 0.02387865
v 0.07552615 0.01259700 -0.02291331
v 0.07396794 0.01275016 0.02205055
v -0.04550552 0.01222584 0.02285199
v -0.04544927 0.01275633 -0.02099503
v 0.07602996 0.01260722 -0.02237981
v -0.04005861 0.01296666 0.02379913
v 0.07530803 0.01260849 0.02128195
v 0.07253043 0.01280067 0.02240743
v -0.03357988 0.01312840 0.02365786
v 0.02700841 0.01295130 0.02284918
v 0.03178086 0.01299687 0.02275048
v 0.00914451 0.01271353 0.02334891
v 0.07326886 0.01273892 -0.02385786
v 0.07489082 0.01253973 -0.02341154
v -0.04205975 0.01215372 0.02435196
v -0.04099570 0.01217042 0.02436263
v 0.05509574 0.01298490 -0.02372741
v 0.00099051 0.01268678 0.02346561
v -0.01424590 0.01301499 0.02349106
v 0.07123700 0.01280576 -0.02394377
v 0.00487639 0.01264775 0.02340836
v -0.01063471 0.01304539 -0.02271973
v -0.01622979 0.01302201 -0.02271623
v -0.00101214 0.01305159 -0.02271349
v -0.04292565 0.01261749 -0.02246044
v -0.01871145 0.01253307 0.02394780
v -0.02282359 0.01255668 0.02394071
v 0.01744830 0.01264075 0.02320302
v 0.04026726 0.01295185 0.02264728
v -0.03567566 0.01232792 0.02420721
v -0.04509539 0.01257241 -0.02147226
v 0.05377890 0.01293542 0.02258705
v 0.06314464 0.01292135 0.02254177
v -0.04013559 0.01291569 -0.02260172
v -0.03704459 0.01299309 -0.02264173
v -0.00748705 0.01267136 0.02361482
v -0.01704200 0.01244473 0.02395275
v -0.01372179 0.01263295 0.02371937
v -0.02945381 0.01262475 0.02391600
v 0.01268795 0.01262773 0.02332470
v -0.02328366 0.01299477 -0.02270329
v -0.02912973 0.01295302 -0.02269260
v 0.03014636 0.01310221 -0.02320261
v -0.00361155 0.01266819 0.02359375
v 0.07405018 0.01237675 -0.02385279
v 0.02437811 0.01261948 0.02306493
v 0.00552858 0.01299237 -0.02278698
v 0.01043138 0.01320778 -0.02274235
v -0.04285439 0.01205928 0.02428141
v -0.04402173 0.01262094 -0.02207668
v 0.02545226 0.01308835 -0.02309200
v 0.02076700 0.01321752 -0.02285110
v 0.07332487 0.01245084 0.02240422
v -0.02700176 0.01217181 0.02417015
v -0.03206462 0.01216498 0.02422647
v -0.03381827 0.01198876 0.02434740
v 0.03178565 0.01264351 0.02294596
v 0.06776496 0.01207934 -0.02432707
v -0.00404581 0.01264793 -0.02292014
v -0.00828797 0.01260235 -0.02294370
v 0.00413353 0.01264628 -0.02298794
v 0.01420211 0.01277305 -0.02298773
v 0.04778353 0.01306915 -0.02355069
v 0.05037080 0.01251725 0.02282730
v 0.04018726 0.01259530 0.02283608
v 0.07199354 0.01202489 -0.02433720
v 0.01969581 0.01238111 -0.02327985
v 0.02524421 0.01252431 -0.02334822
v -0.04139138 0.01249808 -0.02271555
v 0.06200045 0.01210349 -0.02422506
v 0.05557398 0.01223671 -0.02411582
v 0.04795628 0.01222876 -0.02395582
v 0.06365435 0.01250733 0.02274466
v 0.07214484 0.01217935 0.02273807
v 0.07064623 0.01250274 0.02266418
v -0.01563891 0.01258964 -0.02292587
v -0.02091421 0.01265082 -0.02287366
v 0.00134687 0.01227881 -0.02314414
v -0.00896770 0.01230612 -0.02304944
v 0.07319146 0.01190723 -0.02427079
v -0.02252133 0.01225096 0.02408363
v -0.01912207 0.01227706 0.02404944
v 0.05505789 0.01244092 0.02280403
v 0.01385754 0.01226396 -0.02321871
v 0.00732592 0.01226754 -0.02316003
v 0.02818512 0.01227949 -0.02351789
v 0.04403957 0.01215470 -0.02385905
v 0.03930982 0.01231029 -0.02370061
v 0.07461840 0.01193475 -0.02382073
v -0.01300246 0.01228717 0.02385618
v -0.01532564 0.01219505 0.02394914
v -0.03170287 0.01264174 -0.02281188
v -0.02430735 0.01261348 -0.02284781
v -0.00666426 0.01229686 0.02374908
v 0.03994167 0.01210802 -0.02379315
v -0.03815888 0.01225666 -0.02290391
v 0.07254069 0.01207730 0.02270216
v 0.07393525 0.01191864 -0.02406653
v 0.06538257 0.01217288 0.02284582
v 0.07034019 0.01210946 0.02280757
v 0.02327196 0.01224735 -0.02339026
v -0.03267889 0.01223108 -0.02294698
v -0.02518106 0.01223123 -0.02296631
v -0.02073122 0.01223999 -0.02300656
v -0.04206720 0.01208571 -0.02276299
v -0.00283355 0.01231999 0.02369045
v 0.00492432 0.01231516 0.02349459
v 0.06996279 0.01178745 -0.02441852
v 0.06539813 0.01179021 -0.02438287
v 0.00595726 -0.01227106 -0.02313172
v 0.00862392 -0.01250193 -0.02318190
v 0.00572284 -0.01337571 -0.02309490
v 0.00209776 -0.01255161 -0.02308996
v 0.00863222 -0.01341383 -0.02314867
v 0.00247470 -0.01131714 -0.02308934
v 0.00727842 -0.01137242 -0.02312032
v -0.00343422 -0.01258979 -0.02294817
v -0.00200166 -0.01105501 -0.02296487
v 0.00163329 -0.01339258 -0.02303423
v -0.00622656 -0.01339162 -0.02284401
v -0.00703098 -0.01147237 -0.02288452
v -0.00646335 -0.01280469 -0.02288363
v -0.00584925 -0.01106875 -0.02289566
v -0.00944852 -0.01264193 -0.02278121
v -0.00793568 -0.01367651 -0.02275990
v -0.00891096 -0.01340367 -0.02274928
v -0.01309981 -0.01337461 -0.02265478
v -0.00952357 -0.01162541 -0.02280864
v -0.01341788 -0.01186673 -0.02270788
v -0.01667901 -0.01183355 -0.02259457
v -0.01789498 -0.01333544 -0.02248980
v -0.01983466 -0.01194316 -0.02249691
v -0.02143740 -0.01249142 -0.02240610
v -0.02096132 -0.01129224 -0.02245866
v -0.01814461 -0.01130343 -0.02253892
v -0.01354379 -0.01127224 -0.02269238
v -0.00960970 -0.01126242 -0.02278729
v 0.01391885 -0.01291630 -0.02319189
v 0.01939131 -0.01342144 -0.02319011
v 0.01270117 -0.01235889 -0.02318973
v 0.01928606 -0.01232678 -0.02321646
v 0.02203362 -0.01293343 -0.02320625
v 0.03692024 -0.01339517 -0.02318832
v 0.03585735 -0.01287395 -0.02320673
v 0.04045052 -0.01246467 -0.02317752
v 0.03541704 -0.01234792 -0.02319925
v 0.02558878 -0.01236741 -0.02319414
v 0.04568770 -0.01368831 -0.02316294
v 0.04757341 -0.01252550 -0.02318390
v 0.05155575 -0.01326049 -0.02319224
v 0.05606282 -0.01252429 -0.02323076
v 0.05577665 -0.01340881 -0.02321309
v 0.06744109 -0.01369834 -0.02319592
v 0.07022478 -0.01253928 -0.02324224
v 0.06998982 -0.01369309 -0.02321130
v 0.04384023 -0.01153710 -0.02314432
v 0.03568407 -0.01151736 -0.02314165
v 0.05194737 -0.01147247 -0.02316152
v 0.02975451 -0.01150567 -0.02313449
v 0.02549190 -0.01151252 -0.02312830
v 0.05390873 -0.01076153 -0.02315924
v 0.02800260 -0.01082891 -0.02312584
v 0.02250856 -0.01088296 -0.02313420
v 0.02022360 -0.01099162 -0.02313749
v 0.03513829 -0.01068754 -0.02314897
v 0.03052089 -0.01065792 -0.02313891
v 0.01689254 -0.01091274 -0.02312782
v 0.03749809 -0.00970004 -0.02311852
v 0.03130582 -0.00913120 -0.02308261
v 0.03762166 -0.00908874 -0.02309715
v 0.04372412 -0.00919442 -0.02312668
v 0.02410416 -0.00908046 -0.02304137
v 0.02806740 -0.00910776 -0.02304852
v 0.02441829 -0.01028726 -0.02311124
v 0.04417577 -0.01015609 -0.02313047
v 0.05298161 -0.00924423 -0.02316233
v 0.05948190 -0.01040768 -0.02314709
v 0.06000146 -0.00934502 -0.02316007
v 0.04026818 -0.00867336 -0.02310507
v 0.05131455 -0.00867621 -0.02313114
v 0.04396809 -0.00867888 -0.02310314
v 0.05621535 -0.00870634 -0.02313565
v 0.06292060 -0.00870216 -0.02314658
v 0.06441235 -0.00927328 -0.02318291
v 0.06206990 -0.01239547 -0.02322798
v 0.06785026 -0.01102448 -0.02318407
v 0.06105416 -0.01087688 -0.02316625
v 0.07030390 -0.01108308 -0.02318284
v 0.06570603 -0.01057924 -0.02317308
v 0.06843667 -0.00941295 -0.02318376
v 0.07202157 -0.01101856 -0.02313951
v 0.07223227 -0.01015908 -0.02311917
v 0.07192492 -0.00831222 -0.02308863
v 0.07215065 -0.01224028 -0.02319051
v 0.06863256 -0.00870407 -0.02313981
v 0.02064053 -0.01010134 -0.02301827
v 0.03641337 -0.00865083 -0.02304685
v 0.01285081 -0.01099785 -0.02308347
v 0.00809737 -0.01102897 -0.02307904
v 0.07197648 -0.01368591 -0.02317584
v 0.06848946 -0.00825918 -0.02315364
v 0.05575828 -0.01373234 -0.02318719
v -0.01993631 -0.01107645 -0.02246631
v 0.06159010 -0.00826145 -0.02317872
v 0.02363227 -0.00866681 -0.02297630
v 0.01995930 -0.00926647 -0.02295613
v 0.01644789 -0.01022300 -0.02301668
v 0.01643361 -0.00928228 -0.02294922
v 0.01237803 -0.00992226 -0.02292584
v 0.01531782 -0.00866387 -0.02286768
v 0.00906542 -0.00867793 -0.02281190
v 0.00902005 -0.01035165 -0.02294793
v 0.01291070 -0.01053396 -0.02299429
v 0.02337490 -0.00845416 -0.02291893
v 0.00830285 -0.00997199 -0.02288266
v 0.00519441 -0.00868696 -0.02264632
v 0.00522824 -0.00940924 -0.02270249
v 0.00552969 -0.01054923 -0.02281320
v 0.00529508 -0.01008104 -0.02272896
v 0.00011827 -0.00927661 -0.02263734
v 0.00161302 -0.00868600 -0.02260776
v 0.00023948 -0.01009096 -0.02265378
v -0.00400000 -0.01000926 -0.02254741
v -0.00320297 -0.00895838 -0.02253423
v -0.00182579 -0.00867086 -0.02253121
v -0.00654456 -0.00913059 -0.02248384
v -0.00652174 -0.01008869 -0.02249989
v -0.00641026 -0.00862235 -0.02245364
v -0.01012812 -0.01004869 -0.02235416
v -0.00986711 -0.00866723 -0.02230886
v -0.01438414 -0.01007999 -0.02225802
v -0.01316525 -0.00867982 -0.02224684
v -0.01584784 -0.00869815 -0.02216820
v -0.01738610 -0.01026125 -0.02213450
v -0.01841634 -0.00873609 -0.02206666
v -0.02063233 -0.00926968 -0.02201061
v -0.02339359 -0.01000028 -0.02198280
v -0.02340262 -0.00833780 -0.02195202
v -0.01885785 -0.01074989 -0.02215146
v -0.02216102 -0.01057484 -0.02206894
v -0.01711846 -0.01057238 -0.02219612
v -0.01388734 -0.01058254 -0.02232530
v -0.02587957 -0.00920288 -0.02187444
v -0.02681260 -0.00825099 -0.02182005
v -0.03115534 -0.00923793 -0.02176493
v -0.03234119 -0.00826854 -0.02168323
v -0.03450748 -0.00918093 -0.02168796
v -0.03515674 -0.00825692 -0.02160401
v -0.02974533 -0.01004334 -0.02186926
v -0.03441191 -0.01007270 -0.02175526
v -0.03854632 -0.01002635 -0.02167073
v -0.03821317 -0.00879721 -0.02162433
v -0.03858931 -0.00825359 -0.02156755
v -0.00594394 -0.01079091 -0.02259383
v -0.00207693 -0.01038375 -0.02259256
v -0.00211443 -0.00846620 -0.02249132
v -0.01008106 -0.01056162 -0.02241877
v -0.04028324 -0.00900321 -0.02155233
v 0.00701026 -0.01095703 -0.02306559
v 0.00235376 -0.01096825 -0.02304144
v 0.02841690 -0.00867104 -0.02299205
v -0.02656863 -0.01052606 -0.02202314
v -0.04112825 -0.01006054 -0.02155905
v -0.04208395 -0.00905777 -0.02145970
v -0.04215497 -0.01060582 -0.02152472
v -0.04006723 -0.00827612 -0.02148337
v -0.04137788 -0.00801239 -0.02140471
v -0.04291435 -0.00832400 -0.02134624
v -0.01572554 -0.01102054 -0.02255079
v 0.00074581 -0.01055719 -0.02273428
v -0.00208097 -0.01062721 -0.02264145
v -0.03860563 -0.01049559 -0.02173761
v -0.04103196 -0.01061611 -0.02163643
v -0.03190994 -0.01053049 -0.02190802
v -0.00703316 -0.00840968 -0.02244341
v -0.01945828 -0.00819785 -0.02204643
v -0.01869902 -0.00844954 -0.02207161
v 0.07281813 -0.00827750 -0.02300344
v -0.04273261 -0.01049005 -0.02141788
v -0.04073755 -0.00804005 -0.02141944
v -0.02138819 -0.01134635 -0.02241606
v -0.02521785 -0.01212995 -0.02226817
v -0.02378876 -0.01132943 -0.02229048
v -0.03192558 -0.01104396 -0.02210263
v -0.03103985 -0.01229740 -0.02212988
v -0.03233937 -0.01134340 -0.02209478
v -0.03587531 -0.01237327 -0.02199818
v -0.03927140 -0.01132048 -0.02190289
v -0.02658964 -0.01101176 -0.02219488
v -0.03216894 -0.01089064 -0.02203516
v -0.03875414 -0.01085934 -0.02185628
v -0.02328548 -0.01101046 -0.02224266
v -0.04232860 -0.01097213 -0.02166635
v -0.04228082 -0.01136235 -0.02172212
v -0.04016758 -0.01221688 -0.02185630
v -0.04230132 -0.01215171 -0.02172567
v -0.02480080 -0.01289209 -0.02226017
v -0.03272047 -0.01288447 -0.02206268
v -0.03800869 -0.01333826 -0.02186743
v -0.04051115 -0.01368128 -0.02174795
v -0.04218547 -0.01335185 -0.02166785
v -0.03080224 -0.01338342 -0.02207605
v -0.02127871 -0.01346178 -0.02231500
v 0.07267224 -0.01095307 -0.02304661
v 0.01700584 -0.00843072 -0.02289740
v 0.04010004 -0.01381368 -0.02314506
v -0.04333638 -0.01118993 -0.02148636
v 0.05607726 -0.00826690 -0.02318993
v -0.04377991 -0.00886707 -0.02118234
v -0.02084146 -0.01082910 -0.02215679
v 0.07327819 -0.00994895 -0.02291763
v -0.04381080 -0.00825693 -0.02125152
v -0.04365593 -0.01216497 -0.02143207
v 0.02113151 -0.01372804 -0.02314232
v -0.04376527 -0.01053226 -0.02118309
v -0.03783202 -0.01368384 -0.02181638
v -0.03308724 -0.01369040 -0.02193093
v 0.07305518 -0.01334016 -0.02297805
v 0.07316760 -0.01125647 -0.02292354
v 0.03614627 -0.01371763 -0.02312681
v 0.01354458 -0.00841084 -0.02292398
v 0.00864607 -0.01372201 -0.02309289
v -0.00041113 -0.01369487 -0.02289218
v 0.00462343 -0.01370741 -0.02300160
v -0.02104502 -0.01097671 -0.02230010
v -0.00834662 -0.01096638 -0.02270760
v -0.01648041 -0.01089756 -0.02239179
v -0.04204378 -0.01371043 -0.02161145
v -0.02298125 -0.00799509 -0.02202825
v -0.01957884 -0.00801426 -0.02205717
v -0.02621199 -0.00792701 -0.02195453
v -0.01799956 -0.01369733 -0.02240985
v 0.05252313 -0.00835062 -0.02319272
v 0.05001170 -0.00830799 -0.02321699
v 0.04666207 -0.00831031 -0.02322648
v -0.01261413 -0.01371245 -0.02259427
v -0.04351374 -0.01334711 -0.02134755
v 0.07382932 -0.00827035 -0.02272724
v -0.02119177 -0.01371577 -0.02225942
v -0.01805745 -0.01377705 -0.02235359
v -0.00915782 -0.01379262 -0.02263958
v 0.06837559 -0.00799234 -0.02321913
v 0.06186200 -0.00802135 -0.02323848
v 0.07023055 -0.00797416 -0.02319683
v -0.00871416 -0.01082585 -0.02255527
v -0.00232197 -0.01090975 -0.02280278
v 0.07185711 -0.01384087 -0.02313624
v 0.07358857 -0.01217029 -0.02279743
v 0.07294237 -0.00792547 -0.02319176
v -0.04325412 -0.01378559 -0.02130848
v -0.01040192 -0.00834366 -0.02240215
v 0.07335365 -0.01375501 -0.02281533
v -0.04399825 -0.01121294 -0.02121481
v 0.00165584 -0.01081046 -0.02288933
v 0.04838217 -0.01380529 -0.02310875
v -0.04315814 -0.00798670 -0.02147864
v 0.04134945 -0.00829294 -0.02325850
v 0.03796250 -0.00828681 -0.02324354
v 0.07324267 -0.00798174 -0.02296752
v -0.03110677 -0.00792927 -0.02188544
v 0.00878551 -0.00838889 -0.02292547
v -0.01600493 -0.00829373 -0.02238331
v 0.07390790 -0.01334240 -0.02260260
v 0.07411504 -0.00949345 -0.02255762
v 0.07403513 -0.00792587 -0.02280099
v 0.07405276 -0.01121112 -0.02250586
v -0.04433937 -0.01268954 -0.02100287
v -0.04429289 -0.01358504 -0.02090892
v 0.07426784 -0.01205442 -0.02242966
v -0.04457807 -0.01061917 -0.02071642
v -0.04460169 -0.00929668 -0.02070055
v -0.04458992 -0.00828230 -0.02080733
v -0.04499460 -0.01144702 -0.02063947
v -0.04496498 -0.01249534 -0.02062270
v 0.07432783 -0.00807492 -0.02245670
v 0.05742086 -0.01384035 -0.02312887
v 0.03053781 -0.00828752 -0.02324321
v -0.03427209 -0.00792877 -0.02186792
v -0.01853718 -0.00821660 -0.02237471
v 0.00569657 -0.00836831 -0.02285383
v 0.01982074 -0.01381411 -0.02308428
v -0.04115557 -0.01381411 -0.02161126
v -0.04487353 -0.01363793 -0.02049411
v 0.07439700 -0.01368436 -0.02220478
v 0.07453194 -0.01210761 -0.02222945
v 0.07381711 -0.01380475 -0.02252964
v 0.03590961 -0.01381824 -0.02304922
v -0.04436146 -0.00798900 -0.02109319
v 0.00920138 -0.01382344 -0.02301450
v -0.04493991 -0.00800114 -0.02063187
v -0.04506904 -0.00940905 -0.02027733
v -0.04508000 -0.00802289 -0.02041560
v -0.04507963 -0.01076443 -0.02027674
v -0.03704524 -0.01376821 -0.02176126
v 0.07471148 -0.01117019 -0.02189923
v 0.07472306 -0.00813121 -0.02206653
v -0.04468095 -0.01379657 -0.02050700
v 0.07445492 -0.00793661 -0.02249058
v 0.01847395 -0.00991427 0.02278321
v 0.01453835 -0.01051239 0.02279357
v 0.01828593 -0.01052701 0.02277291
v 0.02420130 -0.01008209 0.02275616
v 0.02400653 -0.01055566 0.02276982
v 0.02064197 -0.01103553 0.02280852
v 0.02381477 -0.00864209 0.02267480
v 0.03621156 -0.00858514 0.02249490
v 0.03131315 -0.00860632 0.02257780
v 0.03404589 -0.01030643 0.02261472
v 0.03606185 -0.01019854 0.02258339
v 0.03006198 -0.00907271 0.02262380
v 0.03035472 -0.00996249 0.02266934
v 0.03114930 -0.01049863 0.02266244
v 0.02090365 -0.00864018 0.02273541
v 0.04048839 -0.00865140 0.02230384
v 0.04090691 -0.01002554 0.02236513
v 0.04552081 -0.00867740 0.02219392
v 0.02702944 -0.00862278 0.02262228
v 0.01683983 -0.00864236 0.02274180
v 0.00941715 -0.00867206 0.02278627
v 0.00963763 -0.00996243 0.02281765
v 0.01491252 -0.00998183 0.02281171
v 0.01423083 -0.00866638 0.02277291
v 0.00905378 -0.01054545 0.02280315
v 0.00728751 -0.00861275 0.02284701
v 0.00957135 -0.01100422 0.02284424
v 0.01490671 -0.01101858 0.02283999
v 0.00692242 -0.01038043 0.02295646
v 0.00581869 -0.00845377 0.02290991
v 0.04802769 -0.00953794 0.02213083
v 0.04821628 -0.00848292 0.02212713
v 0.04797015 -0.00864597 0.02213020
v 0.05252630 -0.00955190 0.02204161
v 0.05385266 -0.00870071 0.02202099
v 0.05706803 -0.00910115 0.02197132
v 0.05570721 -0.01054220 0.02200926
v 0.05220040 -0.01054567 0.02205461
v 0.04819057 -0.01031110 0.02214104
v 0.04498110 -0.01053113 0.02224790
v 0.05909712 -0.00825432 0.02191882
v 0.05493639 -0.00825677 0.02198968
v 0.04011134 -0.01055349 0.02238587
v 0.03646983 -0.01054381 0.02256610
v 0.04981997 -0.01091214 0.02214258
v 0.04677378 -0.01084752 0.02217314
v 0.06118756 -0.01051549 0.02184757
v 0.06027367 -0.00910041 0.02188510
v 0.06429135 -0.00914718 0.02180608
v 0.06261680 -0.00825447 0.02186205
v 0.06356936 -0.01058287 0.02178005
v 0.06719759 -0.01056380 0.02167850
v 0.05275591 -0.00828255 0.02208107
v 0.00585771 -0.01078506 0.02305767
v 0.00437462 -0.01092539 0.02311578
v 0.00415162 -0.00950619 0.02302129
v 0.00518040 -0.00861173 0.02294354
v 0.00099397 -0.00860636 0.02294766
v -0.00164614 -0.01026561 0.02308150
v -0.00612815 -0.00998392 0.02306343
v -0.00693346 -0.01170200 0.02319948
v -0.01082163 -0.01225911 0.02321834
v -0.00646103 -0.01235353 0.02324998
v -0.00294521 -0.01162559 0.02319880
v 0.00483640 -0.01237662 0.02325374
v 0.00480261 -0.01176278 0.02320455
v -0.00205414 -0.00861210 0.02298518
v -0.00573893 -0.00862024 0.02298895
v -0.00834666 -0.00978080 0.02308964
v -0.00895250 -0.01087014 0.02316589
v -0.00895182 -0.00862783 0.02306851
v -0.01135388 -0.00865750 0.02311019
v -0.02182673 -0.01017064 0.02315285
v -0.02836331 -0.01248122 0.02326790
v -0.02117583 -0.01250476 0.02323386
v -0.01608549 -0.01085583 0.02318504
v -0.01553130 -0.01254119 0.02323174
v -0.01457137 -0.01013966 0.02314207
v -0.02116374 -0.00865008 0.02312833
v -0.02657620 -0.00981865 0.02311027
v -0.01588038 -0.00866012 0.02312643
v -0.02380658 -0.01340218 0.02323052
v -0.01280618 -0.01339865 0.02321249
v -0.03045563 -0.01325641 0.02326116
v -0.02450627 -0.01365798 0.02323098
v -0.00695231 -0.01289142 0.02324335
v 0.00561290 -0.01295160 0.02324897
v -0.03399288 -0.01337465 0.02324704
v -0.03227927 -0.00911461 0.02311191
v -0.03265133 -0.00992461 0.02311987
v -0.03808032 -0.00920993 0.02310271
v -0.03855816 -0.00995313 0.02310764
v -0.03236110 -0.01040404 0.02315069
v -0.04047879 -0.01042649 0.02313183
v -0.02355634 -0.01074301 0.02318055
v -0.02581616 -0.01098566 0.02320830
v -0.03829437 -0.01131404 0.02324285
v -0.03836938 -0.01237358 0.02326424
v -0.03209513 -0.01128875 0.02324091
v -0.03987725 -0.01339678 0.02323397
v -0.03381452 -0.01083265 0.02321377
v -0.04006931 -0.01086694 0.02320530
v -0.04209855 -0.01230592 0.02320352
v -0.04214469 -0.01107337 0.02316336
v -0.04212957 -0.00920385 0.02302492
v -0.04222262 -0.01017900 0.02303421
v 0.00634748 -0.01180282 0.02323770
v 0.00775529 -0.01102854 0.02295238
v 0.00796712 -0.01215419 0.02332014
v 0.00810932 -0.01178766 0.02331286
v 0.00988830 -0.01203960 0.02335985
v 0.01019453 -0.01168564 0.02334714
v 0.01424919 -0.01176685 0.02335346
v 0.02562995 -0.01101745 0.02283639
v 0.03153866 -0.00843632 0.02255010
v 0.03133060 -0.01100175 0.02273476
v 0.05438809 -0.01102754 0.02210159
v 0.06075947 -0.01098281 0.02194979
v -0.04146931 -0.01373999 0.02318543
v -0.03174874 -0.00868388 0.02313000
v -0.03750024 -0.00867679 0.02313483
v 0.03158621 -0.01082251 0.02262902
v 0.03611007 -0.01090732 0.02259761
v 0.03966821 -0.01100568 0.02248326
v 0.06627626 -0.00825163 0.02183206
v -0.04182130 -0.00867567 0.02306504
v 0.06889966 -0.00893542 0.02172306
v 0.01496575 -0.01249086 0.02330636
v 0.01511764 -0.01175132 0.02331152
v 0.02096345 -0.01234433 0.02328229
v 0.02303892 -0.01177663 0.02323941
v 0.02548034 -0.01231983 0.02319221
v 0.02982543 -0.01179621 0.02312696
v 0.02843963 -0.01231123 0.02314728
v 0.05231015 -0.01112249 0.02216726
v 0.03581239 -0.01233538 0.02298622
v 0.00677824 -0.01129375 0.02312260
v 0.03614340 -0.01182682 0.02299637
v 0.03663118 -0.01148776 0.02294827
v 0.04234766 -0.01147535 0.02281199
v 0.04255254 -0.01175946 0.02280456
v 0.03114936 -0.01144097 0.02303220
v 0.02463389 -0.01141340 0.02311009
v 0.06362969 -0.01097381 0.02187081
v 0.04041623 -0.01232431 0.02283304
v 0.04505018 -0.01102906 0.02237298
v -0.00794922 -0.01341372 0.02321406
v 0.00430235 -0.01341588 0.02321425
v 0.00855148 -0.01339772 0.02322288
v 0.02003731 -0.01139499 0.02314972
v -0.03185481 -0.01369550 0.02323007
v -0.03419851 -0.01369712 0.02322566
v -0.03540988 -0.01368485 0.02321927
v 0.04458380 -0.01265077 0.02268129
v 0.04180476 -0.01285902 0.02275062
v 0.03612508 -0.01293527 0.02290248
v 0.03186558 -0.01287150 0.02300230
v 0.04599683 -0.01175084 0.02267775
v 0.04519519 -0.01135971 0.02261290
v 0.04259134 -0.01137594 0.02271019
v 0.05154554 -0.01143967 0.02247830
v 0.05192899 -0.01175024 0.02247395
v -0.04274681 -0.00873823 0.02296203
v 0.04669926 -0.01267537 0.02258299
v 0.05125967 -0.01271645 0.02241874
v 0.05315115 -0.01250414 0.02239992
v 0.05537590 -0.01178220 0.02236350
v 0.05535196 -0.01253768 0.02234287
v 0.05811244 -0.01178569 0.02231484
v 0.05780733 -0.01143286 0.02226563
v 0.06143659 -0.01138150 0.02217249
v 0.06295221 -0.01167086 0.02214197
v 0.06574310 -0.01158683 0.02205770
v 0.06558304 -0.01133292 0.02202190
v 0.06937444 -0.01181506 0.02193597
v 0.07047522 -0.01126808 0.02185013
v 0.05426060 -0.01140664 0.02231091
v 0.07239645 -0.01185886 0.02173773
v 0.07256587 -0.01109405 0.02166115
v 0.06057102 -0.01273257 0.02221740
v 0.06407317 -0.01270061 0.02207783
v 0.06766961 -0.01261601 0.02197905
v 0.07068049 -0.01246183 0.02185144
v 0.07237945 -0.01266773 0.02171751
v 0.07076124 -0.00931751 0.02162287
v 0.07090547 -0.01051985 0.02155038
v 0.07165285 -0.00875699 0.02162933
v 0.07012135 -0.01084914 0.02163920
v 0.06387798 -0.01083924 0.02175023
v 0.07274473 -0.01091808 0.02149474
v 0.07240149 -0.00961949 0.02148052
v 0.07282136 -0.00869084 0.02149145
v 0.07251564 -0.01054825 0.02142821
v 0.05911865 -0.01341092 0.02219713
v 0.06386618 -0.01340468 0.02198934
v 0.02710351 -0.01293528 0.02310895
v 0.02077044 -0.01291420 0.02323570
v 0.07230508 -0.01337354 0.02167177
v 0.01612415 -0.01340418 0.02318447
v 0.05142118 -0.01338291 0.02231991
v 0.04955442 -0.01359723 0.02232827
v 0.06847132 -0.01337077 0.02186585
v 0.06992372 -0.00825357 0.02178113
v 0.07203449 -0.00826552 0.02168357
v 0.03629251 -0.00834969 0.02252005
v -0.04272308 -0.01163836 0.02308078
v 0.03932198 -0.00826690 0.02246120
v -0.04290010 -0.01017463 0.02287876
v 0.02816937 -0.01340495 0.02302045
v 0.02113160 -0.01341222 0.02315413
v 0.05206949 -0.01135279 0.02234678
v -0.02413025 -0.01376425 0.02318262
v -0.04270732 -0.01365110 0.02302398
v 0.04210262 -0.01342116 0.02266478
v 0.03777903 -0.01352940 0.02274966
v 0.04614697 -0.01342573 0.02249446
v 0.07339805 -0.01129325 0.02147502
v 0.07371449 -0.01188549 0.02142246
v 0.07161140 -0.01378765 0.02164521
v -0.01000409 -0.01375978 0.02314959
v 0.07064613 -0.01098754 0.02174851
v 0.01065288 -0.00841371 0.02282539
v 0.05510053 -0.00798894 0.02203195
v 0.03316821 -0.01339927 0.02287567
v -0.04326535 -0.01120511 0.02290152
v 0.00813894 -0.01139750 0.02317666
v 0.01473792 -0.01139443 0.02318616
v 0.01571199 -0.00839759 0.02282443
v 0.07364047 -0.01335835 0.02135745
v 0.07370254 -0.00877803 0.02126055
v 0.07374141 -0.01055315 0.02115704
v 0.07273333 -0.00803557 0.02162827
v 0.07340325 -0.00825207 0.02147965
v 0.07357584 -0.01080772 0.02122378
v 0.05794161 -0.01374332 0.02213258
v 0.06795424 -0.01374104 0.02179268
v 0.06310710 -0.01376155 0.02191063
v -0.00578630 -0.01376512 0.02309891
v 0.02902535 -0.01376392 0.02286547
v -0.04350663 -0.01343958 0.02279451
v 0.00964625 -0.01378269 0.02310898
v 0.01033049 -0.01140038 0.02319671
v 0.05025078 -0.01374206 0.02223304
v 0.04527458 -0.01377224 0.02242381
v 0.05325366 -0.01126696 0.02222633
v -0.04351379 -0.01024750 0.02267456
v -0.04344245 -0.00881076 0.02275775
v 0.07336906 -0.01376831 0.02133351
v 0.06080555 -0.00797616 0.02199299
v 0.05230506 -0.00804992 0.02218213
v -0.03673607 -0.00837201 0.02324577
v -0.03093785 -0.00837887 0.02322434
v -0.02380752 -0.00836250 0.02323353
v 0.04088405 -0.01377947 0.02258196
v 0.00926598 -0.01120998 0.02298088
v 0.02069424 -0.01375862 0.02303102
v 0.05067713 -0.00806891 0.02220569
v 0.07399934 -0.01121931 0.02121093
v 0.02154874 -0.00836916 0.02285883
v 0.04827115 -0.01112470 0.02231315
v -0.04066830 -0.00831465 0.02321517
v -0.04292135 -0.00827015 0.02319102
v 0.07391160 -0.00822795 0.02130249
v 0.07427549 -0.01096025 0.02089980
v 0.04795994 -0.00823679 0.02228884
v 0.04333492 -0.00825262 0.02243781
v 0.03568876 -0.01375204 0.02270614
v 0.07390852 -0.00794146 0.02156036
v -0.02094746 -0.00830908 0.02327044
v -0.01633272 -0.00831128 0.02331654
v -0.04330294 -0.00841102 0.02292437
v 0.02543550 -0.01127801 0.02299228
v 0.02108260 -0.01127202 0.02295744
v -0.04414948 -0.01136726 0.02248399
v -0.04395876 -0.01026160 0.02246016
v -0.04393453 -0.00877390 0.02255484
v 0.01541371 -0.01124310 0.02298845
v 0.07089943 -0.00795885 0.02195836
v -0.04346938 -0.01384059 0.02269581
v 0.04547412 -0.01388810 0.02233242
v -0.04408880 -0.00842276 0.02259593
v -0.04434632 -0.01323940 0.02233454
v 0.07439941 -0.01327363 0.02090258
v 0.07264084 -0.01395612 0.02136997
v 0.04555377 -0.00821967 0.02244381
v 0.07463162 -0.01135594 0.02080871
v -0.00910951 -0.00828007 0.02331931
v 0.02447869 -0.00828454 0.02286952
v -0.04431565 -0.01373419 0.02227700
v 0.06270147 -0.01388307 0.02185012
v 0.07443534 -0.01054329 0.02069906
v 0.07462192 -0.00882074 0.02069054
v 0.07407379 -0.01388413 0.02091501
v -0.03305347 -0.01386612 0.02310373
v -0.04119419 -0.01386591 0.02310808
v 0.07462223 -0.00807527 0.02087652
v 0.02849086 -0.00826122 0.02284615
v 0.03129485 -0.00824265 0.02282852
v 0.07494621 -0.01225435 0.02053801
v -0.04457581 -0.00915032 0.02205179
v -0.04462675 -0.00866845 0.02211806
v -0.04456659 -0.01037631 0.02201607
v -0.04461637 -0.01126576 0.02209257
v 0.02898382 -0.01388542 0.02277549
v 0.01999459 -0.01389062 0.02290552
v -0.01036491 -0.01388001 0.02306011
v 0.07481827 -0.01383919 0.02038169
v -0.02418524 -0.01387286 0.02309706
v 0.07491210 -0.01339624 0.02044705
v 0.04112479 -0.01390191 0.02247174
v 0.07484376 -0.01056622 0.02032879
v 0.07504997 -0.01121681 0.02033475
v 0.03425147 -0.01389796 0.02259486
v -0.04486396 -0.00820155 0.02228724
v 0.00885791 -0.01390809 0.02300352
v 0.00081126 -0.01391862 0.02295163
v 0.07437219 -0.00798696 0.02112378
v -0.04737266 0.00419099 0.00825613
v -0.04735917 0.00416453 -0.00009965
v -0.04736971 0.00036839 0.00266406
v -0.04735297 0.00098149 -0.00487788
v -0.04736009 -0.00457254 -0.00387557
v -0.04733303 -0.00086350 -0.01031906
v -0.04733733 0.00421340 -0.00908649
v -0.04731521 0.00200340 -0.01312033
v -0.04730341 -0.00280169 -0.01521046
v -0.04727100 0.00179495 -0.01627910
v -0.04728599 0.00578043 -0.01551860
v -0.04732867 0.00720417 -0.00835962
v -0.04735023 0.00635967 -0.00398241
v -0.04727332 0.00764723 -0.01548470
v -0.04728881 0.01140106 -0.01018505
v -0.04733653 0.01087747 -0.00542658
v -0.04727817 0.00983136 -0.01553858
v -0.04730893 0.01181168 -0.01561997
v -0.04732492 0.01139831 0.00468200
v -0.04733319 0.00896238 0.00775774
v -0.04729171 0.01077711 0.01573066
v -0.04730656 0.00881421 0.01582329
v -0.04734891 0.00775759 0.00218783
v -0.04735509 0.00649849 0.01083155
v -0.04735490 0.00072681 0.01701559
v -0.04736871 0.00246795 0.01409722
v -0.04737738 -0.00124875 0.01237610
v -0.04737624 0.00056926 0.00730344
v -0.04737626 -0.00376512 0.00492913
v -0.04738637 -0.00599812 0.01529234
v -0.04736497 -0.00415903 0.01716674
v -0.04739424 -0.00726311 0.01703644
v -0.04739130 -0.00643602 0.00809809
v -0.04737653 -0.00727467 0.01438989
v -0.04737902 -0.00724569 0.00801506
v -0.04737575 -0.00724443 0.00116290
v -0.04738837 -0.00633046 0.00162368
v -0.04736681 -0.00620872 -0.00364583
v -0.04733057 -0.00725409 -0.00862705
v -0.04738272 -0.00421872 0.01031280
v -0.04733271 -0.00423992 -0.01045812
v -0.04732394 -0.00651569 -0.01426724
v -0.04731569 -0.00729542 -0.01553968
v -0.04726564 -0.00224954 -0.01675369
v -0.04726650 -0.00760530 -0.01713199
v -0.04734675 0.00566198 0.01679180
v -0.04725950 0.00860900 0.01847179
v -0.04729451 0.01144345 0.01657995
v -0.04731988 -0.00583978 0.01897959
v -0.04728225 0.00434741 0.01904782
v -0.04730941 -0.00033808 0.01863355
v -0.04721622 0.01125880 0.01906389
v -0.04727489 -0.00020234 0.01912006
v -0.04735497 0.01143363 -0.00478120
v -0.04733304 0.01138081 0.00132570
v -0.04731022 0.01179367 -0.00726017
v -0.04727691 0.01180857 -0.01203038
v -0.04726755 0.01179419 -0.01719441
v -0.04722763 0.00640827 -0.01722391
v -0.04723516 -0.00195469 -0.01726088
v -0.04720381 0.00998920 -0.01730962
v -0.04730196 -0.00730650 0.01907613
v -0.04731714 0.01177127 -0.00158322
v -0.04729142 0.01178282 0.00414512
v -0.04727462 0.01175977 0.01646722
v -0.04716545 0.01180853 0.01926376
v -0.04728779 -0.00758966 -0.01278986
v -0.04717366 -0.00645723 -0.01778787
v -0.04715271 -0.00759383 -0.01817251
v -0.04728562 -0.00759247 -0.00834548
v -0.04729794 -0.00760635 -0.00090995
v -0.04715088 0.01095467 0.01963205
v -0.04701305 0.01181311 0.02045799
v -0.04711752 0.00741531 0.01988870
v -0.04701533 0.00945759 -0.01856169
v -0.04701225 -0.00327078 -0.01857471
v -0.04698561 -0.00755624 -0.01891644
v -0.04717798 0.00289942 -0.01758575
v -0.04701361 0.00444456 -0.01854016
v -0.04702317 0.01188987 -0.01882179
v -0.04699659 0.01113654 0.02050888
v -0.04702644 0.00669984 0.02042082
v -0.04702651 0.00245067 0.02042389
v -0.04711150 0.00300807 0.02002052
v -0.04706287 -0.00519277 0.02033581
v -0.04711414 -0.00067790 0.02000739
v -0.04730818 -0.00758210 0.00691985
v -0.04731802 -0.00761047 0.01719226
v -0.04723008 -0.00761621 0.01924212
v -0.04696030 -0.00755760 0.02054234
v -0.04722696 0.01214562 -0.01551804
v -0.04717879 0.01212974 -0.01729469
v -0.04694469 -0.00630139 0.02069343
v -0.04689973 0.01006839 0.02085705
v -0.04719949 0.01211134 -0.01269719
v -0.04720147 0.01209034 -0.00813030
v -0.04686035 0.00449641 -0.01902903
v -0.04686146 -0.00273097 -0.01907206
v -0.04680542 -0.00557388 -0.01924221
v -0.04682769 -0.00728099 -0.01929587
v -0.04687080 0.00974622 -0.01905534
v -0.04688828 0.00616141 0.02083667
v -0.04685030 0.01169584 0.02089253
v -0.04686933 0.00015895 0.02085487
v -0.04682039 -0.00724641 0.02095924
v -0.04696564 0.01273760 -0.01478452
v -0.04694868 0.01274052 -0.00844933
v -0.04695810 0.01258929 -0.00579532
v -0.04668257 0.00018944 -0.01948182
v -0.04656766 0.00913532 -0.01975535
v -0.04680843 0.01243768 -0.01886225
v -0.04648314 0.01043987 0.02181007
v -0.04653418 0.01188021 0.02160384
v -0.04650989 0.00341189 0.02169593
v -0.04649230 0.00713618 0.02173839
v -0.04654517 -0.00324251 0.02158549
v -0.04714190 0.01203597 0.01685176
v -0.04694030 0.01253219 -0.00034372
v -0.04710496 0.01216119 0.00191228
v -0.04692334 0.01251354 0.00342696
v -0.04654809 -0.00202414 -0.01979650
v -0.04653017 0.00315787 -0.01980001
v -0.04713466 0.01211663 0.00569344
v -0.04662582 0.01195011 -0.01970449
v -0.04651209 -0.00760186 0.02156345
v -0.04640091 -0.00727925 0.02183440
v -0.04654433 -0.00657261 -0.01979116
v -0.04696538 0.01257801 -0.01730803
v -0.04692783 0.01251088 0.00592901
v -0.04702885 0.01222427 0.00985572
v -0.04687976 0.01251010 0.01025231
v -0.04642112 0.01258676 -0.01973278
v -0.04689831 0.01248017 0.01648426
v -0.04610546 0.01197892 -0.02061515
v -0.04602299 0.00729828 -0.02066012
v -0.04630135 -0.00761161 -0.02020747
v -0.04602556 -0.00439682 -0.02065930
v -0.04604032 -0.00002044 -0.02064171
v -0.04682101 -0.00767387 -0.01909590
v -0.04659522 0.01277901 0.01929188
v -0.04594817 0.01255818 -0.02060869
v -0.04657628 0.01280985 -0.01889107
v -0.04608804 0.01058978 0.02242819
v -0.04605647 0.00731095 0.02241965
v -0.04604450 0.00005440 0.02238360
v -0.04602116 -0.00436787 0.02239812
v -0.04604419 0.01183449 0.02241866
v -0.04642258 0.01273152 0.02054092
v -0.04603086 0.01217957 0.02224386
v -0.04600724 0.01273317 0.02146678
v -0.04660091 0.01288699 0.01010896
v -0.04661289 0.01286388 0.01582945
v -0.04597093 -0.00758620 -0.02065323
v -0.04596361 -0.00756683 0.02241260
v -0.04631211 -0.00774482 0.02164602
v -0.04662308 0.01291031 0.00485741
v -0.04663980 0.01291927 -0.00052900
v -0.04664638 0.01297213 -0.00568061
v -0.04652390 0.01309950 -0.01724194
v -0.04601280 0.01278491 -0.02022669
v -0.04550214 -0.00728463 0.02293175
v -0.04559033 0.00731527 0.02292937
v -0.04553587 0.00019385 0.02293606
v -0.04547389 0.01080505 0.02308263
v -0.04553525 0.01190342 0.02298096
v -0.04550552 0.01222584 0.02285199
v -0.04547440 0.01194256 -0.02128986
v -0.04549576 -0.00557115 -0.02118975
v -0.04553175 0.00713287 -0.02116767
v -0.04552150 -0.00000328 -0.02117050
v -0.04509539 0.01257241 -0.02147226
v -0.04649584 0.01318421 -0.01528752
v -0.04651309 0.01315497 -0.00976048
v -0.04550591 -0.00761144 0.02286144
v -0.04556113 -0.00763475 -0.02104789
v -0.04557693 0.01308805 -0.02049024
v -0.04544927 0.01275633 -0.02099503
v -0.04522519 0.01194883 -0.02151760
v -0.04506687 0.01200190 0.02338905
v -0.04543954 0.01278072 0.02226748
v -0.04494831 -0.00576375 0.02342151
v -0.04498190 -0.00757489 0.02333207
v -0.04497702 0.00370930 0.02343504
v -0.04501027 0.00718162 0.02342146
v -0.04494359 -0.00259414 0.02342581
v -0.04499354 0.00734008 -0.02161675
v -0.04503730 -0.00559958 -0.02155941
v -0.04501735 -0.00120509 -0.02157707
v -0.04503015 -0.00758508 -0.02149205
v -0.04493742 0.01070587 0.02351492
v -0.04433444 -0.00722961 0.02378025
v -0.04437538 0.01165204 0.02384939
v -0.04431202 -0.00719703 -0.02197225
v -0.04426461 0.00653558 0.02385478
v -0.04417241 -0.00230769 0.02386324
v -0.04459047 0.01239926 0.02344170
v -0.04425831 -0.00761710 -0.02196911
v -0.04433091 -0.00184720 -0.02198102
v -0.04437699 0.00946439 -0.02199296
v -0.04411310 -0.00762491 0.02382732
v -0.04402173 0.01262094 -0.02207668
v -0.04403271 0.01207810 -0.02218477
v -0.04412802 0.01215418 0.02387865
v -0.04388419 0.00585263 -0.02221823
v -0.04388562 -0.00700878 -0.02218401
v -0.04303479 -0.00757844 -0.02257147
v -0.04382047 -0.00728231 0.02401037
v -0.04322396 -0.00663808 -0.02245381
v -0.04331881 -0.00013874 -0.02243543
v -0.04331373 0.00420060 -0.02245015
v -0.04387625 0.00297379 0.02400535
v -0.04335599 0.01209928 -0.02246220
v -0.04346035 0.01131625 -0.02240631
v -0.04334003 0.00723582 -0.02242857
v -0.04390958 0.01162710 0.02403667
v -0.04359162 0.00765976 0.02410875
v -0.04332216 -0.00174395 0.02416310
v -0.04323687 -0.00727465 0.02420033
v -0.04292565 0.01261749 -0.02246044
v -0.04320593 0.00402789 0.02422576
v -0.04233023 -0.00757357 -0.02272952
v -0.04330904 0.01161749 0.02421789
v 0.07740961 0.00446364 0.00317796
v 0.07742378 -0.00136411 0.00043616
v 0.07742562 0.00210275 -0.00432895
v 0.07741244 0.00585985 -0.00502316
v 0.07741402 0.00410199 -0.01119594
v 0.07738768 0.00532276 -0.01614686
v 0.07741069 -0.00026846 -0.01532532
v 0.07737650 0.00447714 -0.01727383
v 0.07739089 -0.00195085 -0.01727723
v 0.07740828 -0.00613339 -0.01656408
v 0.07741789 -0.00236269 -0.01318484
v 0.07739974 -0.00723772 -0.01606742
v 0.07742176 -0.00620832 -0.00767207
v 0.07742874 -0.00160419 -0.00817736
v 0.07742887 -0.00386465 -0.00386014
v 0.07742771 -0.00645499 0.00008672
v 0.07741913 -0.00726640 -0.00461488
v 0.07739510 -0.00718497 -0.00974966
v 0.07742404 0.00220809 -0.00989706
v 0.07737509 0.00853823 -0.00786363
v 0.07739018 0.00792357 -0.00320285
v 0.07736364 0.01063357 -0.00470463
v 0.07732247 0.01043209 -0.01003334
v 0.07735943 0.00809024 -0.01217558
v 0.07729388 0.01095613 -0.01678817
v 0.07732377 0.00843093 -0.01661344
v 0.07728095 0.01182338 -0.00898216
v 0.07735694 0.01018697 0.00542603
v 0.07735991 0.00527288 0.01385732
v 0.07735767 0.00700390 0.01110375
v 0.07728970 0.00879446 0.01517443
v 0.07724434 0.01138480 0.01544075
v 0.07731983 0.00975006 0.00927979
v 0.07727300 0.01143700 0.00987812
v 0.07730552 0.01178638 0.00581699
v 0.07733636 0.01142804 -0.00213032
v 0.07741831 -0.00313582 0.00357004
v 0.07740689 -0.00661462 0.00670275
v 0.07740192 -0.00724242 0.00522041
v 0.07738146 -0.00722602 0.00965672
v 0.07737055 -0.00722159 0.01532941
v 0.07740159 -0.00372399 0.00832094
v 0.07735980 -0.00558620 0.01528742
v 0.07739488 0.00185595 0.00944134
v 0.07741296 0.00079670 0.00585170
v 0.07738719 -0.00172155 0.01164153
v 0.07735309 -0.00223684 0.01550592
v 0.07732065 0.00534863 0.01573045
v 0.07728680 0.01181766 -0.01653068
v 0.07730061 0.00551203 -0.01901765
v 0.07724781 0.00952675 -0.01902791
v 0.07721452 0.01177568 -0.01917502
v 0.07734600 0.00061849 -0.01862716
v 0.07731848 -0.00476878 -0.01888508
v 0.07733793 -0.00726936 -0.01851743
v 0.07717950 0.01157464 0.01732092
v 0.07720504 0.00922499 0.01715680
v 0.07731884 -0.00729755 0.01703498
v 0.07728494 -0.00542081 0.01710910
v 0.07725155 0.00396303 0.01709906
v 0.07726028 0.01183349 0.01533772
v 0.07719976 0.01180794 0.01730446
v 0.07719338 0.01212813 0.01697928
v 0.07731220 -0.00070027 -0.01912228
v 0.07730557 0.01180687 -0.00011567
v 0.07727812 -0.00753344 -0.01916468
v 0.07715611 0.01045605 -0.01987044
v 0.07719303 0.00777229 -0.01953719
v 0.07729671 -0.00755215 0.01682589
v 0.07719609 -0.00755992 0.01798733
v 0.07720785 0.00308661 0.01744215
v 0.07708732 0.00922296 0.01800874
v 0.07695547 0.01174533 0.01896470
v 0.07724346 -0.00318096 0.01739196
v 0.07707822 0.00952411 -0.02038336
v 0.07706359 0.00443157 -0.02038832
v 0.07700759 0.01199714 0.01884910
v 0.07719212 -0.00666082 -0.01959132
v 0.07717703 -0.00749009 -0.01987393
v 0.07696820 0.00907104 0.01871760
v 0.07701313 -0.00482321 0.01865986
v 0.07697629 0.00154333 0.01866523
v 0.07708032 -0.00756350 0.01849561
v 0.07705586 0.00119052 -0.02043035
v 0.07705992 -0.00308899 -0.02034261
v 0.07703188 -0.00725543 -0.02031766
v 0.07720660 0.01215172 0.00718618
v 0.07720512 0.01211639 -0.01695242
v 0.07713701 0.01218546 -0.01916798
v 0.07710066 0.01194645 -0.02068914
v 0.07704048 0.01170435 -0.02084878
v 0.07730621 -0.00753667 0.00955458
v 0.07731792 -0.00757105 0.00579190
v 0.07732878 -0.00756682 0.00033980
v 0.07732393 -0.00755868 -0.01622736
v 0.07731501 -0.00754907 -0.00792318
v 0.07731550 -0.00752050 -0.01357401
v 0.07717193 0.01217174 -0.01005382
v 0.07685077 0.00933683 0.01913187
v 0.07689634 -0.00494696 -0.02083548
v 0.07692449 0.00089378 -0.02083156
v 0.07691610 0.00681456 -0.02089255
v 0.07699150 0.01135900 -0.02091248
v 0.07654122 0.01162089 -0.02204437
v 0.07718577 0.01216802 -0.00106638
v 0.07692785 -0.00724720 0.01896534
v 0.07683187 0.00170734 0.01911198
v 0.07684775 -0.00725117 -0.02082785
v 0.07648604 0.01171069 0.02021542
v 0.07645990 0.01207433 0.02027711
v 0.07666602 0.00911591 -0.02160492
v 0.07668171 0.00661374 -0.02146646
v 0.07665569 0.00205164 -0.02146566
v 0.07657482 -0.00444436 -0.02156576
v 0.07644819 0.00958935 0.02012209
v 0.07648404 0.00674549 0.01997512
v 0.07645158 0.00172992 0.01998220
v 0.07647647 -0.00436913 0.01996450
v 0.07657784 0.01224992 -0.02186230
v 0.07658630 -0.00755330 -0.02134982
v 0.07664474 -0.00766486 0.01946567
v 0.07645299 -0.00753489 0.01998125
v 0.07635414 0.00321963 -0.02201278
v 0.07693972 0.01227340 -0.02068974
v 0.07696394 0.01260946 0.00646314
v 0.07614550 0.00736015 -0.02243448
v 0.07695195 0.01257272 0.00937398
v 0.07697058 0.01250120 0.01605315
v 0.07697298 -0.00756616 -0.02006186
v 0.07613309 0.00802382 0.02057136
v 0.07691995 0.01262225 -0.00600233
v 0.07693314 0.01259790 0.00001249
v 0.07659048 0.01272228 0.01877599
v 0.07698681 0.01247339 -0.01669650
v 0.07620412 0.00120897 0.02037246
v 0.07648767 0.01268442 0.01933984
v 0.07690407 0.01257625 -0.01145647
v 0.07609493 0.01196022 -0.02269918
v 0.07616749 0.01126957 -0.02256733
v 0.07607896 -0.00426261 -0.02234933
v 0.07620995 -0.00756199 -0.02193724
v 0.07599144 -0.00597063 -0.02237689
v 0.07611330 -0.00578911 0.02051420
v 0.07604662 0.00307014 -0.02246204
v 0.07671194 0.01280588 0.01716223
v 0.07669670 0.01279221 -0.01935700
v 0.07652374 0.01289017 -0.02064444
v 0.07613971 0.01201971 0.02071733
v 0.07598939 -0.00760110 0.02061687
v 0.07601098 0.00150875 0.02063534
v 0.07591639 0.01269100 0.02058564
v 0.07661132 0.01292612 -0.01206138
v 0.07663145 0.01296089 -0.00639206
v 0.07665139 0.01292775 -0.00030335
v 0.07650896 0.01314617 0.00643055
v 0.07648113 0.01313337 0.00901732
v 0.07589165 -0.00757774 -0.02233259
v 0.07592240 0.01311748 -0.02181615
v 0.07602996 0.01260722 -0.02237981
v 0.07559406 0.00718071 0.02115480
v 0.07555872 -0.00485154 0.02113050
v 0.07633831 0.01318537 -0.01895494
v 0.07566348 0.00766412 -0.02297332
v 0.07560946 -0.00762788 0.02102149
v 0.07564116 0.01066309 0.02120801
v 0.07545924 0.01207902 0.02145147
v 0.07638479 0.01318177 0.01392253
v 0.07554008 -0.00415730 -0.02292094
v 0.07558834 0.00284131 -0.02294078
v 0.07540886 -0.00745420 -0.02285693
v 0.07641377 0.01318055 -0.00543873
v 0.07641730 0.01315948 -0.00027603
v 0.07639612 0.01314945 -0.01055133
v 0.07634119 0.01313901 0.01750348
v 0.07605750 0.01316287 0.01921911
v 0.07556475 0.01130362 -0.02318156
v 0.07530371 0.00788108 0.02142864
v 0.07530803 0.01260849 0.02128195
v 0.07546236 0.01315410 0.02057916
v 0.07528393 0.00210976 0.02138787
v 0.07517802 -0.00761703 0.02141315
v 0.07552615 0.01259700 -0.02291331
v 0.07505652 -0.00505177 0.02156090
v 0.07523798 0.01195382 -0.02345271
v 0.07496103 -0.00721671 -0.02326398
v 0.07495972 -0.00449272 -0.02340259
v 0.07508699 0.00722755 -0.02344101
v 0.07502853 0.00252350 -0.02339975
v 0.07471804 -0.00754966 -0.02341056
v 0.07485486 0.00167959 0.02170884
v 0.07454019 -0.00728549 0.02188330
v 0.07463939 0.00839944 0.02190437
v 0.07443516 -0.00592272 0.02197955
v 0.07443120 0.00117754 0.02198368
v 0.07463391 0.01207061 0.02199705
v 0.07489082 0.01253973 -0.02341154
v 0.07426261 -0.00763406 0.02200007
v 0.07418336 -0.00726570 -0.02375177
v 0.07428170 -0.00488132 -0.02378837
v 0.07428434 0.00313099 -0.02382902
v 0.07451700 0.01137913 -0.02383665
v 0.07461840 0.01193475 -0.02382073
v 0.07396794 0.01275016 0.02205055
v 0.07406574 0.00672309 0.02219238
v 0.07455735 0.01124131 0.02200814
v 0.07365843 -0.00726293 0.02233426
v 0.07359881 0.00058952 0.02237056
v 0.07352751 0.00543529 0.02242605
v 0.07372831 0.01211571 0.02238475
v 0.07372215 0.01104796 0.02236580
v 0.07309744 -0.00763288 0.02254434
v 0.07363044 -0.00755767 -0.02398571
v 0.07403586 -0.00761560 -0.02369789
v 0.07388353 0.00509325 -0.02401740
v 0.07404182 0.00133954 -0.02391460
v 0.07353453 -0.00506260 -0.02408556
v 0.07393525 0.01191864 -0.02406653
v 0.07298427 0.00005029 0.02258968
v 0.07289455 0.00602295 0.02265004
v 0.07332487 0.01245084 0.02240422
v 0.07336005 0.00152088 -0.02415353
v 0.07316374 0.00760606 -0.02426545
v 0.07254069 0.01207730 0.02270216
v 0.02139930 0.01222988 -0.00208630
v 0.01624066 0.01220896 -0.00076872
v 0.02126340 0.01221040 -0.00008786
v 0.02513689 0.01222761 -0.00387367
v 0.02171279 0.01226204 -0.00379755
v 0.01493883 0.01222432 -0.00243179
v 0.01589027 0.01224973 -0.00344095
v 0.01199140 0.01225820 -0.00344103
v 0.01191616 0.01222264 -0.00201316
v 0.02569573 0.01219654 -0.00079611
v 0.02263081 0.01221351 0.00350996
v 0.02707902 0.01220411 0.00359701
v 0.02101580 0.01222472 0.00351959
v 0.02675830 0.01221008 -0.00194305
v 0.02830889 0.01223723 0.00150539
v 0.02854389 0.01221984 -0.00386406
v 0.01578798 0.01220969 0.00355703
v 0.01220885 0.01221690 0.00066502
v 0.01215092 0.01221385 0.00353483
v 0.02842012 0.01222269 -0.00258679
v 0.02841382 0.01221220 0.00345699
v 0.00943996 0.01217699 0.00202377
v 0.00943792 0.01217133 -0.00144548
v 0.00931626 0.01219535 -0.00358957
v 0.00934151 0.01215450 0.00377634
v 0.02612633 0.01222345 0.00403781
v 0.01671220 0.01227828 -0.00383472
v 0.02849911 0.01225904 0.00404416
v 0.02875953 0.01227622 0.00183705
v 0.01517628 0.01224878 0.00398193
v 0.02145925 0.01225811 0.00398662
v 0.02877040 0.01226444 0.00313799
v 0.01469476 0.01231638 -0.00383299
v 0.02878223 0.01226588 -0.00232437
v 0.01139932 0.01229303 0.00399462
v 0.00970571 0.01222281 0.00408520
v 0.02208897 0.01229272 0.00417508
v 0.01168365 0.01234174 -0.00382421
v 0.02896265 0.01230976 -0.00036198
v 0.02032992 0.01231910 -0.00405224
v 0.02244432 0.01231502 -0.00406845
v 0.02884370 0.01235971 -0.00316410
v 0.00928686 0.01231190 -0.00386390
v 0.01544613 0.01229545 0.00415422
v 0.01501275 0.01236321 -0.00401927
v 0.00924735 0.01222497 -0.00041735
v 0.00929930 0.01226686 0.00414653
v 0.02882693 0.01236116 0.00371518
v 0.02877979 0.01239260 0.00422855
v 0.02606350 0.01229750 0.00422738
v 0.00911152 0.01234958 -0.00379283
v 0.00923471 0.01225323 0.00128768
v 0.00913785 0.01229617 0.00402317
v 0.02879498 0.01233960 -0.00409024
v 0.02720138 0.01234321 -0.00409385
v 0.02897477 0.01243644 0.00343322
v 0.00936114 0.01237325 0.00431272
v 0.02897726 0.01243812 -0.00291207
v 0.01095205 0.01241042 0.00416757
v 0.07627924 -0.01243847 -0.00581951
v 0.07629325 -0.01246784 0.00356465
v 0.07627512 -0.01340562 0.00012676
v 0.07627331 -0.01343749 0.01030702
v 0.07625336 -0.01343425 -0.00745391
v 0.07626881 -0.01233684 0.00985312
v 0.07625321 -0.01197466 0.01570707
v 0.07624551 -0.01340294 0.01564292
v 0.07621489 -0.01127370 0.01377085
v 0.07624205 -0.01188949 0.00905383
v 0.07626649 -0.01186203 0.00342280
v 0.07624678 -0.01163834 -0.00527787
v 0.07622349 -0.01234406 -0.00938652
v 0.07620744 -0.01190439 0.01734481
v 0.07618430 -0.01343942 0.01734403
v 0.07619453 -0.01239778 -0.01502888
v 0.07619226 -0.01341411 -0.01541436
v 0.07616533 -0.01172410 -0.01264624
v 0.07613755 -0.01175231 -0.01572783
v 0.07607033 -0.01209809 -0.01760575
v 0.07605333 -0.01153931 -0.01737786
v 0.07611469 -0.01368836 -0.01699779
v 0.07618751 -0.01136973 0.00780757
v 0.07616809 -0.01098547 0.00003386
v 0.07616262 -0.01092752 0.00384274
v 0.07613654 -0.01085904 0.00629805
v 0.07608119 -0.01088356 -0.00976407
v 0.07612984 -0.01087292 -0.00722025
v 0.07606181 -0.01098775 -0.01435183
v 0.07605185 -0.01060576 -0.01534191
v 0.07614450 -0.01134106 0.01728526
v 0.07596636 -0.01083050 -0.01754749
v 0.07588001 -0.01095462 -0.01900914
v 0.07595083 -0.01202465 -0.01899733
v 0.07613846 -0.01082132 -0.00293502
v 0.07614663 -0.01087004 -0.00030991
v 0.07621053 -0.00974151 0.00015603
v 0.07619193 -0.01005727 0.00534585
v 0.07626371 -0.00860732 -0.00059855
v 0.07623947 -0.00861056 0.00461604
v 0.07623667 -0.00862470 -0.00605081
v 0.07618350 -0.00975817 -0.00693841
v 0.07619775 -0.00863337 -0.00870084
v 0.07612774 -0.01034635 -0.00890415
v 0.07610888 -0.01016333 -0.01281020
v 0.07616506 -0.00861904 -0.01533419
v 0.07608814 -0.00877059 -0.01746696
v 0.07615611 -0.00928476 0.00825850
v 0.07606223 -0.01063798 0.00929931
v 0.07606562 -0.01090130 0.00939511
v 0.07605251 -0.01057580 0.01104067
v 0.07606553 -0.01089620 0.01428546
v 0.07595084 -0.00917185 -0.01892690
v 0.07594880 -0.01328817 -0.01881320
v 0.07607178 -0.00951205 0.01483677
v 0.07599948 -0.01059001 0.01552354
v 0.07601135 -0.00954121 0.01669379
v 0.07620139 -0.00865465 0.00870164
v 0.07617110 -0.00864675 0.01246238
v 0.07614249 -0.00864736 0.01630233
v 0.07622986 -0.01373170 -0.00581165
v 0.07617629 -0.01374794 0.01679121
v 0.07616011 -0.01374690 -0.01547517
v 0.07601935 -0.01097683 0.01703834
v 0.07585964 -0.01057407 0.01785936
v 0.07594576 -0.00936242 0.01781195
v 0.07612600 -0.01103418 0.00826425
v 0.07624311 -0.01373792 0.01059103
v 0.07608660 -0.00822942 -0.01843067
v 0.07598745 -0.01152089 0.01883511
v 0.07602292 -0.01332413 0.01844535
v 0.07615829 -0.01102214 0.01373186
v 0.07604612 -0.00861086 0.01791324
v 0.07604023 -0.00797197 -0.01881282
v 0.07585339 -0.01101973 0.01861192
v 0.07620342 -0.00820979 -0.01710533
v 0.07573264 -0.00955920 0.01892651
v 0.07565626 -0.01058464 0.01895794
v 0.07585267 -0.01380999 -0.01896878
v 0.07585100 -0.00828861 -0.01961999
v 0.07587087 -0.00866891 0.01882837
v 0.07631221 -0.00820419 -0.01337781
v 0.07608213 -0.01384953 0.01750173
v 0.07557367 -0.01360574 -0.02027873
v 0.07552724 -0.01201890 -0.02066104
v 0.07556854 -0.01024572 -0.02032387
v 0.07635698 -0.00819089 0.00135619
v 0.07558696 -0.00901513 -0.02032373
v 0.07567518 -0.00825580 -0.02027213
v 0.07549963 -0.01120343 -0.02038774
v 0.07634409 -0.00820606 0.00633562
v 0.07629193 -0.00819546 0.01454101
v 0.07621083 -0.00820637 0.01746104
v 0.07635093 -0.00820309 0.00884944
v 0.07610993 -0.00815651 0.01828717
v 0.07639865 -0.00818502 -0.00068172
v 0.07636499 -0.00820642 -0.00759254
v 0.07579499 -0.00819736 0.01942159
v 0.07586300 -0.01334423 0.01891688
v 0.07608363 -0.01384666 -0.01646052
v 0.07583591 -0.01382790 0.01866253
v 0.07600507 -0.00792982 -0.01939443
v 0.07511372 -0.00988056 -0.02146045
v 0.07521287 -0.00828655 -0.02129492
v 0.07525291 -0.01113932 -0.02100090
v 0.07521888 -0.01339535 -0.02118406
v 0.07564153 -0.01091703 0.01909664
v 0.07541459 -0.01381546 -0.02058502
v 0.07508241 -0.00804367 -0.02158469
v 0.07550519 -0.00876945 0.01960447
v 0.07504732 -0.01194420 -0.02164577
v 0.07505679 -0.01108525 -0.02138678
v 0.07518704 -0.01050047 0.01985150
v 0.07543132 -0.01189707 0.01988592
v 0.07543059 -0.01323325 0.01982568
v 0.07617561 -0.01385959 0.00579847
v 0.07555726 -0.00790561 -0.02076486
v 0.07517313 -0.01094962 0.01998162
v 0.07540205 -0.01383912 0.01960726
v 0.07549992 -0.01124252 0.01969011
v 0.07490024 -0.01380632 -0.02160057
v 0.07533760 -0.00789765 -0.02153955
v 0.07584184 -0.00789784 -0.02046938
v 0.07616545 -0.01384073 -0.00530460
v 0.07471148 -0.01117019 -0.02189923
v 0.07515144 -0.00873889 0.02015025
v 0.07616570 -0.01385031 0.01082970
v 0.07615774 -0.00799116 0.01850020
v 0.07518142 -0.00819045 0.02024801
v 0.07647188 -0.00790990 -0.01490626
v 0.07639197 -0.00787827 -0.01848618
v 0.07655869 -0.00791974 -0.00954755
v 0.07504997 -0.01121681 0.02033475
v 0.07484376 -0.01056622 0.02032879
v 0.07653144 -0.00794657 0.00702230
v 0.07653499 -0.00790644 0.01325923
v 0.07494621 -0.01225435 0.02053801
v 0.07595736 -0.00791540 0.01956031
v 0.07649248 -0.00787973 0.01605259
v 0.07654567 -0.00794516 0.00102592
v 0.07657492 -0.00795539 -0.00626963
v 0.07472306 -0.00813121 -0.02206653
v 0.07655997 -0.00795696 0.00454109
v 0.07649302 -0.00788667 0.01774437
v 0.07481827 -0.01383919 0.02038169
v 0.07491210 -0.01339624 0.02044705
v 0.07439700 -0.01368436 -0.02220478
v 0.07453194 -0.01210761 -0.02222945
v 0.07463162 -0.01135594 0.02080871
v 0.07462192 -0.00882074 0.02069054
v 0.07462223 -0.00807527 0.02087652
v 0.07490135 -0.00793476 -0.02205138
v 0.07550873 -0.00795820 0.02006074
v 0.07510079 -0.00797780 0.02044812
v 0.07437219 -0.00798696 0.02112378
v 0.07445492 -0.00793661 -0.02249058
v -0.04632321 -0.01264466 0.00594691
v -0.04633017 -0.01256975 0.00133232
v -0.04631762 -0.01339903 0.00422657
v -0.04629348 -0.01340733 0.00851678
v -0.04631658 -0.01233605 -0.00491602
v -0.04630097 -0.01340205 -0.00781460
v -0.04631024 -0.01124783 -0.00371723
v -0.04630364 -0.01133398 0.00561103
v -0.04628149 -0.01258169 -0.00950803
v -0.04625903 -0.01183117 -0.01733746
v -0.04628759 -0.01338307 -0.01609628
v -0.04628529 -0.01252495 -0.01488812
v -0.04625019 -0.01124597 -0.01699975
v -0.04625273 -0.01129506 -0.00895960
v -0.04623429 -0.01132983 0.00925440
v -0.04626162 -0.01342238 -0.01722398
v -0.04622491 -0.01129048 0.01453199
v -0.04626121 -0.01338823 0.01403058
v -0.04616939 -0.01133345 0.01709933
v -0.04618355 -0.01370444 0.01677647
v -0.04624911 -0.01373432 0.01300786
v -0.04615530 -0.01141455 -0.01869582
v -0.04603612 -0.01335046 0.01862669
v -0.04609403 -0.01106278 0.01802702
v -0.04602446 -0.01117085 0.01912161
v -0.04613714 -0.01333612 -0.01854977
v -0.04628102 -0.01371796 -0.00699884
v -0.04625715 -0.01372686 -0.01619675
v -0.04628863 -0.01372701 0.00438354
v -0.04626014 -0.01088290 -0.00447266
v -0.04614932 -0.01370623 -0.01810415
v -0.04624375 -0.01094520 0.00599968
v -0.04611448 -0.01060029 0.00936953
v -0.04609321 -0.01056820 0.01481998
v -0.04606973 -0.00952894 0.01175603
v -0.04608028 -0.00996614 0.01485819
v -0.04608255 -0.00959912 0.00747916
v -0.04608480 -0.00897721 0.01464317
v -0.04615114 -0.01054882 0.00557035
v -0.04617455 -0.01056804 -0.00028985
v -0.04600398 -0.00990687 0.01700846
v -0.04598301 -0.00906031 0.01781420
v -0.04610437 -0.00995760 0.00370912
v -0.04610174 -0.00944818 0.00203836
v -0.04611041 -0.00921801 -0.00357522
v -0.04613374 -0.01000055 -0.00269329
v -0.04615563 -0.01057634 -0.00558422
v -0.04606781 -0.00948791 -0.00681026
v -0.04601934 -0.01001710 -0.01059249
v -0.04608692 -0.01023759 -0.00606189
v -0.04606835 -0.01079344 -0.00958694
v -0.04603166 -0.01057289 -0.01302919
v -0.04602649 -0.00990310 -0.01351768
v -0.04595166 -0.01054638 -0.01727010
v -0.04605410 -0.00861542 -0.01277306
v -0.04606518 -0.00861679 -0.01470124
v -0.04608107 -0.00860960 -0.00772766
v -0.04601197 -0.00918547 -0.01717693
v -0.04602873 -0.00865884 -0.01776386
v -0.04608883 -0.00865489 0.01008062
v -0.04612599 -0.00895924 0.00014735
v -0.04587085 -0.01047306 0.01893692
v -0.04588132 -0.01046804 -0.01864896
v -0.04610707 -0.00861783 0.01502637
v -0.04581828 -0.00906740 0.01953255
v -0.04607236 -0.01082301 -0.01348546
v -0.04616850 -0.00858789 -0.00221490
v -0.04598250 -0.00827844 -0.01856313
v -0.04613616 -0.01087240 0.01483654
v -0.04603989 -0.01084301 0.01710131
v -0.04593572 -0.01096503 0.01922133
v -0.04600196 -0.00864631 0.01826987
v -0.04613846 -0.00858707 0.00416340
v -0.04617329 -0.01092363 -0.00894861
v -0.04599981 -0.01085379 -0.01846161
v -0.04614950 -0.01095653 -0.01751535
v -0.04586189 -0.00861382 0.01965050
v -0.04616724 -0.01091827 -0.01351408
v -0.04571555 -0.01046600 0.01970715
v -0.04595155 -0.01372974 0.01887483
v -0.04603147 -0.01108795 -0.01906941
v -0.04568458 -0.01347556 0.02007796
v -0.04588541 -0.01136892 0.01956105
v -0.04582887 -0.00834136 -0.01916082
v -0.04573606 -0.01051849 -0.01925717
v -0.04576795 -0.00976770 -0.01911789
v -0.04583893 -0.01093869 -0.01924179
v -0.04618657 -0.01382089 -0.01699154
v -0.04549038 -0.00986590 0.02050936
v -0.04555094 -0.01076380 0.02033785
v -0.04554682 -0.00872936 0.02067429
v -0.04557793 -0.01143323 0.02053506
v -0.04599295 -0.01330982 -0.01898945
v -0.04596591 -0.00841480 0.01941872
v -0.04550070 -0.01382212 0.02047338
v -0.04537582 -0.01338126 0.02088553
v -0.04616682 -0.01383029 0.01547386
v -0.04554029 -0.00903244 -0.01962301
v -0.04509927 -0.01059683 0.02136984
v -0.04569589 -0.00822293 -0.01954446
v -0.04503946 -0.00935495 0.02149670
v -0.04583906 -0.01375825 -0.01908295
v -0.04505693 -0.01163300 0.02160884
v -0.04625843 -0.00818599 -0.01531123
v -0.04618565 -0.00820790 -0.01793779
v -0.04511910 -0.00855019 0.02159016
v -0.04633457 -0.00815630 -0.01286681
v -0.04545640 -0.01204981 -0.02008848
v -0.04489534 -0.01325915 0.02176402
v -0.04489014 -0.01381720 0.02162322
v -0.04591830 -0.01382725 0.01869545
v -0.04636777 -0.00819710 0.00288971
v -0.04630674 -0.00827858 0.01429563
v -0.04632076 -0.00826774 0.00894480
v -0.04625582 -0.00823738 0.01807292
v -0.04619489 -0.00828522 0.01886207
v -0.04632598 -0.00818660 -0.00882087
v -0.04535656 -0.01334590 -0.02004286
v -0.04548340 -0.01126049 -0.01997478
v -0.04611991 -0.00801658 -0.01863106
v -0.04588755 -0.00795101 -0.01958324
v -0.04638094 -0.00822160 -0.00050870
v -0.04637011 -0.00822379 -0.00502758
v -0.04579461 -0.00826525 0.02082810
v -0.04538780 -0.01378414 -0.01979115
v -0.04621497 -0.01381156 -0.00944016
v -0.04623114 -0.01380518 0.00097667
v -0.04506904 -0.00940905 -0.02027733
v -0.04507963 -0.01076443 -0.02027674
v -0.04532671 -0.00822283 -0.02007587
v -0.04499460 -0.01144702 -0.02063947
v -0.04508000 -0.00802289 -0.02041560
v -0.04461637 -0.01126576 0.02209257
v -0.04456659 -0.01037631 0.02201607
v -0.04457581 -0.00915032 0.02205179
v -0.04545345 -0.00835362 0.02120483
v -0.04496498 -0.01249534 -0.02062270
v -0.04550233 -0.00798354 -0.02000594
v -0.04462675 -0.00866845 0.02211806
v -0.04487353 -0.01363793 -0.02049411
v -0.04431565 -0.01373419 0.02227700
v -0.04434632 -0.01323940 0.02233454
v -0.04486396 -0.00820155 0.02228724
v 0.07096277 -0.00787342 -0.02365443
v 0.07294237 -0.00792547 -0.02319176
v 0.07023055 -0.00797416 -0.02319683
v 0.07322529 -0.00777374 -0.02373944
v 0.07324267 -0.00798174 -0.02296752
v 0.07250110 -0.00761277 -0.02420917
v 0.07006642 -0.00763021 -0.02423770
v 0.06999677 -0.00792204 -0.02373463
v 0.07403586 -0.00761560 -0.02369789
v 0.07435951 -0.00775098 -0.02321703
v 0.07403513 -0.00792587 -0.02280099
v 0.07445492 -0.00793661 -0.02249058
v 0.06837559 -0.00799234 -0.02321913
v 0.07363044 -0.00755767 -0.02398571
v 0.07471804 -0.00754966 -0.02341056
v 0.07519875 -0.00765871 -0.02285653
v 0.07490135 -0.00793476 -0.02205138
v 0.07541130 -0.00774762 -0.02238478
v 0.07533760 -0.00789765 -0.02153955
v 0.06980271 -0.00792783 -0.02409961
v 0.06828930 -0.00801487 -0.02380970
v 0.06806178 -0.00792416 -0.02416307
v 0.06518546 -0.00803052 -0.02376986
v 0.06242952 -0.00791715 -0.02419139
v 0.06165584 -0.00804977 -0.02358154
v 0.06079629 -0.00790227 -0.02420494
v 0.06094495 -0.00807017 -0.02364330
v 0.05633033 -0.00805931 -0.02368333
v 0.05454796 -0.00788370 -0.02420077
v 0.06594685 -0.00798822 -0.02336819
v 0.06186200 -0.00802135 -0.02323848
v 0.05607726 -0.00826690 -0.02318993
v 0.05252313 -0.00835062 -0.02319272
v 0.06159010 -0.00826145 -0.02317872
v 0.05065002 -0.00783786 -0.02419012
v 0.05001170 -0.00830799 -0.02321699
v 0.04862367 -0.00786672 -0.02418792
v 0.04618283 -0.00806659 -0.02364416
v 0.04471115 -0.00777617 -0.02415507
v 0.04239513 -0.00797466 -0.02373925
v 0.03815875 -0.00773442 -0.02410736
v 0.07589165 -0.00757774 -0.02233259
v 0.07590168 -0.00771805 -0.02193581
v 0.07555726 -0.00790561 -0.02076486
v 0.07652837 -0.00764268 -0.02108895
v 0.07584184 -0.00789784 -0.02046938
v 0.07600507 -0.00792982 -0.01939443
v 0.07697298 -0.00756616 -0.02006186
v 0.07697964 -0.00768031 -0.01918636
v 0.07639197 -0.00787827 -0.01848618
v 0.07692587 -0.00775732 -0.01598088
v 0.07647188 -0.00790990 -0.01490626
v 0.07692006 -0.00776190 -0.01351627
v 0.07655869 -0.00791974 -0.00954755
v 0.07691425 -0.00780139 -0.00755172
v 0.07604023 -0.00797197 -0.01881282
v 0.07657492 -0.00795539 -0.00626963
v 0.07693858 -0.00779964 0.00072468
v 0.07654567 -0.00794516 0.00102592
v 0.07655997 -0.00795696 0.00454109
v 0.07692388 -0.00782041 0.00504240
v 0.07653144 -0.00794657 0.00702230
v 0.07690242 -0.00777627 0.00926784
v 0.07653499 -0.00790644 0.01325923
v 0.07697219 -0.00770290 0.01547865
v 0.07649248 -0.00787973 0.01605259
v 0.07697806 -0.00771057 0.01760795
v 0.07649302 -0.00788667 0.01774437
v 0.07708032 -0.00756350 0.01849561
v 0.07615774 -0.00799116 0.01850020
v 0.07664474 -0.00766486 0.01946567
v 0.07595736 -0.00791540 0.01956031
v 0.07595184 -0.00776530 0.02042252
v 0.07550873 -0.00795820 0.02006074
v 0.07510079 -0.00797780 0.02044812
v 0.07507682 -0.00779220 0.02124419
v 0.07437219 -0.00798696 0.02112378
v 0.07416831 -0.00784451 0.02173169
v 0.07390852 -0.00794146 0.02156036
v 0.07314056 -0.00777477 0.02231942
v 0.07273333 -0.00803557 0.02162827
v 0.07239428 -0.00794929 0.02191520
v 0.07189971 -0.00785584 0.02243683
v 0.07089943 -0.00795885 0.02195836
v 0.06365056 -0.00789095 0.02242225
v 0.06080555 -0.00797616 0.02199299
v 0.05586452 -0.00791495 0.02239422
v 0.05510053 -0.00798894 0.02203195
v 0.05331771 -0.00796650 0.02238825
v 0.05230506 -0.00804992 0.02218213
v 0.05248919 -0.00796276 0.02249182
v 0.05067713 -0.00806891 0.02220569
v 0.04990832 -0.00794743 0.02252889
v 0.07729671 -0.00755215 0.01682589
v 0.07730621 -0.00753667 0.00955458
v 0.07731792 -0.00757105 0.00579190
v 0.07727812 -0.00753344 -0.01916468
v 0.07732393 -0.00755868 -0.01622736
v 0.07717703 -0.00749009 -0.01987393
v 0.07719609 -0.00755992 0.01798733
v 0.07245330 -0.00764105 0.02271372
v 0.07065852 -0.00767652 0.02276406
v 0.04795994 -0.00823679 0.02228884
v 0.04666207 -0.00831031 -0.02322648
v 0.03740222 -0.00793512 -0.02375296
v 0.07620995 -0.00756199 -0.02193724
v 0.07658630 -0.00755330 -0.02134982
v 0.03457775 -0.00767458 -0.02409810
v 0.07732878 -0.00756682 0.00033980
v 0.07731501 -0.00754907 -0.00792318
v 0.07731550 -0.00752050 -0.01357401
v 0.06314141 -0.00766811 0.02277961
v 0.05354329 -0.00765190 0.02280682
v 0.07309744 -0.00763288 0.02254434
v 0.07426261 -0.00763406 0.02200007
v 0.07560946 -0.00762788 0.02102149
v 0.07517802 -0.00761703 0.02141315
v 0.07508241 -0.00804367 -0.02158469
v 0.07203449 -0.00826552 0.02168357
v 0.07598939 -0.00760110 0.02061687
v 0.07645299 -0.00753489 0.01998125
v 0.07540886 -0.00745420 -0.02285693
v -0.03752216 -0.00784362 -0.02236225
v -0.04153714 -0.00779287 -0.02244764
v -0.03962936 -0.00782691 -0.02263448
v -0.03487881 -0.00790432 -0.02261174
v -0.03181893 -0.00787031 -0.02231454
v -0.02998333 -0.00795741 -0.02263489
v -0.02839594 -0.00787025 -0.02233480
v -0.02424928 -0.00798169 -0.02259989
v -0.02347414 -0.00795735 -0.02232239
v -0.01936368 -0.00799842 -0.02243703
v -0.02621199 -0.00792701 -0.02195453
v -0.01957884 -0.00801426 -0.02205717
v -0.02298125 -0.00799509 -0.02202825
v -0.03110677 -0.00792927 -0.02188544
v -0.03427209 -0.00792877 -0.02186792
v -0.04002535 -0.00793612 -0.02183730
v -0.04063648 -0.00795699 -0.02172820
v -0.04315814 -0.00798670 -0.02147864
v -0.04137788 -0.00801239 -0.02140471
v -0.04278222 -0.00774586 -0.02244633
v -0.04073755 -0.00804005 -0.02141944
v -0.04136554 -0.00772025 -0.02273913
v -0.04386819 -0.00783676 -0.02185828
v -0.04395442 -0.00794748 -0.02146156
v -0.02387964 -0.00793598 -0.02274182
v -0.01874562 -0.00795118 -0.02272174
v -0.03072613 -0.00790779 -0.02274816
v -0.03574933 -0.00783964 -0.02275433
v -0.04233023 -0.00757357 -0.02272952
v -0.04144977 -0.00756932 -0.02279474
v -0.01853718 -0.00821660 -0.02237471
v -0.04425831 -0.00761710 -0.02196911
v -0.04497815 -0.00781912 -0.02127686
v -0.01600493 -0.00829373 -0.02238331
v -0.04303479 -0.00757844 -0.02257147
v -0.01869902 -0.00844954 -0.02207161
v -0.01945828 -0.00819785 -0.02204643
v -0.01670193 -0.00795819 -0.02272891
v -0.01568647 -0.00770334 -0.02315458
v -0.01399551 -0.00776608 -0.02316446
v -0.01040192 -0.00834366 -0.02240215
v -0.01130377 -0.00779851 -0.02317291
v -0.00703316 -0.00840968 -0.02244341
v -0.00772841 -0.00792365 -0.02318761
v -0.00420229 -0.00821744 -0.02283248
v -0.00211443 -0.00846620 -0.02249132
v -0.00183142 -0.00830371 -0.02279800
v -0.00164774 -0.00796308 -0.02324042
v 0.00216527 -0.00834121 -0.02284537
v 0.00250627 -0.00793388 -0.02334533
v 0.00450687 -0.00798692 -0.02331944
v 0.00569657 -0.00836831 -0.02285383
v 0.00851644 -0.00810160 -0.02330480
v 0.00878551 -0.00838889 -0.02292547
v 0.01354458 -0.00841084 -0.02292398
v 0.01597056 -0.00819289 -0.02328328
v 0.01700584 -0.00843072 -0.02289740
v 0.01964912 -0.00822785 -0.02325204
v 0.02337490 -0.00845416 -0.02291893
v 0.02364484 -0.00828123 -0.02324496
v 0.01996254 -0.00787494 -0.02373344
v 0.03457775 -0.00767458 -0.02409810
v 0.03796250 -0.00828681 -0.02324354
v 0.03053781 -0.00828752 -0.02324321
v 0.03158424 -0.00767477 -0.02410359
v 0.03054477 -0.00786435 -0.02383396
v 0.02886465 -0.00789987 -0.02378188
v 0.02359925 -0.00791825 -0.02373927
v 0.03740222 -0.00793512 -0.02375296
v 0.04239513 -0.00797466 -0.02373925
v 0.04666207 -0.00831031 -0.02322648
v 0.04134945 -0.00829294 -0.02325850
v 0.01495805 -0.00785424 -0.02369500
v 0.00916737 -0.00781541 -0.02364471
v 0.02960656 -0.00764279 -0.02405056
v 0.00541346 -0.00773822 -0.02360682
v 0.00273275 -0.00768483 -0.02357409
v -0.04006723 -0.00827612 -0.02148337
v -0.03858931 -0.00825359 -0.02156755
v -0.03515674 -0.00825692 -0.02160401
v 0.02847452 -0.00751436 -0.02403527
v -0.00182579 -0.00867086 -0.02253121
v -0.04503015 -0.00758508 -0.02149205
v -0.01688796 -0.00757225 -0.02297481
v -0.04381080 -0.00825693 -0.02125152
v -0.04556113 -0.00763475 -0.02104789
v 0.02494541 -0.00754359 -0.02397609
v 0.02841690 -0.00867104 -0.02299205
v 0.02363227 -0.00866681 -0.02297630
v 0.00161302 -0.00868600 -0.02260776
v 0.00519441 -0.00868696 -0.02264632
v -0.04436146 -0.00798900 -0.02109319
v -0.01883313 -0.00757989 -0.02293191
v -0.02331294 -0.00756129 -0.02291041
v 0.02113497 -0.00754034 -0.02388900
v 0.00249909 -0.00748405 -0.02353499
v 0.01686428 -0.00753363 -0.02383023
v -0.03101465 -0.00754138 -0.02288020
v -0.03581593 -0.00750280 -0.02286493
v -0.00179966 -0.00754612 -0.02336729
v 0.01355904 -0.00753210 -0.02376088
v -0.01866315 -0.00706236 -0.02308182
v -0.02208202 -0.00705609 -0.02303059
v -0.01623259 -0.00738256 -0.02312457
v 0.03673947 -0.00745057 -0.02414117
v -0.02549362 -0.00699700 -0.02298079
v -0.00705212 -0.00754862 -0.02326919
v -0.01040006 -0.00758407 -0.02320975
v 0.03815875 -0.00773442 -0.02410736
v 0.04131483 -0.00750021 -0.02417608
v 0.04471115 -0.00777617 -0.02415507
v 0.04610028 -0.00754073 -0.02424963
v 0.04862367 -0.00786672 -0.02418792
v 0.05061529 -0.00751219 -0.02429379
v 0.05065002 -0.00783786 -0.02419012
v 0.05454796 -0.00788370 -0.02420077
v 0.05835397 -0.00747366 -0.02434076
v 0.06079629 -0.00790227 -0.02420494
v 0.06347402 -0.00751065 -0.02433762
v 0.06242952 -0.00791715 -0.02419139
v 0.06806178 -0.00792416 -0.02416307
v 0.06854012 -0.00754904 -0.02431035
v 0.06980271 -0.00792783 -0.02409961
v 0.07006642 -0.00763021 -0.02423770
v 0.06983653 -0.00714228 -0.02437686
v 0.07100748 -0.00729849 -0.02438682
v 0.07190737 -0.00739378 -0.02436818
v 0.07250110 -0.00761277 -0.02420917
v 0.07253059 -0.00723970 -0.02428675
v 0.07363044 -0.00755767 -0.02398571
v 0.06471862 -0.00711126 -0.02436708
v -0.03055758 -0.00704437 -0.02294087
v -0.03322339 -0.00703617 -0.02291409
v -0.03771399 -0.00702682 -0.02289347
v -0.04068094 -0.00720158 -0.02283941
v 0.06626353 -0.00603196 -0.02440899
v -0.04199206 -0.00721761 -0.02278271
v 0.05879631 -0.00536669 -0.02440392
v 0.05299149 -0.00525681 -0.02436929
v 0.05125003 -0.00697955 -0.02430245
v 0.05032149 -0.00530706 -0.02432862
v 0.04548380 -0.00562956 -0.02426091
v 0.04265319 -0.00548672 -0.02420840
v 0.03734909 -0.00510311 -0.02413705
v 0.03007192 -0.00491161 -0.02404467
v 0.02541747 -0.00536892 -0.02397218
v 0.02014894 -0.00546826 -0.02386463
v 0.01434106 -0.00523241 -0.02375745
v 0.00906716 -0.00674239 -0.02366627
v 0.00918593 -0.00560874 -0.02366675
v 0.00484990 -0.00714247 -0.02355187
v 0.00481644 -0.00537082 -0.02356156
v 0.00254194 -0.00580329 -0.02351905
v 0.00157372 -0.00701111 -0.02348094
v -0.00051201 -0.00579956 -0.02343834
v -0.00457605 -0.00592343 -0.02333256
v -0.01153727 -0.00665255 -0.02317622
v -0.01039378 -0.00493527 -0.02321256
v -0.01309973 -0.00513091 -0.02317992
v -0.01765575 -0.00661812 -0.02308313
v -0.01748330 -0.00528570 -0.02311225
v -0.02238285 -0.00472067 -0.02306288
v -0.02499793 -0.00645310 -0.02298217
v -0.01721789 -0.00347368 -0.02312155
v -0.02003222 -0.00151392 -0.02310098
v -0.02413459 0.00048259 -0.02306066
v -0.02709129 -0.00173401 -0.02302373
v -0.02659435 0.00427628 -0.02303302
v -0.03022911 0.00048308 -0.02301087
v -0.03080142 -0.00464108 -0.02298311
v -0.03403364 -0.00019472 -0.02298706
v -0.03846469 -0.00300416 -0.02292822
v -0.03510039 0.00211912 -0.02298488
v -0.03748848 0.00461671 -0.02296045
v -0.04048585 0.00447772 -0.02288721
v -0.04039500 -0.00379666 -0.02287402
v -0.03409142 -0.00473628 -0.02294573
v -0.02548117 -0.00521560 -0.02301212
v -0.03783208 0.00899903 -0.02291914
v -0.04051481 0.00782283 -0.02285582
v -0.04040542 0.01130592 -0.02285772
v -0.03806397 0.01177750 -0.02291831
v -0.04042696 0.01213160 -0.02285843
v -0.03176278 0.00351662 -0.02300770
v -0.03208945 0.00787202 -0.02296621
v -0.03315632 0.01143481 -0.02295117
v -0.02676448 0.00972903 -0.02297201
v -0.02568355 0.01178789 -0.02298436
v -0.02125810 0.01181889 -0.02302187
v -0.02089133 0.00915990 -0.02302785
v -0.02354753 0.00695108 -0.02303492
v -0.02123845 0.00394775 -0.02308794
v -0.01924856 0.00124021 -0.02310970
v -0.01554462 0.00444612 -0.02312082
v -0.01000954 0.00419509 -0.02316700
v -0.01124598 -0.00112934 -0.02318439
v -0.00873810 -0.00102457 -0.02322285
v -0.00512704 -0.00243298 -0.02329788
v -0.00605831 0.00110433 -0.02325598
v -0.00434013 0.00388628 -0.02325470
v 0.00041891 0.00074776 -0.02338594
v -0.00203193 -0.00177446 -0.02335997
v 0.00387169 -0.00161947 -0.02349356
v 0.00476480 0.00101776 -0.02347514
v 0.01200900 -0.00318782 -0.02367837
v 0.00988685 -0.00028147 -0.02358888
v 0.01661650 -0.00139851 -0.02372202
v 0.02137861 0.00040466 -0.02376053
v 0.02452449 -0.00318130 -0.02389926
v 0.02949339 -0.00225066 -0.02397464
v 0.02445427 0.00217831 -0.02377914
v 0.03119832 0.00211653 -0.02393192
v 0.03330259 -0.00024508 -0.02401398
v 0.03723555 0.00635505 -0.02398130
v 0.03922914 0.00254189 -0.02408617
v 0.03689992 -0.00013630 -0.02407446
v 0.03477045 -0.00348888 -0.02408239
v 0.04047898 -0.00213163 -0.02415289
v 0.04509466 -0.00238789 -0.02423675
v 0.04990699 -0.00130740 -0.02431155
v 0.04371814 0.00157552 -0.02417684
v 0.04925233 0.00280826 -0.02426044
v 0.05212929 0.00423611 -0.02429385
v 0.05406720 0.00117165 -0.02436145
v 0.05233577 -0.00323972 -0.02436771
v 0.05696302 0.00078227 -0.02439735
v 0.05871921 -0.00269810 -0.02441503
v 0.06485783 -0.00174544 -0.02443781
v 0.06846237 -0.00462966 -0.02443892
v 0.06939514 0.00018156 -0.02444465
v 0.06491435 0.00253944 -0.02443817
v 0.06272255 0.00349930 -0.02442849
v 0.06989028 0.00458344 -0.02445404
v 0.07020207 0.00901945 -0.02444552
v 0.06649816 0.00986018 -0.02443216
v 0.06173734 0.00694008 -0.02441205
v 0.05837009 0.00793525 -0.02438323
v 0.05637050 0.00495816 -0.02436665
v 0.05600283 0.00842661 -0.02433360
v 0.05240424 0.01012587 -0.02422465
v 0.04803263 0.00535253 -0.02420602
v 0.04698891 0.00974098 -0.02411146
v 0.04347079 0.00630351 -0.02409074
v 0.04005785 0.00548255 -0.02405369
v 0.04343618 0.00885731 -0.02402524
v 0.04104929 0.01064187 -0.02391192
v 0.03591481 0.00844206 -0.02387958
v 0.03166515 0.00689613 -0.02383686
v 0.03119004 0.01094838 -0.02369705
v 0.02673352 0.00861067 -0.02367716
v 0.02617776 0.01089358 -0.02360142
v 0.02046962 0.01085595 -0.02342073
v 0.02124665 0.00682331 -0.02359008
v 0.01636456 0.00796204 -0.02346793
v 0.01548175 0.01084085 -0.02335252
v 0.01123784 0.00821884 -0.02339889
v 0.01567777 0.00555836 -0.02353249
v 0.01010987 0.00585100 -0.02345452
v 0.00787494 0.00868392 -0.02333849
v 0.00546243 0.00572976 -0.02338446
v 0.00398890 0.00878129 -0.02326900
v -0.00105558 0.00885269 -0.02320690
v 0.00016104 0.00460164 -0.02332145
v -0.00276085 0.00673296 -0.02323191
v -0.00701215 0.00763707 -0.02315970
v -0.01117165 0.00920501 -0.02306577
v -0.01045396 0.01090864 -0.02307195
v -0.00521314 0.01098498 -0.02315589
v -0.00152155 0.01100917 -0.02318158
v 0.00548369 0.01080697 -0.02324184
v -0.00482564 0.01190358 -0.02313880
v -0.01016898 0.01185283 -0.02305743
v 0.00631807 0.01188820 -0.02320261
v -0.01654025 0.01115553 -0.02303905
v 0.00640534 0.00353501 -0.02345675
v 0.01191553 0.00227340 -0.02356761
v 0.00941487 0.01085888 -0.02330064
v 0.01920657 0.00377184 -0.02364040
v 0.02793193 0.00412836 -0.02381633
v 0.03593460 0.01061201 -0.02379633
v 0.03220535 0.01188391 -0.02366549
v 0.02642679 0.01186527 -0.02355090
v 0.02045823 0.01190361 -0.02335266
v 0.03798269 0.01185146 -0.02376601
v 0.03994167 0.01210802 -0.02379315
v 0.04406416 0.01184701 -0.02390946
v 0.04454257 0.01105024 -0.02397442
v 0.05556180 0.01141087 -0.02427430
v 0.05739904 0.01047188 -0.02431067
v 0.06240969 0.00980265 -0.02439440
v 0.06180606 0.01137033 -0.02433575
v 0.06539813 0.01179021 -0.02438287
v 0.06996279 0.01178745 -0.02441852
v 0.07211090 0.01174023 -0.02440611
v 0.07197330 0.00963404 -0.02442991
v 0.07018957 -0.00382208 -0.02444009
v -0.01924038 0.00658173 -0.02307309
v 0.01758894 0.01248197 -0.00407491
v 0.02244432 0.01231502 -0.00406845
v 0.02179772 0.01280059 -0.00406995
v 0.02581975 0.01287314 -0.00411521
v 0.02664833 0.01259155 -0.00413620
v 0.02851829 0.01292423 -0.00406637
v 0.01478683 0.01269383 -0.00401864
v 0.01501275 0.01236321 -0.00401927
v 0.02875092 0.01256055 -0.00411918
v 0.02879498 0.01233960 -0.00409024
v 0.02720138 0.01234321 -0.00409385
v 0.02032992 0.01231910 -0.00405224
v 0.02212742 0.01305961 -0.00416547
v 0.01716697 0.01305015 -0.00415892
v 0.01408494 0.01305319 -0.00411936
v 0.02554958 0.01305732 -0.00419503
v 0.02891817 0.01307265 -0.00409450
v 0.01469476 0.01231638 -0.00383299
v 0.01168365 0.01234174 -0.00382421
v 0.00988586 0.01305620 -0.00408219
v 0.00928686 0.01231190 -0.00386390
v 0.00909602 0.01265561 -0.00383820
v 0.00925027 0.01308082 -0.00398659
v 0.02886749 0.01272838 -0.00392629
v 0.00911152 0.01234958 -0.00379283
v 0.01959426 0.01268600 0.00418912
v 0.02208897 0.01229272 0.00417508
v 0.01544613 0.01229545 0.00415422
v 0.01513799 0.01266603 0.00415278
v 0.02566725 0.01281227 0.00423205
v 0.02606350 0.01229750 0.00422738
v 0.02877943 0.01261869 0.00423411
v 0.02877979 0.01239260 0.00422855
v 0.02852390 0.01292003 0.00420511
v 0.01632682 0.01304322 0.00425140
v 0.02615054 0.01305509 0.00428588
v 0.02853640 0.01307718 0.00423908
v 0.01159277 0.01303033 0.00420718
v 0.01147532 0.01274011 0.00414723
v 0.00974442 0.01304505 0.00426075
v 0.01095205 0.01241042 0.00416757
v 0.00936114 0.01237325 0.00431272
v 0.01517628 0.01224878 0.00398193
v 0.01139932 0.01229303 0.00399462
v 0.02899005 0.01307844 0.00405821
v 0.00928081 0.01272601 0.00417058
v 0.00925279 0.01305916 0.00418577
v 0.02895679 0.01271890 0.00084636
v 0.02897726 0.01243812 -0.00291207
v 0.02896265 0.01230976 -0.00036198
v 0.02894187 0.01279870 -0.00318617
v 0.02897477 0.01243644 0.00343322
v 0.02894220 0.01281948 0.00374430
v 0.02899005 0.01307844 0.00405821
v 0.02902162 0.01306793 -0.00346274
v 0.02907035 0.01306767 0.00125231
v 0.02886749 0.01272838 -0.00392629
v 0.02879498 0.01233960 -0.00409024
v 0.02884370 0.01235971 -0.00316410
v 0.02891817 0.01307265 -0.00409450
v 0.02877943 0.01261869 0.00423411
v 0.02882693 0.01236116 0.00371518
v 0.02877979 0.01239260 0.00422855
v 0.02875092 0.01256055 -0.00411918
v 0.00923471 0.01225323 0.00128768
v 0.00928090 0.01269809 0.00011499
v 0.00917244 0.01291205 0.00293687
v 0.00912404 0.01259030 0.00340102
v 0.00924735 0.01222497 -0.00041735
v 0.00916755 0.01306885 0.00364677
v 0.00919256 0.01305465 0.00021849
v 0.00913785 0.01229617 0.00402317
v 0.00914407 0.01305677 -0.00358353
v 0.00909602 0.01265561 -0.00383820
v 0.00911152 0.01234958 -0.00379283
v 0.00925027 0.01308082 -0.00398659
v 0.00928081 0.01272601 0.00417058
v 0.00925279 0.01305916 0.00418577
v 0.00929930 0.01226686 0.00414653
v 0.00936114 0.01237325 0.00431272
v -0.04631211 -0.00774482 0.02164602
v -0.04580742 -0.00790770 0.02191027
v -0.04558293 -0.00779481 0.02252255
v -0.04579461 -0.00826525 0.02082810
v -0.04537452 -0.00801912 0.02208265
v -0.04545345 -0.00835362 0.02120483
v -0.04437614 -0.00802900 0.02296521
v -0.04466685 -0.00782689 0.02324018
v -0.04380663 -0.00787269 0.02364123
v -0.04346698 -0.00798237 0.02345179
v -0.04411310 -0.00762491 0.02382732
v -0.04550591 -0.00761144 0.02286144
v -0.04215262 -0.00800211 0.02359007
v -0.04234437 -0.00785520 0.02396552
v -0.04055207 -0.00800450 0.02371361
v -0.04026762 -0.00783954 0.02413556
v -0.03821509 -0.00786942 0.02415885
v -0.03762522 -0.00808540 0.02370533
v -0.03324766 -0.00807983 0.02374681
v -0.03282594 -0.00786030 0.02416997
v -0.03093785 -0.00837887 0.02322434
v -0.03060401 -0.00785396 0.02421515
v -0.02714903 -0.00781878 0.02421714
v -0.02380752 -0.00836250 0.02323353
v -0.02461895 -0.00782874 0.02422446
v -0.02086400 -0.00776560 0.02420172
v -0.03673607 -0.00837201 0.02324577
v -0.02094746 -0.00830908 0.02327044
v -0.01736084 -0.00805367 0.02375289
v -0.01633272 -0.00831128 0.02331654
v -0.01830939 -0.00781777 0.02420104
v -0.01299081 -0.00772411 0.02415845
v -0.04246090 -0.00760647 0.02437005
v -0.04311978 -0.00763946 0.02415307
v -0.04066830 -0.00831465 0.02321517
v -0.00910951 -0.00828007 0.02331931
v -0.01066261 -0.00772792 0.02414255
v -0.00756940 -0.00774523 0.02414336
v -0.00521172 -0.00826037 0.02328039
v -0.00305981 -0.00771083 0.02414690
v 0.00168841 -0.00789888 0.02386810
v -0.00009406 -0.00827958 0.02325582
v 0.00575518 -0.00826783 0.02327183
v 0.00729038 -0.00789353 0.02383395
v 0.01057607 -0.00821646 0.02324368
v 0.01065288 -0.00841371 0.02282539
v 0.01421821 -0.00821213 0.02323787
v 0.01571199 -0.00839759 0.02282443
v 0.01895710 -0.00815106 0.02328132
v 0.00581869 -0.00845377 0.02290991
v 0.02154874 -0.00836916 0.02285883
v 0.01387892 -0.00787963 0.02378914
v 0.01827544 -0.00786397 0.02375821
v 0.02447869 -0.00828454 0.02286952
v 0.02240558 -0.00781436 0.02369672
v 0.00518040 -0.00861173 0.02294354
v 0.00099397 -0.00860636 0.02294766
v 0.02552000 -0.00772147 0.02365056
v 0.02817497 -0.00771747 0.02361406
v 0.02849086 -0.00826122 0.02284615
v -0.04292135 -0.00827015 0.02319102
v 0.00257051 -0.00769986 0.02412840
v 0.00639149 -0.00768010 0.02410043
v 0.02853191 -0.00787169 0.02335363
v 0.03129485 -0.00824265 0.02282852
v -0.04330294 -0.00841102 0.02292437
v 0.03331369 -0.00785841 0.02326752
v 0.03153866 -0.00843632 0.02255010
v 0.03633739 -0.00806486 0.02288033
v 0.03753123 -0.00784104 0.02319996
v 0.03963845 -0.00793699 0.02286671
v 0.04297934 -0.00772754 0.02314970
v 0.04275360 -0.00787129 0.02291120
v 0.04519647 -0.00782844 0.02282446
v 0.03932198 -0.00826690 0.02246120
v 0.03629251 -0.00834969 0.02252005
v 0.04333492 -0.00825262 0.02243781
v -0.04408880 -0.00842276 0.02259593
v -0.04143485 -0.00751446 0.02448679
v -0.03918464 -0.00766351 0.02435703
v -0.04486396 -0.00820155 0.02228724
v -0.04511910 -0.00855019 0.02159016
v 0.04555377 -0.00821967 0.02244381
v -0.03301629 -0.00763640 0.02436801
v -0.03052519 -0.00756993 0.02440971
v -0.04498190 -0.00757489 0.02333207
v 0.04795994 -0.00823679 0.02228884
v 0.04762575 -0.00795387 0.02259712
v 0.04990832 -0.00794743 0.02252889
v -0.00205414 -0.00861210 0.02298518
v -0.00573893 -0.00862024 0.02298895
v -0.04596361 -0.00756683 0.02241260
v 0.04653558 -0.00765240 0.02287276
v 0.04999994 -0.00764822 0.02282389
v 0.05248919 -0.00796276 0.02249182
v 0.05354329 -0.00765190 0.02280682
v 0.04417987 -0.00776073 0.02298848
v 0.00734397 -0.00752791 0.02407432
v -0.03865325 -0.00742750 0.02450707
v 0.00967095 -0.00754888 0.02402248
v 0.04626111 -0.00738615 0.02305684
v 0.04375299 -0.00756151 0.02314930
v -0.02561274 -0.00748022 0.02440039
v 0.02859593 -0.00751352 0.02355754
v 0.03102019 -0.00752335 0.02344547
v 0.01260395 -0.00754718 0.02398957
v -0.02126260 -0.00749588 0.02433938
v 0.01572395 -0.00755222 0.02391512
v -0.03207547 -0.00738388 0.02447676
v 0.03460081 -0.00751804 0.02336714
v 0.03799006 -0.00757797 0.02325719
v -0.01163251 -0.00756768 0.02419598
v 0.04667218 -0.00713627 0.02301917
v 0.02073096 -0.00752571 0.02381620
v 0.04855281 -0.00716236 0.02296201
v 0.05186952 -0.00721434 0.02290216
v -0.02644292 -0.00730860 0.02444462
v -0.04323687 -0.00727465 0.02420033
v -0.04382047 -0.00728231 0.02401037
v 0.06027635 -0.00723536 0.02284718
v -0.02294435 -0.00716756 0.02437813
v 0.06314141 -0.00766811 0.02277961
v 0.06936710 -0.00729528 0.02281004
v 0.07065852 -0.00767652 0.02276406
v -0.00433526 -0.00714746 0.02420107
v 0.00082515 -0.00715295 0.02417367
v -0.02037431 -0.00708094 0.02435633
v -0.01537539 -0.00713562 0.02428260
v -0.01056749 -0.00713006 0.02421613
v 0.07151736 -0.00737643 0.02276645
v 0.07245330 -0.00764105 0.02271372
v 0.03904150 -0.00719946 0.02324154
v 0.00528387 -0.00695581 0.02412882
v -0.04192637 -0.00691117 0.02445541
v -0.04597093 -0.00758620 -0.02065323
v -0.04556113 -0.00763475 -0.02104789
v -0.04630135 -0.00761161 -0.02020747
v -0.04595671 -0.00778112 -0.02039172
v -0.04497815 -0.00781912 -0.02127686
v -0.04682101 -0.00767387 -0.01909590
v -0.04635767 -0.00783730 -0.01944018
v -0.04493991 -0.00800114 -0.02063187
v -0.04588755 -0.00795101 -0.01958324
v -0.04550233 -0.00798354 -0.02000594
v -0.04611991 -0.00801658 -0.01863106
v -0.04436146 -0.00798900 -0.02109319
v -0.04395442 -0.00794748 -0.02146156
v -0.04648244 -0.00790303 -0.01803538
v -0.04691549 -0.00776527 -0.01771188
v -0.04689824 -0.00779603 -0.01309794
v -0.04703002 -0.00777098 -0.01198233
v -0.04660816 -0.00789121 -0.01306955
v -0.04670958 -0.00789039 -0.01003789
v -0.04707795 -0.00777337 -0.00774802
v -0.04678618 -0.00791390 -0.00636643
v -0.04715443 -0.00776805 -0.00206451
v -0.04682681 -0.00792089 -0.00143078
v -0.04726650 -0.00760530 -0.01713199
v -0.04673209 -0.00793040 0.00181223
v -0.04706793 -0.00777451 0.00429202
v -0.04673099 -0.00793985 0.00579182
v -0.04715668 -0.00775285 0.00886696
v -0.04682631 -0.00791997 0.00909655
v -0.04715934 -0.00777208 0.01453011
v -0.04680051 -0.00793625 0.01450431
v -0.04707831 -0.00777048 0.01873908
v -0.04673943 -0.00790805 0.01935094
v -0.04728779 -0.00758966 -0.01278986
v -0.04715271 -0.00759383 -0.01817251
v -0.04674254 -0.00781227 0.02051022
v -0.04629868 -0.00803565 0.02044949
v -0.04631211 -0.00774482 0.02164602
v -0.04619489 -0.00828522 0.01886207
v -0.04625582 -0.00823738 0.01807292
v -0.04723008 -0.00761621 0.01924212
v -0.04630674 -0.00827858 0.01429563
v -0.04632076 -0.00826774 0.00894480
v -0.04579461 -0.00826525 0.02082810
v -0.04596591 -0.00841480 0.01941872
v -0.04728562 -0.00759247 -0.00834548
v -0.04632598 -0.00818660 -0.00882087
v -0.04637011 -0.00822379 -0.00502758
v -0.04638094 -0.00822160 -0.00050870
v -0.04508000 -0.00802289 -0.02041560
v -0.04636777 -0.00819710 0.00288971
v -0.04633457 -0.00815630 -0.01286681
v -0.04625843 -0.00818599 -0.01531123
v -0.04731802 -0.00761047 0.01719226
v -0.04729794 -0.00760635 -0.00090995
v -0.04730818 -0.00758210 0.00691985
v -0.04618565 -0.00820790 -0.01793779
v -0.04698561 -0.00755624 -0.01891644
v -0.04696030 -0.00755760 0.02054234
v -0.04651209 -0.00760186 0.02156345
v -0.04048922 0.01384063 0.01496770
v -0.04053872 0.01390087 0.01780411
v -0.04047683 0.01380338 0.01408741
v -0.04200671 0.00481922 0.02446788
v -0.04200265 0.00020744 0.02445635
v -0.04025027 0.00227329 0.02449149
v -0.04012671 0.00666415 0.02448774
v -0.03816661 0.00046588 0.02450507
v -0.03778316 0.00655462 0.02449007
v -0.03579231 0.00401665 0.02448932
v -0.03277885 0.00577671 0.02446023
v -0.03484880 0.00057810 0.02449059
v -0.02909214 0.00657356 0.02443467
v -0.03073033 -0.00074951 0.02447624
v -0.02802220 0.00225174 0.02444729
v -0.02589556 -0.00171797 0.02444227
v -0.02455483 0.00166688 0.02440539
v -0.02192495 -0.00231716 0.02439546
v -0.02201314 0.00120314 0.02435788
v -0.01919159 0.00010332 0.02431772
v -0.01763434 -0.00443950 0.02432132
v -0.01488458 -0.00348328 0.02426533
v -0.01757588 0.00306759 0.02425788
v -0.01394929 0.00013100 0.02421458
v -0.01125695 -0.00049494 0.02417737
v -0.01056749 -0.00713006 0.02421613
v -0.01129739 0.00499528 0.02412426
v -0.00896169 0.00089923 0.02413506
v -0.00640244 0.00372440 0.02406735
v -0.00422409 -0.00046652 0.02409442
v -0.00284779 0.00468031 0.02399100
v -0.00007531 0.00169791 0.02399903
v 0.00256846 0.00239973 0.02393473
v 0.00060959 -0.00076780 0.02403392
v 0.00465225 -0.00187081 0.02399118
v 0.00664903 0.00166160 0.02386351
v 0.00886342 0.00027983 0.02383875
v 0.00969326 -0.00246131 0.02387872
v 0.01352524 0.00098587 0.02372561
v 0.01393868 -0.00180522 0.02378993
v 0.01783874 0.00066403 0.02365166
v 0.02017094 -0.00207125 0.02368255
v 0.02081287 0.00317540 0.02351392
v 0.02304584 -0.00213658 0.02359818
v 0.02478521 0.00263344 0.02342443
v 0.02714015 0.00129537 0.02340621
v 0.02569008 0.00552928 0.02331374
v 0.03079916 0.00235215 0.02330994
v 0.02999824 -0.00152834 0.02340977
v 0.03338592 0.00013380 0.02331365
v 0.03645793 0.00273412 0.02321170
v 0.03890818 0.00014802 0.02319765
v 0.04287063 0.00337406 0.02309941
v 0.04385667 -0.00072725 0.02311565
v 0.04759424 0.00241655 0.02303919
v 0.04863235 -0.00385119 0.02301853
v 0.04921703 -0.00049235 0.02301649
v 0.05252093 -0.00297205 0.02296497
v 0.05159461 -0.00526917 0.02295781
v 0.05438525 -0.00060239 0.02294677
v 0.04855281 -0.00716236 0.02296201
v 0.05186952 -0.00721434 0.02290216
v 0.05715591 -0.00554344 0.02289556
v 0.06269428 -0.00676042 0.02283121
v 0.06409405 -0.00442953 0.02286332
v 0.06936810 -0.00606646 0.02282471
v 0.06937280 -0.00145372 0.02284795
v 0.07072336 -0.00428712 0.02281454
v 0.07087505 0.00437982 0.02284096
v 0.06938553 0.00509332 0.02286460
v 0.06654473 0.00049965 0.02286946
v 0.06502439 0.00417214 0.02288223
v 0.05996580 0.00075679 0.02290183
v 0.06119117 -0.00208021 0.02288846
v 0.05889845 0.00330602 0.02290508
v 0.05640746 0.00055517 0.02292111
v 0.05670448 0.00442086 0.02292025
v 0.05151800 0.00607368 0.02297151
v 0.05686347 0.01077313 0.02289383
v 0.06222291 0.00856752 0.02288249
v 0.06526315 0.01095528 0.02287239
v 0.07021706 0.00832497 0.02283150
v 0.06941316 0.01099138 0.02283074
v 0.06790703 0.01172402 0.02283390
v 0.07034019 0.01210946 0.02280757
v 0.06538257 0.01217288 0.02284582
v 0.06394765 0.01170756 0.02286120
v 0.05621679 0.01178999 0.02286317
v 0.05137934 0.01095431 0.02295118
v 0.05118179 0.01176031 0.02292710
v 0.04338405 0.01152786 0.02296222
v 0.04463097 0.01065013 0.02298860
v 0.04090917 0.01100034 0.02300309
v 0.03676432 0.01231332 0.02296085
v 0.06572616 0.00658429 0.02287401
v 0.06177762 0.00601965 0.02289375
v 0.05155931 0.00880265 0.02295274
v 0.04447111 0.00551244 0.02305300
v 0.03811612 0.00585453 0.02312936
v 0.03595121 0.01117024 0.02306497
v 0.03430904 0.00708778 0.02316216
v 0.03166188 0.00476324 0.02323812
v 0.02960853 0.00816052 0.02319529
v 0.02584660 0.01074143 0.02318426
v 0.03079006 0.01125088 0.02310813
v 0.01998555 0.00837985 0.02339685
v 0.01657907 0.00342927 0.02359358
v 0.01736938 0.00668885 0.02348852
v 0.01314220 0.00441049 0.02363733
v 0.01242753 0.00749375 0.02356738
v 0.01586099 0.01025259 0.02340315
v 0.01053992 0.01038464 0.02350976
v 0.00527291 0.01076814 0.02361412
v 0.00697880 0.00788480 0.02367621
v 0.00776825 0.00461348 0.02375464
v 0.00417183 0.00653844 0.02378417
v 0.00088858 0.01062745 0.02371825
v 0.00022028 0.00659050 0.02387393
v -0.00257712 0.00855131 0.02390470
v -0.00356554 0.01087889 0.02385387
v 0.01986198 0.01043168 0.02333205
v 0.07151736 -0.00737643 0.02276645
v 0.06936710 -0.00729528 0.02281004
v 0.04461508 -0.00484410 0.02311083
v 0.04079719 -0.00462784 0.02319335
v 0.04009058 -0.00660750 0.02319792
v 0.04426127 -0.00667266 0.02310547
v 0.03407575 -0.00535439 0.02337430
v 0.03460081 -0.00751804 0.02336714
v 0.03102019 -0.00752335 0.02344547
v 0.02916990 -0.00538504 0.02350469
v 0.03430340 -0.00246741 0.02332730
v 0.02605003 -0.00180413 0.02350608
v 0.02500290 -0.00550790 0.02361794
v 0.02576070 -0.00699462 0.02361333
v 0.02869429 -0.00703581 0.02353318
v 0.02073096 -0.00752571 0.02381620
v 0.02000049 -0.00682445 0.02383593
v 0.02012519 -0.00461258 0.02377324
v 0.01454241 -0.00415099 0.02385788
v 0.01617959 -0.00663368 0.02390213
v 0.01213983 -0.00662573 0.02398666
v 0.00928455 -0.00564680 0.02400443
v 0.00528387 -0.00695581 0.02412882
v 0.00079392 -0.00332713 0.02408616
v -0.00198778 -0.00498287 0.02415071
v 0.00082515 -0.00715295 0.02417367
v -0.00433526 -0.00714746 0.02420107
v -0.00468774 -0.00366424 0.02414267
v -0.00917976 -0.00524155 0.02420209
v -0.00731707 -0.00210683 0.02414358
v -0.00653978 0.00817280 0.02400533
v -0.01492269 0.00768645 0.02414616
v -0.01986547 0.00751948 0.02426247
v -0.02301705 0.00454680 0.02434563
v -0.02616163 0.00591867 0.02439746
v -0.02502053 0.00810325 0.02433533
v -0.02668943 0.01059435 0.02432788
v -0.02248713 0.01044299 0.02424334
v -0.01898325 0.01072844 0.02417840
v -0.02770836 0.00910559 0.02437987
v -0.01561637 0.01080617 0.02407861
v -0.01330304 0.01083086 0.02402543
v -0.00910201 0.01076059 0.02396365
v -0.01537539 -0.00713562 0.02428260
v -0.02037431 -0.00708094 0.02435633
v -0.02337312 -0.00487766 0.02441184
v -0.02294435 -0.00716756 0.02437813
v -0.02679097 -0.00656086 0.02444769
v -0.02864072 -0.00314600 0.02446970
v -0.03178363 -0.00514865 0.02448357
v -0.03376049 -0.00675361 0.02447953
v -0.03686933 -0.00516269 0.02450877
v -0.03973606 -0.00674241 0.02449843
v -0.03864611 -0.00300477 0.02452287
v -0.03346177 0.01019752 0.02441862
v -0.03843169 0.01065781 0.02446642
v -0.04076369 0.01070868 0.02446953
v -0.04201907 0.01058564 0.02445792
v -0.04198515 -0.00410216 0.02447280
v -0.04192637 -0.00691117 0.02445541
v 0.01260395 -0.00754718 0.02398957
v 0.01572395 -0.00755222 0.02391512
v 0.00639149 -0.00768010 0.02410043
v 0.00734397 -0.00752791 0.02407432
v 0.00967095 -0.00754888 0.02402248
v 0.06027635 -0.00723536 0.02284718
v -0.02644292 -0.00730860 0.02444462
v -0.03207547 -0.00738388 0.02447676
v -0.03865325 -0.00742750 0.02450707
v 0.03904150 -0.00719946 0.02324154
v 0.04375299 -0.00756151 0.02314930
v 0.07195497 0.00998771 0.02275052
v 0.07214484 0.01217935 0.02273807
v 0.03799006 -0.00757797 0.02325719
v -0.03965629 0.01177688 0.02443765
v -0.04194145 0.01177725 0.02442179
v -0.02629686 0.01184113 0.02426120
v -0.03208770 0.01183915 0.02431986
v -0.03161182 0.01108724 0.02435396
v -0.03381827 0.01198876 0.02434740
v -0.02187705 0.01180663 0.02416248
v -0.01840038 0.01189984 0.02409188
v -0.04143485 -0.00751446 0.02448679
v 0.04667218 -0.00713627 0.02301917
v 0.02552000 -0.00772147 0.02365056
v 0.02363886 0.01232394 0.02314332
v 0.01611187 0.01222862 0.02329249
v 0.02012280 0.01224795 0.02323498
v 0.00070404 0.01169202 0.02366382
v 0.00636876 0.01176999 0.02352525
v 0.01248565 0.01223256 0.02336995
v 0.02817497 -0.00771747 0.02361406
v 0.07249809 0.00499412 0.02274971
v 0.07254069 0.01207730 0.02270216
v 0.07202472 -0.00185917 0.02275107
v 0.07245330 -0.00764105 0.02271372
v 0.02859593 -0.00751352 0.02355754
v 0.00257051 -0.00769986 0.02412840
v 0.06030559 0.01225128 0.02281522
v 0.05505789 0.01244092 0.02280403
v 0.07251491 -0.00027751 0.02271394
v -0.01429567 0.01177471 0.02396050
v -0.00390642 0.01188828 0.02377666
v -0.01022458 0.01188867 0.02388783
v 0.04229993 0.01229415 0.02289878
v 0.05094185 0.01225690 0.02288412
v 0.04626111 -0.00738615 0.02305684
v 0.00492432 0.01231516 0.02349459
v -0.00283355 0.01231999 0.02369045
v 0.01268795 0.01262773 0.02332470
v 0.00914451 0.01271353 0.02334891
v -0.01532564 0.01219505 0.02394914
v -0.01300246 0.01228717 0.02385618
v 0.01744830 0.01264075 0.02320302
v -0.01912207 0.01227706 0.02404944
v -0.01704200 0.01244473 0.02395275
v -0.00666426 0.01229686 0.02374908
v -0.04099570 0.01217042 0.02436263
v -0.04285439 0.01205928 0.02428141
v -0.04205975 0.01215372 0.02435196
v -0.04246090 -0.00760647 0.02437005
v -0.02252133 0.01225096 0.02408363
v -0.04330904 0.01161749 0.02421789
v 0.06365435 0.01250733 0.02274466
v 0.02437811 0.01261948 0.02306493
v 0.05037080 0.01251725 0.02282730
v 0.04018726 0.01259530 0.02283608
v 0.03178565 0.01264351 0.02294596
v -0.04290554 0.00684723 0.02428276
v -0.04320593 0.00402789 0.02422576
v -0.04291808 -0.00070235 0.02426364
v -0.04323687 -0.00727465 0.02420033
v 0.07289455 0.00602295 0.02265004
v 0.00487639 0.01264775 0.02340836
v 0.00099051 0.01268678 0.02346561
v 0.07309744 -0.00763288 0.02254434
v 0.07298427 0.00005029 0.02258968
v -0.04332216 -0.00174395 0.02416310
v -0.03206462 0.01216498 0.02422647
v -0.02700176 0.01217181 0.02417015
v -0.04359162 0.00765976 0.02410875
v -0.04412802 0.01215418 0.02387865
v -0.04390958 0.01162710 0.02403667
v 0.06989028 0.00458344 -0.02445404
v 0.07192903 0.00108667 -0.02439995
v 0.06939514 0.00018156 -0.02444465
v 0.07018957 -0.00382208 -0.02444009
v 0.07201314 -0.00466199 -0.02440934
v 0.07213635 0.00597624 -0.02441551
v 0.07020207 0.00901945 -0.02444552
v 0.07197330 0.00963404 -0.02442991
v 0.07100748 -0.00729849 -0.02438682
v 0.06626353 -0.00603196 -0.02440899
v 0.07190737 -0.00739378 -0.02436818
v 0.06846237 -0.00462966 -0.02443892
v 0.07232322 0.00100625 -0.02436278
v 0.07253059 -0.00723970 -0.02428675
v 0.07211090 0.01174023 -0.02440611
v 0.07322914 0.01112678 -0.02424603
v 0.07316374 0.00760606 -0.02426545
v 0.07319146 0.01190723 -0.02427079
v 0.07289155 -0.00471817 -0.02426953
v 0.07296039 0.00087071 -0.02425331
v 0.07336005 0.00152088 -0.02415353
v 0.07393525 0.01191864 -0.02406653
v 0.07363044 -0.00755767 -0.02398571
v 0.07353453 -0.00506260 -0.02408556
v 0.07199354 0.01202489 -0.02433720
v 0.06996279 0.01178745 -0.02441852
v -0.04042696 0.01213160 -0.02285843
v -0.04040542 0.01130592 -0.02285772
v -0.04206720 0.01208571 -0.02276299
v -0.04202031 0.00838144 -0.02276523
v -0.04051481 0.00782283 -0.02285582
v -0.04200315 0.00417833 -0.02279009
v -0.04048585 0.00447772 -0.02288721
v -0.04098256 0.00029008 -0.02285017
v -0.04198331 -0.00391021 -0.02278225
v -0.04039500 -0.00379666 -0.02287402
v -0.04068094 -0.00720158 -0.02283941
v -0.04199206 -0.00721761 -0.02278271
v -0.04236314 0.01160573 -0.02271885
v -0.04236181 0.00574452 -0.02271647
v -0.04233023 -0.00757357 -0.02272952
v -0.04235609 -0.00010503 -0.02271276
v -0.04335599 0.01209928 -0.02246220
v -0.04331881 -0.00013874 -0.02243543
v -0.04331373 0.00420060 -0.02245015
v -0.04334003 0.00723582 -0.02242857
v -0.04346035 0.01131625 -0.02240631
v -0.04292565 0.01261749 -0.02246044
v -0.04139138 0.01249808 -0.02271555
v -0.03815888 0.01225666 -0.02290391
v -0.03806397 0.01177750 -0.02291831
v -0.03219906 0.01188372 -0.02296872
v -0.03315632 0.01143481 -0.02295117
v -0.02568355 0.01178789 -0.02298436
v -0.03267889 0.01223108 -0.02294698
v -0.02518106 0.01223123 -0.02296631
v -0.02073122 0.01223999 -0.02300656
v -0.00896770 0.01230612 -0.02304944
v -0.02125810 0.01181889 -0.02302187
v -0.01016898 0.01185283 -0.02305743
v -0.00482564 0.01190358 -0.02313880
v 0.00134687 0.01227881 -0.02314414
v 0.00631807 0.01188820 -0.02320261
v 0.00732592 0.01226754 -0.02316003
v 0.01385754 0.01226396 -0.02321871
v 0.01430763 0.01209398 -0.02325460
v 0.01969581 0.01238111 -0.02327985
v 0.00941487 0.01085888 -0.02330064
v 0.02045823 0.01190361 -0.02335266
v 0.02046962 0.01085595 -0.02342073
v 0.01548175 0.01084085 -0.02335252
v 0.00548369 0.01080697 -0.02324184
v -0.00152155 0.01100917 -0.02318158
v 0.02327196 0.01224735 -0.02339026
v 0.02642679 0.01186527 -0.02355090
v 0.02818512 0.01227949 -0.02351789
v 0.03220535 0.01188391 -0.02366549
v 0.03930982 0.01231029 -0.02370061
v 0.03798269 0.01185146 -0.02376601
v 0.02524421 0.01252431 -0.02334822
v 0.03994167 0.01210802 -0.02379315
v 0.05064869 0.01181726 -0.02412093
v 0.05556180 0.01141087 -0.02427430
v 0.05240424 0.01012587 -0.02422465
v 0.04745157 0.01180303 -0.02405069
v 0.04698891 0.00974098 -0.02411146
v 0.04454257 0.01105024 -0.02397442
v 0.04347079 0.00630351 -0.02409074
v 0.05545258 0.01185589 -0.02424445
v 0.04406416 0.01184701 -0.02390946
v 0.06180606 0.01137033 -0.02433575
v 0.06185660 0.01182790 -0.02430209
v 0.06539813 0.01179021 -0.02438287
v 0.04403957 0.01215470 -0.02385905
v 0.03994167 0.01210802 -0.02379315
v 0.04795628 0.01222876 -0.02395582
v 0.05557398 0.01223671 -0.02411582
v 0.06200045 0.01210349 -0.02422506
v -0.01153727 -0.00665255 -0.02317622
v -0.00705212 -0.00754862 -0.02326919
v -0.01040006 -0.00758407 -0.02320975
v -0.01568647 -0.00770334 -0.02315458
v -0.01623259 -0.00738256 -0.02312457
v -0.01765575 -0.00661812 -0.02308313
v -0.01866315 -0.00706236 -0.02308182
v -0.02208202 -0.00705609 -0.02303059
v 0.05125003 -0.00697955 -0.02430245
v 0.05835397 -0.00747366 -0.02434076
v 0.05061529 -0.00751219 -0.02429379
v 0.04610028 -0.00754073 -0.02424963
v -0.02499793 -0.00645310 -0.02298217
v -0.02549362 -0.00699700 -0.02298079
v -0.03055758 -0.00704437 -0.02294087
v -0.02208202 -0.00705609 -0.02303059
v 0.00157372 -0.00701111 -0.02348094
v 0.00484990 -0.00714247 -0.02355187
v 0.00249909 -0.00748405 -0.02353499
v 0.00541346 -0.00773822 -0.02360682
v 0.00906716 -0.00674239 -0.02366627
v -0.00179966 -0.00754612 -0.02336729
v 0.00273275 -0.00768483 -0.02357409
v 0.06776496 0.01207934 -0.02432707
v 0.06996279 0.01178745 -0.02441852
v 0.06539813 0.01179021 -0.02438287
v 0.07372831 0.01211571 0.02238475
v 0.07254069 0.01207730 0.02270216
v 0.07372215 0.01104796 0.02236580
v 0.07332487 0.01245084 0.02240422
v -0.04322396 -0.00663808 -0.02245381
v -0.04233023 -0.00757357 -0.02272952
v -0.04303479 -0.00757844 -0.02257147
vt 0.34557378 0.44580889
vt 0.32806307 0.48055947
vt 0.30671653 0.47631490
vt 0.33002049 0.42293841
vt 0.30506119 0.43529403
vt 0.28592616 0.46785110
vt 0.28570402 0.41527420
vt 0.26201093 0.42825103
vt 0.24921662 0.40834689
vt 0.22715145 0.43521720
vt 0.24922647 0.38865405
vt 0.21942556 0.40479928
vt 0.23123644 0.36683595
vt 0.27203467 0.36419487
vt 0.28844342 0.37854934
vt 0.30648896 0.34669292
vt 0.32550216 0.37409008
vt 0.30637547 0.39772475
vt 0.35341871 0.38278222
vt 0.34568071 0.33637917
vt 0.32676756 0.34255350
vt 0.29571617 0.33127993
vt 0.26970646 0.34381807
vt 0.28134069 0.32338071
vt 0.24493600 0.33506262
vt 0.37509745 0.41317177
vt 0.37789974 0.45628422
vt 0.37482971 0.36976004
vt 0.36991939 0.33609217
vt 0.39120054 0.36394852
vt 0.40574756 0.41760886
vt 0.39939836 0.45336735
vt 0.43212813 0.44408107
vt 0.44071665 0.40206027
vt 0.41729584 0.37852645
vt 0.45721549 0.36773729
vt 0.47008300 0.40811503
vt 0.45042688 0.43214554
vt 0.47872180 0.45674103
vt 0.49973676 0.41065121
vt 0.50393057 0.45738322
vt 0.53898460 0.40348554
vt 0.49522433 0.37535214
vt 0.53501678 0.36583334
vt 0.52574599 0.35043693
vt 0.56689131 0.40388715
vt 0.55008966 0.43794429
vt 0.58489686 0.41327316
vt 0.57633197 0.44411814
vt 0.56880105 0.48862016
vt 0.53325510 0.48244470
vt 0.51528639 0.50992298
vt 0.55263948 0.51713109
vt 0.58187181 0.51860631
vt 0.54926336 0.54442489
vt 0.59403938 0.53792632
vt 0.60772568 0.50835550
vt 0.62154424 0.54035711
vt 0.59928763 0.55949712
vt 0.62965703 0.55495995
vt 0.62111259 0.57341981
vt 0.64241284 0.56614095
vt 0.64032155 0.58798259
vt 0.61555392 0.59097093
vt 0.59096098 0.57238954
vt 0.56279027 0.58984435
vt 0.65357298 0.57158899
vt 0.65106362 0.58500212
vt 0.65502340 0.54939997
vt 0.64335167 0.51739526
vt 0.65396720 0.51490092
vt 0.63077301 0.49504149
vt 0.64667547 0.46473348
vt 0.62850475 0.44382620
vt 0.59813297 0.46919429
vt 0.59704316 0.43615168
vt 0.61989433 0.41203094
vt 0.60585964 0.40760684
vt 0.59629852 0.36032093
vt 0.56917036 0.36925143
vt 0.56961572 0.34794223
vt 0.61561763 0.37557459
vt 0.62986898 0.36803842
vt 0.64451385 0.42074502
vt 0.64622748 0.39305466
vt 0.64379454 0.35303766
vt 0.63174742 0.32936156
vt 0.65783811 0.37910241
vt 0.65426838 0.42152399
vt 0.66056561 0.50544661
vt 0.66171378 0.42326230
vt 0.66085070 0.46583748
vt 0.66430485 0.35555941
vt 0.65924734 0.34923995
vt 0.64831620 0.32684052
vt 0.60790497 0.34049958
vt 0.43772393 0.48827529
vt 0.35720107 0.48271364
vt 0.41536739 0.49640596
vt 0.38369325 0.49855697
vt 0.39993042 0.53605121
vt 0.37532687 0.52983856
vt 0.41947097 0.52981764
vt 0.42435396 0.55767584
vt 0.44779551 0.51578844
vt 0.45510638 0.54077256
vt 0.46122104 0.47810090
vt 0.48489726 0.51661617
vt 0.50894773 0.54593551
vt 0.47146705 0.56558329
vt 0.54301590 0.56332719
vt 0.50774169 0.57290888
vt 0.54638571 0.57613504
vt 0.39602369 0.56539458
vt 0.34214917 0.52574819
vt 0.34960827 0.58127379
vt 0.36342248 0.55216992
vt 0.37590185 0.57596797
vt 0.31108090 0.54157525
vt 0.33042058 0.56024712
vt 0.29707688 0.50533330
vt 0.32444859 0.50706387
vt 0.25745818 0.45852220
vt 0.19690482 0.37136006
vt 0.21357667 0.34541744
vt 0.18209939 0.40007311
vt 0.20047487 0.42338419
vt 0.16656113 0.43082291
vt 0.13046741 0.45240033
vt 0.14061153 0.42178881
vt 0.15561602 0.47300637
vt 0.18646444 0.47576940
vt 0.20802926 0.46466541
vt 0.23258549 0.47032750
vt 0.21454191 0.50255847
vt 0.25730658 0.49691010
vt 0.24644777 0.53001338
vt 0.22348753 0.53631729
vt 0.25356966 0.56196326
vt 0.23913653 0.56736338
vt 0.22183649 0.58214223
vt 0.28067049 0.53133488
vt 0.27670529 0.56162983
vt 0.30130309 0.56240183
vt 0.31601885 0.58179498
vt 0.29291734 0.57776892
vt 0.32306990 0.59277815
vt 0.28560969 0.59197181
vt 0.36752418 0.59355116
vt 0.27447742 0.57550669
vt 0.21091086 0.54947180
vt 0.18259920 0.52242190
vt 0.18379228 0.55866891
vt 0.14230275 0.52763480
vt 0.10862044 0.53503728
vt 0.12826656 0.55133253
vt 0.15535669 0.56136262
vt 0.18701193 0.57909888
vt 0.15949845 0.59222633
vt 0.09770565 0.56459707
vt 0.13309796 0.57601684
vt 0.04369945 0.55277091
vt 0.08981249 0.55472040
vt 0.05153907 0.57238799
vt 0.09086328 0.57715291
vt 0.05251513 0.59260708
vt 0.01215172 0.56686616
vt 0.02669293 0.57640404
vt 0.01328375 0.51090562
vt 0.02041982 0.53420967
vt 0.01316008 0.45236301
vt 0.02192113 0.46854687
vt 0.01176191 0.40201503
vt 0.02183989 0.42533696
vt 0.00739632 0.33547676
vt 0.01592251 0.34994125
vt 0.00382206 0.35378790
vt 0.02654125 0.39076269
vt 0.03570820 0.36460996
vt 0.04811484 0.38382274
vt 0.03082280 0.34714556
vt 0.05906288 0.36541092
vt 0.02533693 0.32815242
vt 0.01820896 0.32353997
vt 0.05160963 0.33482701
vt 0.05618909 0.34483922
vt 0.02976403 0.31853068
vt 0.05016663 0.32367152
vt 0.10141145 0.34153306
vt 0.14169112 0.34843898
vt 0.12123115 0.37309885
vt 0.13210595 0.33516252
vt 0.16445157 0.32015407
vt 0.15949044 0.33350444
vt 0.20430838 0.32894486
vt 0.19361983 0.31561249
vt 0.18135388 0.34718144
vt 0.17182235 0.37466818
vt 0.18588611 0.33337545
vt 0.22472918 0.32435894
vt 0.30995148 0.32471019
vt 0.41155034 0.34494495
vt 0.43298975 0.34326589
vt 0.40247992 0.31773818
vt 0.45338649 0.32817864
vt 0.39702344 0.32841051
vt 0.36920157 0.31721979
vt 0.44721651 0.31810284
vt 0.46406439 0.31606042
vt 0.49430019 0.33228141
vt 0.49310622 0.31638443
vt 0.51715297 0.31685799
vt 0.52337843 0.33477753
vt 0.54160690 0.32104558
vt 0.56226683 0.31699407
vt 0.55924600 0.33424133
vt 0.46325085 0.33760130
vt 0.48394352 0.35367584
vt 0.50096399 0.34620547
vt 0.58319408 0.33065325
vt 0.59257770 0.31744951
vt 0.63696992 0.31765735
vt 0.33989257 0.31692266
vt 0.30561769 0.31614810
vt 0.28433549 0.31622899
vt 0.24726805 0.32323360
vt 0.24999106 0.31575161
vt 0.10680243 0.32565880
vt 0.15043676 0.31589401
vt 0.07642014 0.32136303
vt 0.00330533 0.39440477
vt 0.00295006 0.44423854
vt 0.00288719 0.47122574
vt 0.00277509 0.49946833
vt 0.00231033 0.55409473
vt 0.00432818 0.57121712
vt 0.01917206 0.59043419
vt 0.02701308 0.59729534
vt 0.12680535 0.59216535
vt 0.08283336 0.59592927
vt 0.21889724 0.59498382
vt 0.19206700 0.59330952
vt 0.25066864 0.59196967
vt 0.14530779 0.37717986
vt 0.11386564 0.42053056
vt 0.10118852 0.40563905
vt 0.10125034 0.44762790
vt 0.07399747 0.46526617
vt 0.06483264 0.42930388
vt 0.03885077 0.43495083
vt 0.05225806 0.40583408
vt 0.08121822 0.39579475
vt 0.09162692 0.36164141
vt 0.04441027 0.47059900
vt 0.02745038 0.50129843
vt 0.03802347 0.52299738
vt 0.06944449 0.53396356
vt 0.08912388 0.50311428
vt 0.06555019 0.49889046
vt 0.10860773 0.49426699
vt 0.12887844 0.48994458
vt 0.39839947 0.59088707
vt 0.43813437 0.59171391
vt 0.48701450 0.59069824
vt 0.51417655 0.59189296
vt 0.57615626 0.57963860
vt 0.13058499 0.31631166
vt 0.10606896 0.31680679
vt 0.05207273 0.31782675
vt 0.26768163 0.59621882
vt 0.35184491 0.59728968
vt 0.39942807 0.59767526
vt 0.64501923 0.59345698
vt 0.65999615 0.57283974
vt 0.66056073 0.53367543
vt 0.11933600 0.59827042
vt 0.19260472 0.59794748
vt 0.00220490 0.34702772
vt 0.01468573 0.59458822
vt 0.00703296 0.58781654
vt 0.00378543 0.58061111
vt 0.07120042 0.59777015
vt 0.39801267 0.59469247
vt 0.43272576 0.59521711
vt 0.50459141 0.59548920
vt 0.55715436 0.59385240
vt 0.61445868 0.59470171
vt 0.15526105 0.31526899
vt 0.01056940 0.32520390
vt 0.64334381 0.31596172
vt 0.66251326 0.33208442
vt 0.65978068 0.32571971
vt 0.65395463 0.31985831
vt 0.33822942 0.31408608
vt 0.38900930 0.31477249
vt 0.00093559 0.45902610
vt 0.00669060 0.32962215
vt 0.65638739 0.58512253
vt 0.66393423 0.49716848
vt 0.66465807 0.40501332
vt 0.29226804 0.59873408
vt 0.66299593 0.56708723
vt 0.00161743 0.56950170
vt 0.66478086 0.52796948
vt 0.47387853 0.59840828
vt 0.43656114 0.59875631
vt 0.00162035 0.39409292
vt 0.30325368 0.31285679
vt 0.27767217 0.31313801
vt 0.25055173 0.31371379
vt 0.20358163 0.31405145
vt 0.65284032 0.59072161
vt 0.56498104 0.31511164
vt 0.00044964 0.54940236
vt 0.21915857 0.59836090
vt 0.25502843 0.59892404
vt 0.01835470 0.32028151
vt 0.51591814 0.31468028
vt 0.56179523 0.59661669
vt 0.35791212 0.59914649
vt 0.19435394 0.59889907
vt 0.36090112 0.31306404
vt 0.66480887 0.34218454
vt 0.49749509 0.59781164
vt 0.51627874 0.59670568
vt 0.47096834 0.31393933
vt 0.44821891 0.31427300
vt 0.66591728 0.35784084
vt 0.00418894 0.33400357
vt 0.66014630 0.58265454
vt 0.66256541 0.57679075
vt 0.66395503 0.56955761
vt 0.40795839 0.59957129
vt 0.66512537 0.49660677
vt 0.66572124 0.42739147
vt 0.63848174 0.59436816
vt 0.65693957 0.58746189
vt 0.29869962 0.59975570
vt 0.35915777 0.59984750
vt 0.59105098 0.59587407
vt 0.65148115 0.31797898
vt 0.01002447 0.59203857
vt 0.00233756 0.34005398
vt 0.13823500 0.31545496
vt 0.02491250 0.31828904
vt 0.52344018 0.59788650
vt 0.56518936 0.59767169
vt 0.64911669 0.59359848
vt 0.25106779 0.31280172
vt 0.21022211 0.31304854
vt 0.61956114 0.59626549
vt 0.63942885 0.59550267
vt 0.44436386 0.59990108
vt 0.65726656 0.32169855
vt 0.07358372 0.31680977
vt 0.27839911 0.31243455
vt 0.30023730 0.31206727
vt 0.21920271 0.59990108
vt 0.01869671 0.59720105
vt 0.02545179 0.59806806
vt 0.00920897 0.32495379
vt 0.31232920 0.26390761
vt 0.33721688 0.26845205
vt 0.31755587 0.27118659
vt 0.28690654 0.26257187
vt 0.29199323 0.26919401
vt 0.27176884 0.26808137
vt 0.30545625 0.27760732
vt 0.32234624 0.27881134
vt 0.34186605 0.27803266
vt 0.36428893 0.27165228
vt 0.35560551 0.27781785
vt 0.38190445 0.27825546
vt 0.29244819 0.27805483
vt 0.25232047 0.27694225
vt 0.38514599 0.26550627
vt 0.39449060 0.27577090
vt 0.35916823 0.26288939
vt 0.33566791 0.26196015
vt 0.41134328 0.27906984
vt 0.42419040 0.27254319
vt 0.41301262 0.28131378
vt 0.24828537 0.26677001
vt 0.14540620 0.26044387
vt 0.16705506 0.26601326
vt 0.16633511 0.27782857
vt 0.21138722 0.27720785
vt 0.20314918 0.26952767
vt 0.20675594 0.26289821
vt 0.24917078 0.25515258
vt 0.28299099 0.25503969
vt 0.17297153 0.25730872
vt 0.20647679 0.25601065
vt 0.16366291 0.25953662
vt 0.33561969 0.25434345
vt 0.37271297 0.25372481
vt 0.40051842 0.26499367
vt 0.51698577 0.25994951
vt 0.53946859 0.26057172
vt 0.53981435 0.27086598
vt 0.55997747 0.26492953
vt 0.47242957 0.27331471
vt 0.51079506 0.26630002
vt 0.49633130 0.27484721
vt 0.51709336 0.27435738
vt 0.49686107 0.25803745
vt 0.47818744 0.25601721
vt 0.44471475 0.26413453
vt 0.44598392 0.27458715
vt 0.42104131 0.25405192
vt 0.46905118 0.25367737
vt 0.40016603 0.25248200
vt 0.50323361 0.28257692
vt 0.53151584 0.28196186
vt 0.43312189 0.28156942
vt 0.47497585 0.28327179
vt 0.55906522 0.28025031
vt 0.57565385 0.27932739
vt 0.57526702 0.26656961
vt 0.58944243 0.27777982
vt 0.59377038 0.26622814
vt 0.60416955 0.27847505
vt 0.62106687 0.26839507
vt 0.63100976 0.28028840
vt 0.63519847 0.27123773
vt 0.63992059 0.27756047
vt 0.59425163 0.28330135
vt 0.14159231 0.27765024
vt 0.13931830 0.26211727
vt 0.11496896 0.28143108
vt 0.58249700 0.28380513
vt 0.11162675 0.26320094
vt 0.08858455 0.27782398
vt 0.10571184 0.27323788
vt 0.09441252 0.28238106
vt 0.13271900 0.28433210
vt 0.16240658 0.28104615
vt 0.13226278 0.28217888
vt 0.42329341 0.28448480
vt 0.19851789 0.28046811
vt 0.56723565 0.28314102
vt 0.55526835 0.28332520
vt 0.07190941 0.27444768
vt 0.24544828 0.27942514
vt 0.05946488 0.28230441
vt 0.05501870 0.27558994
vt 0.04210950 0.28001082
vt 0.07298318 0.28805763
vt 0.04261591 0.28675467
vt 0.03007685 0.28205013
vt 0.12462362 0.28793287
vt 0.17749462 0.28148794
vt 0.02856233 0.28796613
vt 0.03246145 0.29123259
vt 0.62226278 0.28688049
vt 0.07315388 0.29120636
vt 0.07669309 0.29273522
vt 0.08676580 0.29102319
vt 0.38097227 0.28207147
vt 0.63404274 0.28625786
vt 0.15264294 0.28836823
vt 0.60247856 0.28816855
vt 0.32072425 0.28128588
vt 0.28619748 0.28123200
vt 0.64945269 0.27830964
vt 0.64619470 0.28636885
vt 0.20502879 0.28358352
vt 0.17800063 0.28880405
vt 0.20064467 0.28825748
vt 0.25632530 0.28745419
vt 0.22483972 0.28788197
vt 0.28546968 0.28688192
vt 0.58533370 0.28844368
vt 0.52440435 0.28417373
vt 0.39185873 0.28487521
vt 0.63225043 0.28849769
vt 0.62071007 0.28928638
vt 0.34875485 0.28307778
vt 0.02348651 0.29122323
vt 0.12103023 0.29084873
vt 0.02022340 0.28171575
vt 0.04062617 0.29383248
vt 0.06554636 0.29413128
vt 0.15133511 0.29111683
vt 0.65348923 0.28585953
vt 0.65708590 0.27923048
vt 0.64538586 0.28916222
vt 0.47821561 0.28566635
vt 0.35058600 0.28734350
vt 0.31981930 0.28730035
vt 0.37409306 0.28688753
vt 0.05630676 0.27468807
vt 0.10021266 0.26356328
vt 0.08782133 0.26759458
vt 0.02042663 0.26629925
vt 0.02952201 0.27019143
vt 0.03834955 0.27581996
vt 0.56558615 0.28874874
vt 0.43018642 0.28733170
vt 0.39118224 0.28972226
vt 0.65648508 0.26707286
vt 0.64615506 0.26805830
vt 0.64424056 0.27161592
vt 0.64066905 0.26828736
vt 0.12948491 0.26054639
vt 0.02876308 0.29383296
vt 0.01836912 0.28338850
vt 0.02719066 0.26077503
vt 0.03455742 0.27028894
vt 0.01993207 0.25796396
vt 0.02578212 0.24381024
vt 0.01887238 0.23370802
vt 0.02429861 0.21395111
vt 0.02009661 0.14599699
vt 0.02221867 0.17094564
vt 0.01788388 0.16924316
vt 0.01746685 0.13040900
vt 0.02735066 0.13549644
vt 0.02364406 0.10465902
vt 0.01658680 0.10847318
vt 0.01609197 0.09573203
vt 0.02029421 0.06629044
vt 0.01596346 0.06608927
vt 0.55339992 0.26285797
vt 0.02700352 0.07552505
vt 0.02753310 0.05881172
vt 0.58693278 0.26507562
vt 0.02627766 0.19178480
vt 0.03189938 0.16501755
vt 0.03163412 0.19777805
vt 0.06460740 0.27348882
vt 0.07253487 0.27138031
vt 0.03154669 0.25451171
vt 0.03111035 0.23586029
vt 0.02414685 0.05115610
vt 0.03239540 0.05497730
vt 0.01488237 0.05272061
vt 0.01570928 0.04225844
vt 0.03056683 0.09969318
vt 0.03089179 0.11614519
vt 0.03212531 0.14231229
vt 0.03886415 0.27284765
vt 0.64890516 0.26222259
vt 0.65002191 0.24689716
vt 0.64528388 0.26008189
vt 0.64527994 0.23989952
vt 0.65240216 0.22899085
vt 0.64551622 0.22341371
vt 0.64928550 0.20261866
vt 0.64483017 0.19197506
vt 0.65817142 0.20384264
vt 0.65535724 0.18953401
vt 0.64893973 0.18886030
vt 0.64834297 0.14009309
vt 0.65814602 0.14106101
vt 0.65488940 0.15749907
vt 0.64820969 0.15864867
vt 0.65747333 0.11708152
vt 0.64770824 0.11408424
vt 0.65694112 0.09503770
vt 0.65001601 0.09220922
vt 0.65638721 0.07594407
vt 0.64976120 0.07019210
vt 0.64395195 0.08910668
vt 0.64389509 0.07454193
vt 0.65912926 0.22663051
vt 0.64387619 0.14073765
vt 0.64255309 0.11321044
vt 0.64059371 0.09849232
vt 0.49098918 0.25621855
vt 0.66012025 0.18566108
vt 0.62997371 0.26671767
vt 0.62044686 0.26588392
vt 0.45481068 0.25182891
vt 0.65263665 0.04696476
vt 0.64814568 0.05288857
vt 0.64333785 0.06528950
vt 0.01430633 0.12616491
vt 0.01386182 0.16567737
vt 0.01592361 0.20940566
vt 0.01710821 0.25761789
vt 0.64073634 0.21152461
vt 0.65629441 0.05509079
vt 0.03108415 0.07445377
vt 0.03254329 0.06008977
vt 0.64084101 0.26569867
vt 0.66028768 0.09570897
vt 0.66008079 0.11458945
vt 0.65981150 0.07269377
vt 0.51079625 0.25830346
vt 0.02926502 0.04248655
vt 0.02706191 0.03238767
vt 0.04318053 0.03952318
vt 0.06704563 0.04336917
vt 0.04420216 0.04550922
vt 0.03723484 0.04482424
vt 0.03724303 0.03245980
vt 0.06234366 0.03341806
vt 0.08557971 0.03451234
vt 0.08316679 0.04566377
vt 0.10524618 0.04712445
vt 0.10613207 0.03263742
vt 0.12159589 0.04127425
vt 0.17558610 0.03710908
vt 0.20745061 0.03805590
vt 0.17414097 0.04057539
vt 0.15363175 0.03095585
vt 0.15340568 0.04228747
vt 0.12413954 0.03178936
vt 0.17721473 0.04875022
vt 0.11816478 0.04758370
vt 0.13220271 0.05007869
vt 0.15305692 0.05209357
vt 0.17057109 0.05330217
vt 0.19769558 0.05179262
vt 0.23849158 0.03869069
vt 0.23311253 0.04797417
vt 0.21981582 0.04118013
vt 0.25266773 0.04793257
vt 0.26936564 0.03746617
vt 0.27588978 0.04792005
vt 0.28862908 0.04195553
vt 0.21870500 0.05399126
vt 0.29046604 0.04799080
vt 0.30137977 0.04753429
vt 0.34214509 0.04185528
vt 0.33617860 0.04717278
vt 0.30893254 0.03861362
vt 0.36202654 0.04605228
vt 0.33873555 0.03864968
vt 0.36356041 0.03726006
vt 0.31833005 0.03652823
vt 0.28926203 0.03702366
vt 0.18906787 0.05606467
vt 0.20118593 0.05894291
vt 0.22412334 0.06156260
vt 0.25393969 0.06078523
vt 0.25434193 0.05617678
vt 0.36342853 0.05376554
vt 0.27388406 0.05953377
vt 0.29077145 0.05472934
vt 0.30434939 0.05509645
vt 0.33465371 0.05354816
vt 0.33735022 0.05928755
vt 0.36197913 0.05835062
vt 0.18697077 0.03103811
vt 0.20114332 0.03330815
vt 0.21188287 0.02992749
vt 0.21426766 0.02966326
vt 0.23456480 0.03297353
vt 0.25243279 0.03675324
vt 0.37768111 0.05222726
vt 0.38630778 0.04727447
vt 0.38726518 0.05802435
vt 0.42401868 0.05038518
vt 0.44978616 0.05080986
vt 0.47389215 0.05652493
vt 0.45656464 0.05943537
vt 0.47488502 0.04896212
vt 0.42899293 0.05990201
vt 0.44968826 0.04349494
vt 0.42168605 0.04326004
vt 0.39167458 0.04403460
vt 0.47689977 0.03603125
vt 0.42888781 0.03357625
vt 0.38590506 0.03459966
vt 0.50986022 0.05365086
vt 0.50277340 0.04751205
vt 0.52992356 0.04803437
vt 0.53215593 0.05198085
vt 0.55044574 0.03223783
vt 0.56502014 0.03721809
vt 0.55322927 0.04000127
vt 0.52127004 0.03495920
vt 0.56713414 0.04969352
vt 0.55993479 0.05010790
vt 0.58606410 0.04655260
vt 0.58966374 0.03500044
vt 0.60994202 0.03917289
vt 0.60903734 0.03234476
vt 0.62948436 0.03659225
vt 0.62550294 0.03272682
vt 0.64124358 0.03321755
vt 0.58416188 0.04945958
vt 0.62428164 0.04329956
vt 0.59568197 0.04606622
vt 0.61780030 0.04486430
vt 0.58242917 0.03057706
vt 0.62021899 0.02872407
vt 0.64181513 0.02108812
vt 0.50055981 0.05573767
vt 0.03235106 0.04819870
vt 0.64681417 0.04467237
vt 0.64740705 0.03022110
vt 0.64152199 0.04198354
vt 0.64241379 0.04630929
vt 0.63570648 0.04248577
vt 0.39276484 0.06074435
vt 0.01146300 0.07528269
vt 0.00903031 0.10292971
vt 0.64327860 0.05566204
vt 0.01649940 0.03256315
vt 0.09223099 0.03182876
vt 0.49320182 0.03297371
vt 0.65716439 0.04270160
vt 0.54269683 0.03172511
vt 0.64247906 0.23665935
vt 0.24235786 0.02864212
vt 0.63758618 0.07061779
vt 0.65978456 0.25725555
vt 0.07089888 0.04576737
vt 0.13619223 0.05184257
vt 0.60282415 0.02214617
vt 0.64076173 0.19134933
vt 0.64049375 0.15964413
vt 0.63925469 0.14004225
vt 0.05749860 0.03129673
vt 0.08827941 0.02915037
vt 0.09745381 0.02955878
vt 0.12254608 0.04998648
vt 0.66088831 0.15287662
vt 0.30615851 0.05962723
vt 0.29148492 0.05931312
vt 0.23080137 0.25354600
vt 0.63672954 0.04622668
vt 0.46525052 0.03340834
vt 0.65641272 0.03044015
vt 0.26268452 0.03045011
vt 0.26256379 0.02869081
vt 0.30879840 0.03015375
vt 0.26489884 0.03239614
vt 0.29169506 0.03330141
vt 0.66214210 0.20701027
vt 0.64274108 0.26030993
vt 0.01169521 0.13191640
vt 0.34752515 0.03294688
vt 0.66296190 0.10343063
vt 0.66155207 0.06284004
vt 0.08444078 0.04709721
vt 0.03364534 0.21054047
vt 0.03450347 0.24598801
vt 0.03460689 0.25881767
vt 0.56040329 0.02505714
vt 0.58126575 0.02106309
vt 0.65133822 0.02039987
vt 0.34245059 0.02901107
vt 0.37690786 0.03163189
vt 0.42283514 0.03132975
vt 0.45730698 0.03052533
vt 0.00890788 0.07280403
vt 0.20902270 0.06153172
vt 0.11272004 0.26144022
vt 0.03025533 0.02545995
vt 0.01699186 0.02617997
vt 0.66223997 0.23466516
vt 0.66052681 0.26786911
vt 0.63857770 0.11159730
vt 0.01306816 0.20678914
vt 0.01385550 0.24136245
vt 0.11620627 0.02977610
vt 0.63873845 0.05854070
vt 0.10346634 0.04964447
vt 0.05519392 0.02608567
vt 0.03373879 0.18800002
vt 0.52673459 0.25811017
vt 0.55196965 0.02265841
vt 0.56488407 0.02139825
vt 0.01270643 0.03251958
vt 0.63702315 0.04914194
vt 0.00883893 0.04676241
vt 0.10492666 0.26114345
vt 0.59848291 0.04856372
vt 0.66392821 0.16560727
vt 0.03443364 0.10459095
vt 0.60835803 0.26409233
vt 0.66078067 0.27855122
vt 0.19379877 0.25467527
vt 0.33133891 0.02656972
vt 0.29214060 0.02750659
vt 0.37815073 0.02809674
vt 0.38939586 0.02645886
vt 0.53883427 0.02275980
vt 0.51282012 0.02413934
vt 0.48697662 0.02495784
vt 0.46543279 0.02507943
vt 0.56535387 0.26301062
vt 0.59590071 0.02027291
vt 0.61709881 0.01869136
vt 0.64129180 0.01869750
vt 0.02288956 0.02209646
vt 0.60381013 0.04633689
vt 0.07047605 0.02439654
vt 0.36508611 0.06077313
vt 0.33583900 0.06164634
vt 0.30859831 0.06189263
vt 0.65644079 0.02243721
vt 0.66582108 0.20191759
vt 0.66662145 0.24272823
vt 0.01592462 0.26779521
vt 0.25117677 0.25298321
vt 0.66490608 0.13625878
vt 0.00963913 0.16786587
vt 0.14679053 0.05365282
vt 0.15789370 0.25827247
vt 0.00859470 0.13200581
vt 0.25865030 0.06326813
vt 0.22266428 0.06379241
vt 0.66122741 0.04187775
vt 0.48135859 0.05811560
vt 0.66216779 0.03045827
vt 0.50301200 0.25602835
vt 0.63679117 0.09834301
vt 0.01287521 0.02458459
vt 0.00917550 0.03285378
vt 0.03613123 0.12200773
vt 0.04301982 0.02205026
vt 0.51754302 0.05503863
vt 0.52916920 0.05450737
vt 0.66445482 0.05674022
vt 0.66655922 0.08351767
vt 0.28569463 0.06269377
vt 0.65929228 0.28663123
vt 0.54841101 0.26079118
vt 0.01009959 0.20924753
vt 0.09268612 0.26353163
vt 0.64073664 0.24295223
vt 0.34505862 0.02512431
vt 0.57533723 0.05185592
vt 0.56180376 0.05210823
vt 0.19477132 0.05915999
vt 0.17825106 0.05593377
vt 0.03660216 0.26748931
vt 0.01673755 0.02111793
vt 0.64063781 0.23750186
vt 0.48166531 0.25295699
vt 0.63833451 0.17049414
vt 0.07009493 0.02127761
vt 0.66651714 0.16682732
vt 0.03520588 0.22238374
vt 0.01833778 0.29204786
vt 0.63456398 0.04937047
vt 0.03522722 0.05163199
vt 0.43884769 0.02560169
vt 0.41760099 0.02612859
vt 0.03700015 0.16448045
vt 0.03729815 0.18290782
vt 0.03774223 0.20991784
vt 0.05226290 0.17715901
vt 0.03799224 0.12414461
vt 0.06151861 0.13379109
vt 0.05220599 0.11276847
vt 0.05476432 0.07439327
vt 0.03739665 0.07411593
vt 0.03749197 0.05844116
vt 0.05621633 0.06075829
vt 0.09134454 0.10748398
vt 0.08610342 0.13964909
vt 0.08096075 0.16007578
vt 0.06290375 0.18669087
vt 0.11065440 0.13799000
vt 0.11406600 0.18567455
vt 0.09386662 0.19857186
vt 0.10833870 0.20883638
vt 0.11378035 0.22890162
vt 0.13554791 0.18245047
vt 0.13240744 0.14869404
vt 0.15209520 0.16773742
vt 0.14898968 0.21221322
vt 0.17630988 0.18633831
vt 0.17745914 0.15533280
vt 0.19309537 0.15846992
vt 0.19466466 0.18954635
vt 0.21083102 0.17247152
vt 0.21120945 0.15128118
vt 0.23336227 0.15475810
vt 0.24721453 0.18618411
vt 0.22430792 0.18892360
vt 0.21169247 0.20606518
vt 0.23334242 0.19796050
vt 0.24750529 0.21353459
vt 0.24852651 0.16904664
vt 0.25945681 0.18355852
vt 0.24935691 0.13054556
vt 0.21874344 0.12993908
vt 0.22171128 0.10618889
vt 0.19963333 0.12419313
vt 0.19616088 0.10907036
vt 0.17177914 0.13528675
vt 0.16914345 0.11312562
vt 0.16462670 0.08631623
vt 0.14057443 0.08712995
vt 0.14755598 0.07573801
vt 0.11149767 0.08159232
vt 0.13782163 0.07372522
vt 0.12085271 0.07066941
vt 0.11011730 0.06904459
vt 0.07562301 0.07744837
vt 0.09842289 0.06796759
vt 0.07009781 0.06355965
vt 0.14743400 0.12636387
vt 0.13182215 0.11206353
vt 0.20130239 0.09100384
vt 0.23023380 0.09396380
vt 0.25262156 0.10942185
vt 0.03996288 0.21614319
vt 0.05631195 0.24332231
vt 0.04732652 0.23820740
vt 0.07615967 0.20021695
vt 0.09252115 0.23762470
vt 0.11812890 0.24531996
vt 0.10453325 0.24826247
vt 0.14164104 0.23447669
vt 0.13671328 0.24411708
vt 0.15539642 0.24131846
vt 0.16196623 0.23786700
vt 0.17771028 0.21542048
vt 0.26024961 0.21144038
vt 0.28459197 0.22554952
vt 0.24283877 0.23062003
vt 0.32775208 0.18413699
vt 0.37002173 0.19862956
vt 0.32820842 0.20599151
vt 0.36708272 0.18222123
vt 0.29790848 0.20318425
vt 0.31273329 0.22111094
vt 0.37096193 0.21279669
vt 0.43434280 0.22482955
vt 0.45923820 0.22867560
vt 0.43444389 0.22801495
vt 0.45153552 0.20915866
vt 0.43678412 0.20767754
vt 0.43836594 0.18418461
vt 0.41984466 0.20218480
vt 0.42174011 0.16693038
vt 0.40427172 0.18334574
vt 0.41350457 0.15140307
vt 0.44570979 0.15933645
vt 0.45832402 0.17998254
vt 0.47093663 0.16446447
vt 0.46883661 0.18799084
vt 0.46849009 0.20813119
vt 0.47999567 0.19084430
vt 0.49564785 0.20210022
vt 0.49511138 0.22146201
vt 0.52228069 0.22689265
vt 0.52653551 0.20721775
vt 0.54618591 0.20878035
vt 0.55654830 0.22071987
vt 0.53975052 0.24044669
vt 0.56405526 0.23476571
vt 0.55179536 0.24108863
vt 0.57244796 0.24022436
vt 0.56660497 0.24302423
vt 0.57861382 0.24645483
vt 0.56836873 0.22355676
vt 0.60162455 0.22672641
vt 0.57712775 0.17211837
vt 0.56130928 0.17140877
vt 0.56872344 0.12734270
vt 0.55625629 0.14187139
vt 0.54783314 0.16997278
vt 0.54175621 0.14334548
vt 0.52516299 0.18157786
vt 0.51852381 0.15009171
vt 0.49682513 0.18046147
vt 0.49308437 0.15905726
vt 0.47592285 0.14178777
vt 0.45487529 0.14023668
vt 0.45166668 0.11857831
vt 0.42190495 0.12496275
vt 0.48669800 0.12407452
vt 0.50859010 0.13584673
vt 0.51225746 0.11519969
vt 0.53780031 0.11430091
vt 0.48368549 0.11028373
vt 0.49932927 0.09784681
vt 0.55340707 0.10088480
vt 0.59126580 0.18705785
vt 0.59958589 0.16231108
vt 0.61507595 0.19421744
vt 0.62110126 0.23098183
vt 0.62864238 0.19679058
vt 0.63253433 0.22464895
vt 0.62156224 0.24773121
vt 0.59015256 0.24839288
vt 0.61503798 0.15639162
vt 0.60294193 0.13213462
vt 0.63216531 0.19521952
vt 0.62743849 0.15557677
vt 0.62766737 0.13505137
vt 0.62521720 0.10991257
vt 0.58633804 0.12959111
vt 0.40073261 0.19574857
vt 0.38708839 0.17090279
vt 0.38844454 0.20181614
vt 0.36675629 0.11728793
vt 0.39529148 0.12073565
vt 0.38771272 0.13469398
vt 0.39365253 0.10471851
vt 0.36836088 0.10363567
vt 0.32401860 0.11392367
vt 0.36059415 0.12818575
vt 0.28034538 0.13126785
vt 0.27949187 0.10934544
vt 0.26440170 0.12080669
vt 0.25436538 0.09215951
vt 0.28242016 0.09605932
vt 0.31108636 0.10561335
vt 0.33192492 0.09598362
vt 0.36240807 0.09425974
vt 0.32919008 0.08799219
vt 0.30914867 0.08479851
vt 0.28269261 0.08866864
vt 0.36711383 0.08299291
vt 0.38320431 0.08201778
vt 0.26112297 0.13042128
vt 0.29896927 0.13107085
vt 0.36886364 0.13074630
vt 0.38985604 0.09044755
vt 0.39622495 0.08285981
vt 0.41665775 0.08227366
vt 0.42855859 0.09898001
vt 0.41820326 0.11164403
vt 0.45610034 0.09507656
vt 0.45240033 0.08104193
vt 0.50765002 0.07415366
vt 0.52132338 0.08715272
vt 0.50373083 0.08574957
vt 0.48249903 0.07605523
vt 0.53864193 0.07666916
vt 0.52384043 0.07117897
vt 0.53711265 0.06811398
vt 0.55558634 0.06491768
vt 0.56085384 0.07623094
vt 0.57266384 0.06189227
vt 0.57947493 0.06842077
vt 0.57851201 0.07638860
vt 0.59401178 0.07428277
vt 0.59601015 0.09981185
vt 0.57704300 0.10517681
vt 0.62030470 0.09210443
vt 0.48101756 0.07798839
vt 0.37085792 0.13462007
vt 0.37014902 0.17833221
vt 0.37215286 0.18445110
vt 0.39294007 0.22164023
vt 0.40213099 0.22887009
vt 0.38714811 0.22909236
vt 0.36718920 0.22303784
vt 0.34176844 0.22235227
vt 0.27799189 0.18425369
vt 0.26708099 0.20094436
vt 0.26502964 0.18423319
vt 0.22268854 0.23118323
vt 0.19616231 0.22683930
vt 0.19581759 0.23484397
vt 0.17294011 0.23794276
vt 0.07392095 0.23727643
vt 0.08131316 0.25132191
vt 0.05905206 0.26108146
vt 0.06780824 0.26002812
vt 0.09391961 0.25145316
vt 0.36974317 0.18170094
vt 0.58997899 0.24410170
vt 0.60349673 0.07689971
vt 0.61227626 0.07166034
vt 0.52324533 0.23861265
vt 0.50878036 0.23640728
vt 0.49932340 0.23559713
vt 0.49124727 0.23363435
vt 0.47837397 0.23122549
vt 0.26181290 0.16565609
vt 0.63800770 0.24583602
vt 0.63265443 0.25373745
vt 0.07645561 0.25699419
vt 0.46753988 0.07881325
vt 0.04816467 0.05855674
vt 0.63159579 0.13279426
vt 0.63214058 0.15933734
vt 0.63032216 0.09202027
vt 0.03872063 0.25151813
vt 0.04118156 0.26413238
vt 0.62172920 0.08043551
vt 0.61998367 0.06125933
vt 0.63108349 0.06115317
vt 0.60594839 0.25124335
vt 0.16481495 0.07667887
vt 0.22302176 0.08641213
vt 0.20119843 0.08387935
vt 0.18782920 0.08128744
vt 0.17761296 0.07912296
vt 0.08710016 0.06572127
vt 0.08530715 0.25484133
vt 0.60435420 0.06149614
vt 0.59140652 0.06000948
vt 0.24576829 0.08593869
vt 0.27255437 0.08475202
vt 0.03528380 0.07061231
vt 0.06583417 0.06128472
vt 0.63558030 0.21760577
vt 0.63756180 0.22815710
vt 0.31363213 0.22961771
vt 0.27370527 0.23059803
vt 0.35780054 0.23008573
vt 0.34265187 0.23055124
vt 0.62092042 0.25188798
vt 0.63474387 0.18021899
vt 0.61765969 0.05180609
vt 0.63593990 0.25311100
vt 0.63301992 0.05228019
vt 0.63408667 0.05588913
vt 0.63439888 0.06269723
vt 0.63305831 0.07864672
vt 0.63447487 0.08257884
vt 0.63495821 0.11042422
vt 0.33133855 0.18292159
vt 0.35703927 0.18209088
vt 0.63364726 0.11922562
vt 0.26207083 0.13227093
vt 0.26255086 0.18315256
vt 0.63404197 0.14860094
vt 0.16778803 0.24011135
vt 0.63683671 0.19993287
vt 0.04998939 0.26352924
vt 0.60492969 0.05499047
vt 0.59924906 0.05501115
vt 0.63551909 0.14162791
vt 0.63596290 0.16519284
vt 0.59240365 0.05604470
vt 0.13175285 0.24591279
vt 0.58229250 0.05842018
vt 0.26159850 0.13622391
vt 0.63702589 0.25700969
vt 0.62838852 0.25454432
vt 0.63838178 0.25610036
vt 0.30670837 0.08199781
vt 0.33390561 0.08138967
vt 0.51264524 0.07218605
vt 0.52741104 0.06904233
vt 0.03483715 0.05826765
vt 0.32588103 0.13056624
vt 0.34260947 0.13046712
vt 0.36539835 0.13023794
vt 0.60784590 0.05136180
vt 0.21563086 0.23362935
vt 0.56653905 0.24395174
vt 0.55425227 0.24309790
vt 0.36962903 0.15695882
vt 0.36947069 0.13325226
vt 0.07571199 0.06210268
vt 0.09906366 0.06664389
vt 0.43377236 0.08021826
vt 0.03879418 0.26317352
vt 0.05953356 0.26346660
vt 0.22969393 0.23294288
vt 0.25341088 0.23236114
vt 0.28045142 0.23260784
vt 0.31525511 0.23152655
vt 0.08144706 0.06398189
vt 0.20576973 0.08327353
vt 0.22692618 0.08467740
vt 0.35793483 0.08107185
vt 0.59905589 0.05243152
vt 0.14937079 0.24346137
vt 0.53945106 0.06639200
vt 0.55932575 0.06287253
vt 0.15830569 0.07469308
vt 0.59543753 0.25078142
vt 0.46435201 0.23044527
vt 0.19087468 0.23691273
vt 0.37185833 0.08140779
vt 0.27786723 0.08263600
vt 0.24741048 0.08397597
vt 0.03744937 0.05549753
vt 0.04362690 0.05548185
vt 0.50280619 0.07285202
vt 0.07870202 0.25753176
vt 0.47793937 0.23291028
vt 0.20445403 0.23603052
vt 0.08007180 0.26794845
vt 0.61276549 0.25346959
vt 0.54428661 0.05217272
vt 0.56446618 0.06120396
vt 0.51142383 0.06507355
vt 0.18519153 0.03027201
vt 0.20972747 0.02658707
vt 0.28614303 0.25299841
vt 0.62085479 0.04621917
vt 0.18026488 0.07846063
vt 0.01108557 0.24440229
vt 0.01224737 0.26915407
vt 0.52066886 0.06968355
vt 0.65537900 0.28852212
vt 0.38995638 0.25046980
vt 0.37042663 0.25090986
vt 0.08549682 0.02135313
vt 0.09851436 0.02333409
vt 0.66539568 0.04259920
vt 0.15451895 0.02870321
vt 0.34525377 0.25120831
vt 0.33328414 0.25161564
vt 0.39414024 0.08119106
vt 0.45121485 0.23100179
vt 0.66683924 0.26855659
vt 0.66650289 0.27654970
vt 0.04089982 0.26684654
vt 0.03623051 0.25658071
vt 0.03588739 0.24064106
vt 0.03929334 0.26835239
vt 0.05758180 0.26799405
vt 0.13902660 0.07267845
vt 0.05746486 0.05805063
vt 0.53747147 0.29103446
vt 0.63820344 0.20367920
vt 0.08931458 0.29274780
vt 0.52074856 0.01770580
vt 0.54705125 0.01827776
vt 0.47881970 0.01965332
vt 0.44446328 0.06190908
vt 0.39577526 0.06259161
vt 0.66692096 0.13899654
vt 0.64102054 0.26050353
vt 0.64002246 0.26190782
vt 0.63407803 0.26034904
vt 0.01324467 0.28411716
vt 0.51743186 0.23937827
vt 0.16484314 0.05674815
vt 0.10699479 0.24989748
vt 0.17897090 0.23972309
vt 0.66436064 0.28087211
vt 0.48776916 0.23580778
vt 0.36207452 0.29312629
vt 0.60457152 0.29028845
vt 0.63001907 0.01486766
vt 0.57594681 0.01625586
vt 0.24890071 0.02587062
vt 0.62531054 0.25770062
vt 0.44195610 0.01843518
vt 0.41752440 0.01879179
vt 0.03147879 0.01998609
vt 0.00665268 0.07929838
vt 0.48835599 0.29212368
vt 0.26706409 0.29618049
vt 0.24105427 0.29641396
vt 0.31177640 0.29564875
vt 0.28468263 0.29571313
vt 0.05703579 0.04834056
vt 0.07224948 0.05601573
vt 0.58696932 0.29145944
vt 0.53609258 0.29455227
vt 0.50641960 0.29546463
vt 0.48157656 0.29596090
vt 0.56684107 0.29268026
vt 0.43354607 0.24902737
vt 0.17103133 0.02180821
vt 0.19207250 0.02298671
vt 0.14588676 0.02215070
vt 0.11592218 0.02070826
vt 0.65989596 0.02155727
vt 0.50218511 0.23874676
vt 0.56082404 0.25350517
vt 0.58356267 0.26005721
vt 0.61793011 0.05033481
vt 0.58790416 0.05122054
vt 0.60633707 0.04819447
vt 0.19406940 0.07892090
vt 0.43614730 0.23290348
vt 0.41762522 0.23417193
vt 0.02305455 0.29535532
vt 0.11957811 0.24883598
vt 0.39152315 0.29613566
vt 0.47785094 0.01688910
vt 0.66871029 0.20136362
vt 0.64392018 0.01494092
vt 0.14570540 0.25795352
vt 0.65361464 0.01705766
vt 0.42683890 0.29050839
vt 0.45776191 0.29309255
vt 0.42621687 0.29604900
vt 0.37732413 0.06351793
vt 0.35779020 0.06359410
vt 0.33479562 0.07046378
vt 0.31557211 0.07059091
vt 0.61619252 0.25577116
vt 0.59604228 0.25462586
vt 0.57473856 0.24943751
vt 0.56026149 0.24512947
vt 0.54770970 0.25584304
vt 0.00877278 0.02478522
vt 0.46029437 0.29593670
vt 0.08099499 0.05350327
vt 0.12681782 0.05741990
vt 0.10372104 0.05729538
vt 0.10163566 0.06423593
vt 0.15804948 0.24281281
vt 0.29807428 0.02334774
vt 0.06992015 0.26435292
vt 0.16942428 0.01706070
vt 0.09585433 0.01986438
vt 0.21099670 0.29631680
vt 0.18784311 0.29646981
vt 0.00534704 0.04382378
vt 0.36404464 0.02344918
vt 0.39122924 0.01965463
vt 0.34265637 0.29615033
vt 0.36894256 0.29596400
vt 0.19838479 0.02057910
vt 0.21645880 0.02105993
vt 0.25415900 0.02122599
vt 0.09219556 0.25327790
vt 0.45547670 0.24887598
vt 0.46125272 0.23958892
vt 0.47899228 0.24502170
vt 0.51103616 0.24846876
vt 0.18028593 0.25333756
vt 0.18792699 0.06449574
vt 0.16831036 0.06146121
vt 0.16616949 0.29659772
vt 0.14032051 0.29662555
vt 0.12968054 0.29410541
vt 0.00757105 0.20378006
vt 0.00697212 0.16670752
vt 0.00919629 0.22107953
vt 0.00596271 0.10322136
vt 0.04035673 0.29806674
vt 0.02904972 0.29735905
vt 0.46596685 0.06058925
vt 0.66972977 0.18568730
vt 0.54269236 0.01491672
vt 0.66929871 0.14036214
vt 0.67023790 0.25340819
vt 0.23053442 0.25053477
vt 0.20419259 0.25169420
vt 0.08189157 0.26183569
vt 0.54513198 0.25104904
vt 0.53471094 0.24391329
vt 0.00635050 0.12961614
vt 0.32579237 0.02336484
vt 0.34823781 0.23335904
vt 0.19632833 0.01706350
vt 0.20352566 0.07607281
vt 0.16450633 0.07208699
vt 0.13852742 0.24680257
vt 0.13468592 0.06406492
vt 0.12700494 0.06896490
vt 0.25607720 0.06592727
vt 0.25600654 0.07209891
vt 0.22596021 0.08022338
vt 0.29788446 0.07064795
vt 0.06329150 0.01832527
vt 0.36380890 0.01414084
vt 0.35338748 0.01687640
vt 0.59500486 0.01325983
vt 0.37757978 0.24120259
vt 0.46701533 0.07714683
vt 0.44496328 0.07567573
vt 0.30895460 0.07994473
vt 0.11635285 0.29529214
vt 0.02034203 0.01582968
vt 0.02698885 0.01713485
vt 0.49218306 0.06115174
vt 0.00867807 0.24449217
vt 0.00881580 0.27175379
vt 0.00803108 0.28394163
vt 0.37452173 0.23068690
vt 0.16036077 0.25515819
vt 0.07501488 0.29887980
vt 0.10322364 0.29830152
vt 0.05289290 0.29909694
vt 0.13026783 0.29959261
vt 0.12321249 0.01719856
vt 0.25572488 0.07970023
vt 0.28108424 0.07896376
vt 0.31037703 0.07740760
vt 0.35550117 0.07721221
vt 0.33459434 0.07767612
vt 0.35928467 0.07022327
vt 0.34001219 0.24328864
vt 0.29002362 0.24418813
vt 0.30810842 0.24997419
vt 0.40207434 0.24599439
vt 0.37430996 0.23556590
vt 0.39622861 0.23468786
vt 0.31066868 0.23429972
vt 0.29188451 0.23435956
vt 0.27254426 0.25042999
vt 0.26064888 0.23527914
vt 0.23021445 0.23848975
vt 0.39599031 0.06680334
vt 0.01162103 0.29249513
vt 0.56687266 0.01324761
vt 0.00367993 0.03268147
vt 0.00436925 0.02606148
vt 0.20547694 0.24558628
vt 0.27584365 0.23483187
vt 0.50616556 0.01527607
vt 0.66571891 0.28849244
vt 0.44653514 0.06603658
vt 0.41559476 0.01464945
vt 0.38953972 0.01372617
vt 0.44939035 0.01346326
vt 0.33959448 0.01353854
vt 0.33078358 0.01774269
vt 0.67241377 0.26993263
vt 0.09041378 0.25674587
vt 0.09870891 0.25487453
vt 0.29189548 0.02061349
vt 0.29908177 0.01479518
vt 0.65215254 0.29625970
vt 0.12339757 0.25706363
vt 0.14119171 0.25349754
vt 0.16017468 0.25064266
vt 0.04252139 0.01489031
vt 0.66900939 0.28384209
vt 0.46788096 0.06791896
vt 0.42105231 0.07064080
vt 0.41904011 0.07684660
vt 0.39106324 0.07709265
vt 0.08087625 0.01556098
vt 0.62408179 0.01087189
vt 0.67082530 0.05339873
vt 0.22223115 0.01723921
vt 0.24380095 0.01757002
vt 0.66037941 0.29364520
vt 0.28856018 0.01673543
vt 0.66838014 0.02951992
vt 0.66506028 0.02060765
vt 0.67148274 0.27786040
vt 0.67265314 0.21071720
vt 0.67304265 0.24763936
vt 0.67240810 0.18332642
vt 0.00214577 0.04450625
vt 0.00254839 0.09738600
vt 0.65683788 0.29541469
vt 0.67195749 0.13383025
vt 0.67176551 0.08799887
vt 0.01875117 0.29853845
vt 0.01065661 0.01960558
vt 0.59656364 0.01061189
vt 0.54380590 0.01038843
vt 0.00353574 0.16171521
vt 0.00300782 0.12943304
vt 0.63925511 0.29733145
vt 0.62819701 0.29535401
vt 0.00604949 0.27310669
vt 0.00535600 0.25054157
vt 0.01541917 0.01658338
vt 0.40733039 0.01105505
vt 0.49897179 0.01055801
vt 0.44833171 0.01103437
vt 0.00416768 0.21981561
vt 0.00378287 0.20363426
vt 0.06091161 0.01376814
vt 0.67085165 0.04105860
vt 0.02286749 0.30057907
vt 0.02778446 0.30186379
vt 0.21328580 0.01193929
vt 0.23950586 0.01145244
vt 0.26934415 0.01152527
vt 0.29554412 0.01250291
vt 0.26547816 0.01579630
vt 0.38891026 0.01143080
vt 0.62665606 0.00862473
vt 0.36042020 0.01184815
vt 0.65647870 0.01413548
vt 0.09199554 0.30081606
vt 0.60520798 0.29591608
vt 0.15956074 0.01223087
vt 0.13097227 0.01315063
vt 0.14805520 0.29997176
vt 0.18905382 0.01548243
vt 0.04456690 0.30234170
vt 0.65414059 0.01156551
vt 0.00694859 0.02287793
vt 0.59953761 0.00841689
vt 0.54711103 0.00828159
vt 0.31470251 0.29720306
vt 0.65939820 0.01438075
vt 0.29396474 0.29795730
vt 0.21148412 0.01095194
vt 0.64054149 0.00837082
vt 0.17059740 0.29993176
vt 0.19294372 0.30007744
vt 0.18077143 0.01187575
vt 0.64644837 0.00952107
vt 0.58533329 0.29687941
vt 0.06866521 0.30410504
vt 0.21810672 0.30015087
vt 0.08825322 0.01184237
vt 0.13369292 0.01197588
vt 0.60520267 0.29915977
vt 0.56292307 0.29767108
vt 0.34323665 0.29964638
vt 0.25981274 0.30015159
vt 0.67499226 0.21221757
vt 0.67554677 0.24804288
vt 0.67403829 0.14569360
vt 0.67455769 0.17936099
vt 0.67580932 0.26993585
vt 0.67337376 0.11348957
vt 0.09073596 0.30469590
vt 0.14050220 0.30477381
vt 0.66499424 0.29245150
vt 0.00044964 0.03356141
vt 0.67143387 0.03041691
vt 0.67498231 0.27805042
vt 0.04069929 0.30440551
vt 0.21529095 0.30435884
vt 0.67271411 0.28416485
vt 0.30161238 0.30183280
vt 0.03443685 0.01275194
vt 0.67522311 0.09613836
vt 0.52431810 0.30346739
vt 0.54495114 0.30254030
vt 0.56945872 0.30155790
vt 0.48240969 0.00864100
vt 0.66937149 0.28941047
vt 0.44089034 0.30296481
vt 0.47177958 0.30112225
vt 0.36070579 0.30479157
vt 0.41645035 0.30346948
vt 0.39156052 0.30402833
vt 0.26444751 0.30366570
vt 0.49931219 0.30332679
vt 0.64790773 0.29918689
vt 0.43706602 0.00939429
vt 0.15979429 0.00955510
vt 0.18288206 0.00876546
vt 0.32946292 0.30572617
vt 0.21073119 0.00841898
vt 0.23517077 0.00788248
vt 0.28886098 0.00970936
vt 0.02271681 0.01217657
vt 0.26732248 0.00969791
vt 0.24782537 0.01017916
vt 0.12726815 0.00974220
vt 0.30265379 0.01037008
vt 0.35434631 0.01039487
vt 0.30175799 0.30649698
vt 0.66515195 0.29792964
vt 0.46769467 0.30537713
vt 0.44472983 0.30610824
vt 0.65654099 0.30182672
vt 0.06323600 0.01074570
vt 0.08470089 0.00887799
vt 0.35137144 0.30690575
vt 0.38582337 0.00974965
vt 0.66285646 0.30154860
vt 0.00577181 0.01776958
vt 0.01949205 0.30278313
vt 0.67075610 0.29453421
vt 0.66493189 0.01659191
vt 0.00276632 0.02124333
vt 0.63988936 0.30031806
vt 0.01162863 0.29829800
vt 0.02759562 0.30485487
vt 0.60480696 0.30127299
vt 0.27522981 0.30670917
vt 0.24924880 0.30639124
vt 0.37254661 0.30867839
vt 0.01857046 0.01201135
vt 0.00937280 0.01436090
vt 0.65134406 0.30540901
vt 0.64541727 0.30599195
vt 0.11728308 0.00777870
vt 0.41696286 0.30861932
vt 0.49981409 0.30529511
vt 0.02954083 0.01086038
vt 0.39580223 0.30891663
vt 0.47500655 0.00620204
vt 0.50536656 0.00589532
vt 0.42271987 0.00672448
vt 0.65074104 0.00661957
vt 0.52420449 0.30876350
vt 0.54660130 0.30788803
vt 0.32730743 0.30902457
vt 0.20308535 0.30666542
vt 0.61644334 0.30661917
vt 0.66324341 0.01298833
vt 0.12969181 0.30680764
vt 0.07878583 0.30627692
vt 0.63518268 0.00657964
vt 0.61835480 0.00640225
vt 0.46309909 0.30836606
vt 0.51512718 0.30947536
vt 0.49701712 0.30814391
vt 0.58260155 0.30592680
vt 0.35324317 0.30926383
vt 0.54364324 0.00558323
vt 0.57538700 0.00560701
vt 0.25320184 0.00694823
vt 0.44201821 0.30873728
vt 0.01389765 0.01087928
vt 0.28956667 0.30904460
vt 0.38712606 0.00648081
vt 0.36047041 0.00790256
vt 0.65591204 0.30502874
vt 0.65701169 0.00912964
vt 0.27876893 0.00690472
vt 0.30428931 0.00811726
vt 0.02288050 0.30621052
vt 0.56940269 0.30975032
vt 0.59690678 0.30867261
vt 0.60647470 0.30949092
vt 0.24923947 0.30891621
vt 0.04810638 0.00446606
vt 0.43918869 0.00374204
vt 0.46224350 0.00320792
vt 0.39469877 0.00392145
vt 0.33995554 0.00493842
vt 0.15707256 0.00740582
vt 0.14821102 0.30977046
vt 0.20353094 0.30918247
vt 0.02499232 0.00573009
vt 0.31007388 0.00219548
vt 0.27987981 0.00301868
vt 0.64222878 0.00425512
vt 0.07947458 0.00316077
vt 0.11450747 0.00260025
vt 0.15600449 0.00158727
vt 0.07597563 0.30912322
vt 0.02939213 0.30950081
vt 0.03780840 0.30799508
vt 0.50214630 0.00292015
vt 0.53077722 0.00323713
vt 0.40984145 0.00131470
vt 0.46592531 0.00121754
vt 0.01821076 0.00608319
vt 0.54501951 0.31005824
vt 0.52647990 0.31042540
vt 0.12272416 0.31013930
vt 0.34180954 0.00143516
vt 0.37732717 0.00142092
vt 0.26383427 0.00132203
vt 0.17739646 0.00099850
vt 0.20323955 0.00182837
vt 0.01001033 0.00927931
vt 0.49314138 0.31054318
vt 0.50579154 0.31107384
vt 0.58937359 0.00365472
vt 0.54920948 0.00306475
vt 0.45866349 0.31094086
vt 0.19976990 0.00049454
vt 0.62450743 0.00163794
vt 0.02706691 0.30974114
vt 0.01392027 0.00751108
vt 0.06649575 0.31107384
vt 0.03939085 0.31071073
vt 0.29062489 0.00122702
vt 0.59470356 0.00101489
vt 0.55396622 0.00059205
vt 0.52977782 0.00054151
vt 0.64631075 0.00214398
vt 0.43780828 0.31104922
vt 0.39555809 0.31107813
vt 0.03599310 0.00338322
vt 0.06090080 0.00196475
vt 0.37714976 0.76315749
vt 0.36266479 0.76175332
vt 0.37841246 0.75619757
vt 0.39806986 0.76135552
vt 0.36261141 0.75600272
vt 0.39603519 0.76910543
vt 0.36999863 0.76884139
vt 0.42803064 0.76113123
vt 0.42027381 0.77075517
vt 0.40058950 0.75606692
vt 0.44316342 0.75610876
vt 0.44747928 0.76817125
vt 0.44443080 0.75980610
vt 0.44107819 0.77066678
vt 0.46060520 0.76089495
vt 0.45243469 0.75433731
vt 0.45771819 0.75607848
vt 0.48039532 0.75637120
vt 0.46098503 0.76729548
vt 0.48209265 0.76583666
vt 0.49974105 0.76603842
vt 0.50634694 0.75662255
vt 0.51679736 0.76540446
vt 0.52548891 0.76203960
vt 0.52285051 0.76950914
vt 0.50766295 0.76936418
vt 0.48277441 0.76956606
vt 0.46144608 0.76959556
vt 0.33386639 0.75917631
vt 0.30410963 0.75602239
vt 0.34048989 0.76268411
vt 0.30468825 0.76292187
vt 0.28974742 0.75911474
vt 0.20882367 0.75630146
vt 0.21460746 0.75957757
vt 0.18964098 0.76221973
vt 0.21700595 0.76288855
vt 0.27042544 0.76270479
vt 0.16114856 0.75458503
vt 0.15091796 0.76195341
vt 0.12926053 0.75740445
vt 0.10477916 0.76213980
vt 0.10631712 0.75656134
vt 0.04295336 0.75496912
vt 0.02785969 0.76233256
vt 0.02911331 0.75507659
vt 0.17122707 0.76812017
vt 0.21556202 0.76813817
vt 0.12716603 0.76868600
vt 0.24778832 0.76817286
vt 0.27095637 0.76810890
vt 0.11651990 0.77320659
vt 0.25731274 0.77243084
vt 0.28717792 0.77205974
vt 0.29959956 0.77135879
vt 0.21853617 0.77336341
vt 0.24362764 0.77351719
vt 0.31770936 0.77183491
vt 0.20572174 0.77961445
vt 0.23937245 0.78314745
vt 0.20505740 0.78346997
vt 0.17189288 0.78288364
vt 0.27850974 0.78344244
vt 0.25696942 0.78329003
vt 0.27679884 0.77582550
vt 0.16942422 0.77683049
vt 0.12158678 0.78274798
vt 0.08624925 0.77555460
vt 0.08344641 0.78225982
vt 0.19068120 0.78613502
vt 0.13065621 0.78629869
vt 0.17057405 0.78613663
vt 0.10402813 0.78620720
vt 0.06760003 0.78637201
vt 0.05948566 0.78279835
vt 0.07215261 0.76307744
vt 0.04077888 0.77183437
vt 0.07769885 0.77263051
vt 0.02744214 0.77150416
vt 0.05243470 0.77459699
vt 0.03762087 0.78199959
vt 0.01809696 0.77192265
vt 0.01694958 0.77735275
vt 0.01863554 0.78904402
vt 0.01742649 0.76422685
vt 0.03656455 0.78647345
vt 0.29734010 0.77702451
vt 0.21162897 0.78622180
vt 0.33968526 0.77129483
vt 0.36555296 0.77106583
vt 0.01834920 0.75514090
vt 0.03735089 0.78926659
vt 0.10641081 0.75451708
vt 0.51732743 0.77075219
vt 0.07483681 0.78912967
vt 0.28107917 0.78607458
vt 0.30104801 0.78229958
vt 0.32013360 0.77623290
vt 0.32021561 0.78217691
vt 0.34226480 0.77814949
vt 0.32628602 0.78609729
vt 0.36027220 0.78602475
vt 0.36053714 0.77543384
vt 0.33936480 0.77427292
vt 0.28248540 0.78745127
vt 0.36443764 0.77788091
vt 0.38129324 0.78615820
vt 0.38112542 0.78160745
vt 0.37951609 0.77440417
vt 0.38078415 0.77738619
vt 0.40880606 0.78255969
vt 0.40069875 0.78624541
vt 0.40817043 0.77743900
vt 0.43112269 0.77809620
vt 0.42678747 0.78467298
vt 0.41932517 0.78644806
vt 0.44488743 0.78365171
vt 0.44476983 0.77764046
vt 0.44416144 0.78684849
vt 0.46430749 0.77789259
vt 0.46289134 0.78656721
vt 0.48736963 0.77775985
vt 0.48074740 0.78655159
vt 0.49527839 0.78647894
vt 0.50363737 0.77673149
vt 0.50921041 0.78632104
vt 0.52121842 0.78288633
vt 0.53613138 0.77824163
vt 0.53620481 0.78868175
vt 0.51157761 0.77369505
vt 0.52943027 0.77464879
vt 0.50218946 0.77473205
vt 0.48467666 0.77455884
vt 0.54962903 0.78323644
vt 0.55469394 0.78921831
vt 0.57825565 0.78302592
vt 0.58468878 0.78915000
vt 0.59644467 0.78342777
vt 0.59996545 0.78926063
vt 0.57060051 0.77791989
vt 0.59592736 0.77780497
vt 0.61835176 0.77813244
vt 0.61654258 0.78586996
vt 0.61858553 0.78930759
vt 0.44163615 0.77321237
vt 0.42072520 0.77569371
vt 0.42088714 0.78776228
vt 0.46404612 0.77464545
vt 0.62779295 0.78459609
vt 0.37146822 0.77145815
vt 0.39669627 0.77131069
vt 0.25507307 0.78606963
vt 0.55334717 0.77481306
vt 0.63238961 0.77792257
vt 0.63762230 0.78428167
vt 0.63799053 0.77448541
vt 0.62662607 0.78920472
vt 0.63376898 0.79089862
vt 0.64218736 0.78898245
vt 0.49460372 0.77122527
vt 0.40543208 0.77445614
vt 0.42074689 0.77413994
vt 0.61866498 0.77515298
vt 0.63183624 0.77437747
vt 0.58234578 0.77483511
vt 0.44753328 0.78819114
vt 0.51490271 0.78959656
vt 0.51082307 0.78802347
vt 0.01370012 0.78925532
vt 0.64120084 0.77520823
vt 0.63028222 0.79072708
vt 0.52517503 0.76924711
vt 0.54601771 0.76446903
vt 0.53823948 0.76949865
vt 0.58240581 0.77140957
vt 0.57762259 0.76352084
vt 0.58465737 0.76954824
vt 0.60385144 0.76314116
vt 0.62223512 0.76981652
vt 0.55344200 0.77155417
vt 0.58373868 0.77242804
vt 0.61944818 0.77274293
vt 0.53550816 0.77156150
vt 0.63878942 0.77198571
vt 0.63848495 0.76954895
vt 0.62709135 0.76420999
vt 0.63858855 0.76465368
vt 0.54377627 0.75964075
vt 0.58675563 0.75986373
vt 0.61544806 0.75710869
vt 0.62901372 0.75503713
vt 0.63805407 0.75715476
vt 0.57636416 0.75668120
vt 0.52468157 0.75591749
vt 0.01450927 0.77233583
vt 0.31710932 0.78757465
vt 0.19152841 0.75370246
vt 0.64427048 0.77062440
vt 0.10478648 0.78899378
vt 0.64707279 0.78556836
vt 0.52226400 0.77303714
vt 0.01114464 0.77868593
vt 0.64708602 0.78946239
vt 0.64597791 0.76460010
vt 0.29464605 0.75407535
vt 0.64703971 0.77490711
vt 0.61450976 0.75490183
vt 0.58878070 0.75473768
vt 0.01240357 0.75731903
vt 0.01171073 0.77042013
vt 0.21302827 0.75422353
vt 0.33592150 0.78775203
vt 0.36253718 0.75402892
vt 0.41167891 0.75407457
vt 0.38438392 0.75404221
vt 0.52333170 0.77170908
vt 0.45461705 0.77159572
vt 0.49870965 0.77239555
vt 0.63735694 0.75483692
vt 0.53391504 0.79086882
vt 0.51555276 0.79074776
vt 0.55141240 0.79137349
vt 0.50693637 0.75430071
vt 0.12409497 0.78840852
vt 0.13774073 0.78866249
vt 0.15594158 0.78861940
vt 0.47778261 0.75420582
vt 0.64542764 0.75724262
vt 0.00795795 0.78929728
vt 0.52423173 0.75427681
vt 0.50726551 0.75369459
vt 0.45908660 0.75355190
vt 0.03797727 0.79099613
vt 0.07336519 0.79069477
vt 0.02788036 0.79113603
vt 0.45662874 0.77286434
vt 0.42203027 0.77208620
vt 0.01896168 0.75409687
vt 0.00934934 0.76464659
vt 0.01323255 0.79179031
vt 0.64419287 0.75437927
vt 0.46576861 0.78870118
vt 0.01057743 0.75467682
vt 0.64813280 0.77051443
vt 0.40049139 0.77263063
vt 0.14650324 0.75380749
vt 0.64343792 0.79132521
vt 0.18480463 0.78871888
vt 0.20320275 0.78878337
vt 0.01138979 0.79105568
vt 0.57796168 0.79152566
vt 0.36176559 0.78800493
vt 0.49607861 0.78935486
vt 0.00734938 0.75729376
vt 0.00615885 0.78155684
vt 0.00716215 0.79165542
vt 0.00632152 0.77069348
vt 0.65029389 0.76129478
vt 0.65025300 0.75568467
vt 0.00513241 0.76534760
vt 0.65228635 0.77438939
vt 0.65238279 0.78283781
vt 0.65200925 0.78931963
vt 0.65442204 0.76903892
vt 0.65431178 0.76246244
vt 0.00482171 0.79046243
vt 0.09737377 0.75376868
vt 0.24354315 0.78892338
vt 0.59512043 0.79179031
vt 0.50969893 0.79013944
vt 0.37850648 0.78845274
vt 0.30177742 0.75341952
vt 0.63254648 0.75400305
vt 0.65415418 0.75517672
vt 0.00392005 0.75507355
vt 0.00332179 0.76499063
vt 0.00758020 0.75433457
vt 0.21431574 0.75342423
vt 0.65008581 0.79131669
vt 0.35951874 0.75321466
vt 0.65411186 0.79116458
vt 0.65589166 0.78212017
vt 0.65551293 0.79088873
vt 0.65602517 0.77357149
vt 0.61026061 0.75416183
vt 0.00134892 0.77093679
vt 0.00176520 0.79005301
vt 0.65319711 0.75399500
vt 0.00440941 0.79152840
vt 0.35860002 0.83593541
vt 0.33728716 0.83219624
vt 0.35757372 0.83208865
vt 0.38963509 0.83468795
vt 0.38856712 0.83170718
vt 0.37032205 0.82883835
vt 0.38757929 0.84377640
vt 0.45472121 0.84395295
vt 0.42821369 0.84389502
vt 0.44298023 0.83316624
vt 0.45388719 0.83381313
vt 0.42142743 0.84095722
vt 0.42299855 0.83534539
vt 0.42729801 0.83196014
vt 0.37179843 0.84389305
vt 0.47784078 0.84354061
vt 0.48007429 0.83491778
vt 0.50503212 0.84327781
vt 0.40500119 0.84383142
vt 0.34975913 0.84396404
vt 0.30948791 0.84359848
vt 0.31075299 0.83549112
vt 0.33930981 0.83553869
vt 0.33560017 0.84381360
vt 0.30763352 0.83180529
vt 0.29789627 0.84380800
vt 0.31045777 0.82897878
vt 0.33928028 0.82900345
vt 0.29601479 0.83258736
vt 0.28989089 0.84471768
vt 0.51855820 0.83780318
vt 0.51963568 0.84437484
vt 0.51828492 0.84340483
vt 0.54280382 0.83742255
vt 0.54999816 0.84268081
vt 0.56732023 0.84002751
vt 0.55992210 0.83105576
vt 0.54099095 0.83121824
vt 0.51940131 0.83295679
vt 0.50207126 0.83161902
vt 0.57829422 0.84524888
vt 0.55586398 0.84540331
vt 0.47577009 0.83163786
vt 0.45609197 0.83163387
vt 0.52813685 0.82908100
vt 0.51174682 0.82968462
vt 0.58949298 0.83103651
vt 0.58460808 0.83991468
vt 0.60624617 0.83949757
vt 0.59725261 0.84512103
vt 0.60232359 0.83054745
vt 0.62183940 0.83053046
vt 0.54410422 0.84537619
vt 0.29019520 0.82988548
vt 0.28205511 0.82893699
vt 0.28081909 0.83797115
vt 0.28642124 0.84367532
vt 0.26358682 0.84371239
vt 0.24914557 0.83318627
vt 0.22465499 0.83505166
vt 0.22022404 0.82412934
vt 0.19894640 0.82065159
vt 0.22279677 0.81997460
vt 0.24202827 0.82454497
vt 0.28457570 0.81964743
vt 0.28439730 0.82357424
vt 0.24693738 0.84369868
vt 0.22680379 0.84370768
vt 0.21253169 0.83637297
vt 0.20919621 0.82944977
vt 0.20924610 0.84369773
vt 0.19608805 0.84358883
vt 0.13874908 0.83408976
vt 0.10295882 0.81949610
vt 0.14227937 0.81924409
vt 0.17015776 0.82965600
vt 0.17316794 0.81893384
vt 0.17845322 0.83419418
vt 0.14239663 0.84373975
vt 0.11277297 0.83640647
vt 0.17130353 0.84360534
vt 0.12787330 0.81357878
vt 0.18807025 0.81344384
vt 0.09150657 0.81459987
vt 0.12404026 0.81197822
vt 0.22010277 0.81657177
vt 0.28880867 0.81594896
vt 0.07216007 0.81388819
vt 0.08158872 0.84096467
vt 0.07954197 0.83582681
vt 0.04985165 0.84044284
vt 0.04722584 0.83572257
vt 0.08112276 0.83277327
vt 0.03670530 0.83271164
vt 0.12927811 0.83047611
vt 0.11691221 0.82896346
vt 0.04865615 0.82702315
vt 0.04823972 0.82030088
vt 0.08256327 0.82711536
vt 0.03999304 0.81382996
vt 0.07316519 0.83003849
vt 0.03895633 0.82987988
vt 0.02791015 0.82076883
vt 0.02763916 0.82854402
vt 0.02760520 0.84053570
vt 0.02710343 0.83428299
vt 0.29288343 0.82327646
vt 0.30061248 0.82857084
vt 0.30173022 0.82090235
vt 0.30252534 0.82320958
vt 0.31214282 0.82152247
vt 0.31381103 0.82370609
vt 0.33570540 0.82321382
vt 0.39735025 0.82869196
vt 0.42950684 0.84485394
vt 0.42826107 0.82873642
vt 0.55277485 0.82803661
vt 0.58715451 0.82807654
vt 0.03128399 0.81167698
vt 0.08449694 0.84369236
vt 0.05303738 0.84382379
vt 0.42967999 0.82996732
vt 0.45414543 0.82933414
vt 0.47335345 0.82878679
vt 0.61695439 0.84504765
vt 0.02932916 0.84392929
vt 0.63106549 0.84063941
vt 0.33959246 0.81868476
vt 0.34040254 0.82334191
vt 0.37205106 0.81966114
vt 0.38328615 0.82325155
vt 0.39651930 0.81984794
vt 0.42005906 0.82315248
vt 0.41255286 0.81991529
vt 0.54153579 0.82752573
vt 0.45245996 0.81970054
vt 0.29526377 0.82661021
vt 0.45425570 0.82288897
vt 0.45690316 0.82502013
vt 0.48771778 0.82491165
vt 0.48884538 0.82319421
vt 0.42724147 0.82541716
vt 0.39193189 0.82566404
vt 0.60261995 0.82800394
vt 0.47731939 0.81968743
vt 0.50241238 0.82836515
vt 0.21464401 0.81327242
vt 0.28162658 0.81301147
vt 0.30486098 0.81298864
vt 0.36703554 0.82571226
vt 0.08384880 0.81182301
vt 0.07103295 0.81184065
vt 0.06441083 0.81192285
vt 0.49980646 0.81759185
vt 0.48481724 0.81631601
vt 0.45415235 0.81590289
vt 0.43110353 0.81633610
vt 0.50743675 0.82321811
vt 0.50314152 0.82576519
vt 0.48907119 0.82568747
vt 0.53733826 0.82493991
vt 0.53942472 0.82306808
vt 0.02416383 0.84354222
vt 0.51122332 0.81739348
vt 0.53581446 0.81701910
vt 0.54602015 0.81833160
vt 0.55804288 0.82283884
vt 0.55790102 0.81809193
vt 0.57280910 0.82272559
vt 0.57118225 0.82496703
vt 0.59075105 0.82514262
vt 0.59890085 0.82327694
vt 0.61391795 0.82370502
vt 0.61307198 0.82531822
vt 0.63339961 0.82215041
vt 0.63932490 0.82549536
vt 0.55204314 0.82529080
vt 0.64949816 0.82173359
vt 0.65050590 0.82641357
vt 0.58603919 0.81673205
vt 0.60490572 0.81679899
vt 0.62424570 0.81721950
vt 0.64034849 0.81810313
vt 0.64938527 0.81678635
vt 0.64108783 0.83811593
vt 0.64180028 0.83055460
vt 0.64592415 0.84158701
vt 0.63752645 0.82854915
vt 0.60400647 0.82900923
vt 0.65164906 0.82775700
vt 0.64998865 0.83608681
vt 0.65231258 0.84194803
vt 0.65055156 0.83019489
vt 0.57820475 0.81252700
vt 0.60379016 0.81236327
vt 0.40532288 0.81597310
vt 0.37101367 0.81606138
vt 0.64902639 0.81245017
vt 0.34587157 0.81290925
vt 0.53669149 0.81280231
vt 0.52662796 0.81147695
vt 0.62855214 0.81247109
vt 0.63660556 0.84489095
vt 0.64796412 0.84467381
vt 0.45515132 0.84543967
vt 0.02447573 0.82497865
vt 0.47151530 0.84606463
vt 0.02324358 0.83430892
vt 0.41110441 0.81299227
vt 0.37297845 0.81289274
vt 0.54019964 0.82570094
vt 0.12609899 0.81125295
vt 0.02446176 0.81226659
vt 0.48643377 0.81276333
vt 0.46309924 0.81209892
vt 0.50825411 0.81265628
vt 0.65499055 0.82512981
vt 0.65658551 0.82147998
vt 0.64537156 0.80980980
vt 0.20339769 0.81107569
vt 0.64029104 0.82731169
vt 0.31618035 0.84532303
vt 0.55675429 0.84709394
vt 0.43816128 0.81295073
vt 0.02138377 0.82771081
vt 0.30269015 0.82581306
vt 0.33835796 0.82574880
vt 0.34363610 0.84558141
vt 0.65624928 0.81251723
vt 0.65732396 0.84131908
vt 0.65746796 0.82997322
vt 0.65170997 0.84610522
vt 0.65541750 0.84481615
vt 0.65645081 0.82833934
vt 0.57186615 0.81039113
vt 0.62579072 0.81010544
vt 0.59971583 0.81005883
vt 0.22646764 0.81088895
vt 0.41575888 0.81058115
vt 0.01993034 0.81363827
vt 0.31081107 0.81044662
vt 0.31455156 0.82569957
vt 0.53039098 0.81046146
vt 0.50356692 0.81040585
vt 0.54662424 0.82644391
vt 0.01964556 0.83383071
vt 0.02015223 0.84301549
vt 0.65495259 0.80989546
vt 0.58750063 0.84703553
vt 0.54167229 0.84695810
vt 0.05723077 0.84585416
vt 0.08893521 0.84570903
vt 0.12794033 0.84572208
vt 0.47987798 0.81040847
vt 0.30880645 0.82746732
vt 0.37062120 0.81056225
vt 0.53290373 0.84693694
vt 0.65849537 0.82550997
vt 0.37529433 0.84577233
vt 0.51976544 0.82758957
vt 0.03567817 0.84629351
vt 0.02345072 0.84690464
vt 0.65837735 0.84488493
vt 0.66069418 0.82724696
vt 0.51822001 0.84617269
vt 0.49320319 0.84626967
vt 0.45180899 0.81059819
vt 0.65784031 0.84718102
vt 0.14358437 0.84608293
vt 0.16882963 0.84612566
vt 0.02113504 0.84561479
vt 0.39628318 0.82677281
vt 0.37270167 0.82708287
vt 0.01604464 0.82669920
vt 0.01689105 0.83373970
vt 0.01721732 0.84323245
vt 0.34201801 0.82730275
vt 0.64183766 0.84708720
vt 0.01988221 0.81102204
vt 0.50465983 0.80950809
vt 0.01658073 0.84553301
vt 0.01467367 0.81488782
vt 0.66095465 0.81289887
vt 0.65107477 0.80860531
vt 0.50518328 0.84655356
vt 0.66249245 0.82458550
vt 0.20836131 0.84639686
vt 0.39116475 0.84636188
vt 0.01466453 0.81171757
vt 0.59754205 0.80918056
vt 0.66210157 0.82990021
vt 0.66327643 0.84075946
vt 0.65939522 0.80905062
vt 0.07728925 0.81048948
vt 0.03278427 0.81073135
vt 0.66293812 0.84551096
vt 0.41290617 0.84654450
vt 0.42802364 0.84666038
vt 0.66460836 0.81902564
vt 0.01273754 0.84076130
vt 0.01269726 0.84382731
vt 0.01270715 0.83301663
vt 0.01268902 0.82737458
vt 0.41554555 0.80962765
vt 0.36684355 0.80937427
vt 0.20142475 0.81012386
vt 0.66435087 0.80914873
vt 0.12579735 0.81037480
vt 0.66461068 0.81197828
vt 0.48119441 0.80940396
vt 0.66514468 0.82967818
vt 0.66591728 0.82554007
vt 0.44406161 0.80932343
vt 0.01214029 0.84718102
vt 0.30652156 0.80941206
vt 0.26252273 0.80936271
vt 0.66109747 0.84625202
vt 0.24913397 0.92510974
vt 0.20188098 0.92540264
vt 0.21756697 0.94901526
vt 0.17489372 0.94531053
vt 0.18063886 0.97991252
vt 0.14413495 0.95688450
vt 0.15104529 0.92523044
vt 0.12825856 0.93905383
vt 0.11647924 0.96901834
vt 0.11039533 0.94038612
vt 0.11466212 0.91556096
vt 0.15511613 0.90658426
vt 0.17988759 0.91178149
vt 0.11483114 0.90394717
vt 0.14472446 0.88046062
vt 0.17165652 0.88364989
vt 0.11449723 0.89036983
vt 0.11399166 0.87806994
vt 0.22883485 0.88025469
vt 0.24625295 0.89539683
vt 0.29129222 0.88402694
vt 0.29182160 0.89622867
vt 0.21477132 0.90297878
vt 0.26365778 0.91070056
vt 0.29870728 0.94648755
vt 0.28217646 0.93572569
vt 0.27252185 0.95891029
vt 0.24380460 0.94768518
vt 0.23044468 0.97473854
vt 0.28912553 0.98843473
vt 0.29968593 0.97692043
vt 0.29902852 0.99627399
vt 0.24842049 0.99133092
vt 0.28404948 0.99641842
vt 0.24796458 0.99638134
vt 0.20918678 0.99648976
vt 0.21178065 0.99078435
vt 0.18196096 0.99010795
vt 0.15378460 0.99669963
vt 0.26091078 0.97746247
vt 0.14338657 0.97793132
vt 0.12185442 0.99216294
vt 0.11466023 0.99703854
vt 0.10773648 0.96558875
vt 0.10564635 0.99899316
vt 0.29732701 0.91579884
vt 0.30674550 0.89747787
vt 0.29608995 0.87988418
vt 0.30999169 0.98733759
vt 0.31008628 0.92389643
vt 0.30788577 0.95306844
vt 0.31004885 0.88107568
vt 0.31063926 0.95220727
vt 0.17530252 0.88017660
vt 0.20984918 0.88041252
vt 0.16127488 0.87796223
vt 0.13427565 0.87794620
vt 0.10514636 0.87825161
vt 0.10502370 0.91166747
vt 0.10485619 0.96375173
vt 0.10450649 0.88941944
vt 0.31059161 0.99647939
vt 0.19338848 0.87802166
vt 0.22579396 0.87785065
vt 0.29546565 0.87789541
vt 0.31121278 0.87771994
vt 0.13022681 0.99885476
vt 0.10188442 0.99183911
vt 0.09972409 0.99893808
vt 0.15538166 0.99882334
vt 0.19746014 0.99881876
vt 0.31321681 0.88296169
vt 0.31782871 0.87778473
vt 0.31481016 0.90482682
vt 0.09739021 0.89271528
vt 0.09732319 0.97196198
vt 0.09541712 0.99870223
vt 0.10297521 0.93351561
vt 0.09750293 0.92389226
vt 0.09597620 0.87770689
vt 0.31815109 0.88183916
vt 0.31787962 0.90922034
vt 0.31804898 0.93563676
vt 0.31570151 0.93218774
vt 0.31776884 0.98325598
vt 0.31574696 0.95513874
vt 0.24177091 0.99854290
vt 0.29992664 0.99848169
vt 0.31158161 0.99843115
vt 0.31911245 0.99799901
vt 0.11454548 0.87593657
vt 0.10452850 0.87613201
vt 0.31992283 0.99015564
vt 0.32021749 0.88836920
vt 0.13049120 0.87600499
vt 0.15634848 0.87601906
vt 0.09461825 0.92357105
vt 0.09438816 0.96859485
vt 0.09336264 0.98632467
vt 0.09310880 0.99697953
vt 0.09449702 0.89092666
vt 0.32037061 0.91252935
vt 0.32035744 0.87841409
vt 0.32070976 0.94989365
vt 0.32158837 0.99603724
vt 0.11865068 0.87188476
vt 0.15453160 0.87169421
vt 0.16955210 0.87255365
vt 0.09187726 0.95039028
vt 0.09022789 0.89470685
vt 0.09544359 0.87411773
vt 0.32594818 0.88596880
vt 0.32460770 0.87716490
vt 0.32573992 0.92959684
vt 0.32583362 0.90641659
vt 0.32531545 0.97106194
vt 0.29765892 0.87600899
vt 0.20039272 0.87276578
vt 0.21315944 0.87524897
vt 0.22172318 0.87278277
vt 0.08994963 0.96418673
vt 0.08989494 0.93190229
vt 0.23454992 0.87556064
vt 0.09064617 0.87732714
vt 0.32540521 0.99824196
vt 0.32705563 0.99621952
vt 0.08992681 0.99254525
vt 0.10433192 0.87308240
vt 0.23587409 0.87279463
vt 0.25808683 0.87463516
vt 0.26032904 0.87263405
vt 0.09005256 0.87327325
vt 0.29562765 0.87283301
vt 0.08486066 0.87710464
vt 0.08431169 0.90610719
vt 0.08719837 0.99901742
vt 0.08429229 0.97896534
vt 0.08443525 0.95170093
vt 0.09409512 0.99950546
vt 0.31171349 0.87078673
vt 0.08444512 0.87343174
vt 0.09492520 0.87136704
vt 0.32997641 0.88492787
vt 0.33033919 0.90527028
vt 0.33049914 0.95048445
vt 0.33076611 0.97804636
vt 0.32984763 0.87723327
vt 0.31903636 0.87121052
vt 0.32897106 0.87504470
vt 0.32493809 0.87090188
vt 0.25951660 0.86974692
vt 0.29194176 0.86983246
vt 0.08409384 0.99885172
vt 0.33111641 0.99798840
vt 0.32643345 0.99932933
vt 0.22981173 0.86971557
vt 0.19934340 0.86975867
vt 0.17020726 0.86952674
vt 0.10448790 0.86880958
vt 0.08650663 0.87177205
vt 0.33497259 0.99620634
vt 0.33417404 0.90519232
vt 0.33466950 0.94958788
vt 0.33489433 0.88343650
vt 0.33404979 0.87655365
vt 0.33352977 0.87431777
vt 0.07976571 0.87724149
vt 0.08013407 0.98627806
vt 0.08039536 0.90712929
vt 0.08032560 0.95159239
vt 0.07758725 0.87314618
vt 0.11572476 0.86795253
vt 0.14709930 0.86803281
vt 0.33468738 0.99826914
vt 0.08092737 0.99915171
vt 0.08394501 0.86931342
vt 0.08099917 0.87183356
vt 0.07793522 0.87715691
vt 0.33751526 0.87587309
vt 0.33062258 0.87008643
vt 0.33902204 0.98670673
vt 0.33860564 0.99800944
vt 0.33870244 0.92763394
vt 0.33838639 0.90597320
vt 0.33899561 0.96695244
vt 0.07652702 0.90583223
vt 0.07688779 0.98645419
vt 0.07674641 0.95907950
vt 0.07708861 0.99883854
vt 0.33870545 0.88395470
vt 0.34293956 0.99583369
vt 0.34219661 0.87792903
vt 0.07232202 0.99641693
vt 0.34316790 0.90995866
vt 0.34386176 0.96514815
vt 0.33978510 0.87289661
vt 0.07208281 0.99904627
vt 0.07237301 0.96308059
vt 0.07257078 0.89259791
vt 0.34412098 0.99833000
vt 0.07070437 0.87281322
vt 0.07044317 0.87629271
vt 0.34339145 0.87463272
vt 0.06959575 0.91510391
vt 0.06971065 0.99524873
vt 0.06459734 0.99882007
vt 0.34602085 0.99616969
vt 0.06579985 0.99294263
vt 0.06630393 0.95243979
vt 0.06623425 0.92540008
vt 0.34553996 0.93217891
vt 0.06642994 0.87612033
vt 0.06706927 0.88103592
vt 0.06641088 0.90648055
vt 0.34498277 0.87799734
vt 0.34705168 0.90287924
vt 0.34877697 0.96161371
vt 0.34937051 0.99611175
vt 0.06428125 0.87266558
vt 0.34937048 0.92557365
vt 0.06070144 0.99877596
vt 0.34842733 0.87800968
vt 0.92367578 0.25808609
vt 0.95670962 0.24100524
vt 0.93706125 0.21131122
vt 0.91576660 0.20698094
vt 0.92573833 0.16853595
vt 0.91882282 0.13771534
vt 0.95048535 0.14280874
vt 0.92359704 0.13070351
vt 0.96000564 0.13063622
vt 0.98372328 0.13505405
vt 0.96236151 0.15613228
vt 0.98999059 0.13814640
vt 0.98417336 0.19047856
vt 0.95807248 0.18733376
vt 0.97088599 0.21423495
vt 0.98556662 0.23883170
vt 0.99016213 0.20953238
vt 0.98971665 0.17752856
vt 0.93646735 0.17662370
vt 0.90058953 0.18927753
vt 0.90406466 0.21832430
vt 0.88869929 0.20896143
vt 0.88985735 0.17574155
vt 0.90314740 0.16242272
vt 0.88699847 0.13369632
vt 0.90125024 0.13481182
vt 0.88194740 0.18227845
vt 0.89124411 0.27209961
vt 0.91909349 0.32457340
vt 0.90930223 0.30743754
vt 0.89918900 0.33274627
vt 0.88458854 0.33443308
vt 0.89375019 0.29610622
vt 0.88420695 0.29984468
vt 0.88216591 0.27455461
vt 0.88419110 0.22500861
vt 0.96674991 0.26053458
vt 0.98646700 0.28006464
vt 0.99003196 0.27082676
vt 0.98992085 0.29848009
vt 0.98985904 0.33383751
vt 0.97007322 0.29013896
vt 0.98058915 0.33356714
vt 0.93845111 0.29709679
vt 0.94445765 0.27474248
vt 0.95870984 0.31081957
vt 0.96160418 0.33489579
vt 0.91864890 0.33622175
vt 0.88213956 0.13527143
vt 0.91772521 0.11986232
vt 0.89506811 0.11983550
vt 0.88241655 0.11890340
vt 0.94543284 0.12224591
vt 0.97597235 0.12057924
vt 0.99015522 0.12286043
vt 0.88357908 0.34606421
vt 0.89674979 0.34503257
vt 0.99028873 0.34447056
vt 0.97963643 0.34493518
vt 0.92646307 0.34476268
vt 0.88205779 0.33380747
vt 0.88225663 0.34597814
vt 0.88042295 0.34402668
vt 0.95289624 0.11914253
vt 0.88203573 0.23757088
vt 0.99165672 0.11880875
vt 0.88983142 0.11462098
vt 0.90494978 0.11662954
vt 0.99175048 0.34317577
vt 0.99177355 0.35045868
vt 0.93141305 0.34693491
vt 0.89673471 0.35034037
vt 0.88266993 0.35617679
vt 0.96693003 0.34669042
vt 0.89504331 0.11139292
vt 0.92380571 0.11119133
vt 0.88130474 0.35544372
vt 0.98670840 0.11609089
vt 0.99141622 0.11435246
vt 0.89756328 0.35478491
vt 0.97622716 0.35473907
vt 0.94011724 0.35471469
vt 0.99178219 0.35370457
vt 0.94216633 0.11086816
vt 0.96643507 0.11137265
vt 0.99008912 0.11144263
vt 0.88003182 0.28308654
vt 0.88042539 0.13263190
vt 0.88006115 0.11889738
vt 0.88152558 0.10962152
vt 0.88283259 0.10859931
vt 0.99173146 0.29784662
vt 0.99194634 0.27439141
vt 0.99192929 0.24041033
vt 0.99185365 0.13714164
vt 0.99184018 0.18891245
vt 0.99165928 0.15368479
vt 0.87988681 0.17559803
vt 0.89605278 0.35743576
vt 0.97697043 0.10814768
vt 0.94384176 0.10823858
vt 0.91030800 0.10798419
vt 0.88473523 0.10815972
vt 0.88319701 0.10077727
vt 0.87988603 0.23164356
vt 0.98997116 0.35676438
vt 0.93917322 0.35763061
vt 0.99004394 0.10805428
vt 0.88277990 0.36419684
vt 0.88082224 0.36454463
vt 0.89729428 0.10338974
vt 0.91143632 0.10413992
vt 0.93727034 0.10397965
vt 0.97411209 0.10321862
vt 0.89459646 0.36397153
vt 0.91063237 0.36321986
vt 0.93902224 0.36351246
vt 0.97361743 0.36348748
vt 0.87975204 0.10194409
vt 0.99175256 0.10442209
vt 0.99235612 0.36030948
vt 0.99158382 0.36372447
vt 0.93064082 0.10012293
vt 0.87955135 0.10943133
vt 0.87711543 0.27858353
vt 0.90716577 0.09730917
vt 0.87731433 0.29672009
vt 0.87793761 0.33836830
vt 0.99205744 0.11277992
vt 0.90336299 0.36743486
vt 0.87695843 0.20086175
vt 0.87708354 0.23836887
vt 0.87669432 0.35554922
vt 0.87808871 0.13419122
vt 0.94196415 0.36637902
vt 0.87703615 0.35910869
vt 0.87718183 0.16684699
vt 0.88119876 0.09607255
vt 0.88508594 0.09686852
vt 0.97308207 0.09751248
vt 0.99180681 0.10010546
vt 0.98276824 0.09709209
vt 0.98165840 0.36757678
vt 0.93148971 0.09676266
vt 0.87582999 0.34539676
vt 0.87588698 0.11753494
vt 0.87533581 0.10917813
vt 0.88095242 0.36774778
vt 0.99194390 0.36857939
vt 0.94025731 0.36838019
vt 0.87693554 0.36764789
vt 0.87463605 0.16306639
vt 0.87447876 0.19842809
vt 0.87466466 0.23639774
vt 0.87319052 0.27838790
vt 0.87320763 0.29452121
vt 0.99191040 0.09696841
vt 0.87367326 0.10081869
vt 0.87723559 0.09757197
vt 0.90807641 0.37233597
vt 0.97632110 0.37263232
vt 0.87281525 0.11996841
vt 0.90542817 0.09288764
vt 0.99208629 0.37198877
vt 0.88845217 0.37211061
vt 0.88040829 0.37374324
vt 0.87286460 0.32517260
vt 0.97250056 0.09271312
vt 0.93279362 0.09270060
vt 0.99123025 0.09257621
vt 0.87275177 0.20437080
vt 0.87283337 0.23656631
vt 0.87286955 0.17248404
vt 0.87312132 0.34774476
vt 0.87324786 0.35920030
vt 0.88482034 0.09165329
vt 0.90410268 0.37474328
vt 0.87704444 0.37356770
vt 0.87340033 0.36898470
vt 0.93683094 0.37480426
vt 0.99201494 0.37555516
vt 0.87719476 0.09281766
vt 0.97744751 0.37666106
vt 0.88108248 0.08913064
vt 0.98990166 0.08885723
vt 0.97443020 0.08814210
vt 0.90789497 0.08836722
vt 0.93460828 0.08828700
vt 0.99181843 0.08715802
vt 0.93926203 0.37807554
vt 0.99011451 0.38037384
vt 0.90112960 0.37967336
vt 0.98238063 0.38120979
vt 0.94210279 0.38115215
vt 0.88032359 0.37969899
vt 0.87741345 0.08769411
vt 0.99210835 0.38218117
vt 0.99024808 0.08327317
vt 0.97667909 0.08344913
vt 0.93118113 0.08306092
vt 0.88429111 0.08413953
vt 0.88107723 0.08473086
vt 0.87600619 0.38327301
vt 0.91062576 0.38360310
vt 0.88500565 0.38026071
vt 0.98998123 0.38636184
vt 0.94542843 0.38670099
vt 0.91792822 0.38716787
vt 0.87984085 0.38569361
vt 0.88603109 0.38580185
vt 0.99208444 0.38996959
vt 0.99196541 0.07967097
vt 0.99235612 0.08269596
vt 0.92003876 0.08033836
vt 0.94136500 0.08157372
vt 0.97776377 0.07861352
vt 0.88122267 0.08032686
vt 0.94848228 0.39063299
vt 0.91457999 0.39120018
vt 0.87762159 0.38792813
vt 0.94035876 0.07721394
vt 0.90577251 0.07566768
vt 0.88015038 0.39317507
vt 0.39730650 0.94775969
vt 0.42545131 0.95580953
vt 0.39811549 0.96024817
vt 0.37688732 0.93672919
vt 0.39553982 0.93707114
vt 0.43248487 0.94536746
vt 0.42726669 0.93909347
vt 0.44850686 0.93894744
vt 0.44896343 0.94787353
vt 0.37394932 0.95598316
vt 0.39079052 0.98278767
vt 0.36656913 0.98349047
vt 0.39958909 0.98279023
vt 0.36812031 0.94885081
vt 0.35978454 0.97047710
vt 0.35835046 0.93690783
vt 0.42806661 0.98283142
vt 0.44746152 0.96462417
vt 0.44788009 0.98256177
vt 0.35904032 0.94487941
vt 0.35931462 0.98266405
vt 0.46259165 0.97301263
vt 0.46247533 0.95132935
vt 0.46304986 0.93795449
vt 0.46317175 0.98394322
vt 0.37176350 0.98622268
vt 0.42277548 0.93666208
vt 0.35887963 0.98631668
vt 0.35732269 0.97257578
vt 0.43141285 0.98547405
vt 0.39719054 0.98573452
vt 0.35735431 0.98069841
vt 0.43376461 0.93656194
vt 0.35707515 0.94655061
vt 0.45198175 0.98547107
vt 0.46123675 0.98592192
vt 0.39376733 0.98695880
vt 0.45017055 0.93647379
vt 0.35612595 0.95882452
vt 0.40306476 0.93539441
vt 0.39154825 0.93536276
vt 0.35654810 0.94128323
vt 0.46329382 0.93611664
vt 0.42994907 0.98659950
vt 0.43202800 0.93536335
vt 0.46359879 0.95775181
vt 0.46349251 0.98634708
vt 0.35694641 0.98436475
vt 0.35728440 0.98763603
vt 0.37210822 0.98749465
vt 0.46437326 0.93658817
vt 0.46376559 0.96839792
vt 0.46447840 0.98554039
vt 0.35689971 0.93540829
vt 0.36564186 0.93521267
vt 0.35593325 0.98260021
vt 0.46313646 0.98763603
vt 0.35566548 0.94285816
vt 0.45438716 0.98686814
vt 0.79213798 0.97008747
vt 0.73888248 0.96993721
vt 0.75839144 0.96407473
vt 0.70062679 0.96387714
vt 0.80140585 0.96386820
vt 0.70319158 0.97073919
vt 0.67008257 0.97286469
vt 0.67048299 0.96402669
vt 0.68100357 0.97728872
vt 0.70772308 0.97354048
vt 0.73968726 0.97372508
vt 0.78906995 0.97508550
vt 0.81237632 0.97064960
vt 0.66086745 0.97321182
vt 0.66091681 0.96374875
vt 0.84436476 0.97023237
vt 0.84652400 0.96390074
vt 0.83087385 0.97448140
vt 0.84834373 0.97423393
vt 0.85896087 0.97200799
vt 0.85771263 0.97550434
vt 0.85546678 0.96215320
vt 0.71478879 0.97681338
vt 0.75892580 0.97921664
vt 0.73730254 0.97959441
vt 0.72335750 0.98002785
vt 0.81453991 0.97979218
vt 0.80010468 0.97988373
vt 0.84056872 0.97908092
vt 0.84620041 0.98144448
vt 0.66112769 0.97672868
vt 0.85873640 0.97994387
vt 0.86705488 0.97905558
vt 0.86684537 0.97237897
vt 0.77577829 0.98024011
vt 0.76087779 0.97994858
vt 0.75823396 0.98700786
vt 0.72877145 0.98503494
vt 0.76251954 0.99409771
vt 0.73292160 0.99406350
vt 0.79348230 0.99394834
vt 0.79851228 0.98685312
vt 0.80852449 0.99384779
vt 0.80966353 0.98315519
vt 0.83183497 0.98425472
vt 0.84618908 0.99388587
vt 0.85834605 0.99287546
vt 0.71225303 0.98988813
vt 0.70633179 0.98144805
vt 0.70578706 0.97981417
vt 0.69646120 0.98183858
vt 0.67806655 0.97981513
vt 0.86669630 0.99022931
vt 0.86575449 0.96456808
vt 0.67492223 0.98848259
vt 0.67102712 0.98171943
vt 0.66433120 0.98827571
vt 0.70974559 0.99383104
vt 0.68840879 0.99388915
vt 0.66658926 0.99393743
vt 0.79209119 0.96201468
vt 0.66401917 0.96187299
vt 0.84686404 0.96182454
vt 0.66244209 0.97916895
vt 0.65765983 0.98169023
vt 0.65790784 0.98937374
vt 0.71219790 0.97893220
vt 0.69901776 0.96199125
vt 0.86389875 0.99624503
vt 0.65248257 0.97543794
vt 0.65469909 0.96443999
vt 0.68121427 0.97889042
vt 0.65737367 0.99415302
vt 0.86616075 0.99764711
vt 0.65345216 0.97871023
vt 0.85626131 0.99647421
vt 0.65137464 0.98805308
vt 0.65119761 0.98150301
vt 0.86667746 0.96129721
vt 0.87074095 0.99562442
vt 0.65203422 0.99375844
vt 0.83507937 0.99659979
vt 0.65999168 0.96112591
vt 0.87420809 0.96250373
vt 0.87644774 0.97224998
vt 0.87477869 0.98334306
vt 0.75142127 0.99674064
vt 0.87489152 0.99102426
vt 0.87455052 0.99580085
vt 0.87512654 0.97735906
vt 0.72317559 0.99669433
vt 0.67661637 0.99683362
vt 0.66001421 0.99681258
vt 0.70891595 0.99679142
vt 0.65530676 0.99705017
vt 0.76299191 0.99686664
vt 0.80223250 0.99667925
vt 0.64865416 0.99679703
vt 0.65194386 0.96429580
vt 0.85244983 0.96109104
vt 0.65326470 0.96123528
vt 0.86936390 0.99791193
vt 0.88171977 0.98544741
vt 0.88087803 0.99541640
vt 0.87886959 0.97766668
vt 0.87964648 0.96371645
vt 0.65043491 0.97934920
vt 0.87609828 0.96113265
vt 0.88274950 0.99677569
vt 0.64714342 0.99295837
vt 0.88250321 0.97257948
vt 0.88132483 0.97794622
vt 0.64539814 0.98188341
vt 0.64599597 0.97306776
vt 0.64638388 0.96490479
vt 0.72620732 0.96113861
vt 0.87743866 0.99786711
vt 0.64477384 0.97902602
vt 0.64742428 0.96110904
vt 0.64709711 0.97709763
vt 0.88248426 0.96108621
vt 0.88185143 0.99814373
vt 0.87532538 0.99836302
vt 0.78921598 0.96122921
vt 0.88476312 0.97733748
vt 0.64343941 0.99294096
vt 0.69766575 0.96115208
vt 0.65417624 0.99816459
vt 0.64289671 0.99636769
vt 0.84375036 0.99871463
vt 0.86397797 0.99908561
vt 0.81332666 0.99883521
vt 0.64275682 0.97723401
vt 0.64210349 0.98137105
vt 0.71928716 0.99867398
vt 0.68390805 0.99908561
vt 0.64154750 0.97082108
vt 0.64825511 0.99892420
vt 0.66806126 0.99926287
vt 0.75329953 0.99862814
vt 0.79471892 0.99867350
vt 0.88606018 0.99611247
vt 0.73335993 0.99868858
vt 0.65855014 0.99950546
vt 0.64204621 0.96092975
vt 0.64196676 0.96376997
vt 0.88684916 0.96170342
vt 0.88675803 0.97148895
vt 0.63927561 0.97636318
vt 0.63925600 0.99214584
vt 0.63820684 0.99675351
vt 0.88551122 0.99761111
vt 0.64468664 0.99816692
vt 0.64167094 0.99765867
vt 0.63624102 0.99713391
vt 0.88893884 0.99707055
vt 0.89987260 0.90506482
vt 0.87371308 0.90535331
vt 0.89014745 0.90027279
vt 0.91446412 0.90036929
vt 0.83828610 0.90655690
vt 0.82189941 0.89974004
vt 0.84503764 0.91343987
vt 0.89792562 0.91327363
vt 0.81226999 0.90481049
vt 0.76795810 0.90911907
vt 0.77499509 0.89947665
vt 0.78180385 0.90488720
vt 0.76981807 0.91276658
vt 0.81532055 0.91291016
vt 0.91858768 0.91343588
vt 0.76861322 0.89922118
vt 0.94852334 0.91383028
vt 0.94571733 0.90066153
vt 0.96306837 0.91355205
vt 0.96125323 0.89873844
vt 0.93993330 0.89845073
vt 0.76035482 0.91168779
vt 0.97172952 0.90093499
vt 0.96833098 0.91523075
vt 0.97450519 0.91456807
vt 0.76112634 0.89978927
vt 0.82653493 0.89778578
vt 0.77443177 0.89732516
vt 0.89104807 0.89821863
vt 0.84073859 0.91571689
vt 0.76360071 0.89739031
vt 0.90011948 0.91574699
vt 0.91922313 0.91807592
vt 0.95014787 0.91845006
vt 0.93273222 0.92488301
vt 0.95035452 0.92223656
vt 0.90847325 0.92430496
vt 0.94910777 0.92845374
vt 0.89767629 0.91827852
vt 0.86444521 0.91792792
vt 0.96259755 0.92264801
vt 0.96717173 0.92800534
vt 0.88710463 0.92193007
vt 0.87761295 0.92506593
vt 0.84576750 0.92630661
vt 0.85079402 0.92141587
vt 0.83441752 0.91767573
vt 0.82743305 0.92449832
vt 0.80603272 0.92109418
vt 0.83169389 0.91981870
vt 0.81174105 0.91625869
vt 0.79226381 0.91754597
vt 0.78947961 0.92172635
vt 0.76819992 0.91752768
vt 0.79366517 0.92981762
vt 0.78273946 0.92976892
vt 0.82221401 0.92997444
vt 0.76868957 0.92612839
vt 0.76533866 0.92945635
vt 0.92319858 0.93031323
vt 0.86687231 0.92807066
vt 0.97361654 0.91908646
vt 0.76028264 0.91793913
vt 0.95127451 0.93073529
vt 0.97702903 0.92799008
vt 0.78968573 0.91594100
vt 0.85346138 0.93033302
vt 0.76075536 0.93183589
vt 0.95025206 0.91651577
vt 0.96311849 0.91673052
vt 0.97515190 0.91591352
vt 0.96974885 0.93064320
vt 0.88963699 0.93054438
vt 0.81536567 0.91529292
vt 0.76148063 0.91544634
vt 0.76687968 0.91459143
vt 0.97763830 0.93087560
vt 0.78952968 0.91510123
vt 0.97812551 0.91910887
vt 0.97318029 0.89852208
vt 0.75821257 0.91373044
vt 0.98016709 0.90013635
vt 0.97708303 0.91334999
vt 0.75722790 0.93147451
vt 0.75665081 0.91755617
vt 0.75743508 0.92237413
vt 0.75695276 0.91483575
vt 0.76992267 0.89663702
vt 0.98292840 0.92290390
vt 0.98185128 0.91719264
vt 0.98375672 0.93018675
vt 0.98283738 0.91292948
vt 0.75853974 0.89996088
vt 0.97623736 0.93214607
vt 0.98260981 0.89792156
vt 0.98503774 0.90071160
vt 0.95389694 0.89780319
vt 0.75419778 0.92700779
vt 0.98828387 0.91817755
vt 0.75488484 0.93219841
vt 0.98917550 0.92606038
vt 0.75772518 0.89707863
vt 0.98952764 0.91162425
vt 0.77927279 0.93270051
vt 0.76441145 0.93247056
vt 0.98951197 0.93117696
vt 0.79312283 0.93314850
vt 0.75175244 0.90779388
vt 0.99065173 0.90144473
vt 0.98997641 0.89791042
vt 0.97220498 0.89777648
vt 0.88239443 0.93329138
vt 0.94710302 0.93314004
vt 0.91673940 0.93307006
vt 0.96854252 0.93358785
vt 0.97298253 0.93336451
vt 0.81602389 0.93300337
vt 0.75169992 0.89971644
vt 0.75239295 0.91270280
vt 0.76054364 0.93367147
vt 0.75511980 0.93422353
vt 0.86312425 0.93301994
vt 0.83751696 0.93292028
vt 0.98415345 0.93358779
vt 0.75299382 0.89689004
vt 0.81270814 0.89698201
vt 0.87174255 0.89747095
vt 0.74968141 0.92454034
vt 0.74975795 0.91595745
vt 0.75125849 0.93205047
vt 0.74778146 0.91157830
vt 0.74888521 0.93321556
vt 0.99316514 0.91391122
vt 0.99300337 0.91952091
vt 0.99326777 0.92721629
vt 0.98679817 0.93260276
vt 0.74775177 0.90499091
vt 0.75207955 0.93366897
vt 0.99347997 0.93026012
vt 0.74809653 0.89776886
vt 0.99486637 0.89833659
vt 0.99505395 0.90148866
vt 0.99353337 0.93367147
vt 0.82281792 0.57156909
vt 0.81357193 0.57714361
vt 0.82710892 0.57319367
vt 0.81136173 0.57430625
vt 0.81237411 0.57893574
vt 0.81426758 0.57039332
vt 0.82634926 0.56660855
vt 0.82762927 0.56978106
vt 0.80716747 0.57545352
vt 0.80622798 0.57883102
vt 0.80852836 0.58096731
vt 0.80675250 0.58337563
vt 0.83637255 0.57095122
vt 0.80881619 0.57315040
vt 0.80392355 0.57793176
vt 0.80221212 0.58195013
vt 0.80493420 0.58656257
vt 0.80172557 0.58508462
vt 0.80314952 0.59016848
vt 0.82832968 0.56748909
vt 0.83619237 0.56750035
vt 0.83693796 0.56517792
vt 0.85159379 0.56439281
vt 0.86481321 0.55898917
vt 0.86931825 0.56165797
vt 0.87281281 0.55699247
vt 0.87278956 0.56043380
vt 0.89507562 0.55418015
vt 0.90301573 0.54884058
vt 0.84823638 0.56748563
vt 0.86855084 0.56378967
vt 0.89696419 0.55680472
vt 0.91418332 0.55232108
vt 0.87031817 0.56406885
vt 0.92184240 0.54368043
vt 0.92627120 0.54881036
vt 0.93165421 0.54110777
vt 0.94417119 0.54110497
vt 0.95055979 0.53594512
vt 0.96232581 0.53546959
vt 0.98226404 0.52753335
vt 0.79903531 0.58584309
vt 0.79958069 0.58836752
vt 0.80279630 0.59517986
vt 0.79703820 0.59422380
vt 0.80160248 0.59733641
vt 0.80183506 0.60418260
vt 0.79555655 0.60103953
vt 0.79653764 0.60649776
vt 0.80060333 0.61025310
vt 0.79994637 0.62651402
vt 0.80359995 0.63280356
vt 0.80227208 0.64205176
vt 0.80815887 0.66678631
vt 0.80792695 0.67979884
vt 0.80228508 0.60784632
vt 0.81119710 0.68757433
vt 0.81543046 0.73241580
vt 0.81805646 0.73392957
vt 0.82121336 0.75640547
vt 0.81947702 0.75998354
vt 0.82355905 0.77228135
vt 0.82325000 0.78705961
vt 0.82898813 0.81228977
vt 0.82823110 0.82697928
vt 0.83162808 0.83018219
vt 0.83009976 0.84064084
vt 0.83313495 0.84105420
vt 0.82997376 0.84651124
vt 0.83575726 0.84562254
vt 0.83326709 0.85239494
vt 0.83749926 0.85240388
vt 0.83785480 0.85808605
vt 0.84036016 0.85539305
vt 0.84286392 0.85775030
vt 0.84312803 0.86307770
vt 0.84724844 0.86192560
vt 0.84844178 0.86600387
vt 0.84996712 0.86476266
vt 0.85427612 0.86996996
vt 0.85675347 0.86520320
vt 0.85869837 0.86722451
vt 0.86142004 0.87087220
vt 0.86736053 0.86802316
vt 0.90898728 0.87389231
vt 0.92555326 0.87210566
vt 0.95390087 0.87667793
vt 0.95843637 0.87452018
vt 0.96861070 0.87745929
vt 0.97452551 0.87635005
vt 0.97336012 0.87839925
vt 0.98388398 0.87703234
vt 0.98819023 0.87957108
vt 0.82739848 0.83595705
vt 0.82084310 0.78934473
vt 0.81751049 0.76522797
vt 0.79471952 0.60693967
vt 0.79724878 0.62539852
vt 0.79451442 0.60240650
vt 0.82893699 0.84332943
vt 0.85809427 0.87293565
vt 0.86843377 0.87381566
vt 0.99955034 0.87802017
vt 0.94245309 0.54439956
vt 0.98642492 0.52879769
vt 0.79769933 0.58860117
vt 0.79631084 0.59265018
vt 0.99955034 0.52274978
vt 0.81251585 0.73040521
vt 0.80492288 0.67790699
vt 0.79962611 0.64214313
vt 0.91176707 0.87686425
vt 0.96710336 0.88081110
vt 0.85440421 0.87173015
vt 0.84772134 0.86817288
vt 0.83979201 0.86209261
vt 0.84235072 0.86455727
vt 0.80472672 0.58971184
vt 0.86098111 0.86482418
vt 0.83738458 0.85967469
vt 0.83427966 0.85588467
vt 0.80061466 0.58181441
vt 0.07008311 0.72774696
vt 0.04832375 0.72640890
vt 0.05871706 0.72569788
vt 0.08443225 0.72654903
vt 0.10098318 0.72878706
vt 0.11096446 0.72688335
vt 0.11955290 0.72892576
vt 0.14207305 0.72742581
vt 0.14626853 0.72921485
vt 0.16864590 0.72882301
vt 0.13139161 0.73141104
vt 0.16734004 0.73108923
vt 0.14892888 0.73107946
vt 0.10480863 0.73156089
vt 0.08763510 0.73129582
vt 0.05642051 0.73065960
vt 0.05306068 0.73118591
vt 0.03930890 0.73222208
vt 0.04896978 0.73306251
vt 0.04154457 0.72608668
vt 0.05242790 0.73312670
vt 0.04936288 0.72466177
vt 0.03553578 0.72953296
vt 0.03495487 0.73207450
vt 0.14409012 0.72652161
vt 0.17203444 0.72701126
vt 0.10694388 0.72607112
vt 0.07972760 0.72549546
vt 0.04401951 0.72404599
vt 0.04883175 0.72377902
vt 0.17320789 0.72968668
vt 0.03327393 0.72826159
vt 0.02921286 0.73269498
vt 0.18694517 0.73014867
vt 0.04011892 0.72484988
vt 0.17250633 0.73203516
vt 0.16833372 0.73157090
vt 0.18320563 0.72704339
vt 0.18884937 0.72418028
vt 0.19797696 0.72473276
vt 0.21722169 0.73134136
vt 0.21250944 0.72530162
vt 0.23548928 0.73197967
vt 0.23184270 0.72634941
vt 0.25090939 0.72959954
vt 0.26215979 0.73244256
vt 0.26380402 0.73038226
vt 0.26485765 0.72689939
vt 0.28554675 0.73074991
vt 0.28748894 0.72677267
vt 0.29833630 0.72748756
vt 0.30469564 0.73141748
vt 0.32006270 0.72858226
vt 0.32146871 0.73157823
vt 0.34729847 0.73212552
vt 0.36049992 0.72974539
vt 0.36607921 0.73266095
vt 0.38044405 0.73036188
vt 0.40057403 0.73322785
vt 0.40217727 0.73104709
vt 0.38220856 0.72667301
vt 0.46170235 0.72548592
vt 0.48002052 0.73226106
vt 0.43969715 0.73178434
vt 0.44547111 0.72538394
vt 0.43980262 0.72728032
vt 0.43065837 0.72741228
vt 0.40198803 0.72720611
vt 0.47701570 0.72836399
vt 0.50413054 0.72889948
vt 0.52726638 0.73300117
vt 0.49841568 0.73242652
vt 0.35504976 0.72633630
vt 0.32364073 0.72588342
vt 0.43474865 0.72521663
vt 0.30329350 0.72527421
vt 0.28882077 0.72474331
vt 0.05621167 0.73372149
vt 0.06416539 0.73342395
vt 0.08278214 0.73378849
vt 0.42857838 0.72443843
vt 0.26389256 0.73320717
vt 0.02875133 0.73072851
vt 0.18218678 0.72414947
vt 0.03573657 0.73442137
vt 0.02562950 0.73327440
vt 0.40935138 0.72455657
vt 0.42810878 0.73442137
vt 0.40218616 0.73397648
vt 0.28250903 0.73329222
vt 0.30191597 0.73370171
vt 0.03229843 0.73375893
vt 0.17156918 0.72433835
vt 0.14719208 0.72398585
vt 0.38861150 0.72445345
vt 0.28743750 0.72372580
vt 0.36541319 0.72429359
vt 0.10539217 0.72363776
vt 0.07937394 0.72329736
vt 0.26405904 0.72415584
vt 0.34747228 0.72421771
vt 0.17249984 0.72098064
vt 0.15391198 0.72080070
vt 0.18572891 0.72256851
vt 0.47344038 0.72408402
vt 0.13537066 0.72036737
vt 0.23553127 0.72402126
vt 0.21741559 0.72404122
vt 0.48114431 0.72588980
vt 0.49829710 0.72446060
vt 0.51674122 0.72628647
vt 0.52429861 0.72477156
vt 0.53799403 0.72693753
vt 0.54882687 0.72470874
vt 0.54900646 0.72684175
vt 0.57018727 0.72715932
vt 0.59087187 0.72451830
vt 0.60413450 0.72736079
vt 0.61868870 0.72481906
vt 0.61300820 0.72750211
vt 0.64361876 0.72765809
vt 0.64621872 0.72514552
vt 0.65308142 0.72782552
vt 0.65450859 0.72577482
vt 0.65327406 0.72259867
vt 0.65964204 0.72357416
vt 0.66452575 0.72423011
vt 0.66773438 0.72596031
vt 0.66800612 0.72359306
vt 0.67401081 0.72627652
vt 0.62545639 0.72233784
vt 0.10788541 0.72053605
vt 0.09343277 0.72043401
vt 0.06908731 0.72033137
vt 0.05298779 0.72142267
vt 0.63386494 0.71561927
vt 0.04580985 0.72169083
vt 0.59330261 0.71137381
vt 0.56176800 0.71061325
vt 0.55228263 0.72134137
vt 0.54726100 0.71089315
vt 0.52097416 0.71284223
vt 0.50559527 0.71191543
vt 0.47678322 0.70944929
vt 0.43726158 0.70817196
vt 0.41194838 0.71097684
vt 0.38329831 0.71149433
vt 0.35175860 0.70990056
vt 0.32312426 0.71920002
vt 0.32378000 0.71215075
vt 0.30023217 0.72167408
vt 0.30006281 0.71062940
vt 0.28770322 0.71331054
vt 0.28243101 0.72084308
vt 0.27109870 0.71325725
vt 0.24900851 0.71395445
vt 0.21120033 0.71838593
vt 0.21743082 0.70770007
vt 0.20273688 0.70888561
vt 0.17797789 0.71811563
vt 0.17893013 0.70980436
vt 0.15231474 0.70621389
vt 0.13806909 0.71697617
vt 0.18039212 0.69850498
vt 0.16513014 0.68624496
vt 0.14287797 0.67373419
vt 0.12678953 0.68750888
vt 0.12957236 0.65004545
vt 0.10978770 0.67364025
vt 0.10660724 0.70556110
vt 0.08912810 0.67781138
vt 0.06504592 0.69526553
vt 0.08336686 0.66337597
vt 0.07043245 0.64777768
vt 0.05415406 0.64860660
vt 0.05455698 0.70019072
vt 0.08875593 0.70610237
vt 0.13547213 0.70924437
vt 0.06861807 0.62045342
vt 0.05403398 0.62775099
vt 0.05467103 0.60603797
vt 0.06739344 0.60312861
vt 0.05456446 0.60089022
vt 0.10150276 0.65470982
vt 0.09978269 0.62755418
vt 0.09403404 0.60532892
vt 0.12871577 0.61604661
vt 0.13461035 0.60322469
vt 0.15863992 0.60308915
vt 0.16059910 0.61967272
vt 0.14614958 0.63341039
vt 0.15865131 0.65216941
vt 0.16942304 0.66907996
vt 0.18957655 0.64913738
vt 0.21963142 0.65077531
vt 0.21285178 0.68396026
vt 0.22647274 0.68334228
vt 0.24606715 0.69217873
vt 0.24105445 0.67010486
vt 0.25042015 0.65277886
vt 0.27623469 0.67241973
vt 0.26289135 0.68811917
vt 0.29496634 0.68722820
vt 0.29984543 0.67079425
vt 0.33912948 0.69711059
vt 0.32764351 0.67896223
vt 0.36417371 0.68603760
vt 0.39006811 0.67486876
vt 0.40711871 0.69730055
vt 0.43413839 0.69155937
vt 0.40680149 0.66384917
vt 0.44344950 0.66433340
vt 0.45485690 0.67909533
vt 0.47629598 0.63797450
vt 0.48708618 0.66178823
vt 0.47440168 0.67846370
vt 0.46279612 0.69934916
vt 0.49382287 0.69095677
vt 0.51889765 0.69261611
vt 0.54505646 0.68593782
vt 0.51146382 0.66787446
vt 0.54154539 0.66025525
vt 0.55719215 0.65138429
vt 0.56768793 0.67052621
vt 0.55823058 0.69802266
vt 0.58341628 0.67299163
vt 0.59291613 0.69472498
vt 0.62627751 0.68885839
vt 0.64582741 0.70689666
vt 0.65095091 0.67689240
vt 0.62663454 0.66212791
vt 0.61473811 0.65611321
vt 0.65369153 0.64943701
vt 0.65543604 0.62176692
vt 0.63532281 0.61647755
vt 0.60942495 0.63463646
vt 0.59114283 0.62838775
vt 0.58024454 0.64693397
vt 0.57828593 0.62529218
vt 0.55874830 0.61464447
vt 0.53494567 0.64436769
vt 0.52931881 0.61697614
vt 0.51016825 0.63837588
vt 0.49161959 0.64345479
vt 0.51000434 0.62244248
vt 0.49705192 0.61127305
vt 0.46913812 0.62493151
vt 0.44603536 0.63451970
vt 0.44349167 0.60922605
vt 0.41925830 0.62375027
vt 0.41626287 0.60949838
vt 0.38524374 0.60963517
vt 0.38942602 0.63481611
vt 0.36291748 0.62763822
vt 0.35815200 0.60966140
vt 0.33507636 0.62596601
vt 0.35916120 0.64262557
vt 0.32892519 0.64072216
vt 0.31681684 0.62301862
vt 0.30368355 0.64141440
vt 0.29571113 0.62235683
vt 0.26831481 0.62184650
vt 0.27487740 0.64837939
vt 0.25903028 0.63504589
vt 0.23595089 0.62935030
vt 0.21337786 0.61951548
vt 0.21729621 0.60890210
vt 0.24576096 0.60849625
vt 0.26580903 0.60839218
vt 0.30385131 0.60974127
vt 0.24787524 0.60277158
vt 0.21885428 0.60301733
vt 0.30839291 0.60300612
vt 0.18424964 0.60728502
vt 0.30878201 0.65511733
vt 0.33869049 0.66306114
vt 0.32520357 0.60947156
vt 0.37830901 0.65382576
vt 0.42572191 0.65173429
vt 0.46926343 0.61138761
vt 0.44901353 0.60339665
vt 0.41762155 0.60343188
vt 0.38518611 0.60308754
vt 0.48039702 0.60367143
vt 0.49104100 0.60209483
vt 0.51343787 0.60378528
vt 0.51603401 0.60877270
vt 0.57591933 0.60666764
vt 0.58589184 0.61254770
vt 0.61310929 0.61678636
vt 0.60984433 0.60699368
vt 0.62936676 0.60442096
vt 0.65416682 0.60449499
vt 0.66583705 0.60481417
vt 0.66506577 0.61795288
vt 0.65522063 0.70187962
vt 0.16953327 0.63577139
vt 0.93791789 0.05440432
vt 0.96441287 0.05349332
vt 0.96087635 0.05667770
vt 0.98275363 0.05727988
vt 0.98726529 0.05545080
vt 0.99745762 0.05767024
vt 0.92259580 0.05567181
vt 0.92389101 0.05352533
vt 0.99858952 0.05517447
vt 0.99882531 0.05372256
vt 0.99025565 0.05379677
vt 0.95287097 0.05340749
vt 0.96266747 0.05850649
vt 0.93558538 0.05826920
vt 0.91877234 0.05817747
vt 0.98127681 0.05858129
vt 0.99955034 0.05885261
vt 0.92196459 0.05291790
vt 0.90568936 0.05347979
vt 0.89606351 0.05871308
vt 0.89272094 0.05371904
vt 0.89163667 0.05594558
vt 0.89258134 0.05885261
vt 0.99953389 0.05645388
vt 0.89168298 0.05391592
vt 0.07407641 0.74554932
vt 0.08771386 0.74274313
vt 0.05139340 0.74280399
vt 0.04971093 0.74541795
vt 0.10728223 0.74642128
vt 0.10944548 0.74278498
vt 0.12429710 0.74503064
vt 0.12429762 0.74343222
vt 0.12290153 0.74713308
vt 0.05621433 0.74814838
vt 0.10992675 0.74817342
vt 0.12297124 0.74826902
vt 0.03033005 0.74806279
vt 0.02968542 0.74596810
vt 0.02022472 0.74822748
vt 0.02682259 0.74366558
vt 0.01812551 0.74353832
vt 0.04991584 0.74233431
vt 0.02926547 0.74269032
vt 0.12544964 0.74812353
vt 0.01768692 0.74590760
vt 0.01753597 0.74826902
vt 0.04416355 0.91730696
vt 0.04261027 0.94134241
vt 0.04181655 0.92503887
vt 0.04466445 0.94309026
vt 0.04251179 0.90077025
vt 0.04469123 0.89877611
vt 0.04623805 0.89676511
vt 0.04631295 0.94485444
vt 0.04629978 0.91470587
vt 0.04418752 0.94782400
vt 0.04186034 0.94887811
vt 0.04201645 0.94295573
vt 0.04623805 0.94889450
vt 0.04334725 0.89564788
vt 0.04191358 0.89896923
vt 0.04203828 0.89568657
vt 0.04309322 0.94906032
vt 0.91883594 0.59453923
vt 0.92157871 0.60188156
vt 0.92298639 0.58424491
vt 0.92098022 0.58133423
vt 0.91861510 0.60519868
vt 0.92397135 0.57980615
vt 0.92386359 0.60124236
vt 0.91915506 0.57744718
vt 0.92374164 0.62500817
vt 0.92122775 0.62660307
vt 0.91932017 0.62630975
vt 0.92401081 0.62759644
vt 0.92192537 0.57640541
vt 0.92401081 0.57639802
vt 0.91906494 0.57619870
vt 0.91984200 0.57517308
vt 0.74595326 0.86151057
vt 0.74275678 0.86084348
vt 0.74092090 0.85723740
vt 0.74380302 0.86795253
vt 0.74013740 0.86049455
vt 0.74134463 0.86631739
vt 0.73384821 0.85612172
vt 0.73529065 0.85384530
vt 0.73035616 0.85213119
vt 0.72860461 0.85365218
vt 0.73203570 0.85020059
vt 0.74038035 0.85483968
vt 0.72140998 0.85332674
vt 0.72232574 0.85071462
vt 0.71267736 0.85307568
vt 0.71101230 0.85029161
vt 0.69986856 0.85079455
vt 0.69678468 0.85412043
vt 0.67299157 0.85493636
vt 0.67059362 0.85201770
vt 0.66057646 0.85930812
vt 0.65852612 0.85229987
vt 0.63977224 0.85290015
vt 0.62184781 0.86072409
vt 0.62604809 0.85345840
vt 0.60567206 0.85405570
vt 0.69207793 0.85776490
vt 0.60630572 0.86086076
vt 0.58676666 0.85806650
vt 0.58126032 0.86140543
vt 0.59183538 0.85474896
vt 0.56301308 0.85531312
vt 0.72284311 0.84768307
vt 0.72648680 0.84880114
vt 0.71344578 0.85676092
vt 0.54207850 0.86217028
vt 0.55038452 0.85571116
vt 0.53362387 0.85616189
vt 0.52094716 0.86275798
vt 0.50918674 0.85649598
vt 0.48348394 0.85907489
vt 0.49320763 0.86346012
vt 0.46149093 0.86383283
vt 0.45313135 0.85966176
vt 0.43535382 0.86402887
vt 0.43495095 0.86695105
vt 0.41562036 0.86415815
vt 0.40753555 0.86704051
vt 0.38996625 0.86376345
vt 0.46112752 0.86639875
vt 0.37592733 0.86671853
vt 0.41744363 0.86009037
vt 0.39365801 0.86026621
vt 0.36004102 0.86622250
vt 0.37131971 0.86035138
vt 0.46465719 0.86676985
vt 0.48734543 0.86638957
vt 0.35447347 0.86007702
vt 0.34012190 0.86000103
vt 0.33830997 0.86588806
vt 0.72568917 0.85619140
vt 0.47867799 0.85708427
vt 0.45798096 0.85745013
vt 0.33810917 0.86181384
vt 0.32301018 0.86580247
vt 0.72783339 0.85798919
vt 0.31201714 0.86202300
vt 0.32166287 0.86795253
vt 0.29549661 0.86461556
vt 0.28901529 0.86204267
vt 0.27749079 0.86394924
vt 0.25933996 0.86129582
vt 0.26051441 0.86309373
vt 0.24716145 0.86270303
vt 0.27916977 0.86730379
vt 0.29571709 0.86753696
vt 0.25722906 0.86683875
vt 0.73227870 0.85954177
vt 0.71724200 0.84698933
vt 0.70506990 0.84876025
vt 0.73696762 0.86015809
vt 0.73854166 0.86500317
vt 0.24507791 0.86610460
vt 0.67156273 0.85007620
vt 0.65802681 0.85015196
vt 0.73715883 0.85238451
vt 0.23182964 0.86631161
vt 0.23375760 0.86371797
vt 0.22121920 0.86346674
vt 0.50387257 0.86597639
vt 0.52385741 0.86561811
vt 0.74340910 0.85693318
vt 0.23982453 0.86134464
vt 0.22080745 0.86075985
vt 0.20704280 0.86309010
vt 0.20135523 0.86000931
vt 0.25275430 0.86187679
vt 0.45279413 0.85690784
vt 0.70212179 0.84712070
vt 0.44021556 0.85732257
vt 0.24141487 0.85937095
vt 0.25511846 0.86029261
vt 0.63135737 0.85078710
vt 0.33769801 0.85921472
vt 0.32452574 0.85960394
vt 0.42433044 0.85758138
vt 0.60777581 0.85204428
vt 0.40744448 0.85796016
vt 0.66639471 0.84855467
vt 0.30499840 0.85977197
vt 0.28651658 0.86032808
vt 0.55562252 0.85451812
vt 0.23913358 0.85790640
vt 0.38035706 0.85827941
vt 0.22883928 0.85781854
vt 0.21063772 0.85753983
vt 0.63582045 0.84946555
vt 0.72746730 0.84663564
vt 0.73071283 0.84755301
vt 0.16449916 0.85571605
vt 0.61681360 0.84952939
vt 0.14867666 0.85781831
vt 0.11459462 0.85390496
vt 0.10741935 0.85604054
vt 0.51603454 0.85277498
vt 0.48807630 0.85342103
vt 0.60287809 0.84962302
vt 0.57581472 0.85101706
vt 0.54979050 0.85191691
vt 0.10277428 0.85391188
vt 0.09757194 0.85538703
vt 0.28076729 0.85797691
vt 0.46389446 0.85270870
vt 0.71997446 0.84322453
vt 0.86885417 0.94311464
vt 0.87128580 0.94535738
vt 0.86611295 0.94152886
vt 0.86717391 0.94384271
vt 0.87277967 0.94896817
vt 0.85955709 0.93927175
vt 0.86163044 0.94212830
vt 0.86910164 0.94992560
vt 0.86263603 0.94497705
vt 0.86522514 0.94703734
vt 0.85715789 0.94417191
vt 0.87213522 0.95294750
vt 0.87455034 0.95499504
vt 0.85366231 0.94209462
vt 0.85171938 0.93941510
vt 0.82563001 0.94062728
vt 0.81929642 0.94010210
vt 0.82553309 0.94249630
vt 0.80837739 0.94265145
vt 0.79535371 0.94083804
vt 0.78760600 0.94313639
vt 0.76320487 0.94169235
vt 0.75968742 0.94403696
vt 0.84836501 0.93719089
vt 0.74136090 0.94522309
vt 0.72727138 0.94346189
vt 0.71885920 0.94608337
vt 0.70138407 0.94391763
vt 0.70015389 0.94623262
vt 0.66936392 0.94512844
vt 0.66957635 0.94753695
vt 0.64557129 0.94633693
vt 0.64216471 0.94867295
vt 0.82380223 0.93799138
vt 0.85426331 0.93751830
vt 0.63559836 0.94853628
vt 0.63597745 0.95156759
vt 0.62904674 0.95070630
vt 0.64504212 0.95265836
vt 0.64949268 0.95202875
vt 0.64268202 0.94511753
vt 0.67086160 0.95119345
vt 0.70112318 0.94997638
vt 0.63387895 0.95499504
vt 0.64194107 0.95439398
vt 0.79867905 0.93900448
vt 0.80158412 0.94589084
vt 0.78013176 0.94662184
vt 0.75457257 0.94754332
vt 0.86777502 0.94929934
vt 0.73534989 0.94822764
vt 0.82445288 0.94489717
vt 0.83830190 0.94486308
vt 0.65426892 0.94425863
vt 0.75663584 0.94059736
vt 0.71235430 0.94211107
vt 0.85314339 0.94474518
vt 0.85852969 0.93804759
vt 0.63525230 0.94648224
vt 0.62943590 0.94916028
vt 0.63084531 0.91413105
vt 0.62994605 0.93224531
vt 0.62994605 0.90850645
vt 0.72091633 0.12590146
vt 0.74710411 0.12595320
vt 0.73536927 0.13640255
vt 0.71043420 0.13711572
vt 0.74562627 0.14885449
vt 0.71104777 0.15111125
vt 0.72545266 0.16301465
vt 0.71544439 0.18100345
vt 0.74497563 0.16866857
vt 0.71090376 0.20301777
vt 0.75249839 0.19327217
vt 0.73544300 0.20943046
vt 0.75797737 0.22215343
vt 0.73874807 0.23014450
vt 0.76136160 0.24587333
vt 0.74136835 0.24533063
vt 0.74760026 0.26219070
vt 0.77339196 0.27151573
vt 0.76794732 0.28793716
vt 0.73075640 0.27182889
vt 0.74741548 0.29350722
vt 0.75095713 0.30959284
vt 0.78863627 0.31374377
vt 0.71977592 0.30932570
vt 0.74302828 0.32329607
vt 0.72697020 0.33857036
vt 0.75076318 0.35159999
vt 0.72152275 0.35980058
vt 0.73844922 0.37637329
vt 0.73444891 0.39216411
vt 0.75245142 0.38047373
vt 0.75869673 0.40462637
vt 0.73861980 0.41654408
vt 0.74645627 0.42977834
vt 0.76202238 0.43474531
vt 0.74242073 0.45762557
vt 0.75827402 0.46010363
vt 0.74422652 0.48339438
vt 0.75975317 0.49733412
vt 0.72994334 0.50115556
vt 0.76010680 0.51451164
vt 0.73299921 0.52489001
vt 0.74058747 0.53896278
vt 0.71654254 0.53028888
vt 0.73456520 0.56081772
vt 0.75661218 0.55604619
vt 0.74715322 0.57627732
vt 0.73236746 0.59461874
vt 0.74704289 0.60926718
vt 0.72870088 0.63292199
vt 0.75198847 0.63883209
vt 0.73411602 0.66114223
vt 0.76970291 0.66737938
vt 0.75062686 0.67085201
vt 0.76469201 0.69060171
vt 0.77773941 0.68508387
vt 0.75122720 0.70172346
vt 0.78850174 0.66692930
vt 0.78877985 0.68674254
vt 0.77927148 0.71830279
vt 0.78615671 0.75139028
vt 0.77291775 0.75973278
vt 0.78219086 0.79124159
vt 0.75599843 0.79124093
vt 0.77208072 0.79932582
vt 0.72286564 0.80017960
vt 0.71882129 0.79127789
vt 0.74491805 0.77433890
vt 0.72406989 0.76523751
vt 0.74348468 0.73504621
vt 0.75958943 0.74238139
vt 0.72901267 0.72865742
vt 0.74464428 0.71379584
vt 0.72269118 0.71554762
vt 0.71332854 0.68456036
vt 0.68661600 0.71646363
vt 0.69912034 0.74848282
vt 0.68554902 0.76662576
vt 0.70046407 0.79622865
vt 0.68532532 0.79141289
vt 0.68117076 0.78241414
vt 0.67897093 0.79694498
vt 0.67863214 0.76733482
vt 0.68128103 0.75876683
vt 0.68084157 0.71259928
vt 0.68561196 0.68370664
vt 0.68103379 0.68252480
vt 0.68238533 0.63595623
vt 0.68736720 0.64340478
vt 0.68539327 0.62117547
vt 0.67794925 0.59642047
vt 0.71036887 0.76941550
vt 0.71359134 0.74583679
vt 0.69783002 0.68479347
vt 0.71654814 0.64247257
vt 0.71463501 0.60451198
vt 0.68445170 0.59156024
vt 0.70764846 0.58176655
vt 0.72086453 0.56596351
vt 0.70157665 0.55368656
vt 0.68693352 0.53120762
vt 0.68401623 0.56073403
vt 0.70038277 0.49619782
vt 0.72852361 0.47586244
vt 0.71000230 0.48057461
vt 0.72296780 0.45532799
vt 0.70545608 0.45105004
vt 0.68976378 0.47155559
vt 0.68904203 0.43976736
vt 0.68689203 0.40830076
vt 0.70326418 0.41849774
vt 0.72184426 0.42322248
vt 0.71092868 0.40173143
vt 0.68771535 0.38210833
vt 0.71065480 0.37812388
vt 0.69953275 0.36140406
vt 0.68631482 0.35549366
vt 0.68872637 0.49545503
vt 0.78961712 0.80409014
vt 0.78916764 0.79124421
vt 0.77536350 0.64338511
vt 0.77415615 0.62057561
vt 0.78540087 0.61636668
vt 0.78574818 0.64128321
vt 0.77832121 0.58042163
vt 0.79060531 0.58357036
vt 0.79065490 0.56217945
vt 0.77852368 0.55111146
vt 0.76192230 0.58176976
vt 0.75820053 0.53245986
vt 0.77924573 0.52621591
vt 0.78768516 0.53075022
vt 0.78790188 0.54827768
vt 0.79073578 0.50069529
vt 0.78675783 0.49632704
vt 0.77419186 0.49706572
vt 0.77159804 0.46371508
vt 0.78569388 0.47350144
vt 0.78567034 0.44936800
vt 0.78012329 0.43230939
vt 0.78758138 0.40841258
vt 0.76698846 0.38158351
vt 0.77640629 0.36497450
vt 0.78872091 0.38178253
vt 0.78871089 0.35096288
vt 0.76892751 0.34884429
vt 0.77790588 0.32202166
vt 0.76009333 0.33313358
vt 0.70170486 0.33773148
vt 0.70450878 0.28765857
vt 0.70548445 0.25813007
vt 0.72238356 0.23931772
vt 0.71460891 0.22052568
vt 0.70219421 0.22733426
vt 0.68805361 0.21735460
vt 0.68889099 0.24245960
vt 0.68725187 0.26338917
vt 0.69651568 0.21127272
vt 0.68679011 0.28350556
vt 0.68663710 0.29732561
vt 0.68701571 0.32242012
vt 0.78869092 0.28502512
vt 0.78840470 0.25516456
vt 0.77590847 0.23723805
vt 0.78890777 0.23981512
vt 0.78548229 0.21683317
vt 0.76609898 0.20576513
vt 0.77748412 0.18700641
vt 0.78660506 0.17521060
vt 0.77758455 0.15663320
vt 0.78656501 0.13952386
vt 0.76533812 0.14600885
vt 0.69033927 0.17690444
vt 0.68774760 0.14721751
vt 0.68746758 0.13329077
vt 0.68817002 0.12579590
vt 0.77157813 0.12608051
vt 0.78752798 0.12644941
vt 0.79090148 0.45214450
vt 0.79091263 0.47078431
vt 0.79168802 0.41503417
vt 0.79081821 0.42072403
vt 0.79092455 0.43462586
vt 0.78886390 0.73695213
vt 0.78972685 0.21891624
vt 0.79017770 0.18527704
vt 0.79045206 0.14599311
vt 0.78876978 0.61010063
vt 0.79080099 0.63824838
vt 0.69100910 0.80660623
vt 0.67856187 0.80772889
vt 0.79092437 0.60382205
vt 0.68139499 0.13990116
vt 0.68140006 0.12625647
vt 0.68096679 0.21969891
vt 0.68100411 0.18511117
vt 0.68527490 0.18795371
vt 0.68016309 0.17477286
vt 0.68113858 0.24610364
vt 0.68059087 0.26687241
vt 0.79095453 0.12938470
vt 0.78836507 0.65569240
vt 0.79181653 0.52931291
vt 0.67795187 0.51801884
vt 0.67853284 0.47305429
vt 0.67840368 0.49701262
vt 0.68166643 0.38100600
vt 0.68119174 0.41484863
vt 0.67852998 0.45139110
vt 0.79178113 0.54517168
vt 0.71936399 0.80987817
vt 0.67913705 0.81009710
vt 0.75828338 0.80709010
vt 0.79111218 0.80968642
vt 0.79061693 0.54769039
vt 0.79181653 0.39221334
vt 0.67820317 0.73701912
vt 0.67714471 0.70568115
vt 0.74929690 0.81001234
vt 0.68127578 0.29139936
vt 0.68057793 0.35346037
vt 0.68060786 0.31571805
vt 0.67803276 0.62948447
vt 0.67821121 0.68109375
vt 0.78978854 0.65323508
vt 0.67809874 0.40622288
vt 0.67811549 0.35987401
vt 0.67628157 0.45260167
vt 0.67580932 0.43143809
vt 0.67889172 0.28524745
vt 0.67835265 0.29913032
vt 0.67618042 0.48104221
vt 0.67844796 0.26256496
vt 0.67748046 0.27499592
vt 0.67826569 0.33699179
vt 0.67915922 0.13190824
vt 0.67979062 0.12081784
vt 0.67925709 0.12555528
vt 0.79147154 0.12327027
vt 0.67861146 0.24226195
vt 0.68229610 0.11811209
vt 0.67673117 0.75702316
vt 0.67626464 0.52244014
vt 0.67673039 0.67768812
vt 0.67632544 0.61687309
vt 0.67609137 0.56668866
vt 0.70938838 0.12054193
vt 0.72539508 0.11877024
vt 0.75225854 0.12051213
vt 0.78957653 0.11865246
vt 0.71351218 0.81225032
vt 0.67620337 0.40594399
vt 0.67600065 0.38273215
vt 0.79104990 0.81355095
vt 0.74742371 0.81282657
vt 0.75816691 0.11811560
vt 0.67914629 0.18525702
vt 0.67908436 0.21549714
vt 0.70476300 0.11645865
vt 0.67922437 0.11325419
vt 0.68222922 0.11454493
vt 0.89703190 0.80132115
vt 0.90846902 0.77957690
vt 0.89470291 0.77367443
vt 0.89937621 0.74864084
vt 0.90940815 0.74353749
vt 0.90918428 0.81025583
vt 0.89836329 0.82916510
vt 0.90798241 0.83317769
vt 0.90414912 0.72691458
vt 0.87814748 0.73443085
vt 0.90907389 0.72639763
vt 0.89001906 0.74342179
vt 0.91063893 0.77910751
vt 0.91248840 0.72741860
vt 0.90856403 0.84639668
vt 0.91476995 0.84264815
vt 0.91470271 0.82056576
vt 0.91449070 0.84753895
vt 0.91425192 0.74326211
vt 0.91416305 0.77831322
vt 0.91632187 0.78242463
vt 0.91861510 0.84767443
vt 0.91861510 0.72551930
vt 0.91784948 0.74115741
vt 0.90792203 0.84817010
vt 0.89683360 0.84650010
vt 0.78162420 0.06320351
vt 0.78621179 0.06207836
vt 0.77970690 0.05356771
vt 0.80022269 0.04823041
vt 0.80529964 0.05616498
vt 0.82345414 0.04196578
vt 0.82380921 0.05126911
vt 0.84627444 0.04202878
vt 0.86814249 0.02982944
vt 0.86961746 0.03926486
vt 0.88803959 0.03243870
vt 0.88639331 0.02476889
vt 0.78196502 0.05111289
vt 0.81433040 0.04224277
vt 0.88791060 0.02225518
vt 0.84663725 0.03341568
vt 0.77792186 0.04605663
vt 0.84554493 0.02773511
vt 0.82159144 0.03433836
vt 0.80479676 0.03878099
vt 0.78210640 0.04425865
vt 0.77562952 0.04934967
vt 0.77832258 0.05812806
vt 0.78393352 0.07661521
vt 0.78670502 0.07644361
vt 0.79387438 0.11079097
vt 0.79508704 0.10453057
vt 0.80301893 0.14862204
vt 0.79132146 0.10851908
vt 0.80123496 0.15222108
vt 0.80707109 0.17817253
vt 0.82226104 0.24683827
vt 0.80869997 0.17446482
vt 0.82317573 0.23915064
vt 0.82996231 0.27037615
vt 0.83605206 0.30692077
vt 0.84478313 0.33530730
vt 0.84402037 0.34175313
vt 0.85267758 0.37982070
vt 0.85421205 0.38218886
vt 0.85975158 0.41403002
vt 0.85456336 0.35180414
vt 0.86339772 0.41775531
vt 0.86919898 0.41623938
vt 0.86268586 0.38714063
vt 0.84965086 0.32880902
vt 0.83927059 0.28828180
vt 0.86522084 0.43467808
vt 0.87150526 0.45249766
vt 0.87154227 0.46337116
vt 0.87904531 0.48621339
vt 0.88608539 0.52826929
vt 0.88686544 0.51984364
vt 0.86629856 0.44658983
vt 0.88803959 0.53165185
vt 0.87285680 0.78566903
vt 0.87011844 0.75610811
vt 0.86309844 0.77525216
vt 0.87305063 0.80492872
vt 0.86137956 0.80790931
vt 0.86903548 0.82252753
vt 0.84217626 0.82943249
vt 0.87265849 0.75672591
vt 0.87360883 0.82533813
vt 0.86937284 0.71850926
vt 0.87197226 0.71816444
vt 0.87145370 0.69683480
vt 0.87536895 0.82546276
vt 0.87544966 0.85014838
vt 0.87544966 0.80186111
vt 0.87484264 0.75597501
vt 0.87354404 0.71728176
vt 0.79901081 0.36071777
vt 0.79390889 0.33382785
vt 0.79359257 0.35387301
vt 0.79271585 0.38551843
vt 0.79457945 0.38880205
vt 0.79901081 0.39735317
vt 0.79637468 0.40336728
vt 0.79629862 0.42383778
vt 0.21706918 0.80168152
vt 0.17850719 0.80563796
vt 0.22053355 0.80560881
vt 0.24505396 0.80563796
vt 0.97347122 0.65024376
vt 0.97674143 0.65324664
vt 0.97706836 0.68397623
vt 0.97706836 0.63254201
vt 0.80710429 0.28888142
vt 0.80555838 0.30847257
vt 0.80394191 0.29431903
vt 0.80170864 0.31171608
vt 0.80710429 0.33382785
vt 0.80453682 0.26854599
vt 0.80262786 0.29567730
vt 0.85610306 0.29030663
vt 0.84397483 0.29228485
vt 0.86915469 0.29228485
vt 0.61064351 0.92735106
vt 0.60566545 0.93323439
vt 0.61465830 0.93323439
vt 0.60774267 0.92729968
vt 0.97706836 0.00148368
vt 0.97706836 0.01038575
vt 0.97347122 0.00711817
f 2575/2575 2574/2574 2537/2537
f 2575/2575 2609/2609 2574/2574
f 2553/2553 2535/2535 2561/2561
f 2561/2561 2535/2535 2569/2569
f 2535/2535 2549/2549 2569/2569
f 2569/2569 2549/2549 2570/2570
f 2570/2570 2549/2549 2571/2571
f 2549/2549 2563/2563 2571/2571
f 2537/2537 2536/2536 2552/2552
f 2552/2552 2536/2536 2553/2553
f 2553/2553 2536/2536 2535/2535
f 2549/2549 2539/2539 2563/2563
f 2539/2539 2551/2551 2563/2563
f 2563/2563 2551/2551 2564/2564
f 2631/2631 2619/2619 2574/2574
f 2574/2574 2573/2573 2537/2537
f 2535/2535 2538/2538 2549/2549
f 2549/2549 2538/2538 2539/2539
f 2539/2539 2540/2540 2551/2551
f 2573/2573 2534/2534 2537/2537
f 2537/2537 2510/2510 2536/2536
f 2536/2536 2511/2511 2535/2535
f 2538/2538 2494/2494 2539/2539
f 2539/2539 2495/2495 2540/2540
f 2574/2574 2619/2619 2573/2573
f 2534/2534 2510/2510 2537/2537
f 2510/2510 2511/2511 2536/2536
f 2511/2511 2493/2493 2535/2535
f 2535/2535 2493/2493 2538/2538
f 2493/2493 2494/2494 2538/2538
f 2494/2494 2495/2495 2539/2539
f 2511/2511 2491/2491 2493/2493
f 2495/2495 2497/2497 2540/2540
f 2497/2497 2580/2580 2551/2551
f 2540/2540 2497/2497 2551/2551
f 2493/2493 2492/2492 2494/2494
f 2494/2494 2492/2492 2495/2495
f 2493/2493 2491/2491 2492/2492
f 2492/2492 2496/2496 2495/2495
f 2497/2497 2503/2503 2580/2580
f 2510/2510 2509/2509 2511/2511
f 2496/2496 2497/2497 2495/2495
f 2503/2503 2582/2582 2580/2580
f 2619/2619 2583/2583 2573/2573
f 2573/2573 2583/2583 2534/2534
f 2511/2511 2509/2509 2491/2491
f 2491/2491 2490/2490 2492/2492
f 2534/2534 2512/2512 2510/2510
f 2492/2492 2490/2490 2504/2504
f 2492/2492 2504/2504 2496/2496
f 2619/2619 2622/2622 2583/2583
f 2512/2512 2508/2508 2510/2510
f 2510/2510 2508/2508 2509/2509
f 2496/2496 2498/2498 2497/2497
f 2583/2583 2512/2512 2534/2534
f 2496/2496 2499/2499 2498/2498
f 2497/2497 2498/2498 2503/2503
f 2503/2503 2581/2581 2582/2582
f 2496/2496 2504/2504 2499/2499
f 2508/2508 2505/2505 2509/2509
f 2509/2509 2505/2505 2491/2491
f 2622/2622 2616/2616 2583/2583
f 2512/2512 2507/2507 2508/2508
f 2491/2491 2505/2505 2489/2489
f 2491/2491 2489/2489 2490/2490
f 2490/2490 2488/2488 2504/2504
f 2504/2504 2488/2488 2499/2499
f 2499/2499 2500/2500 2498/2498
f 2508/2508 2507/2507 2505/2505
f 2505/2505 2506/2506 2489/2489
f 2489/2489 2488/2488 2490/2490
f 2498/2498 2502/2502 2503/2503
f 2503/2503 2502/2502 2581/2581
f 2507/2507 2506/2506 2505/2505
f 2512/2512 2521/2521 2507/2507
f 2502/2502 2579/2579 2581/2581
f 2583/2583 2616/2616 2590/2590
f 2583/2583 2550/2550 2512/2512
f 2512/2512 2550/2550 2521/2521
f 2499/2499 2488/2488 2500/2500
f 2590/2590 2616/2616 2617/2617
f 2583/2583 2590/2590 2550/2550
f 2488/2488 2487/2487 2500/2500
f 2489/2489 2486/2486 2488/2488
f 2500/2500 2487/2487 2501/2501
f 2500/2500 2501/2501 2498/2498
f 2498/2498 2501/2501 2502/2502
f 2507/2507 2513/2513 2506/2506
f 2506/2506 2486/2486 2489/2489
f 2486/2486 2487/2487 2488/2488
f 2501/2501 2524/2524 2502/2502
f 2502/2502 2524/2524 2579/2579
f 2506/2506 2513/2513 2486/2486
f 2521/2521 2513/2513 2507/2507
f 2501/2501 2487/2487 2522/2522
f 2610/2610 2572/2572 2590/2590
f 2590/2590 2617/2617 2610/2610
f 2590/2590 2572/2572 2550/2550
f 2522/2522 2523/2523 2501/2501
f 2501/2501 2523/2523 2524/2524
f 2550/2550 2520/2520 2521/2521
f 2486/2486 2522/2522 2487/2487
f 2521/2521 2520/2520 2513/2513
f 2524/2524 2578/2578 2579/2579
f 2572/2572 2520/2520 2550/2550
f 2486/2486 2530/2530 2522/2522
f 2530/2530 2527/2527 2523/2523
f 2530/2530 2523/2523 2522/2522
f 2520/2520 2518/2518 2513/2513
f 2513/2513 2514/2514 2486/2486
f 2486/2486 2514/2514 2529/2529
f 2486/2486 2529/2529 2530/2530
f 2513/2513 2518/2518 2515/2515
f 2513/2513 2515/2515 2514/2514
f 2523/2523 2525/2525 2524/2524
f 2525/2525 2577/2577 2578/2578
f 2524/2524 2525/2525 2578/2578
f 2572/2572 2610/2610 2612/2612
f 2530/2530 2529/2529 2527/2527
f 2520/2520 2519/2519 2518/2518
f 2529/2529 2531/2531 2527/2527
f 2526/2526 2525/2525 2523/2523
f 2527/2527 2528/2528 2523/2523
f 2572/2572 2546/2546 2520/2520
f 2520/2520 2546/2546 2519/2519
f 2531/2531 2528/2528 2527/2527
f 2518/2518 2517/2517 2515/2515
f 2523/2523 2528/2528 2526/2526
f 2612/2612 2548/2548 2572/2572
f 2572/2572 2548/2548 2546/2546
f 2519/2519 2517/2517 2518/2518
f 2529/2529 2514/2514 2531/2531
f 2612/2612 2613/2613 2548/2548
f 2546/2546 2517/2517 2519/2519
f 2517/2517 2516/2516 2515/2515
f 2515/2515 2516/2516 2514/2514
f 2514/2514 2532/2532 2531/2531
f 2531/2531 2532/2532 2528/2528
f 2525/2525 2526/2526 2577/2577
f 2526/2526 2554/2554 2577/2577
f 2516/2516 2533/2533 2514/2514
f 2514/2514 2533/2533 2532/2532
f 2533/2533 2545/2545 2532/2532
f 2541/2541 2542/2542 2516/2516
f 2517/2517 2541/2541 2516/2516
f 2516/2516 2542/2542 2533/2533
f 2532/2532 2544/2544 2528/2528
f 2528/2528 2543/2543 2526/2526
f 2526/2526 2543/2543 2554/2554
f 2548/2548 2547/2547 2546/2546
f 2547/2547 2541/2541 2517/2517
f 2546/2546 2547/2547 2517/2517
f 2542/2542 2545/2545 2533/2533
f 2545/2545 2544/2544 2532/2532
f 2528/2528 2544/2544 2543/2543
f 2613/2613 2630/2630 2548/2548
f 2545/2545 2556/2556 2544/2544
f 2544/2544 2556/2556 2559/2559
f 2541/2541 2557/2557 2542/2542
f 2557/2557 2556/2556 2545/2545
f 2542/2542 2557/2557 2545/2545
f 2544/2544 2555/2555 2543/2543
f 2543/2543 2555/2555 2554/2554
f 2630/2630 2618/2618 2548/2548
f 2548/2548 2618/2618 2562/2562
f 2548/2548 2562/2562 2547/2547
f 2556/2556 2567/2567 2559/2559
f 2559/2559 2567/2567 2566/2566
f 2559/2559 2566/2566 2544/2544
f 2544/2544 2566/2566 2568/2568
f 2544/2544 2568/2568 2555/2555
f 2568/2568 2566/2566 2591/2591
f 2604/2604 2609/2609 2575/2575
f 2575/2575 2576/2576 2589/2589
f 2604/2604 2575/2575 2589/2589
f 2576/2576 2588/2588 2589/2589
f 2589/2589 2588/2588 2596/2596
f 2596/2596 2588/2588 2587/2587
f 2596/2596 2587/2587 2597/2597
f 2597/2597 2587/2587 2598/2598
f 2587/2587 2586/2586 2598/2598
f 2598/2598 2586/2586 2585/2585
f 2598/2598 2585/2585 2599/2599
f 2599/2599 2585/2585 2593/2593
f 2599/2599 2593/2593 2605/2605
f 2588/2588 2576/2576 2560/2560
f 2588/2588 2560/2560 2587/2587
f 2587/2587 2560/2560 2561/2561
f 2587/2587 2561/2561 2586/2586
f 2561/2561 2569/2569 2586/2586
f 2569/2569 2570/2570 2586/2586
f 2586/2586 2570/2570 2585/2585
f 2570/2570 2571/2571 2585/2585
f 2585/2585 2571/2571 2593/2593
f 2571/2571 2614/2614 2605/2605
f 2593/2593 2571/2571 2605/2605
f 2632/2632 2631/2631 2609/2609
f 2537/2537 2552/2552 2560/2560
f 2576/2576 2537/2537 2560/2560
f 2552/2552 2553/2553 2560/2560
f 2560/2560 2553/2553 2561/2561
f 2631/2631 2632/2632 2647/2647
f 2631/2631 2574/2574 2609/2609
f 2631/2631 2637/2637 2619/2619
f 2631/2631 2647/2647 2637/2637
f 2637/2637 2622/2622 2619/2619
f 2647/2647 2658/2658 2637/2637
f 2637/2637 2638/2638 2616/2616
f 2637/2637 2616/2616 2622/2622
f 2658/2658 2656/2656 2638/2638
f 2637/2637 2658/2658 2638/2638
f 2656/2656 2657/2657 2639/2639
f 2656/2656 2639/2639 2638/2638
f 2638/2638 2639/2639 2616/2616
f 2639/2639 2617/2617 2616/2616
f 2639/2639 2610/2610 2617/2617
f 2657/2657 2640/2640 2639/2639
f 2639/2639 2640/2640 2610/2610
f 2640/2640 2641/2641 2612/2612
f 2640/2640 2612/2612 2610/2610
f 2641/2641 2630/2630 2612/2612
f 2641/2641 2652/2652 2630/2630
f 2630/2630 2613/2613 2612/2612
f 2630/2630 2652/2652 2659/2659
f 2630/2630 2659/2659 2618/2618
f 2541/2541 2558/2558 2557/2557
f 2618/2618 2659/2659 2660/2660
f 2558/2558 2565/2565 2557/2557
f 2565/2565 2567/2567 2556/2556
f 2557/2557 2565/2565 2556/2556
f 2618/2618 2660/2660 2621/2621
f 2618/2618 2621/2621 2562/2562
f 2558/2558 2584/2584 2565/2565
f 2565/2565 2584/2584 2567/2567
f 2567/2567 2584/2584 2592/2592
f 2592/2592 2591/2591 2567/2567
f 2567/2567 2591/2591 2566/2566
f 2591/2591 2606/2606 2568/2568
f 2562/2562 2594/2594 2558/2558
f 2584/2584 2601/2601 2592/2592
f 2592/2592 2602/2602 2591/2591
f 2602/2602 2603/2603 2591/2591
f 2591/2591 2607/2607 2606/2606
f 2621/2621 2595/2595 2562/2562
f 2562/2562 2595/2595 2594/2594
f 2558/2558 2594/2594 2584/2584
f 2584/2584 2594/2594 2600/2600
f 2584/2584 2600/2600 2601/2601
f 2601/2601 2602/2602 2592/2592
f 2603/2603 2607/2607 2591/2591
f 1553/1553 1549/1549 1474/1474
f 2644/2644 2604/2604 2623/2623
f 2623/2623 2589/2589 2624/2624
f 2624/2624 2589/2589 2611/2611
f 2611/2611 2608/2608 2629/2629
f 2629/2629 2608/2608 2625/2625
f 2644/2644 2643/2643 2604/2604
f 1553/1553 1474/1474 1393/1393
f 2589/2589 2596/2596 2611/2611
f 2596/2596 2608/2608 2611/2611
f 2608/2608 2599/2599 2625/2625
f 2625/2625 2599/2599 2626/2626
f 2625/2625 2626/2626 2627/2627
f 2627/2627 2626/2626 2642/2642
f 1393/1393 1392/1392 1504/1504
f 1392/1392 1432/1432 1504/1504
f 1392/1392 1302/1302 1432/1432
f 2801/2801 2787/2787 2821/2821
f 2821/2821 2789/2789 2846/2846
f 2789/2789 2867/2867 2846/2846
f 2898/2898 2843/2843 2836/2836
f 2836/2836 2843/2843 2814/2814
f 2836/2836 2814/2814 2820/2820
f 2821/2821 2787/2787 2789/2789
f 2788/2788 2786/2786 2787/2787
f 1302/1302 1241/1241 1432/1432
f 2898/2898 2897/2897 2843/2843
f 2843/2843 2813/2813 2814/2814
f 2814/2814 2813/2813 2797/2797
f 2814/2814 2797/2797 2799/2799
f 2786/2786 2783/2783 2787/2787
f 2787/2787 2783/2783 2789/2789
f 2789/2789 2783/2783 2784/2784
f 2784/2784 2830/2830 2789/2789
f 2789/2789 2830/2830 2867/2867
f 2897/2897 2849/2849 2843/2843
f 2843/2843 2849/2849 2813/2813
f 2786/2786 2788/2788 2796/2796
f 2813/2813 2812/2812 2797/2797
f 2796/2796 2785/2785 2786/2786
f 2786/2786 2785/2785 2783/2783
f 2783/2783 2772/2772 2784/2784
f 2784/2784 2772/2772 2830/2830
f 2796/2796 2794/2794 2785/2785
f 2772/2772 2828/2828 2830/2830
f 2830/2830 2828/2828 2867/2867
f 2897/2897 2899/2899 2849/2849
f 1241/1241 1324/1324 1432/1432
f 2785/2785 2780/2780 2783/2783
f 1432/1432 1324/1324 1433/1433
f 2849/2849 2810/2810 2813/2813
f 2783/2783 2780/2780 2772/2772
f 2899/2899 2864/2864 2849/2849
f 2849/2849 2864/2864 2810/2810
f 2828/2828 2891/2891 2867/2867
f 2813/2813 2810/2810 2812/2812
f 2794/2794 2780/2780 2785/2785
f 2812/2812 2810/2810 2811/2811
f 2794/2794 2795/2795 2780/2780
f 1433/1433 1324/1324 1337/1337
f 1433/1433 1337/1337 1442/1442
f 2810/2810 2809/2809 2811/2811
f 2811/2811 2795/2795 2794/2794
f 2899/2899 2908/2908 2864/2864
f 2864/2864 2808/2808 2810/2810
f 2811/2811 2809/2809 2795/2795
f 2780/2780 2768/2768 2772/2772
f 2808/2808 2809/2809 2810/2810
f 2795/2795 2779/2779 2780/2780
f 2780/2780 2779/2779 2768/2768
f 2809/2809 2804/2804 2795/2795
f 2802/2802 2779/2779 2795/2795
f 2808/2808 2804/2804 2809/2809
f 2804/2804 2802/2802 2795/2795
f 2908/2908 2863/2863 2864/2864
f 2864/2864 2863/2863 2808/2808
f 2768/2768 2770/2770 2772/2772
f 2772/2772 2770/2770 2828/2828
f 1337/1337 1322/1322 1441/1441
f 1442/1442 1337/1337 1441/1441
f 2863/2863 2806/2806 2808/2808
f 2808/2808 2806/2806 2804/2804
f 2779/2779 2778/2778 2768/2768
f 2768/2768 2769/2769 2770/2770
f 2908/2908 2907/2907 2863/2863
f 2804/2804 2803/2803 2802/2802
f 2802/2802 2803/2803 2779/2779
f 2803/2803 2791/2791 2779/2779
f 2779/2779 2791/2791 2778/2778
f 2778/2778 2769/2769 2768/2768
f 2907/2907 2854/2854 2863/2863
f 2863/2863 2854/2854 2806/2806
f 2854/2854 2807/2807 2806/2806
f 2806/2806 2807/2807 2804/2804
f 2804/2804 2792/2792 2803/2803
f 2803/2803 2792/2792 2791/2791
f 2791/2791 2792/2792 2778/2778
f 2907/2907 2910/2910 2854/2854
f 2804/2804 2805/2805 2792/2792
f 2828/2828 2883/2883 2891/2891
f 2807/2807 2805/2805 2804/2804
f 2769/2769 2771/2771 2770/2770
f 2770/2770 2771/2771 2828/2828
f 2910/2910 2858/2858 2854/2854
f 2854/2854 2858/2858 2807/2807
f 1441/1441 1322/1322 1321/1321
f 1441/1441 1321/1321 1452/1452
f 2792/2792 2793/2793 2790/2790
f 2792/2792 2790/2790 2778/2778
f 2771/2771 2835/2835 2828/2828
f 2828/2828 2835/2835 2883/2883
f 2910/2910 2902/2902 2858/2858
f 2805/2805 2793/2793 2792/2792
f 2807/2807 2815/2815 2805/2805
f 2793/2793 2834/2834 2790/2790
f 2858/2858 2825/2825 2807/2807
f 2807/2807 2825/2825 2815/2815
f 2815/2815 2816/2816 2805/2805
f 2805/2805 2816/2816 2793/2793
f 2793/2793 2817/2817 2834/2834
f 2790/2790 2777/2777 2778/2778
f 2778/2778 2777/2777 2769/2769
f 2777/2777 2773/2773 2769/2769
f 2769/2769 2773/2773 2771/2771
f 1452/1452 1321/1321 1451/1451
f 2902/2902 2861/2861 2858/2858
f 2858/2858 2861/2861 2825/2825
f 2835/2835 2894/2894 2883/2883
f 1321/1321 1323/1323 1451/1451
f 2815/2815 2818/2818 2816/2816
f 2902/2902 2903/2903 2861/2861
f 1451/1451 1323/1323 1362/1362
f 2903/2903 2859/2859 2861/2861
f 2861/2861 2859/2859 2825/2825
f 2839/2839 2776/2776 2790/2790
f 2834/2834 2839/2839 2790/2790
f 2834/2834 2817/2817 2839/2839
f 2790/2790 2776/2776 2777/2777
f 1451/1451 1362/1362 1446/1446
f 2859/2859 2826/2826 2825/2825
f 2825/2825 2826/2826 2815/2815
f 2776/2776 2773/2773 2777/2777
f 2839/2839 2817/2817 2819/2819
f 2826/2826 2822/2822 2815/2815
f 2815/2815 2822/2822 2818/2818
f 2773/2773 2774/2774 2771/2771
f 2776/2776 2774/2774 2773/2773
f 2859/2859 2827/2827 2826/2826
f 2826/2826 2827/2827 2822/2822
f 2774/2774 2775/2775 2771/2771
f 2771/2771 2775/2775 2835/2835
f 2775/2775 2829/2829 2835/2835
f 2835/2835 2829/2829 2894/2894
f 2903/2903 2906/2906 2859/2859
f 2829/2829 2850/2850 2894/2894
f 1446/1446 1362/1362 1363/1363
f 2839/2839 2798/2798 2776/2776
f 2776/2776 2798/2798 2774/2774
f 2822/2822 2827/2827 2824/2824
f 2839/2839 2831/2831 2798/2798
f 2839/2839 2819/2819 2831/2831
f 2798/2798 2781/2781 2774/2774
f 1446/1446 1363/1363 1445/1445
f 2906/2906 2911/2911 2860/2860
f 2906/2906 2860/2860 2859/2859
f 2859/2859 2860/2860 2827/2827
f 2774/2774 2781/2781 2775/2775
f 2781/2781 2782/2782 2775/2775
f 2775/2775 2782/2782 2829/2829
f 2827/2827 2833/2833 2824/2824
f 2860/2860 2840/2840 2827/2827
f 2827/2827 2840/2840 2833/2833
f 2831/2831 2842/2842 2798/2798
f 2782/2782 2850/2850 2829/2829
f 2911/2911 2862/2862 2860/2860
f 2860/2860 2862/2862 2840/2840
f 2798/2798 2837/2837 2781/2781
f 2798/2798 2842/2842 2837/2837
f 2837/2837 2782/2782 2781/2781
f 1445/1445 1363/1363 1364/1364
f 2911/2911 2895/2895 2862/2862
f 2837/2837 2838/2838 2782/2782
f 2838/2838 2868/2868 2850/2850
f 2782/2782 2838/2838 2850/2850
f 2838/2838 2837/2837 2866/2866
f 2838/2838 2866/2866 2868/2868
f 2660/2660 2664/2664 2621/2621
f 2636/2636 2595/2595 2621/2621
f 2621/2621 2664/2664 2636/2636
f 2600/2600 2594/2594 2615/2615
f 2600/2600 2615/2615 2601/2601
f 2615/2615 2620/2620 2601/2601
f 2601/2601 2620/2620 2602/2602
f 2602/2602 2620/2620 2603/2603
f 2603/2603 2620/2620 2628/2628
f 2603/2603 2628/2628 2607/2607
f 2636/2636 2633/2633 2595/2595
f 2595/2595 2633/2633 2594/2594
f 2594/2594 2633/2633 2615/2615
f 2633/2633 2645/2645 2615/2615
f 2615/2615 2645/2645 2635/2635
f 2615/2615 2635/2635 2620/2620
f 2635/2635 2628/2628 2620/2620
f 2628/2628 2646/2646 2634/2634
f 2628/2628 2634/2634 2607/2607
f 2654/2654 2629/2629 2653/2653
f 1474/1474 1289/1289 1393/1393
f 1393/1393 1289/1289 1392/1392
f 1392/1392 1289/1289 814/814
f 1392/1392 814/814 1302/1302
f 2856/2856 2847/2847 2855/2855
f 2801/2801 2851/2851 2852/2852
f 2869/2869 2847/2847 2856/2856
f 2890/2890 2869/2869 2856/2856
f 2847/2847 2820/2820 2855/2855
f 2820/2820 2800/2800 2853/2853
f 2855/2855 2820/2820 2853/2853
f 2857/2857 2800/2800 2801/2801
f 2857/2857 2801/2801 2852/2852
f 2801/2801 2821/2821 2851/2851
f 2821/2821 2846/2846 2851/2851
f 2851/2851 2846/2846 2875/2875
f 1302/1302 814/814 770/770
f 2869/2869 2841/2841 2847/2847
f 2847/2847 2841/2841 2820/2820
f 2800/2800 2787/2787 2801/2801
f 2820/2820 2799/2799 2800/2800
f 2800/2800 2799/2799 2787/2787
f 2799/2799 2788/2788 2787/2787
f 1302/1302 770/770 1241/1241
f 2797/2797 2796/2796 2799/2799
f 2799/2799 2796/2796 2788/2788
f 2797/2797 2794/2794 2796/2796
f 1324/1324 1241/1241 700/700
f 1324/1324 700/700 805/805
f 1324/1324 805/805 1337/1337
f 1337/1337 805/805 1322/1322
f 805/805 802/802 1322/1322
f 802/802 824/824 1321/1321
f 1322/1322 802/802 1321/1321
f 2793/2793 2816/2816 2817/2817
f 1321/1321 824/824 1323/1323
f 1323/1323 1190/1190 1362/1362
f 2818/2818 2819/2819 2817/2817
f 2816/2816 2818/2818 2817/2817
f 2818/2818 2823/2823 2819/2819
f 1190/1190 1191/1191 1362/1362
f 1362/1362 1191/1191 1363/1363
f 2822/2822 2824/2824 2823/2823
f 2823/2823 2831/2831 2819/2819
f 2833/2833 2832/2832 2824/2824
f 2824/2824 2832/2832 2823/2823
f 2823/2823 2832/2832 2831/2831
f 2832/2832 2842/2842 2831/2831
f 1191/1191 1225/1225 1364/1364
f 1363/1363 1191/1191 1364/1364
f 2862/2862 2848/2848 2840/2840
f 2840/2840 2848/2848 2833/2833
f 2833/2833 2848/2848 2844/2844
f 2844/2844 2845/2845 2832/2832
f 2833/2833 2844/2844 2832/2832
f 2832/2832 2845/2845 2842/2842
f 2895/2895 2905/2905 2865/2865
f 2895/2895 2865/2865 2862/2862
f 2862/2862 2865/2865 2848/2848
f 2845/2845 2874/2874 2842/2842
f 2874/2874 2837/2837 2842/2842
f 2905/2905 2920/2920 2865/2865
f 2865/2865 2877/2877 2848/2848
f 2848/2848 2877/2877 2844/2844
f 2874/2874 2887/2887 2837/2837
f 2887/2887 2881/2881 2837/2837
f 2881/2881 2882/2882 2866/2866
f 2837/2837 2881/2881 2866/2866
f 2866/2866 2886/2886 2868/2868
f 2866/2866 2882/2882 2886/2886
f 1364/1364 1225/1225 1390/1390
f 2636/2636 2664/2664 2663/2663
f 2663/2663 2651/2651 2633/2633
f 2636/2636 2663/2663 2633/2633
f 2633/2633 2651/2651 2650/2650
f 2633/2633 2650/2650 2645/2645
f 2651/2651 2662/2662 2650/2650
f 2650/2650 2662/2662 2645/2645
f 2645/2645 2662/2662 2665/2665
f 2635/2635 2645/2645 2646/2646
f 2645/2645 2665/2665 2646/2646
f 2635/2635 2646/2646 2628/2628
f 2665/2665 2668/2668 2646/2646
f 2646/2646 2668/2668 2666/2666
f 2646/2646 2649/2649 2634/2634
f 2646/2646 2666/2666 2649/2649
f 2669/2669 2661/2661 2672/2672
f 1474/1474 1438/1438 1289/1289
f 2878/2878 2873/2873 2888/2888
f 2889/2889 2884/2884 2871/2871
f 2870/2870 2872/2872 2879/2879
f 2878/2878 2872/2872 2852/2852
f 2878/2878 2879/2879 2872/2872
f 2878/2878 2852/2852 2873/2873
f 2873/2873 2875/2875 2888/2888
f 2884/2884 2856/2856 2871/2871
f 2871/2871 2856/2856 2855/2855
f 2871/2871 2855/2855 2870/2870
f 2870/2870 2855/2855 2853/2853
f 2870/2870 2853/2853 2872/2872
f 2872/2872 2853/2853 2857/2857
f 2872/2872 2857/2857 2852/2852
f 768/768 770/770 814/814
f 2853/2853 2800/2800 2857/2857
f 750/750 1241/1241 770/770
f 750/750 700/700 1241/1241
f 750/750 699/699 700/700
f 700/700 735/735 805/805
f 735/735 579/579 802/802
f 805/805 735/735 802/802
f 579/579 758/758 802/802
f 802/802 758/758 824/824
f 824/824 758/758 759/759
f 824/824 1190/1190 1323/1323
f 824/824 759/759 1190/1190
f 1190/1190 759/759 1191/1191
f 1191/1191 759/759 799/799
f 1191/1191 507/507 1225/1225
f 2844/2844 2880/2880 2845/2845
f 2845/2845 2880/2880 2874/2874
f 2920/2920 2896/2896 2865/2865
f 2920/2920 2921/2921 2896/2896
f 2896/2896 2893/2893 2877/2877
f 2865/2865 2896/2896 2877/2877
f 2877/2877 2893/2893 2880/2880
f 2893/2893 2901/2901 2880/2880
f 2880/2880 2885/2885 2874/2874
f 2880/2880 2901/2901 2885/2885
f 2874/2874 2885/2885 2887/2887
f 1225/1225 840/840 1390/1390
f 2885/2885 2900/2900 2887/2887
f 2887/2887 2900/2900 2881/2881
f 2900/2900 2904/2904 2881/2881
f 2881/2881 2904/2904 2882/2882
f 2904/2904 2913/2913 2882/2882
f 2882/2882 2913/2913 2912/2912
f 2882/2882 2912/2912 2886/2886
f 2665/2665 2675/2675 2668/2668
f 2651/2651 2663/2663 2680/2680
f 2651/2651 2677/2677 2662/2662
f 2651/2651 2680/2680 2677/2677
f 2677/2677 2675/2675 2662/2662
f 2662/2662 2675/2675 2665/2665
f 2666/2666 2668/2668 2676/2676
f 1562/1562 1447/1447 1438/1438
f 2671/2671 2670/2670 2674/2674
f 1438/1438 813/813 1289/1289
f 2915/2915 2892/2892 2878/2878
f 1933/1933 1914/1914 1943/1943
f 2915/2915 2878/2878 2914/2914
f 2914/2914 2878/2878 2888/2888
f 813/813 768/768 814/814
f 2919/2919 2876/2876 2909/2909
f 2909/2909 2876/2876 2870/2870
f 2909/2909 2870/2870 2892/2892
f 2870/2870 2879/2879 2892/2892
f 2892/2892 2879/2879 2878/2878
f 770/770 768/768 538/538
f 538/538 537/537 770/770
f 770/770 537/537 750/750
f 537/537 699/699 750/750
f 699/699 521/521 700/700
f 521/521 520/520 700/700
f 700/700 520/520 578/578
f 700/700 578/578 735/735
f 578/578 579/579 735/735
f 758/758 579/579 580/580
f 580/580 581/581 759/759
f 758/758 580/580 759/759
f 759/759 581/581 799/799
f 1191/1191 799/799 507/507
f 507/507 840/840 1225/1225
f 2921/2921 2918/2918 2896/2896
f 2896/2896 2917/2917 2893/2893
f 2896/2896 2918/2918 2917/2917
f 2893/2893 2917/2917 2901/2901
f 2238/2238 2237/2237 2257/2257
f 2901/2901 2900/2900 2885/2885
f 2257/2257 2237/2237 2210/2210
f 2257/2257 2210/2210 2258/2258
f 2258/2258 2210/2210 2232/2232
f 2232/2232 2210/2210 2204/2204
f 2900/2900 2916/2916 2904/2904
f 2245/2245 2232/2232 2229/2229
f 2245/2245 2229/2229 2255/2255
f 2229/2229 2239/2239 2253/2253
f 2255/2255 2229/2229 2253/2253
f 840/840 1437/1437 1390/1390
f 1390/1390 1437/1437 1555/1555
f 1555/1555 1437/1437 1550/1550
f 2663/2663 2688/2688 2680/2680
f 2680/2680 2690/2690 2677/2677
f 2677/2677 2679/2679 2675/2675
f 2679/2679 2678/2678 2668/2668
f 2675/2675 2679/2679 2668/2668
f 2668/2668 2678/2678 2676/2676
f 2676/2676 2682/2682 2666/2666
f 1447/1447 833/833 1438/1438
f 1438/1438 833/833 813/813
f 1917/1917 1933/1933 1911/1911
f 1911/1911 1933/1933 1932/1932
f 1946/1946 1944/1944 1923/1923
f 1923/1923 1944/1944 1912/1912
f 813/813 754/754 702/702
f 813/813 702/702 768/768
f 768/768 702/702 538/538
f 537/537 523/523 699/699
f 699/699 523/523 521/521
f 520/520 517/517 578/578
f 578/578 517/517 579/579
f 517/517 516/516 579/579
f 579/579 516/516 512/512
f 579/579 512/512 580/580
f 580/580 512/512 581/581
f 512/512 510/510 581/581
f 510/510 495/495 581/581
f 581/581 495/495 799/799
f 799/799 495/495 481/481
f 799/799 481/481 507/507
f 2263/2263 2209/2209 2242/2242
f 2242/2242 2209/2209 2238/2238
f 2238/2238 2176/2176 2237/2237
f 2176/2176 2177/2177 2237/2237
f 2237/2237 2177/2177 2210/2210
f 2204/2204 2164/2164 2232/2232
f 2232/2232 2164/2164 2229/2229
f 2229/2229 2175/2175 2239/2239
f 2688/2688 2694/2694 2680/2680
f 2694/2694 2695/2695 2690/2690
f 2680/2680 2694/2694 2690/2690
f 2677/2677 2690/2690 2689/2689
f 2690/2690 2695/2695 2689/2689
f 2677/2677 2689/2689 2679/2679
f 2689/2689 2692/2692 2679/2679
f 2679/2679 2692/2692 2678/2678
f 2678/2678 2692/2692 2691/2691
f 2678/2678 2691/2691 2676/2676
f 2676/2676 2691/2691 2682/2682
f 2700/2700 2684/2684 2701/2701
f 2701/2701 2684/2684 2697/2697
f 2697/2697 2684/2684 2683/2683
f 2683/2683 2698/2698 2697/2697
f 1447/1447 1359/1359 833/833
f 1896/1896 1911/1911 1866/1866
f 1866/1866 1911/1911 1900/1900
f 1913/1913 1923/1923 1886/1886
f 1886/1886 1923/1923 1912/1912
f 813/813 790/790 754/754
f 523/523 522/522 521/521
f 517/517 514/514 516/516
f 514/514 515/515 516/516
f 515/515 513/513 512/512
f 516/516 515/515 512/512
f 512/512 511/511 510/510
f 507/507 481/481 479/479
f 507/507 479/479 840/840
f 840/840 479/479 1269/1269
f 2177/2177 2180/2180 2210/2210
f 840/840 1269/1269 1437/1437
f 2263/2263 2214/2214 2209/2209
f 2214/2214 2179/2179 2209/2209
f 2209/2209 2176/2176 2238/2238
f 2209/2209 2179/2179 2176/2176
f 2210/2210 2180/2180 2204/2204
f 2204/2204 2180/2180 2163/2163
f 2204/2204 2163/2163 2164/2164
f 2175/2175 2194/2194 2239/2239
f 1269/1269 1455/1455 1437/1437
f 1437/1437 1455/1455 1550/1550
f 2229/2229 2164/2164 2175/2175
f 2688/2688 2705/2705 2694/2694
f 2695/2695 2693/2693 2689/2689
f 2689/2689 2693/2693 2692/2692
f 2691/2691 2696/2696 2682/2682
f 754/754 592/592 702/702
f 538/538 591/591 535/535
f 538/538 535/535 537/537
f 537/537 535/535 523/523
f 523/523 535/535 522/522
f 521/521 522/522 519/519
f 521/521 519/519 520/520
f 520/520 519/519 517/517
f 513/513 511/511 512/512
f 511/511 508/508 510/510
f 510/510 508/508 495/495
f 495/495 450/450 481/481
f 481/481 450/450 453/453
f 481/481 453/453 479/479
f 479/479 506/506 1269/1269
f 2214/2214 2178/2178 2179/2179
f 2179/2179 2138/2138 2176/2176
f 2138/2138 2139/2139 2176/2176
f 2176/2176 2139/2139 2177/2177
f 2177/2177 2139/2139 2136/2136
f 2177/2177 2136/2136 2180/2180
f 2180/2180 2136/2136 2163/2163
f 348/348 273/273 312/312
f 2175/2175 2144/2144 2194/2194
f 1455/1455 1456/1456 1550/1550
f 1550/1550 1456/1456 1556/1556
f 1550/1550 1556/1556 1601/1601
f 4151/4151 4149/4149 4148/4148
f 4148/4148 4149/4149 4150/4150
f 2695/2695 2708/2708 2704/2704
f 2695/2695 2704/2704 2693/2693
f 2693/2693 2704/2704 2692/2692
f 2692/2692 2704/2704 2703/2703
f 2691/2691 2692/2692 2703/2703
f 2691/2691 2703/2703 2696/2696
f 4036/4036 4040/4040 4043/4043
f 1359/1359 1360/1360 790/790
f 1359/1359 790/790 833/833
f 1897/1897 1907/1907 1826/1826
f 790/790 753/753 754/754
f 754/754 753/753 592/592
f 702/702 592/592 538/538
f 592/592 591/591 538/538
f 535/535 526/526 522/522
f 522/522 526/526 525/525
f 522/522 525/525 519/519
f 519/519 518/518 517/517
f 517/517 518/518 514/514
f 518/518 515/515 514/514
f 515/515 528/528 513/513
f 508/508 496/496 495/495
f 495/495 496/496 450/450
f 453/453 454/454 479/479
f 479/479 454/454 506/506
f 506/506 1326/1326 1269/1269
f 2179/2179 2178/2178 2138/2138
f 2138/2138 2137/2137 2139/2139
f 1269/1269 1326/1326 1455/1455
f 2136/2136 2125/2125 2163/2163
f 2163/2163 2125/2125 2124/2124
f 2163/2163 2124/2124 2164/2164
f 2124/2124 2130/2130 2164/2164
f 2164/2164 2130/2130 2175/2175
f 2175/2175 2130/2130 2144/2144
f 2144/2144 2165/2165 2194/2194
f 352/352 336/336 273/273
f 2194/2194 2165/2165 2230/2230
f 1455/1455 1326/1326 1456/1456
f 1556/1556 1622/1622 1601/1601
f 1601/1601 1622/1622 1645/1645
f 3974/3974 3973/3973 4013/4013
f 4013/4013 3973/3973 3981/3981
f 4013/4013 3981/3981 4017/4017
f 4017/4017 3981/3981 4016/4016
f 4016/4016 3981/3981 3976/3976
f 591/591 692/692 535/535
f 525/525 539/539 519/519
f 519/519 539/539 540/540
f 519/519 540/540 518/518
f 518/518 529/529 515/515
f 515/515 529/529 528/528
f 529/529 530/530 528/528
f 530/530 534/534 513/513
f 528/528 530/530 513/513
f 513/513 534/534 511/511
f 511/511 534/534 533/533
f 511/511 533/533 508/508
f 508/508 533/533 509/509
f 508/508 509/509 496/496
f 2138/2138 2178/2178 2133/2133
f 2138/2138 2133/2133 2137/2137
f 3148/3148 3185/3185 3147/3147
f 3953/3953 3952/3952 3974/3974
f 3974/3974 3952/3952 3973/3973
f 3973/3973 3975/3975 3981/3981
f 3981/3981 3975/3975 3976/3976
f 692/692 536/536 535/535
f 535/535 536/536 526/526
f 536/536 585/585 526/526
f 585/585 584/584 525/525
f 526/526 585/585 525/525
f 525/525 584/584 539/539
f 518/518 540/540 541/541
f 518/518 541/541 529/529
f 530/530 740/740 534/534
f 534/534 740/740 741/741
f 534/534 741/741 533/533
f 741/741 742/742 533/533
f 533/533 742/742 509/509
f 509/509 497/497 496/496
f 496/496 497/497 450/450
f 2133/2133 2131/2131 2137/2137
f 2137/2137 2131/2131 2132/2132
f 2137/2137 2132/2132 2139/2139
f 1326/1326 1325/1325 1456/1456
f 3148/3148 3150/3150 3185/3185
f 2178/2178 2150/2150 2133/2133
f 2125/2125 2122/2122 2124/2124
f 2124/2124 2129/2129 2130/2130
f 1456/1456 1507/1507 1556/1556
f 1556/1556 1507/1507 1622/1622
f 3973/3973 3828/3828 3975/3975
f 3975/3975 3881/3881 3976/3976
f 3695/3695 3689/3689 3696/3696
f 1533/1533 1568/1568 1511/1511
f 753/753 597/597 592/592
f 585/585 1098/1098 584/584
f 584/584 774/774 539/539
f 539/539 774/774 540/540
f 774/774 815/815 540/540
f 540/540 815/815 541/541
f 529/529 845/845 764/764
f 740/740 764/764 847/847
f 741/741 1207/1207 742/742
f 742/742 1207/1207 509/509
f 509/509 1207/1207 832/832
f 832/832 542/542 509/509
f 509/509 542/542 497/497
f 450/450 449/449 453/453
f 454/454 482/482 506/506
f 506/506 482/482 1326/1326
f 2132/2132 2134/2134 2136/2136
f 2139/2139 2132/2132 2136/2136
f 2136/2136 2134/2134 2167/2167
f 2136/2136 2167/2167 2125/2125
f 2125/2125 2167/2167 2122/2122
f 2130/2130 2129/2129 2144/2144
f 1507/1507 1623/1623 1622/1622
f 3953/3953 3844/3844 3952/3952
f 3952/3952 3844/3844 3841/3841
f 3952/3952 3841/3841 3828/3828
f 3952/3952 3828/3828 3973/3973
f 3828/3828 3827/3827 3975/3975
f 3975/3975 3827/3827 3881/3881
f 1359/1359 1413/1413 1360/1360
f 1240/1240 816/816 790/790
f 790/790 816/816 753/753
f 597/597 596/596 591/591
f 592/592 597/597 591/591
f 591/591 596/596 692/692
f 692/692 842/842 536/536
f 842/842 1140/1140 536/536
f 1140/1140 1098/1098 585/585
f 584/584 1098/1098 774/774
f 1098/1098 815/815 774/774
f 815/815 845/845 541/541
f 541/541 845/845 529/529
f 764/764 845/845 846/846
f 846/846 847/847 764/764
f 740/740 847/847 839/839
f 839/839 847/847 1081/1081
f 839/839 1081/1081 1208/1208
f 1081/1081 1153/1153 1207/1207
f 1208/1208 1081/1081 1207/1207
f 1207/1207 1153/1153 832/832
f 1153/1153 1209/1209 832/832
f 832/832 1209/1209 542/542
f 497/497 447/447 450/450
f 453/453 449/449 454/454
f 482/482 1325/1325 1326/1326
f 2224/2224 2149/2149 2150/2150
f 2150/2150 2149/2149 2133/2133
f 2122/2122 2121/2121 2124/2124
f 2124/2124 2121/2121 2129/2129
f 2129/2129 2148/2148 2144/2144
f 2144/2144 2148/2148 2165/2165
f 1325/1325 1472/1472 1456/1456
f 1456/1456 1472/1472 1507/1507
f 1623/1623 1648/1648 1622/1622
f 692/692 596/596 842/842
f 842/842 1174/1174 1140/1140
f 1174/1174 854/854 1140/1140
f 1140/1140 854/854 1098/1098
f 1098/1098 854/854 853/853
f 1098/1098 853/853 849/849
f 1098/1098 849/849 815/815
f 815/815 849/849 845/845
f 846/846 905/905 847/847
f 847/847 905/905 1081/1081
f 1153/1153 1081/1081 1082/1082
f 1082/1082 1206/1206 1209/1209
f 1153/1153 1082/1082 1209/1209
f 450/450 447/447 449/449
f 2149/2149 2073/2073 2133/2133
f 2133/2133 2073/2073 2131/2131
f 2129/2129 2128/2128 2148/2148
f 3844/3844 3842/3842 3841/3841
f 3828/3828 3826/3826 3827/3827
f 3825/3825 3882/3882 3881/3881
f 3827/3827 3825/3825 3881/3881
f 3695/3695 3688/3688 3689/3689
f 3073/3073 3074/3074 3086/3086
f 816/816 763/763 753/753
f 753/753 763/763 597/597
f 597/597 593/593 596/596
f 596/596 1174/1174 842/842
f 1082/1082 1124/1124 1206/1206
f 2121/2121 2128/2128 2129/2129
f 1325/1325 1369/1369 1472/1472
f 3828/3828 3841/3841 3829/3829
f 3828/3828 3829/3829 3826/3826
f 3826/3826 3825/3825 3827/3827
f 1568/1568 1544/1544 1511/1511
f 3079/3079 3087/3087 3086/3086
f 3074/3074 3079/3079 3086/3086
f 593/593 595/595 596/596
f 596/596 595/595 1174/1174
f 1174/1174 1175/1175 854/854
f 853/853 852/852 849/849
f 849/849 852/852 851/851
f 848/848 846/846 845/845
f 849/849 848/848 845/845
f 905/905 907/907 1081/1081
f 1081/1081 907/907 906/906
f 449/449 456/456 454/454
f 454/454 456/456 482/482
f 2132/2132 1998/1998 2134/2134
f 2131/2131 2073/2073 1998/1998
f 352/352 287/287 336/336
f 1623/1623 1647/1647 1648/1648
f 3829/3829 3830/3830 3826/3826
f 3845/3845 3843/3843 3844/3844
f 1240/1240 1350/1350 816/816
f 763/763 717/717 597/597
f 595/595 1175/1175 1174/1174
f 1175/1175 1077/1077 854/854
f 854/854 852/852 853/853
f 848/848 905/905 846/846
f 1081/1081 906/906 1082/1082
f 1124/1124 1154/1154 1206/1206
f 1206/1206 1154/1154 1210/1210
f 1206/1206 1210/1210 1209/1209
f 1210/1210 492/492 542/542
f 1209/1209 1210/1210 542/542
f 542/542 492/492 446/446
f 542/542 446/446 497/497
f 497/497 446/446 447/447
f 456/456 483/483 482/482
f 482/482 483/483 1325/1325
f 2167/2167 2120/2120 2122/2122
f 2122/2122 2120/2120 2121/2121
f 2148/2148 2182/2182 2165/2165
f 352/352 351/351 287/287
f 3844/3844 3843/3843 3842/3842
f 3830/3830 3824/3824 3826/3826
f 3826/3826 3824/3824 3825/3825
f 593/593 594/594 595/595
f 1077/1077 855/855 854/854
f 906/906 1060/1060 1082/1082
f 3840/3840 3841/3841 3842/3842
f 3829/3829 3854/3854 3831/3831
f 717/717 598/598 597/597
f 597/597 598/598 593/593
f 595/595 1247/1247 1175/1175
f 851/851 850/850 849/849
f 849/849 850/850 848/848
f 848/848 906/906 905/905
f 905/905 906/906 907/907
f 1082/1082 1060/1060 1124/1124
f 446/446 445/445 447/447
f 447/447 445/445 449/449
f 2224/2224 2071/2071 2149/2149
f 2149/2149 2071/2071 2073/2073
f 1472/1472 1487/1487 1507/1507
f 1507/1507 1621/1621 1623/1623
f 1623/1623 1621/1621 1647/1647
f 3841/3841 3854/3854 3829/3829
f 3829/3829 3831/3831 3830/3830
f 3825/3825 3823/3823 3882/3882
f 3096/3096 3089/3089 3087/3087
f 3079/3079 3096/3096 3087/3087
f 854/854 855/855 852/852
f 1210/1210 531/531 492/492
f 1998/1998 2135/2135 2134/2134
f 1325/1325 483/483 1369/1369
f 2134/2134 2135/2135 2167/2167
f 2120/2120 2119/2119 2121/2121
f 2121/2121 2119/2119 2128/2128
f 1369/1369 1487/1487 1472/1472
f 2148/2148 2183/2183 2182/2182
f 3843/3843 3840/3840 3842/3842
f 1413/1413 1453/1453 1350/1350
f 1350/1350 837/837 816/816
f 816/816 837/837 763/763
f 1247/1247 1212/1212 1175/1175
f 1175/1175 1212/1212 1077/1077
f 848/848 859/859 906/906
f 1060/1060 1154/1154 1124/1124
f 445/445 448/448 449/449
f 449/449 448/448 456/456
f 1369/1369 1367/1367 1487/1487
f 1487/1487 1581/1581 1507/1507
f 1507/1507 1581/1581 1621/1621
f 3843/3843 3846/3846 3840/3840
f 598/598 594/594 593/593
f 594/594 711/711 595/595
f 595/595 711/711 1247/1247
f 1077/1077 1212/1212 855/855
f 855/855 899/899 852/852
f 851/851 852/852 850/850
f 850/850 859/859 848/848
f 859/859 908/908 906/906
f 906/906 1058/1058 1059/1059
f 1060/1060 1061/1061 1154/1154
f 492/492 443/443 446/446
f 446/446 443/443 445/445
f 483/483 1367/1367 1369/1369
f 2135/2135 2090/2090 2167/2167
f 2167/2167 2090/2090 2120/2120
f 351/351 340/340 287/287
f 3688/3688 3687/3687 3689/3689
f 3845/3845 3846/3846 3843/3843
f 837/837 792/792 763/763
f 1212/1212 1099/1099 855/855
f 906/906 1059/1059 1060/1060
f 1210/1210 1297/1297 532/532
f 1210/1210 532/532 531/531
f 2071/2071 1995/1995 2073/2073
f 2073/2073 1995/1995 1998/1998
f 2118/2118 2127/2127 2128/2128
f 2119/2119 2118/2118 2128/2128
f 2128/2128 2127/2127 2141/2141
f 2128/2128 2141/2141 2148/2148
f 2148/2148 2141/2141 2183/2183
f 3840/3840 3839/3839 3841/3841
f 3841/3841 3839/3839 3854/3854
f 1099/1099 899/899 855/855
f 899/899 897/897 852/852
f 906/906 908/908 1058/1058
f 1060/1060 1059/1059 1061/1061
f 1061/1061 1297/1297 1154/1154
f 531/531 443/443 492/492
f 456/456 457/457 483/483
f 3830/3830 3833/3833 3824/3824
f 763/763 792/792 717/717
f 1247/1247 1248/1248 1212/1212
f 1212/1212 1248/1248 1099/1099
f 850/850 858/858 859/859
f 858/858 908/908 859/859
f 1297/1297 1180/1180 532/532
f 2224/2224 2195/2195 1996/1996
f 2224/2224 1996/1996 2071/2071
f 2071/2071 1996/1996 1995/1995
f 1995/1995 1997/1997 1998/1998
f 3823/3823 3946/3946 3882/3882
f 3688/3688 3685/3685 3687/3687
f 3854/3854 3855/3855 3831/3831
f 1059/1059 1075/1075 1061/1061
f 1075/1075 1177/1177 1061/1061
f 1061/1061 1177/1177 1297/1297
f 445/445 435/435 448/448
f 457/457 1367/1367 483/483
f 1995/1995 1993/1993 1997/1997
f 2120/2120 2117/2117 2119/2119
f 2119/2119 2117/2117 2118/2118
f 3831/3831 3832/3832 3830/3830
f 598/598 599/599 594/594
f 711/711 1248/1248 1247/1247
f 1150/1150 1159/1159 899/899
f 1099/1099 1150/1150 899/899
f 852/852 856/856 850/850
f 850/850 857/857 858/858
f 532/532 443/443 531/531
f 448/448 457/457 456/456
f 2090/2090 2117/2117 2120/2120
f 3824/3824 3823/3823 3825/3825
f 3096/3096 3097/3097 3089/3089
f 1453/1453 1489/1489 1419/1419
f 1419/1419 1350/1350 1453/1453
f 1248/1248 1150/1150 1099/1099
f 897/897 856/856 852/852
f 856/856 857/857 850/850
f 1334/1334 1297/1297 1177/1177
f 1297/1297 1334/1334 1180/1180
f 443/443 435/435 445/445
f 1997/1997 2090/2090 2135/2135
f 1367/1367 1466/1466 1487/1487
f 1487/1487 1466/1466 1501/1501
f 1487/1487 1501/1501 1581/1581
f 3839/3839 3855/3855 3854/3854
f 837/837 1196/1196 792/792
f 792/792 718/718 717/717
f 717/717 718/718 598/598
f 711/711 1291/1291 1248/1248
f 1291/1291 1150/1150 1248/1248
f 899/899 898/898 897/897
f 448/448 458/458 457/457
f 458/458 1215/1215 457/457
f 1997/1997 2064/2064 2090/2090
f 2090/2090 2064/2064 2117/2117
f 2127/2127 2126/2126 2141/2141
f 4004/4004 3979/3979 3845/3845
f 3097/3097 3091/3091 3089/3089
f 1350/1350 1419/1419 837/837
f 792/792 1196/1196 718/718
f 594/594 600/600 711/711
f 600/600 739/739 711/711
f 711/711 739/739 1291/1291
f 1159/1159 1092/1092 899/899
f 899/899 1092/1092 898/898
f 908/908 862/862 1058/1058
f 1058/1058 909/909 1059/1059
f 1059/1059 1093/1093 1075/1075
f 1075/1075 1093/1093 1177/1177
f 1180/1180 494/494 532/532
f 532/532 494/494 443/443
f 494/494 433/433 443/443
f 443/443 433/433 435/435
f 457/457 1215/1215 1367/1367
f 3832/3832 3833/3833 3830/3830
f 1419/1419 1196/1196 837/837
f 718/718 599/599 598/598
f 599/599 600/600 594/594
f 1059/1059 1062/1062 1093/1093
f 1093/1093 1405/1405 1177/1177
f 825/825 494/494 1180/1180
f 1215/1215 1368/1368 1367/1367
f 1367/1367 1368/1368 1466/1466
f 1996/1996 1994/1994 1995/1995
f 1997/1997 1993/1993 2064/2064
f 2118/2118 2126/2126 2127/2127
f 2126/2126 2140/2140 2141/2141
f 2141/2141 2140/2140 2183/2183
f 3845/3845 3979/3979 3846/3846
f 3097/3097 3100/3100 3091/3091
f 1291/1291 1294/1294 1150/1150
f 1150/1150 1294/1294 1159/1159
f 1062/1062 1310/1310 1093/1093
f 1310/1310 1405/1405 1093/1093
f 1405/1405 825/825 1334/1334
f 1995/1995 1994/1994 1993/1993
f 2140/2140 2181/2181 2183/2183
f 2183/2183 2181/2181 2236/2236
f 3855/3855 3834/3834 3831/3831
f 3846/3846 3838/3838 3840/3840
f 908/908 858/858 862/862
f 909/909 911/911 1059/1059
f 494/494 434/434 433/433
f 2195/2195 1987/1987 1996/1996
f 1996/1996 1987/1987 1994/1994
f 347/347 319/319 340/340
f 3831/3831 3834/3834 3832/3832
f 3840/3840 3838/3838 3839/3839
f 3478/3478 3477/3477 3479/3479
f 1419/1419 1299/1299 1196/1196
f 718/718 703/703 599/599
f 1294/1294 1151/1151 1159/1159
f 1159/1159 1151/1151 1092/1092
f 858/858 861/861 862/862
f 911/911 1062/1062 1059/1059
f 1310/1310 1406/1406 1405/1405
f 2117/2117 2115/2115 2118/2118
f 2118/2118 2115/2115 2126/2126
f 3824/3824 3822/3822 3823/3823
f 3685/3685 3661/3661 3687/3687
f 1299/1299 1197/1197 1196/1196
f 1196/1196 1197/1197 719/719
f 1196/1196 719/719 718/718
f 718/718 719/719 703/703
f 1092/1092 1151/1151 898/898
f 856/856 860/860 857/857
f 862/862 864/864 1058/1058
f 1058/1058 864/864 909/909
f 1405/1405 1406/1406 825/825
f 825/825 493/493 494/494
f 494/494 493/493 434/434
f 1215/1215 1358/1358 1368/1368
f 2064/2064 2116/2116 2117/2117
f 1489/1489 1490/1490 1419/1419
f 599/599 601/601 600/600
f 600/600 601/601 739/739
f 739/739 762/762 1291/1291
f 762/762 1293/1293 1291/1291
f 893/893 856/856 897/897
f 857/857 860/860 858/858
f 862/862 863/863 864/864
f 909/909 910/910 911/911
f 1062/1062 1228/1228 1310/1310
f 771/771 825/825 1406/1406
f 825/825 771/771 493/493
f 433/433 434/434 435/435
f 435/435 451/451 448/448
f 448/448 451/451 458/458
f 1994/1994 1982/1982 1993/1993
f 3839/3839 3836/3836 3855/3855
f 601/601 762/762 739/739
f 1291/1291 1293/1293 1294/1294
f 858/858 860/860 861/861
f 864/864 910/910 909/909
f 1987/1987 1982/1982 1994/1994
f 3833/3833 3822/3822 3824/3824
f 3846/3846 3847/3847 3838/3838
f 3836/3836 3834/3834 3855/3855
f 1419/1419 1469/1469 1371/1371
f 1419/1419 1371/1371 1299/1299
f 719/719 602/602 703/703
f 703/703 602/602 599/599
f 599/599 602/602 601/601
f 898/898 896/896 897/897
f 897/897 896/896 893/893
f 911/911 1228/1228 1062/1062
f 771/771 432/432 493/493
f 451/451 480/480 458/458
f 458/458 480/480 1215/1215
f 2117/2117 2116/2116 2115/2115
f 1466/1466 1502/1502 1501/1501
f 1501/1501 1502/1502 1581/1581
f 4004/4004 3980/3980 3979/3979
f 3838/3838 3836/3836 3839/3839
f 3819/3819 3822/3822 3833/3833
f 862/862 861/861 863/863
f 771/771 752/752 432/432
f 432/432 434/434 493/493
f 434/434 430/430 435/435
f 430/430 436/436 435/435
f 435/435 436/436 451/451
f 2115/2115 2114/2114 2126/2126
f 2126/2126 2114/2114 2140/2140
f 1502/1502 1580/1580 1581/1581
f 1581/1581 1580/1580 1621/1621
f 3834/3834 3835/3835 3832/3832
f 3833/3833 3832/3832 3819/3819
f 3979/3979 3847/3847 3846/3846
f 1619/1619 1565/1565 1545/1545
f 1299/1299 1258/1258 1197/1197
f 719/719 760/760 602/602
f 1151/1151 896/896 898/898
f 1982/1982 1983/1983 1993/1993
f 1983/1983 2063/2063 2064/2064
f 1993/1993 1983/1983 2064/2064
f 2064/2064 2063/2063 2116/2116
f 1197/1197 760/760 719/719
f 1151/1151 1294/1294 896/896
f 896/896 895/895 893/893
f 856/856 893/893 860/860
f 771/771 1410/1410 752/752
f 3834/3834 3836/3836 3835/3835
f 3832/3832 3835/3835 3819/3819
f 1197/1197 1258/1258 760/760
f 760/760 609/609 602/602
f 863/863 861/861 864/864
f 911/911 1270/1270 1228/1228
f 432/432 430/430 434/434
f 2195/2195 2169/2169 1987/1987
f 1987/1987 1981/1981 1982/1982
f 2063/2063 2191/2191 2116/2116
f 2191/2191 2123/2123 2116/2116
f 2116/2116 2123/2123 2113/2113
f 2116/2116 2113/2113 2115/2115
f 2115/2115 2113/2113 2114/2114
f 1580/1580 1631/1631 1621/1621
f 3819/3819 3818/3818 3822/3822
f 3822/3822 3821/3821 3823/3823
f 3823/3823 3821/3821 3946/3946
f 1489/1489 1536/1536 1490/1490
f 601/601 611/611 762/762
f 762/762 1292/1292 1293/1293
f 1228/1228 1270/1270 1410/1410
f 2169/2169 1988/1988 1987/1987
f 1987/1987 1988/1988 1981/1981
f 2114/2114 2146/2146 2140/2140
f 2140/2140 2146/2146 2181/2181
f 3979/3979 3980/3980 3847/3847
f 3838/3838 3837/3837 3836/3836
f 602/602 603/603 601/601
f 601/601 603/603 611/611
f 611/611 720/720 762/762
f 720/720 1292/1292 762/762
f 1292/1292 1345/1345 1294/1294
f 1293/1293 1292/1292 1294/1294
f 1294/1294 895/895 896/896
f 893/893 901/901 860/860
f 860/860 866/866 861/861
f 910/910 1130/1130 911/911
f 911/911 1130/1130 1270/1270
f 432/432 429/429 430/430
f 480/480 1320/1320 1215/1215
f 1215/1215 1320/1320 1358/1358
f 1358/1358 1370/1370 1368/1368
f 1368/1368 1370/1370 1466/1466
f 3819/3819 3817/3817 3818/3818
f 3836/3836 3819/3819 3835/3835
f 609/609 603/603 602/602
f 1292/1292 1344/1344 1345/1345
f 1294/1294 1345/1345 895/895
f 752/752 505/505 432/432
f 430/430 438/438 436/436
f 1981/1981 1980/1980 1982/1982
f 1982/1982 1980/1980 1983/1983
f 895/895 894/894 893/893
f 893/893 891/891 901/901
f 864/864 912/912 910/910
f 429/429 428/428 430/430
f 1320/1320 1319/1319 1358/1358
f 1358/1358 1319/1319 1370/1370
f 2114/2114 2112/2112 2146/2146
f 2146/2146 2189/2189 2181/2181
f 347/347 346/346 319/319
f 1466/1466 1370/1370 1502/1502
f 3856/3856 3837/3837 3838/3838
f 3837/3837 3819/3819 3836/3836
f 1258/1258 1257/1257 760/760
f 1270/1270 1411/1411 1410/1410
f 505/505 429/429 432/432
f 2169/2169 2196/2196 1999/1999
f 2169/2169 1999/1999 1988/1988
f 1988/1988 1999/1999 1981/1981
f 1980/1980 1984/1984 1983/1983
f 1983/1983 1984/1984 2063/2063
f 2113/2113 2112/2112 2114/2114
f 346/346 325/325 319/319
f 3822/3822 3818/3818 3821/3821
f 3685/3685 3681/3681 3661/3661
f 3848/3848 3856/3856 3838/3838
f 611/611 612/612 720/720
f 612/612 712/712 720/720
f 720/720 712/712 1292/1292
f 866/866 865/865 861/861
f 861/861 865/865 864/864
f 910/910 912/912 913/913
f 910/910 913/913 1130/1130
f 1270/1270 1343/1343 1411/1411
f 430/430 428/428 438/438
f 1580/1580 1612/1612 1631/1631
f 3847/3847 3849/3849 3848/3848
f 3847/3847 3848/3848 3838/3838
f 1257/1257 1199/1199 760/760
f 760/760 1199/1199 609/609
f 1345/1345 1211/1211 895/895
f 895/895 1211/1211 894/894
f 860/860 901/901 866/866
f 451/451 484/484 480/480
f 480/480 484/484 1320/1320
f 1984/1984 2081/2081 2063/2063
f 2063/2063 2081/2081 2191/2191
f 3155/3155 3157/3157 3156/3156
f 2123/2123 2108/2108 2113/2113
f 2113/2113 2108/2108 2112/2112
f 3980/3980 3849/3849 3847/3847
f 603/603 608/608 611/611
f 611/611 608/608 612/612
f 712/712 803/803 1292/1292
f 1130/1130 1343/1343 1270/1270
f 2191/2191 2157/2157 2123/2123
f 2123/2123 2157/2157 2108/2108
f 4006/4006 3986/3986 3980/3980
f 3980/3980 3986/3986 3849/3849
f 3837/3837 3814/3814 3819/3819
f 1536/1536 1527/1527 1490/1490
f 1199/1199 607/607 609/609
f 609/609 608/608 603/603
f 894/894 892/892 893/893
f 865/865 868/868 864/864
f 864/864 868/868 912/912
f 913/913 1343/1343 1130/1130
f 436/436 461/461 451/451
f 451/451 461/461 484/484
f 1319/1319 1470/1470 1370/1370
f 1370/1370 1470/1470 1502/1502
f 2191/2191 2081/2081 2157/2157
f 2108/2108 2111/2111 2112/2112
f 2112/2112 2111/2111 2146/2146
f 803/803 1344/1344 1292/1292
f 901/901 900/900 866/866
f 865/865 867/867 868/868
f 912/912 914/914 913/913
f 913/913 1164/1164 1343/1343
f 1411/1411 1275/1275 1410/1410
f 1275/1275 384/384 505/505
f 505/505 384/384 429/429
f 1984/1984 1991/1991 2081/2081
f 3157/3157 3159/3159 3158/3158
f 3157/3157 3158/3158 3156/3156
f 2081/2081 2107/2107 2157/2157
f 3681/3681 3659/3659 3661/3661
f 2157/2157 2107/2107 2108/2108
f 3817/3817 3815/3815 3818/3818
f 1619/1619 1620/1620 1536/1536
f 607/607 608/608 609/609
f 1344/1344 1211/1211 1345/1345
f 893/893 892/892 891/891
f 901/901 891/891 900/900
f 866/866 900/900 867/867
f 866/866 867/867 865/865
f 914/914 1164/1164 913/913
f 429/429 384/384 428/428
f 3814/3814 3816/3816 3819/3819
f 3819/3819 3816/3816 3817/3817
f 1469/1469 1468/1468 1371/1371
f 891/891 889/889 900/900
f 1343/1343 1164/1164 1411/1411
f 428/428 437/437 438/438
f 438/438 437/437 436/436
f 1320/1320 484/484 1319/1319
f 1999/1999 1978/1978 1981/1981
f 2146/2146 2147/2147 2189/2189
f 612/612 613/613 712/712
f 712/712 613/613 803/803
f 803/803 1317/1317 1344/1344
f 892/892 890/890 891/891
f 1411/1411 1366/1366 1275/1275
f 1275/1275 1366/1366 804/804
f 1275/1275 804/804 384/384
f 1991/1991 2206/2206 2081/2081
f 2081/2081 2206/2206 2107/2107
f 2107/2107 2104/2104 2108/2108
f 2108/2108 2104/2104 2111/2111
f 1468/1468 1298/1298 1371/1371
f 1298/1298 1257/1257 1258/1258
f 912/912 915/915 914/914
f 1411/1411 1412/1412 1366/1366
f 384/384 386/386 428/428
f 428/428 386/386 437/437
f 436/436 437/437 461/461
f 1319/1319 1318/1318 1470/1470
f 1981/1981 1978/1978 1980/1980
f 1980/1980 1985/1985 1984/1984
f 3159/3159 3169/3169 3158/3158
f 1502/1502 1577/1577 1580/1580
f 1580/1580 1577/1577 1612/1612
f 3818/3818 3820/3820 3821/3821
f 3681/3681 3680/3680 3659/3659
f 2104/2104 2110/2110 2111/2111
f 2111/2111 2147/2147 2146/2146
f 608/608 613/613 612/612
f 803/803 1227/1227 1317/1317
f 1344/1344 1317/1317 1211/1211
f 1211/1211 1342/1342 1167/1167
f 1211/1211 1167/1167 894/894
f 894/894 1167/1167 892/892
f 868/868 915/915 912/912
f 1164/1164 1295/1295 1412/1412
f 804/804 394/394 384/384
f 1978/1978 1977/1977 1980/1980
f 1980/1980 1977/1977 1985/1985
f 1984/1984 1985/1985 1991/1991
f 3817/3817 3816/3816 3815/3815
f 3815/3815 3820/3820 3818/3818
f 900/900 888/888 867/867
f 914/914 1295/1295 1164/1164
f 3654/3654 3653/3653 3652/3652
f 3680/3680 3658/3658 3659/3659
f 2107/2107 2206/2206 2105/2105
f 2107/2107 2105/2105 2104/2104
f 4006/4006 3985/3985 3986/3986
f 3986/3986 3985/3985 3849/3849
f 3849/3849 3850/3850 3848/3848
f 3848/3848 3851/3851 3856/3856
f 1527/1527 1468/1468 1490/1490
f 1317/1317 1342/1342 1211/1211
f 1167/1167 1087/1087 892/892
f 892/892 1087/1087 890/890
f 890/890 889/889 891/891
f 867/867 869/869 868/868
f 484/484 1318/1318 1319/1319
f 1985/1985 1992/1992 1991/1991
f 1991/1991 1992/1992 2206/2206
f 2111/2111 2110/2110 2162/2162
f 2111/2111 2162/2162 2147/2147
f 3837/3837 3857/3857 3814/3814
f 915/915 1122/1122 914/914
f 914/914 1122/1122 1295/1295
f 1122/1122 1412/1412 1295/1295
f 384/384 394/394 385/385
f 384/384 385/385 386/386
f 437/437 468/468 461/461
f 461/461 468/468 484/484
f 1470/1470 1482/1482 1502/1502
f 1978/1978 2211/2211 1979/1979
f 346/346 324/324 325/325
f 3680/3680 3678/3678 3658/3658
f 3851/3851 3857/3857 3837/3837
f 3856/3856 3851/3851 3837/3837
f 1298/1298 1255/1255 1257/1257
f 607/607 606/606 608/608
f 900/900 889/889 888/888
f 868/868 916/916 915/915
f 1318/1318 1482/1482 1470/1470
f 2211/2211 1964/1964 1979/1979
f 1964/1964 1977/1977 1979/1979
f 3816/3816 3814/3814 3815/3815
f 3815/3815 3883/3883 3820/3820
f 1257/1257 1255/1255 1199/1199
f 606/606 610/610 608/608
f 608/608 610/610 613/613
f 613/613 610/610 614/614
f 613/613 614/614 803/803
f 869/869 916/916 868/868
f 915/915 1057/1057 1122/1122
f 1366/1366 392/392 804/804
f 804/804 392/392 394/394
f 2162/2162 2190/2190 2147/2147
f 3850/3850 3851/3851 3848/3848
f 803/803 614/614 1227/1227
f 1167/1167 1342/1342 1087/1087
f 1087/1087 1091/1091 890/890
f 1055/1055 1057/1057 915/915
f 484/484 468/468 1318/1318
f 3639/3639 3648/3648 3652/3652
f 3653/3653 3639/3639 3652/3652
f 2211/2211 2231/2231 1964/1964
f 1985/1985 1986/1986 1992/1992
f 1992/1992 1986/1986 2092/2092
f 1992/1992 2092/2092 2206/2206
f 2104/2104 2100/2100 2110/2110
f 3883/3883 3886/3886 3820/3820
f 3886/3886 3964/3964 3820/3820
f 3678/3678 3666/3666 3658/3658
f 607/607 604/604 606/606
f 867/867 870/870 869/869
f 1315/1315 392/392 1366/1366
f 1315/1315 1366/1366 1412/1412
f 386/386 452/452 437/437
f 437/437 452/452 468/468
f 2092/2092 2105/2105 2206/2206
f 2110/2110 2100/2100 2162/2162
f 3985/3985 3850/3850 3849/3849
f 3857/3857 3812/3812 3814/3814
f 3814/3814 3812/3812 3813/3813
f 3814/3814 3813/3813 3815/3815
f 3964/3964 3951/3951 3987/3987
f 1468/1468 1484/1484 1298/1298
f 1199/1199 1185/1185 607/607
f 614/614 831/831 1227/1227
f 1227/1227 831/831 1317/1317
f 1342/1342 1189/1189 1087/1087
f 1189/1189 1091/1091 1087/1087
f 1057/1057 1229/1229 1122/1122
f 1122/1122 1229/1229 1412/1412
f 1412/1412 1229/1229 1315/1315
f 394/394 392/392 385/385
f 468/468 1301/1301 1318/1318
f 1318/1318 1301/1301 1482/1482
f 1977/1977 1963/1963 1985/1985
f 1985/1985 1963/1963 1986/1986
f 3964/3964 3886/3886 3951/3951
f 1527/1527 1484/1484 1468/1468
f 1484/1484 1471/1471 1298/1298
f 1255/1255 1256/1256 1185/1185
f 1255/1255 1185/1185 1199/1199
f 1317/1317 1316/1316 1342/1342
f 2231/2231 2212/2212 1964/1964
f 1482/1482 1508/1508 1502/1502
f 1502/1502 1508/1508 1577/1577
f 3815/3815 3813/3813 3883/3883
f 1527/1527 1528/1528 1484/1484
f 1340/1340 1307/1307 1255/1255
f 1298/1298 1340/1340 1255/1255
f 1255/1255 1307/1307 1256/1256
f 1185/1185 646/646 607/607
f 607/607 646/646 604/604
f 1056/1056 1170/1170 1057/1057
f 1057/1057 1170/1170 1229/1229
f 1315/1315 777/777 392/392
f 1301/1301 1483/1483 1482/1482
f 1977/1977 1964/1964 1963/1963
f 1482/1482 1483/1483 1508/1508
f 1577/1577 1613/1613 1612/1612
f 2100/2100 2160/2160 2162/2162
f 2162/2162 2160/2160 2190/2190
f 3850/3850 3852/3852 3851/3851
f 1317/1317 831/831 1316/1316
f 1091/1091 1189/1189 1090/1090
f 1091/1091 1090/1090 890/890
f 890/890 1090/1090 902/902
f 870/870 871/871 869/869
f 1055/1055 1056/1056 1057/1057
f 386/386 387/387 440/440
f 386/386 440/440 452/452
f 3637/3637 3638/3638 3639/3639
f 3662/3662 3637/3637 3639/3639
f 610/610 615/615 614/614
f 615/615 634/634 614/614
f 614/614 634/634 831/831
f 1316/1316 1266/1266 1342/1342
f 1266/1266 1189/1189 1342/1342
f 887/887 888/888 889/889
f 886/886 870/870 888/888
f 871/871 872/872 869/869
f 392/392 389/389 385/385
f 385/385 387/387 386/386
f 2092/2092 2106/2106 2105/2105
f 2105/2105 2106/2106 2087/2087
f 2105/2105 2087/2087 2104/2104
f 2104/2104 2087/2087 2100/2100
f 2100/2100 2101/2101 2160/2160
f 2160/2160 2200/2200 2190/2190
f 2190/2190 2200/2200 2226/2226
f 3813/3813 3884/3884 3883/3883
f 3883/3883 3885/3885 3886/3886
f 831/831 830/830 1316/1316
f 915/915 916/916 1055/1055
f 1170/1170 1394/1394 1315/1315
f 1229/1229 1170/1170 1315/1315
f 1315/1315 1333/1333 777/777
f 440/440 467/467 452/452
f 452/452 467/467 469/469
f 452/452 469/469 468/468
f 1964/1964 1962/1962 1963/1963
f 2087/2087 2091/2091 2100/2100
f 2100/2100 2091/2091 2101/2101
f 3883/3883 3884/3884 3885/3885
f 604/604 605/605 606/606
f 831/831 634/634 830/830
f 1316/1316 1341/1341 1266/1266
f 1189/1189 1266/1266 1090/1090
f 890/890 887/887 889/889
f 888/888 887/887 886/886
f 871/871 870/870 886/886
f 1315/1315 1394/1394 1333/1333
f 2212/2212 1962/1962 1964/1964
f 1986/1986 2070/2070 2092/2092
f 2092/2092 2070/2070 2106/2106
f 2200/2200 2256/2256 2226/2226
f 4006/4006 4007/4007 3985/3985
f 3852/3852 3857/3857 3851/3851
f 2106/2106 2086/2086 2087/2087
f 1484/1484 1480/1480 1471/1471
f 646/646 647/647 604/604
f 890/890 902/902 887/887
f 869/869 872/872 916/916
f 916/916 872/872 1055/1055
f 777/777 393/393 392/392
f 385/385 388/388 387/387
f 469/469 1300/1300 468/468
f 468/468 1300/1300 1301/1301
f 2070/2070 2086/2086 2106/2106
f 3886/3886 3950/3950 3951/3951
f 1528/1528 1480/1480 1484/1484
f 1256/1256 1186/1186 1185/1185
f 1185/1185 1186/1186 646/646
f 604/604 647/647 605/605
f 606/606 605/605 610/610
f 1055/1055 1054/1054 1056/1056
f 392/392 393/393 389/389
f 2212/2212 2153/2153 1962/1962
f 1963/1963 1989/1989 1986/1986
f 1986/1986 1989/1989 2070/2070
f 3811/3811 3884/3884 3813/3813
f 3886/3886 3885/3885 3950/3950
f 3950/3950 3954/3954 3951/3951
f 3667/3667 3676/3676 3637/3637
f 1643/1643 1636/1636 1635/1635
f 1528/1528 1530/1530 1480/1480
f 615/615 635/635 634/634
f 634/634 635/635 830/830
f 830/830 751/751 1316/1316
f 1266/1266 1160/1160 1090/1090
f 1090/1090 1160/1160 1089/1089
f 1090/1090 1089/1089 902/902
f 1056/1056 1179/1179 1170/1170
f 385/385 389/389 388/388
f 3985/3985 3853/3853 3850/3850
f 3850/3850 3853/3853 3852/3852
f 3852/3852 3858/3858 3857/3857
f 3857/3857 3858/3858 3812/3812
f 3812/3812 3811/3811 3813/3813
f 1186/1186 648/648 646/646
f 605/605 615/615 610/610
f 1316/1316 751/751 1341/1341
f 1266/1266 1341/1341 1160/1160
f 886/886 874/874 871/871
f 1483/1483 1488/1488 1508/1508
f 2070/2070 2085/2085 2086/2086
f 2101/2101 2161/2161 2160/2160
f 2160/2160 2161/2161 2200/2200
f 1480/1480 1340/1340 1471/1471
f 1256/1256 1307/1307 1186/1186
f 635/635 751/751 830/830
f 887/887 885/885 886/886
f 872/872 873/873 878/878
f 872/872 878/878 1055/1055
f 1055/1055 878/878 1054/1054
f 3676/3676 3635/3635 3637/3637
f 2086/2086 2084/2084 2087/2087
f 2087/2087 2084/2084 2091/2091
f 2091/2091 2102/2102 2101/2101
f 1340/1340 1308/1308 1307/1307
f 646/646 648/648 647/647
f 615/615 623/623 635/635
f 902/902 885/885 887/887
f 885/885 884/884 886/886
f 871/871 874/874 873/873
f 1301/1301 1300/1300 1483/1483
f 4007/4007 3853/3853 3985/3985
f 3858/3858 3810/3810 3812/3812
f 886/886 884/884 874/874
f 1054/1054 1145/1145 1056/1056
f 1056/1056 1145/1145 1179/1179
f 469/469 471/471 1300/1300
f 1962/1962 1957/1957 1963/1963
f 1963/1963 1957/1957 1989/1989
f 3852/3852 3859/3859 3858/3858
f 3812/3812 3810/3810 3811/3811
f 3884/3884 3887/3887 3885/3885
f 2086/2086 2085/2085 2084/2084
f 1480/1480 1457/1457 1340/1340
f 648/648 649/649 647/647
f 649/649 650/650 647/647
f 605/605 618/618 615/615
f 1160/1160 1088/1088 1089/1089
f 1089/1089 1088/1088 902/902
f 1394/1394 1388/1388 1333/1333
f 467/467 471/471 469/469
f 1300/1300 1488/1488 1483/1483
f 1957/1957 1990/1990 1989/1989
f 1989/1989 1990/1990 2070/2070
f 2200/2200 2259/2259 2256/2256
f 618/618 617/617 615/615
f 615/615 617/617 623/623
f 751/751 807/807 1341/1341
f 1341/1341 1348/1348 1160/1160
f 1394/1394 1145/1145 1388/1388
f 1388/1388 1332/1332 1333/1333
f 1333/1333 1332/1332 724/724
f 1333/1333 724/724 777/777
f 777/777 724/724 393/393
f 2153/2153 1954/1954 1962/1962
f 1962/1962 1954/1954 1957/1957
f 3884/3884 3891/3891 3887/3887
f 2084/2084 2082/2082 2091/2091
f 2091/2091 2082/2082 2102/2102
f 1340/1340 1422/1422 1308/1308
f 1307/1307 1308/1308 1186/1186
f 1186/1186 649/649 648/648
f 903/903 885/885 902/902
f 873/873 877/877 878/878
f 2153/2153 2151/2151 1954/1954
f 1990/1990 2069/2069 2070/2070
f 2161/2161 2213/2213 2200/2200
f 2200/2200 2213/2213 2259/2259
f 3853/3853 3859/3859 3852/3852
f 623/623 636/636 635/635
f 635/635 636/636 751/751
f 807/807 1348/1348 1341/1341
f 1160/1160 1348/1348 1161/1161
f 1160/1160 1161/1161 1088/1088
f 1088/1088 903/903 902/902
f 877/877 879/879 878/878
f 1054/1054 1155/1155 1145/1145
f 1145/1145 1155/1155 1388/1388
f 471/471 1244/1244 1300/1300
f 1300/1300 1244/1244 1488/1488
f 2070/2070 2069/2069 2085/2085
f 3859/3859 3860/3860 3858/3858
f 647/647 650/650 605/605
f 751/751 636/636 807/807
f 874/874 875/875 873/873
f 724/724 390/390 393/393
f 388/388 383/383 387/387
f 4007/4007 4008/4008 3853/3853
f 3858/3858 3860/3860 3810/3810
f 1308/1308 1236/1236 1186/1186
f 1186/1186 1236/1236 649/649
f 650/650 616/616 605/605
f 605/605 616/616 618/618
f 873/873 876/876 877/877
f 393/393 390/390 389/389
f 389/389 383/383 388/388
f 1508/1508 1559/1559 1577/1577
f 1577/1577 1559/1559 1605/1605
f 1577/1577 1605/1605 1613/1613
f 3860/3860 3861/3861 3810/3810
f 3887/3887 3888/3888 3885/3885
f 3676/3676 3632/3632 3635/3635
f 1422/1422 1309/1309 1308/1308
f 885/885 883/883 884/884
f 884/884 875/875 874/874
f 875/875 876/876 873/873
f 387/387 444/444 440/440
f 440/440 444/444 467/467
f 3810/3810 3809/3809 3811/3811
f 3809/3809 3891/3891 3811/3811
f 3811/3811 3891/3891 3884/3884
f 3885/3885 3888/3888 3950/3950
f 3697/3697 3675/3675 3676/3676
f 3676/3676 3675/3675 3632/3632
f 2102/2102 2170/2170 2161/2161
f 1236/1236 708/708 649/649
f 649/649 708/708 650/650
f 383/383 375/375 387/387
f 2151/2151 2061/2061 1954/1954
f 1954/1954 1956/1956 1957/1957
f 3400/3400 3402/3402 3401/3401
f 1457/1457 1423/1423 1422/1422
f 1422/1422 1423/1423 1309/1309
f 1308/1308 1309/1309 1236/1236
f 807/807 1347/1347 1348/1348
f 885/885 903/903 904/904
f 883/883 875/875 884/884
f 877/877 876/876 879/879
f 387/387 375/375 444/444
f 467/467 470/470 471/471
f 2061/2061 1955/1955 1954/1954
f 1954/1954 1955/1955 1956/1956
f 1990/1990 2068/2068 2069/2069
f 2069/2069 2088/2088 2085/2085
f 2085/2085 2079/2079 2084/2084
f 2084/2084 2079/2079 2082/2082
f 2170/2170 2185/2185 2161/2161
f 1346/1346 1347/1347 807/807
f 1054/1054 919/919 1155/1155
f 467/467 444/444 470/470
f 1488/1488 1523/1523 1508/1508
f 1508/1508 1523/1523 1559/1559
f 2085/2085 2088/2088 2079/2079
f 2082/2082 2103/2103 2102/2102
f 2102/2102 2103/2103 2170/2170
f 1347/1347 1372/1372 1348/1348
f 1348/1348 1173/1173 1161/1161
f 1161/1161 1173/1173 1096/1096
f 1161/1161 1096/1096 1088/1088
f 904/904 883/883 885/885
f 879/879 880/880 878/878
f 919/919 1156/1156 1155/1155
f 3861/3861 3807/3807 3810/3810
f 2079/2079 2080/2080 2082/2082
f 2082/2082 2080/2080 2103/2103
f 1458/1458 1423/1423 1457/1457
f 616/616 617/617 618/618
f 623/623 637/637 636/636
f 636/636 637/637 807/807
f 1348/1348 1372/1372 1173/1173
f 878/878 880/880 1054/1054
f 1054/1054 880/880 919/919
f 390/390 365/365 389/389
f 389/389 365/365 383/383
f 471/471 470/470 1244/1244
f 1244/1244 1494/1494 1488/1488
f 1488/1488 1494/1494 1523/1523
f 3853/3853 3864/3864 3859/3859
f 3859/3859 3862/3862 3860/3860
f 3810/3810 3807/3807 3809/3809
f 650/650 651/651 616/616
f 617/617 619/619 623/623
f 623/623 638/638 637/637
f 637/637 806/806 807/807
f 807/807 806/806 1346/1346
f 903/903 1006/1006 904/904
f 875/875 883/883 881/881
f 875/875 881/881 876/876
f 1156/1156 1387/1387 1155/1155
f 1332/1332 800/800 724/724
f 724/724 800/800 390/390
f 1955/1955 1958/1958 1956/1956
f 1956/1956 1958/1958 1959/1959
f 1956/1956 1959/1959 1960/1960
f 2068/2068 2062/2062 2069/2069
f 2069/2069 2062/2062 2088/2088
f 3675/3675 3670/3670 3632/3632
f 708/708 728/728 650/650
f 879/879 876/876 880/880
f 3809/3809 3808/3808 3891/3891
f 3887/3887 3889/3889 3888/3888
f 616/616 619/619 617/617
f 619/619 638/638 623/623
f 353/353 333/333 306/306
f 3859/3859 3864/3864 3862/3862
f 3808/3808 3887/3887 3891/3891
f 3887/3887 3890/3890 3889/3889
f 881/881 882/882 876/876
f 876/876 882/882 880/880
f 880/880 882/882 917/917
f 919/919 1103/1103 1156/1156
f 1388/1388 1387/1387 800/800
f 470/470 1243/1243 1244/1244
f 2061/2061 2244/2244 1955/1955
f 1960/1960 2062/2062 2068/2068
f 3807/3807 3808/3808 3809/3809
f 3670/3670 3629/3629 3632/3632
f 2103/2103 2155/2155 2170/2170
f 2170/2170 2155/2155 2185/2185
f 1459/1459 1461/1461 1423/1423
f 1458/1458 1459/1459 1423/1423
f 1173/1173 1097/1097 1096/1096
f 1096/1096 1097/1097 1006/1006
f 1244/1244 1243/1243 1494/1494
f 4008/4008 3966/3966 3853/3853
f 3853/3853 3966/3966 3864/3864
f 3860/3860 3862/3862 3861/3861
f 3670/3670 3669/3669 3629/3629
f 1236/1236 729/729 708/708
f 708/708 729/729 728/728
f 904/904 1005/1005 883/883
f 1005/1005 1016/1016 883/883
f 883/883 1016/1016 1072/1072
f 883/883 1072/1072 881/881
f 881/881 1072/1072 882/882
f 375/375 374/374 444/444
f 2244/2244 2243/2243 1955/1955
f 1960/1960 2060/2060 2062/2062
f 2062/2062 2060/2060 2088/2088
f 3808/3808 3890/3890 3887/3887
f 728/728 731/731 650/650
f 619/619 621/621 638/638
f 1346/1346 821/821 1347/1347
f 880/880 917/917 919/919
f 383/383 367/367 375/375
f 1243/1243 1479/1479 1494/1494
f 2243/2243 1965/1965 1955/1955
f 1955/1955 1965/1965 1958/1958
f 2060/2060 2218/2218 2088/2088
f 4008/4008 4005/4005 3966/3966
f 3890/3890 3895/3895 3889/3889
f 3889/3889 3895/3895 3977/3977
f 1534/1534 1459/1459 1458/1458
f 1535/1535 1534/1534 1458/1458
f 651/651 620/620 616/616
f 616/616 620/620 619/619
f 904/904 1006/1006 1004/1004
f 904/904 1004/1004 1005/1005
f 1119/1119 1132/1132 1016/1016
f 3534/3534 3536/3536 3544/3544
f 2766/2766 2750/2750 2742/2742
f 1016/1016 1132/1132 1072/1072
f 2766/2766 2742/2742 2747/2747
f 2742/2742 2737/2737 2747/2747
f 2747/2747 2737/2737 2764/2764
f 2764/2764 2737/2737 2740/2740
f 1072/1072 1120/1120 882/882
f 2740/2740 2756/2756 2764/2764
f 882/882 1120/1120 1053/1053
f 882/882 1053/1053 1052/1052
f 1103/1103 1157/1157 1156/1156
f 1156/1156 1157/1157 1387/1387
f 365/365 367/367 383/383
f 1523/1523 1558/1558 1559/1559
f 1559/1559 1558/1558 1605/1605
f 3862/3862 3806/3806 3861/3861
f 2080/2080 2142/2142 2103/2103
f 2103/2103 2142/2142 2155/2155
f 3807/3807 3805/3805 3808/3808
f 1423/1423 1425/1425 1309/1309
f 1372/1372 1172/1172 1173/1173
f 1173/1173 1172/1172 1097/1097
f 3502/3502 3491/3491 3509/3509
f 2762/2762 2724/2724 2750/2750
f 2750/2750 2724/2724 2728/2728
f 2750/2750 2728/2728 2742/2742
f 2728/2728 2723/2723 2737/2737
f 2742/2742 2728/2728 2737/2737
f 2737/2737 2723/2723 2740/2740
f 2740/2740 2723/2723 2729/2729
f 2740/2740 2729/2729 2756/2756
f 2729/2729 2736/2736 2757/2757
f 2756/2756 2729/2729 2757/2757
f 917/917 918/918 919/919
f 919/919 918/918 1103/1103
f 800/800 391/391 390/390
f 374/374 464/464 444/444
f 464/464 472/472 470/470
f 444/444 464/464 470/470
f 1958/1958 1950/1950 1959/1959
f 1959/1959 1950/1950 1960/1960
f 1605/1605 1558/1558 1594/1594
f 3861/3861 3806/3806 3807/3807
f 2218/2218 2089/2089 2088/2088
f 2088/2088 2089/2089 2079/2079
f 731/731 620/620 651/651
f 620/620 621/621 619/619
f 621/621 640/640 638/638
f 638/638 640/640 637/637
f 637/637 640/640 806/806
f 2728/2728 2722/2722 2723/2723
f 2722/2722 2720/2720 2723/2723
f 2723/2723 2720/2720 2729/2729
f 800/800 1386/1386 1187/1187
f 800/800 1187/1187 391/391
f 390/390 391/391 365/365
f 470/470 472/472 1243/1243
f 1950/1950 1951/1951 1960/1960
f 1960/1960 1951/1951 2060/2060
f 3864/3864 3863/3863 3862/3862
f 3807/3807 3806/3806 3805/3805
f 3890/3890 3892/3892 3893/3893
f 3895/3895 3972/3972 3977/3977
f 3669/3669 3624/3624 3629/3629
f 1372/1372 1373/1373 1172/1172
f 1097/1097 1013/1013 1006/1006
f 3490/3490 3496/3496 3495/3495
f 3494/3494 3490/3490 3495/3495
f 2762/2762 2763/2763 2724/2724
f 2724/2724 2722/2722 2728/2728
f 2720/2720 2734/2734 2736/2736
f 2729/2729 2720/2720 2736/2736
f 2736/2736 2734/2734 2757/2757
f 1053/1053 1051/1051 1052/1052
f 3805/3805 3892/3892 3808/3808
f 3808/3808 3892/3892 3890/3890
f 1634/1634 1616/1616 1599/1599
f 806/806 821/821 1346/1346
f 1347/1347 1373/1373 1372/1372
f 1006/1006 1013/1013 1007/1007
f 1005/1005 1003/1003 1016/1016
f 1016/1016 1003/1003 1119/1119
f 3501/3501 3489/3489 3491/3491
f 3502/3502 3501/3501 3491/3491
f 2734/2734 2758/2758 2757/2757
f 1157/1157 1395/1395 1387/1387
f 1387/1387 1395/1395 1379/1379
f 2243/2243 2234/2234 1965/1965
f 1965/1965 1953/1953 1958/1958
f 1958/1958 1953/1953 1950/1950
f 3864/3864 3966/3966 3863/3863
f 3890/3890 3894/3894 3895/3895
f 3894/3894 3965/3965 3972/3972
f 3895/3895 3894/3894 3972/3972
f 1007/1007 1004/1004 1006/1006
f 1004/1004 1003/1003 1005/1005
f 2763/2763 2712/2712 2724/2724
f 2722/2722 2718/2718 2720/2720
f 924/924 918/918 1052/1052
f 367/367 374/374 375/375
f 1243/1243 1246/1246 1479/1479
f 3863/3863 3806/3806 3862/3862
f 3806/3806 3804/3804 3805/3805
f 2089/2089 2077/2077 2079/2079
f 2079/2079 2077/2077 2078/2078
f 2079/2079 2078/2078 2080/2080
f 2080/2080 2078/2078 2142/2142
f 1459/1459 1460/1460 1425/1425
f 1459/1459 1425/1425 1461/1461
f 1309/1309 1296/1296 1236/1236
f 1236/1236 1296/1296 729/729
f 731/731 732/732 620/620
f 2724/2724 2712/2712 2722/2722
f 472/472 1246/1246 1243/1243
f 2142/2142 2156/2156 2155/2155
f 2155/2155 2156/2156 2185/2185
f 2185/2185 2251/2251 2250/2250
f 3890/3890 3893/3893 3894/3894
f 1296/1296 779/779 729/729
f 729/729 779/779 730/730
f 729/729 730/730 728/728
f 728/728 730/730 731/731
f 732/732 633/633 620/620
f 620/620 633/633 622/622
f 620/620 622/622 621/621
f 621/621 624/624 641/641
f 621/621 641/641 640/640
f 640/640 821/821 806/806
f 821/821 1349/1349 1347/1347
f 1347/1347 1349/1349 1373/1373
f 3490/3490 3487/3487 3496/3496
f 2763/2763 2749/2749 2712/2712
f 1157/1157 1385/1385 1395/1395
f 365/365 366/366 367/367
f 1479/1479 1510/1510 1494/1494
f 1494/1494 1510/1510 1523/1523
f 1534/1534 1532/1532 1459/1459
f 641/641 723/723 640/640
f 640/640 723/723 821/821
f 2722/2722 2712/2712 2718/2718
f 2720/2720 2719/2719 2734/2734
f 2734/2734 2745/2745 2758/2758
f 1051/1051 924/924 1052/1052
f 1395/1395 1385/1385 1379/1379
f 367/367 366/366 374/374
f 1523/1523 1539/1539 1558/1558
f 2156/2156 2202/2202 2185/2185
f 2185/2185 2202/2202 2251/2251
f 1425/1425 1407/1407 1309/1309
f 1309/1309 1407/1407 1296/1296
f 622/622 624/624 621/621
f 2718/2718 2719/2719 2720/2720
f 2234/2234 1953/1953 1965/1965
f 3966/3966 3880/3880 3863/3863
f 3804/3804 3803/3803 3805/3805
f 730/730 732/732 731/731
f 3501/3501 3498/3498 3489/3489
f 2718/2718 2712/2712 2711/2711
f 1379/1379 1380/1380 1386/1386
f 1386/1386 1380/1380 1187/1187
f 3863/3863 3865/3865 3806/3806
f 3806/3806 3802/3802 3804/3804
f 3892/3892 3803/3803 3893/3893
f 3894/3894 3896/3896 3965/3965
f 795/795 1349/1349 821/821
f 1373/1373 1374/1374 1172/1172
f 3498/3498 3488/3488 3489/3489
f 2713/2713 2709/2709 2712/2712
f 2709/2709 2711/2711 2712/2712
f 2718/2718 2711/2711 2719/2719
f 1523/1523 1510/1510 1539/1539
f 3863/3863 3880/3880 3865/3865
f 3805/3805 3803/3803 3892/3892
f 3893/3893 3896/3896 3894/3894
f 1460/1460 1408/1408 1425/1425
f 1007/1007 1008/1008 1004/1004
f 366/366 368/368 374/374
f 2234/2234 2205/2205 1953/1953
f 1951/1951 1952/1952 2060/2060
f 2060/2060 1952/1952 2218/2218
f 1558/1558 1539/1539 1594/1594
f 2077/2077 2076/2076 2078/2078
f 2078/2078 2076/2076 2142/2142
f 3623/3623 3679/3679 3620/3620
f 1615/1615 1600/1600 1616/1616
f 1374/1374 1357/1357 1172/1172
f 1172/1172 1357/1357 1136/1136
f 1172/1172 1136/1136 1097/1097
f 1013/1013 1012/1012 1007/1007
f 2749/2749 2748/2748 2713/2713
f 2749/2749 2713/2713 2712/2712
f 2719/2719 2739/2739 2734/2734
f 2734/2734 2739/2739 2745/2745
f 918/918 924/924 925/925
f 918/918 1102/1102 1103/1103
f 374/374 463/463 464/464
f 464/464 463/463 472/472
f 472/472 1245/1245 1246/1246
f 1246/1246 1245/1245 1479/1479
f 1952/1952 2219/2219 2218/2218
f 3966/3966 3968/3968 3880/3880
f 2218/2218 2219/2219 2089/2089
f 2076/2076 2143/2143 2142/2142
f 2142/2142 2143/2143 2156/2156
f 1425/1425 1408/1408 1407/1407
f 622/622 625/625 624/624
f 723/723 795/795 821/821
f 1349/1349 1374/1374 1373/1373
f 1008/1008 1001/1001 1004/1004
f 1004/1004 1001/1001 1003/1003
f 2719/2719 2721/2721 2739/2739
f 1051/1051 920/920 924/924
f 918/918 925/925 1102/1102
f 1157/1157 1384/1384 1385/1385
f 1385/1385 1384/1384 1379/1379
f 365/365 362/362 366/366
f 366/366 364/364 368/368
f 2205/2205 1961/1961 1953/1953
f 1950/1950 1949/1949 1951/1951
f 1951/1951 1949/1949 1952/1952
f 4005/4005 3968/3968 3966/3966
f 3803/3803 3897/3897 3893/3893
f 3893/3893 3897/3897 3896/3896
f 633/633 628/628 622/622
f 622/622 628/628 625/625
f 625/625 642/642 641/641
f 624/624 625/625 641/641
f 641/641 642/642 723/723
f 723/723 642/642 722/722
f 723/723 722/722 795/795
f 1136/1136 1012/1012 1097/1097
f 1097/1097 1012/1012 1013/1013
f 1116/1116 920/920 1051/1051
f 1103/1103 1158/1158 1157/1157
f 1157/1157 1158/1158 1384/1384
f 1187/1187 395/395 391/391
f 391/391 362/362 365/365
f 374/374 368/368 463/463
f 2219/2219 2096/2096 2089/2089
f 2089/2089 2096/2096 2077/2077
f 3865/3865 3802/3802 3806/3806
f 3804/3804 3802/3802 3803/3803
f 3803/3803 3898/3898 3897/3897
f 1103/1103 1102/1102 1158/1158
f 362/362 364/364 366/366
f 472/472 463/463 490/490
f 472/472 490/490 1245/1245
f 1245/1245 1477/1477 1479/1479
f 1479/1479 1477/1477 1510/1510
f 1953/1953 1961/1961 1947/1947
f 1953/1953 1947/1947 1950/1950
f 1950/1950 1947/1947 1949/1949
f 1539/1539 1576/1576 1594/1594
f 4005/4005 3994/3994 3968/3968
f 3803/3803 3801/3801 3898/3898
f 1408/1408 1296/1296 1407/1407
f 732/732 730/730 632/632
f 732/732 632/632 633/633
f 633/633 632/632 628/628
f 1349/1349 795/795 1283/1283
f 1001/1001 1002/1002 1003/1003
f 1003/1003 1002/1002 1017/1017
f 2719/2719 2711/2711 2721/2721
f 922/922 925/925 924/924
f 3679/3679 3618/3618 3620/3620
f 1408/1408 1403/1403 1296/1296
f 1349/1349 1283/1283 1374/1374
f 1007/1007 1009/1009 1008/1008
f 3487/3487 3486/3486 3497/3497
f 1380/1380 1201/1201 1187/1187
f 1187/1187 1201/1201 395/395
f 391/391 395/395 362/362
f 3802/3802 3801/3801 3803/3803
f 1012/1012 1009/1009 1007/1007
f 3498/3498 3499/3499 3488/3488
f 2748/2748 2735/2735 2713/2713
f 2713/2713 2735/2735 2715/2715
f 2721/2721 2738/2738 2739/2739
f 2739/2739 2738/2738 2745/2745
f 3802/3802 3800/3800 3801/3801
f 1296/1296 778/778 779/779
f 779/779 778/778 730/730
f 1012/1012 1011/1011 1009/1009
f 2715/2715 2714/2714 2713/2713
f 2713/2713 2714/2714 2709/2709
f 2711/2711 2725/2725 2721/2721
f 1158/1158 1339/1339 1384/1384
f 1379/1379 1378/1378 1380/1380
f 395/395 379/379 362/362
f 364/364 369/369 368/368
f 368/368 369/369 463/463
f 1510/1510 1529/1529 1539/1539
f 2205/2205 1966/1966 1961/1961
f 1961/1961 1966/1966 1947/1947
f 1952/1952 2223/2223 2219/2219
f 2219/2219 2223/2223 2096/2096
f 2096/2096 2075/2075 2077/2077
f 2077/2077 2075/2075 2076/2076
f 2143/2143 2145/2145 2156/2156
f 2156/2156 2145/2145 2202/2202
f 1460/1460 1402/1402 1408/1408
f 1296/1296 1338/1338 778/778
f 2709/2709 2710/2710 2711/2711
f 2721/2721 2725/2725 2738/2738
f 2738/2738 2752/2752 2745/2745
f 1493/1493 1529/1529 1510/1510
f 1477/1477 1493/1493 1510/1510
f 1539/1539 1529/1529 1576/1576
f 3994/3994 3967/3967 3968/3968
f 3880/3880 3870/3870 3865/3865
f 3865/3865 3867/3867 3866/3866
f 3865/3865 3866/3866 3802/3802
f 3898/3898 3900/3900 3897/3897
f 1403/1403 1338/1338 1296/1296
f 625/625 627/627 643/643
f 625/625 643/643 642/642
f 920/920 922/922 924/924
f 1378/1378 1201/1201 1380/1380
f 2205/2205 2174/2174 1966/1966
f 3802/3802 3866/3866 3800/3800
f 3801/3801 3899/3899 3898/3898
f 3898/3898 3899/3899 3900/3900
f 3679/3679 3673/3673 3618/3618
f 643/643 644/644 642/642
f 642/642 644/644 722/722
f 644/644 794/794 795/795
f 722/722 644/644 795/795
f 1374/1374 1137/1137 1357/1357
f 1357/1357 1137/1137 1136/1136
f 2709/2709 2714/2714 2710/2710
f 3968/3968 3967/3967 3880/3880
f 3870/3870 3867/3867 3865/3865
f 3800/3800 3799/3799 3801/3801
f 3897/3897 3942/3942 3896/3896
f 632/632 630/630 628/628
f 1283/1283 1282/1282 1374/1374
f 1009/1009 1010/1010 1008/1008
f 1008/1008 1010/1010 1001/1001
f 3486/3486 3493/3493 3497/3497
f 2748/2748 2753/2753 2735/2735
f 2710/2710 2725/2725 2711/2711
f 925/925 1050/1050 1102/1102
f 379/379 363/363 362/362
f 362/362 363/363 364/364
f 363/363 369/369 364/364
f 1949/1949 1974/1974 1952/1952
f 1952/1952 1974/1974 2223/2223
f 2076/2076 2074/2074 2143/2143
f 2143/2143 2074/2074 2145/2145
f 3967/3967 3870/3870 3880/3880
f 3897/3897 3900/3900 3942/3942
f 630/630 626/626 628/628
f 628/628 626/626 625/625
f 1282/1282 1376/1376 1374/1374
f 1136/1136 1137/1137 1012/1012
f 3499/3499 3492/3492 3488/3488
f 922/922 1050/1050 925/925
f 463/463 489/489 490/490
f 1245/1245 1305/1305 1477/1477
f 1477/1477 1305/1305 1493/1493
f 2075/2075 2074/2074 2076/2076
f 2145/2145 2187/2187 2202/2202
f 2202/2202 2187/2187 2251/2251
f 3801/3801 3799/3799 3899/3899
f 4089/4089 4088/4088 4090/4090
f 1460/1460 1464/1464 1402/1402
f 625/625 626/626 627/627
f 795/795 794/794 1283/1283
f 1017/1017 1002/1002 1141/1141
f 1102/1102 1105/1105 1158/1158
f 1158/1158 1105/1105 1339/1339
f 369/369 363/363 370/370
f 1966/1966 1969/1969 1947/1947
f 1947/1947 1969/1969 1948/1948
f 1947/1947 1948/1948 1949/1949
f 1949/1949 1948/1948 1974/1974
f 2223/2223 2173/2173 2096/2096
f 2096/2096 2173/2173 2075/2075
f 3673/3673 3617/3617 3618/3618
f 1610/1610 1596/1596 1600/1600
f 778/778 746/746 730/730
f 730/730 746/746 736/736
f 794/794 1282/1282 1283/1283
f 1374/1374 1376/1376 1137/1137
f 1050/1050 1105/1105 1102/1102
f 1384/1384 1339/1339 1378/1378
f 369/369 370/370 463/463
f 490/490 1232/1232 1245/1245
f 1245/1245 1232/1232 1305/1305
f 3867/3867 3868/3868 3866/3866
f 1002/1002 1142/1142 1141/1141
f 3499/3499 3500/3500 3492/3492
f 363/363 371/371 370/370
f 370/370 478/478 463/463
f 463/463 478/478 489/489
f 1970/1970 1969/1969 1966/1966
f 3869/3869 3868/3868 3867/3867
f 3870/3870 3869/3869 3867/3867
f 3866/3866 3798/3798 3800/3800
f 1338/1338 827/827 778/778
f 1001/1001 996/996 1002/1002
f 2753/2753 2741/2741 2735/2735
f 2735/2735 2741/2741 2715/2715
f 2710/2710 2726/2726 2725/2725
f 3514/3514 3513/3513 3528/3528
f 490/490 489/489 1232/1232
f 2174/2174 1970/1970 1966/1966
f 1529/1529 1546/1546 1576/1576
f 3942/3942 3900/3900 3941/3941
f 3673/3673 3671/3671 3617/3617
f 1755/1755 1746/1746 1761/1761
f 1402/1402 827/827 1338/1338
f 1403/1403 1402/1402 1338/1338
f 1282/1282 1377/1377 1376/1376
f 1376/1376 1375/1375 1137/1137
f 3493/3493 3492/3492 3503/3503
f 3492/3492 3500/3500 3503/3503
f 2741/2741 2716/2716 2715/2715
f 2715/2715 2716/2716 2714/2714
f 2710/2710 2717/2717 2726/2726
f 1339/1339 1382/1382 1378/1378
f 1378/1378 1200/1200 1201/1201
f 1201/1201 1200/1200 395/395
f 1493/1493 1520/1520 1529/1529
f 1529/1529 1520/1520 1546/1546
f 1546/1546 1588/1588 1576/1576
f 3990/3990 3971/3971 3967/3967
f 3994/3994 3990/3990 3967/3967
f 2173/2173 2059/2059 2075/2075
f 3967/3967 3871/3871 3870/3870
f 3868/3868 3798/3798 3866/3866
f 3800/3800 3798/3798 3799/3799
f 2075/2075 2059/2059 2074/2074
f 778/778 827/827 746/746
f 632/632 736/736 630/630
f 627/627 629/629 639/639
f 627/627 639/639 643/643
f 643/643 639/639 644/644
f 794/794 1281/1281 1282/1282
f 1282/1282 1281/1281 1377/1377
f 1137/1137 1162/1162 1012/1012
f 2714/2714 2717/2717 2710/2710
f 1116/1116 1117/1117 920/920
f 3967/3967 3971/3971 3871/3871
f 3798/3798 3797/3797 3799/3799
f 1402/1402 1352/1352 827/827
f 1377/1377 1375/1375 1376/1376
f 1162/1162 1014/1014 1012/1012
f 1012/1012 1014/1014 1011/1011
f 2716/2716 2717/2717 2714/2714
f 2725/2725 2726/2726 2727/2727
f 2725/2725 2727/2727 2738/2738
f 920/920 921/921 922/922
f 395/395 378/378 379/379
f 379/379 378/378 363/363
f 3899/3899 3901/3901 3900/3900
f 3900/3900 3901/3901 3941/3941
f 1464/1464 1351/1351 1402/1402
f 1402/1402 1351/1351 1352/1352
f 626/626 629/629 627/627
f 639/639 645/645 644/644
f 644/644 645/645 793/793
f 644/644 793/793 794/794
f 794/794 793/793 1281/1281
f 3500/3500 3504/3504 3503/3503
f 2741/2741 2746/2746 2716/2716
f 2727/2727 2743/2743 2738/2738
f 1105/1105 1104/1104 1339/1339
f 370/370 372/372 478/478
f 1232/1232 1306/1306 1305/1305
f 1305/1305 1306/1306 1493/1493
f 2174/2174 2168/2168 1970/1970
f 1970/1970 1967/1967 1969/1969
f 2223/2223 2188/2188 2173/2173
f 2188/2188 2058/2058 2059/2059
f 2173/2173 2188/2188 2059/2059
f 3899/3899 3902/3902 3901/3901
f 1375/1375 1162/1162 1137/1137
f 1010/1010 1000/1000 1001/1001
f 1002/1002 1143/1143 1142/1142
f 3500/3500 3505/3505 3504/3504
f 1200/1200 396/396 395/395
f 371/371 372/372 370/370
f 2168/2168 1967/1967 1970/1970
f 1967/1967 1968/1968 1969/1969
f 1969/1969 1968/1968 1948/1948
f 736/736 631/631 630/630
f 630/630 631/631 626/626
f 1011/1011 1010/1010 1009/1009
f 1001/1001 1000/1000 996/996
f 1117/1117 923/923 920/920
f 921/921 926/926 922/922
f 922/922 926/926 1050/1050
f 1050/1050 926/926 1049/1049
f 1378/1378 1354/1354 1200/1200
f 1948/1948 1973/1973 1974/1974
f 1974/1974 1973/1973 2223/2223
f 2187/2187 2261/2261 2251/2251
f 3871/3871 3869/3869 3870/3870
f 1352/1352 1303/1303 827/827
f 746/746 747/747 736/736
f 631/631 629/629 626/626
f 1382/1382 1354/1354 1378/1378
f 489/489 491/491 1232/1232
f 1973/1973 2201/2201 2223/2223
f 1546/1546 1560/1560 1588/1588
f 2223/2223 2201/2201 2188/2188
f 2074/2074 2095/2095 2145/2145
f 2145/2145 2095/2095 2187/2187
f 3797/3797 3902/3902 3899/3899
f 3799/3799 3797/3797 3899/3899
f 3901/3901 3945/3945 3941/3941
f 3671/3671 3665/3665 3617/3617
f 2058/2058 2057/2057 2059/2059
f 827/827 780/780 746/746
f 746/746 780/780 747/747
f 747/747 631/631 736/736
f 3505/3505 3506/3506 3504/3504
f 2746/2746 2751/2751 2716/2716
f 2717/2717 2731/2731 2726/2726
f 2726/2726 2730/2730 2727/2727
f 2733/2733 2744/2744 2743/2743
f 2727/2727 2733/2733 2743/2743
f 2743/2743 2744/2744 2767/2767
f 1354/1354 1195/1195 1200/1200
f 1200/1200 1195/1195 396/396
f 396/396 378/378 395/395
f 378/378 371/371 363/363
f 372/372 459/459 478/478
f 478/478 459/459 489/489
f 1968/1968 1971/1971 1948/1948
f 1948/1948 1971/1971 1973/1973
f 2057/2057 2095/2095 2074/2074
f 3990/3990 3991/3991 3971/3971
f 3798/3798 3796/3796 3797/3797
f 3901/3901 3902/3902 3945/3945
f 3665/3665 3609/3609 3617/3617
f 827/827 781/781 780/780
f 1011/1011 1014/1014 1010/1010
f 2716/2716 2732/2732 2717/2717
f 2717/2717 2732/2732 2731/2731
f 2726/2726 2731/2731 2730/2730
f 2727/2727 2730/2730 2733/2733
f 920/920 923/923 921/921
f 1104/1104 1365/1365 1339/1339
f 459/459 491/491 489/489
f 1520/1520 1560/1560 1546/1546
f 3869/3869 3874/3874 3868/3868
f 3798/3798 3868/3868 3796/3796
f 1352/1352 1351/1351 1303/1303
f 1281/1281 1280/1280 1377/1377
f 1162/1162 1171/1171 1014/1014
f 1002/1002 1018/1018 1143/1143
f 2751/2751 2732/2732 2716/2716
f 2744/2744 2765/2765 2767/2767
f 1339/1339 1365/1365 1382/1382
f 1306/1306 1271/1271 1493/1493
f 1493/1493 1271/1271 1520/1520
f 3871/3871 3872/3872 3869/3869
f 3868/3868 3874/3874 3796/3796
f 1610/1610 1595/1595 1596/1596
f 793/793 1280/1280 1281/1281
f 1375/1375 1418/1418 1162/1162
f 1162/1162 1418/1418 1171/1171
f 996/996 1018/1018 1002/1002
f 3508/3508 3507/3507 3505/3505
f 3505/3505 3507/3507 3506/3506
f 2733/2733 2755/2755 2744/2744
f 2744/2744 2755/2755 2765/2765
f 378/378 376/376 371/371
f 372/372 373/373 459/459
f 3971/3971 3970/3970 3871/3871
f 3872/3872 3873/3873 3869/3869
f 3869/3869 3873/3873 3874/3874
f 3874/3874 3795/3795 3796/3796
f 1377/1377 1418/1418 1375/1375
f 3507/3507 3510/3510 3506/3506
f 3561/3561 3558/3558 3559/3559
f 1018/1018 1043/1043 1149/1149
f 2751/2751 2759/2759 2732/2732
f 2732/2732 2759/2759 2731/2731
f 1149/1149 1043/1043 1148/1148
f 2731/2731 2759/2759 2754/2754
f 3556/3556 3551/3551 3558/3558
f 2731/2731 2754/2754 2730/2730
f 1043/1043 1044/1044 1148/1148
f 2754/2754 2760/2760 2730/2730
f 3556/3556 3552/3552 3551/3551
f 2760/2760 2761/2761 2730/2730
f 3556/3556 3555/3555 3552/3552
f 2730/2730 2761/2761 2733/2733
f 3563/3563 3562/3562 3555/3555
f 1044/1044 1045/1045 1063/1063
f 2733/2733 2761/2761 2755/2755
f 3562/3562 3565/3565 3564/3564
f 1063/1063 1045/1045 923/923
f 1049/1049 1048/1048 1104/1104
f 1354/1354 1194/1194 1195/1195
f 371/371 373/373 372/372
f 2168/2168 1972/1972 1967/1967
f 2201/2201 2172/2172 2188/2188
f 2172/2172 2056/2056 2058/2058
f 2188/2188 2172/2172 2058/2058
f 3991/3991 3988/3988 3971/3971
f 3988/3988 3970/3970 3971/3971
f 2058/2058 2056/2056 2057/2057
f 631/631 666/666 629/629
f 1014/1014 1015/1015 1010/1010
f 996/996 1043/1043 1018/1018
f 3559/3559 3554/3554 3560/3560
f 3553/3553 3557/3557 3550/3550
f 1971/1971 2054/2054 1973/1973
f 1973/1973 2054/2054 2201/2201
f 2056/2056 2055/2055 2057/2057
f 747/747 666/666 631/631
f 629/629 666/666 653/653
f 629/629 652/652 639/639
f 639/639 652/652 645/645
f 923/923 1045/1045 921/921
f 1232/1232 1271/1271 1306/1306
f 1271/1271 1522/1522 1520/1520
f 1972/1972 1975/1975 1968/1968
f 1967/1967 1972/1972 1968/1968
f 1968/1968 1975/1975 1971/1971
f 2054/2054 2083/2083 2201/2201
f 2201/2201 2083/2083 2172/2172
f 2057/2057 2055/2055 2095/2095
f 3902/3902 3944/3944 3945/3945
f 3665/3665 3663/3663 3609/3609
f 1464/1464 1400/1400 1351/1351
f 1351/1351 1304/1304 1303/1303
f 629/629 653/653 652/652
f 645/645 698/698 793/793
f 793/793 698/698 1280/1280
f 1015/1015 1019/1019 1010/1010
f 1010/1010 1019/1019 1000/1000
f 996/996 998/998 1043/1043
f 1043/1043 994/994 1044/1044
f 921/921 995/995 926/926
f 926/926 1046/1046 1048/1048
f 926/926 1048/1048 1049/1049
f 1195/1195 1194/1194 396/396
f 396/396 376/376 378/378
f 371/371 376/376 373/373
f 491/491 1271/1271 1232/1232
f 2168/2168 1976/1976 1972/1972
f 1971/1971 1975/1975 2054/2054
f 1520/1520 1522/1522 1560/1560
f 2172/2172 2083/2083 2056/2056
f 2055/2055 2033/2033 2095/2095
f 3991/3991 4014/4014 3988/3988
f 3970/3970 3872/3872 3871/3871
f 3796/3796 3794/3794 3797/3797
f 3794/3794 3902/3902 3797/3797
f 1464/1464 1462/1462 1400/1400
f 652/652 654/654 645/645
f 645/645 654/654 698/698
f 1280/1280 1389/1389 1377/1377
f 1418/1418 1015/1015 1171/1171
f 1044/1044 994/994 1045/1045
f 1365/1365 1383/1383 1382/1382
f 1194/1194 412/412 396/396
f 376/376 377/377 373/373
f 459/459 475/475 491/491
f 491/491 475/475 500/500
f 2083/2083 2053/2053 2056/2056
f 2056/2056 2053/2053 2055/2055
f 2033/2033 2094/2094 2095/2095
f 2095/2095 2094/2094 2187/2187
f 3873/3873 3875/3875 3874/3874
f 3663/3663 3628/3628 3609/3609
f 3903/3903 3943/3943 3944/3944
f 3902/3902 3903/3903 3944/3944
f 666/666 663/663 653/653
f 1280/1280 1220/1220 1389/1389
f 998/998 994/994 1043/1043
f 1045/1045 994/994 995/995
f 1045/1045 995/995 921/921
f 1046/1046 1047/1047 1048/1048
f 491/491 500/500 1271/1271
f 1972/1972 1976/1976 1975/1975
f 1975/1975 2000/2000 2054/2054
f 1522/1522 1569/1569 1560/1560
f 2054/2054 2000/2000 2083/2083
f 2053/2053 2011/2011 2055/2055
f 2055/2055 2011/2011 2033/2033
f 2187/2187 2262/2262 2261/2261
f 3796/3796 3795/3795 3794/3794
f 1351/1351 1400/1400 1304/1304
f 652/652 653/653 654/654
f 698/698 1220/1220 1280/1280
f 1377/1377 1389/1389 1418/1418
f 994/994 993/993 995/995
f 1048/1048 1383/1383 1365/1365
f 412/412 376/376 396/396
f 1976/1976 2000/2000 1975/1975
f 2000/2000 2053/2053 2083/2083
f 3902/3902 3794/3794 3903/3903
f 1019/1019 999/999 1000/1000
f 926/926 995/995 1046/1046
f 1382/1382 1383/1383 1354/1354
f 1354/1354 1381/1381 1194/1194
f 376/376 397/397 377/377
f 3608/3608 3621/3621 3615/3615
f 2000/2000 2001/2001 2012/2012
f 2000/2000 2012/2012 2053/2053
f 2053/2053 2012/2012 2011/2011
f 1015/1015 1418/1418 1202/1202
f 1000/1000 999/999 996/996
f 377/377 380/380 373/373
f 373/373 382/382 459/459
f 459/459 382/382 475/475
f 1976/1976 2001/2001 2000/2000
f 2094/2094 2184/2184 2187/2187
f 2187/2187 2184/2184 2262/2262
f 3628/3628 3606/3606 3609/3609
f 780/780 781/781 747/747
f 1202/1202 1020/1020 1015/1015
f 999/999 997/997 996/996
f 996/996 997/997 998/998
f 994/994 935/935 993/993
f 2003/2003 2002/2002 1976/1976
f 1976/1976 2002/2002 2001/2001
f 3872/3872 3875/3875 3873/3873
f 3875/3875 3795/3795 3874/3874
f 3795/3795 3792/3792 3794/3794
f 1015/1015 1020/1020 1019/1019
f 995/995 993/993 1046/1046
f 376/376 412/412 397/397
f 373/373 380/380 382/382
f 500/500 1277/1277 1271/1271
f 1522/1522 1566/1566 1569/1569
f 3872/3872 3876/3876 3875/3875
f 3794/3794 3904/3904 3903/3903
f 3698/3698 3691/3691 3627/3627
f 3903/3903 3978/3978 3943/3943
f 4141/4141 4144/4144 4140/4140
f 4141/4141 4140/4140 4139/4139
f 1807/1807 1808/1808 1902/1902
f 653/653 655/655 654/654
f 1048/1048 1047/1047 1383/1383
f 412/412 410/410 397/397
f 3875/3875 3792/3792 3795/3795
f 3792/3792 3793/3793 3794/3794
f 3628/3628 3627/3627 3606/3606
f 663/663 655/655 653/653
f 998/998 936/936 994/994
f 994/994 936/936 935/935
f 382/382 439/439 475/475
f 475/475 439/439 500/500
f 1271/1271 1279/1279 1521/1521
f 1271/1271 1521/1521 1522/1522
f 1521/1521 1566/1566 1522/1522
f 3608/3608 3622/3622 3621/3621
f 2003/2003 2004/2004 2002/2002
f 3970/3970 3969/3969 3872/3872
f 3794/3794 3793/3793 3904/3904
f 1462/1462 1448/1448 1400/1400
f 1448/1448 1399/1399 1400/1400
f 1400/1400 1399/1399 1304/1304
f 781/781 748/748 747/747
f 747/747 748/748 666/666
f 1202/1202 1021/1021 1020/1020
f 1019/1019 1023/1023 999/999
f 999/999 1023/1023 997/997
f 1381/1381 1254/1254 1194/1194
f 397/397 381/381 377/377
f 1277/1277 1279/1279 1271/1271
f 2002/2002 2004/2004 2001/2001
f 2001/2001 2010/2010 2012/2012
f 4014/4014 4015/4015 3988/3988
f 3988/3988 3969/3969 3970/3970
f 3875/3875 3877/3877 3792/3792
f 3450/3450 3449/3449 3448/3448
f 1399/1399 1239/1239 1304/1304
f 1304/1304 1239/1239 781/781
f 666/666 665/665 663/663
f 1020/1020 1021/1021 1019/1019
f 1019/1019 1022/1022 1023/1023
f 997/997 1023/1023 970/970
f 998/998 970/970 936/936
f 1268/1268 1254/1254 1381/1381
f 1194/1194 1254/1254 412/412
f 439/439 499/499 500/500
f 500/500 499/499 1277/1277
f 2012/2012 2010/2010 2011/2011
f 3872/3872 3969/3969 3876/3876
f 3792/3792 3791/3791 3793/3793
f 748/748 665/665 666/666
f 655/655 660/660 654/654
f 654/654 660/660 698/698
f 1389/1389 1416/1416 1417/1417
f 1389/1389 1417/1417 1418/1418
f 1418/1418 1417/1417 1202/1202
f 1021/1021 1022/1022 1019/1019
f 935/935 933/933 993/993
f 993/993 933/933 1046/1046
f 1046/1046 929/929 1047/1047
f 1047/1047 1268/1268 1383/1383
f 3608/3608 3607/3607 3622/3622
f 3876/3876 3877/3877 3875/3875
f 781/781 844/844 748/748
f 698/698 660/660 1220/1220
f 936/936 934/934 935/935
f 935/935 934/934 933/933
f 2004/2004 2005/2005 2001/2001
f 2001/2001 2005/2005 2010/2010
f 1239/1239 844/844 781/781
f 663/663 662/662 655/655
f 933/933 927/927 1046/1046
f 1808/1808 1666/1666 1902/1902
f 665/665 662/662 663/663
f 660/660 1219/1219 1220/1220
f 1220/1220 1219/1219 1389/1389
f 1046/1046 927/927 929/929
f 1047/1047 929/929 1268/1268
f 377/377 381/381 380/380
f 1279/1279 1518/1518 1521/1521
f 3904/3904 3905/3905 3903/3903
f 3905/3905 3906/3906 3903/3903
f 1417/1417 1152/1152 1202/1202
f 1202/1202 1152/1152 1021/1021
f 1267/1267 1254/1254 1268/1268
f 380/380 381/381 382/382
f 2011/2011 2032/2032 2033/2033
f 2033/2033 2032/2032 2094/2094
f 3876/3876 3878/3878 3877/3877
f 3627/3627 3605/3605 3606/3606
f 1595/1595 1607/1607 1572/1572
f 1666/1666 1894/1894 1902/1902
f 934/934 932/932 933/933
f 933/933 932/932 931/931
f 933/933 931/931 927/927
f 929/929 1267/1267 1268/1268
f 381/381 415/415 382/382
f 382/382 415/415 439/439
f 3607/3607 3655/3655 3622/3622
f 3877/3877 3790/3790 3792/3792
f 3792/3792 3790/3790 3791/3791
f 655/655 656/656 660/660
f 936/936 970/970 934/934
f 2004/2004 2013/2013 2005/2005
f 2010/2010 2009/2009 2011/2011
f 2011/2011 2009/2009 2032/2032
f 1566/1566 1592/1592 1654/1654
f 1566/1566 1654/1654 1655/1655
f 3988/3988 3989/3989 3969/3969
f 3877/3877 3878/3878 3790/3790
f 3905/3905 3907/3907 3906/3906
f 1399/1399 1238/1238 1239/1239
f 1239/1239 843/843 844/844
f 1389/1389 1398/1398 1416/1416
f 410/410 408/408 397/397
f 397/397 408/408 381/381
f 409/409 415/415 381/381
f 3607/3607 3604/3604 3655/3655
f 2032/2032 2093/2093 2094/2094
f 2094/2094 2093/2093 2184/2184
f 1521/1521 1542/1542 1566/1566
f 1566/1566 1542/1542 1592/1592
f 3989/3989 3983/3983 3969/3969
f 3983/3983 3879/3879 3969/3969
f 3969/3969 3879/3879 3876/3876
f 3691/3691 3690/3690 3605/3605
f 3691/3691 3605/3605 3627/3627
f 1448/1448 1526/1526 1450/1450
f 1773/1773 1772/1772 1804/1804
f 1448/1448 1450/1450 1401/1401
f 1448/1448 1401/1401 1399/1399
f 1399/1399 1401/1401 1238/1238
f 1021/1021 1025/1025 1022/1022
f 934/934 970/970 937/937
f 1254/1254 574/574 412/412
f 412/412 574/574 410/410
f 3876/3876 3879/3879 3878/3878
f 3793/3793 3789/3789 3904/3904
f 3789/3789 3908/3908 3904/3904
f 1239/1239 1238/1238 843/843
f 1416/1416 1356/1356 1417/1417
f 1417/1417 1356/1356 1152/1152
f 1023/1023 1022/1022 970/970
f 381/381 408/408 409/409
f 1277/1277 1278/1278 1279/1279
f 1518/1518 1542/1542 1521/1521
f 3791/3791 3789/3789 3793/3793
f 3908/3908 3905/3905 3904/3904
f 665/665 661/661 662/662
f 662/662 661/661 655/655
f 660/660 658/658 1219/1219
f 1219/1219 1398/1398 1389/1389
f 1152/1152 1025/1025 1021/1021
f 1022/1022 1025/1025 1024/1024
f 410/410 411/411 408/408
f 3878/3878 3911/3911 3790/3790
f 3790/3790 3789/3789 3791/3791
f 1398/1398 1356/1356 1416/1416
f 1022/1022 969/969 970/970
f 934/934 937/937 932/932
f 574/574 411/411 410/410
f 1278/1278 1290/1290 1279/1279
f 1279/1279 1290/1290 1518/1518
f 3908/3908 3907/3907 3905/3905
f 1666/1666 1671/1671 1894/1894
f 843/843 749/749 748/748
f 748/748 749/749 665/665
f 932/932 930/930 931/931
f 931/931 930/930 927/927
f 927/927 928/928 929/929
f 929/929 928/928 1267/1267
f 1267/1267 1203/1203 1254/1254
f 1592/1592 1642/1642 1654/1654
f 3989/3989 3997/3997 3983/3983
f 3879/3879 3923/3923 3878/3878
f 3911/3911 3788/3788 3790/3790
f 3790/3790 3788/3788 3789/3789
f 1607/1607 1570/1570 1572/1572
f 1671/1671 1802/1802 1894/1894
f 1819/1819 1802/1802 1803/1803
f 656/656 658/658 660/660
f 1022/1022 1024/1024 969/969
f 928/928 1203/1203 1267/1267
f 1254/1254 1311/1311 574/574
f 439/439 488/488 499/499
f 499/499 488/488 1277/1277
f 1277/1277 488/488 1278/1278
f 3604/3604 3656/3656 3655/3655
f 2005/2005 2007/2007 2010/2010
f 358/358 315/315 316/316
f 3923/3923 3911/3911 3878/3878
f 661/661 656/656 655/655
f 969/969 968/968 970/970
f 970/970 968/968 937/937
f 408/408 402/402 409/409
f 2013/2013 2014/2014 2005/2005
f 2005/2005 2014/2014 2006/2006
f 2005/2005 2006/2006 2007/2007
f 3983/3983 3923/3923 3879/3879
f 665/665 664/664 661/661
f 1356/1356 1076/1076 1152/1152
f 1152/1152 1076/1076 1025/1025
f 932/932 938/938 930/930
f 409/409 416/416 415/415
f 415/415 416/416 439/439
f 2010/2010 2007/2007 2009/2009
f 3789/3789 3910/3910 3908/3908
f 1526/1526 1516/1516 1450/1450
f 749/749 726/726 665/665
f 665/665 726/726 664/664
f 658/658 1327/1327 1219/1219
f 1219/1219 1327/1327 1398/1398
f 1398/1398 1415/1415 1356/1356
f 439/439 416/416 488/488
f 1542/1542 1584/1584 1592/1592
f 1592/1592 1584/1584 1642/1642
f 3690/3690 3677/3677 3605/3605
f 3605/3605 3677/3677 3603/3603
f 1874/1874 1893/1893 1802/1802
f 937/937 939/939 938/938
f 937/937 938/938 932/932
f 930/930 928/928 927/927
f 1169/1169 1312/1312 1203/1203
f 1203/1203 1312/1312 1311/1311
f 1290/1290 1519/1519 1518/1518
f 1518/1518 1519/1519 1541/1541
f 1518/1518 1541/1541 1542/1542
f 2006/2006 2016/2016 2007/2007
f 1542/1542 1541/1541 1584/1584
f 3788/3788 3787/3787 3789/3789
f 3787/3787 3910/3910 3789/3789
f 1607/1607 1608/1608 1570/1570
f 843/843 785/785 749/749
f 1356/1356 1355/1355 1076/1076
f 968/968 939/939 937/937
f 938/938 940/940 930/930
f 940/940 941/941 930/930
f 928/928 1169/1169 1203/1203
f 3604/3604 3601/3601 3656/3656
f 2014/2014 2015/2015 2006/2006
f 3908/3908 3910/3910 3909/3909
f 1669/1669 1685/1685 1671/1671
f 1238/1238 785/785 843/843
f 656/656 657/657 658/658
f 1415/1415 1355/1355 1356/1356
f 1024/1024 975/975 969/969
f 968/968 967/967 939/939
f 2233/2233 2017/2017 2014/2014
f 2014/2014 2017/2017 2015/2015
f 2006/2006 2015/2015 2016/2016
f 3997/3997 3984/3984 3983/3983
f 3983/3983 3984/3984 3923/3923
f 3908/3908 3909/3909 3907/3907
f 1238/1238 1218/1218 785/785
f 656/656 659/659 657/657
f 1327/1327 1415/1415 1398/1398
f 1025/1025 1042/1042 1024/1024
f 930/930 941/941 928/928
f 411/411 407/407 408/408
f 409/409 402/402 416/416
f 2007/2007 2008/2008 2009/2009
f 2009/2009 2008/2008 2032/2032
f 785/785 726/726 749/749
f 664/664 659/659 661/661
f 661/661 659/659 656/656
f 939/939 940/940 938/938
f 1312/1312 1178/1178 1313/1313
f 1312/1312 835/835 1311/1311
f 835/835 411/411 574/574
f 1311/1311 835/835 574/574
f 408/408 407/407 402/402
f 2093/2093 2166/2166 2184/2184
f 2184/2184 2166/2166 2252/2252
f 358/358 321/321 315/315
f 1541/1541 1567/1567 1584/1584
f 1584/1584 1638/1638 1642/1642
f 3997/3997 3993/3993 3984/3984
f 3911/3911 3786/3786 3788/3788
f 3909/3909 3785/3785 3907/3907
f 3690/3690 3694/3694 3677/3677
f 1669/1669 1676/1676 1685/1685
f 1238/1238 1272/1272 1218/1218
f 1025/1025 1076/1076 1042/1042
f 940/940 942/942 941/941
f 928/928 1071/1071 1169/1169
f 1290/1290 1252/1252 1519/1519
f 3911/3911 3912/3912 3786/3786
f 3788/3788 3786/3786 3787/3787
f 3787/3787 3784/3784 3910/3910
f 3910/3910 3784/3784 3909/3909
f 3677/3677 3602/3602 3603/3603
f 969/969 967/967 968/968
f 488/488 1242/1242 1278/1278
f 1242/1242 1252/1252 1290/1290
f 1278/1278 1242/1242 1290/1290
f 2007/2007 2016/2016 2008/2008
f 657/657 809/809 658/658
f 658/658 809/809 1327/1327
f 941/941 944/944 928/928
f 1169/1169 1071/1071 1178/1178
f 2017/2017 2018/2018 2015/2015
f 1516/1516 1449/1449 1450/1450
f 1029/1029 1042/1042 1076/1076
f 1355/1355 1029/1029 1076/1076
f 1042/1042 976/976 1024/1024
f 1024/1024 976/976 975/975
f 975/975 971/971 969/969
f 969/969 971/971 967/967
f 942/942 943/943 941/941
f 941/941 943/943 944/944
f 928/928 944/944 1071/1071
f 1519/1519 1524/1524 1541/1541
f 2233/2233 2018/2018 2017/2017
f 2018/2018 2024/2024 2015/2015
f 2015/2015 2024/2024 2016/2016
f 2008/2008 2029/2029 2032/2032
f 2032/2032 2029/2029 2093/2093
f 2093/2093 2029/2029 2166/2166
f 1541/1541 1524/1524 1567/1567
f 1450/1450 1449/1449 1401/1401
f 785/785 784/784 726/726
f 1415/1415 1029/1029 1355/1355
f 965/965 942/942 940/940
f 1178/1178 1231/1231 1313/1313
f 411/411 835/835 407/407
f 402/402 404/404 416/416
f 3984/3984 3922/3922 3923/3923
f 657/657 691/691 809/809
f 967/967 966/966 939/939
f 939/939 965/965 940/940
f 835/835 570/570 407/407
f 407/407 570/570 406/406
f 3923/3923 3922/3922 3911/3911
f 3911/3911 3922/3922 3912/3912
f 3786/3786 3784/3784 3787/3787
f 3784/3784 3785/3785 3909/3909
f 1874/1874 1875/1875 1893/1893
f 1218/1218 784/784 785/785
f 1327/1327 1361/1361 1415/1415
f 939/939 966/966 965/965
f 1071/1071 1070/1070 1178/1178
f 1178/1178 1070/1070 1231/1231
f 1252/1252 1251/1251 1519/1519
f 3993/3993 3982/3982 3984/3984
f 3984/3984 3982/3982 3922/3922
f 3784/3784 3781/3781 3785/3785
f 1874/1874 1817/1817 1875/1875
f 784/784 704/704 726/726
f 726/726 704/704 664/664
f 659/659 667/667 657/657
f 657/657 667/667 691/691
f 809/809 1361/1361 1327/1327
f 1071/1071 944/944 1070/1070
f 1313/1313 1314/1314 835/835
f 406/406 403/403 407/407
f 407/407 403/403 402/402
f 404/404 413/413 416/416
f 2233/2233 2216/2216 2018/2018
f 2018/2018 2027/2027 2024/2024
f 2024/2024 2022/2022 2016/2016
f 2016/2016 2022/2022 2008/2008
f 1567/1567 1586/1586 1584/1584
f 1584/1584 1586/1586 1638/1638
f 3786/3786 3783/3783 3784/3784
f 3784/3784 3783/3783 3781/3781
f 3677/3677 3597/3597 3602/3602
f 1401/1401 1396/1396 1272/1272
f 664/664 668/668 659/659
f 659/659 668/668 667/667
f 1361/1361 1176/1176 1415/1415
f 1415/1415 1176/1176 1029/1029
f 942/942 965/965 943/943
f 1231/1231 1260/1260 1313/1313
f 1314/1314 811/811 835/835
f 402/402 403/403 404/404
f 1242/1242 1251/1251 1252/1252
f 1251/1251 1524/1524 1519/1519
f 2008/2008 2023/2023 2029/2029
f 1624/1624 1571/1571 1570/1570
f 1449/1449 1396/1396 1401/1401
f 809/809 691/691 1361/1361
f 967/967 971/971 972/972
f 967/967 972/972 966/966
f 1070/1070 1069/1069 1231/1231
f 1069/1069 1260/1260 1231/1231
f 1260/1260 1314/1314 1313/1313
f 416/416 413/413 488/488
f 2216/2216 2027/2027 2018/2018
f 2022/2022 2023/2023 2008/2008
f 3781/3781 3780/3780 3785/3785
f 3694/3694 3693/3693 3677/3677
f 1272/1272 1216/1216 1218/1218
f 704/704 674/674 664/664
f 664/664 674/674 668/668
f 1361/1361 1184/1184 1176/1176
f 1029/1029 1028/1028 1042/1042
f 1042/1042 1028/1028 976/976
f 975/975 973/973 971/971
f 944/944 1069/1069 1070/1070
f 835/835 811/811 570/570
f 413/413 474/474 488/488
f 488/488 474/474 1242/1242
f 3982/3982 3921/3921 3922/3922
f 3786/3786 3912/3912 3783/3783
f 3785/3785 3780/3780 3924/3924
f 1586/1586 1639/1639 1638/1638
f 3993/3993 3992/3992 3982/3982
f 3922/3922 3921/3921 3912/3912
f 1218/1218 1216/1216 784/784
f 784/784 783/783 704/704
f 1176/1176 1026/1026 1029/1029
f 1029/1029 1026/1026 1028/1028
f 944/944 943/943 945/945
f 570/570 811/811 406/406
f 3912/3912 3782/3782 3783/3783
f 1216/1216 783/783 784/784
f 966/966 964/964 965/965
f 945/945 1068/1068 1069/1069
f 944/944 945/945 1069/1069
f 1069/1069 1068/1068 1260/1260
f 811/811 590/590 406/406
f 406/406 590/590 398/398
f 406/406 398/398 403/403
f 1567/1567 1585/1585 1586/1586
f 1586/1586 1585/1585 1639/1639
f 691/691 817/817 1361/1361
f 1361/1361 817/817 1184/1184
f 971/971 973/973 972/972
f 972/972 964/964 966/966
f 943/943 946/946 945/945
f 1068/1068 1226/1226 1260/1260
f 403/403 405/405 404/404
f 404/404 405/405 413/413
f 3992/3992 3996/3996 3962/3962
f 3992/3992 3962/3962 3982/3982
f 3783/3783 3782/3782 3781/3781
f 3677/3677 3596/3596 3597/3597
f 976/976 973/973 975/975
f 964/964 963/963 965/965
f 1242/1242 1213/1213 1251/1251
f 1251/1251 1513/1513 1524/1524
f 2027/2027 2025/2025 2024/2024
f 1524/1524 1513/1513 1567/1567
f 3912/3912 3913/3913 3782/3782
f 1176/1176 1138/1138 1026/1026
f 963/963 946/946 965/965
f 965/965 946/946 943/943
f 1068/1068 1067/1067 1226/1226
f 3962/3962 3921/3921 3982/3982
f 3921/3921 3919/3919 3912/3912
f 3782/3782 3779/3779 3781/3781
f 3693/3693 3692/3692 3677/3677
f 674/674 669/669 668/668
f 1184/1184 1192/1192 1176/1176
f 1192/1192 1138/1138 1176/1176
f 1028/1028 1027/1027 976/976
f 1260/1260 1336/1336 1314/1314
f 1314/1314 765/765 590/590
f 405/405 414/414 413/413
f 1567/1567 1513/1513 1574/1574
f 1567/1567 1574/1574 1585/1585
f 1624/1624 1625/1625 1571/1571
f 1817/1817 1787/1787 1875/1875
f 1789/1789 1787/1787 1782/1782
f 668/668 669/669 667/667
f 667/667 817/817 691/691
f 1026/1026 1027/1027 1028/1028
f 590/590 765/765 398/398
f 413/413 414/414 474/474
f 2216/2216 2025/2025 2027/2027
f 1574/1574 1630/1630 1585/1585
f 3996/3996 3995/3995 3962/3962
f 1817/1817 1751/1751 1787/1787
f 783/783 706/706 704/704
f 704/704 706/706 674/674
f 817/817 818/818 1184/1184
f 945/945 1067/1067 1068/1068
f 3962/3962 3919/3919 3921/3921
f 3912/3912 3919/3919 3913/3913
f 3779/3779 3780/3780 3781/3781
f 3780/3780 3925/3925 3924/3924
f 3692/3692 3672/3672 3677/3677
f 3677/3677 3672/3672 3596/3596
f 1516/1516 1476/1476 1449/1449
f 1449/1449 1329/1329 1396/1396
f 1192/1192 1031/1031 1138/1138
f 1138/1138 1031/1031 1026/1026
f 973/973 974/974 972/972
f 974/974 964/964 972/972
f 398/398 400/400 403/403
f 403/403 400/400 405/405
f 2216/2216 2215/2215 2025/2025
f 2024/2024 2019/2019 2022/2022
f 1476/1476 1440/1440 1449/1449
f 667/667 818/818 817/817
f 1192/1192 1139/1139 1031/1031
f 945/945 949/949 1067/1067
f 405/405 400/400 414/414
f 474/474 1213/1213 1242/1242
f 1213/1213 1250/1250 1251/1251
f 2029/2029 2158/2158 2166/2166
f 2166/2166 2158/2158 2252/2252
f 3782/3782 3914/3914 3779/3779
f 1751/1751 1873/1873 1858/1858
f 1449/1449 1440/1440 1329/1329
f 782/782 706/706 783/783
f 669/669 670/670 667/667
f 667/667 670/670 818/818
f 1184/1184 1139/1139 1192/1192
f 1027/1027 974/974 976/976
f 976/976 974/974 973/973
f 1314/1314 1335/1335 765/765
f 2022/2022 2021/2021 2023/2023
f 2023/2023 2021/2021 2028/2028
f 2023/2023 2028/2028 2029/2029
f 2029/2029 2028/2028 2158/2158
f 1625/1625 1589/1589 1571/1571
f 1683/1683 1682/1682 1751/1751
f 1216/1216 782/782 783/783
f 1184/1184 818/818 1139/1139
f 1067/1067 949/949 1226/1226
f 1226/1226 949/949 1336/1336
f 1251/1251 1250/1250 1513/1513
f 2025/2025 2019/2019 2024/2024
f 2022/2022 2019/2019 2021/2021
f 1513/1513 1250/1250 1514/1514
f 1574/1574 1575/1575 1630/1630
f 3995/3995 3961/3961 3962/3962
f 3962/3962 3961/3961 3919/3919
f 3913/3913 3914/3914 3782/3782
f 3779/3779 3778/3778 3777/3777
f 3779/3779 3777/3777 3780/3780
f 3780/3780 3777/3777 3925/3925
f 3672/3672 3591/3591 3596/3596
f 1031/1031 1030/1030 1026/1026
f 1026/1026 1030/1030 1027/1027
f 1027/1027 1030/1030 974/974
f 964/964 962/962 963/963
f 765/765 399/399 398/398
f 398/398 399/399 400/400
f 1513/1513 1514/1514 1575/1575
f 1513/1513 1575/1575 1574/1574
f 3919/3919 3961/3961 3918/3918
f 3779/3779 3914/3914 3778/3778
f 3200/3200 3197/3197 3198/3198
f 1216/1216 1217/1217 782/782
f 818/818 1165/1165 1139/1139
f 1139/1139 1032/1032 1031/1031
f 1031/1031 1032/1032 1030/1030
f 1575/1575 1629/1629 1630/1630
f 3995/3995 4002/4002 3961/3961
f 706/706 671/671 674/674
f 674/674 671/671 669/669
f 1139/1139 1165/1165 1032/1032
f 974/974 962/962 964/964
f 963/963 947/947 946/946
f 1335/1335 1288/1288 765/765
f 765/765 1288/1288 399/399
f 3692/3692 3686/3686 3672/3672
f 670/670 1182/1182 818/818
f 1030/1030 977/977 974/974
f 962/962 961/961 963/963
f 963/963 961/961 947/947
f 946/946 947/947 945/945
f 945/945 947/947 948/948
f 945/945 948/948 949/949
f 414/414 442/442 474/474
f 474/474 442/442 1213/1213
f 2019/2019 2020/2020 2021/2021
f 2158/2158 2254/2254 2252/2252
f 3672/3672 3590/3590 3591/3591
f 3777/3777 3926/3926 3925/3925
f 1625/1625 1641/1641 1589/1589
f 3197/3197 3196/3196 3198/3198
f 1873/1873 1840/1840 1858/1858
f 818/818 1182/1182 1165/1165
f 949/949 950/950 951/951
f 1288/1288 823/823 399/399
f 823/823 524/524 399/399
f 399/399 524/524 401/401
f 399/399 401/401 400/400
f 1250/1250 1492/1492 1514/1514
f 2215/2215 2199/2199 2025/2025
f 2019/2019 2041/2041 2020/2020
f 3918/3918 3913/3913 3919/3919
f 3926/3926 3927/3927 3925/3925
f 671/671 673/673 669/669
f 948/948 950/950 949/949
f 949/949 951/951 1147/1147
f 949/949 1147/1147 1336/1336
f 1336/1336 1287/1287 1335/1335
f 3918/3918 3917/3917 3913/3913
f 3777/3777 3775/3775 3926/3926
f 1440/1440 1391/1391 1329/1329
f 1217/1217 766/766 782/782
f 782/782 766/766 706/706
f 673/673 676/676 670/670
f 669/669 673/673 670/670
f 670/670 676/676 1182/1182
f 962/962 960/960 961/961
f 1335/1335 1287/1287 1288/1288
f 400/400 417/417 414/414
f 2041/2041 2042/2042 2020/2020
f 4002/4002 3957/3957 3961/3961
f 3961/3961 3917/3917 3918/3918
f 3917/3917 3916/3916 3913/3913
f 3686/3686 3668/3668 3672/3672
f 3672/3672 3668/3668 3590/3590
f 3914/3914 3776/3776 3778/3778
f 1840/1840 1837/1837 1858/1858
f 1182/1182 1166/1166 1165/1165
f 1165/1165 1033/1033 1032/1032
f 1032/1032 1033/1033 1030/1030
f 958/958 948/948 947/947
f 961/961 958/958 947/947
f 401/401 417/417 400/400
f 414/414 417/417 442/442
f 1250/1250 1253/1253 1492/1492
f 2025/2025 2026/2026 2019/2019
f 2019/2019 2026/2026 2041/2041
f 1514/1514 1515/1515 1575/1575
f 3686/3686 3682/3682 3668/3668
f 3778/3778 3776/3776 3777/3777
f 3776/3776 3775/3775 3777/3777
f 3927/3927 3926/3926 3928/3928
f 192/192 189/189 228/228
f 676/676 829/829 1182/1182
f 1166/1166 1033/1033 1165/1165
f 1033/1033 1034/1034 1030/1030
f 974/974 977/977 962/962
f 1287/1287 1261/1261 1288/1288
f 1288/1288 1261/1261 823/823
f 442/442 498/498 1213/1213
f 1213/1213 498/498 1250/1250
f 2021/2021 2020/2020 2028/2028
f 2028/2028 2031/2031 2158/2158
f 1575/1575 1602/1602 1629/1629
f 4002/4002 4020/4020 3957/3957
f 3913/3913 3915/3915 3914/3914
f 3914/3914 3915/3915 3776/3776
f 3928/3928 3947/3947 3927/3927
f 766/766 743/743 706/706
f 706/706 743/743 671/671
f 1182/1182 829/829 1166/1166
f 960/960 958/958 961/961
f 950/950 952/952 951/951
f 498/498 1253/1253 1250/1250
f 3961/3961 3957/3957 3917/3917
f 3917/3917 3920/3920 3916/3916
f 3916/3916 3915/3915 3913/3913
f 1217/1217 767/767 766/766
f 671/671 672/672 673/673
f 1034/1034 977/977 1030/1030
f 962/962 977/977 960/960
f 952/952 953/953 951/951
f 951/951 953/953 1147/1147
f 1261/1261 786/786 823/823
f 823/823 786/786 524/524
f 2020/2020 2031/2031 2028/2028
f 2158/2158 2240/2240 2254/2254
f 3915/3915 3774/3774 3776/3776
f 3775/3775 3928/3928 3926/3926
f 3197/3197 3195/3195 3196/3196
f 1329/1329 1235/1235 1217/1217
f 766/766 767/767 743/743
f 672/672 675/675 673/673
f 673/673 675/675 676/676
f 977/977 959/959 960/960
f 958/958 955/955 948/948
f 953/953 1146/1146 1147/1147
f 1147/1147 1146/1146 1287/1287
f 524/524 786/786 401/401
f 442/442 441/441 498/498
f 2026/2026 2039/2039 2041/2041
f 2041/2041 2039/2039 2042/2042
f 1515/1515 1587/1587 1575/1575
f 3668/3668 3588/3588 3590/3590
f 3195/3195 3194/3194 3196/3196
f 1391/1391 1235/1235 1329/1329
f 829/829 1183/1183 1166/1166
f 960/960 959/959 958/958
f 955/955 950/950 948/948
f 401/401 418/418 417/417
f 1514/1514 1492/1492 1515/1515
f 1575/1575 1587/1587 1602/1602
f 3916/3916 3920/3920 3915/3915
f 3772/3772 3774/3774 3915/3915
f 3776/3776 3774/3774 3775/3775
f 3775/3775 3929/3929 3928/3928
f 743/743 688/688 671/671
f 676/676 675/675 829/829
f 1033/1033 1035/1035 1034/1034
f 1034/1034 1040/1040 959/959
f 1034/1034 959/959 977/977
f 1146/1146 1286/1286 1287/1287
f 1261/1261 1262/1262 786/786
f 786/786 527/527 401/401
f 527/527 419/419 401/401
f 401/401 419/419 418/418
f 417/417 418/418 441/441
f 417/417 441/441 442/442
f 3920/3920 3772/3772 3915/3915
f 688/688 672/672 671/671
f 829/829 828/828 1183/1183
f 1166/1166 1035/1035 1033/1033
f 959/959 957/957 958/958
f 958/958 957/957 955/955
f 1287/1287 1286/1286 1261/1261
f 1253/1253 1486/1486 1492/1492
f 2199/2199 2198/2198 2066/2066
f 2199/2199 2066/2066 2025/2025
f 2025/2025 2066/2066 2035/2035
f 2025/2025 2035/2035 2026/2026
f 2042/2042 2045/2045 2020/2020
f 675/675 684/684 828/828
f 675/675 828/828 829/829
f 1183/1183 1131/1131 1035/1035
f 1183/1183 1035/1035 1166/1166
f 1035/1035 1036/1036 1034/1034
f 1036/1036 1037/1037 1034/1034
f 1034/1034 1037/1037 1040/1040
f 953/953 954/954 1146/1146
f 1146/1146 954/954 1286/1286
f 1261/1261 1286/1286 1262/1262
f 1262/1262 527/527 786/786
f 2020/2020 2030/2030 2031/2031
f 2031/2031 2030/2030 2097/2097
f 3957/3957 3959/3959 3917/3917
f 3668/3668 3650/3650 3588/3588
f 3774/3774 3773/3773 3775/3775
f 767/767 744/744 743/743
f 743/743 744/744 688/688
f 675/675 677/677 684/684
f 828/828 1131/1131 1183/1183
f 959/959 992/992 957/957
f 955/955 956/956 950/950
f 952/952 954/954 953/953
f 418/418 431/431 441/441
f 441/441 431/431 473/473
f 441/441 473/473 498/498
f 498/498 473/473 1249/1249
f 498/498 1249/1249 1253/1253
f 1253/1253 1249/1249 1486/1486
f 1492/1492 1491/1491 1515/1515
f 4020/4020 3958/3958 3957/3957
f 3957/3957 3958/3958 3959/3959
f 3773/3773 3929/3929 3775/3775
f 3929/3929 3930/3930 3928/3928
f 1476/1476 1439/1439 1440/1440
f 672/672 677/677 675/675
f 950/950 1064/1064 952/952
f 418/418 420/420 431/431
f 2026/2026 2036/2036 2039/2039
f 3650/3650 3587/3587 3588/3588
f 1040/1040 992/992 959/959
f 957/957 956/956 955/955
f 1286/1286 1285/1285 1262/1262
f 2026/2026 2035/2035 2036/2036
f 1492/1492 1486/1486 1491/1491
f 1491/1491 1557/1557 1515/1515
f 1515/1515 1557/1557 1587/1587
f 1602/1602 1587/1587 1603/1603
f 4020/4020 4019/4019 3958/3958
f 1476/1476 1475/1475 1439/1439
f 3195/3195 3193/3193 3194/3194
f 684/684 1264/1264 828/828
f 828/828 1264/1264 1131/1131
f 957/957 978/978 956/956
f 952/952 1064/1064 954/954
f 954/954 1064/1064 985/985
f 419/419 420/420 418/418
f 2039/2039 2047/2047 2042/2042
f 2042/2042 2047/2047 2045/2045
f 3917/3917 3935/3935 3920/3920
f 3920/3920 3770/3770 3772/3772
f 3774/3774 3772/3772 3773/3773
f 3928/3928 3948/3948 3947/3947
f 744/744 713/713 688/688
f 688/688 678/678 672/672
f 678/678 677/677 672/672
f 1131/1131 1095/1095 1035/1035
f 1035/1035 1095/1095 1036/1036
f 979/979 978/978 957/957
f 954/954 985/985 1168/1168
f 527/527 421/421 419/419
f 419/419 421/421 420/420
f 2158/2158 2097/2097 2240/2240
f 3930/3930 3931/3931 3928/3928
f 3928/3928 3931/3931 3948/3948
f 1439/1439 1353/1353 1391/1391
f 1837/1837 1832/1832 1838/1838
f 1036/1036 1038/1038 1037/1037
f 1038/1038 1039/1039 1037/1037
f 992/992 979/979 957/957
f 956/956 1064/1064 950/950
f 420/420 427/427 431/431
f 431/431 427/427 473/473
f 3772/3772 3771/3771 3773/3773
f 1391/1391 1353/1353 1235/1235
f 677/677 686/686 684/684
f 1131/1131 1129/1129 1095/1095
f 1036/1036 1095/1095 1038/1038
f 427/427 462/462 473/473
f 473/473 462/462 1249/1249
f 1249/1249 1467/1467 1486/1486
f 3650/3650 3649/3649 3585/3585
f 3650/3650 3585/3585 3587/3587
f 3917/3917 3959/3959 3935/3935
f 3770/3770 3771/3771 3772/3772
f 3773/3773 3930/3930 3929/3929
f 3193/3193 3192/3192 3194/3194
f 1235/1235 787/787 744/744
f 686/686 772/772 684/684
f 684/684 772/772 1264/1264
f 1037/1037 1039/1039 1040/1040
f 462/462 1233/1233 1249/1249
f 3920/3920 3935/3935 3770/3770
f 1833/1833 1835/1835 1834/1834
f 189/189 185/185 230/230
f 688/688 680/680 678/678
f 679/679 686/686 677/677
f 678/678 679/679 677/677
f 1039/1039 1038/1038 1065/1065
f 1040/1040 987/987 992/992
f 987/987 979/979 992/992
f 985/985 1086/1086 1168/1168
f 1262/1262 775/775 527/527
f 527/527 775/775 421/421
f 420/420 421/421 422/422
f 420/420 422/422 427/427
f 2198/2198 2197/2197 2066/2066
f 678/678 680/680 679/679
f 1264/1264 772/772 1163/1163
f 1264/1264 1163/1163 1129/1129
f 1163/1163 1126/1126 1129/1129
f 1129/1129 1126/1126 1095/1095
f 1040/1040 1039/1039 987/987
f 1285/1285 775/775 1262/1262
f 1249/1249 1233/1233 1467/1467
f 2030/2030 2034/2034 2097/2097
f 2034/2034 2098/2098 2097/2097
f 2097/2097 2098/2098 2240/2240
f 1557/1557 1578/1578 1587/1587
f 1587/1587 1604/1604 1603/1603
f 4019/4019 3960/3960 3958/3958
f 3773/3773 3934/3934 3930/3930
f 713/713 689/689 688/688
f 688/688 689/689 680/680
f 686/686 791/791 772/772
f 1126/1126 1094/1094 1095/1095
f 1094/1094 1065/1065 1038/1038
f 1095/1095 1094/1094 1038/1038
f 978/978 979/979 956/956
f 956/956 985/985 1064/1064
f 2020/2020 2034/2034 2030/2030
f 1486/1486 1467/1467 1491/1491
f 1587/1587 1578/1578 1604/1604
f 1163/1163 1125/1125 1126/1126
f 1126/1126 1125/1125 1094/1094
f 1039/1039 1041/1041 987/987
f 1285/1285 1284/1284 775/775
f 2197/2197 2067/2067 2066/2066
f 2066/2066 2067/2067 2035/2035
f 3958/3958 3960/3960 3959/3959
f 3773/3773 3771/3771 3934/3934
f 1439/1439 1420/1420 1353/1353
f 1235/1235 788/788 787/787
f 787/787 788/788 713/713
f 1265/1265 1144/1144 1163/1163
f 772/772 1265/1265 1163/1163
f 1163/1163 1144/1144 1125/1125
f 1065/1065 1041/1041 1039/1039
f 1467/1467 1233/1233 1444/1444
f 3960/3960 3935/3935 3959/3959
f 3769/3769 3771/3771 3770/3770
f 679/679 687/687 686/686
f 686/686 687/687 791/791
f 791/791 1265/1265 772/772
f 1065/1065 1094/1094 1066/1066
f 979/979 980/980 956/956
f 427/427 455/455 462/462
f 462/462 477/477 1233/1233
f 2034/2034 2099/2099 2098/2098
f 3649/3649 3582/3582 3585/3585
f 3934/3934 3932/3932 3930/3930
f 3930/3930 3932/3932 3931/3931
f 1650/1650 1644/1644 1640/1640
f 1475/1475 1420/1420 1439/1439
f 3193/3193 3189/3189 3192/3192
f 1265/1265 1263/1263 1144/1144
f 1144/1144 1263/1263 1108/1108
f 1144/1144 1108/1108 1125/1125
f 1065/1065 1066/1066 1041/1041
f 1041/1041 991/991 987/987
f 987/987 991/991 986/986
f 987/987 986/986 979/979
f 986/986 980/980 979/979
f 985/985 984/984 1086/1086
f 775/775 573/573 421/421
f 421/421 573/573 423/423
f 421/421 423/423 422/422
f 422/422 424/424 427/427
f 427/427 424/424 455/455
f 462/462 455/455 477/477
f 2098/2098 2099/2099 2240/2240
f 3935/3935 3768/3768 3770/3770
f 3770/3770 3768/3768 3769/3769
f 3931/3931 3949/3949 3948/3948
f 1475/1475 1463/1463 1420/1420
f 1353/1353 1234/1234 1235/1235
f 791/791 1188/1188 1265/1265
f 1265/1265 1188/1188 1263/1263
f 1125/1125 1108/1108 1094/1094
f 1066/1066 1083/1083 1041/1041
f 956/956 981/981 985/985
f 984/984 1106/1106 1086/1086
f 1086/1086 1106/1106 1181/1181
f 1284/1284 1237/1237 775/775
f 423/423 424/424 422/422
f 1233/1233 477/477 1444/1444
f 2035/2035 2038/2038 2036/2036
f 2036/2036 2038/2038 2039/2039
f 2047/2047 2043/2043 2045/2045
f 2045/2045 2043/2043 2020/2020
f 1444/1444 1443/1443 1491/1491
f 1467/1467 1444/1444 1491/1491
f 1491/1491 1443/1443 1557/1557
f 3649/3649 3645/3645 3582/3582
f 3960/3960 3955/3955 3935/3935
f 3935/3935 3955/3955 3936/3936
f 3935/3935 3936/3936 3768/3768
f 1235/1235 1234/1234 788/788
f 791/791 687/687 1188/1188
f 1108/1108 1084/1084 1094/1094
f 1094/1094 1084/1084 1066/1066
f 1084/1084 1083/1083 1066/1066
f 986/986 989/989 988/988
f 986/986 988/988 980/980
f 980/980 981/981 956/956
f 981/981 984/984 985/985
f 1106/1106 1134/1134 1181/1181
f 1181/1181 1134/1134 1284/1284
f 2067/2067 2037/2037 2035/2035
f 2035/2035 2037/2037 2038/2038
f 1443/1443 1554/1554 1557/1557
f 1557/1557 1554/1554 1578/1578
f 3769/3769 3767/3767 3771/3771
f 3771/3771 3767/3767 3934/3934
f 788/788 690/690 713/713
f 713/713 690/690 689/689
f 991/991 990/990 986/986
f 986/986 990/990 989/989
f 988/988 982/982 980/980
f 980/980 982/982 981/981
f 1237/1237 573/573 775/775
f 2038/2038 2040/2040 2039/2039
f 2039/2039 2040/2040 2047/2047
f 2043/2043 2044/2044 2020/2020
f 2020/2020 2044/2044 2034/2034
f 3932/3932 3933/3933 3931/3931
f 3931/3931 3933/3933 3949/3949
f 679/679 685/685 687/687
f 687/687 685/685 1188/1188
f 1263/1263 1110/1110 1108/1108
f 1134/1134 1237/1237 1284/1284
f 573/573 572/572 423/423
f 455/455 476/476 477/477
f 2040/2040 2048/2048 2047/2047
f 2047/2047 2048/2048 2043/2043
f 2044/2044 2046/2046 2034/2034
f 2034/2034 2046/2046 2099/2099
f 1578/1578 1564/1564 1604/1604
f 3768/3768 3767/3767 3769/3769
f 3189/3189 3191/3191 3192/3192
f 680/680 682/682 681/681
f 680/680 681/681 679/679
f 679/679 681/681 685/685
f 1084/1084 1085/1085 1083/1083
f 1083/1083 1080/1080 1041/1041
f 983/983 984/984 981/981
f 984/984 1074/1074 1106/1106
f 1106/1106 1074/1074 1134/1134
f 1237/1237 1224/1224 573/573
f 423/423 425/425 424/424
f 2046/2046 2065/2065 2099/2099
f 2065/2065 2241/2241 2240/2240
f 2099/2099 2065/2065 2240/2240
f 1188/1188 841/841 1263/1263
f 1108/1108 1110/1110 1085/1085
f 1108/1108 1085/1085 1084/1084
f 1085/1085 1080/1080 1083/1083
f 1041/1041 1080/1080 991/991
f 981/981 982/982 983/983
f 983/983 1073/1073 984/984
f 984/984 1073/1073 1074/1074
f 1134/1134 1224/1224 1237/1237
f 423/423 572/572 425/425
f 425/425 426/426 424/424
f 424/424 460/460 455/455
f 455/455 460/460 476/476
f 3960/3960 3998/3998 3955/3955
f 3932/3932 3934/3934 3933/3933
f 681/681 697/697 685/685
f 1263/1263 841/841 1110/1110
f 1110/1110 1111/1111 1085/1085
f 1080/1080 1078/1078 991/991
f 991/991 1078/1078 990/990
f 990/990 1078/1078 989/989
f 1078/1078 1079/1079 989/989
f 989/989 1079/1079 988/988
f 982/982 988/988 983/983
f 1074/1074 1133/1133 1134/1134
f 1134/1134 1133/1133 1224/1224
f 1224/1224 586/586 572/572
f 573/573 1224/1224 572/572
f 1578/1578 1554/1554 1564/1564
f 3768/3768 3766/3766 3767/3767
f 3189/3189 3190/3190 3191/3191
f 1234/1234 789/789 788/788
f 788/788 789/789 690/690
f 689/689 683/683 682/682
f 682/682 683/683 681/681
f 685/685 697/697 725/725
f 685/685 725/725 1188/1188
f 1188/1188 725/725 841/841
f 1085/1085 1113/1113 1080/1080
f 1080/1080 1113/1113 1118/1118
f 1080/1080 1118/1118 1078/1078
f 1078/1078 1118/1118 1121/1121
f 1078/1078 1121/1121 1079/1079
f 1079/1079 1121/1121 1107/1107
f 1079/1079 1107/1107 988/988
f 988/988 1107/1107 1100/1100
f 988/988 1100/1100 983/983
f 1100/1100 1073/1073 983/983
f 1073/1073 1109/1109 1074/1074
f 1074/1074 1109/1109 1133/1133
f 586/586 504/504 572/572
f 572/572 504/504 425/425
f 424/424 426/426 460/460
f 477/477 1443/1443 1444/1444
f 2197/2197 2072/2072 2067/2067
f 2067/2067 2072/2072 2037/2037
f 3936/3936 3937/3937 3768/3768
f 3937/3937 3766/3766 3768/3768
f 3766/3766 3765/3765 3767/3767
f 3767/3767 3765/3765 3934/3934
f 1463/1463 1274/1274 1420/1420
f 1420/1420 1274/1274 1234/1234
f 681/681 683/683 697/697
f 1085/1085 1111/1111 1112/1112
f 1085/1085 1112/1112 1113/1113
f 1112/1112 1114/1114 1113/1113
f 1113/1113 1114/1114 1115/1115
f 1113/1113 1115/1115 1118/1118
f 1115/1115 1127/1127 1118/1118
f 1118/1118 1127/1127 1121/1121
f 1127/1127 1128/1128 1121/1121
f 1121/1121 1128/1128 1107/1107
f 1128/1128 1123/1123 1107/1107
f 1107/1107 1123/1123 1100/1100
f 1100/1100 1123/1123 1101/1101
f 1100/1100 1101/1101 1073/1073
f 1109/1109 1073/1073 1135/1135
f 1109/1109 1135/1135 1133/1133
f 1133/1133 1223/1223 1224/1224
f 1224/1224 1223/1223 586/586
f 476/476 487/487 477/477
f 477/477 487/487 1443/1443
f 2197/2197 2207/2207 2072/2072
f 2072/2072 2051/2051 2037/2037
f 2037/2037 2051/2051 2038/2038
f 2048/2048 2049/2049 2043/2043
f 2043/2043 2049/2049 2044/2044
f 3645/3645 3581/3581 3582/3582
f 3955/3955 3937/3937 3936/3936
f 1463/1463 1481/1481 1274/1274
f 725/725 769/769 841/841
f 841/841 769/769 1110/1110
f 1110/1110 769/769 761/761
f 1110/1110 761/761 1111/1111
f 1112/1112 709/709 1114/1114
f 1114/1114 709/709 812/812
f 1114/1114 812/812 1115/1115
f 1115/1115 812/812 757/757
f 1115/1115 757/757 716/716
f 1115/1115 716/716 1127/1127
f 716/716 836/836 1128/1128
f 1127/1127 716/716 1128/1128
f 1128/1128 836/836 1123/1123
f 1123/1123 836/836 1214/1214
f 1123/1123 1214/1214 1101/1101
f 1101/1101 1214/1214 834/834
f 1101/1101 834/834 1073/1073
f 1073/1073 834/834 1222/1222
f 1073/1073 1222/1222 1135/1135
f 1135/1135 1222/1222 1133/1133
f 1133/1133 1222/1222 1223/1223
f 504/504 503/503 425/425
f 425/425 503/503 426/426
f 426/426 465/465 466/466
f 426/426 466/466 460/460
f 466/466 487/487 476/476
f 460/460 466/466 476/476
f 2044/2044 2049/2049 2046/2046
f 3934/3934 3939/3939 3933/3933
f 3933/3933 3963/3963 3949/3949
f 1234/1234 1274/1274 789/789
f 690/690 683/683 689/689
f 697/697 695/695 725/725
f 1111/1111 761/761 1112/1112
f 1112/1112 761/761 709/709
f 812/812 709/709 569/569
f 812/812 569/569 757/757
f 716/716 715/715 836/836
f 836/836 715/715 714/714
f 836/836 714/714 1214/1214
f 714/714 582/582 1214/1214
f 582/582 834/834 1214/1214
f 834/834 582/582 707/707
f 834/834 707/707 826/826
f 826/826 707/707 734/734
f 3760/3760 3761/3761 3762/3762
f 826/826 734/734 1222/1222
f 1222/1222 734/734 1223/1223
f 1223/1223 734/734 586/586
f 2051/2051 2052/2052 2038/2038
f 2038/2038 2052/2052 2040/2040
f 2048/2048 2050/2050 2049/2049
f 1443/1443 1525/1525 1554/1554
f 3581/3581 3579/3579 3580/3580
f 3998/3998 4000/4000 3956/3956
f 3998/3998 3956/3956 3955/3955
f 3955/3955 3956/3956 3937/3937
f 3956/3956 3938/3938 3937/3937
f 3934/3934 3765/3765 3939/3939
f 3933/3933 3940/3940 3963/3963
f 3190/3190 3210/3210 3191/3191
f 683/683 695/695 697/697
f 695/695 696/696 725/725
f 725/725 696/696 769/769
f 769/769 701/701 761/761
f 769/769 696/696 701/701
f 761/761 577/577 709/709
f 577/577 565/565 709/709
f 709/709 565/565 564/564
f 709/709 564/564 569/569
f 569/569 568/568 757/757
f 568/568 716/716 757/757
f 568/568 567/567 716/716
f 716/716 567/567 715/715
f 715/715 567/567 550/550
f 715/715 550/550 714/714
f 714/714 550/550 582/582
f 550/550 548/548 582/582
f 582/582 548/548 707/707
f 707/707 548/548 546/546
f 707/707 546/546 734/734
f 734/734 546/546 545/545
f 545/545 502/502 586/586
f 734/734 545/545 586/586
f 586/586 502/502 504/504
f 504/504 502/502 503/503
f 503/503 465/465 426/426
f 2040/2040 2050/2050 2048/2048
f 2049/2049 2065/2065 2046/2046
f 487/487 1409/1409 1443/1443
f 1443/1443 1409/1409 1525/1525
f 3579/3579 3578/3578 3580/3580
f 1554/1554 1525/1525 1564/1564
f 3937/3937 3938/3938 3766/3766
f 3938/3938 3763/3763 3766/3766
f 3766/3766 3763/3763 3765/3765
f 3763/3763 3764/3764 3765/3765
f 3765/3765 3764/3764 3939/3939
f 3933/3933 3939/3939 3940/3940
f 1481/1481 1485/1485 1274/1274
f 1841/1841 1813/1813 1821/1821
f 690/690 694/694 683/683
f 683/683 694/694 695/695
f 695/695 693/693 696/696
f 701/701 577/577 761/761
f 564/564 559/559 569/569
f 569/569 559/559 568/568
f 568/568 559/559 554/554
f 568/568 554/554 567/567
f 567/567 554/554 557/557
f 567/567 557/557 550/550
f 557/557 553/553 550/550
f 553/553 549/549 550/550
f 550/550 549/549 548/548
f 548/548 544/544 546/546
f 544/544 543/543 545/545
f 546/546 544/544 545/545
f 545/545 543/543 502/502
f 502/502 465/465 503/503
f 465/465 485/485 466/466
f 2207/2207 2208/2208 2072/2072
f 2040/2040 2052/2052 2050/2050
f 1525/1525 1563/1563 1564/1564
f 1481/1481 1573/1573 1485/1485
f 1274/1274 745/745 789/789
f 789/789 745/745 690/690
f 695/695 694/694 693/693
f 696/696 693/693 576/576
f 696/696 576/576 701/701
f 576/576 563/563 701/701
f 701/701 563/563 577/577
f 577/577 563/563 565/565
f 565/565 563/563 564/564
f 564/564 563/563 561/561
f 564/564 561/561 559/559
f 549/549 547/547 548/548
f 548/548 547/547 544/544
f 502/502 501/501 465/465
f 485/485 1193/1193 487/487
f 466/466 485/485 487/487
f 487/487 1193/1193 1409/1409
f 2208/2208 2109/2109 2072/2072
f 2072/2072 2109/2109 2051/2051
f 2050/2050 2152/2152 2049/2049
f 2049/2049 2159/2159 2065/2065
f 360/360 359/359 238/238
f 1525/1525 1409/1409 1543/1543
f 1525/1525 1543/1543 1563/1563
f 4000/4000 3999/3999 3956/3956
f 3956/3956 3999/3999 3938/3938
f 3939/3939 4001/4001 3940/3940
f 3699/3699 3598/3598 3644/3644
f 1573/1573 1473/1473 1485/1485
f 1485/1485 1473/1473 1274/1274
f 1473/1473 1276/1276 1274/1274
f 1841/1841 1855/1855 1813/1813
f 1274/1274 1276/1276 745/745
f 690/690 745/745 694/694
f 694/694 575/575 693/693
f 693/693 575/575 576/576
f 559/559 558/558 554/554
f 554/554 556/556 557/557
f 557/557 556/556 553/553
f 553/553 556/556 552/552
f 552/552 551/551 549/549
f 553/553 552/552 549/549
f 549/549 551/551 547/547
f 543/543 501/501 502/502
f 465/465 486/486 485/485
f 2109/2109 2154/2154 2051/2051
f 2051/2051 2154/2154 2052/2052
f 1409/1409 1193/1193 1434/1434
f 2052/2052 2154/2154 2171/2171
f 2052/2052 2171/2171 2050/2050
f 2050/2050 2171/2171 2152/2152
f 2049/2049 2152/2152 2159/2159
f 359/359 279/279 238/238
f 3574/3574 3575/3575 3578/3578
f 3579/3579 3574/3574 3578/3578
f 1543/1543 1597/1597 1563/1563
f 3938/3938 4009/4009 3763/3763
f 3763/3763 4009/4009 4010/4010
f 4010/4010 4011/4011 3764/3764
f 3763/3763 4010/4010 3764/3764
f 3764/3764 4011/4011 3939/3939
f 745/745 727/727 694/694
f 694/694 727/727 705/705
f 694/694 705/705 575/575
f 576/576 575/575 563/563
f 575/575 562/562 563/563
f 562/562 560/560 561/561
f 563/563 562/562 561/561
f 561/561 560/560 559/559
f 560/560 558/558 559/559
f 558/558 555/555 554/554
f 554/554 555/555 556/556
f 547/547 551/551 566/566
f 547/547 566/566 501/501
f 547/547 501/501 544/544
f 544/544 501/501 543/543
f 465/465 501/501 486/486
f 486/486 822/822 485/485
f 485/485 822/822 1193/1193
f 2217/2217 2193/2193 2109/2109
f 2109/2109 2193/2193 2192/2192
f 2109/2109 2192/2192 2154/2154
f 2154/2154 2192/2192 2171/2171
f 2152/2152 2186/2186 2159/2159
f 4003/4003 4021/4021 4009/4009
f 4009/4009 4021/4021 4010/4010
f 4010/4010 4018/4018 4011/4011
f 4011/4011 4018/4018 4012/4012
f 1473/1473 1465/1465 1276/1276
f 1276/1276 796/796 745/745
f 745/745 796/796 727/727
f 705/705 583/583 575/575
f 575/575 583/583 562/562
f 555/555 571/571 556/556
f 556/556 571/571 552/552
f 552/552 571/571 551/551
f 566/566 710/710 501/501
f 501/501 710/710 756/756
f 756/756 776/776 486/486
f 501/501 756/756 486/486
f 486/486 776/776 822/822
f 1193/1193 822/822 1424/1424
f 2217/2217 2227/2227 2222/2222
f 2217/2217 2222/2222 2193/2193
f 2193/2193 2222/2222 2221/2221
f 2193/2193 2221/2221 2192/2192
f 2192/2192 2220/2220 2171/2171
f 2171/2171 2220/2220 2186/2186
f 1193/1193 1424/1424 1434/1434
f 3575/3575 3574/3574 3572/3572
f 1424/1424 1548/1548 1543/1543
f 1434/1434 1424/1424 1543/1543
f 1543/1543 1548/1548 1597/1597
f 4022/4022 4023/4023 4003/4003
f 3999/3999 4022/4022 4003/4003
f 2485/2485 2478/2478 2479/2479
f 2483/2483 2479/2479 2474/2474
f 2483/2483 2474/2474 2480/2480
f 2474/2474 2458/2458 2480/2480
f 2480/2480 2458/2458 2481/2481
f 2458/2458 2470/2470 2481/2481
f 3683/3683 3684/3684 3576/3576
f 3683/3683 3576/3576 3599/3599
f 1598/1598 1478/1478 1473/1473
f 1465/1465 1259/1259 1276/1276
f 1276/1276 1259/1259 796/796
f 705/705 738/738 583/583
f 583/583 738/738 589/589
f 583/583 589/589 562/562
f 589/589 587/587 562/562
f 562/562 587/587 560/560
f 587/587 588/588 560/560
f 560/560 588/588 558/558
f 558/558 588/588 555/555
f 588/588 721/721 555/555
f 555/555 721/721 571/571
f 571/571 733/733 551/551
f 551/551 733/733 566/566
f 733/733 755/755 566/566
f 566/566 755/755 710/710
f 776/776 1230/1230 822/822
f 2247/2247 2246/2246 2222/2222
f 2227/2227 2247/2247 2222/2222
f 2222/2222 2246/2246 2221/2221
f 2246/2246 2248/2248 2221/2221
f 822/822 1397/1397 1424/1424
f 2221/2221 2220/2220 2192/2192
f 2220/2220 2228/2228 2186/2186
f 2186/2186 2228/2228 2235/2235
f 3574/3574 3573/3573 3572/3572
f 1424/1424 1540/1540 1548/1548
f 2466/2466 2455/2455 2478/2478
f 2478/2478 2455/2455 2457/2457
f 2478/2478 2457/2457 2479/2479
f 2479/2479 2457/2457 2474/2474
f 2474/2474 2457/2457 2458/2458
f 2458/2458 2454/2454 2470/2470
f 2470/2470 2454/2454 2463/2463
f 1465/1465 1478/1478 1259/1259
f 796/796 1259/1259 810/810
f 796/796 810/810 727/727
f 727/727 810/810 705/705
f 810/810 808/808 705/705
f 705/705 808/808 738/738
f 589/589 738/738 737/737
f 589/589 737/737 587/587
f 587/587 737/737 588/588
f 588/588 737/737 801/801
f 588/588 801/801 721/721
f 801/801 773/773 721/721
f 721/721 773/773 571/571
f 571/571 773/773 797/797
f 571/571 797/797 733/733
f 797/797 798/798 733/733
f 733/733 798/798 755/755
f 755/755 798/798 710/710
f 710/710 798/798 756/756
f 756/756 1205/1205 776/776
f 776/776 1205/1205 1230/1230
f 822/822 1230/1230 1397/1397
f 2227/2227 2260/2260 2247/2247
f 2248/2248 2249/2249 2221/2221
f 2221/2221 2249/2249 2220/2220
f 2220/2220 2249/2249 2228/2228
f 1424/1424 1397/1397 1503/1503
f 2459/2459 2442/2442 2466/2466
f 2466/2466 2442/2442 2455/2455
f 2453/2453 2447/2447 2457/2457
f 2455/2455 2453/2453 2457/2457
f 2457/2457 2447/2447 2446/2446
f 2457/2457 2446/2446 2458/2458
f 2458/2458 2446/2446 2448/2448
f 2458/2458 2448/2448 2444/2444
f 2458/2458 2444/2444 2454/2454
f 2454/2454 2445/2445 2463/2463
f 1579/1579 1552/1552 1478/1478
f 1478/1478 1427/1427 1259/1259
f 810/810 1198/1198 808/808
f 1198/1198 819/819 808/808
f 808/808 819/819 738/738
f 819/819 820/820 738/738
f 738/738 820/820 737/737
f 737/737 820/820 801/801
f 801/801 838/838 773/773
f 773/773 838/838 797/797
f 798/798 1204/1204 756/756
f 756/756 1204/1204 1205/1205
f 1205/1205 1414/1414 1230/1230
f 1230/1230 1414/1414 1397/1397
f 3646/3646 3570/3570 3647/3647
f 1397/1397 1517/1517 1503/1503
f 1517/1517 1551/1551 1503/1503
f 1503/1503 1551/1551 1540/1540
f 2429/2429 2428/2428 2442/2442
f 2459/2459 2429/2429 2442/2442
f 2455/2455 2442/2442 2453/2453
f 2444/2444 2445/2445 2454/2454
f 1259/1259 1427/1427 1426/1426
f 1259/1259 1426/1426 810/810
f 819/819 1198/1198 820/820
f 820/820 1330/1330 1221/1221
f 1221/1221 1330/1330 838/838
f 1330/1330 1328/1328 838/838
f 838/838 1328/1328 1273/1273
f 1273/1273 1331/1331 798/798
f 1331/1331 1404/1404 1204/1204
f 1204/1204 1404/1404 1205/1205
f 1404/1404 1428/1428 1205/1205
f 3012/3012 3002/3002 3013/3013
f 1205/1205 1428/1428 1414/1414
f 3059/3059 3047/3047 3014/3014
f 2443/2443 2412/2412 2429/2429
f 2442/2442 2428/2428 2427/2427
f 2427/2427 2425/2425 2447/2447
f 2447/2447 2425/2425 2446/2446
f 2425/2425 2426/2426 2446/2446
f 2446/2446 2426/2426 2448/2448
f 2448/2448 2426/2426 2444/2444
f 2426/2426 2424/2424 2444/2444
f 3010/3010 3004/3004 2998/2998
f 1426/1426 1454/1454 1198/1198
f 810/810 1426/1426 1198/1198
f 3004/3004 2999/2999 2998/2998
f 1198/1198 1454/1454 1421/1421
f 2998/2998 2999/2999 2989/2989
f 2999/2999 3001/3001 2989/2989
f 1421/1421 1436/1436 820/820
f 2989/2989 3001/3001 2974/2974
f 3001/3001 2997/2997 2974/2974
f 2974/2974 2970/2970 2973/2973
f 820/820 1436/1436 1330/1330
f 1436/1436 1435/1435 1330/1330
f 1435/1435 1431/1431 1330/1330
f 1330/1330 1431/1431 1328/1328
f 1328/1328 1431/1431 1273/1273
f 1431/1431 1429/1429 1273/1273
f 1273/1273 1429/1429 1331/1331
f 1429/1429 1430/1430 1331/1331
f 2992/2992 2947/2947 2993/2993
f 1331/1331 1430/1430 1404/1404
f 2993/2993 2947/2947 2994/2994
f 3017/3017 3039/3039 2995/2995
f 2994/2994 2947/2947 2948/2948
f 2994/2994 2948/2948 3006/3006
f 1428/1428 1506/1506 1509/1509
f 1428/1428 1509/1509 1414/1414
f 2412/2412 2410/2410 2429/2429
f 2429/2429 2410/2410 2428/2428
f 2425/2425 2406/2406 2407/2407
f 2425/2425 2407/2407 2426/2426
f 2407/2407 2408/2408 2426/2426
f 2424/2424 2417/2417 2437/2437
f 1427/1427 1505/1505 1426/1426
f 1426/1426 1505/1505 1454/1454
f 1435/1435 1500/1500 1497/1497
f 1435/1435 1497/1497 1431/1431
f 1497/1497 1498/1498 1431/1431
f 1498/1498 1495/1495 1431/1431
f 1431/1431 1495/1495 1429/1429
f 1429/1429 1495/1495 1496/1496
f 1429/1429 1496/1496 1430/1430
f 1430/1430 1496/1496 1499/1499
f 1430/1430 1499/1499 1404/1404
f 1499/1499 1506/1506 1428/1428
f 1404/1404 1499/1499 1428/1428
f 2377/2377 2379/2379 2389/2389
f 2389/2389 2388/2388 2418/2418
f 2343/2343 2355/2355 2374/2374
f 2374/2374 2355/2355 2391/2391
f 2370/2370 2359/2359 2371/2371
f 2359/2359 2381/2381 2371/2371
f 2383/2383 2382/2382 2392/2392
f 2382/2382 2386/2386 2393/2393
f 2393/2393 2386/2386 2380/2380
f 2348/2348 2353/2353 2356/2356
f 2356/2356 2353/2353 2368/2368
f 2576/2576 2575/2575 2537/2537
f 2563/2563 2564/2564 2571/2571
f 2571/2571 2564/2564 2614/2614
f 3114/3114 3165/3165 3115/3115
f 3115/3115 3165/3165 3163/3163
f 3115/3115 3163/3163 3117/3117
f 3117/3117 3163/3163 3164/3164
f 3164/3164 3177/3177 3119/3119
f 3117/3117 3164/3164 3119/3119
f 3119/3119 3177/3177 3176/3176
f 3119/3119 3176/3176 3121/3121
f 3176/3176 3175/3175 3124/3124
f 3121/3121 3176/3176 3124/3124
f 3124/3124 3175/3175 3162/3162
f 3124/3124 3162/3162 3127/3127
f 3162/3162 3161/3161 3129/3129
f 3127/3127 3162/3162 3129/3129
f 3129/3129 3161/3161 3131/3131
f 3131/3131 3161/3161 3160/3160
f 3131/3131 3160/3160 3133/3133
f 3133/3133 3160/3160 3166/3166
f 2547/2547 2562/2562 2541/2541
f 2541/2541 2562/2562 2558/2558
f 3133/3133 3166/3166 3135/3135
f 2623/2623 2604/2604 2589/2589
f 2596/2596 2597/2597 2608/2608
f 2608/2608 2597/2597 2598/2598
f 2608/2608 2598/2598 2599/2599
f 2599/2599 2605/2605 2626/2626
f 2632/2632 2609/2609 2604/2604
f 2643/2643 2632/2632 2604/2604
f 3172/3172 3173/3173 3111/3111
f 3111/3111 3173/3173 3114/3114
f 3114/3114 3115/3115 3113/3113
f 3111/3111 3114/3114 3113/3113
f 3113/3113 3115/3115 3116/3116
f 3116/3116 3115/3115 3117/3117
f 3116/3116 3117/3117 3118/3118
f 3118/3118 3117/3117 3119/3119
f 3118/3118 3119/3119 3120/3120
f 3119/3119 3121/3121 3120/3120
f 3120/3120 3121/3121 3123/3123
f 3121/3121 3124/3124 3123/3123
f 3123/3123 3124/3124 3125/3125
f 3125/3125 3124/3124 3126/3126
f 3126/3126 3124/3124 3127/3127
f 3126/3126 3127/3127 3128/3128
f 3128/3128 3127/3127 3129/3129
f 3128/3128 3129/3129 3130/3130
f 3129/3129 3131/3131 3130/3130
f 3130/3130 3131/3131 3132/3132
f 3132/3132 3131/3131 3133/3133
f 3132/3132 3133/3133 3134/3134
f 3134/3134 3133/3133 3135/3135
f 3134/3134 3135/3135 3136/3136
f 3136/3136 3135/3135 3137/3137
f 3137/3137 3187/3187 3139/3139
f 3139/3139 3187/3187 3186/3186
f 2667/2667 2644/2644 2623/2623
f 2623/2623 2624/2624 2661/2661
f 2661/2661 2624/2624 2648/2648
f 2648/2648 2624/2624 2611/2611
f 2648/2648 2611/2611 2629/2629
f 2648/2648 2629/2629 2654/2654
f 2629/2629 2625/2625 2653/2653
f 2653/2653 2625/2625 2627/2627
f 2653/2653 2627/2627 2655/2655
f 2627/2627 2642/2642 2655/2655
f 3108/3108 3172/3172 3109/3109
f 3109/3109 3172/3172 3111/3111
f 3109/3109 3111/3111 3110/3110
f 3110/3110 3111/3111 3112/3112
f 3112/3112 3111/3111 3113/3113
f 3122/3122 3113/3113 3116/3116
f 2841/2841 2898/2898 2836/2836
f 2841/2841 2836/2836 2820/2820
f 323/323 328/328 93/93
f 2820/2820 2814/2814 2799/2799
f 93/93 328/328 300/300
f 2812/2812 2811/2811 2797/2797
f 2797/2797 2811/2811 2794/2794
f 328/328 335/335 300/300
f 300/300 335/335 299/299
f 299/299 335/335 334/334
f 299/299 334/334 304/304
f 2818/2818 2822/2822 2823/2823
f 302/302 304/304 332/332
f 332/332 331/331 302/302
f 3136/3136 3137/3137 3138/3138
f 3138/3138 3137/3137 3139/3139
f 3139/3139 3186/3186 3182/3182
f 2667/2667 2623/2623 2669/2669
f 2681/2681 2667/2667 2669/2669
f 2669/2669 2623/2623 2661/2661
f 2661/2661 2648/2648 2672/2672
f 2672/2672 2648/2648 2673/2673
f 2673/2673 2648/2648 2654/2654
f 2673/2673 2654/2654 2653/2653
f 2673/2673 2653/2653 2671/2671
f 2653/2653 2655/2655 2670/2670
f 2671/2671 2653/2653 2670/2670
f 1474/1474 1549/1549 1438/1438
f 3188/3188 3108/3108 3082/3082
f 3082/3082 3108/3108 3084/3084
f 3108/3108 3109/3109 3085/3085
f 3084/3084 3108/3108 3085/3085
f 3109/3109 3110/3110 3085/3085
f 2852/2852 2851/2851 2873/2873
f 2873/2873 2851/2851 2875/2875
f 2884/2884 2890/2890 2856/2856
f 291/291 323/323 93/93
f 93/93 300/300 91/91
f 91/91 300/300 92/92
f 92/92 300/300 299/299
f 92/92 299/299 90/90
f 299/299 304/304 90/90
f 90/90 304/304 275/275
f 304/304 302/302 275/275
f 275/275 302/302 274/274
f 274/274 302/302 331/331
f 2844/2844 2877/2877 2880/2880
f 274/274 331/331 330/330
f 3140/3140 3138/3138 3139/3139
f 3139/3139 3182/3182 3142/3142
f 3142/3142 3182/3182 3183/3183
f 2681/2681 2669/2669 2687/2687
f 1438/1438 1549/1549 1562/1562
f 2670/2670 2655/2655 2674/2674
f 3081/3081 3188/3188 3082/3082
f 3082/3082 3084/3084 3083/3083
f 3084/3084 3085/3085 3083/3083
f 814/814 1289/1289 813/813
f 3083/3083 3085/3085 3184/3184
f 2876/2876 2889/2889 2871/2871
f 2876/2876 2871/2871 2870/2870
f 291/291 93/93 94/94
f 94/94 93/93 88/88
f 88/88 93/93 91/91
f 275/275 274/274 69/69
f 298/298 274/274 330/330
f 330/330 337/337 298/298
f 3140/3140 3139/3139 3141/3141
f 3141/3141 3139/3139 3142/3142
f 1593/1593 1562/1562 1637/1637
f 2687/2687 2669/2669 2686/2686
f 2686/2686 2669/2669 2672/2672
f 2686/2686 2672/2672 2685/2685
f 2685/2685 2672/2672 2673/2673
f 2685/2685 2673/2673 2671/2671
f 2685/2685 2671/2671 2684/2684
f 2671/2671 2674/2674 2683/2683
f 2684/2684 2671/2671 2683/2683
f 2683/2683 2674/2674 2698/2698
f 3075/3075 3081/3081 3076/3076
f 3081/3081 3082/3082 3078/3078
f 3076/3076 3081/3081 3078/3078
f 3078/3078 3082/3082 3083/3083
f 1914/1914 1933/1933 1917/1917
f 2923/2923 2919/2919 2909/2909
f 1912/1912 1944/1944 1943/1943
f 293/293 354/354 292/292
f 95/95 292/292 291/291
f 95/95 291/291 94/94
f 88/88 91/91 89/89
f 89/89 91/91 92/92
f 89/89 92/92 90/90
f 71/71 90/90 275/275
f 71/71 275/275 69/69
f 69/69 274/274 67/67
f 67/67 274/274 68/68
f 68/68 274/274 298/298
f 3141/3141 3142/3142 3143/3143
f 2918/2918 2921/2921 2922/2922
f 298/298 337/337 312/312
f 3143/3143 3142/3142 3144/3144
f 3144/3144 3142/3142 3183/3183
f 3144/3144 3183/3183 3181/3181
f 1593/1593 1637/1637 1646/1646
f 2702/2702 2687/2687 2686/2686
f 2702/2702 2686/2686 2699/2699
f 2699/2699 2686/2686 2685/2685
f 2685/2685 2700/2700 2699/2699
f 1447/1447 1562/1562 1593/1593
f 2700/2700 2685/2685 2684/2684
f 3076/3076 3078/3078 3077/3077
f 1914/1914 1917/1917 1896/1896
f 1896/1896 1917/1917 1911/1911
f 1911/1911 1932/1932 1900/1900
f 1900/1900 1932/1932 1934/1934
f 1913/1913 1946/1946 1923/1923
f 1912/1912 1943/1943 1914/1914
f 293/293 292/292 95/95
f 86/86 94/94 88/88
f 3143/3143 3144/3144 3145/3145
f 1593/1593 1646/1646 1628/1628
f 1561/1561 1593/1593 1628/1628
f 4041/4041 4045/4045 4039/4039
f 4039/4039 4045/4045 4040/4040
f 2702/2702 2699/2699 2707/2707
f 2707/2707 2699/2699 2706/2706
f 2699/2699 2700/2700 2706/2706
f 2706/2706 2700/2700 2701/2701
f 1359/1359 1447/1447 1561/1561
f 1447/1447 1593/1593 1561/1561
f 3080/3080 3075/3075 3070/3070
f 3075/3075 3076/3076 3071/3071
f 3070/3070 3075/3075 3071/3071
f 3071/3071 3076/3076 3077/3077
f 1907/1907 1913/1913 1886/1886
f 1886/1886 1912/1912 1859/1859
f 1859/1859 1912/1912 1867/1867
f 1867/1867 1912/1912 1914/1914
f 1914/1914 1896/1896 1867/1867
f 790/790 813/813 833/833
f 85/85 88/88 89/89
f 84/84 89/89 90/90
f 84/84 90/90 73/73
f 90/90 71/71 70/70
f 68/68 298/298 312/312
f 3145/3145 3144/3144 3146/3146
f 3144/3144 3181/3181 3180/3180
f 3146/3146 3144/3144 3180/3180
f 4040/4040 4044/4044 4043/4043
f 4043/4043 4044/4044 4042/4042
f 4042/4042 4044/4044 4047/4047
f 4042/4042 4047/4047 4046/4046
f 4042/4042 4046/4046 4037/4037
f 3317/3317 3318/3318 3316/3316
f 1359/1359 1561/1561 1533/1533
f 3072/3072 3080/3080 3070/3070
f 3070/3070 3071/3071 3068/3068
f 1867/1867 1896/1896 1866/1866
f 1907/1907 1886/1886 1826/1826
f 1826/1826 1886/1886 1859/1859
f 1859/1859 1867/1867 1852/1852
f 341/341 293/293 290/290
f 290/290 293/293 95/95
f 62/62 69/69 67/67
f 68/68 312/312 273/273
f 3147/3147 3145/3145 3146/3146
f 4048/4048 4041/4041 4038/4038
f 4038/4038 4041/4041 4039/4039
f 4038/4038 4039/4039 4040/4040
f 4038/4038 4040/4040 4029/4029
f 4029/4029 4040/4040 4036/4036
f 4036/4036 4043/4043 4042/4042
f 4036/4036 4042/4042 4028/4028
f 4028/4028 4042/4042 4037/4037
f 1533/1533 1561/1561 1628/1628
f 1533/1533 1628/1628 1614/1614
f 1826/1826 1859/1859 1740/1740
f 1859/1859 1852/1852 1740/1740
f 1852/1852 1867/1867 1742/1742
f 1742/1742 1867/1867 1866/1866
f 1742/1742 1866/1866 1748/1748
f 1866/1866 1900/1900 1748/1748
f 1748/1748 1900/1900 1895/1895
f 86/86 95/95 94/94
f 86/86 88/88 85/85
f 89/89 84/84 85/85
f 73/73 90/90 70/70
f 70/70 71/71 69/69
f 70/70 69/69 62/62
f 67/67 68/68 63/63
f 63/63 68/68 273/273
f 3147/3147 3146/3146 3148/3148
f 3148/3148 3146/3146 3149/3149
f 3146/3146 3180/3180 3167/3167
f 3149/3149 3146/3146 3167/3167
f 4031/4031 4038/4038 4029/4029
f 4029/4029 4036/4036 4025/4025
f 4025/4025 4036/4036 4028/4028
f 4034/4034 4028/4028 4037/4037
f 3315/3315 3317/3317 3316/3316
f 3072/3072 3070/3070 3067/3067
f 3067/3067 3070/3070 3068/3068
f 1897/1897 1826/1826 1741/1741
f 1826/1826 1740/1740 1741/1741
f 1739/1739 1740/1740 1852/1852
f 1739/1739 1852/1852 1742/1742
f 222/222 290/290 95/95
f 86/86 85/85 83/83
f 84/84 73/73 74/74
f 73/73 70/70 72/72
f 62/62 67/67 63/63
f 4028/4028 4034/4034 4032/4032
f 1568/1568 1533/1533 1614/1614
f 3315/3315 3316/3316 3312/3312
f 1359/1359 1533/1533 1511/1511
f 3073/3073 3072/3072 3067/3067
f 1240/1240 790/790 1360/1360
f 3150/3150 3148/3148 3149/3149
f 3149/3149 3167/3167 3168/3168
f 4048/4048 4038/4038 4049/4049
f 3422/3422 3482/3482 3483/3483
f 4030/4030 4031/4031 4029/4029
f 4027/4027 4025/4025 4028/4028
f 4027/4027 4028/4028 4032/4032
f 1568/1568 1614/1614 1606/1606
f 3314/3314 3315/3315 3312/3312
f 3067/3067 3068/3068 3069/3069
f 1892/1892 1897/1897 1741/1741
f 1742/1742 1748/1748 1702/1702
f 1703/1703 1748/1748 1895/1895
f 222/222 95/95 87/87
f 83/83 85/85 84/84
f 74/74 73/73 72/72
f 530/530 529/529 764/764
f 530/530 764/764 740/740
f 741/741 740/740 839/839
f 741/741 839/839 1208/1208
f 72/72 70/70 60/60
f 741/741 1208/1208 1207/1207
f 60/60 70/70 62/62
f 62/62 63/63 61/61
f 1606/1606 1614/1614 1656/1656
f 3481/3481 3482/3482 3422/3422
f 4030/4030 4029/4029 4024/4024
f 4024/4024 4029/4029 4025/4025
f 4024/4024 4025/4025 4026/4026
f 4025/4025 4027/4027 4026/4026
f 1413/1413 1359/1359 1511/1511
f 1741/1741 1740/1740 1738/1738
f 1738/1738 1740/1740 1739/1739
f 1738/1738 1739/1739 1736/1736
f 1739/1739 1742/1742 1702/1702
f 1736/1736 1739/1739 1702/1702
f 1702/1702 1748/1748 1703/1703
f 87/87 95/95 86/86
f 585/585 536/536 1140/1140
f 4033/4033 4027/4027 4032/4032
f 3324/3324 3314/3314 3313/3313
f 3313/3313 3314/3314 3312/3312
f 3073/3073 3067/3067 3074/3074
f 3074/3074 3067/3067 3069/3069
f 60/60 62/62 61/61
f 63/63 273/273 64/64
f 1738/1738 1736/1736 1734/1734
f 1701/1701 1703/1703 1895/1895
f 1240/1240 1360/1360 1413/1413
f 72/72 60/60 58/58
f 3423/3423 3481/3481 3422/3422
f 4035/4035 4027/4027 4033/4033
f 1544/1544 1568/1568 1606/1606
f 3313/3313 3312/3312 3310/3310
f 3310/3310 3312/3312 3311/3311
f 3310/3310 3311/3311 3309/3309
f 3088/3088 3086/3086 3087/3087
f 3079/3079 3074/3074 3069/3069
f 1892/1892 1741/1741 1749/1749
f 1749/1749 1741/1741 1743/1743
f 1743/1743 1741/1741 1738/1738
f 87/87 86/86 83/83
f 77/77 83/83 84/84
f 84/84 74/74 77/77
f 1998/1998 2132/2132 2131/2131
f 273/273 336/336 287/287
f 3324/3324 3313/3313 3319/3319
f 1890/1890 1892/1892 1749/1749
f 1734/1734 1736/1736 1702/1702
f 1702/1702 1703/1703 1701/1701
f 1350/1350 1240/1240 1413/1413
f 3420/3420 3422/3422 3421/3421
f 3418/3418 3484/3484 3417/3417
f 82/82 83/83 77/77
f 64/64 61/61 63/63
f 64/64 273/273 287/287
f 3421/3421 3418/3418 3419/3419
f 3420/3420 3421/3421 3419/3419
f 3419/3419 3418/3418 3416/3416
f 3418/3418 3417/3417 3416/3416
f 1453/1453 1413/1413 1511/1511
f 87/87 83/83 96/96
f 74/74 72/72 75/75
f 57/57 72/72 58/58
f 58/58 60/60 59/59
f 59/59 60/60 61/61
f 3150/3150 3149/3149 3151/3151
f 3151/3151 3149/3149 3168/3168
f 3480/3480 3481/3481 3423/3423
f 3423/3423 3422/3422 3420/3420
f 3319/3319 3313/3313 3310/3310
f 3088/3088 3087/3087 3089/3089
f 1732/1732 1738/1738 1734/1734
f 222/222 87/87 221/221
f 65/65 61/61 64/64
f 4145/4145 4146/4146 4147/4147
f 3319/3319 3310/3310 3307/3307
f 3307/3307 3310/3310 3309/3309
f 1453/1453 1511/1511 1544/1544
f 1749/1749 1743/1743 1731/1731
f 1731/1731 1743/1743 1738/1738
f 1731/1731 1738/1738 1732/1732
f 1732/1732 1734/1734 1737/1737
f 96/96 83/83 79/79
f 79/79 83/83 82/82
f 82/82 77/77 78/78
f 1890/1890 1749/1749 1752/1752
f 1752/1752 1749/1749 1731/1731
f 75/75 72/72 57/57
f 57/57 58/58 56/56
f 2236/2236 2182/2182 2183/2183
f 3151/3151 3168/3168 3178/3178
f 1734/1734 1702/1702 1733/1733
f 290/290 222/222 221/221
f 221/221 87/87 96/96
f 81/81 96/96 79/79
f 77/77 74/74 76/76
f 74/74 75/75 76/76
f 1210/1210 1154/1154 1297/1297
f 65/65 64/64 66/66
f 1701/1701 1895/1895 1924/1924
f 313/313 290/290 221/221
f 59/59 61/61 65/65
f 3307/3307 3309/3309 3308/3308
f 3090/3090 3088/3088 3089/3089
f 1735/1735 1737/1737 1734/1734
f 78/78 77/77 76/76
f 56/56 58/58 59/59
f 2135/2135 1998/1998 1997/1997
f 3152/3152 3150/3150 3151/3151
f 3478/3478 3423/3423 3424/3424
f 3424/3424 3423/3423 3420/3420
f 3416/3416 3417/3417 3326/3326
f 1544/1544 1606/1606 1545/1545
f 1545/1545 1606/1606 1618/1618
f 220/220 221/221 96/96
f 66/66 64/64 287/287
f 1618/1618 1606/1606 1657/1657
f 3480/3480 3423/3423 3478/3478
f 3326/3326 3417/3417 3324/3324
f 1733/1733 1702/1702 1699/1699
f 1699/1699 1702/1702 1701/1701
f 79/79 82/82 78/78
f 79/79 78/78 48/48
f 54/54 57/57 56/56
f 266/266 65/65 66/66
f 4121/4121 4116/4116 4115/4115
f 4115/4115 4116/4116 4114/4114
f 1453/1453 1544/1544 1545/1545
f 1489/1489 1453/1453 1545/1545
f 3097/3097 3096/3096 3079/3079
f 1891/1891 1890/1890 1752/1752
f 1732/1732 1737/1737 1735/1735
f 1735/1735 1734/1734 1733/1733
f 75/75 57/57 54/54
f 3479/3479 3480/3480 3478/3478
f 78/78 76/76 48/48
f 3090/3090 3089/3089 3091/3091
f 1699/1699 1701/1701 1700/1700
f 220/220 96/96 81/81
f 3307/3307 3308/3308 3306/3306
f 3092/3092 3090/3090 3091/3091
f 1731/1731 1732/1732 1726/1726
f 1726/1726 1732/1732 1735/1735
f 80/80 79/79 48/48
f 49/49 76/76 75/75
f 1334/1334 1177/1177 1405/1405
f 1180/1180 1334/1334 825/825
f 3420/3420 3419/3419 3416/3416
f 3420/3420 3416/3416 3415/3415
f 3415/3415 3416/3416 3326/3326
f 3092/3092 3091/3091 3093/3093
f 3093/3093 3091/3091 3100/3100
f 287/287 340/340 319/319
f 3425/3425 3478/3478 3424/3424
f 3319/3319 3307/3307 3305/3305
f 3305/3305 3307/3307 3306/3306
f 1726/1726 1735/1735 1725/1725
f 48/48 76/76 49/49
f 49/49 75/75 50/50
f 3324/3324 3319/3319 3305/3305
f 215/215 221/221 220/220
f 75/75 54/54 50/50
f 3151/3151 3178/3178 3179/3179
f 3477/3477 3478/3478 3425/3425
f 1752/1752 1731/1731 1730/1730
f 1730/1730 1731/1731 1726/1726
f 80/80 48/48 46/46
f 54/54 56/56 55/55
f 55/55 56/56 59/59
f 66/66 287/287 286/286
f 286/286 287/287 319/319
f 3424/3424 3420/3420 3414/3414
f 1406/1406 1310/1310 1228/1228
f 113/113 65/65 266/266
f 3425/3425 3424/3424 3414/3414
f 1545/1545 1618/1618 1619/1619
f 4120/4120 4121/4121 4115/4115
f 1489/1489 1545/1545 1565/1565
f 1730/1730 1726/1726 1724/1724
f 1700/1700 1701/1701 1750/1750
f 1750/1750 1701/1701 1924/1924
f 81/81 79/79 80/80
f 46/46 48/48 47/47
f 48/48 49/49 47/47
f 3152/3152 3151/3151 3153/3153
f 3153/3153 3151/3151 3179/3179
f 3414/3414 3420/3420 3415/3415
f 3326/3326 3324/3324 3305/3305
f 4120/4120 4115/4115 4112/4112
f 4112/4112 4115/4115 4114/4114
f 3092/3092 3093/3093 3094/3094
f 1469/1469 1419/1419 1490/1490
f 3094/3094 3093/3093 3100/3100
f 1735/1735 1733/1733 1699/1699
f 313/313 221/221 215/215
f 216/216 220/220 81/81
f 55/55 59/59 111/111
f 3425/3425 3414/3414 3426/3426
f 3327/3327 3415/3415 3326/3326
f 3094/3094 3100/3100 3098/3098
f 1856/1856 1752/1752 1730/1730
f 50/50 54/54 53/53
f 1410/1410 1406/1406 1228/1228
f 3477/3477 3425/3425 3427/3427
f 3305/3305 3306/3306 3304/3304
f 3095/3095 3092/3092 3094/3094
f 1258/1258 1299/1299 1371/1371
f 215/215 220/220 216/216
f 771/771 1406/1406 1410/1410
f 59/59 65/65 111/111
f 3427/3427 3425/3425 3426/3426
f 4112/4112 4114/4114 4106/4106
f 3476/3476 3479/3479 3477/3477
f 1724/1724 1726/1726 1725/1725
f 1725/1725 1735/1735 1709/1709
f 1709/1709 1735/1735 1699/1699
f 53/53 54/54 55/55
f 111/111 65/65 113/113
f 3414/3414 3415/3415 3327/3327
f 3327/3327 3326/3326 3305/3305
f 3476/3476 3477/3477 3427/3427
f 44/44 80/80 46/46
f 49/49 50/50 47/47
f 113/113 266/266 66/66
f 3154/3154 3152/3152 3153/3153
f 1536/1536 1489/1489 1565/1565
f 214/214 215/215 216/216
f 44/44 46/46 42/42
f 42/42 46/46 47/47
f 47/47 50/50 51/51
f 51/51 50/50 53/53
f 3412/3412 3426/3426 3414/3414
f 81/81 80/80 44/44
f 505/505 752/752 1410/1410
f 3413/3413 3414/3414 3327/3327
f 3095/3095 3094/3094 3098/3098
f 1698/1698 1699/1699 1700/1700
f 216/216 81/81 45/45
f 45/45 81/81 44/44
f 3154/3154 3153/3153 3155/3155
f 3155/3155 3153/3153 3179/3179
f 3412/3412 3414/3414 3413/3413
f 3327/3327 3305/3305 3328/3328
f 1856/1856 1730/1730 1728/1728
f 1728/1728 1730/1730 1724/1724
f 1724/1724 1725/1725 1709/1709
f 4105/4105 4106/4106 4107/4107
f 3476/3476 3427/3427 3428/3428
f 3428/3428 3427/3427 3426/3426
f 4130/4130 4131/4131 4132/4132
f 3302/3302 3305/3305 3304/3304
f 3095/3095 3098/3098 3099/3099
f 1881/1881 1856/1856 1728/1728
f 286/286 319/319 285/285
f 3156/3156 3154/3154 3155/3155
f 285/285 319/319 325/325
f 3411/3411 3428/3428 3426/3426
f 3411/3411 3426/3426 3412/3412
f 1536/1536 1565/1565 1619/1619
f 1706/1706 1709/1709 1699/1699
f 214/214 216/216 213/213
f 51/51 53/53 52/52
f 66/66 286/286 265/265
f 265/265 286/286 285/285
f 3408/3408 3412/3412 3413/3413
f 4112/4112 4106/4106 4105/4105
f 1298/1298 1258/1258 1371/1371
f 213/213 216/216 45/45
f 52/52 53/53 55/55
f 3157/3157 3155/3155 3179/3179
f 4120/4120 4112/4112 4105/4105
f 1706/1706 1699/1699 1697/1697
f 1697/1697 1699/1699 1698/1698
f 1698/1698 1700/1700 1750/1750
f 1750/1750 1924/1924 1903/1903
f 318/318 313/313 215/215
f 1275/1275 505/505 1410/1410
f 3411/3411 3412/3412 3408/3408
f 3302/3302 3304/3304 3303/3303
f 3101/3101 3095/3095 3099/3099
f 1882/1882 1881/1881 1728/1728
f 318/318 215/215 212/212
f 212/212 215/215 214/214
f 113/113 66/66 265/265
f 3413/3413 3327/3327 3329/3329
f 3429/3429 3428/3428 3411/3411
f 3329/3329 3327/3327 3328/3328
f 1527/1527 1536/1536 1611/1611
f 3101/3101 3099/3099 3102/3102
f 1698/1698 1750/1750 1696/1696
f 1696/1696 1750/1750 1903/1903
f 1999/1999 2196/2196 2203/2203
f 3660/3660 3661/3661 3659/3659
f 3654/3654 3660/3660 3659/3659
f 4108/4108 4105/4105 4107/4107
f 1611/1611 1536/1536 1620/1620
f 42/42 47/47 41/41
f 52/52 55/55 109/109
f 112/112 111/111 113/113
f 4119/4119 4120/4120 4105/4105
f 3429/3429 3411/3411 3410/3410
f 3410/3410 3411/3411 3408/3408
f 1468/1468 1469/1469 1490/1490
f 55/55 111/111 109/109
f 109/109 111/111 112/112
f 1978/1978 1999/1999 2203/2203
f 3408/3408 3413/3413 3329/3329
f 3302/3302 3303/3303 3301/3301
f 3103/3103 3101/3101 3102/3102
f 1709/1709 1706/1706 1704/1704
f 1704/1704 1706/1706 1697/1697
f 42/42 41/41 40/40
f 1411/1411 1164/1164 1412/1412
f 112/112 113/113 265/265
f 1978/1978 2203/2203 2211/2211
f 1883/1883 1882/1882 1728/1728
f 213/213 212/212 214/214
f 47/47 51/51 41/41
f 4109/4109 4108/4108 4107/4107
f 3430/3430 3428/3428 3429/3429
f 3408/3408 3329/3329 3330/3330
f 1728/1728 1724/1724 1719/1719
f 1697/1697 1698/1698 1696/1696
f 41/41 51/51 52/52
f 1977/1977 1978/1978 1979/1979
f 3654/3654 3659/3659 3658/3658
f 3653/3653 3654/3654 3658/3658
f 4130/4130 4132/4132 4133/4133
f 3300/3300 3302/3302 3301/3301
f 3103/3103 3102/3102 3104/3104
f 3104/3104 3102/3102 3170/3170
f 1883/1883 1728/1728 1729/1729
f 1729/1729 1728/1728 1719/1719
f 1719/1719 1724/1724 1723/1723
f 1723/1723 1724/1724 1709/1709
f 210/210 213/213 219/219
f 219/219 213/213 45/45
f 45/45 44/44 43/43
f 44/44 42/42 43/43
f 4119/4119 4105/4105 4108/4108
f 2226/2226 2189/2189 2147/2147
f 3429/3429 3410/3410 3409/3409
f 3407/3407 3408/3408 3330/3330
f 3329/3329 3328/3328 3300/3300
f 1723/1723 1709/1709 1704/1704
f 212/212 213/213 210/210
f 43/43 42/42 40/40
f 52/52 109/109 108/108
f 264/264 265/265 285/285
f 3409/3409 3410/3410 3408/3408
f 3409/3409 3408/3408 3407/3407
f 3330/3330 3329/3329 3300/3300
f 867/867 888/888 870/870
f 2226/2226 2147/2147 2190/2190
f 3300/3300 3301/3301 3299/3299
f 1528/1528 1611/1611 1620/1620
f 3105/3105 3103/3103 3104/3104
f 219/219 45/45 218/218
f 112/112 265/265 264/264
f 285/285 325/325 324/324
f 3639/3639 3653/3653 3658/3658
f 4117/4117 4119/4119 4108/4108
f 4117/4117 4108/4108 4113/4113
f 4113/4113 4108/4108 4110/4110
f 4110/4110 4108/4108 4109/4109
f 1527/1527 1611/1611 1528/1528
f 318/318 212/212 211/211
f 218/218 45/45 43/43
f 3639/3639 3658/3658 3666/3666
f 3639/3639 3666/3666 3667/3667
f 4110/4110 4109/4109 4111/4111
f 3475/3475 3431/3431 3433/3433
f 1635/1635 1528/1528 1620/1620
f 211/211 212/212 210/210
f 3430/3430 3429/3429 3431/3431
f 3431/3431 3429/3429 3409/3409
f 3407/3407 3330/3330 3331/3331
f 110/110 109/109 112/112
f 3642/3642 3648/3648 3639/3639
f 3662/3662 3639/3639 3667/3667
f 3331/3331 3330/3330 3300/3300
f 39/39 41/41 52/52
f 39/39 52/52 108/108
f 108/108 109/109 110/110
f 3105/3105 3104/3104 3106/3106
f 3106/3106 3104/3104 3170/3170
f 3258/3258 3259/3259 3260/3260
f 1905/1905 1883/1883 1729/1729
f 1693/1693 1697/1697 1696/1696
f 1854/1854 1696/1696 1903/1903
f 1340/1340 1298/1298 1471/1471
f 40/40 41/41 39/39
f 3642/3642 3639/3639 3638/3638
f 3637/3637 3662/3662 3667/3667
f 3331/3331 3300/3300 3298/3298
f 217/217 210/210 219/219
f 37/37 40/40 39/39
f 285/285 324/324 305/305
f 3474/3474 3475/3475 3434/3434
f 3434/3434 3475/3475 3433/3433
f 3406/3406 3407/3407 3331/3331
f 3298/3298 3300/3300 3299/3299
f 326/326 318/318 211/211
f 37/37 43/43 40/40
f 3409/3409 3407/3407 3406/3406
f 1704/1704 1697/1697 1693/1693
f 217/217 219/219 218/218
f 108/108 110/110 106/106
f 3298/3298 3299/3299 3297/3297
f 3107/3107 3105/3105 3106/3106
f 1905/1905 1729/1729 1727/1727
f 1727/1727 1729/1729 1719/1719
f 211/211 210/210 209/209
f 110/110 112/112 264/264
f 4118/4118 4117/4117 4113/4113
f 3433/3433 3431/3431 3432/3432
f 3432/3432 3431/3431 3409/3409
f 3403/3403 3409/3409 3406/3406
f 1636/1636 1528/1528 1635/1635
f 1719/1719 1723/1723 1716/1716
f 1716/1716 1723/1723 1704/1704
f 36/36 43/43 37/37
f 872/872 871/871 873/873
f 3642/3642 3638/3638 3636/3636
f 3640/3640 3642/3642 3636/3636
f 3636/3636 3638/3638 3637/3637
f 3434/3434 3433/3433 3402/3402
f 3403/3403 3432/3432 3409/3409
f 3406/3406 3331/3331 3332/3332
f 1530/1530 1528/1528 1636/1636
f 326/326 211/211 209/209
f 209/209 210/210 205/205
f 205/205 210/210 217/217
f 107/107 39/39 108/108
f 264/264 285/285 284/284
f 284/284 285/285 305/305
f 3473/3473 3474/3474 3434/3434
f 3473/3473 3434/3434 3472/3472
f 3402/3402 3433/3433 3432/3432
f 3403/3403 3406/3406 3404/3404
f 3107/3107 3106/3106 3171/3171
f 3257/3257 3258/3258 3260/3260
f 1727/1727 1719/1719 1718/1718
f 1718/1718 1719/1719 1716/1716
f 1693/1693 1696/1696 1691/1691
f 1691/1691 1696/1696 1854/1854
f 36/36 218/218 43/43
f 108/108 106/106 105/105
f 1394/1394 1170/1170 1179/1179
f 3257/3257 3260/3260 3251/3251
f 1906/1906 1905/1905 1727/1727
f 1716/1716 1704/1704 1713/1713
f 263/263 264/264 284/284
f 3636/3636 3637/3637 3635/3635
f 3435/3435 3434/3434 3402/3402
f 4101/4101 4104/4104 4102/4102
f 1692/1692 1693/1693 1691/1691
f 38/38 37/37 39/39
f 2161/2161 2101/2101 2102/2102
f 3332/3332 3331/3331 3298/3298
f 3293/3293 3298/3298 3297/3297
f 1713/1713 1704/1704 1705/1705
f 1705/1705 1704/1704 1693/1693
f 107/107 108/108 105/105
f 3332/3332 3298/3298 3293/3293
f 3468/3468 3434/3434 3435/3435
f 1906/1906 1727/1727 1745/1745
f 1745/1745 1727/1727 1718/1718
f 1691/1691 1854/1854 1868/1868
f 1868/1868 1854/1854 1935/1935
f 327/327 326/326 209/209
f 217/217 218/218 36/36
f 39/39 107/107 38/38
f 1394/1394 1179/1179 1145/1145
f 3432/3432 3403/3403 3402/3402
f 3472/3472 3434/3434 3468/3468
f 1705/1705 1693/1693 1694/1694
f 1694/1694 1693/1693 1692/1692
f 110/110 264/264 263/263
f 3640/3640 3636/3636 3634/3634
f 3634/3634 3636/3636 3635/3635
f 1422/1422 1340/1340 1457/1457
f 217/217 36/36 203/203
f 34/34 36/36 37/37
f 284/284 305/305 306/306
f 3641/3641 3640/3640 3634/3634
f 3405/3405 3406/3406 3332/3332
f 1531/1531 1530/1530 1636/1636
f 38/38 107/107 97/97
f 106/106 110/110 263/263
f 3404/3404 3406/3406 3405/3405
f 208/208 209/209 205/205
f 34/34 37/37 38/38
f 38/38 97/97 33/33
f 3253/3253 3332/3332 3293/3293
f 3293/3293 3297/3297 3250/3250
f 3174/3174 3107/3107 3171/3171
f 3250/3250 3257/3257 3251/3251
f 97/97 107/107 105/105
f 3634/3634 3635/3635 3632/3632
f 3435/3435 3402/3402 3436/3436
f 104/104 106/106 263/263
f 3403/3403 3404/3404 3401/3401
f 3401/3401 3404/3404 3405/3405
f 3253/3253 3293/3293 3250/3250
f 3402/3402 3403/3403 3401/3401
f 1480/1480 1530/1530 1531/1531
f 34/34 38/38 33/33
f 4101/4101 4102/4102 4100/4100
f 3469/3469 3472/3472 3468/3468
f 1458/1458 1457/1457 1480/1480
f 1716/1716 1713/1713 1714/1714
f 35/35 36/36 34/34
f 3633/3633 3641/3641 3634/3634
f 1990/1990 1957/1957 1956/1956
f 2068/2068 1990/1990 1956/1956
f 2213/2213 2161/2161 2185/2185
f 3405/3405 3332/3332 3333/3333
f 1531/1531 1636/1636 1634/1634
f 4099/4099 4101/4101 4100/4100
f 3469/3469 3468/3468 3437/3437
f 1458/1458 1480/1480 1535/1535
f 1535/1535 1480/1480 1531/1531
f 3250/3250 3251/3251 3252/3252
f 1925/1925 1906/1906 1745/1745
f 1745/1745 1718/1718 1717/1717
f 1717/1717 1718/1718 1716/1716
f 203/203 36/36 35/35
f 3633/3633 3634/3634 3632/3632
f 3253/3253 3250/3250 3254/3254
f 3254/3254 3250/3250 3252/3252
f 1717/1717 1716/1716 1714/1714
f 205/205 217/217 203/203
f 103/103 105/105 106/106
f 3333/3333 3332/3332 3253/3253
f 1925/1925 1745/1745 1809/1809
f 1809/1809 1745/1745 1717/1717
f 1713/1713 1705/1705 1707/1707
f 204/204 208/208 205/205
f 903/903 1088/1088 1096/1096
f 1332/1332 1388/1388 800/800
f 103/103 106/106 104/104
f 3437/3437 3435/3435 3436/3436
f 1714/1714 1713/1713 1707/1707
f 1707/1707 1705/1705 1694/1694
f 327/327 209/209 295/295
f 295/295 209/209 208/208
f 204/204 205/205 206/206
f 206/206 205/205 203/203
f 202/202 203/203 35/35
f 97/97 105/105 103/103
f 1388/1388 1155/1155 1387/1387
f 2068/2068 1956/1956 1960/1960
f 3401/3401 3405/3405 3398/3398
f 3437/3437 3468/3468 3435/3435
f 3467/3467 3402/3402 3400/3400
f 1535/1535 1531/1531 1591/1591
f 1006/1006 903/903 1096/1096
f 34/34 33/33 31/31
f 33/33 97/97 99/99
f 99/99 97/97 103/103
f 262/262 263/263 284/284
f 284/284 306/306 272/272
f 3436/3436 3402/3402 3467/3467
f 3401/3401 3398/3398 3400/3400
f 3398/3398 3405/3405 3333/3333
f 295/295 208/208 204/204
f 35/35 34/34 31/31
f 104/104 263/263 262/262
f 272/272 306/306 333/333
f 3630/3630 3633/3633 3632/3632
f 2250/2250 2213/2213 2185/2185
f 1591/1591 1531/1531 1634/1634
f 3263/3263 3253/3253 3254/3254
f 206/206 203/203 202/202
f 3630/3630 3632/3632 3629/3629
f 3333/3333 3253/3253 3269/3269
f 731/731 651/651 650/650
f 3469/3469 3437/3437 3470/3470
f 3269/3269 3253/3253 3263/3263
f 31/31 33/33 32/32
f 3625/3625 3630/3630 3629/3629
f 4099/4099 4100/4100 4098/4098
f 3439/3439 3437/3437 3438/3438
f 1809/1809 1717/1717 1721/1721
f 1710/1710 1717/1717 1714/1714
f 32/32 33/33 99/99
f 917/917 882/882 1052/1052
f 99/99 103/103 101/101
f 1386/1386 800/800 1387/1387
f 101/101 103/103 104/104
f 3470/3470 3437/3437 3439/3439
f 3437/3437 3436/3436 3438/3438
f 3263/3263 3254/3254 3255/3255
f 1534/1534 1535/1535 1591/1591
f 3255/3255 3254/3254 3252/3252
f 1721/1721 1717/1717 1710/1710
f 1707/1707 1694/1694 1695/1695
f 1695/1695 1694/1694 1692/1692
f 3536/3536 3534/3534 3533/3533
f 3533/3533 3534/3534 3535/3535
f 3533/3533 3535/3535 3537/3537
f 3533/3533 3537/3537 3538/3538
f 3538/3538 3537/3537 3547/3547
f 101/101 104/104 114/114
f 114/114 104/104 262/262
f 262/262 284/284 283/283
f 283/283 284/284 272/272
f 3398/3398 3333/3333 3334/3334
f 3269/3269 3263/3263 3255/3255
f 1534/1534 1591/1591 1599/1599
f 1599/1599 1591/1591 1634/1634
f 1710/1710 1714/1714 1707/1707
f 1425/1425 1423/1423 1461/1461
f 3542/3542 3549/3549 3543/3543
f 3494/3494 3509/3509 3491/3491
f 3540/3540 3545/3545 3542/3542
f 3540/3540 3542/3542 3536/3536
f 3536/3536 3542/3542 3543/3543
f 3536/3536 3543/3543 3544/3544
f 3540/3540 3536/3536 3533/3533
f 3541/3541 3540/3540 3533/3533
f 3539/3539 3541/3541 3533/3533
f 3539/3539 3533/3533 3538/3538
f 3539/3539 3538/3538 3546/3546
f 3530/3530 3517/3517 3519/3519
f 3522/3522 3530/3530 3519/3519
f 3546/3546 3538/3538 3547/3547
f 3546/3546 3547/3547 3548/3548
f 1379/1379 1386/1386 1387/1387
f 3438/3438 3436/3436 3467/3467
f 3467/3467 3400/3400 3399/3399
f 1710/1710 1707/1707 1708/1708
f 1695/1695 1692/1692 1690/1690
f 1690/1690 1692/1692 1691/1691
f 1868/1868 1935/1935 1929/1929
f 322/322 327/327 295/295
f 32/32 99/99 100/100
f 99/99 101/101 100/100
f 3625/3625 3629/3629 3624/3624
f 3399/3399 3400/3400 3398/3398
f 3398/3398 3334/3334 3397/3397
f 3333/3333 3269/3269 3275/3275
f 3490/3490 3494/3494 3491/3491
f 918/918 917/917 1052/1052
f 3275/3275 3269/3269 3255/3255
f 3255/3255 3252/3252 3248/3248
f 3248/3248 3252/3252 3276/3276
f 202/202 35/35 30/30
f 3490/3490 3491/3491 3489/3489
f 3517/3517 3518/3518 3516/3516
f 3619/3619 3625/3625 3624/3624
f 3275/3275 3255/3255 3256/3256
f 3256/3256 3255/3255 3248/3248
f 1722/1722 1721/1721 1710/1710
f 1691/1691 1868/1868 1862/1862
f 1862/1862 1868/1868 1929/1929
f 3521/3521 3522/3522 3519/3519
f 3521/3521 3519/3519 3515/3515
f 3515/3515 3519/3519 3517/3517
f 3515/3515 3517/3517 3516/3516
f 3619/3619 3624/3624 3623/3623
f 3399/3399 3398/3398 3397/3397
f 3334/3334 3333/3333 3275/3275
f 1708/1708 1707/1707 1695/1695
f 30/30 35/35 31/31
f 3248/3248 3276/3276 3277/3277
f 1753/1753 1809/1809 1721/1721
f 1753/1753 1721/1721 1720/1720
f 1720/1720 1721/1721 1722/1722
f 1690/1690 1691/1691 1687/1687
f 1687/1687 1691/1691 1862/1862
f 206/206 202/202 30/30
f 30/30 31/31 26/26
f 27/27 32/32 100/100
f 100/100 101/101 102/102
f 102/102 101/101 114/114
f 272/272 333/333 320/320
f 320/320 333/333 339/339
f 1616/1616 1634/1634 1649/1649
f 4097/4097 4099/4099 4098/4098
f 1532/1532 1534/1534 1599/1599
f 1722/1722 1710/1710 1711/1711
f 1711/1711 1710/1710 1708/1708
f 207/207 204/204 206/206
f 102/102 114/114 117/117
f 117/117 114/114 118/118
f 118/118 114/114 262/262
f 4097/4097 4098/4098 4092/4092
f 3438/3438 3467/3467 3399/3399
f 206/206 30/30 29/29
f 3487/3487 3490/3490 3489/3489
f 3515/3515 3516/3516 3512/3512
f 3619/3619 3623/3623 3620/3620
f 3441/3441 3438/3438 3399/3399
f 3334/3334 3275/3275 3283/3283
f 1460/1460 1459/1459 1532/1532
f 29/29 30/30 28/28
f 28/28 30/30 26/26
f 26/26 31/31 32/32
f 26/26 32/32 27/27
f 118/118 262/262 149/149
f 3470/3470 3439/3439 3440/3440
f 3396/3396 3399/3399 3397/3397
f 3487/3487 3489/3489 3488/3488
f 3520/3520 3521/3521 3515/3515
f 262/262 283/283 149/149
f 149/149 283/283 272/272
f 3471/3471 3470/3470 3440/3440
f 3247/3247 3248/3248 3277/3277
f 295/295 204/204 207/207
f 3520/3520 3515/3515 3511/3511
f 3511/3511 3515/3515 3512/3512
f 3616/3616 3619/3619 3620/3620
f 4090/4090 4103/4103 4097/4097
f 3440/3440 3439/3439 3438/3438
f 3283/3283 3275/3275 3256/3256
f 3283/3283 3256/3256 3249/3249
f 1532/1532 1599/1599 1616/1616
f 1532/1532 1616/1616 1600/1600
f 3249/3249 3256/3256 3248/3248
f 1753/1753 1720/1720 1744/1744
f 1720/1720 1722/1722 1744/1744
f 1744/1744 1722/1722 1711/1711
f 1711/1711 1708/1708 1712/1712
f 1708/1708 1695/1695 1689/1689
f 1689/1689 1695/1695 1690/1690
f 1460/1460 1532/1532 1537/1537
f 28/28 26/26 19/19
f 116/116 118/118 149/149
f 149/149 272/272 271/271
f 271/271 272/272 320/320
f 3440/3440 3438/3438 3441/3441
f 1762/1762 1753/1753 1754/1754
f 207/207 206/206 29/29
f 98/98 27/27 100/100
f 3441/3441 3399/3399 3466/3466
f 3335/3335 3334/3334 3283/3283
f 1753/1753 1744/1744 1754/1754
f 1537/1537 1532/1532 1600/1600
f 3396/3396 3397/3397 3335/3335
f 3335/3335 3397/3397 3334/3334
f 3249/3249 3248/3248 3246/3246
f 1712/1712 1708/1708 1689/1689
f 3246/3246 3248/3248 3247/3247
f 322/322 295/295 294/294
f 294/294 295/295 207/207
f 26/26 27/27 1/1
f 98/98 100/100 115/115
f 100/100 102/102 115/115
f 115/115 102/102 117/117
f 116/116 117/117 118/118
f 3616/3616 3620/3620 3618/3618
f 3614/3614 3616/3616 3618/3618
f 4090/4090 4097/4097 4092/4092
f 3466/3466 3399/3399 3396/3396
f 1758/1758 1762/1762 1754/1754
f 223/223 207/207 29/29
f 3486/3486 3487/3487 3488/3488
f 3395/3395 3396/3396 3335/3335
f 3285/3285 3335/3335 3283/3283
f 1744/1744 1711/1711 1712/1712
f 3246/3246 3247/3247 3245/3245
f 1853/1853 1762/1762 1758/1758
f 29/29 28/28 19/19
f 19/19 26/26 1/1
f 1/1 27/27 98/98
f 3511/3511 3512/3512 3513/3513
f 3442/3442 3441/3441 3466/3466
f 3285/3285 3283/3283 3249/3249
f 20/20 29/29 19/19
f 19/19 1/1 4/4
f 1378/1378 1379/1379 1384/1384
f 1610/1610 1600/1600 1615/1615
f 1744/1744 1712/1712 1715/1715
f 1715/1715 1712/1712 1689/1689
f 1403/1403 1408/1408 1402/1402
f 223/223 29/29 20/20
f 147/147 149/149 271/271
f 4089/4089 4090/4090 4092/4092
f 3466/3466 3396/3396 3395/3395
f 1754/1754 1744/1744 1755/1755
f 1755/1755 1744/1744 1715/1715
f 1758/1758 1754/1754 1756/1756
f 122/122 98/98 115/115
f 3613/3613 3616/3616 3614/3614
f 4092/4092 4093/4093 4094/4094
f 3249/3249 3246/3246 3244/3244
f 3244/3244 3246/3246 3245/3245
f 632/632 730/730 736/736
f 117/117 116/116 120/120
f 3440/3440 3441/3441 3442/3442
f 3442/3442 3466/3466 3445/3445
f 1756/1756 1754/1754 1755/1755
f 1689/1689 1690/1690 1686/1686
f 1686/1686 1690/1690 1687/1687
f 116/116 149/149 147/147
f 3393/3393 3395/3395 3335/3335
f 3336/3336 3335/3335 3285/3285
f 3285/3285 3249/3249 3261/3261
f 3261/3261 3249/3249 3244/3244
f 294/294 207/207 223/223
f 3486/3486 3488/3488 3492/3492
f 1/1 98/98 2/2
f 115/115 117/117 120/120
f 145/145 116/116 147/147
f 3613/3613 3614/3614 3612/3612
f 3612/3612 3614/3614 3618/3618
f 3443/3443 3440/3440 3442/3442
f 3445/3445 3466/3466 3464/3464
f 1610/1610 1615/1615 1632/1632
f 1464/1464 1460/1460 1537/1537
f 17/17 20/20 19/19
f 3520/3520 3511/3511 3514/3514
f 3514/3514 3511/3511 3513/3513
f 2/2 98/98 122/122
f 3612/3612 3618/3618 3617/3617
f 4089/4089 4092/4092 4094/4094
f 3466/3466 3395/3395 3464/3464
f 3393/3393 3335/3335 3336/3336
f 3336/3336 3285/3285 3289/3289
f 1715/1715 1689/1689 1688/1688
f 1688/1688 1689/1689 1686/1686
f 1537/1537 1600/1600 1596/1596
f 21/21 20/20 17/17
f 1755/1755 1715/1715 1746/1746
f 1464/1464 1537/1537 1538/1538
f 1538/1538 1537/1537 1596/1596
f 3244/3244 3245/3245 3243/3243
f 1869/1869 1853/1853 1758/1758
f 223/223 20/20 201/201
f 17/17 19/19 4/4
f 3493/3493 3486/3486 3492/3492
f 3289/3289 3285/3285 3261/3261
f 1687/1687 1862/1862 1870/1870
f 1870/1870 1862/1862 1929/1929
f 3442/3442 3445/3445 3444/3444
f 3446/3446 3445/3445 3464/3464
f 1758/1758 1756/1756 1757/1757
f 1757/1757 1756/1756 1755/1755
f 119/119 115/115 120/120
f 120/120 116/116 145/145
f 1746/1746 1715/1715 1688/1688
f 3523/3523 3520/3520 3514/3514
f 3444/3444 3443/3443 3442/3442
f 1757/1757 1755/1755 1761/1761
f 1/1 2/2 3/3
f 4/4 1/1 3/3
f 3523/3523 3514/3514 3524/3524
f 3524/3524 3514/3514 3528/3528
f 271/271 320/320 301/301
f 301/301 320/320 339/339
f 3465/3465 3443/3443 3444/3444
f 3444/3444 3445/3445 3446/3446
f 3289/3289 3261/3261 3262/3262
f 4089/4089 4094/4094 4091/4091
f 3262/3262 3261/3261 3244/3244
f 3524/3524 3528/3528 3529/3529
f 120/120 145/145 144/144
f 3611/3611 3613/3613 3612/3612
f 3464/3464 3395/3395 3394/3394
f 3394/3394 3395/3395 3393/3393
f 3336/3336 3289/3289 3337/3337
f 3262/3262 3244/3244 3241/3241
f 1870/1870 1929/1929 1937/1937
f 3241/3241 3244/3244 3243/3243
f 308/308 322/322 294/294
f 294/294 223/223 224/224
f 308/308 294/294 224/224
f 224/224 223/223 201/201
f 1104/1104 1105/1105 1050/1050
f 1104/1104 1050/1050 1049/1049
f 3611/3611 3612/3612 3610/3610
f 3610/3610 3612/3612 3617/3617
f 2074/2074 2059/2059 2057/2057
f 3338/3338 3336/3336 3337/3337
f 1869/1869 1758/1758 1759/1759
f 1759/1759 1758/1758 1757/1757
f 201/201 20/20 22/22
f 22/22 20/20 21/21
f 5/5 4/4 3/3
f 3/3 2/2 122/122
f 301/301 339/339 338/338
f 3465/3465 3444/3444 3447/3447
f 4088/4088 4089/4089 4086/4086
f 4086/4086 4089/4089 4091/4091
f 1686/1686 1687/1687 1662/1662
f 1662/1662 1687/1687 1870/1870
f 1757/1757 1761/1761 1760/1760
f 1760/1760 1761/1761 1746/1746
f 16/16 21/21 17/17
f 18/18 17/17 4/4
f 119/119 120/120 144/144
f 3393/3393 3336/3336 3338/3338
f 22/22 21/21 16/16
f 3526/3526 3524/3524 3529/3529
f 3610/3610 3617/3617 3609/3609
f 1610/1610 1632/1632 1633/1633
f 4087/4087 4088/4088 4086/4086
f 1688/1688 1686/1686 1659/1659
f 1659/1659 1686/1686 1662/1662
f 3241/3241 3243/3243 3242/3242
f 1909/1909 1869/1869 1759/1759
f 1759/1759 1757/1757 1760/1760
f 781/781 827/827 1303/1303
f 122/122 115/115 119/119
f 1746/1746 1688/1688 1659/1659
f 18/18 4/4 5/5
f 3523/3523 3524/3524 3525/3525
f 3525/3525 3524/3524 3526/3526
f 3525/3525 3526/3526 3527/3527
f 3/3 122/122 121/121
f 147/147 271/271 270/270
f 270/270 271/271 301/301
f 3337/3337 3289/3289 3264/3264
f 3264/3264 3289/3289 3262/3262
f 1747/1747 1746/1746 1659/1659
f 1760/1760 1746/1746 1747/1747
f 3532/3532 3525/3525 3531/3531
f 3531/3531 3525/3525 3527/3527
f 121/121 122/122 119/119
f 3446/3446 3464/3464 3463/3463
f 1759/1759 1760/1760 1763/1763
f 22/22 16/16 23/23
f 16/16 17/17 15/15
f 3559/3559 3558/3558 3554/3554
f 3554/3554 3558/3558 3551/3551
f 3554/3554 3551/3551 3550/3550
f 3550/3550 3551/3551 3552/3552
f 3550/3550 3552/3552 3553/3553
f 3553/3553 3552/3552 3555/3555
f 3555/3555 3562/3562 3557/3557
f 3553/3553 3555/3555 3557/3557
f 3557/3557 3562/3562 3564/3564
f 1365/1365 1104/1104 1048/1048
f 144/144 145/145 146/146
f 146/146 145/145 147/147
f 146/146 147/147 148/148
f 3447/3447 3444/3444 3446/3446
f 3392/3392 3394/3394 3393/3393
f 1464/1464 1538/1538 1547/1547
f 1547/1547 1538/1538 1596/1596
f 15/15 17/17 18/18
f 7/7 18/18 5/5
f 148/148 147/147 270/270
f 3611/3611 3610/3610 3608/3608
f 3608/3608 3610/3610 3609/3609
f 3447/3447 3446/3446 3448/3448
f 3448/3448 3446/3446 3463/3463
f 3392/3392 3464/3464 3394/3394
f 3392/3392 3393/3393 3338/3338
f 4139/4139 4142/4142 4141/4141
f 1595/1595 1610/1610 1609/1609
f 1609/1609 1610/1610 1633/1633
f 1664/1664 1747/1747 1659/1659
f 224/224 201/201 24/24
f 24/24 201/201 22/22
f 7/7 5/5 6/6
f 6/6 5/5 3/3
f 3/3 121/121 6/6
f 142/142 121/121 119/119
f 142/142 119/119 144/144
f 3463/3463 3464/3464 3392/3392
f 3241/3241 3242/3242 3240/3240
f 1909/1909 1759/1759 1764/1764
f 1928/1928 1909/1909 1764/1764
f 1764/1764 1759/1759 1763/1763
f 1763/1763 1760/1760 1766/1766
f 1766/1766 1760/1760 1747/1747
f 1014/1014 1171/1171 1015/1015
f 143/143 144/144 150/150
f 144/144 146/146 150/150
f 3615/3615 3611/3611 3608/3608
f 3338/3338 3337/3337 3339/3339
f 3340/3340 3338/3338 3339/3339
f 4095/4095 4086/4086 4091/4091
f 3264/3264 3262/3262 3241/3241
f 1807/1807 1747/1747 1664/1664
f 1664/1664 1659/1659 1658/1658
f 1659/1659 1662/1662 1660/1660
f 1660/1660 1662/1662 1870/1870
f 1462/1462 1464/1464 1547/1547
f 1547/1547 1596/1596 1595/1595
f 1765/1765 1763/1763 1767/1767
f 1767/1767 1763/1763 1766/1766
f 1766/1766 1747/1747 1807/1807
f 309/309 308/308 224/224
f 309/309 224/224 225/225
f 225/225 224/224 24/24
f 14/14 16/16 15/15
f 7/7 15/15 18/18
f 142/142 144/144 143/143
f 3458/3458 3465/3465 3447/3447
f 3264/3264 3241/3241 3239/3239
f 1658/1658 1659/1659 1660/1660
f 1660/1660 1870/1870 1872/1872
f 357/357 308/308 309/309
f 356/356 357/357 309/309
f 3239/3239 3241/3241 3240/3240
f 1764/1764 1763/1763 1765/1765
f 781/781 1303/1303 1304/1304
f 6/6 121/121 142/142
f 301/301 338/338 316/316
f 3391/3391 3392/3392 3338/3338
f 3458/3458 3447/3447 3449/3449
f 3449/3449 3447/3447 3448/3448
f 23/23 16/16 14/14
f 1807/1807 1664/1664 1663/1663
f 1663/1663 1664/1664 1658/1658
f 6/6 142/142 136/136
f 3338/3338 3340/3340 3391/3391
f 1766/1766 1807/1807 1902/1902
f 22/22 23/23 24/24
f 8/8 7/7 6/6
f 8/8 6/6 123/123
f 146/146 148/148 150/150
f 3608/3608 3609/3609 3606/3606
f 1609/1609 1633/1633 1626/1626
f 4085/4085 4087/4087 4086/4086
f 3265/3265 3264/3264 3239/3239
f 1381/1381 1354/1354 1383/1383
f 3340/3340 3339/3339 3341/3341
f 3341/3341 3339/3339 3342/3342
f 1663/1663 1658/1658 1661/1661
f 1667/1667 1660/1660 1872/1872
f 1547/1547 1595/1595 1572/1572
f 3448/3448 3463/3463 3451/3451
f 4138/4138 4139/4139 4140/4140
f 3265/3265 3239/3239 3238/3238
f 1808/1808 1807/1807 1663/1663
f 1661/1661 1658/1658 1660/1660
f 1661/1661 1660/1660 1667/1667
f 3239/3239 3240/3240 3237/3237
f 3238/3238 3239/3239 3237/3237
f 3237/3237 3240/3240 3279/3279
f 310/310 309/309 225/225
f 14/14 15/15 11/11
f 1381/1381 1383/1383 1268/1268
f 137/137 142/142 143/143
f 137/137 143/143 139/139
f 243/243 148/148 270/270
f 3451/3451 3463/3463 3392/3392
f 3237/3237 3279/3279 3278/3278
f 1769/1769 1764/1764 1765/1765
f 1767/1767 1766/1766 1818/1818
f 1818/1818 1766/1766 1902/1902
f 310/310 225/225 227/227
f 11/11 15/15 7/7
f 11/11 7/7 9/9
f 9/9 7/7 8/8
f 123/123 6/6 136/136
f 3450/3450 3448/3448 3451/3451
f 3392/3392 3391/3391 3389/3389
f 3391/3391 3340/3340 3341/3341
f 4085/4085 4086/4086 4084/4084
f 1462/1462 1547/1547 1448/1448
f 1448/1448 1547/1547 1572/1572
f 1769/1769 1765/1765 1768/1768
f 1768/1768 1765/1765 1767/1767
f 1768/1768 1767/1767 1770/1770
f 1770/1770 1767/1767 1818/1818
f 998/998 997/997 970/970
f 136/136 142/142 137/137
f 3389/3389 3391/3391 3341/3341
f 3284/3284 3265/3265 3238/3238
f 139/139 143/143 150/150
f 270/270 301/301 316/316
f 4086/4086 4095/4095 4096/4096
f 1667/1667 1872/1872 1871/1871
f 349/349 356/356 309/309
f 226/226 24/24 25/25
f 3607/3607 3608/3608 3606/3606
f 3459/3459 3461/3461 3457/3457
f 3457/3457 3458/3458 3450/3450
f 3450/3450 3458/3458 3449/3449
f 3284/3284 3238/3238 3236/3236
f 3236/3236 3238/3238 3237/3237
f 225/225 24/24 226/226
f 150/150 148/148 243/243
f 3389/3389 3451/3451 3392/3392
f 227/227 225/225 226/226
f 139/139 150/150 141/141
f 140/140 139/139 141/141
f 141/141 150/150 243/243
f 3343/3343 3341/3341 3342/3342
f 4138/4138 4140/4140 4143/4143
f 3288/3288 3284/3284 3236/3236
f 1666/1666 1808/1808 1663/1663
f 3390/3390 3389/3389 3341/3341
f 3452/3452 3450/3450 3451/3451
f 1663/1663 1661/1661 1665/1665
f 3236/3236 3237/3237 3235/3235
f 3237/3237 3278/3278 3270/3270
f 3235/3235 3237/3237 3270/3270
f 1773/1773 1769/1769 1768/1768
f 349/349 309/309 310/310
f 25/25 24/24 23/23
f 23/23 14/14 13/13
f 13/13 14/14 11/11
f 3390/3390 3341/3341 3343/3343
f 1607/1607 1595/1595 1609/1609
f 1770/1770 1818/1818 1819/1819
f 1818/1818 1902/1902 1894/1894
f 1819/1819 1818/1818 1894/1894
f 243/243 270/270 241/241
f 241/241 270/270 316/316
f 3451/3451 3389/3389 3388/3388
f 1666/1666 1663/1663 1665/1665
f 1665/1665 1661/1661 1667/1667
f 1771/1771 1768/1768 1770/1770
f 1771/1771 1770/1770 1803/1803
f 1803/1803 1770/1770 1819/1819
f 9/9 8/8 10/10
f 10/10 8/8 123/123
f 123/123 136/136 134/134
f 241/241 316/316 315/315
f 1607/1607 1609/1609 1626/1626
f 3343/3343 3342/3342 3288/3288
f 748/748 844/844 843/843
f 3604/3604 3607/3607 3606/3606
f 1607/1607 1626/1626 1627/1627
f 4081/4081 4085/4085 4084/4084
f 3456/3456 3457/3457 3450/3450
f 3388/3388 3389/3389 3386/3386
f 3389/3389 3390/3390 3386/3386
f 3344/3344 3343/3343 3288/3288
f 1526/1526 1448/1448 1572/1572
f 1772/1772 1773/1773 1768/1768
f 1772/1772 1768/1768 1771/1771
f 3234/3234 3235/3235 3270/3270
f 25/25 23/23 13/13
f 3390/3390 3343/3343 3344/3344
f 1665/1665 1667/1667 1668/1668
f 1668/1668 1667/1667 1871/1871
f 3604/3604 3606/3606 3605/3605
f 3459/3459 3457/3457 3456/3456
f 3236/3236 3235/3235 3233/3233
f 3233/3233 3235/3235 3234/3234
f 226/226 25/25 200/200
f 10/10 123/123 134/134
f 137/137 139/139 138/138
f 138/138 139/139 140/140
f 141/141 243/243 241/241
f 3452/3452 3451/3451 3388/3388
f 3387/3387 3388/3388 3386/3386
f 3386/3386 3390/3390 3344/3344
f 11/11 9/9 12/12
f 9/9 10/10 12/12
f 3456/3456 3450/3450 3453/3453
f 3453/3453 3450/3450 3452/3452
f 3344/3344 3288/3288 3295/3295
f 1608/1608 1607/1607 1627/1627
f 3288/3288 3236/3236 3232/3232
f 1671/1671 1666/1666 1669/1669
f 1666/1666 1665/1665 1669/1669
f 1670/1670 1665/1665 1668/1668
f 1526/1526 1572/1572 1570/1570
f 3232/3232 3236/3236 3233/3233
f 1819/1819 1894/1894 1802/1802
f 349/349 310/310 350/350
f 350/350 310/310 311/311
f 3233/3233 3234/3234 3231/3231
f 1823/1823 1804/1804 1776/1776
f 1776/1776 1804/1804 1772/1772
f 1771/1771 1803/1803 1802/1802
f 311/311 310/310 227/227
f 13/13 11/11 12/12
f 1203/1203 1311/1311 1254/1254
f 1669/1669 1665/1665 1670/1670
f 1668/1668 1871/1871 1673/1673
f 1776/1776 1772/1772 1774/1774
f 1774/1774 1772/1772 1771/1771
f 311/311 227/227 196/196
f 227/227 226/226 200/200
f 200/200 25/25 125/125
f 125/125 25/25 13/13
f 10/10 134/134 133/133
f 134/134 136/136 135/135
f 135/135 136/136 137/137
f 135/135 137/137 138/138
f 138/138 140/140 151/151
f 151/151 140/140 141/141
f 3604/3604 3605/3605 3603/3603
f 3453/3453 3452/3452 3388/3388
f 1774/1774 1771/1771 1775/1775
f 1775/1775 1771/1771 1802/1802
f 196/196 227/227 200/200
f 127/127 12/12 10/10
f 133/133 134/134 135/135
f 3383/3383 3388/3388 3387/3387
f 1516/1516 1526/1526 1570/1570
f 3232/3232 3233/3233 3231/3231
f 3453/3453 3388/3388 3383/3383
f 3295/3295 3288/3288 3232/3232
f 1874/1874 1802/1802 1671/1671
f 1238/1238 1401/1401 1272/1272
f 3460/3460 3459/3459 3456/3456
f 3455/3455 3456/3456 3453/3453
f 3385/3385 3387/3387 3386/3386
f 195/195 200/200 125/125
f 124/124 13/13 12/12
f 127/127 10/10 133/133
f 151/151 135/135 138/138
f 3601/3601 3604/3604 3603/3603
f 3455/3455 3453/3453 3454/3454
f 1874/1874 1671/1671 1685/1685
f 125/125 13/13 124/124
f 4081/4081 4084/4084 4083/4083
f 3460/3460 3456/3456 3455/3455
f 3385/3385 3386/3386 3346/3346
f 3346/3346 3386/3386 3344/3344
f 3296/3296 3295/3295 3232/3232
f 1672/1672 1670/1670 1668/1668
f 1672/1672 1668/1668 1673/1673
f 1777/1777 1774/1774 1775/1775
f 1775/1775 1802/1802 1805/1805
f 1805/1805 1802/1802 1893/1893
f 158/158 141/141 241/241
f 241/241 315/315 277/277
f 3383/3383 3387/3387 3385/3385
f 3346/3346 3344/3344 3345/3345
f 3345/3345 3344/3344 3295/3295
f 1669/1669 1670/1670 1672/1672
f 1672/1672 1673/1673 1674/1674
f 1674/1674 1673/1673 1889/1889
f 1823/1823 1776/1776 1778/1778
f 1776/1776 1774/1774 1778/1778
f 1778/1778 1774/1774 1777/1777
f 1777/1777 1775/1775 1805/1805
f 196/196 200/200 195/195
f 124/124 12/12 126/126
f 1178/1178 1312/1312 1169/1169
f 158/158 151/151 141/141
f 242/242 241/241 277/277
f 277/277 315/315 321/321
f 3601/3601 3603/3603 3602/3602
f 4122/4122 4123/4123 4124/4124
f 3296/3296 3232/3232 3230/3230
f 1676/1676 1669/1669 1672/1672
f 3230/3230 3232/3232 3231/3231
f 199/199 195/195 125/125
f 126/126 12/12 127/127
f 133/133 135/135 152/152
f 135/135 151/151 152/152
f 153/153 151/151 158/158
f 158/158 241/241 242/242
f 3230/3230 3231/3231 3229/3229
f 1899/1899 1823/1823 1778/1778
f 127/127 133/133 132/132
f 132/132 133/133 152/152
f 835/835 1312/1312 1313/1313
f 3383/3383 3385/3385 3384/3384
f 3384/3384 3385/3385 3346/3346
f 125/125 124/124 197/197
f 3454/3454 3453/3453 3383/3383
f 1674/1674 1889/1889 1884/1884
f 199/199 125/125 197/197
f 152/152 151/151 153/153
f 1685/1685 1676/1676 1677/1677
f 1677/1677 1676/1676 1672/1672
f 1675/1675 1672/1672 1674/1674
f 1675/1675 1674/1674 1884/1884
f 3347/3347 3346/3346 3345/3345
f 193/193 196/196 195/195
f 3601/3601 3602/3602 3597/3597
f 1624/1624 1570/1570 1608/1608
f 3454/3454 3383/3383 3382/3382
f 3347/3347 3384/3384 3346/3346
f 1874/1874 1685/1685 1684/1684
f 1684/1684 1685/1685 1677/1677
f 1677/1677 1672/1672 1675/1675
f 1899/1899 1778/1778 1780/1780
f 1778/1778 1777/1777 1779/1779
f 1780/1780 1778/1778 1779/1779
f 1779/1779 1777/1777 1805/1805
f 1805/1805 1893/1893 1875/1875
f 3383/3383 3384/3384 3347/3347
f 4122/4122 4124/4124 4125/4125
f 3227/3227 3296/3296 3230/3230
f 3227/3227 3230/3230 3228/3228
f 1817/1817 1874/1874 1684/1684
f 3228/3228 3230/3230 3229/3229
f 1779/1779 1805/1805 1790/1790
f 1790/1790 1805/1805 1875/1875
f 124/124 126/126 198/198
f 126/126 127/127 128/128
f 3595/3595 3601/3601 3597/3597
f 3228/3228 3229/3229 3222/3222
f 1910/1910 1899/1899 1780/1780
f 198/198 197/197 124/124
f 1624/1624 1608/1608 1627/1627
f 4081/4081 4083/4083 4082/4082
f 3460/3460 3455/3455 3462/3462
f 3462/3462 3455/3455 3454/3454
f 1516/1516 1570/1570 1571/1571
f 128/128 127/127 132/132
f 158/158 242/242 159/159
f 1624/1624 1627/1627 1652/1652
f 4080/4080 4081/4081 4082/4082
f 1884/1884 1889/1889 1888/1888
f 1781/1781 1780/1780 1779/1779
f 288/288 311/311 196/196
f 1216/1216 1272/1272 1396/1396
f 193/193 195/195 194/194
f 194/194 195/195 199/199
f 3462/3462 3454/3454 3378/3378
f 3347/3347 3345/3345 3348/3348
f 1678/1678 1677/1677 1675/1675
f 1675/1675 1884/1884 1880/1880
f 1880/1880 1884/1884 1888/1888
f 1910/1910 1780/1780 1781/1781
f 3377/3377 3460/3460 3462/3462
f 3352/3352 3347/3347 3349/3349
f 1678/1678 1675/1675 1679/1679
f 1679/1679 1675/1675 1880/1880
f 3227/3227 3228/3228 3222/3222
f 288/288 196/196 193/193
f 128/128 132/132 131/131
f 157/157 153/153 158/158
f 3381/3381 3347/3347 3352/3352
f 1684/1684 1677/1677 1678/1678
f 1779/1779 1790/1790 1789/1789
f 1789/1789 1790/1790 1875/1875
f 152/152 153/153 157/157
f 159/159 242/242 277/277
f 3595/3595 3597/3597 3594/3594
f 3383/3383 3347/3347 3381/3381
f 4122/4122 4125/4125 4126/4126
f 1817/1817 1684/1684 1683/1683
f 1683/1683 1684/1684 1678/1678
f 131/131 132/132 152/152
f 157/157 158/158 159/159
f 3594/3594 3597/3597 3596/3596
f 3378/3378 3454/3454 3485/3485
f 3382/3382 3383/3383 3381/3381
f 3349/3349 3347/3347 3348/3348
f 4127/4127 4122/4122 4126/4126
f 3292/3292 3227/3227 3272/3272
f 3272/3272 3227/3227 3226/3226
f 1680/1680 1678/1678 1679/1679
f 3226/3226 3227/3227 3222/3222
f 197/197 194/194 199/199
f 194/194 197/197 190/190
f 190/190 197/197 198/198
f 244/244 198/198 126/126
f 1781/1781 1779/1779 1782/1782
f 1783/1783 1781/1781 1782/1782
f 1782/1782 1779/1779 1789/1789
f 126/126 128/128 130/130
f 154/154 152/152 157/157
f 590/590 811/811 1314/1314
f 3381/3381 3352/3352 3353/3353
f 1910/1910 1781/1781 1783/1783
f 190/190 198/198 244/244
f 1336/1336 1260/1260 1226/1226
f 1625/1625 1624/1624 1652/1652
f 3485/3485 3454/3454 3382/3382
f 3290/3290 3292/3292 3272/3272
f 3272/3272 3226/3226 3214/3214
f 3214/3214 3226/3226 3222/3222
f 3214/3214 3222/3222 3219/3219
f 1927/1927 1910/1910 1783/1783
f 1789/1789 1875/1875 1787/1787
f 288/288 193/193 229/229
f 131/131 152/152 154/154
f 159/159 277/277 276/276
f 276/276 277/277 321/321
f 3377/3377 3462/3462 3378/3378
f 3380/3380 3382/3382 3381/3381
f 4127/4127 4126/4126 4128/4128
f 3290/3290 3272/3272 3281/3281
f 3281/3281 3272/3272 3214/3214
f 1751/1751 1817/1817 1683/1683
f 244/244 126/126 130/130
f 157/157 159/159 161/161
f 239/239 159/159 276/276
f 3353/3353 3352/3352 3350/3350
f 1476/1476 1516/1516 1571/1571
f 1683/1683 1678/1678 1680/1680
f 1825/1825 1927/1927 1783/1783
f 128/128 131/131 130/130
f 3593/3593 3595/3595 3594/3594
f 1679/1679 1880/1880 1851/1851
f 3214/3214 3219/3219 3198/3198
f 1787/1787 1751/1751 1858/1858
f 1851/1851 1880/1880 1888/1888
f 3198/3198 3219/3219 3224/3224
f 3198/3198 3224/3224 3225/3225
f 1825/1825 1783/1783 1784/1784
f 1824/1824 1825/1825 1784/1784
f 1784/1784 1783/1783 1782/1782
f 1335/1335 1314/1314 1336/1336
f 156/156 154/154 157/157
f 3593/3593 3594/3594 3591/3591
f 3591/3591 3594/3594 3596/3596
f 3352/3352 3349/3349 3350/3350
f 4127/4127 4128/4128 4129/4129
f 3291/3291 3290/3290 3281/3281
f 1851/1851 1888/1888 1887/1887
f 344/344 288/288 229/229
f 3200/3200 3198/3198 3225/3225
f 1216/1216 1396/1396 1329/1329
f 161/161 159/159 239/239
f 3485/3485 3382/3382 3380/3380
f 3350/3350 3349/3349 3291/3291
f 3349/3349 3348/3348 3291/3291
f 1476/1476 1571/1571 1589/1589
f 1682/1682 1683/1683 1680/1680
f 344/344 229/229 267/267
f 1786/1786 1824/1824 1784/1784
f 229/229 193/193 192/192
f 192/192 193/193 194/194
f 3291/3291 3281/3281 3282/3282
f 3282/3282 3281/3281 3214/3214
f 1682/1682 1680/1680 1681/1681
f 1681/1681 1680/1680 1679/1679
f 1681/1681 1679/1679 1851/1851
f 1873/1873 1751/1751 1682/1682
f 1877/1877 1878/1878 1824/1824
f 1784/1784 1782/1782 1785/1785
f 1785/1785 1782/1782 1787/1787
f 1785/1785 1787/1787 1788/1788
f 1788/1788 1787/1787 1858/1858
f 228/228 229/229 192/192
f 192/192 194/194 190/190
f 129/129 130/130 131/131
f 261/261 131/131 154/154
f 3378/3378 3485/3485 3379/3379
f 3379/3379 3485/3485 3380/3380
f 1873/1873 1682/1682 1829/1829
f 3197/3197 3200/3200 3201/3201
f 267/267 229/229 228/228
f 3381/3381 3353/3353 3354/3354
f 3354/3354 3353/3353 3350/3350
f 1829/1829 1682/1682 1681/1681
f 1217/1217 1216/1216 1329/1329
f 156/156 157/157 161/161
f 3375/3375 3377/3377 3378/3378
f 3356/3356 3380/3380 3381/3381
f 3356/3356 3381/3381 3354/3354
f 1877/1877 1824/1824 1786/1786
f 244/244 130/130 245/245
f 129/129 131/131 261/261
f 3593/3593 3591/3591 3589/3589
f 3589/3589 3591/3591 3590/3590
f 1641/1641 1625/1625 1652/1652
f 4080/4080 4082/4082 4077/4077
f 3379/3379 3380/3380 3356/3356
f 3282/3282 3214/3214 3213/3213
f 3213/3213 3214/3214 3198/3198
f 3213/3213 3198/3198 3196/3196
f 1840/1840 1873/1873 1829/1829
f 1840/1840 1829/1829 1831/1831
f 1786/1786 1784/1784 1785/1785
f 1641/1641 1652/1652 1651/1651
f 4079/4079 4080/4080 4077/4077
f 3376/3376 3377/3377 3375/3375
f 3354/3354 3350/3350 3355/3355
f 3350/3350 3291/3291 3351/3351
f 1831/1831 1829/1829 1830/1830
f 1830/1830 1829/1829 1681/1681
f 1845/1845 1681/1681 1851/1851
f 190/190 244/244 191/191
f 191/191 244/244 245/245
f 155/155 154/154 156/156
f 1287/1287 1336/1336 1147/1147
f 3350/3350 3351/3351 3366/3366
f 4134/4134 4137/4137 4135/4135
f 3294/3294 3291/3291 3282/3282
f 261/261 154/154 155/155
f 160/160 156/156 161/161
f 3355/3355 3350/3350 3366/3366
f 1830/1830 1681/1681 1845/1845
f 3197/3197 3201/3201 3199/3199
f 1879/1879 1877/1877 1786/1786
f 1786/1786 1785/1785 1791/1791
f 1788/1788 1858/1858 1837/1837
f 246/246 191/191 245/245
f 245/245 130/130 129/129
f 129/129 261/261 260/260
f 260/260 261/261 155/155
f 239/239 276/276 240/240
f 3379/3379 3356/3356 3375/3375
f 344/344 267/267 268/268
f 1879/1879 1786/1786 1792/1792
f 245/245 129/129 247/247
f 247/247 129/129 260/260
f 163/163 156/156 160/160
f 160/160 161/161 165/165
f 165/165 161/161 239/239
f 1476/1476 1589/1589 1590/1590
f 1590/1590 1589/1589 1641/1641
f 1837/1837 1840/1840 1831/1831
f 1792/1792 1786/1786 1791/1791
f 192/192 190/190 189/189
f 3588/3588 3589/3589 3590/3590
f 3282/3282 3213/3213 3215/3215
f 3215/3215 3213/3213 3196/3196
f 1845/1845 1851/1851 1850/1850
f 1850/1850 1851/1851 1887/1887
f 1785/1785 1788/1788 1810/1810
f 1810/1810 1788/1788 1837/1837
f 268/268 267/267 228/228
f 189/189 190/190 191/191
f 240/240 276/276 282/282
f 3378/3378 3379/3379 3375/3375
f 1837/1837 1831/1831 1832/1832
f 1832/1832 1831/1831 1830/1830
f 3195/3195 3197/3197 3199/3199
f 767/767 1217/1217 1235/1235
f 155/155 156/156 163/163
f 1640/1640 1641/1641 1651/1651
f 3356/3356 3354/3354 3355/3355
f 1590/1590 1641/1641 1640/1640
f 3215/3215 3196/3196 3194/3194
f 1791/1791 1785/1785 1797/1797
f 1797/1797 1785/1785 1810/1810
f 189/189 191/191 253/253
f 253/253 191/191 246/246
f 3357/3357 3356/3356 3355/3355
f 3294/3294 3282/3282 3286/3286
f 3286/3286 3282/3282 3215/3215
f 4079/4079 4077/4077 4075/4075
f 4134/4134 4135/4135 4136/4136
f 3320/3320 3294/3294 3286/3286
f 1830/1830 1845/1845 1846/1846
f 1846/1846 1845/1845 1850/1850
f 1850/1850 1887/1887 1865/1865
f 355/355 344/344 268/268
f 230/230 268/268 228/228
f 3586/3586 3589/3589 3588/3588
f 3373/3373 3375/3375 3356/3356
f 3355/3355 3366/3366 3358/3358
f 2158/2158 2031/2031 2097/2097
f 3650/3650 3668/3668 3682/3682
f 3372/3372 3356/3356 3357/3357
f 1833/1833 1832/1832 1830/1830
f 1793/1793 1792/1792 1791/1791
f 1793/1793 1791/1791 1797/1797
f 1797/1797 1810/1810 1822/1822
f 1822/1822 1810/1810 1837/1837
f 744/744 767/767 1235/1235
f 253/253 246/246 252/252
f 247/247 260/260 258/258
f 258/258 260/260 155/155
f 3358/3358 3366/3366 3351/3351
f 1391/1391 1440/1440 1439/1439
f 1822/1822 1837/1837 1838/1838
f 245/245 247/247 246/246
f 247/247 258/258 248/248
f 258/258 155/155 257/257
f 3357/3357 3355/3355 3358/3358
f 3195/3195 3199/3199 3202/3202
f 1908/1908 1879/1879 1792/1792
f 3586/3586 3588/3588 3587/3587
f 1475/1475 1476/1476 1590/1590
f 3358/3358 3351/3351 3320/3320
f 3193/3193 3195/3195 3202/3202
f 246/246 247/247 248/248
f 1286/1286 954/954 1168/1168
f 3650/3650 3682/3682 3674/3674
f 4075/4075 4077/4077 4076/4076
f 1833/1833 1830/1830 1846/1846
f 1908/1908 1792/1792 1794/1794
f 1794/1794 1792/1792 1793/1793
f 230/230 228/228 189/189
f 257/257 155/155 163/163
f 1285/1285 1286/1286 1168/1168
f 165/165 239/239 240/240
f 252/252 246/246 249/249
f 249/249 246/246 248/248
f 166/166 165/165 240/240
f 1650/1650 1640/1640 1651/1651
f 4078/4078 4079/4079 4075/4075
f 3374/3374 3376/3376 3375/3375
f 3359/3359 3357/3357 3358/3358
f 1131/1131 1264/1264 1129/1129
f 182/182 253/253 252/252
f 3586/3586 3587/3587 3584/3584
f 3584/3584 3587/3587 3585/3585
f 3649/3649 3650/3650 3674/3674
f 3365/3365 3358/3358 3320/3320
f 1475/1475 1590/1590 1583/1583
f 1583/1583 1590/1590 1640/1640
f 3321/3321 3320/3320 3286/3286
f 3215/3215 3194/3194 3192/3192
f 1834/1834 1832/1832 1833/1833
f 1793/1793 1797/1797 1798/1798
f 1798/1798 1797/1797 1822/1822
f 248/248 258/258 259/259
f 3375/3375 3373/3373 3374/3374
f 355/355 268/268 269/269
f 3193/3193 3202/3202 3203/3203
f 1926/1926 1908/1908 1794/1794
f 1838/1838 1832/1832 1834/1834
f 185/185 189/189 186/186
f 1285/1285 1168/1168 1086/1086
f 3592/3592 3586/3586 3584/3584
f 3372/3372 3357/3357 3359/3359
f 3286/3286 3215/3215 3216/3216
f 3216/3216 3215/3215 3192/3192
f 269/269 268/268 230/230
f 713/713 744/744 787/787
f 259/259 258/258 257/257
f 257/257 163/163 162/162
f 162/162 163/163 160/160
f 3373/3373 3356/3356 3362/3362
f 3356/3356 3372/3372 3362/3362
f 3361/3361 3372/3372 3359/3359
f 1794/1794 1793/1793 1795/1795
f 1795/1795 1793/1793 1798/1798
f 186/186 189/189 253/253
f 164/164 160/160 165/165
f 166/166 240/240 282/282
f 3367/3367 3374/3374 3373/3373
f 3359/3359 3358/3358 3360/3360
f 3365/3365 3320/3320 3321/3321
f 3321/3321 3286/3286 3287/3287
f 3287/3287 3286/3286 3216/3216
f 1835/1835 1833/1833 1846/1846
f 1926/1926 1794/1794 1796/1796
f 1796/1796 1794/1794 1795/1795
f 188/188 230/230 185/185
f 251/251 252/252 249/249
f 1285/1285 1086/1086 1181/1181
f 164/164 165/165 166/166
f 3649/3649 3674/3674 3664/3664
f 3362/3362 3372/3372 3361/3361
f 3358/3358 3365/3365 3360/3360
f 1846/1846 1850/1850 1847/1847
f 1847/1847 1850/1850 1865/1865
f 1838/1838 1834/1834 1836/1836
f 1836/1836 1834/1834 1835/1835
f 186/186 253/253 182/182
f 1284/1284 1285/1285 1181/1181
f 162/162 160/160 164/164
f 4073/4073 4078/4078 4075/4075
f 182/182 252/252 180/180
f 180/180 252/252 251/251
f 3584/3584 3585/3585 3582/3582
f 4075/4075 4076/4076 4074/4074
f 3322/3322 3365/3365 3321/3321
f 3322/3322 3321/3321 3287/3287
f 1847/1847 1865/1865 1864/1864
f 3189/3189 3193/3193 3203/3203
f 1822/1822 1838/1838 1839/1839
f 1839/1839 1838/1838 1836/1836
f 1864/1864 1865/1865 1942/1942
f 3374/3374 3367/3367 3370/3370
f 3361/3361 3359/3359 3360/3360
f 1463/1463 1475/1475 1583/1583
f 1583/1583 1640/1640 1644/1644
f 1835/1835 1846/1846 1847/1847
f 1234/1234 1353/1353 1420/1420
f 1796/1796 1795/1795 1800/1800
f 1795/1795 1798/1798 1799/1799
f 1799/1799 1798/1798 1822/1822
f 1799/1799 1822/1822 1820/1820
f 1820/1820 1822/1822 1839/1839
f 269/269 230/230 188/188
f 254/254 248/248 259/259
f 3592/3592 3584/3584 3583/3583
f 3583/3583 3584/3584 3582/3582
f 3645/3645 3649/3649 3664/3664
f 4073/4073 4075/4075 4074/4074
f 256/256 259/259 257/257
f 166/166 282/282 238/238
f 3367/3367 3373/3373 3362/3362
f 3189/3189 3203/3203 3204/3204
f 3204/3204 3203/3203 3268/3268
f 3204/3204 3268/3268 3267/3267
f 1801/1801 1796/1796 1800/1800
f 682/682 680/680 689/689
f 249/249 248/248 250/250
f 250/250 248/248 254/254
f 3362/3362 3361/3361 3360/3360
f 3360/3360 3365/3365 3322/3322
f 1800/1800 1795/1795 1799/1799
f 3322/3322 3287/3287 3218/3218
f 3218/3218 3287/3287 3216/3216
f 3218/3218 3216/3216 3210/3210
f 3216/3216 3192/3192 3191/3191
f 3210/3210 3216/3216 3191/3191
f 1836/1836 1835/1835 1843/1843
f 183/183 188/188 185/185
f 186/186 182/182 181/181
f 181/181 182/182 179/179
f 251/251 249/249 250/250
f 259/259 256/256 255/255
f 256/256 257/257 162/162
f 3369/3369 3370/3370 3367/3367
f 1843/1843 1835/1835 1847/1847
f 254/254 259/259 255/255
f 3369/3369 3367/3367 3368/3368
f 3367/3367 3362/3362 3363/3363
f 3368/3368 3367/3367 3363/3363
f 3363/3363 3362/3362 3360/3360
f 1848/1848 1847/1847 1864/1864
f 1848/1848 1864/1864 1942/1942
f 179/179 182/182 180/180
f 164/164 166/166 168/168
f 4073/4073 4074/4074 4050/4050
f 3371/3371 3370/3370 3369/3369
f 1463/1463 1583/1583 1582/1582
f 1582/1582 1583/1583 1644/1644
f 3360/3360 3322/3322 3323/3323
f 3323/3323 3322/3322 3218/3218
f 3190/3190 3189/3189 3204/3204
f 1801/1801 1800/1800 1806/1806
f 1800/1800 1799/1799 1806/1806
f 1848/1848 1942/1942 1930/1930
f 187/187 269/269 188/188
f 180/180 251/251 178/178
f 251/251 250/250 178/178
f 3592/3592 3583/3583 3580/3580
f 3580/3580 3583/3583 3582/3582
f 3645/3645 3664/3664 3644/3644
f 3363/3363 3360/3360 3364/3364
f 3364/3364 3360/3360 3323/3323
f 1582/1582 1644/1644 1617/1617
f 4072/4072 4073/4073 4050/4050
f 3204/3204 3267/3267 3266/3266
f 1801/1801 1806/1806 1814/1814
f 1843/1843 1847/1847 1848/1848
f 1806/1806 1799/1799 1811/1811
f 1811/1811 1799/1799 1820/1820
f 1811/1811 1820/1820 1821/1821
f 179/179 180/180 178/178
f 168/168 166/166 237/237
f 237/237 166/166 238/238
f 3600/3600 3592/3592 3580/3580
f 3580/3580 3582/3582 3581/3581
f 4056/4056 4059/4059 4057/4057
f 1481/1481 1463/1463 1582/1582
f 3190/3190 3204/3204 3205/3205
f 3204/3204 3266/3266 3209/3209
f 3205/3205 3204/3204 3209/3209
f 1821/1821 1820/1820 1839/1839
f 187/187 188/188 183/183
f 181/181 185/185 186/186
f 162/162 164/164 168/168
f 3581/3581 3645/3645 3644/3644
f 1481/1481 1582/1582 1617/1617
f 1821/1821 1839/1839 1841/1841
f 1841/1841 1839/1839 1836/1836
f 1843/1843 1848/1848 1849/1849
f 174/174 178/178 250/250
f 250/250 254/254 172/172
f 172/172 254/254 255/255
f 3579/3579 3581/3581 3598/3598
f 3598/3598 3581/3581 3644/3644
f 4072/4072 4050/4050 4052/4052
f 4051/4051 4054/4054 4053/4053
f 4058/4058 4057/4057 4059/4059
f 4059/4059 4060/4060 4058/4058
f 4058/4058 4060/4060 4061/4061
f 1841/1841 1836/1836 1842/1842
f 1842/1842 1836/1836 1843/1843
f 1842/1842 1843/1843 1844/1844
f 1844/1844 1843/1843 1849/1849
f 1849/1849 1848/1848 1876/1876
f 1876/1876 1848/1848 1930/1930
f 3205/3205 3209/3209 3207/3207
f 1828/1828 1814/1814 1815/1815
f 1814/1814 1806/1806 1812/1812
f 1815/1815 1814/1814 1812/1812
f 1812/1812 1806/1806 1811/1811
f 1811/1811 1821/1821 1813/1813
f 183/183 185/185 181/181
f 174/174 250/250 172/172
f 255/255 256/256 170/170
f 256/256 162/162 170/170
f 3600/3600 3580/3580 3578/3578
f 4050/4050 4051/4051 4052/4052
f 4052/4052 4051/4051 4053/4053
f 4053/4053 4054/4054 4055/4055
f 4055/4055 4054/4054 4056/4056
f 4055/4055 4056/4056 4057/4057
f 4055/4055 4057/4057 4058/4058
f 3325/3325 3323/3323 3218/3218
f 3325/3325 3218/3218 3217/3217
f 3190/3190 3218/3218 3210/3210
f 3217/3217 3218/3218 3190/3190
f 3190/3190 3205/3205 3206/3206
f 3206/3206 3205/3205 3207/3207
f 1812/1812 1811/1811 1813/1813
f 176/176 181/181 179/179
f 174/174 172/172 171/171
f 170/170 162/162 167/167
f 3626/3626 3600/3600 3578/3578
f 1573/1573 1481/1481 1617/1617
f 1573/1573 1617/1617 1653/1653
f 4052/4052 4053/4053 4062/4062
f 4062/4062 4053/4053 4063/4063
f 4063/4063 4053/4053 4055/4055
f 4063/4063 4055/4055 4065/4065
f 4065/4065 4055/4055 4058/4058
f 4065/4065 4058/4058 4064/4064
f 4058/4058 4061/4061 4064/4064
f 3217/3217 3190/3190 3208/3208
f 3208/3208 3190/3190 3206/3206
f 345/345 187/187 317/317
f 1904/1904 1815/1815 1816/1816
f 1816/1816 1815/1815 1812/1812
f 1812/1812 1813/1813 1827/1827
f 1816/1816 1812/1812 1827/1827
f 184/184 187/187 183/183
f 176/176 183/183 181/181
f 172/172 255/255 169/169
f 167/167 162/162 168/168
f 4071/4071 4052/4052 4066/4066
f 4066/4066 4052/4052 4062/4062
f 4066/4066 4062/4062 4070/4070
f 4062/4062 4063/4063 4069/4069
f 4069/4069 4063/4063 4068/4068
f 4068/4068 4063/4063 4067/4067
f 4063/4063 4065/4065 4067/4067
f 4065/4065 4064/4064 4067/4067
f 2472/2472 2484/2484 2471/2471
f 4152/4152 4153/4153 4154/4154
f 3223/3223 3217/3217 3208/3208
f 1841/1841 1842/1842 1855/1855
f 1855/1855 1842/1842 1844/1844
f 1827/1827 1813/1813 1855/1855
f 317/317 187/187 184/184
f 176/176 179/179 178/178
f 279/279 237/237 238/238
f 3626/3626 3578/3578 3575/3575
f 3579/3579 3598/3598 3599/3599
f 3574/3574 3579/3579 3599/3599
f 4070/4070 4062/4062 4069/4069
f 3208/3208 3206/3206 3211/3211
f 3223/3223 3208/3208 3211/3211
f 1855/1855 1844/1844 1861/1861
f 1861/1861 1844/1844 1849/1849
f 1861/1861 1849/1849 1885/1885
f 1849/1849 1876/1876 1898/1898
f 1885/1885 1849/1849 1898/1898
f 3211/3211 3206/3206 3212/3212
f 1904/1904 1816/1816 1860/1860
f 3212/3212 3206/3206 3273/3273
f 1860/1860 1816/1816 1857/1857
f 1857/1857 1816/1816 1827/1827
f 1857/1857 1827/1827 1863/1863
f 1863/1863 1827/1827 1855/1855
f 184/184 183/183 175/175
f 175/175 183/183 176/176
f 167/167 168/168 237/237
f 2208/2208 2217/2217 2109/2109
f 3631/3631 3626/3626 3575/3575
f 1409/1409 1434/1434 1543/1543
f 3999/3999 4003/4003 3938/3938
f 3938/3938 4003/4003 4009/4009
f 3939/3939 4011/4011 4012/4012
f 3939/3939 4012/4012 4001/4001
f 3683/3683 3599/3599 3598/3598
f 1598/1598 1473/1473 1573/1573
f 2464/2464 2482/2482 2475/2475
f 2464/2464 2475/2475 2465/2465
f 2475/2475 2476/2476 2465/2465
f 2465/2465 2476/2476 2477/2477
f 2465/2465 2477/2477 2467/2467
f 2467/2467 2477/2477 2473/2473
f 2473/2473 2472/2472 2467/2467
f 2467/2467 2472/2472 2468/2468
f 2468/2468 2472/2472 2471/2471
f 2468/2468 2471/2471 2469/2469
f 2468/2468 2469/2469 2460/2460
f 3220/3220 3223/3223 3211/3211
f 1863/1863 1855/1855 1901/1901
f 1901/1901 1855/1855 1861/1861
f 1885/1885 1898/1898 1916/1916
f 317/317 184/184 289/289
f 176/176 178/178 173/173
f 173/173 178/178 174/174
f 173/173 174/174 171/171
f 171/171 172/172 169/169
f 169/169 255/255 170/170
f 169/169 170/170 167/167
f 3643/3643 3631/3631 3575/3575
f 3643/3643 3575/3575 3572/3572
f 2171/2171 2186/2186 2152/2152
f 2225/2225 2159/2159 2186/2186
f 2235/2235 2225/2225 2186/2186
f 3574/3574 3599/3599 3576/3576
f 2465/2465 2467/2467 2462/2462
f 2462/2462 2467/2467 2461/2461
f 2467/2467 2468/2468 2461/2461
f 2461/2461 2468/2468 2456/2456
f 1478/1478 1465/1465 1473/1473
f 3220/3220 3211/3211 3212/3212
f 3220/3220 3212/3212 3221/3221
f 1915/1915 1861/1861 1885/1885
f 1915/1915 1885/1885 1916/1916
f 3280/3280 3212/3212 3273/3273
f 3704/3704 3712/3712 3711/3711
f 1936/1936 1860/1860 1920/1920
f 1860/1860 1857/1857 1920/1920
f 1920/1920 1857/1857 1919/1919
f 1857/1857 1863/1863 1918/1918
f 1919/1919 1857/1857 1918/1918
f 1863/1863 1901/1901 1918/1918
f 1916/1916 1898/1898 1945/1945
f 289/289 184/184 175/175
f 177/177 176/176 173/173
f 167/167 237/237 236/236
f 236/236 237/237 280/280
f 237/237 279/279 280/280
f 3573/3573 3574/3574 3576/3576
f 1579/1579 1478/1478 1598/1598
f 2464/2464 2465/2465 2441/2441
f 2434/2434 2464/2464 2441/2441
f 2465/2465 2462/2462 2441/2441
f 2441/2441 2462/2462 2449/2449
f 2449/2449 2462/2462 2461/2461
f 2449/2449 2461/2461 2451/2451
f 2461/2461 2456/2456 2450/2450
f 2451/2451 2461/2461 2450/2450
f 2468/2468 2460/2460 2456/2456
f 2456/2456 2460/2460 2452/2452
f 3271/3271 3220/3220 3221/3221
f 1918/1918 1901/1901 1921/1921
f 1921/1921 1901/1901 1861/1861
f 1861/1861 1915/1915 1922/1922
f 1921/1921 1861/1861 1922/1922
f 1922/1922 1915/1915 1916/1916
f 1931/1931 1916/1916 1945/1945
f 1938/1938 1936/1936 1920/1920
f 3704/3704 3711/3711 3707/3707
f 1938/1938 1920/1920 1940/1940
f 1940/1940 1920/1920 1939/1939
f 175/175 176/176 177/177
f 173/173 171/171 232/232
f 233/233 171/171 169/169
f 233/233 169/169 234/234
f 169/169 167/167 235/235
f 281/281 236/236 280/280
f 3646/3646 3643/3643 3572/3572
f 342/342 280/280 279/279
f 1424/1424 1503/1503 1540/1540
f 3573/3573 3576/3576 3651/3651
f 2450/2450 2456/2456 2452/2452
f 3271/3271 3221/3221 3274/3274
f 1922/1922 1916/1916 1931/1931
f 1920/1920 1919/1919 1939/1939
f 1941/1941 1918/1918 1921/1921
f 3052/3052 3054/3054 3042/3042
f 3707/3707 3749/3749 3709/3709
f 3061/3061 3055/3055 3053/3053
f 3053/3053 3055/3055 3051/3051
f 1939/1939 1919/1919 1918/1918
f 1939/1939 1918/1918 1941/1941
f 297/297 289/289 175/175
f 177/177 173/173 231/231
f 231/231 173/173 232/232
f 232/232 171/171 233/233
f 234/234 169/169 235/235
f 235/235 167/167 236/236
f 3029/3029 3024/3024 3058/3058
f 3058/3058 3024/3024 3057/3057
f 3057/3057 3024/3024 3022/3022
f 3057/3057 3022/3022 3056/3056
f 3056/3056 3022/3022 3026/3026
f 3066/3066 3029/3029 3062/3062
f 3062/3062 3029/3029 3058/3058
f 3056/3056 3026/3026 3032/3032
f 3056/3056 3032/3032 3065/3065
f 3032/3032 3033/3033 3064/3064
f 3065/3065 3032/3032 3064/3064
f 3570/3570 3646/3646 3572/3572
f 3570/3570 3572/3572 3568/3568
f 3567/3567 3570/3570 3568/3568
f 3568/3568 3572/3572 3573/3573
f 3568/3568 3573/3573 3577/3577
f 3577/3577 3573/3573 3651/3651
f 2434/2434 2441/2441 2430/2430
f 2441/2441 2449/2449 2432/2432
f 2430/2430 2441/2441 2432/2432
f 2432/2432 2449/2449 2433/2433
f 2449/2449 2451/2451 2433/2433
f 2451/2451 2450/2450 2433/2433
f 2433/2433 2450/2450 2431/2431
f 2450/2450 2452/2452 2431/2431
f 2431/2431 2452/2452 2438/2438
f 1427/1427 1478/1478 1552/1552
f 3704/3704 3707/3707 3703/3703
f 3701/3701 3704/3704 3703/3703
f 3042/3042 3054/3054 3031/3031
f 3054/3054 3060/3060 3031/3031
f 3031/3031 3060/3060 3041/3041
f 3041/3041 3060/3060 3063/3063
f 3703/3703 3707/3707 3709/3709
f 3041/3041 3063/3063 3048/3048
f 297/297 361/361 289/289
f 3061/3061 3053/3053 3023/3023
f 3703/3703 3709/3709 3708/3708
f 3044/3044 3061/3061 3023/3023
f 3053/3053 3051/3051 3021/3021
f 3023/3023 3053/3053 3021/3021
f 3021/3021 3051/3051 3008/3008
f 3051/3051 3052/3052 3008/3008
f 3052/3052 3042/3042 3010/3010
f 3008/3008 3052/3052 3010/3010
f 297/297 175/175 278/278
f 329/329 297/297 278/278
f 175/175 177/177 278/278
f 801/801 820/820 1221/1221
f 838/838 801/801 1221/1221
f 797/797 838/838 1273/1273
f 798/798 797/797 1273/1273
f 1204/1204 798/798 1331/1331
f 303/303 235/235 236/236
f 236/236 281/281 303/303
f 3012/3012 3013/3013 3022/3022
f 3022/3022 3013/3013 3015/3015
f 3059/3059 3014/3014 3029/3029
f 3569/3569 3571/3571 3567/3567
f 3029/3029 3014/3014 3024/3024
f 3014/3014 3012/3012 3024/3024
f 3024/3024 3012/3012 3022/3022
f 3026/3026 3022/3022 3015/3015
f 3026/3026 3015/3015 3019/3019
f 3019/3019 3018/3018 3033/3033
f 3570/3570 3571/3571 3647/3647
f 3571/3571 3570/3570 3567/3567
f 3032/3032 3026/3026 3019/3019
f 3032/3032 3019/3019 3033/3033
f 1397/1397 1414/1414 1517/1517
f 2442/2442 2427/2427 2453/2453
f 2453/2453 2427/2427 2447/2447
f 2444/2444 2424/2424 2445/2445
f 2424/2424 2437/2437 2445/2445
f 2440/2440 2434/2434 2404/2404
f 2434/2434 2430/2430 2397/2397
f 2404/2404 2434/2434 2397/2397
f 2397/2397 2430/2430 2398/2398
f 2430/2430 2432/2432 2398/2398
f 2398/2398 2432/2432 2433/2433
f 2398/2398 2433/2433 2401/2401
f 2433/2433 2431/2431 2401/2401
f 2401/2401 2431/2431 2400/2400
f 2400/2400 2431/2431 2416/2416
f 2431/2431 2438/2438 2416/2416
f 2439/2439 2440/2440 2423/2423
f 2423/2423 2440/2440 2404/2404
f 3701/3701 3703/3703 3702/3702
f 3700/3700 3701/3701 3702/3702
f 3703/3703 3708/3708 3706/3706
f 3004/3004 3042/3042 3031/3031
f 3004/3004 3031/3031 3016/3016
f 3031/3031 3041/3041 3016/3016
f 3016/3016 3041/3041 3048/3048
f 3016/3016 3048/3048 3025/3025
f 3044/3044 3023/3023 3007/3007
f 3007/3007 3023/3023 3021/3021
f 3007/3007 3021/3021 3009/3009
f 3009/3009 3021/3021 3008/3008
f 3010/3010 3042/3042 3004/3004
f 3043/3043 3044/3044 3007/3007
f 3043/3043 3007/3007 2991/2991
f 3706/3706 3708/3708 3710/3710
f 2991/2991 3007/3007 2986/2986
f 2986/2986 3007/3007 3009/3009
f 2986/2986 3009/3009 3008/3008
f 3008/3008 3010/3010 2998/2998
f 2986/2986 3008/3008 2998/2998
f 3043/3043 2991/2991 3028/3028
f 3028/3028 2991/2991 2982/2982
f 2982/2982 2991/2991 2986/2986
f 2982/2982 2986/2986 2981/2981
f 2981/2981 2986/2986 2977/2977
f 2977/2977 2986/2986 2998/2998
f 2981/2981 2977/2977 2976/2976
f 2977/2977 2998/2998 2989/2989
f 820/820 1198/1198 1421/1421
f 2976/2976 2977/2977 2975/2975
f 2975/2975 2977/2977 2989/2989
f 278/278 177/177 307/307
f 2972/2972 2976/2976 2975/2975
f 2975/2975 2989/2989 2974/2974
f 2972/2972 2975/2975 2974/2974
f 177/177 231/231 307/307
f 2973/2973 2972/2972 2974/2974
f 231/231 232/232 296/296
f 307/307 231/231 296/296
f 232/232 233/233 296/296
f 296/296 233/233 234/234
f 296/296 234/234 314/314
f 234/234 235/235 314/314
f 2957/2957 2992/2992 2993/2993
f 2964/2964 2959/2959 2957/2957
f 2965/2965 2964/2964 2985/2985
f 2964/2964 2957/2957 2985/2985
f 2985/2985 2957/2957 2993/2993
f 314/314 235/235 303/303
f 2985/2985 2993/2993 2994/2994
f 3017/3017 2995/2995 3000/3000
f 2995/2995 2965/2965 2988/2988
f 3000/3000 2995/2995 2988/2988
f 2988/2988 2965/2965 2985/2985
f 2988/2988 2985/2985 3002/3002
f 3002/3002 2985/2985 2994/2994
f 3738/3738 3744/3744 3736/3736
f 2988/2988 3002/3002 3012/3012
f 3002/3002 2994/2994 3013/3013
f 3013/3013 2994/2994 3006/3006
f 3017/3017 3000/3000 3014/3014
f 3047/3047 3017/3017 3014/3014
f 3736/3736 3744/3744 3743/3743
f 3014/3014 3000/3000 2988/2988
f 3014/3014 2988/2988 3012/3012
f 3013/3013 3006/3006 3015/3015
f 3006/3006 3005/3005 3015/3015
f 3005/3005 3003/3003 3018/3018
f 3003/3003 3034/3034 3018/3018
f 3019/3019 3015/3015 3005/3005
f 3019/3019 3005/3005 3018/3018
f 3569/3569 3567/3567 3566/3566
f 3736/3736 3743/3743 3737/3737
f 1517/1517 1414/1414 1509/1509
f 2443/2443 2413/2413 2412/2412
f 3566/3566 3567/3567 3568/3568
f 3566/3566 3568/3568 3657/3657
f 3657/3657 3568/3568 3577/3577
f 2410/2410 2406/2406 2427/2427
f 2428/2428 2410/2410 2427/2427
f 2406/2406 2425/2425 2427/2427
f 2408/2408 2409/2409 2426/2426
f 2426/2426 2409/2409 2424/2424
f 2424/2424 2409/2409 2417/2417
f 2400/2400 2416/2416 2399/2399
f 2423/2423 2404/2404 2395/2395
f 2404/2404 2397/2397 2387/2387
f 2395/2395 2404/2404 2387/2387
f 2387/2387 2397/2397 2373/2373
f 2373/2373 2397/2397 2398/2398
f 2373/2373 2398/2398 2385/2385
f 2385/2385 2398/2398 2401/2401
f 2385/2385 2401/2401 2384/2384
f 2401/2401 2400/2400 2384/2384
f 2384/2384 2400/2400 2390/2390
f 2400/2400 2399/2399 2390/2390
f 2439/2439 2423/2423 2395/2395
f 2405/2405 2439/2439 2395/2395
f 3703/3703 3706/3706 3705/3705
f 3702/3702 3703/3703 3705/3705
f 3705/3705 3706/3706 3710/3710
f 2945/2945 3004/3004 3016/3016
f 2945/2945 3016/3016 2949/2949
f 2949/2949 3016/3016 3025/3025
f 2949/2949 3025/3025 2954/2954
f 3713/3713 3710/3710 3756/3756
f 3705/3705 3710/3710 3713/3713
f 3705/3705 3713/3713 3714/3714
f 2999/2999 3004/3004 2945/2945
f 343/343 329/329 278/278
f 2999/2999 2945/2945 2936/2936
f 2936/2936 2945/2945 2933/2933
f 2945/2945 2949/2949 2933/2933
f 2933/2933 2949/2949 2939/2939
f 2939/2939 2949/2949 2954/2954
f 2934/2934 2939/2939 2954/2954
f 2934/2934 2954/2954 2951/2951
f 2951/2951 2954/2954 3011/3011
f 3713/3713 3756/3756 3752/3752
f 3027/3027 3028/3028 2982/2982
f 2933/2933 2939/2939 2934/2934
f 3714/3714 3713/3713 3715/3715
f 3027/3027 2982/2982 2979/2979
f 2979/2979 2982/2982 2981/2981
f 2933/2933 2934/2934 2935/2935
f 3717/3717 3713/3713 3752/3752
f 3713/3713 3717/3717 3715/3715
f 2979/2979 2981/2981 2976/2976
f 3001/3001 2999/2999 2936/2936
f 2936/2936 2933/2933 2935/2935
f 3717/3717 3752/3752 3751/3751
f 3030/3030 3027/3027 2979/2979
f 2951/2951 3011/3011 3049/3049
f 3030/3030 2979/2979 2978/2978
f 2978/2978 2979/2979 2976/2976
f 3717/3717 3751/3751 3718/3718
f 2978/2978 2976/2976 2972/2972
f 2936/2936 2935/2935 2932/2932
f 2932/2932 2935/2935 2934/2934
f 2997/2997 3001/3001 2936/2936
f 3040/3040 3030/3030 2978/2978
f 3751/3751 3746/3746 3718/3718
f 2997/2997 2936/2936 2937/2937
f 2937/2937 2936/2936 2932/2932
f 2932/2932 2934/2934 2929/2929
f 2929/2929 2934/2934 2951/2951
f 3040/3040 2978/2978 2980/2980
f 2980/2980 2978/2978 2972/2972
f 2980/2980 2972/2972 2971/2971
f 2971/2971 2972/2972 2973/2973
f 2929/2929 2951/2951 2950/2950
f 2950/2950 2951/2951 3049/3049
f 2970/2970 2974/2974 2997/2997
f 3718/3718 3746/3746 3720/3720
f 2970/2970 2997/2997 2953/2953
f 2953/2953 2997/2997 2937/2937
f 3046/3046 3040/3040 2980/2980
f 3720/3720 3746/3746 3747/3747
f 2953/2953 2937/2937 2930/2930
f 2930/2930 2937/2937 2932/2932
f 2930/2930 2932/2932 2928/2928
f 2928/2928 2932/2932 2929/2929
f 3046/3046 2980/2980 2990/2990
f 2971/2971 2973/2973 2969/2969
f 2969/2969 2973/2973 2970/2970
f 2990/2990 2980/2980 2968/2968
f 2968/2968 2980/2980 2971/2971
f 2968/2968 2971/2971 2969/2969
f 3720/3720 3747/3747 3722/3722
f 2928/2928 2929/2929 2925/2925
f 2990/2990 2968/2968 2984/2984
f 2969/2969 2970/2970 2963/2963
f 2963/2963 2970/2970 2953/2953
f 2925/2925 2929/2929 2926/2926
f 2926/2926 2929/2929 2950/2950
f 2950/2950 3049/3049 3050/3050
f 3045/3045 3046/3046 2990/2990
f 3722/3722 3747/3747 3748/3748
f 2926/2926 2950/2950 2952/2952
f 2952/2952 2950/2950 3050/3050
f 2984/2984 2968/2968 2967/2967
f 2967/2967 2968/2968 2969/2969
f 2930/2930 2928/2928 2925/2925
f 3035/3035 3045/3045 2990/2990
f 3748/3748 3750/3750 3724/3724
f 3722/3722 3748/3748 3724/3724
f 2963/2963 2953/2953 2955/2955
f 2955/2955 2953/2953 2930/2930
f 3035/3035 2990/2990 2996/2996
f 2996/2996 2990/2990 2984/2984
f 2967/2967 2969/2969 2966/2966
f 2966/2966 2969/2969 2963/2963
f 2955/2955 2930/2930 2931/2931
f 2931/2931 2930/2930 2925/2925
f 2931/2931 2925/2925 2924/2924
f 3724/3724 3750/3750 3726/3726
f 2966/2966 2963/2963 2962/2962
f 2962/2962 2963/2963 2955/2955
f 2924/2924 2925/2925 2926/2926
f 2984/2984 2967/2967 2960/2960
f 2960/2960 2967/2967 2966/2966
f 2996/2996 2984/2984 2983/2983
f 2983/2983 2984/2984 2960/2960
f 2952/2952 3050/3050 3020/3020
f 2960/2960 2966/2966 2962/2962
f 2927/2927 2924/2924 2926/2926
f 2927/2927 2926/2926 2952/2952
f 3035/3035 2996/2996 2983/2983
f 3037/3037 3035/3035 2983/2983
f 3726/3726 3750/3750 3742/3742
f 2960/2960 2962/2962 2956/2956
f 2956/2956 2962/2962 2955/2955
f 3726/3726 3742/3742 3728/3728
f 2955/2955 2931/2931 2938/2938
f 2956/2956 2955/2955 2938/2938
f 2931/2931 2924/2924 2938/2938
f 2927/2927 2952/2952 2944/2944
f 2944/2944 2952/2952 3020/3020
f 2938/2938 2924/2924 2927/2927
f 2941/2941 2927/2927 2944/2944
f 2983/2983 2960/2960 2958/2958
f 2958/2958 2960/2960 2956/2956
f 2956/2956 2938/2938 2940/2940
f 2940/2940 2938/2938 2927/2927
f 2940/2940 2927/2927 2941/2941
f 3036/3036 3037/3037 2983/2983
f 3742/3742 3741/3741 3728/3728
f 2961/2961 2983/2983 2958/2958
f 2958/2958 2956/2956 2957/2957
f 3036/3036 2983/2983 2987/2987
f 3728/3728 3741/3741 3730/3730
f 2987/2987 2983/2983 2961/2961
f 2959/2959 2958/2958 2957/2957
f 2957/2957 2956/2956 2940/2940
f 2961/2961 2958/2958 2959/2959
f 2957/2957 2940/2940 2992/2992
f 3038/3038 3036/3036 2987/2987
f 3741/3741 3739/3739 3730/3730
f 2992/2992 2940/2940 2942/2942
f 2942/2942 2940/2940 2941/2941
f 2941/2941 2944/2944 2943/2943
f 2943/2943 2944/2944 3020/3020
f 2987/2987 2961/2961 2965/2965
f 2965/2965 2961/2961 2959/2959
f 2942/2942 2941/2941 2943/2943
f 2965/2965 2959/2959 2964/2964
f 2947/2947 2992/2992 2942/2942
f 3730/3730 3739/3739 3732/3732
f 3038/3038 2987/2987 2995/2995
f 2995/2995 2987/2987 2965/2965
f 2943/2943 3020/3020 3034/3034
f 2947/2947 2942/2942 2946/2946
f 2946/2946 2942/2942 2943/2943
f 2946/2946 2943/2943 3003/3003
f 3003/3003 2943/2943 3034/3034
f 3039/3039 3038/3038 2995/2995
f 3732/3732 3739/3739 3738/3738
f 2948/2948 2947/2947 2946/2946
f 3006/3006 2948/2948 2946/2946
f 3006/3006 2946/2946 3005/3005
f 3005/3005 2946/2946 3003/3003
f 3732/3732 3738/3738 3736/3736
f 3732/3732 3736/3736 3735/3735
f 3735/3735 3736/3736 3737/3737
f 3758/3758 3735/3735 3737/3737
f 3758/3758 3737/3737 3759/3759
f 2413/2413 2411/2411 2376/2376
f 2412/2412 2413/2413 2376/2376
f 2412/2412 2376/2376 2410/2410
f 2376/2376 2375/2375 2406/2406
f 2410/2410 2376/2376 2406/2406
f 2375/2375 2378/2378 2407/2407
f 2406/2406 2375/2375 2407/2407
f 2407/2407 2378/2378 2377/2377
f 2407/2407 2377/2377 2408/2408
f 2408/2408 2377/2377 2389/2389
f 2408/2408 2389/2389 2409/2409
f 2409/2409 2389/2389 2417/2417
f 2389/2389 2418/2418 2417/2417
f 2373/2373 2385/2385 2372/2372
f 2372/2372 2385/2385 2384/2384
f 2372/2372 2384/2384 2362/2362
f 2362/2362 2384/2384 2390/2390
f 2362/2362 2390/2390 2363/2363
f 2363/2363 2390/2390 2399/2399
f 2363/2363 2399/2399 2402/2402
f 2405/2405 2395/2395 2374/2374
f 2395/2395 2387/2387 2343/2343
f 2374/2374 2395/2395 2343/2343
f 2343/2343 2387/2387 2373/2373
f 2343/2343 2373/2373 2364/2364
f 2364/2364 2373/2373 2360/2360
f 2360/2360 2373/2373 2372/2372
f 2360/2360 2372/2372 2361/2361
f 2372/2372 2362/2362 2361/2361
f 2362/2362 2363/2363 2340/2340
f 2363/2363 2402/2402 2340/2340
f 2343/2343 2364/2364 2338/2338
f 2338/2338 2364/2364 2360/2360
f 2338/2338 2360/2360 2342/2342
f 2342/2342 2360/2360 2339/2339
f 2339/2339 2360/2360 2361/2361
f 2361/2361 2362/2362 2339/2339
f 2339/2339 2362/2362 2340/2340
f 3757/3757 3705/3705 3734/3734
f 2341/2341 2342/2342 2339/2339
f 3705/3705 3714/3714 3734/3734
f 2405/2405 2374/2374 2391/2391
f 2422/2422 2405/2405 2391/2391
f 3734/3734 3714/3714 3723/3723
f 2422/2422 2391/2391 2369/2369
f 3714/3714 3715/3715 3723/3723
f 2435/2435 2422/2422 2369/2369
f 3723/3723 3715/3715 3733/3733
f 3716/3716 3715/3715 3717/3717
f 3733/3733 3715/3715 3716/3716
f 2436/2436 2435/2435 2369/2369
f 3716/3716 3717/3717 3718/3718
f 2436/2436 2369/2369 2370/2370
f 3733/3733 3716/3716 3745/3745
f 3719/3719 3716/3716 3718/3718
f 3745/3745 3716/3716 3719/3719
f 1436/1436 1512/1512 1500/1500
f 2421/2421 2370/2370 2371/2371
f 3719/3719 3718/3718 3720/3720
f 1435/1435 1436/1436 1500/1500
f 3745/3745 3719/3719 3754/3754
f 3721/3721 3719/3719 3720/3720
f 3754/3754 3719/3719 3721/3721
f 3721/3721 3720/3720 3722/3722
f 2421/2421 2371/2371 2381/2381
f 2420/2420 2421/2421 2381/2381
f 3721/3721 3722/3722 3724/3724
f 2420/2420 2381/2381 2383/2383
f 2419/2419 2420/2420 2383/2383
f 2383/2383 2381/2381 2382/2382
f 3725/3725 3721/3721 3724/3724
f 3754/3754 3721/3721 3725/3725
f 3754/3754 3725/3725 3755/3755
f 3725/3725 3724/3724 3726/3726
f 2419/2419 2383/2383 2392/2392
f 2392/2392 2382/2382 2393/2393
f 3727/3727 3725/3725 3726/3726
f 3727/3727 3726/3726 3728/3728
f 3755/3755 3725/3725 3727/3727
f 2414/2414 2419/2419 2392/2392
f 2414/2414 2392/2392 2394/2394
f 2394/2394 2392/2392 2393/2393
f 3729/3729 3727/3727 3728/3728
f 3727/3727 3729/3729 3755/3755
f 2414/2414 2394/2394 2396/2396
f 2394/2394 2393/2393 2380/2380
f 2396/2396 2394/2394 2380/2380
f 2415/2415 2414/2414 2396/2396
f 3729/3729 3728/3728 3730/3730
f 3755/3755 3729/3729 3753/3753
f 3731/3731 3729/3729 3730/3730
f 3731/3731 3730/3730 3732/3732
f 3753/3753 3729/3729 3731/3731
f 2403/2403 2415/2415 2396/2396
f 2396/2396 2380/2380 2329/2329
f 2403/2403 2396/2396 2329/2329
f 3753/3753 3731/3731 3740/3740
f 3735/3735 3731/3731 3732/3732
f 3740/3740 3731/3731 3735/3735
f 2335/2335 2344/2344 2336/2336
f 2411/2411 2403/2403 2336/2336
f 2403/2403 2329/2329 2336/2336
f 2335/2335 2337/2337 2344/2344
f 2344/2344 2337/2337 2345/2345
f 2337/2337 2347/2347 2346/2346
f 2345/2345 2337/2337 2346/2346
f 2346/2346 2347/2347 2349/2349
f 2346/2346 2349/2349 2348/2348
f 3740/3740 3735/3735 3758/3758
f 2336/2336 2344/2344 2366/2366
f 2366/2366 2344/2344 2357/2357
f 2344/2344 2345/2345 2357/2357
f 2357/2357 2345/2345 2365/2365
f 2345/2345 2346/2346 2365/2365
f 2365/2365 2346/2346 2367/2367
f 2367/2367 2346/2346 2356/2356
f 2346/2346 2348/2348 2356/2356
f 2411/2411 2336/2336 2376/2376
f 2376/2376 2336/2336 2366/2366
f 2375/2375 2366/2366 2357/2357
f 2375/2375 2357/2357 2365/2365
f 2378/2378 2365/2365 2377/2377
f 2377/2377 2365/2365 2367/2367
f 2379/2379 2367/2367 2356/2356
f 2368/2368 2353/2353 2388/2388
f 2366/2366 2375/2375 2376/2376
f 2375/2375 2365/2365 2378/2378
f 2377/2377 2367/2367 2379/2379
f 2379/2379 2356/2356 2389/2389
f 2389/2389 2356/2356 2368/2368
f 2389/2389 2368/2368 2388/2388
f 2324/2324 2343/2343 2338/2338
f 2339/2339 2340/2340 2331/2331
f 2331/2331 2340/2340 2332/2332
f 2355/2355 2343/2343 2321/2321
f 2321/2321 2343/2343 2324/2324
f 2324/2324 2338/2338 2322/2322
f 2338/2338 2342/2342 2322/2322
f 2322/2322 2342/2342 2341/2341
f 2341/2341 2339/2339 2323/2323
f 2323/2323 2339/2339 2331/2331
f 2322/2322 2341/2341 2323/2323
f 2323/2323 2331/2331 2308/2308
f 2331/2331 2332/2332 2308/2308
f 2273/2273 2322/2322 2323/2323
f 2273/2273 2323/2323 2307/2307
f 2323/2323 2308/2308 2307/2307
f 2321/2321 2324/2324 2280/2280
f 2280/2280 2324/2324 2322/2322
f 2277/2277 2322/2322 2274/2274
f 2274/2274 2322/2322 2273/2273
f 2307/2307 2308/2308 2306/2306
f 2369/2369 2391/2391 2355/2355
f 2369/2369 2355/2355 2354/2354
f 2354/2354 2355/2355 2321/2321
f 2354/2354 2321/2321 2281/2281
f 2281/2281 2321/2321 2280/2280
f 2280/2280 2322/2322 2277/2277
f 2273/2273 2307/2307 2272/2272
f 2272/2272 2307/2307 2306/2306
f 2272/2272 2306/2306 2305/2305
f 2280/2280 2277/2277 2278/2278
f 2274/2274 2273/2273 2271/2271
f 2271/2271 2273/2273 2272/2272
f 2271/2271 2272/2272 2269/2269
f 2354/2354 2281/2281 2320/2320
f 2281/2281 2280/2280 2278/2278
f 2306/2306 2308/2308 2330/2330
f 2369/2369 2354/2354 2358/2358
f 2358/2358 2354/2354 2320/2320
f 2269/2269 2272/2272 2304/2304
f 2304/2304 2272/2272 2305/2305
f 2320/2320 2281/2281 2278/2278
f 2305/2305 2306/2306 2302/2302
f 2302/2302 2306/2306 2330/2330
f 2275/2275 2277/2277 2274/2274
f 2370/2370 2369/2369 2359/2359
f 2359/2359 2369/2369 2358/2358
f 2270/2270 2274/2274 2271/2271
f 2270/2270 2271/2271 2269/2269
f 2275/2275 2274/2274 2270/2270
f 2304/2304 2305/2305 2302/2302
f 2302/2302 2330/2330 2333/2333
f 2359/2359 2358/2358 2320/2320
f 2267/2267 2270/2270 2269/2269
f 2359/2359 2320/2320 2319/2319
f 2319/2319 2320/2320 2278/2278
f 2278/2278 2277/2277 2275/2275
f 2319/2319 2278/2278 2317/2317
f 2268/2268 2304/2304 2302/2302
f 2317/2317 2278/2278 2279/2279
f 2269/2269 2304/2304 2268/2268
f 2279/2279 2278/2278 2275/2275
f 2268/2268 2302/2302 2301/2301
f 2270/2270 2267/2267 2276/2276
f 2268/2268 2267/2267 2269/2269
f 2276/2276 2275/2275 2270/2270
f 2279/2279 2275/2275 2276/2276
f 2276/2276 2267/2267 2265/2265
f 2302/2302 2333/2333 2334/2334
f 2359/2359 2319/2319 2326/2326
f 2326/2326 2319/2319 2317/2317
f 2301/2301 2302/2302 2299/2299
f 2299/2299 2302/2302 2334/2334
f 2381/2381 2359/2359 2382/2382
f 2382/2382 2359/2359 2326/2326
f 2279/2279 2276/2276 2286/2286
f 2317/2317 2279/2279 2318/2318
f 2286/2286 2276/2276 2265/2265
f 2265/2265 2267/2267 2266/2266
f 2318/2318 2279/2279 2282/2282
f 2282/2282 2279/2279 2286/2286
f 2268/2268 2301/2301 2300/2300
f 2300/2300 2301/2301 2299/2299
f 2266/2266 2267/2267 2268/2268
f 2326/2326 2317/2317 2318/2318
f 2382/2382 2326/2326 2327/2327
f 2327/2327 2326/2326 2318/2318
f 2266/2266 2268/2268 2292/2292
f 2292/2292 2268/2268 2300/2300
f 2299/2299 2334/2334 2350/2350
f 2264/2264 2265/2265 2266/2266
f 2386/2386 2382/2382 2327/2327
f 2327/2327 2318/2318 2282/2282
f 2286/2286 2265/2265 2264/2264
f 2291/2291 2266/2266 2292/2292
f 2296/2296 2292/2292 2300/2300
f 2300/2300 2299/2299 2296/2296
f 2283/2283 2282/2282 2286/2286
f 2264/2264 2266/2266 2291/2291
f 2286/2286 2264/2264 2287/2287
f 2298/2298 2296/2296 2299/2299
f 2298/2298 2299/2299 2350/2350
f 2283/2283 2286/2286 2287/2287
f 2303/2303 2292/2292 2296/2296
f 2291/2291 2292/2292 2303/2303
f 2380/2380 2386/2386 2327/2327
f 2327/2327 2282/2282 2311/2311
f 2285/2285 2283/2283 2287/2287
f 2311/2311 2282/2282 2284/2284
f 2282/2282 2283/2283 2284/2284
f 2284/2284 2283/2283 2285/2285
f 2264/2264 2291/2291 2290/2290
f 2290/2290 2291/2291 2303/2303
f 2296/2296 2298/2298 2297/2297
f 2297/2297 2298/2298 2350/2350
f 2264/2264 2290/2290 2289/2289
f 2380/2380 2327/2327 2328/2328
f 2328/2328 2327/2327 2311/2311
f 2287/2287 2264/2264 2289/2289
f 2303/2303 2296/2296 2293/2293
f 2293/2293 2296/2296 2297/2297
f 2285/2285 2287/2287 2309/2309
f 2293/2293 2290/2290 2303/2303
f 2297/2297 2350/2350 2351/2351
f 2309/2309 2287/2287 2289/2289
f 2288/2288 2289/2289 2290/2290
f 2295/2295 2293/2293 2297/2297
f 2288/2288 2290/2290 2293/2293
f 2295/2295 2297/2297 2351/2351
f 2309/2309 2289/2289 2288/2288
f 2294/2294 2293/2293 2295/2295
f 2288/2288 2293/2293 2294/2294
f 2284/2284 2285/2285 2310/2310
f 2311/2311 2284/2284 2310/2310
f 2285/2285 2309/2309 2310/2310
f 2311/2311 2310/2310 2315/2315
f 2310/2310 2309/2309 2313/2313
f 2313/2313 2309/2309 2288/2288
f 2313/2313 2288/2288 2314/2314
f 2288/2288 2294/2294 2312/2312
f 2314/2314 2288/2288 2312/2312
f 2294/2294 2295/2295 2312/2312
f 2380/2380 2328/2328 2329/2329
f 2329/2329 2328/2328 2311/2311
f 2329/2329 2311/2311 2315/2315
f 2312/2312 2295/2295 2325/2325
f 2325/2325 2295/2295 2351/2351
f 2325/2325 2351/2351 2352/2352
f 2315/2315 2310/2310 2313/2313
f 2313/2313 2314/2314 2316/2316
f 2314/2314 2312/2312 2316/2316
f 2329/2329 2315/2315 2335/2335
f 2335/2335 2315/2315 2337/2337
f 2315/2315 2313/2313 2337/2337
f 2329/2329 2335/2335 2336/2336
f 2337/2337 2313/2313 2347/2347
f 2313/2313 2316/2316 2347/2347
f 2347/2347 2316/2316 2349/2349
f 2349/2349 2316/2316 2348/2348
f 2348/2348 2316/2316 2312/2312
f 2348/2348 2312/2312 2325/2325
f 2348/2348 2325/2325 2353/2353
f 2325/2325 2352/2352 2353/2353