# https://github.com/mikedh/trimesh
mtllib material.mtl

o 3DModel.obj
usemtl material_0
v -0.00618400 -0.11645422 -0.03149030
v -0.00618400 -0.11645422 -0.03149030
v -0.00629330 -0.11737922 -0.03319704
v -0.00629330 -0.11737922 -0.03319704
v -0.00629330 -0.11737922 -0.03319704
v -0.00741760 -0.11666022 -0.03347830
v -0.00741760 -0.11666022 -0.03347830
v -0.01820440 -0.12002022 0.00680669
v -0.01820440 -0.12002022 0.00680669
v -0.01630730 -0.12067422 0.00481499
v -0.01630730 -0.12067422 0.00481499
v -0.01733630 -0.12000922 0.00765929
v -0.01733630 -0.12000922 0.00765929
v -0.01733630 -0.12000922 0.00765929
v -0.01927270 -0.12004722 0.00594529
v -0.01927270 -0.12004722 0.00594529
v -0.01927270 -0.12004722 0.00594529
v -0.01861850 -0.12073922 0.00191819
v -0.01861850 -0.12073922 0.00191819
v -0.01861850 -0.12073922 0.00191819
v -0.01861850 -0.12073922 0.00191819
v -0.02140640 -0.11998222 0.00535079
v -0.02140640 -0.11998222 0.00535079
v -0.02140640 -0.11998222 0.00535079
v -0.02196350 -0.11938822 0.00555839
v -0.02194930 -0.11905122 0.00379609
v -0.02194930 -0.11905122 0.00379609
v -0.02194930 -0.11905122 0.00379609
v -0.02222520 -0.11806322 0.00644069
v -0.02222520 -0.11806322 0.00644069
v -0.02176640 -0.11954122 0.00678609
v -0.02176640 -0.11954122 0.00678609
v -0.02176640 -0.11954122 0.00678609
v -0.02040280 -0.12015622 0.00435079
v -0.02074610 -0.12046222 0.00219069
v -0.02074610 -0.12046222 0.00219069
v -0.02120410 -0.11910222 0.00034399
v -0.02120410 -0.11910222 0.00034399
v -0.02120410 -0.11910222 0.00034399
v -0.02080620 -0.11999422 0.00649949
v -0.02080620 -0.11999422 0.00649949
v -0.02196500 -0.11690822 0.00215039
v -0.02196500 -0.11690822 0.00215039
v -0.02196500 -0.11690822 0.00215039
v -0.01851300 -0.12139622 -0.00685261
v -0.01851300 -0.12139622 -0.00685261
v -0.01851300 -0.12139622 -0.00685261
v -0.01902820 -0.12006722 -0.00517571
v -0.01902820 -0.12006722 -0.00517571
v -0.01908540 -0.12081622 -0.00791071
v -0.02006760 -0.11954722 -0.01093901
v -0.02006760 -0.11954722 -0.01093901
v -0.02022470 -0.11820022 -0.00916791
v -0.02022470 -0.11820022 -0.00916791
v -0.02025580 -0.11805822 -0.01193931
v -0.02025580 -0.11805822 -0.01193931
v -0.02025580 -0.11805822 -0.01193931
v -0.01944000 -0.12101922 -0.01054631
v -0.01944000 -0.12101922 -0.01054631
v -0.01856030 -0.12209122 -0.00914161
v -0.01856030 -0.12209122 -0.00914161
v -0.01981350 -0.11933322 -0.00763671
v -0.02029400 -0.11829022 -0.00345881
v -0.02029400 -0.11829022 -0.00345881
v -0.02029400 -0.11829022 -0.00345881
v -0.02040480 -0.11746922 -0.00652931
v -0.02040480 -0.11746922 -0.00652931
v -0.01832050 -0.12345122 -0.02299281
v -0.01832050 -0.12345122 -0.02299281
v -0.01684800 -0.12401222 -0.02243271
v -0.01684800 -0.12401222 -0.02243271
v -0.01785500 -0.12332622 -0.02107871
v -0.01806090 -0.12335322 -0.01648021
v -0.01806090 -0.12335322 -0.01648021
v -0.01806090 -0.12335322 -0.01648021
v -0.01799700 -0.12324622 -0.01942721
v -0.01670950 -0.12377222 -0.01958301
v -0.01670950 -0.12377222 -0.01958301
v -0.01692910 -0.12410522 -0.02472431
v -0.01692910 -0.12410522 -0.02472431
v -0.01903030 -0.12272122 -0.02021071
v -0.01973000 -0.12220322 -0.02324491
v -0.01973000 -0.12220322 -0.02324491
v -0.01614050 -0.12474022 -0.02686811
v -0.01614050 -0.12474022 -0.02686811
v -0.01614050 -0.12474022 -0.02686811
v -0.01546320 -0.12466722 -0.02455171
v -0.01546320 -0.12466722 -0.02455171
v -0.01975300 -0.12076222 -0.02002171
v -0.01975300 -0.12076222 -0.02002171
v -0.01975300 -0.12076222 -0.02002171
v -0.01984690 -0.11961322 -0.02248881
v -0.01984690 -0.11961322 -0.02248881
v -0.01984690 -0.11961322 -0.02248881
v -0.01967060 -0.12188922 -0.01771471
v -0.01967060 -0.12188922 -0.01771471
v -0.01516080 -0.12449222 -0.02179001
v -0.01516080 -0.12449222 -0.02179001
v -0.01516080 -0.12449222 -0.02179001
v -0.01995190 -0.11892622 -0.01922511
v -0.01995190 -0.11892622 -0.01922511
v -0.01989240 -0.11694922 -0.01987771
v -0.01945020 -0.11618422 -0.02541341
v -0.01945020 -0.11618422 -0.02541341
v -0.01945020 -0.11618422 -0.02541341
v -0.01994490 -0.11825522 -0.02520201
v -0.01994490 -0.11825522 -0.02520201
v -0.01954280 -0.11599722 -0.02264731
v -0.01974090 -0.11785722 -0.02248571
v -0.01947000 -0.11415622 -0.01955871
v -0.01858790 -0.11344922 -0.02169661
v -0.01858790 -0.11344922 -0.02169661
v -0.01999130 -0.11498422 -0.01702491
v -0.01999130 -0.11498422 -0.01702491
v -0.01721690 -0.11162022 -0.01853321
v -0.01721690 -0.11162022 -0.01853321
v -0.01919560 -0.11265822 -0.01688601
v -0.01919560 -0.11265822 -0.01688601
v -0.01887760 -0.11431322 -0.02449101
v -0.01887760 -0.11431322 -0.02449101
v -0.02033980 -0.11738022 -0.01586261
v -0.02033980 -0.11738022 -0.01586261
v -0.02033980 -0.11738022 -0.01586261
v -0.01774490 -0.11116422 -0.01563541
v -0.01774490 -0.11116422 -0.01563541
v -0.01774490 -0.11116422 -0.01563541
v -0.01826450 -0.11944522 0.00990509
v -0.01899220 -0.11913922 0.01051979
v -0.01940150 -0.11970322 0.00914389
v -0.02157760 -0.11944422 0.00865799
v -0.02157760 -0.11944422 0.00865799
v -0.02030630 -0.11981522 0.00762769
v -0.01777270 -0.11975122 0.00898719
v -0.01777270 -0.11975122 0.00898719
v -0.01708170 -0.11982122 0.00959079
v -0.01708170 -0.11982122 0.00959079
v -0.01709740 -0.11932622 0.01034079
v -0.01709740 -0.11932622 0.01034079
v -0.01827560 -0.11924922 0.01095589
v -0.01923210 -0.11903022 0.01230829
v -0.01923210 -0.11903022 0.01230829
v -0.02119750 -0.11900422 0.01129769
v -0.02119750 -0.11900422 0.01129769
v -0.01708510 -0.11918722 0.01171719
v -0.01708510 -0.11918722 0.01171719
v -0.01708510 -0.11918722 0.01171719
v -0.00398950 -0.00082415 -0.00785491
v -0.00716100 0.00093071 -0.00572731
v -0.00513460 0.00584400 -0.00751691
v -0.00513460 0.00584400 -0.00751691
v -0.00861330 0.00090836 -0.00350131
v -0.00815700 -0.00176295 -0.00372831
v -0.00932320 -0.00188233 -0.00159421
v -0.00886420 -0.00488032 -0.00259651
v -0.00886420 -0.00488032 -0.00259651
v -0.01032120 -0.00559486 0.00025969
v -0.01032120 -0.00559486 0.00025969
v -0.00681880 -0.00354390 -0.00523091
v -0.00807860 0.00438399 -0.00483521
v -0.00807860 0.00438399 -0.00483521
v 0.00008700 0.00282101 -0.00926501
v 0.00008700 0.00282101 -0.00926501
v 0.00008700 0.00282101 -0.00926501
v 0.00017440 -0.00261699 -0.00864331
v 0.00017440 -0.00261699 -0.00864331
v -0.00326290 -0.00844372 -0.00654851
v -0.00326290 -0.00844372 -0.00654851
v 0.00263200 -0.00510051 -0.00824041
v 0.00263200 -0.00510051 -0.00824041
v 0.00263200 -0.00510051 -0.00824041
v -0.00760770 -0.00725687 -0.00407271
v -0.00760770 -0.00725687 -0.00407271
v -0.00760770 -0.00725687 -0.00407271
v -0.01034600 -0.00122985 0.00119729
v -0.01034600 -0.00122985 0.00119729
v -0.01034600 -0.00122985 0.00119729
v -0.00943400 0.00134486 -0.00167581
v -0.00943400 0.00134486 -0.00167581
v -0.00895230 0.00285831 -0.00322201
v -0.00895230 0.00285831 -0.00322201
v -0.02009410 -0.12058222 0.00054299
v -0.01900810 -0.12088822 -0.00122311
v -0.01972340 -0.11996222 -0.00253941
v -0.02023950 -0.12006822 -0.00091501
v -0.01881060 -0.12076122 -0.00346141
v -0.01780570 -0.12133222 -0.00304221
v -0.02051220 -0.11937122 -0.00151511
v -0.01710860 -0.12136322 -0.00114461
v -0.01710860 -0.12136322 -0.00114461
v -0.01796730 -0.12130422 -0.00491531
v -0.01591810 -0.12182322 -0.00414621
v -0.01591810 -0.12182322 -0.00414621
v -0.01715890 -0.12218822 -0.00707091
v -0.01715890 -0.12218822 -0.00707091
v -0.01715890 -0.12218822 -0.00707091
v -0.00529720 -0.12083522 -0.02742951
v -0.00582270 -0.12124922 -0.02506001
v -0.00582270 -0.12124922 -0.02506001
v -0.00579750 -0.12224222 -0.02830170
v -0.00579750 -0.12224222 -0.02830170
v -0.00506910 -0.11953022 -0.02496651
v -0.00506910 -0.11953022 -0.02496651
v -0.00514220 -0.11993222 -0.02152031
v -0.00514220 -0.11993222 -0.02152031
v -0.00574650 -0.12284622 -0.03037101
v -0.00621490 -0.12374222 -0.03183708
v -0.00621490 -0.12374222 -0.03183708
v -0.00568680 -0.12225122 -0.03175934
v -0.00621190 -0.11999222 -0.03380578
v -0.00621190 -0.11999222 -0.03380578
v -0.00557810 -0.11921122 -0.03263722
v -0.00557810 -0.11921122 -0.03263722
v -0.00557810 -0.11921122 -0.03263722
v -0.00552260 -0.12069522 -0.03227209
v -0.00517490 -0.11930522 -0.03093058
v -0.00517490 -0.11930522 -0.03093058
v -0.00530540 -0.12111322 -0.03003818
v -0.00497500 -0.11945222 -0.02833379
v -0.00497500 -0.11945222 -0.02833379
v -0.00485260 -0.11867822 -0.02193111
v -0.00485260 -0.11867822 -0.02193111
v -0.00433460 -0.11819922 -0.01812341
v -0.00433460 -0.11819922 -0.01812341
v -0.00433460 -0.11819922 -0.01812341
v -0.00654230 -0.12409322 -0.02940286
v -0.00654230 -0.12409322 -0.02940286
v -0.00737280 -0.12461122 -0.03390701
v -0.00737280 -0.12461122 -0.03390701
v -0.01000790 -0.12424622 -0.03585210
v -0.01000790 -0.12424622 -0.03585210
v -0.00779580 -0.12319722 -0.03485761
v -0.00644630 -0.12228522 -0.03356774
v -0.00808310 -0.12109922 -0.03553371
v -0.00808310 -0.12109922 -0.03553371
v -0.00808310 -0.12109922 -0.03553371
v -0.01994540 -0.11991922 -0.01730371
v -0.01739450 -0.12318422 -0.01243121
v -0.01739450 -0.12318422 -0.01243121
v -0.01863670 -0.12282722 -0.01335791
v -0.01733480 -0.12286822 -0.00979501
v -0.01733480 -0.12286822 -0.00979501
v -0.01820030 -0.12275322 -0.01116781
v -0.01990590 -0.12111622 -0.01537581
v -0.02006130 -0.12064322 -0.01299461
v -0.01948380 -0.12186622 -0.01334491
v -0.01923340 -0.12236022 -0.01529291
v -0.02023030 -0.11946522 -0.01457551
v -0.02017630 -0.11958722 -0.01277001
v -0.01882020 -0.12220422 -0.01142611
v -0.01731400 -0.12200122 -0.03435479
v -0.01830900 -0.12056722 -0.03291384
v -0.01830900 -0.12056722 -0.03291384
v -0.01557960 -0.11950222 -0.03549298
v -0.01557960 -0.11950222 -0.03549298
v -0.01591300 -0.12324222 -0.03546024
v -0.01591300 -0.12324222 -0.03546024
v -0.01591300 -0.12324222 -0.03546024
v -0.01823500 -0.12309922 -0.03140587
v -0.01733120 -0.12367922 -0.03367718
v -0.01691810 -0.12475522 -0.03242575
v -0.01691810 -0.12475522 -0.03242575
v -0.01956720 -0.12133122 -0.02651451
v -0.01877270 -0.12307222 -0.02885737
v -0.01827640 -0.12366022 -0.02643191
v -0.01898030 -0.12201422 -0.02948570
v -0.01789150 -0.12245722 -0.03327637
v -0.01581940 -0.12513622 -0.03401512
v -0.01581940 -0.12513622 -0.03401512
v -0.01923590 -0.11955222 -0.03023600
v -0.01923590 -0.11955222 -0.03023600
v -0.01891730 -0.12139622 -0.03080754
v -0.01925970 -0.12089622 -0.02921305
v -0.01803370 -0.12400222 -0.02927936
v -0.01729940 -0.12455522 -0.03083858
v -0.01603310 -0.12543622 -0.03125115
v -0.01603310 -0.12543622 -0.03125115
v -0.01680820 -0.12487022 -0.02911885
v -0.01680820 -0.12487022 -0.02911885
v -0.01938690 -0.11736922 -0.02810544
v -0.01938690 -0.11736922 -0.02810544
v -0.01959620 -0.11961522 -0.02791072
v -0.02067040 -0.11526222 -0.00445131
v -0.02067630 -0.11192822 -0.00373611
v -0.02067630 -0.11192822 -0.00373611
v -0.02019320 -0.11281222 -0.00821151
v -0.02048760 -0.11623722 -0.00865631
v -0.01954990 -0.11311222 -0.01257231
v -0.02005850 -0.11549622 -0.01193321
v -0.01902790 -0.11087522 -0.01054531
v -0.02144680 -0.11631822 -0.00061831
v -0.02209510 -0.11426522 0.00175039
v -0.02209510 -0.11426522 0.00175039
v -0.01903090 -0.11200122 -0.01462761
v -0.01836130 -0.11102922 -0.01288781
v -0.01812500 -0.11103422 -0.01429941
v -0.01686460 -0.11031722 -0.01361661
v -0.01686460 -0.11031722 -0.01361661
v -0.01975100 -0.11356322 -0.01517261
v -0.01681390 -0.10947822 -0.01148221
v -0.01255230 -0.10689122 -0.00935381
v -0.01255230 -0.10689122 -0.00935381
v -0.01255230 -0.10689122 -0.00935381
v -0.01413860 -0.10836622 -0.01233141
v -0.01413860 -0.10836622 -0.01233141
v -0.01413860 -0.10836622 -0.01233141
v -0.01516610 -0.10778222 -0.00882971
v -0.01516610 -0.10778222 -0.00882971
v -0.02144370 -0.11385422 -0.00110661
v -0.02144370 -0.11385422 -0.00110661
v -0.01997620 -0.11049422 -0.00605981
v -0.01997620 -0.11049422 -0.00605981
v -0.01833600 -0.10829222 -0.00645551
v -0.01833600 -0.10829222 -0.00645551
v -0.01963650 -0.11012422 -0.00777531
v -0.01818380 -0.10931422 -0.00904801
v -0.01948200 -0.11086222 -0.00887921
v -0.02006550 -0.11488922 -0.01448641
v -0.01562360 -0.10957722 -0.01304711
v -0.01562360 -0.10957722 -0.01304711
v -0.00056580 -0.02236272 -0.00531031
v -0.00056580 -0.02236272 -0.00531031
v 0.00242000 -0.02033302 -0.00532481
v 0.00324510 -0.02260512 -0.00441141
v 0.00324510 -0.02260512 -0.00441141
v 0.00232330 -0.01664412 -0.00578181
v 0.00158120 -0.01447932 -0.00612631
v 0.00436150 -0.01304302 -0.00574841
v 0.00436150 -0.01304302 -0.00574841
v 0.00406630 -0.01857632 -0.00492531
v 0.00406630 -0.01857632 -0.00492531
v -0.00875440 -0.01435872 -0.00273981
v -0.00875440 -0.01435872 -0.00273981
v -0.00788570 -0.01714222 -0.00389651
v -0.00878740 -0.01859972 -0.00282641
v -0.00135430 -0.01610582 -0.00620741
v 0.00099300 -0.01226282 -0.00683511
v -0.00932520 -0.02191262 -0.00214171
v -0.00628740 -0.02081912 -0.00446471
v -0.00618500 -0.01478242 -0.00526591
v -0.00690890 -0.01179712 -0.00483661
v -0.00767480 -0.01011042 -0.00404551
v -0.00767480 -0.01011042 -0.00404551
v 0.00271820 -0.00935412 -0.00734181
v 0.00271820 -0.00935412 -0.00734181
v -0.01057760 -0.03005582 -0.00027001
v -0.01057760 -0.03005582 -0.00027001
v -0.00941130 -0.02675802 -0.00195161
v -0.00915360 -0.03048362 -0.00200521
v -0.00915360 -0.03048362 -0.00200521
v 0.00254810 -0.01868852 -0.00545751
v 0.00111460 -0.01881772 -0.00563321
v -0.01098330 -0.02602502 0.00035319
v -0.01024780 -0.02462232 -0.00087521
v -0.01054370 -0.02709092 -0.00032091
v -0.00439970 -0.02539582 -0.00438601
v -0.00439970 -0.02539582 -0.00438601
v -0.00744870 -0.02631682 -0.00351621
v -0.00744870 -0.02631682 -0.00351621
v -0.01079590 -0.02207552 0.00036379
v -0.01079590 -0.02207552 0.00036379
v 0.00635390 -0.01656532 -0.00349281
v 0.00635390 -0.01656532 -0.00349281
v 0.00635390 -0.01656532 -0.00349281
v 0.00635390 -0.01656532 -0.00349281
v -0.01164160 -0.02762822 0.00196049
v -0.01164160 -0.02762822 0.00196049
v -0.00850700 -0.02403532 -0.00315981
v -0.01037910 -0.01836752 -0.00037261
v -0.01037910 -0.01836752 -0.00037261
v -0.00933020 -0.02438512 -0.00218871
v -0.01132970 -0.02461702 0.00127179
v -0.01132970 -0.02461702 0.00127179
v -0.01189880 -0.03222272 0.00234449
v -0.01189880 -0.03222272 0.00234449
v -0.01189880 -0.03222272 0.00234449
v -0.01189880 -0.03222272 0.00234449
v 0.01262223 0.01584658 0.00216829
v 0.01262223 0.01584658 0.00216829
v 0.01164419 0.01259568 0.00417069
v 0.01192083 0.01157832 0.00250829
v 0.00955953 0.00623938 0.00937909
v 0.00955953 0.00623938 0.00937909
v 0.00955953 0.00623938 0.00937909
v 0.01046473 0.00701519 0.00741059
v 0.00981627 0.01019330 0.00864459
v 0.00981627 0.01019330 0.00864459
v 0.01050020 0.00477004 0.00642069
v 0.00993852 0.00386422 0.00796489
v 0.01011503 0.00188003 0.00630189
v 0.01111840 0.00393562 0.00057689
v 0.01111840 0.00393562 0.00057689
v 0.01140245 0.00726775 0.00230539
v 0.01075077 0.00214978 0.00255219
v 0.01025289 0.00000677 0.00469249
v 0.01036476 -0.00192715 0.00283009
v 0.01036476 -0.00192715 0.00283009
v 0.00967509 -0.00103872 0.00642739
v 0.00976710 -0.00358073 0.00524299
v 0.01129921 0.01348328 0.00568379
v 0.01091645 0.01052512 0.00616969
v 0.01203547 0.01564938 0.00456389
v 0.01065538 0.01333868 0.00721699
v 0.01065538 0.01333868 0.00721699
v 0.01144904 0.01586958 0.00603739
v 0.01102909 0.00708471 0.00528939
v 0.01067070 0.00379220 0.00466539
v 0.01077298 0.00025834 0.00038619
v 0.01077298 0.00025834 0.00038619
v 0.01096777 0.01702988 0.00731349
v 0.01096777 0.01702988 0.00731349
v 0.01096777 0.01702988 0.00731349
v 0.00921106 0.00302331 0.00937489
v 0.00921106 0.00302331 0.00937489
v 0.00853436 0.00075697 0.00989239
v 0.00853436 0.00075697 0.00989239
v 0.00926553 0.00033173 0.00821039
v 0.01137307 0.00963139 0.00418219
v 0.00831612 -0.00151486 0.00976029
v 0.00831612 -0.00151486 0.00976029
v 0.00863693 -0.00675633 0.00871119
v 0.00863693 -0.00675633 0.00871119
v 0.00904146 -0.00347612 0.00780069
v 0.00798640 -0.00440783 0.01027369
v 0.00798640 -0.00440783 0.01027369
v 0.00798640 -0.00440783 0.01027369
v 0.00932479 -0.00748822 0.00636999
v 0.00932479 -0.00748822 0.00636999
v 0.00985737 -0.00628023 0.00339319
v 0.00985737 -0.00628023 0.00339319
v 0.00985737 -0.00628023 0.00339319
v 0.01177629 0.00735741 -0.00115541
v 0.01177629 0.00735741 -0.00115541
v 0.01236053 0.01188201 -0.00003971
v 0.01236053 0.01188201 -0.00003971
v 0.01236053 0.01188201 -0.00003971
v 0.01177676 0.01839958 0.00545039
v 0.01177676 0.01839958 0.00545039
v 0.01196132 0.01714818 0.00509299
v 0.01241568 0.01797888 0.00398529
v 0.01241568 0.01797888 0.00398529
v -0.02168530 -0.10533922 0.03452659
v -0.02203360 -0.10736122 0.03257039
v -0.02194560 -0.10690622 0.03548429
v -0.02287940 -0.11259522 0.02421429
v -0.02287940 -0.11259522 0.02421429
v -0.02287940 -0.11259522 0.02421429
v -0.02286030 -0.11061722 0.02594859
v -0.02286030 -0.11061722 0.02594859
v -0.02277750 -0.11051022 0.02389859
v -0.02277750 -0.11051022 0.02389859
v -0.01953690 -0.10137022 0.03912429
v -0.01953690 -0.10137022 0.03912429
v -0.01930890 -0.10138722 0.03771369
v -0.01930890 -0.10138722 0.03771369
v -0.01993960 -0.10123622 0.03844639
v -0.02038260 -0.10124822 0.03791369
v -0.02234250 -0.10712922 0.02743629
v -0.02234660 -0.10794022 0.02870379
v -0.02226390 -0.10677922 0.02952169
v -0.02040880 -0.10133622 0.03909529
v -0.02008650 -0.10110822 0.04025159
v -0.02008650 -0.10110822 0.04025159
v -0.02087850 -0.10220122 0.03850869
v -0.02206310 -0.10904722 0.03490009
v -0.02206310 -0.10904722 0.03490009
v -0.02238180 -0.11018322 0.03223639
v -0.02238180 -0.11018322 0.03223639
v -0.02259200 -0.10932922 0.02782539
v -0.02259200 -0.10932922 0.02782539
v -0.02246780 -0.10872322 0.03001709
v -0.02246780 -0.10872322 0.03001709
v -0.02061030 -0.10175622 0.04018179
v -0.02177140 -0.10523222 0.03110939
v -0.02020090 -0.10140822 0.03609639
v -0.02020090 -0.10140822 0.03609639
v -0.02070840 -0.10157522 0.03710559
v -0.02003860 -0.10139422 0.03707039
v -0.02003860 -0.10139422 0.03707039
v -0.02129510 -0.10325422 0.03336919
v -0.02083240 -0.10195522 0.03442039
v -0.02083240 -0.10195522 0.03442039
v -0.02080630 -0.10185622 0.03277789
v -0.02080630 -0.10185622 0.03277789
v -0.02091660 -0.10180622 0.03035779
v -0.02091660 -0.10180622 0.03035779
v -0.02187980 -0.11041022 0.03766749
v -0.02187980 -0.11041022 0.03766749
v -0.02184130 -0.10759522 0.03816339
v -0.02171410 -0.10581022 0.03740879
v -0.02131000 -0.10384822 0.03764009
v -0.02090270 -0.10306822 0.04150139
v -0.02135380 -0.10336222 0.02948829
v -0.02135380 -0.10336222 0.02948829
v -0.02193380 -0.10516922 0.02817619
v -0.02223970 -0.10559322 0.02550709
v -0.02223970 -0.10559322 0.02550709
v -0.02223970 -0.10559322 0.02550709
v -0.02019040 -0.10135322 0.04149149
v -0.01998470 -0.10113622 0.04149369
v -0.01998470 -0.10113622 0.04149369
v -0.02274070 -0.10830122 0.02508829
v -0.02274070 -0.10830122 0.02508829
v -0.02090810 -0.10226722 0.03606289
v -0.02177220 -0.10343422 0.02628449
v -0.02177220 -0.10343422 0.02628449
v -0.02065200 -0.10162822 0.03545809
v -0.02065200 -0.10162822 0.03545809
v -0.02129820 -0.10533322 0.04150169
v -0.02156870 -0.10867722 0.04150219
v -0.02156870 -0.10867722 0.04150219
v 0.00071060 0.00838024 -0.01004711
v 0.00071060 0.00838024 -0.01004711
v 0.00460920 0.00474724 -0.01048661
v 0.00172990 0.00532022 -0.00996611
v 0.00864547 0.00425722 -0.00848931
v 0.01012787 0.00626772 -0.00738941
v 0.00972459 0.00302340 -0.00621501
v 0.01076629 0.00294293 -0.00285441
v 0.01048138 0.00041972 -0.00201781
v 0.01044889 0.00275084 -0.00412291
v 0.00962812 -0.00066166 -0.00455941
v 0.01024033 -0.00404213 0.00078549
v 0.01051907 -0.00149935 -0.00061041
v 0.01137965 0.00597340 -0.00359681
v 0.01244156 0.01295498 -0.00409291
v 0.01244156 0.01295498 -0.00409291
v 0.01288426 0.01488138 -0.00255971
v 0.01288426 0.01488138 -0.00255971
v 0.01237910 0.01103182 -0.00240361
v 0.01181574 0.01266618 -0.00598941
v 0.01181574 0.01266618 -0.00598941
v 0.01201521 0.00980555 -0.00442621
v 0.01126961 0.00860114 -0.00602331
v 0.01002734 0.00955307 -0.00816711
v 0.01111312 0.01112202 -0.00712741
v 0.00529610 -0.00413501 -0.00787301
v 0.00432910 -0.00085285 -0.00870001
v 0.01012220 -0.00292093 -0.00174801
v 0.00800652 0.00068953 -0.00730001
v 0.01225487 0.01051691 -0.00353141
v 0.00432200 0.01169226 -0.01080181
v 0.00432200 0.01169226 -0.01080181
v 0.00515730 0.00867119 -0.01085121
v 0.00907955 -0.00545153 -0.00342021
v 0.00746310 -0.00347447 -0.00637961
v 0.00240050 -0.00291683 -0.00857291
v 0.00759750 0.00553186 -0.00989601
v 0.00899154 0.00703211 -0.00903001
v 0.00712630 0.00419794 -0.00969911
v 0.00675390 0.00241370 -0.00921791
v 0.00967177 -0.00642864 -0.00097871
v 0.00967177 -0.00642864 -0.00097871
v 0.01201586 0.00857415 -0.00299101
v 0.01105772 0.00340722 -0.00145751
v 0.00570820 -0.00693650 -0.00688601
v 0.00775150 -0.00715048 -0.00507941
v 0.01071097 0.00529405 -0.00556161
v 0.01047286 0.01381678 -0.00835021
v 0.01047286 0.01381678 -0.00835021
v 0.00732420 -0.01099942 -0.00409981
v 0.00732420 -0.01099942 -0.00409981
v 0.00876312 -0.00952772 -0.00224501
v 0.00876312 -0.00952772 -0.00224501
v 0.00729950 0.00765241 -0.01022661
v 0.00785180 0.01077756 -0.00993661
v 0.00841449 -0.00811162 -0.00368601
v 0.00510800 -0.00961472 -0.00649981
v 0.00638280 -0.00955282 -0.00568581
v 0.00971391 -0.00789732 0.00108249
v 0.00971391 -0.00789732 0.00108249
v 0.00877305 0.00880576 -0.00943981
v 0.00649280 0.01539238 -0.01051111
v 0.00649280 0.01539238 -0.01051111
v 0.00649280 0.01539238 -0.01051111
v 0.01865779 0.07695778 -0.01378471
v 0.01865779 0.07695778 -0.01378471
v 0.01887320 0.07610528 -0.01107741
v 0.01887320 0.07610528 -0.01107741
v 0.01843651 0.07408778 -0.01270001
v 0.01622324 0.05207528 -0.00268881
v 0.01547082 0.05025018 -0.00108391
v 0.01581488 0.04891288 -0.00300791
v 0.01581488 0.04891288 -0.00300791
v 0.01572316 0.05340488 -0.00064891
v 0.01448147 0.04954858 0.00151709
v 0.01448147 0.04954858 0.00151709
v 0.01448147 0.04954858 0.00151709
v 0.01554645 0.07371398 -0.01791481
v 0.01318955 0.07442048 -0.01997921
v 0.01318955 0.07442048 -0.01997921
v 0.01318955 0.07442048 -0.01997921
v 0.01677549 0.07711028 -0.01804321
v 0.01677549 0.07711028 -0.01804321
v 0.01657252 0.05189448 -0.00466861
v 0.01621962 0.04868718 -0.00547241
v 0.01621962 0.04868718 -0.00547241
v 0.01651031 0.05387908 -0.01077621
v 0.01685792 0.05757138 -0.01018461
v 0.01674172 0.05272368 -0.00904531
v 0.01595066 0.05030448 -0.01089121
v 0.01573956 0.05322118 -0.01265361
v 0.01573956 0.05322118 -0.01265361
v 0.01684691 0.07386788 -0.01649141
v 0.01795559 0.07422928 -0.01462271
v 0.01705023 0.07143438 -0.01514811
v 0.01738508 0.05919028 -0.00749271
v 0.01693093 0.05529698 -0.00786571
v 0.01696826 0.05530638 -0.00603101
v 0.01535697 0.05749748 -0.01392571
v 0.01535697 0.05749748 -0.01392571
v 0.01501787 0.05990058 -0.01471021
v 0.01501787 0.05990058 -0.01471021
v 0.01617697 0.05898438 -0.01275271
v 0.01505100 0.04743758 -0.00045361
v 0.01505100 0.04743758 -0.00045361
v 0.01677226 0.05182548 -0.00676771
v 0.01780770 0.06431678 -0.00771091
v 0.01734295 0.06268628 -0.00986911
v 0.01739955 0.06611228 -0.01193101
v 0.01779054 0.06629278 -0.00985381
v 0.01723439 0.06659998 -0.00202711
v 0.01723439 0.06659998 -0.00202711
v 0.01723439 0.06659998 -0.00202711
v 0.01742987 0.06378878 -0.00332981
v 0.01789757 0.06697468 -0.00425731
v 0.01789757 0.06697468 -0.00425731
v 0.01724159 0.05823338 -0.00544171
v 0.01722113 0.06026898 -0.00403001
v 0.01675380 0.05556888 -0.00362221
v 0.01641612 0.05803838 -0.00197211
v 0.01691107 0.06121688 -0.00238431
v 0.01619916 0.06081258 -0.00070531
v 0.01619916 0.06081258 -0.00070531
v 0.01776272 0.06398768 -0.00526191
v 0.01755301 0.06126658 -0.00600581
v 0.01815659 0.06777338 -0.00650631
v 0.01607486 0.04752268 -0.00797061
v 0.01607486 0.04752268 -0.00797061
v 0.01674106 0.06828718 -0.01412491
v 0.01776348 0.07127088 -0.01303301
v 0.01730081 0.06875528 -0.01249211
v 0.01617405 0.05613988 -0.01224251
v 0.01817436 0.07064718 -0.00508351
v 0.01817436 0.07064718 -0.00508351
v 0.01487952 0.06411448 -0.01547541
v 0.01487952 0.06411448 -0.01547541
v 0.01591645 0.06125528 -0.01380431
v 0.01671247 0.06229658 -0.01250231
v 0.01666054 0.06517618 -0.01360031
v 0.01516736 0.05536878 -0.01393531
v 0.01516736 0.05536878 -0.01393531
v 0.01693184 0.06344438 -0.00183041
v 0.01693184 0.06344438 -0.00183041
v 0.01513813 0.04573858 -0.01040081
v 0.01513813 0.04573858 -0.01040081
v 0.01445515 0.04730678 -0.01262211
v 0.01445515 0.04730678 -0.01262211
v 0.01445515 0.04730678 -0.01262211
v 0.01809318 0.06859658 -0.00893291
v 0.01775210 0.06901918 -0.01110491
v 0.01831404 0.07193978 -0.01075471
v 0.01848716 0.07229648 -0.00821171
v 0.01848716 0.07229648 -0.00821171
v 0.01802971 0.07685938 -0.01592621
v 0.01802971 0.07685938 -0.01592621
v 0.01472640 0.05034978 -0.01334171
v 0.01472640 0.05034978 -0.01334171
v 0.01542537 0.05696118 0.00003919
v 0.01542537 0.05696118 0.00003919
v 0.01526434 0.07037898 -0.01684121
v 0.01495982 0.05403488 0.00111269
v 0.01495982 0.05403488 0.00111269
v 0.01482632 0.05205358 0.00124729
v 0.01482632 0.05205358 0.00124729
v 0.01245622 0.06781648 -0.01830711
v 0.01245622 0.06781648 -0.01830711
v -0.00041920 0.06589558 0.00265439
v -0.00041920 0.06589558 0.00265439
v 0.00023910 0.06558168 0.00360949
v 0.00055100 0.06718488 0.00327839
v 0.00244120 0.07486008 0.00307499
v 0.00244120 0.07486008 0.00307499
v 0.00200800 0.07309758 0.00324509
v 0.00340820 0.07338038 0.00394879
v 0.00263670 0.07052488 0.00418889
v 0.00264970 0.07199628 0.00386069
v 0.00146450 0.07121348 0.00308799
v 0.00134830 0.06926008 0.00354149
v 0.00025950 0.06918468 0.00238709
v 0.00363010 0.07179458 0.00434629
v 0.00083480 0.06587928 0.00399589
v 0.00035680 0.06392508 0.00419489
v 0.00120320 0.06475848 0.00456649
v 0.00435860 0.07098408 0.00471759
v 0.00634320 0.07226778 0.00486749
v 0.00452300 0.07268648 0.00446229
v 0.00675120 0.07510738 0.00438519
v 0.00675120 0.07510738 0.00438519
v 0.00804665 0.07446378 0.00453979
v 0.00804665 0.07446378 0.00453979
v -0.00000500 0.05915828 0.00511959
v -0.00000500 0.05915828 0.00511959
v 0.00124760 0.05833738 0.00611999
v 0.00130410 0.06060088 0.00559969
v 0.00507540 0.07494798 0.00419129
v 0.00507540 0.07494798 0.00419129
v 0.00028990 0.05583138 0.00638579
v 0.00028990 0.05583138 0.00638579
v 0.00069310 0.05475288 0.00677779
v 0.00149210 0.05487498 0.00701559
v 0.00149210 0.05487498 0.00701559
v 0.00359310 0.07514208 0.00366669
v 0.00359310 0.07514208 0.00366669
v -0.00087070 0.07066778 0.00122939
v -0.00087070 0.07066778 0.00122939
v -0.00092810 0.06825288 0.00159859
v -0.00092810 0.06825288 0.00159859
v 0.00311200 0.06214488 0.00588419
v 0.00249110 0.06014618 0.00621199
v 0.00371960 0.06056438 0.00650229
v 0.00371960 0.06056438 0.00650229
v 0.00024990 0.05343898 0.00670849
v 0.00024990 0.05343898 0.00670849
v 0.00024990 0.05343898 0.00670849
v 0.00218520 0.06894428 0.00424279
v 0.00090390 0.07302848 0.00209139
v 0.00148800 0.07417288 0.00242039
v 0.00083160 0.07440138 0.00182639
v 0.00147060 0.07548578 0.00206569
v 0.00147060 0.07548578 0.00206569
v 0.00003710 0.06121798 0.00458319
v 0.00003710 0.06121798 0.00458319
v 0.00137270 0.06232928 0.00518439
v 0.00112410 0.07492958 0.00189159
v 0.00214100 0.05687018 0.00677709
v 0.00214100 0.05687018 0.00677709
v 0.00297370 0.05897558 0.00666839
v 0.00297370 0.05897558 0.00666839
v 0.00948955 0.07431348 0.00454409
v 0.00948955 0.07431348 0.00454409
v 0.00848656 0.07281528 0.00486579
v 0.00972696 0.07266758 0.00472189
v 0.00972696 0.07266758 0.00472189
v 0.00621540 0.06691618 0.00569509
v 0.00621540 0.06691618 0.00569509
v 0.00466830 0.06576388 0.00570619
v 0.00663640 0.06458118 0.00617569
v 0.00663640 0.06458118 0.00617569
v 0.00813620 0.07110728 0.00517209
v 0.00813620 0.07110728 0.00517209
v 0.00527530 0.06197078 0.00650759
v 0.00527530 0.06197078 0.00650759
v 0.00364400 0.06414828 0.00561979
v 0.00478010 0.06382068 0.00603209
v 0.00311030 0.06544438 0.00525719
v 0.00204990 0.06402198 0.00501669
v 0.00051870 0.07556798 0.00113679
v 0.00051870 0.07556798 0.00113679
v 0.00679080 0.06916538 0.00541749
v 0.00679080 0.06916538 0.00541749
v 0.00335210 0.06702198 0.00505849
v -0.00062540 0.07438298 0.00034189
v -0.00062540 0.07438298 0.00034189
v -0.00020140 0.07272178 0.00118529
v -0.00020140 0.07272178 0.00118529
v 0.00023870 0.07403668 0.00135359
v -0.00104930 0.06234098 0.00332799
v -0.00104930 0.06234098 0.00332799
v -0.00006480 0.05747568 0.00550079
v -0.00006480 0.05747568 0.00550079
v 0.00893773 0.07187908 0.00501859
v 0.00893773 0.07187908 0.00501859
v 0.00514620 0.06992878 0.00516929
v 0.00032320 0.07143118 0.00190179
v 0.00348460 0.06907468 0.00474929
v 0.00495400 0.06805218 0.00540649
v 0.00234000 0.06786168 0.00450189
v 0.00191570 0.06601878 0.00459959
v 0.00142270 0.06748588 0.00397669
v 0.01113061 0.07421098 0.00380299
v 0.01113061 0.07421098 0.00380299
v 0.01113061 0.07421098 0.00380299
v 0.01113061 0.07421098 0.00380299
v -0.00060970 0.07634408 -0.00026451
v -0.00060970 0.07634408 -0.00026451
v -0.00060970 0.07634408 -0.00026451
v 0.00794439 -0.01772942 0.00081269
v 0.00836807 -0.01366722 -0.00045631
v 0.00833999 -0.01496942 0.00197289
v 0.00715970 -0.02358972 0.00330009
v 0.00746770 -0.02192082 0.00427919
v 0.00682400 -0.02473482 0.00470859
v 0.00676550 -0.02188672 0.00820049
v 0.00581490 -0.02240432 0.01095259
v 0.00568580 -0.02555092 0.01011729
v 0.00780430 -0.00822862 0.01038269
v 0.00780430 -0.00822862 0.01038269
v 0.00843014 -0.01051322 0.00842039
v 0.00765000 -0.02101452 0.00222509
v 0.00727120 -0.01156552 0.01051569
v 0.00727120 -0.01156552 0.01051569
v 0.00726300 -0.01393922 0.00940469
v 0.00716230 -0.02272112 0.00593709
v 0.00675490 -0.02420352 0.00641739
v 0.00636560 -0.01497602 0.01173199
v 0.00636560 -0.01497602 0.01173199
v 0.00939981 -0.00939732 0.00446569
v 0.00641230 -0.02048582 0.01010679
v 0.00802857 -0.01801292 0.00263169
v 0.00783700 -0.01944462 0.00409779
v 0.00779150 -0.01862352 0.00521319
v 0.00806770 -0.01617112 0.00453419
v 0.00744910 -0.01835212 0.00663309
v 0.00741240 -0.02022362 0.00029649
v 0.00686890 -0.02155522 -0.00063321
v 0.00686890 -0.02155522 -0.00063321
v 0.00730850 -0.01747962 -0.00125501
v 0.00883139 -0.01246282 0.00371449
v 0.00943832 -0.00957372 0.00276599
v 0.00690860 -0.01779302 0.00930789
v 0.00602150 -0.01928522 0.01155399
v 0.00602150 -0.01928522 0.01155399
v 0.00924800 -0.00987542 -0.00033231
v 0.00914356 -0.01138832 0.00134339
v 0.00624340 -0.02605012 0.00747159
v 0.00702110 -0.02428682 0.00194239
v 0.00702110 -0.02428682 0.00194239
v 0.00883919 -0.01129412 0.00599169
v 0.00774930 -0.01457042 0.00717879
v 0.00832921 -0.01368042 0.00531339
v 0.00768990 -0.01362292 -0.00242231
v 0.00399910 -0.03398402 0.01301459
v 0.00399910 -0.03398402 0.01301459
v 0.00364090 -0.03697152 0.01330449
v 0.00364090 -0.03697152 0.01330449
v 0.00364090 -0.03697152 0.01330449
v 0.00406520 -0.03627062 0.01189669
v 0.00406520 -0.03627062 0.01189669
v 0.00757560 -0.02037842 0.00566219
v 0.00516620 -0.02169702 0.01272559
v 0.00516620 -0.02169702 0.01272559
v 0.00477630 -0.03088852 0.01166369
v 0.00472140 -0.03245332 0.00995339
v 0.00472140 -0.03245332 0.00995339
v 0.00518250 -0.03021582 0.01002639
v 0.00650810 -0.02006252 -0.00204811
v 0.00650810 -0.02006252 -0.00204811
v 0.00717890 -0.02244342 0.00083209
v 0.00717890 -0.02244342 0.00083209
v 0.00694730 -0.02552602 0.00310389
v 0.00694730 -0.02552602 0.00310389
v 0.00585660 -0.02857252 0.00667299
v 0.00585660 -0.02857252 0.00667299
v 0.00610260 -0.02783202 0.00512329
v 0.00610260 -0.02783202 0.00512329
v 0.00480700 -0.02510662 0.01283619
v 0.00480700 -0.02510662 0.01283619
v 0.00480700 -0.02510662 0.01283619
v 0.00654920 -0.02560922 0.00607959
v 0.00654740 -0.02751232 0.00353029
v 0.00654740 -0.02751232 0.00353029
v 0.00567330 -0.02723402 0.00900779
v 0.00576190 -0.02796622 0.00815909
v 0.00535370 -0.02828012 0.01027339
v 0.00446730 -0.02892142 0.01318609
v 0.00446730 -0.02892142 0.01318609
v 0.00509100 -0.02768462 0.01160929
v 0.00542070 -0.02884272 0.00902609
v 0.00575030 -0.02981412 0.00768679
v 0.00575030 -0.02981412 0.00768679
v 0.00571310 -0.02783372 0.00876159
v 0.00414320 -0.03113402 0.01336859
v 0.00414320 -0.03113402 0.01336859
v 0.00534320 -0.03096282 0.00891959
v 0.00534320 -0.03096282 0.00891959
v 0.00440930 -0.03403612 0.01121259
v 0.00440930 -0.03403612 0.01121259
v -0.01505180 -0.12555522 -0.02939068
v -0.00826400 -0.12350122 -0.01394391
v -0.01081030 -0.12408722 -0.01367181
v -0.01081030 -0.12408722 -0.01367181
v -0.00974990 -0.12379822 -0.01587851
v -0.00983280 -0.12413822 -0.02286551
v -0.00873160 -0.12341722 -0.02249901
v -0.01013780 -0.12392122 -0.02073211
v -0.01420360 -0.12527822 -0.02706251
v -0.00860450 -0.12572322 -0.03471410
v -0.00841040 -0.12621522 -0.03270132
v -0.00975160 -0.12597022 -0.03462841
v -0.00741640 -0.12261722 -0.02345551
v -0.00755860 -0.12243722 -0.02090081
v -0.00630320 -0.12143022 -0.02156191
v -0.01439560 -0.12610722 -0.03183171
v -0.01314550 -0.12605522 -0.02961823
v -0.00484990 -0.12123622 -0.01406141
v -0.00484990 -0.12123622 -0.01406141
v -0.00484990 -0.12123622 -0.01406141
v -0.00670660 -0.12205522 -0.01743381
v -0.00512700 -0.12040422 -0.01772331
v -0.00998280 -0.12635622 -0.03107832
v -0.01000570 -0.12593322 -0.02886992
v -0.01131550 -0.12615422 -0.02943570
v -0.00816070 -0.12369922 -0.02514581
v -0.00941440 -0.12350522 -0.01793641
v -0.00830290 -0.12293822 -0.01777261
v -0.00818590 -0.12318022 -0.01625421
v -0.01025120 -0.12618122 -0.03303290
v -0.01190150 -0.12633622 -0.03201986
v -0.01170440 -0.12588522 -0.03460148
v -0.00720780 -0.12305122 -0.02547291
v -0.01375590 -0.12587522 -0.03383131
v -0.01363730 -0.12511222 -0.03557912
v -0.00657600 -0.12287622 -0.02680771
v -0.00692770 -0.12285322 -0.01467521
v -0.00667100 -0.12212522 -0.02451901
v -0.00736960 -0.12519022 -0.02989373
v -0.00847750 -0.12581922 -0.02958477
v -0.00706760 -0.12541122 -0.03136496
v -0.01110590 -0.12556922 -0.02735032
v -0.01371530 -0.12505022 -0.02427341
v -0.00760690 -0.12495622 -0.02873075
v -0.01058460 -0.12457322 -0.02339941
v -0.01154610 -0.12450822 -0.02132961
v -0.01181010 -0.12506822 -0.02443511
v -0.00610940 -0.12268022 -0.01173661
v -0.00825580 -0.12346122 -0.01137461
v -0.00825580 -0.12346122 -0.01137461
v -0.00854700 -0.12470522 -0.02707011
v -0.00999950 -0.12514222 -0.02650611
v -0.00739560 -0.12396022 -0.02716768
v -0.01243340 -0.12557522 -0.02707001
v -0.01602570 -0.12558222 -0.03278766
v -0.00677130 -0.12295922 -0.00961881
v -0.00677130 -0.12295922 -0.00961881
v -0.00853720 -0.12300122 -0.01960791
v -0.01136480 -0.12419722 -0.01816061
v -0.01511530 -0.12584322 -0.03307975
v -0.00574890 -0.12221922 -0.01416121
v -0.00522490 -0.12190922 -0.01269861
v -0.00449300 -0.12161822 -0.01096281
v -0.00449300 -0.12161822 -0.01096281
v -0.00496620 -0.12212722 -0.00959431
v -0.00496620 -0.12212722 -0.00959431
v -0.00546010 -0.12249422 -0.00871571
v -0.00546010 -0.12249422 -0.00871571
v -0.01312310 -0.12585422 -0.03476436
v -0.01050590 -0.12558822 -0.03515029
v -0.00415610 -0.11941322 -0.01435011
v -0.00415610 -0.11941322 -0.01435011
v -0.00415610 -0.11941322 -0.01435011
v -0.00936690 -0.12429122 -0.02465361
v -0.01317680 -0.12454022 -0.02064541
v -0.01317680 -0.12454022 -0.02064541
v -0.01366690 -0.12277822 -0.03662853
v -0.01366690 -0.12277822 -0.03662853
v -0.01540950 -0.12583622 -0.03235912
v -0.01136750 -0.12085622 -0.03716230
v -0.01136750 -0.12085622 -0.03716230
v -0.01341730 -0.12448022 -0.01678491
v -0.01341730 -0.12448022 -0.01678491
v 0.00816669 0.00206422 0.01084339
v 0.00508020 -0.01882002 0.01369449
v 0.00199120 -0.00256943 0.01576469
v 0.00199120 -0.00256943 0.01576469
v 0.00202830 -0.00065228 0.01562569
v 0.00087040 -0.00182484 0.01580439
v 0.00087040 -0.00182484 0.01580439
v 0.00226900 0.00130728 0.01555249
v 0.00041220 0.00132288 0.01585309
v 0.00041220 0.00132288 0.01585309
v 0.00327390 -0.00257361 0.01528599
v 0.00341010 0.00224011 0.01497179
v 0.00349580 0.00027437 0.01512519
v 0.00163880 0.00323189 0.01542629
v 0.00291190 -0.00436991 0.01555319
v 0.00291190 -0.00436991 0.01555319
v 0.00367350 -0.00124283 0.01498769
v -0.00008710 -0.00082499 0.01581279
v -0.00008710 -0.00082499 0.01581279
v 0.00461080 0.00097949 0.01441059
v 0.00485660 0.00263049 0.01404769
v 0.00443290 0.00428385 0.01422249
v 0.00402070 0.00329874 0.01461829
v 0.00412340 -0.01886852 0.01498109
v 0.00412340 -0.01886852 0.01498109
v 0.00438220 -0.01652232 0.01471819
v 0.00438220 -0.01652232 0.01471819
v 0.00562250 -0.01231022 0.01331459
v 0.00562250 -0.01231022 0.01331459
v 0.00519370 -0.01516802 0.01371049
v 0.00519370 -0.01516802 0.01371049
v 0.00667440 -0.01128812 0.01192649
v 0.00608310 -0.00982992 0.01308149
v 0.00725550 -0.00968512 0.01110229
v 0.00530600 -0.00890112 0.01373569
v 0.00530600 -0.00890112 0.01373569
v 0.00584100 -0.00785092 0.01321309
v 0.00510800 -0.00763702 0.01411519
v 0.00429390 -0.00679708 0.01477149
v 0.00429390 -0.00679708 0.01477149
v 0.00460190 -0.00851422 0.01465199
v 0.00460190 -0.00851422 0.01465199
v 0.00679450 -0.00838952 0.01201289
v 0.00534810 -0.00634976 0.01375099
v 0.00465240 -0.00501410 0.01456309
v 0.00381070 -0.00531606 0.01509589
v 0.00381070 -0.00531606 0.01509589
v 0.00704140 -0.00543475 0.01191049
v 0.00626560 -0.00648958 0.01281809
v 0.00394770 -0.00411697 0.01499459
v 0.00410330 -0.00484105 0.01484809
v 0.00573800 -0.00479952 0.01333919
v 0.00492780 -0.00277153 0.01422539
v 0.00486140 -0.00066320 0.01441739
v 0.00646520 -0.00324973 0.01260369
v 0.00636730 -0.00085623 0.01308229
v 0.00554110 0.00035396 0.01377549
v 0.00550330 0.00145938 0.01367739
v 0.00619620 0.00087374 0.01311989
v 0.00767200 -0.00005161 0.01117509
v 0.00708580 0.00136139 0.01213239
v 0.00622370 0.00274227 0.01300619
v 0.00757600 0.00341152 0.01168499
v 0.00567870 0.00428961 0.01339199
v 0.00679610 0.00461132 0.01238069
v 0.00535070 0.00579789 0.01357119
v 0.00617130 0.00569956 0.01281739
v 0.00716330 0.00654947 0.01210189
v 0.00716330 0.00654947 0.01210189
v 0.00791681 0.00537574 0.01143529
v 0.00791681 0.00537574 0.01143529
v 0.00648180 0.00743263 0.01284999
v 0.00648180 0.00743263 0.01284999
v 0.00118450 0.01044492 0.01456529
v 0.00118450 0.01044492 0.01456529
v 0.00118450 0.01044492 0.01456529
v 0.00139930 0.00907097 0.01476519
v 0.00139930 0.00907097 0.01476519
v 0.00260120 0.00938664 0.01458919
v 0.00260120 0.00938664 0.01458919
v -0.00098390 0.00268910 0.01560759
v -0.00098390 0.00268910 0.01560759
v -0.00104150 0.00166005 0.01587109
v -0.00104150 0.00166005 0.01587109
v -0.00104150 0.00166005 0.01587109
v -0.00025280 0.00222421 0.01574619
v 0.00182900 0.00788590 0.01479579
v 0.00074500 0.00816291 0.01483489
v 0.00074500 0.00816291 0.01483489
v -0.00006740 0.00317581 0.01549699
v -0.00006740 0.00317581 0.01549699
v 0.00520290 0.00756448 0.01371799
v 0.00520290 0.00756448 0.01371799
v -0.00006140 0.00520580 0.01516669
v -0.00006140 0.00520580 0.01516669
v 0.00724780 -0.00378915 0.01156259
v 0.00735810 -0.00225271 0.01150239
v 0.00429620 -0.02274762 0.01418919
v 0.00429620 -0.02274762 0.01418919
v 0.00343680 -0.02171902 0.01548469
v 0.00343680 -0.02171902 0.01548469
v 0.00343680 -0.02171902 0.01548469
v 0.00534180 -0.01044962 0.01395129
v 0.00534180 -0.01044962 0.01395129
v 0.00193290 0.00664126 0.01497149
v 0.00294140 0.00720322 0.01466039
v 0.00321750 0.00419655 0.01490149
v 0.00279440 0.00569482 0.01485209
v 0.00169090 0.00523702 0.01508889
v 0.00397900 0.00822841 0.01420289
v 0.00397900 0.00822841 0.01420289
v 0.00065020 0.00677648 0.01504599
v 0.00065020 0.00677648 0.01504599
v 0.00129010 0.00735425 0.01497479
v 0.00867668 0.00442205 0.01056509
v 0.00867668 0.00442205 0.01056509
v 0.00405370 0.00600394 0.01437029
v -0.02262300 -0.11063222 0.02978289
v -0.02168840 -0.11471322 0.03269759
v -0.02034720 -0.11535222 0.03255229
v -0.02016670 -0.11503822 0.03464719
v -0.02298650 -0.11363222 0.02155919
v -0.02298650 -0.11363222 0.02155919
v -0.02271860 -0.11483122 0.02286779
v -0.02254110 -0.11228322 0.03081619
v -0.02274840 -0.11206522 0.02780109
v -0.02205550 -0.11281222 0.03508549
v -0.02251110 -0.11338122 0.03231019
v -0.02226640 -0.11215022 0.03306809
v -0.02233770 -0.11636222 0.02175979
v -0.02233770 -0.11636222 0.02175979
v -0.02292160 -0.11539222 0.02014179
v -0.02292160 -0.11539222 0.02014179
v -0.01996960 -0.11373322 0.04031369
v -0.01893460 -0.11421922 0.03989219
v -0.01882380 -0.11396222 0.04150209
v -0.02154460 -0.11025422 0.03993309
v -0.02119340 -0.11238422 0.04150209
v -0.02111820 -0.11336322 0.03972439
v -0.02090670 -0.11308822 0.04149819
v -0.01878560 -0.11467322 0.03745419
v -0.02103410 -0.11415122 0.03672069
v -0.01818170 -0.11540122 0.03368269
v -0.01617990 -0.11559522 0.03150829
v -0.01617990 -0.11559522 0.03150829
v -0.01519180 -0.11551622 0.03308029
v -0.01519180 -0.11551622 0.03308029
v -0.02212650 -0.11089522 0.03469199
v -0.01772650 -0.11417022 0.04149789
v -0.02260190 -0.11450722 0.02575249
v -0.01824930 -0.11566822 0.03047239
v -0.01964650 -0.11552222 0.03157349
v -0.02132060 -0.11054022 0.04150109
v -0.02134700 -0.11205922 0.03998979
v -0.02142300 -0.11123122 0.03949939
v -0.02071000 -0.11566922 0.03046029
v -0.01730340 -0.11471222 0.03889949
v -0.01674370 -0.11480122 0.03795169
v -0.02258060 -0.11578022 0.02381359
v -0.01638610 -0.11791922 0.02047619
v -0.01638610 -0.11791922 0.02047619
v -0.01775240 -0.11765922 0.02089799
v -0.01722210 -0.11803222 0.01880899
v -0.01722210 -0.11803222 0.01880899
v -0.01826220 -0.11819922 0.01751399
v -0.01826220 -0.11819922 0.01751399
v -0.01709660 -0.11856122 0.01649779
v -0.01709660 -0.11856122 0.01649779
v -0.01709660 -0.11856122 0.01649779
v -0.01605110 -0.11616122 0.02952959
v -0.01605110 -0.11616122 0.02952959
v -0.01865190 -0.11778722 0.01931849
v -0.01549970 -0.11483822 0.03717469
v -0.01549970 -0.11483822 0.03717469
v -0.01548460 -0.11441222 0.03841889
v -0.01548460 -0.11441222 0.03841889
v -0.01543070 -0.11517122 0.03520739
v -0.01543070 -0.11517122 0.03520739
v -0.01705350 -0.11493922 0.03629619
v -0.02190300 -0.11590522 0.02529919
v -0.02251910 -0.11420122 0.02937519
v -0.02171090 -0.11625222 0.02343289
v -0.02014000 -0.11589322 0.02950559
v -0.01978860 -0.11569322 0.03016319
v -0.01628420 -0.11758122 0.02260759
v -0.01628420 -0.11758122 0.02260759
v -0.01932020 -0.11595322 0.02900739
v -0.02162910 -0.11545122 0.02913579
v -0.01618000 -0.11352622 0.04021969
v -0.01663960 -0.11391622 0.04085949
v -0.01692410 -0.11442522 0.04013209
v -0.01981000 -0.11681322 0.02459759
v -0.01964980 -0.11665222 0.02638779
v -0.02083840 -0.11643622 0.02599809
v -0.02219500 -0.11527022 0.02738099
v -0.01874140 -0.11730622 0.02261389
v -0.02003970 -0.11755522 0.02054519
v -0.01894780 -0.11749022 0.02093189
v -0.02006560 -0.11418322 0.03885259
v -0.01967050 -0.11808922 0.01750269
v -0.01967050 -0.11808922 0.01750269
v -0.02051220 -0.11604222 0.02807729
v -0.01569010 -0.11341522 0.03960619
v -0.01498930 -0.11301722 0.04002129
v -0.01498930 -0.11301722 0.04002129
v -0.01893440 -0.11637922 0.02748959
v -0.02023180 -0.11707922 0.02291749
v -0.02147400 -0.11593522 0.02707349
v -0.01747550 -0.11684722 0.02557269
v -0.01747550 -0.11684722 0.02557269
v -0.01756680 -0.11625922 0.02838729
v -0.01756680 -0.11625922 0.02838729
v -0.02092960 -0.11782422 0.01826659
v -0.02092960 -0.11782422 0.01826659
v -0.01505180 -0.11356022 0.03902719
v -0.01505180 -0.11356022 0.03902719
v -0.02175020 -0.11246722 0.03817739
v -0.01615940 -0.11422022 0.03923949
v -0.02142230 -0.11728122 0.02003899
v -0.02142230 -0.11728122 0.02003899
v -0.02100560 -0.11651722 0.02406959
v -0.02122960 -0.11698222 0.02211519
v -0.01801260 -0.11450022 0.03956399
v -0.01591250 -0.11331822 0.04148899
v -0.01591250 -0.11331822 0.04148899
v 0.00659140 -0.02711202 0.00203649
v 0.00649030 -0.02495552 0.00033629
v 0.00482830 -0.03973052 0.00349159
v 0.00482830 -0.03973052 0.00349159
v 0.00442970 -0.03855562 0.00178779
v 0.00442970 -0.03855562 0.00178779
v 0.00503420 -0.03764372 0.00295279
v -0.00135250 -0.02757052 -0.00456711
v -0.00571490 -0.03001602 -0.00372291
v 0.00485820 -0.03590862 0.00626289
v 0.00478840 -0.03565552 0.00854589
v 0.00458100 -0.03751412 0.00756399
v 0.00400000 -0.03996172 0.00991629
v 0.00400000 -0.03996172 0.00991629
v 0.00433710 -0.03755812 0.00970109
v 0.00385700 -0.03861222 0.01169379
v 0.00531770 -0.03527662 0.00473089
v 0.00538490 -0.03542912 0.00318109
v 0.00565830 -0.03296492 0.00411029
v 0.00515160 -0.03421002 0.00561139
v 0.00537290 -0.03224092 0.00719099
v 0.00489200 -0.03360562 0.00868599
v 0.00504660 -0.03418982 0.00712119
v 0.00504830 -0.03761102 0.00479639
v 0.00191850 -0.02949342 -0.00302161
v -0.00172170 -0.03151722 -0.00378951
v 0.00308790 -0.04014722 0.00039069
v 0.00308790 -0.04014722 0.00039069
v 0.00364470 -0.03717782 0.00009019
v 0.00400900 -0.03709152 0.01098329
v 0.00431830 -0.03598712 0.01064099
v 0.00514320 -0.02991082 -0.00032531
v 0.00431890 -0.02861482 -0.00178281
v 0.00557270 -0.02639152 -0.00110751
v 0.00535920 -0.03290802 0.00558419
v 0.00555740 -0.03158552 0.00530539
v 0.00370170 -0.03189092 -0.00115711
v 0.00460620 -0.03467542 0.00992359
v 0.00449590 -0.03883492 0.00628199
v 0.00452010 -0.03954862 0.00802009
v 0.00452010 -0.03954862 0.00802009
v 0.00428560 -0.04026412 0.00675699
v 0.00428560 -0.04026412 0.00675699
v 0.00519940 -0.03445852 0.00179539
v 0.00484170 -0.03630232 0.00166919
v 0.00437580 -0.03461262 0.00025489
v 0.00546460 -0.02189192 -0.00298901
v 0.00215940 -0.02594042 -0.00392501
v 0.00600410 -0.02862932 0.00078209
v 0.00189970 -0.03533182 -0.00165281
v 0.00174430 -0.03824172 -0.00123231
v 0.00174430 -0.03824172 -0.00123231
v 0.00438610 -0.02572442 -0.00279101
v 0.00612590 -0.03041092 0.00271519
v 0.00625170 -0.02295712 -0.00132441
v 0.00560560 -0.03317472 0.00253729
v 0.00111080 -0.03255542 -0.00271751
v -0.00845450 -0.03341722 -0.00228831
v 0.00571350 -0.03043282 0.00639119
v 0.00347440 -0.02762962 -0.00284441
v 0.00423710 -0.04018792 0.00607839
v 0.00423710 -0.04018792 0.00607839
v 0.00463940 -0.04000272 0.00517989
v 0.00463940 -0.04000272 0.00517989
v 0.00462440 -0.03601942 0.00984719
v 0.00517070 -0.03240632 0.00881899
v 0.00599020 -0.03036182 0.00429379
v 0.00574410 -0.02975302 0.00538679
v 0.00533850 -0.03340352 0.00627089
v 0.00622870 -0.02898922 0.00382369
v 0.00461920 -0.03737322 0.00621409
v -0.00940090 -0.03703172 -0.00117321
v -0.00940090 -0.03703172 -0.00117321
v -0.01068800 -0.03391522 -0.00008911
v -0.01068800 -0.03391522 -0.00008911
v -0.01022300 -0.03169002 -0.00084081
v -0.00169920 -0.03809282 -0.00238751
v -0.00169920 -0.03809282 -0.00238751
v -0.00529000 -0.03501122 -0.00319061
v -0.00114840 -0.03450682 -0.00305211
v 0.00528830 -0.03199682 0.00097139
v -0.00644610 -0.03948802 -0.00217111
v -0.00644610 -0.03948802 -0.00217111
v 0.00334310 -0.03952002 0.01367729
v 0.00334310 -0.03952002 0.01367729
v 0.00334310 -0.03952002 0.01367729
v 0.00339910 -0.04086372 0.01252519
v 0.00339910 -0.04086372 0.01252519
v 0.00364240 -0.04065752 0.01124029
v 0.00364240 -0.04065752 0.01124029
v 0.00905509 0.02448128 -0.01192801
v 0.01224007 0.02287618 -0.00860001
v 0.00991980 0.01888698 -0.01003511
v 0.01375837 0.03661708 0.00253609
v 0.01363187 0.03976028 0.00342809
v 0.01363187 0.03976028 0.00342809
v 0.01363187 0.03976028 0.00342809
v 0.01312798 0.03656908 0.00455919
v 0.01312798 0.03656908 0.00455919
v 0.01152009 0.01663638 -0.00813631
v 0.01190475 0.01552218 -0.00698971
v 0.01436755 0.04023848 0.00138129
v 0.01433373 0.03725648 0.00017639
v 0.01415957 0.03457018 -0.00828521
v 0.01437504 0.03298608 -0.00750841
v 0.01397418 0.03246268 -0.00877611
v 0.01446751 0.03663268 -0.00753701
v 0.01444267 0.03934108 -0.00801801
v 0.01466106 0.03863438 -0.00589561
v 0.01257152 0.02798498 -0.01017331
v 0.01335302 0.02559258 -0.00796521
v 0.01461190 0.03608728 -0.00353131
v 0.01455465 0.03391718 -0.00599781
v 0.01431671 0.03039768 -0.00304961
v 0.01429512 0.02911938 -0.00570431
v 0.01382882 0.02822378 -0.00763481
v 0.01389102 0.02550308 -0.00603941
v 0.01379850 0.03013578 -0.00882731
v 0.01341706 0.03110648 -0.01015831
v 0.01329148 0.02395378 -0.00707411
v 0.01385342 0.03731738 -0.00944771
v 0.01327003 0.02242608 -0.00580901
v 0.01287636 0.01934968 -0.00585141
v 0.01487997 0.04246828 -0.00734231
v 0.01556795 0.04476518 -0.00519731
v 0.01139151 0.02992558 -0.01222321
v 0.01004833 0.02813918 -0.01241481
v 0.01502045 0.04115218 -0.00325041
v 0.01501096 0.04177168 -0.00543191
v 0.01296668 0.01670328 -0.00435231
v 0.01329035 0.01928058 -0.00352991
v 0.01254609 0.01605878 -0.00575711
v 0.01217085 0.01839698 -0.00747141
v 0.01124685 0.02577568 -0.01083221
v 0.01422173 0.03121118 -0.00725761
v 0.01409928 0.02539658 -0.00244801
v 0.01416748 0.02673468 -0.00424471
v 0.01375972 0.02326528 -0.00391431
v 0.01281523 0.03399118 -0.01069381
v 0.01404357 0.04149008 -0.00991701
v 0.01519552 0.04443698 -0.00890541
v 0.01245523 0.03095048 -0.01144931
v 0.00354180 0.02178128 -0.01193261
v 0.00354180 0.02178128 -0.01193261
v -0.00077900 0.02688508 -0.01153561
v -0.00077900 0.02688508 -0.01153561
v -0.00077900 0.02688508 -0.01153561
v 0.00538900 0.03091008 -0.01404851
v 0.00538900 0.03091008 -0.01404851
v 0.00971894 0.03110448 -0.01317881
v 0.00971894 0.03110448 -0.01317881
v 0.01234907 0.03806658 -0.01139221
v 0.01234907 0.03806658 -0.01139221
v 0.01026269 0.03494668 -0.01323971
v 0.01026269 0.03494668 -0.01323971
v 0.01140774 0.03217288 -0.01242981
v 0.01578482 0.04689998 -0.00411011
v 0.01532568 0.04516878 -0.00247321
v 0.01400598 0.02715868 -0.00064011
v 0.01332149 0.02668248 0.00209429
v 0.01346904 0.02310098 0.00067879
v 0.01315866 0.01722608 -0.00089461
v 0.01361449 0.02165038 -0.00159131
v 0.01320685 0.01933298 0.00042729
v 0.01239854 0.04108928 -0.01203461
v 0.01239854 0.04108928 -0.01203461
v 0.01160775 0.02097878 0.00601259
v 0.01160775 0.02097878 0.00601259
v 0.01223761 0.02024108 0.00420219
v 0.01363276 0.04398958 -0.01217181
v 0.01363276 0.04398958 -0.01217181
v 0.01329772 0.03509808 0.00392989
v 0.01335267 0.03335538 0.00328999
v 0.01466124 0.04370118 0.00050969
v 0.01377740 0.04349198 0.00320609
v 0.01377740 0.04349198 0.00320609
v 0.01418131 0.04193448 0.00217549
v 0.01501150 0.04288968 -0.00144331
v 0.01487287 0.04067458 -0.00066341
v 0.01409373 0.03095918 -0.00072261
v 0.01434307 0.03456848 -0.00134951
v 0.01385353 0.03336198 0.00105659
v 0.01474712 0.03807278 -0.00168931
v 0.01279726 0.03399978 0.00520029
v 0.01279726 0.03399978 0.00520029
v 0.01386277 0.02404548 -0.00106751
v 0.01379061 0.02966438 0.00078159
v 0.01277715 0.02007988 0.00234309
v 0.01258053 0.02298668 0.00332959
v 0.01438604 0.04627868 0.00171719
v 0.01438604 0.04627868 0.00171719
v 0.01266655 0.02789588 0.00441659
v 0.01266655 0.02789588 0.00441659
v 0.01340069 0.03041158 0.00268399
v 0.01279672 0.03128048 0.00465589
v 0.01279672 0.03128048 0.00465589
v 0.01262538 0.02567398 0.00374589
v 0.01196562 0.02484338 0.00548189
v 0.01196562 0.02484338 0.00548189
v -0.01564100 -0.10260822 0.03983619
v -0.01564170 -0.10351722 0.04064999
v -0.01510680 -0.10384822 0.03945239
v -0.01510680 -0.10384822 0.03945239
v -0.01546730 -0.10444322 0.04149649
v -0.01546730 -0.10444322 0.04149649
v -0.01581780 -0.10334022 0.04150119
v -0.01517600 -0.10455222 0.04021509
v -0.01517600 -0.10455222 0.04021509
v -0.01681480 -0.10071822 0.03147159
v -0.01798770 -0.10105222 0.03179539
v -0.01690120 -0.10118322 0.03245499
v -0.01614220 -0.10249322 0.04145739
v -0.01709710 -0.10112022 0.03929389
v -0.01716550 -0.10113722 0.04149869
v -0.01619180 -0.10154022 0.03969139
v -0.01836070 -0.10127522 0.03897379
v -0.01518290 -0.10221222 0.03829519
v -0.01699390 -0.10137422 0.03511529
v -0.01735700 -0.10116822 0.03735949
v -0.01555200 -0.10121522 0.03648839
v -0.01486680 -0.10161122 0.03724989
v -0.01588350 -0.10132922 0.03797879
v -0.01641730 -0.09368842 0.02735949
v -0.01707490 -0.09465132 0.02703589
v -0.01605340 -0.09503272 0.02762239
v -0.01736500 -0.09750722 0.02718699
v -0.01614030 -0.09766922 0.02774539
v -0.01667760 -0.09632492 0.02731749
v -0.01756090 -0.09180042 0.02674209
v -0.01756090 -0.09180042 0.02674209
v -0.01756090 -0.09180042 0.02674209
v -0.01697030 -0.09287742 0.02717989
v -0.01666200 -0.09049402 0.02741769
v -0.01666200 -0.09049402 0.02741769
v -0.01751460 -0.09357882 0.02670739
v -0.01797670 -0.09299942 0.02578239
v -0.01797670 -0.09299942 0.02578239
v -0.01627090 -0.09231302 0.02755739
v -0.01534980 -0.09323892 0.02766459
v -0.01534980 -0.09323892 0.02766459
v -0.01478960 -0.09486632 0.02781469
v -0.01478960 -0.09486632 0.02781469
v -0.01966800 -0.09940222 0.02870519
v -0.01967500 -0.09876622 0.02781909
v -0.02012250 -0.09983822 0.02811239
v -0.02034940 -0.10095122 0.03049109
v -0.02028470 -0.10068522 0.02937639
v -0.01767340 -0.09611012 0.02619839
v -0.01767340 -0.09611012 0.02619839
v -0.01788200 -0.09738422 0.02626339
v -0.02112280 -0.10120022 0.02427509
v -0.02112280 -0.10120022 0.02427509
v -0.02119590 -0.10179022 0.02762079
v -0.02062610 -0.10012122 0.02649619
v -0.01791600 -0.09814022 0.02778109
v -0.01725300 -0.09831122 0.02841279
v -0.01927080 -0.09880022 0.02827309
v -0.01869100 -0.09836722 0.02794989
v -0.01923760 -0.09843122 0.02791489
v -0.01524220 -0.09914422 0.02991109
v -0.01524220 -0.09914422 0.02991109
v -0.01672390 -0.09957622 0.03049849
v -0.01564960 -0.10029922 0.03100809
v -0.01446240 -0.10333122 0.03838369
v -0.01446240 -0.10333122 0.03838369
v -0.01415710 -0.10009522 0.03050779
v -0.01415710 -0.10009522 0.03050779
v -0.01764250 -0.09454932 0.02625199
v -0.01789820 -0.09466842 0.02516809
v -0.01789820 -0.09466842 0.02516809
v -0.01678030 -0.10025522 0.03089879
v -0.01753220 -0.10030522 0.03089929
v -0.01914360 -0.09813422 0.02720279
v -0.01762100 -0.10141022 0.03332669
v -0.01893970 -0.10155022 0.03265459
v -0.01859920 -0.10034122 0.03067519
v -0.01966100 -0.10106022 0.03093489
v -0.01901600 -0.10131422 0.03154619
v -0.01818980 -0.10118222 0.04032319
v -0.02066240 -0.10086422 0.02844179
v -0.01854080 -0.09800622 0.02568109
v -0.01854080 -0.09800622 0.02568109
v -0.01937640 -0.09826022 0.02484299
v -0.01937640 -0.09826022 0.02484299
v -0.02003480 -0.09849522 0.02646479
v -0.01908950 -0.10155922 0.03429579
v -0.01878470 -0.10136222 0.03605059
v -0.01595800 -0.10137922 0.03346539
v -0.01991900 -0.10007022 0.02899469
v -0.01394730 -0.10232922 0.03717849
v -0.01394730 -0.10232922 0.03717849
v -0.01384190 -0.10075122 0.03163449
v -0.01384190 -0.10075122 0.03163449
v -0.01554280 -0.10105022 0.03211869
v -0.01954350 -0.10151022 0.03667869
v -0.01951100 -0.10137122 0.03533879
v -0.02017240 -0.10131422 0.03489819
v -0.01975570 -0.10165022 0.03316919
v -0.01980700 -0.10157322 0.03205949
v -0.02182410 -0.10383422 0.02335959
v -0.02182410 -0.10383422 0.02335959
v -0.02035160 -0.10138922 0.03267579
v -0.02030160 -0.10129222 0.03374999
v -0.02048150 -0.10131622 0.03162759
v -0.01678440 -0.10133522 0.04150089
v -0.01922970 -0.10140022 0.04033379
v -0.01925760 -0.10123022 0.04150269
v -0.01514550 -0.09646962 0.02768989
v -0.01514550 -0.09646962 0.02768989
v -0.02034830 -0.09906022 0.02444569
v -0.02034830 -0.09906022 0.02444569
v -0.01819660 -0.09803722 0.02702729
v -0.01792790 -0.09694932 0.02489099
v -0.01792790 -0.09694932 0.02489099
v -0.01691710 -0.09884822 0.02965259
v -0.01828820 -0.09895022 0.02955129
v -0.01768610 -0.09943222 0.03037319
v -0.01466030 -0.10133422 0.03503979
v -0.01466030 -0.10133422 0.03503979
v -0.01406610 -0.10116822 0.03316489
v -0.01406610 -0.10116822 0.03316489
v -0.01476540 -0.09785222 0.02777289
v -0.01476540 -0.09785222 0.02777289
v -0.01949760 -0.10009122 0.02970779
v -0.01821180 -0.09853322 0.02848089
v -0.01895390 -0.09901522 0.02884119
v -0.01539660 -0.09119692 0.02772929
v -0.01539660 -0.09119692 0.02772929
v -0.01539660 -0.09119692 0.02772929
v -0.01436810 -0.10147922 0.03643709
v -0.01436810 -0.10147922 0.03643709
v -0.01541260 -0.09816322 0.02812669
v -0.01427220 -0.09868122 0.02854609
v -0.01427220 -0.09868122 0.02854609
v -0.01591600 -0.09837222 0.02869699
v -0.00477780 -0.11536822 -0.02264931
v -0.00527460 -0.11499722 -0.02383651
v -0.00622630 -0.11432722 -0.02372721
v -0.00859940 -0.11355422 -0.02345801
v -0.00775780 -0.11461722 -0.02636231
v -0.01105290 -0.11360022 -0.02549941
v -0.00626390 -0.11488022 -0.02531161
v -0.00620690 -0.11538722 -0.02641631
v -0.00774820 -0.11293522 -0.02100501
v -0.00511660 -0.11293422 -0.01820261
v -0.00417280 -0.11539222 -0.01890361
v -0.00546840 -0.11366222 -0.02068031
v -0.00694410 -0.11221522 -0.01844881
v -0.01082570 -0.11227522 -0.02134571
v -0.00934830 -0.11142222 -0.01807811
v -0.01066700 -0.11515022 -0.02982181
v -0.00998150 -0.11458522 -0.02781888
v -0.00850120 -0.11525122 -0.02943708
v -0.00942010 -0.10925622 -0.01474871
v -0.00942010 -0.10925622 -0.01474871
v -0.00805290 -0.11098822 -0.01669051
v -0.00539920 -0.11543822 -0.02493601
v -0.00539640 -0.11637922 -0.02705351
v -0.00602530 -0.11848722 -0.03332286
v -0.00602530 -0.11848722 -0.03332286
v -0.00550230 -0.11788322 -0.03198271
v -0.01344280 -0.11590622 -0.03451725
v -0.01521760 -0.11684922 -0.03531346
v -0.01564290 -0.11591022 -0.03408124
v -0.01718430 -0.11370622 -0.02400751
v -0.01676340 -0.11296922 -0.02202691
v -0.01581210 -0.11359422 -0.02449311
v -0.01206650 -0.11597022 -0.03314792
v -0.01001340 -0.11581322 -0.03308968
v -0.01086350 -0.11588822 -0.03395669
v -0.01327670 -0.11706322 -0.03579298
v -0.01161010 -0.11614522 -0.03480093
v -0.00494020 -0.11683922 -0.02445511
v -0.00456500 -0.11716022 -0.02165241
v -0.00485440 -0.11816622 -0.02380091
v -0.01654550 -0.11490522 -0.03056585
v -0.01447960 -0.11541422 -0.03186164
v -0.01574860 -0.11547222 -0.03263468
v -0.01062620 -0.11712322 -0.03545926
v -0.00949160 -0.11613922 -0.03406300
v -0.00864570 -0.11723522 -0.03493432
v -0.01420380 -0.11574322 -0.03326317
v -0.01764840 -0.11735622 -0.03364474
v -0.01696670 -0.11572722 -0.03312691
v -0.01656760 -0.11696922 -0.03458879
v -0.01793600 -0.11872822 -0.03370275
v -0.01861160 -0.11749722 -0.03149181
v -0.01861230 -0.11553922 -0.02929504
v -0.01338360 -0.11266022 -0.02348781
v -0.01502010 -0.11244722 -0.02212131
v -0.01887270 -0.11500322 -0.02700621
v -0.01335210 -0.11579322 -0.03250204
v -0.00389750 -0.11640722 -0.01615981
v -0.00389750 -0.11640722 -0.01615981
v -0.00820740 -0.11568822 -0.03209171
v -0.01791200 -0.11595922 -0.03206040
v -0.00390890 -0.11484122 -0.01603541
v -0.00390890 -0.11484122 -0.01603541
v -0.00444680 -0.11328722 -0.01665661
v -0.00444680 -0.11328722 -0.01665661
v -0.00715090 -0.11834922 -0.03452438
v -0.01013160 -0.11559222 -0.03150250
v -0.01433100 -0.11471522 -0.02990690
v -0.01521020 -0.11430422 -0.02870990
v -0.01619000 -0.11441222 -0.02738464
v -0.01411770 -0.11375722 -0.02668301
v -0.00938090 -0.11866522 -0.03596987
v -0.01244120 -0.11549622 -0.03113458
v -0.01209850 -0.11590322 -0.03417518
v -0.01210180 -0.11843422 -0.03644070
v -0.01784520 -0.11475722 -0.02980514
v -0.01812380 -0.11546622 -0.03068964
v -0.01721470 -0.11400722 -0.02593721
v -0.01555600 -0.11021722 -0.01496991
v -0.01779700 -0.11411822 -0.02810372
v -0.01809040 -0.11328722 -0.02339291
v -0.00669290 -0.11556522 -0.02813408
v -0.01417080 -0.11415822 -0.02861762
v -0.00365560 -0.11757922 -0.01385741
v -0.00365560 -0.11757922 -0.01385741
v -0.01835300 -0.11372122 -0.02613091
v -0.00651230 -0.11104822 -0.01542531
v -0.00651230 -0.11104822 -0.01542531
v -0.01239400 -0.11451622 -0.02852654
v -0.00517160 -0.11761222 -0.02949642
v -0.01797200 -0.11360722 -0.02480961
v -0.01502390 -0.11177222 -0.01992781
v -0.00696310 -0.11578122 -0.03013534
v -0.00600470 -0.11628722 -0.02937330
v -0.01292010 -0.11023622 -0.01703101
v -0.01292010 -0.11023622 -0.01703101
v -0.00499180 -0.11799522 -0.02636391
v -0.01350650 -0.11167222 -0.02077401
v -0.01150640 -0.01088562 0.00871929
v -0.01168860 -0.01447462 0.00893309
v -0.01109660 -0.01394092 0.01063189
v -0.00780450 -0.00303758 0.01283969
v -0.00861150 -0.00401914 0.01189289
v -0.00811720 -0.00423999 0.01273879
v -0.01144620 -0.02721892 0.01352059
v -0.01147130 -0.02497142 0.01313089
v -0.01189750 -0.02590312 0.01231589
v -0.01049460 -0.01400002 0.00074409
v -0.01128380 -0.01732132 0.00196269
v -0.01256970 -0.03041562 0.00494959
v -0.01297840 -0.03358692 0.00631559
v -0.01297840 -0.03358692 0.00631559
v -0.01285750 -0.03134082 0.00735289
v -0.01245680 -0.02449172 0.00744479
v -0.01227090 -0.02364082 0.00985369
v -0.01217800 -0.02043052 0.00837379
v -0.00974440 -0.00292482 0.01080119
v -0.00964150 -0.00498321 0.01115909
v -0.00920150 -0.00368976 0.01127539
v -0.00863220 -0.00275716 0.01169409
v -0.01071010 -0.01106662 0.01072949
v -0.01034420 -0.01340902 0.01207919
v -0.01194260 -0.03169862 0.01292229
v -0.01217750 -0.03473972 0.01352719
v -0.01217750 -0.03473972 0.01352719
v -0.01136160 -0.03290432 0.01533369
v -0.01136160 -0.03290432 0.01533369
v -0.01213190 -0.01755152 0.00608139
v -0.01210210 -0.01446252 0.00617119
v -0.01168270 -0.01518432 0.00365309
v -0.01186340 -0.02335862 0.01181639
v -0.01100400 -0.02292042 0.01354399
v -0.01138010 -0.01964532 0.01238659
v -0.01075800 -0.01605412 0.01244999
v -0.01144370 -0.01660932 0.01050259
v -0.01164770 -0.02245772 0.00278349
v -0.00684820 -0.00133269 0.01348179
v -0.00684820 -0.00133269 0.01348179
v -0.00678590 -0.00267570 0.01384449
v -0.00678590 -0.00267570 0.01384449
v -0.00624570 -0.00172630 0.01406369
v -0.00624570 -0.00172630 0.01406369
v -0.00624570 -0.00172630 0.01406369
v -0.00975110 -0.01456312 0.01358469
v -0.00975110 -0.01456312 0.01358469
v -0.00974620 -0.00945212 -0.00111891
v -0.00990390 -0.01748592 0.01446989
v -0.00990390 -0.01748592 0.01446989
v -0.01168980 -0.00901062 0.00624519
v -0.01157900 -0.00899952 0.00431719
v -0.01188930 -0.01125972 0.00559269
v -0.01197770 -0.01685782 0.00834499
v -0.00732670 -0.00508863 0.01388619
v -0.00732670 -0.00508863 0.01388619
v -0.01047380 -0.00649008 0.01005859
v -0.00979970 -0.00711094 0.01105919
v -0.01037020 -0.00423939 0.00999779
v -0.01039180 -0.00137710 0.00917409
v -0.01039180 -0.00137710 0.00917409
v -0.01083830 -0.00522621 0.00880649
v -0.00966010 -0.00134375 0.01055879
v -0.00886070 -0.00128619 0.01141499
v -0.00886070 -0.00128619 0.01141499
v -0.01021530 -0.02083982 0.01457049
v -0.01021530 -0.02083982 0.01457049
v -0.00913170 -0.01216902 0.01292199
v -0.00992260 -0.01198692 0.01211239
v -0.00974890 -0.01310032 0.01290999
v -0.01235340 -0.02645972 0.00500529
v -0.01195970 -0.02471802 0.00323669
v -0.01211100 -0.02304712 0.00489259
v -0.00791660 -0.00170636 0.01226769
v -0.00791660 -0.00170636 0.01226769
v -0.00910250 0.00026530 0.01070939
v -0.00910250 0.00026530 0.01070939
v -0.01004620 -0.02361542 0.01501469
v -0.01004620 -0.02361542 0.01501469
v -0.01085210 -0.02573902 0.01450109
v -0.01085210 -0.02573902 0.01450109
v -0.00940710 -0.01323982 0.01340809
v -0.00885190 -0.01303592 0.01416809
v -0.00885190 -0.01303592 0.01416809
v -0.00862500 -0.00519510 0.01224519
v -0.01103720 -0.02771282 0.01451709
v -0.00858180 -0.00678666 0.01278709
v -0.00913070 -0.00637465 0.01161699
v -0.01112290 -0.00318674 0.00434219
v -0.01062630 0.00068426 0.00318489
v -0.01062630 0.00068426 0.00318489
v -0.00957300 -0.00882692 0.01173539
v -0.00874210 -0.00882302 0.01299869
v -0.00874210 -0.00882302 0.01299869
v -0.00921650 -0.00763122 0.01200779
v -0.01282040 -0.03071332 0.00916799
v -0.01332290 -0.03511892 0.00876529
v -0.01332290 -0.03511892 0.00876529
v -0.01279860 -0.03336512 0.01120039
v -0.01279860 -0.03336512 0.01120039
v -0.01209480 -0.02074462 0.00591919
v -0.01189680 -0.01848232 0.00403919
v -0.01178330 -0.01899922 0.01003479
v -0.01129070 -0.00722421 0.00762969
v -0.01099050 -0.00825822 0.00938559
v -0.01149520 -0.00660896 0.00476009
v -0.01115420 -0.00569106 0.00278809
v -0.01200070 -0.02107272 0.01049999
v -0.01142100 -0.00582930 0.00596169
v -0.00861170 -0.01164192 0.01365759
v -0.00861170 -0.01164192 0.01365759
v -0.00905610 -0.01055282 0.01282569
v -0.01043470 -0.00870282 0.01076259
v -0.01162930 -0.03547332 0.01537039
v -0.01162930 -0.03547332 0.01537039
v -0.01162930 -0.03547332 0.01537039
v -0.01202940 -0.01459882 0.00772949
v -0.01275370 -0.02958002 0.00796939
v -0.00813010 -0.01056222 0.01429109
v -0.00813010 -0.01056222 0.01429109
v -0.01198880 -0.02828812 0.01207829
v -0.01127990 -0.02966312 0.01435849
v -0.01127990 -0.02966312 0.01435849
v -0.01165610 -0.01177322 0.00400079
v -0.01093370 -0.03463842 0.01670809
v -0.01093370 -0.03463842 0.01670809
v -0.01093370 -0.03463842 0.01670809
v -0.01053880 -0.02826742 0.01553139
v -0.01053880 -0.02826742 0.01553139
v -0.01104480 -0.00328593 0.00691099
v -0.01080240 0.00047567 0.00537369
v -0.01080240 0.00047567 0.00537369
v -0.01261830 -0.02808012 0.00830289
v -0.01250080 -0.02735572 0.00982919
v -0.01138610 -0.01995302 0.00213139
v -0.01187380 -0.02078262 0.00402869
v -0.00789830 -0.00795992 0.01389159
v -0.00789830 -0.00795992 0.01389159
v -0.01188390 -0.01257032 0.00727069
v -0.01250410 -0.03034702 0.01103429
v -0.01076440 -0.00016373 0.00714139
v -0.01076440 -0.00016373 0.00714139
v -0.01262110 -0.03383532 0.00453039
v -0.01262110 -0.03383532 0.00453039
v -0.01221490 -0.02573652 0.01116509
v -0.00992340 -0.01030292 0.01165719
v -0.01068940 -0.01125512 0.00109859
v -0.01115520 -0.01231402 0.00243439
v -0.01104990 -0.00924762 0.00202099
v -0.01262780 -0.02828362 0.00685899
v -0.00963320 -0.01113132 0.01232819
v -0.01743960 -0.08424792 0.02553729
v -0.01598610 -0.08193922 0.02599469
v -0.01688080 -0.08160272 0.02503639
v -0.01674790 -0.06834092 0.01758169
v -0.01691320 -0.06803382 0.01545869
v -0.01730940 -0.07076502 0.01738739
v -0.01942800 -0.08556222 0.02041699
v -0.01952800 -0.08495842 0.01760529
v -0.01909960 -0.08720512 0.01885979
v -0.01633890 -0.06537562 0.01713339
v -0.01633890 -0.06537562 0.01713339
v -0.01891670 -0.08733062 0.01639119
v -0.01891670 -0.08733062 0.01639119
v -0.01586580 -0.08382932 0.02663879
v -0.01681930 -0.08552572 0.02637709
v -0.01664090 -0.06420722 0.01328679
v -0.01664090 -0.06420722 0.01328679
v -0.01696210 -0.06777542 0.01280099
v -0.01696210 -0.06777542 0.01280099
v -0.01646290 -0.06377522 0.01507389
v -0.01646290 -0.06377522 0.01507389
v -0.01699050 -0.07505072 0.02113719
v -0.01762540 -0.07621262 0.02027209
v -0.01709190 -0.07658872 0.02160399
v -0.01563610 -0.08610412 0.02721099
v -0.01694300 -0.08774542 0.02684579
v -0.01748000 -0.08642712 0.02607089
v -0.01809860 -0.08656912 0.02552239
v -0.01784950 -0.08788432 0.02616069
v -0.01630690 -0.07338482 0.02157359
v -0.01700540 -0.07324332 0.02025049
v -0.01436580 -0.08188502 0.02684849
v -0.01436580 -0.08188502 0.02684849
v -0.01475420 -0.08050502 0.02633589
v -0.01475420 -0.08050502 0.02633589
v -0.01879800 -0.08576732 0.02406949
v -0.01806940 -0.08102992 0.02316219
v -0.01840010 -0.08020582 0.02199359
v -0.01885570 -0.08290482 0.02247369
v -0.01723480 -0.07052692 0.01092149
v -0.01723480 -0.07052692 0.01092149
v -0.01633230 -0.06993502 0.00800829
v -0.01633230 -0.06993502 0.00800829
v -0.01707460 -0.07358882 0.00886479
v -0.01836360 -0.08854602 0.02550029
v -0.01647180 -0.07560692 0.02224939
v -0.01589570 -0.08815302 0.02749309
v -0.01509060 -0.08938352 0.02775449
v -0.01509060 -0.08938352 0.02775449
v -0.01458740 -0.08745162 0.02779539
v -0.01458740 -0.08745162 0.02779539
v -0.01766800 -0.08963512 0.02651799
v -0.01888770 -0.08879462 0.02097719
v -0.01888770 -0.08879462 0.02097719
v -0.01861000 -0.09031572 0.02346389
v -0.01861000 -0.09031572 0.02346389
v -0.01902040 -0.08747222 0.02274349
v -0.01935170 -0.08439812 0.02180869
v -0.01938230 -0.08287622 0.02057179
v -0.01797010 -0.08265232 0.02407069
v -0.01924210 -0.08570332 0.02249749
v -0.01556420 -0.07416122 0.02293459
v -0.01492140 -0.07504812 0.02409359
v -0.01423860 -0.07294502 0.02387099
v -0.01730020 -0.08041052 0.02412199
v -0.01640990 -0.07989092 0.02488239
v -0.01441710 -0.08395182 0.02735729
v -0.01441710 -0.08395182 0.02735729
v -0.01441710 -0.08395182 0.02735729
v -0.01573050 -0.08016972 0.02563949
v -0.01807680 -0.09101332 0.02588299
v -0.01807680 -0.09101332 0.02588299
v -0.01563270 -0.07201592 0.00648869
v -0.01563270 -0.07201592 0.00648869
v -0.01431010 -0.07907042 0.02603039
v -0.01431010 -0.07907042 0.02603039
v -0.01392100 -0.07726932 0.02571739
v -0.01392100 -0.07726932 0.02571739
v -0.01533880 -0.07861322 0.02526639
v -0.01767930 -0.07811102 0.02166479
v -0.01845140 -0.07889322 0.02043729
v -0.01630550 -0.07836492 0.02406969
v -0.01503780 -0.07672312 0.02473259
v -0.01581870 -0.07619652 0.02347319
v -0.01754060 -0.07927352 0.02303229
v -0.01918110 -0.08022772 0.01871219
v -0.01831800 -0.07677622 0.01832099
v -0.01898110 -0.08108852 0.02082979
v -0.01885510 -0.07756662 0.01572229
v -0.01945990 -0.08054842 0.01330129
v -0.01957480 -0.08110142 0.01635119
v -0.01841780 -0.07558882 0.01407059
v -0.01841210 -0.07536662 0.01515219
v -0.01956340 -0.08472602 0.01517069
v -0.01795740 -0.07349622 0.01599419
v -0.01816430 -0.07435612 0.01479359
v -0.01678060 -0.07738942 0.02268509
v -0.01971810 -0.08315772 0.01643189
v -0.01968280 -0.08291352 0.01841039
v -0.01351310 -0.07512122 0.02512849
v -0.01351310 -0.07512122 0.02512849
v -0.01877510 -0.07890392 0.01096729
v -0.01917300 -0.08139122 0.01088379
v -0.01529930 -0.07192012 0.02233719
v -0.01605170 -0.07040032 0.02081019
v -0.01874250 -0.07717272 0.01278919
v -0.01809460 -0.07421702 0.01204819
v -0.01811950 -0.07605462 0.01071289
v -0.01760830 -0.07346272 0.01858519
v -0.01966310 -0.08251222 0.01476019
v -0.01276080 -0.07320872 0.02494109
v -0.01276080 -0.07320872 0.02494109
v -0.01675300 -0.07745602 0.00688549
v -0.01465390 -0.07445072 0.00466639
v -0.01442080 -0.08049192 0.00391719
v -0.01442080 -0.08049192 0.00391719
v -0.01798270 -0.07323092 0.01349569
v -0.01767480 -0.07378482 0.01045949
v -0.01786900 -0.07733392 0.00918759
v -0.01616960 -0.06780192 0.01897889
v -0.01556440 -0.06513162 0.01904419
v -0.01556440 -0.06513162 0.01904419
v -0.01956640 -0.08377422 0.01373269
v -0.01958560 -0.08542022 0.01305449
v -0.01967640 -0.08274002 0.01314669
v -0.01291640 -0.07127122 0.02430829
v -0.01291640 -0.07127122 0.02430829
v -0.01696800 -0.07061982 0.01896429
v -0.01078840 -0.07387472 0.00253319
v -0.01078840 -0.07387472 0.00253319
v -0.01078840 -0.07387472 0.00253319
v -0.01404500 -0.08564132 0.02787679
v -0.01404500 -0.08564132 0.02787679
v -0.01424610 -0.07039762 0.02302579
v -0.01906710 -0.08475302 0.02276469
v -0.01394300 -0.06815172 0.02269399
v -0.01292260 -0.06893052 0.02376279
v -0.01292260 -0.06893052 0.02376279
v -0.01755970 -0.08237132 0.00644449
v -0.01755970 -0.08237132 0.00644449
v -0.01835140 -0.08021432 0.00894479
v -0.01376400 -0.06256162 0.02102039
v -0.01376400 -0.06256162 0.02102039
v -0.01448760 -0.06577352 0.02126069
v -0.01317480 -0.06438852 0.02234769
v -0.01317480 -0.06438852 0.02234769
v -0.01317480 -0.06438852 0.02234769
v -0.01955220 -0.08248232 0.01185709
v -0.01972000 -0.08413482 0.01206859
v -0.01320560 -0.06674582 0.02291109
v -0.01320560 -0.06674582 0.02291109
v -0.01873210 -0.08859342 0.02429459
v -0.01490880 -0.06867722 0.02173249
v -0.01866750 -0.08977622 0.01839729
v -0.01866750 -0.08977622 0.01839729
v -0.01920010 -0.08733732 0.01373969
v -0.01920010 -0.08733732 0.01373969
v -0.01742560 -0.07057952 0.01368819
v -0.00925920 -0.08807612 0.00013049
v -0.00925920 -0.08807612 0.00013049
v -0.00925920 -0.08807612 0.00013049
v -0.00925920 -0.08807612 0.00013049
v -0.01931010 -0.08409812 0.00931519
v -0.01931010 -0.08409812 0.00931519
v -0.01939250 -0.08702862 0.01110529
v -0.01939250 -0.08702862 0.01110529
v -0.01508570 -0.07033782 0.02200679
v -0.01407030 -0.07048902 0.00448409
v -0.01407030 -0.07048902 0.00448409
v -0.01407030 -0.07048902 0.00448409
v -0.01549200 -0.06763062 0.02037789
v -0.01493130 -0.06239522 0.01921439
v -0.01493130 -0.06239522 0.01921439
v -0.01839790 -0.09007542 0.02494159
v -0.01839790 -0.09007542 0.02494159
v 0.01241227 0.12739878 -0.00208891
v 0.01252132 0.13037778 -0.00264891
v 0.01056095 0.12922478 -0.00287411
v 0.01061334 0.13212678 -0.00332211
v 0.00926415 0.13123878 -0.00377441
v 0.00969151 0.13586478 -0.00426121
v 0.00940437 0.13348778 -0.00390531
v 0.01112084 0.13476478 -0.00337091
v 0.01097699 0.13732878 -0.00384511
v 0.01223447 0.13702178 -0.00339001
v 0.01266637 0.13960878 -0.00367041
v 0.01147330 0.13105278 -0.00296781
v 0.01235274 0.13291978 -0.00292161
v 0.01298518 0.13565578 -0.00307151
v 0.01098719 0.13994978 -0.00434801
v 0.01357657 0.13804678 -0.00325881
v 0.00842346 0.13071778 -0.00428301
v 0.00811407 0.13252678 -0.00471391
v 0.00760660 0.13033378 -0.00489171
v 0.00866436 0.12918578 -0.00376101
v 0.00856627 0.13483278 -0.00488171
v 0.00892615 0.13602678 -0.00488511
v 0.00950205 0.12739878 -0.00299361
v 0.01062878 0.12603478 -0.00235951
v 0.01062878 0.12603478 -0.00235951
v 0.00671870 0.13227678 -0.00622551
v 0.00900819 0.13730478 -0.00489811
v 0.00754030 0.13440778 -0.00581231
v 0.00897041 0.12524478 -0.00276801
v 0.00897041 0.12524478 -0.00276801
v 0.00988068 0.13796578 -0.00443721
v 0.01349133 0.14716078 -0.00626931
v 0.01169069 0.14653778 -0.00607611
v 0.01169069 0.14653778 -0.00607611
v 0.01311600 0.14620178 -0.00537731
v 0.01387916 0.14531078 -0.00477851
v 0.01224649 0.14470978 -0.00485231
v 0.01187523 0.14572978 -0.00546161
v 0.01402419 0.14200478 -0.00378341
v 0.01538524 0.14144778 -0.00349201
v 0.01542610 0.14322078 -0.00387051
v 0.01520455 0.14640478 -0.00559901
v 0.01315175 0.14426678 -0.00455051
v 0.01249987 0.14247978 -0.00435551
v 0.01421276 0.14395078 -0.00431411
v 0.01542639 0.14509978 -0.00482141
v 0.00827222 0.13628678 -0.00531341
v 0.01377131 0.13949678 -0.00347741
v 0.01539046 0.14422378 -0.00429081
v 0.01637266 0.14427878 -0.00426741
v 0.01416359 0.14056478 -0.00355681
v 0.00843535 0.12690978 -0.00353171
v 0.00755040 0.12515478 -0.00365241
v 0.00755040 0.12515478 -0.00365241
v 0.00746920 0.12770878 -0.00436291
v 0.00623680 0.12903278 -0.00590051
v 0.00627710 0.12576378 -0.00496941
v 0.00627710 0.12576378 -0.00496941
v 0.00568950 0.12699178 -0.00602951
v 0.00525680 0.12508978 -0.00621821
v 0.00525680 0.12508978 -0.00621821
v 0.01351302 0.12875978 -0.00206701
v 0.01479939 0.12978578 -0.00218541
v 0.01393426 0.13043878 -0.00232011
v 0.01203305 0.12544478 -0.00187951
v 0.01203305 0.12544478 -0.00187951
v 0.01300303 0.12527578 -0.00173201
v 0.01300303 0.12527578 -0.00173201
v 0.01300303 0.12527578 -0.00173201
v 0.01432994 0.12726478 -0.00186771
v 0.01432994 0.12726478 -0.00186771
v 0.02052791 0.13708378 -0.00514591
v 0.02052791 0.13708378 -0.00514591
v 0.01879285 0.13704778 -0.00385281
v 0.01963098 0.13472178 -0.00429161
v 0.01963098 0.13472178 -0.00429161
v 0.01813553 0.13399678 -0.00339981
v 0.01813553 0.13399678 -0.00339981
v 0.01978196 0.13905278 -0.00464681
v 0.02080950 0.13939878 -0.00556131
v 0.02176975 0.14015378 -0.00632041
v 0.02176975 0.14015378 -0.00632041
v 0.02014470 0.14155078 -0.00538471
v 0.02146580 0.13841778 -0.00609391
v 0.02146580 0.13841778 -0.00609391
v 0.02202091 0.14230178 -0.00678521
v 0.02202091 0.14230178 -0.00678521
v 0.01460083 0.13694178 -0.00305031
v 0.01577681 0.13550478 -0.00289851
v 0.01622997 0.13782478 -0.00315941
v 0.01500776 0.13945478 -0.00336321
v 0.01381574 0.13199978 -0.00261171
v 0.01419479 0.13439878 -0.00274041
v 0.01520057 0.13326778 -0.00262301
v 0.01664812 0.14016178 -0.00349141
v 0.01473474 0.13137178 -0.00244421
v 0.01598768 0.13149378 -0.00262571
v 0.01619490 0.12887278 -0.00246541
v 0.01619490 0.12887278 -0.00246541
v 0.01658345 0.13381778 -0.00285241
v 0.01715053 0.13247578 -0.00290801
v 0.01715053 0.13247578 -0.00290801
v 0.01698795 0.13089078 -0.00281041
v 0.01698795 0.13089078 -0.00281041
v 0.00738550 0.13638778 -0.00609981
v 0.00792776 0.13544478 -0.00550241
v 0.00673340 0.13468678 -0.00678071
v 0.00619090 0.13648078 -0.00749241
v 0.00619090 0.13648078 -0.00749241
v 0.00811901 0.13776878 -0.00554411
v 0.00724270 0.13882778 -0.00644231
v 0.00724270 0.13882778 -0.00644231
v 0.00903480 0.13993378 -0.00529201
v 0.01060941 0.14262378 -0.00493531
v 0.00793619 0.14137378 -0.00642141
v 0.00793619 0.14137378 -0.00642141
v 0.00911857 0.14306578 -0.00585581
v 0.00911857 0.14306578 -0.00585581
v 0.01061426 0.14505678 -0.00553451
v 0.01061426 0.14505678 -0.00553451
v 0.01203699 0.14734178 -0.00692551
v 0.01203699 0.14734178 -0.00692551
v 0.01336097 0.14774078 -0.00774311
v 0.01336097 0.14774078 -0.00774311
v 0.01663469 0.14737678 -0.01056771
v 0.01663469 0.14737678 -0.01056771
v 0.01861472 0.14715678 -0.00969201
v 0.01843199 0.14689278 -0.01285471
v 0.01843199 0.14689278 -0.01285471
v 0.01843199 0.14689278 -0.01285471
v 0.01458934 0.14763178 -0.00916181
v 0.01458934 0.14763178 -0.00916181
v 0.01633389 0.14757378 -0.00865231
v 0.01504090 0.14772778 -0.00804771
v 0.01587957 0.14756778 -0.00701981
v 0.00575640 0.13393478 -0.00798621
v 0.00575640 0.13393478 -0.00798621
v 0.00520100 0.13125578 -0.00781281
v 0.00520100 0.13125578 -0.00781281
v 0.00490320 0.12777878 -0.00740601
v 0.00490320 0.12777878 -0.00740601
v 0.00438040 0.12566778 -0.00773231
v 0.00438040 0.12566778 -0.00773231
v 0.00438040 0.12566778 -0.00773231
v 0.02164665 0.14565978 -0.00850351
v 0.02164665 0.14565978 -0.00850351
v 0.02188670 0.14595578 -0.01064451
v 0.02188670 0.14595578 -0.01064451
v 0.02049648 0.14672378 -0.00939361
v 0.01945107 0.14673178 -0.00802301
v 0.01813689 0.14561878 -0.00564831
v 0.01706937 0.14671478 -0.00615571
v 0.01672061 0.14604678 -0.00551161
v 0.01773786 0.14703178 -0.00715351
v 0.01868215 0.14639378 -0.00678541
v 0.02041368 0.14668278 -0.01103761
v 0.02041368 0.14668278 -0.01103761
v 0.01772176 0.14731678 -0.00810901
v 0.02111577 0.14386478 -0.00640111
v 0.02218377 0.14363978 -0.00728031
v 0.02218377 0.14363978 -0.00728031
v 0.02180716 0.14484078 -0.00730491
v 0.02010241 0.14558578 -0.00663501
v 0.02287580 0.14426778 -0.00827551
v 0.02287580 0.14426778 -0.00827551
v 0.01749658 0.13836878 -0.00341081
v 0.01846391 0.14025678 -0.00402971
v 0.01960822 0.14411678 -0.00536011
v 0.01787244 0.14420678 -0.00459391
v 0.01708419 0.14243278 -0.00390311
v 0.01680542 0.14541178 -0.00482441
v 0.01866612 0.14268078 -0.00461171
v 0.01601357 0.14573278 -0.00529891
v 0.01711816 0.13620478 -0.00319381
v 0.02035723 0.09983988 -0.01946661
v 0.01975816 0.09613288 -0.01983001
v 0.01917302 0.09896018 -0.02166641
v 0.00495900 0.10068048 -0.02338001
v 0.00373170 0.09650138 -0.02168051
v 0.00373170 0.09650138 -0.02168051
v 0.00368770 0.10232358 -0.02192821
v 0.00368770 0.10232358 -0.02192821
v 0.02136809 0.09504898 -0.01210471
v 0.02160883 0.09690328 -0.01311361
v 0.02149867 0.09622218 -0.01101781
v 0.00074990 0.08425978 -0.01665111
v 0.00074990 0.08425978 -0.01665111
v 0.00163380 0.08734588 -0.01795531
v 0.00163380 0.08734588 -0.01795531
v 0.00166570 0.08470038 -0.01837941
v 0.01984751 0.08265228 -0.01268871
v 0.01960520 0.08211918 -0.01430711
v 0.02004163 0.08508918 -0.01425951
v 0.01898158 0.08477468 -0.00517041
v 0.01984556 0.08517678 -0.00788291
v 0.01982757 0.08852908 -0.00621511
v 0.01982757 0.08852908 -0.00621511
v 0.01564800 0.07549668 0.00057449
v 0.01602576 0.07748538 -0.00012341
v 0.01540238 0.07805528 0.00088319
v 0.01540238 0.07805528 0.00088319
v 0.02129056 0.09519288 -0.01390551
v 0.01398658 0.12068778 -0.02798718
v 0.01398658 0.12068778 -0.02798718
v 0.01737872 0.11523878 -0.02669841
v 0.01707892 0.11007078 -0.02635631
v 0.01554916 0.10552878 -0.02669831
v 0.01710388 0.10381578 -0.02539051
v 0.02207623 0.10792478 -0.01183651
v 0.02207623 0.10792478 -0.01183651
v 0.02170381 0.10417878 -0.01183131
v 0.02170381 0.10417878 -0.01183131
v 0.02177633 0.10530178 -0.01412421
v 0.02190936 0.11203178 -0.01951771
v 0.02128916 0.11096478 -0.02062141
v 0.02186571 0.11414478 -0.02076761
v 0.02186571 0.11414478 -0.02076761
v 0.00324040 0.08582718 -0.02060951
v 0.00413630 0.09356418 -0.02194841
v 0.00617730 0.09455788 -0.02419921
v 0.01618524 0.06789218 -0.00009241
v 0.01618524 0.06789218 -0.00009241
v 0.01705223 0.07101178 -0.00130371
v 0.01569302 0.07075448 0.00062379
v 0.02146648 0.10126738 -0.01126871
v 0.02146648 0.10126738 -0.01126871
v 0.02166065 0.10148818 -0.01368361
v 0.02274779 0.11379078 -0.01786921
v 0.02274779 0.11379078 -0.01786921
v 0.02274779 0.11379078 -0.01786921
v 0.02155214 0.10930778 -0.01861751
v 0.01830897 0.08218218 -0.00453231
v 0.01908361 0.08247538 -0.00664511
v 0.01909852 0.09033228 -0.01862611
v 0.01968433 0.08853608 -0.01674981
v 0.01864937 0.08620288 -0.01827931
v 0.01260179 0.09552878 -0.02501571
v 0.01751980 0.09350618 -0.02151471
v 0.01610491 0.09119078 -0.02178311
v 0.01808825 0.10063948 -0.02353691
v 0.01636221 0.09941288 -0.02485211
v 0.01946961 0.10624278 -0.02273251
v 0.02028435 0.10375578 -0.02048241
v 0.01925141 0.10199218 -0.02210671
v 0.00275980 0.09144608 -0.02013521
v 0.00275980 0.09144608 -0.02013521
v 0.01915344 0.11160178 -0.02466071
v 0.02020929 0.11442778 -0.02384531
v 0.02058016 0.11172478 -0.02254571
v 0.01953420 0.08262758 -0.00890851
v 0.01902675 0.08008328 -0.00786601
v 0.02164096 0.10290778 -0.01572171
v 0.00521620 0.12014478 -0.02482081
v 0.00701600 0.12603378 -0.02580111
v 0.00701600 0.12603378 -0.02580111
v 0.00701600 0.12603378 -0.02580111
v 0.00575100 0.11261278 -0.02410641
v 0.00575100 0.11261278 -0.02410641
v 0.01854119 0.08013178 -0.00572171
v 0.01660220 0.07511958 -0.00107161
v 0.01774866 0.07161488 -0.00325331
v 0.01733067 0.07357168 -0.00256991
v 0.01976430 0.10905478 -0.02296111
v 0.01905969 0.07987798 -0.01517991
v 0.01928278 0.08298148 -0.01618911
v 0.01832758 0.07406808 -0.00626891
v 0.02236573 0.10987878 -0.01526101
v 0.02236573 0.10987878 -0.01526101
v 0.02158983 0.10576978 -0.01669981
v 0.01477656 0.07304128 0.00158759
v 0.01524872 0.07448898 0.00118229
v 0.01467238 0.07605668 0.00164459
v 0.01467238 0.07605668 0.00164459
v 0.01770367 0.08942698 -0.02042271
v 0.01600403 0.08697448 -0.02111691
v 0.02144343 0.09705858 -0.01524011
v 0.02094570 0.10570278 -0.01896871
v 0.02043111 0.08769068 -0.01238171
v 0.02014852 0.08565078 -0.01081531
v 0.02015506 0.08484218 -0.01224581
v 0.02045636 0.10779078 -0.02106311
v 0.01897287 0.11903478 -0.02624761
v 0.01897287 0.11903478 -0.02624761
v 0.01786333 0.08369308 -0.00273651
v 0.01786333 0.08369308 -0.00273651
v 0.01805839 0.08159848 -0.01818631
v 0.01840163 0.07966908 -0.01678401
v 0.01731804 0.07642938 -0.00292901
v 0.01765045 0.07991148 -0.00333541
v 0.01665809 0.07853228 -0.00132871
v 0.01589494 0.07983378 0.00010539
v 0.01589494 0.07983378 0.00010539
v 0.02109944 0.10266978 -0.01794261
v 0.02097767 0.09324008 -0.01251171
v 0.02092612 0.09367808 -0.01413591
v 0.01609140 0.07289898 0.00005549
v 0.01674847 0.08136578 -0.00115521
v 0.01674847 0.08136578 -0.00115521
v 0.01387377 0.07462098 0.00228219
v 0.01387377 0.07462098 0.00228219
v 0.01988161 0.08335498 -0.01099191
v 0.01995426 0.08440518 -0.00965481
v 0.02011170 0.08558308 -0.00943751
v 0.01592398 0.08087458 -0.02023961
v 0.00140710 0.08230208 -0.01796691
v 0.01820639 0.07702118 -0.00543861
v 0.01876713 0.07854358 -0.00686811
v 0.02074533 0.09444828 -0.01624321
v 0.02097387 0.09742188 -0.01755731
v 0.01343072 0.07256878 0.00269489
v 0.02137947 0.09847468 -0.01002881
v 0.02137947 0.09847468 -0.01002881
v 0.02168016 0.09897678 -0.01215041
v 0.02066339 0.09075508 -0.01111831
v 0.02031821 0.08765248 -0.00946161
v 0.01867870 0.08688628 -0.00364931
v 0.01867870 0.08688628 -0.00364931
v 0.01925930 0.08028848 -0.01053641
v 0.02136963 0.09997308 -0.01622411
v 0.00835461 0.10471078 -0.02541231
v 0.01775160 0.06934218 -0.00315951
v 0.02058437 0.09098658 -0.00869151
v 0.02098837 0.09352178 -0.01056661
v 0.02089655 0.09485888 -0.00865651
v 0.02089655 0.09485888 -0.00865651
v 0.02168220 0.09885668 -0.01409361
v 0.01272825 0.08290508 -0.02273991
v 0.01549741 0.07248438 0.00071409
v 0.01548756 0.07355418 0.00074339
v 0.02012484 0.09118578 -0.01647001
v 0.01967773 0.09307308 -0.01862671
v 0.01924075 0.07964278 -0.01300871
v 0.00650560 0.08847388 -0.02435231
v 0.00868118 0.08496188 -0.02447111
v 0.02033592 0.09211148 -0.00704871
v 0.02033592 0.09211148 -0.00704871
v 0.02055595 0.09141288 -0.01393771
v 0.02027559 0.08840788 -0.01487151
v 0.01980830 0.08634408 -0.01603501
v 0.01784660 0.07393658 -0.00433081
v 0.00771420 0.07642028 -0.02306811
v 0.00771420 0.07642028 -0.02306811
v 0.01879772 0.07677758 -0.00806511
v 0.01274021 0.07432188 0.00304059
v 0.01274021 0.07432188 0.00304059
v 0.01210982 0.07235058 0.00357609
v 0.01210982 0.07235058 0.00357609
v 0.01210982 0.07235058 0.00357609
v 0.00463620 0.11787378 -0.02393651
v 0.00463620 0.11787378 -0.02393651
v 0.00458640 0.12318478 -0.02336231
v 0.00458640 0.12318478 -0.02336231
v 0.00458640 0.12318478 -0.02336231
v 0.01746396 0.08367168 -0.01939581
v 0.00057390 0.07863368 -0.01664321
v 0.00057390 0.07863368 -0.01664321
v -0.00037730 0.07639698 -0.01433481
v -0.00037730 0.07639698 -0.01433481
v -0.00037730 0.07639698 -0.01433481
v 0.00001330 0.07997348 -0.01476611
v 0.00001330 0.07997348 -0.01476611
v 0.01840378 0.10536078 -0.02426211
v 0.01287377 0.07091998 0.00326149
v 0.01287377 0.07091998 0.00326149
v 0.01408093 0.07041468 0.00217119
v 0.01408093 0.07041468 0.00217119
v 0.02104504 0.11523678 -0.02265641
v 0.02104504 0.11523678 -0.02265641
v 0.01793138 0.09699848 -0.02288501
v 0.00050410 0.08176198 -0.01603901
v 0.00050410 0.08176198 -0.01603901
v 0.00495120 0.08133198 -0.02272211
v 0.00495120 0.08133198 -0.02272211
v 0.00246890 0.07767628 -0.01996741
v 0.00246890 0.07767628 -0.01996741
v 0.01493139 0.06843008 0.00130279
v 0.01493139 0.06843008 0.00130279
v 0.00180740 0.07972978 -0.01872481
v 0.00180740 0.07972978 -0.01872481
v 0.01616643 0.09611848 -0.02344211
v 0.01973005 0.11589578 -0.02467201
v 0.02083830 0.11911178 -0.02386501
v 0.02083830 0.11911178 -0.02386501
v -0.00111180 -0.09100372 0.00687569
v -0.00111180 -0.09100372 0.00687569
v -0.00196150 -0.09323752 0.00721509
v -0.00295620 -0.09361502 0.00562949
v -0.00384830 -0.10025822 0.01232599
v -0.00421800 -0.10057022 0.01364049
v -0.00365360 -0.10154822 0.01253119
v -0.00184970 -0.09370662 0.01276119
v -0.00230490 -0.09490692 0.01464559
v -0.00270360 -0.09616082 0.01219349
v -0.00266800 -0.10177822 0.01450589
v -0.00219680 -0.10330022 0.01481669
v -0.00269580 -0.10203522 0.01338669
v -0.00489740 -0.11229422 -0.01534191
v -0.00858600 -0.10803822 -0.01187561
v -0.00659930 -0.10927922 -0.01139591
v -0.00401770 -0.10084622 0.01146299
v -0.00387440 -0.10099022 0.01206629
v -0.00347240 -0.10153022 0.01365669
v -0.00371260 -0.10110022 0.01500049
v -0.00327510 -0.10161722 0.01312059
v -0.01058930 -0.10384122 -0.00618521
v -0.01058930 -0.10384122 -0.00618521
v -0.00529650 -0.08902422 0.00115129
v -0.00529650 -0.08902422 0.00115129
v -0.00571330 -0.09365012 -0.00027571
v -0.00994580 -0.10715722 -0.01132651
v -0.00409450 -0.09992122 0.01920449
v -0.00409450 -0.09992122 0.01920449
v -0.00393770 -0.10053522 0.01809609
v -0.00389260 -0.09919622 0.01773529
v -0.00348700 -0.10076522 0.01896839
v -0.00337500 -0.10098122 0.01632509
v -0.00409730 -0.10034722 0.01616859
v -0.00384360 -0.10058322 0.01715769
v -0.00286800 -0.10114322 0.01754949
v -0.00266470 -0.10190622 0.01603109
v -0.00209680 -0.10287322 0.01829389
v -0.00154530 -0.10563122 0.01888419
v -0.00154530 -0.10563122 0.01888419
v -0.00165960 -0.10535522 0.01666899
v -0.00165960 -0.10535522 0.01666899
v -0.00249030 -0.09193752 0.00409789
v -0.00249030 -0.09193752 0.00409789
v -0.00280850 -0.10091522 0.02036669
v -0.00280850 -0.10091522 0.02036669
v -0.00265590 -0.10135422 0.01877479
v -0.00387470 -0.09955722 0.01510439
v -0.00344700 -0.09835822 0.01349609
v -0.00336810 -0.09761122 0.01613199
v -0.00282900 -0.08890392 0.00330129
v -0.00282900 -0.08890392 0.00330129
v -0.00387200 -0.09274312 0.00186839
v -0.00155890 -0.10651822 0.01398109
v -0.00155890 -0.10651822 0.01398109
v -0.00338020 -0.09671702 0.01964749
v -0.00338020 -0.09671702 0.01964749
v -0.00353680 -0.09957522 0.00907769
v -0.00304580 -0.09821622 0.00969249
v -0.00349150 -0.09895522 0.01105259
v -0.00230840 -0.10300622 0.01226259
v -0.00167990 -0.10448622 0.02168149
v -0.00167990 -0.10448622 0.02168149
v -0.00167990 -0.10448622 0.02168149
v -0.00199040 -0.09501682 0.00963009
v -0.00276600 -0.09714772 0.00883139
v -0.00209310 -0.09499752 0.00856569
v -0.00086600 -0.09138072 0.01391889
v -0.00086600 -0.09138072 0.01391889
v -0.00142150 -0.09233862 0.01626069
v -0.00142150 -0.09233862 0.01626069
v -0.00257430 -0.09470402 0.01712549
v -0.00257430 -0.09470402 0.01712549
v -0.00257430 -0.09470402 0.01712549
v -0.00262670 -0.09661632 0.01036049
v -0.00118230 -0.09208482 0.01192099
v -0.00118230 -0.09208482 0.01192099
v -0.00778880 -0.09754722 -0.00313991
v -0.00180720 -0.09423052 0.01112469
v -0.00111860 -0.09210242 0.00937789
v -0.00111860 -0.09210242 0.00937789
v -0.00356410 -0.10158922 0.00885819
v -0.00376370 -0.10093822 0.01017439
v -0.00228060 -0.10474322 0.01049899
v -0.00163360 -0.10762922 0.01090659
v -0.00163360 -0.10762922 0.01090659
v -0.00235650 -0.10597522 0.00857459
v -0.00278610 -0.10330022 0.00845899
v -0.00289250 -0.10255722 0.01024419
v -0.00346390 -0.10185922 0.01122349
v -0.00344250 -0.11888322 -0.01086681
v -0.00344250 -0.11888322 -0.01086681
v -0.00395790 -0.12032922 -0.01182251
v -0.00395790 -0.12032922 -0.01182251
v -0.00396340 -0.09870122 0.01975019
v -0.00396340 -0.09870122 0.01975019
v -0.00361190 -0.11526922 -0.01340471
v -0.00383630 -0.09916322 0.01629419
v -0.00401610 -0.11306522 -0.01447131
v -0.00344600 -0.11429522 -0.01051791
v -0.00389950 -0.11265622 -0.01178791
v -0.00330520 -0.11654422 -0.01091511
v -0.00330520 -0.11654422 -0.01091511
v -0.00213550 -0.10236222 0.02100829
v -0.00213550 -0.10236222 0.02100829
v -0.00361820 -0.10089422 0.00777509
v -0.00342450 -0.10208722 0.00794679
v -0.00323910 -0.10449022 0.00690789
v -0.01152640 -0.10736422 -0.01189951
v -0.00489550 -0.11142522 -0.01252831
v -0.00534590 -0.11152422 -0.01395041
v -0.00216480 -0.11098122 0.00313609
v -0.00177780 -0.11330322 0.00354549
v -0.00177780 -0.11330322 0.00354549
v -0.00223190 -0.11318522 0.00087849
v -0.00223190 -0.11318522 0.00087849
v -0.00328180 -0.10225022 0.00689309
v -0.00289710 -0.10657122 0.00677279
v -0.00168810 -0.11105922 0.00571829
v -0.00168810 -0.11105922 0.00571829
v -0.00267330 -0.10817622 0.00507489
v -0.00181660 -0.10900522 0.00806339
v -0.00181660 -0.10900522 0.00806339
v -0.00481610 -0.11053422 -0.01049021
v -0.00409100 -0.11155622 -0.01027211
v -0.00412580 -0.11098122 -0.00866051
v -0.00377900 -0.11246922 -0.00993831
v -0.00363890 -0.11314822 -0.00880771
v -0.00352260 -0.11237822 -0.00685731
v -0.00328750 -0.11512622 -0.00790761
v -0.00328750 -0.11512622 -0.00790761
v -0.00306650 -0.11432522 -0.00491721
v -0.00306650 -0.11432522 -0.00491721
v -0.00258960 -0.11121922 0.00088149
v -0.00373170 -0.10097922 0.00488189
v -0.00379200 -0.10055322 0.00672129
v -0.00439620 -0.10949822 -0.00627141
v -0.00341880 -0.11122422 -0.00583151
v -0.00268650 -0.10575222 0.00381389
v -0.00289150 -0.10872022 0.00244189
v -0.00299750 -0.10692222 0.00245959
v -0.00381400 -0.09910122 0.00655879
v -0.00638670 -0.10837522 -0.00810241
v -0.00362800 -0.11029522 -0.00493081
v -0.00325620 -0.11220822 -0.00473251
v -0.00338020 -0.10318822 0.00599169
v -0.00273130 -0.11229022 -0.00186891
v -0.00273130 -0.11229022 -0.00186891
v -0.00297360 -0.10996022 0.00028339
v -0.00309720 -0.10767922 0.00120009
v -0.00334260 -0.11071822 -0.00334171
v -0.00337900 -0.10893822 -0.00121631
v -0.00281590 -0.10492622 0.00556479
v -0.00342480 -0.09500402 0.00392599
v -0.00411080 -0.09786022 0.00376239
v -0.00432370 -0.09657542 0.00264249
v -0.00432940 -0.10895622 -0.00482531
v -0.00373040 -0.09436732 0.00248649
v -0.00424010 -0.10583922 -0.00078731
v -0.00356400 -0.10634722 0.00048439
v -0.00338830 -0.10506922 0.00248489
v -0.00323020 -0.09600282 0.00639689
v -0.00380760 -0.09650412 0.00511669
v -0.00455530 -0.09820422 0.00281679
v -0.00722400 -0.10652322 -0.00530231
v -0.00417180 -0.10837122 -0.00318561
v -0.00525300 -0.09838122 0.00161719
v -0.00461950 -0.10006422 0.00267049
v -0.00566190 -0.10744522 -0.00412971
v -0.00507940 -0.09561572 0.00133389
v -0.00786370 -0.10278522 -0.00391121
v -0.00489060 -0.10383422 -0.00030671
v -0.00540030 -0.10138422 0.00032129
v -0.00427380 -0.10334722 0.00143589
v -0.00687290 -0.10512222 -0.00352591
v -0.00569350 -0.10471322 -0.00198371
v -0.00700530 -0.10286122 -0.00259211
v -0.00644800 -0.10146122 -0.00136531
v -0.00706430 -0.09953722 -0.00198981
v -0.00614870 -0.09835222 -0.00008001
v -0.00374960 -0.09813622 0.00626939
v -0.00220100 -0.09442342 0.00776429
v -0.00302820 -0.09693432 0.00735009
v -0.00350390 -0.09908022 0.00761939
v -0.00385270 -0.10044422 0.01989189
v -0.00385270 -0.10044422 0.01989189
v 0.01049253 0.07123868 0.00458559
v 0.00790738 0.05621398 0.00721549
v 0.00845020 0.05858618 0.00679739
v 0.00691540 0.05648358 0.00742309
v 0.00830261 0.06541198 0.00596479
v 0.00955687 0.06482498 0.00574679
v 0.00926880 0.06713868 0.00544559
v 0.00691860 0.06234248 0.00655479
v 0.01009858 0.06363568 0.00551679
v 0.01062881 0.06289868 0.00522409
v 0.01075494 0.06471308 0.00509779
v 0.00779070 0.06089718 0.00664429
v 0.00701540 0.05893078 0.00713289
v 0.00763490 0.05467068 0.00754849
v 0.00851552 0.05521618 0.00713069
v 0.00821386 0.06346788 0.00624139
v 0.00939851 0.06182938 0.00593609
v 0.00932584 0.07127958 0.00500309
v 0.01173319 0.06807848 0.00421179
v 0.01063797 0.06661138 0.00501909
v 0.01192483 0.06584708 0.00428719
v 0.00632930 0.06039738 0.00695989
v 0.00651990 0.05433278 0.00794529
v 0.00892316 0.06931308 0.00524189
v 0.01050222 0.06892698 0.00483339
v 0.01178221 0.07011588 0.00397649
v 0.00889824 0.05338458 0.00723489
v 0.00854602 0.05185178 0.00783019
v 0.00982993 0.05126108 0.00726929
v 0.00776270 0.06715038 0.00561799
v 0.00679840 0.04887058 0.00906309
v 0.00783730 0.04716948 0.00884749
v 0.00814904 0.05015428 0.00831269
v 0.00740040 0.05255688 0.00820329
v 0.00148130 0.04614878 0.00887539
v 0.00045970 0.04514338 0.00886419
v 0.00116120 0.04378088 0.00936189
v 0.00116120 0.04378088 0.00936189
v 0.00047370 0.04606268 0.00868439
v 0.00036620 0.04738218 0.00850049
v 0.00036620 0.04738218 0.00850049
v -0.00022840 0.04565458 0.00847469
v -0.00022840 0.04565458 0.00847469
v -0.00004230 0.04426818 0.00876389
v -0.00004230 0.04426818 0.00876389
v 0.01249801 0.05116648 0.00491959
v 0.01205993 0.04884978 0.00582989
v 0.01249018 0.04929208 0.00495019
v 0.01340670 0.05468748 0.00375599
v 0.01314452 0.05749708 0.00376309
v 0.01235015 0.05644688 0.00467299
v 0.01289572 0.05005588 0.00410509
v 0.01361462 0.05196228 0.00350779
v 0.01180425 0.05345638 0.00536569
v 0.01313594 0.04815548 0.00433339
v -0.00011070 0.04252728 0.00914909
v -0.00011070 0.04252728 0.00914909
v -0.00011070 0.04252728 0.00914909
v 0.01392821 0.06756788 0.00245509
v 0.01282457 0.06905738 0.00334179
v 0.01282995 0.06710788 0.00352769
v 0.00304060 0.05551558 0.00741849
v 0.00378880 0.05754298 0.00714479
v 0.00307650 0.05357508 0.00777999
v 0.00236970 0.05429038 0.00738139
v 0.00180250 0.05298728 0.00747419
v 0.01157221 0.05896998 0.00515799
v 0.01119597 0.06067418 0.00525069
v 0.01067627 0.05798278 0.00567639
v 0.00271920 0.05200088 0.00796539
v 0.01193332 0.06309568 0.00439569
v 0.01103996 0.05578008 0.00552899
v 0.00967580 0.05571348 0.00629079
v 0.01050906 0.05380048 0.00626949
v 0.01168192 0.04250758 0.00655629
v 0.01271292 0.04276178 0.00512379
v 0.01211563 0.04419138 0.00585409
v 0.00987114 0.05930578 0.00600689
v 0.01132011 0.05072368 0.00642519
v 0.00730590 0.04182258 0.00954359
v 0.00730590 0.04182258 0.00954359
v 0.00921894 0.04095918 0.00863379
v 0.00921894 0.04095918 0.00863379
v 0.00834620 0.04280638 0.00883379
v 0.00789587 0.04446808 0.00895369
v 0.00933288 0.04366188 0.00825119
v 0.01048254 0.04249798 0.00766469
v 0.01223296 0.04045258 0.00596809
v 0.01223296 0.04045258 0.00596809
v 0.01174415 0.05762948 0.00508199
v 0.01248654 0.05916898 0.00453369
v 0.01100881 0.04024338 0.00748689
v 0.01100881 0.04024338 0.00748689
v 0.00933193 0.04573378 0.00824649
v 0.01088929 0.04475508 0.00723549
v 0.01199457 0.04637608 0.00608069
v 0.01299216 0.04523668 0.00471389
v 0.01029249 0.04816268 0.00740449
v 0.00340590 0.04738408 0.00910259
v 0.00536640 0.04907568 0.00899409
v 0.00402830 0.04974828 0.00874729
v 0.00262760 0.05021288 0.00839529
v 0.00399310 0.05192668 0.00833409
v 0.00302930 0.04885738 0.00879499
v 0.00399810 0.04529328 0.00944889
v 0.00296620 0.04334538 0.00976369
v 0.00296620 0.04334538 0.00976369
v 0.00506850 0.04389918 0.00979599
v 0.00430290 0.05426398 0.00792449
v 0.00556440 0.05541058 0.00774679
v 0.00449360 0.05616218 0.00751279
v 0.00202850 0.04831138 0.00865609
v 0.00389310 0.04117718 0.01012699
v 0.00389310 0.04117718 0.01012699
v 0.00567380 0.04687108 0.00937719
v 0.00661700 0.04530868 0.00947979
v 0.00265680 0.04522558 0.00931909
v 0.00649280 0.04344808 0.00974649
v 0.00566760 0.04159808 0.01010439
v 0.00566760 0.04159808 0.01010439
v 0.00463390 0.05958748 0.00696009
v 0.00553570 0.05792078 0.00735329
v 0.00515310 0.05077748 0.00860789
v 0.00646730 0.05073248 0.00869689
v 0.00566300 0.05284698 0.00831569
v 0.01010922 0.05265748 0.00678389
v 0.01078696 0.05231318 0.00646319
v 0.00877451 0.05656158 0.00686109
v 0.00940359 0.05755078 0.00640609
v 0.01345034 0.06439228 0.00299029
v 0.01422938 0.06112618 0.00231769
v 0.01394023 0.05796278 0.00264729
v 0.01497096 0.05912928 0.00110919
v 0.01629670 0.06451448 -0.00042991
v 0.01511843 0.06556718 0.00124819
v 0.01225825 0.06118778 0.00448399
v 0.01298883 0.06152848 0.00363859
v 0.01339963 0.05941098 0.00333829
v 0.01535967 0.06245338 0.00089469
v 0.01459090 0.06343638 0.00187239
v 0.00183290 0.05118108 0.00791549
v 0.00122330 0.04953978 0.00818979
v 0.00122330 0.04953978 0.00818979
v 0.00071700 0.05124108 0.00748349
v 0.00071700 0.05124108 0.00748349
v 0.01428348 0.05375048 0.00251779
v 0.01372834 0.05034688 0.00300619
v 0.01439996 0.05214368 0.00224909
v 0.01439597 0.05090438 0.00197869
v 0.01451189 0.05607648 0.00179489
v 0.01306480 0.04099328 0.00463869
v 0.01273479 0.03863328 0.00536249
v 0.01273479 0.03863328 0.00536249
v 0.01384821 0.04646518 0.00325419
v 0.00507580 0.14481778 -0.01208781
v 0.00589960 0.14638378 -0.01204161
v 0.00499380 0.14572178 -0.01393751
v 0.00556050 0.14390778 -0.01052771
v 0.00626740 0.14478678 -0.00934631
v 0.00574870 0.14572378 -0.01056851
v 0.00622210 0.14688678 -0.01601061
v 0.00556960 0.14641078 -0.01481031
v 0.00608940 0.14676878 -0.01360221
v 0.00654790 0.14674878 -0.01070001
v 0.00795537 0.14633178 -0.02076411
v 0.00687740 0.14680978 -0.01811381
v 0.00839369 0.14736978 -0.01621391
v 0.00699100 0.14412378 -0.00820621
v 0.00774890 0.14328978 -0.00710391
v 0.00764370 0.14493078 -0.00754701
v 0.00696800 0.14717578 -0.01175671
v 0.01059056 0.14554578 -0.02306941
v 0.00888553 0.14506578 -0.02422091
v 0.00573620 0.13749478 -0.00855241
v 0.00621450 0.13867178 -0.00771791
v 0.00728350 0.14763078 -0.01349921
v 0.00789003 0.14715978 -0.00987051
v 0.00963625 0.14776478 -0.00957831
v 0.00827964 0.14767978 -0.01130401
v 0.00632120 0.14249778 -0.00900781
v 0.00567180 0.13966978 -0.00896471
v 0.00683140 0.14108278 -0.00762611
v 0.00716880 0.14551778 -0.00841251
v 0.01384196 0.14696478 -0.01517821
v 0.01317796 0.14656478 -0.01828941
v 0.01110567 0.14716678 -0.01602101
v 0.01300285 0.14571278 -0.02168631
v 0.01563118 0.14577378 -0.01964231
v 0.01648357 0.14527378 -0.02272371
v 0.01648357 0.14527378 -0.02272371
v 0.01809661 0.14553578 -0.01983021
v 0.01809661 0.14553578 -0.01983021
v 0.01744318 0.14586078 -0.01781791
v 0.01744318 0.14586078 -0.01781791
v 0.01041850 0.14664978 -0.01954521
v 0.01552732 0.14636978 -0.01687411
v 0.01626722 0.14696278 -0.01428011
v 0.01615717 0.14726078 -0.01218481
v 0.01468653 0.14739178 -0.01313681
v 0.01350069 0.14488878 -0.02496361
v 0.01257878 0.14740778 -0.01300991
v 0.01437682 0.14743878 -0.01121331
v 0.00872438 0.14524478 -0.00665181
v 0.01774038 0.14640578 -0.01555871
v 0.01774038 0.14640578 -0.01555871
v 0.01091389 0.14444178 -0.02667131
v 0.01381717 0.14366378 -0.02793574
v 0.01381717 0.14366378 -0.02793574
v 0.01189045 0.14324878 -0.02960234
v 0.01184563 0.14785178 -0.01026471
v 0.01025192 0.14753278 -0.01303401
v 0.00872339 0.14428278 -0.02628491
v 0.00964973 0.14280378 -0.02864119
v 0.01353428 0.14271378 -0.02961057
v 0.00798816 0.14594578 -0.00757251
v 0.00698320 0.14280878 -0.00800201
v 0.00505860 0.14573378 -0.01632031
v 0.00676960 0.14628978 -0.00946301
v 0.00898752 0.14657978 -0.00727281
v 0.00928569 0.14724978 -0.00831001
v 0.00798549 0.14650878 -0.00854251
v 0.00859204 0.14779178 -0.01302451
v 0.00962624 0.14774678 -0.01122651
v 0.00557130 0.14149078 -0.01044071
v 0.00898832 0.13885378 -0.02937863
v 0.01159436 0.13507978 -0.03071434
v 0.01159436 0.13507978 -0.03071434
v 0.00922769 0.13217278 -0.02893053
v 0.00922769 0.13217278 -0.02893053
v 0.01002402 0.14626278 -0.00637361
v 0.01105677 0.14775878 -0.00809361
v 0.00577950 0.14580778 -0.01946911
v 0.01049511 0.14703478 -0.00707441
v 0.00457620 0.14333978 -0.01395471
v 0.00500830 0.14277678 -0.01184851
v 0.01320254 0.14040578 -0.03075400
v 0.01320254 0.14040578 -0.03075400
v 0.00795756 0.13640778 -0.02857667
v 0.01099350 0.14066678 -0.03045233
v 0.00457440 0.14470478 -0.01533171
v 0.00531740 0.13773878 -0.00953431
v 0.00497170 0.13280178 -0.00865501
v 0.00493620 0.13390178 -0.00930101
v 0.00520650 0.13582878 -0.00911111
v 0.00432660 0.13226278 -0.00975531
v 0.00507070 0.13922078 -0.01052181
v 0.00474350 0.13709578 -0.01070981
v 0.00389000 0.12699978 -0.00946511
v 0.00416500 0.12968878 -0.00928191
v 0.00435640 0.13469878 -0.01083201
v 0.00470710 0.13912078 -0.01216351
v 0.00399690 0.12802778 -0.02129491
v 0.00390240 0.12398778 -0.02115481
v 0.00390240 0.12398778 -0.02115481
v 0.00354080 0.13323578 -0.01843591
v 0.00392210 0.13370878 -0.02021681
v 0.00381020 0.13156378 -0.02042561
v 0.00509470 0.14083178 -0.01161921
v 0.00419880 0.13893978 -0.01972321
v 0.00418260 0.13579578 -0.02076751
v 0.00396730 0.13662878 -0.01922921
v 0.00378260 0.13079378 -0.01070621
v 0.00361990 0.13320078 -0.01213771
v 0.00342930 0.13373978 -0.01389231
v 0.00332010 0.13221678 -0.01319731
v 0.00310870 0.12431778 -0.01090951
v 0.00310870 0.12431778 -0.01090951
v 0.00375150 0.12449178 -0.00884711
v 0.00375150 0.12449178 -0.00884711
v 0.00375150 0.12449178 -0.00884711
v 0.00352230 0.12886578 -0.01099291
v 0.00451100 0.13694378 -0.01234701
v 0.00428380 0.13824478 -0.01342531
v 0.00476510 0.14125278 -0.01279941
v 0.00312740 0.12816078 -0.01285471
v 0.00336960 0.13078978 -0.01226411
v 0.00304060 0.13068578 -0.01443881
v 0.00321300 0.12669678 -0.01152111
v 0.00687920 0.14440278 -0.02369471
v 0.00562150 0.14455078 -0.02161181
v 0.00384670 0.13200978 -0.01111651
v 0.00415300 0.13710578 -0.01380081
v 0.00403630 0.13309178 -0.01099381
v 0.00398590 0.13529078 -0.01287771
v 0.00551550 0.14254478 -0.02238571
v 0.00668710 0.14187978 -0.02525961
v 0.00433220 0.14002478 -0.01436791
v 0.00427590 0.14167478 -0.01576291
v 0.00419680 0.13986178 -0.01615841
v 0.00280710 0.12526778 -0.01262871
v 0.00280710 0.12526778 -0.01262871
v 0.01499501 0.14205378 -0.02932658
v 0.01499501 0.14205378 -0.02932658
v 0.00716110 0.13887178 -0.02714711
v 0.00700520 0.13410878 -0.02719597
v 0.00589940 0.13676478 -0.02526551
v 0.00348810 0.13449478 -0.01577441
v 0.00317380 0.13157978 -0.01639371
v 0.00511150 0.12962478 -0.02365081
v 0.00416620 0.13833678 -0.01421471
v 0.00397050 0.13769678 -0.01536691
v 0.00388470 0.13756078 -0.01762831
v 0.00381620 0.13574378 -0.01439241
v 0.00446670 0.13173278 -0.02206641
v 0.00586990 0.13248378 -0.02531481
v 0.00480290 0.13445878 -0.02313681
v 0.00426460 0.13350778 -0.02130151
v 0.00290430 0.12779578 -0.01676241
v 0.00500360 0.13880978 -0.02257921
v 0.00791793 0.14214078 -0.02707591
v 0.00312620 0.12103178 -0.01960651
v 0.00312620 0.12103178 -0.01960651
v 0.00336140 0.12537178 -0.01921221
v 0.00336750 0.12930178 -0.01920231
v 0.00242400 0.12287078 -0.01373521
v 0.00242400 0.12287078 -0.01373521
v 0.00277500 0.12638378 -0.01444131
v 0.00258230 0.12363578 -0.01532481
v 0.00258230 0.12363578 -0.01532481
v 0.00275640 0.12259178 -0.01732051
v 0.00275640 0.12259178 -0.01732051
v 0.00489460 0.14352978 -0.01997511
v 0.00487190 0.14470178 -0.01840871
v 0.00509160 0.14439378 -0.02042621
v 0.00459780 0.14461378 -0.01683691
v 0.00608170 0.13999678 -0.02473501
v 0.00444840 0.14333878 -0.01624151
v 0.00447530 0.14170278 -0.02017931
v 0.00415890 0.14120078 -0.01786241
v 0.01712812 0.14407978 -0.02609621
v 0.01712812 0.14407978 -0.02609621
v 0.00454540 0.14334978 -0.01812041
v 0.01116153 0.03116678 0.00754489
v 0.01205032 0.02971838 0.00622059
v 0.01212342 0.03200468 0.00622789
v 0.00525420 0.03878728 0.01050929
v 0.00639320 0.04019848 0.01011529
v 0.01216849 0.03372308 0.00635269
v 0.01139186 0.03351508 0.00735449
v 0.00568060 0.02173098 0.01249639
v 0.00668230 0.02080388 0.01204019
v 0.00712370 0.02247148 0.01168849
v 0.00743630 0.02464398 0.01122179
v 0.00539560 0.02404228 0.01238349
v 0.00674630 0.03678878 0.01047719
v 0.00748060 0.03908288 0.00981549
v 0.00803573 0.01011586 0.01161549
v 0.00874623 0.01182904 0.01055449
v 0.00770820 0.01161144 0.01204489
v 0.00703380 0.01319688 0.01246759
v 0.00801105 0.01351378 0.01141489
v 0.00635080 0.02545128 0.01156849
v 0.00552420 0.02567798 0.01201279
v -0.00160070 0.03714758 0.00926779
v -0.00263770 0.03645038 0.00896549
v -0.00263770 0.03645038 0.00896549
v -0.00162630 0.03522338 0.00989359
v 0.00161280 0.03459548 0.01108909
v 0.00152810 0.03744268 0.01046849
v 0.00000260 0.03532358 0.01063849
v 0.00985058 0.03037138 0.00886089
v 0.00962677 0.02780368 0.00943269
v 0.01099130 0.02825658 0.00779559
v 0.00780000 0.02689998 0.01079089
v 0.00887997 0.01404038 0.01037119
v 0.00739180 0.01491268 0.01188799
v 0.00876285 0.01794768 0.01058529
v 0.00831230 0.01715438 0.01113389
v 0.00895352 0.01682448 0.01051759
v 0.00587530 0.01309828 0.01308879
v 0.00635090 0.01108267 0.01307509
v 0.00503800 0.01947188 0.01281309
v -0.00110940 0.03284148 0.01069289
v -0.00110940 0.03284148 0.01069289
v 0.00589290 0.02700858 0.01160559
v 0.00832127 0.01544808 0.01103489
v 0.00647780 0.01481598 0.01261109
v 0.00845867 0.03215458 0.00987309
v 0.00849095 0.02943228 0.01023079
v 0.00701600 0.02878618 0.01107399
v 0.00539480 0.02884098 0.01170449
v 0.00894324 0.01920068 0.01051129
v 0.00828592 0.01832558 0.01106419
v 0.00856133 0.03659298 0.00968029
v 0.00939784 0.03816088 0.00893389
v 0.00501400 0.03070948 0.01167059
v 0.00621280 0.03072128 0.01129019
v 0.00765240 0.01624048 0.01168829
v 0.00862141 0.02335598 0.01054009
v 0.00896388 0.02536288 0.01009059
v 0.01202679 0.03578528 0.00662159
v -0.00042400 0.03055588 0.01145339
v -0.00042400 0.03055588 0.01145339
v 0.00045000 0.03256168 0.01127719
v 0.00701390 0.01620608 0.01216479
v 0.01065136 0.01971538 0.00834279
v 0.00542670 0.01496028 0.01319449
v 0.00947657 0.02243348 0.00951479
v 0.00961268 0.02434928 0.00943159
v 0.01031340 0.03552438 0.00861799
v 0.01074735 0.03781588 0.00786169
v -0.00331910 0.03458728 0.00897339
v -0.00331910 0.03458728 0.00897339
v 0.01170701 0.03857568 0.00670019
v 0.00803201 0.00710312 0.01128469
v -0.00235070 0.03290648 0.00988359
v -0.00235070 0.03290648 0.00988359
v 0.00747080 0.01760758 0.01183729
v 0.01190917 0.02725408 0.00619249
v 0.00079230 0.03060928 0.01174989
v 0.01039820 0.03293028 0.00833379
v 0.00944321 0.01588628 0.01002219
v 0.00966386 0.01818268 0.00978899
v 0.00870649 0.00643903 0.01058059
v 0.01031602 0.02199988 0.00871749
v 0.01039620 0.02382128 0.00860019
v 0.00612310 0.01703908 0.01256249
v 0.00175610 0.03201088 0.01157279
v 0.00809939 0.01920298 0.01130139
v 0.00431390 0.01646898 0.01347809
v 0.00231720 0.01224261 0.01432009
v 0.00231720 0.01224261 0.01432009
v 0.00037580 0.03724898 0.01023789
v 0.00575680 0.03275168 0.01118619
v 0.00698300 0.03195478 0.01072869
v 0.00713770 0.03357158 0.01044629
v 0.00267310 0.01640708 0.01375739
v 0.00267310 0.01640708 0.01375739
v 0.00185960 0.01455358 0.01406899
v 0.00185960 0.01455358 0.01406899
v 0.00313850 0.01458228 0.01394019
v 0.00435090 0.01328738 0.01369409
v 0.00870518 0.00862144 0.01052339
v 0.01008453 0.03934288 0.00837569
v 0.01032824 0.03173168 0.00839619
v 0.00974188 0.03224218 0.00891389
v 0.00754200 0.00818874 0.01189689
v 0.00709190 0.00737244 0.01233839
v 0.00004760 0.04100948 0.00947059
v -0.00055020 0.04128848 0.00902519
v -0.00052160 0.03983928 0.00951369
v 0.00742850 0.03062498 0.01070529
v 0.00625080 0.03487498 0.01081069
v 0.00795456 0.03514548 0.01008359
v 0.00139770 0.04078278 0.00996059
v 0.00705990 0.01931408 0.01198339
v 0.00395980 0.01061014 0.01402599
v 0.00714160 0.00967483 0.01252199
v 0.00967509 0.02046538 0.00962429
v -0.00104690 0.04240698 0.00839329
v -0.00104690 0.04240698 0.00839329
v 0.00825432 0.02099978 0.01099239
v 0.00508050 0.01143468 0.01350939
v 0.01030863 0.02588518 0.00877339
v 0.01122577 0.02561958 0.00747099
v -0.00056280 0.03743158 0.00988639
v 0.00518670 0.00959761 0.01361059
v 0.00606390 0.00900319 0.01320059
v -0.00142520 0.04122518 0.00839869
v -0.00142520 0.04122518 0.00839869
v 0.01111273 0.02281848 0.00734689
v 0.00160550 0.02326488 0.01310769
v 0.00160550 0.02326488 0.01310769
v 0.00178200 0.02601408 0.01272709
v 0.00066560 0.02495088 0.01278239
v 0.00066560 0.02495088 0.01278239
v 0.00918676 0.03392418 0.00937999
v 0.00819055 0.03378488 0.00992149
v 0.00484340 0.03436898 0.01125659
v 0.00411990 0.03253408 0.01159669
v 0.00059610 0.02860668 0.01206879
v 0.00059610 0.02860668 0.01206879
v 0.00000310 0.02661698 0.01232559
v 0.00000310 0.02661698 0.01232559
v 0.00314690 0.01802258 0.01353049
v 0.00195030 0.01849748 0.01359109
v 0.00195030 0.01849748 0.01359109
v 0.00393150 0.01866318 0.01331719
v 0.00302090 0.02047048 0.01349589
v 0.00429300 0.02217788 0.01312429
v 0.00283680 0.02321558 0.01320579
v 0.00289730 0.03133108 0.01175439
v 0.00291310 0.03357988 0.01145709
v 0.00380790 0.02947098 0.01198239
v 0.00365860 0.02476398 0.01288829
v 0.00311220 0.02717378 0.01248329
v 0.00213980 0.02933618 0.01210749
v 0.00461560 0.02653778 0.01222249
v 0.00388930 0.03444458 0.01133769
v 0.00342720 0.03621938 0.01086249
v 0.00302060 0.03891268 0.01038689
v 0.01017691 0.01688808 0.00894099
v 0.00982333 0.01404268 0.00904559
v 0.00509780 0.03611928 0.01088379
v 0.00906008 0.03532458 0.00952619
v 0.00112480 0.02089098 0.01331749
v 0.00112480 0.02089098 0.01331749
v 0.00430460 0.03544598 0.01107379
v -0.00127820 0.03845368 0.00928319
v 0.00041480 0.03857668 0.01005159
v -0.00168620 0.03975358 0.00867929
v -0.00168620 0.03975358 0.00867929
v -0.00219150 0.03825018 0.00870019
v -0.00219150 0.03825018 0.00870019
v -0.00219150 0.03825018 0.00870019
v -0.00670710 -0.04842042 -0.00059041
v -0.01058860 -0.05211992 0.00126139
v -0.01121320 -0.04777742 0.00185619
v -0.00973740 -0.04475632 0.00042419
v -0.00567360 -0.06761962 0.00154159
v -0.00567360 -0.06761962 0.00154159
v -0.00086040 -0.06441402 0.00330399
v -0.00099430 -0.06914192 0.00422769
v -0.00099430 -0.06914192 0.00422769
v -0.00716890 -0.05942562 0.00075739
v -0.01001350 -0.06345872 0.00192789
v -0.01045750 -0.05948222 0.00182599
v -0.00994680 -0.06765752 0.00245579
v -0.00940290 -0.05877022 0.00127079
v -0.00996590 -0.05744092 0.00118249
v -0.00787330 -0.04278072 -0.00119051
v -0.00890630 -0.04011572 -0.00106891
v -0.00181290 -0.04668352 -0.00153161
v -0.00340220 -0.04308162 -0.00200601
v 0.00008370 -0.04381082 -0.00109341
v 0.00335620 -0.04815952 0.00722839
v 0.00313200 -0.04925922 0.00821549
v 0.00329050 -0.04967422 0.00703959
v -0.01242000 -0.06635912 0.00383599
v -0.01242000 -0.06635912 0.00383599
v 0.00367010 -0.04398512 0.00915399
v 0.00371720 -0.04430912 0.00709809
v 0.00402670 -0.04181572 0.00829109
v 0.00096120 -0.06566282 0.00553929
v 0.00020330 -0.06737852 0.00493219
v -0.00376590 -0.05326632 -0.00039061
v 0.00017310 -0.05226162 0.00119759
v -0.00111690 -0.05556002 0.00122949
v -0.00322950 -0.05782192 0.00052199
v 0.00044680 -0.04101452 -0.00127891
v 0.00340610 -0.04768032 0.00812339
v 0.00218300 -0.06319742 0.00838249
v 0.00200000 -0.06577732 0.00861849
v 0.00183390 -0.06457222 0.00679559
v 0.00083450 -0.05847332 0.00296169
v 0.00080980 -0.06080102 0.00361249
v -0.00084490 -0.05930142 0.00170919
v 0.00255620 -0.05730592 0.00753229
v 0.00261420 -0.05539122 0.00562989
v 0.00270070 -0.05470612 0.00770729
v 0.00237590 -0.05506772 0.00890639
v 0.00248460 -0.05594972 0.00843469
v 0.00332290 -0.04192712 0.01165029
v 0.00302110 -0.04381582 0.01260989
v 0.00345870 -0.04665002 0.00706859
v 0.00280620 -0.04630112 0.00188139
v 0.00338540 -0.04307652 0.00148999
v 0.00362820 -0.04541762 0.00328709
v -0.00278160 -0.04953202 -0.00117741
v -0.00010280 -0.04938682 -0.00013251
v 0.00352850 -0.04829812 0.00511199
v 0.00304410 -0.05203322 0.00649379
v 0.00274800 -0.05195012 0.00454489
v -0.01253370 -0.06121762 0.00370769
v -0.01253370 -0.06121762 0.00370769
v 0.00287740 -0.05132072 0.00777349
v 0.00283540 -0.05275492 0.00803639
v 0.00184900 -0.06010052 0.01230999
v 0.00184900 -0.06010052 0.01230999
v 0.00198680 -0.06037032 0.01097959
v 0.00221900 -0.05841572 0.01150879
v 0.00194090 -0.06263362 0.00682059
v 0.00126700 -0.06309552 0.00524089
v 0.00258970 -0.05244062 0.01136769
v 0.00272350 -0.05030862 0.01154099
v 0.00217050 -0.05203812 0.01290619
v 0.00198960 -0.06053412 0.00936959
v 0.00193640 -0.06169602 0.00917409
v 0.00202490 -0.06065192 0.00738829
v 0.00287930 -0.05153112 0.00944539
v 0.00312620 -0.04821222 0.00983299
v 0.00264200 -0.05369172 0.00890749
v 0.00228510 -0.05403482 0.01251709
v 0.00202990 -0.05500452 0.01284849
v 0.00219720 -0.05580452 0.01193569
v -0.00341340 -0.06182912 0.00095749
v 0.00159920 -0.06647572 0.00715129
v 0.00215200 -0.05455692 0.00393819
v 0.00180860 -0.05795512 0.00404789
v 0.00093950 -0.05535622 0.00245869
v 0.00239460 -0.04838162 0.01410949
v 0.00239460 -0.04838162 0.01410949
v 0.00282580 -0.04736722 0.01217499
v 0.00270860 -0.04594302 0.01367739
v 0.00270860 -0.04594302 0.01367739
v 0.00149640 -0.06866832 0.00831809
v 0.00149640 -0.06866832 0.00831809
v 0.00105980 -0.06791332 0.00643009
v 0.00105980 -0.06791332 0.00643009
v -0.01222850 -0.05667672 0.00287429
v -0.01460120 -0.05767632 0.00615269
v -0.01460120 -0.05767632 0.00615269
v -0.01382070 -0.05551842 0.00489499
v -0.01361970 -0.05831982 0.00459009
v -0.01361970 -0.05831982 0.00459009
v 0.00206370 -0.05888262 0.00938249
v 0.00357570 -0.04200052 0.01039629
v 0.00345120 -0.04602052 0.00854159
v -0.01088630 -0.05519722 0.00143669
v 0.00261150 -0.04414322 0.01412889
v 0.00261150 -0.04414322 0.01412889
v 0.00327240 -0.04392162 0.01170179
v 0.00327690 -0.04302342 0.01147389
v -0.01452710 -0.05520792 0.00651699
v -0.01452710 -0.05520792 0.00651699
v -0.01416930 -0.05328582 0.00584429
v -0.01295830 -0.05236862 0.00355559
v -0.01186640 -0.05420932 0.00219759
v -0.00835530 -0.05443742 -0.00014341
v 0.00177070 -0.05057502 0.00201729
v 0.00112460 -0.04991712 0.00097069
v 0.00191000 -0.04825772 0.00119859
v 0.00432970 -0.04167182 0.00621599
v 0.00427260 -0.04080702 0.00732729
v 0.00422600 -0.04075582 0.00203579
v 0.00313720 -0.04675432 0.01101709
v 0.00303530 -0.04528562 0.01144149
v 0.00193030 -0.05371412 0.01408559
v 0.00193030 -0.05371412 0.01408559
v 0.00190610 -0.05149682 0.01464809
v 0.00190610 -0.05149682 0.01464809
v 0.00198370 -0.06151072 0.01031619
v -0.01472050 -0.05337622 0.00800119
v -0.01472050 -0.05337622 0.00800119
v -0.01412380 -0.05081792 0.00588659
v 0.00352820 -0.04404862 0.01085159
v -0.01439830 -0.04977702 0.00773249
v -0.01384090 -0.04783342 0.00611439
v -0.01317530 -0.04834902 0.00428589
v 0.00429140 -0.04256142 0.00329899
v -0.01477210 -0.05029912 0.00972969
v -0.01477210 -0.05029912 0.00972969
v -0.01404280 -0.04667952 0.00802009
v -0.01404280 -0.04667952 0.00802009
v 0.00145910 -0.05242152 0.00209839
v -0.01344230 -0.04515732 0.00570079
v -0.01338460 -0.04649842 0.00481459
v -0.01259490 -0.04497682 0.00365499
v 0.00327810 -0.04571592 0.01017429
v 0.00042770 -0.06907932 0.00569339
v 0.00042770 -0.06907932 0.00569339
v 0.00198050 -0.06585082 0.01010529
v 0.00198050 -0.06585082 0.01010529
v 0.00210800 -0.06449422 0.00962559
v -0.01351290 -0.04282232 0.00672689
v -0.01136480 -0.04376092 0.00172569
v 0.00158220 -0.06468002 0.01164249
v 0.00158220 -0.06468002 0.01164249
v 0.00166300 -0.06481562 0.01058839
v 0.00166300 -0.06481562 0.01058839
v 0.00176450 -0.06318832 0.01042279
v 0.00208650 -0.05237852 0.00298879
v -0.01295410 -0.04266462 0.00462269
v 0.00150910 -0.04573172 0.00012369
v 0.00193920 -0.04271252 -0.00008151
v -0.01387990 -0.04346612 0.00925149
v -0.01387990 -0.04346612 0.00925149
v -0.01365930 -0.04143022 0.01017779
v -0.01395900 -0.04398662 0.01167579
v -0.01395900 -0.04398662 0.01167579
v -0.01215030 -0.04078442 0.00270029
v -0.01036570 -0.04104282 0.00030259
v 0.00299640 -0.05055052 0.00803449
v -0.01349870 -0.04092262 0.01183339
v -0.01349870 -0.04092262 0.01183339
v -0.01354120 -0.03984072 0.00793939
v -0.01302250 -0.03972102 0.00515219
v 0.00281060 -0.04880972 0.00300709
v 0.00237910 -0.04998432 0.01305869
v -0.01345970 -0.03877752 0.01005469
v 0.00291760 -0.04197192 0.01393559
v 0.00291760 -0.04197192 0.01393559
v 0.00459360 -0.04164952 0.00461059
v 0.00411270 -0.04425162 0.00504059
v 0.00363570 -0.04771582 0.00640699
v 0.00194510 -0.06180692 0.00607239
v -0.01223990 -0.03782782 0.01475139
v -0.01223990 -0.03782782 0.01475139
v 0.00236750 -0.05842942 0.00595799
v 0.00189790 -0.06054712 0.00528569
v -0.01307450 -0.03749092 0.01205659
v -0.01302740 -0.04071622 0.01372839
v -0.01302740 -0.04071622 0.01372839
v 0.00188410 -0.05476692 0.01344049
v 0.00188410 -0.05476692 0.01344049
v 0.00183600 -0.05576262 0.01327969
v 0.00183600 -0.05576262 0.01327969
v -0.01130030 -0.03747132 0.00074289
v -0.01238390 -0.03650692 0.00290919
v -0.01066640 -0.03632822 -0.00017661
v -0.01308960 -0.03638832 0.00591709
v 0.00186540 -0.06229992 0.01189819
v 0.00186540 -0.06229992 0.01189819
v 0.00187450 -0.05749682 0.01339579
v 0.00187450 -0.05749682 0.01339579
v 0.00378300 -0.04617542 0.00605399
v 0.00239850 -0.05660902 0.00966219
v 0.00255710 -0.05423222 0.01050409
v 0.00178950 -0.06132162 0.01252219
v 0.00178950 -0.06132162 0.01252219
v 0.00171280 -0.05934352 0.01316509
v 0.00171280 -0.05934352 0.01316509
v 0.00171280 -0.05934352 0.01316509
v 0.00179520 -0.06365872 0.01197259
v 0.00179520 -0.06365872 0.01197259
v 0.00185740 -0.06774672 0.01002899
v 0.00185740 -0.06774672 0.01002899
v 0.02488557 0.13744278 -0.02410011
v 0.02541862 0.13842978 -0.02177451
v 0.02547185 0.13570278 -0.02160991
v 0.02182244 0.11757178 -0.02173551
v 0.02192845 0.12411078 -0.02411311
v 0.02292278 0.12826278 -0.02517621
v 0.02299160 0.12597578 -0.02321381
v 0.02557617 0.13780378 -0.01945241
v 0.02555683 0.13892578 -0.01617181
v 0.02567521 0.13685878 -0.01711781
v 0.02436217 0.13417178 -0.02457671
v 0.02457173 0.12652978 -0.01595741
v 0.02477036 0.12884378 -0.01366151
v 0.02397822 0.12374678 -0.01446771
v 0.02281149 0.11867978 -0.01937851
v 0.02561593 0.13632778 -0.01453781
v 0.02544133 0.13289178 -0.01476481
v 0.02569990 0.13438578 -0.01687931
v 0.02566670 0.13574578 -0.01904311
v 0.02550066 0.13307278 -0.01916231
v 0.01816023 0.13113978 -0.00340931
v 0.02365964 0.12242478 -0.01697681
v 0.02311287 0.11797378 -0.01683011
v 0.02416290 0.13875478 -0.02582991
v 0.02499912 0.14005978 -0.02310531
v 0.02335854 0.12696278 -0.00948031
v 0.02348277 0.12499778 -0.01056111
v 0.02405122 0.12723178 -0.01148281
v 0.02211317 0.12972978 -0.02700761
v 0.02294508 0.13361378 -0.02716654
v 0.02336904 0.13158078 -0.02592611
v 0.02509233 0.13755978 -0.01161971
v 0.02535636 0.13883578 -0.01316021
v 0.02319353 0.13634578 -0.02749676
v 0.02400429 0.13634978 -0.02600301
v 0.02347491 0.13055478 -0.00897961
v 0.02270918 0.13230978 -0.00751641
v 0.02239036 0.12980678 -0.00725461
v 0.02352967 0.12848578 -0.02406011
v 0.02396995 0.13061078 -0.02416601
v 0.02107725 0.12456278 -0.02577981
v 0.02376900 0.12445378 -0.01223021
v 0.02317561 0.11947078 -0.01248701
v 0.02317561 0.11947078 -0.01248701
v 0.01961171 0.12279678 -0.00440421
v 0.01961171 0.12279678 -0.00440421
v 0.01930144 0.12428478 -0.00417101
v 0.01808830 0.12277778 -0.00317301
v 0.01808830 0.12277778 -0.00317301
v 0.02457030 0.12681078 -0.01800141
v 0.02433389 0.12738478 -0.02026451
v 0.02511361 0.12986078 -0.01916681
v 0.02533182 0.13049878 -0.01677941
v 0.02244210 0.12191078 -0.02185751
v 0.02134890 0.12616578 -0.00626151
v 0.02181592 0.12395278 -0.00671141
v 0.02246513 0.12728178 -0.00753741
v 0.02301057 0.12164978 -0.01041591
v 0.02264149 0.12311378 -0.00861391
v 0.02232351 0.11944278 -0.00865391
v 0.02232351 0.11944278 -0.00865391
v 0.01989875 0.14565678 -0.01667111
v 0.02495203 0.13138778 -0.02179301
v 0.01818635 0.12521678 -0.00338061
v 0.02356890 0.12351478 -0.01952531
v 0.02354293 0.12541878 -0.02151781
v 0.02271890 0.13779178 -0.00717981
v 0.02279867 0.14064778 -0.00727041
v 0.02429438 0.13626378 -0.00958541
v 0.02374016 0.13979378 -0.00851771
v 0.02321963 0.14234678 -0.00798591
v 0.02442586 0.13925578 -0.00994211
v 0.02411302 0.14127278 -0.00952061
v 0.02475786 0.14010578 -0.01120611
v 0.02435654 0.14222878 -0.01118561
v 0.02366525 0.14307978 -0.00923971
v 0.02500011 0.14064578 -0.01355891
v 0.02340731 0.14444578 -0.01012291
v 0.02506768 0.14099778 -0.01624271
v 0.02453861 0.14212978 -0.01381901
v 0.02533924 0.14015378 -0.01969351
v 0.02377860 0.14337078 -0.01450431
v 0.02396012 0.14345378 -0.01226551
v 0.02302187 0.14475078 -0.01248641
v 0.02472774 0.14189478 -0.01835261
v 0.02423171 0.14088478 -0.02465041
v 0.02458370 0.14228078 -0.01608331
v 0.02406400 0.14316178 -0.01698601
v 0.02482072 0.14178778 -0.02106421
v 0.02445662 0.14172978 -0.02319051
v 0.02189738 0.13889978 -0.02851217
v 0.02329326 0.14072478 -0.02671151
v 0.02288720 0.13793178 -0.02792763
v 0.02340235 0.14404678 -0.01770651
v 0.02306793 0.14407378 -0.01590091
v 0.02289519 0.14441878 -0.01415221
v 0.02139361 0.14603478 -0.01301961
v 0.02235436 0.14508478 -0.01358161
v 0.02401399 0.14333278 -0.01952041
v 0.02376396 0.14299178 -0.02233341
v 0.02360562 0.14233178 -0.02461711
v 0.02264149 0.14238278 -0.02592761
v 0.02195090 0.14491378 -0.01508541
v 0.02217488 0.14486878 -0.01722101
v 0.02267584 0.14430278 -0.02116671
v 0.01971635 0.14545778 -0.01948641
v 0.02143555 0.14150278 -0.02769578
v 0.02126982 0.14364778 -0.02481201
v 0.02126948 0.14524178 -0.01964291
v 0.01949520 0.14520778 -0.02131961
v 0.02105067 0.14492578 -0.02218101
v 0.01598232 0.14311778 -0.02822603
v 0.02289849 0.14446778 -0.01890511
v 0.01812647 0.14164378 -0.02883188
v 0.01908916 0.14467078 -0.02359781
v 0.02269618 0.12546278 -0.00815371
v 0.02410445 0.12830778 -0.02256301
v 0.02341663 0.11976778 -0.01504991
v 0.01985481 0.12375678 -0.00480951
v 0.02048377 0.12583378 -0.00552961
v 0.02057656 0.12711778 -0.00556321
v 0.01950865 0.12664478 -0.00447741
v 0.01650807 0.12561078 -0.00231461
v 0.01675442 0.12705678 -0.00265021
v 0.01567729 0.12625278 -0.00211481
v 0.02170901 0.13737978 -0.00631081
v 0.02169702 0.13627678 -0.00621721
v 0.01435822 0.12458478 -0.00181321
v 0.01435822 0.12458478 -0.00181321
v 0.01685869 0.12396378 -0.00249071
v 0.01685869 0.12396378 -0.00249071
v 0.01727752 0.12596878 -0.00274901
v 0.01779034 0.12803278 -0.00329451
v 0.02312965 0.11514478 -0.01460391
v 0.02312965 0.11514478 -0.01460391
v 0.02012695 0.13306678 -0.00491961
v 0.02103260 0.13457278 -0.00558681
v 0.01582139 0.13952178 -0.03037873
v 0.01735801 0.13528278 -0.03072582
v 0.01434512 0.13477978 -0.03075435
v 0.02122954 0.13263078 -0.00586851
v 0.02225182 0.13467478 -0.00677361
v 0.01914262 0.13271778 -0.00402421
v 0.02000600 0.13864378 -0.02953970
v 0.02065777 0.13347578 -0.02924778
v 0.01990594 0.13112478 -0.00481101
v 0.02152702 0.13121878 -0.02814907
v 0.01979854 0.12671278 -0.02769830
v 0.02333940 0.13494078 -0.00809631
v 0.02375086 0.13361578 -0.00898231
v 0.02433537 0.13294878 -0.01028081
v 0.02150647 0.12004078 -0.00662671
v 0.02150647 0.12004078 -0.00662671
v 0.01911994 0.12912478 -0.00419401
v 0.02042642 0.12353578 -0.00528141
v 0.02096689 0.12457578 -0.00578571
v 0.02005164 0.12470078 -0.00514611
v 0.02435919 0.13035878 -0.01114701
v 0.02505747 0.13384378 -0.01216141
v 0.01732175 0.12986478 -0.00295601
v 0.02133139 0.13044878 -0.00615221
v 0.01577310 0.12464178 -0.00215231
v 0.01577310 0.12464178 -0.00215231
v 0.02109003 0.12344778 -0.00585061
v 0.02142912 0.12831978 -0.00634261
v 0.02030521 0.12876978 -0.00511391
v 0.02269967 0.11866978 -0.01020941
v 0.02269967 0.11866978 -0.01020941
v 0.02065535 0.12188378 -0.00522001
v 0.02065535 0.12188378 -0.00522001
v 0.00282900 -0.01779542 0.01611469
v 0.00244210 -0.01636052 0.01630949
v 0.00170140 -0.01794722 0.01667409
v 0.00213220 -0.01917892 0.01656219
v 0.00283440 -0.01941832 0.01616859
v -0.00554780 -0.00466064 0.01524679
v -0.00588100 -0.00252074 0.01466989
v 0.00259680 -0.02114892 0.01630799
v 0.00183200 -0.02320402 0.01691189
v 0.00183200 -0.02320402 0.01691189
v 0.00338630 -0.01980562 0.01570969
v 0.00362340 -0.01797492 0.01551409
v 0.00155590 -0.02168202 0.01688989
v 0.00339260 -0.01584482 0.01567549
v 0.00102730 -0.02040102 0.01699889
v 0.00205660 -0.02044512 0.01663599
v 0.00321970 -0.01415472 0.01584399
v 0.00413310 -0.01329232 0.01488299
v 0.00430930 -0.01148742 0.01487119
v 0.00465020 -0.01049232 0.01451159
v 0.00403750 -0.01060782 0.01512719
v 0.00480290 -0.01166692 0.01434909
v 0.00482960 -0.00958722 0.01436149
v 0.00427480 -0.00961012 0.01505979
v -0.00570530 -0.00059087 0.01436099
v -0.00570530 -0.00059087 0.01436099
v 0.00045500 -0.02291212 0.01746019
v 0.00072440 -0.02452922 0.01741769
v 0.00072440 -0.02452922 0.01741769
v 0.00330920 -0.00862912 0.01561139
v -0.00479520 -0.00111485 0.01505959
v -0.00479520 -0.00111485 0.01505959
v 0.00309220 -0.00645871 0.01567149
v -0.00484200 -0.00291446 0.01546869
v -0.00066790 -0.02499812 0.01812489
v -0.00066790 -0.02499812 0.01812489
v 0.00257800 -0.01487552 0.01622839
v -0.00397650 -0.01886922 0.01762819
v -0.00507170 -0.01699852 0.01700779
v -0.00557810 -0.01852882 0.01703899
v -0.00428210 -0.01578412 0.01715099
v -0.00216040 -0.01584292 0.01735019
v -0.00350660 -0.01364092 0.01704459
v -0.00454100 -0.01004402 0.01639719
v -0.00397480 -0.00996612 0.01657899
v -0.00481940 -0.00913232 0.01640389
v -0.00340340 -0.00904262 0.01669609
v -0.00583590 -0.00871532 0.01584759
v -0.00590060 -0.00964582 0.01594569
v -0.00660430 -0.00910382 0.01540209
v -0.00532790 -0.01043022 0.01611609
v -0.00675890 -0.01071622 0.01546929
v -0.00562920 -0.01546412 0.01664999
v -0.00625600 -0.01690102 0.01656199
v -0.00563810 -0.01215762 0.01621449
v -0.00686490 -0.01553552 0.01594359
v -0.00441370 -0.01100832 0.01649729
v -0.00313070 -0.01109732 0.01687669
v -0.00440010 -0.01235852 0.01672409
v -0.00630020 -0.01397332 0.01606029
v -0.00697630 -0.01258242 0.01557349
v -0.00502050 -0.01389772 0.01671309
v -0.00226740 -0.01922492 0.01780949
v -0.00669070 -0.01822952 0.01653699
v 0.00158710 -0.01109242 0.01642529
v 0.00015660 -0.01166942 0.01689679
v 0.00152860 -0.01337082 0.01661119
v 0.00074230 -0.00581536 0.01623789
v 0.00205480 -0.00565192 0.01578959
v 0.00155500 -0.00414000 0.01585839
v 0.00153130 -0.01575882 0.01677429
v -0.00001250 -0.01478732 0.01720109
v 0.00046660 -0.01742422 0.01708919
v 0.00077370 -0.00951602 0.01657199
v -0.00059980 -0.00303504 0.01615729
v -0.00127040 -0.00778502 0.01673949
v 0.00025340 -0.00770412 0.01651639
v -0.00057960 -0.00657817 0.01648359
v -0.00226080 -0.01286882 0.01711979
v -0.00109030 -0.01313302 0.01713749
v 0.00174730 -0.00766022 0.01604169
v -0.00054700 -0.00943892 0.01686509
v 0.00204890 -0.00946972 0.01613879
v 0.00048470 -0.00407018 0.01612679
v -0.00056220 -0.00500674 0.01639039
v -0.00149940 -0.01115612 0.01698609
v -0.00072400 -0.01682302 0.01739589
v -0.00143320 -0.01797492 0.01760039
v -0.00196030 -0.00924042 0.01686409
v -0.00064060 -0.01860782 0.01753939
v 0.00099580 -0.00291164 0.01597099
v -0.00182350 -0.00623446 0.01646879
v -0.00544090 -0.00770542 0.01580329
v -0.00520590 -0.00646602 0.01577559
v -0.00614880 -0.00660565 0.01516339
v -0.00700060 -0.00770462 0.01468879
v -0.00618470 -0.00803322 0.01540699
v -0.01077540 -0.03278632 0.01660369
v -0.00266880 -0.00780842 0.01658499
v -0.00210860 -0.00172966 0.01594579
v -0.00143080 0.00029962 0.01588349
v -0.00226640 -0.00049757 0.01582219
v -0.00265480 0.00018915 0.01564719
v -0.00351090 0.00085570 0.01520319
v -0.00351090 0.00085570 0.01520319
v -0.00335860 -0.00036478 0.01551129
v -0.00392150 -0.00031309 0.01524839
v -0.00392150 -0.00031309 0.01524839
v -0.00364850 -0.00166012 0.01567329
v -0.00329560 -0.00344373 0.01601609
v -0.00393100 -0.00437699 0.01595559
v -0.00310610 -0.00511161 0.01630649
v -0.00420960 -0.00332643 0.01582309
v -0.00412170 -0.00745182 0.01635439
v -0.00437360 -0.00563305 0.01602629
v -0.00279060 -0.00080644 0.01578659
v -0.00465500 -0.00421584 0.01566719
v -0.00213370 -0.00357370 0.01614929
v -0.00250870 0.00173647 0.01547929
v -0.00250870 0.00173647 0.01547929
v -0.00327730 -0.00648990 0.01637469
v -0.01039340 -0.03083702 0.01637019
v -0.00174850 -0.00468041 0.01638139
v -0.00156580 -0.02100232 0.01803399
v -0.00165720 -0.02267412 0.01821169
v -0.00050120 -0.02159622 0.01786519
v -0.00139450 -0.01947082 0.01775289
v -0.00218490 -0.02462862 0.01848149
v -0.00183310 -0.02612872 0.01843529
v -0.00615430 -0.02727882 0.01812149
v -0.00642920 -0.03064552 0.01849249
v -0.00642920 -0.03064552 0.01849249
v -0.00476020 -0.02943912 0.01868999
v -0.00476020 -0.02943912 0.01868999
v -0.00090360 -0.02342532 0.01817149
v -0.00294330 -0.02208672 0.01814379
v -0.00420080 -0.02537762 0.01839609
v -0.00591960 -0.02435172 0.01783729
v -0.00304110 -0.02753312 0.01863049
v -0.00304110 -0.02753312 0.01863049
v -0.00198270 -0.02770502 0.01848379
v -0.00198270 -0.02770502 0.01848379
v -0.00464220 -0.02233472 0.01797689
v -0.00580530 -0.02236762 0.01763209
v -0.00098990 -0.02659092 0.01822049
v -0.00098990 -0.02659092 0.01822049
v -0.00081670 -0.02012482 0.01782809
v -0.00543570 -0.02047122 0.01742009
v -0.00647900 -0.01973272 0.01683889
v -0.00663870 -0.02140992 0.01714069
v 0.00362900 -0.01011482 0.01544019
v 0.00354600 -0.01138272 0.01546499
v 0.00273890 -0.01064832 0.01605609
v 0.00300030 -0.01151712 0.01590269
v 0.00320640 -0.01232932 0.01568899
v 0.00250950 -0.01222752 0.01609629
v 0.00317210 -0.01311122 0.01584599
v 0.00012160 -0.01952092 0.01742009
v 0.00256270 -0.01353182 0.01622739
v 0.00085550 -0.01880292 0.01705119
v -0.00740100 -0.00933972 0.01460019
v -0.00803600 -0.00930082 0.01394469
v -0.00765000 -0.01172912 0.01510549
v -0.00816630 -0.01193872 0.01447169
v -0.00795910 -0.01301762 0.01495269
v -0.00736890 -0.01421462 0.01540399
v -0.00893450 -0.02697852 0.01700619
v -0.00762600 -0.02635812 0.01748099
v -0.00843460 -0.02511722 0.01688059
v -0.00863620 -0.01488212 0.01482489
v -0.00790430 -0.01560902 0.01547299
v -0.01016350 -0.03269082 0.01727329
v -0.00759320 -0.01711952 0.01615419
v -0.00962710 -0.03041592 0.01715789
v -0.00977990 -0.02862522 0.01667189
v -0.00868080 -0.01670192 0.01543009
v -0.00873970 -0.01804822 0.01571819
v -0.00781600 -0.01937952 0.01643069
v -0.00792480 -0.02908982 0.01784889
v -0.00901800 -0.01997372 0.01563459
v -0.00670440 -0.02560532 0.01766289
v -0.00745770 -0.02432932 0.01720719
v -0.00991150 -0.03471852 0.01789839
v -0.00991150 -0.03471852 0.01789839
v -0.00922900 -0.02229662 0.01564989
v -0.01000510 -0.02618792 0.01581779
v -0.00909390 -0.02932582 0.01739549
v -0.00909940 -0.03157812 0.01773869
v -0.00909940 -0.03157812 0.01773869
v -0.00975210 -0.03140802 0.01725049
v -0.00777170 -0.03220292 0.01820069
v -0.00777170 -0.03220292 0.01820069
v -0.00924350 -0.02454152 0.01612019
v -0.00719260 -0.02051532 0.01674539
v -0.00786630 -0.02177962 0.01664139
v -0.00851560 -0.02355122 0.01646379
v -0.00671890 -0.02288652 0.01734959
v -0.01959620 -0.10256122 0.00432699
v -0.01992410 -0.10285622 0.00605529
v -0.01917930 -0.10073522 0.00546659
v -0.01474990 -0.10663722 -0.00621941
v -0.01296810 -0.10646722 -0.00753121
v -0.01879970 -0.10578022 0.00079839
v -0.01729610 -0.10344022 0.00064489
v -0.01705370 -0.10539122 -0.00124781
v -0.02027790 -0.10458922 0.00471789
v -0.01984430 -0.10546022 0.00322659
v -0.02037570 -0.10610722 0.00459679
v -0.01871800 -0.09044442 0.01210559
v -0.02060620 -0.10230422 0.00969599
v -0.02007590 -0.10080022 0.01007329
v -0.01913780 -0.10077922 0.00854909
v -0.01805790 -0.10019122 0.01062549
v -0.01788740 -0.09979822 0.01113419
v -0.01792430 -0.09974022 0.00997139
v -0.02004820 -0.09894422 0.02221289
v -0.01911820 -0.09855222 0.02216569
v -0.01920320 -0.09873622 0.02099909
v -0.01790070 -0.09614602 0.02225829
v -0.01784840 -0.09769122 0.02231639
v -0.01787260 -0.09767922 0.02385659
v -0.01830490 -0.09155442 0.02500119
v -0.01539340 -0.10582322 -0.00367321
v -0.01727120 -0.10713122 -0.00447451
v -0.01859510 -0.10683622 -0.00202941
v -0.01818680 -0.09418532 0.02129169
v -0.01803920 -0.09442102 0.02322369
v -0.01793940 -0.09576092 0.02445429
v -0.01787160 -0.09793222 0.00718259
v -0.01808410 -0.09835122 0.00614579
v -0.01791800 -0.09956222 0.00726959
v -0.01825560 -0.09284272 0.02416569
v -0.01839990 -0.09215782 0.02154419
v -0.01818900 -0.09326892 0.00731659
v -0.01848070 -0.09121292 0.00742229
v -0.01813820 -0.09137842 0.00642719
v -0.01942770 -0.10822022 -0.00357761
v -0.01994700 -0.10969122 -0.00445931
v -0.02012740 -0.10227722 0.00777049
v -0.02097890 -0.10489722 0.00779249
v -0.01799570 -0.09979022 0.00829729
v -0.01814730 -0.09873622 0.00891589
v -0.01816050 -0.09862922 0.00778069
v -0.02139300 -0.10426322 0.01115149
v -0.02239720 -0.10960822 0.00964889
v -0.02178490 -0.10659322 0.01000999
v -0.02167500 -0.10785322 0.00692559
v -0.01822390 -0.09486212 0.01120209
v -0.01790330 -0.09811022 0.01256759
v -0.01807240 -0.09700312 0.01420489
v -0.02202500 -0.10473622 0.02037999
v -0.02148160 -0.10243622 0.02131139
v -0.02240560 -0.11558622 0.00492589
v -0.01827330 -0.09370212 0.01824099
v -0.01861420 -0.11845322 0.01537299
v -0.01691290 -0.11889122 0.01398299
v -0.01691290 -0.11889122 0.01398299
v -0.02148380 -0.11843522 0.01469869
v -0.02216290 -0.11771122 0.01626299
v -0.02223450 -0.11772322 0.01449259
v -0.02132010 -0.10174222 0.01992329
v -0.02176710 -0.10297522 0.01894599
v -0.02242000 -0.10670322 0.02240559
v -0.02263150 -0.10860822 0.01728979
v -0.02280140 -0.10964622 0.01366409
v -0.02279970 -0.11114422 0.01643959
v -0.02269790 -0.11473622 0.01022439
v -0.02277830 -0.11351522 0.01219379
v -0.02257450 -0.11316722 0.00951869
v -0.02214960 -0.11881222 0.00764899
v -0.02245180 -0.11779022 0.00890369
v -0.02257990 -0.10791122 0.02108879
v -0.02239030 -0.10694522 0.01972879
v -0.02203060 -0.11137522 0.00480349
v -0.02089970 -0.10812622 0.00293449
v -0.02127900 -0.11118122 0.00031529
v -0.02263730 -0.11544022 0.00800959
v -0.02263000 -0.11127622 0.01131019
v -0.02198560 -0.10580322 0.01292879
v -0.02231920 -0.10743322 0.01434229
v -0.02216830 -0.10535522 0.01675029
v -0.02227330 -0.11844122 0.01032559
v -0.02218420 -0.10754822 0.01199339
v -0.01859310 -0.09011812 0.01541419
v -0.02247810 -0.10839522 0.01237039
v -0.02260520 -0.11665122 0.01536089
v -0.02255760 -0.11696722 0.01628819
v -0.02284060 -0.11631722 0.01760539
v -0.02085640 -0.10055022 0.02134799
v -0.02157540 -0.10288322 0.01675129
v -0.02103390 -0.10099122 0.01861279
v -0.02088250 -0.10149822 0.01580999
v -0.02197150 -0.11835722 0.01310609
v -0.02259410 -0.11710822 0.01301989
v -0.02257520 -0.11156322 0.00935989
v -0.02243650 -0.11265022 0.00752859
v -0.01712050 -0.09885122 0.00259959
v -0.01768250 -0.10114622 0.00227109
v -0.01819010 -0.09933322 0.00420789
v -0.02293580 -0.11521622 0.01395379
v -0.02282450 -0.11567222 0.01164859
v -0.02263520 -0.11719722 0.01097109
v -0.02267850 -0.11621522 0.00982709
v -0.01807170 -0.09691372 0.01724469
v -0.01798170 -0.09829122 0.01589699
v -0.01805340 -0.09732642 0.00798729
v -0.01772880 -0.09607432 0.00699809
v -0.01711160 -0.09411382 0.00332519
v -0.01590530 -0.09667152 0.00150649
v -0.01729290 -0.09670732 0.00360999
v -0.01811130 -0.09500952 0.01481279
v -0.02154400 -0.10331422 0.01414879
v -0.02062880 -0.10086822 0.01318069
v -0.02037970 -0.10002922 0.01705739
v -0.02054030 -0.10507722 0.00586649
v -0.02093540 -0.10653722 0.00560089
v -0.02226530 -0.11808122 0.01179189
v -0.01812610 -0.08881992 0.00617049
v -0.01859150 -0.08994122 0.00736109
v -0.01904360 -0.08758792 0.00826129
v -0.01803820 -0.09963022 0.01331049
v -0.01938260 -0.09984122 0.01403319
v -0.01830180 -0.09965722 0.01473389
v -0.02018000 -0.09936322 0.01869099
v -0.01960120 -0.09927922 0.01768789
v -0.01867960 -0.09093862 0.00906299
v -0.02283750 -0.11172322 0.01382579
v -0.02287330 -0.11335822 0.01520639
v -0.01840600 -0.08592732 0.00673659
v -0.01574130 -0.08724792 0.00377899
v -0.01924110 -0.09840922 0.02332159
v -0.01827950 -0.09278482 0.01412029
v -0.01863740 -0.10051822 0.01023059
v -0.01825770 -0.10034322 0.01109819
v -0.02051010 -0.10853922 -0.00086581
v -0.02303370 -0.11173422 0.02169229
v -0.01843480 -0.09353012 0.00875279
v -0.01817480 -0.09528832 0.00846009
v -0.02273410 -0.10920322 0.02210339
v -0.02290430 -0.11045622 0.01941369
v -0.01291310 -0.09208612 -0.00036231
v -0.01358310 -0.08970412 0.00099829
v -0.01207600 -0.09580522 -0.00202101
v -0.02042400 -0.10999522 -0.00243621
v -0.01923230 -0.09943122 0.01610149
v -0.01823170 -0.10046222 0.00899019
v -0.02089880 -0.10256922 0.01180809
v -0.02059880 -0.10139822 0.01128249
v -0.01819480 -0.09695672 0.00927689
v -0.01801450 -0.09981022 0.00903079
v -0.02035130 -0.10014022 0.01527989
v -0.01996850 -0.10033022 0.01136149
v -0.01863930 -0.09930622 0.01753619
v -0.01829750 -0.09938122 0.01661629
v -0.02087980 -0.11880722 0.01328779
v -0.01801640 -0.09829622 0.01071099
v -0.02100370 -0.11831522 0.01648619
v -0.02297780 -0.11348822 0.01854619
v -0.02287520 -0.11504722 0.01605849
v -0.02017420 -0.11845922 0.01493609
v -0.02150710 -0.11797222 0.01728389
v -0.01884500 -0.10015622 0.01209539
v -0.01821360 -0.09864622 0.02009529
v -0.01927500 -0.09888822 0.01968879
v -0.02190580 -0.11742922 0.01810289
v -0.01798790 -0.09902822 0.01620099
v -0.01797800 -0.09896522 0.01572369
v -0.01804940 -0.09886322 0.01710719
v -0.01811520 -0.09811422 0.01712929
v -0.01776640 -0.09945022 0.01193979
v -0.01861440 -0.09824022 0.02426269
v -0.01789970 -0.09879422 0.01422239
v -0.01811700 -0.09635762 0.01947279
v -0.01816690 -0.09943422 0.01577899
v -0.02026550 -0.09942822 0.02030089
v -0.02278510 -0.10874922 0.01989699
v -0.01791910 -0.09910522 0.01518049
v -0.02002330 -0.10690822 0.00184089
v -0.02013860 -0.10727022 0.00051489
v -0.01905930 -0.09907322 0.01865949
v -0.01794480 -0.09857322 0.01836569
v -0.01799730 -0.09754922 0.01927369
v -0.01852540 -0.09900922 0.01928329
v -0.01832780 -0.09849522 0.02172609
v -0.01799540 -0.09750122 0.02094449
v -0.02063460 -0.09980822 0.02304319
v -0.01897100 -0.10067522 0.00679659
v -0.01805340 -0.10027722 0.00953879
v -0.01836140 -0.09830422 0.02307929
v -0.01758960 -0.09494202 0.00542819
v -0.01372170 -0.09944322 -0.00138711
v -0.01487080 -0.10342422 -0.00182651
v -0.01624170 -0.10059022 0.00065969
v -0.02240410 -0.11674022 0.01952099
v -0.01870440 -0.10319122 0.00259209
v -0.01874090 -0.09846522 0.02254709
v -0.01551310 -0.09222572 0.00175979
v -0.01736200 -0.09129812 0.00444839
v -0.01383500 -0.09529782 -0.00017431
v -0.00247650 -0.06261252 0.02224539
v -0.00145360 -0.06228142 0.02107239
v -0.00211280 -0.06056212 0.02151459
v -0.00211280 -0.06056212 0.02151459
v 0.00072960 -0.06427112 0.01640759
v 0.00074170 -0.06694492 0.01547569
v 0.00124740 -0.06442412 0.01413379
v 0.00131140 -0.06616192 0.01268329
v 0.00157710 -0.06456392 0.01275439
v 0.00149790 -0.06559782 0.01129769
v 0.00098830 -0.08214662 0.01174409
v 0.00104420 -0.08323102 0.01366729
v 0.00103300 -0.08448092 0.01212039
v 0.00153410 -0.06693972 0.01119619
v 0.00162550 -0.06574132 0.01069489
v 0.00096430 -0.08038182 0.01342399
v 0.00085980 -0.07880282 0.01492559
v 0.00083960 -0.08162112 0.01574549
v -0.00154580 -0.08364992 0.02361329
v -0.00235680 -0.08322512 0.02488249
v -0.00195050 -0.08590462 0.02485529
v 0.00016880 -0.06918102 0.01768819
v -0.00046460 -0.06862962 0.01975019
v -0.00026250 -0.07190182 0.01931449
v 0.00154850 -0.07008272 0.01000719
v 0.00111060 -0.07636652 0.01292019
v 0.00074820 -0.07592582 0.01563779
v 0.00033010 -0.07073362 0.00591869
v 0.00096010 -0.07010392 0.00709019
v 0.00067200 -0.07244322 0.00693669
v -0.00031640 -0.07220692 0.00523339
v -0.00209960 -0.07205612 0.00392209
v 0.00047210 -0.08128342 0.01774049
v 0.00001100 -0.07946762 0.01925529
v 0.00002650 -0.08271412 0.01946599
v -0.00097410 -0.06422542 0.02055509
v -0.00034200 -0.06193832 0.01937389
v 0.00116930 -0.06235682 0.01498299
v -0.00159120 -0.08363372 0.00519499
v 0.00025540 -0.08234632 0.00791069
v -0.00034130 -0.08604392 0.00682709
v 0.00140470 -0.06253562 0.01337729
v -0.00117040 -0.08050692 0.02249479
v -0.00151490 -0.07775792 0.02258549
v -0.00199180 -0.07942432 0.02369179
v 0.00163220 -0.06356252 0.01292519
v 0.00060680 -0.08322592 0.01740979
v 0.00107650 -0.07962272 0.01165299
v 0.00103580 -0.07806962 0.01048409
v -0.00387590 -0.07680432 0.00373099
v -0.00382970 -0.08284752 0.00322919
v -0.00017180 -0.08972432 0.01191669
v 0.00043720 -0.08828562 0.01006469
v -0.00114640 -0.09083612 0.01732839
v -0.00049960 -0.08984532 0.01586079
v -0.00072690 -0.08960792 0.01793099
v -0.00018940 -0.08793002 0.01903539
v -0.00104650 -0.09015542 0.02072959
v -0.00104650 -0.09015542 0.02072959
v -0.00074930 -0.07840452 0.02114929
v -0.00112270 -0.07571422 0.02147179
v -0.00031700 -0.07567682 0.01957779
v -0.00003080 -0.07373022 0.01862719
v -0.00194680 -0.06412912 0.02175179
v -0.00280460 -0.06447152 0.02272559
v 0.00167990 -0.06089502 0.01352649
v -0.00053350 -0.08675202 0.02207789
v -0.00117240 -0.08548092 0.02333009
v -0.00135800 -0.08766472 0.02401419
v -0.00057770 -0.08848842 0.02114299
v -0.00016290 -0.08668882 0.02010529
v 0.00126040 -0.07194102 0.00874759
v 0.00001390 -0.06415302 0.01861189
v 0.00063920 -0.06155182 0.01706869
v 0.00003060 -0.05946422 0.01835499
v 0.00003060 -0.05946422 0.01835499
v -0.00096670 -0.05985652 0.02011679
v -0.00096670 -0.05985652 0.02011679
v 0.00137440 -0.05961392 0.01489579
v 0.00137440 -0.05961392 0.01489579
v 0.00147790 -0.06964532 0.01179399
v -0.00053790 -0.06601192 0.01988729
v -0.00116210 -0.06757262 0.02099109
v -0.00263290 -0.08079362 0.02468079
v -0.00363550 -0.08234822 0.02618219
v -0.00130090 -0.08233672 0.02295889
v -0.00178220 -0.08162402 0.02372319
v 0.00049460 -0.07868812 0.01710659
v 0.00037660 -0.08538392 0.01825519
v -0.00133460 -0.06919362 0.02125799
v 0.00020470 -0.08833742 0.01392219
v 0.00107160 -0.07063892 0.01384619
v 0.00101290 -0.06848622 0.01354129
v 0.00057490 -0.07027702 0.01554319
v 0.00126230 -0.07301372 0.01106649
v 0.00115390 -0.07575962 0.01059499
v -0.00270990 -0.08742502 0.02627979
v -0.00270990 -0.08742502 0.02627979
v -0.00290300 -0.08512562 0.02600149
v -0.00043220 -0.08091292 0.02086039
v -0.00283300 -0.07869092 0.02448759
v -0.00376430 -0.07949002 0.02546049
v -0.00135240 -0.09003512 0.02311089
v -0.00135240 -0.09003512 0.02311089
v -0.00095990 -0.08959412 0.02169939
v -0.00075010 -0.08348642 0.02189279
v 0.00025670 -0.08725152 0.01635859
v 0.00082470 -0.08443802 0.01582679
v 0.00090250 -0.08575462 0.01386569
v -0.00020720 -0.08495882 0.02031189
v 0.00045010 -0.07322192 0.01634369
v 0.00026190 -0.07533782 0.01764609
v -0.00199380 -0.08806072 0.02534299
v -0.00199380 -0.08806072 0.02534299
v 0.00017160 -0.07744732 0.01844919
v -0.00299930 -0.06643442 0.02286949
v -0.00401390 -0.06570512 0.02348169
v -0.00365960 -0.06339992 0.02315599
v -0.01096030 -0.08273792 0.02814749
v -0.01281980 -0.08257092 0.02758229
v -0.01280130 -0.08445612 0.02812139
v -0.01280130 -0.08445612 0.02812139
v 0.00015920 -0.07210842 0.01757649
v 0.00078560 -0.08676062 0.01191059
v -0.01134620 -0.08475572 0.02850339
v -0.01134620 -0.08475572 0.02850339
v -0.00023220 -0.08851842 0.00740499
v -0.00005710 -0.08934252 0.00853079
v -0.00191090 -0.07531402 0.02285279
v -0.00414900 -0.08532662 0.02710579
v -0.00535000 -0.08623952 0.02766399
v -0.00535000 -0.08623952 0.02766399
v -0.00467310 -0.08716402 0.02754499
v -0.00467310 -0.08716402 0.02754499
v -0.00371090 -0.08743522 0.02713129
v -0.00371090 -0.08743522 0.02713129
v -0.00330410 -0.08634812 0.02664689
v -0.01269680 -0.07816942 0.02645459
v -0.01192080 -0.07909502 0.02695229
v -0.01110970 -0.07810942 0.02687959
v -0.01209360 -0.07658372 0.02617729
v -0.01295810 -0.07987092 0.02678739
v -0.01180800 -0.08103902 0.02753809
v -0.00880250 -0.06558032 0.02438989
v -0.00745080 -0.06458792 0.02412939
v -0.00902690 -0.06397202 0.02397849
v 0.00084940 -0.05918692 0.01651229
v 0.00084940 -0.05918692 0.01651229
v -0.01091820 -0.07957892 0.02734109
v -0.01183850 -0.07973242 0.02719679
v 0.00075210 -0.08466722 0.00988149
v -0.00872800 -0.08155242 0.02800219
v -0.00946720 -0.07901832 0.02733079
v -0.01018380 -0.08088702 0.02775339
v -0.01296870 -0.08123042 0.02723779
v -0.00920470 -0.06824252 0.02466739
v -0.01020500 -0.06609292 0.02397859
v -0.01073810 -0.06889422 0.02438799
v -0.00243580 -0.07717282 0.02369379
v -0.01178890 -0.07014492 0.02443709
v -0.01074410 -0.07050232 0.02467269
v -0.00185020 -0.07101062 0.02222819
v -0.00145690 -0.07336622 0.02189599
v -0.00097490 -0.07109912 0.02087839
v 0.00032700 -0.08734692 0.00866909
v -0.00114990 -0.08914272 0.00565799
v -0.01226480 -0.07943352 0.02699419
v -0.00961370 -0.07322132 0.02586159
v -0.01129130 -0.07454142 0.02587999
v -0.00946100 -0.07492882 0.02638539
v -0.00763330 -0.06251712 0.02363419
v -0.00763330 -0.06251712 0.02363419
v -0.00994930 -0.07667672 0.02663159
v -0.01124910 -0.07196422 0.02499799
v -0.01044250 -0.06368722 0.02332689
v -0.01044250 -0.06368722 0.02332689
v 0.00113500 -0.07438152 0.00948169
v -0.00370390 -0.07631732 0.02478729
v -0.00931370 -0.07058322 0.02498729
v -0.00803890 -0.06632502 0.02458609
v -0.00199890 -0.09270422 0.01911289
v -0.00199890 -0.09270422 0.01911289
v -0.00429920 -0.08625472 0.00238469
v -0.00277240 -0.07532462 0.02375909
v -0.00078620 -0.07344232 0.02067919
v 0.00096040 -0.07311632 0.01457929
v -0.00332690 -0.07325222 0.02395219
v 0.00021150 -0.06639942 0.01797869
v -0.00475960 -0.07044982 0.02452209
v -0.00455510 -0.07289962 0.02472799
v -0.00365210 -0.07031182 0.02387799
v -0.00234890 -0.07324112 0.02299929
v 0.00085460 -0.08090032 0.01002069
v -0.00464570 -0.06824832 0.02404799
v 0.00054760 -0.07911672 0.00848909
v -0.00030580 -0.08033562 0.00668749
v -0.00182810 -0.08965402 0.02511019
v -0.00182810 -0.08965402 0.02511019
v -0.00277210 -0.07133202 0.02312229
v -0.00357270 -0.06769782 0.02331939
v -0.00169200 -0.07997132 0.00516269
v -0.00235650 -0.06825952 0.02231039
v -0.00595250 -0.06196362 0.02340789
v -0.00595250 -0.06196362 0.02340789
v -0.00531020 -0.06423942 0.02374769
v -0.00665570 -0.08623932 0.02805619
v -0.00665570 -0.08623932 0.02805619
v -0.00553740 -0.08492042 0.02771639
v -0.00588530 -0.06808152 0.02453649
v -0.00564590 -0.06979602 0.02481929
v -0.00922650 -0.08403792 0.02867839
v -0.00922650 -0.08403792 0.02867839
v -0.00757830 -0.08260682 0.02814859
v -0.00846400 -0.08268572 0.02832989
v -0.00496770 -0.08343132 0.02734619
v -0.00683730 -0.08403562 0.02814439
v -0.00687410 -0.06697212 0.02453969
v -0.00589650 -0.08218072 0.02757039
v -0.00480410 -0.08171862 0.02700849
v -0.00488910 -0.08037212 0.02654319
v -0.00547300 -0.08121722 0.02710089
v -0.01184710 -0.06882312 0.02414889
v -0.00890810 -0.06695092 0.02461529
v -0.00647870 -0.08068312 0.02742069
v -0.00608170 -0.07897722 0.02677989
v 0.00124770 -0.07242412 0.01287199
v -0.00536420 -0.06662102 0.02404959
v -0.00756830 -0.07866682 0.02714019
v -0.00642920 -0.07707312 0.02650549
v -0.00806250 -0.07603102 0.02669029
v -0.00673990 -0.07521982 0.02619529
v -0.00868610 -0.07765082 0.02693099
v -0.00496970 -0.07798052 0.02590229
v -0.00963010 -0.06276542 0.02336329
v -0.00963010 -0.06276542 0.02336329
v -0.00863620 -0.06133042 0.02319749
v -0.00863620 -0.06133042 0.02319749
v -0.00455420 -0.06205882 0.02306099
v -0.00455420 -0.06205882 0.02306099
v -0.00560370 -0.07519662 0.02555929
v -0.00663930 -0.07357192 0.02577449
v -0.00571120 -0.07294172 0.02516649
v -0.00849940 -0.07423762 0.02633749
v -0.00752040 -0.07432492 0.02626789
v -0.00783010 -0.07236282 0.02572449
v -0.00640400 -0.07162472 0.02528739
v -0.00032780 -0.07727182 0.00650059
v -0.00542910 -0.07140352 0.02492219
v -0.00711950 -0.06976762 0.02518289
v -0.00809030 -0.06864652 0.02493449
v -0.00820120 -0.06750712 0.02472589
v 0.00091560 -0.07657232 0.00898469
v 0.00013180 -0.07452392 0.00617619
v -0.00123830 -0.07437382 0.00470809
v -0.00841430 -0.08606472 0.02859589
v -0.00841430 -0.08606472 0.02859589
v -0.00327810 -0.06092982 0.02245299
v -0.00327810 -0.06092982 0.02245299
v -0.00229560 -0.06575802 0.02209469
v -0.01182660 -0.06467812 0.02319779
v -0.01235750 -0.06316282 0.02247429
v -0.01235750 -0.06316282 0.02247429
v -0.01194080 -0.06721512 0.02370489
v -0.01264290 -0.06565142 0.02309819
v 0.00083840 -0.07459542 0.00785739
v -0.01143660 -0.06221922 0.02252969
v -0.01143660 -0.06221922 0.02252969
v -0.00168250 -0.06494032 0.02140699
v -0.00100810 -0.07572572 0.00533839
v -0.00143560 -0.06613662 0.02126449
v 0.00138420 -0.06772812 0.01229809
v -0.01424760 -0.09023902 0.02789629
v -0.01302960 -0.09561372 0.02783499
v -0.01053010 -0.09568232 0.02789419
v -0.01130570 -0.09339592 0.02777589
v -0.01398410 -0.09173132 0.02784999
v -0.01366060 -0.09359002 0.02789699
v -0.01186440 -0.09697812 0.02782349
v -0.01354650 -0.09732882 0.02774099
v -0.00238430 -0.09071482 0.02604189
v -0.00296110 -0.09089912 0.02703499
v -0.00261360 -0.09192782 0.02637479
v -0.00218200 -0.10127022 0.02345409
v -0.00346610 -0.10003122 0.02217859
v -0.00214010 -0.09144552 0.02524809
v -0.00327080 -0.10039022 0.02854609
v -0.00296190 -0.10109622 0.02878459
v -0.00286280 -0.10046422 0.02745339
v -0.00354600 -0.09944222 0.02618399
v -0.00271150 -0.10057822 0.02577809
v -0.00380460 -0.10016822 0.02900169
v -0.00367620 -0.09943422 0.02800039
v -0.00247190 -0.08941342 0.02623319
v -0.00277060 -0.10199622 0.02970119
v -0.00325550 -0.10115222 0.03001119
v -0.00312040 -0.10157822 0.03084139
v -0.00192020 -0.10446622 0.03087999
v -0.00192020 -0.10446622 0.03087999
v -0.00170060 -0.10477922 0.02840939
v -0.00170060 -0.10477922 0.02840939
v -0.00220620 -0.10307922 0.02988059
v -0.00220920 -0.09271912 0.02241509
v -0.00332850 -0.08910782 0.02705939
v -0.00220490 -0.10212922 0.02743139
v -0.00247080 -0.09321062 0.02458949
v -0.00422240 -0.09764322 0.02690279
v -0.00330330 -0.09587742 0.02591229
v -0.00406070 -0.09606162 0.02698619
v -0.00459570 -0.09986922 0.02903459
v -0.00513920 -0.09903622 0.02825589
v -0.00615960 -0.09999622 0.02962299
v -0.00309580 -0.09982122 0.02462229
v -0.00393510 -0.09824622 0.02596889
v -0.00409290 -0.09970622 0.02078669
v -0.00338940 -0.10066022 0.02936159
v -0.00391620 -0.09841422 0.02131199
v -0.00391690 -0.09874522 0.02266859
v -0.00411320 -0.09928522 0.02202699
v -0.00170060 -0.10411922 0.02540429
v -0.00170060 -0.10411922 0.02540429
v -0.00280740 -0.09341362 0.02607689
v -0.00235000 -0.10330422 0.03140779
v -0.00291540 -0.10240322 0.03130639
v -0.00272690 -0.10284122 0.03265789
v -0.00372800 -0.09725642 0.02486169
v -0.00369780 -0.09746922 0.02296649
v -0.00404640 -0.09884422 0.02479619
v -0.00408100 -0.09904822 0.02352389
v -0.00440780 -0.10069722 0.02994699
v -0.00360580 -0.09471902 0.02675749
v -0.00343400 -0.09288202 0.02697909
v -0.01432990 -0.10511922 0.04059379
v -0.01229970 -0.10623122 0.04149659
v -0.01257430 -0.10555322 0.04039189
v -0.01364560 -0.10557522 0.04150209
v -0.00303770 -0.09492952 0.02173919
v -0.00306560 -0.09539922 0.02397819
v -0.00409270 -0.09424372 0.02739099
v -0.00918430 -0.09375142 0.02789879
v -0.00943490 -0.09159742 0.02789689
v -0.01115840 -0.09147622 0.02787179
v -0.01034610 -0.09004792 0.02802369
v -0.01005710 -0.08809542 0.02840159
v -0.01219150 -0.08998102 0.02804379
v -0.00900630 -0.08962852 0.02820669
v -0.01105190 -0.08680722 0.02851999
v -0.01255620 -0.08642282 0.02830619
v -0.01191140 -0.08805722 0.02824739
v -0.00774680 -0.08818452 0.02829239
v -0.01083440 -0.08567412 0.02860349
v -0.00994580 -0.08605632 0.02866289
v -0.00579300 -0.08804942 0.02802449
v -0.00393240 -0.10156522 0.03180599
v -0.00381740 -0.10122622 0.03082019
v -0.00494720 -0.10136822 0.03105249
v -0.00592660 -0.10149822 0.03230409
v -0.00622450 -0.10126322 0.03132329
v -0.00734220 -0.10134322 0.03177089
v -0.00905830 -0.10099822 0.03152079
v -0.00730790 -0.10092322 0.03071439
v -0.00581650 -0.10090122 0.03060019
v -0.00522510 -0.09805622 0.02782639
v -0.00483740 -0.09860422 0.02766019
v -0.00406400 -0.09882822 0.02692809
v -0.00440340 -0.09899422 0.02760119
v -0.00452700 -0.09852622 0.02723139
v -0.00475420 -0.09801722 0.02739499
v -0.00401500 -0.09905522 0.02570829
v -0.00409030 -0.09948322 0.02280299
v -0.00338660 -0.09978222 0.02344429
v -0.00386990 -0.09952622 0.02410769
v -0.01204230 -0.09824422 0.02800449
v -0.01006890 -0.09750722 0.02789569
v -0.01362390 -0.09814522 0.02795509
v -0.01314120 -0.09851822 0.02827029
v -0.01251990 -0.09886422 0.02866359
v -0.01088060 -0.09900022 0.02881639
v -0.01031740 -0.09854722 0.02810069
v -0.00927650 -0.10535222 0.04082579
v -0.00923160 -0.10534622 0.04146929
v -0.00821370 -0.10442922 0.04148629
v -0.00631660 -0.10166322 0.03973759
v -0.00587350 -0.10194522 0.04150089
v -0.00499140 -0.10188222 0.04149819
v -0.00480340 -0.10169822 0.03927069
v -0.00387930 -0.10213122 0.04150069
v -0.00363630 -0.10220622 0.03982189
v -0.00315440 -0.10263522 0.04149979
v -0.00247060 -0.10333822 0.03702569
v -0.00245880 -0.10373222 0.03886709
v -0.00225540 -0.10491622 0.03809019
v -0.00225540 -0.10491622 0.03809019
v -0.00750950 -0.10239822 0.04000669
v -0.00794270 -0.10357222 0.04024599
v -0.00741820 -0.10292122 0.04083569
v -0.01144650 -0.10638322 0.04149619
v -0.00273780 -0.10295822 0.03918519
v -0.00271280 -0.10389922 0.04149609
v -0.00271280 -0.10389922 0.04149609
v -0.00286270 -0.10261422 0.03745209
v -0.00312890 -0.10247022 0.03968729
v -0.00326270 -0.10237522 0.03847119
v -0.00242340 -0.10295522 0.03525499
v -0.00284740 -0.10265022 0.03620799
v -0.00394650 -0.10202722 0.03815719
v -0.00678470 -0.10230122 0.04149789
v -0.00769110 -0.10365922 0.04145689
v -0.01405170 -0.10479822 0.03957059
v -0.00571280 -0.10155622 0.03877969
v -0.00556040 -0.10158122 0.03783739
v -0.00463140 -0.10166122 0.03340239
v -0.00420250 -0.10195522 0.03505029
v -0.00354160 -0.10197622 0.03387549
v -0.00480240 -0.10179522 0.03690959
v -0.00636810 -0.10164022 0.03662149
v -0.01138490 -0.10319322 0.03809059
v -0.01063380 -0.10254022 0.03736039
v -0.01181280 -0.10269322 0.03734529
v -0.01103220 -0.10628522 0.04149459
v -0.01045120 -0.10594622 0.04150129
v -0.01032970 -0.10548722 0.03993019
v -0.01119050 -0.10182422 0.03536879
v -0.00987970 -0.10162222 0.03486869
v -0.01093170 -0.10140822 0.03373009
v -0.01093360 -0.10094622 0.03180819
v -0.01036320 -0.10042622 0.03086169
v -0.00646650 -0.10149322 0.03798189
v -0.00775210 -0.10177222 0.03705719
v -0.00703450 -0.10173922 0.03830799
v -0.00875200 -0.10459422 0.04024029
v -0.01276080 -0.10475222 0.03943399
v -0.01207300 -0.10411822 0.03882369
v -0.01341770 -0.10416022 0.03871869
v -0.00779870 -0.10203722 0.03844019
v -0.00982600 -0.10203122 0.03621489
v -0.00865500 -0.10179522 0.03623369
v -0.00805490 -0.10163322 0.03512239
v -0.00834610 -0.10277222 0.03901469
v -0.00645520 -0.10164022 0.03373029
v -0.00571200 -0.10172522 0.03503149
v -0.00887970 -0.10400922 0.03920099
v -0.01432770 -0.10411422 0.03890379
v -0.00843640 -0.10187222 0.03745539
v -0.00801450 -0.10159622 0.03293399
v -0.01283060 -0.10343422 0.03771509
v -0.00882110 -0.10201522 0.03684689
v -0.00314290 -0.10245722 0.03489099
v -0.00919180 -0.10319122 0.03845959
v -0.00967850 -0.10136522 0.03277819
v -0.00355890 -0.10223922 0.03672889
v -0.00975720 -0.10396022 0.03875029
v -0.01157460 -0.10031622 0.03052009
v -0.00918880 -0.10231422 0.03768609
v -0.00939310 -0.10155422 0.03391469
v -0.01233530 -0.10080922 0.03136279
v -0.01297460 -0.10046322 0.03058069
v -0.01087950 -0.10419322 0.03885259
v -0.01013540 -0.10313822 0.03820599
v -0.01166260 -0.10489322 0.03944479
v -0.01341030 -0.10087322 0.03242349
v -0.01252390 -0.10099622 0.03267779
v -0.01141640 -0.10215222 0.03650579
v -0.01271650 -0.10152522 0.03452099
v -0.01229250 -0.10182222 0.03598889
v -0.01262980 -0.10234622 0.03680779
v -0.01336960 -0.10171522 0.03609909
v -0.01261450 -0.09204062 0.02784739
v -0.01344500 -0.08857782 0.02794829
v -0.00487870 -0.09696512 0.02757139
v -0.00410510 -0.09519982 0.02713749
v -0.00467480 -0.09553832 0.02751379
v -0.00538220 -0.09414642 0.02796089
v -0.00541690 -0.09609602 0.02787929
v -0.00595490 -0.09810122 0.02801529
v -0.00562840 -0.09717362 0.02797049
v -0.00668240 -0.09657672 0.02804859
v -0.00859130 -0.09625122 0.02806159
v -0.00812280 -0.09790622 0.02797799
v -0.00752840 -0.09450982 0.02810649
v -0.00883690 -0.09512632 0.02802719
v -0.00683040 -0.09816522 0.02799799
v -0.00768630 -0.09241892 0.02801469
v -0.00657440 -0.09145392 0.02817269
v -0.00774010 -0.09044792 0.02819509
v -0.00646240 -0.09287582 0.02807539
v -0.00558800 -0.09207352 0.02812789
v -0.00478270 -0.09227652 0.02799569
v -0.00424750 -0.09312842 0.02769879
v -0.00584280 -0.09091562 0.02823179
v -0.00643050 -0.08994012 0.02830079
v -0.00503700 -0.09052562 0.02811599
v -0.00396460 -0.09027622 0.02765009
v -0.00391010 -0.09165212 0.02769599
v -0.00435430 -0.08872552 0.02770309
v -0.01180890 -0.09921222 0.02927039
v -0.01108700 -0.09943722 0.02985419
v -0.01293920 -0.09957322 0.02966739
v -0.00936340 -0.09937022 0.02962269
v -0.00997540 -0.09994122 0.03035959
v -0.01074240 -0.09994922 0.03047949
v -0.00923360 -0.09842922 0.02796669
v -0.00937790 -0.09893122 0.02850729
v -0.00744110 -0.09892122 0.02819529
v -0.00838210 -0.09877222 0.02818489
v -0.00713200 -0.09937422 0.02898999
v -0.00641250 -0.09910022 0.02841129
v -0.00786680 -0.09982422 0.02958819
v -0.00754430 -0.10040322 0.03011509
v -0.00819170 -0.09920522 0.02886179
v -0.00872170 -0.10041922 0.03034699
v -0.00956770 -0.10048722 0.03077259
v -0.00220750 -0.10387422 0.03268929
v -0.00220750 -0.10387422 0.03268929
v -0.00250220 -0.10296122 0.03392389
v -0.00234240 -0.10328622 0.03464329
v -0.00304840 -0.10254922 0.03352889
v -0.00211750 -0.10410522 0.03493559
v -0.00211750 -0.10410522 0.03493559
v -0.00338130 -0.10211622 0.03273989
v -0.00273180 -0.10273222 0.03339619
v -0.00126620 0.02281218 0.01252659
v -0.00086130 0.02343208 0.01259189
v -0.00157740 0.02337008 0.01234819
v -0.00909590 0.01521478 0.00472809
v -0.00932270 0.01401888 0.00384849
v -0.00906110 0.01365048 0.00517779
v -0.00725510 0.01483268 -0.00530691
v -0.00768540 0.01054345 -0.00491241
v -0.00842700 0.01429518 -0.00328931
v -0.00908660 0.01191950 -0.00172361
v -0.00156620 0.02184078 0.01243949
v -0.00600800 0.01784048 0.01054829
v -0.00609500 0.01945638 0.00997039
v -0.00689360 0.01821808 0.00952959
v -0.00500570 0.01582078 0.01195069
v -0.00564980 0.01505688 0.01154039
v -0.00426010 0.01400578 0.01280079
v -0.00767720 0.01529488 0.00946379
v -0.00678000 0.01536138 0.01062709
v -0.00714260 0.01686278 0.00971359
v -0.00673810 0.01753848 0.01007379
v -0.00820860 0.02574508 -0.00205601
v -0.00774710 0.02364608 -0.00418731
v -0.00853560 0.02139818 -0.00275291
v 0.00056920 0.01536038 -0.01075801
v -0.00079850 0.02253438 0.01267059
v -0.00116000 0.02853508 0.01164129
v -0.00652550 0.01688178 0.01045989
v -0.00582170 0.01647138 0.01106629
v -0.00894760 0.01846248 0.00587409
v -0.00948460 0.02146588 0.00442569
v -0.00941880 0.01878598 0.00427259
v -0.00773580 0.01297168 0.00998959
v -0.00633390 0.01353598 0.01138729
v 0.00007870 0.02308728 0.01286459
v -0.00076360 0.02475908 0.01232159
v -0.00599710 0.01155031 0.01212739
v -0.00712690 0.01176280 0.01103459
v -0.00716050 0.00967975 0.01126339
v -0.00452960 0.01825368 -0.00846621
v -0.00168450 0.02016878 -0.01062341
v -0.00916690 0.01678138 0.00497609
v -0.00936300 0.01650868 0.00367729
v -0.00265960 0.02045948 0.01233339
v -0.00164260 0.02009268 0.01273279
v -0.00939300 0.00267433 0.00957269
v -0.00969280 0.00378689 0.00828739
v -0.01020770 0.00223521 0.00770489
v -0.00046780 0.02097228 0.01298379
v -0.00953890 0.01543708 0.00192559
v -0.00960220 0.01152103 0.00081669
v -0.00972710 0.01125300 0.00310349
v -0.00365290 0.02009938 0.01207979
v -0.00373400 0.02156158 0.01177009
v -0.00666530 0.03068458 0.00651579
v -0.00641890 0.02884978 0.00714229
v -0.00549190 0.03155538 0.00729179
v -0.00939720 0.01208406 0.00477669
v -0.00950090 0.00980673 0.00533549
v -0.00911580 0.01242745 0.00644879
v -0.00978470 0.00678804 0.00491099
v -0.01016520 0.00449871 0.00370199
v -0.01013850 0.00404729 0.00588789
v -0.00897190 0.01646508 -0.00163581
v -0.00695910 0.01848408 -0.00587101
v -0.00610700 0.01589808 -0.00687531
v -0.00902440 0.02504758 0.00311549
v -0.00946420 0.02245018 0.00219529
v -0.00433300 0.02210098 -0.00956031
v -0.00186150 0.02336428 -0.01086851
v -0.00934150 0.02011898 0.00001039
v -0.00934990 0.01523278 -0.00011331
v -0.00732490 0.02955358 -0.00469551
v -0.00732490 0.02955358 -0.00469551
v -0.00572190 0.02932178 -0.00850671
v -0.00572190 0.02932178 -0.00850671
v -0.00731980 0.02627848 -0.00522181
v -0.01051050 0.00165585 0.00646199
v -0.00963630 0.01935378 0.00272079
v -0.00801090 0.01737458 0.00811209
v -0.00889630 0.01535298 0.00628669
v -0.00849420 0.01392358 0.00820989
v -0.00725970 0.01990468 0.00871589
v -0.00823650 0.01797608 -0.00346551
v -0.00776350 0.02102218 -0.00453651
v -0.00637490 0.02313908 -0.00684971
v -0.00431940 0.02551428 -0.00972921
v -0.00431940 0.02551428 -0.00972921
v -0.00844950 0.00843676 -0.00458961
v -0.00783830 0.00738176 -0.00540681
v -0.00857880 0.00686516 -0.00421251
v -0.00855790 0.02509538 0.00537969
v -0.00894740 0.02488378 0.00089759
v -0.00876190 0.02728808 0.00210019
v -0.00482800 0.03394628 0.00767499
v -0.00504130 0.03604468 0.00728789
v -0.00504130 0.03604468 0.00728789
v -0.00602610 0.03510278 0.00648199
v -0.00602610 0.03510278 0.00648199
v -0.00357810 0.03609968 0.00839029
v -0.00349000 0.03801138 0.00780319
v -0.00349000 0.03801138 0.00780319
v -0.00416940 0.03646638 0.00772019
v -0.00416940 0.03646638 0.00772019
v -0.00821430 -0.00003786 0.01149299
v -0.00743480 0.00060353 0.01239719
v -0.00796550 0.00108419 0.01141999
v -0.00688350 0.00587538 0.01188599
v -0.00756510 0.00633146 0.01079679
v -0.00759020 0.00470060 0.01122789
v -0.00663310 0.00012047 0.01346099
v -0.00636460 0.00171997 0.01324669
v -0.00793510 -0.00064724 0.01197999
v -0.00555440 0.00416391 0.01354879
v -0.00426180 0.00276101 0.01459639
v -0.00472990 0.00518147 0.01396879
v -0.00367190 0.00604364 0.01434389
v -0.00323980 0.00779625 0.01416119
v -0.00488690 0.00733291 0.01339989
v -0.00563280 0.00111917 0.01420009
v -0.00822260 0.00247043 0.01104719
v -0.00791960 0.00364329 0.01116519
v -0.00845100 0.00363391 0.01059059
v -0.00423650 0.00918353 0.01362909
v -0.00313190 0.00930843 0.01416689
v -0.00829490 0.00493584 0.00987329
v -0.00727230 0.00215190 0.01215949
v -0.00302300 0.00336539 0.01508889
v -0.00230840 0.00477450 0.01506289
v -0.00365890 0.00444960 0.01457189
v -0.00735960 -0.00052186 0.01281659
v -0.00553820 0.00248218 0.01391239
v -0.00652330 0.00325208 0.01293959
v -0.00664100 0.00473129 0.01250439
v -0.00743490 0.00353768 0.01191499
v -0.00498600 0.00183095 0.01449179
v -0.00469570 0.00065050 0.01485099
v -0.00218110 0.01036227 0.01444639
v -0.00347050 0.01032603 0.01382789
v -0.00259490 0.00651131 0.01472539
v -0.00592640 0.00586104 0.01293779
v -0.00451420 0.01112479 0.01306459
v -0.00330980 0.01166739 0.01359989
v -0.00652740 0.00748104 0.01191139
v -0.00236350 0.00866233 0.01452749
v -0.00846160 0.00721979 0.00937789
v -0.00766510 0.00795827 0.01060779
v -0.00811530 0.00911213 0.00995389
v -0.00571950 0.00941307 0.01267809
v -0.00194620 0.00752368 0.01465259
v -0.00587360 0.03332828 0.00690249
v -0.00677660 0.03252428 0.00612029
v -0.00650470 0.02718808 0.00765359
v -0.00656290 0.02575098 0.00822739
v -0.00566240 0.02752408 0.00829259
v -0.00740490 0.02232328 0.00818569
v -0.00850690 0.02130888 0.00684989
v -0.00886630 0.01912638 -0.00185371
v -0.00621420 0.02149718 0.00960999
v -0.00639170 0.02372678 0.00896419
v -0.00927420 0.00492262 -0.00262961
v -0.00902930 0.00850515 -0.00312371
v -0.00970680 0.00729896 -0.00057341
v -0.01012690 0.00363151 0.00151639
v -0.00988060 0.00761027 0.00194959
v -0.00763080 0.02935008 0.00552539
v -0.00748470 0.03268528 0.00438849
v -0.00748470 0.03268528 0.00438849
v -0.00483370 0.02960698 0.00847869
v -0.00380800 0.03185008 0.00892939
v -0.00743630 0.02637508 0.00692989
v -0.00985590 0.00305730 -0.00035801
v -0.00797310 0.02361068 0.00709259
v -0.00723530 0.02430188 0.00789289
v -0.00847980 0.02818628 0.00038259
v -0.00443120 0.01265598 -0.00773131
v -0.00420870 0.03533268 0.00802109
v -0.00964750 0.00506401 0.00740179
v -0.00947160 0.00725627 0.00654029
v -0.00825280 0.03097108 0.00066129
v -0.00787620 0.03280218 0.00221389
v -0.00787620 0.03280218 0.00221389
v -0.00780450 0.03315208 0.00003579
v -0.00780450 0.03315208 0.00003579
v -0.00844130 0.02965508 0.00208819
v -0.00186690 0.01269498 0.01404139
v -0.00861340 0.02781298 0.00358149
v -0.00976760 0.00801565 0.00365919
v -0.00192620 0.01547518 0.01350639
v -0.00792330 0.03075808 -0.00173691
v -0.00792330 0.03075808 -0.00173691
v -0.00156980 0.00608425 0.01507059
v -0.00075950 0.00707374 0.01514939
v -0.00138910 0.00362855 0.01536829
v -0.00202670 0.00300024 0.01540559
v -0.00099820 0.00427734 0.01533259
v -0.00124120 0.00516447 0.01516459
v -0.00254080 0.02727688 0.01139599
v -0.00239400 0.02927348 0.01107569
v -0.00021970 0.00790125 0.01508539
v -0.00123090 0.00855052 0.01476839
v -0.00156250 0.00223387 0.01565019
v -0.00472590 0.02037578 0.01112879
v -0.00514260 0.02333838 0.01024109
v -0.00075020 0.00343141 0.01537599
v -0.00259510 0.03118688 0.01021929
v -0.00191990 0.03185888 0.01048309
v 0.00033430 0.00944856 0.01469349
v -0.00022960 0.00879352 0.01474739
v 0.00000360 0.01059890 0.01456869
v -0.00160280 0.03063708 0.01100849
v -0.00397630 0.02563398 0.01071319
v -0.00364790 0.02893568 0.01020689
v -0.00098290 0.01107414 0.01454809
v -0.00074850 0.00976209 0.01471179
v -0.00531890 0.02563898 0.00934199
v -0.00469550 0.02759888 0.00937169
v -0.00434680 0.02375018 0.01097959
v -0.00367770 0.02348118 0.01149289
v 0.00012020 0.01207673 0.01438639
v -0.00909200 0.00519839 0.00864209
v -0.00235300 0.01815648 0.01269159
v -0.00789450 0.01074966 0.01012739
v -0.00434020 0.02255038 0.01113499
v -0.00497920 0.01723388 0.01174409
v -0.00525250 0.01866838 0.01099659
v -0.00885530 0.01015084 0.00827019
v -0.00374630 0.01885168 0.01222289
v -0.00450040 0.01845518 0.01175229
v -0.00310840 0.01923458 0.01238329
v -0.00132150 0.02633198 0.01203759
v -0.00244530 0.02476998 0.01189019
v -0.00264820 0.02256278 0.01205599
v -0.00095640 0.01906638 0.01313909
v 0.00027700 0.01864778 0.01351359
v 0.00017590 0.01706398 0.01368549
v 0.00112480 0.01647168 0.01380829
v 0.00100880 0.01349518 0.01418139
v -0.00082270 0.01730618 0.01347609
v -0.00033050 0.01397488 0.01411569
v 0.00071610 0.01480258 0.01397549
v -0.00016890 0.01581038 0.01389079
v -0.00810660 0.03067308 0.00364079
v -0.00684410 0.03489408 0.00520439
v -0.00684410 0.03489408 0.00520439
v -0.00328280 0.01613238 0.01280659
v -0.00431060 0.01615808 0.01236429
v -0.00909560 0.00706031 0.00798179
v -0.00378550 0.01741638 0.01234279
v 0.01355278 0.06092298 -0.01628171
v 0.01284337 0.05706008 -0.01617121
v 0.01391181 0.05293328 -0.01478721
v 0.01353765 0.05047808 -0.01476051
v -0.00314310 0.05797468 -0.01064491
v -0.00275990 0.05637888 -0.01219781
v -0.00390430 0.05474588 -0.00930671
v -0.00193520 0.03140138 -0.01220891
v -0.00362370 0.02819968 -0.01061861
v 0.01030455 0.04447958 -0.01583351
v 0.01008095 0.04746768 -0.01699361
v 0.01273874 0.04796768 -0.01492091
v -0.00655130 0.03263008 -0.00688581
v -0.00713410 0.03311288 -0.00421461
v -0.00202460 0.07287028 -0.00751371
v -0.00224220 0.07373718 -0.00609051
v -0.00164050 0.07550098 -0.00813271
v -0.00510290 0.04257148 -0.00860041
v -0.00372030 0.04657268 -0.01009021
v -0.00485030 0.04009588 -0.00951041
v -0.00549360 0.05070238 -0.00103531
v -0.00480740 0.05260658 0.00019839
v -0.00537270 0.05243288 -0.00191381
v -0.00569400 0.04721488 -0.00011491
v -0.00524810 0.04772138 0.00124989
v -0.00525150 0.04940058 0.00019079
v -0.00200680 0.07267678 -0.00886151
v -0.00656330 0.03956988 0.00392489
v -0.00647750 0.04190778 0.00235469
v -0.00705930 0.03891978 0.00224949
v -0.00715130 0.03628008 0.00351369
v -0.00742840 0.03643948 0.00082329
v -0.00573060 0.04082078 -0.00739731
v -0.00635360 0.04375738 0.00059919
v -0.00699360 0.04069688 0.00015799
v 0.00185800 0.06041258 -0.01885231
v 0.00022390 0.05764588 -0.01693431
v 0.00013780 0.06233518 -0.01679891
v -0.00182570 0.07655768 -0.00568701
v -0.00556350 0.03751398 0.00633099
v -0.00380590 0.06052468 -0.00249061
v -0.00408960 0.05948958 -0.00303101
v -0.00408400 0.05868908 -0.00190221
v -0.00447430 0.05273928 -0.00712101
v -0.00521640 0.05016558 -0.00528751
v -0.00493870 0.05271628 -0.00576131
v -0.00141940 0.07434948 -0.01111161
v -0.00216210 0.07043568 -0.00952811
v -0.00161640 0.07733948 -0.00298801
v -0.00161640 0.07733948 -0.00298801
v -0.00157950 0.07975198 -0.00511361
v -0.00157950 0.07975198 -0.00511361
v -0.00524590 0.05327988 -0.00427301
v -0.00562600 0.05032858 -0.00273111
v -0.00233360 0.04524468 -0.01196431
v -0.00305630 0.04251398 -0.01152391
v 0.01273815 0.04517058 -0.01405451
v -0.00275440 0.06479768 -0.00052811
v -0.00283230 0.06216798 0.00036479
v -0.00220150 0.06494788 0.00095339
v -0.00685910 0.04048748 -0.00232171
v -0.00643990 0.04008908 -0.00500271
v -0.00673060 0.03815328 -0.00281571
v 0.01097307 0.03925598 -0.01312761
v 0.01147499 0.04222408 -0.01392811
v -0.00347980 0.06294688 -0.00347221
v -0.00418650 0.05921488 -0.00438151
v -0.00658730 0.04398838 -0.00196101
v -0.00155280 0.05886318 -0.01452011
v -0.00177520 0.05342978 -0.01392441
v -0.00509320 0.03635588 -0.00983661
v -0.00584200 0.03708658 -0.00825641
v -0.00657750 0.03554468 -0.00609621
v -0.00617700 0.03837688 -0.00676141
v -0.00644280 0.03720558 0.00520169
v 0.00494470 0.06241188 -0.02024251
v 0.00894680 0.06834908 -0.02126341
v 0.01065565 0.06197788 -0.01857191
v -0.00058020 0.04390748 -0.01361651
v 0.00108910 0.03994228 -0.01498401
v -0.00276720 0.03743378 -0.01229181
v 0.00503910 0.04563528 -0.01628211
v 0.00839204 0.03926948 -0.01532021
v 0.00412550 0.03795648 -0.01602541
v 0.00622260 0.05491088 -0.01851441
v 0.01088564 0.05314288 -0.01673201
v 0.00889596 0.05013198 -0.01745411
v 0.00193360 0.05540508 -0.01778141
v 0.00261380 0.05760978 -0.01846331
v -0.00452130 0.05724068 -0.00264651
v 0.00020240 0.07441418 -0.01628721
v -0.00085780 0.07123718 -0.01390961
v -0.00617810 0.04547318 -0.00036181
v -0.00610540 0.04642808 -0.00133851
v 0.00318180 0.05029708 -0.01671821
v 0.00114500 0.04868308 -0.01524261
v 0.00367540 0.06901038 -0.02046351
v 0.00387760 0.07516638 -0.02148971
v 0.01192756 0.05034918 -0.01588521
v -0.00390370 0.05533278 0.00132789
v -0.00417560 0.05497558 -0.00037731
v -0.00120500 0.07907458 -0.00985771
v -0.00120500 0.07907458 -0.00985771
v -0.00063410 0.07971468 -0.01240301
v -0.00063410 0.07971468 -0.01240301
v -0.00403320 0.05264648 0.00260499
v -0.00382870 0.05648558 -0.00000621
v -0.00344050 0.05495388 0.00295079
v -0.00228140 0.06214558 0.00174999
v -0.00364900 0.05836488 -0.00071301
v -0.00344550 0.05772218 0.00074819
v -0.00321980 0.05978048 0.00014989
v -0.00341900 0.06138638 -0.00138061
v -0.00274910 0.05976658 0.00154159
v -0.00290690 0.05711628 0.00277639
v -0.00419550 0.05652948 -0.00124661
v -0.00710560 0.03803838 -0.00113281
v -0.00492040 0.05568558 -0.00345931
v -0.00451070 0.05700198 -0.00546231
v -0.00437060 0.05534158 -0.00682131
v -0.00419410 0.05763578 -0.00695061
v -0.00381930 0.06025388 -0.00686161
v -0.00303170 0.06431368 -0.00808511
v -0.00333760 0.06132548 -0.00889371
v -0.00368710 0.05836488 -0.00858871
v -0.00335850 0.06320578 -0.00574981
v -0.00292270 0.06615468 -0.00666771
v -0.00302800 0.06636778 -0.00514021
v -0.00248350 0.06706318 -0.00953871
v -0.00192640 0.06874918 -0.01133241
v -0.00269710 0.06883758 -0.00658001
v -0.00256680 0.06401168 -0.01090401
v -0.00234890 0.07074828 -0.00780221
v -0.00269170 0.06774868 -0.00796051
v 0.00074150 0.03520468 -0.01494451
v 0.00352040 0.05882628 -0.01913421
v 0.00179460 0.05262228 -0.01686071
v -0.00125780 0.05971698 0.00368759
v -0.00103750 0.05755148 0.00444179
v -0.00069370 0.05632518 0.00528059
v -0.00111950 0.05515598 0.00543949
v -0.00071600 0.05429278 0.00605019
v -0.00134450 0.05277828 0.00573149
v -0.00153280 0.05406208 0.00543519
v -0.00090720 0.04691678 0.00772009
v -0.00124360 0.04423118 0.00799179
v -0.00244870 0.04613908 0.00640949
v -0.00311370 0.04353058 0.00644539
v -0.00391380 0.04500188 0.00553319
v -0.00444710 0.04327798 0.00543979
v -0.00356080 0.04182648 0.00642739
v -0.00262480 0.04190368 0.00748869
v -0.00204110 0.04292268 0.00770589
v -0.00301270 0.04096038 0.00745129
v -0.00229970 0.04075298 0.00813129
v -0.00230030 0.04428128 0.00707259
v -0.00737110 0.03525878 -0.00202541
v -0.00273300 0.03965128 0.00809109
v -0.00683390 0.03702968 -0.00439881
v -0.00507950 0.04708058 -0.00668951
v -0.00604240 0.04527188 -0.00467471
v -0.00561760 0.04732428 -0.00495281
v -0.00575310 0.04587078 0.00077229
v -0.00152080 0.06700018 -0.01305461
v -0.00700450 0.03518388 -0.00423351
v -0.00134000 0.06339128 -0.01411301
v 0.00107960 0.06603008 -0.01788081
v -0.00016430 0.06522538 -0.01609521
v -0.00573970 0.04342488 -0.00679271
v -0.00575640 0.03975628 0.00555339
v -0.00291240 0.06789738 -0.00347651
v -0.00278910 0.06922458 -0.00527191
v -0.00596230 0.04733168 -0.00316051
v -0.00081070 0.05082718 0.00668769
v -0.00017900 0.04904408 0.00766029
v -0.00262340 0.05197198 0.00454639
v -0.00178180 0.05113658 0.00557819
v -0.00333130 0.05032358 0.00424959
v -0.00248500 0.05036558 0.00507339
v -0.00210090 0.04941138 0.00592949
v -0.00149870 0.04838428 0.00683059
v -0.00274420 0.04790448 0.00573039
v -0.00220580 0.04803508 0.00631579
v -0.00302180 0.04901228 0.00507959
v -0.00380490 0.04709508 0.00504129
v -0.00380630 0.04015228 0.00689769
v -0.00389980 0.04878108 0.00430149
v -0.00442940 0.03896448 0.00696489
v -0.00491290 0.03997698 0.00639239
v -0.00517390 0.03889128 0.00646159
v -0.00480820 0.04124598 0.00585319
v -0.00570450 0.04238338 0.00429509
v -0.00485990 0.04507828 0.00441449
v -0.00251220 0.07117308 -0.00628591
v -0.00251950 0.07157268 -0.00458941
v -0.00552240 0.04536788 0.00248179
v -0.00467060 0.03767458 0.00704449
v -0.00479640 0.05025758 0.00166719
v -0.00551990 0.03357118 -0.00920311
v -0.00454450 0.03506808 -0.01067881
v -0.00252300 0.06015018 -0.01222691
v -0.00312650 0.06024448 -0.01036271
v -0.00304790 0.06500938 -0.00208971
v -0.00266590 0.06800338 -0.00139111
v -0.00603810 0.03499378 -0.00815081
v -0.00432280 0.05055268 -0.00832621
v -0.00486150 0.05455068 -0.00167121
v -0.00656200 0.04259268 -0.00420771
v -0.00583510 0.04857168 -0.00127241
v -0.00341650 0.05237278 -0.01088371
v 0.00193600 0.06397288 -0.01885231
v 0.00020700 0.05423008 -0.01642481
v -0.00027290 0.05155758 -0.01502811
v -0.00431220 0.03322878 -0.01079701
v -0.00515790 0.05389218 -0.00279511
v 0.00122250 0.07653008 -0.01805911
v 0.00106670 0.07336068 -0.01816551
v -0.00177680 0.06786458 0.00088979
v -0.00236490 0.06722958 -0.00003171
v -0.00213190 0.07430908 -0.00415431
v -0.00138620 0.04822598 -0.01311951
v -0.00229300 0.07200668 -0.00233111
v 0.00171480 0.06890188 -0.01837561
v 0.00053390 0.06795218 -0.01687371
v -0.00466770 0.04748638 0.00363619
v -0.00419550 0.04994478 0.00322419
v -0.00494410 0.04813448 0.00248699
v 0.00022560 0.07071658 -0.01638921
v -0.00058490 0.06747288 -0.01501011
v -0.00352810 0.05157488 0.00365329
v -0.00157870 0.07906938 -0.00740461
v -0.00157870 0.07906938 -0.00740461
v -0.00187810 0.07485108 -0.00273711
v -0.00193480 0.07021058 -0.00005061
v -0.00153930 0.07530538 -0.00158091
v -0.00109730 0.07493878 -0.00053281
v -0.00152100 0.07334078 -0.00064791
v -0.00115940 0.07236118 0.00040299
v -0.00339300 0.05258208 0.00365019
v -0.00223940 0.05349878 0.00495039
v -0.00229500 0.05899618 0.00282169
v -0.00200670 0.05806528 0.00350409
v -0.00300630 0.05374648 0.00399969
v -0.00154220 0.06941768 0.00099389
v -0.00215750 0.05468678 0.00481189
v -0.00115360 0.07725628 -0.00128631
v -0.00115360 0.07725628 -0.00128631
v -0.00271720 0.05549918 0.00387669
v -0.00169180 0.05605738 0.00447439
v -0.00183460 0.06222628 0.00244949
v -0.00161420 0.06390898 0.00220439
v -0.00245250 0.05641818 0.00381969
v -0.00143240 0.06619578 0.00171579
v -0.00211110 0.05703558 0.00380669
v -0.00199300 0.06073958 0.00260489
v 0.00110750 0.07047848 -0.01786241
v 0.00209160 0.07229108 -0.01945561
v 0.00233160 0.11163278 -0.01787571
v 0.00197620 0.11438478 -0.01615841
v 0.00249500 0.11488978 -0.01820351
v 0.00214330 0.11624578 -0.00981411
v 0.00185500 0.11389178 -0.01048351
v 0.00239270 0.11436278 -0.00878391
v 0.00219540 0.11901978 -0.01485511
v 0.00224040 0.12023978 -0.01207651
v 0.00405190 0.11753178 -0.02253391
v 0.00390910 0.12098678 -0.00710191
v 0.00390910 0.12098678 -0.00710191
v 0.00348700 0.11963478 -0.00781811
v 0.00381750 0.11929078 -0.00705561
v 0.00381750 0.11929078 -0.00705561
v 0.00125260 0.10771178 -0.01208251
v 0.00126460 0.10807178 -0.01349891
v 0.00104620 0.10613378 -0.01253841
v 0.00173260 0.10388978 -0.00568561
v 0.00100130 0.10310378 -0.00709271
v 0.00114150 0.10204638 -0.00568851
v 0.00748350 0.09077288 0.00226309
v 0.00748350 0.09077288 0.00226309
v 0.00567180 0.09091788 0.00175279
v 0.00615690 0.08931928 0.00206279
v 0.00170710 0.11485078 -0.01398121
v 0.00378170 0.12045278 -0.02163421
v 0.00305980 0.11586178 -0.02009211
v 0.00010360 0.09433748 -0.00868791
v 0.00054350 0.09752528 -0.00826681
v 0.00027030 0.09570178 -0.01055851
v 0.00167260 0.11206878 -0.01420941
v 0.00495790 0.08872368 0.00166549
v 0.00636220 0.08701208 0.00234019
v 0.00669300 0.09279988 0.00166899
v 0.00744900 0.08874668 0.00244419
v 0.00856105 0.08911338 0.00251039
v 0.00856105 0.08911338 0.00251039
v 0.00169800 0.10937778 -0.01550401
v 0.00205510 0.10801078 -0.01739301
v 0.00324200 0.10705878 -0.02093931
v 0.00376130 0.11266778 -0.02195411
v 0.00847550 0.08703608 0.00266779
v 0.00847550 0.08703608 0.00266779
v -0.00115410 0.07993918 -0.00243381
v -0.00150040 0.07950368 -0.00348611
v 0.00169380 0.11299278 -0.01239441
v 0.00175430 0.11640078 -0.01214731
v 0.00200870 0.09580518 -0.00308661
v 0.00149150 0.09518618 -0.00367721
v 0.00176040 0.09376908 -0.00314981
v 0.00154960 0.10906478 -0.01246961
v 0.00256700 0.09790568 -0.00253131
v 0.00295160 0.09633148 -0.00189481
v 0.00363500 0.09802428 -0.00165551
v 0.00166210 0.10855578 -0.01107241
v 0.00112690 0.10641478 -0.01431941
v 0.00259760 0.12234178 -0.01139221
v 0.00257240 0.12308478 -0.01234771
v 0.00129220 0.10669078 -0.01086701
v 0.00157450 0.10791478 -0.00929821
v 0.00083530 0.10474178 -0.01337821
v 0.00220250 0.11106078 -0.00837851
v 0.00203150 0.10932878 -0.00820881
v 0.00271500 0.10983678 -0.00673181
v 0.00075330 0.10354578 -0.01149181
v 0.00142650 0.10624078 -0.01604611
v 0.00122650 0.09302138 -0.01674161
v 0.00051640 0.09185918 -0.01479251
v 0.00058190 0.09432228 -0.01439791
v 0.00105690 0.10520478 -0.00872311
v 0.00106450 0.10461978 -0.01506861
v 0.00315420 0.11816478 -0.00848621
v 0.00310390 0.11611678 -0.00797931
v 0.00269160 0.11293278 -0.00763701
v 0.00210690 0.11264878 -0.00911521
v 0.00089890 0.10287378 -0.01430241
v 0.00214170 0.09330018 -0.01890971
v 0.00179540 0.09770558 -0.01797841
v 0.00282090 0.09688308 -0.02022291
v 0.00184890 0.10385578 -0.01742451
v 0.00280110 0.10961578 -0.01944251
v 0.00047220 0.10132438 -0.00906011
v 0.00107830 0.09995728 -0.01562051
v 0.00049410 0.10039928 -0.01312081
v -0.00019970 0.09195308 -0.01069521
v 0.00440450 0.11517878 -0.02341401
v 0.00298290 0.11160178 -0.00644351
v 0.00069840 0.09862628 -0.01440201
v 0.00052740 0.09724908 -0.01301191
v 0.00218220 0.10539178 -0.00563841
v 0.00161230 0.10532378 -0.00668831
v 0.00199200 0.10763378 -0.00705081
v 0.00038530 0.10070868 -0.01118611
v 0.00199190 0.11782978 -0.01092311
v 0.00233310 0.11781678 -0.00982601
v 0.00165400 0.09047848 -0.01801121
v 0.00085160 0.08972188 -0.01611821
v 0.00310760 0.10858678 -0.00518831
v 0.00041310 0.09866938 -0.01059691
v 0.00043650 0.09930678 -0.01187971
v 0.00211050 0.09708788 -0.00299941
v 0.00192670 0.09804018 -0.00365121
v 0.00185400 0.09686988 -0.00358111
v 0.00254600 0.11778278 -0.01775851
v 0.00098910 0.09930558 -0.00564511
v 0.00064570 0.10024258 -0.00679201
v 0.00074880 0.09766138 -0.00629351
v 0.00413980 0.11463678 -0.00514011
v 0.00413980 0.11463678 -0.00514011
v 0.00380100 0.11248578 -0.00519901
v 0.00471520 0.11333978 -0.00429181
v 0.00471520 0.11333978 -0.00429181
v 0.00281420 0.12176778 -0.01026861
v -0.00012470 0.08872938 -0.00409391
v 0.00030020 0.09112378 -0.00435111
v -0.00018520 0.09092628 -0.00585031
v 0.00243720 0.11931178 -0.01027611
v 0.00356740 0.11508478 -0.00608651
v 0.00349060 0.11617778 -0.00666621
v 0.00309830 0.11458778 -0.00725441
v 0.00087320 0.09631868 -0.00528861
v 0.00115420 0.09796218 -0.00493871
v 0.00187310 0.10982278 -0.00983341
v 0.00336150 0.11354878 -0.00631551
v 0.00273430 0.10120588 -0.01991321
v 0.00102310 0.09450438 -0.00449511
v 0.00140120 0.09647548 -0.00426601
v -0.00130740 0.08146658 -0.00358881
v -0.00139940 0.08294398 -0.00548871
v 0.00099660 0.09667178 -0.01558151
v 0.00187320 0.11166778 -0.01052541
v 0.00377550 0.11780178 -0.00661511
v 0.00377550 0.11780178 -0.00661511
v 0.00408380 0.11656378 -0.00551791
v 0.00408380 0.11656378 -0.00551791
v 0.00344730 0.11056778 -0.00526371
v 0.00167610 0.11124478 -0.01302021
v 0.00187740 0.11115878 -0.01205791
v 0.00040880 0.09446438 -0.00643021
v 0.00198350 0.10995278 -0.01152301
v 0.00032460 0.09443068 -0.01236441
v -0.00021470 0.09197908 -0.00802641
v 0.00020760 0.09254838 -0.01326041
v -0.00051790 0.08236418 -0.00203021
v 0.00439710 0.11121078 -0.00414841
v 0.00439710 0.11121078 -0.00414841
v 0.00400730 0.10962978 -0.00420171
v 0.00015400 0.09026808 -0.01367151
v -0.00088390 0.08512768 -0.00396301
v -0.00084000 0.08778388 -0.00592901
v -0.00062730 0.08951148 -0.00764901
v -0.00046960 0.09055928 -0.00896471
v -0.00063110 0.08863368 -0.00969251
v 0.00694520 0.08194418 0.00342319
v 0.00869377 0.08191358 0.00354549
v 0.00797352 0.08304258 0.00336929
v -0.00110800 0.08674798 -0.00787441
v -0.00111600 0.08539368 -0.00607901
v 0.00309940 0.07647578 0.00300189
v 0.00591280 0.08324608 0.00285839
v 0.00748520 0.08465478 0.00292889
v 0.00258420 0.07956678 0.00186239
v 0.00258690 0.07791968 0.00232479
v 0.00359730 0.07856288 0.00291599
v 0.00582080 0.08499688 0.00246509
v 0.00402920 0.07663428 0.00348719
v 0.00212150 0.07665468 0.00223339
v 0.00316080 0.08110898 0.00188119
v 0.00502030 0.07805548 0.00369839
v 0.00907303 0.08516458 0.00282839
v 0.00382320 0.08557978 0.00124669
v 0.00475900 0.08409788 0.00225149
v 0.00494010 0.08617338 0.00190689
v 0.00482850 0.08131258 0.00277819
v 0.00784400 0.07978198 0.00386699
v 0.00625610 0.07972828 0.00363799
v 0.00668350 0.07750778 0.00411129
v 0.00893307 0.08360548 0.00329219
v 0.00409410 0.08718968 0.00125369
v 0.00264930 0.10725078 -0.00562481
v 0.00284760 0.10476578 -0.00438031
v 0.00212920 0.10298778 -0.00492781
v 0.00285390 0.10254628 -0.00380201
v 0.00036960 0.08716748 -0.01504881
v 0.00218730 0.10637678 -0.00599971
v 0.00336730 0.08710688 0.00063399
v 0.00270110 0.08824528 -0.00013231
v 0.00253720 0.08597418 0.00019839
v 0.00364250 0.08880998 0.00073629
v 0.00322760 0.09113768 -0.00013291
v 0.00437570 0.09098198 0.00101389
v 0.00538620 0.09271098 0.00129069
v 0.00441600 0.09364968 0.00046209
v 0.00317000 0.09400318 -0.00088071
v 0.00405900 0.09585938 -0.00058701
v 0.00614020 0.09468338 0.00118999
v 0.00381360 0.09714858 -0.00126281
v 0.00329520 0.12336478 -0.00955231
v 0.00516560 0.09593608 0.00037409
v 0.00392550 0.09763198 -0.00116131
v 0.00441900 0.09923288 -0.00078011
v 0.00438900 0.10096358 -0.00088721
v 0.00294440 0.09976348 -0.00244721
v 0.00549650 0.09729378 0.00033659
v 0.00627840 0.09679128 0.00097099
v 0.00627840 0.09679128 0.00097099
v 0.00578550 0.09850248 0.00038849
v 0.00578550 0.09850248 0.00038849
v 0.00451670 0.09748138 -0.00055571
v -0.00035130 0.08776838 -0.01220791
v 0.00311140 0.10151508 -0.00299941
v 0.00358530 0.10270878 -0.00252661
v 0.00785550 0.09624568 0.00170979
v 0.00785550 0.09624568 0.00170979
v 0.00449200 0.10291078 -0.00125431
v 0.00449200 0.10291078 -0.00125431
v 0.00380480 0.10162828 -0.00200431
v 0.00547540 0.10023398 0.00002429
v 0.00547540 0.10023398 0.00002429
v -0.00128990 0.08398018 -0.00759351
v 0.00320800 0.10697078 -0.00439441
v 0.00268290 0.10617578 -0.00523681
v 0.00339890 0.10388778 -0.00319271
v -0.00149980 0.08157688 -0.00683861
v 0.00399670 0.10390878 -0.00225391
v 0.00602880 0.10197058 -0.00002241
v 0.00602880 0.10197058 -0.00002241
v 0.00370490 0.10496978 -0.00280471
v 0.00364640 0.10608078 -0.00353381
v 0.00760100 0.09427868 0.00169219
v 0.00760100 0.09427868 0.00169219
v -0.00084380 0.08415578 -0.01035631
v 0.00394350 0.10819178 -0.00394451
v 0.00399730 0.10706278 -0.00345511
v 0.00457700 0.10492478 -0.00175101
v 0.00457700 0.10492478 -0.00175101
v 0.00443710 0.10918078 -0.00327961
v 0.00443710 0.10918078 -0.00327961
v 0.00415230 0.10636878 -0.00250641
v -0.00010670 0.08381898 -0.01403961
v 0.00447460 0.10798278 -0.00270591
v 0.00447460 0.10798278 -0.00270591
v 0.00453230 0.11021978 -0.00336831
v 0.00453230 0.11021978 -0.00336831
v -0.00134090 0.08173008 -0.00847371
v 0.00169780 0.09975238 -0.00453611
v 0.00120880 0.10060518 -0.00546281
v 0.00556170 0.10689078 -0.00147311
v 0.00556170 0.10689078 -0.00147311
v 0.00255850 0.10102658 -0.00374471
v 0.00318230 0.12003978 -0.00880651
v 0.00273920 0.11873378 -0.00941961
v 0.00251380 0.09453618 -0.00203941
v 0.00243740 0.09229928 -0.00158401
v 0.00153170 0.09098468 -0.00244881
v 0.00063190 0.09041748 -0.00330501
v 0.00093280 0.09233418 -0.00373901
v 0.00100080 0.08976278 -0.00268751
v 0.00209870 0.08970148 -0.00126601
v 0.00059660 0.08885368 -0.00291061
v 0.00114200 0.08816248 -0.00201611
v 0.00203550 0.08765438 -0.00092941
v 0.00007020 0.08693138 -0.00279601
v 0.00148860 0.08595238 -0.00098221
v 0.00338540 0.08342948 0.00148999
v 0.00050810 0.08584578 -0.00182611
v 0.00194030 0.08397178 0.00016499
v 0.00104730 0.08433688 -0.00114861
v -0.00024250 0.08476918 -0.00239551
v 0.00019150 0.08409548 -0.00171231
v 0.00261100 0.08252698 0.00104329
v 0.00055600 0.08296638 -0.00126311
v 0.00122880 0.08272108 -0.00046591
v 0.00075940 0.08074138 -0.00064441
v -0.00007460 0.07915628 -0.00074261
v -0.00043690 0.08014628 -0.00133171
v -0.00094670 0.07868528 -0.00146451
v 0.00203180 0.08135538 0.00076389
v 0.00168060 0.07866088 0.00122029
v 0.00046030 0.07797798 0.00019189
v 0.00122180 0.07695358 0.00143269
v -0.00050720 0.07804828 -0.00060151
v 0.00856035 0.07795828 0.00425339
v 0.00885387 0.07687478 0.00436369
v 0.00997470 0.07741828 0.00431679
v 0.00793193 0.07628208 0.00428399
v 0.01025091 0.07570938 0.00416899
v 0.01139893 0.07666098 0.00366109
v 0.01139893 0.07666098 0.00366109
v 0.00913412 0.07587668 0.00442249
v 0.00352650 0.12245878 -0.00859441
v 0.00352650 0.12245878 -0.00859441
v 0.00184890 0.10143768 -0.00474701
v 0.00045430 0.09274958 -0.00500551
v 0.00971060 0.07989978 0.00407129
v 0.00971060 0.07989978 0.00407129
v 0.01136363 0.07901168 0.00372359
v 0.01136363 0.07901168 0.00372359
v 0.00153330 0.10992778 -0.01363671
v 0.00164750 0.11025178 -0.01260941
v 0.01031247 0.08255308 0.00345419
v 0.01031247 0.08255308 0.00345419
v 0.00827436 0.09283498 0.00190509
v 0.00827436 0.09283498 0.00190509
v 0.01022771 0.08608488 0.00263079
v 0.01022771 0.08608488 0.00263079
v 0.01007976 0.08451968 0.00293029
v 0.01007976 0.08451968 0.00293029
v -0.01607170 -0.06650662 0.00842909
v -0.01652770 -0.06525332 0.01065169
v -0.01543030 -0.05765742 0.00963449
v -0.01599270 -0.06092102 0.01149809
v -0.01554470 -0.05677102 0.01234169
v -0.01518630 -0.05386592 0.01049209
v -0.01507930 -0.05142472 0.01250259
v -0.01568150 -0.06281572 0.01756209
v -0.01531910 -0.05992512 0.01709909
v -0.01457660 -0.05925242 0.01848419
v -0.01393380 -0.06042552 0.02010289
v -0.01362180 -0.04284922 0.01310519
v -0.01379300 -0.04489662 0.01358719
v -0.01323580 -0.04337232 0.01436089
v -0.01476570 -0.05705102 0.01693859
v -0.01528310 -0.05642362 0.01474729
v -0.01448810 -0.04919962 0.01423599
v -0.01428170 -0.04722292 0.01297149
v -0.01429270 -0.06150932 0.00569969
v -0.01351100 -0.06361912 0.00481499
v -0.01486500 -0.06657372 0.00599899
v -0.01424620 -0.04722452 0.01081109
v -0.01235100 -0.04411012 0.01687719
v -0.01268240 -0.04238052 0.01542739
v -0.01310370 -0.04401562 0.01547559
v -0.01003330 -0.06204492 0.02296359
v -0.01289400 -0.05445752 0.01920159
v -0.01320360 -0.05370632 0.01862979
v -0.01352560 -0.05507762 0.01848649
v -0.01177950 -0.05894242 0.02171839
v -0.01289970 -0.05882652 0.02076919
v -0.01298390 -0.06059352 0.02136249
v -0.01592230 -0.06121252 0.01590409
v -0.01601380 -0.06020672 0.01380409
v -0.01323330 -0.05614512 0.01923479
v -0.01402850 -0.05684852 0.01832339
v -0.01267120 -0.06229022 0.02195759
v -0.01183120 -0.06061692 0.02207539
v -0.01365370 -0.05815332 0.01957779
v -0.01402970 -0.05448542 0.01748169
v -0.01184060 -0.05728392 0.02107449
v -0.01287890 -0.04934212 0.01818539
v -0.01317920 -0.05187912 0.01846249
v -0.01177850 -0.04987532 0.01932139
v -0.01144970 -0.04714982 0.01894239
v -0.01238280 -0.04663112 0.01775959
v -0.01406920 -0.05159272 0.01704459
v -0.01243500 -0.05501262 0.01978419
v -0.01260150 -0.05685462 0.02023689
v -0.01344280 -0.04855002 0.01691879
v -0.01183350 -0.04137172 0.01657139
v -0.01394710 -0.04834482 0.01506259
v -0.01377170 -0.04675852 0.01461519
v -0.01512070 -0.06039532 0.00772229
v -0.01501530 -0.05674682 0.00756479
v -0.00888180 -0.05638812 0.02213999
v -0.01011950 -0.05967442 0.02242869
v -0.00835230 -0.05864832 0.02265659
v -0.01053510 -0.05652442 0.02157359
v -0.01472780 -0.05504842 0.01618229
v -0.01233390 -0.04036072 0.01539249
v -0.00677410 -0.04321092 0.02044689
v -0.00849980 -0.04328232 0.01989269
v -0.00786030 -0.04537582 0.02064099
v -0.00550260 -0.04221692 0.02047019
v -0.00660530 -0.04125002 0.02016469
v -0.00991000 -0.04509802 0.01972949
v -0.00603660 -0.04529392 0.02098979
v -0.00677550 -0.04711632 0.02110919
v -0.00913910 -0.04699512 0.02051959
v -0.00819260 -0.04075282 0.01951099
v -0.00814920 -0.04752492 0.02091019
v -0.00749460 -0.04920052 0.02142079
v -0.00871940 -0.03377412 0.01818499
v -0.00900790 -0.03598282 0.01855219
v -0.00881760 -0.03900992 0.01904559
v -0.00968680 -0.03987112 0.01880059
v -0.00925280 -0.03795822 0.01882879
v -0.00802860 -0.03765922 0.01904119
v -0.00995670 -0.03745052 0.01835069
v -0.01165650 -0.03907482 0.01623749
v -0.01081120 -0.03748372 0.01736719
v -0.01146620 -0.03684122 0.01617489
v -0.01056070 -0.03934862 0.01800809
v -0.01087330 -0.04191982 0.01805919
v -0.01111190 -0.03989892 0.01732529
v -0.01533470 -0.06363852 0.00722039
v -0.01357950 -0.04758592 0.01583949
v -0.01470370 -0.05313642 0.01568719
v -0.01489020 -0.05195092 0.01457719
v -0.00957290 -0.04235772 0.01924329
v -0.01122410 -0.04470762 0.01848339
v -0.01430960 -0.04998582 0.01559039
v -0.01584610 -0.06357452 0.00868089
v -0.01341660 -0.04494062 0.01481169
v -0.01324460 -0.04559142 0.01576189
v -0.01299660 -0.04645022 0.01670269
v -0.01577140 -0.06148822 0.00960939
v -0.01448140 -0.05370902 0.01644799
v -0.01039560 -0.04808542 0.01999359
v 0.00072280 -0.02670012 0.01760649
v -0.00025540 -0.02857322 0.01788969
v 0.00059540 -0.02879752 0.01768139
v -0.01046170 -0.04346832 0.01893599
v 0.00098260 -0.02984362 0.01744029
v 0.00151710 -0.02848492 0.01721489
v -0.00044400 -0.03034622 0.01809999
v -0.00084810 -0.02788352 0.01819059
v -0.00083950 -0.02903502 0.01817169
v 0.00101490 -0.03144062 0.01741779
v -0.00042570 -0.03320652 0.01849289
v -0.00053480 -0.03673712 0.01880009
v -0.00170960 -0.03712382 0.01931199
v -0.00076960 -0.03895362 0.01900459
v -0.00437720 -0.05500422 0.02215849
v -0.00367470 -0.05751722 0.02208099
v -0.00265300 -0.05591852 0.02143379
v -0.00617490 -0.04864492 0.02134969
v -0.00464520 -0.05203542 0.02168729
v -0.00628500 -0.05067852 0.02167379
v -0.00594640 -0.05332192 0.02214089
v -0.00339090 -0.05329052 0.02142619
v -0.00315510 -0.05056782 0.02081629
v -0.00192290 -0.05306812 0.02059029
v -0.00519520 -0.04723162 0.02095609
v -0.00418040 -0.04527152 0.02077729
v -0.00200370 -0.04821602 0.02009259
v -0.00361670 -0.04772822 0.02066259
v -0.00210890 -0.03916532 0.01961789
v -0.00324230 -0.03801782 0.01981799
v -0.00297490 -0.04044902 0.01993429
v -0.00239540 -0.03510162 0.01927989
v -0.00382930 -0.03523442 0.01948119
v -0.00734770 -0.05249152 0.02200359
v -0.00737250 -0.05065662 0.02174519
v -0.00806580 -0.05082602 0.02158379
v -0.00516600 -0.04378112 0.02078559
v -0.00488370 -0.04937692 0.02114829
v -0.00180830 -0.05066872 0.02019329
v -0.00143690 -0.03417022 0.01897339
v -0.00110130 -0.03517802 0.01887949
v -0.00392160 -0.04047202 0.02013639
v -0.00496050 -0.03933062 0.02005999
v -0.00105490 -0.04943672 0.01966089
v -0.00597990 -0.05636302 0.02254349
v -0.00136920 -0.04637392 0.01968539
v -0.00246080 -0.04512302 0.02026189
v -0.00561520 -0.05912742 0.02284519
v -0.00443600 -0.06032892 0.02277159
v -0.00472340 -0.05723582 0.02244229
v -0.00359330 -0.05926832 0.02242409
v -0.00708780 -0.05886862 0.02287839
v -0.00374150 -0.04265152 0.02048779
v -0.00093540 -0.04427692 0.01943159
v -0.00278010 -0.05880232 0.02191109
v -0.00103530 -0.04778572 0.01951469
v -0.00688840 -0.05463642 0.02234049
v -0.00782080 -0.05451802 0.02222229
v -0.00741150 -0.05665432 0.02248889
v -0.00872950 -0.05315822 0.02175789
v -0.00063620 -0.04650762 0.01907399
v -0.00434620 -0.05865152 0.02247959
v -0.00176420 -0.04171642 0.01968719
v -0.00477180 -0.04122442 0.02032219
v -0.00694610 -0.06088172 0.02324719
v -0.00177760 -0.03340022 0.01911489
v -0.01562370 -0.05749112 0.01357749
v -0.00456180 -0.03727782 0.01980049
v -0.00553930 -0.03752162 0.01971149
v -0.00503390 -0.03529152 0.01941069
v -0.00649670 -0.03590732 0.01919899
v -0.00779320 -0.03482102 0.01864809
v -0.00280360 -0.03275892 0.01920259
v -0.00158110 -0.03208492 0.01888029
v -0.00215200 -0.03066662 0.01871379
v -0.00574060 -0.04082932 0.02024129
v -0.00651730 -0.03916192 0.01975169
v -0.00338380 -0.03040022 0.01886699
v -0.00424630 -0.03269412 0.01912449
v -0.00562840 -0.03297582 0.01897639
v -0.00681180 -0.03316272 0.01872759
v -0.00158060 -0.02918572 0.01841259
v -0.00250090 -0.02902342 0.01861699
v 0.00076480 -0.04243412 0.01775959
v 0.00162190 -0.04247312 0.01656789
v 0.00131160 -0.04091952 0.01720509
v 0.00236960 -0.02489782 0.01639609
v 0.00140540 -0.02484062 0.01709109
v 0.00323380 -0.03278792 0.01493209
v 0.00283430 -0.03467172 0.01551099
v 0.00318010 -0.03553832 0.01467289
v -0.00171450 -0.05812152 0.02096749
v -0.00023640 -0.04166982 0.01877669
v 0.00242210 -0.03618172 0.01601329
v 0.00073270 -0.04063822 0.01783889
v 0.00232710 -0.03411592 0.01627019
v 0.00127760 -0.03910932 0.01729869
v 0.00037920 -0.03761542 0.01817609
v 0.00029390 -0.03945712 0.01822129
v -0.00034050 -0.04975052 0.01903849
v 0.00001030 -0.05115052 0.01869609
v 0.00051640 -0.04753322 0.01809999
v 0.00116290 -0.03363272 0.01734329
v 0.00221830 -0.03202312 0.01640519
v 0.00041680 -0.03547132 0.01800319
v 0.00144250 -0.03694022 0.01714859
v 0.00161440 -0.03518972 0.01701889
v -0.00093070 -0.05133132 0.01956749
v 0.00194340 -0.02997022 0.01667089
v 0.00300670 -0.02998102 0.01556419
v 0.00250670 -0.02763062 0.01642219
v 0.00319170 -0.02591352 0.01558229
v -0.00042890 -0.05861732 0.01929359
v 0.00009100 -0.05735312 0.01845639
v -0.00068480 -0.05730802 0.01980229
v 0.00339290 -0.02402992 0.01528959
v 0.00386770 -0.02516762 0.01466359
v 0.00006430 -0.04450182 0.01844999
v -0.00042130 -0.04821302 0.01909089
v -0.00047120 -0.05523502 0.01938639
v -0.00068000 -0.05347702 0.01958009
v -0.00142970 -0.05564352 0.02040019
v 0.00028820 -0.05350052 0.01832989
v 0.00189030 -0.04021652 0.01643149
v -0.00001830 -0.05590922 0.01883059
v 0.00255580 -0.04049842 0.01528469
v 0.00217940 -0.03839672 0.01615229
v 0.00083780 -0.04451662 0.01757319
v 0.00094450 -0.05024842 0.01730869
v 0.00296500 -0.03784552 0.01485419
v -0.01082040 -0.05061962 0.02028309
v -0.01034360 -0.05315402 0.02102349
v -0.00917700 -0.04978752 0.02100419
v -0.01159760 -0.05532432 0.02062679
v -0.01204070 -0.05289022 0.01967109
v -0.00954820 -0.05480182 0.02169509
v 0.00143290 -0.04506032 0.01664219
v 0.00148050 -0.04738202 0.01655299
v 0.00166830 -0.05609942 0.01468929
v 0.00381470 -0.02754712 0.01468989
v 0.00210890 -0.04366572 0.01537699
v 0.00083720 -0.05709572 0.01674549
v 0.00137460 -0.05789492 0.01556669
v 0.00185800 -0.04543312 0.01587059
v 0.00223180 -0.04621472 0.01506479
v 0.00176220 -0.04931462 0.01569019
v 0.00148010 -0.05440142 0.01575179
v 0.00067590 -0.05515852 0.01753759
v 0.00381020 -0.03013552 0.01420979
v 0.00419090 -0.03003452 0.01352569
v 0.00121640 -0.05246002 0.01659999
v 0.00164280 -0.05772782 0.01465569
v 0.01443038 0.10014738 0.00017209
v 0.01279659 0.10093818 0.00058819
v 0.01258584 0.09788168 0.00125419
v 0.01309909 0.09690838 0.00119269
v 0.01370913 0.09660878 0.00097749
v 0.01114593 0.09947848 0.00123149
v 0.00918221 0.10208408 0.00072549
v 0.01054175 0.10343478 0.00062619
v 0.00921515 0.10478878 0.00043189
v 0.01112882 0.10541578 0.00047819
v 0.00984882 0.10024438 0.00112049
v 0.01120991 0.10180488 0.00072809
v 0.02072719 0.11063778 -0.00591561
v 0.01979392 0.11204478 -0.00438291
v 0.01963615 0.10926978 -0.00452721
v 0.01379501 0.11046478 -0.00028061
v 0.01417242 0.10897578 -0.00032051
v 0.01501390 0.11007378 -0.00042731
v 0.01937326 0.10200058 -0.00422201
v 0.01948097 0.09962078 -0.00459221
v 0.02012977 0.10315078 -0.00573201
v 0.01869658 0.10320578 -0.00322821
v 0.01760638 0.10147428 -0.00220921
v 0.01862851 0.09989508 -0.00311311
v 0.01592052 0.10909678 -0.00079911
v 0.01888617 0.09012748 -0.00380931
v 0.01826295 0.08808868 -0.00273241
v 0.01501512 0.11152378 -0.00049441
v 0.01592189 0.11094778 -0.00075861
v 0.01639251 0.11278278 -0.00080171
v 0.01703153 0.11117378 -0.00138471
v 0.01769017 0.08897048 -0.00200271
v 0.01864123 0.11897278 -0.00323751
v 0.01997703 0.11886378 -0.00447431
v 0.01886508 0.12077578 -0.00358101
v 0.01807521 0.11506078 -0.00232921
v 0.01707142 0.11482778 -0.00152841
v 0.01793328 0.11337578 -0.00196801
v 0.01308026 0.10770678 -0.00003081
v 0.01463150 0.10754078 -0.00028051
v 0.01364472 0.10618878 0.00006439
v 0.00987108 0.10744078 0.00018149
v 0.01212850 0.11112478 -0.00006361
v 0.01384319 0.11231878 -0.00035131
v 0.01152938 0.10767278 0.00015029
v 0.01240609 0.10654278 0.00029559
v 0.00821257 0.10696078 -0.00009441
v 0.00803103 0.10511378 0.00012609
v 0.01776718 0.09939388 -0.00237511
v 0.00882293 0.12064778 -0.00236901
v 0.01042245 0.12115278 -0.00176861
v 0.01007383 0.12325378 -0.00208981
v 0.01265780 0.10497978 0.00044419
v 0.01130644 0.12274078 -0.00162571
v 0.01487596 0.11746178 -0.00130371
v 0.01385684 0.11927178 -0.00150521
v 0.01294724 0.11767578 -0.00117431
v 0.01016763 0.11771478 -0.00150071
v 0.01201546 0.11858878 -0.00129121
v 0.01113785 0.11969378 -0.00147451
v 0.00983501 0.11937578 -0.00172781
v 0.01828670 0.10574778 -0.00311721
v 0.01904252 0.10499278 -0.00379991
v 0.01737984 0.09555028 -0.00167801
v 0.01633456 0.09552688 -0.00075611
v 0.01667876 0.09369138 -0.00111981
v 0.01707432 0.09986558 -0.00189841
v 0.01933084 0.10675578 -0.00420751
v 0.02037030 0.10712278 -0.00567511
v 0.01784850 0.09736718 -0.00233341
v 0.02024522 0.09518958 -0.00634021
v 0.01713033 0.09219818 -0.00161851
v 0.01799881 0.09127838 -0.00247511
v 0.01812617 0.09380738 -0.00243721
v 0.01687778 0.09704408 -0.00159641
v 0.01672754 0.09853288 -0.00151691
v 0.01658330 0.09979258 -0.00124371
v 0.01638906 0.09881488 -0.00099641
v 0.01877604 0.09676058 -0.00345771
v 0.01930497 0.09375258 -0.00423821
v 0.01965207 0.09698378 -0.00502291
v 0.01657008 0.10125018 -0.00120771
v 0.01203831 0.12159978 -0.00151571
v 0.01565517 0.11997378 -0.00195321
v 0.01264810 0.12357678 -0.00156881
v 0.01280882 0.12043878 -0.00151911
v 0.01983017 0.09183228 -0.00549161
v 0.01279870 0.11641178 -0.00087581
v 0.01869647 0.09235128 -0.00328651
v 0.01957963 0.10445378 -0.00441351
v 0.01360050 0.12228578 -0.00162131
v 0.01459168 0.12118278 -0.00178311
v 0.01873815 0.11058278 -0.00343051
v 0.01856999 0.10826178 -0.00339231
v 0.01940816 0.11521778 -0.00360471
v 0.02087742 0.11389478 -0.00567631
v 0.00750490 0.11532878 -0.00185741
v 0.00641660 0.11343378 -0.00234061
v 0.00806837 0.11374878 -0.00136611
v 0.00872713 0.11819578 -0.00199681
v 0.00763380 0.11703578 -0.00210901
v 0.00881383 0.11603178 -0.00147721
v 0.00670280 0.11607278 -0.00246131
v 0.02180764 0.11232178 -0.00778621
v 0.02177059 0.11609378 -0.00725921
v 0.01726895 0.11910778 -0.00237991
v 0.02018832 0.09951938 -0.00647481
v 0.02078861 0.09834118 -0.00806001
v 0.00586140 0.11564678 -0.00314411
v 0.02237126 0.11662778 -0.00894011
v 0.00548040 0.11705478 -0.00380061
v 0.00609020 0.11751078 -0.00314431
v 0.00682750 0.11781878 -0.00263771
v 0.01729080 0.12106878 -0.00262621
v 0.00740330 0.11913678 -0.00252431
v 0.00558520 0.11923578 -0.00426301
v 0.00655940 0.12051278 -0.00332981
v 0.00639090 0.11873678 -0.00307661
v 0.02283210 0.11472078 -0.01169051
v 0.02256971 0.11180478 -0.01276011
v 0.01005160 0.11601178 -0.00125371
v 0.02082873 0.10149078 -0.00937601
v 0.02057458 0.10056608 -0.00788671
v 0.01804946 0.09582508 -0.00250271
v 0.02115103 0.10894278 -0.00704931
v 0.01884057 0.11767478 -0.00324851
v 0.01629232 0.09745878 -0.00080541
v 0.01726779 0.09846528 -0.00203651
v 0.02175063 0.10872178 -0.00902471
v 0.02145630 0.10488478 -0.00962551
v 0.02070825 0.10269678 -0.00771541
v 0.02103144 0.10605178 -0.00746131
v 0.02079868 0.11685578 -0.00545551
v 0.02233160 0.11143778 -0.01035491
v 0.02246671 0.11422178 -0.00953131
v 0.02141523 0.10301278 -0.01054711
v 0.02211627 0.11468178 -0.00823421
v 0.02273359 0.11653078 -0.01049521
v 0.01360517 0.08079228 0.00223049
v 0.01285674 0.07838648 0.00285019
v 0.01416162 0.07943718 0.00188929
v 0.01498570 0.08471788 0.00075009
v 0.01551414 0.08644098 0.00004499
v 0.01481942 0.08691768 0.00067179
v 0.01623656 0.10493478 -0.00095401
v 0.01567300 0.10236118 -0.00058581
v 0.01685769 0.10295878 -0.00133641
v 0.01246288 0.08108388 0.00292109
v 0.01111378 0.08088158 0.00357849
v 0.01504888 0.08002538 0.00109559
v 0.01441159 0.08127108 0.00139659
v 0.01566926 0.08235408 0.00044759
v 0.01689899 0.08372828 -0.00088931
v 0.01621568 0.08507748 -0.00025131
v 0.01156259 0.08265098 0.00300629
v 0.01252868 0.08382248 0.00239269
v 0.01394095 0.07781498 0.00203739
v 0.01464819 0.07842328 0.00164329
v 0.01398742 0.09319408 0.00100809
v 0.01528999 0.09621578 0.00016899
v 0.01338526 0.07619318 0.00241849
v 0.01240877 0.07604578 0.00322309
v 0.01380950 0.08579838 0.00154339
v 0.01258640 0.08660608 0.00208589
v 0.01584401 0.09860348 -0.00042031
v 0.01408062 0.08184328 0.00174469
v 0.01443569 0.08280008 0.00125199
v 0.01721019 0.09051868 -0.00155551
v 0.01616865 0.09104788 -0.00073841
v 0.01658405 0.08734938 -0.00077421
v 0.01565896 0.08875388 -0.00008131
v 0.01425484 0.08391118 0.00145419
v 0.01360513 0.08290178 0.00194909
v 0.01548620 0.09364878 -0.00004691
v 0.01755432 0.10406378 -0.00206711
v 0.01131168 0.08467978 0.00268539
v 0.01741671 0.10598278 -0.00190051
v 0.01679949 0.10743578 -0.00144701
v 0.00985250 0.09106348 0.00236779
v 0.01035648 0.08839798 0.00256309
v 0.01227400 0.08989658 0.00215459
v 0.01572657 0.10699578 -0.00068541
v 0.01479945 0.10573378 -0.00021101
v 0.01536805 0.09073438 0.00023569
v 0.01436359 0.08948418 0.00109689
v 0.01130753 0.09307138 0.00198029
v 0.00980132 0.09320158 0.00195739
v 0.01566191 0.09217988 -0.00010111
v 0.01599724 0.09266678 -0.00064261
v 0.01752751 0.08614898 -0.00175021
v 0.01285811 0.10319978 0.00043069
v 0.01376359 0.10477478 0.00018259
v 0.01566358 0.10085838 -0.00054031
v 0.00890893 0.09456878 0.00185079
v 0.01498632 0.09191878 0.00056669
v 0.01501218 0.09828938 0.00018589
v 0.00755770 0.12103778 -0.00280211
v 0.01265982 0.09450938 0.00141379
v 0.01266431 0.09263618 0.00170399
v 0.01025787 0.09453338 0.00180409
v 0.01147841 0.09561438 0.00154979
v 0.01334577 0.08797258 0.00170469
v 0.01609433 0.10012558 -0.00076641
v 0.01537669 0.09967748 -0.00024171
v 0.00975365 0.09615278 0.00171619
v 0.00823569 0.12299378 -0.00284671
v 0.01637212 0.09241378 -0.00111351
v 0.00698000 0.12246078 -0.00340401
v 0.01667533 0.08930928 -0.00098851
v 0.01714105 0.12201578 -0.00263821
v 0.01625652 0.12191278 -0.00224381
v 0.01657699 0.11753878 -0.00183711
v 0.01776099 0.10746978 -0.00235491
v 0.01714200 0.12257678 -0.00262631
v 0.01631802 0.09943518 -0.00087701
v 0.01446290 0.10323778 -0.00006141
v 0.01888387 0.11252678 -0.00314931
v 0.01802933 0.11147978 -0.00235201
v 0.01522343 0.12301478 -0.00206471
v 0.00647630 0.10886178 -0.00129291
v 0.00759200 0.10898178 -0.00085781
v 0.00702180 0.11050578 -0.00128071
v 0.00654240 0.11156478 -0.00177071
v 0.00539290 0.11006278 -0.00237731
v 0.00847180 0.11186478 -0.00081701
v 0.00720990 0.11219278 -0.00148151
v 0.00800249 0.11027578 -0.00084161
v 0.00895670 0.10961778 -0.00033811
v 0.01761185 0.10942378 -0.00207561
v 0.01145690 0.08709678 0.00242999
v 0.00484530 0.11095578 -0.00330801
v 0.00676310 0.10006578 0.00065669
v 0.00519250 0.11221478 -0.00327461
v 0.01254604 0.11335878 -0.00031971
v 0.01247375 0.10927278 -0.00015901
v 0.01048784 0.11209078 -0.00021581
v 0.01079018 0.10954778 -0.00009741
v 0.00736060 0.09839388 0.00119089
v 0.00584760 0.10422478 -0.00061091
v 0.00699990 0.10567178 -0.00042401
v 0.01808592 0.11819578 -0.00266051
v 0.01774187 0.11672378 -0.00229281
v 0.01737698 0.11791878 -0.00220601
v 0.00693180 0.10740878 -0.00075241
v 0.00759940 0.10350178 0.00019439
v 0.00425370 0.12348478 -0.00720241
v 0.01238682 0.12458278 -0.00165891
v 0.01449139 0.11464578 -0.00062541
v 0.01580902 0.11440978 -0.00098951
v 0.01150860 0.12419578 -0.00174461
v 0.01325900 0.11533978 -0.00057861
v 0.00971945 0.11444378 -0.00084221
v 0.01158037 0.11463778 -0.00047961
v 0.01135351 0.11648678 -0.00110861
v 0.00503920 0.11543978 -0.00417001
v 0.00456390 0.11606778 -0.00481301
v 0.00502240 0.11715078 -0.00464381
v 0.00476130 0.11818378 -0.00535211
v 0.00538790 0.11399278 -0.00342091
v 0.00458640 0.11966378 -0.00597301
v 0.00508060 0.12192478 -0.00560491
v 0.00601070 0.12182678 -0.00421961
v 0.01607326 0.11621478 -0.00138111
v 0.00580160 0.12369778 -0.00497641
v 0.00645890 0.12373378 -0.00415621
v 0.01510727 0.11314878 -0.00059061
v 0.01587889 0.11721578 -0.00150841
v 0.00837149 0.10012668 0.00103319
v 0.00761110 0.10147498 0.00057559
v 0.00927567 0.09820978 0.00149329
v 0.01269357 0.09628018 0.00131799
v 0.01084658 0.09748018 0.00148129
v 0.01172645 0.10378678 0.00056839
v -0.00711120 -0.11854522 0.01864959
v -0.00860660 -0.11804522 0.02153129
v -0.00959430 -0.11833222 0.01986979
v -0.00295940 -0.11795122 0.02130439
v -0.00365660 -0.11847922 0.01999789
v -0.00263210 -0.11791422 0.02027109
v -0.00248840 -0.11729622 0.02109159
v -0.01098660 -0.11857422 0.01886999
v -0.01222770 -0.11828822 0.01897629
v -0.01186190 -0.11859922 0.01794649
v -0.00829030 -0.12005622 0.00968919
v -0.00722210 -0.12005422 0.00970259
v -0.00728920 -0.12004622 0.01066269
v -0.00447590 -0.11989822 0.01119079
v -0.00339700 -0.11954722 0.01284519
v -0.00507280 -0.11948422 0.01346109
v -0.01017470 -0.11727922 0.02565649
v -0.00944010 -0.11751022 0.02403679
v -0.00883480 -0.11716522 0.02582379
v -0.01487630 -0.11648722 0.02771679
v -0.01213840 -0.11675122 0.02782769
v -0.01334900 -0.11634022 0.02941239
v -0.00269670 -0.11739122 0.02225569
v -0.00258880 -0.11718222 0.02381749
v -0.00381540 -0.11795022 0.02272289
v -0.01078940 -0.11779522 0.02221049
v -0.01236740 -0.11779722 0.02171849
v -0.01123420 -0.11822922 0.02055649
v -0.00361850 -0.12062022 -0.00471811
v -0.00421110 -0.12178422 -0.00248581
v -0.00424380 -0.12198922 -0.00500001
v -0.01607360 -0.11838922 0.01747239
v -0.00743380 -0.11726622 0.02608189
v -0.00753640 -0.11762922 0.02360929
v -0.00631320 -0.11734522 0.02501249
v -0.00237760 -0.11776922 0.01772019
v -0.00210370 -0.11713222 0.01963249
v -0.00274750 -0.11835722 0.01878009
v -0.01133920 -0.11719022 0.02643069
v -0.01149180 -0.11741822 0.02479659
v -0.00721080 -0.11908322 0.01527849
v -0.00491360 -0.11915022 0.01631089
v -0.00377920 -0.11906322 0.01665749
v -0.00298740 -0.11885322 0.01712549
v -0.00382070 -0.11874822 0.01789099
v -0.00286690 -0.11911722 0.01470519
v -0.00390790 -0.11940522 0.01450559
v -0.01004740 -0.11963022 0.01109429
v -0.01037910 -0.12010022 0.00933669
v -0.00869320 -0.11974222 0.01136829
v -0.00914540 -0.11868422 0.01748419
v -0.00928900 -0.11912022 0.01517989
v -0.00198600 -0.11606122 0.02198299
v -0.00679130 -0.12193722 -0.00050871
v -0.00910140 -0.12205022 -0.00236511
v -0.00621300 -0.12221822 -0.00243111
v -0.01304170 -0.11721222 0.02513839
v -0.01454480 -0.11699522 0.02549969
v -0.01335720 -0.11755122 0.02361999
v -0.00703520 -0.11800822 0.02131109
v -0.01261270 -0.11855222 0.01726869
v -0.01349200 -0.11831422 0.01846199
v -0.00317430 -0.11994222 0.01033799
v -0.00335850 -0.12038722 0.00908609
v -0.00292070 -0.12012122 0.00834819
v -0.01298790 -0.11706422 0.02632949
v -0.00349200 -0.11906622 0.01590039
v -0.00483810 -0.11851222 0.02081529
v -0.00508100 -0.11853422 0.01880029
v -0.00451720 -0.11709922 0.02817559
v -0.00644460 -0.11698722 0.02751349
v -0.00498680 -0.11754722 0.02525349
v -0.01069570 -0.11669822 0.02869119
v -0.01189950 -0.11665622 0.02896399
v -0.00269950 -0.11850022 -0.00145431
v -0.00315380 -0.11951822 -0.00347521
v -0.00318000 -0.11859322 -0.00517941
v -0.00130770 -0.11115722 0.02386749
v -0.00149660 -0.11296622 0.02301029
v -0.00116160 -0.11172622 0.02156949
v -0.00833950 -0.11933322 0.01345549
v -0.00528230 -0.12196522 -0.00072521
v -0.00356710 -0.11670622 0.02965119
v -0.00445400 -0.11659722 0.03047419
v -0.00823520 -0.12333122 -0.01009011
v -0.00978580 -0.12339522 -0.01011321
v -0.00599570 -0.11835622 0.02019909
v -0.00572060 -0.11794322 0.02256119
v -0.00675590 -0.11962522 0.01236819
v -0.00257980 -0.11850922 0.01612279
v -0.00599820 -0.12002822 0.01009959
v -0.00221100 -0.11574222 0.02478879
v -0.01164010 -0.12310922 -0.00860671
v -0.01211770 -0.12372322 -0.01120341
v -0.00637830 -0.11644822 0.03045819
v -0.00729760 -0.12264522 -0.00551081
v -0.01106350 -0.12256822 -0.00556891
v -0.00942430 -0.12304022 -0.00758641
v -0.00258700 -0.11679022 0.02523599
v -0.00251980 -0.11643322 0.02667519
v -0.00340550 -0.11724422 0.02581299
v -0.00869520 -0.11677222 0.02795729
v -0.01119180 -0.12069122 0.00646649
v -0.01190280 -0.12089622 0.00489199
v -0.00988000 -0.12106122 0.00456509
v -0.00293810 -0.11600222 0.03023869
v -0.00303090 -0.11680422 0.02813249
v -0.00399590 -0.12159622 0.00045979
v -0.00565730 -0.12152022 0.00156669
v -0.01259670 -0.12208522 -0.00321241
v -0.01175870 -0.12157322 -0.00026231
v -0.00551990 -0.11967022 0.01179879
v -0.01004450 -0.11938322 0.01283889
v -0.00858340 -0.12146722 0.00148939
v -0.00796990 -0.11663622 0.02969159
v -0.00171530 -0.11452922 0.02313929
v -0.00265550 -0.11571822 0.02849369
v -0.00140740 -0.11510322 0.01958629
v -0.00135500 -0.11389022 0.02140659
v -0.00534700 -0.12250822 -0.00426341
v -0.00172770 -0.11353622 0.02522879
v -0.00349720 -0.11646822 0.03081679
v -0.00265290 -0.11982822 0.00631009
v -0.00417240 -0.12081422 0.00619269
v -0.00317340 -0.12076222 0.00442499
v -0.00214650 -0.11492322 0.02710679
v -0.00262330 -0.11929422 0.00399989
v -0.00343320 -0.12093222 0.00249129
v -0.00300990 -0.12021822 0.00124929
v -0.00290910 -0.11967722 -0.00030911
v -0.00333330 -0.12092222 -0.00066681
v -0.00421200 -0.12031722 0.00897859
v -0.01152020 -0.12113022 0.00250859
v -0.00775810 -0.12319622 -0.00993771
v -0.00737430 -0.12050522 0.00824439
v -0.00254820 -0.11449222 0.02999139
v -0.00348880 -0.11614722 0.03237759
v -0.00785190 -0.12309522 -0.00862441
v -0.00194080 -0.11349222 0.02800819
v -0.00239790 -0.11811522 0.00207229
v -0.00280660 -0.11508422 0.03212719
v -0.00569870 -0.12068222 0.00771839
v -0.00328660 -0.12029922 -0.00215761
v -0.00915930 -0.12031322 0.00849199
v -0.00148440 -0.11141822 0.02746029
v -0.00201400 -0.11256222 0.03058309
v -0.00683750 -0.12114222 0.00503619
v -0.00932590 -0.12066922 0.00707509
v -0.00637040 -0.12289022 -0.00762881
v -0.00433580 -0.12144322 0.00183259
v -0.00450580 -0.12119822 0.00344709
v -0.00210710 -0.11504922 0.00143839
v -0.00184720 -0.11556122 0.00347649
v -0.00225770 -0.11669422 0.00069159
v -0.00141260 -0.11154322 0.00800839
v -0.00138400 -0.11101922 0.00971659
v -0.00147800 -0.11286622 0.00951439
v -0.00525210 -0.12261122 -0.00625741
v -0.01402140 -0.12119022 0.00159349
v -0.01463330 -0.12154822 -0.00121381
v -0.01329140 -0.11908822 0.01386639
v -0.01401400 -0.11931322 0.01232969
v -0.01207990 -0.11923822 0.01282709
v -0.01564720 -0.11932422 0.01237299
v -0.01171130 -0.11426122 0.03926989
v -0.01176160 -0.11398322 0.04007889
v -0.01253310 -0.11383822 0.03960379
v -0.01478490 -0.11887522 0.01390919
v -0.01353060 -0.11867522 0.01604029
v -0.01560540 -0.11866922 0.01570079
v -0.01095390 -0.11933322 0.01499739
v -0.01229760 -0.11918922 0.01478219
v -0.00986750 -0.12021022 0.00818539
v -0.01358760 -0.12092522 0.00399939
v -0.01145900 -0.11970422 0.01089349
v -0.01182590 -0.12019822 0.00783389
v -0.01338210 -0.12060122 0.00621849
v -0.01528530 -0.11951222 0.01086189
v -0.01599180 -0.11966122 0.00973279
v -0.01327630 -0.12011222 0.00883679
v -0.01538180 -0.12050322 0.00728509
v -0.01595630 -0.12013622 0.00887209
v -0.01012470 -0.11602022 0.03212079
v -0.01175860 -0.11593122 0.03171439
v -0.01047340 -0.11606122 0.03098459
v -0.01489140 -0.11836322 0.01735329
v -0.01332750 -0.11983022 0.01080629
v -0.01237720 -0.11558622 0.03393449
v -0.01330030 -0.11489122 0.03670619
v -0.00138960 -0.10990722 0.01072099
v -0.00132910 -0.11387422 0.00680469
v -0.00178100 -0.11667222 0.00563119
v -0.01061340 -0.12033022 0.00778079
v -0.00322690 -0.11753922 -0.00819031
v -0.01471620 -0.11993222 0.00970299
v -0.00250030 -0.11571022 -0.00196331
v -0.00120510 -0.10978722 0.01307879
v -0.00309930 -0.11643622 -0.00575461
v -0.01141970 -0.11636022 0.03010339
v -0.01267900 -0.11818222 0.02018789
v -0.00371740 -0.12034622 -0.00941361
v -0.00338590 -0.11910222 -0.00820371
v -0.01529130 -0.11717422 0.02417809
v -0.00427360 -0.12157622 -0.00772531
v -0.00371850 -0.12006322 -0.00705621
v -0.01024380 -0.11700722 0.02711169
v -0.01623520 -0.12118622 0.00099449
v -0.00506490 -0.11520322 0.03823719
v -0.00474900 -0.11479422 0.04012399
v -0.00640610 -0.11483222 0.04011259
v -0.01048200 -0.11664122 0.02952449
v -0.00910630 -0.11651922 0.02964109
v -0.01005320 -0.11667322 0.03006019
v -0.00976420 -0.11667122 0.02924219
v -0.00508020 -0.11565822 0.03663179
v -0.00605290 -0.11555922 0.03692329
v -0.00713440 -0.11516422 0.03812929
v -0.00849350 -0.11466422 0.03961889
v -0.00926170 -0.11628922 0.03066289
v -0.01323890 -0.11316322 0.04054109
v -0.01415780 -0.11441122 0.03824209
v -0.01459740 -0.11755822 0.02316379
v -0.01394110 -0.11782222 0.02216909
v -0.01397100 -0.11752622 0.02300309
v -0.01038800 -0.11444622 0.03951479
v -0.01192790 -0.11901722 0.01646419
v -0.00951920 -0.11415022 0.04057869
v -0.01277360 -0.11433722 0.03890679
v -0.01375480 -0.11351722 0.03933689
v -0.00831430 -0.11626722 0.03131539
v -0.00927280 -0.11486222 0.03793799
v -0.01162480 -0.11486222 0.03804489
v -0.00783550 -0.11549622 0.03625139
v -0.01544210 -0.11809122 0.01886059
v -0.01335750 -0.11565922 0.03244449
v -0.01296130 -0.11588922 0.03099429
v -0.01444570 -0.11568522 0.03143319
v -0.01302690 -0.11474522 0.03801499
v -0.00575160 -0.11587922 0.03516009
v -0.00833540 -0.11599122 0.03349609
v -0.01055330 -0.11536322 0.03607629
v -0.01106880 -0.11366222 0.04077779
v -0.00148900 -0.11611122 0.01170239
v -0.00146320 -0.11479022 0.01222449
v -0.00171730 -0.11589722 0.01340439
v -0.00130100 -0.11504322 0.00985549
v -0.00137790 -0.11538122 0.00763369
v -0.00180030 -0.11727422 0.00969019
v -0.00190030 -0.11762622 0.01229519
v -0.00157050 -0.11642022 0.00818139
v -0.00207740 -0.11796622 0.00704899
v -0.00237030 -0.11880722 0.01014839
v -0.00235200 -0.11881422 0.00828719
v -0.00149270 -0.10607322 0.02426889
v -0.00220570 -0.11195822 0.03389469
v -0.00175050 -0.11005722 0.03103699
v -0.00205530 -0.11028722 0.03503579
v -0.00236450 -0.11862022 0.01355489
v -0.00247610 -0.11905522 0.01181779
v -0.00123130 -0.10760022 0.02557559
v -0.00124390 -0.10840622 0.02614369
v -0.00119900 -0.10920022 0.02553139
v -0.00233440 -0.11823022 0.01509839
v -0.01488030 -0.12413722 -0.01911021
v -0.01552570 -0.12407322 -0.01641941
v -0.00109310 -0.10918822 0.02348059
v -0.00205520 -0.11702922 0.01632589
v -0.00203050 -0.11716822 0.01438889
v -0.00258510 -0.10842822 0.04150029
v -0.00282950 -0.11027222 0.04150019
v -0.00234430 -0.10936822 0.03791739
v -0.00119430 -0.10991022 0.02220049
v -0.01058260 -0.11896022 0.01693719
v -0.00143040 -0.10927922 0.02782899
v -0.00184200 -0.11646322 0.01816109
v -0.00131060 -0.10808222 0.02738079
v -0.00151520 -0.10758622 0.02903089
v -0.00142250 -0.11378222 0.01349779
v -0.00160130 -0.11516022 0.01533289
v -0.00130160 -0.11298822 0.01849479
v -0.00116880 -0.11341222 0.02002879
v -0.00108620 -0.11269122 0.02078349
v -0.00112110 -0.11187322 0.01992029
v -0.00106650 -0.10964222 0.02030709
v -0.00121920 -0.10825322 0.02198429
v -0.00156960 -0.10657622 0.02665979
v -0.00122200 -0.11294022 0.01501839
v -0.00134260 -0.10789722 0.02654489
v -0.00312350 -0.11177122 0.04149989
v -0.00263700 -0.11154622 0.03751939
v -0.00140710 -0.10869622 0.02673879
v -0.00128210 -0.11198122 0.01594619
v -0.00120070 -0.11108322 0.01594619
v -0.00110160 -0.11163922 0.01694169
v -0.00187180 -0.10761122 0.03142479
v -0.00114130 -0.11124222 0.01505169
v -0.00645510 -0.11446522 0.04150069
v -0.00516400 -0.11464422 0.04150109
v -0.00450710 -0.11461722 0.04149979
v -0.00850570 -0.11430722 0.04150059
v -0.01484280 -0.11813022 0.02062719
v -0.00944210 -0.11380922 0.04149959
v -0.01372780 -0.11269822 0.04150059
v -0.01257220 -0.11271322 0.04150209
v -0.01119080 -0.11305622 0.04150159
v -0.00106670 -0.10978822 0.01594059
v -0.00132310 -0.10780822 0.01763659
v -0.00114530 -0.11065322 0.01827219
v -0.00195680 -0.10821822 0.03446749
v -0.00151670 -0.11515622 0.01737759
v -0.00133240 -0.11335022 0.01652519
v -0.00175450 -0.10611922 0.03036839
v -0.00193220 -0.10579922 0.03269339
v -0.00120500 -0.10707822 0.02052219
v -0.00125470 -0.11221122 0.01191789
v -0.00114320 -0.11205822 0.01372549
v -0.00133970 -0.11366522 0.01134989
v -0.00140880 -0.11370922 0.01232699
v -0.00135670 -0.10778922 0.02385589
v -0.01386640 -0.12408522 -0.01360781
v -0.01424290 -0.12338122 -0.01038091
v -0.01623350 -0.12317822 -0.01086691
v -0.01598310 -0.12371622 -0.01327521
v -0.01574500 -0.12277422 -0.00861821
v -0.00197960 -0.10603222 0.03549659
v -0.00218820 -0.10719522 0.03813389
v -0.01379490 -0.12220022 -0.00529651
v -0.01371620 -0.12255322 -0.00746311
v -0.00249880 -0.10607822 0.04150029
v -0.01536310 -0.12228922 -0.00645601
v -0.00351490 -0.11300522 0.04150149
v -0.00364910 -0.11401422 0.03998459
v -0.00263040 -0.11377322 0.03347629
v -0.00266270 -0.11272222 0.03552099
v -0.00308790 -0.11374422 0.03720409
v -0.00136510 -0.10663422 0.02246029
v -0.00413500 -0.11485122 0.03925749
v -0.00374200 -0.11484822 0.03824919
v -0.00395380 -0.11561522 0.03645399
v -0.00312020 -0.11513722 0.03432399
v -0.00407070 -0.11642722 0.03150319
v -0.00510900 -0.11622822 0.03254229
v -0.00426740 -0.11584922 0.03414519
v -0.01481360 -0.11625922 0.02923859
v -0.01378920 -0.11602922 0.03058659
v -0.01483510 -0.11616522 0.03016809
v -0.01519470 -0.11631722 0.02961009
vt 0.99187800 0.51696800
vt 0.71388300 0.95011400
vt 0.99187200 0.52490600
vt 0.70277200 0.94960000
vt 0.71345500 0.95445300
vt 0.98661100 0.52552900
vt 0.70502200 0.94644900
vt 0.99300400 0.55464700
vt 0.99574200 0.79028400
vt 0.34503100 0.54268200
vt 0.97909400 0.57162600
vt 0.98948600 0.54744700
vt 0.99924900 0.79917600
vt 0.34206700 0.56176300
vt 0.99834500 0.55973500
vt 0.97386200 0.26935600
vt 0.99025000 0.78230400
vt 0.33415200 0.51933500
vt 0.99834500 0.58581600
vt 0.95649200 0.27580400
vt 0.96748700 0.72606200
vt 0.97756900 0.78445000
vt 0.97844100 0.27680300
vt 0.98675800 0.54147600
vt 0.99241300 0.53693800
vt 0.99922300 0.54927500
vt 0.98107300 0.28776700
vt 0.51575800 0.05409080
vt 0.99975400 0.52680100
vt 0.51896400 0.07061110
vt 0.98660500 0.52864800
vt 0.97376700 0.78877400
vt 0.52665200 0.06185650
vt 0.97162100 0.27766100
vt 0.96141500 0.28645200
vt 0.98062500 0.72573200
vt 0.95792700 0.29844600
vt 0.99674300 0.72606800
vt 0.20775200 0.95906500
vt 0.98007000 0.27034600
vt 0.97983800 0.78913800
vt 0.97959900 0.30199800
vt 0.20422100 0.97909100
vt 0.49341800 0.05635940
vt 0.55127100 0.94903000
vt 0.99023800 0.77721400
vt 0.99688400 0.86133300
vt 0.99269500 0.87804700
vt 0.99360400 0.76773200
vt 0.99073700 0.85524300
vt 0.98190000 0.83533500
vt 0.58211000 0.93668700
vt 0.97170500 0.84885900
vt 0.15576800 0.93502900
vt 0.59053600 0.93096900
vt 0.13920400 0.93026700
vt 0.97256100 0.83506900
vt 0.99215700 0.83374400
vt 0.57217100 0.94338200
vt 0.99730700 0.84796900
vt 0.56379300 0.95210300
vt 0.98262800 0.85744100
vt 0.97274300 0.87979300
vt 0.99998400 0.75329300
vt 0.19648400 0.94093700
vt 0.97121400 0.86231200
vt 0.17378800 0.93636500
vt 0.57874700 0.07857060
vt 0.80916900 0.96894600
vt 0.79607000 0.96911000
vt 0.86675300 0.75292000
vt 0.79851600 0.95776100
vt 0.78334200 0.93143100
vt 0.60272400 0.97511700
vt 0.34308700 0.37418900
vt 0.79298600 0.94735500
vt 0.78417800 0.95128400
vt 0.39275000 0.37012600
vt 0.58713500 0.06734100
vt 0.81358300 0.98364000
vt 0.80297400 0.94806300
vt 0.82041300 0.96607700
vt 0.56664200 0.07896860
vt 0.80462900 0.99406700
vt 0.59279000 0.05347780
vt 0.87070600 0.72634800
vt 0.79624200 0.98326400
vt 0.87520000 0.74123300
vt 0.86962900 0.99205400
vt 0.62991500 0.97244500
vt 0.81216400 0.93371900
vt 0.54659600 0.07901860
vt 0.87880100 0.97813300
vt 0.82526200 0.94498000
vt 0.79876300 0.93143100
vt 0.61741800 0.97223700
vt 0.78401100 0.96730900
vt 0.87405900 0.76328800
vt 0.42214200 0.37012500
vt 0.86018100 0.98543700
vt 0.62991500 0.95203900
vt 0.86275700 0.97074700
vt 0.53365300 0.05973370
vt 0.71480200 0.88132100
vt 0.88675900 0.95854600
vt 0.88748200 0.96844300
vt 0.54364400 0.06363240
vt 0.87367400 0.96196400
vt 0.87548500 0.97104800
vt 0.85700900 0.95867800
vt 0.86623200 0.94994900
vt 0.73675300 0.88529700
vt 0.84686500 0.96516500
vt 0.11254900 0.93688900
vt 0.75215700 0.88639100
vt 0.84918700 0.94401100
vt 0.10901400 0.94818100
vt 0.84274100 0.95370000
vt 0.88065000 0.95104800
vt 0.72457900 0.88604200
vt 0.84426500 0.97750000
vt 0.62024600 0.93110700
vt 0.11535700 0.92924100
vt 0.83497300 0.94393800
vt 0.10779700 0.95977100
vt 0.76337900 0.88020300
vt 0.99178100 0.81261200
vt 0.98652600 0.81474400
vt 0.98548500 0.80592100
vt 0.97009900 0.79885500
vt 0.53632600 0.07489600
vt 0.98112000 0.79614700
vt 0.99555600 0.80807100
vt 0.33642200 0.57041800
vt 0.99992500 0.81270600
vt 0.33944000 0.57615800
vt 0.99681500 0.81793100
vt 0.33930900 0.58304000
vt 0.98967400 0.81902100
vt 0.56287600 0.09012600
vt 0.97825200 0.83259600
vt 0.96964500 0.81710200
vt 0.54994400 0.08663810
vt 0.99399000 0.82704500
vt 0.57577700 0.08373480
vt 0.33839000 0.59238800
vt 0.05462990 0.96135400
vt 0.05391840 0.94702800
vt 0.07161440 0.94679100
vt 0.14085800 0.57041700
vt 0.04964090 0.93789700
vt 0.04044040 0.94148300
vt 0.03495900 0.93266800
vt 0.02766590 0.94363400
vt 0.10231100 0.46284500
vt 0.01858000 0.93332100
vt 0.08610060 0.46350500
vt 0.03815260 0.95226000
vt 0.06358840 0.93675300
vt 0.13393800 0.55179700
vt 0.07218590 0.97067000
vt 0.93882700 0.64382000
vt 0.12453000 0.59257100
vt 0.95570300 0.64272000
vt 0.05789020 0.97880000
vt 0.02792040 0.97729000
vt 0.75779400 0.05019660
vt 0.05304570 0.99187600
vt 0.73892000 0.02864530
vt 0.96249100 0.63785300
vt 0.02263750 0.95585900
vt 0.75694500 0.07259750
vt 0.11086100 0.47469700
vt 0.08261500 0.44084300
vt 0.11354300 0.51567700
vt 0.03126730 0.91998100
vt 0.04834160 0.92951300
vt 0.12210800 0.53257300
vt 0.05652470 0.93161400
vt 0.12939500 0.54249300
vt 0.98121500 0.73466600
vt 0.97864900 0.74553800
vt 0.98802600 0.75094200
vt 0.98679100 0.74067300
vt 0.98362300 0.75888600
vt 0.97559800 0.75935800
vt 0.99140900 0.74319900
vt 0.96762400 0.74960900
vt 0.33383200 0.49187000
vt 0.98150900 0.76856200
vt 0.96748700 0.77441700
vt 0.34914700 0.47323300
vt 0.98286400 0.78266300
vt 0.54899400 0.95835300
vt 0.33726600 0.44578200
vt 0.99132100 0.67602300
vt 0.95341300 0.75522600
vt 0.99748900 0.66382600
vt 0.99876400 0.68042000
vt 0.95433900 0.73469900
vt 0.98696000 0.66677700
vt 0.73406900 0.95590500
vt 0.98649600 0.65236500
vt 0.95432900 0.77574700
vt 0.99368700 0.69073700
vt 0.94664100 0.71386100
vt 0.99928500 0.70056200
vt 0.98995300 0.69576800
vt 0.69503000 0.95366300
vt 0.97717600 0.69516600
vt 0.97799100 0.69134700
vt 0.71537600 0.95821900
vt 0.69716000 0.95466900
vt 0.98347200 0.69439900
vt 0.97987100 0.68708800
vt 0.71943600 0.95899600
vt 0.98821500 0.68557500
vt 0.97945100 0.67564200
vt 0.72696000 0.96107400
vt 0.74751900 0.95800500
vt 0.98055100 0.65791500
vt 0.97400000 0.64190200
vt 0.95433900 0.80041800
vt 0.76383100 0.95436800
vt 0.99976700 0.68986100
vt 0.94333300 0.72641600
vt 0.99724500 0.71016500
vt 0.95431200 0.69132200
vt 0.98643100 0.72326000
vt 0.93207500 0.67937100
vt 0.98687800 0.71089700
vt 0.98504600 0.70155200
vt 0.68450000 0.96079600
vt 0.95433900 0.65801700
vt 0.97475600 0.70168500
vt 0.61760800 0.95319900
vt 0.57578500 0.97511700
vt 0.36841500 0.42202800
vt 0.58604400 0.96623100
vt 0.56432000 0.96296200
vt 0.37004400 0.44240700
vt 0.57391100 0.96238600
vt 0.60499500 0.95600500
vt 0.59135700 0.94780400
vt 0.59022200 0.95688900
vt 0.60081400 0.96386700
vt 0.60450400 0.94319000
vt 0.59280800 0.94123200
vt 0.57711700 0.95629500
vt 0.55966100 0.01574720
vt 0.55323600 0.02431750
vt 0.68267100 0.88610700
vt 0.54164800 0.00650082
vt 0.66853400 0.90362200
vt 0.89323800 0.67505500
vt 0.65014200 0.90526300
vt 0.56367400 0.00678014
vt 0.56979600 0.02911200
vt 0.56713900 0.01601660
vt 0.58043700 0.01634590
vt 0.87689700 0.69018100
vt 0.56242700 0.05883130
vt 0.57071900 0.04325340
vt 0.57834000 0.05652400
vt 0.56323500 0.04087250
vt 0.56286400 0.02031230
vt 0.88831400 0.68447200
vt 0.57401600 0.00761093
vt 0.54913000 0.03696540
vt 0.69376300 0.87630400
vt 0.55768300 0.03445320
vt 0.55631100 0.04318410
vt 0.57953300 0.03905480
vt 0.58137200 0.02817710
vt 0.58799200 0.02156690
vt 0.87909100 0.69894400
vt 0.59241500 0.03652920
vt 0.87235300 0.71038600
vt 0.54090000 0.04744430
vt 0.70474300 0.88007100
vt 0.55050700 0.05014320
vt 0.17274000 0.95897000
vt 0.15944900 0.97969400
vt 0.45564600 0.05943480
vt 0.14417200 0.96356800
vt 0.15575100 0.94519900
vt 0.12660200 0.95429200
vt 0.13583800 0.94244700
vt 0.13020700 0.96697000
vt 0.18955700 0.97188000
vt 0.48326000 0.07003020
vt 0.19159200 0.99300400
vt 0.11542400 0.95561600
vt 0.12081400 0.96235200
vt 0.11477800 0.96150100
vt 0.11300400 0.96637900
vt 0.77129200 0.88945200
vt 0.11808400 0.94810400
vt 0.11934800 0.97374800
vt 0.39983500 0.05106970
vt 0.11026200 0.99625700
vt 0.03420690 0.77429100
vt 0.03205410 0.78871800
vt 0.77678800 0.89862400
vt 0.10756800 0.98018700
vt 0.12055300 0.98836400
vt 0.41266000 0.05498120
vt 0.17623800 0.98537100
vt 0.47447400 0.05915130
vt 0.14752700 0.97720800
vt 0.44165100 0.05552300
vt 0.13770200 0.98555900
vt 0.42901900 0.06079380
vt 0.13992100 0.97483300
vt 0.13168100 0.97651400
vt 0.13645300 0.97014900
vt 0.12224800 0.94183400
vt 0.11067200 0.97414100
vt 0.77358800 0.89092600
vt 0.80362300 0.02461430
vt 0.89171300 0.40652400
vt 0.79294500 0.01738100
vt 0.79795800 0.01301410
vt 0.88681800 0.39556600
vt 0.77994600 0.02219070
vt 0.77378400 0.02740740
vt 0.97836900 0.63922000
vt 0.76762800 0.01879000
vt 0.78501100 0.01475240
vt 0.86969300 0.40044600
vt 0.78665100 0.06782700
vt 0.10237500 0.50556500
vt 0.79529500 0.06123040
vt 0.80232400 0.06303430
vt 0.78251300 0.03554210
vt 0.76719200 0.02991690
vt 0.81327600 0.05912410
vt 0.80512200 0.05002570
vt 0.78469600 0.05635610
vt 0.77283400 0.06454310
vt 0.76829600 0.07083780
vt 0.11112300 0.48650600
vt 0.75575000 0.02619090
vt 0.97672600 0.63946400
vt 0.84528500 0.05371040
vt 0.93233500 0.44613100
vt 0.82997700 0.05289130
vt 0.84211200 0.05041010
vt 0.93067300 0.43366400
vt 0.78636200 0.01848790
vt 0.78864900 0.02275750
vt 0.83291600 0.06534610
vt 0.82539700 0.06249120
vt 0.83515000 0.05809090
vt 0.81794500 0.03592420
vt 0.90874600 0.41740300
vt 0.82603600 0.04635090
vt 0.91762800 0.43007700
vt 0.82079500 0.06691240
vt 0.08756370 0.54263200
vt 0.85540800 0.39914100
vt 0.58478000 0.84639100
vt 0.99975900 0.64578300
vt 0.77755800 0.00698718
vt 0.84549600 0.06201320
vt 0.08339710 0.57203700
vt 0.81888500 0.05416260
vt 0.80559500 0.07328560
vt 0.08955430 0.52408600
vt 0.82180600 0.05776510
vt 0.83286000 0.06869940
vt 0.08524060 0.55615300
vt 0.29429000 0.19083100
vt 0.08831210 0.59490800
vt 0.94522000 0.45357000
vt 0.86496200 0.05154480
vt 0.40148400 0.03996700
vt 0.78108800 0.88927500
vt 0.42787000 0.02323470
vt 0.42995500 0.03400530
vt 0.46499500 0.00094656
vt 0.72018300 0.01842450
vt 0.02224470 0.18833700
vt 0.45876700 0.01070920
vt 0.00179480 0.16426700
vt 0.44486500 0.00077580
vt 0.46870700 0.01729200
vt 0.47520000 0.00960468
vt 0.48247600 0.01990410
vt 0.46813800 0.04905340
vt 0.94246300 0.57931400
vt 0.45409200 0.03644960
vt 0.47801700 0.03974240
vt 0.48979400 0.02917660
vt 0.49718900 0.04070380
vt 0.97052200 0.57830500
vt 0.49697800 0.02086840
vt 0.50717700 0.02946560
vt 0.42554600 0.01250870
vt 0.43995700 0.01338400
vt 0.41373900 0.02022530
vt 0.42753700 0.00130307
vt 0.01158630 0.13992000
vt 0.41451500 0.01028680
vt 0.45678300 0.02178260
vt 0.47198300 0.02684610
vt 0.95802500 0.58679400
vt 0.48472400 0.05156540
vt 0.40922500 0.00258030
vt 0.77938800 0.92422100
vt 0.02546800 0.12378700
vt 0.48052400 0.00116806
vt 0.70925100 0.01890130
vt 0.49220000 0.00166850
vt 0.70058800 0.02020130
vt 0.49239500 0.01064840
vt 0.44378100 0.02502100
vt 0.50457000 0.00118265
vt 0.69012800 0.01859580
vt 0.64830100 0.88996600
vt 0.52663800 0.01438760
vt 0.51038900 0.01481560
vt 0.52202700 0.00077581
vt 0.65566500 0.89753600
vt 0.67669200 0.02019940
vt 0.52663800 0.02861290
vt 0.64422500 0.87853700
vt 0.52347000 0.04828990
vt 0.98910300 0.58396300
vt 0.64302300 0.86334100
vt 0.92377300 0.57352400
vt 0.45136700 0.05326400
vt 0.42044000 0.05199920
vt 0.90047800 0.57859600
vt 0.77866500 0.86927300
vt 0.40148400 0.01185300
vt 0.78866600 0.91717900
vt 0.40718500 0.01494020
vt 0.40247100 0.02189800
vt 0.79323200 0.90769200
vt 0.45602100 0.94444500
vt 0.44045300 0.93379200
vt 0.45912000 0.93262200
vt 0.54483600 0.19047600
vt 0.38250400 0.92797000
vt 0.15245700 0.84970800
vt 0.39683300 0.93043800
vt 0.14292600 0.83431800
vt 0.38148600 0.94006700
vt 0.53492700 0.20005100
vt 0.48138600 0.96833600
vt 0.30025200 0.97951500
vt 0.30534400 0.97600600
vt 0.47537100 0.97087800
vt 0.47807300 0.96759900
vt 0.47523700 0.96786700
vt 0.41025100 0.94825800
vt 0.41851700 0.94036000
vt 0.42584600 0.94448400
vt 0.48105000 0.96549900
vt 0.48740300 0.96783000
vt 0.29563800 0.98291300
vt 0.47842900 0.96382000
vt 0.45087800 0.91710600
vt 0.06898600 0.83148700
vt 0.42961700 0.91314400
vt 0.08799740 0.83953200
vt 0.12327800 0.83208900
vt 0.40898100 0.93412300
vt 0.41991700 0.92781500
vt 0.10341000 0.83071800
vt 0.48742700 0.96458300
vt 0.43823000 0.95228100
vt 0.46723400 0.96835900
vt 0.31383100 0.97512300
vt 0.47066800 0.96678200
vt 0.47174500 0.96866800
vt 0.30986100 0.97692700
vt 0.45200400 0.95838900
vt 0.45850300 0.96453400
vt 0.32153700 0.97553100
vt 0.45143400 0.96754300
vt 0.32894600 0.97210600
vt 0.43890100 0.97264100
vt 0.33799400 0.97454600
vt 0.46987200 0.91193400
vt 0.04754560 0.84033000
vt 0.47687800 0.92810000
vt 0.47277700 0.93960100
vt 0.47476800 0.95200300
vt 0.49706400 0.95502800
vt 0.43068900 0.96610300
vt 0.33715800 0.99174400
vt 0.42030800 0.95655900
vt 0.39814600 0.96489100
vt 0.37435600 0.99675200
vt 0.50041500 0.22923200
vt 0.49506600 0.96635800
vt 0.49417900 0.96915400
vt 0.28976700 0.98544400
vt 0.38674000 0.95366600
vt 0.52757200 0.22089800
vt 0.46575700 0.96208100
vt 0.41481900 0.96852000
vt 0.36249600 0.98934300
vt 0.46393200 0.96574000
vt 0.31659800 0.97476600
vt 0.49974600 0.93981600
vt 0.50361400 0.91788400
vt 0.01868870 0.83682600
vt 0.91675300 0.64470300
vt 0.14141000 0.60159000
vt 0.93124100 0.63087900
vt 0.92833400 0.63979000
vt 0.93272600 0.62185000
vt 0.92488400 0.61308600
vt 0.93809600 0.61177800
vt 0.94082400 0.59682700
vt 0.95317000 0.59682100
vt 0.94059700 0.60334700
vt 0.95318200 0.61091300
vt 0.97546900 0.59096600
vt 0.96320900 0.59221800
vt 0.92751300 0.59682100
vt 0.79692900 0.85484600
vt 0.89432000 0.59654200
vt 0.88429200 0.59097700
vt 0.79886700 0.86735500
vt 0.90479200 0.59002700
vt 0.89838800 0.60856400
vt 0.80368900 0.84813100
vt 0.90909400 0.59694200
vt 0.91504000 0.60806100
vt 0.91351300 0.61579800
vt 0.90890400 0.61813400
vt 0.96062800 0.63169500
vt 0.95064300 0.62926800
vt 0.96685000 0.60065200
vt 0.94625300 0.62049300
vt 0.90634600 0.59337000
vt 0.90735400 0.63545300
vt 0.14682400 0.62133000
vt 0.91831800 0.63009300
vt 0.97049100 0.61585900
vt 0.95936000 0.62392200
vt 0.95521200 0.63607300
vt 0.92740500 0.62594800
vt 0.92347000 0.62153800
vt 0.93205700 0.62572100
vt 0.93821200 0.62699200
vt 0.98293700 0.60307400
vt 0.63230100 0.84477000
vt 0.91694800 0.59071000
vt 0.94098000 0.59083000
vt 0.97431500 0.63526800
vt 0.97097300 0.62782500
vt 0.92933700 0.60724900
vt 0.90146100 0.62391800
vt 0.81292600 0.84143800
vt 0.60609800 0.83754500
vt 0.98415100 0.63501400
vt 0.61670300 0.84525200
vt 0.98818300 0.61827400
vt 0.92119500 0.62673400
vt 0.91281600 0.62584100
vt 0.97851900 0.62306100
vt 0.97608300 0.63557900
vt 0.97620500 0.63382900
vt 0.99130400 0.59807400
vt 0.62944100 0.85781400
vt 0.91836400 0.62295300
vt 0.82291900 0.83379000
vt 0.15968100 0.63502000
vt 0.89872100 0.62787900
vt 0.34812000 0.90221600
vt 0.66520600 0.79200200
vt 0.34331400 0.91418300
vt 0.65295800 0.79119400
vt 0.33477400 0.90552800
vt 0.22718000 0.92865800
vt 0.21460700 0.93258900
vt 0.20841800 0.91836400
vt 0.95415700 0.90927800
vt 0.23052600 0.94106700
vt 0.26281900 0.00020739
vt 0.95428300 0.93273100
vt 0.20175100 0.94325500
vt 0.32730700 0.87677900
vt 0.33124700 0.87153200
vt 0.68149200 0.77796000
vt 0.17336100 0.35013400
vt 0.34222900 0.87829800
vt 0.68037700 0.78677000
vt 0.23078400 0.91923300
vt 0.21825300 0.90786500
vt 0.94631500 0.89854000
vt 0.25110900 0.89289300
vt 0.26415200 0.90200200
vt 0.24294400 0.89980900
vt 0.23809000 0.88523900
vt 0.25197600 0.88288600
vt 0.18515300 0.28095800
vt 0.33281300 0.88811000
vt 0.33638200 0.89817100
vt 0.32285600 0.89355600
vt 0.26749500 0.91684700
vt 0.25168400 0.90941500
vt 0.24851900 0.91901100
vt 0.18634200 0.29429600
vt 0.26888300 0.88374900
vt 0.27836700 0.88367600
vt 0.18520800 0.30499100
vt 0.27378900 0.89064100
vt 0.20014800 0.93003700
vt 0.94691700 0.92225700
vt 0.23555700 0.90779600
vt 0.28938100 0.92347900
vt 0.28456700 0.91001000
vt 0.30044000 0.90397800
vt 0.29938500 0.91449600
vt 0.29622800 0.95030900
vt 0.59321600 0.76822600
vt 0.37066300 0.00292778
vt 0.28370900 0.94297100
vt 0.29868300 0.93914000
vt 0.60532400 0.76425800
vt 0.26089800 0.92569500
vt 0.26705500 0.93708200
vt 0.24654300 0.92993400
vt 0.25276200 0.94539500
vt 0.26918400 0.94601000
vt 0.32812200 0.00062098
vt 0.26485000 0.95500600
vt 0.28544700 0.93286800
vt 0.27341300 0.92830600
vt 0.30371100 0.93065200
vt 0.22008000 0.89565000
vt 0.94148600 0.88616400
vt 0.30998000 0.89587800
vt 0.32276000 0.90381900
vt 0.31116500 0.90352000
vt 0.26206500 0.89009400
vt 0.61820200 0.77148000
vt 0.31587800 0.93790800
vt 0.29391100 0.88500300
vt 0.17981400 0.31733700
vt 0.28315500 0.89023200
vt 0.28573000 0.89758200
vt 0.29762400 0.89571700
vt 0.26178700 0.88118700
vt 0.18732300 0.28900700
vt 0.28015600 0.94907500
vt 0.34725700 0.00020740
vt 0.92841600 0.87711300
vt 0.21947000 0.87924700
vt 0.19488700 0.26352400
vt 0.23024300 0.87300700
vt 0.93141000 0.86956400
vt 0.30858100 0.91995500
vt 0.31194200 0.91053800
vt 0.32433700 0.91381700
vt 0.32415700 0.92506700
vt 0.63679300 0.77177400
vt 0.34791900 0.89292900
vt 0.67274400 0.78774400
vt 0.24199900 0.87763400
vt 0.19178700 0.27325300
vt 0.30342100 0.00055102
vt 0.24315400 0.95690400
vt 0.31657200 0.88163100
vt 0.22436600 0.95381700
vt 0.28650900 0.00370853
vt 0.21901500 0.94555600
vt 0.27464400 0.00785717
vt 0.30769400 0.87481400
vt 0.18406000 0.33330600
vt 0.89250800 0.51797700
vt 0.32814300 0.39380200
vt 0.90019400 0.51786100
vt 0.90032400 0.52545500
vt 0.90781600 0.56852300
vt 0.44568500 0.39140600
vt 0.90699500 0.55633000
vt 0.91510000 0.55768500
vt 0.91266900 0.54219300
vt 0.91157200 0.55017400
vt 0.90430100 0.54591100
vt 0.90519200 0.53575500
vt 0.89662100 0.53556600
vt 0.91766600 0.54933400
vt 0.90380600 0.51937500
vt 0.90219000 0.50922000
vt 0.90644500 0.51395100
vt 0.92218600 0.54485900
vt 0.93168900 0.55189700
vt 0.92199100 0.55509300
vt 0.93314800 0.57028500
vt 0.43870300 0.35046700
vt 0.94004000 0.56877100
vt 0.43388300 0.34490500
vt 0.90045800 0.48492400
vt 0.35991600 0.36052200
vt 0.91128300 0.48053700
vt 0.90885900 0.49252000
vt 0.92391300 0.57127100
vt 0.42990300 0.36826200
vt 0.90497200 0.46908400
vt 0.37217200 0.34267200
vt 0.90772600 0.46396200
vt 0.91195200 0.46402900
vt 0.26968800 0.10787300
vt 0.91500300 0.56721200
vt 0.44442700 0.37919000
vt 0.30435500 0.40994900
vt 0.88648300 0.54277300
vt 0.88691800 0.52907200
vt 0.31173900 0.39911600
vt 0.91998400 0.49976600
vt 0.91731000 0.48968500
vt 0.92461700 0.49077200
vt 0.30234600 0.10017700
vt 0.90539800 0.45764200
vt 0.25981100 0.11207000
vt 0.37789400 0.32849000
vt 0.91106600 0.53413400
vt 0.89821400 0.55522900
vt 0.90166400 0.56125300
vt 0.89676200 0.56219900
vt 0.90030000 0.56847000
vt 0.45148500 0.39679500
vt 0.89989700 0.49426100
vt 0.35282600 0.37056100
vt 0.90913500 0.50103800
vt 0.89813100 0.56498100
vt 0.28103500 0.10638100
vt 0.92330200 0.47174000
vt 0.92234100 0.48409000
vt 0.29345200 0.10393700
vt 0.94616600 0.56786200
vt 0.43219100 0.33743600
vt 0.94193900 0.55501400
vt 0.94764000 0.55453200
vt 0.37794200 0.08189930
vt 0.34036500 0.09263190
vt 0.94034600 0.52407000
vt 0.92787500 0.51834500
vt 0.94868700 0.50931000
vt 0.32809600 0.08915060
vt 0.36752900 0.08678700
vt 0.94356400 0.54469900
vt 0.94035000 0.49334200
vt 0.31434100 0.09557500
vt 0.92263500 0.50994900
vt 0.93021500 0.50746400
vt 0.91823800 0.51688800
vt 0.91215900 0.50976600
vt 0.89463800 0.57314800
vt 0.45647900 0.40970200
vt 0.94023700 0.53380800
vt 0.35532400 0.09330660
vt 0.91899700 0.52452800
vt 0.88615600 0.56269500
vt 0.28752800 0.42162100
vt 0.88998700 0.55349700
vt 0.30179500 0.41739300
vt 0.89335200 0.56083500
vt 0.89069500 0.49826700
vt 0.33617900 0.37182400
vt 0.90167300 0.47791900
vt 0.36372800 0.35037200
vt 0.94487000 0.54990200
vt 0.37266700 0.08448570
vt 0.92783300 0.53914600
vt 0.89544900 0.54706000
vt 0.91857600 0.53479000
vt 0.92787200 0.52953100
vt 0.91254200 0.52870400
vt 0.91073200 0.51966000
vt 0.90678000 0.52690800
vt 0.95376200 0.56429800
vt 0.38920900 0.07687090
vt 0.42832200 0.32455100
vt 0.68153900 0.77313800
vt 0.46514900 0.41978000
vt 0.27760300 0.43212000
vt 0.88464300 0.57331300
vt 0.58662700 0.86642300
vt 0.60218700 0.85665000
vt 0.60025000 0.86906700
vt 0.56289100 0.88104300
vt 0.57120900 0.88460800
vt 0.55837800 0.88855600
vt 0.57360200 0.90432300
vt 0.57279100 0.92203700
vt 0.55780700 0.91724300
vt 0.65958800 0.02149740
vt 0.64076600 0.90596200
vt 0.62757200 0.89761900
vt 0.57375200 0.87450400
vt 0.62563300 0.91487500
vt 0.64525700 0.02105470
vt 0.61168100 0.90849600
vt 0.56791700 0.89315900
vt 0.56161900 0.89669500
vt 0.60661300 0.92557900
vt 0.63651300 0.03645000
vt 0.62717000 0.87422100
vt 0.58168900 0.91659800
vt 0.58782400 0.87436800
vt 0.58205800 0.88231700
vt 0.58604400 0.88706400
vt 0.59661900 0.88191800
vt 0.58857300 0.89470000
vt 0.57589400 0.86539000
vt 0.56910700 0.86186100
vt 0.87135000 0.37700000
vt 0.58550800 0.85649500
vt 0.61292200 0.87584300
vt 0.62357900 0.86722800
vt 0.59375400 0.90879700
vt 0.58779100 0.92842200
vt 0.61361800 0.02637480
vt 0.62048500 0.85377400
vt 0.61572800 0.86333100
vt 0.55358200 0.90290900
vt 0.55866200 0.87444300
vt 0.88269600 0.36371300
vt 0.62214000 0.88535000
vt 0.60671500 0.89364400
vt 0.60930200 0.88434200
vt 0.59893000 0.84809000
vt 0.78888300 0.42335000
vt 0.51915900 0.94041400
vt 0.50593000 0.93713900
vt 0.95614300 0.30298800
vt 0.78097200 0.44449600
vt 0.50879800 0.92969500
vt 0.95165600 0.31042800
vt 0.57856100 0.89028500
vt 0.57743400 0.93379200
vt 0.60870700 0.04832110
vt 0.53390000 0.92632400
vt 0.92922700 0.31830400
vt 0.52530900 0.91846800
vt 0.53586800 0.91786500
vt 0.57308300 0.85428100
vt 0.86758600 0.38793700
vt 0.56610300 0.86870600
vt 0.87417000 0.36968700
vt 0.55388500 0.88032600
vt 0.88830000 0.35585300
vt 0.54141700 0.90104100
vt 0.90549800 0.33441100
vt 0.90038500 0.34192100
vt 0.54169400 0.89235000
vt 0.56244600 0.94734500
vt 0.59812300 0.04496480
vt 0.84222400 0.40198500
vt 0.55501400 0.89577800
vt 0.54466900 0.88319300
vt 0.89819000 0.35168100
vt 0.54880600 0.91143400
vt 0.54531000 0.90782400
vt 0.54554200 0.91998800
vt 0.54375000 0.94203400
vt 0.82161700 0.41388200
vt 0.54936800 0.92915200
vt 0.54131500 0.91279200
vt 0.53624600 0.90589400
vt 0.91232900 0.32901700
vt 0.54546900 0.91050800
vt 0.53336300 0.93502500
vt 0.81884800 0.42939600
vt 0.53091400 0.91192400
vt 0.92047000 0.32312800
vt 0.51737900 0.92525400
vt 0.93813900 0.31137500
vt 0.88399600 0.71201200
vt 0.90645000 0.81367700
vt 0.88639400 0.81720200
vt 0.45193500 0.42923800
vt 0.90100200 0.80078700
vt 0.91208000 0.75936400
vt 0.91955400 0.76405000
vt 0.90758300 0.77102700
vt 0.88626300 0.72761500
vt 0.93493600 0.69183400
vt 0.92878200 0.70395500
vt 0.92461500 0.69250500
vt 0.93174000 0.76175000
vt 0.92683200 0.77568800
vt 0.93945300 0.77394300
vt 0.89274000 0.69906200
vt 0.89640700 0.71404100
vt 0.93570100 0.82185900
vt 0.09525790 0.83154400
vt 0.47431500 0.45770900
vt 0.92579500 0.79623700
vt 0.94048200 0.79809100
vt 0.91773200 0.71087800
vt 0.91469900 0.72337600
vt 0.90733000 0.71811400
vt 0.92637300 0.74993700
vt 0.90792500 0.78857500
vt 0.91516600 0.79153000
vt 0.91219300 0.80002400
vt 0.91892300 0.69958600
vt 0.90804500 0.70285600
vt 0.91456400 0.68790600
vt 0.93412200 0.75059900
vt 0.90269700 0.68954900
vt 0.90524600 0.67980000
vt 0.94233700 0.74290000
vt 0.91669700 0.81044000
vt 0.94160600 0.75661700
vt 0.93246200 0.72164100
vt 0.92477800 0.72142800
vt 0.93600800 0.71264700
vt 0.90658600 0.73088300
vt 0.88675300 0.74550500
vt 0.93149600 0.72829000
vt 0.90740800 0.75491600
vt 0.89840200 0.76567300
vt 0.89993500 0.74708500
vt 0.91774100 0.82734200
vt 0.90159400 0.83079500
vt 0.43538000 0.45751700
vt 0.92379000 0.73698000
vt 0.91337100 0.73756200
vt 0.93385000 0.73859000
vt 0.89775300 0.73048200
vt 0.88434300 0.69111700
vt 0.90964400 0.83858300
vt 0.44124400 0.46694800
vt 0.91654400 0.78087100
vt 0.89592800 0.78425000
vt 0.89008500 0.69132400
vt 0.92512500 0.81550400
vt 0.92686300 0.82417500
vt 0.92830400 0.83333700
vt 0.46422700 0.46850900
vt 0.91758900 0.84082100
vt 0.45792200 0.47535500
vt 0.91317000 0.84460600
vt 0.44841200 0.47392400
vt 0.90713400 0.68492800
vt 0.92140700 0.68799800
vt 0.09144530 0.82415700
vt 0.95433900 0.83375900
vt 0.78108100 0.96524900
vt 0.91701900 0.74998700
vt 0.88594600 0.76861100
vt 0.42856300 0.38179700
vt 0.90214000 0.66253900
vt 0.64441700 0.92540900
vt 0.88691400 0.69423700
vt 0.92183000 0.65801700
vt 0.65009200 0.94593500
vt 0.42769800 0.40346200
vt 0.87771700 0.78998800
vt 0.70827000 0.02912610
vt 0.62249100 0.05389480
vt 0.69853500 0.07416810
vt 0.67431800 0.24989500
vt 0.70750300 0.06907010
vt 0.70427200 0.07521450
vt 0.68018700 0.25526900
vt 0.71577200 0.06661710
vt 0.69237900 0.26413900
vt 0.71710300 0.07532340
vt 0.69805800 0.06714050
vt 0.71864800 0.06000590
vt 0.71002800 0.06172160
vt 0.72464800 0.06704310
vt 0.69132600 0.07159580
vt 0.67205000 0.23806200
vt 0.70296000 0.06248790
vt 0.70885400 0.07889170
vt 0.68227400 0.26216200
vt 0.71171900 0.05524570
vt 0.71880600 0.05189760
vt 0.72659400 0.05228840
vt 0.72279300 0.05623960
vt 0.62128200 0.06432540
vt 0.58501400 0.19636300
vt 0.63195600 0.06474630
vt 0.59959300 0.19524700
vt 0.65083500 0.06114100
vt 0.63548600 0.19434200
vt 0.63881100 0.05945470
vt 0.61308900 0.19418400
vt 0.65313300 0.04427190
vt 0.66125000 0.05364430
vt 0.65739900 0.03496200
vt 0.65022000 0.21131900
vt 0.66761600 0.06133370
vt 0.67031900 0.05448260
vt 0.67388900 0.06224330
vt 0.67860900 0.06726710
vt 0.66287900 0.21987100
vt 0.67111200 0.06666160
vt 0.65159100 0.21680200
vt 0.66566700 0.04301380
vt 0.67861600 0.05853590
vt 0.68593700 0.06306730
vt 0.66377100 0.23097300
vt 0.68568600 0.06859900
vt 0.67749200 0.04009510
vt 0.67530600 0.04961480
vt 0.69079800 0.06635700
vt 0.68755100 0.06687120
vt 0.68400800 0.05322600
vt 0.69470700 0.05811080
vt 0.70402400 0.05582180
vt 0.68878500 0.04566810
vt 0.70059400 0.04632110
vt 0.70771400 0.05086290
vt 0.71278700 0.04983920
vt 0.70854200 0.04565550
vt 0.69938100 0.03161850
vt 0.70808000 0.03835130
vt 0.71686000 0.04373040
vt 0.71681300 0.03404450
vt 0.72493600 0.04554670
vt 0.72425400 0.03854510
vt 0.73275900 0.04575350
vt 0.73044700 0.04093150
vt 0.73303900 0.03473510
vt 0.05466550 0.19502700
vt 0.04705400 0.19722900
vt 0.72677500 0.03184860
vt 0.73806200 0.03852420
vt 0.06455630 0.19415300
vt 0.75392300 0.06123780
vt 0.09637670 0.18562300
vt 0.21642200 0.41890900
vt 0.74831900 0.06180080
vt 0.21020000 0.41445900
vt 0.75392300 0.05226960
vt 0.08830880 0.19261900
vt 0.16460000 0.41335000
vt 0.72461800 0.07756920
vt 0.72190000 0.07916210
vt 0.69055900 0.27681300
vt 0.16182400 0.41161800
vt 0.72198100 0.07625210
vt 0.74398600 0.06026480
vt 0.74587200 0.06528160
vt 0.20195800 0.41756600
vt 0.72628400 0.07444440
vt 0.17066700 0.40928800
vt 0.07410280 0.19826300
vt 0.74375900 0.04258160
vt 0.18176500 0.41430600
vt 0.73580000 0.07372080
vt 0.68410300 0.03738790
vt 0.68978500 0.03452890
vt 0.59812300 0.06062780
vt 0.86589900 0.40405600
vt 0.60681900 0.06806130
vt 0.56552900 0.19474800
vt 0.88395000 0.40563500
vt 0.66080100 0.06212860
vt 0.63942600 0.20770600
vt 0.73872900 0.06152290
vt 0.74134000 0.05557470
vt 0.72741200 0.05861300
vt 0.73434000 0.05839380
vt 0.73287200 0.06436300
vt 0.74594400 0.04863670
vt 0.08113220 0.19963500
vt 0.73961100 0.06769460
vt 0.19377600 0.41469700
vt 0.74192900 0.06424680
vt 0.03795260 0.19761200
vt 0.71909000 0.02626090
vt 0.73508000 0.05170260
vt 0.10655900 0.84391500
vt 0.08551010 0.87545200
vt 0.08496330 0.88673700
vt 0.07063930 0.88458300
vt 0.17074000 0.85487200
vt 0.54626100 0.17526100
vt 0.15618300 0.86966100
vt 0.09908360 0.85620400
vt 0.12213600 0.85310400
vt 0.06776880 0.86116000
vt 0.08840710 0.86413400
vt 0.08239950 0.85501400
vt 0.16535200 0.88212500
vt 0.56314600 0.15897200
vt 0.18320500 0.87311900
vt 0.55285000 0.16134900
vt 0.03112610 0.87739700
vt 0.03324520 0.88474000
vt 0.01894710 0.88415000
vt 0.03072150 0.84515800
vt 0.02112540 0.86286300
vt 0.03512090 0.86755900
vt 0.02322180 0.87126800
vt 0.05060760 0.88926300
vt 0.05646150 0.87310900
vt 0.07440980 0.90226200
vt 0.08207970 0.92633700
vt 0.35839300 0.73580300
vt 0.06884620 0.92846400
vt 0.36009300 0.74643400
vt 0.07000440 0.84633100
vt 0.01756560 0.88999000
vt 0.13530600 0.87124200
vt 0.09597610 0.90728100
vt 0.09059870 0.89423700
vt 0.01698000 0.84989500
vt 0.03174790 0.85807800
vt 0.03483380 0.85151300
vt 0.10051500 0.88819300
vt 0.03857530 0.89683600
vt 0.04345270 0.90282900
vt 0.14949900 0.87842900
vt 0.16576500 0.92837900
vt 0.34325900 0.65494100
vt 0.16559700 0.91970400
vt 0.33383200 0.64217900
vt 0.18088600 0.92807400
vt 0.58220800 0.12736100
vt 0.19376500 0.91965800
vt 0.19708100 0.92846400
vt 0.58814000 0.11510400
vt 0.33648000 0.62606400
vt 0.09940840 0.92761000
vt 0.35498300 0.72323700
vt 0.18020800 0.91540300
vt 0.04293830 0.91684100
vt 0.37036200 0.77208500
vt 0.03696160 0.90873700
vt 0.37082900 0.78078700
vt 0.35962700 0.76000500
vt 0.05195170 0.92709000
vt 0.05369110 0.90492300
vt 0.13798800 0.88471700
vt 0.10965900 0.87016800
vt 0.15127800 0.88549100
vt 0.10560600 0.89591600
vt 0.10026000 0.89564300
vt 0.15105100 0.92824200
vt 0.33651200 0.67040700
vt 0.10774700 0.90306700
vt 0.11078300 0.88215400
vt 0.02529870 0.90233100
vt 0.02343160 0.89705000
vt 0.02963960 0.89630800
vt 0.13985400 0.90490500
vt 0.12748700 0.90392900
vt 0.13195400 0.89458500
vt 0.12375100 0.87901700
vt 0.15307200 0.91235500
vt 0.17127900 0.90381600
vt 0.16684000 0.91212600
vt 0.04174510 0.87798000
vt 0.19708100 0.90708900
vt 0.57315800 0.12970700
vt 0.11637900 0.89381500
vt 0.02746330 0.90702200
vt 0.01933470 0.91407600
vt 0.38163400 0.79450500
vt 0.11768200 0.90796800
vt 0.15321900 0.90132900
vt 0.12505000 0.88727800
vt 0.12507000 0.92609100
vt 0.33383900 0.69368300
vt 0.33383200 0.71674900
vt 0.10923400 0.91942700
vt 0.18699600 0.89591200
vt 0.56608200 0.13873000
vt 0.02935330 0.91134800
vt 0.37936400 0.78679500
vt 0.04582120 0.85851700
vt 0.03324840 0.90330300
vt 0.17757700 0.88952500
vt 0.56668100 0.14906600
vt 0.14586000 0.89378800
vt 0.16003000 0.89311500
vt 0.03479720 0.89096900
vt 0.01698000 0.90121400
vt 0.38211800 0.80502700
vt 0.89646000 0.36109200
vt 0.88676000 0.37122100
vt 0.96160000 0.35991700
vt 0.20891100 0.22875900
vt 0.95122200 0.36679900
vt 0.21606700 0.22283400
vt 0.95065400 0.35978200
vt 0.91140700 0.40325700
vt 0.92481200 0.41701000
vt 0.94366700 0.34015600
vt 0.94539600 0.32804900
vt 0.95360200 0.33484400
vt 0.97074900 0.32403500
vt 0.18270600 0.25429800
vt 0.95706100 0.32354700
vt 0.96455900 0.31375400
vt 0.93887200 0.34811000
vt 0.93816100 0.35678100
vt 0.92640900 0.35063400
vt 0.93356500 0.34224700
vt 0.92636100 0.33347700
vt 0.93464000 0.32535400
vt 0.93559400 0.33417300
vt 0.95196300 0.34988800
vt 0.91469600 0.38805500
vt 0.92532300 0.39979100
vt 0.95081800 0.37582400
vt 0.21771300 0.21218000
vt 0.94046000 0.37339600
vt 0.95649200 0.31622700
vt 0.94882200 0.31686000
vt 0.91219400 0.37286500
vt 0.90740100 0.38019900
vt 0.89670200 0.37719700
vt 0.92857900 0.34244300
vt 0.92126700 0.34239300
vt 0.91999900 0.37780800
vt 0.94159500 0.31900300
vt 0.95961600 0.34215300
vt 0.96476300 0.33455900
vt 0.19210500 0.24726300
vt 0.96857300 0.34270000
vt 0.19634600 0.24277200
vt 0.93195800 0.36340000
vt 0.94042500 0.36482400
vt 0.92992900 0.37103700
vt 0.87922900 0.38954000
vt 0.90052800 0.39279100
vt 0.90457800 0.36730100
vt 0.93406100 0.38227400
vt 0.94277700 0.38196700
vt 0.22657000 0.21133300
vt 0.89610900 0.38680100
vt 0.91300000 0.35729800
vt 0.87785300 0.37908200
vt 0.92726000 0.35910000
vt 0.92544000 0.38842400
vt 0.94011300 0.42670900
vt 0.91554400 0.33611600
vt 0.90447800 0.38568600
vt 0.96882500 0.34612200
vt 0.19967000 0.24199100
vt 0.96600300 0.35106600
vt 0.20245900 0.23493400
vt 0.94814300 0.32154600
vt 0.92784500 0.32502900
vt 0.91417900 0.34814500
vt 0.91210200 0.34204100
vt 0.93109600 0.33859300
vt 0.90723700 0.35022800
vt 0.95270400 0.34181100
vt 0.95066500 0.43017900
vt 0.26526200 0.18895600
vt 0.94500000 0.43918100
vt 0.27767600 0.18845600
vt 0.93689000 0.44110400
vt 0.94486500 0.39532800
vt 0.23735800 0.20658800
vt 0.93978600 0.41132300
vt 0.93397400 0.39472800
vt 0.92038500 0.36703500
vt 0.95384500 0.41389800
vt 0.24939500 0.19310300
vt 0.96997600 0.30374500
vt 0.16536300 0.26807600
vt 0.76792100 0.45463000
vt 0.97670100 0.31126000
vt 0.16886300 0.25953800
vt 0.97569100 0.31738700
vt 0.17502900 0.25647300
vt 0.85367100 0.84888600
vt 0.84187400 0.86158400
vt 0.83185100 0.84716200
vt 0.88261800 0.93688400
vt 0.89754600 0.94725700
vt 0.19971900 0.00020738
vt 0.07529860 0.02057250
vt 0.87902200 0.94804600
vt 0.06816350 0.03413310
vt 0.82025800 0.84932700
vt 0.81556800 0.85080400
vt 0.90263100 0.93336400
vt 0.88926600 0.92358500
vt 0.88546500 0.87942900
vt 0.87788300 0.88132000
vt 0.87746200 0.87574100
vt 0.89286800 0.88444800
vt 0.90438300 0.88360700
vt 0.89983700 0.89291100
vt 0.86159100 0.86404900
vt 0.84950700 0.87035500
vt 0.88813200 0.90174300
vt 0.87941000 0.88882100
vt 0.86073300 0.89779100
vt 0.86001600 0.88442200
vt 0.85922200 0.87467700
vt 0.84615800 0.87807500
vt 0.86887800 0.87237400
vt 0.87325800 0.86808800
vt 0.84202800 0.87033900
vt 0.89649900 0.87588100
vt 0.83411400 0.87256000
vt 0.82301600 0.86557400
vt 0.91729400 0.88792200
vt 0.92635200 0.89792200
vt 0.87110800 0.85862800
vt 0.86569900 0.85398100
vt 0.91207700 0.90584400
vt 0.91244900 0.89795900
vt 0.80965200 0.86406000
vt 0.81759000 0.87340200
vt 0.81219900 0.85843200
vt 0.82520500 0.85546800
vt 0.85542900 0.85737000
vt 0.87026500 0.88054200
vt 0.83794700 0.89342300
vt 0.84746000 0.88787400
vt 0.83325000 0.88192500
vt 0.88350600 0.86839100
vt 0.91243900 0.87639100
vt 0.92643600 0.87995800
vt 0.87432100 0.86205400
vt 0.84598600 0.82782700
vt 0.18965700 0.63583200
vt 0.86379400 0.81240400
vt 0.21647200 0.62932300
vt 0.26388200 0.20662100
vt 0.87586800 0.83891400
vt 0.23836700 0.21285300
vt 0.22136500 0.21585000
vt 0.87617700 0.85307100
vt 0.89706400 0.86802800
vt 0.20793100 0.23431200
vt 0.88697900 0.85771200
vt 0.21902300 0.22879200
vt 0.87878700 0.85869000
vt 0.93900700 0.90461000
vt 0.93138800 0.91224200
vt 0.84231300 0.90558800
vt 0.83446600 0.91858600
vt 0.82153100 0.90281800
vt 0.80206600 0.87865500
vt 0.82083900 0.88812800
vt 0.80510500 0.89136500
vt 0.90691300 0.86975800
vt 0.20566100 0.24352600
vt 0.79961200 0.92740900
vt 0.03063770 0.10243800
vt 0.80117700 0.91474400
vt 0.91837100 0.87085000
vt 0.19970300 0.25086000
vt 0.87157800 0.94303000
vt 0.86486900 0.93527400
vt 0.92198700 0.92855300
vt 0.91637400 0.94887600
vt 0.22409300 0.00059605
vt 0.90846900 0.94091200
vt 0.91933100 0.91606900
vt 0.90770800 0.92057000
vt 0.85934800 0.91012800
vt 0.87802600 0.91199500
vt 0.86847000 0.92334100
vt 0.89577800 0.91327600
vt 0.06652590 0.04577750
vt 0.86483200 0.94591400
vt 0.82956600 0.89674300
vt 0.85111500 0.91658800
vt 0.80447400 0.90336100
vt 0.81509700 0.91636900
vt 0.93425200 0.93527300
vt 0.24253400 0.00020739
vt 0.83496600 0.93552500
vt 0.04813590 0.06886920
vt 0.85091900 0.92757200
vt 0.05755070 0.05420390
vt 0.85143500 0.93896500
vt 0.82634400 0.92517000
vt 0.81795500 0.93199200
vt 0.04099500 0.08476720
vt 0.28409000 0.96679800
vt 0.27893500 0.96784500
vt 0.28064700 0.96316600
vt 0.78164200 0.08019300
vt 0.27356200 0.96724600
vt 0.79237200 0.07267230
vt 0.27593000 0.96915500
vt 0.78719200 0.07777930
vt 0.27588000 0.96425900
vt 0.32655400 0.95076400
vt 0.32695600 0.95667600
vt 0.32196600 0.95366700
vt 0.27832900 0.97096500
vt 0.29316700 0.97040100
vt 0.28330900 0.97754200
vt 0.28854600 0.96874900
vt 0.29741200 0.97492000
vt 0.29087500 0.96193600
vt 0.31043100 0.96035000
vt 0.30202900 0.96715200
vt 0.30102100 0.96021200
vt 0.29572400 0.95913500
vt 0.29547800 0.96556300
vt 0.36305500 0.91743200
vt 0.36084400 0.92397600
vt 0.35567600 0.92266900
vt 0.35241900 0.93835400
vt 0.34654300 0.93451800
vt 0.35396800 0.93097000
vt 0.95042800 0.21809000
vt 0.42340000 0.25008500
vt 0.37738400 0.91326000
vt 0.36918700 0.91544900
vt 0.37892500 0.90565900
vt 0.94188800 0.22147600
vt 0.36829300 0.92069300
vt 0.37437900 0.92203500
vt 0.42703400 0.24136400
vt 0.36904700 0.91112000
vt 0.36078100 0.91247400
vt 0.67378900 0.06930140
vt 0.35181400 0.91853600
vt 0.68355500 0.07894310
vt 0.34739300 0.95609700
vt 0.35210300 0.95365600
vt 0.35091200 0.96038000
vt 0.33898700 0.96553500
vt 0.34431300 0.96407100
vt 0.36169500 0.93389100
vt 0.44401700 0.23239700
vt 0.35755800 0.94009100
vt 0.38303100 0.96734200
vt 0.47207900 0.22521500
vt 0.35425800 0.97583200
vt 0.36117600 0.96409000
vt 0.34939000 0.94326600
vt 0.34487600 0.94194900
vt 0.34980900 0.95219200
vt 0.35040900 0.94815000
vt 0.35177800 0.95070000
vt 0.33120200 0.93809400
vt 0.71898200 0.08480810
vt 0.33249500 0.94626400
vt 0.32616800 0.94470800
vt 0.28615600 0.96040900
vt 0.77526800 0.08404900
vt 0.72695600 0.09167610
vt 0.32388500 0.93819400
vt 0.36558400 0.92603100
vt 0.36948000 0.92949500
vt 0.43497500 0.23298600
vt 0.32959000 0.94887000
vt 0.33136500 0.95225800
vt 0.35482300 0.94889900
vt 0.31969300 0.95920700
vt 0.32537000 0.96370100
vt 0.33487300 0.95648400
vt 0.33539300 0.96306100
vt 0.33063200 0.96165800
vt 0.29147800 0.97724000
vt 0.34938200 0.96806600
vt 0.36047000 0.94475700
vt 0.44798000 0.22314300
vt 0.36605300 0.95000700
vt 0.45150700 0.21878600
vt 0.35914500 0.95406500
vt 0.31894300 0.96791300
vt 0.31094600 0.97051400
vt 0.31505700 0.95259100
vt 0.34567300 0.95949400
vt 0.76637100 0.08855810
vt 0.29225200 0.95492600
vt 0.31757100 0.94084500
vt 0.73327100 0.09569290
vt 0.32024400 0.94747100
vt 0.30981500 0.97481400
vt 0.31527300 0.97101500
vt 0.31853400 0.97252800
vt 0.32495900 0.96779400
vt 0.33017200 0.96650500
vt 0.40114900 0.97897800
vt 0.48680700 0.21524100
vt 0.32821200 0.96941200
vt 0.32360000 0.97085900
vt 0.33309000 0.96814800
vt 0.28221000 0.97628800
vt 0.29404200 0.98122700
vt 0.28910400 0.98368100
vt 0.34731200 0.92579000
vt 0.69486000 0.07940660
vt 0.37724600 0.95494300
vt 0.45764800 0.21703100
vt 0.35359800 0.94400400
vt 0.44356300 0.22219300
vt 0.36439800 0.93970600
vt 0.33758900 0.94401900
vt 0.34164700 0.94989400
vt 0.33570100 0.94985500
vt 0.30524600 0.95183000
vt 0.75344800 0.08799050
vt 0.31164600 0.94568900
vt 0.74287600 0.09318020
vt 0.34213600 0.92967800
vt 0.70012800 0.09096710
vt 0.34169500 0.95851800
vt 0.34666300 0.94665400
vt 0.34632100 0.95189900
vt 0.65221800 0.06920730
vt 0.37237400 0.90356300
vt 0.95112900 0.23083700
vt 0.29808000 0.95430400
vt 0.76123500 0.08777940
vt 0.34123200 0.93322700
vt 0.33592900 0.93092200
vt 0.70810700 0.09126200
vt 0.34011700 0.93720900
vt 0.74303100 0.94294900
vt 0.73931000 0.94058600
vt 0.73956700 0.93576600
vt 0.73893100 0.92706900
vt 0.72840400 0.93253700
vt 0.72904600 0.92026000
vt 0.73326400 0.93727000
vt 0.72880000 0.93875900
vt 0.74935300 0.92753800
vt 0.76187700 0.93568800
vt 0.75815600 0.94357000
vt 0.75236500 0.93575900
vt 0.75953500 0.92842600
vt 0.74553100 0.91722000
vt 0.75925400 0.91881000
vt 0.71328000 0.92410700
vt 0.72069100 0.92612800
vt 0.71616500 0.93313100
vt 0.77215900 0.91584500
vt 0.04336020 0.79551000
vt 0.76521900 0.92153700
vt 0.73494900 0.94102800
vt 0.72896300 0.94561400
vt 0.71460900 0.95746400
vt 0.70010800 0.95248200
vt 0.71526900 0.95500000
vt 0.69247200 0.91846700
vt 0.68708600 0.90915500
vt 0.69198700 0.91068300
vt 0.72833700 0.89312900
vt 0.73712100 0.89243300
vt 0.72881900 0.89939800
vt 0.69966500 0.92250600
vt 0.70244400 0.93219800
vt 0.69806600 0.92948200
vt 0.68158800 0.92083700
vt 0.69425800 0.92688100
vt 0.73807900 0.94812300
vt 0.75022800 0.95196200
vt 0.73989200 0.95360500
vt 0.70437300 0.90444700
vt 0.70204200 0.91297100
vt 0.69764700 0.90895100
vt 0.69336100 0.93587000
vt 0.69868700 0.93494100
vt 0.69829700 0.94288400
vt 0.69734100 0.91496500
vt 0.68970600 0.89599900
vt 0.69364300 0.90516700
vt 0.68853600 0.90199600
vt 0.68453400 0.89137100
vt 0.69469300 0.88766500
vt 0.70416100 0.89294500
vt 0.73500600 0.91059700
vt 0.73832000 0.90301000
vt 0.71346200 0.88928300
vt 0.70096300 0.91770100
vt 0.77006200 0.94950700
vt 0.07542130 0.82184500
vt 0.70686300 0.93747500
vt 0.69606300 0.89977700
vt 0.06728170 0.81542600
vt 0.77121300 0.94465700
vt 0.76710300 0.93790900
vt 0.05989360 0.81307900
vt 0.69940700 0.94996100
vt 0.70752300 0.92838000
vt 0.71026800 0.91157800
vt 0.71302300 0.90679400
vt 0.71627400 0.90097300
vt 0.72211300 0.90855800
vt 0.68159900 0.94422400
vt 0.70727300 0.91878300
vt 0.69555500 0.92319900
vt 0.67175600 0.93027100
vt 0.70505100 0.89877300
vt 0.70125300 0.89794100
vt 0.72110900 0.89548400
vt 0.76719500 0.89503600
vt 0.71260600 0.89564600
vt 0.73010300 0.88942800
vt 0.72243300 0.93876900
vt 0.71503200 0.91041900
vt 0.08935150 0.81559200
vt 0.77940000 0.95393600
vt 0.71948600 0.89200500
vt 0.77023700 0.92705500
vt 0.05788010 0.79791500
vt 0.71745000 0.91618300
vt 0.72261200 0.95541600
vt 0.72476200 0.89195100
vt 0.74772200 0.90093200
vt 0.71771000 0.94311600
vt 0.72122700 0.94752700
vt 0.76073200 0.90744500
vt 0.03382360 0.80637600
vt 0.73013600 0.95088500
vt 0.74530900 0.90754100
vt 0.03767230 0.48674300
vt 0.03708020 0.50662900
vt 0.02646690 0.50348000
vt 0.00997079 0.43695200
vt 0.01548010 0.44254900
vt 0.01085450 0.44494400
vt 0.01712070 0.57951000
vt 0.01625600 0.56702500
vt 0.02325910 0.57135900
vt 0.08328530 0.50358500
vt 0.07632070 0.51975700
vt 0.07094250 0.58779000
vt 0.06725730 0.60566500
vt 0.31085600 0.18221000
vt 0.05743230 0.59608000
vt 0.05001610 0.56045300
vt 0.03575310 0.55723300
vt 0.04275850 0.53906400
vt 0.02595140 0.44006700
vt 0.02120470 0.45098700
vt 0.02003940 0.44284000
vt 0.01751050 0.43584000
vt 0.02464050 0.48647500
vt 0.01674250 0.49984900
vt 0.02362990 0.60556800
vt 0.02712260 0.62661000
vt 0.34339100 0.16604300
vt 0.00732569 0.61019600
vt 0.46416700 0.28450800
vt 0.05482270 0.52302100
vt 0.05346100 0.50678700
vt 0.06763010 0.50971200
vt 0.02425520 0.55634000
vt 0.01234560 0.55532200
vt 0.01665630 0.53591400
vt 0.01473910 0.51481300
vt 0.02825120 0.51869600
vt 0.07490660 0.54647600
vt 0.00640092 0.42558400
vt 0.12673700 0.43492300
vt 0.00331914 0.43238400
vt 0.66111300 0.30488700
vt 0.00192418 0.42608600
vt 0.66644700 0.30103400
vt 0.12606500 0.42945500
vt 0.58291800 0.30738900
vt 0.00321107 0.50615400
vt 0.09284370 0.48258300
vt 0.00029223 0.52202000
vt 0.56245000 0.30289400
vt 0.05233740 0.47750400
vt 0.06384270 0.47878200
vt 0.05687960 0.49025800
vt 0.04128780 0.51971800
vt 0.00016781 0.44650600
vt 0.64429300 0.30657200
vt 0.02858010 0.46086500
vt 0.01992360 0.46321400
vt 0.03116160 0.44805100
vt 0.03888840 0.43133900
vt 0.11455100 0.46447500
vt 0.03805190 0.45486400
vt 0.03019520 0.43131700
vt 0.02486980 0.42804400
vt 0.12275700 0.45124300
vt 0.00031779 0.54397100
vt 0.53921100 0.30134200
vt 0.00913820 0.49092800
vt 0.01526780 0.49090100
vt 0.01171520 0.49706300
vt 0.06502170 0.56841100
vt 0.07377930 0.55845900
vt 0.06390170 0.55063000
vt 0.01449840 0.42882400
vt 0.12405400 0.44366700
vt 0.03228150 0.42297100
vt 0.12987000 0.45815900
vt 0.00297812 0.56117800
vt 0.52583900 0.29113600
vt 0.51017300 0.29701600
vt 0.00640197 0.57300700
vt 0.00819832 0.49805500
vt 0.00462849 0.49674000
vt 0.59445900 0.30213500
vt 0.01244560 0.45079300
vt 0.01167880 0.58285000
vt 0.00848951 0.45885400
vt 0.01536160 0.45844300
vt 0.06683380 0.44799700
vt 0.07431350 0.42859500
vt 0.12480400 0.50516900
vt 0.01541430 0.47231500
vt 0.00509719 0.47087900
vt 0.62145500 0.30843900
vt 0.01267700 0.46530300
vt 0.04616550 0.59653400
vt 0.05688350 0.62739600
vt 0.31753100 0.17364100
vt 0.03788390 0.61955100
vt 0.33553200 0.17827600
vt 0.05739280 0.53967200
vt 0.06612000 0.52643600
vt 0.03161180 0.53176700
vt 0.04466090 0.46700100
vt 0.03325700 0.47144400
vt 0.06172700 0.46613200
vt 0.07268790 0.46248400
vt 0.03016280 0.54311300
vt 0.05523070 0.46045600
vt 0.00406338 0.48748400
vt 0.60373900 0.30446900
vt 0.00900843 0.48129900
vt 0.02378970 0.47280200
vt 0.34666800 0.15616500
vt 0.88368100 0.54474700
vt 0.01643760 0.62739600
vt 0.04441040 0.50745300
vt 0.05156620 0.58744500
vt 0.00010505 0.48039300
vt 0.61014700 0.29990200
vt 0.02619010 0.58543700
vt 0.01135860 0.59446800
vt 0.48620100 0.29376000
vt 0.06601850 0.49288700
vt 0.45872200 0.27446500
vt 0.88379000 0.53185300
vt 0.00826924 0.62427200
vt 0.00642719 0.58637500
vt 0.49774700 0.28572000
vt 0.05107570 0.44455500
vt 0.06153690 0.42297100
vt 0.12675400 0.49308300
vt 0.04763020 0.58020700
vt 0.03844710 0.57748100
vt 0.07674430 0.53327100
vt 0.06788520 0.53823800
vt 0.00136431 0.46344800
vt 0.62722500 0.30368600
vt 0.04679540 0.49640000
vt 0.03457120 0.59681400
vt 0.04992420 0.42297100
vt 0.12166100 0.48189700
vt 0.07618610 0.60405200
vt 0.30093900 0.18341600
vt 0.02959650 0.56966800
vt 0.01735620 0.48134100
vt 0.08158870 0.49034200
vt 0.07477610 0.49570700
vt 0.07619900 0.48060000
vt 0.05590520 0.57996600
vt 0.01266850 0.48571200
vt 0.90962900 0.19803100
vt 0.89369200 0.19958500
vt 0.89487700 0.19114400
vt 0.84138800 0.11692000
vt 0.84508300 0.10331300
vt 0.85532900 0.12162800
vt 0.92823200 0.16814700
vt 0.93081100 0.15168100
vt 0.93985500 0.16306500
vt 0.82227200 0.10584800
vt 0.78559800 0.70463700
vt 0.36901900 0.20335800
vt 0.94819600 0.15065000
vt 0.90265400 0.20798500
vt 0.91368900 0.20716000
vt 0.82330800 0.07274800
vt 0.81390700 0.69476100
vt 0.84851000 0.07732690
vt 0.80125400 0.71530700
vt 0.81345400 0.08629840
vt 0.80443400 0.69210500
vt 0.86876300 0.15271300
vt 0.87716000 0.15004200
vt 0.87650200 0.15862000
vt 0.91477400 0.21784200
vt 0.92654000 0.21310700
vt 0.92199300 0.20367500
vt 0.92420700 0.19964000
vt 0.93042900 0.20673900
vt 0.85826600 0.15204300
vt 0.86119400 0.14351200
vt 0.88805800 0.20954300
vt 0.19367800 0.86027100
vt 0.20464600 0.86327700
vt 0.88293300 0.19941000
vt 0.92220300 0.18927200
vt 0.89743800 0.17708000
vt 0.89587600 0.16824300
vt 0.90953100 0.17543800
vt 0.86648800 0.08057230
vt 0.81269900 0.73755300
vt 0.86499800 0.05663910
vt 0.84228500 0.72769800
vt 0.89157500 0.08395990
vt 0.93576200 0.20261900
vt 0.86893100 0.16067300
vt 0.92730500 0.22229500
vt 0.93670000 0.22978500
vt 0.63733000 0.06868090
vt 0.92101900 0.22937300
vt 0.62038900 0.06888600
vt 0.93940200 0.21178900
vt 0.94616200 0.17908300
vt 0.38056300 0.22363900
vt 0.95077800 0.19515000
vt 0.40161700 0.23171500
vt 0.93421300 0.18454300
vt 0.91930500 0.17378100
vt 0.91359500 0.16413600
vt 0.90409000 0.18568500
vt 0.92504400 0.18000100
vt 0.85868100 0.16235600
vt 0.85857100 0.17285100
vt 0.84757900 0.16658400
vt 0.89105500 0.18248600
vt 0.88478300 0.18704100
vt 0.90071000 0.21773800
vt 0.17807200 0.85899900
vt 0.59041200 0.06727610
vt 0.88447900 0.19283700
vt 0.94960400 0.20968000
vt 0.41716900 0.24587000
vt 0.89087000 0.06767420
vt 0.84721100 0.74072200
vt 0.87497800 0.19389200
vt 0.21452900 0.86256100
vt 0.86538300 0.18785900
vt 0.22747400 0.86082600
vt 0.87598600 0.18633400
vt 0.88484500 0.16233000
vt 0.89186600 0.15643800
vt 0.87928400 0.17804400
vt 0.86651200 0.17879800
vt 0.86861100 0.16972400
vt 0.88797300 0.17302500
vt 0.90316100 0.14907200
vt 0.88514900 0.14027700
vt 0.90319100 0.16270700
vt 0.89575400 0.12728200
vt 0.91730700 0.12060800
vt 0.91331000 0.13793800
vt 0.88928400 0.11378300
vt 0.88617000 0.11864500
vt 0.93524500 0.13869000
vt 0.87368200 0.12037100
vt 0.88137000 0.11512600
vt 0.87772000 0.16709500
vt 0.92397800 0.14219400
vt 0.91834600 0.15240500
vt 0.85207200 0.18663900
vt 0.24282700 0.86975400
vt 0.91310600 0.10636400
vt 0.92520200 0.11065600
vt 0.84786200 0.15467100
vt 0.84363900 0.14154400
vt 0.90015200 0.11099800
vt 0.88615400 0.10060600
vt 0.89886000 0.09802190
vt 0.86701600 0.13462000
vt 0.92453000 0.13213100
vt 0.84319800 0.17542900
vt 0.25501500 0.85881800
vt 0.91519400 0.08284590
vt 0.90928600 0.06657330
vt 0.93334200 0.07194200
vt 0.34470300 0.14190100
vt 0.87748400 0.10515700
vt 0.88914100 0.09203390
vt 0.90967200 0.09439180
vt 0.83429800 0.12427400
vt 0.81564700 0.11371000
vt 0.77681600 0.68739600
vt 0.93424500 0.12887300
vt 0.94242700 0.12846100
vt 0.92861100 0.12400100
vt 0.82791300 0.17200000
vt 0.26615700 0.86018500
vt 0.85044600 0.13094000
vt 0.30233300 0.63322600
vt 0.16880900 0.08659320
vt 0.91366900 0.04838670
vt 0.90861200 0.22681800
vt 0.60618600 0.07152890
vt 0.83517400 0.15762000
vt 0.91935300 0.17992400
vt 0.82323400 0.14799500
vt 0.82300200 0.15750700
vt 0.28327200 0.86294200
vt 0.93493900 0.09159110
vt 0.35681300 0.15311800
vt 0.92252000 0.09910630
vt 0.79709500 0.12648000
vt 0.76904700 0.66595900
vt 0.81495200 0.13210100
vt 0.80236100 0.13699100
vt 0.31465900 0.87083200
vt 0.75794800 0.66531900
vt 0.92881200 0.11753200
vt 0.93700600 0.12143700
vt 0.81348600 0.14802100
vt 0.29833300 0.86962200
vt 0.93786600 0.19517500
vt 0.83064900 0.14362700
vt 0.95377000 0.16747900
vt 0.39224000 0.20638000
vt 0.95195400 0.13456900
vt 0.38269200 0.18210400
vt 0.86268600 0.09891180
vt 0.95421700 0.03464040
vt 0.00014910 0.71973100
vt 0.36202400 0.11185300
vt 0.26105400 0.61815000
vt 0.36717200 0.16562700
vt 0.93958700 0.10901200
vt 0.95124000 0.12154200
vt 0.37859900 0.17119700
vt 0.84032400 0.15011400
vt 0.89262200 0.05410910
vt 0.18272300 0.08735230
vt 0.85814700 0.73506500
vt 0.82875100 0.13176200
vt 0.79709500 0.10286800
vt 0.77956500 0.67129800
vt 0.94660000 0.20194600
vt 0.40580100 0.23823800
vt 0.52369200 0.88399100
vt 0.50596200 0.87393400
vt 0.52012300 0.86623100
vt 0.50226300 0.85622000
vt 0.51211400 0.84950900
vt 0.48237900 0.83469900
vt 0.49775100 0.84250500
vt 0.48440300 0.85012900
vt 0.46937600 0.83974700
vt 0.46718700 0.84993700
vt 0.44999000 0.84495700
vt 0.50572300 0.86529600
vt 0.49126900 0.86448800
vt 0.47291400 0.85957500
vt 0.45269600 0.83160800
vt 0.45666700 0.85608000
vt 0.51787600 0.84449000
vt 0.50773600 0.83497800
vt 0.52259000 0.83843500
vt 0.52681500 0.85245700
vt 0.49222700 0.82863200
vt 0.48373600 0.82655700
vt 0.53633900 0.86583300
vt 0.62914500 0.43602300
vt 0.54316900 0.87894700
vt 0.51497500 0.82051300
vt 0.47532700 0.82393700
vt 0.49883400 0.82057800
vt 0.55706400 0.86998000
vt 0.64234500 0.43527100
vt 0.46866300 0.82922100
vt 0.39500100 0.82196200
vt 0.40676100 0.81053700
vt 0.71616400 0.25811200
vt 0.40494600 0.82364800
vt 0.40912600 0.83293700
vt 0.41801400 0.82399000
vt 0.41209100 0.81660800
vt 0.43060300 0.84649700
vt 0.42972500 0.85753700
vt 0.41829600 0.85188800
vt 0.39596500 0.83668600
vt 0.41831100 0.83165500
vt 0.43177500 0.83390400
vt 0.41715600 0.84090300
vt 0.40507900 0.84396800
vt 0.48397400 0.82074100
vt 0.44732900 0.85279800
vt 0.41180700 0.84802800
vt 0.40754000 0.85411300
vt 0.43925900 0.85212900
vt 0.54454500 0.85917900
vt 0.56137700 0.85893500
vt 0.65424200 0.43469400
vt 0.54076600 0.84737500
vt 0.53446900 0.82982300
vt 0.56054500 0.84450900
vt 0.66777700 0.43458700
vt 0.54957500 0.83171700
vt 0.56137800 0.83266000
vt 0.67949400 0.43523700
vt 0.51260100 0.88772900
vt 0.50291700 0.89313900
vt 0.50118000 0.88398600
vt 0.53601200 0.88803400
vt 0.62376300 0.44792000
vt 0.53520700 0.89414000
vt 0.05775370 0.19737400
vt 0.61950000 0.44996100
vt 0.04350560 0.20735000
vt 0.52231600 0.90397600
vt 0.43496100 0.91026800
vt 0.00683156 0.27690500
vt 0.44416500 0.89523300
vt 0.45464400 0.91064700
vt 0.02277520 0.26468000
vt 0.46781100 0.90617100
vt 0.02333350 0.25302600
vt 0.42641400 0.89536100
vt 0.41749800 0.90254700
vt 0.00591870 0.30370200
vt 0.40665800 0.91073300
vt 0.40677300 0.89090900
vt 0.42085900 0.91073300
vt 0.01336060 0.29304700
vt 0.38963700 0.90655700
vt 0.00321276 0.31690300
vt 0.45989300 0.86637600
vt 0.46444400 0.87885900
vt 0.44905500 0.87458200
vt 0.44328200 0.86136800
vt 0.49181200 0.87681100
vt 0.47631900 0.87169300
vt 0.47949400 0.88246700
vt 0.43303300 0.86994600
vt 0.49315400 0.88545400
vt 0.48841900 0.89293600
vt 0.50278000 0.91049100
vt 0.04157910 0.22188100
vt 0.47141100 0.89060000
vt 0.47755400 0.89852300
vt 0.03109860 0.24107100
vt 0.48734000 0.90088700
vt 0.03856120 0.23751200
vt 0.48608800 0.81286700
vt 0.49016800 0.81963400
vt 0.50023500 0.81138100
vt 0.49085800 0.80122900
vt 0.74969300 0.33422600
vt 0.47470600 0.81503200
vt 0.47117000 0.80280600
vt 0.74015900 0.32079500
vt 0.45783700 0.81661900
vt 0.43614600 0.81988300
vt 0.45243800 0.80199900
vt 0.73284200 0.30436100
vt 0.43614200 0.80381100
vt 0.72298300 0.29261000
vt 0.70592100 0.27282100
vt 0.41983000 0.80924600
vt 0.39670900 0.81053200
vt 0.72263900 0.24575600
vt 0.38464700 0.81404700
vt 0.72925400 0.22926700
vt 0.35509000 0.83061300
vt 0.75242800 0.19826600
vt 0.35513100 0.85293500
vt 0.33841200 0.83282700
vt 0.77359100 0.17737700
vt 0.01223800 0.38280100
vt 0.73708200 0.21361200
vt 0.37286200 0.82029400
vt 0.36851900 0.83559200
vt 0.37759100 0.82695400
vt 0.38172800 0.83588200
vt 0.51033100 0.80182900
vt 0.75967500 0.34818700
vt 0.53134500 0.80286700
vt 0.76087800 0.36421200
vt 0.54871600 0.81795800
vt 0.77235100 0.38250800
vt 0.69111100 0.43458700
vt 0.56108800 0.82020500
vt 0.78168600 0.39241000
vt 0.36265100 0.88914600
vt 0.00073397 0.34979100
vt 0.34983900 0.88129900
vt 0.00698927 0.35812200
vt 0.35624400 0.86970300
vt 0.36684300 0.86419300
vt 0.38851800 0.86005300
vt 0.38466100 0.84817300
vt 0.39224500 0.84722200
vt 0.37542700 0.85071500
vt 0.37743200 0.86034500
vt 0.33841200 0.86755600
vt 0.00777323 0.37016700
vt 0.36844200 0.84820200
vt 0.38823900 0.88814300
vt 0.38340400 0.89614700
vt 0.00024471 0.32682400
vt 0.37566700 0.88952600
vt 0.37838500 0.87423900
vt 0.37304800 0.90081700
vt 0.00583086 0.33543200
vt 0.44112200 0.88146900
vt 0.42468600 0.88155600
vt 0.39419600 0.87553500
vt 0.40162000 0.86373800
vt 0.41690000 0.86507600
vt 0.39773400 0.85197500
vt 0.40779700 0.87502600
vt 0.39785200 0.84413900
vt 0.45608800 0.88732200
vt 0.74060700 0.83369100
vt 0.73048300 0.82358800
vt 0.74107300 0.82551600
vt 0.76277600 0.75944000
vt 0.75543200 0.75591000
vt 0.62129900 0.43484400
vt 0.76931300 0.75440700
vt 0.64257600 0.42625600
vt 0.70917400 0.84567700
vt 0.71776200 0.85262000
vt 0.70881200 0.85664300
vt 0.72840700 0.73856600
vt 0.56195500 0.43983400
vt 0.57783500 0.43704800
vt 0.73185500 0.74218600
vt 0.72695200 0.74403300
vt 0.67341300 0.80701100
vt 0.67901200 0.80265000
vt 0.68759000 0.81116600
vt 0.64902200 0.83615700
vt 0.66107400 0.82970200
vt 0.66519600 0.84977400
vt 0.57522300 0.70068700
vt 0.59219400 0.81150600
vt 0.60343400 0.81862800
vt 0.63455900 0.74518900
vt 0.59998000 0.83258400
vt 0.71433100 0.84212400
vt 0.82118700 0.81223400
vt 0.17225800 0.35903700
vt 0.80145100 0.82308000
vt 0.78152900 0.82423700
vt 0.76601400 0.81724600
vt 0.76023300 0.82186800
vt 0.75791900 0.87907700
vt 0.53410700 0.57881700
vt 0.74018200 0.87524200
vt 0.53683900 0.59873600
vt 0.75057300 0.86635400
vt 0.78587400 0.85281900
vt 0.78470600 0.84588200
vt 0.79524600 0.84940900
vt 0.17539100 0.30361600
vt 0.72543900 0.75052400
vt 0.74704700 0.76194100
vt 0.74490100 0.77014900
vt 0.57061100 0.76930500
vt 0.38538600 0.01994240
vt 0.58877300 0.78506700
vt 0.57674800 0.78502800
vt 0.72942200 0.87017200
vt 0.54068300 0.61711000
vt 0.73578100 0.86141900
vt 0.79238200 0.85877500
vt 0.17114600 0.29002300
vt 0.49655600 0.55075300
vt 0.77516000 0.85324500
vt 0.63744000 0.82635300
vt 0.64788700 0.82259300
vt 0.71208400 0.81156100
vt 0.70298200 0.81446200
vt 0.70090600 0.80401100
vt 0.73759300 0.79247200
vt 0.72655900 0.80966300
vt 0.72079400 0.80199500
vt 0.74903100 0.82181500
vt 0.74583800 0.81192600
vt 0.76679500 0.83305400
vt 0.75476300 0.83686000
vt 0.75273100 0.82976800
vt 0.74253300 0.75239100
vt 0.59828800 0.43717600
vt 0.78820600 0.82951900
vt 0.79647700 0.83752200
vt 0.78647100 0.84068300
vt 0.65889100 0.81777600
vt 0.64749100 0.81105600
vt 0.74564900 0.85571700
vt 0.81969000 0.75408100
vt 0.85186400 0.79386300
vt 0.88505700 0.33155100
vt 0.18076300 0.39743100
vt 0.79522400 0.76238000
vt 0.68481900 0.42631200
vt 0.63675500 0.81631300
vt 0.59881900 0.80356500
vt 0.60655100 0.78332100
vt 0.60351800 0.79194700
vt 0.77854200 0.83227100
vt 0.67705800 0.79824200
vt 0.68797900 0.80307900
vt 0.62517100 0.79051400
vt 0.77187900 0.86802600
vt 0.51127100 0.58464700
vt 0.75849300 0.85575600
vt 0.57701600 0.80731600
vt 0.58593000 0.81134100
vt 0.58786100 0.82703400
vt 0.63854200 0.75956900
vt 0.71363200 0.80503100
vt 0.71066000 0.79704600
vt 0.72283400 0.84458900
vt 0.76083900 0.84629600
vt 0.68646300 0.82414400
vt 0.67489900 0.82390400
vt 0.67781700 0.81575800
vt 0.77144000 0.84111100
vt 0.16680800 0.33905800
vt 0.81297200 0.82379200
vt 0.63670600 0.84107100
vt 0.60497000 0.71913200
vt 0.69026700 0.79479100
vt 0.68229500 0.79474600
vt 0.61169100 0.80533200
vt 0.62435200 0.82122200
vt 0.61174500 0.81982600
vt 0.61081600 0.83500200
vt 0.62786700 0.73849000
vt 0.74815200 0.84664000
vt 0.70324900 0.84071600
vt 0.70984700 0.83757700
vt 0.58489700 0.79966200
vt 0.62109100 0.83811900
vt 0.61483300 0.73577800
vt 0.57918200 0.82668500
vt 0.64941300 0.76130400
vt 0.66857900 0.81514700
vt 0.66726100 0.82398700
vt 0.66840300 0.82621200
vt 0.69477700 0.79058300
vt 0.72322800 0.74098800
vt 0.62689600 0.80539700
vt 0.63848700 0.80889600
vt 0.71756600 0.83233500
vt 0.72943900 0.83569400
vt 0.57045600 0.81418900
vt 0.71439700 0.86892200
vt 0.55041400 0.63268800
vt 0.72190600 0.86158000
vt 0.69102300 0.83872200
vt 0.67489400 0.83441400
vt 0.65282400 0.85239200
vt 0.59858800 0.69892600
vt 0.65995800 0.80541700
vt 0.73557000 0.84705700
vt 0.76710000 0.77100200
vt 0.60127400 0.77600400
vt 0.68313200 0.84871500
vt 0.69851900 0.84953300
vt 0.69655200 0.86153300
vt 0.55813200 0.65601100
vt 0.72724300 0.85390800
vt 0.70413300 0.78443400
vt 0.58015700 0.80020900
vt 0.58303700 0.80710400
vt 0.70994100 0.82281900
vt 0.72010200 0.81952600
vt 0.66827200 0.79805800
vt 0.72531200 0.76701700
vt 0.71331300 0.77234300
vt 0.68082600 0.85917600
vt 0.56979000 0.67256000
vt 0.70270800 0.83111900
vt 0.69802400 0.82045500
vt 0.69566100 0.80984100
vt 0.61473300 0.79159900
vt 0.18487900 0.37027700
vt 0.69356600 0.76734400
vt 0.63929900 0.79959100
vt 0.57245000 0.82762100
vt 0.65779600 0.76519500
vt 0.56378600 0.81698200
vt 0.38762200 0.06237090
vt 0.65903700 0.77527600
vt 0.81026000 0.75338000
vt 0.71091200 0.43559100
vt 0.87786000 0.35664700
vt 0.84128900 0.73409500
vt 0.74325700 0.44954800
vt 0.69850000 0.79628600
vt 0.71698500 0.73523500
vt 0.21442300 0.39511300
vt 0.71669800 0.72847800
vt 0.22840000 0.39070500
vt 0.52925100 0.45171400
vt 0.72210700 0.73067200
vt 0.54176200 0.44403300
vt 0.76540600 0.82766300
vt 0.56051800 0.80747100
vt 0.38108500 0.05685690
vt 0.38920900 0.04661510
vt 0.56591200 0.78470300
vt 0.79974300 0.84072000
vt 0.17367400 0.31353400
vt 0.73712700 0.81391400
vt 0.72466700 0.73533800
vt 0.55180000 0.44386400
vt 0.70914500 0.75694500
vt 0.18974600 0.39188800
vt 0.71061700 0.74427200
vt 0.20666400 0.38198300
vt 0.38083100 0.03371500
vt 0.56217300 0.77653200
vt 0.71618200 0.74055000
vt 0.20459700 0.39271200
vt 0.73633700 0.80774400
vt 0.80161900 0.83186800
vt 0.81456900 0.83529200
vt 0.16269800 0.32614200
vt 0.01644290 0.68104000
vt 0.21425600 0.65192900
vt 0.02844120 0.68367100
vt 0.02762030 0.69007700
vt 0.06320260 0.66454800
vt 0.06839080 0.66038500
vt 0.07170780 0.66786500
vt 0.03453170 0.65668800
vt 0.04258480 0.64749600
vt 0.04584630 0.66175600
vt 0.07794030 0.66081500
vt 0.08679360 0.66168000
vt 0.07718680 0.66555700
vt 0.06251010 0.80443900
vt 0.04592160 0.78434200
vt 0.05800190 0.78190900
vt 0.06358110 0.66948300
vt 0.06465910 0.66662500
vt 0.07360700 0.66369700
vt 0.07368070 0.66038500
vt 0.07346160 0.66564100
vt 0.04030890 0.75679200
vt 0.39664000 0.07367120
vt 0.00636754 0.70986300
vt 0.24768500 0.62796700
vt 0.02071100 0.71804200
vt 0.03905600 0.78250800
vt 0.07694380 0.63789100
vt 0.70690700 0.21335500
vt 0.07597070 0.64226400
vt 0.06999120 0.64011000
vt 0.07933460 0.63946200
vt 0.07565560 0.65251400
vt 0.07295310 0.65141800
vt 0.07445940 0.64607800
vt 0.07765700 0.64648200
vt 0.07948020 0.65379900
vt 0.09084610 0.64678100
vt 0.10809500 0.64764300
vt 0.51487900 0.64978800
vt 0.51746300 0.63723900
vt 0.10677900 0.65916500
vt 0.01820850 0.69473200
vt 0.22034100 0.63639600
vt 0.08219190 0.63483900
vt 0.71456400 0.20787500
vt 0.08020560 0.64169600
vt 0.06641680 0.65192600
vt 0.05796050 0.65810000
vt 0.05914670 0.64476000
vt 0.00654321 0.69941500
vt 0.23861300 0.63962500
vt 0.02063620 0.70893400
vt 0.10764400 0.67219100
vt 0.51302700 0.62009400
vt 0.06121790 0.62963100
vt 0.69464100 0.20758500
vt 0.05501050 0.68225500
vt 0.05091350 0.67719700
vt 0.05568190 0.67057700
vt 0.07863090 0.67212300
vt 0.10596800 0.62963100
vt 0.73419900 0.21150900
vt 0.51804000 0.66603400
vt 0.03783350 0.67563600
vt 0.04723180 0.68275100
vt 0.03669940 0.68057100
vt 0.02020170 0.64418500
vt 0.19143000 0.68451500
vt 0.03050020 0.63186400
vt 0.18226400 0.69639300
vt 0.04364920 0.63008000
vt 0.16953900 0.69745700
vt 0.68172700 0.22076200
vt 0.04512650 0.67261300
vt 0.19052700 0.67071100
vt 0.02474820 0.66034900
vt 0.02779550 0.73628700
vt 0.03602980 0.66649600
vt 0.02713270 0.67459700
vt 0.20011200 0.66082200
vt 0.06410930 0.68434800
vt 0.06346860 0.67678700
vt 0.08306480 0.68221400
vt 0.10633800 0.68692600
vt 0.51162200 0.60093900
vt 0.08534250 0.69223000
vt 0.07127670 0.68910000
vt 0.07243500 0.68018300
vt 0.07050380 0.67386500
vt 0.10804500 0.80510400
vt 0.48200300 0.47090400
vt 0.10469700 0.81977800
vt 0.47336000 0.46812500
vt 0.07301740 0.63034200
vt 0.70227900 0.21010700
vt 0.07619360 0.80743100
vt 0.06710240 0.64598500
vt 0.06563710 0.80410000
vt 0.08278390 0.79371300
vt 0.07075290 0.79260500
vt 0.09277120 0.80080500
vt 0.49757100 0.47178900
vt 0.08985730 0.63436300
vt 0.72325400 0.21258700
vt 0.06010220 0.68988800
vt 0.06343150 0.69036500
vt 0.07490440 0.69719500
vt 0.03487660 0.78522600
vt 0.06411810 0.79268300
vt 0.06118280 0.79813100
vt 0.09874230 0.72787800
vt 0.10898000 0.73037200
vt 0.48303700 0.56016200
vt 0.10888500 0.74547600
vt 0.48805000 0.55029600
vt 0.06498030 0.69599500
vt 0.08568890 0.70173600
vt 0.10844200 0.71570600
vt 0.49438800 0.56974400
vt 0.09090360 0.71245500
vt 0.50624600 0.58206700
vt 0.10706300 0.70003500
vt 0.06424250 0.78378600
vt 0.07071420 0.78426900
vt 0.07072820 0.77633200
vt 0.07554710 0.78613700
vt 0.08108520 0.78433600
vt 0.08029070 0.77412200
vt 0.10130600 0.78857100
vt 0.49685700 0.49792200
vt 0.49445400 0.51577400
vt 0.10589100 0.77550400
vt 0.09553850 0.73857200
vt 0.05875520 0.70553100
vt 0.05885400 0.69713600
vt 0.06820400 0.76423600
vt 0.07743290 0.76702800
vt 0.07531810 0.71497300
vt 0.08618910 0.72652300
vt 0.07754590 0.72282900
vt 0.05497470 0.69518000
vt 0.05908600 0.76831800
vt 0.07476370 0.76145000
vt 0.08761790 0.76577400
vt 0.06835150 0.70027300
vt 0.10144100 0.75662900
vt 0.49914000 0.53874100
vt 0.08728030 0.73846500
vt 0.07845030 0.72992300
vt 0.08087240 0.75513200
vt 0.07836090 0.74281200
vt 0.07578710 0.70487000
vt 0.03206650 0.70193600
vt 0.04090210 0.70715500
vt 0.03588720 0.71068500
vt 0.07042660 0.75817400
vt 0.02734730 0.70683900
vt 0.06608210 0.73694400
vt 0.07038100 0.73124300
vt 0.06898920 0.72014600
vt 0.03910250 0.69170300
vt 0.03935580 0.69820900
vt 0.04085210 0.71132300
vt 0.05549290 0.75533800
vt 0.07027810 0.75064100
vt 0.04067660 0.71753900
vt 0.04860560 0.71436500
vt 0.06201440 0.75261000
vt 0.03058930 0.71511200
vt 0.04563480 0.74545700
vt 0.05857950 0.73209000
vt 0.05109040 0.72716900
vt 0.06047200 0.72422000
vt 0.05544960 0.74687100
vt 0.05827200 0.74063300
vt 0.04956950 0.74095800
vt 0.04760470 0.73399000
vt 0.03848550 0.73377600
vt 0.03868550 0.72468600
vt 0.04949870 0.69504400
vt 0.03450530 0.68470300
vt 0.04404880 0.68749700
vt 0.05513430 0.69036700
vt 0.07982430 0.63531400
vt 0.70934700 0.20767200
vt 0.37266200 0.07353740
vt 0.28267300 0.06961780
vt 0.29698900 0.06943740
vt 0.28283000 0.07592740
vt 0.33486400 0.07929890
vt 0.33385600 0.07133980
vt 0.34659700 0.07532550
vt 0.31631800 0.08376380
vt 0.32847000 0.06662950
vt 0.32552800 0.06129680
vt 0.33554800 0.06308730
vt 0.30912200 0.07636130
vt 0.29703800 0.07855190
vt 0.27343200 0.06918100
vt 0.27796500 0.06441400
vt 0.32396900 0.07715610
vt 0.31691500 0.06751020
vt 0.37020500 0.08064360
vt 0.35638200 0.06140030
vt 0.34595300 0.06651200
vt 0.34417800 0.05658340
vt 0.30480900 0.08469430
vt 0.26999400 0.07552950
vt 0.35831500 0.08023400
vt 0.35896200 0.07078230
vt 0.36867400 0.06450020
vt 0.26815300 0.05941810
vt 0.25853400 0.06036150
vt 0.25735400 0.05137030
vt 0.34423800 0.08380530
vt 0.23906500 0.06814030
vt 0.23085600 0.05955140
vt 0.24816800 0.06103280
vt 0.26074200 0.06835850
vt 0.21883700 0.09641200
vt 0.21205300 0.10082800
vt 0.20132800 0.09497400
vt 0.15811700 0.03694690
vt 0.21784200 0.10234800
vt 0.22495300 0.10684000
vt 0.39065200 0.29410400
vt 0.39122000 0.28219600
vt 0.21534000 0.10669200
vt 0.20740500 0.10376600
vt 0.39262600 0.27387400
vt 0.26314400 0.03069050
vt 0.24860700 0.03174590
vt 0.25308100 0.02714280
vt 0.28490100 0.02875390
vt 0.30045100 0.03397350
vt 0.29252800 0.03990070
vt 0.25848100 0.02298060
vt 0.27035600 0.02172250
vt 0.27438600 0.03963340
vt 0.24791200 0.01946230
vt 0.19777800 0.10259200
vt 0.16544900 0.04118010
vt 0.39641900 0.26378400
vt 0.36144000 0.04327340
vt 0.36539200 0.05449850
vt 0.35411800 0.05145570
vt 0.27338100 0.09740650
vt 0.28569900 0.09569320
vt 0.26250300 0.09525430
vt 0.26601700 0.10085600
vt 0.25786200 0.10221100
vt 0.30501600 0.04992620
vt 0.31398800 0.05448990
vt 0.29769400 0.05408190
vt 0.25331400 0.09526900
vt 0.32931100 0.05201670
vt 0.28625400 0.04793320
vt 0.28318900 0.05703490
vt 0.27361200 0.04933010
vt 0.21078500 0.02613860
vt 0.21681700 0.01580510
vt 0.22247800 0.02366130
vt 0.30364000 0.06112640
vt 0.25720100 0.04071630
vt 0.19316300 0.05655570
vt 0.13169100 0.02202480
vt 0.19316300 0.04304380
vt 0.11804900 0.01390120
vt 0.20369100 0.05060000
vt 0.21489500 0.05535970
vt 0.21214700 0.04496770
vt 0.20657500 0.03570860
vt 0.09199590 0.02209780
vt 0.19859100 0.01835890
vt 0.29794800 0.04625390
vt 0.30799000 0.04333630
vt 0.19316300 0.02835440
vt 0.10399600 0.01803860
vt 0.22499200 0.04786620
vt 0.22252900 0.03545730
vt 0.23445700 0.02855790
vt 0.23092500 0.01626600
vt 0.24062000 0.04441590
vt 0.22728900 0.08631650
vt 0.23882600 0.07695610
vt 0.24119100 0.08580900
vt 0.24274000 0.09444420
vt 0.25380100 0.08762730
vt 0.23532900 0.09123650
vt 0.21529400 0.08060510
vt 0.20079200 0.08564660
vt 0.14918100 0.03178770
vt 0.20876800 0.07275150
vt 0.26717500 0.08844010
vt 0.27511700 0.08248260
vt 0.27841300 0.08967770
vt 0.23127800 0.09642340
vt 0.14266700 0.03908260
vt 0.19316300 0.07771880
vt 0.22676600 0.07225780
vt 0.21871000 0.06490350
vt 0.21349000 0.08837530
vt 0.20608400 0.06339050
vt 0.19316300 0.06710890
vt 0.13989300 0.02667390
vt 0.29815900 0.09314000
vt 0.28939600 0.08569540
vt 0.24823200 0.07990300
vt 0.24928000 0.07207040
vt 0.26056700 0.07880240
vt 0.26599200 0.05082560
vt 0.26534600 0.04601280
vt 0.28603900 0.06468720
vt 0.29280900 0.06186780
vt 0.33986800 0.04128100
vt 0.32370700 0.03002740
vt 0.30519500 0.02595710
vt 0.31347700 0.01476740
vt 0.35142200 0.01298660
vt 0.35332100 0.02914520
vt 0.31899800 0.04753520
vt 0.32288800 0.04155500
vt 0.31180200 0.03441830
vt 0.33273100 0.01968100
vt 0.33790700 0.02950220
vt 0.24750900 0.10011900
vt 0.23700300 0.10383900
vt 0.38920100 0.30869200
vt 0.24564900 0.10783300
vt 0.38069400 0.31614300
vt 0.28248300 0.01696770
vt 0.26178400 0.01525560
vt 0.27405300 0.01375180
vt 0.26705000 0.01017410
vt 0.29625800 0.01572790
vt 0.20772700 0.00948471
vt 0.19316300 0.01030300
vt 0.08267500 0.02728180
vt 0.24089800 0.00931710
vt 0.76839800 0.27870600
vt 0.76545100 0.26779600
vt 0.77835000 0.27106900
vt 0.75940200 0.28588800
vt 0.74987500 0.28155100
vt 0.75784300 0.27482900
vt 0.78809000 0.25812300
vt 0.78221900 0.26480900
vt 0.77423700 0.26249500
vt 0.75608400 0.26713600
vt 0.81500500 0.24807600
vt 0.79976700 0.25340800
vt 0.78788800 0.24486500
vt 0.74168500 0.28754300
vt 0.73418200 0.29232700
vt 0.73546500 0.28271100
vt 0.76152100 0.26023900
vt 0.82828700 0.23845900
vt 0.83257500 0.24890300
vt 0.75807700 0.32602400
vt 0.75016700 0.32057600
vt 0.77194400 0.25366200
vt 0.74889900 0.25935500
vt 0.74519800 0.24703700
vt 0.75742100 0.25155900
vt 0.75046000 0.29579600
vt 0.75614000 0.31291000
vt 0.74345100 0.30567900
vt 0.74187900 0.27756200
vt 0.78226700 0.21448800
vt 0.80234100 0.21913100
vt 0.78684700 0.22963000
vt 0.82310900 0.22333500
vt 0.81473400 0.20217700
vt 0.83487300 0.20819000
vt 0.06444060 0.42058500
vt 0.82200400 0.18440400
vt 0.04781660 0.41321100
vt 0.80447700 0.18920200
vt 0.03643850 0.40788800
vt 0.80859500 0.23464800
vt 0.79523500 0.20201700
vt 0.77840200 0.19617300
vt 0.76445400 0.19793300
vt 0.76932100 0.20900900
vt 0.84263300 0.22668300
vt 0.76704200 0.22236400
vt 0.75482800 0.21159600
vt 0.72616500 0.27742900
vt 0.79041300 0.18583600
vt 0.02269050 0.39635000
vt 0.84854500 0.24216200
vt 0.09350880 0.43116800
vt 0.85901700 0.23065100
vt 0.86219300 0.24441800
vt 0.74777200 0.22932400
vt 0.76756500 0.23622500
vt 0.84511900 0.25237300
vt 0.85706700 0.25375300
vt 0.86592700 0.23842500
vt 0.73502000 0.27414900
vt 0.74282900 0.29520500
vt 0.79175000 0.26731400
vt 0.74908900 0.27117700
vt 0.73115100 0.26572000
vt 0.73652300 0.25704000
vt 0.74036700 0.26758400
vt 0.76782800 0.24642100
vt 0.75592100 0.24226800
vt 0.76178200 0.30054100
vt 0.86736400 0.27218500
vt 0.88799300 0.27597000
vt 0.13274700 0.41229000
vt 0.88472200 0.29650400
vt 0.14958300 0.41423200
vt 0.72225000 0.26793200
vt 0.73393200 0.24311400
vt 0.80839800 0.26078500
vt 0.72661100 0.25568900
vt 0.78146800 0.28529700
vt 0.76940500 0.29121500
vt 0.87524100 0.25082800
vt 0.11141100 0.42017300
vt 0.86969400 0.28455900
vt 0.86928800 0.25890500
vt 0.78775000 0.27525400
vt 0.76388600 0.32356500
vt 0.76734800 0.35484900
vt 0.76928600 0.34691200
vt 0.76425900 0.33533000
vt 0.77676300 0.35549600
vt 0.76695000 0.31387400
vt 0.77271000 0.32596600
vt 0.79000300 0.38360900
vt 0.77980900 0.36936000
vt 0.77809700 0.34002200
vt 0.77709200 0.31218500
vt 0.85582600 0.34460200
vt 0.74688100 0.41507000
vt 0.86670800 0.36341000
vt 0.82638300 0.32987400
vt 0.83543700 0.32317100
vt 0.84135600 0.33267000
vt 0.77042200 0.30292100
vt 0.82120800 0.29888500
vt 0.83351500 0.31208500
vt 0.82308500 0.31138100
vt 0.78682500 0.36120100
vt 0.78982100 0.34593100
vt 0.79947500 0.33977000
vt 0.79797700 0.35070500
vt 0.81432000 0.40342100
vt 0.75216100 0.34390300
vt 0.79338900 0.39736000
vt 0.74187800 0.33125100
vt 0.70229000 0.43591000
vt 0.79398000 0.37123700
vt 0.78260000 0.32449300
vt 0.78643900 0.31554900
vt 0.77705600 0.29895600
vt 0.80797800 0.37111600
vt 0.79669900 0.35948000
vt 0.81004700 0.35357800
vt 0.80466600 0.38270600
vt 0.83096000 0.25987800
vt 0.82177500 0.26606900
vt 0.78673500 0.35365100
vt 0.79106900 0.32109100
vt 0.78258200 0.34922300
vt 0.78966200 0.33290300
vt 0.82845900 0.27421900
vt 0.84316000 0.26959900
vt 0.78857800 0.30368800
vt 0.79431000 0.29200400
vt 0.79938200 0.30133400
vt 0.81666400 0.38827600
vt 0.75182700 0.35853600
vt 0.87042100 0.23587800
vt 0.10061300 0.41939200
vt 0.85799800 0.27846000
vt 0.87009000 0.29838300
vt 0.85440800 0.29404700
vt 0.80863000 0.33035200
vt 0.81920600 0.34371300
vt 0.86414700 0.33058100
vt 0.79088000 0.31361200
vt 0.79879800 0.31473200
vt 0.81202800 0.31036100
vt 0.79769000 0.32737600
vt 0.85022200 0.32757400
vt 0.86492000 0.31218100
vt 0.84894300 0.31199400
vt 0.84243700 0.32167600
vt 0.83176400 0.36104900
vt 0.83691900 0.29245800
vt 0.85083800 0.26256300
vt 0.72904900 0.40416100
vt 0.86660500 0.38151100
vt 0.85194700 0.36391300
vt 0.84096200 0.34627600
vt 0.83250500 0.40021100
vt 0.74391200 0.36955100
vt 0.82281000 0.37522100
vt 0.83823400 0.39029800
vt 0.74979500 0.37893200
vt 0.85269700 0.39103900
vt 0.74546400 0.39305000
vt 0.81463500 0.27438000
vt 0.80446900 0.27014300
vt 0.81527900 0.26850800
vt 0.79640300 0.27365900
vt 0.84468500 0.28046100
vt 0.79465900 0.28179400
vt 0.81904200 0.28381800
vt 0.80686800 0.29082500
vt 0.85413100 0.21233800
vt 0.08255490 0.41912500
vt 0.80507100 0.27843500
vt 0.07975470 0.06758590
vt 0.06528940 0.06916620
vt 0.07117330 0.05926730
vt 0.13087500 0.04630690
vt 0.13093300 0.03397470
vt 0.07577830 0.05184990
vt 0.08293580 0.05577530
vt 0.09342450 0.12707800
vt 0.08598570 0.12914600
vt 0.08708370 0.12032600
vt 0.08985190 0.10914200
vt 0.09946260 0.11699200
vt 0.11971900 0.05258710
vt 0.12135700 0.03640280
vt 0.05464270 0.17489700
vt 0.04843120 0.16285200
vt 0.06208850 0.16958300
vt 0.07017980 0.16446200
vt 0.06161940 0.15934700
vt 0.09724940 0.10790200
vt 0.10252100 0.10906200
vt 0.16094500 0.07158430
vt 0.16643300 0.07581550
vt 0.33096500 0.54372000
vt 0.15616100 0.08114220
vt 0.13897400 0.07725720
vt 0.14541000 0.06365460
vt 0.14795000 0.07771500
vt 0.08721570 0.07547410
vt 0.08333250 0.08814850
vt 0.07308840 0.08151750
vt 0.09252190 0.09756000
vt 0.05163810 0.15207600
vt 0.07021520 0.15496900
vt 0.06729800 0.13691100
vt 0.06865450 0.14220100
vt 0.06371830 0.14161900
vt 0.07731090 0.16764700
vt 0.07146310 0.17647600
vt 0.09233590 0.13863400
vt 0.14874500 0.09562300
vt 0.32412800 0.51140200
vt 0.10250000 0.10161800
vt 0.06392710 0.14963700
vt 0.07690840 0.15841500
vt 0.10002100 0.07104080
vt 0.09423120 0.08401320
vt 0.10082300 0.09065720
vt 0.10904900 0.09450510
vt 0.06811300 0.13028200
vt 0.07115030 0.13668000
vt 0.10991300 0.04877750
vt 0.10869400 0.03770030
vt 0.11498100 0.08685000
vt 0.10924000 0.08374440
vt 0.07140240 0.14814400
vt 0.08020220 0.11204000
vt 0.08214610 0.10156500
vt 0.08184780 0.04308880
vt 0.14072000 0.10516800
vt 0.31436800 0.49463300
vt 0.14029700 0.09075950
vt 0.07731860 0.15087400
vt 0.05119410 0.11895800
vt 0.08328810 0.15938000
vt 0.07091690 0.11318600
vt 0.07428820 0.10386500
vt 0.09662500 0.05013260
vt 0.09828070 0.03702940
vt 0.16445200 0.08500320
vt 0.32391200 0.53472100
vt 0.09221610 0.03130660
vt 0.04897560 0.18825600
vt 0.15536300 0.09737530
vt 0.31996200 0.52326800
vt 0.07531640 0.14264300
vt 0.05697230 0.08010580
vt 0.13433000 0.09855280
vt 0.08939630 0.06166990
vt 0.05309880 0.14221000
vt 0.05950640 0.13183500
vt 0.03893710 0.18779000
vt 0.06148830 0.11123100
vt 0.06623570 0.10350400
vt 0.08289410 0.14811400
vt 0.13298100 0.08920970
vt 0.07438480 0.13311200
vt 0.09180650 0.15405200
vt 0.09489350 0.17636600
vt 0.22912300 0.41842300
vt 0.15026300 0.06712670
vt 0.11586800 0.07527290
vt 0.10773900 0.07581870
vt 0.11046800 0.06771570
vt 0.10096200 0.15800800
vt 0.25128500 0.42977400
vt 0.23956300 0.42768900
vt 0.09901810 0.16653500
vt 0.09351650 0.16447500
vt 0.08566740 0.16899900
vt 0.04043650 0.17677800
vt 0.10767100 0.02843430
vt 0.08795120 0.06762840
vt 0.09268980 0.06689350
vt 0.05592760 0.18583600
vt 0.05832740 0.19235900
vt 0.16032300 0.04858210
vt 0.16355800 0.04912780
vt 0.16044700 0.05623590
vt 0.10260600 0.08103150
vt 0.11817400 0.06379580
vt 0.10997500 0.05809920
vt 0.15287100 0.04854490
vt 0.08099790 0.13542700
vt 0.08329300 0.18287600
vt 0.06332820 0.18094500
vt 0.06454570 0.12144700
vt 0.16844300 0.04674620
vt 0.38833400 0.26078400
vt 0.07723850 0.12430400
vt 0.07865250 0.17697500
vt 0.07281660 0.09470090
vt 0.06222040 0.09241900
vt 0.15542800 0.06814930
vt 0.07578250 0.18674000
vt 0.06965300 0.18763100
vt 0.16871900 0.05041640
vt 0.38851400 0.25246900
vt 0.05188360 0.10262600
vt 0.11762300 0.12977400
vt 0.28320800 0.45224300
vt 0.12011300 0.11578100
vt 0.12325200 0.12268400
vt 0.28853800 0.46538100
vt 0.10013900 0.06073570
vt 0.10534200 0.06430580
vt 0.12402100 0.06999810
vt 0.12310900 0.08065880
vt 0.13193800 0.10820900
vt 0.30787800 0.47830600
vt 0.13005700 0.11747000
vt 0.29634200 0.47380500
vt 0.09982590 0.14932200
vt 0.26392800 0.43439700
vt 0.10683300 0.15116300
vt 0.09702070 0.14470000
vt 0.10514300 0.13858100
vt 0.10170600 0.12831800
vt 0.11078600 0.12682700
vt 0.12621200 0.08933160
vt 0.13092400 0.07893450
vt 0.11802700 0.09547010
vt 0.10931400 0.11769700
vt 0.11650700 0.10763600
vt 0.12554500 0.10043100
vt 0.10832400 0.10707500
vt 0.12848200 0.07236520
vt 0.13440400 0.06471990
vt 0.14140100 0.05252540
vt 0.04394780 0.13318300
vt 0.03538210 0.14658000
vt 0.12639900 0.06066060
vt 0.10449400 0.05469660
vt 0.11673500 0.14256600
vt 0.27330600 0.44377800
vt 0.12934600 0.06640570
vt 0.16168900 0.06461980
vt 0.15309000 0.06073150
vt 0.38925600 0.24120900
vt 0.16702500 0.05888580
vt 0.16652500 0.06781300
vt 0.34133600 0.54862000
vt 0.38569400 0.23029300
vt 0.22456800 0.16890000
vt 0.22606300 0.14642900
vt 0.24095700 0.15511600
vt 0.24562300 0.16818200
vt 0.17219800 0.11628300
vt 0.32649000 0.65590700
vt 0.16746500 0.13359300
vt 0.32051200 0.67779700
vt 0.15916600 0.11529900
vt 0.19538200 0.13689200
vt 0.19507200 0.11802700
vt 0.20600600 0.12592200
vt 0.18465800 0.10298100
vt 0.20481900 0.13306000
vt 0.20978100 0.13530600
vt 0.24528600 0.18088200
vt 0.25514900 0.18337600
vt 0.21566300 0.18483500
vt 0.22986300 0.19109500
vt 0.21811800 0.19635500
vt 0.17658100 0.21126200
vt 0.16940400 0.20908400
vt 0.17370100 0.20332400
vt 0.19226100 0.10349600
vt 0.86657800 0.71839500
vt 0.17635100 0.23426300
vt 0.18452700 0.22599400
vt 0.18535900 0.24049100
vt 0.15830900 0.12908300
vt 0.15875600 0.12139000
vt 0.20311200 0.16398200
vt 0.19350400 0.17366400
vt 0.19060400 0.16103800
vt 0.19000500 0.15233900
vt 0.22320700 0.20332800
vt 0.17221400 0.21649000
vt 0.14659000 0.14290900
vt 0.14537300 0.13022200
vt 0.15528400 0.13373300
vt 0.17798300 0.15695700
vt 0.17236800 0.14853000
vt 0.18118200 0.15152800
vt 0.15852500 0.17005700
vt 0.17108200 0.17371400
vt 0.16262100 0.18273900
vt 0.15592700 0.18369700
vt 0.15544900 0.17884200
vt 0.17159200 0.25216700
vt 0.16255100 0.24720100
vt 0.17831900 0.21735700
vt 0.20119300 0.19760900
vt 0.20845500 0.20765300
vt 0.19738400 0.20625400
vt 0.21032400 0.17468800
vt 0.20335000 0.18130800
vt 0.18557900 0.20248600
vt 0.17228000 0.19034000
vt 0.18099100 0.18578400
vt 0.20372400 0.11457200
vt 0.87240900 0.69926300
vt 0.16712600 0.19735500
vt 0.16433900 0.19262300
vt 0.12880600 0.16501200
vt 0.35490800 0.74353900
vt 0.13582600 0.16097400
vt 0.13538300 0.17299400
vt 0.15456200 0.14279600
vt 0.16375900 0.13842000
vt 0.14853200 0.20364100
vt 0.15018600 0.21447300
vt 0.14067900 0.20968800
vt 0.14524600 0.15697100
vt 0.14458900 0.15114800
vt 0.15467200 0.15284000
vt 0.16004800 0.20316200
vt 0.16226700 0.21848500
vt 0.15791700 0.19070200
vt 0.14036900 0.19847800
vt 0.13496600 0.19384700
vt 0.13835900 0.18774200
vt 0.18024100 0.13883600
vt 0.15095300 0.12511000
vt 0.17964600 0.17318000
vt 0.17432900 0.16034600
vt 0.18508800 0.16575000
vt 0.14002800 0.23148400
vt 0.73785900 0.48856500
vt 0.15135700 0.22998300
vt 0.75782500 0.48710800
vt 0.14691900 0.24062400
vt 0.14327900 0.11595000
vt 0.32115100 0.70308900
vt 0.15335200 0.12034600
vt 0.32642600 0.69388500
vt 0.21565300 0.13011300
vt 0.21572000 0.11424200
vt 0.86758000 0.67669400
vt 0.22265300 0.12385300
vt 0.87209800 0.68511100
vt 0.21185900 0.12000300
vt 0.14584400 0.16553200
vt 0.17604900 0.24728700
vt 0.17339000 0.22448800
vt 0.21666700 0.13910000
vt 0.15549600 0.25191000
vt 0.76774400 0.48733600
vt 0.16638200 0.24342200
vt 0.16833000 0.24618200
vt 0.22644100 0.11942700
vt 0.87250000 0.66340800
vt 0.23353500 0.12666800
vt 0.23141400 0.13662600
vt 0.22163900 0.13728600
vt 0.21189600 0.14850700
vt 0.19181200 0.18177100
vt 0.19701000 0.18160100
vt 0.19925200 0.18812800
vt 0.19442000 0.23455400
vt 0.19271400 0.24202800
vt 0.21061000 0.21683200
vt 0.15817900 0.22790700
vt 0.16259000 0.23547700
vt 0.13290500 0.20345800
vt 0.72278800 0.51966200
vt 0.73206300 0.50980800
vt 0.13184300 0.21625200
vt 0.13935100 0.15417800
vt 0.24293700 0.11156300
vt 0.87037300 0.65134600
vt 0.24282700 0.13228800
vt 0.16986300 0.23943100
vt 0.25634700 0.12775400
vt 0.25554400 0.14159900
vt 0.24801000 0.14451600
vt 0.20373700 0.21781400
vt 0.87066000 0.63467000
vt 0.26176400 0.11634300
vt 0.27629000 0.12681000
vt 0.88493100 0.62257700
vt 0.18909100 0.17610600
vt 0.26338800 0.14917400
vt 0.25622100 0.14703300
vt 0.25681300 0.15570600
vt 0.16574700 0.22948000
vt 0.15502600 0.11259600
vt 0.32024800 0.68796000
vt 0.13625400 0.13098700
vt 0.33075800 0.71883200
vt 0.13891100 0.13832000
vt 0.27631100 0.15178200
vt 0.25374200 0.16401500
vt 0.12720800 0.14064700
vt 0.33407500 0.72995200
vt 0.13285700 0.13785400
vt 0.33566600 0.72465500
vt 0.13622100 0.14582700
vt 0.18615700 0.17861500
vt 0.26855200 0.15774800
vt 0.20879000 0.19391200
vt 0.21414700 0.20212600
vt 0.28950400 0.13978800
vt 0.88730300 0.59776300
vt 0.29839800 0.14910000
vt 0.30106400 0.13666700
vt 0.87711700 0.59459500
vt 0.26702000 0.17000400
vt 0.25685000 0.17562300
vt 0.16694300 0.20207800
vt 0.31096600 0.14266300
vt 0.88817000 0.57972700
vt 0.29092300 0.15897400
vt 0.27979400 0.16595000
vt 0.19205100 0.19233000
vt 0.14248600 0.22031900
vt 0.30801300 0.15838000
vt 0.15780500 0.25829500
vt 0.76697700 0.47188300
vt 0.20086300 0.22734600
vt 0.19429600 0.21999100
vt 0.18101200 0.20870800
vt 0.15946200 0.14591700
vt 0.88141900 0.55762900
vt 0.33793600 0.14667900
vt 0.16581100 0.16161500
vt 0.16504000 0.15048000
vt 0.32228000 0.15600500
vt 0.32215800 0.13846600
vt 0.87743000 0.57247700
vt 0.13354400 0.19677900
vt 0.71731900 0.52317700
vt 0.13189100 0.19123200
vt 0.71269900 0.52612400
vt 0.27098200 0.17867900
vt 0.28221500 0.17717700
vt 0.27061900 0.18527700
vt 0.29628900 0.17046900
vt 0.13077700 0.15308100
vt 0.34524100 0.73635700
vt 0.12656200 0.18197400
vt 0.70546100 0.53125800
vt 0.18299500 0.21466300
vt 0.14824900 0.17803500
vt 0.14948300 0.19255000
vt 0.12690400 0.16013800
vt 0.34861800 0.74100000
vt 0.69682500 0.53800300
vt 0.35721900 0.74918400
vt 0.12500000 0.17131300
vt 0.12815300 0.14638000
vt 0.33882300 0.73317500
vt 0.13621700 0.12112100
vt 0.32280400 0.71378800
vt 0.09038120 0.36571400
vt 0.07824530 0.36214300
vt 0.08813740 0.35153400
vt 0.16379100 0.31391900
vt 0.14112100 0.33543100
vt 0.12715900 0.34753600
vt 0.13062300 0.33481600
vt 0.07246320 0.35057300
vt 0.05628070 0.34159600
vt 0.06744190 0.33759000
vt 0.10378000 0.35876400
vt 0.10847600 0.30349900
vt 0.09005630 0.29742600
vt 0.11826300 0.28985200
vt 0.15419900 0.30541400
vt 0.06019830 0.32497200
vt 0.07488850 0.31441700
vt 0.07623000 0.32810900
vt 0.07844910 0.34173100
vt 0.08895340 0.33400900
vt 0.04051160 0.24444700
vt 0.13084300 0.30093400
vt 0.15210800 0.29254500
vt 0.09205060 0.37617400
vt 0.07803710 0.37277000
vt 0.08610510 0.27339100
vt 0.10046600 0.27287400
vt 0.09152340 0.28342000
vt 0.12678600 0.35856100
vt 0.11344800 0.36746500
vt 0.11729300 0.35740600
vt 0.04422400 0.31772300
vt 0.04568720 0.32952100
vt 0.10466500 0.37589300
vt 0.10067700 0.36963400
vt 0.06527700 0.27998200
vt 0.04976020 0.27809100
vt 0.06270730 0.26884600
vt 0.12285100 0.34334200
vt 0.11488900 0.34822400
vt 0.14301300 0.34461400
vt 0.10845400 0.28033100
vt 0.13590200 0.26971700
vt 0.51514400 0.49135100
vt 0.09037550 0.23065200
vt 0.57195000 0.47276900
vt 0.08102930 0.23278200
vt 0.08655510 0.22290800
vt 0.58303700 0.47078900
vt 0.11263700 0.31498400
vt 0.11663500 0.32631300
vt 0.10188200 0.32584200
vt 0.09187870 0.31604100
vt 0.14568300 0.32141300
vt 0.07833280 0.25223400
vt 0.09297990 0.25114100
vt 0.07763180 0.26353900
vt 0.11716800 0.26432500
vt 0.10503600 0.25751400
vt 0.12897800 0.24705900
vt 0.54077800 0.48908500
vt 0.03247180 0.38926800
vt 0.10432100 0.34050300
vt 0.07229710 0.22834600
vt 0.13245200 0.31438800
vt 0.12877600 0.32647900
vt 0.02238830 0.29736200
vt 0.01241080 0.31079100
vt 0.04063700 0.30351000
vt 0.02230560 0.31338900
vt 0.01068970 0.32295100
vt 0.03099410 0.31749200
vt 0.02221120 0.32481300
vt 0.03347970 0.32685000
vt 0.02496810 0.33630900
vt 0.01364950 0.33305200
vt 0.04008880 0.33902800
vt 0.01298440 0.34386700
vt 0.04872620 0.35056600
vt 0.03527370 0.34658200
vt 0.06468920 0.36003300
vt 0.03298000 0.35603800
vt 0.02470110 0.34688400
vt 0.02023890 0.35542600
vt 0.05360960 0.36265000
vt 0.08216430 0.38118100
vt 0.04355640 0.35595800
vt 0.04408260 0.36403000
vt 0.06490160 0.37190300
vt 0.07296460 0.38007800
vt 0.10128900 0.38699500
vt 0.09010060 0.38555900
vt 0.10162000 0.38103100
vt 0.04427660 0.37199600
vt 0.03599590 0.36638000
vt 0.02732660 0.36123000
vt 0.01824490 0.36799300
vt 0.02325450 0.36376100
vt 0.05410690 0.37412600
vt 0.06627480 0.38348400
vt 0.07856560 0.38805300
vt 0.08361940 0.39480300
vt 0.02964950 0.37085300
vt 0.03913600 0.37782000
vt 0.05749940 0.38787000
vt 0.04663670 0.39971800
vt 0.09193270 0.39429400
vt 0.07612500 0.40043400
vt 0.04827730 0.39154500
vt 0.05635360 0.40458200
vt 0.06188780 0.39892100
vt 0.09451560 0.41602400
vt 0.04802880 0.37954000
vt 0.09839230 0.40680300
vt 0.06794370 0.41004500
vt 0.08936030 0.26303000
vt 0.11939000 0.33672100
vt 0.13938700 0.28537000
vt 0.08599120 0.23511900
vt 0.07685730 0.24563900
vt 0.06930490 0.24925200
vt 0.06838450 0.24032600
vt 0.06441360 0.21818100
vt 0.05559960 0.22531200
vt 0.05850240 0.21578400
vt 0.01763850 0.29066500
vt 0.02068010 0.28533400
vt 0.06285290 0.20513000
vt 0.60894100 0.45111300
vt 0.07451150 0.21765700
vt 0.59255200 0.46564600
vt 0.06546590 0.22354200
vt 0.05440090 0.23279700
vt 0.15811200 0.27140800
vt 0.50967100 0.53010300
vt 0.03379980 0.26366900
vt 0.02946680 0.27403600
vt 0.11061900 0.40863500
vt 0.12209400 0.39257800
vt 0.12905300 0.40202800
vt 0.04126100 0.26872000
vt 0.03360050 0.28227000
vt 0.03392920 0.25512600
vt 0.10569800 0.39356400
vt 0.11996900 0.37661100
vt 0.04553930 0.25590900
vt 0.12424700 0.36588600
vt 0.14024300 0.35736400
vt 0.03939440 0.29076900
vt 0.04960440 0.29029700
vt 0.05822280 0.29411600
vt 0.12254100 0.23269000
vt 0.55592000 0.49007700
vt 0.05408320 0.24453200
vt 0.08923360 0.23816900
vt 0.08649360 0.24407400
vt 0.08257230 0.23934400
vt 0.07423800 0.29012000
vt 0.06163130 0.30554800
vt 0.04328170 0.23504200
vt 0.05468700 0.26335600
vt 0.06809960 0.21140900
vt 0.60087900 0.45689600
vt 0.09203270 0.24435900
vt 0.06715930 0.25832500
vt 0.05984860 0.25138300
vt 0.13219700 0.25974500
vt 0.53109500 0.49349500
vt 0.09929460 0.23721800
vt 0.56295700 0.47635400
vt 0.58777100 0.20999900
vt 0.59557200 0.21566600
vt 0.58400300 0.21835600
vt 0.57730600 0.21263600
vt 0.57741700 0.20677700
vt 0.64881000 0.28972400
vt 0.66143500 0.29629000
vt 0.56542500 0.20427600
vt 0.54395800 0.19715500
vt 0.88294700 0.42584500
vt 0.57661700 0.20110500
vt 0.58907400 0.20275800
vt 0.55950500 0.21084300
vt 0.60133200 0.20854800
vt 0.56750100 0.21804300
vt 0.56902100 0.21060000
vt 0.61090600 0.21593100
vt 0.61921000 0.20915800
vt 0.63053900 0.21391400
vt 0.63734400 0.21297700
vt 0.63433500 0.21794700
vt 0.63130000 0.20765100
vt 0.64342800 0.21487200
vt 0.64109000 0.21929400
vt 0.67419300 0.29824600
vt 0.13396200 0.42920900
vt 0.55177900 0.21853900
vt 0.54225900 0.21575500
vt 0.87923000 0.43677000
vt 0.64432200 0.22742000
vt 0.67127400 0.29068800
vt 0.13440500 0.42169600
vt 0.65533600 0.23361300
vt 0.65976400 0.28754400
vt 0.88253100 0.44711800
vt 0.53615300 0.22325300
vt 0.60466900 0.21829000
vt 0.56845900 0.25511000
vt 0.57743800 0.26538700
vt 0.56761000 0.26602100
vt 0.58593200 0.26282200
vt 0.58914000 0.24866100
vt 0.59886800 0.26250800
vt 0.61755000 0.27396500
vt 0.61882700 0.27111000
vt 0.62292900 0.27656600
vt 0.62533100 0.26856800
vt 0.62414300 0.28333100
vt 0.61866800 0.28259300
vt 0.62148100 0.28848400
vt 0.61461800 0.27828200
vt 0.61160700 0.28741100
vt 0.58561600 0.27136100
vt 0.57611800 0.27299200
vt 0.60447200 0.27767500
vt 0.58302700 0.27967800
vt 0.61247900 0.27161500
vt 0.61423900 0.26326300
vt 0.60497600 0.26962300
vt 0.59305200 0.27891400
vt 0.60018900 0.28597000
vt 0.59552100 0.27084300
vt 0.56893300 0.24371600
vt 0.56731900 0.27379800
vt 0.62440300 0.23361300
vt 0.61765300 0.24179900
vt 0.61079200 0.22944900
vt 0.65285000 0.25010300
vt 0.65832800 0.24137200
vt 0.66499100 0.24785900
vt 0.59674600 0.22400700
vt 0.59906800 0.23657300
vt 0.58462900 0.22809200
vt 0.63169300 0.24210000
vt 0.66657900 0.26311400
vt 0.63682900 0.25814800
vt 0.64087100 0.24918000
vt 0.64539900 0.25644300
vt 0.60553700 0.25512800
vt 0.60648800 0.24693400
vt 0.64503300 0.23973200
vt 0.62899100 0.25062100
vt 0.63533900 0.23378100
vt 0.66236700 0.25481100
vt 0.65439900 0.25959800
vt 0.61709300 0.25307100
vt 0.58581400 0.23741700
vt 0.57776700 0.24024800
vt 0.62713400 0.25962400
vt 0.57523700 0.23384000
vt 0.67080000 0.25456800
vt 0.64457900 0.26455300
vt 0.63094900 0.28296000
vt 0.63844300 0.28406600
vt 0.63703400 0.29069700
vt 0.62962600 0.29522100
vt 0.62858000 0.28716000
vt 0.46943700 0.27569000
vt 0.63389200 0.26654200
vt 0.67096100 0.27348500
vt 0.68307500 0.27469500
vt 0.67735400 0.27715600
vt 0.68061200 0.28091800
vt 0.68284200 0.28702800
vt 0.14774500 0.42162900
vt 0.67595400 0.28399100
vt 0.67570300 0.28722100
vt 0.14108300 0.42005700
vt 0.66848800 0.28224200
vt 0.65852500 0.27753100
vt 0.65210000 0.27954900
vt 0.64887900 0.27365200
vt 0.65794000 0.28274800
vt 0.63380100 0.27550600
vt 0.64415800 0.28028700
vt 0.67492600 0.27954600
vt 0.65219700 0.28418700
vt 0.65994300 0.27077700
vt 0.69149200 0.28606900
vt 0.15538800 0.41667100
vt 0.64066200 0.27232400
vt 0.48283400 0.27725800
vt 0.65404900 0.26670000
vt 0.55917100 0.23649200
vt 0.54918400 0.23411500
vt 0.55756400 0.22824400
vt 0.56874300 0.23798800
vt 0.53690600 0.23467200
vt 0.52898300 0.23038800
vt 0.51215200 0.25353200
vt 0.48474700 0.24244500
vt 0.88013800 0.49721600
vt 0.50014000 0.23845800
vt 0.87988200 0.48438800
vt 0.54569300 0.22762400
vt 0.55087700 0.24343600
vt 0.52829600 0.24507800
vt 0.53165400 0.25698200
vt 0.51739700 0.23462100
vt 0.87985800 0.46927500
vt 0.87453500 0.46477400
vt 0.51941700 0.23023800
vt 0.54642700 0.25307100
vt 0.54399000 0.26019100
vt 0.52720900 0.22424200
vt 0.87770700 0.45617700
vt 0.56557000 0.23371500
vt 0.55632300 0.26151000
vt 0.55893500 0.26997200
vt 0.54835100 0.26747100
vt 0.63590200 0.22258900
vt 0.62805700 0.21935400
vt 0.62970100 0.22713700
vt 0.62506900 0.22302500
vt 0.62185900 0.22032000
vt 0.62016100 0.22519800
vt 0.61689800 0.21921600
vt 0.57104700 0.22717200
vt 0.61270800 0.22279900
vt 0.57713900 0.22307500
vt 0.61903100 0.29567600
vt 0.61852200 0.30175600
vt 0.60430000 0.29230000
vt 0.60257100 0.29770700
vt 0.59603000 0.29305100
vt 0.58978900 0.28650600
vt 0.50886000 0.27108300
vt 0.51532100 0.26397400
vt 0.52147800 0.27197400
vt 0.58334100 0.29483700
vt 0.58032600 0.28693700
vt 0.47084700 0.26981400
vt 0.57230500 0.28123300
vt 0.48561300 0.27028900
vt 0.49734500 0.27547700
vt 0.57193600 0.29070000
vt 0.56370900 0.28830600
vt 0.55800600 0.27906600
vt 0.49584600 0.25990100
vt 0.55106300 0.28766800
vt 0.52201300 0.25980700
vt 0.52846300 0.26695900
vt 0.45876300 0.26439100
vt 0.87464800 0.52776000
vt 0.53666000 0.28481200
vt 0.51193900 0.28265000
vt 0.49288200 0.26776200
vt 0.88184500 0.51165600
vt 0.47639400 0.26160300
vt 0.47939500 0.27111200
vt 0.46794800 0.24737900
vt 0.87581200 0.50850300
vt 0.52333000 0.27965800
vt 0.55297500 0.27311000
vt 0.54349800 0.27469400
vt 0.53098700 0.27603500
vt 0.53900700 0.26496200
vt 0.43685300 0.11705800
vt 0.44278500 0.12413500
vt 0.43191200 0.12635600
vt 0.41241800 0.06717420
vt 0.40359300 0.05941440
vt 0.43642800 0.09608070
vt 0.42758300 0.10058800
vt 0.42814700 0.09044920
vt 0.44653000 0.11495300
vt 0.44587000 0.10662300
vt 0.45216400 0.11060100
vt 0.39432000 0.17233100
vt 0.44924200 0.14048300
vt 0.44382600 0.14645600
vt 0.43803000 0.14052800
vt 0.43367200 0.15208100
vt 0.43293300 0.15527500
vt 0.43182000 0.15019700
vt 0.45407600 0.20598200
vt 0.44956100 0.20692000
vt 0.44831200 0.20093900
vt 0.43352500 0.21255200
vt 0.44128600 0.20851300
vt 0.44385800 0.21580900
vt 0.41668000 0.23831800
vt 0.41668300 0.07886830
vt 0.42593700 0.07129240
vt 0.43250700 0.08296100
vt 0.42252100 0.21202500
vt 0.42785900 0.22241500
vt 0.43730300 0.22507000
vt 0.42110700 0.14044800
vt 0.42125200 0.13515400
vt 0.42760700 0.13877200
vt 0.42167000 0.23166300
vt 0.41178700 0.21829800
vt 0.40078100 0.14787900
vt 0.39256500 0.15151600
vt 0.39186400 0.14739200
vt 0.43631200 0.07394310
vt 0.44106200 0.06749010
vt 0.44474600 0.13253700
vt 0.45620400 0.12651700
vt 0.43037400 0.14290700
vt 0.42601100 0.14765800
vt 0.42449300 0.14298000
vt 0.46181500 0.14303300
vt 0.48648300 0.12159400
vt 0.47045200 0.13215800
vt 0.46680100 0.11417100
vt 0.41173600 0.16234500
vt 0.42797400 0.16456300
vt 0.42606800 0.17318800
vt 0.48800200 0.19092600
vt 0.47530700 0.20010200
vt 0.50084400 0.07628180
vt 0.41788200 0.19464000
vt 0.57598700 0.11101400
vt 0.58164700 0.09258460
vt 0.33417600 0.60764900
vt 0.55580100 0.11375800
vt 0.55292800 0.12500500
vt 0.54889700 0.11508300
vt 0.46702000 0.19051300
vt 0.47452700 0.18445800
vt 0.50551300 0.19835600
vt 0.50412100 0.16218100
vt 0.49949700 0.13938000
vt 0.51654900 0.14948600
vt 0.51607000 0.10371400
vt 0.51597000 0.11764900
vt 0.50512700 0.10739300
vt 0.52585200 0.07043160
vt 0.52785300 0.08347690
vt 0.50885500 0.18572200
vt 0.49995900 0.18130000
vt 0.48022800 0.09579700
vt 0.45465300 0.09953260
vt 0.46361800 0.07991170
vt 0.51200300 0.09002470
vt 0.50133800 0.12296500
vt 0.47554800 0.14802300
vt 0.48898900 0.14997000
vt 0.48402900 0.16799200
vt 0.53729100 0.08859730
vt 0.48190100 0.13861600
vt 0.39784400 0.18720100
vt 0.48821400 0.13783100
vt 0.54436000 0.12426100
vt 0.54894900 0.12773700
vt 0.54887200 0.13988500
vt 0.46352100 0.20045000
vt 0.46893500 0.17255400
vt 0.46149900 0.18524700
vt 0.45762900 0.17059600
vt 0.54754800 0.10526300
vt 0.53962000 0.10911400
vt 0.49619300 0.11350900
vt 0.49578700 0.10098900
vt 0.41540900 0.11796100
vt 0.42476700 0.11260800
vt 0.42204600 0.12468100
vt 0.53142500 0.12143600
vt 0.52648300 0.10686700
vt 0.53192700 0.09662920
vt 0.52175500 0.09519110
vt 0.43086200 0.18693500
vt 0.43443900 0.17846300
vt 0.41871200 0.14474700
vt 0.41186300 0.14271700
vt 0.39963400 0.12963400
vt 0.40404100 0.11674700
vt 0.41047600 0.12540400
vt 0.41814900 0.17777700
vt 0.46283300 0.15838800
vt 0.44969700 0.15905400
vt 0.45277200 0.17942600
vt 0.45177600 0.11812000
vt 0.45749400 0.11422600
vt 0.54080700 0.09695170
vt 0.38164700 0.14933800
vt 0.38743800 0.15307100
vt 0.37722300 0.15777000
vt 0.43615600 0.16515500
vt 0.44362900 0.16652100
vt 0.43962100 0.17109400
vt 0.45173600 0.18817900
vt 0.44837300 0.18430400
vt 0.39192500 0.15842800
vt 0.51194000 0.13349800
vt 0.52510700 0.13523100
vt 0.37144100 0.15274800
vt 0.37188900 0.13838500
vt 0.45097200 0.21153200
vt 0.40728000 0.17809000
vt 0.43730700 0.14922100
vt 0.43558100 0.15366500
vt 0.44547600 0.08397840
vt 0.53342200 0.18016100
vt 0.40513400 0.15377100
vt 0.41051300 0.15011000
vt 0.52003100 0.19122100
vt 0.52053300 0.16902400
vt 0.38163100 0.11475100
vt 0.37620100 0.12231000
vt 0.39048300 0.10133600
vt 0.44788000 0.07509780
vt 0.44483300 0.17715800
vt 0.43408600 0.14448600
vt 0.45570600 0.14916700
vt 0.44953900 0.14928800
vt 0.41868200 0.15086400
vt 0.43084300 0.14598100
vt 0.45011000 0.17101000
vt 0.44427300 0.15293200
vt 0.44342900 0.18431900
vt 0.44099700 0.18063400
vt 0.55536400 0.10263800
vt 0.42584100 0.15600900
vt 0.56296200 0.12454400
vt 0.53622500 0.15545400
vt 0.53720300 0.13468700
vt 0.56495900 0.11185600
vt 0.56077500 0.13024700
vt 0.43962700 0.15779900
vt 0.44308900 0.19703700
vt 0.44780900 0.19396300
vt 0.55876600 0.13872400
vt 0.43837100 0.17886800
vt 0.43745100 0.17688600
vt 0.43898200 0.18338200
vt 0.43585600 0.18442900
vt 0.43343900 0.15929000
vt 0.44893600 0.21644700
vt 0.43398100 0.17045300
vt 0.43194100 0.19697700
vt 0.43995700 0.17632300
vt 0.45374900 0.19585200
vt 0.51183900 0.17706900
vt 0.43710900 0.17402400
vt 0.44611200 0.09809980
vt 0.44394700 0.09191480
vt 0.44599600 0.18938900
vt 0.43975000 0.18922800
vt 0.43632400 0.19501700
vt 0.44407900 0.19300900
vt 0.44488300 0.20502800
vt 0.43939100 0.20224200
vt 0.45992500 0.20950700
vt 0.43403300 0.13279900
vt 0.43334300 0.14767600
vt 0.44666700 0.21140500
vt 0.40478600 0.13736400
vt 0.40502500 0.09930070
vt 0.41717600 0.09005460
vt 0.41708000 0.10658800
vt 0.55742900 0.14908100
vt 0.43427800 0.10840400
vt 0.44780400 0.20866200
vt 0.38845600 0.12554600
vt 0.38887300 0.13947300
vt 0.39343900 0.11056100
vt 0.32927200 0.79832600
vt 0.33231700 0.78998000
vt 0.34503000 0.79991100
vt 0.71914700 0.59654300
vt 0.32811000 0.75746200
vt 0.31601500 0.74767100
vt 0.33106500 0.74422800
vt 0.32496700 0.73300400
vt 0.33322000 0.73579300
vt 0.32983000 0.72614400
vt 0.24591700 0.69719700
vt 0.23658800 0.70613400
vt 0.23462800 0.69540600
vt 0.32380200 0.72280400
vt 0.33085800 0.72313800
vt 0.25105100 0.71048500
vt 0.25590400 0.72202700
vt 0.23971400 0.72089700
vt 0.20971800 0.76190600
vt 0.20752000 0.77109400
vt 0.19474200 0.76240900
vt 0.30027800 0.75651600
vt 0.29943700 0.76966400
vt 0.28275200 0.76104200
vt 0.31156900 0.71092400
vt 0.27260400 0.71546100
vt 0.26923300 0.73163200
vt 0.31307000 0.68712500
vt 0.31446200 0.69455000
vt 0.30357000 0.69092300
vt 0.30698000 0.68124700
vt 0.30816300 0.67171900
vt 0.23662400 0.73252200
vt 0.24253300 0.74510800
vt 0.22503800 0.73920200
vt 0.32195500 0.78231600
vt 0.33658800 0.77985600
vt 0.34010600 0.75323000
vt 0.25595600 0.65924300
vt 0.25425000 0.67611400
vt 0.24009900 0.66440700
vt 0.34136200 0.74384900
vt 0.22909300 0.76247000
vt 0.24362100 0.76915900
vt 0.23165300 0.77288800
vt 0.33714200 0.73877200
vt 0.22759400 0.72612800
vt 0.25767700 0.70159700
vt 0.26861300 0.69905600
vt 0.28875200 0.66168100
vt 0.26643200 0.65086200
vt 0.20622000 0.68011700
vt 0.21946900 0.67371200
vt 0.18666600 0.70751900
vt 0.19660700 0.70114700
vt 0.19308700 0.71306800
vt 0.20003500 0.72339200
vt 0.64702600 0.20602000
vt 0.18393000 0.72784100
vt 0.24365500 0.75872100
vt 0.25766600 0.76625800
vt 0.26188200 0.75505800
vt 0.27429300 0.75339100
vt 0.32092600 0.79150000
vt 0.31820400 0.79882600
vt 0.34923400 0.74799700
vt 0.19867600 0.74375800
vt 0.20151700 0.75462000
vt 0.18815000 0.75164900
vt 0.19262600 0.73354200
vt 0.20389400 0.73268100
vt 0.30313000 0.70143200
vt 0.32524400 0.77034200
vt 0.34107100 0.76640500
vt 0.35193000 0.77917700
vt 0.70168500 0.57463600
vt 0.34914800 0.79087300
vt 0.70920000 0.58589400
vt 0.35517600 0.75858700
vt 0.69705200 0.55080000
vt 0.30989100 0.72167600
vt 0.31333300 0.77489300
vt 0.30299300 0.77948000
vt 0.22094700 0.77695900
vt 0.20651600 0.78302000
vt 0.21799100 0.76136800
vt 0.21985500 0.76805800
vt 0.25178600 0.73461500
vt 0.21471700 0.72554000
vt 0.29364300 0.77862000
vt 0.20913400 0.69456800
vt 0.30046300 0.73167000
vt 0.31181800 0.73402800
vt 0.29870800 0.74223100
vt 0.29388000 0.71199000
vt 0.27962400 0.70326100
vt 0.18097300 0.76490800
vt 0.62615400 0.17301900
vt 0.19287100 0.77233100
vt 0.23118100 0.75143600
vt 0.23307200 0.78089900
vt 0.22523000 0.78735000
vt 0.17802900 0.73866300
vt 0.64828700 0.18948000
vt 0.18545000 0.73316300
vt 0.21532900 0.75172100
vt 0.20962200 0.71038200
vt 0.22523200 0.71441200
vt 0.22327500 0.70066600
vt 0.21182700 0.73854000
vt 0.28170500 0.74132600
vt 0.26794300 0.74442200
vt 0.18161000 0.75806500
vt 0.63957000 0.17588100
vt 0.25515400 0.74472900
vt 0.30667200 0.79689800
vt 0.31040900 0.80529000
vt 0.32530500 0.80642200
vt 0.18907000 0.83359600
vt 0.18865800 0.84776700
vt 0.17633000 0.84464500
vt 0.59525400 0.08359910
vt 0.28494500 0.75058500
vt 0.22198500 0.68793900
vt 0.17450800 0.83279100
vt 0.59899400 0.09731400
vt 0.22799700 0.66189200
vt 0.21752800 0.66320400
vt 0.25685800 0.77601900
vt 0.18552600 0.78080800
vt 0.17635500 0.78591800
vt 0.61491600 0.14550100
vt 0.17183400 0.77910300
vt 0.62240000 0.15189700
vt 0.17436100 0.77110000
vt 0.62607500 0.16386400
vt 0.18276400 0.77195900
vt 0.22085900 0.85146300
vt 0.21415000 0.84506200
vt 0.22203700 0.84078900
vt 0.23336500 0.85016700
vt 0.20837600 0.85129400
vt 0.20018400 0.84166300
vt 0.30786900 0.83647800
vt 0.31712600 0.82894000
vt 0.31978100 0.83979800
vt 0.35369300 0.76795200
vt 0.70029600 0.56071800
vt 0.21105200 0.83690100
vt 0.20927800 0.84276600
vt 0.23881300 0.68291400
vt 0.20007300 0.81937100
vt 0.21657500 0.82849300
vt 0.20274800 0.83035300
vt 0.19714300 0.84989800
vt 0.29195200 0.83773000
vt 0.30509100 0.84736800
vt 0.28608500 0.84785100
vt 0.24393200 0.77853600
vt 0.27631000 0.85324100
vt 0.27506000 0.84509400
vt 0.28198300 0.78158500
vt 0.26990000 0.77428000
vt 0.28407100 0.77226000
vt 0.22942000 0.67095200
vt 0.22920700 0.65183400
vt 0.21161100 0.84678500
vt 0.25716700 0.83436400
vt 0.24667100 0.84653200
vt 0.24538200 0.83220000
vt 0.33091800 0.83211700
vt 0.73634000 0.63195800
vt 0.23314100 0.83443200
vt 0.26441700 0.84750500
vt 0.74416900 0.64951900
vt 0.32097800 0.85093900
vt 0.28931700 0.70090600
vt 0.24566300 0.78947100
vt 0.27586500 0.83551600
vt 0.30499600 0.83083600
vt 0.16991500 0.71723500
vt 0.66576300 0.21447800
vt 0.25373600 0.63906600
vt 0.25468800 0.78332800
vt 0.27177700 0.76631900
vt 0.28608500 0.73127500
vt 0.26547700 0.79019700
vt 0.31442500 0.76299600
vt 0.28056800 0.80461200
vt 0.26548000 0.79916900
vt 0.28269200 0.79689800
vt 0.26793200 0.78250300
vt 0.25590600 0.69011000
vt 0.29463900 0.80613500
vt 0.26775400 0.68632600
vt 0.26689400 0.67471000
vt 0.64719700 0.17822400
vt 0.17377700 0.75163500
vt 0.27831000 0.78841000
vt 0.29870000 0.79915400
vt 0.27185900 0.66611300
vt 0.29704300 0.78863500
vt 0.33976200 0.82308800
vt 0.72621100 0.62566800
vt 0.32022800 0.81556800
vt 0.17354500 0.79573700
vt 0.60784100 0.13665000
vt 0.18420700 0.79102400
vt 0.29469900 0.81506200
vt 0.28368100 0.81142500
vt 0.18052800 0.81989800
vt 0.59574900 0.11197300
vt 0.19420500 0.81027000
vt 0.19178000 0.81617900
vt 0.19483100 0.79058300
vt 0.18640900 0.80259200
vt 0.30130400 0.82282800
vt 0.20077600 0.79927200
vt 0.20564600 0.79180200
vt 0.21589700 0.79469600
vt 0.20826200 0.79643600
vt 0.28463400 0.85568400
vt 0.30044900 0.83728600
vt 0.20987800 0.80513900
vt 0.22259900 0.80499300
vt 0.29325000 0.72302300
vt 0.30463800 0.81332900
vt 0.22151500 0.81599300
vt 0.23396700 0.80910800
vt 0.23836400 0.82160300
vt 0.24507100 0.81123900
vt 0.22661300 0.82550600
vt 0.23220200 0.79771500
vt 0.74454400 0.64189100
vt 0.32613500 0.84651800
vt 0.33590900 0.84098200
vt 0.74577300 0.63245000
vt 0.33760700 0.81329700
vt 0.72313000 0.61449000
vt 0.24874200 0.80373000
vt 0.25758800 0.81317200
vt 0.26317600 0.80592100
vt 0.25025600 0.82510600
vt 0.25038800 0.81857400
vt 0.26439800 0.82283700
vt 0.27077700 0.81389100
vt 0.27944000 0.67818000
vt 0.27332300 0.80739700
vt 0.28268100 0.82139400
vt 0.28891000 0.82952200
vt 0.29816200 0.83172600
vt 0.27789500 0.69338500
vt 0.29398500 0.68307800
vt 0.29659900 0.67428400
vt 0.17010700 0.81004500
vt 0.60509200 0.12389600
vt 0.72023600 0.60560100
vt 0.34153900 0.80560800
vt 0.31130400 0.79159300
vt 0.31280500 0.86010200
vt 0.32096600 0.86863600
vt 0.75646600 0.65791200
vt 0.29611000 0.85889500
vt 0.30635300 0.86571800
vt 0.29120600 0.69213400
vt 0.32668100 0.86024800
vt 0.75579200 0.65061900
vt 0.31658200 0.78732500
vt 0.28893000 0.67587000
vt 0.31039300 0.78386200
vt 0.31807200 0.72798100
vt 0.64400800 0.07717910
vt 0.68465200 0.09486010
vt 0.68639800 0.11150100
vt 0.66908400 0.10362900
vt 0.65588400 0.08174470
vt 0.67134200 0.08712870
vt 0.69480800 0.10504100
vt 0.69574100 0.09549160
vt 0.65547000 0.17030100
vt 0.65568800 0.16245800
vt 0.66405900 0.16647400
vt 0.71864100 0.18865900
vt 0.71328000 0.19406400
vt 0.66171600 0.17464400
vt 0.72450300 0.15662600
vt 0.72829200 0.15940100
vt 0.72163200 0.16350800
vt 0.71435100 0.16651200
vt 0.72006300 0.17389400
vt 0.72353600 0.15143600
vt 0.71832700 0.15501400
vt 0.64638400 0.16909700
vt 0.73499100 0.15926600
vt 0.73095300 0.15237700
vt 0.73609900 0.15178600
vt 0.75688700 0.16664400
vt 0.51655000 0.72114600
vt 0.75372500 0.18056000
vt 0.51731700 0.70715300
vt 0.74160100 0.16483500
vt 0.67248000 0.19002600
vt 0.64028600 0.16250600
vt 0.73070600 0.17232700
vt 0.67526200 0.17636200
vt 0.70546400 0.15770100
vt 0.69188000 0.16507500
vt 0.69347600 0.15656900
vt 0.72144300 0.14719000
vt 0.71510800 0.14579200
vt 0.72395700 0.13831900
vt 0.71432500 0.17799000
vt 0.70952600 0.16481600
vt 0.70806000 0.20057600
vt 0.72685500 0.15257200
vt 0.70284300 0.19645200
vt 0.70553200 0.18790600
vt 0.70704500 0.19192200
vt 0.74345200 0.19517500
vt 0.51830900 0.68809600
vt 0.67502100 0.16637100
vt 0.74701100 0.15867800
vt 0.74105800 0.15338300
vt 0.74963800 0.15165500
vt 0.70060300 0.17175700
vt 0.69982300 0.18467700
vt 0.70889500 0.17529300
vt 0.70824900 0.18348300
vt 0.72825300 0.14622300
vt 0.68349400 0.15923600
vt 0.67003800 0.15926800
vt 0.79181500 0.08083760
vt 0.79968400 0.08689050
vt 0.79197100 0.08857090
vt 0.79814900 0.08157630
vt 0.68676900 0.19395300
vt 0.68920600 0.17878700
vt 0.67930100 0.15388000
vt 0.67265400 0.11843100
vt 0.65561300 0.11378200
vt 0.65420900 0.10126200
vt 0.64274900 0.10589900
vt 0.62647300 0.10852800
vt 0.64102100 0.09208350
vt 0.63914600 0.11622400
vt 0.61584100 0.10031000
vt 0.61186500 0.08689970
vt 0.62554800 0.09340110
vt 0.62724600 0.12645400
vt 0.60720200 0.10145400
vt 0.60993700 0.10959000
vt 0.62888600 0.14173400
vt 0.74039900 0.14518000
vt 0.73450200 0.14770500
vt 0.73465900 0.14159400
vt 0.74030600 0.13330200
vt 0.73484800 0.13392800
vt 0.73576000 0.12793900
vt 0.73279900 0.11921500
vt 0.72977100 0.12971100
vt 0.73137800 0.13776500
vt 0.70898900 0.14795400
vt 0.71245000 0.15046900
vt 0.71316600 0.15927100
vt 0.71407100 0.15292300
vt 0.71221500 0.15510400
vt 0.70957500 0.15298000
vt 0.71182200 0.16873700
vt 0.71054200 0.18920400
vt 0.71286000 0.18519500
vt 0.71109500 0.18013200
vt 0.70390600 0.10577000
vt 0.70021000 0.11638400
vt 0.70281600 0.09695120
vt 0.70627200 0.10008100
vt 0.71015500 0.10353000
vt 0.71252900 0.11318300
vt 0.70800100 0.11568600
vt 0.79239300 0.09928040
vt 0.79507600 0.09891300
vt 0.79259700 0.10163700
vt 0.78206700 0.11472300
vt 0.79084700 0.11338800
vt 0.79254900 0.11764500
vt 0.77984100 0.12282300
vt 0.79230000 0.12239200
vt 0.78366100 0.12638100
vt 0.79399200 0.12587700
vt 0.77243900 0.13992200
vt 0.78226600 0.13747700
vt 0.78554400 0.14741800
vt 0.51664600 0.76870500
vt 0.78230200 0.10977300
vt 0.78506400 0.10508700
vt 0.78706400 0.10788000
vt 0.80150800 0.09054360
vt 0.78204800 0.13297200
vt 0.51873900 0.79310900
vt 0.79509000 0.13074500
vt 0.77228600 0.13533700
vt 0.78411200 0.13012400
vt 0.77721400 0.13181500
vt 0.76335300 0.14548600
vt 0.76704900 0.13886200
vt 0.77407100 0.12824300
vt 0.78975500 0.10953500
vt 0.79092500 0.10433700
vt 0.78576100 0.08405420
vt 0.77741500 0.11931000
vt 0.77208200 0.12140300
vt 0.74749700 0.13631900
vt 0.75716900 0.13485900
vt 0.75242500 0.14031600
vt 0.76633400 0.12733000
vt 0.76473200 0.12129900
vt 0.77320600 0.09851220
vt 0.76721000 0.10261300
vt 0.76769300 0.09726050
vt 0.80104500 0.09192440
vt 0.80005500 0.09406230
vt 0.79082100 0.09720190
vt 0.75527300 0.10348800
vt 0.75256400 0.11101800
vt 0.74547700 0.10731600
vt 0.73396100 0.10987200
vt 0.72740900 0.11336800
vt 0.77235200 0.11855900
vt 0.76547300 0.11459200
vt 0.77305200 0.11436900
vt 0.78776200 0.10255400
vt 0.78456700 0.09011690
vt 0.77957300 0.09392460
vt 0.77972600 0.08799390
vt 0.77351600 0.11202700
vt 0.76077400 0.10839300
vt 0.76096600 0.11397600
vt 0.75453800 0.11793300
vt 0.77741600 0.10755700
vt 0.74789600 0.12782300
vt 0.75578200 0.12693500
vt 0.78148000 0.10456600
vt 0.78056000 0.08322130
vt 0.76793100 0.11123600
vt 0.74195700 0.12220600
vt 0.77271200 0.09207340
vt 0.76450600 0.11212500
vt 0.75906400 0.14040700
vt 0.77542800 0.10650000
vt 0.74046600 0.11467600
vt 0.76726800 0.13402600
vt 0.78024900 0.10299600
vt 0.72562400 0.10750800
vt 0.76934600 0.10910900
vt 0.74713200 0.11455200
vt 0.73137300 0.10313500
vt 0.72666400 0.10022500
vt 0.78077000 0.09838320
vt 0.77436700 0.10355400
vt 0.78557400 0.09382970
vt 0.73856700 0.09661210
vt 0.73919200 0.10128500
vt 0.76202900 0.10043100
vt 0.75040700 0.09777980
vt 0.75910400 0.09794140
vt 0.76465000 0.09508780
vt 0.75934500 0.09256520
vt 0.65899700 0.09204750
vt 0.62944800 0.08087860
vt 0.70119300 0.15102800
vt 0.68677500 0.15518400
vt 0.68985100 0.15089500
vt 0.67790000 0.14460300
vt 0.69444500 0.14561800
vt 0.70823700 0.14213600
vt 0.70235300 0.14420100
vt 0.69628400 0.13731300
vt 0.69204700 0.12474200
vt 0.70441700 0.12839300
vt 0.67971600 0.13035400
vt 0.68335800 0.12217800
vt 0.70855700 0.13649000
vt 0.66278400 0.12710200
vt 0.65530400 0.13422200
vt 0.64649400 0.12544400
vt 0.66705700 0.13605900
vt 0.66079900 0.14142300
vt 0.66334800 0.14712600
vt 0.67022100 0.15194400
vt 0.65149800 0.13921000
vt 0.64326000 0.13543500
vt 0.64890900 0.14609900
vt 0.64844100 0.15516600
vt 0.65928400 0.15401700
vt 0.63501200 0.15389300
vt 0.71537200 0.10814200
vt 0.71931200 0.11092900
vt 0.71784500 0.10039100
vt 0.71892400 0.12030400
vt 0.72381700 0.11572900
vt 0.72378100 0.11198700
vt 0.70813000 0.12142400
vt 0.71215300 0.12162600
vt 0.71185000 0.13223700
vt 0.71076200 0.12731100
vt 0.71717500 0.13288800
vt 0.71535000 0.13857900
vt 0.72089300 0.12812600
vt 0.72452100 0.12828000
vt 0.71535800 0.12747200
vt 0.72585700 0.12261100
vt 0.72768600 0.11768000
vt 0.75538000 0.15746000
vt 0.51841700 0.73216500
vt 0.75652700 0.14877400
vt 0.76045100 0.14866100
vt 0.75245600 0.14587500
vt 0.51869800 0.74664600
vt 0.76842400 0.15836800
vt 0.74717300 0.14572800
vt 0.75260500 0.14903200
vt 0.27486800 0.46760500
vt 0.27828900 0.46763200
vt 0.27594900 0.47203100
vt 0.20192800 0.51657800
vt 0.19359700 0.52001900
vt 0.19442300 0.51229300
vt 0.18175800 0.56967500
vt 0.16394200 0.56068600
vt 0.18239600 0.55832000
vt 0.17286600 0.54615800
vt 0.26822800 0.46676700
vt 0.23184800 0.48674100
vt 0.24006400 0.49270000
vt 0.23034900 0.49490200
vt 0.22486100 0.47213400
vt 0.21868400 0.47390400
vt 0.21772700 0.46028300
vt 0.21290600 0.49065000
vt 0.21665400 0.48277600
vt 0.22235400 0.49246200
vt 0.22701300 0.49128200
vt 0.23918500 0.57354900
vt 0.22475500 0.57988000
vt 0.21618200 0.56841100
vt 0.16910800 0.61051700
vt 0.27467300 0.46361900
vt 0.30290700 0.49063200
vt 0.22490600 0.48795200
vt 0.22496800 0.48130300
vt 0.22068500 0.51801600
vt 0.23262100 0.53185700
vt 0.21872500 0.52780000
vt 0.20112300 0.48294600
vt 0.20846100 0.47320300
vt 0.27846400 0.45996600
vt 0.28484800 0.47361800
vt 0.19865200 0.46445200
vt 0.19647600 0.47391300
vt 0.18452100 0.46981100
vt 0.18924600 0.59193500
vt 0.19366900 0.61026300
vt 0.20972700 0.51938300
vt 0.20538500 0.52528800
vt 0.25752100 0.47035400
vt 0.25831000 0.46287500
vt 0.14118500 0.46980200
vt 0.14615200 0.47946000
vt 0.13650300 0.48044200
vt 0.26669400 0.45700900
vt 0.19644700 0.53294800
vt 0.17569900 0.53223700
vt 0.17799000 0.51991700
vt 0.25233200 0.47594100
vt 0.25989100 0.48063700
vt 0.28768100 0.54115700
vt 0.27773900 0.53129700
vt 0.29569900 0.53961200
vt 0.18538800 0.51250700
vt 0.17429300 0.50588200
vt 0.19027100 0.50439600
vt 0.15811000 0.50254400
vt 0.14440700 0.50562600
vt 0.14542900 0.49313400
vt 0.19529200 0.55329000
vt 0.19661800 0.57806300
vt 0.18238700 0.57927300
vt 0.24710900 0.54602600
vt 0.23205300 0.54561300
vt 0.20641200 0.60469200
vt 0.20605800 0.61826100
vt 0.21631500 0.55253000
vt 0.19114400 0.54314400
vt 0.25105300 0.59327300
vt 0.30373000 0.20632800
vt 0.24094700 0.61128100
vt 0.28401400 0.20904800
vt 0.23484200 0.58928900
vt 0.13279000 0.48729000
vt 0.21834700 0.53704300
vt 0.22114100 0.50286100
vt 0.20577900 0.50892600
vt 0.20258000 0.49580700
vt 0.23706400 0.50279600
vt 0.19953700 0.56483000
vt 0.21052800 0.57613200
vt 0.21659900 0.59163800
vt 0.22013600 0.61049800
vt 0.27578300 0.19376700
vt 0.15125700 0.55513400
vt 0.14527200 0.55817600
vt 0.14545800 0.55155500
vt 0.25327900 0.53403700
vt 0.24127400 0.55660000
vt 0.25580900 0.55531000
vt 0.30807600 0.54471900
vt 0.31668500 0.55173700
vt 0.36846300 0.21831300
vt 0.31100800 0.55806500
vt 0.35915700 0.20988400
vt 0.32496700 0.54700300
vt 0.37732100 0.22838100
vt 0.33370800 0.55717300
vt 0.32056200 0.54894500
vt 0.37551600 0.21862100
vt 0.13022000 0.45197900
vt 0.13606600 0.44635400
vt 0.13681400 0.45327500
vt 0.16336600 0.45929900
vt 0.16424400 0.46699100
vt 0.15548200 0.46171900
vt 0.13547600 0.43778400
vt 0.14411000 0.44176000
vt 0.12879700 0.44777400
vt 0.15892100 0.44359400
vt 0.15568700 0.43103900
vt 0.16655400 0.44144800
vt 0.17452000 0.43643900
vt 0.18501100 0.43835200
vt 0.17763300 0.44779400
vt 0.14309200 0.43406100
vt 0.14285900 0.45897100
vt 0.14894100 0.46001800
vt 0.14800800 0.46450900
vt 0.19011400 0.44753100
vt 0.19304500 0.44095300
vt 0.15488200 0.47077300
vt 0.14405400 0.45044300
vt 0.16278700 0.42630400
vt 0.17248800 0.42505900
vt 0.16603800 0.43305100
vt 0.13093200 0.44156100
vt 0.15047900 0.43793100
vt 0.15169700 0.44716800
vt 0.15885300 0.45301100
vt 0.15058600 0.45515100
vt 0.14824800 0.43236700
vt 0.14333100 0.42718600
vt 0.20432200 0.43622200
vt 0.19897800 0.44357000
vt 0.18063800 0.43049400
vt 0.16673600 0.45137100
vt 0.20071300 0.45328600
vt 0.20744200 0.44730600
vt 0.17355700 0.46078700
vt 0.19327000 0.43452000
vt 0.16688900 0.47820600
vt 0.17326800 0.47120800
vt 0.17853500 0.47770500
vt 0.18733200 0.45789100
vt 0.18763300 0.43035900
vt 0.30220200 0.54839600
vt 0.29496100 0.54919500
vt 0.27212100 0.52541000
vt 0.26719800 0.51907600
vt 0.27954100 0.52110900
vt 0.24667400 0.51157700
vt 0.23774100 0.51796400
vt 0.20802800 0.55970500
vt 0.25025000 0.49988400
vt 0.25926600 0.51076700
vt 0.13905000 0.54067400
vt 0.15439100 0.54826600
vt 0.15332100 0.53319600
vt 0.13748400 0.51713300
vt 0.15813500 0.52020400
vt 0.27383000 0.54208500
vt 0.29160500 0.56100000
vt 0.34659100 0.19916100
vt 0.29284600 0.52578700
vt 0.30798900 0.52781600
vt 0.26304300 0.52795000
vt 0.13195800 0.52700800
vt 0.25034300 0.52058700
vt 0.25730500 0.51799100
vt 0.25491100 0.56635900
vt 0.16657500 0.58154900
vt 0.31579500 0.54527400
vt 0.15251100 0.48631500
vt 0.16297300 0.49459300
vt 0.27047100 0.57071800
vt 0.28268200 0.56786500
vt 0.33552600 0.20394100
vt 0.27870200 0.57891100
vt 0.32403600 0.20514000
vt 0.26699500 0.56123700
vt 0.21803800 0.44180700
vt 0.26218300 0.54899300
vt 0.16208900 0.51108400
vt 0.23286500 0.45119500
vt 0.26232500 0.58143200
vt 0.31515800 0.19222400
vt 0.18186700 0.42415100
vt 0.18953600 0.42224100
vt 0.16911500 0.41696000
vt 0.16360800 0.42011700
vt 0.17387500 0.41706000
vt 0.17819700 0.41974600
vt 0.29288000 0.49480600
vt 0.30284100 0.50252300
vt 0.19610800 0.42170900
vt 0.19634400 0.42845800
vt 0.16104800 0.41559100
vt 0.25072600 0.48495300
vt 0.26423600 0.49928300
vt 0.17018900 0.41337700
vt 0.31124800 0.51439500
vt 0.31657400 0.51164100
vt 0.20829800 0.42047300
vt 0.20025100 0.42378800
vt 0.21386800 0.42517900
vt 0.31170200 0.50344400
vt 0.28004700 0.49921500
vt 0.29669100 0.51096600
vt 0.21239000 0.43145100
vt 0.20561900 0.42674300
vt 0.27365400 0.51055000
vt 0.28550600 0.51394200
vt 0.26976200 0.49438700
vt 0.27049600 0.48752900
vt 0.22173900 0.42947500
vt 0.15461900 0.47933400
vt 0.24584600 0.46204700
vt 0.18821300 0.47908100
vt 0.26387400 0.48941900
vt 0.23268700 0.47641500
vt 0.23920800 0.48377400
vt 0.18194700 0.48995600
vt 0.24529300 0.47247600
vt 0.24084100 0.47699700
vt 0.24923200 0.46895300
vt 0.29174600 0.48236100
vt 0.28074300 0.48395300
vt 0.26879000 0.47671200
vt 0.25525700 0.45546200
vt 0.25712400 0.44650300
vt 0.24720000 0.44433300
vt 0.24774600 0.43798900
vt 0.23165800 0.42900400
vt 0.24592200 0.45041000
vt 0.23000900 0.43766100
vt 0.23734900 0.43417200
vt 0.23993100 0.44214500
vt 0.27497600 0.55644600
vt 0.30560000 0.56403200
vt 0.35145800 0.21210600
vt 0.23234500 0.46161700
vt 0.22909200 0.46800500
vt 0.16435100 0.48621000
vt 0.23765900 0.46878000
vt 0.18830300 0.31064100
vt 0.19826500 0.29853500
vt 0.19531500 0.28347200
vt 0.19829000 0.27579600
vt 0.27308200 0.32519500
vt 0.26693100 0.31722000
vt 0.28180600 0.31385500
vt 0.26861900 0.22403900
vt 0.27232400 0.20657100
vt 0.21673900 0.26001300
vt 0.21526900 0.27117000
vt 0.20448500 0.26964200
vt 0.29508800 0.22339000
vt 0.30867500 0.22194300
vt 0.26516700 0.39085700
vt 0.26801800 0.39856400
vt 0.25744700 0.40047400
vt 0.28995400 0.26345300
vt 0.28103600 0.27968700
vt 0.28471100 0.25326200
vt 0.32185100 0.29983300
vt 0.32824300 0.31099800
vt 0.31815700 0.30832000
vt 0.32818500 0.28418200
vt 0.33395500 0.28047700
vt 0.32866000 0.29412300
vt 0.26042300 0.38796700
vt 0.34640100 0.23773400
vt 0.33874700 0.25022800
vt 0.33783500 0.23434100
vt 0.34334000 0.21824600
vt 0.33010200 0.22193100
vt 0.29591000 0.25702100
vt 0.33037800 0.26021000
vt 0.32805100 0.24334300
vt 0.23435600 0.32585900
vt 0.24364400 0.31594200
vt 0.23984700 0.33354900
vt 0.26264200 0.41154800
vt 0.36117700 0.22345900
vt 0.30692300 0.34667700
vt 0.30511600 0.34091700
vt 0.31239300 0.33942800
vt 0.29365700 0.30708200
vt 0.30258800 0.29754800
vt 0.30019600 0.30760100
vt 0.24753200 0.38673400
vt 0.26278500 0.37757600
vt 0.26445800 0.42122100
vt 0.49059700 0.43388900
vt 0.50870900 0.41505400
vt 0.25173300 0.42629500
vt 0.30664200 0.31161800
vt 0.31380800 0.29756400
vt 0.27173700 0.27395900
vt 0.27489000 0.26530200
vt 0.20553400 0.25793500
vt 0.30944900 0.37060400
vt 0.31849700 0.36118400
vt 0.31615700 0.37744400
vt 0.31745300 0.25060800
vt 0.30603000 0.25290100
vt 0.31541900 0.24213000
vt 0.21354200 0.24135800
vt 0.21136000 0.25033100
vt 0.29799500 0.35522200
vt 0.29921800 0.33706700
vt 0.31915800 0.26731800
vt 0.25418800 0.32416900
vt 0.26027200 0.30342300
vt 0.28425600 0.23885100
vt 0.29097300 0.24125900
vt 0.30090700 0.23488200
vt 0.29830800 0.24681300
vt 0.35314100 0.22483400
vt 0.22006900 0.32970700
vt 0.19626700 0.34321200
vt 0.19916700 0.32023400
vt 0.26381600 0.26860500
vt 0.25583500 0.25205000
vt 0.27411700 0.24652000
vt 0.23720200 0.27074500
vt 0.22475300 0.24577200
vt 0.24203100 0.24255400
vt 0.22390100 0.30213500
vt 0.20689900 0.29027900
vt 0.21598400 0.28235100
vt 0.24004700 0.30790400
vt 0.23439600 0.31436800
vt 0.31075300 0.33144800
vt 0.22705400 0.37863200
vt 0.24177000 0.37000800
vt 0.32664900 0.27532700
vt 0.32143900 0.27948000
vt 0.24239000 0.28850600
vt 0.25293100 0.28502700
vt 0.21725300 0.35333300
vt 0.20694900 0.37276400
vt 0.20449100 0.27806400
vt 0.33350000 0.32600500
vt 0.32395500 0.32172500
vt 0.24386100 0.41215900
vt 0.52661100 0.42530500
vt 0.23250800 0.40862100
vt 0.53498600 0.43548400
vt 0.34226600 0.31100900
vt 0.32518000 0.33148700
vt 0.34320600 0.32431000
vt 0.32524600 0.36604400
vt 0.31935800 0.34030200
vt 0.32851800 0.33926000
vt 0.32264100 0.34923100
vt 0.30936700 0.35344100
vt 0.33083600 0.35258000
vt 0.34092600 0.33875600
vt 0.31846100 0.32927500
vt 0.32232900 0.23498700
vt 0.30841600 0.32293600
vt 0.29756400 0.32614500
vt 0.29310600 0.31805100
vt 0.29053200 0.32770600
vt 0.28760400 0.33831900
vt 0.27711800 0.35391100
vt 0.27683600 0.34107600
vt 0.28254000 0.32918200
vt 0.28813800 0.35261000
vt 0.28037600 0.36396100
vt 0.28518000 0.36719800
vt 0.26812800 0.36322000
vt 0.25804200 0.36846400
vt 0.27545500 0.37566300
vt 0.26544500 0.35035600
vt 0.26778000 0.38173600
vt 0.27320800 0.36841700
vt 0.25708100 0.23308700
vt 0.22964000 0.31828300
vt 0.24413700 0.29762500
vt 0.34672400 0.35860300
vt 0.35547400 0.34867600
vt 0.36243400 0.34211600
vt 0.36385900 0.33339200
vt 0.36986500 0.33154600
vt 0.36826800 0.31967600
vt 0.36481500 0.32814200
vt 0.38226800 0.28778400
vt 0.38454900 0.27169900
vt 0.37097400 0.27895100
vt 0.36985100 0.26247300
vt 0.36009400 0.26738100
vt 0.36016600 0.25428600
vt 0.37031200 0.25177400
vt 0.37890100 0.25400900
vt 0.38061900 0.26214700
vt 0.37712100 0.24720400
vt 0.38348200 0.24675600
vt 0.37657300 0.26979900
vt 0.31772100 0.22437100
vt 0.37932100 0.23935900
vt 0.30762400 0.23941500
vt 0.29731600 0.28295200
vt 0.30689300 0.27564900
vt 0.30515500 0.28530700
vt 0.33125200 0.27063400
vt 0.25215100 0.35737200
vt 0.30842700 0.23114800
vt 0.25235500 0.34163800
vt 0.23159400 0.34538000
vt 0.24062800 0.34464500
vt 0.29761700 0.26853200
vt 0.35700200 0.23660200
vt 0.28888300 0.37781900
vt 0.27992400 0.37912600
vt 0.31245400 0.28291700
vt 0.37274800 0.30937100
vt 0.38149200 0.30133500
vt 0.35676100 0.31025500
vt 0.36461100 0.30815700
vt 0.35309300 0.29695300
vt 0.35969000 0.29956200
vt 0.36668900 0.29893800
vt 0.37380600 0.29496100
vt 0.36520500 0.28712300
vt 0.37000100 0.29141500
vt 0.36022300 0.29227900
vt 0.35747500 0.27994600
vt 0.36968900 0.24166300
vt 0.35290700 0.29146100
vt 0.37017200 0.23379200
vt 0.36397400 0.23509300
vt 0.36442800 0.22816300
vt 0.36113900 0.24428000
vt 0.35042300 0.25195000
vt 0.35230600 0.26715400
vt 0.27210900 0.38629700
vt 0.27769700 0.39193800
vt 0.34016000 0.26883500
vt 0.37037400 0.22283700
vt 0.33673000 0.29736500
vt 0.28459500 0.22625500
vt 0.28048500 0.23357100
vt 0.26366400 0.33215800
vt 0.27216100 0.33512700
vt 0.30149000 0.36712900
vt 0.29818500 0.38203700
vt 0.29048700 0.23246300
vt 0.28836500 0.29683200
vt 0.31721300 0.31835300
vt 0.30919000 0.26449300
vt 0.32121800 0.28899900
vt 0.27536900 0.30277600
vt 0.22849600 0.33802700
vt 0.24800600 0.30422600
vt 0.25401200 0.29511400
vt 0.27915800 0.22818800
vt 0.31210800 0.31384600
vt 0.21649500 0.38189600
vt 0.22085300 0.37084600
vt 0.30886600 0.39026200
vt 0.30515700 0.38390100
vt 0.27395000 0.40487200
vt 0.26503300 0.28463700
vt 0.28573000 0.40146400
vt 0.22514300 0.35438300
vt 0.23259300 0.35370900
vt 0.34804000 0.28122200
vt 0.34570800 0.29551400
vt 0.34077100 0.28344000
vt 0.23172900 0.36531000
vt 0.24137000 0.35580700
vt 0.35020800 0.30513000
vt 0.25134300 0.41801900
vt 0.50907400 0.42671700
vt 0.27520400 0.41283800
vt 0.29953300 0.39973700
vt 0.27741700 0.41983200
vt 0.28289900 0.42179300
vt 0.28806900 0.41312700
vt 0.29602300 0.41289500
vt 0.34888100 0.31117100
vt 0.36002700 0.32171800
vt 0.34083300 0.35077600
vt 0.34571200 0.34559500
vt 0.35140400 0.31803500
vt 0.30691200 0.39770400
vt 0.35762700 0.32686900
vt 0.27080800 0.43159600
vt 0.47429900 0.42297300
vt 0.34891900 0.32941700
vt 0.35485000 0.33695400
vt 0.32948400 0.36846800
vt 0.32583200 0.37790300
vt 0.34827500 0.33668600
vt 0.31759700 0.38703100
vt 0.34777600 0.34139100
vt 0.33651000 0.35956800
vt 0.22618500 0.36060000
vt 0.21761700 0.36397300
vt 0.67700600 0.39834300
vt 0.69212500 0.38995900
vt 0.69507400 0.40140200
vt 0.69581200 0.34867300
vt 0.68286800 0.35633300
vt 0.68307100 0.34442700
vt 0.71822000 0.37739900
vt 0.72259000 0.35903600
vt 0.70813800 0.42024000
vt 0.72035700 0.32300600
vt 0.70021800 0.46353600
vt 0.71198100 0.32987400
vt 0.70757500 0.32503200
vt 0.70017200 0.47315300
vt 0.65118700 0.37454100
vt 0.65310600 0.38033300
vt 0.64300500 0.37926700
vt 0.62029700 0.34492400
vt 0.61925000 0.35621700
vt 0.61062000 0.35021000
vt 0.52796400 0.31446200
vt 0.69205400 0.66640700
vt 0.53187300 0.32618600
vt 0.52198400 0.32621700
vt 0.69289400 0.37651500
vt 0.72175000 0.41884000
vt 0.69983500 0.41281500
vt 0.58198000 0.38370300
vt 0.59546100 0.37493600
vt 0.59336800 0.38742800
vt 0.67794400 0.38086700
vt 0.52081800 0.33516000
vt 0.50806000 0.33008300
vt 0.54145500 0.31681100
vt 0.51673000 0.31937000
vt 0.51796400 0.31163100
vt 0.68913100 0.67915100
vt 0.66280900 0.38830800
vt 0.65785300 0.39746800
vt 0.65904500 0.41573800
vt 0.68348600 0.41313600
vt 0.68700900 0.69073800
vt 0.50588700 0.31586400
vt 0.49343300 0.41162200
vt 0.49917400 0.41568700
vt 0.68029500 0.36941700
vt 0.69959100 0.36324100
vt 0.57093600 0.35048900
vt 0.56965600 0.35756600
vt 0.56069200 0.35758400
vt 0.65848600 0.37615600
vt 0.58112400 0.34030200
vt 0.57083000 0.33954000
vt 0.57935100 0.33201000
vt 0.65456600 0.36842300
vt 0.64752400 0.38608100
vt 0.73414200 0.35276500
vt 0.73996300 0.35804500
vt 0.64449100 0.37096900
vt 0.64839200 0.35966300
vt 0.63875000 0.38508200
vt 0.66400700 0.34746000
vt 0.65433800 0.35018700
vt 0.65436000 0.33865500
vt 0.63031900 0.37896400
vt 0.64873600 0.39323300
vt 0.59606900 0.42053200
vt 0.58691900 0.41410000
vt 0.59556900 0.40723900
vt 0.63305400 0.36145400
vt 0.64023200 0.39170000
vt 0.70465000 0.33599700
vt 0.69176200 0.33596900
vt 0.67285300 0.33866800
vt 0.67387200 0.34953000
vt 0.63157700 0.39128700
vt 0.60259000 0.42836000
vt 0.61763600 0.41621600
vt 0.61933600 0.42745900
vt 0.64067000 0.40386100
vt 0.66765300 0.40530500
vt 0.61523900 0.37198300
vt 0.62094100 0.40156300
vt 0.61905400 0.38983700
vt 0.57860700 0.39749600
vt 0.69831100 0.42465000
vt 0.66338300 0.33285700
vt 0.61316800 0.39900700
vt 0.60508200 0.39595600
vt 0.62850500 0.34053600
vt 0.63005700 0.34807400
vt 0.64298100 0.34606600
vt 0.61677400 0.38136500
vt 0.70662400 0.35354100
vt 0.70525400 0.34542800
vt 0.59024200 0.42974200
vt 0.58216700 0.42468100
vt 0.64459400 0.33060600
vt 0.60649500 0.38239600
vt 0.61219400 0.38664200
vt 0.57771900 0.34582300
vt 0.58433000 0.34789700
vt 0.57768400 0.34943500
vt 0.71091000 0.39529600
vt 0.59637500 0.35717200
vt 0.60442100 0.36123200
vt 0.59014200 0.36495400
vt 0.67803100 0.31609600
vt 0.69812500 0.50445300
vt 0.66582800 0.32179000
vt 0.69835200 0.51524200
vt 0.66827000 0.31233500
vt 0.72921200 0.34611200
vt 0.53974100 0.38247200
vt 0.55218300 0.37611400
vt 0.55630800 0.38422500
vt 0.71455200 0.34754200
vt 0.68246200 0.32399300
vt 0.68912200 0.32801800
vt 0.68132900 0.33334300
vt 0.58027700 0.36301000
vt 0.58742400 0.35639400
vt 0.65963700 0.35964100
vt 0.67411300 0.32776400
vt 0.63463300 0.41932800
vt 0.56844700 0.36421000
vt 0.57777600 0.35608100
vt 0.50518500 0.40906000
vt 0.52253400 0.40708100
vt 0.60820800 0.40754900
vt 0.67051200 0.36060300
vt 0.69923800 0.32442500
vt 0.70193600 0.48286000
vt 0.70205100 0.49458900
vt 0.68992000 0.31498300
vt 0.65540400 0.32664500
vt 0.67165900 0.37619200
vt 0.66908900 0.37203800
vt 0.57474900 0.37332600
vt 0.66258600 0.36951800
vt 0.59203100 0.39837000
vt 0.57048000 0.38626500
vt 0.58632100 0.40612000
vt 0.50131800 0.39819300
vt 0.65587500 0.31602000
vt 0.69488900 0.52649200
vt 0.64795100 0.32052700
vt 0.57824500 0.41295500
vt 0.52262300 0.39440000
vt 0.54295400 0.39379500
vt 0.55948400 0.39072900
vt 0.56698800 0.39542600
vt 0.56317900 0.40079400
vt 0.47803200 0.33815100
vt 0.47465700 0.32596200
vt 0.48298400 0.32381700
vt 0.54920500 0.39928600
vt 0.53322100 0.39958000
vt 0.45301000 0.38079600
vt 0.48701000 0.34249100
vt 0.49247500 0.32787900
vt 0.47363900 0.37627400
vt 0.46336400 0.38040700
vt 0.46321000 0.37062600
vt 0.49734100 0.33852000
vt 0.45049100 0.37017700
vt 0.45726100 0.38901300
vt 0.48064500 0.36800600
vt 0.45704700 0.36069000
vt 0.49340600 0.31835800
vt 0.50553300 0.35187400
vt 0.49413400 0.34822200
vt 0.50604000 0.34168200
vt 0.47724000 0.35555100
vt 0.46443700 0.33704400
vt 0.46591800 0.34847400
vt 0.45233400 0.35039000
vt 0.48433600 0.31925700
vt 0.51435700 0.34475300
vt 0.63781400 0.33530200
vt 0.62185800 0.33336900
vt 0.61355500 0.34130300
vt 0.60827900 0.33395900
vt 0.57025900 0.42636500
vt 0.63465900 0.33991800
vt 0.51542800 0.35139100
vt 0.52363100 0.35499600
vt 0.51108700 0.36139900
vt 0.52431300 0.34514300
vt 0.53893200 0.34494900
vt 0.53491500 0.33506400
vt 0.54275000 0.32518200
vt 0.55020200 0.33061500
vt 0.55573200 0.34082600
vt 0.56494100 0.33096800
vt 0.55351900 0.31802300
vt 0.57397300 0.33096500
vt 0.73612600 0.33910800
vt 0.56294400 0.32227400
vt 0.57612100 0.32979300
vt 0.58400100 0.32182700
vt 0.59342600 0.31827000
vt 0.59064100 0.33394500
vt 0.57041600 0.31802000
vt 0.68968600 0.62256800
vt 0.56677300 0.31258000
vt 0.57687200 0.31315300
vt 0.69848100 0.61358500
vt 0.57380900 0.32504100
vt 0.56521700 0.41306900
vt 0.60057000 0.32953500
vt 0.60673500 0.32518300
vt 0.55811800 0.30601900
vt 0.68260100 0.63049500
vt 0.60673000 0.31523300
vt 0.70229000 0.58416200
vt 0.59915400 0.32360700
vt 0.58672800 0.31031700
vt 0.69282200 0.59971500
vt 0.53774300 0.40490600
vt 0.63392600 0.32803800
vt 0.63111000 0.33439800
vt 0.61466600 0.32699200
vt 0.52247500 0.41405300
vt 0.61311800 0.32099300
vt 0.59620000 0.30589400
vt 0.68994200 0.59095200
vt 0.61994300 0.32310300
vt 0.62753500 0.32376000
vt 0.54809900 0.30932200
vt 0.68328100 0.64194200
vt 0.54695400 0.41384000
vt 0.64002600 0.32211500
vt 0.63270900 0.32119100
vt 0.61749200 0.31550500
vt 0.69515600 0.56833800
vt 0.64332000 0.31442200
vt 0.69432300 0.54012100
vt 0.62683200 0.31796400
vt 0.55424000 0.43092000
vt 0.69399500 0.54825600
vt 0.63619800 0.31526100
vt 0.64904200 0.31315800
vt 0.69254200 0.53383700
vt 0.53078900 0.41560500
vt 0.59569700 0.34858200
vt 0.60250000 0.35247100
vt 0.62778300 0.30858000
vt 0.68818200 0.55804800
vt 0.60077300 0.33819600
vt 0.71697200 0.33621100
vt 0.71003400 0.34166200
vt 0.56160500 0.34713200
vt 0.54880300 0.35224200
vt 0.54475900 0.36409500
vt 0.54540800 0.37292200
vt 0.55552500 0.36771700
vt 0.54027900 0.37131100
vt 0.53450700 0.35901400
vt 0.53579700 0.37500200
vt 0.52933300 0.37070100
vt 0.52295000 0.36360900
vt 0.52620900 0.38216000
vt 0.51474500 0.37202400
vt 0.49377300 0.35986100
vt 0.51719300 0.38059900
vt 0.50111400 0.37125900
vt 0.50736900 0.38052000
vt 0.51409200 0.38926100
vt 0.50773900 0.38840100
vt 0.49122700 0.36704200
vt 0.50027800 0.38824200
vt 0.49656600 0.38262200
vt 0.48696300 0.39430800
vt 0.48137100 0.40696100
vt 0.48837900 0.40608200
vt 0.48240700 0.41570000
vt 0.48584400 0.37837400
vt 0.47055200 0.38894400
vt 0.47136800 0.40454100
vt 0.46112100 0.39587300
vt 0.47505700 0.41466300
vt 0.45350300 0.33649300
vt 0.44710600 0.33655700
vt 0.44805500 0.32875500
vt 0.44496500 0.34309500
vt 0.43793600 0.33043800
vt 0.67535600 0.75559100
vt 0.44009600 0.32155600
vt 0.44118000 0.33689400
vt 0.73131900 0.33054700
vt 0.70229000 0.44993700
vt 0.60508800 0.34473600
vt 0.56171200 0.37320400
vt 0.46182500 0.32294400
vt 0.67725900 0.73480700
vt 0.45247000 0.31538100
vt 0.66881300 0.73973100
vt 0.66436900 0.38038600
vt 0.66479600 0.37599600
vt 0.47649200 0.31409100
vt 0.67896300 0.71815000
vt 0.53900600 0.30768300
vt 0.68666900 0.65242000
vt 0.49647000 0.31134500
vt 0.67456900 0.69660700
vt 0.48892000 0.31220400
vt 0.67360200 0.70450100
vt 0.84078500 0.71161800
vt 0.82757100 0.70409900
vt 0.84860100 0.66692700
vt 0.83229100 0.67934200
vt 0.83758700 0.65539100
vt 0.85537700 0.64705700
vt 0.85262500 0.62975800
vt 0.79117400 0.67928900
vt 0.80219700 0.66124900
vt 0.79621500 0.65269700
vt 0.78235600 0.65388200
vt 0.87347500 0.58477400
vt 0.86518700 0.59373800
vt 0.86512700 0.58320100
vt 0.81225100 0.64498900
vt 0.82608400 0.64727400
vt 0.85034200 0.61349000
vt 0.86193500 0.60777300
vt 0.86212900 0.69454000
vt 0.86447200 0.70520300
vt 0.85371700 0.71602900
vt 0.87154400 0.61536000
vt 0.84940400 0.57784800
vt 0.86211900 0.57501900
vt 0.85758100 0.58305400
vt 0.75049600 0.64150500
vt 0.80738900 0.62242900
vt 0.81280200 0.62033800
vt 0.80945900 0.62864000
vt 0.77505000 0.63524300
vt 0.78317800 0.64022500
vt 0.77352600 0.64922400
vt 0.80597400 0.67188900
vt 0.82101200 0.67027300
vt 0.80125900 0.63114900
vt 0.80484700 0.63908400
vt 0.76372200 0.65541300
vt 0.76629700 0.64366400
vt 0.79314400 0.64177400
vt 0.81733200 0.62898800
vt 0.78447000 0.62826900
vt 0.82877300 0.59946600
vt 0.81933700 0.61152900
vt 0.81879900 0.59592300
vt 0.82875300 0.58337400
vt 0.83794000 0.58694800
vt 0.82875500 0.61579400
vt 0.80100600 0.62191400
vt 0.79244900 0.63034400
vt 0.83826200 0.60058400
vt 0.85824300 0.56548000
vt 0.84906200 0.60610500
vt 0.85533100 0.59966600
vt 0.85426900 0.68488700
vt 0.86295700 0.66898800
vt 0.77240000 0.61088000
vt 0.76254400 0.63122900
vt 0.75828400 0.61885500
vt 0.78077300 0.61869200
vt 0.82263100 0.63624900
vt 0.86806300 0.56557500
vt 0.82366000 0.54695300
vt 0.82850600 0.55367300
vt 0.81840100 0.55812000
vt 0.82154400 0.53682100
vt 0.82986700 0.53893600
vt 0.82829100 0.56746600
vt 0.80999000 0.55049300
vt 0.80595200 0.56120600
vt 0.81646600 0.57056600
vt 0.83843400 0.54421100
vt 0.81050100 0.56685400
vt 0.79881600 0.57254600
vt 0.87182700 0.51938700
vt 0.86331900 0.52937800
vt 0.84955800 0.54073900
vt 0.84970700 0.54757200
vt 0.85557600 0.53811200
vt 0.85185500 0.53176200
vt 0.86139100 0.53913900
vt 0.86758000 0.55638300
vt 0.86728800 0.54409000
vt 0.87552600 0.54667100
vt 0.85709400 0.54973900
vt 0.84800200 0.56107500
vt 0.85898800 0.55535500
vt 0.85223100 0.70050600
vt 0.84672000 0.59966400
vt 0.83142600 0.62812900
vt 0.84078100 0.62590600
vt 0.83798600 0.55578600
vt 0.83797100 0.57306700
vt 0.84119700 0.61272400
vt 0.84448100 0.69706200
vt 0.85875500 0.58977100
vt 0.85215200 0.58981800
vt 0.84468200 0.59061600
vt 0.84317700 0.68540900
vt 0.82551800 0.62856000
vt 0.81802800 0.58147300
vt 0.86947800 0.44559900
vt 0.86556200 0.45921900
vt 0.86145000 0.45491700
vt 0.83824300 0.56423600
vt 0.85402700 0.45506600
vt 0.85747000 0.44701700
vt 0.85699700 0.46548000
vt 0.87081600 0.45924600
vt 0.86578500 0.46383900
vt 0.84525600 0.45973900
vt 0.84363900 0.47631200
vt 0.82736700 0.48983800
vt 0.83032900 0.49812100
vt 0.81757000 0.49937600
vt 0.75696800 0.58435900
vt 0.74149100 0.59176000
vt 0.74377000 0.57892400
vt 0.79516000 0.56471700
vt 0.77189800 0.57214200
vt 0.78587300 0.57369700
vt 0.77214300 0.58409200
vt 0.76012800 0.57126100
vt 0.77192700 0.55763100
vt 0.75443700 0.56168100
vt 0.79739300 0.55471200
vt 0.80228300 0.54228100
vt 0.77856500 0.54203700
vt 0.78798700 0.54894300
vt 0.82217500 0.50796200
vt 0.83195400 0.50964200
vt 0.81983300 0.51746800
vt 0.84294000 0.49495200
vt 0.84748000 0.50265900
vt 0.78285000 0.58642200
vt 0.79197700 0.57786400
vt 0.79402100 0.58207200
vt 0.81338800 0.54108000
vt 0.78549100 0.56167500
vt 0.76537900 0.55036200
vt 0.84476100 0.48678800
vt 0.83782000 0.48762700
vt 0.82336600 0.52244100
vt 0.83253800 0.52321000
vt 0.76826000 0.54094800
vt 0.75808500 0.59797700
vt 0.78478000 0.53132900
vt 0.79581200 0.53321400
vt 0.74225500 0.60867000
vt 0.73102400 0.60799700
vt 0.74773300 0.59598700
vt 0.73261400 0.59916600
vt 0.75087700 0.61415200
vt 0.81259200 0.52984700
vt 0.79338400 0.52135500
vt 0.73113400 0.59266400
vt 0.77677200 0.53450500
vt 0.77051800 0.59422400
vt 0.77565800 0.59774600
vt 0.76355000 0.60568800
vt 0.78671200 0.59562200
vt 0.78024800 0.52677400
vt 0.73866200 0.60062500
vt 0.80894300 0.51576000
vt 0.82316100 0.52951900
vt 0.73953100 0.62222600
vt 0.84903000 0.48539700
vt 0.82926300 0.65618400
vt 0.84024200 0.51354900
vt 0.84283300 0.51923000
vt 0.85142400 0.50840500
vt 0.85381100 0.51774400
vt 0.86351500 0.51936300
vt 0.85520600 0.48797700
vt 0.85349600 0.47885600
vt 0.86204200 0.47653300
vt 0.82865200 0.53291700
vt 0.83917500 0.53018300
vt 0.86814300 0.48181900
vt 0.86078800 0.49442900
vt 0.86436900 0.50188400
vt 0.86733600 0.50801700
vt 0.86686900 0.46830300
vt 0.87076300 0.47242500
vt 0.79292800 0.50145200
vt 0.78678000 0.49313100
vt 0.79692200 0.49173600
vt 0.87033700 0.42706100
vt 0.87586900 0.43430200
vt 0.81948600 0.44515900
vt 0.81701800 0.45742600
vt 0.80413200 0.45198100
vt 0.72673300 0.58248000
vt 0.80219700 0.50624900
vt 0.81136800 0.46506900
vt 0.80181500 0.49513000
vt 0.82408600 0.45986600
vt 0.80544100 0.48491600
vt 0.81841400 0.48689200
vt 0.80977900 0.49383600
vt 0.76312400 0.53708300
vt 0.75398000 0.53931300
vt 0.76913100 0.52275500
vt 0.83359900 0.46661100
vt 0.83453600 0.45256400
vt 0.82879800 0.47888000
vt 0.81542100 0.47636800
vt 0.82303600 0.46907000
vt 0.75783300 0.54713900
vt 0.84717100 0.44809300
vt 0.83901200 0.43961400
vt 0.85540300 0.43609500
vt 0.85840500 0.42399700
vt 0.71711800 0.57153400
vt 0.72032100 0.56237800
vt 0.72600300 0.57083000
vt 0.86764100 0.41523000
vt 0.85539100 0.41538100
vt 0.78718700 0.51500500
vt 0.77179200 0.53199300
vt 0.73599600 0.56018000
vt 0.74629200 0.55475300
vt 0.73885300 0.56944400
vt 0.74075300 0.54583400
vt 0.79452900 0.48255500
vt 0.72986000 0.55892600
vt 0.78527900 0.47483600
vt 0.80129300 0.47402900
vt 0.78285000 0.50904700
vt 0.75188300 0.52652800
vt 0.79446800 0.46326300
vt 0.80921700 0.59417500
vt 0.79557200 0.60303200
vt 0.80409300 0.58250100
vt 0.79324200 0.61869200
vt 0.80747000 0.61048200
vt 0.78333500 0.60665100
vt 0.77605400 0.50589400
vt 0.76238100 0.51281700
vt 0.71639400 0.53497600
vt 0.84286200 0.42297500
vt 0.77606100 0.49162900
vt 0.71668800 0.55165400
vt 0.70937300 0.54750900
vt 0.77099900 0.50327900
vt 0.76371300 0.50130900
vt 0.74789000 0.50944000
vt 0.72730800 0.53304700
vt 0.72955400 0.54762000
vt 0.82976200 0.43139900
vt 0.82546700 0.42756800
vt 0.73873700 0.52948200
vt 0.70934500 0.53953500
vt 0.63381800 0.61092800
vt 0.64468000 0.60486500
vt 0.64960800 0.62402500
vt 0.64739300 0.63083200
vt 0.64259000 0.63226100
vt 0.65724800 0.61252700
vt 0.66752100 0.59380500
vt 0.65719500 0.58696000
vt 0.66414300 0.57697700
vt 0.65131700 0.57528300
vt 0.66483900 0.60639500
vt 0.65463500 0.59782000
vt 0.57195800 0.55357800
vt 0.58219300 0.54424000
vt 0.58383700 0.56078700
vt 0.62988000 0.54717600
vt 0.62866800 0.55691300
vt 0.62261000 0.55102000
vt 0.59008800 0.60301700
vt 0.58886000 0.61725300
vt 0.57894000 0.59707700
vt 0.59705700 0.59530800
vt 0.60746100 0.60473300
vt 0.59952400 0.61466400
vt 0.61743800 0.55819100
vt 0.59845500 0.67430000
vt 0.60593900 0.68691500
vt 0.62116100 0.54216500
vt 0.61581100 0.54676500
vt 0.61144600 0.53589600
vt 0.60771100 0.54692500
vt 0.61266400 0.67875000
vt 0.58670200 0.49958500
vt 0.57583800 0.50216900
vt 0.58221400 0.48766900
vt 0.59618200 0.52367900
vt 0.60393600 0.52367500
vt 0.59946400 0.53406100
vt 0.63658600 0.56352300
vt 0.62689100 0.56647000
vt 0.63442800 0.57363200
vt 0.65712400 0.56110200
vt 0.63954300 0.54082100
vt 0.62754500 0.53555600
vt 0.64639700 0.56181800
vt 0.64210700 0.56996900
vt 0.66833200 0.56196800
vt 0.67157700 0.57347300
vt 0.60688900 0.61706400
vt 0.65239500 0.47418100
vt 0.64006900 0.47326100
vt 0.64034300 0.45788700
vt 0.64198000 0.57986600
vt 0.63212600 0.46437800
vt 0.61479000 0.50315600
vt 0.61913500 0.49018600
vt 0.62739200 0.49957500
vt 0.64615200 0.49525300
vt 0.63226100 0.49236600
vt 0.63682900 0.48386700
vt 0.64628000 0.48403900
vt 0.59824400 0.58031900
vt 0.59216000 0.58515100
vt 0.61297900 0.63959300
vt 0.62192200 0.63908300
vt 0.61963600 0.65003300
vt 0.61204200 0.61386800
vt 0.58799300 0.57516700
vt 0.57628900 0.57394000
vt 0.60740700 0.62913200
vt 0.57765400 0.64670000
vt 0.61578900 0.65907300
vt 0.60845800 0.66539000
vt 0.60712900 0.65037800
vt 0.61521300 0.63045600
vt 0.61542100 0.62145100
vt 0.61705400 0.61420300
vt 0.61923400 0.61972400
vt 0.59831200 0.63349300
vt 0.59343300 0.65181800
vt 0.58676500 0.63379400
vt 0.61683000 0.60542800
vt 0.62804400 0.47303400
vt 0.60618400 0.48859600
vt 0.62157500 0.46079600
vt 0.62435700 0.48128600
vt 0.58417600 0.66809400
vt 0.63000900 0.50763500
vt 0.60133500 0.65981700
vt 0.58724600 0.58866500
vt 0.61645700 0.46974900
vt 0.61159000 0.47879400
vt 0.59196100 0.55239000
vt 0.59437100 0.56603500
vt 0.58512200 0.52426800
vt 0.57079400 0.53379200
vt 0.66723100 0.50725100
vt 0.67739400 0.51729400
vt 0.66476900 0.51829600
vt 0.65546900 0.49020100
vt 0.66421700 0.49652500
vt 0.65746900 0.50465800
vt 0.67255300 0.50113400
vt 0.55779900 0.54469000
vt 0.55711900 0.52121300
vt 0.59649100 0.49727900
vt 0.57646100 0.61926600
vt 0.56583600 0.62880500
vt 0.68039800 0.50231600
vt 0.54512100 0.51677200
vt 0.68333700 0.49274500
vt 0.67619100 0.49106000
vt 0.66909800 0.49060100
vt 0.59366900 0.48526200
vt 0.66353000 0.48244100
vt 0.68085300 0.47913100
vt 0.66962300 0.47242400
vt 0.67193800 0.48399600
vt 0.53030000 0.53259500
vt 0.52601100 0.55375600
vt 0.64942400 0.50619400
vt 0.55645900 0.61038800
vt 0.56664800 0.61456600
vt 0.60623900 0.63841400
vt 0.56528300 0.56434500
vt 0.58689000 0.50868600
vt 0.62121600 0.62771800
vt 0.61096600 0.62223600
vt 0.55253400 0.56763700
vt 0.55184400 0.59010600
vt 0.56639000 0.60113600
vt 0.56499900 0.58148000
vt 0.56926100 0.51499900
vt 0.54281100 0.55302300
vt 0.54451600 0.53526900
vt 0.54687000 0.60377200
vt 0.55194500 0.53044700
vt 0.53574300 0.51842700
vt 0.64786600 0.72554100
vt 0.65509500 0.74051300
vt 0.64443500 0.73365800
vt 0.63550900 0.70258500
vt 0.63064800 0.69234000
vt 0.63631100 0.68950100
vt 0.61759700 0.58370900
vt 0.62337700 0.59846200
vt 0.61407700 0.59555900
vt 0.65603600 0.72389500
vt 0.66750700 0.72661800
vt 0.63700600 0.73127500
vt 0.64052500 0.72304600
vt 0.63073500 0.71788500
vt 0.62015500 0.71174700
vt 0.62626100 0.70059400
vt 0.66402200 0.71555300
vt 0.65515600 0.70739500
vt 0.64581900 0.74357700
vt 0.64104600 0.74105000
vt 0.64150700 0.65244700
vt 0.63068300 0.63449600
vt 0.65039700 0.75221000
vt 0.66114500 0.75577100
vt 0.64461500 0.69594500
vt 0.65404500 0.69097800
vt 0.62441800 0.62085000
vt 0.64297200 0.71930300
vt 0.63966900 0.71378900
vt 0.61617800 0.66916800
vt 0.62368900 0.66528000
vt 0.62251900 0.68742700
vt 0.62968100 0.67858300
vt 0.64132400 0.70705000
vt 0.64694900 0.71286600
vt 0.62986700 0.64946500
vt 0.60703400 0.58961100
vt 0.66452200 0.70308800
vt 0.60759800 0.57828200
vt 0.61150700 0.56917000
vt 0.67399300 0.66394700
vt 0.67153200 0.68113500
vt 0.65617300 0.67174800
vt 0.62000700 0.57078500
vt 0.62724800 0.57767300
vt 0.63148800 0.66684100
vt 0.64032300 0.67400600
vt 0.66107600 0.65266300
vt 0.67173800 0.65076400
vt 0.62857400 0.65764700
vt 0.62533100 0.65545400
vt 0.61404900 0.69568500
vt 0.64256400 0.59099300
vt 0.63506000 0.58239900
vt 0.62406800 0.60741300
vt 0.67509500 0.64151300
vt 0.63465800 0.65982300
vt 0.63137100 0.62216000
vt 0.66093000 0.46970700
vt 0.65065400 0.64458300
vt 0.65182800 0.65563900
vt 0.66679500 0.64291400
vt 0.65795300 0.63720600
vt 0.64822400 0.68305600
vt 0.62096400 0.61216100
vt 0.62609000 0.61409400
vt 0.66926500 0.63213400
vt 0.65376400 0.45578200
vt 0.62149300 0.65768800
vt 0.66440500 0.45936900
vt 0.62134200 0.67590300
vt 0.59271300 0.47981100
vt 0.59966800 0.47723900
vt 0.60288000 0.50550200
vt 0.60319800 0.56986400
vt 0.59227600 0.47636900
vt 0.61977000 0.61618600
vt 0.63147300 0.59238300
vt 0.59115100 0.54036700
vt 0.59907900 0.54603100
vt 0.60545800 0.46703900
vt 0.67873500 0.54754200
vt 0.67087100 0.54816100
vt 0.67312300 0.53796800
vt 0.67624800 0.52996800
vt 0.68517200 0.53736900
vt 0.66260000 0.53098700
vt 0.67132200 0.52707100
vt 0.66624100 0.54068600
vt 0.66054300 0.54619200
vt 0.60385700 0.55832600
vt 0.66332500 0.68869600
vt 0.69052000 0.53009600
vt 0.68499900 0.60372900
vt 0.68803300 0.52191500
vt 0.63463200 0.52723200
vt 0.63903600 0.55303000
vt 0.64906300 0.53248300
vt 0.64915500 0.54907400
vt 0.68239500 0.61432300
vt 0.68724400 0.57616000
vt 0.67813700 0.56833600
vt 0.59158000 0.50462600
vt 0.59661100 0.51298200
vt 0.59661900 0.50544400
vt 0.67704400 0.55735500
vt 0.67639800 0.58307700
vt 0.69221700 0.44752000
vt 0.62285900 0.45408700
vt 0.62069900 0.52160900
vt 0.61262100 0.52456800
vt 0.62925400 0.45537000
vt 0.62802400 0.51544300
vt 0.65249300 0.51629700
vt 0.63971500 0.51757200
vt 0.63992300 0.50486000
vt 0.68922500 0.50228600
vt 0.69344100 0.49695400
vt 0.68978900 0.49086600
vt 0.69218600 0.48376400
vt 0.68701000 0.51187700
vt 0.69212400 0.47314500
vt 0.68474600 0.45998400
vt 0.67434500 0.46274500
vt 0.60854500 0.51300500
vt 0.67519400 0.44862700
vt 0.66749000 0.44923100
vt 0.61881600 0.53188500
vt 0.60776600 0.50627400
vt 0.67424600 0.60521000
vt 0.67865200 0.59569600
vt 0.67057900 0.61901600
vt 0.64988400 0.63421600
vt 0.66104800 0.62494400
vt 0.64926100 0.58610000
vt 0.40807400 0.64128500
vt 0.39949700 0.66088200
vt 0.39248500 0.65041600
vt 0.43504900 0.65736800
vt 0.42979100 0.64903100
vt 0.43750200 0.65158400
vt 0.44109400 0.65680800
vt 0.38339400 0.64372900
vt 0.37513800 0.64416100
vt 0.37806500 0.63738900
vt 0.40186000 0.58469200
vt 0.40718900 0.58550100
vt 0.40726000 0.59131900
vt 0.42508600 0.59489900
vt 0.43197900 0.60513000
vt 0.42117800 0.60870300
vt 0.39211800 0.69007300
vt 0.39546800 0.67834700
vt 0.40103400 0.68954100
vt 0.35880300 0.70846900
vt 0.38198200 0.70805600
vt 0.37630000 0.71941300
vt 0.43879400 0.66346300
vt 0.43966800 0.67284100
vt 0.43025500 0.66576600
vt 0.38524500 0.66691700
vt 0.37394800 0.66423700
vt 0.38143900 0.65539000
vt 0.45383400 0.50450300
vt 0.44091100 0.51439400
vt 0.44515600 0.49942500
vt 0.34528100 0.63315700
vt 0.41009000 0.68918400
vt 0.40740900 0.67359900
vt 0.41613000 0.68137500
vt 0.44098300 0.63626300
vt 0.44396200 0.64824500
vt 0.43573800 0.64202400
vt 0.38500800 0.69685500
vt 0.38268000 0.68548600
vt 0.40793900 0.61989200
vt 0.42192700 0.62603000
vt 0.42905000 0.62822500
vt 0.43382100 0.63136200
vt 0.42861600 0.63612800
vt 0.43507800 0.61680600
vt 0.42842700 0.61508200
vt 0.39068600 0.59178200
vt 0.39066300 0.57931800
vt 0.39876700 0.59501000
vt 0.39545800 0.63436300
vt 0.39501800 0.61900100
vt 0.44916500 0.66297600
vt 0.42019700 0.52101700
vt 0.40947100 0.50498600
vt 0.42753300 0.51083500
vt 0.37281800 0.68924200
vt 0.36000000 0.69208600
vt 0.36902800 0.67839300
vt 0.40918500 0.65854500
vt 0.37375000 0.63284000
vt 0.36534800 0.64057200
vt 0.43397500 0.59016000
vt 0.43333100 0.58215600
vt 0.43680500 0.57828100
vt 0.37334900 0.69782100
vt 0.43092400 0.62376500
vt 0.42269500 0.65408100
vt 0.42062100 0.64176500
vt 0.42812400 0.69867100
vt 0.41694800 0.69706300
vt 0.42446500 0.68146900
vt 0.39388900 0.71150300
vt 0.38740500 0.71636700
vt 0.46217600 0.52609200
vt 0.45894400 0.51327300
vt 0.46752800 0.50548900
vt 0.47842900 0.67800500
vt 0.46825300 0.67142300
vt 0.47749200 0.66378500
vt 0.40079000 0.60830100
vt 0.43002000 0.52238200
vt 0.43438000 0.70766800
vt 0.42899800 0.71249800
vt 0.42964200 0.46271200
vt 0.42190900 0.45497100
vt 0.41521800 0.65081900
vt 0.41803200 0.66547900
vt 0.41081700 0.60199400
vt 0.43772700 0.62572900
vt 0.41522800 0.58822800
vt 0.44852600 0.67973900
vt 0.40667600 0.45943900
vt 0.41461800 0.44017200
vt 0.41994300 0.71625200
vt 0.42593100 0.48992300
vt 0.40193400 0.48093000
vt 0.41625000 0.47222900
vt 0.44106500 0.68179600
vt 0.44227500 0.69037300
vt 0.43489000 0.68470600
vt 0.40500300 0.70339500
vt 0.38783000 0.55961200
vt 0.38301500 0.54808300
vt 0.39706000 0.54893300
vt 0.44044300 0.71133200
vt 0.43763700 0.69867100
vt 0.43661500 0.53142400
vt 0.42439800 0.53566600
vt 0.38683500 0.49293600
vt 0.38949000 0.51367700
vt 0.41838400 0.59863100
vt 0.39022800 0.60346800
vt 0.40715700 0.53082300
vt 0.41158100 0.71349900
vt 0.45815100 0.67090300
vt 0.44481100 0.70157500
vt 0.45779700 0.64979200
vt 0.46440300 0.66119800
vt 0.43609500 0.50118100
vt 0.46255900 0.68407700
vt 0.43504100 0.71479400
vt 0.44108100 0.56716000
vt 0.42972000 0.56535000
vt 0.43724500 0.55533000
vt 0.45193800 0.69394600
vt 0.44729300 0.55462100
vt 0.43828400 0.54389800
vt 0.44606400 0.53800800
vt 0.45261500 0.53037400
vt 0.44492800 0.52640000
vt 0.42767600 0.58162400
vt 0.38857400 0.53364400
vt 0.43152500 0.46434200
vt 0.40933000 0.57614200
vt 0.45171700 0.71085000
vt 0.43729700 0.72348400
vt 0.42805500 0.47114800
vt 0.46080200 0.70014200
vt 0.45790100 0.54568500
vt 0.44599200 0.72255500
vt 0.41936100 0.57351700
vt 0.45172600 0.51902800
vt 0.40086400 0.57615300
vt 0.47520700 0.69842100
vt 0.46495900 0.71543700
vt 0.41498700 0.55570100
vt 0.40054800 0.56545000
vt 0.43675800 0.47897400
vt 0.43223100 0.53943000
vt 0.42986700 0.54843100
vt 0.47613500 0.54741700
vt 0.47068300 0.55714900
vt 0.46832000 0.54061300
vt 0.48710200 0.58435600
vt 0.48836600 0.59400400
vt 0.47755100 0.59256800
vt 0.44116400 0.48935300
vt 0.37132300 0.52362300
vt 0.36526600 0.50024200
vt 0.36674400 0.60892100
vt 0.36230400 0.59781600
vt 0.37634100 0.60240400
vt 0.34921800 0.59731500
vt 0.40985100 0.78591800
vt 0.41147200 0.79142100
vt 0.39751200 0.79082100
vt 0.35500200 0.60843700
vt 0.36507400 0.62405600
vt 0.34776500 0.62012000
vt 0.38407700 0.61718400
vt 0.37447100 0.61549300
vt 0.39867000 0.57340700
vt 0.37076700 0.53991500
vt 0.38203700 0.58937800
vt 0.38328500 0.56802600
vt 0.37230300 0.55478600
vt 0.35419400 0.58637500
vt 0.35124600 0.57797000
vt 0.37245500 0.57322900
vt 0.35665800 0.56032200
vt 0.35165600 0.57169300
vt 0.40061800 0.73400200
vt 0.38975200 0.73386000
vt 0.39972000 0.72559100
vt 0.35416800 0.63260700
vt 0.36954000 0.58750000
vt 0.38661500 0.75027900
vt 0.38609900 0.76872000
vt 0.49485600 0.59958700
vt 0.47525500 0.57709400
vt 0.46125200 0.56716500
vt 0.39370500 0.56989700
vt 0.48233800 0.49056400
vt 0.36315800 0.57854900
vt 0.47900500 0.52819800
vt 0.49226100 0.61343200
vt 0.48164400 0.50649300
vt 0.39152600 0.72271800
vt 0.37129000 0.65291900
vt 0.46815600 0.48061500
vt 0.47280400 0.48837900
vt 0.35191600 0.68220000
vt 0.45563400 0.48675200
vt 0.46325800 0.49312000
vt 0.39356800 0.70017200
vt 0.35211400 0.51357900
vt 0.43911400 0.76234800
vt 0.44532700 0.77297800
vt 0.43719900 0.77837100
vt 0.39637800 0.71602400
vt 0.40641700 0.71525300
vt 0.40161700 0.71846100
vt 0.40329500 0.71344400
vt 0.43500200 0.75172000
vt 0.43073200 0.75634600
vt 0.42869400 0.76720900
vt 0.42641900 0.78176900
vt 0.40586700 0.72271500
vt 0.39573300 0.79780800
vt 0.38294000 0.77934600
vt 0.36031300 0.67531800
vt 0.36324100 0.66777800
vt 0.36445500 0.67392900
vt 0.41744000 0.78500700
vt 0.37749100 0.62672600
vt 0.42606500 0.79447800
vt 0.39613600 0.78511900
vt 0.38876100 0.78925000
vt 0.41067600 0.72591000
vt 0.41688500 0.77186700
vt 0.40242300 0.77677200
vt 0.42004100 0.75710700
vt 0.34964100 0.64356100
vt 0.37780600 0.74133800
vt 0.38130500 0.73028000
vt 0.37050800 0.73480900
vt 0.39240200 0.77836300
vt 0.42923900 0.74405700
vt 0.41217600 0.74041800
vt 0.40397700 0.76153200
vt 0.41586700 0.79720700
vt 0.45769900 0.60245900
vt 0.46483300 0.60653800
vt 0.45720800 0.61247900
vt 0.46531600 0.59282000
vt 0.46598600 0.58003900
vt 0.45277800 0.58955500
vt 0.44813300 0.60435300
vt 0.45951700 0.58192200
vt 0.45194000 0.57357700
vt 0.44267600 0.59037300
vt 0.44513600 0.57962200
vt 0.50699800 0.68039300
vt 0.46671000 0.73464600
vt 0.48131600 0.71951600
vt 0.47761000 0.74313200
vt 0.44017600 0.61046400
vt 0.43926500 0.59989700
vt 0.49946000 0.68878900
vt 0.49659700 0.69281400
vt 0.49029700 0.68880000
vt 0.44103500 0.62007000
vt 0.40794300 0.38375500
vt 0.39426100 0.39735900
vt 0.48973700 0.67601300
vt 0.44727100 0.62875600
vt 0.44848700 0.61708400
vt 0.48844900 0.79853100
vt 0.47688300 0.79136500
vt 0.48288400 0.76258700
vt 0.48653900 0.66801800
vt 0.38628700 0.63033200
vt 0.48897100 0.70149000
vt 0.44960400 0.64016800
vt 0.49686700 0.70019400
vt 0.49847700 0.70935900
vt 0.46924500 0.61454900
vt 0.45978900 0.62451300
vt 0.47104600 0.64456900
vt 0.46836600 0.65368700
vt 0.47385300 0.65842200
vt 0.47754300 0.65315400
vt 0.48881500 0.65621000
vt 0.49539200 0.66642500
vt 0.50565900 0.69611900
vt 0.47268600 0.62370700
vt 0.49945400 0.69566800
vt 0.46691400 0.78501300
vt 0.46854800 0.75714000
vt 0.49509400 0.69574500
vt 0.47769100 0.62905600
vt 0.48245100 0.62783900
vt 0.47942100 0.63496600
vt 0.49623400 0.72323900
vt 0.48228300 0.62327500
vt 0.44059200 0.79113000
vt 0.44557600 0.78130800
vt 0.44961700 0.78076200
vt 0.43339100 0.79622700
vt 0.35503000 0.65701300
vt 0.43204700 0.80188600
vt 0.39337600 0.80563500
vt 0.40417100 0.80500100
vt 0.41790400 0.80353500
vt 0.48999600 0.62960800
vt 0.50076100 0.64079400
vt 0.48455200 0.64348500
vt 0.49141300 0.74079000
vt 0.45857500 0.63656300
vt 0.46966400 0.63259700
vt 0.50593800 0.71752100
vt 0.50700500 0.73136100
vt 0.50340800 0.65787500
vt 0.47959900 0.60590100
vt 0.47861300 0.61600700
vt 0.47183500 0.60224900
vt 0.47125000 0.60779600
vt 0.49747100 0.67802400
vt 0.41093800 0.42161500
vt 0.39432600 0.44146000
vt 0.37944200 0.43508200
vt 0.38404900 0.41678000
vt 0.37540400 0.45362500
vt 0.50561500 0.74972100
vt 0.49833000 0.76767800
vt 0.38049500 0.47729000
vt 0.38838900 0.46387200
vt 0.50336000 0.79822500
vt 0.36749400 0.46450300
vt 0.45833100 0.78113800
vt 0.45258000 0.77054700
vt 0.45412800 0.73110400
vt 0.46101000 0.74390600
vt 0.45425000 0.75322300
vt 0.50433600 0.66966400
vt 0.44658300 0.76661400
vt 0.44689800 0.75994500
vt 0.44105400 0.74913200
vt 0.44481700 0.73567800
vt 0.43121500 0.71737100
vt 0.42825600 0.72698800
vt 0.43628900 0.73551300
vt 0.36474600 0.71929200
vt 0.37578000 0.72789200
vt 0.36630200 0.72545200
vt 0.36297600 0.72184900
f 1/1 3/3 6/6
f 8/8 11/11 12/12
f 15/15 11/11 8/8
f 11/11 15/15 19/19
f 24/24 25/25 26/26
f 29/29 26/26 25/25
f 25/25 24/24 31/31
f 31/31 29/29 25/25
f 23/23 27/27 34/34
f 34/34 35/35 20/20
f 20/20 16/16 34/34
f 27/27 37/37 35/35
f 40/40 23/23 34/34
f 34/34 16/16 40/40
f 42/42 37/37 27/27
f 35/35 34/34 27/27
f 47/47 48/48 50/50
f 51/51 53/53 57/57
f 50/50 58/58 60/60
f 62/62 63/63 66/66
f 66/66 53/53 62/62
f 53/53 51/51 62/62
f 50/50 62/62 58/58
f 48/48 63/63 62/62
f 62/62 50/50 48/48
f 51/51 58/58 62/62
f 47/47 50/50 60/60
f 69/69 70/70 72/72
f 73/73 76/76 77/77
f 70/70 69/69 80/80
f 69/69 81/81 82/82
f 80/80 84/84 87/87
f 91/91 94/94 82/82
f 73/73 81/81 76/76
f 73/73 95/95 81/81
f 95/95 91/91 81/81
f 77/77 72/72 70/70
f 97/97 77/77 70/70
f 81/81 72/72 76/76
f 80/80 87/87 70/70
f 69/69 72/72 81/81
f 82/82 81/81 91/91
f 76/76 72/72 77/77
f 93/93 100/100 102/102
f 105/105 106/106 108/108
f 109/109 102/102 108/108
f 110/110 111/111 108/108
f 113/113 110/110 102/102
f 116/116 110/110 118/118
f 111/111 110/110 116/116
f 108/108 111/111 119/119
f 102/102 121/121 113/113
f 102/102 110/110 108/108
f 108/108 119/119 105/105
f 93/93 89/89 100/100
f 102/102 109/109 93/93
f 106/106 93/93 109/109
f 118/118 124/124 116/116
f 106/106 109/109 108/108
f 118/118 110/110 113/113
f 100/100 121/121 102/102
f 127/127 128/128 129/129
f 17/17 9/9 129/129
f 129/129 130/130 132/132
f 17/17 132/132 41/41
f 127/127 133/133 135/135
f 137/137 139/139 127/127
f 128/128 139/139 141/141
f 129/129 142/142 130/130
f 128/128 141/141 129/129
f 144/144 141/141 139/139
f 132/132 130/130 41/41
f 137/137 144/144 139/139
f 133/133 129/129 13/13
f 129/129 141/141 142/142
f 22/22 41/41 32/32
f 127/127 135/135 137/137
f 128/128 127/127 139/139
f 41/41 130/130 32/32
f 127/127 129/129 133/133
f 129/129 9/9 13/13
f 129/129 132/132 17/17
f 147/147 148/148 149/149
f 151/151 148/148 152/152
f 152/152 153/153 151/151
f 153/153 154/154 156/156
f 148/148 158/158 152/152
f 154/154 153/153 152/152
f 147/147 158/158 148/148
f 148/148 159/159 149/149
f 158/158 154/154 152/152
f 161/161 165/165 147/147
f 147/147 149/149 161/161
f 147/147 166/166 158/158
f 147/147 165/165 166/166
f 168/168 166/166 165/165
f 158/158 166/166 171/171
f 153/153 156/156 176/176
f 177/177 179/179 151/151
f 154/154 158/158 171/171
f 159/159 151/151 179/179
f 176/176 177/177 153/153
f 148/148 151/151 159/159
f 153/153 177/177 151/151
f 38/38 181/181 36/36
f 21/21 36/36 181/181
f 182/182 21/21 181/181
f 183/183 64/64 49/49
f 182/182 181/181 184/184
f 182/182 185/185 186/186
f 187/187 38/38 64/64
f 64/64 183/183 187/187
f 183/183 184/184 187/187
f 184/184 38/38 187/187
f 184/184 183/183 182/182
f 183/183 185/185 182/182
f 182/182 186/186 188/188
f 38/38 184/184 181/181
f 49/49 190/190 185/185
f 188/188 186/186 191/191
f 191/191 190/190 193/193
f 188/188 21/21 182/182
f 190/190 186/186 185/185
f 185/185 183/183 49/49
f 193/193 190/190 46/46
f 191/191 186/186 190/190
f 46/46 190/190 49/49
f 196/196 198/198 199/199
f 201/201 203/203 198/198
f 205/205 207/207 208/208
f 210/210 211/211 214/214
f 215/215 214/214 211/211
f 217/217 214/214 215/215
f 218/218 217/217 215/215
f 203/203 221/221 222/222
f 201/201 196/196 218/218
f 217/217 218/218 196/196
f 225/225 207/207 205/205
f 227/227 229/229 231/231
f 232/232 231/231 235/235
f 210/210 214/214 232/232
f 227/227 231/231 232/232
f 217/217 208/208 214/214
f 199/199 217/217 196/196
f 217/217 199/199 205/205
f 207/207 232/232 208/208
f 231/231 229/229 235/235
f 214/214 208/208 232/232
f 225/225 205/205 199/199
f 232/232 235/235 210/210
f 232/232 207/207 227/227
f 196/196 201/201 198/198
f 208/208 217/217 205/205
f 203/203 201/201 221/221
f 236/236 101/101 90/90
f 237/237 239/239 74/74
f 236/236 122/122 101/101
f 237/237 240/240 242/242
f 96/96 243/243 236/236
f 242/242 240/240 61/61
f 240/240 194/194 61/61
f 244/244 243/243 245/245
f 246/246 245/245 243/243
f 55/55 247/247 248/248
f 243/243 247/247 236/236
f 61/61 249/249 242/242
f 239/239 245/245 246/246
f 74/74 239/239 246/246
f 194/194 45/45 61/61
f 122/122 247/247 55/55
f 122/122 236/236 247/247
f 237/237 242/242 239/239
f 59/59 245/245 249/249
f 247/247 243/243 244/244
f 239/239 249/249 245/245
f 247/247 244/244 248/248
f 96/96 74/74 246/246
f 59/59 249/249 61/61
f 242/242 249/249 239/239
f 59/59 244/244 245/245
f 246/246 243/243 96/96
f 90/90 96/96 236/236
f 52/52 55/55 248/248
f 248/248 244/244 52/52
f 244/244 59/59 52/52
f 250/250 251/251 253/253
f 257/257 250/250 253/253
f 258/258 259/259 260/260
f 107/107 262/262 92/92
f 263/263 264/264 262/262
f 257/257 259/259 250/250
f 262/262 265/265 263/263
f 266/266 258/258 251/251
f 259/259 257/257 268/268
f 269/269 271/271 272/272
f 258/258 273/273 263/263
f 273/273 264/264 263/263
f 274/274 275/275 277/277
f 274/274 260/260 275/275
f 264/264 68/68 83/83
f 279/279 107/107 103/103
f 262/262 83/83 92/92
f 269/269 281/281 279/279
f 258/258 265/265 271/271
f 258/258 274/274 273/273
f 263/263 265/265 258/258
f 250/250 259/259 266/266
f 271/271 251/251 258/258
f 264/264 83/83 262/262
f 271/271 265/265 272/272
f 274/274 277/277 273/273
f 251/251 250/250 266/266
f 279/279 281/281 107/107
f 269/269 251/251 271/271
f 281/281 269/269 272/272
f 68/68 264/264 79/79
f 79/79 264/264 85/85
f 273/273 277/277 264/264
f 268/268 260/260 259/259
f 258/258 260/260 274/274
f 281/281 272/272 262/262
f 264/264 277/277 85/85
f 265/265 262/262 272/272
f 266/266 259/259 258/258
f 262/262 107/107 281/281
f 282/282 283/283 285/285
f 56/56 54/54 286/286
f 285/285 287/287 288/288
f 285/285 289/289 287/287
f 39/39 43/43 290/290
f 292/292 290/290 43/43
f 67/67 282/282 286/286
f 293/293 294/294 295/295
f 294/294 296/296 295/295
f 285/285 286/286 282/282
f 298/298 287/287 293/293
f 294/294 289/289 299/299
f 293/293 117/117 298/298
f 301/301 305/305 306/306
f 290/290 292/292 308/308
f 310/310 285/285 283/283
f 125/125 295/295 296/296
f 312/312 314/314 310/310
f 314/314 315/315 316/316
f 308/308 283/283 282/282
f 294/294 293/293 287/287
f 315/315 289/289 316/316
f 305/305 299/299 306/306
f 282/282 290/290 308/308
f 123/123 56/56 288/288
f 294/294 299/299 296/296
f 285/285 314/314 316/316
f 293/293 125/125 117/117
f 125/125 293/293 295/295
f 317/317 288/288 287/287
f 282/282 67/67 65/65
f 287/287 298/298 317/317
f 294/294 287/287 289/289
f 290/290 65/65 39/39
f 290/290 282/282 65/65
f 315/315 306/306 299/299
f 288/288 317/317 123/123
f 305/305 318/318 299/299
f 316/316 289/289 285/285
f 315/315 312/312 306/306
f 298/298 114/114 317/317
f 286/286 288/288 56/56
f 296/296 299/299 318/318
f 317/317 114/114 123/123
f 289/289 315/315 299/299
f 54/54 67/67 286/286
f 310/310 314/314 285/285
f 298/298 117/117 114/114
f 288/288 286/286 285/285
f 315/315 314/314 312/312
f 320/320 322/322 323/323
f 325/325 326/326 328/328
f 329/329 323/323 322/322
f 328/328 329/329 325/325
f 331/331 333/333 334/334
f 335/335 167/167 336/336
f 337/337 334/334 338/338
f 167/167 339/339 340/340
f 326/326 325/325 335/335
f 341/341 172/172 167/167
f 343/343 336/336 167/167
f 345/345 347/347 348/348
f 325/325 329/329 350/350
f 340/340 339/339 331/331
f 350/350 322/322 351/351
f 352/352 353/353 354/354
f 338/338 339/339 335/335
f 338/338 355/355 357/357
f 341/341 167/167 340/340
f 343/343 328/328 336/336
f 320/320 338/338 335/335
f 337/337 353/353 359/359
f 329/329 328/328 364/364
f 350/350 351/351 325/325
f 351/351 320/320 335/335
f 355/355 338/338 320/320
f 338/338 334/334 333/333
f 354/354 365/365 352/352
f 353/353 347/347 354/354
f 338/338 357/357 367/367
f 343/343 167/167 169/169
f 351/351 335/335 325/325
f 322/322 350/350 329/329
f 351/351 322/322 320/320
f 167/167 335/335 339/339
f 335/335 336/336 326/326
f 359/359 368/368 337/337
f 339/339 338/338 333/333
f 337/337 367/367 370/370
f 334/334 368/368 331/331
f 367/367 357/357 347/347
f 331/331 341/341 340/340
f 338/338 367/367 337/337
f 331/331 339/339 333/333
f 337/337 368/368 334/334
f 353/353 371/371 359/359
f 337/337 370/370 353/353
f 326/326 336/336 328/328
f 353/353 370/370 347/347
f 353/353 352/352 371/371
f 370/370 367/367 347/347
f 371/371 352/352 365/365
f 345/345 354/354 347/347
f 347/347 357/357 348/348
f 365/365 354/354 345/345
f 345/345 376/376 365/365
f 377/377 379/379 380/380
f 381/381 384/384 386/386
f 387/387 388/388 389/389
f 390/390 392/392 393/393
f 393/393 394/394 395/395
f 397/397 398/398 394/394
f 399/399 400/400 379/379
f 379/379 401/401 399/399
f 402/402 399/399 404/404
f 405/405 387/387 406/406
f 393/393 395/395 408/408
f 402/402 404/404 409/409
f 412/412 414/414 416/416
f 417/417 380/380 379/379
f 414/414 418/418 416/416
f 406/406 389/389 394/394
f 405/405 400/400 384/384
f 384/384 400/400 386/386
f 379/379 400/400 417/417
f 389/389 416/416 397/397
f 421/421 422/422 423/423
f 398/398 426/426 428/428
f 397/397 422/422 398/398
f 388/388 416/416 389/389
f 384/384 387/387 405/405
f 405/405 406/406 392/392
f 402/402 386/386 400/400
f 393/393 392/392 406/406
f 426/426 398/398 422/422
f 388/388 387/387 384/384
f 392/392 390/390 432/432
f 422/422 421/421 426/426
f 392/392 432/432 433/433
f 405/405 392/392 417/417
f 416/416 422/422 397/397
f 405/405 417/417 400/400
f 388/388 384/384 381/381
f 406/406 394/394 393/393
f 436/436 409/409 404/404
f 401/401 438/438 404/404
f 404/404 438/438 436/436
f 379/379 377/377 401/401
f 438/438 401/401 439/439
f 406/406 387/387 389/389
f 397/397 394/394 389/389
f 388/388 381/381 412/412
f 380/380 417/417 392/392
f 408/408 390/390 393/393
f 394/394 398/398 395/395
f 418/418 423/423 422/422
f 412/412 416/416 388/388
f 401/401 404/404 399/399
f 416/416 418/418 422/422
f 436/436 438/438 439/439
f 401/401 377/377 439/439
f 377/377 380/380 433/433
f 398/398 428/428 395/395
f 392/392 433/433 380/380
f 400/400 399/399 402/402
f 441/441 442/442 443/443
f 445/445 447/447 449/449
f 451/451 454/454 455/455
f 454/454 456/456 455/455
f 457/457 458/458 459/459
f 460/460 451/451 455/455
f 455/455 456/456 460/460
f 460/460 461/461 451/451
f 463/463 460/460 456/456
f 464/464 442/442 466/466
f 469/469 470/470 458/458
f 472/472 461/461 460/460
f 463/463 472/472 460/460
f 459/459 442/442 473/473
f 474/474 476/476 477/477
f 479/479 480/480 482/482
f 482/482 484/484 479/479
f 486/486 488/488 464/464
f 489/489 443/443 488/488
f 443/443 489/489 441/441
f 443/443 442/442 464/464
f 463/463 490/490 491/491
f 459/459 470/470 442/442
f 441/441 473/473 442/442
f 492/492 473/473 479/479
f 459/459 473/473 494/494
f 473/473 492/492 494/494
f 472/472 463/463 491/491
f 479/479 441/441 490/490
f 457/457 469/469 458/458
f 494/494 495/495 457/457
f 498/498 499/499 461/461
f 457/457 501/501 469/469
f 501/501 449/449 447/447
f 495/495 501/501 457/457
f 479/479 503/503 480/480
f 443/443 464/464 488/488
f 479/479 473/473 441/441
f 484/484 492/492 479/479
f 504/504 494/494 492/492
f 503/503 476/476 474/474
f 470/470 466/466 442/442
f 447/447 469/469 501/501
f 494/494 457/457 459/459
f 490/490 503/503 479/479
f 459/459 458/458 470/470
f 494/494 504/504 495/495
f 480/480 503/503 506/506
f 503/503 463/463 476/476
f 506/506 503/503 474/474
f 477/477 476/476 456/456
f 498/498 461/461 472/472
f 477/477 456/456 454/454
f 490/490 441/441 489/489
f 498/498 472/472 491/491
f 490/490 508/508 491/491
f 508/508 490/490 489/489
f 490/490 463/463 503/503
f 463/463 456/456 476/476
f 508/508 488/488 509/509
f 488/488 508/508 489/489
f 486/486 509/509 488/488
f 511/511 513/513 514/514
f 515/515 516/516 517/517
f 518/518 519/519 520/520
f 517/517 520/520 521/521
f 407/407 522/522 523/523
f 518/518 520/520 524/524
f 521/521 520/520 519/519
f 526/526 527/527 529/529
f 530/530 532/532 533/533
f 534/534 535/535 533/533
f 536/536 170/170 537/537
f 538/538 523/523 522/522
f 521/521 539/539 517/517
f 529/529 540/540 526/526
f 511/511 541/541 543/543
f 521/521 544/544 545/545
f 537/537 170/170 546/546
f 547/547 548/548 515/515
f 513/513 549/549 550/550
f 516/516 548/548 534/534
f 522/522 551/551 538/538
f 519/519 407/407 523/523
f 553/553 524/524 532/532
f 554/554 518/518 524/524
f 519/519 518/518 554/554
f 555/555 545/545 556/556
f 557/557 516/516 533/533
f 546/546 170/170 164/164
f 534/534 558/558 535/535
f 545/545 539/539 521/521
f 561/561 363/363 327/327
f 563/563 544/544 551/551
f 544/544 538/538 551/551
f 511/511 514/514 162/162
f 553/553 529/529 431/431
f 547/547 513/513 564/564
f 434/434 529/529 527/527
f 553/553 532/532 540/540
f 565/565 558/558 534/534
f 524/524 557/557 533/533
f 534/534 533/533 516/516
f 431/431 524/524 553/553
f 556/556 544/544 566/566
f 533/533 535/535 530/530
f 517/517 557/557 520/520
f 162/162 514/514 513/513
f 524/524 533/533 532/532
f 565/565 543/543 541/541
f 538/538 519/519 523/523
f 327/327 567/567 568/568
f 566/566 544/544 563/563
f 538/538 544/544 521/521
f 391/391 554/554 431/431
f 344/344 567/567 327/327
f 535/535 558/558 530/530
f 407/407 554/554 391/391
f 550/550 549/549 515/515
f 557/557 517/517 516/516
f 543/543 513/513 511/511
f 550/550 539/539 537/537
f 429/429 569/569 522/522
f 429/429 522/522 396/396
f 519/519 538/538 521/521
f 564/564 571/571 548/548
f 513/513 550/550 537/537
f 515/515 549/549 547/547
f 170/170 555/555 344/344
f 534/534 571/571 565/565
f 344/344 555/555 567/567
f 515/515 548/548 516/516
f 537/537 164/164 162/162
f 547/547 549/549 513/513
f 561/561 568/568 556/556
f 561/561 556/556 566/566
f 545/545 555/555 536/536
f 540/540 529/529 553/553
f 555/555 568/568 567/567
f 536/536 537/537 545/545
f 563/563 561/561 566/566
f 545/545 544/544 556/556
f 327/327 568/568 561/561
f 564/564 513/513 543/543
f 520/520 557/557 524/524
f 551/551 522/522 569/569
f 555/555 170/170 536/536
f 565/565 571/571 564/564
f 564/564 543/543 565/565
f 565/565 574/574 558/558
f 568/568 555/555 556/556
f 539/539 515/515 517/517
f 548/548 571/571 534/534
f 431/431 529/529 434/434
f 537/537 162/162 513/513
f 554/554 407/407 519/519
f 530/530 526/526 532/532
f 526/526 540/540 532/532
f 554/554 524/524 431/431
f 164/164 537/537 546/546
f 545/545 537/537 539/539
f 550/550 515/515 539/539
f 541/541 574/574 565/565
f 548/548 547/547 564/564
f 522/522 407/407 396/396
f 575/575 577/577 579/579
f 580/580 581/581 582/582
f 584/584 587/587 581/581
f 588/588 589/589 592/592
f 594/594 582/582 595/595
f 597/597 598/598 599/599
f 597/597 600/600 601/601
f 603/603 604/604 605/605
f 598/598 606/606 607/607
f 606/606 608/608 607/607
f 610/610 611/611 613/613
f 614/614 581/581 587/587
f 608/608 616/616 607/607
f 617/617 606/606 618/618
f 619/619 620/620 618/618
f 607/607 599/599 598/598
f 621/621 624/624 625/625
f 627/627 628/628 629/629
f 600/600 597/597 599/599
f 630/630 631/631 633/633
f 580/580 582/582 594/594
f 630/630 584/584 629/629
f 580/580 594/594 629/629
f 617/617 634/634 635/635
f 624/624 631/631 628/628
f 634/634 636/636 625/625
f 600/600 599/599 637/637
f 598/598 618/618 606/606
f 639/639 640/640 641/641
f 642/642 610/610 613/613
f 627/627 608/608 606/606
f 644/644 625/625 636/636
f 611/611 645/645 647/647
f 618/618 598/598 648/648
f 584/584 580/580 629/629
f 627/627 606/606 635/635
f 628/628 630/630 629/629
f 598/598 597/597 642/642
f 648/648 649/649 619/619
f 616/616 608/608 594/594
f 582/582 581/581 614/614
f 613/613 648/648 598/598
f 599/599 616/616 637/637
f 610/610 642/642 650/650
f 628/628 631/631 630/630
f 581/581 580/580 584/584
f 633/633 631/631 652/652
f 655/655 657/657 600/600
f 631/631 624/624 652/652
f 636/636 634/634 617/617
f 620/620 617/617 618/618
f 634/634 628/628 635/635
f 617/617 635/635 606/606
f 617/617 620/620 659/659
f 641/641 660/660 619/619
f 660/660 620/620 619/619
f 579/579 577/577 661/661
f 645/645 648/648 647/647
f 613/613 611/611 647/647
f 661/661 662/662 659/659
f 617/617 659/659 636/636
f 648/648 645/645 649/649
f 649/649 639/639 619/619
f 662/662 636/636 659/659
f 594/594 595/595 616/616
f 659/659 660/660 661/661
f 645/645 639/639 649/649
f 603/603 592/592 664/664
f 641/641 619/619 639/639
f 600/600 657/657 666/666
f 604/604 640/640 605/605
f 595/595 637/637 616/616
f 618/618 648/648 619/619
f 652/652 624/624 621/621
f 603/603 664/664 604/604
f 636/636 662/662 644/644
f 597/597 601/601 642/642
f 660/660 640/640 661/661
f 628/628 627/627 635/635
f 630/630 633/633 669/669
f 661/661 640/640 579/579
f 642/642 601/601 650/650
f 620/620 660/660 659/659
f 613/613 598/598 642/642
f 640/640 660/660 641/641
f 627/627 629/629 608/608
f 603/603 588/588 592/592
f 630/630 669/669 584/584
f 579/579 640/640 604/604
f 664/664 575/575 604/604
f 601/601 600/600 666/666
f 599/599 607/607 616/616
f 624/624 634/634 625/625
f 639/639 645/645 670/670
f 604/604 575/575 579/579
f 648/648 613/613 647/647
f 671/671 673/673 584/584
f 673/673 587/587 584/584
f 629/629 594/594 608/608
f 628/628 634/634 624/624
f 662/662 661/661 577/577
f 669/669 671/671 584/584
f 670/670 588/588 603/603
f 639/639 670/670 605/605
f 670/670 645/645 675/675
f 605/605 640/640 639/639
f 675/675 589/589 670/670
f 670/670 603/603 605/605
f 637/637 655/655 600/600
f 588/588 670/670 589/589
f 677/677 679/679 680/680
f 681/681 683/683 684/684
f 685/685 686/686 687/687
f 688/688 689/689 680/680
f 686/686 690/690 684/684
f 691/691 692/692 693/693
f 690/690 685/685 694/694
f 695/695 696/696 694/694
f 697/697 695/695 699/699
f 701/701 703/703 704/704
f 695/695 705/705 696/696
f 686/686 684/684 683/683
f 707/707 709/709 710/710
f 681/681 684/684 712/712
f 689/689 715/715 716/716
f 696/696 705/705 684/684
f 718/718 719/719 720/720
f 710/710 709/709 722/722
f 685/685 688/688 725/725
f 726/726 727/727 728/728
f 690/690 696/696 684/684
f 679/679 691/691 680/680
f 696/696 690/690 694/694
f 727/727 681/681 729/729
f 731/731 733/733 692/692
f 734/734 727/727 729/729
f 703/703 736/736 737/737
f 739/739 741/741 742/742
f 699/699 695/695 741/741
f 745/745 746/746 747/747
f 733/733 704/704 718/718
f 690/690 686/686 685/685
f 704/704 731/731 701/701
f 695/695 750/750 741/741
f 751/751 718/718 720/720
f 687/687 686/686 683/683
f 707/707 710/710 736/736
f 687/687 689/689 688/688
f 746/746 753/753 754/754
f 727/727 726/726 683/683
f 687/687 683/683 726/726
f 727/727 734/734 728/728
f 733/733 731/731 704/704
f 747/747 746/746 754/754
f 753/753 755/755 756/756
f 734/734 757/757 728/728
f 750/750 695/695 759/759
f 751/751 747/747 754/754
f 737/737 719/719 703/703
f 755/755 746/746 761/761
f 718/718 756/756 733/733
f 751/751 754/754 718/718
f 762/762 764/764 766/766
f 753/753 756/756 718/718
f 753/753 718/718 754/754
f 757/757 766/766 728/728
f 731/731 692/692 767/767
f 697/697 705/705 695/695
f 709/709 707/707 722/722
f 703/703 701/701 769/769
f 742/742 741/741 771/771
f 694/694 773/773 695/695
f 764/764 715/715 774/774
f 685/685 775/775 694/694
f 689/689 687/687 774/774
f 773/773 776/776 759/759
f 774/774 687/687 726/726
f 776/776 773/773 775/775
f 685/685 725/725 775/775
f 774/774 715/715 689/689
f 725/725 777/777 775/775
f 693/693 756/756 778/778
f 779/779 777/777 725/725
f 726/726 766/766 764/764
f 759/759 776/776 745/745
f 780/780 739/739 742/742
f 688/688 685/685 687/687
f 779/779 688/688 680/680
f 777/777 761/761 775/775
f 726/726 764/764 774/774
f 773/773 694/694 775/775
f 692/692 756/756 693/693
f 762/762 766/766 757/757
f 689/689 716/716 677/677
f 695/695 773/773 759/759
f 704/704 719/719 718/718
f 766/766 726/726 728/728
f 776/776 746/746 745/745
f 779/779 778/778 777/777
f 692/692 677/677 767/767
f 762/762 757/757 786/786
f 741/741 750/750 771/771
f 680/680 691/691 779/779
f 703/703 707/707 736/736
f 689/689 677/677 680/680
f 746/746 755/755 753/753
f 746/746 776/776 761/761
f 719/719 737/737 720/720
f 761/761 777/777 778/778
f 688/688 779/779 725/725
f 683/683 681/681 727/727
f 779/779 691/691 778/778
f 761/761 778/778 755/755
f 734/734 729/729 757/757
f 705/705 712/712 684/684
f 755/755 778/778 756/756
f 677/677 692/692 679/679
f 692/692 733/733 756/756
f 693/693 778/778 691/691
f 707/707 703/703 769/769
f 679/679 692/692 691/691
f 776/776 775/775 761/761
f 741/741 739/739 699/699
f 719/719 704/704 703/703
f 787/787 788/788 789/789
f 790/790 791/791 792/792
f 793/793 794/794 795/795
f 797/797 798/798 420/420
f 799/799 791/791 790/790
f 798/798 800/800 802/802
f 792/792 803/803 804/804
f 802/802 800/800 805/805
f 430/430 427/427 807/807
f 793/793 808/808 794/794
f 799/799 809/809 810/810
f 811/811 812/812 813/813
f 809/809 787/787 789/789
f 814/814 815/815 817/817
f 818/818 819/819 807/807
f 570/570 430/430 819/819
f 820/820 808/808 793/793
f 808/808 820/820 821/821
f 823/823 552/552 570/570
f 819/819 824/824 570/570
f 819/819 430/430 807/807
f 809/809 799/799 787/787
f 804/804 793/793 825/825
f 790/790 826/826 799/799
f 813/813 820/820 793/793
f 570/570 824/824 823/823
f 427/427 828/828 807/807
f 795/795 825/825 793/793
f 812/812 829/829 813/813
f 788/788 787/787 817/817
f 824/824 788/788 823/823
f 828/828 829/829 830/830
f 828/828 818/818 807/807
f 420/420 798/798 427/427
f 427/427 798/798 828/828
f 817/817 362/362 831/831
f 562/562 831/831 560/560
f 833/833 834/834 837/837
f 824/824 789/789 788/788
f 828/828 830/830 818/818
f 797/797 420/420 424/424
f 812/812 811/811 810/810
f 798/798 829/829 828/828
f 788/788 817/817 831/831
f 560/560 831/831 362/362
f 830/830 812/812 818/818
f 797/797 800/800 798/798
f 802/802 829/829 798/798
f 791/791 803/803 792/792
f 839/839 810/810 811/811
f 794/794 821/821 840/840
f 830/830 829/829 812/812
f 814/814 817/817 787/787
f 814/814 787/787 799/799
f 791/791 799/799 810/810
f 788/788 562/562 823/823
f 829/829 820/820 813/813
f 842/842 844/844 845/845
f 817/817 815/815 846/846
f 799/799 848/848 814/814
f 791/791 810/810 839/839
f 839/839 811/811 813/813
f 848/848 799/799 826/826
f 803/803 839/839 793/793
f 803/803 791/791 839/839
f 821/821 794/794 808/808
f 552/552 823/823 562/562
f 826/826 790/790 850/850
f 790/790 792/792 850/850
f 804/804 803/803 793/793
f 852/852 855/855 825/825
f 840/840 856/856 794/794
f 804/804 859/859 792/792
f 792/792 855/855 860/860
f 829/829 802/802 820/820
f 804/804 825/825 859/859
f 825/825 795/795 862/862
f 859/859 855/855 792/792
f 817/817 846/846 362/362
f 855/855 859/859 825/825
f 825/825 862/862 863/863
f 864/864 862/862 795/795
f 865/865 867/867 856/856
f 867/867 864/864 795/795
f 850/850 792/792 860/860
f 818/818 812/812 789/789
f 842/842 864/864 867/867
f 863/863 852/852 825/825
f 864/864 868/868 862/862
f 842/842 867/867 865/865
f 869/869 852/852 863/863
f 812/812 810/810 809/809
f 856/856 867/867 795/795
f 871/871 868/868 863/863
f 862/862 868/868 871/871
f 864/864 845/845 868/868
f 842/842 865/865 872/872
f 845/845 864/864 842/842
f 863/863 868/868 869/869
f 793/793 839/839 813/813
f 874/874 868/868 845/845
f 872/872 833/833 842/842
f 844/844 874/874 845/845
f 795/795 794/794 856/856
f 868/868 874/874 869/869
f 805/805 821/821 820/820
f 876/876 842/842 833/833
f 842/842 876/876 844/844
f 876/876 833/833 837/837
f 789/789 812/812 809/809
f 820/820 802/802 805/805
f 789/789 824/824 818/818
f 831/831 562/562 788/788
f 871/871 863/863 862/862
f 824/824 819/819 818/818
f 848/848 815/815 814/814
f 278/278 276/276 878/878
f 879/879 880/880 882/882
f 883/883 884/884 885/885
f 886/886 86/86 878/878
f 887/887 888/888 889/889
f 890/890 891/891 884/884
f 204/204 892/892 197/197
f 893/893 894/894 878/878
f 895/895 898/898 899/899
f 900/900 901/901 902/902
f 903/903 890/890 884/884
f 904/904 905/905 906/906
f 907/907 908/908 909/909
f 903/903 910/910 890/890
f 911/911 267/267 912/912
f 908/908 911/911 909/909
f 278/278 878/878 86/86
f 226/226 200/200 913/913
f 888/888 887/887 228/228
f 889/889 888/888 907/907
f 914/914 906/906 898/898
f 890/890 910/910 915/915
f 916/916 917/917 918/918
f 918/918 206/206 226/226
f 894/894 886/886 878/878
f 901/901 919/919 902/902
f 892/892 891/891 890/890
f 88/88 920/920 98/98
f 907/907 888/888 900/900
f 913/913 200/200 197/197
f 916/916 226/226 921/921
f 921/921 917/917 916/916
f 917/917 888/888 918/918
f 922/922 923/923 924/924
f 902/902 894/894 908/908
f 925/925 926/926 879/879
f 917/917 921/921 928/928
f 929/929 901/901 917/917
f 921/921 930/930 928/928
f 919/919 929/929 924/924
f 902/902 931/931 894/894
f 226/226 916/916 918/918
f 898/898 891/891 892/892
f 261/261 267/267 932/932
f 919/919 901/901 929/929
f 888/888 917/917 900/900
f 917/917 928/928 929/929
f 890/890 915/915 892/892
f 924/924 931/931 919/919
f 98/98 71/71 88/88
f 918/918 888/888 228/228
f 908/908 907/907 900/900
f 898/898 892/892 899/899
f 88/88 86/86 886/886
f 925/925 933/933 926/926
f 910/910 913/913 915/915
f 915/915 913/913 197/197
f 905/905 904/904 935/935
f 936/936 882/882 880/880
f 892/892 204/204 899/899
f 937/937 911/911 893/893
f 898/898 938/938 914/914
f 930/930 910/910 903/903
f 939/939 895/895 940/940
f 942/942 944/944 925/925
f 920/920 886/886 931/931
f 942/942 925/925 940/940
f 901/901 900/900 917/917
f 933/933 925/925 944/944
f 886/886 894/894 931/931
f 891/891 898/898 935/935
f 925/925 939/939 940/940
f 925/925 938/938 939/939
f 895/895 939/939 938/938
f 946/946 911/911 912/912
f 947/947 889/889 909/909
f 918/918 228/228 206/206
f 895/895 938/938 898/898
f 902/902 908/908 900/900
f 949/949 895/895 899/899
f 919/919 931/931 902/902
f 204/204 223/223 899/899
f 930/930 903/903 928/928
f 951/951 883/883 922/922
f 276/276 893/893 878/878
f 935/935 884/884 891/891
f 924/924 952/952 920/920
f 912/912 255/255 954/954
f 922/922 883/883 885/885
f 908/908 893/893 911/911
f 889/889 230/230 887/887
f 956/956 893/893 276/276
f 267/267 255/255 912/912
f 954/954 230/230 912/912
f 937/937 932/932 267/267
f 904/904 906/906 882/882
f 261/261 932/932 276/276
f 884/884 935/935 885/885
f 912/912 909/909 946/946
f 936/936 904/904 882/882
f 905/905 935/935 898/898
f 914/914 925/925 879/879
f 951/951 928/928 903/903
f 911/911 946/946 909/909
f 957/957 230/230 954/954
f 921/921 226/226 930/930
f 947/947 909/909 230/230
f 909/909 912/912 230/230
f 922/922 929/929 951/951
f 931/931 924/924 920/920
f 228/228 887/887 230/230
f 911/911 937/937 267/267
f 882/882 906/906 879/879
f 928/928 951/951 929/929
f 894/894 893/893 908/908
f 904/904 885/885 935/935
f 886/886 920/920 88/88
f 883/883 951/951 884/884
f 98/98 920/920 952/952
f 947/947 230/230 889/889
f 915/915 197/197 892/892
f 923/923 885/885 936/936
f 960/960 936/936 880/880
f 880/880 879/879 926/926
f 922/922 885/885 923/923
f 879/879 906/906 914/914
f 936/936 952/952 923/923
f 956/956 937/937 893/893
f 956/956 932/932 937/937
f 960/960 952/952 936/936
f 938/938 925/925 914/914
f 885/885 904/904 936/936
f 930/930 226/226 913/913
f 906/906 905/905 898/898
f 910/910 930/930 913/913
f 884/884 951/951 903/903
f 230/230 957/957 234/234
f 924/924 929/929 922/922
f 952/952 924/924 923/923
f 956/956 276/276 932/932
f 909/909 889/889 907/907
f 899/899 223/223 949/949
f 413/413 961/961 415/415
f 841/841 822/822 962/962
f 963/963 965/965 966/966
f 968/968 970/970 965/965
f 971/971 965/965 963/963
f 972/972 968/968 973/973
f 970/970 968/968 974/974
f 971/971 963/963 975/975
f 977/977 965/965 971/971
f 968/968 965/965 973/973
f 965/965 978/978 966/966
f 973/973 965/965 977/977
f 978/978 965/965 970/970
f 974/974 968/968 972/972
f 973/973 980/980 972/972
f 980/980 981/981 972/972
f 982/982 983/983 981/981
f 981/981 983/983 972/972
f 984/984 962/962 986/986
f 806/806 988/988 990/990
f 806/806 992/992 988/988
f 993/993 988/988 992/992
f 801/801 994/994 992/992
f 996/996 993/993 997/997
f 796/796 994/994 801/801
f 997/997 998/998 996/996
f 998/998 999/999 1001/1001
f 1003/1003 997/997 993/993
f 796/796 1003/1003 994/994
f 998/998 997/997 1004/1004
f 999/999 1005/1005 1007/1007
f 998/998 1004/1004 999/999
f 1008/1008 1003/1003 796/796
f 997/997 1009/1009 1004/1004
f 975/975 1010/1010 971/971
f 1010/1010 1011/1011 1005/1005
f 1004/1004 1005/1005 999/999
f 1009/1009 1012/1012 1004/1004
f 1010/1010 1013/1013 971/971
f 1012/1012 1005/1005 1004/1004
f 1012/1012 1013/1013 1005/1005
f 977/977 1013/1013 1014/1014
f 1015/1015 1013/1013 1012/1012
f 1016/1016 1014/1014 1013/1013
f 980/980 1014/1014 1017/1017
f 1018/1018 1017/1017 1019/1019
f 1020/1020 1021/1021 1016/1016
f 1018/1018 1019/1019 1022/1022
f 1021/1021 1020/1020 961/961
f 1018/1018 1022/1022 981/981
f 1023/1023 1022/1022 1021/1021
f 1024/1024 981/981 1022/1022
f 1022/1022 1023/1023 1025/1025
f 1024/1024 1022/1022 1025/1025
f 982/982 1024/1024 1026/1026
f 1027/1027 1025/1025 1028/1028
f 1025/1025 1031/1031 1028/1028
f 1026/1026 1024/1024 1027/1027
f 1028/1028 1032/1032 1027/1027
f 1034/1034 1037/1037 1039/1039
f 1042/1042 1043/1043 1046/1046
f 1032/1032 1026/1026 1027/1027
f 1047/1047 1037/1037 1048/1048
f 1047/1047 1039/1039 1037/1037
f 974/974 1050/1050 970/970
f 1032/1032 1053/1053 1026/1026
f 970/970 1046/1046 1043/1043
f 973/973 977/977 1014/1014
f 1050/1050 974/974 1055/1055
f 986/986 962/962 990/990
f 806/806 990/990 962/962
f 1056/1056 425/425 1057/1057
f 997/997 1003/1003 1009/1009
f 1058/1058 962/962 1060/1060
f 1042/1042 1046/1046 1050/1050
f 1050/1050 1046/1046 970/970
f 994/994 1003/1003 992/992
f 996/996 1063/1063 993/993
f 1058/1058 841/841 962/962
f 988/988 993/993 1063/1063
f 1022/1022 1019/1019 1021/1021
f 980/980 1017/1017 1018/1018
f 1021/1021 1019/1019 1016/1016
f 1001/1001 996/996 998/998
f 1047/1047 1065/1065 1066/1066
f 1016/1016 1017/1017 1014/1014
f 1013/1013 1015/1015 1016/1016
f 1047/1047 1066/1066 1039/1039
f 1015/1015 1012/1012 1008/1008
f 1067/1067 1068/1068 1069/1069
f 1018/1018 981/981 980/980
f 1058/1058 857/857 841/841
f 1016/1016 1057/1057 1020/1020
f 1010/1010 1005/1005 1013/1013
f 974/974 1069/1069 1055/1055
f 961/961 1023/1023 1021/1021
f 1070/1070 1039/1039 1066/1066
f 1067/1067 974/974 972/972
f 1068/1068 1065/1065 1069/1069
f 972/972 983/983 1067/1067
f 1048/1048 1072/1072 1074/1074
f 1023/1023 1076/1076 1031/1031
f 962/962 822/822 806/806
f 1077/1077 1070/1070 1066/1066
f 1065/1065 1074/1074 1072/1072
f 1060/1060 962/962 984/984
f 1003/1003 993/993 992/992
f 1066/1066 1068/1068 1077/1077
f 1074/1074 1047/1047 1048/1048
f 1023/1023 961/961 1076/1076
f 1053/1053 1070/1070 1077/1077
f 1025/1025 1023/1023 1031/1031
f 1069/1069 1065/1065 1072/1072
f 1066/1066 1065/1065 1068/1068
f 982/982 1067/1067 983/983
f 1047/1047 1074/1074 1065/1065
f 1053/1053 1077/1077 1026/1026
f 1069/1069 1072/1072 1055/1055
f 1068/1068 1067/1067 1077/1077
f 1008/1008 1012/1012 1009/1009
f 1008/1008 425/425 1056/1056
f 1067/1067 1069/1069 974/974
f 1009/1009 1003/1003 1008/1008
f 419/419 1020/1020 1057/1057
f 982/982 1077/1077 1067/1067
f 425/425 1008/1008 796/796
f 1015/1015 1057/1057 1016/1016
f 1026/1026 1077/1077 982/982
f 1011/1011 1010/1010 1007/1007
f 981/981 1024/1024 982/982
f 961/961 413/413 1076/1076
f 1056/1056 1057/1057 1015/1015
f 419/419 415/415 1020/1020
f 1010/1010 975/975 1007/1007
f 1016/1016 1019/1019 1017/1017
f 973/973 1014/1014 980/980
f 1007/1007 1005/1005 1011/1011
f 413/413 382/382 1076/1076
f 419/419 1057/1057 425/425
f 992/992 806/806 801/801
f 961/961 1020/1020 415/415
f 1008/1008 1056/1056 1015/1015
f 1025/1025 1027/1027 1024/1024
f 1013/1013 977/977 971/971
f 471/471 1078/1078 467/467
f 1079/1079 1080/1080 1081/1081
f 446/446 1082/1082 1084/1084
f 1085/1085 1078/1078 1086/1086
f 1087/1087 1088/1088 1079/1079
f 1085/1085 1089/1089 467/467
f 1090/1090 1084/1084 1092/1092
f 1094/1094 1095/1095 1096/1096
f 1097/1097 510/510 487/487
f 1098/1098 1099/1099 1100/1100
f 1081/1081 1101/1101 1102/1102
f 1103/1103 1104/1104 1106/1106
f 487/487 1108/1108 1087/1087
f 1094/1094 1096/1096 1100/1100
f 1109/1109 1096/1096 1095/1095
f 1092/1092 1084/1084 1082/1082
f 446/446 1110/1110 1086/1086
f 1111/1111 1103/1103 1112/1112
f 1113/1113 1114/1114 1098/1098
f 1099/1099 1094/1094 1100/1100
f 1113/1113 1097/1097 1115/1115
f 1116/1116 1112/1112 1080/1080
f 1097/1097 1113/1113 510/510
f 1114/1114 1099/1099 1098/1098
f 1117/1117 1101/1101 1118/1118
f 1119/1119 1110/1110 1084/1084
f 1114/1114 1113/1113 1115/1115
f 1120/1120 1122/1122 1124/1124
f 1126/1126 1127/1127 1124/1124
f 1086/1086 448/448 446/446
f 1130/1130 1104/1104 1111/1111
f 1090/1090 1119/1119 1084/1084
f 1124/1124 1132/1132 1126/1126
f 1118/1118 1133/1133 1135/1135
f 1138/1138 1139/1139 1103/1103
f 1110/1110 1119/1119 1140/1140
f 1110/1110 1141/1141 1086/1086
f 1119/1119 1090/1090 1142/1142
f 1143/1143 1144/1144 1116/1116
f 1103/1103 1101/1101 1081/1081
f 1138/1138 1133/1133 1139/1139
f 1080/1080 1079/1079 1116/1116
f 1120/1120 1145/1145 1122/1122
f 1147/1147 1111/1111 1144/1144
f 1138/1138 1103/1103 1106/1106
f 1124/1124 1122/1122 1132/1132
f 1147/1147 1144/1144 1143/1143
f 1079/1079 1141/1141 1148/1148
f 1079/1079 1148/1148 1116/1116
f 1149/1149 1150/1150 1151/1151
f 1152/1152 1153/1153 1154/1154
f 1155/1155 1141/1141 1110/1110
f 1103/1103 1111/1111 1104/1104
f 1156/1156 1157/1157 1158/1158
f 1148/1148 1141/1141 1155/1155
f 1157/1157 1132/1132 1158/1158
f 1095/1095 1159/1159 1101/1101
f 1122/1122 1156/1156 1158/1158
f 1157/1157 1160/1160 1132/1132
f 1132/1132 1160/1160 1126/1126
f 1116/1116 1148/1148 1162/1162
f 1163/1163 1164/1164 1149/1149
f 1166/1166 1147/1147 1162/1162
f 1147/1147 1143/1143 1162/1162
f 1156/1156 1152/1152 1167/1167
f 1110/1110 1140/1140 1155/1155
f 1168/1168 1162/1162 1148/1148
f 1169/1169 1172/1172 1166/1166
f 1132/1132 1122/1122 1158/1158
f 1168/1168 1148/1148 1155/1155
f 1173/1173 1160/1160 1157/1157
f 1164/1164 1163/1163 1175/1175
f 1099/1099 1177/1177 1102/1102
f 1168/1168 1155/1155 1140/1140
f 1112/1112 1144/1144 1111/1111
f 1178/1178 1163/1163 1149/1149
f 1116/1116 1144/1144 1112/1112
f 1140/1140 1154/1154 1168/1168
f 1169/1169 1166/1166 1153/1153
f 1080/1080 1112/1112 1103/1103
f 1162/1162 1153/1153 1166/1166
f 1147/1147 1172/1172 1111/1111
f 1179/1179 1173/1173 1157/1157
f 1116/1116 1162/1162 1143/1143
f 1168/1168 1154/1154 1162/1162
f 1175/1175 1163/1163 1178/1178
f 1154/1154 1153/1153 1162/1162
f 1181/1181 1140/1140 1142/1142
f 1140/1140 1119/1119 1142/1142
f 1167/1167 1181/1181 1182/1182
f 1169/1169 1152/1152 1156/1156
f 1156/1156 1122/1122 1145/1145
f 1156/1156 1145/1145 1169/1169
f 1157/1157 1156/1156 1167/1167
f 1154/1154 1140/1140 1181/1181
f 1181/1181 1167/1167 1152/1152
f 1130/1130 1111/1111 1172/1172
f 1153/1153 1152/1152 1169/1169
f 1182/1182 1157/1157 1167/1167
f 1179/1179 1157/1157 1182/1182
f 1085/1085 1086/1086 1141/1141
f 1181/1181 1142/1142 1182/1182
f 1117/1117 1178/1178 1151/1151
f 1088/1088 1085/1085 1141/1141
f 1141/1141 1079/1079 1088/1088
f 1089/1089 1085/1085 1088/1088
f 1087/1087 1089/1089 1088/1088
f 1147/1147 1166/1166 1172/1172
f 1102/1102 1087/1087 1079/1079
f 1087/1087 1108/1108 1089/1089
f 467/467 1108/1108 465/465
f 1079/1079 1081/1081 1102/1102
f 1177/1177 1087/1087 1102/1102
f 465/465 1108/1108 487/487
f 1087/1087 1177/1177 487/487
f 1080/1080 1103/1103 1081/1081
f 1102/1102 1159/1159 1099/1099
f 1177/1177 1115/1115 487/487
f 1094/1094 1099/1099 1159/1159
f 1114/1114 1115/1115 1177/1177
f 487/487 1115/1115 1097/1097
f 1152/1152 1154/1154 1181/1181
f 1101/1101 1183/1183 1095/1095
f 1095/1095 1094/1094 1159/1159
f 1109/1109 1095/1095 1183/1183
f 1109/1109 1183/1183 1151/1151
f 1109/1109 1151/1151 1150/1150
f 1139/1139 1101/1101 1103/1103
f 1139/1139 1118/1118 1101/1101
f 468/468 448/448 1086/1086
f 1135/1135 1178/1178 1118/1118
f 1149/1149 1151/1151 1178/1178
f 1133/1133 1118/1118 1139/1139
f 1109/1109 1150/1150 1184/1184
f 1175/1175 1178/1178 1135/1135
f 1183/1183 1101/1101 1117/1117
f 1178/1178 1117/1117 1118/1118
f 1150/1150 1149/1149 1184/1184
f 1151/1151 1183/1183 1117/1117
f 1149/1149 1164/1164 1184/1184
f 1078/1078 471/471 468/468
f 1099/1099 1114/1114 1177/1177
f 1102/1102 1101/1101 1159/1159
f 446/446 1084/1084 1110/1110
f 1090/1090 1179/1179 1182/1182
f 1090/1090 1182/1182 1142/1142
f 1078/1078 468/468 1086/1086
f 1078/1078 1085/1085 467/467
f 1108/1108 467/467 1089/1089
f 1186/1186 1187/1187 827/827
f 1188/1188 1190/1190 1192/1192
f 356/356 1193/1193 1194/1194
f 1195/1195 1196/1196 1197/1197
f 1198/1198 1200/1200 1201/1201
f 1202/1202 1203/1203 1204/1204
f 1205/1205 1195/1195 1202/1202
f 1206/1206 1207/1207 1208/1208
f 1195/1195 1209/1209 1202/1202
f 1193/1193 1210/1210 1211/1211
f 1212/1212 1214/1214 1190/1190
f 1203/1203 1209/1209 1192/1192
f 1215/1215 1216/1216 838/838
f 1194/1194 358/358 356/356
f 1193/1193 1211/1211 1194/1194
f 1217/1217 1218/1218 1219/1219
f 1220/1220 1204/1204 1221/1221
f 1222/1222 1218/1218 1217/1217
f 1223/1223 843/843 877/877
f 1224/1224 1225/1225 1227/1227
f 1229/1229 1230/1230 1231/1231
f 838/838 1201/1201 1215/1215
f 330/330 361/361 1232/1232
f 349/349 358/358 1194/1194
f 321/321 1233/1233 1193/1193
f 1219/1219 1234/1234 1217/1217
f 1197/1197 1200/1200 1225/1225
f 1204/1204 1205/1205 1202/1202
f 1202/1202 1209/1209 1203/1203
f 361/361 847/847 1232/1232
f 1235/1235 1214/1214 1236/1236
f 1238/1238 1232/1232 1219/1219
f 1186/1186 861/861 1239/1239
f 1214/1214 1212/1212 1236/1236
f 1187/1187 1240/1240 816/816
f 1204/1204 1203/1203 1241/1241
f 324/324 1233/1233 321/321
f 1242/1242 1211/1211 1210/1210
f 1223/1223 877/877 1216/1216
f 1243/1243 349/349 1194/1194
f 1204/1204 1220/1220 1205/1205
f 1233/1233 1210/1210 1193/1193
f 847/847 816/816 1240/1240
f 1206/1206 1221/1221 1244/1244
f 1233/1233 1245/1245 1210/1210
f 1196/1196 1208/1208 1207/1207
f 1192/1192 1230/1230 1203/1203
f 827/827 1187/1187 849/849
f 1223/1223 1207/1207 843/843
f 1246/1246 1248/1248 1224/1224
f 1233/1233 324/324 1238/1238
f 849/849 1187/1187 816/816
f 1232/1232 1240/1240 1219/1219
f 1196/1196 1250/1250 1200/1200
f 877/877 838/838 1216/1216
f 875/875 1251/1251 1206/1206
f 1244/1244 870/870 1206/1206
f 1232/1232 1238/1238 324/324
f 1246/1246 1224/1224 1227/1227
f 1252/1252 854/854 1253/1253
f 1238/1238 1219/1219 1218/1218
f 1253/1253 1244/1244 1221/1221
f 1197/1197 1225/1225 1224/1224
f 870/870 875/875 1206/1206
f 853/853 1244/1244 1253/1253
f 1252/1252 1221/1221 1204/1204
f 1201/1201 838/838 835/835
f 1231/1231 1230/1230 1214/1214
f 1254/1254 1208/1208 1205/1205
f 1239/1239 1255/1255 1252/1252
f 1187/1187 1234/1234 1219/1219
f 1186/1186 827/827 851/851
f 1196/1196 1200/1200 1197/1197
f 1224/1224 1256/1256 1197/1197
f 1257/1257 1259/1259 1243/1243
f 349/349 1243/1243 1259/1259
f 1230/1230 1229/1229 1203/1203
f 1238/1238 1245/1245 1233/1233
f 1241/1241 1203/1203 1229/1229
f 1261/1261 349/349 1259/1259
f 1186/1186 1234/1234 1187/1187
f 1230/1230 1192/1192 1190/1190
f 851/851 861/861 1186/1186
f 346/346 349/349 1261/1261
f 1262/1262 1264/1264 1265/1265
f 1209/1209 1256/1256 1224/1224
f 1208/1208 1196/1196 1195/1195
f 1197/1197 1256/1256 1195/1195
f 1265/1265 1211/1211 1242/1242
f 1252/1252 1204/1204 1239/1239
f 1254/1254 1206/1206 1208/1208
f 1219/1219 1240/1240 1187/1187
f 1254/1254 1205/1205 1220/1220
f 1231/1231 1266/1266 1229/1229
f 1231/1231 1214/1214 1235/1235
f 1239/1239 1204/1204 1241/1241
f 1242/1242 1235/1235 1265/1265
f 1231/1231 1222/1222 1266/1266
f 1207/1207 1251/1251 843/843
f 1188/1188 1209/1209 1248/1248
f 1190/1190 1214/1214 1230/1230
f 1266/1266 1241/1241 1229/1229
f 1243/1243 1264/1264 1257/1257
f 1200/1200 1198/1198 1225/1225
f 1223/1223 1216/1216 1250/1250
f 1200/1200 1250/1250 1216/1216
f 853/853 1253/1253 854/854
f 1215/1215 1200/1200 1216/1216
f 1206/1206 1220/1220 1221/1221
f 1250/1250 1196/1196 1223/1223
f 1257/1257 1264/1264 1267/1267
f 1195/1195 1256/1256 1209/1209
f 835/835 1269/1269 1201/1201
f 1269/1269 1272/1272 1201/1201
f 1205/1205 1208/1208 1195/1195
f 1223/1223 1196/1196 1207/1207
f 1232/1232 847/847 1240/1240
f 1201/1201 1200/1200 1215/1215
f 1235/1235 1262/1262 1265/1265
f 1264/1264 1262/1262 1267/1267
f 1211/1211 1265/1265 1264/1264
f 1242/1242 1222/1222 1235/1235
f 1254/1254 1220/1220 1206/1206
f 1241/1241 1266/1266 1239/1239
f 1235/1235 1236/1236 1262/1262
f 1206/1206 1251/1251 1207/1207
f 1234/1234 1186/1186 1239/1239
f 1264/1264 1243/1243 1194/1194
f 1235/1235 1222/1222 1231/1231
f 1259/1259 375/375 346/346
f 1217/1217 1234/1234 1266/1266
f 1222/1222 1210/1210 1218/1218
f 1222/1222 1217/1217 1266/1266
f 875/875 843/843 1251/1251
f 1255/1255 861/861 854/854
f 1245/1245 1218/1218 1210/1210
f 1274/1274 1198/1198 1201/1201
f 854/854 1252/1252 1255/1255
f 1255/1255 1239/1239 861/861
f 1234/1234 1239/1239 1266/1266
f 1244/1244 853/853 870/870
f 1238/1238 1218/1218 1245/1245
f 1242/1242 1210/1210 1222/1222
f 1232/1232 324/324 330/330
f 1259/1259 346/346 1261/1261
f 1272/1272 1274/1274 1201/1201
f 1194/1194 1211/1211 1264/1264
f 1209/1209 1188/1188 1192/1192
f 356/356 321/321 1193/1193
f 1224/1224 1248/1248 1209/1209
f 1253/1253 1221/1221 1252/1252
f 1276/1276 1277/1277 1278/1278
f 1279/1279 1280/1280 1283/1283
f 1285/1285 1286/1286 559/559
f 1287/1287 1279/1279 1288/1288
f 1289/1289 1290/1290 1291/1291
f 1292/1292 1293/1293 1294/1294
f 1295/1295 1296/1296 1277/1277
f 1294/1294 1297/1297 1298/1298
f 1298/1298 1299/1299 1300/1300
f 1301/1301 1302/1302 1296/1296
f 1303/1303 1295/1295 1304/1304
f 1277/1277 1296/1296 1305/1305
f 1292/1292 1289/1289 1306/1306
f 559/559 1286/1286 531/531
f 1307/1307 1308/1308 1277/1277
f 1309/1309 1294/1294 1293/1293
f 1309/1309 638/638 1310/1310
f 1311/1311 1295/1295 1312/1312
f 1313/1313 1314/1314 1310/1310
f 1315/1315 1308/1308 1316/1316
f 1294/1294 1309/1309 1314/1314
f 572/572 1278/1278 559/559
f 531/531 1286/1286 1317/1317
f 1298/1298 1290/1290 1289/1289
f 1301/1301 1295/1295 1303/1303
f 1306/1306 1293/1293 1292/1292
f 1305/1305 1307/1307 1277/1277
f 1277/1277 1308/1308 1318/1318
f 1276/1276 1319/1319 1277/1277
f 1318/1318 1308/1308 1317/1317
f 1320/1320 1291/1291 1290/1290
f 1321/1321 1322/1322 1299/1299
f 1307/1307 1305/1305 1302/1302
f 1303/1303 1304/1304 1291/1291
f 528/528 1315/1315 1316/1316
f 1296/1296 1302/1302 1305/1305
f 1323/1323 1302/1302 1322/1322
f 1278/1278 1277/1277 1318/1318
f 1289/1289 1324/1324 1306/1306
f 1293/1293 1325/1325 1309/1309
f 1292/1292 1294/1294 1298/1298
f 638/638 1309/1309 1326/1326
f 1304/1304 1295/1295 1327/1327
f 1316/1316 1308/1308 1307/1307
f 1328/1328 1330/1330 1333/1333
f 1276/1276 1312/1312 1319/1319
f 1277/1277 1319/1319 1295/1295
f 1333/1333 1312/1312 1276/1276
f 1327/1327 1324/1324 1304/1304
f 1336/1336 1311/1311 1312/1312
f 1337/1337 1324/1324 1339/1339
f 1336/1336 1341/1341 1311/1311
f 1312/1312 1333/1333 1336/1336
f 1302/1302 1323/1323 1307/1307
f 1324/1324 1337/1337 1306/1306
f 1322/1322 1300/1300 1299/1299
f 1310/1310 1342/1342 1343/1343
f 1321/1321 1323/1323 1322/1322
f 1324/1324 1289/1289 1291/1291
f 596/596 1342/1342 1310/1310
f 596/596 583/583 1342/1342
f 1312/1312 1295/1295 1319/1319
f 1303/1303 1320/1320 1301/1301
f 1317/1317 525/525 531/531
f 1344/1344 1345/1345 1346/1346
f 1291/1291 1320/1320 1303/1303
f 1297/1297 1299/1299 1298/1298
f 1309/1309 1310/1310 1314/1314
f 1325/1325 654/654 1326/1326
f 525/525 1317/1317 1315/1315
f 1347/1347 1348/1348 1349/1349
f 1325/1325 1337/1337 1350/1350
f 1294/1294 1314/1314 1313/1313
f 1352/1352 437/437 1354/1354
f 654/654 638/638 1326/1326
f 1276/1276 1278/1278 1328/1328
f 1309/1309 1325/1325 1326/1326
f 1337/1337 1325/1325 1306/1306
f 596/596 1310/1310 638/638
f 1322/1322 1302/1302 1300/1300
f 654/654 1355/1355 658/658
f 1318/1318 1286/1286 1285/1285
f 1302/1302 1301/1301 1300/1300
f 1285/1285 559/559 1278/1278
f 1315/1315 528/528 525/525
f 528/528 1316/1316 1347/1347
f 1341/1341 1336/1336 1339/1339
f 1278/1278 572/572 1328/1328
f 1279/1279 1357/1357 1358/1358
f 1359/1359 1360/1360 1362/1362
f 528/528 1347/1347 435/435
f 1363/1363 1359/1359 1364/1364
f 1318/1318 1317/1317 1286/1286
f 1280/1280 1362/1362 1360/1360
f 615/615 1343/1343 583/583
f 1365/1365 1299/1299 1366/1366
f 1367/1367 1366/1366 1288/1288
f 1368/1368 1364/1364 1288/1288
f 1366/1366 1297/1297 1368/1368
f 1357/1357 1370/1370 1358/1358
f 1320/1320 1300/1300 1301/1301
f 1301/1301 1296/1296 1295/1295
f 1311/1311 1341/1341 1327/1327
f 1357/1357 1283/1283 1370/1370
f 1363/1363 1364/1364 1313/1313
f 1321/1321 1344/1344 1371/1371
f 1287/1287 1364/1364 1359/1359
f 1348/1348 1321/1321 1371/1371
f 1287/1287 1288/1288 1364/1364
f 1348/1348 1347/1347 1316/1316
f 1345/1345 1344/1344 1372/1372
f 1298/1298 1320/1320 1290/1290
f 1344/1344 1299/1299 1365/1365
f 410/410 437/437 1352/1352
f 1343/1343 615/615 1359/1359
f 1321/1321 1299/1299 1344/1344
f 1354/1354 1373/1373 1374/1374
f 1348/1348 1346/1346 1349/1349
f 1348/1348 1316/1316 1323/1323
f 1359/1359 1375/1375 1360/1360
f 1346/1346 1348/1348 1371/1371
f 1341/1341 1324/1324 1327/1327
f 1377/1377 1379/1379 1381/1381
f 1339/1339 1324/1324 1341/1341
f 1285/1285 1278/1278 1318/1318
f 1373/1373 1349/1349 1346/1346
f 1366/1366 1299/1299 1297/1297
f 1364/1364 1368/1368 1313/1313
f 378/378 1373/1373 440/440
f 1323/1323 1316/1316 1307/1307
f 1354/1354 1374/1374 1352/1352
f 1362/1362 1287/1287 1359/1359
f 1358/1358 1367/1367 1279/1279
f 1345/1345 1382/1382 1374/1374
f 1359/1359 1363/1363 1343/1343
f 1315/1315 1317/1317 1308/1308
f 1368/1368 1297/1297 1313/1313
f 1373/1373 378/378 1349/1349
f 1354/1354 437/437 440/440
f 1373/1373 1354/1354 440/440
f 1279/1279 1283/1283 1357/1357
f 378/378 435/435 1347/1347
f 1362/1362 1280/1280 1287/1287
f 1383/1383 1352/1352 1374/1374
f 378/378 1347/1347 1349/1349
f 1358/1358 1370/1370 1381/1381
f 1382/1382 1383/1383 1374/1374
f 1373/1373 1346/1346 1374/1374
f 1355/1355 1325/1325 1350/1350
f 1345/1345 1374/1374 1346/1346
f 1377/1377 1383/1383 1382/1382
f 1323/1323 1321/1321 1348/1348
f 1359/1359 615/615 1375/1375
f 1382/1382 1345/1345 1377/1377
f 1368/1368 1288/1288 1366/1366
f 1346/1346 1371/1371 1344/1344
f 1377/1377 1345/1345 1379/1379
f 1372/1372 1365/1365 1367/1367
f 1372/1372 1379/1379 1345/1345
f 1365/1365 1372/1372 1344/1344
f 1372/1372 1367/1367 1379/1379
f 1367/1367 1288/1288 1279/1279
f 654/654 1325/1325 1355/1355
f 1287/1287 1280/1280 1279/1279
f 1306/1306 1325/1325 1293/1293
f 1313/1313 1343/1343 1363/1363
f 1324/1324 1291/1291 1304/1304
f 615/615 586/586 1375/1375
f 1379/1379 1367/1367 1358/1358
f 1298/1298 1289/1289 1292/1292
f 1294/1294 1313/1313 1297/1297
f 1328/1328 1333/1333 1276/1276
f 1298/1298 1300/1300 1320/1320
f 1342/1342 583/583 1343/1343
f 1295/1295 1311/1311 1327/1327
f 1310/1310 1343/1343 1313/1313
f 1358/1358 1381/1381 1379/1379
f 1366/1366 1367/1367 1365/1365
f 1385/1385 1386/1386 1387/1387
f 1389/1389 1386/1386 1391/1391
f 1393/1393 1386/1386 1389/1389
f 1394/1394 1395/1395 1396/1396
f 1391/1391 1386/1386 1397/1397
f 1398/1398 1399/1399 1400/1400
f 453/453 452/452 1401/1401
f 1402/1402 1400/1400 1385/1385
f 1403/1403 1404/1404 1405/1405
f 1402/1402 1406/1406 1407/1407
f 1408/1408 1409/1409 1410/1410
f 1411/1411 1412/1412 1413/1413
f 1416/1416 1417/1417 1418/1418
f 1420/1420 1416/1416 1421/1421
f 1423/1423 1417/1417 1408/1408
f 1424/1424 1410/1410 1426/1426
f 1409/1409 1417/1417 1420/1420
f 1428/1428 1429/1429 1430/1430
f 1431/1431 1432/1432 485/485
f 1411/1411 1433/1433 1435/1435
f 1436/1436 1438/1438 1439/1439
f 453/453 1401/1401 1404/1404
f 1440/1440 1441/1441 1411/1411
f 1442/1442 1443/1443 1444/1444
f 1445/1445 1447/1447 1448/1448
f 1385/1385 1449/1449 1402/1402
f 1445/1445 1448/1448 1452/1452
f 1453/1453 1421/1421 1454/1454
f 1456/1456 1457/1457 1394/1394
f 1444/1444 1443/1443 1458/1458
f 1459/1459 1395/1395 1460/1460
f 1461/1461 1462/1462 1463/1463
f 1447/1447 1457/1457 1456/1456
f 1401/1401 1464/1464 1398/1398
f 1432/1432 1465/1465 485/485
f 1466/1466 1468/1468 1470/1470
f 1453/1453 1420/1420 1421/1421
f 1403/1403 1471/1471 1472/1472
f 1473/1473 1459/1459 1403/1403
f 1430/1430 1474/1474 1428/1428
f 1476/1476 1402/1402 1449/1449
f 1470/1470 1429/1429 1458/1458
f 1477/1477 1448/1448 1479/1479
f 1430/1430 1432/1432 1474/1474
f 1472/1472 1480/1480 453/453
f 1480/1480 478/478 453/453
f 1481/1481 475/475 1472/1472
f 1472/1472 1471/1471 1481/1481
f 1480/1480 475/475 478/478
f 1482/1482 475/475 1481/1481
f 1438/1438 1436/1436 505/505
f 1483/1483 1471/1471 1460/1460
f 475/475 1482/1482 507/507
f 1460/1460 1484/1484 1483/1483
f 1485/1485 505/505 1436/1436
f 1483/1483 1484/1484 1487/1487
f 481/481 1482/1482 1488/1488
f 1483/1483 1488/1488 1471/1471
f 1484/1484 1489/1489 1487/1487
f 1472/1472 475/475 1480/1480
f 1489/1489 483/483 1487/1487
f 1487/1487 483/483 1488/1488
f 1397/1397 1385/1385 1490/1490
f 1386/1386 1385/1385 1397/1397
f 481/481 1488/1488 483/483
f 1400/1400 1490/1490 1385/1385
f 507/507 1482/1482 481/481
f 1398/1398 1400/1400 1407/1407
f 1401/1401 1491/1491 1464/1464
f 1438/1438 505/505 493/493
f 1459/1459 1471/1471 1403/1403
f 1489/1489 485/485 483/483
f 1399/1399 1464/1464 1492/1492
f 1417/1417 1409/1409 1408/1408
f 1471/1471 1488/1488 1482/1482
f 1493/1493 1413/1413 1412/1412
f 1483/1483 1487/1487 1488/1488
f 1400/1400 1399/1399 1490/1490
f 1481/1481 1471/1471 1482/1482
f 1470/1470 1495/1495 1439/1439
f 1413/1413 1410/1410 1409/1409
f 1420/1420 1417/1417 1416/1416
f 493/493 485/485 1438/1438
f 1405/1405 1404/1404 1407/1407
f 1492/1492 1464/1464 1491/1491
f 1402/1402 1476/1476 1406/1406
f 1497/1497 1458/1458 1443/1443
f 453/453 1404/1404 1472/1472
f 1393/1393 1387/1387 1386/1386
f 1403/1403 1472/1472 1404/1404
f 1433/1433 1499/1499 1435/1435
f 1426/1426 1410/1410 1493/1493
f 1459/1459 1473/1473 1396/1396
f 1399/1399 1398/1398 1464/1464
f 1398/1398 1407/1407 1404/1404
f 1408/1408 1424/1424 1423/1423
f 1439/1439 1495/1495 1436/1436
f 1407/1407 1406/1406 1405/1405
f 1448/1448 1477/1477 1452/1452
f 1500/1500 1501/1501 1502/1502
f 1460/1460 1471/1471 1459/1459
f 1394/1394 1479/1479 1448/1448
f 500/500 1492/1492 1491/1491
f 1387/1387 1449/1449 1385/1385
f 1394/1394 1396/1396 1479/1479
f 1401/1401 1398/1398 1404/1404
f 1503/1503 1505/1505 1473/1473
f 1505/1505 1479/1479 1473/1473
f 1507/1507 1493/1493 1412/1412
f 462/462 1491/1491 452/452
f 1477/1477 1479/1479 1505/1505
f 1479/1479 1396/1396 1473/1473
f 1461/1461 1502/1502 1501/1501
f 1433/1433 1453/1453 1454/1454
f 1485/1485 496/496 505/505
f 1410/1410 1413/1413 1493/1493
f 452/452 1491/1491 1401/1401
f 1424/1424 1408/1408 1410/1410
f 1439/1439 1438/1438 1465/1465
f 1447/1447 1500/1500 1502/1502
f 1461/1461 1501/1501 1509/1509
f 1510/1510 1443/1443 1511/1511
f 1409/1409 1420/1420 1453/1453
f 1499/1499 1466/1466 1435/1435
f 1417/1417 1423/1423 1418/1418
f 1413/1413 1433/1433 1411/1411
f 1413/1413 1409/1409 1433/1433
f 1513/1513 1423/1423 1424/1424
f 1423/1423 1513/1513 1418/1418
f 1453/1453 1433/1433 1409/1409
f 1440/1440 1443/1443 1510/1510
f 1411/1411 1497/1497 1440/1440
f 1458/1458 1429/1429 1444/1444
f 1509/1509 1501/1501 1511/1511
f 1407/1407 1400/1400 1402/1402
f 1403/1403 1405/1405 1503/1503
f 1476/1476 1515/1515 1406/1406
f 1500/1500 1441/1441 1501/1501
f 1473/1473 1403/1403 1503/1503
f 1517/1517 1518/1518 1507/1507
f 1411/1411 1441/1441 1412/1412
f 1507/1507 1412/1412 1517/1517
f 1520/1520 1441/1441 1500/1500
f 1520/1520 1500/1500 1445/1445
f 1520/1520 1445/1445 1518/1518
f 1395/1395 1463/1463 1460/1460
f 1412/1412 1441/1441 1520/1520
f 1470/1470 1468/1468 1495/1495
f 1412/1412 1520/1520 1517/1517
f 1517/1517 1520/1520 1518/1518
f 1470/1470 1439/1439 1430/1430
f 1515/1515 1405/1405 1406/1406
f 500/500 1491/1491 462/462
f 1503/1503 1405/1405 1515/1515
f 1395/1395 1459/1459 1396/1396
f 1448/1448 1456/1456 1394/1394
f 1448/1448 1447/1447 1456/1456
f 1447/1447 1445/1445 1500/1500
f 1395/1395 1457/1457 1461/1461
f 1457/1457 1502/1502 1461/1461
f 1461/1461 1463/1463 1395/1395
f 1463/1463 1484/1484 1460/1460
f 1463/1463 1462/1462 1484/1484
f 1441/1441 1510/1510 1501/1501
f 1511/1511 1501/1501 1510/1510
f 1509/1509 1462/1462 1461/1461
f 1462/1462 1489/1489 1484/1484
f 1440/1440 1510/1510 1441/1441
f 1443/1443 1442/1442 1511/1511
f 1511/1511 1428/1428 1509/1509
f 1462/1462 1509/1509 1431/1431
f 1462/1462 1431/1431 1489/1489
f 1442/1442 1428/1428 1511/1511
f 1428/1428 1474/1474 1509/1509
f 1509/1509 1474/1474 1432/1432
f 1509/1509 1432/1432 1431/1431
f 1431/1431 485/485 1489/1489
f 1447/1447 1502/1502 1457/1457
f 1429/1429 1442/1442 1444/1444
f 1411/1411 1435/1435 1497/1497
f 1443/1443 1440/1440 1497/1497
f 1428/1428 1442/1442 1429/1429
f 1394/1394 1457/1457 1395/1395
f 1435/1435 1466/1466 1497/1497
f 1465/1465 1432/1432 1430/1430
f 1466/1466 1458/1458 1497/1497
f 1429/1429 1470/1470 1430/1430
f 1430/1430 1439/1439 1465/1465
f 485/485 1465/1465 1438/1438
f 1458/1458 1466/1466 1470/1470
f 1521/1521 1522/1522 1523/1523
f 1524/1524 1525/1525 1526/1526
f 1527/1527 1528/1528 1525/1525
f 1523/1523 1525/1525 1524/1524
f 1529/1529 1523/1523 1524/1524
f 1530/1530 1531/1531 1532/1532
f 1523/1523 1529/1529 1532/1532
f 1533/1533 1532/1532 1529/1529
f 1529/1529 1534/1534 1535/1535
f 1536/1536 1537/1537 1538/1538
f 1539/1539 1541/1541 1535/1535
f 1523/1523 1527/1527 1525/1525
f 1542/1542 1528/1528 1527/1527
f 1528/1528 1542/1542 1543/1543
f 212/212 1544/1544 1546/1546
f 1535/1535 1533/1533 1529/1529
f 1530/1530 1532/1532 1533/1533
f 1547/1547 1548/1548 1549/1549
f 1541/1541 1533/1533 1535/1535
f 1550/1550 1551/1551 1552/1552
f 1553/1553 1554/1554 1555/1555
f 1556/1556 1547/1547 1557/1557
f 1558/1558 1559/1559 1560/1560
f 1561/1561 1562/1562 1563/1563
f 1556/1556 1557/1557 1564/1564
f 1559/1559 224/224 220/220
f 1565/1565 1566/1566 1564/1564
f 1553/1553 1547/1547 1567/1567
f 1555/1555 1554/1554 1565/1565
f 1568/1568 1569/1569 1570/1570
f 1547/1547 1549/1549 1567/1567
f 1571/1571 1572/1572 1568/1568
f 1573/1573 1572/1572 280/280
f 224/224 1559/1559 1531/1531
f 1574/1574 1552/1552 1575/1575
f 1576/1576 104/104 120/120
f 1542/1542 1527/1527 1523/1523
f 1577/1577 1553/1553 1567/1567
f 224/224 1531/1531 1578/1578
f 1554/1554 1580/1580 1565/1565
f 1569/1569 1568/1568 1581/1581
f 1563/1563 1567/1567 1549/1549
f 1563/1563 1549/1549 1569/1569
f 1583/1583 1531/1531 1584/1584
f 7/7 4/4 1586/1586
f 1577/1577 1567/1567 1562/1562
f 1554/1554 1587/1587 1580/1580
f 1568/1568 1572/1572 1581/1581
f 1588/1588 1561/1561 1589/1589
f 1569/1569 1581/1581 1561/1561
f 1531/1531 1559/1559 1521/1521
f 1562/1562 1567/1567 1563/1563
f 1590/1590 1552/1552 1591/1591
f 1592/1592 233/233 958/958
f 1593/1593 1553/1553 1577/1577
f 958/958 955/955 254/254
f 1566/1566 1592/1592 1564/1564
f 955/955 256/256 254/254
f 254/254 1571/1571 1568/1568
f 1593/1593 1577/1577 1562/1562
f 1593/1593 1587/1587 1553/1553
f 1594/1594 1553/1553 1555/1555
f 1595/1595 1592/1592 958/958
f 1526/1526 1574/1574 1534/1534
f 1596/1596 1597/1597 1573/1573
f 1552/1552 1590/1590 1598/1598
f 1581/1581 1597/1597 1561/1561
f 1595/1595 958/958 254/254
f 115/115 126/126 1599/1599
f 1597/1597 1572/1572 1573/1573
f 1564/1564 1595/1595 1556/1556
f 254/254 1568/1568 1570/1570
f 1562/1562 1588/1588 1593/1593
f 1595/1595 1564/1564 1592/1592
f 1587/1587 1593/1593 1536/1536
f 1573/1573 1600/1600 1596/1596
f 1588/1588 1562/1562 1561/1561
f 1557/1557 1555/1555 1565/1565
f 1556/1556 1595/1595 254/254
f 1548/1548 1556/1556 254/254
f 202/202 1560/1560 220/220
f 252/252 1571/1571 254/254
f 1570/1570 1548/1548 254/254
f 270/270 1572/1572 252/252
f 280/280 1572/1572 270/270
f 1531/1531 1583/1583 1578/1578
f 112/112 1551/1551 1601/1601
f 1547/1547 1594/1594 1557/1557
f 1538/1538 1525/1525 1602/1602
f 1576/1576 1600/1600 1573/1573
f 1599/1599 297/297 319/319
f 1538/1538 1587/1587 1536/1536
f 1561/1561 1563/1563 1569/1569
f 1589/1589 1603/1603 1588/1588
f 1573/1573 280/280 1576/1576
f 1578/1578 1605/1605 224/224
f 1600/1600 1606/1606 1598/1598
f 2/2 7/7 1580/1580
f 1561/1561 1590/1590 1589/1589
f 1607/1607 1533/1533 1541/1541
f 1576/1576 280/280 104/104
f 1534/1534 1529/1529 1524/1524
f 1542/1542 1558/1558 1543/1543
f 1537/1537 1609/1609 1526/1526
f 1589/1589 1590/1590 1591/1591
f 1531/1531 1521/1521 1532/1532
f 1586/1586 233/233 1592/1592
f 224/224 1605/1605 950/950
f 216/216 1610/1610 219/219
f 1611/1611 1606/1606 120/120
f 1536/1536 1609/1609 1537/1537
f 1532/1532 1521/1521 1523/1523
f 1530/1530 1584/1584 1531/1531
f 1525/1525 1528/1528 1602/1602
f 120/120 112/112 1601/1601
f 1547/1547 1553/1553 1594/1594
f 2/2 1546/1546 5/5
f 1588/1588 1609/1609 1593/1593
f 1603/1603 1609/1609 1588/1588
f 1543/1543 1602/1602 1528/1528
f 1600/1600 1590/1590 1561/1561
f 1611/1611 1601/1601 1550/1550
f 1526/1526 1534/1534 1524/1524
f 1612/1612 1575/1575 1551/1551
f 1601/1601 1611/1611 120/120
f 1542/1542 1522/1522 1521/1521
f 1550/1550 1552/1552 1598/1598
f 1613/1613 2/2 1580/1580
f 1596/1596 1600/1600 1561/1561
f 1586/1586 1545/1545 209/209
f 1602/1602 1613/1613 1538/1538
f 1584/1584 1530/1530 1607/1607
f 1610/1610 1614/1614 1543/1543
f 1611/1611 1550/1550 1598/1598
f 1555/1555 1557/1557 1594/1594
f 1536/1536 1593/1593 1609/1609
f 304/304 1615/1615 1599/1599
f 1530/1530 1533/1533 1607/1607
f 1591/1591 1552/1552 1574/1574
f 319/319 304/304 1599/1599
f 252/252 1572/1572 1571/1571
f 1538/1538 1613/1613 1580/1580
f 216/216 1546/1546 1610/1610
f 1611/1611 1598/1598 1606/1606
f 213/213 209/209 1545/1545
f 1613/1613 1602/1602 1614/1614
f 1609/1609 1591/1591 1526/1526
f 212/212 1546/1546 216/216
f 1538/1538 1537/1537 1525/1525
f 1589/1589 1591/1591 1603/1603
f 1569/1569 1549/1549 1570/1570
f 1542/1542 1521/1521 1558/1558
f 1523/1523 1522/1522 1542/1542
f 1580/1580 7/7 1565/1565
f 1550/1550 1601/1601 1551/1551
f 1610/1610 2/2 1614/1614
f 219/219 1617/1617 202/202
f 220/220 1560/1560 1559/1559
f 1552/1552 1551/1551 1575/1575
f 1566/1566 1586/1586 1592/1592
f 1617/1617 1560/1560 202/202
f 1561/1561 1597/1597 1596/1596
f 4/4 1545/1545 1586/1586
f 1615/1615 1535/1535 1534/1534
f 1526/1526 1591/1591 1574/1574
f 1564/1564 1557/1557 1565/1565
f 1591/1591 1609/1609 1603/1603
f 1565/1565 7/7 1566/1566
f 1570/1570 1549/1549 1548/1548
f 1606/1606 1576/1576 120/120
f 1572/1572 1597/1597 1581/1581
f 1580/1580 1587/1587 1538/1538
f 126/126 297/297 1599/1599
f 1558/1558 1617/1617 1543/1543
f 1566/1566 7/7 1586/1586
f 1598/1598 1590/1590 1600/1600
f 1558/1558 1560/1560 1617/1617
f 1535/1535 1615/1615 1539/1539
f 1548/1548 1547/1547 1556/1556
f 209/209 233/233 1586/1586
f 1534/1534 1618/1618 1615/1615
f 1575/1575 1612/1612 1618/1618
f 1554/1554 1553/1553 1587/1587
f 1610/1610 1543/1543 1617/1617
f 1525/1525 1537/1537 1526/1526
f 1607/1607 1541/1541 1539/1539
f 1558/1558 1521/1521 1559/1559
f 1551/1551 115/115 1612/1612
f 1615/1615 1618/1618 1612/1612
f 1613/1613 1614/1614 2/2
f 5/5 1546/1546 1544/1544
f 1534/1534 1574/1574 1618/1618
f 1615/1615 115/115 1599/1599
f 115/115 1551/1551 112/112
f 219/219 1610/1610 1617/1617
f 1618/1618 1574/1574 1575/1575
f 1606/1606 1600/1600 1576/1576
f 115/115 1615/1615 1612/1612
f 1546/1546 2/2 1610/1610
f 1602/1602 1543/1543 1614/1614
f 1619/1619 1620/1620 1621/1621
f 1622/1622 1623/1623 1624/1624
f 1625/1625 1626/1626 1627/1627
f 1628/1628 369/369 1629/1629
f 1630/1630 1631/1631 1633/1633
f 1634/1634 1635/1635 1636/1636
f 1637/1637 1638/1638 1639/1639
f 1623/1623 1640/1640 1639/1639
f 1641/1641 1621/1621 1642/1642
f 1621/1621 1641/1641 1619/1619
f 1643/1643 1644/1644 1646/1646
f 1648/1648 1649/1649 1650/1650
f 1651/1651 1652/1652 1653/1653
f 1653/1653 1654/1654 1655/1655
f 1620/1620 1655/1655 1621/1621
f 1656/1656 360/360 372/372
f 1657/1657 1659/1659 1661/1661
f 1665/1665 1642/1642 1654/1654
f 173/173 1666/1666 155/155
f 1667/1667 1665/1665 1654/1654
f 1669/1669 1670/1670 1671/1671
f 1655/1655 1620/1620 1672/1672
f 1622/1622 1673/1673 1659/1659
f 1638/1638 1675/1675 1676/1676
f 1677/1677 1678/1678 1680/1680
f 1681/1681 1637/1637 1682/1682
f 1652/1652 1684/1684 1653/1653
f 1686/1686 1687/1687 1688/1688
f 1649/1649 1648/1648 1672/1672
f 1630/1630 1689/1689 366/366
f 1687/1687 1641/1641 1642/1642
f 1637/1637 1640/1640 1682/1682
f 1690/1690 1689/1689 1691/1691
f 1640/1640 1637/1637 1639/1639
f 1684/1684 1667/1667 1653/1653
f 1692/1692 1622/1622 1657/1657
f 1682/1682 1694/1694 1681/1681
f 1696/1696 1652/1652 1699/1699
f 1700/1700 1701/1701 1686/1686
f 1622/1622 1659/1659 1657/1657
f 1703/1703 1624/1624 1623/1623
f 1704/1704 1699/1699 1625/1625
f 1705/1705 1703/1703 1706/1706
f 1637/1637 1677/1677 1638/1638
f 1623/1623 1622/1622 1640/1640
f 366/366 374/374 1630/1630
f 1707/1707 1708/1708 174/174
f 1710/1710 1711/1711 1713/1713
f 1714/1714 1715/1715 1717/1717
f 1652/1652 1696/1696 1684/1684
f 1719/1719 1648/1648 1720/1720
f 1713/1713 1706/1706 1676/1676
f 1721/1721 1655/1655 1672/1672
f 1722/1722 1723/1723 1680/1680
f 1724/1724 1725/1725 1670/1670
f 1651/1651 1653/1653 1726/1726
f 1724/1724 1727/1727 1707/1707
f 1728/1728 1730/1730 1686/1686
f 1700/1700 1688/1688 1665/1665
f 1675/1675 1731/1731 1676/1676
f 1688/1688 1700/1700 1686/1686
f 1644/1644 1734/1734 1646/1646
f 1672/1672 1620/1620 1735/1735
f 1650/1650 1629/1629 1720/1720
f 1736/1736 1633/1633 1714/1714
f 1689/1689 1634/1634 1691/1691
f 1715/1715 1714/1714 1633/1633
f 1730/1730 1728/1728 1737/1737
f 1727/1727 1669/1669 1722/1722
f 1739/1739 1643/1643 1740/1740
f 1652/1652 1651/1651 1626/1626
f 1653/1653 1721/1721 1726/1726
f 1649/1649 1742/1742 1650/1650
f 1655/1655 1721/1721 1653/1653
f 1703/1703 1705/1705 1673/1673
f 1646/1646 1734/1734 1745/1745
f 1739/1739 1740/1740 1625/1625
f 1704/1704 1740/1740 1746/1746
f 1707/1707 1748/1748 1749/1749
f 1672/1672 1636/1636 1721/1721
f 1722/1722 1748/1748 1727/1727
f 1751/1751 1752/1752 1634/1634
f 155/155 1666/1666 157/157
f 1753/1753 1754/1754 1720/1720
f 360/360 1656/1656 1753/1753
f 174/174 1725/1725 1707/1707
f 1653/1653 1667/1667 1654/1654
f 1713/1713 1711/1711 1705/1705
f 1642/1642 1665/1665 1688/1688
f 1643/1643 1646/1646 1740/1740
f 1717/1717 1644/1644 1643/1643
f 1669/1669 1619/1619 1722/1722
f 1755/1755 1705/1705 1711/1711
f 1746/1746 1699/1699 1704/1704
f 1754/1754 1691/1691 1719/1719
f 1719/1719 1634/1634 1636/1636
f 1656/1656 1754/1754 1753/1753
f 1619/1619 1723/1723 1722/1722
f 1719/1719 1636/1636 1648/1648
f 1678/1678 1637/1637 1681/1681
f 1704/1704 1625/1625 1740/1740
f 1757/1757 1649/1649 1735/1735
f 1635/1635 1651/1651 1726/1726
f 1717/1717 1643/1643 1758/1758
f 1735/1735 1649/1649 1672/1672
f 1758/1758 1643/1643 1739/1739
f 1759/1759 1749/1749 1748/1748
f 1725/1725 174/174 157/157
f 1749/1749 1708/1708 1707/1707
f 1703/1703 1638/1638 1706/1706
f 1629/1629 1650/1650 1628/1628
f 1666/1666 342/342 332/332
f 1755/1755 1673/1673 1705/1705
f 369/369 360/360 1753/1753
f 1761/1761 1631/1631 1630/1630
f 1634/1634 1719/1719 1691/1691
f 1713/1713 1705/1705 1706/1706
f 1669/1669 1727/1727 1724/1724
f 1691/1691 1754/1754 1656/1656
f 1636/1636 1635/1635 1726/1726
f 1638/1638 1676/1676 1706/1706
f 1763/1763 1651/1651 1635/1635
f 1676/1676 1710/1710 1713/1713
f 1711/1711 1710/1710 1730/1730
f 1764/1764 1730/1730 1710/1710
f 1648/1648 1650/1650 1720/1720
f 1707/1707 1727/1727 1748/1748
f 1731/1731 1710/1710 1676/1676
f 1636/1636 1672/1672 1648/1648
f 1765/1765 1628/1628 1766/1766
f 1752/1752 1635/1635 1634/1634
f 1715/1715 1633/1633 1631/1631
f 366/366 1690/1690 372/372
f 1767/1767 1725/1725 157/157
f 1723/1723 1731/1731 1675/1675
f 1748/1748 1678/1678 1759/1759
f 1753/1753 1629/1629 369/369
f 1711/1711 1730/1730 1737/1737
f 1630/1630 374/374 1761/1761
f 1670/1670 1742/1742 1671/1671
f 1689/1689 1768/1768 1634/1634
f 1651/1651 1763/1763 1627/1627
f 1730/1730 1764/1764 1769/1769
f 1726/1726 1721/1721 1636/1636
f 1752/1752 1763/1763 1635/1635
f 1725/1725 1767/1767 1670/1670
f 157/157 1666/1666 1767/1767
f 1764/1764 1710/1710 1731/1731
f 1670/1670 1669/1669 1724/1724
f 1678/1678 1748/1748 1680/1680
f 1731/1731 1723/1723 1641/1641
f 1680/1680 1748/1748 1722/1722
f 1752/1752 1751/1751 1714/1714
f 1769/1769 1686/1686 1730/1730
f 1764/1764 1687/1687 1769/1769
f 1764/1764 1731/1731 1641/1641
f 1638/1638 1677/1677 1675/1675
f 1757/1757 1735/1735 1620/1620
f 1690/1690 366/366 1689/1689
f 1758/1758 1752/1752 1714/1714
f 1680/1680 1675/1675 1677/1677
f 1650/1650 1742/1742 1766/1766
f 1628/1628 1666/1666 332/332
f 1742/1742 1670/1670 1767/1767
f 1687/1687 1686/1686 1769/1769
f 1629/1629 1753/1753 1720/1720
f 1767/1767 1666/1666 1765/1765
f 1666/1666 173/173 342/342
f 1678/1678 1681/1681 1694/1694
f 1764/1764 1641/1641 1687/1687
f 1723/1723 1619/1619 1641/1641
f 1768/1768 1689/1689 1630/1630
f 1686/1686 1701/1701 1728/1728
f 1766/1766 1742/1742 1767/1767
f 1763/1763 1752/1752 1739/1739
f 1688/1688 1687/1687 1642/1642
f 1666/1666 1628/1628 1765/1765
f 1766/1766 1767/1767 1765/1765
f 1692/1692 1682/1682 1640/1640
f 1669/1669 1671/1671 1757/1757
f 1626/1626 1651/1651 1627/1627
f 1677/1677 1637/1637 1678/1678
f 1680/1680 1723/1723 1675/1675
f 1757/1757 1619/1619 1669/1669
f 1656/1656 372/372 1690/1690
f 1649/1649 1671/1671 1742/1742
f 1627/1627 1739/1739 1625/1625
f 1724/1724 1707/1707 1725/1725
f 1652/1652 1626/1626 1699/1699
f 1717/1717 1758/1758 1714/1714
f 1621/1621 1655/1655 1654/1654
f 1638/1638 1703/1703 1623/1623
f 1622/1622 1692/1692 1640/1640
f 1621/1621 1654/1654 1642/1642
f 1673/1673 1624/1624 1703/1703
f 1649/1649 1757/1757 1671/1671
f 1638/1638 1623/1623 1639/1639
f 1701/1701 1700/1700 1665/1665
f 1768/1768 1630/1630 1633/1633
f 1673/1673 1622/1622 1624/1624
f 1751/1751 1768/1768 1736/1736
f 1619/1619 1757/1757 1620/1620
f 1633/1633 1736/1736 1768/1768
f 1768/1768 1751/1751 1634/1634
f 1751/1751 1736/1736 1714/1714
f 1763/1763 1739/1739 1627/1627
f 1691/1691 1656/1656 1690/1690
f 1758/1758 1739/1739 1752/1752
f 1699/1699 1626/1626 1625/1625
f 1754/1754 1719/1719 1720/1720
f 1650/1650 1766/1766 1628/1628
f 369/369 1628/1628 332/332
f 1770/1770 1771/1771 1772/1772
f 1773/1773 1774/1774 1775/1775
f 1776/1776 1777/1777 1778/1778
f 1779/1779 1774/1774 1773/1773
f 1777/1777 1782/1782 1778/1778
f 1783/1783 1770/1770 1784/1784
f 1785/1785 1787/1787 1774/1774
f 1779/1779 1789/1789 1774/1774
f 1791/1791 1792/1792 1793/1793
f 1794/1794 1784/1784 1795/1795
f 1796/1796 1797/1797 1798/1798
f 1799/1799 1800/1800 1791/1791
f 1801/1801 1804/1804 1771/1771
f 1770/1770 1805/1805 1797/1797
f 1806/1806 1807/1807 1808/1808
f 1809/1809 1811/1811 1813/1813
f 1814/1814 1798/1798 1797/1797
f 1799/1799 1791/1791 1815/1815
f 1816/1816 1817/1817 1819/1819
f 1796/1796 1784/1784 1770/1770
f 1798/1798 1821/1821 1795/1795
f 1798/1798 1814/1814 1821/1821
f 1797/1797 1796/1796 1770/1770
f 1816/1816 1419/1419 1817/1817
f 1822/1822 1824/1824 1826/1826
f 1776/1776 1827/1827 1828/1828
f 1829/1829 1770/1770 1772/1772
f 1821/1821 1419/1419 1795/1795
f 1827/1827 1776/1776 1830/1830
f 1831/1831 1832/1832 1833/1833
f 1834/1834 1772/1772 1835/1835
f 1783/1783 1794/1794 1836/1836
f 1839/1839 1772/1772 1771/1771
f 1840/1840 1821/1821 1814/1814
f 1813/1813 1811/1811 1842/1842
f 1844/1844 1846/1846 1848/1848
f 1819/1819 1794/1794 1816/1816
f 1770/1770 1783/1783 1771/1771
f 1419/1419 1514/1514 1817/1817
f 1849/1849 1792/1792 1850/1850
f 1851/1851 1852/1852 1853/1853
f 1834/1834 1854/1854 1806/1806
f 1855/1855 1850/1850 1856/1856
f 1850/1850 1857/1857 1807/1807
f 1858/1858 1859/1859 1860/1860
f 1814/1814 1797/1797 1805/1805
f 1861/1861 1858/1858 1862/1862
f 1863/1863 1782/1782 1777/1777
f 1821/1821 1414/1414 1419/1419
f 1856/1856 1864/1864 1858/1858
f 1865/1865 1862/1862 1864/1864
f 1857/1857 1855/1855 1828/1828
f 1854/1854 1851/1851 1866/1866
f 1867/1867 1777/1777 1868/1868
f 1792/1792 1856/1856 1850/1850
f 1856/1856 1858/1858 1855/1855
f 1865/1865 1861/1861 1862/1862
f 1852/1852 1846/1846 1869/1869
f 1871/1871 1872/1872 1859/1859
f 1873/1873 1874/1874 1799/1799
f 1858/1858 1861/1861 1875/1875
f 1821/1821 1840/1840 1414/1414
f 1876/1876 1877/1877 1875/1875
f 1878/1878 1792/1792 1800/1800
f 1878/1878 1856/1856 1792/1792
f 1879/1879 1863/1863 1867/1867
f 1800/1800 1799/1799 1874/1874
f 1869/1869 1880/1880 1833/1833
f 1882/1882 1883/1883 1884/1884
f 1875/1875 1861/1861 1876/1876
f 1865/1865 1886/1886 1861/1861
f 1877/1877 1876/1876 1887/1887
f 1888/1888 1877/1877 1813/1813
f 1889/1889 1890/1890 1779/1779
f 1855/1855 1858/1858 1860/1860
f 1859/1859 1879/1879 1860/1860
f 1848/1848 1851/1851 1835/1835
f 1863/1863 1777/1777 1867/1867
f 1796/1796 1798/1798 1795/1795
f 1863/1863 1892/1892 1893/1893
f 1777/1777 1776/1776 1868/1868
f 1866/1866 1851/1851 1853/1853
f 1894/1894 1892/1892 1879/1879
f 1833/1833 1880/1880 1895/1895
f 1864/1864 1856/1856 1878/1878
f 1897/1897 1800/1800 1874/1874
f 1884/1884 1883/1883 1900/1900
f 1876/1876 1861/1861 1886/1886
f 1836/1836 1794/1794 1901/1901
f 1886/1886 1865/1865 1864/1864
f 1882/1882 1813/1813 1842/1842
f 1784/1784 1794/1794 1783/1783
f 1839/1839 1848/1848 1835/1835
f 1876/1876 1809/1809 1887/1887
f 1804/1804 1844/1844 1839/1839
f 1813/1813 1877/1877 1887/1887
f 1775/1775 1878/1878 1897/1897
f 1807/1807 1857/1857 1808/1808
f 1864/1864 1878/1878 1775/1775
f 1882/1882 1888/1888 1813/1813
f 1895/1895 1903/1903 1833/1833
f 1827/1827 1904/1904 1808/1808
f 1867/1867 1860/1860 1879/1879
f 1875/1875 1877/1877 1871/1871
f 1905/1905 1903/1903 1906/1906
f 1882/1882 1908/1908 1910/1910
f 1849/1849 1793/1793 1792/1792
f 1911/1911 1913/1913 1914/1914
f 1805/1805 1808/1808 1904/1904
f 1783/1783 1836/1836 1801/1801
f 1866/1866 1849/1849 1854/1854
f 1877/1877 1888/1888 1871/1871
f 1894/1894 1859/1859 1917/1917
f 1918/1918 1892/1892 1894/1894
f 1832/1832 1831/1831 1853/1853
f 1882/1882 1910/1910 1888/1888
f 1853/1853 1815/1815 1866/1866
f 1833/1833 1832/1832 1869/1869
f 1913/1913 1905/1905 1919/1919
f 1830/1830 1826/1826 1805/1805
f 1860/1860 1867/1867 1868/1868
f 1795/1795 1816/1816 1794/1794
f 1828/1828 1868/1868 1776/1776
f 1858/1858 1864/1864 1862/1862
f 1826/1826 1824/1824 1921/1921
f 1888/1888 1910/1910 1871/1871
f 1892/1892 1918/1918 1893/1893
f 1919/1919 1914/1914 1913/1913
f 1808/1808 1829/1829 1806/1806
f 1882/1882 1842/1842 1883/1883
f 1832/1832 1852/1852 1869/1869
f 1913/1913 1922/1922 1905/1905
f 1852/1852 1832/1832 1853/1853
f 1830/1830 1805/1805 1904/1904
f 1792/1792 1791/1791 1800/1800
f 1778/1778 1782/1782 1923/1923
f 1863/1863 1893/1893 1925/1925
f 1826/1826 1921/1921 1805/1805
f 1872/1872 1871/1871 1910/1910
f 1859/1859 1872/1872 1917/1917
f 1787/1787 1927/1927 1774/1774
f 1772/1772 1834/1834 1829/1829
f 1900/1900 1928/1928 1884/1884
f 1917/1917 1872/1872 1933/1933
f 1893/1893 1918/1918 1934/1934
f 1816/1816 1795/1795 1419/1419
f 1834/1834 1835/1835 1851/1851
f 1905/1905 1922/1922 1903/1903
f 1784/1784 1796/1796 1795/1795
f 1906/1906 1903/1903 1895/1895
f 1906/1906 1919/1919 1905/1905
f 1897/1897 1874/1874 1889/1889
f 1910/1910 1933/1933 1872/1872
f 1934/1934 1925/1925 1893/1893
f 1829/1829 1805/1805 1770/1770
f 1854/1854 1807/1807 1806/1806
f 1853/1853 1831/1831 1815/1815
f 1903/1903 1936/1936 1873/1873
f 1908/1908 1882/1882 1884/1884
f 1937/1937 1883/1883 1842/1842
f 1826/1826 1830/1830 1776/1776
f 1851/1851 1854/1854 1834/1834
f 1900/1900 1883/1883 1937/1937
f 1894/1894 1879/1879 1859/1859
f 1854/1854 1849/1849 1807/1807
f 1917/1917 1918/1918 1894/1894
f 1849/1849 1866/1866 1793/1793
f 1873/1873 1936/1936 1874/1874
f 1940/1940 1874/1874 1922/1922
f 1831/1831 1873/1873 1799/1799
f 1809/1809 1813/1813 1887/1887
f 1773/1773 1775/1775 1897/1897
f 1922/1922 1913/1913 1940/1940
f 1933/1933 1934/1934 1918/1918
f 1828/1828 1855/1855 1868/1868
f 1785/1785 1774/1774 1789/1789
f 1941/1941 1890/1890 1913/1913
f 1833/1833 1903/1903 1873/1873
f 1775/1775 1774/1774 1864/1864
f 1782/1782 1863/1863 1925/1925
f 1890/1890 1889/1889 1940/1940
f 1815/1815 1793/1793 1866/1866
f 1941/1941 1913/1913 1911/1911
f 1776/1776 1822/1822 1826/1826
f 1889/1889 1773/1773 1897/1897
f 1857/1857 1828/1828 1808/1808
f 1940/1940 1913/1913 1890/1890
f 1889/1889 1874/1874 1940/1940
f 1849/1849 1850/1850 1807/1807
f 1886/1886 1927/1927 1809/1809
f 1851/1851 1848/1848 1852/1852
f 1815/1815 1831/1831 1799/1799
f 1855/1855 1860/1860 1868/1868
f 1855/1855 1857/1857 1850/1850
f 1873/1873 1831/1831 1833/1833
f 1776/1776 1778/1778 1822/1822
f 1829/1829 1808/1808 1805/1805
f 1864/1864 1927/1927 1886/1886
f 1904/1904 1827/1827 1830/1830
f 1800/1800 1897/1897 1878/1878
f 1772/1772 1839/1839 1835/1835
f 1933/1933 1918/1918 1917/1917
f 1858/1858 1875/1875 1859/1859
f 1791/1791 1793/1793 1815/1815
f 1933/1933 1910/1910 1908/1908
f 1814/1814 1943/1943 1840/1840
f 1839/1839 1844/1844 1848/1848
f 1876/1876 1886/1886 1809/1809
f 1936/1936 1903/1903 1922/1922
f 1814/1814 1921/1921 1943/1943
f 1901/1901 1794/1794 1819/1819
f 1814/1814 1805/1805 1921/1921
f 1846/1846 1852/1852 1848/1848
f 1778/1778 1923/1923 1822/1822
f 1875/1875 1871/1871 1859/1859
f 1874/1874 1936/1936 1922/1922
f 1771/1771 1804/1804 1839/1839
f 1779/1779 1773/1773 1889/1889
f 1864/1864 1774/1774 1927/1927
f 1927/1927 1787/1787 1809/1809
f 1827/1827 1808/1808 1828/1828
f 1834/1834 1806/1806 1829/1829
f 1771/1771 1783/1783 1801/1801
f 1863/1863 1879/1879 1892/1892
f 1921/1921 1824/1824 1943/1943
f 1945/1945 1946/1946 1947/1947
f 1948/1948 1949/1949 1947/1947
f 1950/1950 1951/1951 1952/1952
f 1953/1953 1954/1954 1955/1955
f 1946/1946 1956/1956 1947/1947
f 1952/1952 1957/1957 1958/1958
f 1955/1955 1959/1959 1953/1953
f 1956/1956 1948/1948 1947/1947
f 1958/1958 1960/1960 1954/1954
f 1961/1961 1962/1962 1963/1963
f 1961/1961 1964/1964 1949/1949
f 1948/1948 1957/1957 1952/1952
f 1951/1951 1962/1962 1949/1949
f 1954/1954 1960/1960 1955/1955
f 1965/1965 1950/1950 1966/1966
f 1947/1947 1967/1967 1969/1969
f 1951/1951 1948/1948 1952/1952
f 1949/1949 1962/1962 1961/1961
f 1970/1970 1963/1963 1962/1962
f 1949/1949 1948/1948 1951/1951
f 1966/1966 1950/1950 1971/1971
f 1965/1965 1972/1972 1962/1962
f 1949/1949 1964/1964 1947/1947
f 1948/1948 1956/1956 1957/1957
f 1951/1951 1950/1950 1965/1965
f 1954/1954 1952/1952 1958/1958
f 1973/1973 1969/1969 1967/1967
f 1964/1964 1961/1961 1963/1963
f 1947/1947 1969/1969 1945/1945
f 1964/1964 1967/1967 1947/1947
f 1970/1970 1962/1962 1972/1972
f 1950/1950 1952/1952 1953/1953
f 1954/1954 1953/1953 1952/1952
f 1953/1953 1959/1959 1975/1975
f 1976/1976 1977/1977 1979/1979
f 1980/1980 1979/1979 1981/1981
f 1979/1979 1982/1982 1981/1981
f 1983/1983 1984/1984 1985/1985
f 1982/1982 1979/1979 1977/1977
f 1976/1976 1979/1979 1986/1986
f 1979/1979 1980/1980 1986/1986
f 1987/1987 1980/1980 1981/1981
f 1955/1955 1988/1988 1959/1959
f 1980/1980 1989/1989 1990/1990
f 1980/1980 1990/1990 1986/1986
f 1989/1989 1980/1980 1987/1987
f 1987/1987 1981/1981 1988/1988
f 1971/1971 1991/1991 1966/1966
f 1992/1992 1955/1955 1960/1960
f 1989/1989 1987/1987 1988/1988
f 1951/1951 1965/1965 1962/1962
f 1989/1989 1993/1993 1990/1990
f 1988/1988 1983/1983 1989/1989
f 1985/1985 1993/1993 1989/1989
f 1994/1994 1990/1990 1993/1993
f 1985/1985 1994/1994 1993/1993
f 1985/1985 1989/1989 1983/1983
f 1995/1995 1984/1984 1983/1983
f 1955/1955 1983/1983 1988/1988
f 1995/1995 1983/1983 1955/1955
f 1955/1955 1992/1992 1995/1995
f 1967/1967 1964/1964 1996/1996
f 1997/1997 1996/1996 1999/1999
f 1996/1996 1964/1964 1999/1999
f 1963/1963 1999/1999 1964/1964
f 1996/1996 1997/1997 1973/1973
f 2000/2000 2001/2001 1999/1999
f 1963/1963 2000/2000 1999/1999
f 1973/1973 1967/1967 1996/1996
f 2003/2003 2001/2001 2000/2000
f 2003/2003 2004/2004 2001/2001
f 1997/1997 1999/1999 2001/2001
f 1946/1946 1945/1945 2006/2006
f 2007/2007 2008/2008 2006/2006
f 2006/2006 2008/2008 1946/1946
f 2009/2009 2011/2011 1945/1945
f 1945/1945 1969/1969 2009/2009
f 2011/2011 2015/2015 1945/1945
f 2006/2006 1945/1945 2015/2015
f 2015/2015 2007/2007 2006/2006
f 2016/2016 2018/2018 2019/2019
f 2021/2021 2019/2019 2018/2018
f 2016/2016 2023/2023 2018/2018
f 2024/2024 2026/2026 2027/2027
f 2024/2024 2023/2023 2016/2016
f 2024/2024 2016/2016 2028/2028
f 2023/2023 2024/2024 2027/2027
f 2028/2028 2026/2026 2024/2024
f 2030/2030 2027/2027 2026/2026
f 2032/2032 2033/2033 2034/2034
f 1995/1995 2035/2035 1984/1984
f 1957/1957 1946/1946 2036/2036
f 2033/2033 2032/2032 2037/2037
f 1958/1958 2032/2032 1960/1960
f 2032/2032 2034/2034 2035/2035
f 2037/2037 2038/2038 2033/2033
f 2034/2034 2039/2039 2035/2035
f 2032/2032 2035/2035 1960/1960
f 2037/2037 1957/1957 2036/2036
f 2037/2037 1958/1958 1957/1957
f 2039/2039 1984/1984 2035/2035
f 2036/2036 2038/2038 2037/2037
f 1958/1958 2037/2037 2032/2032
f 2040/2040 2041/2041 2038/2038
f 1992/1992 1960/1960 2035/2035
f 2036/2036 2040/2040 2038/2038
f 1995/1995 1992/1992 2035/2035
f 2008/2008 2040/2040 2036/2036
f 2036/2036 1946/1946 2008/2008
f 1956/1956 1946/1946 1957/1957
f 2007/2007 2040/2040 2008/2008
f 2040/2040 2007/2007 2041/2041
f 2041/2041 2007/2007 2042/2042
f 2007/2007 2015/2015 2042/2042
f 2021/2021 2044/2044 2045/2045
f 2041/2041 2042/2042 2047/2047
f 2049/2049 1972/1972 2050/2050
f 1991/1991 2050/2050 1965/1965
f 2047/2047 2045/2045 2041/2041
f 2041/2041 2045/2045 2044/2044
f 1972/1972 2049/2049 2051/2051
f 2050/2050 1991/1991 2049/2049
f 2049/2049 2052/2052 2051/2051
f 2049/2049 1991/1991 2054/2054
f 2055/2055 2052/2052 2049/2049
f 1950/1950 1975/1975 1971/1971
f 2057/2057 2055/2055 2054/2054
f 1959/1959 1988/1988 2058/2058
f 2059/2059 2055/2055 2057/2057
f 2049/2049 2054/2054 2055/2055
f 1975/1975 2057/2057 1971/1971
f 1971/1971 2057/2057 2054/2054
f 2058/2058 1988/1988 1981/1981
f 2061/2061 2057/2057 2058/2058
f 2064/2064 2058/2058 1981/1981
f 2065/2065 1977/1977 1976/1976
f 1953/1953 1975/1975 1950/1950
f 1991/1991 1971/1971 2054/2054
f 2067/2067 2065/2065 1976/1976
f 2061/2061 2059/2059 2057/2057
f 2058/2058 2057/2057 1959/1959
f 1982/1982 1977/1977 2064/2064
f 1975/1975 1959/1959 2057/2057
f 2064/2064 2061/2061 2058/2058
f 1965/1965 2050/2050 1972/1972
f 2069/2069 2071/2071 2072/2072
f 2069/2069 2076/2076 2077/2077
f 2077/2077 2071/2071 2069/2069
f 2076/2076 2078/2078 2077/2077
f 2078/2078 2076/2076 2067/2067
f 2078/2078 2079/2079 2077/2077
f 2067/2067 2079/2079 2078/2078
f 2079/2079 2067/2067 1976/1976
f 1976/1976 1986/1986 2079/2079
f 1991/1991 1965/1965 1966/1966
f 1982/1982 2064/2064 1981/1981
f 1972/1972 2051/2051 1970/1970
f 2080/2080 1970/1970 2051/2051
f 2082/2082 1970/1970 2080/2080
f 2003/2003 2084/2084 2004/2004
f 1970/1970 2082/2082 2000/2000
f 2003/2003 2000/2000 2084/2084
f 2004/2004 2084/2084 2087/2087
f 2000/2000 2082/2082 2084/2084
f 1970/1970 2000/2000 1963/1963
f 2080/2080 2051/2051 2052/2052
f 2089/2089 2091/2091 2093/2093
f 2071/2071 2094/2094 2093/2093
f 2095/2095 2096/2096 2097/2097
f 2098/2098 2099/2099 2094/2094
f 2093/2093 2091/2091 2100/2100
f 2094/2094 2071/2071 2102/2102
f 2103/2103 2104/2104 2106/2106
f 2099/2099 2107/2107 2094/2094
f 2102/2102 2071/2071 2077/2077
f 2104/2104 2108/2108 2106/2106
f 2099/2099 2095/2095 2107/2107
f 2098/2098 2096/2096 2099/2099
f 2094/2094 2089/2089 2093/2093
f 2089/2089 2094/2094 2107/2107
f 2093/2093 2100/2100 2071/2071
f 2102/2102 2077/2077 2079/2079
f 2098/2098 2094/2094 2102/2102
f 2099/2099 2096/2096 2095/2095
f 2039/2039 2110/2110 2111/2111
f 2106/2106 2089/2089 2107/2107
f 2102/2102 2079/2079 2098/2098
f 2100/2100 2072/2072 2071/2071
f 2106/2106 2108/2108 2089/2089
f 2096/2096 1986/1986 2097/2097
f 2079/2079 2096/2096 2098/2098
f 2112/2112 2107/2107 2095/2095
f 2079/2079 1986/1986 2096/2096
f 2103/2103 2107/2107 2112/2112
f 2095/2095 2113/2113 2112/2112
f 2104/2104 2103/2103 2030/2030
f 2027/2027 2103/2103 2112/2112
f 2113/2113 1994/1994 2114/2114
f 2115/2115 2113/2113 2095/2095
f 1994/1994 2113/2113 2115/2115
f 2113/2113 2116/2116 2112/2112
f 2107/2107 2103/2103 2106/2106
f 2112/2112 2116/2116 2027/2027
f 2097/2097 2115/2115 2095/2095
f 2097/2097 1986/1986 2117/2117
f 2103/2103 2027/2027 2030/2030
f 2113/2113 2114/2114 2116/2116
f 2117/2117 2115/2115 2097/2097
f 2116/2116 2111/2111 2027/2027
f 1986/1986 1990/1990 2117/2117
f 2018/2018 2118/2118 2021/2021
f 2111/2111 2116/2116 2114/2114
f 2118/2118 2033/2033 2044/2044
f 1990/1990 1994/1994 2115/2115
f 2115/2115 2117/2117 1990/1990
f 2111/2111 2023/2023 2027/2027
f 2018/2018 2023/2023 2111/2111
f 2114/2114 1994/1994 1985/1985
f 2033/2033 2118/2118 2034/2034
f 2039/2039 2111/2111 2114/2114
f 2114/2114 1985/1985 1984/1984
f 2114/2114 1984/1984 2039/2039
f 2111/2111 2110/2110 2018/2018
f 2118/2118 2110/2110 2034/2034
f 2034/2034 2110/2110 2039/2039
f 2118/2118 2018/2018 2110/2110
f 2118/2118 2044/2044 2021/2021
f 2044/2044 2033/2033 2038/2038
f 2041/2041 2044/2044 2038/2038
f 2119/2119 2120/2120 2121/2121
f 2122/2122 2123/2123 2125/2125
f 2127/2127 2128/2128 2129/2129
f 2130/2130 2133/2133 2134/2134
f 2135/2135 2136/2136 2137/2137
f 2138/2138 2139/2139 2140/2140
f 2142/2142 2143/2143 2145/2145
f 2128/2128 2127/2127 2146/2146
f 2147/2147 2149/2149 2150/2150
f 2151/2151 2150/2150 2152/2152
f 2153/2153 2155/2155 2157/2157
f 2158/2158 2159/2159 2160/2160
f 2162/2162 2163/2163 2164/2164
f 2165/2165 2167/2167 2168/2168
f 2155/2155 2169/2169 2171/2171
f 2158/2158 2172/2172 2175/2175
f 2160/2160 2172/2172 2158/2158
f 2176/2176 2177/2177 2138/2138
f 2178/2178 2179/2179 2180/2180
f 2181/2181 2182/2182 2183/2183
f 2152/2152 2184/2184 2185/2185
f 2186/2186 2187/2187 2188/2188
f 2162/2162 2133/2133 2189/2189
f 2191/2191 2150/2150 2149/2149
f 2192/2192 2193/2193 2191/2191
f 2194/2194 2177/2177 2195/2195
f 2196/2196 2157/2157 2171/2171
f 2197/2197 2198/2198 2201/2201
f 2177/2177 2203/2203 2195/2195
f 2143/2143 2142/2142 2204/2204
f 2167/2167 2205/2205 2206/2206
f 2191/2191 2193/2193 2207/2207
f 2136/2136 2208/2208 2209/2209
f 663/663 2210/2210 643/643
f 2211/2211 2213/2213 2175/2175
f 2214/2214 2215/2215 2216/2216
f 2218/2218 2219/2219 2183/2183
f 2146/2146 2220/2220 2128/2128
f 2221/2221 2175/2175 2213/2213
f 2222/2222 2223/2223 2224/2224
f 2186/2186 2207/2207 2225/2225
f 2163/2163 2123/2123 2122/2122
f 2147/2147 2227/2227 2149/2149
f 2138/2138 2228/2228 2176/2176
f 2157/2157 2196/2196 2213/2213
f 593/593 2230/2230 2231/2231
f 2232/2232 2233/2233 2234/2234
f 2175/2175 2221/2221 2225/2225
f 2143/2143 2234/2234 2235/2235
f 2237/2237 2221/2221 2213/2213
f 2187/2187 2186/2186 2225/2225
f 2145/2145 2143/2143 2235/2235
f 2146/2146 2238/2238 2239/2239
f 2168/2168 2167/2167 2240/2240
f 2235/2235 2234/2234 2241/2241
f 2214/2214 2216/2216 2243/2243
f 2219/2219 2181/2181 2183/2183
f 2245/2245 2223/2223 2246/2246
f 2247/2247 2139/2139 2246/2246
f 590/590 2248/2248 593/593
f 2249/2249 2134/2134 2162/2162
f 2250/2250 2251/2251 2203/2203
f 2220/2220 2252/2252 2253/2253
f 2254/2254 2214/2214 2243/2243
f 2169/2169 2255/2255 2257/2257
f 2180/2180 2219/2219 2218/2218
f 2175/2175 2225/2225 2159/2159
f 2234/2234 2204/2204 2232/2232
f 2258/2258 2259/2259 2222/2222
f 2260/2260 2228/2228 2138/2138
f 2245/2245 2262/2262 2135/2135
f 2253/2253 2119/2119 2263/2263
f 2264/2264 2122/2122 2201/2201
f 2265/2265 622/622 626/626
f 2147/2147 2181/2181 2264/2264
f 2266/2266 2267/2267 2268/2268
f 2267/2267 2127/2127 2129/2129
f 2257/2257 2128/2128 2270/2270
f 2271/2271 2248/2248 590/590
f 2177/2177 2139/2139 2138/2138
f 2259/2259 2266/2266 2140/2140
f 2214/2214 2272/2272 2273/2273
f 2274/2274 2178/2178 2275/2275
f 2203/2203 2251/2251 2195/2195
f 578/578 576/576 2276/2276
f 2188/2188 2121/2121 2184/2184
f 2171/2171 2263/2263 2196/2196
f 2122/2122 2264/2264 2164/2164
f 2277/2277 2181/2181 2278/2278
f 2266/2266 2268/2268 2279/2279
f 2204/2204 2142/2142 2240/2240
f 2146/2146 2127/2127 2238/2238
f 2223/2223 2259/2259 2247/2247
f 2266/2266 2259/2259 2258/2258
f 2267/2267 2266/2266 2258/2258
f 2238/2238 2127/2127 2267/2267
f 2146/2146 2239/2239 2252/2252
f 2171/2171 2169/2169 2257/2257
f 2211/2211 2153/2153 2157/2157
f 2120/2120 2252/2252 2275/2275
f 2222/2222 2281/2281 2258/2258
f 2257/2257 2270/2270 2171/2171
f 2258/2258 2281/2281 2238/2238
f 2270/2270 2263/2263 2171/2171
f 2231/2231 665/665 593/593
f 2223/2223 2245/2245 2224/2224
f 2179/2179 2282/2282 2283/2283
f 2282/2282 2179/2179 2274/2274
f 2274/2274 2281/2281 2282/2282
f 2142/2142 2145/2145 2216/2216
f 2138/2138 2140/2140 2260/2260
f 2210/2210 2284/2284 643/643
f 2193/2193 2159/2159 2225/2225
f 2252/2252 2120/2120 2253/2253
f 2252/2252 2274/2274 2275/2275
f 2284/2284 2206/2206 2205/2205
f 2224/2224 2135/2135 2137/2137
f 2257/2257 2255/2255 2129/2129
f 590/590 2286/2286 2271/2271
f 2287/2287 2251/2251 2250/2250
f 2258/2258 2238/2238 2267/2267
f 2267/2267 2129/2129 2268/2268
f 2183/2183 2182/2182 2218/2218
f 2240/2240 2167/2167 2204/2204
f 2129/2129 2128/2128 2257/2257
f 2119/2119 2188/2188 2187/2187
f 2279/2279 2140/2140 2266/2266
f 2204/2204 2206/2206 2232/2232
f 2214/2214 2168/2168 2272/2272
f 2178/2178 2180/2180 2218/2218
f 2220/2220 2263/2263 2270/2270
f 2221/2221 2237/2237 2187/2187
f 2288/2288 2290/2290 2254/2254
f 2197/2197 2293/2293 2296/2296
f 2210/2210 663/663 2287/2287
f 2136/2136 2276/2276 2208/2208
f 2255/2255 2268/2268 2129/2129
f 2275/2275 2182/2182 2120/2120
f 2281/2281 2222/2222 2282/2282
f 2246/2246 2139/2139 2194/2194
f 2230/2230 2248/2248 2298/2298
f 2241/2241 2234/2234 2233/2233
f 2179/2179 2178/2178 2274/2274
f 2298/2298 2219/2219 2180/2180
f 2246/2246 2194/2194 2245/2245
f 2281/2281 2252/2252 2239/2239
f 2299/2299 2301/2301 2304/2304
f 2196/2196 2263/2263 2237/2237
f 2205/2205 2265/2265 643/643
f 2252/2252 2220/2220 2146/2146
f 2238/2238 2281/2281 2239/2239
f 2182/2182 2178/2178 2218/2218
f 2225/2225 2207/2207 2193/2193
f 2271/2271 2219/2219 2248/2248
f 2186/2186 2306/2306 2191/2191
f 2201/2201 2122/2122 2125/2125
f 2252/2252 2281/2281 2274/2274
f 2253/2253 2120/2120 2119/2119
f 2259/2259 2223/2223 2222/2222
f 2220/2220 2253/2253 2263/2263
f 2186/2186 2191/2191 2207/2207
f 2275/2275 2178/2178 2182/2182
f 2231/2231 2208/2208 665/665
f 2188/2188 2119/2119 2121/2121
f 2209/2209 2283/2283 2137/2137
f 578/578 2287/2287 663/663
f 2276/2276 2262/2262 578/578
f 2167/2167 2265/2265 2205/2205
f 2254/2254 2290/2290 2307/2307
f 2234/2234 2143/2143 2204/2204
f 2310/2310 2168/2168 2214/2214
f 2282/2282 2137/2137 2283/2283
f 2310/2310 2214/2214 2254/2254
f 2204/2204 2167/2167 2206/2206
f 2175/2175 2159/2159 2158/2158
f 643/643 2284/2284 2205/2205
f 2192/2192 2311/2311 2193/2193
f 2185/2185 2184/2184 2313/2313
f 2181/2181 2151/2151 2185/2185
f 2152/2152 2306/2306 2184/2184
f 2314/2314 2299/2299 2304/2304
f 2140/2140 2139/2139 2259/2259
f 2233/2233 2203/2203 2176/2176
f 578/578 2262/2262 2287/2287
f 2247/2247 2246/2246 2223/2223
f 2316/2316 2162/2162 2277/2277
f 593/593 2248/2248 2230/2230
f 2194/2194 2139/2139 2177/2177
f 2262/2262 2194/2194 2195/2195
f 2162/2162 2164/2164 2277/2277
f 2318/2318 2162/2162 2316/2316
f 2215/2215 2214/2214 2273/2273
f 2221/2221 2187/2187 2225/2225
f 2287/2287 2250/2250 2210/2210
f 2168/2168 2321/2321 2165/2165
f 626/626 643/643 2265/2265
f 2243/2243 2288/2288 2254/2254
f 2172/2172 2211/2211 2175/2175
f 2232/2232 2250/2250 2233/2233
f 2197/2197 2296/2296 2198/2198
f 2250/2250 2284/2284 2210/2210
f 2241/2241 2233/2233 2228/2228
f 2213/2213 2211/2211 2157/2157
f 2273/2273 2142/2142 2215/2215
f 2249/2249 2299/2299 2314/2314
f 2194/2194 2262/2262 2245/2245
f 2137/2137 2222/2222 2224/2224
f 2322/2322 2299/2299 2249/2249
f 2162/2162 2318/2318 2322/2322
f 2188/2188 2306/2306 2186/2186
f 2168/2168 2240/2240 2272/2272
f 2184/2184 2306/2306 2188/2188
f 2282/2282 2222/2222 2137/2137
f 2208/2208 2276/2276 576/576
f 2167/2167 622/622 2265/2265
f 2321/2321 2168/2168 2310/2310
f 2159/2159 2193/2193 2160/2160
f 2313/2313 2324/2324 2185/2185
f 2271/2271 2286/2286 2278/2278
f 2313/2313 2184/2184 2121/2121
f 2136/2136 2209/2209 2137/2137
f 2232/2232 2206/2206 2284/2284
f 2151/2151 2147/2147 2150/2150
f 2152/2152 2185/2185 2151/2151
f 2155/2155 2171/2171 2157/2157
f 2209/2209 2231/2231 2230/2230
f 2152/2152 2150/2150 2306/2306
f 2180/2180 2230/2230 2298/2298
f 2227/2227 2191/2191 2149/2149
f 2248/2248 2219/2219 2298/2298
f 2185/2185 2324/2324 2181/2181
f 2262/2262 2195/2195 2287/2287
f 2240/2240 2273/2273 2272/2272
f 2150/2150 2191/2191 2306/2306
f 2203/2203 2233/2233 2250/2250
f 2163/2163 2162/2162 2189/2189
f 2130/2130 2249/2249 2314/2314
f 2209/2209 2180/2180 2283/2283
f 2322/2322 2249/2249 2162/2162
f 2313/2313 2121/2121 2120/2120
f 2313/2313 2182/2182 2324/2324
f 2135/2135 2276/2276 2136/2136
f 2164/2164 2163/2163 2122/2122
f 2151/2151 2181/2181 2147/2147
f 2316/2316 2278/2278 2286/2286
f 2325/2325 2227/2227 2326/2326
f 2191/2191 2227/2227 2325/2325
f 2193/2193 2311/2311 2160/2160
f 2278/2278 2316/2316 2277/2277
f 2237/2237 2119/2119 2187/2187
f 2326/2326 2192/2192 2325/2325
f 2192/2192 2191/2191 2325/2325
f 2251/2251 2287/2287 2195/2195
f 2232/2232 2284/2284 2250/2250
f 2230/2230 2180/2180 2209/2209
f 2270/2270 2128/2128 2220/2220
f 2273/2273 2240/2240 2142/2142
f 2264/2264 2181/2181 2164/2164
f 2201/2201 2293/2293 2197/2197
f 2164/2164 2181/2181 2277/2277
f 2262/2262 2276/2276 2135/2135
f 2224/2224 2245/2245 2135/2135
f 2201/2201 2147/2147 2264/2264
f 2233/2233 2176/2176 2228/2228
f 2208/2208 576/576 665/665
f 2123/2123 2163/2163 2189/2189
f 2181/2181 2271/2271 2278/2278
f 2147/2147 2201/2201 2198/2198
f 2181/2181 2219/2219 2271/2271
f 2310/2310 2254/2254 2307/2307
f 2249/2249 2130/2130 2134/2134
f 2180/2180 2179/2179 2283/2283
f 2165/2165 622/622 2167/2167
f 2203/2203 2177/2177 2176/2176
f 2213/2213 2196/2196 2237/2237
f 2313/2313 2120/2120 2182/2182
f 2192/2192 2326/2326 2311/2311
f 2259/2259 2139/2139 2247/2247
f 2142/2142 2216/2216 2215/2215
f 2263/2263 2119/2119 2237/2237
f 2209/2209 2208/2208 2231/2231
f 2181/2181 2324/2324 2182/2182
f 2134/2134 2133/2133 2162/2162
f 2328/2328 2330/2330 2331/2331
f 2332/2332 2333/2333 2334/2334
f 2335/2335 2336/2336 2337/2337
f 2338/2338 2339/2339 2340/2340
f 1608/1608 2341/2341 1585/1585
f 2342/2342 2343/2343 1608/1608
f 2344/2344 2345/2345 2334/2334
f 2346/2346 2347/2347 2338/2338
f 2340/2340 2348/2348 2346/2346
f 2349/2349 2343/2343 2342/2342
f 2351/2351 2353/2353 1929/1929
f 2354/2354 2349/2349 2342/2342
f 2355/2355 2357/2357 2358/2358
f 2355/2355 2359/2359 2357/2357
f 2360/2360 2361/2361 2362/2362
f 2363/2363 2362/2362 2357/2357
f 2358/2358 2362/2362 2361/2361
f 2358/2358 2357/2357 2362/2362
f 2363/2363 2357/2357 2359/2359
f 2360/2360 2347/2347 2361/2361
f 2360/2360 2362/2362 2363/2363
f 2363/2363 2364/2364 2360/2360
f 2364/2364 2347/2347 2360/2360
f 2365/2365 2366/2366 2369/2369
f 2370/2370 2328/2328 2331/2331
f 2372/2372 2374/2374 2359/2359
f 2339/2339 2364/2364 2365/2365
f 2375/2375 2376/2376 2377/2377
f 2378/2378 2370/2370 2380/2380
f 2369/2369 2381/2381 2339/2339
f 2363/2363 2359/2359 2374/2374
f 2383/2383 2358/2358 2377/2377
f 2353/2353 2378/2378 2380/2380
f 2351/2351 2378/2378 2353/2353
f 2385/2385 2386/2386 2387/2387
f 2339/2339 2388/2388 2340/2340
f 2365/2365 2389/2389 2366/2366
f 2376/2376 2336/2336 2377/2377
f 2392/2392 2393/2393 2394/2394
f 2376/2376 2332/2332 2387/2387
f 2336/2336 2395/2395 2397/2397
f 2399/2399 2377/2377 2336/2336
f 2337/2337 2387/2387 2402/2402
f 2404/2404 2395/2395 2335/2335
f 2402/2402 2386/2386 2393/2393
f 2349/2349 1929/1929 2405/2405
f 2339/2339 2381/2381 2388/2388
f 2334/2334 2333/2333 2346/2346
f 2337/2337 2402/2402 2406/2406
f 2392/2392 2394/2394 2407/2407
f 2409/2409 2385/2385 2410/2410
f 2411/2411 2412/2412 2414/2414
f 2415/2415 2416/2416 2411/2411
f 2410/2410 2344/2344 2417/2417
f 2406/2406 2402/2402 2392/2392
f 2376/2376 2375/2375 2333/2333
f 2342/2342 1540/1540 2354/2354
f 1604/1604 2418/2418 948/948
f 2363/2363 2365/2365 2364/2364
f 948/948 2420/2420 896/896
f 2358/2358 2422/2422 2355/2355
f 2424/2424 1604/1604 1579/1579
f 2420/2420 948/948 2418/2418
f 2416/2416 2410/2410 2417/2417
f 2425/2425 2375/2375 2377/2377
f 2424/2424 1582/1582 2426/2426
f 2345/2345 2332/2332 2334/2334
f 2427/2427 2424/2424 2428/2428
f 2424/2424 2427/2427 2429/2429
f 2406/2406 2404/2404 2335/2335
f 2416/2416 2409/2409 2410/2410
f 2426/2426 2428/2428 2424/2424
f 2372/2372 2431/2431 2365/2365
f 2334/2334 2340/2340 2388/2388
f 2414/2414 2415/2415 2411/2411
f 2358/2358 2425/2425 2377/2377
f 2358/2358 2383/2383 2422/2422
f 2433/2433 2409/2409 2434/2434
f 2415/2415 2414/2414 2435/2435
f 1540/1540 1616/1616 2436/2436
f 2406/2406 2392/2392 2407/2407
f 2437/2437 2428/2428 2426/2426
f 2426/2426 2438/2438 2437/2437
f 2383/2383 2377/2377 2399/2399
f 2348/2348 2334/2334 2346/2346
f 2341/2341 1608/1608 2438/2438
f 2397/2397 2399/2399 2336/2336
f 2439/2439 2440/2440 2442/2442
f 2415/2415 2434/2434 2409/2409
f 2372/2372 2365/2365 2374/2374
f 2444/2444 2415/2415 2435/2435
f 2445/2445 2435/2435 2414/2414
f 2446/2446 2448/2448 2450/2450
f 2451/2451 2428/2428 2437/2437
f 2452/2452 2453/2453 2454/2454
f 2428/2428 2451/2451 2452/2452
f 2454/2454 2453/2453 2455/2455
f 2456/2456 2457/2457 2455/2455
f 2427/2427 2454/2454 2455/2455
f 2460/2460 2457/2457 2456/2456
f 2409/2409 2416/2416 2415/2415
f 2354/2354 2436/2436 2349/2349
f 2442/2442 2461/2461 2439/2439
f 2339/2339 2338/2338 2364/2364
f 2462/2462 2463/2463 2444/2444
f 2456/2456 2464/2464 2465/2465
f 2411/2411 2381/2381 2412/2412
f 2466/2466 2467/2467 2468/2468
f 2448/2448 2467/2467 2466/2466
f 2463/2463 2462/2462 2469/2469
f 2451/2451 2470/2470 2453/2453
f 2471/2471 2472/2472 2465/2465
f 2426/2426 2341/2341 2438/2438
f 2473/2473 2462/2462 2444/2444
f 2334/2334 2348/2348 2340/2340
f 1579/1579 1582/1582 2424/2424
f 2448/2448 2445/2445 2450/2450
f 2474/2474 2460/2460 2472/2472
f 2387/2387 2344/2344 2410/2410
f 2476/2476 2477/2477 2467/2467
f 2456/2456 2455/2455 2453/2453
f 2477/2477 2468/2468 2467/2467
f 2471/2471 2478/2478 2472/2472
f 2361/2361 2425/2425 2358/2358
f 2395/2395 2336/2336 2335/2335
f 2479/2479 2476/2476 2474/2474
f 2349/2349 2436/2436 302/302
f 2462/2462 2480/2480 2466/2466
f 2470/2470 2451/2451 2343/2343
f 2481/2481 2482/2482 2483/2483
f 2484/2484 2471/2471 2464/2464
f 303/303 302/302 2436/2436
f 2485/2485 2370/2370 2481/2481
f 2479/2479 2486/2486 2487/2487
f 2466/2466 2468/2468 2488/2488
f 2450/2450 2445/2445 2414/2414
f 2489/2489 2462/2462 2490/2490
f 2490/2490 2482/2482 2481/2481
f 2483/2483 2482/2482 2491/2491
f 2468/2468 2477/2477 2488/2488
f 2492/2492 2464/2464 2470/2470
f 2385/2385 2387/2387 2410/2410
f 2470/2470 2349/2349 2492/2492
f 2438/2438 1608/1608 2343/2343
f 2493/2493 2471/2471 2484/2484
f 2470/2470 2343/2343 2349/2349
f 2494/2494 2491/2491 2495/2495
f 2464/2464 2453/2453 2470/2470
f 2484/2484 2464/2464 2496/2496
f 2481/2481 2331/2331 2490/2490
f 2388/2388 2417/2417 2334/2334
f 2485/2485 2497/2497 2380/2380
f 2471/2471 2493/2493 2478/2478
f 2464/2464 2456/2456 2453/2453
f 2461/2461 2476/2476 2467/2467
f 1604/1604 2424/2424 2429/2429
f 2474/2474 2478/2478 2479/2479
f 2488/2488 2462/2462 2466/2466
f 2490/2490 2462/2462 2482/2482
f 1582/1582 1585/1585 2426/2426
f 2480/2480 2445/2445 2448/2448
f 2487/2487 2488/2488 2477/2477
f 2387/2387 2332/2332 2344/2344
f 2464/2464 2471/2471 2465/2465
f 2487/2487 2477/2477 2479/2479
f 2451/2451 2437/2437 2343/2343
f 2349/2349 2498/2498 2492/2492
f 2464/2464 2492/2492 2496/2496
f 2380/2380 2370/2370 2485/2485
f 2493/2493 2479/2479 2478/2478
f 2498/2498 2349/2349 2405/2405
f 2461/2461 2467/2467 2439/2439
f 2472/2472 2456/2456 2465/2465
f 2496/2496 2493/2493 2484/2484
f 2499/2499 2500/2500 2501/2501
f 2492/2492 2502/2502 2496/2496
f 2503/2503 2504/2504 2505/2505
f 2406/2406 2335/2335 2337/2337
f 2435/2435 2445/2445 2480/2480
f 2501/2501 2462/2462 2488/2488
f 2482/2482 2462/2462 2495/2495
f 2487/2487 2486/2486 2501/2501
f 2485/2485 2483/2483 2497/2497
f 2331/2331 2489/2489 2490/2490
f 2491/2491 2482/2482 2495/2495
f 2502/2502 2492/2492 2498/2498
f 2428/2428 2452/2452 2454/2454
f 2491/2491 2494/2494 2483/2483
f 2456/2456 2472/2472 2460/2460
f 2416/2416 2417/2417 2388/2388
f 2455/2455 2457/2457 2427/2427
f 2493/2493 2486/2486 2479/2479
f 2493/2493 2496/2496 2503/2503
f 2499/2499 2486/2486 2503/2503
f 2495/2495 2462/2462 2501/2501
f 2494/2494 2497/2497 2483/2483
f 2506/2506 2353/2353 2507/2507
f 2412/2412 2450/2450 2414/2414
f 2469/2469 2462/2462 2508/2508
f 2498/2498 2506/2506 2504/2504
f 2446/2446 2440/2440 2439/2439
f 2446/2446 2439/2439 2448/2448
f 2501/2501 2486/2486 2499/2499
f 2428/2428 2454/2454 2427/2427
f 2448/2448 2439/2439 2467/2467
f 2495/2495 2501/2501 2500/2500
f 2494/2494 2500/2500 2507/2507
f 2505/2505 2504/2504 2506/2506
f 2493/2493 2503/2503 2486/2486
f 2507/2507 2497/2497 2494/2494
f 2488/2488 2487/2487 2501/2501
f 2438/2438 2343/2343 2437/2437
f 2504/2504 2503/2503 2502/2502
f 2509/2509 2489/2489 2330/2330
f 2405/2405 2353/2353 2506/2506
f 2461/2461 2442/2442 2474/2474
f 2466/2466 2480/2480 2448/2448
f 2507/2507 2505/2505 2506/2506
f 2461/2461 2474/2474 2476/2476
f 2435/2435 2473/2473 2444/2444
f 2462/2462 2489/2489 2508/2508
f 2346/2346 2338/2338 2340/2340
f 2478/2478 2474/2474 2472/2472
f 2473/2473 2435/2435 2480/2480
f 2427/2427 2457/2457 2429/2429
f 2353/2353 2380/2380 2497/2497
f 2498/2498 2504/2504 2502/2502
f 2480/2480 2462/2462 2473/2473
f 2331/2331 2481/2481 2370/2370
f 2477/2477 2476/2476 2479/2479
f 2505/2505 2507/2507 2500/2500
f 2500/2500 2494/2494 2495/2495
f 2483/2483 2485/2485 2481/2481
f 1585/1585 2341/2341 2426/2426
f 2503/2503 2500/2500 2499/2499
f 2433/2433 2385/2385 2409/2409
f 2497/2497 2507/2507 2353/2353
f 2453/2453 2452/2452 2451/2451
f 2503/2503 2496/2496 2502/2502
f 2506/2506 2498/2498 2405/2405
f 2429/2429 2418/2418 1604/1604
f 2500/2500 2503/2503 2505/2505
f 2333/2333 2375/2375 2347/2347
f 2330/2330 2489/2489 2331/2331
f 2510/2510 2509/2509 2394/2394
f 2375/2375 2361/2361 2347/2347
f 2376/2376 2333/2333 2332/2332
f 2434/2434 2415/2415 2444/2444
f 2365/2365 2363/2363 2374/2374
f 2436/2436 2354/2354 1540/1540
f 2347/2347 2364/2364 2338/2338
f 2509/2509 2510/2510 2489/2489
f 2393/2393 2510/2510 2394/2394
f 2361/2361 2375/2375 2425/2425
f 2411/2411 2388/2388 2381/2381
f 2346/2346 2333/2333 2347/2347
f 2334/2334 2417/2417 2344/2344
f 2376/2376 2337/2337 2336/2336
f 2434/2434 2444/2444 2433/2433
f 2511/2511 2385/2385 2433/2433
f 2355/2355 2512/2512 2359/2359
f 2431/2431 2389/2389 2365/2365
f 2510/2510 2469/2469 2508/2508
f 2511/2511 2463/2463 2469/2469
f 2402/2402 2393/2393 2392/2392
f 2463/2463 2433/2433 2444/2444
f 2393/2393 2385/2385 2511/2511
f 2407/2407 2394/2394 2509/2509
f 2416/2416 2388/2388 2411/2411
f 2402/2402 2387/2387 2386/2386
f 2436/2436 1616/1616 303/303
f 2345/2345 2344/2344 2332/2332
f 2489/2489 2510/2510 2508/2508
f 2433/2433 2463/2463 2511/2511
f 1540/1540 2342/2342 1608/1608
f 2330/2330 2407/2407 2509/2509
f 2372/2372 2359/2359 2512/2512
f 2393/2393 2511/2511 2510/2510
f 2407/2407 2330/2330 2328/2328
f 2387/2387 2337/2337 2376/2376
f 2469/2469 2510/2510 2511/2511
f 1929/1929 2353/2353 2405/2405
f 2407/2407 2404/2404 2406/2406
f 2365/2365 2369/2369 2339/2339
f 2393/2393 2386/2386 2385/2385
f 2291/2291 781/781 2514/2514
f 2515/2515 2516/2516 2517/2517
f 2518/2518 2519/2519 2520/2520
f 752/752 2521/2521 748/748
f 2522/2522 2523/2523 2524/2524
f 2525/2525 2526/2526 2516/2516
f 2527/2527 2528/2528 2515/2515
f 2518/2518 748/748 2529/2529
f 2527/2527 2515/2515 2517/2517
f 2522/2522 2530/2530 2523/2523
f 772/772 2531/2531 743/743
f 2532/2532 2533/2533 2534/2534
f 2525/2525 2535/2535 2526/2526
f 749/749 2531/2531 772/772
f 2536/2536 2527/2527 2517/2517
f 752/752 2535/2535 2521/2521
f 2530/2530 2529/2529 2525/2525
f 2519/2519 2522/2522 2524/2524
f 2519/2519 2530/2530 2522/2522
f 2524/2524 2534/2534 2533/2533
f 2531/2531 2537/2537 2514/2514
f 2521/2521 2525/2525 2529/2529
f 2519/2519 2524/2524 2533/2533
f 2533/2533 2538/2538 2520/2520
f 2514/2514 2539/2539 2291/2291
f 2528/2528 2527/2527 2540/2540
f 2531/2531 2514/2514 743/743
f 2540/2540 2541/2541 2542/2542
f 2537/2537 749/749 760/760
f 2531/2531 749/749 2537/2537
f 2543/2543 2520/2520 2537/2537
f 2519/2519 2533/2533 2520/2520
f 2544/2544 2545/2545 2546/2546
f 2514/2514 2537/2537 2538/2538
f 2519/2519 2518/2518 2529/2529
f 2525/2525 2521/2521 2535/2535
f 2543/2543 744/744 748/748
f 2536/2536 2547/2547 2527/2527
f 2548/2548 2549/2549 2550/2550
f 2547/2547 2540/2540 2527/2527
f 2552/2552 2553/2553 2556/2556
f 2517/2517 2516/2516 2526/2526
f 2556/2556 2557/2557 2549/2549
f 2552/2552 2556/2556 2549/2549
f 760/760 744/744 2543/2543
f 2518/2518 2543/2543 748/748
f 2557/2557 2550/2550 2549/2549
f 2543/2543 2537/2537 760/760
f 2539/2539 2538/2538 2532/2532
f 2547/2547 2546/2546 2541/2541
f 2519/2519 2529/2529 2530/2530
f 2529/2529 748/748 2521/2521
f 2514/2514 781/781 743/743
f 2516/2516 2530/2530 2525/2525
f 2538/2538 2537/2537 2520/2520
f 2539/2539 2514/2514 2538/2538
f 2533/2533 2532/2532 2538/2538
f 2518/2518 2520/2520 2543/2543
f 2559/2559 2560/2560 2561/2561
f 2562/2562 2563/2563 2564/2564
f 2559/2559 2565/2565 2566/2566
f 2562/2562 2559/2559 2566/2566
f 2562/2562 2567/2567 2559/2559
f 2568/2568 2561/2561 2560/2560
f 2565/2565 2559/2559 2561/2561
f 2565/2565 2561/2561 2568/2568
f 2562/2562 2564/2564 2567/2567
f 2548/2548 2552/2552 2549/2549
f 2553/2553 2552/2552 2548/2548
f 2557/2557 2569/2569 2550/2550
f 2572/2572 2573/2573 2574/2574
f 2575/2575 735/735 711/711
f 2576/2576 738/738 735/735
f 2577/2577 2575/2575 2578/2578
f 2577/2577 2578/2578 2579/2579
f 711/711 723/723 2579/2579
f 2580/2580 2581/2581 2582/2582
f 2578/2578 2575/2575 711/711
f 2583/2583 2577/2577 2579/2579
f 2579/2579 2578/2578 711/711
f 2575/2575 2576/2576 735/735
f 2524/2524 2523/2523 2584/2584
f 2585/2585 2586/2586 2587/2587
f 2588/2588 2589/2589 2590/2590
f 2581/2581 2530/2530 2591/2591
f 2592/2592 2560/2560 2559/2559
f 2593/2593 2595/2595 2597/2597
f 2598/2598 2593/2593 2597/2597
f 2597/2597 2599/2599 2598/2598
f 2600/2600 2599/2599 2595/2595
f 2588/2588 2602/2602 2589/2589
f 2603/2603 2564/2564 2604/2604
f 2588/2588 2600/2600 2605/2605
f 2607/2607 2599/2599 2608/2608
f 2568/2568 2609/2609 2610/2610
f 2611/2611 2607/2607 2608/2608
f 2540/2540 2547/2547 2541/2541
f 2590/2590 2609/2609 2608/2608
f 2560/2560 2609/2609 2568/2568
f 2609/2609 2611/2611 2608/2608
f 2611/2611 2592/2592 2542/2542
f 2612/2612 2613/2613 2614/2614
f 2615/2615 2614/2614 2616/2616
f 2612/2612 2614/2614 2617/2617
f 2618/2618 2619/2619 2621/2621
f 2622/2622 2623/2623 2624/2624
f 2548/2548 2612/2612 2625/2625
f 2614/2614 2615/2615 2617/2617
f 2575/2575 2622/2622 2624/2624
f 2627/2627 2621/2621 2619/2619
f 2612/2612 2628/2628 2613/2613
f 2545/2545 2628/2628 2629/2629
f 2542/2542 2541/2541 2546/2546
f 2611/2611 2546/2546 2545/2545
f 2619/2619 2618/2618 2630/2630
f 2593/2593 2631/2631 2632/2632
f 2621/2621 2631/2631 2629/2629
f 2546/2546 2611/2611 2542/2542
f 2607/2607 2611/2611 2545/2545
f 721/721 738/738 2634/2634
f 2517/2517 2526/2526 2635/2635
f 2636/2636 2613/2613 2637/2637
f 2627/2627 2632/2632 2621/2621
f 2618/2618 2628/2628 2612/2612
f 2630/2630 2618/2618 2612/2612
f 2616/2616 2636/2636 2638/2638
f 2638/2638 2623/2623 2622/2622
f 2613/2613 2628/2628 2544/2544
f 2630/2630 2550/2550 2619/2619
f 2629/2629 2631/2631 2598/2598
f 2593/2593 2598/2598 2631/2631
f 2545/2545 2629/2629 2598/2598
f 2638/2638 2636/2636 2637/2637
f 2624/2624 2576/2576 2575/2575
f 2614/2614 2613/2613 2636/2636
f 2628/2628 2545/2545 2544/2544
f 2612/2612 2548/2548 2630/2630
f 2637/2637 2613/2613 2544/2544
f 2617/2617 2625/2625 2612/2612
f 2623/2623 2517/2517 2635/2635
f 2621/2621 2632/2632 2631/2631
f 2614/2614 2636/2636 2616/2616
f 2637/2637 2544/2544 2546/2546
f 2546/2546 2547/2547 2637/2637
f 2575/2575 2577/2577 2622/2622
f 2616/2616 2583/2583 2615/2615
f 2635/2635 2624/2624 2623/2623
f 2621/2621 2628/2628 2618/2618
f 2638/2638 2622/2622 2616/2616
f 2638/2638 2637/2637 2547/2547
f 2583/2583 2616/2616 2577/2577
f 2576/2576 2624/2624 2635/2635
f 2622/2622 2577/2577 2616/2616
f 2638/2638 2547/2547 2536/2536
f 738/738 2576/2576 2634/2634
f 2536/2536 2623/2623 2638/2638
f 2576/2576 2635/2635 2634/2634
f 2517/2517 2623/2623 2536/2536
f 2621/2621 2629/2629 2628/2628
f 2526/2526 2535/2535 2635/2635
f 2535/2535 2634/2634 2635/2635
f 752/752 2634/2634 2535/2535
f 752/752 721/721 2634/2634
f 2548/2548 2550/2550 2630/2630
f 2625/2625 2617/2617 2615/2615
f 2639/2639 2640/2640 2587/2587
f 2567/2567 2640/2640 2592/2592
f 2540/2540 2639/2639 2587/2587
f 2586/2586 2540/2540 2587/2587
f 2586/2586 2528/2528 2540/2540
f 2585/2585 2587/2587 2567/2567
f 2588/2588 2605/2605 2602/2602
f 2542/2542 2592/2592 2640/2640
f 2641/2641 2528/2528 2586/2586
f 2641/2641 2515/2515 2528/2528
f 2567/2567 2564/2564 2585/2585
f 2585/2585 2582/2582 2586/2586
f 2515/2515 2641/2641 2516/2516
f 2530/2530 2581/2581 2523/2523
f 2584/2584 2534/2534 2524/2524
f 2573/2573 2572/2572 2309/2309
f 2586/2586 2582/2582 2642/2642
f 2574/2574 2643/2643 2572/2572
f 2644/2644 2645/2645 2646/2646
f 2580/2580 2582/2582 2603/2603
f 2604/2604 2580/2580 2603/2603
f 2581/2581 2591/2591 2582/2582
f 653/653 2647/2647 632/632
f 2572/2572 2643/2643 2648/2648
f 2604/2604 2649/2649 2581/2581
f 2650/2650 2604/2604 2651/2651
f 2166/2166 2647/2647 623/623
f 2649/2649 2604/2604 2650/2650
f 2652/2652 2653/2653 2644/2644
f 2651/2651 2644/2644 2650/2650
f 2584/2584 2523/2523 2581/2581
f 2650/2650 2643/2643 2584/2584
f 2647/2647 2648/2648 2652/2652
f 2584/2584 2643/2643 2534/2534
f 2534/2534 2643/2643 2574/2574
f 2584/2584 2649/2649 2650/2650
f 2599/2599 2600/2600 2608/2608
f 2605/2605 2600/2600 2595/2595
f 2650/2650 2644/2644 2643/2643
f 2611/2611 2560/2560 2592/2592
f 2572/2572 2648/2648 2320/2320
f 2542/2542 2640/2640 2639/2639
f 632/632 2646/2646 668/668
f 632/632 2647/2647 2652/2652
f 2652/2652 2646/2646 632/632
f 2643/2643 2644/2644 2653/2653
f 2539/2539 2573/2573 2308/2308
f 2652/2652 2644/2644 2646/2646
f 2648/2648 2643/2643 2653/2653
f 2309/2309 2308/2308 2573/2573
f 2645/2645 2644/2644 2651/2651
f 2532/2532 2574/2574 2573/2573
f 2585/2585 2564/2564 2603/2603
f 2639/2639 2540/2540 2542/2542
f 2572/2572 2320/2320 2309/2309
f 2516/2516 2641/2641 2642/2642
f 2611/2611 2609/2609 2560/2560
f 2592/2592 2559/2559 2567/2567
f 2648/2648 2653/2653 2652/2652
f 2597/2597 2595/2595 2599/2599
f 2648/2648 2166/2166 2320/2320
f 2608/2608 2600/2600 2588/2588
f 2647/2647 653/653 623/623
f 2604/2604 2563/2563 2651/2651
f 2647/2647 2166/2166 2648/2648
f 2584/2584 2581/2581 2649/2649
f 2641/2641 2586/2586 2642/2642
f 2610/2610 2609/2609 2590/2590
f 2598/2598 2607/2607 2545/2545
f 2291/2291 2539/2539 2308/2308
f 2532/2532 2573/2573 2539/2539
f 2590/2590 2589/2589 2610/2610
f 2607/2607 2598/2598 2599/2599
f 2604/2604 2581/2581 2580/2580
f 2587/2587 2640/2640 2567/2567
f 2591/2591 2642/2642 2582/2582
f 2603/2603 2582/2582 2585/2585
f 2530/2530 2516/2516 2591/2591
f 2563/2563 2604/2604 2564/2564
f 2588/2588 2590/2590 2608/2608
f 2516/2516 2642/2642 2591/2591
f 2534/2534 2574/2574 2532/2532
f 2553/2553 2548/2548 2625/2625
f 2579/2579 2654/2654 2583/2583
f 2655/2655 2615/2615 2654/2654
f 2654/2654 2579/2579 2657/2657
f 2615/2615 2583/2583 2654/2654
f 2625/2625 2615/2615 2655/2655
f 2657/2657 2655/2655 2654/2654
f 2657/2657 2579/2579 723/723
f 2655/2655 2553/2553 2625/2625
f 2566/2566 2659/2659 2562/2562
f 585/585 2660/2660 2568/2568
f 2661/2661 674/674 672/672
f 2563/2563 2645/2645 2651/2651
f 2662/2662 2660/2660 585/585
f 2663/2663 2659/2659 672/672
f 2589/2589 1361/1361 2610/2610
f 2661/2661 2659/2659 2566/2566
f 2659/2659 2661/2661 672/672
f 1361/1361 2664/2664 1281/1281
f 1281/1281 2664/2664 2665/2665
f 1361/1361 2589/2589 2664/2664
f 2661/2661 2662/2662 674/674
f 2661/2661 2566/2566 2660/2660
f 585/585 2568/2568 2667/2667
f 2660/2660 2566/2566 2565/2565
f 2610/2610 1361/1361 2667/2667
f 2662/2662 585/585 674/674
f 2664/2664 2589/2589 2602/2602
f 2667/2667 1361/1361 1376/1376
f 2562/2562 2663/2663 2645/2645
f 2667/2667 2568/2568 2610/2610
f 2562/2562 2645/2645 2563/2563
f 2665/2665 2664/2664 2602/2602
f 2662/2662 2661/2661 2660/2660
f 668/668 2646/2646 2663/2663
f 2659/2659 2663/2663 2562/2562
f 2568/2568 2660/2660 2565/2565
f 2646/2646 2645/2645 2663/2663
f 1376/1376 585/585 2667/2667
f 672/672 668/668 2663/2663
f 2668/2668 2669/2669 2670/2670
f 2671/2671 2672/2672 2673/2673
f 2674/2674 2675/2675 2676/2676
f 2673/2673 2677/2677 2669/2669
f 2678/2678 2679/2679 2680/2680
f 2681/2681 2682/2682 2683/2683
f 2684/2684 2676/2676 2669/2669
f 2685/2685 2686/2686 2678/2678
f 2687/2687 2053/2053 2688/2688
f 2676/2676 2689/2689 2674/2674
f 2690/2690 2691/2691 2692/2692
f 2693/2693 2694/2694 2695/2695
f 2681/2681 2696/2696 2672/2672
f 2697/2697 2698/2698 2699/2699
f 2700/2700 2701/2701 2702/2702
f 2693/2693 2672/2672 2671/2671
f 2704/2704 2701/2701 2706/2706
f 2700/2700 2685/2685 2708/2708
f 2706/2706 2701/2701 2709/2709
f 2701/2701 2704/2704 2702/2702
f 2698/2698 2709/2709 2701/2701
f 2697/2697 2710/2710 2709/2709
f 2073/2073 2711/2711 2070/2070
f 2685/2685 2678/2678 2708/2708
f 2698/2698 2700/2700 2708/2708
f 2698/2698 2697/2697 2709/2709
f 2700/2700 2698/2698 2701/2701
f 2710/2710 2697/2697 2712/2712
f 2710/2710 2712/2712 2711/2711
f 2713/2713 2700/2700 2702/2702
f 2714/2714 2712/2712 2697/2697
f 2073/2073 2710/2710 2711/2711
f 2711/2711 2715/2715 2070/2070
f 2715/2715 2711/2711 2712/2712
f 2075/2075 2070/2070 2715/2715
f 2063/2063 2716/2716 2062/2062
f 2700/2700 2713/2713 2685/2685
f 2710/2710 2073/2073 2717/2717
f 2668/2668 2671/2671 2673/2673
f 2719/2719 2721/2721 2722/2722
f 2714/2714 2697/2697 2699/2699
f 2715/2715 2712/2712 2714/2714
f 2699/2699 2708/2708 2680/2680
f 2710/2710 2717/2717 2709/2709
f 2708/2708 2699/2699 2698/2698
f 2719/2719 2685/2685 2713/2713
f 2714/2714 2723/2723 2715/2715
f 2713/2713 2721/2721 2719/2719
f 2699/2699 2724/2724 2714/2714
f 2719/2719 2686/2686 2685/2685
f 2723/2723 2714/2714 2724/2724
f 2680/2680 2708/2708 2678/2678
f 2699/2699 2680/2680 2724/2724
f 2075/2075 2715/2715 2723/2723
f 2723/2723 2068/2068 2075/2075
f 2706/2706 2709/2709 2717/2717
f 2719/2719 2725/2725 2686/2686
f 2722/2722 2726/2726 2719/2719
f 2719/2719 2726/2726 2725/2725
f 2727/2727 2722/2722 2721/2721
f 2696/2696 2683/2683 2728/2728
f 2689/2689 2680/2680 2674/2674
f 2729/2729 2681/2681 2693/2693
f 2730/2730 2675/2675 2674/2674
f 2672/2672 2696/2696 2731/2731
f 2732/2732 2733/2733 2734/2734
f 2681/2681 2729/2729 2682/2682
f 2689/2689 2692/2692 2735/2735
f 2695/2695 2060/2060 2682/2682
f 2062/2062 2682/2682 2060/2060
f 2736/2736 2691/2691 2723/2723
f 2724/2724 2680/2680 2735/2735
f 2737/2737 2693/2693 2671/2671
f 2728/2728 2734/2734 2696/2696
f 2683/2683 2716/2716 2728/2728
f 2677/2677 2684/2684 2669/2669
f 2731/2731 2677/2677 2673/2673
f 2738/2738 2739/2739 2741/2741
f 2672/2672 2731/2731 2673/2673
f 2716/2716 2732/2732 2728/2728
f 1978/1978 2743/2743 2063/2063
f 2690/2690 2684/2684 2677/2677
f 2729/2729 2695/2695 2682/2682
f 2673/2673 2669/2669 2668/2668
f 2729/2729 2693/2693 2695/2695
f 2723/2723 2691/2691 2744/2744
f 2735/2735 2680/2680 2689/2689
f 2681/2681 2672/2672 2693/2693
f 2696/2696 2734/2734 2731/2731
f 2676/2676 2670/2670 2669/2669
f 2670/2670 2675/2675 2730/2730
f 2674/2674 2679/2679 2745/2745
f 2677/2677 2731/2731 2690/2690
f 2746/2746 2066/2066 2744/2744
f 2716/2716 2743/2743 2732/2732
f 2679/2679 2678/2678 2745/2745
f 2695/2695 2056/2056 2060/2060
f 2670/2670 2747/2747 2668/2668
f 2674/2674 2680/2680 2679/2679
f 2744/2744 2068/2068 2723/2723
f 2696/2696 2681/2681 2683/2683
f 2716/2716 2683/2683 2682/2682
f 2684/2684 2690/2690 2692/2692
f 2733/2733 2732/2732 2746/2746
f 2734/2734 2690/2690 2731/2731
f 2732/2732 2743/2743 2746/2746
f 2668/2668 2748/2748 2671/2671
f 2735/2735 2736/2736 2724/2724
f 2746/2746 2743/2743 1978/1978
f 2691/2691 2733/2733 2744/2744
f 2737/2737 2671/2671 2748/2748
f 2747/2747 2748/2748 2668/2668
f 2676/2676 2675/2675 2670/2670
f 2066/2066 2746/2746 1978/1978
f 2734/2734 2733/2733 2690/2690
f 2724/2724 2736/2736 2723/2723
f 2066/2066 2068/2068 2744/2744
f 2062/2062 2716/2716 2682/2682
f 2693/2693 2737/2737 2694/2694
f 2736/2736 2735/2735 2692/2692
f 2732/2732 2734/2734 2728/2728
f 2692/2692 2691/2691 2736/2736
f 2749/2749 2722/2722 2727/2727
f 2716/2716 2063/2063 2743/2743
f 2691/2691 2690/2690 2733/2733
f 2689/2689 2676/2676 2684/2684
f 2738/2738 2741/2741 2751/2751
f 2752/2752 2739/2739 2738/2738
f 2733/2733 2746/2746 2744/2744
f 2747/2747 2670/2670 2753/2753
f 2722/2722 2749/2749 2752/2752
f 2694/2694 2754/2754 2687/2687
f 2755/2755 2081/2081 2756/2756
f 2083/2083 2081/2081 2755/2755
f 2081/2081 2757/2757 2756/2756
f 2754/2754 2757/2757 2687/2687
f 2755/2755 2756/2756 2758/2758
f 2759/2759 2760/2760 2754/2754
f 2083/2083 2755/2755 2758/2758
f 2761/2761 2088/2088 2085/2085
f 2085/2085 2083/2083 2762/2762
f 2763/2763 2756/2756 2757/2757
f 2760/2760 2757/2757 2754/2754
f 2763/2763 2758/2758 2756/2756
f 2759/2759 2764/2764 2760/2760
f 2765/2765 2295/2295 2767/2767
f 2768/2768 2769/2769 2770/2770
f 2763/2763 2757/2757 2760/2760
f 2737/2737 2748/2748 2771/2771
f 2772/2772 2773/2773 2774/2774
f 2758/2758 2775/2775 2762/2762
f 2776/2776 2777/2777 2778/2778
f 2761/2761 2779/2779 2781/2781
f 2784/2784 2761/2761 2762/2762
f 2785/2785 2763/2763 2760/2760
f 2764/2764 2786/2786 2785/2785
f 2787/2787 2771/2771 2748/2748
f 2788/2788 2789/2789 2790/2790
f 2764/2764 2771/2771 2787/2787
f 2788/2788 2791/2791 2784/2784
f 2762/2762 2775/2775 2784/2784
f 2745/2745 2792/2792 2793/2793
f 2761/2761 2791/2791 2779/2779
f 2789/2789 2794/2794 2776/2776
f 2785/2785 2786/2786 2795/2795
f 2796/2796 2763/2763 2776/2776
f 2797/2797 2776/2776 2763/2763
f 2798/2798 2792/2792 2799/2799
f 2800/2800 2786/2786 2764/2764
f 2787/2787 2800/2800 2764/2764
f 2789/2789 2784/2784 2775/2775
f 2801/2801 2802/2802 2800/2800
f 2784/2784 2791/2791 2761/2761
f 2803/2803 2779/2779 2791/2791
f 2749/2749 2739/2739 2752/2752
f 2727/2727 2805/2805 2749/2749
f 2721/2721 2805/2805 2727/2727
f 2776/2776 2778/2778 2789/2789
f 2807/2807 2808/2808 2809/2809
f 2763/2763 2785/2785 2797/2797
f 2790/2790 2810/2810 2811/2811
f 2762/2762 2083/2083 2758/2758
f 2795/2795 2797/2797 2785/2785
f 2776/2776 2797/2797 2777/2777
f 2295/2295 2765/2765 2812/2812
f 2786/2786 2800/2800 2813/2813
f 2800/2800 2787/2787 2747/2747
f 2788/2788 2784/2784 2789/2789
f 2726/2726 2722/2722 2752/2752
f 2053/2053 2757/2757 2081/2081
f 2764/2764 2785/2785 2760/2760
f 2803/2803 2791/2791 2788/2788
f 2810/2810 2814/2814 2815/2815
f 2807/2807 2738/2738 2751/2751
f 2814/2814 2810/2810 2816/2816
f 2741/2741 2199/2199 2808/2808
f 2085/2085 2762/2762 2761/2761
f 2790/2790 2789/2789 2778/2778
f 2817/2817 2812/2812 2765/2765
f 2751/2751 2808/2808 2807/2807
f 2809/2809 2818/2818 2819/2819
f 2808/2808 2751/2751 2741/2741
f 2819/2819 2817/2817 2820/2820
f 2088/2088 2761/2761 2781/2781
f 2800/2800 2814/2814 2813/2813
f 2768/2768 2821/2821 2811/2811
f 2822/2822 2773/2773 2772/2772
f 2823/2823 2738/2738 2807/2807
f 2745/2745 2730/2730 2674/2674
f 2775/2775 2758/2758 2794/2794
f 2773/2773 2768/2768 2774/2774
f 2789/2789 2775/2775 2794/2794
f 2814/2814 2795/2795 2813/2813
f 2808/2808 2199/2199 2818/2818
f 2759/2759 2771/2771 2764/2764
f 2670/2670 2730/2730 2753/2753
f 2817/2817 2765/2765 2770/2770
f 2777/2777 2810/2810 2790/2790
f 2812/2812 2817/2817 2819/2819
f 2692/2692 2689/2689 2684/2684
f 2767/2767 2825/2825 2826/2826
f 2770/2770 2765/2765 2827/2827
f 2820/2820 2769/2769 2773/2773
f 2821/2821 2827/2827 2826/2826
f 2199/2199 2812/2812 2818/2818
f 2828/2828 2830/2830 2831/2831
f 2819/2819 2818/2818 2812/2812
f 2792/2792 2798/2798 2793/2793
f 2754/2754 2694/2694 2759/2759
f 2833/2833 2831/2831 2821/2821
f 2797/2797 2795/2795 2816/2816
f 2815/2815 2774/2774 2768/2768
f 2835/2835 2836/2836 2837/2837
f 2830/2830 2828/2828 2803/2803
f 2688/2688 2056/2056 2695/2695
f 2757/2757 2053/2053 2687/2687
f 2767/2767 2826/2826 2765/2765
f 2837/2837 2798/2798 2835/2835
f 2745/2745 2678/2678 2792/2792
f 2836/2836 2745/2745 2837/2837
f 2688/2688 2695/2695 2694/2694
f 2730/2730 2838/2838 2753/2753
f 2811/2811 2810/2810 2768/2768
f 2830/2830 2790/2790 2821/2821
f 2768/2768 2770/2770 2827/2827
f 2816/2816 2777/2777 2797/2797
f 2688/2688 2053/2053 2056/2056
f 2839/2839 2807/2807 2809/2809
f 2798/2798 2839/2839 2822/2822
f 2747/2747 2753/2753 2840/2840
f 2745/2745 2836/2836 2730/2730
f 2841/2841 2822/2822 2772/2772
f 2738/2738 2823/2823 2726/2726
f 2818/2818 2809/2809 2808/2808
f 2759/2759 2694/2694 2737/2737
f 2799/2799 2807/2807 2839/2839
f 2730/2730 2836/2836 2838/2838
f 2830/2830 2788/2788 2790/2790
f 2772/2772 2842/2842 2841/2841
f 2822/2822 2841/2841 2798/2798
f 2794/2794 2796/2796 2776/2776
f 2833/2833 2821/2821 2826/2826
f 2798/2798 2841/2841 2835/2835
f 2817/2817 2770/2770 2820/2820
f 2803/2803 2788/2788 2830/2830
f 2816/2816 2795/2795 2814/2814
f 2792/2792 2678/2678 2686/2686
f 2694/2694 2687/2687 2688/2688
f 2721/2721 2713/2713 2843/2843
f 2702/2702 2843/2843 2713/2713
f 2777/2777 2816/2816 2810/2810
f 2686/2686 2725/2725 2792/2792
f 2845/2845 2841/2841 2842/2842
f 2778/2778 2777/2777 2790/2790
f 2814/2814 2800/2800 2802/2802
f 2747/2747 2840/2840 2801/2801
f 2837/2837 2745/2745 2793/2793
f 2840/2840 2842/2842 2801/2801
f 2810/2810 2815/2815 2768/2768
f 2835/2835 2845/2845 2836/2836
f 2821/2821 2768/2768 2827/2827
f 2827/2827 2765/2765 2826/2826
f 2795/2795 2786/2786 2813/2813
f 2758/2758 2763/2763 2796/2796
f 2823/2823 2807/2807 2799/2799
f 2725/2725 2823/2823 2792/2792
f 2771/2771 2759/2759 2737/2737
f 2840/2840 2838/2838 2845/2845
f 2790/2790 2811/2811 2821/2821
f 2837/2837 2793/2793 2798/2798
f 2799/2799 2792/2792 2823/2823
f 2769/2769 2820/2820 2770/2770
f 2835/2835 2841/2841 2845/2845
f 2833/2833 2826/2826 2825/2825
f 2815/2815 2842/2842 2772/2772
f 2199/2199 2295/2295 2812/2812
f 2800/2800 2747/2747 2801/2801
f 2842/2842 2840/2840 2845/2845
f 2819/2819 2773/2773 2822/2822
f 2809/2809 2822/2822 2839/2839
f 2802/2802 2842/2842 2815/2815
f 2838/2838 2836/2836 2845/2845
f 2774/2774 2815/2815 2772/2772
f 2840/2840 2753/2753 2838/2838
f 2831/2831 2830/2830 2821/2821
f 2773/2773 2819/2819 2820/2820
f 2799/2799 2839/2839 2798/2798
f 2802/2802 2815/2815 2814/2814
f 2768/2768 2773/2773 2769/2769
f 2822/2822 2809/2809 2819/2819
f 2796/2796 2794/2794 2758/2758
f 2823/2823 2725/2725 2726/2726
f 2748/2748 2747/2747 2787/2787
f 2752/2752 2738/2738 2726/2726
f 2802/2802 2801/2801 2842/2842
f 2846/2846 2847/2847 2848/2848
f 2849/2849 2850/2850 2633/2633
f 2851/2851 2852/2852 2848/2848
f 2853/2853 2854/2854 2855/2855
f 2855/2855 2856/2856 2857/2857
f 2849/2849 2858/2858 2859/2859
f 2860/2860 2861/2861 2862/2862
f 2863/2863 2862/2862 2864/2864
f 2865/2865 2866/2866 2857/2857
f 2594/2594 2859/2859 2596/2596
f 2633/2633 2850/2850 2594/2594
f 2867/2867 2868/2868 2870/2870
f 2865/2865 2857/2857 2856/2856
f 2871/2871 2872/2872 2873/2873
f 2874/2874 2875/2875 2876/2876
f 2856/2856 2877/2877 2865/2865
f 2878/2878 2864/2864 2861/2861
f 2853/2853 2855/2855 2857/2857
f 2879/2879 2863/2863 2864/2864
f 2880/2880 2881/2881 2882/2882
f 2863/2863 2883/2883 2884/2884
f 2853/2853 2885/2885 2854/2854
f 2873/2873 2870/2870 2886/2886
f 2866/2866 2865/2865 2888/2888
f 2864/2864 2878/2878 2889/2889
f 2864/2864 2889/2889 2879/2879
f 2890/2890 2863/2863 2879/2879
f 2874/2874 2891/2891 2892/2892
f 2893/2893 2894/2894 2888/2888
f 2846/2846 2874/2874 2876/2876
f 2895/2895 2896/2896 2880/2880
f 2859/2859 2897/2897 2898/2898
f 2899/2899 2894/2894 2900/2900
f 2865/2865 2877/2877 2888/2888
f 2901/2901 2889/2889 2881/2881
f 2856/2856 2902/2902 2903/2903
f 2893/2893 2888/2888 2877/2877
f 1284/1284 2666/2666 2904/2904
f 2889/2889 2901/2901 2879/2879
f 2890/2890 2883/2883 2863/2863
f 2886/2886 2905/2905 2907/2907
f 2851/2851 2848/2848 1369/1369
f 2908/2908 2890/2890 2879/2879
f 2909/2909 411/411 1353/1353
f 2879/2879 2901/2901 2908/2908
f 2852/2852 2851/2851 2904/2904
f 2890/2890 2910/2910 2883/2883
f 2911/2911 2912/2912 2902/2902
f 2913/2913 2904/2904 2914/2914
f 2915/2915 2870/2870 2868/2868
f 2907/2907 2873/2873 2886/2886
f 2917/2917 2666/2666 2601/2601
f 1029/1029 1030/1030 2918/2918
f 2915/2915 2919/2919 2870/2870
f 2908/2908 2901/2901 2921/2921
f 2876/2876 2922/2922 2847/2847
f 2905/2905 2923/2923 2907/2907
f 2904/2904 2666/2666 2917/2917
f 2924/2924 2852/2852 2913/2913
f 2913/2913 2852/2852 2904/2904
f 2925/2925 2926/2926 2882/2882
f 1030/1030 1075/1075 2927/2927
f 2911/2911 2928/2928 2929/2929
f 2896/2896 2881/2881 2880/2880
f 2930/2930 2908/2908 2921/2921
f 2907/2907 2931/2931 2871/2871
f 2921/2921 2896/2896 2932/2932
f 2880/2880 2882/2882 2926/2926
f 2925/2925 2889/2889 2878/2878
f 2930/2930 2885/2885 2933/2933
f 2907/2907 2871/2871 2873/2873
f 1035/1035 1040/1040 2934/2934
f 2872/2872 2936/2936 2873/2873
f 2918/2918 1030/1030 2927/2927
f 1075/1075 383/383 2927/2927
f 2895/2895 2932/2932 2896/2896
f 2937/2937 2938/2938 2939/2939
f 2940/2940 2943/2943 2944/2944
f 2933/2933 2945/2945 2910/2910
f 2946/2946 2918/2918 2927/2927
f 2911/2911 2929/2929 2912/2912
f 2606/2606 2947/2947 2914/2914
f 2874/2874 2948/2948 2949/2949
f 383/383 2946/2946 2927/2927
f 2950/2950 1033/1033 2951/2951
f 2950/2950 2918/2918 2946/2946
f 2934/2934 2944/2944 2943/2943
f 1033/1033 1029/1029 2951/2951
f 2952/2952 2953/2953 2954/2954
f 2893/2893 2892/2892 2955/2955
f 2953/2953 2952/2952 2570/2570
f 2890/2890 2930/2930 2910/2910
f 2956/2956 2957/2957 2858/2858
f 2922/2922 1384/1384 1378/1378
f 2954/2954 2958/2958 2952/2952
f 2946/2946 2860/2860 2950/2950
f 2930/2930 2959/2959 2885/2885
f 1369/1369 2848/2848 1380/1380
f 2930/2930 2921/2921 2959/2959
f 2914/2914 2904/2904 2917/2917
f 1040/1040 2960/2960 2934/2934
f 1040/1040 1071/1071 2960/2960
f 2884/2884 2961/2961 2862/2862
f 2858/2858 2897/2897 2859/2859
f 2934/2934 2960/2960 2945/2945
f 2926/2926 2909/2909 2962/2962
f 2953/2953 2570/2570 2963/2963
f 2895/2895 2962/2962 2965/2965
f 2966/2966 2945/2945 2960/2960
f 2967/2967 2929/2929 2968/2968
f 2959/2959 2965/2965 2854/2854
f 2965/2965 2962/2962 2911/2911
f 2870/2870 2969/2969 2867/2867
f 2970/2970 2960/2960 1071/1071
f 2970/2970 1052/1052 2971/2971
f 2928/2928 2962/2962 2909/2909
f 2928/2928 2911/2911 2962/2962
f 2873/2873 2969/2969 2870/2870
f 2972/2972 2954/2954 2953/2953
f 2903/2903 2967/2967 2875/2875
f 2966/2966 2970/2970 2884/2884
f 2895/2895 2965/2965 2932/2932
f 2959/2959 2854/2854 2885/2885
f 2958/2958 2570/2570 2952/2952
f 2884/2884 2883/2883 2966/2966
f 2974/2974 2909/2909 1353/1353
f 2962/2962 2895/2895 2926/2926
f 2895/2895 2880/2880 2926/2926
f 2917/2917 2601/2601 2606/2606
f 2928/2928 2909/2909 2974/2974
f 2858/2858 2957/2957 2897/2897
f 2930/2930 2890/2890 2908/2908
f 2975/2975 2977/2977 2978/2978
f 2965/2965 2911/2911 2902/2902
f 2948/2948 2846/2846 2924/2924
f 2891/2891 2955/2955 2892/2892
f 2974/2974 2929/2929 2928/2928
f 2902/2902 2855/2855 2965/2965
f 2882/2882 2889/2889 2925/2925
f 1384/1384 2968/2968 2974/2974
f 2903/2903 2902/2902 2912/2912
f 1353/1353 1384/1384 2974/2974
f 2922/2922 2968/2968 1384/1384
f 2967/2967 2903/2903 2912/2912
f 2980/2980 2957/2957 2981/2981
f 2937/2937 2982/2982 2983/2983
f 2876/2876 2968/2968 2922/2922
f 2606/2606 2596/2596 2947/2947
f 2922/2922 1378/1378 2847/2847
f 2946/2946 383/383 385/385
f 2967/2967 2968/2968 2876/2876
f 2903/2903 2877/2877 2856/2856
f 385/385 2861/2861 2946/2946
f 2918/2918 2950/2950 1029/1029
f 2875/2875 2967/2967 2876/2876
f 2903/2903 2875/2875 2877/2877
f 2892/2892 2875/2875 2874/2874
f 2902/2902 2856/2856 2855/2855
f 2894/2894 2893/2893 2900/2900
f 2861/2861 2860/2860 2946/2946
f 2984/2984 2986/2986 2977/2977
f 2884/2884 2971/2971 2961/2961
f 2846/2846 2876/2876 2847/2847
f 2896/2896 2921/2921 2881/2881
f 2892/2892 2893/2893 2877/2877
f 1033/1033 2950/2950 2961/2961
f 2944/2944 2945/2945 2933/2933
f 2988/2988 2990/2990 2940/2940
f 2991/2991 2988/2988 2933/2933
f 2970/2970 1071/1071 1052/1052
f 2992/2992 2990/2990 2988/2988
f 2929/2929 2974/2974 2968/2968
f 2978/2978 2977/2977 2986/2986
f 2877/2877 2875/2875 2892/2892
f 2991/2991 2885/2885 2992/2992
f 2993/2993 2885/2885 2853/2853
f 2992/2992 2993/2993 2994/2994
f 2620/2620 2958/2958 2626/2626
f 2995/2995 2996/2996 2931/2931
f 2993/2993 2853/2853 2857/2857
f 2955/2955 2938/2938 2900/2900
f 2975/2975 2994/2994 2977/2977
f 2995/2995 2997/2997 2983/2983
f 2994/2994 2993/2993 2998/2998
f 2999/2999 3000/3000 2977/2977
f 2866/2866 2888/2888 3001/3001
f 2993/2993 2857/2857 2998/2998
f 2899/2899 2900/2900 2937/2937
f 2894/2894 3001/3001 2888/2888
f 2961/2961 2971/2971 1033/1033
f 3001/3001 2998/2998 2857/2857
f 3002/3002 3003/3003 2996/2996
f 2937/2937 2983/2983 2899/2899
f 2996/2996 2983/2983 3002/3002
f 2977/2977 2998/2998 2999/2999
f 2995/2995 3000/3000 2997/2997
f 2948/2948 2874/2874 2846/2846
f 2984/2984 2977/2977 3000/3000
f 2997/2997 3001/3001 2894/2894
f 2958/2958 2872/2872 3004/3004
f 3003/3003 2871/2871 2996/2996
f 2955/2955 2900/2900 2893/2893
f 2984/2984 3000/3000 2923/2923
f 2905/2905 2984/2984 2923/2923
f 2938/2938 2937/2937 2900/2900
f 2949/2949 2891/2891 2874/2874
f 2956/2956 2982/2982 2937/2937
f 2891/2891 2980/2980 2981/2981
f 2891/2891 2949/2949 2980/2980
f 2981/2981 2957/2957 2939/2939
f 2937/2937 2939/2939 2956/2956
f 3000/3000 2931/2931 2923/2923
f 3005/3005 3006/3006 411/411
f 2977/2977 2994/2994 2998/2998
f 2982/2982 2956/2956 3007/3007
f 2949/2949 2924/2924 2980/2980
f 2992/2992 2885/2885 2993/2993
f 2983/2983 2996/2996 2995/2995
f 2956/2956 2939/2939 2957/2957
f 2988/2988 2991/2991 2992/2992
f 2982/2982 3002/3002 2983/2983
f 2901/2901 2881/2881 2921/2921
f 2881/2881 2889/2889 2882/2882
f 2956/2956 2858/2858 3007/3007
f 3000/3000 2995/2995 2931/2931
f 3001/3001 2999/2999 2998/2998
f 2980/2980 3008/3008 2957/2957
f 3009/3009 2992/2992 2975/2975
f 2885/2885 2991/2991 2933/2933
f 2980/2980 2924/2924 2913/2913
f 2862/2862 2861/2861 2864/2864
f 2957/2957 3008/3008 2897/2897
f 2988/2988 2940/2940 2933/2933
f 2965/2965 2855/2855 2854/2854
f 2980/2980 2913/2913 3008/3008
f 2925/2925 3006/3006 3005/3005
f 2975/2975 2992/2992 2994/2994
f 2931/2931 2996/2996 2871/2871
f 3006/3006 403/403 411/411
f 2913/2913 2897/2897 3008/3008
f 3002/3002 2982/2982 3011/3011
f 2913/2913 2898/2898 2897/2897
f 2857/2857 2866/2866 3001/3001
f 2898/2898 2913/2913 2914/2914
f 3007/3007 3011/3011 2982/2982
f 2861/2861 385/385 3006/3006
f 3006/3006 2878/2878 2861/2861
f 2878/2878 3006/3006 2925/2925
f 2926/2926 3005/3005 2909/2909
f 3006/3006 385/385 403/403
f 2859/2859 2898/2898 2596/2596
f 2925/2925 3005/3005 2926/2926
f 3011/3011 3007/3007 3003/3003
f 2863/2863 2884/2884 2862/2862
f 2849/2849 3003/3003 3007/3007
f 3005/3005 411/411 2909/2909
f 2932/2932 2959/2959 2921/2921
f 2958/2958 3004/3004 2626/2626
f 2914/2914 2947/2947 2898/2898
f 2958/2958 2620/2620 2551/2551
f 2894/2894 2899/2899 2997/2997
f 3011/3011 3003/3003 3002/3002
f 3004/3004 2872/2872 3003/3003
f 2939/2939 2938/2938 2891/2891
f 2950/2950 2951/2951 1029/1029
f 3004/3004 2849/2849 2626/2626
f 2849/2849 3004/3004 3003/3003
f 2849/2849 2633/2633 2626/2626
f 3000/3000 2999/2999 2997/2997
f 2990/2990 2992/2992 3009/3009
f 3003/3003 2872/2872 2871/2871
f 2944/2944 2933/2933 2940/2940
f 2858/2858 2849/2849 3007/3007
f 2932/2932 2965/2965 2959/2959
f 2999/2999 3001/3001 2997/2997
f 2898/2898 2947/2947 2596/2596
f 2944/2944 2934/2934 2945/2945
f 2884/2884 2970/2970 2971/2971
f 2867/2867 2969/2969 3012/3012
f 2912/2912 2929/2929 2967/2967
f 2883/2883 2945/2945 2966/2966
f 2971/2971 1052/1052 1033/1033
f 2966/2966 2960/2960 2970/2970
f 2969/2969 2873/2873 2936/2936
f 2954/2954 3013/3013 2958/2958
f 3013/3013 2936/2936 2872/2872
f 2969/2969 3013/3013 2954/2954
f 2950/2950 2860/2860 2961/2961
f 1369/1369 2904/2904 2851/2851
f 2958/2958 3013/3013 2872/2872
f 2852/2852 2846/2846 2848/2848
f 2949/2949 2948/2948 2924/2924
f 3013/3013 2969/2969 2936/2936
f 3015/3015 3016/3016 3012/3012
f 2955/2955 2891/2891 2938/2938
f 1284/1284 2904/2904 1369/1369
f 2867/2867 3016/3016 2868/2868
f 2846/2846 2852/2852 2924/2924
f 2551/2551 2570/2570 2958/2958
f 3012/3012 3016/3016 2867/2867
f 2972/2972 2953/2953 2963/2963
f 2919/2919 2886/2886 2870/2870
f 2862/2862 2961/2961 2860/2860
f 2848/2848 2847/2847 1380/1380
f 1380/1380 2847/2847 1378/1378
f 2954/2954 3015/3015 3012/3012
f 2933/2933 2910/2910 2930/2930
f 2972/2972 3015/3015 2954/2954
f 2910/2910 2945/2945 2883/2883
f 2931/2931 2907/2907 2923/2923
f 2917/2917 2606/2606 2914/2914
f 2594/2594 2850/2850 2859/2859
f 2954/2954 3012/3012 2969/2969
f 2859/2859 2850/2850 2849/2849
f 1284/1284 1282/1282 2666/2666
f 2891/2891 2981/2981 2939/2939
f 2997/2997 2899/2899 2983/2983
f 3019/3019 3020/3020 3021/3021
f 3019/3019 3021/3021 3022/3022
f 3023/3023 3025/3025 3027/3027
f 3028/3028 3029/3029 3030/3030
f 3031/3031 3023/3023 1899/1899
f 3028/3028 3032/3032 3033/3033
f 3034/3034 3035/3035 1268/1268
f 3036/3036 3037/3037 3038/3038
f 3034/3034 3037/3037 3019/3019
f 3039/3039 3040/3040 3041/3041
f 3031/3031 3042/3042 3029/3029
f 1263/1263 3037/3037 1268/1268
f 3044/3044 3045/3045 3046/3046
f 3025/3025 3047/3047 3048/3048
f 3049/3049 3050/3050 3051/3051
f 3051/3051 3052/3052 3049/3049
f 3053/3053 1263/1263 1237/1237
f 3054/3054 3040/3040 3039/3039
f 3055/3055 3056/3056 3057/3057
f 3058/3058 3059/3059 3060/3060
f 3061/3061 3062/3062 3063/3063
f 1938/1938 3042/3042 1899/1899
f 3063/3063 3064/3064 3065/3065
f 3066/3066 1273/1273 3067/3067
f 3068/3068 3054/3054 3039/3039
f 3069/3069 3070/3070 3071/3071
f 3049/3049 3072/3072 3073/3073
f 3074/3074 3075/3075 3076/3076
f 3042/3042 3077/3077 3029/3029
f 3075/3075 3079/3079 3080/3080
f 3081/3081 3083/3083 3084/3084
f 1268/1268 3037/3037 3034/3034
f 3085/3085 3057/3057 3086/3086
f 3087/3087 3088/3088 3089/3089
f 3090/3090 3091/3091 3092/3092
f 3077/3077 3030/3030 3029/3029
f 3093/3093 3040/3040 3094/3094
f 3080/3080 3095/3095 3063/3063
f 3096/3096 3097/3097 3098/3098
f 3099/3099 3025/3025 3023/3023
f 3056/3056 3100/3100 3057/3057
f 3101/3101 3102/3102 3103/3103
f 3104/3104 3106/3106 3108/3108
f 3100/3100 3109/3109 3111/3111
f 3061/3061 3063/3063 3065/3065
f 3099/3099 3028/3028 3052/3052
f 3077/3077 3113/3113 3030/3030
f 3033/3033 3032/3032 3030/3030
f 3075/3075 3074/3074 3041/3041
f 3114/3114 3116/3116 3118/3118
f 3033/3033 3030/3030 3113/3113
f 3119/3119 3092/3092 3061/3061
f 3066/3066 3120/3120 1275/1275
f 3086/3086 3057/3057 3047/3047
f 3121/3121 3045/3045 3044/3044
f 3113/3113 3122/3122 3033/3033
f 3123/3123 3108/3108 3067/3067
f 3036/3036 3019/3019 3037/3037
f 3067/3067 3125/3125 3126/3126
f 3127/3127 3129/3129 3116/3116
f 3113/3113 3116/3116 3130/3130
f 3122/3122 3113/3113 3131/3131
f 3132/3132 3122/3122 3020/3020
f 3133/3133 3134/3134 3135/3135
f 3049/3049 3019/3019 3072/3072
f 3136/3136 1228/1228 3137/3137
f 3116/3116 3113/3113 3118/3118
f 3044/3044 3046/3046 3120/3120
f 3138/3138 3070/3070 1213/1213
f 3058/3058 3060/3060 3103/3103
f 3106/3106 3139/3139 3140/3140
f 3141/3141 3089/3089 3144/3144
f 3090/3090 3145/3145 3091/3091
f 1268/1268 3035/3035 1258/1258
f 3146/3146 3148/3148 3129/3129
f 3116/3116 3129/3129 3130/3130
f 3029/3029 3028/3028 3023/3023
f 3131/3131 3113/3113 3130/3130
f 3031/3031 1899/1899 3042/3042
f 3044/3044 3120/3120 3149/3149
f 3060/3060 3051/3051 3103/3103
f 3108/3108 3106/3106 3067/3067
f 3148/3148 3146/3146 3150/3150
f 3129/3129 3148/3148 3130/3130
f 3023/3023 3028/3028 3099/3099
f 3151/3151 3152/3152 3148/3148
f 3153/3153 3070/3070 3138/3138
f 3106/3106 3140/3140 3067/3067
f 3155/3155 3150/3150 3146/3146
f 3130/3130 3148/3148 3152/3152
f 3130/3130 3021/3021 3020/3020
f 3136/3136 1247/1247 1228/1228
f 3151/3151 3150/3150 3156/3156
f 3158/3158 3050/3050 3133/3133
f 3130/3130 3152/3152 3021/3021
f 3159/3159 3160/3160 3151/3151
f 3152/3152 3160/3160 3161/3161
f 3067/3067 3126/3126 3066/3066
f 3050/3050 3134/3134 3133/3133
f 3060/3060 3099/3099 3052/3052
f 3094/3094 3121/3121 3162/3162
f 3161/3161 3021/3021 3152/3152
f 3080/3080 3093/3093 3095/3095
f 3160/3160 3159/3159 3161/3161
f 3163/3163 3048/3048 3111/3111
f 3029/3029 3023/3023 3031/3031
f 3070/3070 3153/3153 3071/3071
f 3165/3165 3056/3056 3167/3167
f 3156/3156 3168/3168 3159/3159
f 3169/3169 3022/3022 3021/3021
f 3170/3170 3172/3172 3174/3174
f 3019/3019 3049/3049 3132/3132
f 3161/3161 3169/3169 3021/3021
f 3103/3103 3051/3051 3050/3050
f 3103/3103 3158/3158 3175/3175
f 3161/3161 3159/3159 3176/3176
f 3086/3086 3047/3047 3025/3025
f 3177/3177 3038/3038 3178/3178
f 3168/3168 3156/3156 3179/3179
f 3159/3159 3168/3168 3176/3176
f 3181/3181 3179/3179 3182/3182
f 3169/3169 3161/3161 3184/3184
f 3185/3185 1258/1258 3035/3035
f 3093/3093 3186/3186 3040/3040
f 3099/3099 3060/3060 3025/3025
f 3187/3187 3181/3181 3182/3182
f 3132/3132 3028/3028 3033/3033
f 3073/3073 3135/3135 3134/3134
f 3189/3189 3168/3168 3179/3179
f 3189/3189 3179/3179 3181/3181
f 3184/3184 3185/3185 3169/3169
f 3190/3190 3184/3184 3176/3176
f 3055/3055 3057/3057 3085/3085
f 3069/3069 3191/3191 3135/3135
f 3068/3068 3121/3121 3054/3054
f 3192/3192 3088/3088 3106/3106
f 3187/3187 3193/3193 3181/3181
f 3028/3028 3030/3030 3032/3032
f 3194/3194 1273/1273 1270/1270
f 3196/3196 3197/3197 3153/3153
f 3198/3198 3041/3041 3074/3074
f 3178/3178 3070/3070 3177/3177
f 3085/3085 3086/3086 3199/3199
f 3046/3046 1199/1199 3120/3120
f 3144/3144 3089/3089 3192/3192
f 3201/3201 1732/1732 1645/1645
f 3120/3120 3126/3126 3149/3149
f 3202/3202 3203/3203 3102/3102
f 3202/3202 3102/3102 3062/3062
f 3060/3060 3059/3059 3025/3025
f 3041/3041 3198/3198 3039/3039
f 3201/3201 3204/3204 3205/3205
f 3076/3076 3075/3075 3062/3062
f 3092/3092 3202/3202 3061/3061
f 3097/3097 3207/3207 3209/3209
f 3149/3149 3162/3162 3044/3044
f 3184/3184 3211/3211 3185/3185
f 3048/3048 3163/3163 3027/3027
f 3102/3102 3059/3059 3058/3058
f 3186/3186 3041/3041 3040/3040
f 3190/3190 3212/3212 3184/3184
f 3213/3213 1258/1258 3211/3211
f 3204/3204 3193/3193 3187/3187
f 1645/1645 3204/3204 3201/3201
f 3071/3071 3074/3074 3191/3191
f 3191/3191 3076/3076 3175/3175
f 3162/3162 3139/3139 3094/3094
f 3214/3214 3190/3190 3189/3189
f 3145/3145 3083/3083 3215/3215
f 3098/3098 3217/3217 3084/3084
f 3189/3189 3193/3193 1716/1716
f 3050/3050 3158/3158 3103/3103
f 3062/3062 3061/3061 3202/3202
f 1228/1228 1226/1226 3137/3137
f 1237/1237 1213/1213 3053/3053
f 3085/3085 3092/3092 3055/3055
f 3020/3020 3131/3131 3130/3130
f 3185/3185 3034/3034 3022/3022
f 3168/3168 3189/3189 3190/3190
f 3152/3152 3151/3151 3160/3160
f 3138/3138 1213/1213 1191/1191
f 3053/3053 1213/1213 3178/3178
f 3045/3045 3197/3197 3136/3136
f 1189/1189 3138/3138 1191/1191
f 3053/3053 3178/3178 3038/3038
f 1213/1213 3070/3070 3178/3178
f 3190/3190 3214/3214 3212/3212
f 3213/3213 3211/3211 1260/1260
f 1260/1260 1258/1258 3213/3213
f 3204/3204 1716/1716 3193/3193
f 1762/1762 3212/3212 3214/3214
f 1260/1260 3211/3211 3212/3212
f 3148/3148 3150/3150 3151/3151
f 3185/3185 3022/3022 3169/3169
f 1189/1189 3153/3153 3138/3138
f 1249/1249 3196/3196 1189/1189
f 3196/3196 3153/3153 1189/1189
f 1249/1249 3136/3136 3196/3196
f 3070/3070 3069/3069 3177/3177
f 3136/3136 1249/1249 1247/1247
f 3197/3197 3196/3196 3136/3136
f 3197/3197 3071/3071 3153/3153
f 3069/3069 3135/3135 3177/3177
f 3066/3066 1275/1275 1273/1273
f 3120/3120 3066/3066 3126/3126
f 3067/3067 1273/1273 3194/3194
f 3191/3191 3069/3069 3071/3071
f 3121/3121 3068/3068 3045/3045
f 3071/3071 3197/3197 3074/3074
f 3135/3135 3073/3073 3177/3177
f 3120/3120 1199/1199 1275/1275
f 1199/1199 3046/3046 1226/1226
f 3194/3194 3123/3123 3067/3067
f 3079/3079 3041/3041 3186/3186
f 3136/3136 3046/3046 3045/3045
f 3197/3197 3045/3045 3219/3219
f 3039/3039 3198/3198 3068/3068
f 3219/3219 3074/3074 3197/3197
f 3080/3080 3063/3063 3075/3075
f 3135/3135 3191/3191 3133/3133
f 3046/3046 3137/3137 1226/1226
f 3136/3136 3137/3137 3046/3046
f 3045/3045 3068/3068 3219/3219
f 1258/1258 3185/3185 3211/3211
f 3074/3074 3076/3076 3191/3191
f 3074/3074 3219/3219 3198/3198
f 3073/3073 3134/3134 3050/3050
f 3191/3191 3175/3175 3133/3133
f 3101/3101 3062/3062 3102/3102
f 3068/3068 3198/3198 3219/3219
f 3175/3175 3158/3158 3133/3133
f 3149/3149 3126/3126 3125/3125
f 3101/3101 3175/3175 3076/3076
f 3156/3156 3150/3150 3155/3155
f 3125/3125 3067/3067 3140/3140
f 3162/3162 3121/3121 3044/3044
f 3192/3192 3104/3104 3144/3144
f 3149/3149 3125/3125 3140/3140
f 3049/3049 3052/3052 3028/3028
f 3104/3104 3192/3192 3106/3106
f 3054/3054 3121/3121 3094/3094
f 3101/3101 3076/3076 3062/3062
f 3103/3103 3175/3175 3101/3101
f 3079/3079 3075/3075 3041/3041
f 3075/3075 3063/3063 3062/3062
f 3149/3149 3140/3140 3162/3162
f 3139/3139 3106/3106 3094/3094
f 3139/3139 3162/3162 3140/3140
f 3094/3094 3040/3040 3054/3054
f 3106/3106 3088/3088 3094/3094
f 3192/3192 3089/3089 3088/3088
f 3102/3102 3058/3058 3103/3103
f 3093/3093 3079/3079 3186/3186
f 3019/3019 3022/3022 3034/3034
f 3080/3080 3079/3079 3093/3093
f 3174/3174 3091/3091 3145/3145
f 3088/3088 3093/3093 3094/3094
f 3063/3063 3095/3095 3064/3064
f 3061/3061 3065/3065 3220/3220
f 3087/3087 3093/3093 3088/3088
f 3096/3096 3087/3087 3089/3089
f 3089/3089 3141/3141 3096/3096
f 3102/3102 3203/3203 3059/3059
f 3203/3203 3202/3202 3092/3092
f 3093/3093 3221/3221 3095/3095
f 3019/3019 3036/3036 3072/3072
f 3036/3036 3038/3038 3177/3177
f 3095/3095 3221/3221 3064/3064
f 3220/3220 3119/3119 3061/3061
f 3065/3065 3064/3064 3220/3220
f 3221/3221 3093/3093 3087/3087
f 3221/3221 3087/3087 3096/3096
f 3141/3141 3207/3207 3096/3096
f 3059/3059 3203/3203 3086/3086
f 3092/3092 3199/3199 3203/3203
f 3064/3064 3221/3221 3220/3220
f 3092/3092 3119/3119 3090/3090
f 3119/3119 3220/3220 3084/3084
f 3221/3221 3096/3096 3098/3098
f 3096/3096 3207/3207 3097/3097
f 3059/3059 3086/3086 3025/3025
f 3203/3203 3199/3199 3086/3086
f 3085/3085 3199/3199 3092/3092
f 3168/3168 3190/3190 3176/3176
f 3036/3036 3177/3177 3073/3073
f 3221/3221 3098/3098 3220/3220
f 3083/3083 3090/3090 3119/3119
f 3119/3119 3084/3084 3083/3083
f 3220/3220 3098/3098 3084/3084
f 3055/3055 3092/3092 3091/3091
f 3052/3052 3051/3051 3060/3060
f 3145/3145 3090/3090 3083/3083
f 3098/3098 3097/3097 3209/3209
f 3091/3091 3174/3174 3055/3055
f 3222/3222 3083/3083 3081/3081
f 3081/3081 3084/3084 3226/3226
f 3098/3098 3209/3209 3217/3217
f 3217/3217 3226/3226 3084/3084
f 3048/3048 3027/3027 3025/3025
f 3047/3047 3111/3111 3048/3048
f 3057/3057 3100/3100 3047/3047
f 3174/3174 3167/3167 3055/3055
f 3215/3215 3174/3174 3145/3145
f 3215/3215 3083/3083 3222/3222
f 3033/3033 3122/3122 3132/3132
f 3100/3100 3111/3111 3047/3047
f 3167/3167 3056/3056 3055/3055
f 3073/3073 3050/3050 3049/3049
f 3172/3172 3167/3167 3174/3174
f 3174/3174 3215/3215 3227/3227
f 3056/3056 3109/3109 3100/3100
f 3167/3167 3172/3172 3165/3165
f 3227/3227 3170/3170 3174/3174
f 3109/3109 3056/3056 3229/3229
f 3038/3038 3037/3037 3053/3053
f 3165/3165 3229/3229 3056/3056
f 3019/3019 3132/3132 3020/3020
f 3037/3037 1263/1263 3053/3053
f 3129/3129 3127/3127 3146/3146
f 3204/3204 3187/3187 3205/3205
f 3181/3181 3193/3193 3189/3189
f 3113/3113 3077/3077 3118/3118
f 3214/3214 1632/1632 1762/1762
f 1716/1716 3204/3204 1718/1718
f 3034/3034 3185/3185 3035/3035
f 3028/3028 3132/3132 3049/3049
f 3184/3184 3212/3212 3211/3211
f 3212/3212 1762/1762 373/373
f 373/373 1260/1260 3212/3212
f 1716/1716 3214/3214 3189/3189
f 3020/3020 3122/3122 3131/3131
f 3127/3127 3116/3116 3114/3114
f 3184/3184 3161/3161 3176/3176
f 3073/3073 3072/3072 3036/3036
f 3214/3214 1716/1716 1632/1632
f 1718/1718 3204/3204 1645/1645
f 3159/3159 3151/3151 3156/3156
f 3231/3231 3232/3232 3233/3233
f 2312/2312 2327/2327 3234/3234
f 3235/3235 3236/3236 3237/3237
f 3238/3238 3239/3239 3240/3240
f 3231/3231 3233/3233 3241/3241
f 3242/3242 3243/3243 3244/3244
f 3234/3234 3245/3245 2161/2161
f 3246/3246 3247/3247 3248/3248
f 3249/3249 3250/3250 3233/3233
f 2046/2046 2048/2048 3251/3251
f 3252/3252 3253/3253 3245/3245
f 3254/3254 3255/3255 3231/3231
f 3256/3256 3257/3257 3258/3258
f 3259/3259 3260/3260 3261/3261
f 3262/3262 3246/3246 3263/3263
f 3260/3260 3264/3264 3265/3265
f 3265/3265 3231/3231 3241/3241
f 3266/3266 3267/3267 3268/3268
f 3269/3269 3236/3236 3270/3270
f 3261/3261 3241/3241 3270/3270
f 3233/3233 3238/3238 3249/3249
f 3236/3236 3235/3235 3271/3271
f 3272/3272 3273/3273 3244/3244
f 3275/3275 3277/3277 3278/3278
f 3280/3280 3281/3281 3282/3282
f 3250/3250 3248/3248 3283/3283
f 3283/3283 3280/3280 3282/3282
f 3237/3237 3284/3284 3235/3235
f 3237/3237 3236/3236 3269/3269
f 3238/3238 3233/3233 3232/3232
f 3285/3285 3286/3286 3287/3287
f 3288/3288 3289/3289 3290/3290
f 3287/3287 3256/3256 3266/3266
f 2705/2705 2707/2707 3292/3292
f 3293/3293 3233/3233 3250/3250
f 3278/3278 3277/3277 3294/3294
f 3281/3281 3295/3295 3296/3296
f 3264/3264 3254/3254 3265/3265
f 3289/3289 3257/3257 3256/3256
f 2025/2025 3297/3297 3298/3298
f 3299/3299 3300/3300 3297/3297
f 3301/3301 2031/2031 3298/3298
f 3298/3298 3297/3297 3300/3300
f 3299/3299 3302/3302 3300/3300
f 3262/3262 3302/3302 3299/3299
f 3303/3303 3300/3300 3302/3302
f 3304/3304 3305/3305 3303/3303
f 3301/3301 3300/3300 3303/3303
f 3304/3304 3262/3262 3263/3263
f 3301/3301 3303/3303 3306/3306
f 3305/3305 3304/3304 3307/3307
f 3298/3298 2031/2031 2025/2025
f 3306/3306 3305/3305 3308/3308
f 3307/3307 3309/3309 3310/3310
f 3309/3309 3239/3239 3311/3311
f 3310/3310 3312/3312 3313/3313
f 3306/3306 3303/3303 3305/3305
f 3313/3313 3314/3314 3308/3308
f 3309/3309 3311/3311 3315/3315
f 3254/3254 3316/3316 3255/3255
f 3314/3314 3313/3313 3312/3312
f 3308/3308 3314/3314 2092/2092
f 3317/3317 3318/3318 3312/3312
f 3311/3311 3319/3319 3315/3315
f 3320/3320 3255/3255 3316/3316
f 3321/3321 3322/3322 3323/3323
f 3318/3318 3324/3324 3325/3325
f 3312/3312 3326/3326 3314/3314
f 3327/3327 2092/2092 3314/3314
f 3314/3314 3326/3326 3328/3328
f 3318/3318 3325/3325 3312/3312
f 3319/3319 3329/3329 3315/3315
f 3315/3315 3317/3317 3309/3309
f 3330/3330 3319/3319 3320/3320
f 3316/3316 3331/3331 3320/3320
f 3332/3332 3331/3331 3322/3322
f 3333/3333 3328/3328 3326/3326
f 3328/3328 3327/3327 3314/3314
f 3254/3254 3264/3264 3323/3323
f 2101/2101 3327/3327 2074/2074
f 3263/3263 3239/3239 3307/3307
f 3245/3245 3295/3295 3252/3252
f 3320/3320 3331/3331 3330/3330
f 3302/3302 3304/3304 3303/3303
f 3329/3329 3319/3319 3330/3330
f 3328/3328 3333/3333 3327/3327
f 3327/3327 3292/3292 2074/2074
f 3325/3325 3324/3324 3334/3334
f 3329/3329 3330/3330 3335/3335
f 3336/3336 2705/2705 3292/3292
f 3337/3337 3338/3338 3332/3332
f 3305/3305 3313/3313 3308/3308
f 3292/3292 3339/3339 3336/3336
f 3310/3310 3317/3317 3312/3312
f 3254/3254 3322/3322 3316/3316
f 2705/2705 3336/3336 3340/3340
f 3335/3335 3338/3338 3341/3341
f 3304/3304 3302/3302 3262/3262
f 2844/2844 3342/3342 2720/2720
f 3300/3300 3301/3301 3298/3298
f 2101/2101 2092/2092 3327/3327
f 3334/3334 3343/3343 3339/3339
f 3317/3317 3315/3315 3318/3318
f 3344/3344 2844/2844 3338/3338
f 3305/3305 3310/3310 3313/3313
f 2703/2703 2705/2705 3340/3340
f 3329/3329 3318/3318 3315/3315
f 3263/3263 3307/3307 3304/3304
f 3339/3339 3335/3335 3341/3341
f 3336/3336 3339/3339 3340/3340
f 3309/3309 3317/3317 3310/3310
f 3322/3322 3331/3331 3316/3316
f 3338/3338 3345/3345 3341/3341
f 3332/3332 3338/3338 3331/3331
f 3338/3338 2844/2844 3345/3345
f 3255/3255 3319/3319 3311/3311
f 3324/3324 3318/3318 3329/3329
f 2844/2844 3344/3344 3342/3342
f 3334/3334 3324/3324 3343/3343
f 3343/3343 3335/3335 3339/3339
f 3341/3341 3340/3340 3339/3339
f 3337/3337 3332/3332 3322/3322
f 3333/3333 3334/3334 3292/3292
f 3326/3326 3325/3325 3333/3333
f 3312/3312 3325/3325 3326/3326
f 3335/3335 3343/3343 3329/3329
f 3330/3330 3338/3338 3335/3335
f 2844/2844 2703/2703 3345/3345
f 3323/3323 3322/3322 3254/3254
f 3341/3341 3345/3345 3340/3340
f 3305/3305 3307/3307 3310/3310
f 3343/3343 3324/3324 3329/3329
f 3334/3334 3333/3333 3325/3325
f 3330/3330 3331/3331 3338/3338
f 3292/3292 3327/3327 3333/3333
f 3340/3340 3345/3345 2703/2703
f 3344/3344 3338/3338 3337/3337
f 3309/3309 3307/3307 3239/3239
f 3337/3337 3322/3322 3321/3321
f 3287/3287 3346/3346 3256/3256
f 3320/3320 3319/3319 3255/3255
f 3339/3339 3292/3292 3334/3334
f 3270/3270 3236/3236 3261/3261
f 3281/3281 3296/3296 3347/3347
f 3253/3253 3252/3252 3348/3348
f 3293/3293 3282/3282 3281/3281
f 3277/3277 3275/3275 3349/3349
f 3350/3350 3351/3351 3352/3352
f 3280/3280 3252/3252 3295/3295
f 2046/2046 3251/3251 2022/2022
f 3353/3353 3354/3354 3355/3355
f 3297/3297 3356/3356 3357/3357
f 2014/2014 3358/3358 3355/3355
f 3360/3360 3362/3362 3353/3353
f 2043/2043 3354/3354 3363/3363
f 3364/3364 3348/3348 3273/3273
f 2020/2020 3366/3366 3367/3367
f 3368/3368 3369/3369 3370/3370
f 3371/3371 3372/3372 3367/3367
f 3373/3373 2020/2020 2022/2022
f 3337/3337 3374/3374 3344/3344
f 3357/3357 3356/3356 2017/2017
f 3367/3367 2017/2017 2020/2020
f 3369/3369 3344/3344 3374/3374
f 3323/3323 3375/3375 3321/3321
f 3374/3374 3375/3375 3369/3369
f 3252/3252 3242/3242 3244/3244
f 3366/3366 3373/3373 3376/3376
f 2020/2020 3373/3373 3366/3366
f 3294/3294 3352/3352 3363/3363
f 3375/3375 3377/3377 3378/3378
f 3366/3366 3371/3371 3367/3367
f 3372/3372 3297/3297 3357/3357
f 3367/3367 3372/3372 3357/3357
f 3375/3375 3323/3323 3264/3264
f 3374/3374 3321/3321 3375/3375
f 2806/2806 3368/3368 2750/2750
f 3371/3371 3366/3366 3376/3376
f 2740/2740 2750/2750 3370/3370
f 2029/2029 2017/2017 3356/3356
f 2105/2105 2031/2031 3301/3301
f 3367/3367 3357/3357 2017/2017
f 3299/3299 3297/3297 3379/3379
f 3380/3380 3266/3266 3381/3381
f 3286/3286 3382/3382 3289/3289
f 3363/3363 3352/3352 3384/3384
f 3297/3297 2029/2029 3356/3356
f 3308/3308 2109/2109 3306/3306
f 3346/3346 3289/3289 3256/3256
f 2718/2718 2074/2074 3292/3292
f 3277/3277 3352/3352 3294/3294
f 3385/3385 3386/3386 3387/3387
f 2718/2718 3292/3292 2707/2707
f 3297/3297 2025/2025 2029/2029
f 3379/3379 3297/3297 3372/3372
f 2148/2148 2200/2200 2742/2742
f 3376/3376 3251/3251 3384/3384
f 3271/3271 3378/3378 3259/3259
f 3375/3375 3264/3264 3260/3260
f 3260/3260 3377/3377 3375/3375
f 3381/3381 3388/3388 3389/3389
f 2092/2092 2090/2090 3308/3308
f 3370/3370 2750/2750 3368/3368
f 2109/2109 3301/3301 3306/3306
f 3353/3353 3362/3362 3354/3354
f 2043/2043 3390/3390 2048/2048
f 3371/3371 3391/3391 3267/3267
f 3354/3354 3362/3362 3363/3363
f 2109/2109 3308/3308 2090/2090
f 3355/3355 3392/3392 3353/3353
f 3390/3390 2043/2043 3363/3363
f 3353/3353 3392/3392 3360/3360
f 2148/2148 2740/2740 3370/3370
f 3294/3294 3362/3362 3360/3360
f 3259/3259 3377/3377 3260/3260
f 2105/2105 3301/3301 2109/2109
f 2014/2014 3355/3355 2043/2043
f 3376/3376 3373/3373 3251/3251
f 3363/3363 3362/3362 3294/3294
f 2022/2022 3251/3251 3373/3373
f 3355/3355 3358/3358 3392/3392
f 3363/3363 3251/3251 3390/3390
f 3278/3278 3294/3294 3360/3360
f 3385/3385 3394/3394 3386/3386
f 3387/3387 3386/3386 3350/3350
f 2012/2012 3358/3358 2014/2014
f 3240/3240 3249/3249 3238/3238
f 3350/3350 3386/3386 3285/3285
f 3378/3378 2226/2226 2148/2148
f 3231/3231 3265/3265 3254/3254
f 3386/3386 3394/3394 3286/3286
f 3311/3311 3232/3232 3255/3255
f 3378/3378 2148/2148 3375/3375
f 2048/2048 3390/3390 3251/3251
f 3351/3351 3395/3395 3396/3396
f 3236/3236 3271/3271 3259/3259
f 3240/3240 3246/3246 3248/3248
f 3384/3384 3251/3251 3363/3363
f 3391/3391 3376/3376 3396/3396
f 3290/3290 3397/3397 3288/3288
f 2742/2742 2740/2740 2148/2148
f 3350/3350 3285/3285 3351/3351
f 3232/3232 3311/3311 3238/3238
f 3287/3287 3268/3268 3395/3395
f 3349/3349 3385/3385 3387/3387
f 3372/3372 3371/3371 3267/3267
f 3242/3242 3252/3252 3280/3280
f 3286/3286 3394/3394 3399/3399
f 3283/3283 3243/3243 3242/3242
f 3391/3391 3395/3395 3268/3268
f 3386/3386 3286/3286 3285/3285
f 3248/3248 3250/3250 3249/3249
f 3399/3399 3382/3382 3286/3286
f 3266/3266 3268/3268 3287/3287
f 3281/3281 3347/3347 3293/3293
f 3399/3399 3394/3394 3385/3385
f 3284/3284 2327/2327 3235/3235
f 3391/3391 3371/3371 3376/3376
f 3395/3395 3285/3285 3287/3287
f 3267/3267 3391/3391 3268/3268
f 3241/3241 3261/3261 3260/3260
f 3247/3247 3243/3243 3283/3283
f 3284/3284 3237/3237 3296/3296
f 3241/3241 3260/3260 3265/3265
f 3379/3379 3372/3372 3267/3267
f 3275/3275 3385/3385 3349/3349
f 3284/3284 3295/3295 3245/3245
f 3257/3257 3289/3289 3288/3288
f 3293/3293 3347/3347 3270/3270
f 3248/3248 3247/3247 3283/3283
f 3286/3286 3289/3289 3346/3346
f 3237/3237 3269/3269 3347/3347
f 3379/3379 3267/3267 3380/3380
f 2327/2327 3271/3271 3235/3235
f 3284/3284 3234/3234 2327/2327
f 3239/3239 3238/3238 3311/3311
f 3347/3347 3269/3269 3270/3270
f 3384/3384 3396/3396 3376/3376
f 3285/3285 3395/3395 3351/3351
f 3382/3382 3290/3290 3289/3289
f 3234/3234 3284/3284 3245/3245
f 3233/3233 3293/3293 3241/3241
f 3379/3379 3380/3380 3299/3299
f 3286/3286 3346/3346 3287/3287
f 3380/3380 3381/3381 3299/3299
f 3242/3242 3280/3280 3283/3283
f 3282/3282 3250/3250 3283/3283
f 3284/3284 3296/3296 3295/3295
f 3240/3240 3248/3248 3249/3249
f 3350/3350 3352/3352 3387/3387
f 3277/3277 3349/3349 3387/3387
f 3355/3355 3354/3354 2043/2043
f 3236/3236 3259/3259 3261/3261
f 3273/3273 3288/3288 3397/3397
f 3374/3374 3337/3337 3321/3321
f 3344/3344 3368/3368 2806/2806
f 3388/3388 3381/3381 3266/3266
f 3259/3259 3378/3378 3377/3377
f 3344/3344 3369/3369 3368/3368
f 3388/3388 3266/3266 3256/3256
f 3258/3258 3388/3388 3256/3256
f 3273/3273 3272/3272 3288/3288
f 2173/2173 3245/3245 3253/3253
f 3272/3272 3257/3257 3288/3288
f 3352/3352 3396/3396 3384/3384
f 3380/3380 3267/3267 3266/3266
f 3246/3246 3239/3239 3263/3263
f 3272/3272 3243/3243 3258/3258
f 3389/3389 3388/3388 3243/3243
f 3296/3296 3237/3237 3347/3347
f 3273/3273 3348/3348 3244/3244
f 3253/3253 3348/3348 3364/3364
f 3239/3239 3246/3246 3240/3240
f 2173/2173 3253/3253 3364/3364
f 3243/3243 3272/3272 3244/3244
f 3396/3396 3352/3352 3351/3351
f 3396/3396 3395/3395 3391/3391
f 3389/3389 3243/3243 3247/3247
f 3352/3352 3277/3277 3387/3387
f 3295/3295 3281/3281 3280/3280
f 2806/2806 2720/2720 3342/3342
f 3370/3370 3369/3369 2148/2148
f 3348/3348 3252/3252 3244/3244
f 2226/2226 3378/3378 3271/3271
f 3271/3271 2327/2327 2226/2226
f 3246/3246 3389/3389 3247/3247
f 3381/3381 3389/3389 3299/3299
f 2173/2173 2161/2161 3245/3245
f 3258/3258 3257/3257 3272/3272
f 3250/3250 3282/3282 3293/3293
f 3389/3389 3262/3262 3299/3299
f 3262/3262 3389/3389 3246/3246
f 3344/3344 2806/2806 3342/3342
f 3234/3234 2161/2161 2312/2312
f 3232/3232 3231/3231 3255/3255
f 3385/3385 3275/3275 3399/3399
f 3375/3375 2148/2148 3369/3369
f 3241/3241 3293/3293 3270/3270
f 3243/3243 3388/3388 3258/3258
f 3401/3401 3402/3402 3403/3403
f 3401/3401 3404/3404 3405/3405
f 3406/3406 3407/3407 1674/1674
f 1061/1061 3408/3408 3409/3409
f 3405/3405 3411/3411 3412/3412
f 1660/1660 3407/3407 1662/1662
f 3408/3408 3413/3413 3409/3409
f 1061/1061 3411/3411 3408/3408
f 3401/3401 3414/3414 3402/3402
f 3411/3411 985/985 3412/3412
f 3404/3404 3415/3415 3416/3416
f 985/985 3411/3411 1061/1061
f 3417/3417 3414/3414 3418/3418
f 3419/3419 3420/3420 3421/3421
f 1660/1660 1674/1674 3407/3407
f 3408/3408 3416/3416 3413/3413
f 3422/3422 3420/3420 3419/3419
f 991/991 989/989 3418/3418
f 3418/3418 989/989 3422/3422
f 3423/3423 3424/3424 3420/3420
f 989/989 1064/1064 3422/3422
f 3423/3423 1064/1064 995/995
f 3407/3407 3425/3425 1662/1662
f 3409/3409 3427/3427 3428/3428
f 1002/1002 3430/3430 3424/3424
f 987/987 3414/3414 3412/3412
f 3407/3407 3431/3431 3425/3425
f 1006/1006 976/976 3433/3433
f 3405/3405 3416/3416 3408/3408
f 3434/3434 3431/3431 3407/3407
f 3434/3434 3407/3407 3406/3406
f 3428/3428 3427/3427 3436/3436
f 3402/3402 3414/3414 3437/3437
f 3437/3437 3414/3414 3417/3417
f 3438/3438 3439/3439 3440/3440
f 3441/3441 3439/3439 3438/3438
f 3442/3442 3443/3443 3441/3441
f 3444/3444 3445/3445 3446/3446
f 1002/1002 3423/3423 995/995
f 3447/3447 3446/3446 3445/3445
f 3448/3448 3449/3449 3446/3446
f 3448/3448 3450/3450 3449/3449
f 3444/3444 3446/3446 3451/3451
f 3449/3449 3451/3451 3446/3446
f 3450/3450 3452/3452 3449/3449
f 3412/3412 3401/3401 3405/3405
f 3453/3453 3454/3454 3439/3439
f 3416/3416 3405/3405 3404/3404
f 3455/3455 3451/3451 3452/3452
f 3408/3408 3411/3411 3405/3405
f 3453/3453 3456/3456 3454/3454
f 3424/3424 3423/3423 1002/1002
f 3445/3445 3457/3457 3458/3458
f 3459/3459 3457/3457 3455/3455
f 3449/3449 3452/3452 3451/3451
f 3439/3439 3441/3441 3453/3453
f 3457/3457 3451/3451 3455/3455
f 3453/3453 3460/3460 3456/3456
f 3445/3445 3444/3444 3457/3457
f 3458/3458 3457/3457 3459/3459
f 3455/3455 3452/3452 3461/3461
f 3462/3462 3441/3441 3443/3443
f 3462/3462 3453/3453 3441/3441
f 3459/3459 3462/3462 3443/3443
f 3459/3459 3443/3443 3458/3458
f 3463/3463 3442/3442 3438/3438
f 3459/3459 3455/3455 3462/3462
f 3447/3447 3445/3445 3458/3458
f 3439/3439 3454/3454 3440/3440
f 3457/3457 3444/3444 3451/3451
f 3464/3464 3440/3440 3454/3454
f 3461/3461 3460/3460 3455/3455
f 3438/3438 3442/3442 3441/3441
f 3462/3462 3460/3460 3453/3453
f 3462/3462 3455/3455 3460/3460
f 3465/3465 3466/3466 3467/3467
f 3468/3468 3469/3469 3470/3470
f 3471/3471 3472/3472 3473/3473
f 3465/3465 3474/3474 3466/3466
f 3475/3475 967/967 979/979
f 3476/3476 3477/3477 3478/3478
f 3479/3479 3442/3442 3480/3480
f 3481/3481 3469/3469 3468/3468
f 3477/3477 3476/3476 3482/3482
f 3467/3467 3466/3466 3472/3472
f 3465/3465 3483/3483 3474/3474
f 3481/3481 3468/3468 3477/3477
f 3484/3484 3475/3475 3485/3485
f 3482/3482 3466/3466 3474/3474
f 3486/3486 3479/3479 3480/3480
f 3466/3466 3486/3486 3480/3480
f 3474/3474 3477/3477 3482/3482
f 3473/3473 3472/3472 3487/3487
f 3487/3487 3442/3442 3488/3488
f 3433/3433 3481/3481 3430/3430
f 3468/3468 3478/3478 3477/3477
f 3474/3474 3481/3481 3477/3477
f 3486/3486 3458/3458 3479/3479
f 3486/3486 3482/3482 3489/3489
f 3468/3468 3470/3470 3484/3484
f 3430/3430 3481/3481 3483/3483
f 3487/3487 3488/3488 3490/3490
f 3480/3480 3472/3472 3466/3466
f 3482/3482 3476/3476 3489/3489
f 3491/3491 964/964 967/967
f 3486/3486 3489/3489 3458/3458
f 3472/3472 3442/3442 3487/3487
f 3492/3492 3478/3478 3485/3485
f 3423/3423 3420/3420 1064/1064
f 3420/3420 3424/3424 3421/3421
f 964/964 3470/3470 976/976
f 3491/3491 3475/3475 3484/3484
f 3482/3482 3486/3486 3466/3466
f 3472/3472 3480/3480 3442/3442
f 3479/3479 3458/3458 3443/3443
f 3492/3492 3476/3476 3478/3478
f 3481/3481 3433/3433 3469/3469
f 3469/3469 3433/3433 976/976
f 3468/3468 3485/3485 3478/3478
f 3467/3467 3472/3472 3471/3471
f 1000/1000 3433/3433 3430/3430
f 3485/3485 3468/3468 3484/3484
f 3493/3493 3494/3494 3495/3495
f 3406/3406 1674/1674 3495/3495
f 3496/3496 3450/3450 3497/3497
f 3448/3448 3497/3497 3450/3450
f 3495/3495 3496/3496 3497/3497
f 1674/1674 3496/3496 3495/3495
f 3495/3495 3494/3494 3406/3406
f 3495/3495 3497/3497 3493/3493
f 3448/3448 3493/3493 3497/3497
f 964/964 3491/3491 3470/3470
f 3433/3433 1000/1000 1006/1006
f 3469/3469 976/976 3470/3470
f 3484/3484 3470/3470 3491/3491
f 3418/3418 3414/3414 987/987
f 3403/3403 3415/3415 3404/3404
f 3483/3483 3481/3481 3474/3474
f 967/967 3475/3475 3491/3491
f 991/991 3418/3418 987/987
f 3479/3479 3443/3443 3442/3442
f 3427/3427 3409/3409 3413/3413
f 1647/1647 1743/1743 3498/3498
f 3489/3489 3499/3499 3447/3447
f 3500/3500 3501/3501 3502/3502
f 3503/3503 3504/3504 3506/3506
f 3507/3507 3431/3431 3509/3509
f 3510/3510 3511/3511 3512/3512
f 3513/3513 3511/3511 3510/3510
f 3494/3494 3514/3514 3515/3515
f 3416/3416 3415/3415 3413/3413
f 3430/3430 1002/1002 1000/1000
f 3516/3516 3503/3503 3506/3506
f 3513/3513 3434/3434 3517/3517
f 987/987 3412/3412 985/985
f 3489/3489 3476/3476 3499/3499
f 3506/3506 3509/3509 3516/3516
f 3507/3507 3509/3509 3506/3506
f 3509/3509 3434/3434 3513/3513
f 3401/3401 3412/3412 3414/3414
f 3447/3447 3499/3499 3514/3514
f 3434/3434 3509/3509 3431/3431
f 3500/3500 3509/3509 3510/3510
f 3510/3510 3518/3518 3500/3500
f 3507/3507 3506/3506 3504/3504
f 3504/3504 3503/3503 3519/3519
f 3475/3475 3500/3500 3518/3518
f 3514/3514 3499/3499 3521/3521
f 3511/3511 3517/3517 3515/3515
f 3515/3515 3517/3517 3406/3406
f 3498/3498 3522/3522 1647/1647
f 3518/3518 3510/3510 3512/3512
f 3406/3406 3494/3494 3515/3515
f 3434/3434 3406/3406 3517/3517
f 3523/3523 3475/3475 3518/3518
f 3512/3512 3523/3523 3518/3518
f 3419/3419 3418/3418 3422/3422
f 3512/3512 3515/3515 3521/3521
f 3485/3485 3475/3475 3523/3523
f 3500/3500 979/979 3501/3501
f 3501/3501 3519/3519 3503/3503
f 3420/3420 3422/3422 1064/1064
f 3514/3514 3494/3494 3493/3493
f 3476/3476 3492/3492 3499/3499
f 3492/3492 3485/3485 3523/3523
f 3502/3502 3503/3503 3516/3516
f 3514/3514 3446/3446 3447/3447
f 3502/3502 3501/3501 3503/3503
f 3493/3493 3446/3446 3514/3514
f 3512/3512 3521/3521 3492/3492
f 3492/3492 3523/3523 3512/3512
f 3447/3447 3458/3458 3489/3489
f 3524/3524 3525/3525 3526/3526
f 3527/3527 3463/3463 3524/3524
f 3528/3528 3529/3529 3436/3436
f 3530/3530 3531/3531 3533/3533
f 3492/3492 3521/3521 3499/3499
f 3526/3526 3535/3535 3427/3427
f 3463/3463 3438/3438 3536/3536
f 3533/3533 3537/3537 3530/3530
f 3475/3475 979/979 3500/3500
f 3436/3436 3535/3535 3528/3528
f 3446/3446 3493/3493 3448/3448
f 3530/3530 3537/3537 3538/3538
f 3537/3537 3533/3533 3539/3539
f 3536/3536 3525/3525 3524/3524
f 3529/3529 3539/3539 3542/3542
f 3527/3527 3490/3490 3488/3488
f 3528/3528 3537/3537 3539/3539
f 3538/3538 3543/3543 3544/3544
f 3543/3543 3538/3538 3537/3537
f 3528/3528 3539/3539 3529/3529
f 3536/3536 3537/3537 3528/3528
f 3536/3536 3543/3543 3537/3537
f 3542/3542 3545/3545 3529/3529
f 3528/3528 3525/3525 3536/3536
f 3524/3524 3547/3547 3527/3527
f 3544/3544 3543/3543 3548/3548
f 3438/3438 3543/3543 3536/3536
f 3427/3427 3535/3535 3436/3436
f 3436/3436 3529/3529 3545/3545
f 3525/3525 3528/3528 3535/3535
f 3548/3548 3543/3543 3438/3438
f 3524/3524 3463/3463 3536/3536
f 3526/3526 3525/3525 3535/3535
f 3547/3547 3524/3524 3526/3526
f 3526/3526 3427/3427 3415/3415
f 3488/3488 3463/3463 3527/3527
f 3511/3511 3513/3513 3517/3517
f 3511/3511 3515/3515 3512/3512
f 3509/3509 3500/3500 3516/3516
f 3401/3401 3403/3403 3404/3404
f 3509/3509 3513/3513 3510/3510
f 3516/3516 3500/3500 3502/3502
f 3515/3515 3514/3514 3521/3521
f 3415/3415 3427/3427 3413/3413
f 1741/1741 3522/3522 1747/1747
f 3501/3501 1044/1044 3519/3519
f 979/979 969/969 3501/3501
f 1044/1044 3501/3501 969/969
f 3549/3549 3440/3440 3464/3464
f 3549/3549 3550/3550 3548/3548
f 3548/3548 3440/3440 3549/3549
f 3438/3438 3440/3440 3548/3548
f 3522/3522 1741/1741 1647/1647
f 3430/3430 3551/3551 3424/3424
f 3421/3421 3552/3552 3419/3419
f 3553/3553 3552/3552 3551/3551
f 3552/3552 3418/3418 3419/3419
f 3552/3552 3554/3554 3555/3555
f 3553/3553 3430/3430 3483/3483
f 3553/3553 3554/3554 3552/3552
f 3555/3555 3418/3418 3552/3552
f 3421/3421 3551/3551 3552/3552
f 3555/3555 3554/3554 3556/3556
f 3551/3551 3430/3430 3553/3553
f 3553/3553 3483/3483 3465/3465
f 3553/3553 3556/3556 3554/3554
f 3421/3421 3424/3424 3551/3551
f 3555/3555 3557/3557 3418/3418
f 3553/3553 3465/3465 3556/3556
f 3417/3417 3418/3418 3557/3557
f 3556/3556 3465/3465 3467/3467
f 3473/3473 3490/3490 3558/3558
f 3556/3556 3467/3467 3559/3559
f 3403/3403 3473/3473 3560/3560
f 3437/3437 3417/3417 3559/3559
f 3437/3437 3559/3559 3467/3467
f 3473/3473 3403/3403 3471/3471
f 3558/3558 3415/3415 3560/3560
f 3490/3490 3527/3527 3547/3547
f 3403/3403 3402/3402 3471/3471
f 3556/3556 3557/3557 3555/3555
f 3560/3560 3473/3473 3558/3558
f 3415/3415 3403/3403 3560/3560
f 3526/3526 3415/3415 3558/3558
f 3558/3558 3490/3490 3547/3547
f 3417/3417 3557/3557 3559/3559
f 3558/3558 3547/3547 3526/3526
f 3556/3556 3559/3559 3557/3557
f 3437/3437 3471/3471 3402/3402
f 3467/3467 3471/3471 3437/3437
f 3496/3496 1674/1674 1756/1756
f 3496/3496 1756/1756 3561/3561
f 3561/3561 1756/1756 3562/3562
f 3561/3561 3450/3450 3496/3496
f 1712/1712 3562/3562 1756/1756
f 3561/3561 1738/1738 3452/3452
f 3452/3452 1738/1738 3563/3563
f 3563/3563 3461/3461 3452/3452
f 1729/1729 3564/3564 1738/1738
f 3565/3565 3461/3461 3563/3563
f 3461/3461 3566/3566 3460/3460
f 3565/3565 3564/3564 1702/1702
f 3567/3567 3568/3568 3569/3569
f 3570/3570 3566/3566 3565/3565
f 3566/3566 3571/3571 3456/3456
f 3570/3570 3571/3571 3566/3566
f 1743/1743 3572/3572 3498/3498
f 3456/3456 3571/3571 3573/3573
f 1664/1664 3570/3570 1702/1702
f 3573/3573 3454/3454 3456/3456
f 3574/3574 3575/3575 3522/3522
f 3576/3576 3573/3573 3571/3571
f 3576/3576 3577/3577 3573/3573
f 3577/3577 3576/3576 1668/1668
f 3498/3498 3572/3572 3522/3522
f 3577/3577 3578/3578 3573/3573
f 3579/3579 3568/3568 3567/3567
f 1668/1668 3580/3580 3577/3577
f 3581/3581 3582/3582 3568/3568
f 3583/3583 3572/3572 1743/1743
f 1685/1685 3580/3580 1668/1668
f 1697/1697 3585/3585 1685/1685
f 1698/1698 3586/3586 1697/1697
f 3568/3568 3579/3579 3530/3530
f 3531/3531 3530/3530 3579/3579
f 3585/3585 3580/3580 1685/1685
f 3586/3586 1698/1698 1747/1747
f 3587/3587 3567/3567 3575/3575
f 3464/3464 3454/3454 3573/3573
f 3589/3589 3590/3590 3572/3572
f 3579/3579 3591/3591 3531/3531
f 1697/1697 3586/3586 3593/3593
f 1747/1747 3575/3575 3586/3586
f 1702/1702 3570/3570 3565/3565
f 3549/3549 3594/3594 3550/3550
f 3595/3595 3594/3594 3578/3578
f 3585/3585 3595/3595 3580/3580
f 3596/3596 3585/3585 3593/3593
f 3563/3563 3564/3564 3565/3565
f 3575/3575 3574/3574 3587/3587
f 3522/3522 3572/3572 3590/3590
f 3550/3550 3595/3595 3597/3597
f 3580/3580 3595/3595 3578/3578
f 3564/3564 3563/3563 1738/1738
f 3595/3595 3550/3550 3594/3594
f 3565/3565 3566/3566 3461/3461
f 3574/3574 3589/3589 3587/3587
f 3575/3575 3567/3567 3586/3586
f 3571/3571 3570/3570 3576/3576
f 3593/3593 3569/3569 3596/3596
f 3570/3570 1664/1664 1668/1668
f 3593/3593 3585/3585 1697/1697
f 3587/3587 3589/3589 3579/3579
f 3456/3456 3460/3460 3566/3566
f 3590/3590 3589/3589 3574/3574
f 3578/3578 3464/3464 3573/3573
f 3568/3568 3582/3582 3569/3569
f 3579/3579 3567/3567 3587/3587
f 3585/3585 3596/3596 3595/3595
f 3574/3574 3522/3522 3590/3590
f 3544/3544 3548/3548 3550/3550
f 3581/3581 3530/3530 3538/3538
f 3582/3582 3596/3596 3569/3569
f 3581/3581 3538/3538 3582/3582
f 1702/1702 3564/3564 1729/1729
f 3581/3581 3568/3568 3530/3530
f 3597/3597 3595/3595 3582/3582
f 3575/3575 1747/1747 3522/3522
f 3589/3589 3572/3572 3583/3583
f 3593/3593 3567/3567 3569/3569
f 3464/3464 3578/3578 3549/3549
f 3595/3595 3596/3596 3582/3582
f 3562/3562 1712/1712 1738/1738
f 3567/3567 3593/3593 3586/3586
f 3450/3450 3561/3561 3452/3452
f 3544/3544 3550/3550 3597/3597
f 3538/3538 3544/3544 3597/3597
f 3577/3577 3580/3580 3578/3578
f 3582/3582 3538/3538 3597/3597
f 3591/3591 3579/3579 3589/3589
f 3561/3561 3562/3562 1738/1738
f 3570/3570 1668/1668 3576/3576
f 3578/3578 3594/3594 3549/3549
f 3442/3442 3463/3463 3488/3488
f 3490/3490 3473/3473 3487/3487
f 3598/3598 3599/3599 3600/3600
f 3601/3601 2350/2350 3602/3602
f 3603/3603 3604/3604 3605/3605
f 3606/3606 3607/3607 3608/3608
f 1926/1926 1935/1935 3609/3609
f 3610/3610 3611/3611 3612/3612
f 3613/3613 3614/3614 3615/3615
f 3616/3616 3617/3617 3618/3618
f 3619/3619 3620/3620 3621/3621
f 3622/3622 1944/1944 1825/1825
f 3623/3623 3624/3624 3625/3625
f 3626/3626 3619/3619 3627/3627
f 3627/3627 3619/3619 3628/3628
f 3619/3619 1498/1498 3628/3628
f 1841/1841 1944/1944 3622/3622
f 3629/3629 3630/3630 3631/3631
f 3627/3627 3632/3632 3633/3633
f 3627/3627 3633/3633 3626/3626
f 3622/3622 3632/3632 1422/1422
f 3632/3632 3627/3627 1455/1455
f 3634/3634 3635/3635 3636/3636
f 3637/3637 313/313 3638/3638
f 3610/3610 3639/3639 3640/3640
f 1455/1455 3627/3627 3628/3628
f 3641/3641 3642/3642 3643/3643
f 3644/3644 3610/3610 3640/3640
f 3622/3622 1422/1422 1841/1841
f 3645/3645 3646/3646 3647/3647
f 3648/3648 3649/3649 3650/3650
f 3633/3633 3632/3632 1825/1825
f 3651/3651 1486/1486 3652/3652
f 3632/3632 1455/1455 1422/1422
f 28/28 30/30 3653/3653
f 3622/3622 1825/1825 3632/3632
f 3633/3633 3654/3654 3626/3626
f 1128/1128 3655/3655 3656/3656
f 3658/3658 3659/3659 3660/3660
f 3655/3655 1128/1128 1125/1125
f 3626/3626 3654/3654 3619/3619
f 3652/3652 3661/3661 3662/3662
f 1486/1486 3651/3651 3663/3663
f 3664/3664 3665/3665 3666/3666
f 140/140 3656/3656 3655/3655
f 140/140 145/145 3656/3656
f 3667/3667 3668/3668 3669/3669
f 33/33 131/131 3670/3670
f 3670/3670 131/131 3671/3671
f 497/497 3663/3663 502/502
f 3672/3672 3663/3663 3673/3673
f 3674/3674 3675/3675 3676/3676
f 3677/3677 3667/3667 3669/3669
f 3668/3668 3678/3678 3669/3669
f 3677/3677 3653/3653 30/30
f 3653/3653 44/44 28/28
f 3679/3679 3680/3680 3681/3681
f 497/497 1486/1486 3663/3663
f 3682/3682 3671/3671 131/131
f 44/44 3653/3653 291/291
f 33/33 3670/3670 30/30
f 3662/3662 3681/3681 3651/3651
f 3683/3683 3646/3646 3645/3645
f 3684/3684 3654/3654 1924/1924
f 3665/3665 3680/3680 3685/3685
f 291/291 3676/3676 309/309
f 3676/3676 291/291 3674/3674
f 3674/3674 3645/3645 3647/3647
f 3686/3686 3687/3687 3688/3688
f 3689/3689 3661/3661 3652/3652
f 3690/3690 3691/3691 3692/3692
f 3693/3693 3660/3660 3694/3694
f 3695/3695 3645/3645 3696/3696
f 3653/3653 3674/3674 291/291
f 3697/3697 3698/3698 3699/3699
f 3700/3700 3701/3701 3694/3694
f 3702/3702 3703/3703 3671/3671
f 3696/3696 3674/3674 3653/3653
f 3647/3647 3675/3675 3674/3674
f 3658/3658 3660/3660 3693/3693
f 3704/3704 3650/3650 3705/3705
f 3706/3706 3707/3707 3629/3629
f 311/311 284/284 3638/3638
f 3695/3695 3696/3696 3669/3669
f 3708/3708 3709/3709 3710/3710
f 3707/3707 3630/3630 3629/3629
f 3650/3650 3711/3711 3648/3648
f 3606/3606 3598/3598 3607/3607
f 313/313 3637/3637 3624/3624
f 3602/3602 300/300 307/307
f 3712/3712 3692/3692 3713/3713
f 3692/3692 3691/3691 3714/3714
f 3667/3667 3701/3701 3668/3668
f 3715/3715 3608/3608 3716/3716
f 3682/3682 3717/3717 3702/3702
f 3718/3718 3719/3719 3720/3720
f 3696/3696 3645/3645 3674/3674
f 3721/3721 3722/3722 3723/3723
f 3724/3724 3725/3725 3714/3714
f 3645/3645 3695/3695 3678/3678
f 3677/3677 30/30 3671/3671
f 3662/3662 3690/3690 3681/3681
f 3645/3645 3665/3665 3685/3685
f 3671/3671 3703/3703 3677/3677
f 3635/3635 3634/3634 3726/3726
f 3727/3727 3728/3728 3666/3666
f 30/30 3670/3670 3671/3671
f 3720/3720 1932/1932 3729/3729
f 1885/1885 3730/3730 1909/1909
f 3731/3731 3617/3617 3616/3616
f 3732/3732 3648/3648 3711/3711
f 3710/3710 3697/3697 3699/3699
f 3733/3733 3734/3734 3613/3613
f 3641/3641 3643/3643 3631/3631
f 3643/3643 3629/3629 3631/3631
f 3637/3637 3735/3735 3625/3625
f 3679/3679 3646/3646 3683/3683
f 3641/3641 3631/3631 3612/3612
f 444/444 3736/3736 1083/1083
f 3703/3703 3667/3667 3677/3677
f 3737/3737 3634/3634 3738/3738
f 3599/3599 3598/3598 3606/3606
f 3739/3739 3740/3740 3736/3736
f 3629/3629 3643/3643 3706/3706
f 3653/3653 3677/3677 3696/3696
f 1930/1930 3741/3741 3742/3742
f 3741/3741 1930/1930 3743/3743
f 3719/3719 3635/3635 3726/3726
f 3637/3637 3638/3638 3744/3744
f 1935/1935 1932/1932 3720/3720
f 3725/3725 3745/3745 3714/3714
f 3746/3746 3641/3641 3612/3612
f 3747/3747 3748/3748 3610/3610
f 3694/3694 3686/3686 3700/3700
f 3738/3738 3706/3706 3749/3749
f 3737/3737 3648/3648 3726/3726
f 3641/3641 3746/3746 3750/3750
f 3746/3746 3612/3612 3733/3733
f 450/450 502/502 3739/3739
f 3611/3611 3610/3610 3748/3748
f 3713/3713 3748/3748 3747/3747
f 3648/3648 3738/3738 3749/3749
f 1935/1935 3726/3726 3609/3609
f 3648/3648 3609/3609 3726/3726
f 3751/3751 3722/3722 3713/3713
f 3711/3711 3650/3650 3704/3704
f 3750/3750 3642/3642 3641/3641
f 3669/3669 3678/3678 3695/3695
f 3733/3733 3611/3611 3752/3752
f 3745/3745 3753/3753 3754/3754
f 143/143 3755/3755 3693/3693
f 3713/3713 3752/3752 3748/3748
f 3755/3755 3658/3658 3693/3693
f 3756/3756 3648/3648 3749/3749
f 3683/3683 3645/3645 3685/3685
f 3659/3659 3658/3658 3757/3757
f 3665/3665 3664/3664 3680/3680
f 3688/3688 3758/3758 3759/3759
f 3747/3747 3644/3644 3712/3712
f 3658/3658 3760/3760 3757/3757
f 3655/3655 1161/1161 3760/3760
f 3757/3757 3761/3761 3659/3659
f 3750/3750 3615/3615 3642/3642
f 3733/3733 3752/3752 3762/3762
f 3763/3763 3764/3764 3618/3618
f 140/140 3755/3755 143/143
f 3762/3762 3752/3752 3713/3713
f 3659/3659 3761/3761 3765/3765
f 3642/3642 3615/3615 3756/3756
f 3757/3757 1174/1174 3761/3761
f 3766/3766 3705/3705 3767/3767
f 3654/3654 3633/3633 1924/1924
f 3649/3649 3648/3648 3756/3756
f 3768/3768 3769/3769 3705/3705
f 1926/1926 3609/3609 3684/3684
f 3733/3733 3613/3613 3615/3615
f 3751/3751 3714/3714 3745/3745
f 3714/3714 3751/3751 3692/3692
f 3755/3755 3760/3760 3658/3658
f 3762/3762 3713/3713 3722/3722
f 3770/3770 3649/3649 3756/3756
f 3654/3654 3732/3732 3711/3711
f 3732/3732 3654/3654 3684/3684
f 3691/3691 3661/3661 3689/3689
f 3625/3625 3603/3603 3605/3605
f 3671/3671 3682/3682 3702/3702
f 3702/3702 3701/3701 3703/3703
f 3761/3761 1174/1174 3765/3765
f 3712/3712 3644/3644 3679/3679
f 3760/3760 140/140 3655/3655
f 3765/3765 1174/1174 1180/1180
f 3667/3667 3703/3703 3701/3701
f 3762/3762 3614/3614 3734/3734
f 140/140 3760/3760 3755/3755
f 1125/1125 1161/1161 3655/3655
f 3712/3712 3713/3713 3747/3747
f 3771/3771 3731/3731 1469/1469
f 1174/1174 3757/3757 1161/1161
f 3687/3687 3686/3686 3659/3659
f 3717/3717 3693/3693 3694/3694
f 3756/3756 3614/3614 3770/3770
f 3722/3722 3721/3721 3762/3762
f 3649/3649 3770/3770 3721/3721
f 3613/3613 3734/3734 3614/3614
f 3676/3676 3744/3744 284/284
f 3662/3662 3651/3651 3652/3652
f 3683/3683 3680/3680 3679/3679
f 3614/3614 3762/3762 3770/3770
f 3724/3724 3714/3714 3691/3691
f 3770/3770 3762/3762 3721/3721
f 3721/3721 3772/3772 3649/3649
f 3680/3680 3683/3683 3685/3685
f 131/131 143/143 3682/3682
f 1161/1161 3757/3757 3760/3760
f 3654/3654 3704/3704 3773/3773
f 3771/3771 1469/1469 1467/1467
f 3774/3774 3723/3723 3745/3745
f 3724/3724 3691/3691 3775/3775
f 3673/3673 3664/3664 3776/3776
f 3694/3694 3701/3701 3702/3702
f 3772/3772 3777/3777 3705/3705
f 3654/3654 3773/3773 3619/3619
f 3646/3646 3679/3679 3644/3644
f 3668/3668 3727/3727 3678/3678
f 3727/3727 3666/3666 3665/3665
f 3700/3700 3668/3668 3701/3701
f 3769/3769 3704/3704 3705/3705
f 3745/3745 3754/3754 3774/3774
f 143/143 3717/3717 3682/3682
f 3688/3688 3759/3759 3686/3686
f 3659/3659 3688/3688 3687/3687
f 3778/3778 3603/3603 3779/3779
f 3728/3728 3727/3727 3668/3668
f 3700/3700 3728/3728 3668/3668
f 3621/3621 1467/1467 1498/1498
f 3679/3679 3681/3681 3712/3712
f 3702/3702 3717/3717 3694/3694
f 3725/3725 3780/3780 3753/3753
f 3724/3724 3780/3780 3725/3725
f 3664/3664 3681/3681 3680/3680
f 3717/3717 143/143 3693/3693
f 3758/3758 3666/3666 3728/3728
f 3666/3666 3740/3740 3664/3664
f 3665/3665 3645/3645 3678/3678
f 3689/3689 3775/3775 3691/3691
f 3764/3764 3724/3724 3775/3775
f 3759/3759 3728/3728 3700/3700
f 3673/3673 3681/3681 3664/3664
f 3686/3686 3694/3694 3660/3660
f 3759/3759 3700/3700 3686/3686
f 3758/3758 3728/3728 3759/3759
f 3781/3781 3782/3782 3704/3704
f 3664/3664 3740/3740 3776/3776
f 3781/3781 3704/3704 3769/3769
f 3777/3777 3774/3774 3767/3767
f 3754/3754 3753/3753 3768/3768
f 3681/3681 3673/3673 3651/3651
f 3660/3660 3659/3659 3686/3686
f 3740/3740 3758/3758 3736/3736
f 3740/3740 3666/3666 3758/3758
f 3739/3739 3776/3776 3740/3740
f 1083/1083 3736/3736 3758/3758
f 3764/3764 3780/3780 3724/3724
f 3690/3690 3662/3662 3691/3691
f 3775/3775 3689/3689 3616/3616
f 3618/3618 3764/3764 3775/3775
f 3781/3781 3769/3769 3768/3768
f 3754/3754 3768/3768 3766/3766
f 3767/3767 3774/3774 3766/3766
f 3781/3781 3780/3780 3783/3783
f 3764/3764 3783/3783 3780/3780
f 3616/3616 3618/3618 3775/3775
f 3781/3781 3783/3783 3763/3763
f 3663/3663 3651/3651 3673/3673
f 1930/1930 2350/2350 3743/3743
f 3784/3784 3785/3785 3763/3763
f 3620/3620 3785/3785 3784/3784
f 3763/3763 3783/3783 3764/3764
f 3684/3684 3609/3609 3732/3732
f 3659/3659 3765/3765 3688/3688
f 3733/3733 3762/3762 3734/3734
f 1496/1496 3616/3616 3786/3786
f 3602/3602 307/307 3601/3601
f 3689/3689 1437/1437 3786/3786
f 3601/3601 313/313 3624/3624
f 3612/3612 3787/3787 3639/3639
f 3631/3631 3787/3787 3612/3612
f 3730/3730 1885/1885 1930/1930
f 3618/3618 3784/3784 3763/3763
f 3619/3619 3621/3621 1498/1498
f 3673/3673 3776/3776 3672/3672
f 1932/1932 1909/1909 3729/3729
f 3746/3746 3733/3733 3788/3788
f 3620/3620 3789/3789 3621/3621
f 3790/3790 3634/3634 3636/3636
f 3758/3758 3688/3688 1093/1093
f 3776/3776 3739/3739 3672/3672
f 3744/3744 3676/3676 3735/3735
f 3639/3639 3610/3610 3612/3612
f 3676/3676 284/284 309/309
f 3675/3675 3779/3779 3735/3735
f 3637/3637 3625/3625 3624/3624
f 3620/3620 3784/3784 3789/3789
f 3661/3661 3691/3691 3662/3662
f 3618/3618 3617/3617 3784/3784
f 1496/1496 3786/3786 1437/1437
f 3727/3727 3665/3665 3678/3678
f 3791/3791 3792/3792 3793/3793
f 1083/1083 3758/3758 1093/1093
f 3789/3789 3771/3771 3621/3621
f 3779/3779 3603/3603 3625/3625
f 3628/3628 1498/1498 1434/1434
f 1496/1496 1469/1469 3731/3731
f 1093/1093 3688/3688 3794/3794
f 3681/3681 3690/3690 3712/3712
f 3795/3795 3603/3603 3607/3607
f 3690/3690 3692/3692 3712/3712
f 3672/3672 3739/3739 3663/3663
f 450/450 3736/3736 444/444
f 3688/3688 3765/3765 3794/3794
f 3677/3677 3669/3669 3696/3696
f 1093/1093 3794/3794 1091/1091
f 3739/3739 502/502 3663/3663
f 1486/1486 1437/1437 3652/3652
f 3739/3739 3736/3736 450/450
f 1437/1437 3689/3689 3652/3652
f 1467/1467 3621/3621 3771/3771
f 3735/3735 3637/3637 3744/3744
f 3628/3628 1434/1434 1455/1455
f 3771/3771 3789/3789 3731/3731
f 3789/3789 3796/3796 3731/3731
f 3697/3697 3710/3710 3709/3709
f 3623/3623 3625/3625 3605/3605
f 3751/3751 3713/3713 3692/3692
f 3766/3766 3774/3774 3754/3754
f 3743/3743 2350/2350 3791/3791
f 3782/3782 3773/3773 3704/3704
f 3750/3750 3788/3788 3615/3615
f 3605/3605 3792/3792 3623/3623
f 3726/3726 3634/3634 3737/3737
f 1781/1781 1926/1926 3684/3684
f 3795/3795 3598/3598 3699/3699
f 3617/3617 3796/3796 3784/3784
f 2350/2350 3623/3623 3792/3792
f 3730/3730 3797/3797 3798/3798
f 3684/3684 1924/1924 1781/1781
f 3608/3608 3715/3715 3606/3606
f 3793/3793 3709/3709 3791/3791
f 3606/3606 3715/3715 3599/3599
f 3616/3616 3689/3689 3786/3786
f 3791/3791 3799/3799 3743/3743
f 3773/3773 3782/3782 3785/3785
f 3624/3624 3623/3623 3601/3601
f 3640/3640 3715/3715 3716/3716
f 300/300 3602/3602 2350/2350
f 3742/3742 3741/3741 3797/3797
f 3699/3699 3630/3630 3790/3790
f 3644/3644 3747/3747 3610/3610
f 3722/3722 3745/3745 3723/3723
f 3781/3781 3768/3768 3753/3753
f 3787/3787 3631/3631 3630/3630
f 3705/3705 3777/3777 3767/3767
f 307/307 313/313 3601/3601
f 3787/3787 3599/3599 3639/3639
f 3792/3792 3604/3604 3793/3793
f 3603/3603 3778/3778 3607/3607
f 3699/3699 3698/3698 3795/3795
f 3733/3733 3615/3615 3788/3788
f 3707/3707 3738/3738 3634/3634
f 3744/3744 3638/3638 284/284
f 3611/3611 3733/3733 3612/3612
f 3608/3608 3675/3675 3716/3716
f 3738/3738 3648/3648 3737/3737
f 3607/3607 3675/3675 3608/3608
f 3779/3779 3675/3675 3778/3778
f 3793/3793 3604/3604 3698/3698
f 3676/3676 3675/3675 3735/3735
f 3654/3654 3711/3711 3704/3704
f 3799/3799 3791/3791 3709/3709
f 1823/1823 1924/1924 3633/3633
f 3799/3799 3741/3741 3743/3743
f 3780/3780 3781/3781 3753/3753
f 3620/3620 3619/3619 3785/3785
f 3742/3742 3797/3797 3730/3730
f 3648/3648 3732/3732 3609/3609
f 3735/3735 3779/3779 3625/3625
f 3604/3604 3795/3795 3698/3698
f 3796/3796 3789/3789 3784/3784
f 3719/3719 3636/3636 3635/3635
f 3675/3675 3607/3607 3778/3778
f 3698/3698 3697/3697 3793/3793
f 3730/3730 3798/3798 3718/3718
f 3650/3650 3649/3649 3772/3772
f 3709/3709 3797/3797 3799/3799
f 3797/3797 3741/3741 3799/3799
f 3720/3720 3726/3726 1935/1935
f 1823/1823 3633/3633 1825/1825
f 3607/3607 3598/3598 3795/3795
f 3772/3772 3723/3723 3777/3777
f 3797/3797 3709/3709 3708/3708
f 311/311 3638/3638 313/313
f 3790/3790 3630/3630 3707/3707
f 3636/3636 3719/3719 3718/3718
f 3790/3790 3636/3636 3798/3798
f 3798/3798 3797/3797 3708/3708
f 3705/3705 3766/3766 3768/3768
f 3705/3705 3650/3650 3772/3772
f 3716/3716 3675/3675 3647/3647
f 3790/3790 3710/3710 3699/3699
f 1496/1496 3731/3731 3616/3616
f 3708/3708 3790/3790 3798/3798
f 3792/3792 3605/3605 3604/3604
f 3716/3716 3647/3647 3640/3640
f 3785/3785 3782/3782 3763/3763
f 3765/3765 1180/1180 3794/3794
f 3710/3710 3790/3790 3708/3708
f 1180/1180 1091/1091 3794/3794
f 3746/3746 3788/3788 3750/3750
f 3792/3792 3791/3791 2350/2350
f 3753/3753 3745/3745 3725/3725
f 3615/3615 3614/3614 3756/3756
f 3752/3752 3611/3611 3748/3748
f 3719/3719 3726/3726 3720/3720
f 3603/3603 3795/3795 3604/3604
f 3751/3751 3745/3745 3722/3722
f 1841/1841 1422/1422 1415/1415
f 3777/3777 3723/3723 3774/3774
f 3787/3787 3630/3630 3600/3600
f 3623/3623 2350/2350 3601/3601
f 3630/3630 3699/3699 3600/3600
f 3782/3782 3781/3781 3763/3763
f 3599/3599 3787/3787 3600/3600
f 3599/3599 3715/3715 3640/3640
f 3697/3697 3709/3709 3793/3793
f 3731/3731 3796/3796 3617/3617
f 3749/3749 3642/3642 3756/3756
f 3646/3646 3640/3640 3647/3647
f 3798/3798 3636/3636 3718/3718
f 3718/3718 3729/3729 3730/3730
f 3706/3706 3738/3738 3707/3707
f 3639/3639 3599/3599 3640/3640
f 3643/3643 3642/3642 3706/3706
f 3706/3706 3642/3642 3749/3749
f 3646/3646 3644/3644 3640/3640
f 3772/3772 3721/3721 3723/3723
f 3773/3773 3785/3785 3619/3619
f 3730/3730 1930/1930 3742/3742
f 3699/3699 3598/3598 3600/3600
f 3707/3707 3634/3634 3790/3790
f 3720/3720 3729/3729 3718/3718
f 3730/3730 3729/3729 1909/1909
f 3800/3800 3801/3801 3802/3802
f 3804/3804 3805/3805 3806/3806
f 3807/3807 3171/3171 3808/3808
f 3807/3807 3809/3809 3171/3171
f 3810/3810 3811/3811 3812/3812
f 3813/3813 3166/3166 3814/3814
f 3230/3230 3166/3166 3813/3813
f 3815/3815 3816/3816 3817/3817
f 3818/3818 3819/3819 3820/3820
f 3821/3821 3822/3822 3823/3823
f 3110/3110 3230/3230 3824/3824
f 3816/3816 3825/3825 3826/3826
f 3827/3827 3828/3828 3829/3829
f 3830/3830 3831/3831 3026/3026
f 3832/3832 3833/3833 3834/3834
f 3835/3835 3836/3836 3801/3801
f 3806/3806 3837/3837 3804/3804
f 3838/3838 3839/3839 3840/3840
f 3837/3837 3806/3806 3841/3841
f 3842/3842 3843/3843 3844/3844
f 3808/3808 3228/3228 3845/3845
f 3817/3817 3832/3832 3846/3846
f 3847/3847 3848/3848 3825/3825
f 3849/3849 3850/3850 1931/1931
f 3228/3228 3808/3808 3171/3171
f 3814/3814 3166/3166 3173/3173
f 3845/3845 3806/3806 3808/3808
f 3851/3851 2408/2408 3852/3852
f 3853/3853 3854/3854 3855/3855
f 3814/3814 3173/3173 3809/3809
f 3856/3856 3858/3858 3855/3855
f 3828/3828 3112/3112 3110/3110
f 3859/3859 3860/3860 3843/3843
f 3861/3861 3862/3862 3823/3823
f 3863/3863 3800/3800 3864/3864
f 3813/3813 3814/3814 3809/3809
f 3830/3830 3026/3026 3827/3827
f 3837/3837 3841/3841 3865/3865
f 3827/3827 3829/3829 3830/3830
f 3841/3841 3845/3845 3216/3216
f 3216/3216 3845/3845 3228/3228
f 3171/3171 3809/3809 3173/3173
f 3851/3851 2396/2396 2403/2403
f 3866/3866 3867/3867 3868/3868
f 3866/3866 3869/3869 3870/3870
f 3112/3112 3828/3828 3164/3164
f 3026/3026 3164/3164 3827/3827
f 3870/3870 3869/3869 3856/3856
f 3829/3829 3828/3828 3871/3871
f 3836/3836 3872/3872 3873/3873
f 3874/3874 3876/3876 3836/3836
f 3837/3837 3878/3878 3873/3873
f 3841/3841 3223/3223 3865/3865
f 3230/3230 3880/3880 3824/3824
f 3822/3822 3881/3881 3882/3882
f 3819/3819 3883/3883 3884/3884
f 3841/3841 3216/3216 3223/3223
f 3885/3885 3842/3842 3886/3886
f 3818/3818 3820/3820 3867/3867
f 3887/3887 3832/3832 3817/3817
f 3870/3870 3856/3856 3888/3888
f 3822/3822 3882/3882 3889/3889
f 3873/3873 3804/3804 3837/3837
f 2396/2396 3851/3851 3890/3890
f 3891/3891 3892/3892 3893/3893
f 2403/2403 2408/2408 3851/3851
f 3894/3894 3825/3825 3895/3895
f 3896/3896 3820/3820 3898/3898
f 3859/3859 3842/3842 3899/3899
f 3883/3883 3900/3900 3901/3901
f 3886/3886 3842/3842 3844/3844
f 3869/3869 3902/3902 3904/3904
f 3905/3905 3867/3867 3866/3866
f 3225/3225 3865/3865 3082/3082
f 3905/3905 3818/3818 3867/3867
f 3223/3223 3082/3082 3865/3865
f 3888/3888 3856/3856 3906/3906
f 3811/3811 3907/3907 3908/3908
f 3909/3909 3870/3870 3888/3888
f 3910/3910 3911/3911 3826/3826
f 3912/3912 3868/3868 3820/3820
f 3815/3815 3810/3810 3847/3847
f 3886/3886 3883/3883 3819/3819
f 3899/3899 3833/3833 3859/3859
f 3887/3887 3911/3911 3914/3914
f 3828/3828 3827/3827 3164/3164
f 3906/3906 3890/3890 3908/3908
f 3801/3801 3836/3836 3876/3876
f 3813/3813 3809/3809 3807/3807
f 3915/3915 3864/3864 3916/3916
f 3806/3806 3845/3845 3841/3841
f 3864/3864 3800/3800 3917/3917
f 3918/3918 3919/3919 3920/3920
f 3922/3922 3821/3821 3823/3823
f 3907/3907 3888/3888 3906/3906
f 3851/3851 3852/3852 3923/3923
f 2398/2398 3854/3854 3853/3853
f 1837/1837 3919/3919 1802/1802
f 3918/3918 3920/3920 3924/3924
f 2329/2329 3926/3926 3927/3927
f 3919/3919 1837/1837 3920/3920
f 3928/3928 3843/3843 3860/3860
f 3929/3929 3930/3930 3932/3932
f 3893/3893 3922/3922 3910/3910
f 3934/3934 3936/3936 3929/3929
f 3896/3896 3936/3936 3934/3934
f 3898/3898 3929/3929 3936/3936
f 3908/3908 3907/3907 3906/3906
f 3929/3929 3932/3932 3934/3934
f 3834/3834 3888/3888 3846/3846
f 3936/3936 3896/3896 3898/3898
f 3898/3898 3884/3884 3929/3929
f 3937/3937 3938/3938 3939/3939
f 3940/3940 3937/3937 3939/3939
f 3865/3865 3225/3225 3878/3878
f 3941/3941 3937/3937 1845/1845
f 3908/3908 3923/3923 3812/3812
f 3942/3942 3919/3919 3918/3918
f 3943/3943 3944/3944 3945/3945
f 3873/3873 3946/3946 3874/3874
f 3948/3948 3949/3949 3942/3942
f 3950/3950 3923/3923 3852/3852
f 3951/3951 3952/3952 3953/3953
f 3948/3948 3939/3939 3938/3938
f 3952/3952 3939/3939 3948/3948
f 1802/1802 3954/3954 3941/3941
f 3823/3823 3862/3862 3922/3922
f 3919/3919 3942/3942 3954/3954
f 3955/3955 3956/3956 3957/3957
f 3958/3958 3843/3843 3928/3928
f 3957/3957 3959/3959 3960/3960
f 3942/3942 3949/3949 3941/3941
f 3938/3938 3937/3937 3941/3941
f 3961/3961 3962/3962 3963/3963
f 3024/3024 3849/3849 1898/1898
f 3852/3852 3927/3927 3964/3964
f 3858/3858 3856/3856 3869/3869
f 3952/3952 3948/3948 3953/3953
f 3941/3941 3954/3954 3942/3942
f 2371/2371 3965/3965 2329/2329
f 3941/3941 3966/3966 3938/3938
f 3967/3967 3968/3968 3969/3969
f 3938/3938 3949/3949 3948/3948
f 3919/3919 3954/3954 1802/1802
f 3941/3941 3949/3949 3966/3966
f 2329/2329 3965/3965 3926/3926
f 3970/3970 3945/3945 3944/3944
f 3940/3940 3939/3939 3972/3972
f 3883/3883 3844/3844 3900/3900
f 3959/3959 3973/3973 3960/3960
f 3966/3966 3949/3949 3938/3938
f 3940/3940 3972/3972 3968/3968
f 3926/3926 3840/3840 3964/3964
f 3964/3964 3950/3950 3852/3852
f 3937/3937 3940/3940 1847/1847
f 1870/1870 3968/3968 1881/1881
f 3940/3940 3968/3968 1870/1870
f 3822/3822 3963/3963 3823/3823
f 3937/3937 1847/1847 1845/1845
f 1847/1847 3940/3940 1870/1870
f 3945/3945 3975/3975 3956/3956
f 3973/3973 3968/3968 3967/3967
f 3969/3969 3968/3968 3972/3972
f 3894/3894 3895/3895 3976/3976
f 3965/3965 2371/2371 2379/2379
f 3840/3840 3926/3926 3965/3965
f 3942/3942 3918/3918 3953/3953
f 3899/3899 3834/3834 3833/3833
f 3958/3958 3977/3977 3900/3900
f 1881/1881 3968/3968 3973/3973
f 3942/3942 3953/3953 3948/3948
f 3230/3230 3813/3813 3880/3880
f 3951/3951 3953/3953 3918/3918
f 3907/3907 3846/3846 3888/3888
f 3967/3967 3978/3978 3973/3973
f 3972/3972 3939/3939 3952/3952
f 3979/3979 3944/3944 3943/3943
f 1896/1896 1881/1881 3973/3973
f 3853/3853 3980/3980 2398/2398
f 3840/3840 3950/3950 3964/3964
f 3909/3909 3905/3905 3866/3866
f 3978/3978 3960/3960 3973/3973
f 1896/1896 3973/3973 3959/3959
f 3960/3960 3978/3978 3957/3957
f 3820/3820 3819/3819 3898/3898
f 3816/3816 3815/3815 3825/3825
f 2379/2379 3840/3840 3965/3965
f 3887/3887 3833/3833 3832/3832
f 2352/2352 1931/1931 3982/3982
f 3983/3983 3977/3977 3958/3958
f 3843/3843 3842/3842 3859/3859
f 3811/3811 3815/3815 3817/3817
f 3927/3927 3852/3852 2408/2408
f 3815/3815 3811/3811 3810/3810
f 3911/3911 3861/3861 3914/3914
f 3963/3963 3962/3962 3984/3984
f 3840/3840 2379/2379 3838/3838
f 3861/3861 3984/3984 3860/3860
f 3893/3893 3985/3985 3891/3891
f 3986/3986 3977/3977 3983/3983
f 3881/3881 3987/3987 3872/3872
f 3849/3849 1931/1931 1898/1898
f 3923/3923 3908/3908 3890/3890
f 3860/3860 3859/3859 3861/3861
f 3988/3988 3989/3989 3990/3990
f 3914/3914 3861/3861 3833/3833
f 3991/3991 3983/3983 3928/3928
f 3847/3847 3810/3810 3992/3992
f 3950/3950 3839/3839 3992/3992
f 3983/3983 3991/3991 3986/3986
f 3881/3881 3872/3872 3835/3835
f 3886/3886 3844/3844 3883/3883
f 3993/3993 3988/3988 3990/3990
f 3962/3962 3860/3860 3984/3984
f 3836/3836 3873/3873 3874/3874
f 3885/3885 3886/3886 3818/3818
f 3922/3922 3911/3911 3910/3910
f 3962/3962 3928/3928 3860/3860
f 3891/3891 3880/3880 3892/3892
f 3878/3878 3946/3946 3873/3873
f 3847/3847 3825/3825 3815/3815
f 3821/3821 3922/3922 3893/3893
f 3848/3848 3847/3847 3992/3992
f 3961/3961 3991/3991 3962/3962
f 3992/3992 3839/3839 3994/3994
f 3838/3838 3982/3982 3850/3850
f 3995/3995 3839/3839 3838/3838
f 3826/3826 3825/3825 3985/3985
f 3911/3911 3887/3887 3826/3826
f 3997/3997 3868/3868 3912/3912
f 3998/3998 3986/3986 3991/3991
f 3866/3866 3902/3902 3869/3869
f 3993/3993 3990/3990 3999/3999
f 3862/3862 3861/3861 3911/3911
f 3993/3993 3999/3999 3916/3916
f 3994/3994 3848/3848 3992/3992
f 3871/3871 3828/3828 3110/3110
f 3824/3824 3871/3871 3110/3110
f 3838/3838 3850/3850 4000/4000
f 3838/3838 4000/4000 3995/3995
f 3985/3985 3910/3910 3826/3826
f 3894/3894 3824/3824 3880/3880
f 3990/3990 3998/3998 4001/4001
f 4002/4002 3944/3944 4004/4004
f 4005/4005 3930/3930 4007/4007
f 3993/3993 4008/4008 4009/4009
f 4010/4010 3951/3951 3918/3918
f 4012/4012 3951/3951 4013/4013
f 4007/4007 3930/3930 3929/3929
f 4007/4007 4014/4014 4015/4015
f 3944/3944 4016/4016 4004/4004
f 4017/4017 4014/4014 4018/4018
f 4019/4019 4020/4020 4018/4018
f 1896/1896 3959/3959 1907/1907
f 3955/3955 3957/3957 3978/3978
f 4021/4021 1907/1907 3959/3959
f 3959/3959 3957/3957 4021/4021
f 4022/4022 3956/3956 3955/3955
f 4019/4019 4018/4018 3884/3884
f 4022/4022 3943/3943 3956/3956
f 4001/4001 3999/3999 3990/3990
f 3918/3918 3924/3924 4010/4010
f 4023/4023 3951/3951 4012/4012
f 4023/4023 4019/4019 4024/4024
f 3945/3945 3956/3956 3943/3943
f 4025/4025 3894/3894 3880/3880
f 4022/4022 3979/3979 3943/3943
f 3884/3884 3901/3901 4019/4019
f 4016/4016 4026/4026 4004/4004
f 4027/4027 4024/4024 4028/4028
f 4029/4029 4028/4028 4030/4030
f 4031/4031 4027/4027 4029/4029
f 4028/4028 4029/4029 4027/4027
f 4019/4019 4032/4032 4024/4024
f 3975/3975 3945/3945 4034/4034
f 3862/3862 3911/3911 3922/3922
f 4035/4035 4034/4034 3945/3945
f 4035/4035 3945/3945 3970/3970
f 3972/3972 3952/3952 4031/4031
f 3833/3833 3887/3887 3914/3914
f 3870/3870 3909/3909 3866/3866
f 3823/3823 3984/3984 3861/3861
f 3972/3972 4031/4031 4029/4029
f 4037/4037 4002/4002 4004/4004
f 4017/4017 4018/4018 4020/4020
f 4028/4028 4032/4032 4039/4039
f 3901/3901 3977/3977 4032/4032
f 3891/3891 3985/3985 4025/4025
f 3977/3977 4039/4039 4032/4032
f 4027/4027 4031/4031 3952/3952
f 3977/3977 3989/3989 4039/4039
f 4040/4040 4039/4039 4041/4041
f 4042/4042 4043/4043 4044/4044
f 3969/3969 4042/4042 3967/3967
f 3900/3900 3977/3977 3901/3901
f 4041/4041 4039/4039 3989/3989
f 4040/4040 4041/4041 4045/4045
f 4000/4000 3849/3849 4046/4046
f 4044/4044 3967/3967 4042/4042
f 4017/4017 4020/4020 4023/4023
f 4045/4045 4044/4044 4040/4040
f 3915/3915 3916/3916 3999/3999
f 4044/4044 3978/3978 3967/3967
f 3989/3989 3988/3988 4047/4047
f 4017/4017 4023/4023 4012/4012
f 4048/4048 3978/3978 4044/4044
f 4009/4009 4047/4047 3988/3988
f 3955/3955 3978/3978 4049/4049
f 4009/4009 4048/4048 4045/4045
f 4037/4037 4004/4004 3917/3917
f 4009/4009 3988/3988 3993/3993
f 3833/3833 3861/3861 3859/3859
f 3955/3955 4049/4049 4050/4050
f 3848/3848 3895/3895 3825/3825
f 4050/4050 4022/4022 3955/3955
f 3895/3895 3848/3848 4051/4051
f 4049/4049 4048/4048 4016/4016
f 4013/4013 4010/4010 4012/4012
f 3989/3989 3986/3986 3990/3990
f 4015/4015 4014/4014 4017/4017
f 4012/4012 4010/4010 4015/4015
f 3817/3817 3816/3816 3887/3887
f 3810/3810 3950/3950 3992/3992
f 4050/4050 4049/4049 4016/4016
f 3830/3830 4052/4052 4053/4053
f 3993/3993 4026/4026 4008/4008
f 3961/3961 3963/3963 3889/3889
f 3979/3979 4050/4050 4016/4016
f 4015/4015 4054/4054 4005/4005
f 4026/4026 4016/4016 4008/4008
f 3993/3993 3916/3916 4026/4026
f 3866/3866 3868/3868 3902/3902
f 3899/3899 3842/3842 3905/3905
f 4051/4051 3848/3848 3994/3994
f 4008/4008 4048/4048 4009/4009
f 3979/3979 4016/4016 3944/3944
f 4049/4049 3978/3978 4048/4048
f 3995/3995 4046/4046 3994/3994
f 4029/4029 3969/3969 3972/3972
f 3916/3916 4004/4004 4026/4026
f 3995/3995 4000/4000 4046/4046
f 3910/3910 3985/3985 3893/3893
f 3929/3929 4014/4014 4007/4007
f 4002/4002 3970/3970 3944/3944
f 3958/3958 3900/3900 3844/3844
f 4042/4042 3969/3969 4029/4029
f 4037/4037 3917/3917 4057/4057
f 3923/3923 3890/3890 3851/3851
f 4048/4048 4008/4008 4016/4016
f 3961/3961 4001/4001 3998/3998
f 3916/3916 3917/3917 4004/4004
f 4001/4001 3915/3915 3999/3999
f 3963/3963 3984/3984 3823/3823
f 3825/3825 4025/4025 3985/3985
f 4051/4051 3976/3976 3895/3895
f 4027/4027 4023/4023 4024/4024
f 4013/4013 3951/3951 4010/4010
f 3915/3915 4001/4001 4058/4058
f 3980/3980 3853/3853 3855/3855
f 4054/4054 4015/4015 4010/4010
f 3904/3904 3858/3858 3869/3869
f 4059/4059 4060/4060 1915/1915
f 4007/4007 4015/4015 4005/4005
f 3957/3957 4062/4062 4021/4021
f 1920/1920 4063/4063 1915/1915
f 3915/3915 4058/4058 3864/3864
f 3884/3884 4018/4018 4014/4014
f 3811/3811 3817/3817 3907/3907
f 4029/4029 4043/4043 4042/4042
f 3917/3917 3916/3916 3864/3864
f 3856/3856 3855/3855 3906/3906
f 3812/3812 3811/3811 3908/3908
f 3812/3812 3923/3923 3950/3950
f 4051/4051 4046/4046 4064/4064
f 3880/3880 3891/3891 4025/4025
f 3956/3956 4059/4059 4062/4062
f 4059/4059 4065/4065 4060/4060
f 4025/4025 3825/3825 3894/3894
f 3865/3865 3878/3878 3837/3837
f 3832/3832 3834/3834 3846/3846
f 3956/3956 4062/4062 3957/3957
f 4051/4051 4064/4064 3976/3976
f 2352/2352 3982/3982 2379/2379
f 3863/3863 4067/4067 3835/3835
f 4062/4062 4059/4059 4063/4063
f 4046/4046 3849/3849 4068/4068
f 4052/4052 4046/4046 4068/4068
f 3997/3997 3902/3902 3868/3868
f 4058/4058 4001/4001 4069/4069
f 3805/3805 3893/3893 3892/3892
f 3884/3884 3883/3883 3901/3901
f 4027/4027 3952/3952 3951/3951
f 1915/1915 4063/4063 4059/4059
f 1920/1920 4062/4062 4063/4063
f 4032/4032 4019/4019 3901/3901
f 3892/3892 4070/4070 3807/3807
f 3951/3951 4023/4023 4027/4027
f 3880/3880 4070/4070 3892/3892
f 3871/3871 3894/3894 3976/3976
f 4064/4064 3871/3871 3976/3976
f 3975/3975 4065/4065 4059/4059
f 4062/4062 1920/1920 1907/1907
f 3896/3896 3912/3912 3820/3820
f 4043/4043 4040/4040 4044/4044
f 3956/3956 3975/3975 4059/4059
f 1907/1907 4021/4021 4062/4062
f 3818/3818 3886/3886 3819/3819
f 3858/3858 3904/3904 3902/3902
f 4047/4047 4041/4041 3989/3989
f 3864/3864 4058/4058 3863/3863
f 4030/4030 4028/4028 4039/4039
f 4064/4064 4046/4046 4052/4052
f 4041/4041 4047/4047 4045/4045
f 3839/3839 3950/3950 3840/3840
f 4068/4068 3849/3849 4053/4053
f 3983/3983 3958/3958 3928/3928
f 3846/3846 3907/3907 3817/3817
f 4068/4068 4053/4053 4052/4052
f 4046/4046 4051/4051 3994/3994
f 3829/3829 3871/3871 4064/4064
f 4043/4043 4029/4029 4030/4030
f 3905/3905 3842/3842 3885/3885
f 3821/3821 3805/3805 3987/3987
f 3961/3961 3998/3998 3991/3991
f 3821/3821 3893/3893 3805/3805
f 4067/4067 4058/4058 4069/4069
f 4001/4001 3882/3882 4069/4069
f 4044/4044 4045/4045 4048/4048
f 3964/3964 3927/3927 3926/3926
f 3821/3821 3987/3987 3822/3822
f 3929/3929 3884/3884 4014/4014
f 3872/3872 3804/3804 3873/3873
f 3963/3963 3822/3822 3889/3889
f 2329/2329 3927/3927 2408/2408
f 4024/4024 4032/4032 4028/4028
f 3962/3962 3991/3991 3928/3928
f 3909/3909 3834/3834 3905/3905
f 4015/4015 4017/4017 4012/4012
f 3917/3917 3800/3800 4057/4057
f 3888/3888 3834/3834 3909/3909
f 3980/3980 3855/3855 3858/3858
f 3807/3807 3805/3805 3892/3892
f 3826/3826 3887/3887 3816/3816
f 3820/3820 3868/3868 3867/3867
f 4050/4050 3979/3979 4022/4022
f 4070/4070 3813/3813 3807/3807
f 4070/4070 3880/3880 3813/3813
f 3889/3889 4001/4001 3961/3961
f 3995/3995 3994/3994 3839/3839
f 4000/4000 3850/3850 3849/3849
f 3894/3894 3871/3871 3824/3824
f 4030/4030 4039/4039 4040/4040
f 3810/3810 3812/3812 3950/3950
f 3885/3885 3818/3818 3905/3905
f 3889/3889 3882/3882 4001/4001
f 3906/3906 3855/3855 3854/3854
f 3863/3863 4058/4058 4067/4067
f 3829/3829 4064/4064 4052/4052
f 4053/4053 3849/3849 3831/3831
f 4043/4043 4030/4030 4040/4040
f 3986/3986 3998/3998 3990/3990
f 3989/3989 3977/3977 3986/3986
f 4069/4069 3835/3835 4067/4067
f 3806/3806 3805/3805 3807/3807
f 4009/4009 4045/4045 4047/4047
f 1931/1931 3850/3850 3982/3982
f 2396/2396 3890/3890 3854/3854
f 3872/3872 3987/3987 3804/3804
f 4019/4019 4023/4023 4020/4020
f 3899/3899 3905/3905 3834/3834
f 3026/3026 3831/3831 3024/3024
f 2396/2396 3854/3854 2398/2398
f 1803/1803 1802/1802 3941/3941
f 3881/3881 4069/4069 3882/3882
f 3881/3881 3822/3822 3987/3987
f 3801/3801 3800/3800 3863/3863
f 3800/3800 3802/3802 4057/4057
f 3906/3906 3854/3854 3890/3890
f 3831/3831 3849/3849 3024/3024
f 3808/3808 3806/3806 3807/3807
f 4053/4053 3831/3831 3830/3830
f 3838/3838 2379/2379 3982/3982
f 3980/3980 2400/2400 2398/2398
f 3829/3829 4052/4052 3830/3830
f 3804/3804 3987/3987 3805/3805
f 3941/3941 1845/1845 1803/1803
f 3872/3872 3836/3836 3835/3835
f 4069/4069 3881/3881 3835/3835
f 3843/3843 3958/3958 3844/3844
f 3802/3802 3801/3801 3876/3876
f 3863/3863 3835/3835 3801/3801
f 3819/3819 3884/3884 3898/3898
f 4071/4071 1818/1818 1512/1512
f 4072/4072 4073/4073 4074/4074
f 4075/4075 1512/1512 1425/1425
f 4076/4076 4072/4072 4074/4074
f 4077/4077 4072/4072 4078/4078
f 1425/1425 1427/1427 4076/4076
f 4078/4078 4072/4072 1494/1494
f 4072/4072 4077/4077 4073/4073
f 4079/4079 4080/4080 4081/4081
f 4082/4082 2373/2373 4083/4083
f 4081/4081 4084/4084 4079/4079
f 4085/4085 4086/4086 4087/4087
f 4088/4088 4087/4087 4089/4089
f 4090/4090 4085/4085 4091/4091
f 4092/4092 3913/3913 3897/3897
f 4093/4093 4086/4086 4094/4094
f 1425/1425 4076/4076 4075/4075
f 4094/4094 4095/4095 4093/4093
f 4096/4096 4098/4098 4100/4100
f 4101/4101 3981/3981 3857/3857
f 4080/4080 4092/4092 4102/4102
f 4103/4103 4100/4100 4098/4098
f 4104/4104 4101/4101 3903/3903
f 4105/4105 4106/4106 4107/4107
f 4108/4108 4109/4109 4110/4110
f 4100/4100 4103/4103 4093/4093
f 4092/4092 4079/4079 3996/3996
f 4091/4091 4087/4087 4088/4088
f 1427/1427 4072/4072 4076/4076
f 4089/4089 4082/4082 4111/4111
f 4112/4112 4106/4106 4105/4105
f 4075/4075 4071/4071 1512/1512
f 2373/2373 2513/2513 4113/4113
f 4090/4090 4114/4114 4085/4085
f 4115/4115 4116/4116 4117/4117
f 4084/4084 3903/3903 3996/3996
f 1494/1494 4072/4072 1427/1427
f 1494/1494 1508/1508 4078/4078
f 3903/3903 4084/4084 4104/4104
f 2390/2390 2432/2432 4082/4082
f 4118/4118 4082/4082 4103/4103
f 4106/4106 4104/4104 4120/4120
f 4121/4121 4122/4122 4123/4123
f 4112/4112 4124/4124 4106/4106
f 4089/4089 4111/4111 4088/4088
f 4122/4122 4093/4093 4095/4095
f 4083/4083 4113/4113 4117/4117
f 4125/4125 4126/4126 4127/4127
f 4125/4125 4116/4116 4115/4115
f 4085/4085 4087/4087 4091/4091
f 4109/4109 4108/4108 4091/4091
f 4128/4128 4108/4108 4110/4110
f 4103/4103 4087/4087 4086/4086
f 4128/4128 4094/4094 4114/4114
f 4092/4092 3996/3996 3913/3913
f 4129/4129 4120/4120 4130/4130
f 4101/4101 3857/3857 3903/3903
f 1390/1390 4131/4131 1392/1392
f 4132/4132 4133/4133 4134/4134
f 4134/4134 4131/4131 1390/1390
f 4133/4133 4131/4131 4134/4134
f 4135/4135 3981/3981 4101/4101
f 4084/4084 3996/3996 4079/4079
f 4135/4135 4101/4101 4136/4136
f 2384/2384 3981/3981 4135/4135
f 3981/3981 2384/2384 2401/2401
f 4102/4102 4092/4092 3897/3897
f 4120/4120 4104/4104 4084/4084
f 4104/4104 4136/4136 4101/4101
f 4135/4135 4136/4136 4125/4125
f 4125/4125 2384/2384 4135/4135
f 4079/4079 4092/4092 4080/4080
f 4081/4081 4120/4120 4084/4084
f 4136/4136 4104/4104 4106/4106
f 4124/4124 4125/4125 4136/4136
f 4115/4115 2384/2384 4125/4125
f 4120/4120 4081/4081 4130/4130
f 4080/4080 4130/4130 4081/4081
f 4106/4106 4120/4120 4129/4129
f 4136/4136 4106/4106 4124/4124
f 4126/4126 4125/4125 4124/4124
f 2423/2423 2384/2384 4115/4115
f 4107/4107 4106/4106 4129/4129
f 4126/4126 4124/4124 4112/4112
f 4113/4113 2423/2423 4115/4115
f 4125/4125 4127/4127 4116/4116
f 2356/2356 2423/2423 4113/4113
f 4130/4130 4137/4137 4129/4129
f 4115/4115 4117/4117 4113/4113
f 4074/4074 4138/4138 4139/4139
f 4140/4140 4074/4074 4139/4139
f 4140/4140 4139/4139 4141/4141
f 4142/4142 4143/4143 4141/4141
f 4144/4144 4141/4141 4139/4139
f 4145/4145 4146/4146 4147/4147
f 4142/4142 4144/4144 4148/4148
f 4145/4145 4149/4149 4146/4146
f 4150/4150 4149/4149 4145/4145
f 4150/4150 4145/4145 4142/4142
f 4148/4148 4055/4055 4142/4142
f 4149/4149 3925/3925 4146/4146
f 4150/4150 4011/4011 4149/4149
f 4151/4151 4006/4006 4148/4148
f 3925/3925 4149/4149 4011/4011
f 4006/4006 4151/4151 3931/3931
f 4144/4144 4142/4142 4141/4141
f 4055/4055 4150/4150 4142/4142
f 4148/4148 4006/4006 4055/4055
f 4147/4147 4142/4142 4145/4145
f 4152/4152 4153/4153 4154/4154
f 4153/4153 4152/4152 4095/4095
f 4128/4128 4154/4154 4153/4153
f 4094/4094 4128/4128 4153/4153
f 4153/4153 4095/4095 4094/4094
f 4155/4155 4156/4156 4157/4157
f 4158/4158 4157/4157 4159/4159
f 4156/4156 4159/4159 4157/4157
f 4128/4128 4110/4110 4160/4160
f 4156/4156 4154/4154 4160/4160
f 4156/4156 4160/4160 4159/4159
f 4128/4128 4160/4160 4154/4154
f 4110/4110 4159/4159 4160/4160
f 4154/4154 4156/4156 4155/4155
f 4141/4141 4143/4143 4140/4140
f 4142/4142 4147/4147 4143/4143
f 4161/4161 4109/4109 4162/4162
f 4163/4163 4164/4164 4091/4091
f 4164/4164 4165/4165 4162/4162
f 4091/4091 4088/4088 4163/4163
f 4164/4164 4162/4162 4109/4109
f 4161/4161 4162/4162 4166/4166
f 4165/4165 4164/4164 4163/4163
f 4165/4165 4163/4163 4105/4105
f 4165/4165 4105/4105 4166/4166
f 4167/4167 4126/4126 4112/4112
f 4166/4166 4162/4162 4165/4165
f 4112/4112 4105/4105 4163/4163
f 4164/4164 4109/4109 4091/4091
f 4088/4088 4112/4112 4163/4163
f 4126/4126 4167/4167 4088/4088
f 4112/4112 4088/4088 4167/4167
f 4168/4168 4169/4169 4083/4083
f 4111/4111 4082/4082 4169/4169
f 4170/4170 4126/4126 4111/4111
f 4169/4169 4127/4127 4170/4170
f 4168/4168 4127/4127 4169/4169
f 4170/4170 4111/4111 4169/4169
f 4111/4111 4126/4126 4088/4088
f 4170/4170 4127/4127 4126/4126
f 4082/4082 4083/4083 4169/4169
f 4077/4077 4171/4171 4172/4172
f 1508/1508 1519/1519 4173/4173
f 4011/4011 4150/4150 4055/4055
f 1508/1508 4173/4173 4078/4078
f 4173/4173 1519/1519 4174/4174
f 4175/4175 4174/4174 1519/1519
f 4171/4171 4078/4078 4173/4173
f 4173/4173 4174/4174 4171/4171
f 4175/4175 4176/4176 4171/4171
f 4171/4171 4176/4176 4177/4177
f 4077/4077 4078/4078 4171/4171
f 4174/4174 4175/4175 4171/4171
f 4177/4177 4172/4172 4171/4171
f 4116/4116 4168/4168 4117/4117
f 4116/4116 4127/4127 4168/4168
f 2513/2513 2356/2356 4113/4113
f 4117/4117 4168/4168 4083/4083
f 4083/4083 2373/2373 4113/4113
f 4082/4082 2432/2432 2373/2373
f 4082/4082 4118/4118 2390/2390
f 4178/4178 4179/4179 4180/4180
f 4181/4181 4182/4182 4183/4183
f 4184/4184 4181/4181 4183/4183
f 4185/4185 4186/4186 4184/4184
f 4186/4186 4185/4185 4187/4187
f 4188/4188 4189/4189 4190/4190
f 4192/4192 4193/4193 4194/4194
f 4195/4195 4133/4133 4132/4132
f 4196/4196 4198/4198 4189/4189
f 4196/4196 4189/4189 4188/4188
f 4187/4187 4198/4198 4196/4196
f 4196/4196 4188/4188 4199/4199
f 4187/4187 4200/4200 4186/4186
f 4200/4200 4196/4196 4201/4201
f 4202/4202 4203/4203 4188/4188
f 4199/4199 4201/4201 4196/4196
f 4201/4201 4186/4186 4200/4200
f 4204/4204 4184/4184 4186/4186
f 4203/4203 4199/4199 4188/4188
f 4205/4205 4194/4194 4206/4206
f 1392/1392 4131/4131 4207/4207
f 4208/4208 4184/4184 4209/4209
f 4194/4194 4193/4193 4206/4206
f 4205/4205 4192/4192 4194/4194
f 4210/4210 4211/4211 4212/4212
f 4213/4213 4214/4214 4209/4209
f 4215/4215 4216/4216 4217/4217
f 4218/4218 4219/4219 4220/4220
f 4180/4180 4206/4206 4193/4193
f 4221/4221 4222/4222 4223/4223
f 4224/4224 4158/4158 4225/4225
f 4192/4192 4205/4205 4181/4181
f 4226/4226 4227/4227 4228/4228
f 4178/4178 4180/4180 4229/4229
f 4230/4230 4231/4231 4232/4232
f 4193/4193 4229/4229 4180/4180
f 4233/4233 4228/4228 4227/4227
f 4181/4181 4233/4233 4192/4192
f 4234/4234 4235/4235 4236/4236
f 4237/4237 4193/4193 4192/4192
f 4210/4210 4238/4238 4239/4239
f 4210/4210 4155/4155 4238/4238
f 4214/4214 4239/4239 4236/4236
f 4229/4229 4193/4193 4240/4240
f 4232/4232 4241/4241 4207/4207
f 4227/4227 4242/4242 4233/4233
f 4226/4226 4214/4214 4227/4227
f 4237/4237 4192/4192 4233/4233
f 4211/4211 4239/4239 4213/4213
f 4236/4236 4239/4239 4238/4238
f 4243/4243 4238/4238 4155/4155
f 4243/4243 4155/4155 4157/4157
f 4178/4178 4229/4229 4220/4220
f 1475/1475 1450/1450 4244/4244
f 4236/4236 4227/4227 4214/4214
f 4229/4229 4240/4240 4220/4220
f 4227/4227 4235/4235 4245/4245
f 4202/4202 4246/4246 4203/4203
f 4242/4242 4227/4227 4245/4245
f 4240/4240 4237/4237 4247/4247
f 4158/4158 4224/4224 4248/4248
f 4240/4240 4193/4193 4237/4237
f 4243/4243 4236/4236 4238/4238
f 4249/4249 4199/4199 4203/4203
f 4249/4249 4213/4213 4204/4204
f 4178/4178 4220/4220 4219/4219
f 4211/4211 4246/4246 4212/4212
f 4158/4158 4243/4243 4157/4157
f 4240/4240 4247/4247 4250/4250
f 4224/4224 4225/4225 4251/4251
f 4234/4234 4245/4245 4235/4235
f 4220/4220 4195/4195 4218/4218
f 4252/4252 4247/4247 4237/4237
f 4226/4226 4209/4209 4214/4214
f 4236/4236 4243/4243 4253/4253
f 4253/4253 4243/4243 4248/4248
f 4235/4235 4227/4227 4236/4236
f 4254/4254 4224/4224 4251/4251
f 4254/4254 4251/4251 4255/4255
f 4201/4201 4204/4204 4186/4186
f 4223/4223 4222/4222 4253/4253
f 4256/4256 4220/4220 4250/4250
f 4234/4234 4252/4252 4245/4245
f 4187/4187 4196/4196 4200/4200
f 4208/4208 4209/4209 4226/4226
f 4257/4257 4247/4247 4252/4252
f 4255/4255 1451/1451 1478/1478
f 4236/4236 4253/4253 4222/4222
f 4254/4254 4255/4255 1478/1478
f 4245/4245 4252/4252 4242/4242
f 4131/4131 4133/4133 4207/4207
f 4246/4246 4249/4249 4203/4203
f 4220/4220 4258/4258 4133/4133
f 4256/4256 4258/4258 4220/4220
f 4250/4250 4257/4257 4256/4256
f 4234/4234 4216/4216 4252/4252
f 1478/1478 1506/1506 4259/4259
f 4254/4254 4260/4260 4224/4224
f 4232/4232 4207/4207 4230/4230
f 4234/4234 4236/4236 4222/4222
f 4254/4254 1478/1478 4260/4260
f 4234/4234 4222/4222 4221/4221
f 4226/4226 4181/4181 4208/4208
f 4211/4211 4213/4213 4249/4249
f 4207/4207 4133/4133 4230/4230
f 4261/4261 4216/4216 4234/4234
f 4216/4216 4215/4215 4257/4257
f 4261/4261 4234/4234 4221/4221
f 4181/4181 4205/4205 4182/4182
f 4219/4219 4179/4179 4178/4178
f 4223/4223 4224/4224 4260/4260
f 4195/4195 4220/4220 4133/4133
f 4262/4262 4221/4221 4223/4223
f 4260/4260 4262/4262 4223/4223
f 4259/4259 1506/1506 4260/4260
f 4221/4221 4263/4263 4261/4261
f 4217/4217 4244/4244 4215/4215
f 4233/4233 4252/4252 4237/4237
f 4221/4221 4262/4262 4263/4263
f 4257/4257 4252/4252 4216/4216
f 4244/4244 4264/4264 1475/1475
f 4181/4181 4226/4226 4228/4228
f 1504/1504 1516/1516 4265/4265
f 4209/4209 4184/4184 4213/4213
f 4208/4208 4181/4181 4184/4184
f 4214/4214 4213/4213 4239/4239
f 4232/4232 4231/4231 4244/4244
f 4248/4248 4224/4224 4223/4223
f 4262/4262 1506/1506 1504/1504
f 4213/4213 4184/4184 4204/4204
f 4264/4264 4263/4263 4265/4265
f 1506/1506 4262/4262 4260/4260
f 4248/4248 4243/4243 4158/4158
f 1388/1388 1392/1392 4207/4207
f 4239/4239 4211/4211 4210/4210
f 4250/4250 4220/4220 4240/4240
f 4215/4215 4244/4244 4231/4231
f 4232/4232 4244/4244 1450/1450
f 4263/4263 4262/4262 4265/4265
f 4241/4241 1450/1450 1388/1388
f 4185/4185 4184/4184 4183/4183
f 4242/4242 4252/4252 4233/4233
f 1475/1475 4264/4264 4265/4265
f 4198/4198 4190/4190 4189/4189
f 4231/4231 4230/4230 4258/4258
f 4261/4261 4217/4217 4216/4216
f 1516/1516 1475/1475 4265/4265
f 4264/4264 4217/4217 4261/4261
f 4264/4264 4244/4244 4217/4217
f 4231/4231 4258/4258 4256/4256
f 4256/4256 4257/4257 4215/4215
f 4241/4241 1388/1388 4207/4207
f 4204/4204 4201/4201 4249/4249
f 4201/4201 4199/4199 4249/4249
f 4231/4231 4256/4256 4215/4215
f 4228/4228 4233/4233 4181/4181
f 1450/1450 4241/4241 4232/4232
f 4258/4258 4230/4230 4133/4133
f 4263/4263 4264/4264 4261/4261
f 4250/4250 4247/4247 4257/4257
f 4260/4260 1478/1478 4259/4259
f 4253/4253 4248/4248 4223/4223
f 4249/4249 4246/4246 4211/4211
f 1504/1504 4265/4265 4262/4262
f 4266/4266 4075/4075 4076/4076
f 4075/4075 4143/4143 4071/4071
f 4071/4071 4143/4143 4267/4267
f 4146/4146 1902/1902 1820/1820
f 3921/3921 1838/1838 1902/1902
f 4143/4143 4075/4075 4266/4266
f 3921/3921 1902/1902 4146/4146
f 1820/1820 4267/4267 4146/4146
f 3925/3925 3921/3921 4146/4146
f 4147/4147 4267/4267 4143/4143
f 4146/4146 4267/4267 4147/4147
f 1818/1818 4267/4267 1820/1820
f 4267/4267 1818/1818 4071/4071
f 4143/4143 4266/4266 4140/4140
f 4074/4074 4140/4140 4266/4266
f 4074/4074 4266/4266 4076/4076
f 4161/4161 4166/4166 4268/4268
f 4137/4137 4269/4269 4129/4129
f 4107/4107 4270/4270 4268/4268
f 4271/4271 4272/4272 4270/4270
f 4273/4273 4161/4161 4274/4274
f 4273/4273 4274/4274 4275/4275
f 4272/4272 4274/4274 4268/4268
f 4268/4268 4270/4270 4272/4272
f 4271/4271 4275/4275 4272/4272
f 4275/4275 4276/4276 4277/4277
f 4166/4166 4105/4105 4268/4268
f 4161/4161 4268/4268 4274/4274
f 4172/4172 4277/4277 4276/4276
f 4268/4268 4105/4105 4107/4107
f 4270/4270 4137/4137 4271/4271
f 4276/4276 4278/4278 4279/4279
f 4280/4280 4273/4273 4275/4275
f 4107/4107 4269/4269 4270/4270
f 4275/4275 4271/4271 4278/4278
f 4275/4275 4274/4274 4272/4272
f 4270/4270 4269/4269 4137/4137
f 4073/4073 4172/4172 4276/4276
f 4280/4280 4275/4275 4277/4277
f 4275/4275 4278/4278 4276/4276
f 4129/4129 4269/4269 4107/4107
f 4278/4278 4138/4138 4279/4279
f 4279/4279 4073/4073 4276/4276
f 4279/4279 4138/4138 4073/4073
f 4073/4073 4077/4077 4172/4172
f 4138/4138 4074/4074 4073/4073
f 4281/4281 4282/4282 4283/4283
f 4284/4284 4281/4281 4278/4278
f 3897/3897 3935/3935 4102/4102
f 4281/4281 4284/4284 4282/4282
f 4282/4282 4284/4284 4285/4285
f 4286/4286 4271/4271 4287/4287
f 4285/4285 4288/4288 4282/4282
f 4283/4283 4282/4282 4289/4289
f 4283/4283 4139/4139 4281/4281
f 4281/4281 4138/4138 4278/4278
f 4281/4281 4139/4139 4138/4138
f 4271/4271 4284/4284 4278/4278
f 4290/4290 4289/4289 4288/4288
f 4289/4289 4282/4282 4288/4288
f 4144/4144 4139/4139 4283/4283
f 4291/4291 4292/4292 4080/4080
f 4148/4148 4283/4283 4289/4289
f 4283/4283 4148/4148 4144/4144
f 4292/4292 4286/4286 4287/4287
f 4284/4284 4271/4271 4285/4285
f 4290/4290 4288/4288 4285/4285
f 4285/4285 4271/4271 4286/4286
f 4148/4148 4289/4289 4151/4151
f 4271/4271 4137/4137 4287/4287
f 4290/4290 4151/4151 4289/4289
f 4285/4285 4286/4286 4290/4290
f 4151/4151 4290/4290 4293/4293
f 4287/4287 4137/4137 4130/4130
f 4286/4286 4292/4292 4290/4290
f 4290/4290 4291/4291 4293/4293
f 4293/4293 3933/3933 4151/4151
f 4292/4292 4291/4291 4290/4290
f 4292/4292 4287/4287 4130/4130
f 4102/4102 4293/4293 4291/4291
f 4080/4080 4292/4292 4130/4130
f 3935/3935 3933/3933 4293/4293
f 3933/3933 3931/3931 4151/4151
f 4293/4293 4102/4102 3935/3935
f 4102/4102 4291/4291 4080/4080
f 4294/4294 4176/4176 4175/4175
f 4295/4295 4294/4294 4296/4296
f 4295/4295 4176/4176 4294/4294
f 4296/4296 4255/4255 4251/4251
f 4296/4296 4175/4175 1519/1519
f 4296/4296 4294/4294 4175/4175
f 4295/4295 4296/4296 4251/4251
f 1519/1519 1446/1446 4296/4296
f 4296/4296 1446/1446 1451/1451
f 1451/1451 4255/4255 4296/4296
f 4103/4103 4098/4098 4118/4118
f 4103/4103 4082/4082 4089/4089
f 4295/4295 4297/4297 4176/4176
f 4298/4298 4299/4299 4225/4225
f 4300/4300 4177/4177 4301/4301
f 4302/4302 4277/4277 4303/4303
f 4304/4304 4110/4110 4305/4305
f 4108/4108 4128/4128 4090/4090
f 4177/4177 4176/4176 4301/4301
f 4306/4306 4110/4110 4304/4304
f 4159/4159 4110/4110 4307/4307
f 4308/4308 4304/4304 4302/4302
f 4297/4297 4306/4306 4308/4308
f 4303/4303 4301/4301 4308/4308
f 4298/4298 4297/4297 4295/4295
f 4297/4297 4308/4308 4301/4301
f 4108/4108 4090/4090 4091/4091
f 4309/4309 4297/4297 4298/4298
f 4090/4090 4128/4128 4114/4114
f 4299/4299 4298/4298 4295/4295
f 4176/4176 4297/4297 4301/4301
f 4297/4297 4309/4309 4306/4306
f 4300/4300 4172/4172 4177/4177
f 4310/4310 4298/4298 4225/4225
f 4277/4277 4172/4172 4300/4300
f 4298/4298 4310/4310 4309/4309
f 4295/4295 4251/4251 4299/4299
f 4123/4123 4311/4311 4121/4121
f 4308/4308 4302/4302 4303/4303
f 4300/4300 4301/4301 4303/4303
f 4095/4095 4152/4152 4122/4122
f 4307/4307 4306/4306 4309/4309
f 4086/4086 4114/4114 4094/4094
f 4158/4158 4309/4309 4310/4310
f 4085/4085 4114/4114 4086/4086
f 4303/4303 4277/4277 4300/4300
f 4304/4304 4305/4305 4302/4302
f 4225/4225 4299/4299 4251/4251
f 4110/4110 4306/4306 4307/4307
f 4158/4158 4310/4310 4225/4225
f 4305/4305 4273/4273 4280/4280
f 4121/4121 4311/4311 4096/4096
f 4307/4307 4309/4309 4159/4159
f 4122/4122 4121/4121 4100/4100
f 4159/4159 4309/4309 4158/4158
f 4277/4277 4302/4302 4280/4280
f 4305/4305 4280/4280 4302/4302
f 4109/4109 4305/4305 4110/4110
f 4100/4100 4121/4121 4096/4096
f 4273/4273 4109/4109 4161/4161
f 4109/4109 4273/4273 4305/4305
f 4122/4122 4100/4100 4093/4093
f 4093/4093 4103/4103 4086/4086
f 4304/4304 4308/4308 4306/4306
f 4313/4313 4202/4202 4314/4314
f 4152/4152 4155/4155 4210/4210
f 4313/4313 4246/4246 4202/4202
f 4313/4313 4315/4315 4246/4246
f 4317/4317 4313/4313 4314/4314
f 4311/4311 4123/4123 4313/4313
f 4190/4190 4317/4317 4188/4188
f 4202/4202 4317/4317 4314/4314
f 4318/4318 4152/4152 4210/4210
f 4313/4313 4319/4319 4315/4315
f 4212/4212 4315/4315 4318/4318
f 4319/4319 4313/4313 4123/4123
f 4315/4315 4212/4212 4246/4246
f 4089/4089 4087/4087 4103/4103
f 4311/4311 4313/4313 4317/4317
f 4188/4188 4317/4317 4202/4202
f 4123/4123 4315/4315 4319/4319
f 4154/4154 4155/4155 4152/4152
f 4123/4123 4318/4318 4315/4315
f 4318/4318 4122/4122 4152/4152
f 4123/4123 4122/4122 4318/4318
f 4212/4212 4318/4318 4210/4210
f 4320/4320 4321/4321 4322/4322
f 4323/4323 4324/4324 4325/4325
f 4326/4326 4327/4327 4328/4328
f 4327/4327 4329/4329 4328/4328
f 4320/4320 4322/4322 4330/4330
f 4331/4331 4332/4332 4333/4333
f 4334/4334 4335/4335 4336/4336
f 4337/4337 4338/4338 4339/4339
f 4340/4340 4333/4333 4339/4339
f 4341/4341 4342/4342 4343/4343
f 4344/4344 573/573 542/542
f 4321/4321 4320/4320 4345/4345
f 2987/2987 2985/2985 4346/4346
f 4347/4347 4348/4348 4331/4331
f 4349/4349 4350/4350 4351/4351
f 4352/4352 4353/4353 4338/4338
f 4354/4354 4355/4355 4321/4321
f 4352/4352 4338/4338 4337/4337
f 4356/4356 4357/4357 4358/4358
f 4344/4344 4359/4359 4360/4360
f 4335/4335 4353/4353 4336/4336
f 2979/2979 4355/4355 4354/4354
f 4361/4361 4362/4362 4323/4323
f 4363/4363 4364/4364 4330/4330
f 4365/4365 4366/4366 4367/4367
f 4330/4330 4364/4364 4368/4368
f 4369/4369 4370/4370 4371/4371
f 4372/4372 4363/4363 4373/4373
f 4374/4374 4375/4375 4376/4376
f 4377/4377 4378/4378 4379/4379
f 4324/4324 4323/4323 4362/4362
f 4380/4380 4381/4381 4382/4382
f 4383/4383 4328/4328 4329/4329
f 4384/4384 4359/4359 4385/4385
f 4350/4350 4386/4386 4387/4387
f 1709/1709 1750/1750 4381/4381
f 4360/4360 4359/4359 4388/4388
f 4389/4389 4360/4360 4388/4388
f 4390/4390 4391/4391 4369/4369
f 4392/4392 4394/4394 4396/4396
f 4367/4367 4382/4382 4397/4397
f 4390/4390 4398/4398 4387/4387
f 1750/1750 4397/4397 4382/4382
f 4339/4339 4333/4333 4399/4399
f 4351/4351 4362/4362 4361/4361
f 4399/4399 4400/4400 4401/4401
f 4399/4399 4333/4333 4402/4402
f 4362/4362 4369/4369 4324/4324
f 4383/4383 4329/4329 4391/4391
f 4384/4384 4403/4403 4404/4404
f 4359/4359 4405/4405 4388/4388
f 4406/4406 4389/4389 4388/4388
f 4408/4408 4327/4327 4409/4409
f 4410/4410 4408/4408 4409/4409
f 4350/4350 4411/4411 4386/4386
f 4351/4351 4398/4398 4362/4362
f 4399/4399 4349/4349 4400/4400
f 4403/4403 4343/4343 4404/4404
f 4404/4404 4405/4405 4384/4384
f 4412/4412 4386/4386 4413/4413
f 4388/4388 4405/4405 4406/4406
f 4414/4414 4415/4415 4417/4417
f 4419/4419 4421/4421 4422/4422
f 4384/4384 4405/4405 4359/4359
f 4424/4424 4425/4425 4426/4426
f 4427/4427 4428/4428 4429/4429
f 4425/4425 4430/4430 4431/4431
f 4425/4425 4424/4424 4432/4432
f 4433/4433 4434/4434 4435/4435
f 4436/4436 4437/4437 4438/4438
f 4439/4439 4431/4431 4430/4430
f 4440/4440 4441/4441 4442/4442
f 4432/4432 4424/4424 1683/1683
f 4443/4443 4437/4437 4444/4444
f 4445/4445 4365/4365 4442/4442
f 4440/4440 4426/4426 4446/4446
f 4447/4447 4448/4448 4449/4449
f 1695/1695 4426/4426 4440/4440
f 4450/4450 4432/4432 1693/1693
f 4424/4424 1695/1695 1683/1683
f 3426/3426 4430/4430 1658/1658
f 1683/1683 1693/1693 4432/4432
f 4430/4430 4425/4425 4450/4450
f 4430/4430 4450/4450 1658/1658
f 4451/4451 4431/4431 4439/4439
f 4452/4452 4446/4446 4431/4431
f 4453/4453 4429/4429 4454/4454
f 4446/4446 4454/4454 4440/4440
f 4455/4455 4456/4456 4434/4434
f 1693/1693 1658/1658 4450/4450
f 4442/4442 4365/4365 4440/4440
f 4452/4452 4431/4431 4451/4451
f 4457/4457 4458/4458 4444/4444
f 4365/4365 1695/1695 4440/4440
f 4436/4436 4448/4448 4459/4459
f 4452/4452 4454/4454 4446/4446
f 4454/4454 4429/4429 4441/4441
f 1663/1663 3426/3426 1658/1658
f 4460/4460 4435/4435 4438/4438
f 4454/4454 4441/4441 4440/4440
f 1695/1695 4424/4424 4426/4426
f 4439/4439 4430/4430 3426/3426
f 4454/4454 4452/4452 4453/4453
f 4456/4456 4455/4455 4439/4439
f 4453/4453 4460/4460 4427/4427
f 4456/4456 3426/3426 3432/3432
f 4356/4356 4461/4461 4336/4336
f 4433/4433 4452/4452 4451/4451
f 3426/3426 4456/4456 4439/4439
f 4433/4433 4435/4435 4460/4460
f 4336/4336 4461/4461 4462/4462
f 4435/4435 4436/4436 4438/4438
f 4433/4433 4451/4451 4434/4434
f 4432/4432 4450/4450 4425/4425
f 4460/4460 4438/4438 4463/4463
f 4442/4442 4441/4441 4429/4429
f 4429/4429 4445/4445 4442/4442
f 4460/4460 4453/4453 4433/4433
f 4433/4433 4453/4453 4452/4452
f 4451/4451 4439/4439 4455/4455
f 4457/4457 4444/4444 4464/4464
f 4451/4451 4455/4455 4434/4434
f 4429/4429 4453/4453 4427/4427
f 4425/4425 4431/4431 4446/4446
f 4428/4428 4445/4445 4429/4429
f 4435/4435 4434/4434 4449/4449
f 4425/4425 4446/4446 4426/4426
f 4435/4435 4449/4449 4436/4436
f 4465/4465 4445/4445 4428/4428
f 4358/4358 4466/4466 4463/4463
f 4467/4467 4465/4465 4466/4466
f 4466/4466 4358/4358 4467/4467
f 4443/4443 4458/4458 4461/4461
f 4434/4434 4447/4447 4449/4449
f 4463/4463 4428/4428 4427/4427
f 4466/4466 4465/4465 4428/4428
f 4449/4449 4448/4448 4436/4436
f 4460/4460 4463/4463 4427/4427
f 4466/4466 4428/4428 4463/4463
f 4438/4438 4468/4468 4463/4463
f 4443/4443 4438/4438 4437/4437
f 4443/4443 4468/4468 4438/4438
f 4437/4437 4436/4436 4459/4459
f 4358/4358 4463/4463 4468/4468
f 4459/4459 4469/4469 4437/4437
f 4468/4468 4443/4443 4461/4461
f 4468/4468 4356/4356 4358/4358
f 4443/4443 4444/4444 4458/4458
f 4444/4444 4437/4437 4464/4464
f 4464/4464 4437/4437 4469/4469
f 4365/4365 1679/1679 1695/1695
f 4376/4376 4470/4470 4471/4471
f 4472/4472 4473/4473 4474/4474
f 4402/4402 4475/4475 4476/4476
f 4399/4399 4476/4476 4349/4349
f 4350/4350 4476/4476 4411/4411
f 4477/4477 4343/4343 4403/4403
f 4404/4404 4343/4343 4342/4342
f 4478/4478 4479/4479 4475/4475
f 4480/4480 4481/4481 4410/4410
f 4482/4482 4483/4483 4484/4484
f 4333/4333 4332/4332 4402/4402
f 4329/4329 4370/4370 4391/4391
f 4485/4485 4471/4471 4486/4486
f 4376/4376 4488/4488 4489/4489
f 4474/4474 4488/4488 4375/4375
f 4472/4472 4490/4490 4473/4473
f 4472/4472 4375/4375 4490/4490
f 175/175 4483/4483 4491/4491
f 4472/4472 4474/4474 4375/4375
f 4492/4492 4475/4475 4493/4493
f 4398/4398 4350/4350 4387/4387
f 4412/4412 4494/4494 4341/4341
f 4495/4495 4326/4326 4385/4385
f 4405/4405 4396/4396 4394/4394
f 4399/4399 4401/4401 4337/4337
f 4415/4415 4496/4496 4422/4422
f 4414/4414 2916/2916 4496/4496
f 4327/4327 4408/4408 4481/4481
f 4489/4489 4414/4414 4376/4376
f 4411/4411 4476/4476 4492/4492
f 2916/2916 4419/4419 4496/4496
f 4361/4361 4400/4400 4349/4349
f 4390/4390 4387/4387 4412/4412
f 4497/4497 4498/4498 4382/4382
f 4499/4499 4500/4500 4502/4502
f 4390/4390 4343/4343 4477/4477
f 4342/4342 4405/4405 4404/4404
f 4327/4327 4481/4481 4329/4329
f 4414/4414 4496/4496 4415/4415
f 4492/4492 4490/4490 4411/4411
f 4493/4493 4473/4473 4490/4490
f 4476/4476 4475/4475 4492/4492
f 4494/4494 4504/4504 4499/4499
f 4376/4376 4471/4471 4374/4374
f 4410/4410 4481/4481 4408/4408
f 4468/4468 4461/4461 4356/4356
f 4504/4504 4500/4500 4499/4499
f 1760/1760 4367/4367 4397/4397
f 4462/4462 4457/4457 4505/4505
f 4374/4374 4485/4485 4375/4375
f 4496/4496 4419/4419 4422/4422
f 4406/4406 4405/4405 4394/4394
f 4386/4386 4411/4411 4506/4506
f 4386/4386 4412/4412 4387/4387
f 4417/4417 4471/4471 4470/4470
f 4484/4484 4507/4507 4371/4371
f 4478/4478 4475/4475 4402/4402
f 4462/4462 4461/4461 4458/4458
f 4457/4457 4462/4462 4458/4458
f 4505/4505 4336/4336 4462/4462
f 4336/4336 4505/4505 4508/4508
f 4494/4494 4412/4412 4413/4413
f 4509/4509 4341/4341 4494/4494
f 4504/4504 4494/4494 4413/4413
f 4511/4511 1054/1054 4512/4512
f 4434/4434 3520/3520 4447/4447
f 4419/4419 2916/2916 2869/2869
f 1041/1041 4513/4513 4514/4514
f 1054/1054 4515/4515 1051/1051
f 3520/3520 4514/4514 4447/4447
f 1054/1054 4516/4516 4515/4515
f 4517/4517 4346/4346 4518/4518
f 4411/4411 4490/4490 4485/4485
f 4519/4519 4520/4520 4512/4512
f 4521/4521 3520/3520 1045/1045
f 4480/4480 4482/4482 4481/4481
f 4522/4522 4523/4523 4478/4478
f 4469/4469 4459/4459 4511/4511
f 4513/4513 1041/1041 4524/4524
f 4515/4515 4448/4448 4513/4513
f 4459/4459 4448/4448 4511/4511
f 4515/4515 4513/4513 4524/4524
f 4514/4514 3520/3520 4521/4521
f 4489/4489 4525/4525 2920/2920
f 2887/2887 2920/2920 4526/4526
f 1051/1051 4524/4524 1041/1041
f 1049/1049 4527/4527 4528/4528
f 3520/3520 4434/4434 3505/3505
f 4525/4525 4526/4526 2920/2920
f 4514/4514 4448/4448 4447/4447
f 1051/1051 4515/4515 4524/4524
f 4341/4341 4343/4343 4390/4390
f 4527/4527 1036/1036 4529/4529
f 4516/4516 1054/1054 4511/4511
f 4511/4511 4448/4448 4516/4516
f 4476/4476 4399/4399 4402/4402
f 2887/2887 4526/4526 4530/4530
f 4531/4531 4517/4517 4532/4532
f 4512/4512 4469/4469 4511/4511
f 4533/4533 4505/4505 4457/4457
f 4528/4528 4520/4520 4519/4519
f 4528/4528 4534/4534 4520/4520
f 4535/4535 4523/4523 4531/4531
f 1049/1049 1038/1038 4527/4527
f 4525/4525 4489/4489 4532/4532
f 4528/4528 4519/4519 1049/1049
f 2869/2869 4421/4421 4419/4419
f 4535/4535 4531/4531 4536/4536
f 4474/4474 4473/4473 4535/4535
f 4529/4529 4534/4534 4527/4527
f 4514/4514 4521/4521 1041/1041
f 4527/4527 4534/4534 4528/4528
f 4448/4448 4514/4514 4513/4513
f 4392/4392 4341/4341 4509/4509
f 4531/4531 4537/4537 4538/4538
f 4516/4516 4448/4448 4515/4515
f 2906/2906 4530/4530 4346/4346
f 4539/4539 4533/4533 4529/4529
f 4533/4533 4457/4457 4534/4534
f 4533/4533 4534/4534 4529/4529
f 1036/1036 4527/4527 1038/1038
f 4539/4539 1036/1036 2935/2935
f 4457/4457 4520/4520 4534/4534
f 4530/4530 4518/4518 4346/4346
f 4530/4530 4526/4526 4525/4525
f 4530/4530 2906/2906 2887/2887
f 1041/1041 4521/4521 1045/1045
f 4518/4518 4530/4530 4525/4525
f 4539/4539 4529/4529 1036/1036
f 4469/4469 4512/4512 4520/4520
f 4533/4533 4539/4539 4505/4505
f 4457/4457 4464/4464 4520/4520
f 4540/4540 4365/4365 4445/4445
f 4469/4469 4520/4520 4464/4464
f 4497/4497 4382/4382 4367/4367
f 4532/4532 4517/4517 4518/4518
f 4489/4489 4488/4488 4532/4532
f 4541/4541 4364/4364 4363/4363
f 4474/4474 4535/4535 4536/4536
f 4390/4390 4477/4477 4383/4383
f 4353/4353 4357/4357 4356/4356
f 4542/4542 4357/4357 4352/4352
f 163/163 150/150 512/512
f 4470/4470 4376/4376 4414/4414
f 4506/4506 4413/4413 4386/4386
f 4543/4543 4373/4373 4538/4538
f 4474/4474 4536/4536 4488/4488
f 4536/4536 4531/4531 4532/4532
f 4390/4390 4369/4369 4398/4398
f 1073/1073 4519/4519 4512/4512
f 1049/1049 4519/4519 1073/1073
f 4537/4537 4531/4531 4523/4523
f 4358/4358 4357/4357 4542/4542
f 4331/4331 4544/4544 4545/4545
f 1329/1329 4360/4360 4389/4389
f 4378/4378 4380/4380 4498/4498
f 4478/4478 4523/4523 4479/4479
f 4352/4352 4546/4546 4542/4542
f 4467/4467 4542/4542 4546/4546
f 512/512 4495/4495 4344/4344
f 4547/4547 4522/4522 4548/4548
f 4372/4372 4549/4549 4363/4363
f 4518/4518 4525/4525 4532/4532
f 512/512 150/150 4495/4495
f 4522/4522 4373/4373 4543/4543
f 4372/4372 4373/4373 4522/4522
f 4536/4536 4532/4532 4488/4488
f 4348/4348 4335/4335 4334/4334
f 4550/4550 4346/4346 4517/4517
f 4517/4517 4531/4531 4551/4551
f 4363/4363 4552/4552 4373/4373
f 4344/4344 4360/4360 1329/1329
f 4549/4549 4372/4372 4547/4547
f 4421/4421 2869/2869 3017/3017
f 4467/4467 4358/4358 4542/4542
f 4538/4538 4552/4552 4551/4551
f 4531/4531 4538/4538 4551/4551
f 4523/4523 4543/4543 4537/4537
f 2916/2916 4489/4489 2920/2920
f 2979/2979 4354/4354 2976/2976
f 4517/4517 4551/4551 4550/4550
f 4522/4522 4478/4478 4332/4332
f 4535/4535 4473/4473 4479/4479
f 4548/4548 4545/4545 4544/4544
f 4373/4373 4552/4552 4538/4538
f 4538/4538 4537/4537 4543/4543
f 4357/4357 4353/4353 4352/4352
f 512/512 4344/4344 542/542
f 4543/4543 4523/4523 4522/4522
f 4338/4338 4348/4348 4347/4347
f 4545/4545 4332/4332 4331/4331
f 4535/4535 4479/4479 4523/4523
f 4355/4355 4551/4551 4322/4322
f 1054/1054 1073/1073 4512/4512
f 4338/4338 4335/4335 4348/4348
f 4331/4331 4348/4348 4544/4544
f 4389/4389 4406/4406 1331/1331
f 4331/4331 4340/4340 4347/4347
f 1331/1331 1329/1329 4389/4389
f 4338/4338 4353/4353 4335/4335
f 4359/4359 4344/4344 4495/4495
f 4347/4347 4339/4339 4338/4338
f 3505/3505 4456/4456 3508/3508
f 3432/3432 3508/3508 4456/4456
f 4456/4456 3505/3505 4434/4434
f 4409/4409 4327/4327 150/150
f 4353/4353 4356/4356 4336/4336
f 4396/4396 4341/4341 4392/4392
f 4403/4403 4326/4326 4328/4328
f 4347/4347 4340/4340 4339/4339
f 4372/4372 4522/4522 4547/4547
f 4383/4383 4403/4403 4328/4328
f 4326/4326 4403/4403 4384/4384
f 175/175 1709/1709 4483/4483
f 4483/4483 4381/4381 4484/4484
f 4382/4382 4381/4381 1750/1750
f 4352/4352 4337/4337 4401/4401
f 4396/4396 4405/4405 4342/4342
f 4553/4553 4554/4554 4368/4368
f 4555/4555 4556/4556 4554/4554
f 2942/2942 4557/4557 2935/2935
f 2979/2979 2987/2987 4355/4355
f 4508/4508 4558/4558 4541/4541
f 4505/4505 4559/4559 4508/4508
f 4560/4560 4556/4556 4561/4561
f 4364/4364 4541/4541 4553/4553
f 4560/4560 4559/4559 4557/4557
f 4554/4554 4556/4556 2989/2989
f 4355/4355 4550/4550 4551/4551
f 4508/4508 4561/4561 4558/4558
f 4560/4560 4561/4561 4559/4559
f 4364/4364 4553/4553 4368/4368
f 4554/4554 4553/4553 4558/4558
f 4539/4539 4557/4557 4559/4559
f 4560/4560 2942/2942 4556/4556
f 4561/4561 4555/4555 4558/4558
f 4350/4350 4349/4349 4476/4476
f 4539/4539 2935/2935 4557/4557
f 4505/4505 4539/4539 4559/4559
f 4508/4508 4559/4559 4561/4561
f 4554/4554 4558/4558 4555/4555
f 4560/4560 4557/4557 2942/2942
f 2941/2941 2989/2989 4556/4556
f 4556/4556 4555/4555 4561/4561
f 4553/4553 4541/4541 4558/4558
f 2941/2941 4556/4556 2942/2942
f 4485/4485 4490/4490 4375/4375
f 4332/4332 4478/4478 4402/4402
f 4401/4401 4546/4546 4352/4352
f 4348/4348 4334/4334 4544/4544
f 4548/4548 4522/4522 4545/4545
f 4552/4552 4322/4322 4551/4551
f 4483/4483 4482/4482 4491/4491
f 4323/4323 4400/4400 4361/4361
f 4371/4371 4377/4377 4324/4324
f 4552/4552 4330/4330 4322/4322
f 4367/4367 1679/1679 4365/4365
f 1679/1679 4367/4367 1760/1760
f 2987/2987 4346/4346 4550/4550
f 4329/4329 4482/4482 4370/4370
f 4355/4355 2987/2987 4550/4550
f 4485/4485 4374/4374 4471/4471
f 4499/4499 4502/4502 4509/4509
f 4339/4339 4399/4399 4337/4337
f 4486/4486 4500/4500 4562/4562
f 4509/4509 4494/4494 4499/4499
f 4385/4385 4359/4359 4495/4495
f 1750/1750 1760/1760 4397/4397
f 4398/4398 4369/4369 4362/4362
f 4383/4383 4477/4477 4403/4403
f 4326/4326 4384/4384 4385/4385
f 4479/4479 4473/4473 4493/4493
f 4563/4563 4486/4486 4471/4471
f 4492/4492 4493/4493 4490/4490
f 3010/3010 4554/4554 2989/2989
f 4554/4554 3010/3010 4368/4368
f 4341/4341 4396/4396 4342/4342
f 4500/4500 4504/4504 4562/4562
f 4368/4368 3010/3010 4354/4354
f 4361/4361 4349/4349 4351/4351
f 4333/4333 4340/4340 4331/4331
f 2906/2906 4346/4346 2985/2985
f 4540/4540 4366/4366 4365/4365
f 4549/4549 4547/4547 4541/4541
f 2916/2916 4414/4414 4489/4489
f 4363/4363 4330/4330 4552/4552
f 4541/4541 4363/4363 4549/4549
f 4504/4504 4506/4506 4562/4562
f 4336/4336 4565/4565 4566/4566
f 4498/4498 4380/4380 4382/4382
f 4381/4381 4483/4483 1709/1709
f 4566/4566 4334/4334 4336/4336
f 4370/4370 4369/4369 4391/4391
f 178/178 4491/4491 4480/4480
f 4321/4321 4355/4355 4322/4322
f 160/160 4480/4480 4410/4410
f 4336/4336 4508/4508 4565/4565
f 4567/4567 4546/4546 4498/4498
f 4507/4507 4380/4380 4378/4378
f 4565/4565 4508/4508 4541/4541
f 4491/4491 4482/4482 4480/4480
f 4547/4547 4568/4568 4541/4541
f 4497/4497 4567/4567 4498/4498
f 4568/4568 4566/4566 4565/4565
f 4320/4320 4330/4330 4345/4345
f 4566/4566 4568/4568 4544/4544
f 4568/4568 4548/4548 4544/4544
f 4566/4566 4544/4544 4334/4334
f 4507/4507 4381/4381 4380/4380
f 4568/4568 4565/4565 4541/4541
f 4498/4498 4546/4546 4378/4378
f 4507/4507 4484/4484 4381/4381
f 4548/4548 4568/4568 4547/4547
f 4378/4378 4371/4371 4507/4507
f 4417/4417 4563/4563 4471/4471
f 4495/4495 150/150 4327/4327
f 4350/4350 4398/4398 4351/4351
f 4482/4482 4484/4484 4370/4370
f 4481/4481 4482/4482 4329/4329
f 4445/4445 4465/4465 4540/4540
f 4375/4375 4488/4488 4376/4376
f 4366/4366 4540/4540 4497/4497
f 4485/4485 4486/4486 4562/4562
f 4379/4379 4378/4378 4546/4546
f 4344/4344 1329/1329 573/573
f 150/150 160/160 4409/4409
f 4414/4414 4417/4417 4470/4470
f 4467/4467 4546/4546 4465/4465
f 4325/4325 4400/4400 4323/4323
f 4325/4325 4377/4377 4379/4379
f 4390/4390 4383/4383 4391/4391
f 4465/4465 4567/4567 4540/4540
f 4412/4412 4341/4341 4390/4390
f 4465/4465 4546/4546 4567/4567
f 4371/4371 4378/4378 4377/4377
f 4325/4325 4324/4324 4377/4377
f 4367/4367 4366/4366 4497/4497
f 4379/4379 4401/4401 4400/4400
f 4475/4475 4479/4479 4493/4493
f 4327/4327 4326/4326 4495/4495
f 4540/4540 4567/4567 4497/4497
f 4371/4371 4324/4324 4369/4369
f 180/180 178/178 4480/4480
f 4506/4506 4485/4485 4562/4562
f 4480/4480 160/160 180/180
f 4491/4491 178/178 175/175
f 2976/2976 4354/4354 3010/3010
f 4409/4409 160/160 4410/4410
f 4506/4506 4504/4504 4413/4413
f 4506/4506 4411/4411 4485/4485
f 4545/4545 4522/4522 4332/4332
f 4354/4354 4345/4345 4368/4368
f 4401/4401 4379/4379 4546/4546
f 4368/4368 4345/4345 4330/4330
f 4400/4400 4325/4325 4379/4379
f 4371/4371 4370/4370 4484/4484
f 4345/4345 4354/4354 4321/4321
f 612/612 4569/4569 646/646
f 4570/4570 612/612 609/609
f 4571/4571 651/651 602/602
f 667/667 4572/4572 4571/4571
f 4573/4573 4574/4574 4575/4575
f 4395/4395 4576/4576 4577/4577
f 4578/4578 4579/4579 4580/4580
f 4581/4581 4393/4393 4582/4582
f 4583/4583 4584/4584 4585/4585
f 4586/4586 4587/4587 4588/4588
f 667/667 4580/4580 4572/4572
f 4589/4589 4590/4590 4591/4591
f 4592/4592 4593/4593 4594/4594
f 667/667 4571/4571 602/602
f 4583/4583 4585/4585 4595/4595
f 4596/4596 4597/4597 4598/4598
f 4501/4501 4599/4599 4600/4600
f 4601/4601 4586/4586 4588/4588
f 4597/4597 4602/4602 4603/4603
f 4604/4604 4605/4605 4606/4606
f 4584/4584 4607/4607 4585/4585
f 4418/4418 4416/4416 4608/4608
f 4609/4609 4610/4610 4611/4611
f 4612/4612 4613/4613 4614/4614
f 4600/4600 4599/4599 4598/4598
f 4595/4595 4615/4615 4616/4616
f 651/651 4570/4570 609/609
f 4607/4607 4617/4617 4620/4620
f 612/612 4570/4570 4569/4569
f 4621/4621 4622/4622 4591/4591
f 4587/4587 4623/4623 4624/4624
f 656/656 1356/1356 4625/4625
f 4626/4626 4627/4627 4628/4628
f 4625/4625 4580/4580 656/656
f 4629/4629 4630/4630 4631/4631
f 4632/4632 4633/4633 1351/1351
f 4634/4634 4635/4635 4610/4610
f 4625/4625 1356/1356 4633/4633
f 4633/4633 1356/1356 1351/1351
f 4629/4629 4603/4603 4636/4636
f 1338/1338 1340/1340 4632/4632
f 4574/4574 4637/4637 4638/4638
f 4588/4588 4639/4639 4640/4640
f 4578/4578 4625/4625 4633/4633
f 4610/4610 4609/4609 4634/4634
f 4640/4640 4641/4641 4642/4642
f 4580/4580 667/667 656/656
f 4580/4580 4625/4625 4578/4578
f 4418/4418 4608/4608 4643/4643
f 1338/1338 4632/4632 1351/1351
f 4571/4571 4570/4570 651/651
f 4644/4644 4645/4645 4646/4646
f 4646/4646 4645/4645 676/676
f 4647/4647 4648/4648 4649/4649
f 4569/4569 4570/4570 4646/4646
f 4650/4650 4651/4651 4652/4652
f 4653/4653 4654/4654 4655/4655
f 4653/4653 4656/4656 4657/4657
f 4658/4658 4611/4611 4610/4610
f 2302/2302 4659/4659 4660/4660
f 4661/4661 4662/4662 4636/4636
f 4663/4663 4650/4650 4664/4664
f 2285/2285 4665/4665 4666/4666
f 4645/4645 591/591 676/676
f 4571/4571 4572/4572 4667/4667
f 4590/4590 4668/4668 4669/4669
f 4670/4670 4672/4672 4615/4615
f 4590/4590 4674/4674 4668/4668
f 4668/4668 4675/4675 4669/4669
f 4676/4676 4668/4668 4674/4674
f 4628/4628 4627/4627 4677/4677
f 4678/4678 4679/4679 4680/4680
f 4680/4680 4681/4681 4678/4678
f 4679/4679 4678/4678 4675/4675
f 4627/4627 4681/4681 4680/4680
f 4680/4680 4682/4682 4627/4627
f 4682/4682 4677/4677 4627/4627
f 4679/4679 4683/4683 4682/4682
f 4675/4675 4684/4684 4669/4669
f 4668/4668 4679/4679 4675/4675
f 4668/4668 4683/4683 4679/4679
f 4675/4675 4678/4678 4684/4684
f 4683/4683 4668/4668 4676/4676
f 4680/4680 4679/4679 4682/4682
f 4685/4685 4629/4629 4631/4631
f 4686/4686 4687/4687 4621/4621
f 4688/4688 4621/4621 4687/4687
f 4687/4687 4686/4686 4635/4635
f 4688/4688 4687/4687 4689/4689
f 4689/4689 4687/4687 4690/4690
f 4691/4691 4692/4692 4690/4690
f 4688/4688 4689/4689 4693/4693
f 4687/4687 4635/4635 4690/4690
f 4690/4690 4635/4635 4694/4694
f 4690/4690 4693/4693 4689/4689
f 4695/4695 4694/4694 4696/4696
f 4697/4697 4616/4616 4698/4698
f 4696/4696 4699/4699 4695/4695
f 4700/4700 4697/4697 4698/4698
f 4693/4693 4690/4690 4692/4692
f 4701/4701 4702/4702 4699/4699
f 4700/4700 4692/4692 4691/4691
f 4702/4702 4616/4616 4697/4697
f 4702/4702 4695/4695 4699/4699
f 4701/4701 4616/4616 4702/4702
f 4697/4697 4700/4700 4691/4691
f 4695/4695 4702/4702 4691/4691
f 4694/4694 4691/4691 4690/4690
f 4702/4702 4697/4697 4691/4691
f 4694/4694 4695/4695 4691/4691
f 646/646 4646/4646 676/676
f 4576/4576 1334/1334 1332/1332
f 4648/4648 4703/4703 4649/4649
f 4572/4572 4580/4580 4667/4667
f 4645/4645 2285/2285 591/591
f 4646/4646 4570/4570 4653/4653
f 4576/4576 1332/1332 4577/4577
f 4655/4655 4650/4650 4653/4653
f 1334/1334 4652/4652 4651/4651
f 4653/4653 4650/4650 4663/4663
f 4657/4657 4704/4704 4653/4653
f 646/646 4569/4569 4646/4646
f 1340/1340 4651/4651 4632/4632
f 4578/4578 4650/4650 4579/4579
f 4649/4649 4703/4703 4576/4576
f 4654/4654 4571/4571 4667/4667
f 4650/4650 4647/4647 4664/4664
f 4577/4577 1332/1332 4407/4407
f 4705/4705 4653/4653 4663/4663
f 4645/4645 4665/4665 2285/2285
f 4652/4652 4648/4648 4650/4650
f 4651/4651 4578/4578 4633/4633
f 4654/4654 4667/4667 4655/4655
f 1335/1335 1334/1334 1340/1340
f 4652/4652 1334/1334 4703/4703
f 4655/4655 4667/4667 4579/4579
f 4704/4704 4644/4644 4653/4653
f 732/732 768/768 4706/4706
f 4707/4707 702/702 4706/4706
f 4708/4708 708/708 770/770
f 732/732 4706/4706 702/702
f 4707/4707 4708/4708 770/770
f 708/708 4709/4709 4710/4710
f 4708/4708 4709/4709 708/708
f 4711/4711 724/724 4710/4710
f 4710/4710 4709/4709 4712/4712
f 4711/4711 4710/4710 4712/4712
f 4707/4707 770/770 702/702
f 724/724 708/708 4710/4710
f 2555/2555 2554/2554 4713/4713
f 4714/4714 4713/4713 4715/4715
f 4716/4716 4717/4717 4718/4718
f 4718/4718 4719/4719 4716/4716
f 4716/4716 4719/4719 4720/4720
f 4714/4714 2964/2964 2571/2571
f 4720/4720 4721/4721 4716/4716
f 4719/4719 4722/4722 4720/4720
f 2973/2973 4721/4721 4720/4720
f 4600/4600 4503/4503 4501/4501
f 4717/4717 4716/4716 4715/4715
f 2558/2558 2555/2555 4714/4714
f 4720/4720 4722/4722 4723/4723
f 4716/4716 4721/4721 4724/4724
f 4582/4582 4510/4510 4725/4725
f 3014/3014 4723/4723 4726/4726
f 2973/2973 4720/4720 4723/4723
f 2964/2964 4721/4721 2973/2973
f 4714/4714 4721/4721 2964/2964
f 4630/4630 4727/4727 4631/4631
f 4503/4503 4600/4600 4725/4725
f 4570/4570 4571/4571 4654/4654
f 4728/4728 4729/4729 4730/4730
f 4724/4724 4715/4715 4716/4716
f 4713/4713 4714/4714 2555/2555
f 4731/4731 4661/4661 4602/4602
f 4714/4714 4715/4715 4724/4724
f 4667/4667 4580/4580 4579/4579
f 2558/2558 4714/4714 2571/2571
f 4723/4723 3014/3014 2973/2973
f 4724/4724 4721/4721 4714/4714
f 4703/4703 4648/4648 4652/4652
f 4654/4654 4653/4653 4570/4570
f 4722/4722 4726/4726 4723/4723
f 4732/4732 4700/4700 4698/4698
f 4510/4510 4582/4582 4393/4393
f 4642/4642 4641/4641 4727/4727
f 4641/4641 4582/4582 4733/4733
f 4734/4734 4700/4700 4732/4732
f 4653/4653 4644/4644 4646/4646
f 1334/1334 4576/4576 4703/4703
f 4735/4735 4606/4606 4736/4736
f 4727/4727 4725/4725 4631/4631
f 4601/4601 4737/4737 4586/4586
f 4643/4643 4738/4738 4596/4596
f 4696/4696 4739/4739 4740/4740
f 4487/4487 4599/4599 4501/4501
f 4582/4582 4641/4641 4581/4581
f 4642/4642 4630/4630 4601/4601
f 4741/4741 4730/4730 4729/4729
f 724/724 4711/4711 4742/4742
f 4743/4743 2656/2656 2658/2658
f 4711/4711 4744/4744 4745/4745
f 2656/2656 4743/4743 2554/2554
f 4743/4743 2658/2658 4742/4742
f 4746/4746 4747/4747 4744/4744
f 4713/4713 2554/2554 4743/4743
f 4748/4748 4742/4742 4745/4745
f 4749/4749 4743/4743 4742/4742
f 4750/4750 4751/4751 4748/4748
f 4747/4747 4746/4746 4752/4752
f 4752/4752 4753/4753 4750/4750
f 4743/4743 4749/4749 4713/4713
f 4748/4748 4749/4749 4742/4742
f 4742/4742 4711/4711 4745/4745
f 4715/4715 4750/4750 4753/4753
f 4726/4726 4420/4420 3018/3018
f 4420/4420 4726/4726 4754/4754
f 4746/4746 4755/4755 4752/4752
f 4752/4752 4748/4748 4747/4747
f 4713/4713 4749/4749 4715/4715
f 4748/4748 4751/4751 4749/4749
f 4420/4420 4754/4754 4756/4756
f 4715/4715 4749/4749 4751/4751
f 4757/4757 4758/4758 4756/4756
f 4754/4754 4757/4757 4756/4756
f 4745/4745 4747/4747 4748/4748
f 4715/4715 4751/4751 4750/4750
f 4745/4745 4744/4744 4747/4747
f 4758/4758 4757/4757 4738/4738
f 4759/4759 4757/4757 4754/4754
f 4754/4754 4719/4719 4759/4759
f 4753/4753 4717/4717 4715/4715
f 4722/4722 4719/4719 4754/4754
f 4757/4757 4759/4759 4738/4738
f 4748/4748 4752/4752 4750/4750
f 4759/4759 4718/4718 4760/4760
f 4760/4760 4738/4738 4759/4759
f 4754/4754 4726/4726 4722/4722
f 4718/4718 4761/4761 4760/4760
f 4718/4718 4717/4717 4761/4761
f 4717/4717 4753/4753 4761/4761
f 4755/4755 4753/4753 4752/4752
f 2658/2658 724/724 4742/4742
f 3014/3014 4726/4726 3018/3018
f 4719/4719 4718/4718 4759/4759
f 4762/4762 4740/4740 4763/4763
f 4666/4666 2317/2317 2285/2285
f 4630/4630 4737/4737 4601/4601
f 4760/4760 4764/4764 4597/4597
f 4693/4693 4573/4573 4575/4575
f 4605/4605 4637/4637 4606/4606
f 4765/4765 4416/4416 4423/4423
f 4583/4583 4762/4762 4584/4584
f 4764/4764 4731/4731 4602/4602
f 4588/4588 4642/4642 4601/4601
f 4642/4642 4588/4588 4640/4640
f 4741/4741 4613/4613 4730/4730
f 4564/4564 4643/4643 4599/4599
f 4766/4766 4594/4594 4593/4593
f 4622/4622 4621/4621 4613/4613
f 4632/4632 4651/4651 4633/4633
f 4644/4644 4665/4665 4645/4645
f 4602/4602 4661/4661 4636/4636
f 4604/4604 4644/4644 4704/4704
f 4767/4767 4639/4639 4768/4768
f 4564/4564 4599/4599 4487/4487
f 4769/4769 4573/4573 4770/4770
f 4765/4765 4423/4423 4420/4420
f 4769/4769 4770/4770 4700/4700
f 4725/4725 4733/4733 4582/4582
f 4739/4739 4771/4771 4772/4772
f 4641/4641 4773/4773 4581/4581
f 4725/4725 4727/4727 4733/4733
f 1340/1340 1334/1334 4651/4651
f 4655/4655 4579/4579 4650/4650
f 4656/4656 4653/4653 4705/4705
f 4650/4650 4648/4648 4647/4647
f 4578/4578 4651/4651 4650/4650
f 4640/4640 4773/4773 4641/4641
f 4622/4622 4613/4613 4741/4741
f 4587/4587 4728/4728 4774/4774
f 4766/4766 4590/4590 4594/4594
f 4669/4669 4684/4684 4775/4775
f 4729/4729 4776/4776 4636/4636
f 4662/4662 4592/4592 4777/4777
f 4638/4638 4778/4778 4574/4574
f 4779/4779 4606/4606 4735/4735
f 4780/4780 4781/4781 4638/4638
f 4770/4770 4693/4693 4692/4692
f 4581/4581 4395/4395 4393/4393
f 4778/4778 4587/4587 4774/4774
f 4725/4725 4685/4685 4631/4631
f 4599/4599 4643/4643 4596/4596
f 4594/4594 4590/4590 4589/4589
f 4728/4728 4737/4737 4729/4729
f 4728/4728 4613/4613 4774/4774
f 4773/4773 4767/4767 4581/4581
f 4606/4606 4637/4637 4734/4734
f 4608/4608 4416/4416 4765/4765
f 4395/4395 4577/4577 4407/4407
f 4729/4729 4636/4636 4741/4741
f 4777/4777 4589/4589 4622/4622
f 4641/4641 4733/4733 4727/4727
f 4767/4767 4773/4773 4639/4639
f 4778/4778 4774/4774 4575/4575
f 4767/4767 4768/4768 4782/4782
f 4731/4731 4593/4593 4592/4592
f 4738/4738 4760/4760 4596/4596
f 4613/4613 4728/4728 4730/4730
f 4621/4621 4614/4614 4613/4613
f 4686/4686 4783/4783 4775/4775
f 4576/4576 4395/4395 4782/4782
f 4602/4602 4597/4597 4764/4764
f 4649/4649 4639/4639 4588/4588
f 4774/4774 4613/4613 4612/4612
f 4741/4741 4777/4777 4622/4622
f 4638/4638 4587/4587 4778/4778
f 4661/4661 4592/4592 4662/4662
f 4685/4685 4725/4725 4600/4600
f 4638/4638 4605/4605 4780/4780
f 4597/4597 4596/4596 4760/4760
f 4782/4782 4649/4649 4576/4576
f 4649/4649 4782/4782 4768/4768
f 4665/4665 4644/4644 4779/4779
f 4765/4765 4756/4756 4758/4758
f 4768/4768 4639/4639 4649/4649
f 4649/4649 4588/4588 4624/4624
f 4738/4738 4608/4608 4758/4758
f 4784/4784 2319/2319 4785/4785
f 4767/4767 4395/4395 4581/4581
f 4774/4774 4612/4612 4575/4575
f 4420/4420 4756/4756 4765/4765
f 4628/4628 4786/4786 4787/4787
f 4788/4788 4584/4584 4763/4763
f 4591/4591 4783/4783 4621/4621
f 4608/4608 4765/4765 4758/4758
f 4638/4638 4789/4789 4587/4587
f 4658/4658 4684/4684 4611/4611
f 4575/4575 4574/4574 4778/4778
f 4575/4575 4688/4688 4693/4693
f 4590/4590 4775/4775 4591/4591
f 4699/4699 4696/4696 4740/4740
f 4621/4621 4783/4783 4686/4686
f 4644/4644 4604/4604 4779/4779
f 4779/4779 4604/4604 4606/4606
f 4769/4769 4637/4637 4574/4574
f 4606/4606 4734/4734 4736/4736
f 4688/4688 4612/4612 4614/4614
f 4738/4738 4643/4643 4608/4608
f 4688/4688 4575/4575 4612/4612
f 4775/4775 4783/4783 4591/4591
f 4590/4590 4669/4669 4775/4775
f 4635/4635 4658/4658 4610/4610
f 4789/4789 4781/4781 4664/4664
f 4777/4777 4741/4741 4662/4662
f 4626/4626 4787/4787 4772/4772
f 4789/4789 4647/4647 4623/4623
f 4564/4564 4418/4418 4643/4643
f 4611/4611 4678/4678 4681/4681
f 4769/4769 4574/4574 4573/4573
f 4630/4630 4629/4629 4776/4776
f 4622/4622 4589/4589 4591/4591
f 4704/4704 4657/4657 4604/4604
f 4647/4647 4789/4789 4664/4664
f 4790/4790 4739/4739 4772/4772
f 4791/4791 4735/4735 4792/4792
f 4624/4624 4588/4588 4587/4587
f 4638/4638 4781/4781 4789/4789
f 4681/4681 4627/4627 4626/4626
f 4705/4705 4781/4781 4780/4780
f 4764/4764 4761/4761 4793/4793
f 4746/4746 4794/4794 4755/4755
f 4793/4793 4753/4753 4755/4755
f 4764/4764 4793/4793 4795/4795
f 4766/4766 4593/4593 4795/4795
f 4755/4755 4794/4794 4793/4793
f 4764/4764 4760/4760 4761/4761
f 4795/4795 4794/4794 4766/4766
f 4781/4781 4705/4705 4664/4664
f 4796/4796 4792/4792 4797/4797
f 4593/4593 4764/4764 4795/4795
f 4573/4573 4693/4693 4770/4770
f 4684/4684 4658/4658 4775/4775
f 4791/4791 4665/4665 4735/4735
f 4793/4793 4794/4794 4795/4795
f 4761/4761 4753/4753 4793/4793
f 4794/4794 4746/4746 4798/4798
f 4770/4770 4692/4692 4700/4700
f 4605/4605 4656/4656 4780/4780
f 4686/4686 4775/4775 4658/4658
f 4780/4780 4656/4656 4705/4705
f 4664/4664 4705/4705 4663/4663
f 4700/4700 4734/4734 4769/4769
f 4766/4766 4794/4794 4674/4674
f 4615/4615 4698/4698 4616/4616
f 4657/4657 4605/4605 4604/4604
f 4767/4767 4782/4782 4395/4395
f 4794/4794 4798/4798 4674/4674
f 4766/4766 4674/4674 4590/4590
f 4589/4589 4777/4777 4594/4594
f 4736/4736 4734/4734 4797/4797
f 4725/4725 4510/4510 4503/4503
f 4686/4686 4658/4658 4635/4635
f 4661/4661 4731/4731 4592/4592
f 4597/4597 4603/4603 4598/4598
f 4737/4737 4630/4630 4776/4776
f 4734/4734 4732/4732 4797/4797
f 4694/4694 4635/4635 4634/4634
f 4737/4737 4587/4587 4586/4586
f 4797/4797 4792/4792 4736/4736
f 4623/4623 4647/4647 4624/4624
f 4598/4598 4599/4599 4596/4596
f 4685/4685 4603/4603 4629/4629
f 4593/4593 4731/4731 4764/4764
f 4799/4799 4607/4607 4620/4620
f 4607/4607 4584/4584 4788/4788
f 4788/4788 4801/4801 4617/4617
f 4629/4629 4636/4636 4776/4776
f 4788/4788 4617/4617 4607/4607
f 4729/4729 4737/4737 4776/4776
f 4615/4615 4672/4672 2302/2302
f 4607/4607 4799/4799 4585/4585
f 4701/4701 4762/4762 4583/4583
f 4585/4585 4799/4799 4670/4670
f 2323/2323 2319/2319 4784/4784
f 4734/4734 4637/4637 4769/4769
f 4802/4802 4772/4772 4787/4787
f 4628/4628 4787/4787 4626/4626
f 4701/4701 4699/4699 4762/4762
f 4792/4792 4735/4735 4736/4736
f 4647/4647 4649/4649 4624/4624
f 4587/4587 4789/4789 4623/4623
f 4797/4797 4732/4732 4660/4660
f 4660/4660 4732/4732 4698/4698
f 4735/4735 4665/4665 4779/4779
f 4611/4611 4681/4681 4609/4609
f 4638/4638 4637/4637 4605/4605
f 4803/4803 4804/4804 785/785
f 4798/4798 4746/4746 4744/4744
f 763/763 4805/4805 4806/4806
f 4798/4798 4744/4744 4807/4807
f 4808/4808 4744/4744 4711/4711
f 4706/4706 4809/4809 4810/4810
f 4811/4811 4807/4807 4744/4744
f 4744/4744 4808/4808 4811/4811
f 4812/4812 717/717 714/714
f 4712/4712 4813/4813 4808/4808
f 4803/4803 785/785 4814/4814
f 4803/4803 4814/4814 4617/4617
f 4811/4811 4808/4808 4813/4813
f 4801/4801 4803/4803 4617/4617
f 4805/4805 4803/4803 4790/4790
f 4674/4674 4811/4811 4676/4676
f 4811/4811 4813/4813 4816/4816
f 4804/4804 763/763 785/785
f 4803/4803 4805/4805 4804/4804
f 4790/4790 4803/4803 4801/4801
f 4676/4676 4811/4811 4816/4816
f 4707/4707 4817/4817 4708/4708
f 4677/4677 4818/4818 4819/4819
f 765/765 763/763 4806/4806
f 4817/4817 4816/4816 4813/4813
f 4820/4820 4683/4683 4816/4816
f 4677/4677 4819/4819 4628/4628
f 4802/4802 4806/4806 4805/4805
f 4821/4821 678/678 717/717
f 717/717 4812/4812 4786/4786
f 4798/4798 4807/4807 4674/4674
f 4683/4683 4820/4820 4822/4822
f 4817/4817 4820/4820 4816/4816
f 4707/4707 4810/4810 4822/4822
f 4821/4821 717/717 4786/4786
f 4804/4804 4805/4805 763/763
f 4813/4813 4712/4712 4709/4709
f 4816/4816 4683/4683 4676/4676
f 4802/4802 714/714 4806/4806
f 4807/4807 4811/4811 4674/4674
f 4820/4820 4817/4817 4822/4822
f 4809/4809 4823/4823 4682/4682
f 4810/4810 4809/4809 4683/4683
f 4805/4805 4790/4790 4802/4802
f 4823/4823 4706/4706 768/768
f 4682/4682 4683/4683 4809/4809
f 4817/4817 4709/4709 4708/4708
f 4823/4823 4809/4809 4706/4706
f 765/765 4806/4806 714/714
f 4682/4682 4823/4823 4677/4677
f 4628/4628 4821/4821 4786/4786
f 4706/4706 4810/4810 4707/4707
f 4819/4819 4818/4818 768/768
f 4812/4812 4802/4802 4786/4786
f 768/768 4818/4818 4823/4823
f 4683/4683 4822/4822 4810/4810
f 4812/4812 714/714 4802/4802
f 4813/4813 4709/4709 4817/4817
f 4818/4818 4677/4677 4823/4823
f 678/678 4819/4819 768/768
f 4821/4821 4819/4819 678/678
f 4628/4628 4819/4819 4821/4821
f 4817/4817 4707/4707 4822/4822
f 4712/4712 4808/4808 4711/4711
f 4737/4737 4728/4728 4587/4587
f 4603/4603 4600/4600 4598/4598
f 4701/4701 4583/4583 4595/4595
f 4642/4642 4727/4727 4630/4630
f 4696/4696 4694/4694 4634/4634
f 4634/4634 4609/4609 4681/4681
f 4660/4660 4796/4796 4797/4797
f 4639/4639 4773/4773 4640/4640
f 4615/4615 4660/4660 4698/4698
f 2300/2300 4784/4784 4659/4659
f 4584/4584 4762/4762 4763/4763
f 4657/4657 4656/4656 4605/4605
f 4600/4600 4603/4603 4685/4685
f 4790/4790 4772/4772 4802/4802
f 4739/4739 4696/4696 4634/4634
f 4681/4681 4771/4771 4634/4634
f 4796/4796 4824/4824 4792/4792
f 2317/2317 4666/4666 2319/2319
f 4792/4792 4824/4824 4791/4791
f 4659/4659 4796/4796 4660/4660
f 4670/4670 4615/4615 4585/4585
f 4660/4660 4615/4615 2302/2302
f 4790/4790 4788/4788 4763/4763
f 2300/2300 2323/2323 4784/4784
f 4825/4825 4665/4665 4791/4791
f 4785/4785 2319/2319 4825/4825
f 4740/4740 4762/4762 4699/4699
f 4739/4739 4790/4790 4763/4763
f 4615/4615 4595/4595 4585/4585
f 4802/4802 4787/4787 4786/4786
f 4666/4666 4825/4825 2319/2319
f 4701/4701 4595/4595 4616/4616
f 4659/4659 4784/4784 4785/4785
f 4659/4659 2302/2302 2300/2300
f 4603/4603 4602/4602 4636/4636
f 4824/4824 4785/4785 4825/4825
f 4636/4636 4662/4662 4741/4741
f 4771/4771 4626/4626 4772/4772
f 4777/4777 4592/4592 4594/4594
f 4684/4684 4678/4678 4611/4611
f 4763/4763 4740/4740 4739/4739
f 4801/4801 4788/4788 4790/4790
f 4665/4665 4825/4825 4666/4666
f 4796/4796 4659/4659 4785/4785
f 4791/4791 4824/4824 4825/4825
f 4796/4796 4785/4785 4824/4824
f 4688/4688 4614/4614 4621/4621
f 4626/4626 4771/4771 4681/4681
f 4634/4634 4771/4771 4739/4739
f 4826/4826 4827/4827 4828/4828
f 4829/4829 4830/4830 4831/4831
f 2829/2829 4832/4832 4833/4833
f 2294/2294 4834/4834 2297/2297
f 4835/4835 4837/4837 4838/4838
f 4840/4840 4841/4841 4842/4842
f 4843/4843 4844/4844 4845/4845
f 4846/4846 4848/4848 4849/4849
f 4827/4827 4850/4850 4832/4832
f 4851/4851 2297/2297 4834/4834
f 4851/4851 4834/4834 4852/4852
f 4853/4853 4854/4854 4855/4855
f 4827/4827 4856/4856 4850/4850
f 4849/4849 4857/4857 4858/4858
f 4857/4857 4849/4849 4848/4848
f 4848/4848 4846/4846 4859/4859
f 4846/4846 4860/4860 4861/4861
f 4863/4863 4826/4826 4864/4864
f 4849/4849 4860/4860 4846/4846
f 4849/4849 4858/4858 4860/4860
f 4865/4865 4866/4866 2202/2202
f 4858/4858 4868/4868 4860/4860
f 4861/4861 4860/4860 4868/4868
f 4869/4869 4870/4870 4618/4618
f 4871/4871 4872/4872 4850/4850
f 4873/4873 4874/4874 4875/4875
f 4841/4841 4840/4840 4876/4876
f 4877/4877 4878/4878 4879/4879
f 4876/4876 4840/4840 4880/4880
f 4826/4826 4863/4863 4827/4827
f 4841/4841 4863/4863 4881/4881
f 4833/4833 4882/4882 4883/4883
f 4884/4884 4885/4885 4880/4880
f 4881/4881 4886/4886 4842/4842
f 4887/4887 4888/4888 4889/4889
f 4890/4890 4842/4842 4886/4886
f 4863/4863 4891/4891 4881/4881
f 4892/4892 4893/4893 4894/4894
f 4885/4885 4884/4884 4895/4895
f 4886/4886 4881/4881 4896/4896
f 4897/4897 4829/4829 4898/4898
f 4891/4891 4896/4896 4881/4881
f 4852/4852 2824/2824 4851/4851
f 4899/4899 4900/4900 4887/4887
f 4827/4827 4863/4863 4856/4856
f 4856/4856 4871/4871 4850/4850
f 4901/4901 4890/4890 4886/4886
f 4864/4864 4891/4891 4863/4863
f 4896/4896 4901/4901 4886/4886
f 4902/4902 4903/4903 4904/4904
f 4891/4891 4864/4864 4905/4905
f 4830/4830 4829/4829 4872/4872
f 4906/4906 4864/4864 4826/4826
f 4890/4890 4907/4907 4895/4895
f 4896/4896 4905/4905 4901/4901
f 4908/4908 4909/4909 4901/4901
f 4853/4853 4855/4855 4910/4910
f 4834/4834 2294/2294 4911/4911
f 4903/4903 4902/4902 4892/4892
f 4912/4912 4887/4887 4889/4889
f 4913/4913 4914/4914 4909/4909
f 4843/4843 4915/4915 4916/4916
f 4885/4885 4895/4895 4917/4917
f 4907/4907 4890/4890 4918/4918
f 4890/4890 4884/4884 4842/4842
f 4883/4883 2780/2780 2804/2804
f 4872/4872 4919/4919 4833/4833
f 4895/4895 4844/4844 4916/4916
f 4829/4829 4897/4897 4920/4920
f 2829/2829 4833/4833 4883/4883
f 4864/4864 4906/4906 4905/4905
f 4907/4907 4844/4844 4895/4895
f 4921/4921 4922/4922 4892/4892
f 4906/4906 4826/4826 4852/4852
f 4901/4901 4905/4905 4908/4908
f 4913/4913 4909/4909 4908/4908
f 2832/2832 2834/2834 4832/4832
f 4890/4890 4909/4909 4918/4918
f 4917/4917 4923/4923 4889/4889
f 2294/2294 2202/2202 4911/4911
f 4866/4866 4906/4906 4852/4852
f 4924/4924 4907/4907 4918/4918
f 4908/4908 4905/4905 4903/4903
f 4924/4924 4918/4918 4925/4925
f 4925/4925 4909/4909 4914/4914
f 4865/4865 4906/4906 4866/4866
f 4926/4926 4927/4927 4928/4928
f 4827/4827 4929/4929 4828/4828
f 4930/4930 4931/4931 4932/4932
f 4933/4933 4935/4935 4937/4937
f 2780/2780 4883/4883 4882/4882
f 4833/4833 4938/4938 4882/4882
f 4939/4939 4940/4940 4941/4941
f 4872/4872 4829/4829 4919/4919
f 4919/4919 4920/4920 4942/4942
f 4866/4866 4911/4911 2202/2202
f 4943/4943 4944/4944 4945/4945
f 4932/4932 4946/4946 4947/4947
f 4885/4885 4888/4888 4948/4948
f 4949/4949 4899/4899 4912/4912
f 4904/4904 4950/4950 2126/2126
f 4951/4951 4874/4874 4952/4952
f 4953/4953 4954/4954 4619/4619
f 4838/4838 4837/4837 4897/4897
f 4872/4872 4832/4832 4850/4850
f 4908/4908 4955/4955 4913/4913
f 4830/4830 4956/4956 4900/4900
f 4957/4957 4944/4944 4960/4960
f 4943/4943 4945/4945 4949/4949
f 4944/4944 4943/4943 4960/4960
f 4888/4888 4885/4885 4917/4917
f 4917/4917 4889/4889 4888/4888
f 4889/4889 4961/4961 4912/4912
f 4852/4852 4929/4929 2824/2824
f 4899/4899 4949/4949 4945/4945
f 2766/2766 4851/4851 2824/2824
f 4903/4903 4905/4905 4950/4950
f 4955/4955 4908/4908 4903/4903
f 4955/4955 4914/4914 4913/4913
f 4901/4901 4909/4909 4890/4890
f 4871/4871 4962/4962 4963/4963
f 4896/4896 4891/4891 4905/4905
f 4950/4950 4865/4865 2126/2126
f 4914/4914 4955/4955 4894/4894
f 4949/4949 4912/4912 4935/4935
f 4924/4924 4914/4914 4855/4855
f 4830/4830 4871/4871 4956/4956
f 4964/4964 4854/4854 4853/4853
f 4948/4948 4956/4956 4965/4965
f 4894/4894 4955/4955 4892/4892
f 4966/4966 4914/4914 4894/4894
f 4914/4914 4966/4966 4855/4855
f 4902/4902 4921/4921 4892/4892
f 4853/4853 4967/4967 4964/4964
f 2824/2824 4929/4929 2834/2834
f 4894/4894 4968/4968 4966/4966
f 4968/4968 4894/4894 4893/4893
f 4953/4953 4869/4869 4969/4969
f 2190/2190 4921/4921 4902/4902
f 2190/2190 4904/4904 2124/2124
f 4910/4910 4967/4967 4853/4853
f 4970/4970 4961/4961 4972/4972
f 4922/4922 4893/4893 4892/4892
f 4973/4973 4968/4968 4893/4893
f 4974/4974 4939/4939 4975/4975
f 4976/4976 4967/4967 4977/4977
f 4954/4954 4953/4953 4974/4974
f 4921/4921 2132/2132 4922/4922
f 4967/4967 4910/4910 4977/4977
f 4922/4922 4973/4973 4893/4893
f 4973/4973 4910/4910 4968/4968
f 4978/4978 4976/4976 4977/4977
f 4979/4979 4980/4980 4981/4981
f 4933/4933 4943/4943 4949/4949
f 4975/4975 4976/4976 4982/4982
f 4983/4983 4954/4954 4974/4974
f 4865/4865 2202/2202 2126/2126
f 4933/4933 4960/4960 4943/4943
f 4910/4910 4978/4978 4977/4977
f 4984/4984 682/682 713/713
f 4975/4975 4982/4982 4983/4983
f 4985/4985 4979/4979 4986/4986
f 4987/4987 4988/4988 4989/4989
f 4990/4990 4985/4985 4986/4986
f 4991/4991 4984/4984 713/713
f 4989/4989 4988/4988 4984/4984
f 4992/4992 682/682 4984/4984
f 713/713 706/706 4991/4991
f 682/682 4992/4992 730/730
f 4989/4989 4993/4993 4987/4987
f 4989/4989 4984/4984 4991/4991
f 4991/4991 706/706 4994/4994
f 4986/4986 4995/4995 4868/4868
f 4991/4991 4994/4994 4989/4989
f 4996/4996 4997/4997 4998/4998
f 4999/4999 4989/4989 4994/4994
f 4979/4979 5000/5000 4980/4980
f 5000/5000 5001/5001 5002/5002
f 4994/4994 5001/5001 4999/4999
f 4994/4994 5002/5002 5001/5001
f 4986/4986 5003/5003 4995/4995
f 5003/5003 4981/4981 4980/4980
f 4923/4923 4961/4961 4889/4889
f 4858/4858 4998/4998 4990/4990
f 4905/4905 4906/4906 4865/4865
f 5004/5004 4996/4996 4998/4998
f 4998/4998 4997/4997 4990/4990
f 5001/5001 5000/5000 4979/4979
f 4923/4923 4917/4917 5005/5005
f 4857/4857 4998/4998 4858/4858
f 5006/5006 5007/5007 5008/5008
f 4984/4984 4988/4988 4992/4992
f 4922/4922 5009/5009 4973/4973
f 4986/4986 4858/4858 4990/4990
f 4997/4997 4985/4985 4990/4990
f 5010/5010 4917/4917 4916/4916
f 4999/4999 5001/5001 4979/4979
f 4998/4998 4857/4857 5004/5004
f 4999/4999 4993/4993 4989/4989
f 4985/4985 4997/4997 4999/4999
f 4999/4999 4979/4979 4985/4985
f 4986/4986 4868/4868 4858/4858
f 5003/5003 4986/4986 4981/4981
f 4986/4986 4979/4979 4981/4981
f 5004/5004 5011/5011 4996/4996
f 5011/5011 5012/5012 5013/5013
f 5012/5012 5011/5011 5014/5014
f 5004/5004 4857/4857 5014/5014
f 5014/5014 5015/5015 5012/5012
f 5014/5014 4857/4857 5016/5016
f 5016/5016 4857/4857 4848/4848
f 5015/5015 5014/5014 5016/5016
f 5016/5016 4848/4848 5017/5017
f 5016/5016 5017/5017 5018/5018
f 4878/4878 5019/5019 5020/5020
f 5018/5018 5019/5019 5015/5015
f 5004/5004 5014/5014 5011/5011
f 4859/4859 5021/5021 5017/5017
f 5021/5021 5018/5018 5017/5017
f 5020/5020 5022/5022 4878/4878
f 5020/5020 5019/5019 5018/5018
f 5023/5023 2782/2782 2780/2780
f 5024/5024 5018/5018 5021/5021
f 5020/5020 5018/5018 5024/5024
f 5025/5025 4879/4879 5022/5022
f 4859/4859 5017/5017 4848/4848
f 5026/5026 5027/5027 5028/5028
f 5029/5029 5031/5031 5032/5032
f 5021/5021 5031/5031 5024/5024
f 5024/5024 5034/5034 5020/5020
f 4910/4910 4973/4973 5035/5035
f 5034/5034 5026/5026 4879/4879
f 5032/5032 5034/5034 5029/5029
f 4982/4982 4976/4976 4978/4978
f 5034/5034 5032/5032 5026/5026
f 5013/5013 4996/4996 5011/5011
f 4879/4879 4878/4878 5022/5022
f 5008/5008 5036/5036 5037/5037
f 5010/5010 5005/5005 4917/4917
f 5021/5021 5038/5038 5031/5031
f 5027/5027 5040/5040 5042/5042
f 5028/5028 5027/5027 5042/5042
f 5043/5043 5027/5027 5026/5026
f 4954/4954 4983/4983 5045/5045
f 5046/5046 5005/5005 5047/5047
f 4618/4618 4870/4870 4619/4619
f 5048/5048 5008/5008 5037/5037
f 5008/5008 5048/5048 5006/5006
f 4954/4954 5049/5049 4619/4619
f 5022/5022 5034/5034 5025/5025
f 5042/5042 5040/5040 5037/5037
f 5046/5046 5047/5047 5006/5006
f 2132/2132 2131/2131 5009/5009
f 4923/4923 5005/5005 5046/5046
f 5015/5015 5016/5016 5018/5018
f 5048/5048 5037/5037 5050/5050
f 5040/5040 5050/5050 5037/5037
f 5027/5027 5051/5051 5040/5040
f 5006/5006 5053/5053 5054/5054
f 5035/5035 4978/4978 4910/4910
f 5038/5038 5021/5021 5055/5055
f 4982/4982 5045/5045 4983/4983
f 4973/4973 5009/5009 5035/5035
f 4978/4978 5057/5057 4982/4982
f 5058/5058 5046/5046 5059/5059
f 4800/4800 4619/4619 5049/5049
f 4859/4859 5055/5055 5021/5021
f 5053/5053 5050/5050 5060/5060
f 5048/5048 5050/5050 5053/5053
f 4904/4904 2190/2190 4902/4902
f 2124/2124 4904/4904 2126/2126
f 5046/5046 5058/5058 4923/4923
f 4972/4972 4923/4923 5058/5058
f 5009/5009 4922/4922 2132/2132
f 5062/5062 4972/4972 5058/5058
f 5059/5059 5054/5054 5064/5064
f 5009/5009 2131/2131 5065/5065
f 5046/5046 5006/5006 5054/5054
f 5067/5067 5058/5058 5059/5059
f 5043/5043 5026/5026 5032/5032
f 5029/5029 5034/5034 5024/5024
f 5057/5057 4978/4978 5035/5035
f 5062/5062 5068/5068 4972/4972
f 4982/4982 5057/5057 5045/5045
f 5060/5060 5064/5064 5053/5053
f 5049/5049 5045/5045 5070/5070
f 4970/4970 4937/4937 4935/4935
f 5023/5023 2780/2780 4938/4938
f 5071/5071 5072/5072 4930/4930
f 4928/4928 4873/4873 4926/4926
f 5045/5045 5057/5057 5070/5070
f 5048/5048 5053/5053 5006/5006
f 5067/5067 5059/5059 5064/5064
f 4882/4882 4938/4938 2780/2780
f 5064/5064 5060/5060 5073/5073
f 5065/5065 2131/2131 2315/2315
f 5042/5042 5036/5036 5028/5028
f 5065/5065 5057/5057 5035/5035
f 2132/2132 4921/4921 2190/2190
f 4800/4800 5070/5070 4671/4671
f 5010/5010 4916/4916 4915/4915
f 4892/4892 4955/4955 4903/4903
f 5043/5043 5051/5051 5027/5027
f 5073/5073 5067/5067 5064/5064
f 5065/5065 2315/2315 2305/2305
f 4673/4673 5057/5057 5065/5065
f 4932/4932 4964/4964 4946/4946
f 5067/5067 5062/5062 5058/5058
f 5036/5036 5075/5075 5028/5028
f 5026/5026 5028/5028 4879/4879
f 5050/5050 5040/5040 5060/5060
f 5020/5020 5034/5034 5022/5022
f 4920/4920 4919/4919 4829/4829
f 5053/5053 5064/5064 5054/5054
f 4870/4870 4869/4869 4953/4953
f 4879/4879 5025/5025 5034/5034
f 5059/5059 5046/5046 5054/5054
f 2829/2829 2832/2832 4832/4832
f 5037/5037 5036/5036 5042/5042
f 4963/4963 4956/4956 4871/4871
f 4833/4833 4832/4832 4872/4872
f 5024/5024 5031/5031 5029/5029
f 4938/4938 4942/4942 5076/5076
f 4970/4970 4972/4972 5068/5068
f 4935/4935 4961/4961 4970/4970
f 4942/4942 4920/4920 5077/5077
f 4916/4916 4844/4844 4843/4843
f 5047/5047 5005/5005 5010/5010
f 4961/4961 4923/4923 4972/4972
f 4915/4915 5047/5047 5010/5010
f 4927/4927 5028/5028 5071/5071
f 4946/4946 4951/4951 4952/4952
f 4878/4878 5078/5078 5019/5019
f 5079/5079 5078/5078 4875/4875
f 5078/5078 5079/5079 5019/5019
f 5079/5079 4875/4875 5080/5080
f 5015/5015 5019/5019 5079/5079
f 5081/5081 5082/5082 4940/4940
f 5081/5081 5083/5083 5080/5080
f 5084/5084 5015/5015 5079/5079
f 5081/5081 5085/5085 5083/5083
f 5083/5083 5086/5086 5080/5080
f 5086/5086 5083/5083 5085/5085
f 5082/5082 5080/5080 4875/4875
f 5084/5084 5087/5087 5012/5012
f 5088/5088 5086/5086 5085/5085
f 5089/5089 5087/5087 5086/5086
f 5090/5090 4997/4997 4996/4996
f 5088/5088 4939/4939 4974/4974
f 5091/5091 5086/5086 5088/5088
f 5089/5089 5013/5013 5087/5087
f 4997/4997 5090/5090 4999/4999
f 5090/5090 5013/5013 5092/5092
f 5093/5093 5089/5089 5091/5091
f 5013/5013 5089/5089 5092/5092
f 5090/5090 4993/4993 4999/4999
f 4974/4974 4969/4969 5094/5094
f 5091/5091 5094/5094 5095/5095
f 5091/5091 5095/5095 5093/5093
f 5090/5090 5092/5092 5096/5096
f 5093/5093 5092/5092 5089/5089
f 5090/5090 5096/5096 4993/4993
f 5095/5095 5094/5094 4969/4969
f 5093/5093 5095/5095 5097/5097
f 5093/5093 5098/5098 5092/5092
f 5097/5097 4969/4969 5099/5099
f 5100/5100 5101/5101 5102/5102
f 5098/5098 5099/5099 5103/5103
f 5104/5104 4988/4988 4987/4987
f 4969/4969 5101/5101 5099/5099
f 5104/5104 5103/5103 5099/5099
f 5104/5104 4992/4992 4988/4988
f 4965/4965 4956/4956 4963/4963
f 4830/4830 4900/4900 4831/4831
f 5099/5099 5100/5100 5105/5105
f 5092/5092 5098/5098 5103/5103
f 5106/5106 758/758 730/730
f 4618/4618 5102/5102 4869/4869
f 4898/4898 4829/4829 4831/4831
f 5102/5102 4815/4815 5107/5107
f 5108/5108 5109/5109 5110/5110
f 5106/5106 4992/4992 5104/5104
f 5111/5111 5108/5108 5002/5002
f 5107/5107 784/784 5105/5105
f 5002/5002 5108/5108 5000/5000
f 4815/4815 784/784 5107/5107
f 4815/4815 5102/5102 4618/4618
f 5110/5110 5112/5112 5114/5114
f 5094/5094 5091/5091 5088/5088
f 740/740 5115/5115 700/700
f 5109/5109 5111/5111 5115/5115
f 5099/5099 5101/5101 5100/5100
f 4887/4887 4900/4900 4956/4956
f 4866/4866 4834/4834 4911/4911
f 4844/4844 4907/4907 4931/4931
f 4866/4866 4852/4852 4834/4834
f 5012/5012 5015/5015 5084/5084
f 4939/4939 5088/5088 5085/5085
f 5023/5023 5116/5116 2782/2782
f 4952/4952 4874/4874 4873/4873
f 5110/5110 5115/5115 5112/5112
f 4917/4917 4895/4895 4916/4916
f 5081/5081 4939/4939 5085/5085
f 4845/4845 4844/4844 4931/4931
f 5116/5116 5023/5023 4938/4938
f 5116/5116 4938/4938 5076/5076
f 4942/4942 5077/5077 5076/5076
f 5077/5077 4920/4920 4897/4897
f 4845/4845 5007/5007 4843/4843
f 4931/4931 5072/5072 4845/4845
f 4845/4845 5118/5118 5007/5007
f 5105/5105 5104/5104 5099/5099
f 4964/4964 4932/4932 4854/4854
f 5008/5008 5007/5007 5118/5118
f 730/730 4992/4992 5106/5106
f 4947/4947 4930/4930 4932/4932
f 5099/5099 5098/5098 5097/5097
f 5118/5118 5072/5072 5071/5071
f 5098/5098 5093/5093 5097/5097
f 5035/5035 5009/5009 5065/5065
f 5008/5008 5118/5118 5075/5075
f 4929/4929 4832/4832 2834/2834
f 5086/5086 5084/5084 5080/5080
f 706/706 5002/5002 4994/4994
f 758/758 5105/5105 784/784
f 4964/4964 4951/4951 4946/4946
f 5109/5109 5108/5108 5111/5111
f 5105/5105 5100/5100 5107/5107
f 4940/4940 5119/5119 4941/4941
f 5106/5106 5104/5104 5105/5105
f 4935/4935 4933/4933 4949/4949
f 4878/4878 4926/4926 4873/4873
f 5101/5101 4869/4869 5102/5102
f 706/706 698/698 5002/5002
f 4947/4947 5071/5071 4930/4930
f 4879/4879 5028/5028 4877/4877
f 5118/5118 5071/5071 5075/5075
f 5036/5036 5008/5008 5075/5075
f 5120/5120 5110/5110 5122/5122
f 5080/5080 5084/5084 5079/5079
f 4954/4954 5045/5045 5049/5049
f 4929/4929 4852/4852 4828/4828
f 4915/4915 5006/5006 5047/5047
f 5090/5090 4996/4996 5013/5013
f 700/700 5115/5115 5111/5111
f 4900/4900 4899/4899 4831/4831
f 4831/4831 4945/4945 4898/4898
f 4987/4987 5103/5103 5104/5104
f 4969/4969 5097/5097 5095/5095
f 4946/4946 4952/4952 4947/4947
f 4956/4956 4948/4948 4887/4887
f 5012/5012 5087/5087 5013/5013
f 4897/4897 4837/4837 5076/5076
f 5086/5086 5087/5087 5084/5084
f 4869/4869 5101/5101 4969/4969
f 5089/5089 5086/5086 5091/5091
f 5102/5102 5107/5107 5100/5100
f 4931/4931 4907/4907 4854/4854
f 4855/4855 4854/4854 4924/4924
f 5103/5103 4993/4993 5096/5096
f 4851/4851 2766/2766 2297/2297
f 758/758 5106/5106 5105/5105
f 4940/4940 4939/4939 5081/5081
f 5119/5119 4951/4951 4964/4964
f 5078/5078 4878/4878 4873/4873
f 4884/4884 4890/4890 4895/4895
f 5082/5082 5081/5081 5080/5080
f 5076/5076 4835/4835 5116/5116
f 4993/4993 5103/5103 4987/4987
f 5076/5076 5077/5077 4897/4897
f 4897/4897 4898/4898 4957/4957
f 4935/4935 4912/4912 4961/4961
f 5103/5103 5096/5096 5092/5092
f 4942/4942 4938/4938 4833/4833
f 4974/4974 5094/5094 5088/5088
f 4983/4983 4974/4974 4975/4975
f 4962/4962 4871/4871 4856/4856
f 5071/5071 4947/4947 4927/4927
f 4903/4903 4950/4950 4904/4904
f 5028/5028 4927/4927 4877/4877
f 4941/4941 4976/4976 4975/4975
f 5028/5028 5075/5075 5071/5071
f 4831/4831 4899/4899 4945/4945
f 4944/4944 4898/4898 4945/4945
f 5006/5006 4843/4843 5007/5007
f 4832/4832 4929/4929 4827/4827
f 5109/5109 5115/5115 5110/5110
f 4952/4952 4927/4927 4947/4947
f 4925/4925 4918/4918 4909/4909
f 5119/5119 5082/5082 4951/4951
f 4964/4964 4941/4941 5119/5119
f 4619/4619 4870/4870 4953/4953
f 4928/4928 4927/4927 4952/4952
f 4842/4842 4884/4884 4840/4840
f 4907/4907 4924/4924 4854/4854
f 4875/4875 4951/4951 5082/5082
f 4940/4940 5082/5082 5119/5119
f 4673/4673 5065/5065 2305/2305
f 4828/4828 4852/4852 4826/4826
f 4880/4880 4840/4840 4884/4884
f 4671/4671 5057/5057 4673/4673
f 4952/4952 4873/4873 4928/4928
f 4873/4873 4875/4875 5078/5078
f 4964/4964 4967/4967 4941/4941
f 4962/4962 5124/5124 5125/5125
f 5125/5125 4963/4963 4962/4962
f 5125/5125 4876/4876 4965/4965
f 4876/4876 4880/4880 4965/4965
f 5124/5124 4962/4962 4856/4856
f 5124/5124 4856/4856 4863/4863
f 5124/5124 4841/4841 4876/4876
f 4963/4963 5125/5125 4965/4965
f 5125/5125 5124/5124 4876/4876
f 4863/4863 4841/4841 5124/5124
f 4932/4932 4931/4931 4854/4854
f 740/740 5112/5112 5115/5115
f 4888/4888 4887/4887 4948/4948
f 4887/4887 4912/4912 4899/4899
f 5000/5000 5108/5108 5120/5120
f 4835/4835 5076/5076 4837/4837
f 4800/4800 5049/5049 5070/5070
f 4880/4880 4948/4948 4965/4965
f 4865/4865 4950/4950 4905/4905
f 5120/5120 5108/5108 5110/5110
f 4855/4855 4966/4966 4910/4910
f 5057/5057 4671/4671 5070/5070
f 5114/5114 5112/5112 782/782
f 5120/5120 4980/4980 5000/5000
f 2303/2303 4673/4673 2305/2305
f 5072/5072 4931/4931 4930/4930
f 5126/5126 4980/4980 5120/5120
f 5122/5122 5110/5110 5114/5114
f 4924/4924 4925/4925 4914/4914
f 4859/4859 4846/4846 5128/5128
f 4875/4875 4874/4874 4951/4951
f 4868/4868 4995/4995 5130/5130
f 5128/5128 5055/5055 4859/4859
f 700/700 5111/5111 698/698
f 5003/5003 4980/4980 5126/5126
f 4897/4897 4957/4957 4838/4838
f 4968/4968 4910/4910 4966/4966
f 4944/4944 4957/4957 4898/4898
f 5130/5130 4995/4995 5132/5132
f 4995/4995 5003/5003 5132/5132
f 698/698 5111/5111 5002/5002
f 782/782 5112/5112 740/740
f 4941/4941 4967/4967 4976/4976
f 4939/4939 4941/4941 4975/4975
f 4842/4842 4841/4841 4881/4881
f 4883/4883 2804/2804 2829/2829
f 4843/4843 5006/5006 4915/4915
f 4830/4830 4872/4872 4871/4871
f 5132/5132 5003/5003 5126/5126
f 4877/4877 4926/4926 4878/4878
f 4880/4880 4885/4885 4948/4948
f 4953/4953 4969/4969 4974/4974
f 4833/4833 4919/4919 4942/4942
f 4845/4845 5072/5072 5118/5118
f 4926/4926 4877/4877 4927/4927
f 5134/5134 1810/1810 5135/5135
f 5136/5136 5137/5137 5138/5138
f 5139/5139 5138/5138 5140/5140
f 5141/5141 1942/1942 5142/5142
f 5142/5142 1942/1942 5143/5143
f 1912/1912 5144/5144 1942/1942
f 1942/1942 5141/5141 1891/1891
f 1942/1942 5144/5144 5143/5143
f 5145/5145 5146/5146 5147/5147
f 5148/5148 5149/5149 5142/5142
f 5150/5150 5151/5151 5140/5140
f 5152/5152 5153/5153 5154/5154
f 5140/5140 5151/5151 5155/5155
f 5156/5156 5157/5157 5158/5158
f 5159/5159 4066/4066 3974/3974
f 5160/5160 5161/5161 5162/5162
f 5163/5163 5164/5164 5165/5165
f 5166/5166 5149/5149 5167/5167
f 5168/5168 5162/5162 5169/5169
f 4061/4061 4066/4066 5170/5170
f 5170/5170 4066/4066 5171/5171
f 4061/4061 5170/5170 1916/1916
f 5169/5169 5143/5143 5172/5172
f 5165/5165 5170/5170 5171/5171
f 5165/5165 5171/5171 5163/5163
f 5162/5162 5173/5173 5169/5169
f 1912/1912 5170/5170 5165/5165
f 1912/1912 1916/1916 5170/5170
f 5174/5174 5164/5164 5163/5163
f 5175/5175 5176/5176 5177/5177
f 5144/5144 5164/5164 5172/5172
f 5178/5178 5179/5179 5175/5175
f 5143/5143 5144/5144 5172/5172
f 5173/5173 5176/5176 5180/5180
f 5164/5164 5144/5144 5165/5165
f 5168/5168 5181/5181 5160/5160
f 5169/5169 5172/5172 5168/5168
f 5173/5173 5161/5161 5176/5176
f 5182/5182 5172/5172 5164/5164
f 5160/5160 5162/5162 5168/5168
f 5144/5144 1912/1912 5165/5165
f 5168/5168 5172/5172 5182/5182
f 5182/5182 5164/5164 5174/5174
f 5161/5161 5173/5173 5162/5162
f 5179/5179 5183/5183 5175/5175
f 5183/5183 5180/5180 5175/5175
f 5181/5181 5168/5168 5182/5182
f 5180/5180 5176/5176 5175/5175
f 5177/5177 5178/5178 5175/5175
f 5156/5156 5184/5184 5157/5157
f 5140/5140 3154/3154 5139/5139
f 5185/5185 5186/5186 5150/5150
f 1812/1812 1810/1810 5134/5134
f 3115/3115 5187/5187 5188/5188
f 5141/5141 1780/1780 1891/1891
f 5189/5189 5190/5190 5191/5191
f 5190/5190 5192/5192 5163/5163
f 4066/4066 5159/5159 5190/5190
f 5171/5171 5190/5190 5163/5163
f 4066/4066 5190/5190 5171/5171
f 5189/5189 5192/5192 5190/5190
f 5148/5148 5193/5193 5149/5149
f 3206/3206 5157/5157 5194/5194
f 5187/5187 3115/3115 5152/5152
f 3183/3183 5146/5146 5145/5145
f 3115/3115 5188/5188 3128/3128
f 5195/5195 5196/5196 5197/5197
f 5198/5198 5199/5199 5195/5195
f 5196/5196 5200/5200 5197/5197
f 5197/5197 5201/5201 5195/5195
f 5202/5202 5201/5201 5197/5197
f 5200/5200 5203/5203 5197/5197
f 5204/5204 5195/5195 5199/5199
f 5196/5196 5195/5195 5204/5204
f 5197/5197 5203/5203 5205/5205
f 5205/5205 5202/5202 5197/5197
f 5202/5202 5205/5205 5206/5206
f 5207/5207 3584/3584 5208/5208
f 5209/5209 5210/5210 5204/5204
f 5208/5208 5211/5211 5212/5212
f 5213/5213 5210/5210 5211/5211
f 5214/5214 5215/5215 5216/5216
f 5212/5212 5209/5209 5204/5204
f 5217/5217 5210/5210 5213/5213
f 5209/5209 5211/5211 5210/5210
f 5217/5217 5218/5218 5210/5210
f 5211/5211 5209/5209 5212/5212
f 5219/5219 5184/5184 5218/5218
f 5187/5187 5152/5152 5220/5220
f 3584/3584 5215/5215 5213/5213
f 5213/5213 5215/5215 5217/5217
f 5221/5221 5186/5186 5185/5185
f 3588/3588 3584/3584 5207/5207
f 5149/5149 5222/5222 5223/5223
f 5204/5204 5210/5210 5224/5224
f 5179/5179 5225/5225 5156/5156
f 5213/5213 5211/5211 5208/5208
f 5226/5226 5180/5180 5183/5183
f 5213/5213 5208/5208 3584/3584
f 1780/1780 5141/5141 5166/5166
f 3206/3206 5194/5194 3200/3200
f 3200/3200 5216/5216 1733/1733
f 3188/3188 5145/5145 3206/3206
f 5214/5214 5216/5216 3200/3200
f 5135/5135 5227/5227 5134/5134
f 3206/3206 5145/5145 5147/5147
f 5147/5147 5146/5146 5228/5228
f 3157/3157 5155/5155 3180/3180
f 5184/5184 5214/5214 5194/5194
f 5147/5147 5157/5157 3206/3206
f 5157/5157 5147/5147 5158/5158
f 5151/5151 5146/5146 3183/3183
f 5155/5155 3154/3154 5140/5140
f 5156/5156 5158/5158 5229/5229
f 5186/5186 5151/5151 5150/5150
f 5223/5223 5150/5150 5140/5140
f 5139/5139 3154/3154 3147/3147
f 5229/5229 5230/5230 5156/5156
f 5229/5229 5228/5228 5186/5186
f 5223/5223 5226/5226 5150/5150
f 5136/5136 5138/5138 5139/5139
f 5229/5229 5221/5221 5230/5230
f 5156/5156 5230/5230 5179/5179
f 5186/5186 5221/5221 5229/5229
f 5185/5185 5150/5150 5226/5226
f 5223/5223 5222/5222 5226/5226
f 5136/5136 3147/3147 5188/5188
f 5221/5221 5183/5183 5230/5230
f 5230/5230 5183/5183 5179/5179
f 5226/5226 5221/5221 5185/5185
f 3147/3147 3128/3128 5188/5188
f 5222/5222 5180/5180 5226/5226
f 5193/5193 5222/5222 5149/5149
f 5187/5187 5136/5136 5188/5188
f 5137/5137 5136/5136 5231/5231
f 5138/5138 5137/5137 5167/5167
f 5221/5221 5226/5226 5183/5183
f 5222/5222 5232/5232 5180/5180
f 5232/5232 5222/5222 5193/5193
f 5136/5136 5187/5187 5231/5231
f 5135/5135 5137/5137 5231/5231
f 3117/3117 5152/5152 3115/3115
f 3078/3078 5152/5152 3117/3117
f 5232/5232 5173/5173 5180/5180
f 5193/5193 5148/5148 5173/5173
f 5173/5173 5232/5232 5193/5193
f 5227/5227 5231/5231 5187/5187
f 1790/1790 5166/5166 5167/5167
f 5149/5149 5166/5166 5142/5142
f 5135/5135 1786/1786 5137/5137
f 5143/5143 5148/5148 5142/5142
f 5169/5169 5173/5173 5148/5148
f 5187/5187 5220/5220 5227/5227
f 1780/1780 5166/5166 1790/1790
f 1786/1786 5135/5135 1788/1788
f 3043/3043 5153/5153 3078/3078
f 5227/5227 5220/5220 5134/5134
f 1788/1788 5135/5135 1810/1810
f 5154/5154 5153/5153 3043/3043
f 5220/5220 5154/5154 5134/5134
f 1939/1939 5154/5154 3043/3043
f 5154/5154 1812/1812 5134/5134
f 1843/1843 5154/5154 1939/1939
f 1843/1843 1812/1812 5154/5154
f 5200/5200 5178/5178 5233/5233
f 5146/5146 5186/5186 5228/5228
f 5234/5234 5235/5235 5236/5236
f 5237/5237 5218/5218 5225/5225
f 5224/5224 5210/5210 5218/5218
f 5218/5218 5217/5217 5219/5219
f 5224/5224 5218/5218 5237/5237
f 5151/5151 5186/5186 5146/5146
f 5219/5219 5214/5214 5184/5184
f 5224/5224 5196/5196 5204/5204
f 5219/5219 5217/5217 5215/5215
f 5200/5200 5225/5225 5178/5178
f 5236/5236 5238/5238 5239/5239
f 5240/5240 5238/5238 5236/5236
f 5241/5241 5242/5242 5235/5235
f 5235/5235 5242/5242 5240/5240
f 5234/5234 5236/5236 5239/5239
f 5236/5236 5235/5235 5240/5240
f 5235/5235 5234/5234 5241/5241
f 5240/5240 5243/5243 5238/5238
f 5244/5244 5243/5243 5240/5240
f 5245/5245 5246/5246 5247/5247
f 5248/5248 5249/5249 5250/5250
f 5206/5206 5251/5251 5202/5202
f 5252/5252 5253/5253 5254/5254
f 5248/5248 5255/5255 5252/5252
f 5256/5256 5255/5255 5257/5257
f 5258/5258 5259/5259 5201/5201
f 5256/5256 5260/5260 5261/5261
f 5262/5262 5263/5263 5264/5264
f 5265/5265 5266/5266 5263/5263
f 5267/5267 5268/5268 5269/5269
f 5201/5201 5270/5270 5195/5195
f 5271/5271 5253/5253 5252/5252
f 5206/5206 5268/5268 5253/5253
f 5260/5260 5256/5256 5272/5272
f 5273/5273 5265/5265 5274/5274
f 5275/5275 5263/5263 5276/5276
f 5257/5257 5272/5272 5256/5256
f 5202/5202 5251/5251 5258/5258
f 5272/5272 5277/5277 5260/5260
f 5248/5248 5254/5254 5278/5278
f 5267/5267 5253/5253 5268/5268
f 5254/5254 5253/5253 5267/5267
f 5279/5279 5280/5280 5260/5260
f 5268/5268 5206/5206 5269/5269
f 5252/5252 5256/5256 5271/5271
f 5281/5281 4003/4003 5282/5282
f 5248/5248 5278/5278 5283/5283
f 5271/5271 5251/5251 5253/5253
f 5270/5270 5198/5198 5195/5195
f 5284/5284 5282/5282 4056/4056
f 5191/5191 4036/4036 5285/5285
f 5286/5286 5259/5259 5280/5280
f 5287/5287 5280/5280 5279/5279
f 5288/5288 5250/5250 5249/5249
f 5202/5202 5258/5258 5201/5201
f 5249/5249 5248/5248 5283/5283
f 5280/5280 5259/5259 5261/5261
f 5289/5289 5279/5279 5260/5260
f 5283/5283 5278/5278 5281/5281
f 5252/5252 5254/5254 5248/5248
f 5290/5290 5291/5291 5292/5292
f 5252/5252 5255/5255 5256/5256
f 5291/5291 5189/5189 5292/5292
f 5267/5267 5293/5293 5291/5291
f 5290/5290 5267/5267 5291/5291
f 5270/5270 5259/5259 5286/5286
f 5287/5287 5279/5279 5294/5294
f 5258/5258 5251/5251 5271/5271
f 5284/5284 5288/5288 5249/5249
f 5283/5283 5295/5295 5249/5249
f 5281/5281 5278/5278 5285/5285
f 5270/5270 5286/5286 5198/5198
f 5296/5296 5264/5264 5286/5286
f 5259/5259 5258/5258 5261/5261
f 5198/5198 5286/5286 5297/5297
f 5293/5293 5189/5189 5291/5291
f 5270/5270 5201/5201 5259/5259
f 5261/5261 5260/5260 5280/5280
f 5191/5191 5285/5285 5292/5292
f 5254/5254 5267/5267 5290/5290
f 5285/5285 5298/5298 5281/5281
f 5273/5273 5244/5244 5299/5299
f 5282/5282 5295/5295 5281/5281
f 5191/5191 5292/5292 5189/5189
f 5264/5264 5275/5275 5286/5286
f 4056/4056 5282/5282 4038/4038
f 5255/5255 5250/5250 5257/5257
f 5282/5282 5284/5284 5295/5295
f 5298/5298 5285/5285 4036/4036
f 5261/5261 5258/5258 5271/5271
f 5275/5275 5297/5297 5286/5286
f 5264/5264 5263/5263 5275/5275
f 5280/5280 5296/5296 5286/5286
f 5152/5152 5154/5154 5220/5220
f 5138/5138 5167/5167 5300/5300
f 5196/5196 5224/5224 5200/5200
f 1744/1744 5215/5215 3584/3584
f 4036/4036 3971/3971 5298/5298
f 5275/5275 5276/5276 5297/5297
f 5274/5274 5246/5246 5245/5245
f 5246/5246 5263/5263 5262/5262
f 5290/5290 5292/5292 5278/5278
f 5247/5247 5246/5246 5262/5262
f 5264/5264 5296/5296 5262/5262
f 5253/5253 5251/5251 5206/5206
f 5276/5276 5263/5263 5301/5301
f 5296/5296 5280/5280 5287/5287
f 5293/5293 5267/5267 5269/5269
f 5274/5274 5244/5244 5273/5273
f 5299/5299 5265/5265 5273/5273
f 5263/5263 5246/5246 5265/5265
f 5302/5302 5303/5303 5304/5304
f 5249/5249 5295/5295 5284/5284
f 5274/5274 5265/5265 5246/5246
f 5212/5212 5304/5304 5305/5305
f 5285/5285 5278/5278 5292/5292
f 5306/5306 5307/5307 5308/5308
f 5271/5271 5256/5256 5261/5261
f 5266/5266 5301/5301 5263/5263
f 5284/5284 4056/4056 5288/5288
f 5250/5250 5255/5255 5248/5248
f 3971/3971 4003/4003 5298/5298
f 5296/5296 5247/5247 5262/5262
f 5290/5290 5278/5278 5254/5254
f 5281/5281 5298/5298 4003/4003
f 5295/5295 5283/5283 5281/5281
f 4003/4003 4038/4038 5282/5282
f 5289/5289 5294/5294 5279/5279
f 5309/5309 5276/5276 5310/5310
f 5310/5310 5212/5212 5204/5204
f 3540/3540 3534/3534 5311/5311
f 5310/5310 5302/5302 5304/5304
f 5307/5307 5306/5306 5299/5299
f 5303/5303 5312/5312 5313/5313
f 5297/5297 5276/5276 5309/5309
f 3532/3532 5314/5314 5313/5313
f 5310/5310 5304/5304 5212/5212
f 5314/5314 3592/3592 5305/5305
f 5312/5312 3534/3534 5313/5313
f 5313/5313 5304/5304 5303/5303
f 5303/5303 5302/5302 5301/5301
f 5312/5312 5303/5303 5266/5266
f 5305/5305 5208/5208 5212/5212
f 5276/5276 5302/5302 5310/5310
f 5297/5297 5309/5309 5198/5198
f 5312/5312 5266/5266 5306/5306
f 5314/5314 5304/5304 5313/5313
f 5204/5204 5199/5199 5310/5310
f 5307/5307 5299/5299 5244/5244
f 3532/3532 5313/5313 3534/3534
f 5207/5207 5208/5208 5305/5305
f 5309/5309 5310/5310 5199/5199
f 3532/3532 3592/3592 5314/5314
f 5301/5301 5266/5266 5303/5303
f 5242/5242 5241/5241 5315/5315
f 5311/5311 3534/3534 5312/5312
f 5241/5241 3541/3541 5315/5315
f 3592/3592 5207/5207 5305/5305
f 5312/5312 5306/5306 5311/5311
f 5266/5266 5265/5265 5306/5306
f 5276/5276 5301/5301 5302/5302
f 5306/5306 5308/5308 5311/5311
f 5308/5308 5316/5316 5311/5311
f 5306/5306 5265/5265 5299/5299
f 5305/5305 5304/5304 5314/5314
f 5240/5240 5308/5308 5307/5307
f 5317/5317 5318/5318 5319/5319
f 5234/5234 5320/5320 5321/5321
f 5207/5207 3592/3592 3588/3588
f 5322/5322 5323/5323 5324/5324
f 3803/3803 5325/5325 5288/5288
f 5296/5296 5326/5326 5247/5247
f 5214/5214 5219/5219 5215/5215
f 5327/5327 5324/5324 5323/5323
f 5178/5178 5225/5225 5179/5179
f 5200/5200 5224/5224 5237/5237
f 5156/5156 5218/5218 5184/5184
f 1744/1744 5216/5216 5215/5215
f 5156/5156 5225/5225 5218/5218
f 5199/5199 5198/5198 5309/5309
f 5311/5311 5316/5316 3540/3540
f 5319/5319 5328/5328 5317/5317
f 5225/5225 5200/5200 5237/5237
f 5203/5203 5200/5200 5233/5233
f 5323/5323 5329/5329 5327/5327
f 5330/5330 5331/5331 5332/5332
f 3546/3546 5241/5241 5234/5234
f 5333/5333 5334/5334 5335/5335
f 5336/5336 5337/5337 5243/5243
f 5149/5149 5300/5300 5167/5167
f 5260/5260 5277/5277 5289/5289
f 5153/5153 5152/5152 3078/3078
f 5338/5338 5339/5339 5340/5340
f 3183/3183 5145/5145 3188/3188
f 5272/5272 5341/5341 5277/5277
f 5342/5342 5337/5337 5343/5343
f 5344/5344 5345/5345 5320/5320
f 5228/5228 5158/5158 5147/5147
f 5155/5155 5151/5151 3183/3183
f 5338/5338 5244/5244 5274/5274
f 1786/1786 1790/1790 5167/5167
f 5234/5234 5321/5321 3429/3429
f 5223/5223 5140/5140 5149/5149
f 5322/5322 5343/5343 5337/5337
f 5346/5346 5347/5347 5348/5348
f 1059/1059 5349/5349 5350/5350
f 5287/5287 5294/5294 5351/5351
f 3803/3803 3877/3877 5325/5325
f 3875/3875 5346/5346 3877/3877
f 5332/5332 5331/5331 5247/5247
f 5250/5250 5288/5288 5325/5325
f 5352/5352 5289/5289 5277/5277
f 5344/5344 5234/5234 5239/5239
f 5353/5353 5354/5354 5355/5355
f 5349/5349 1062/1062 5320/5320
f 5328/5328 5319/5319 5330/5330
f 5355/5355 5250/5250 5325/5325
f 5334/5334 5354/5354 5356/5356
f 5317/5317 5328/5328 5326/5326
f 5319/5319 5357/5357 5330/5330
f 5353/5353 5348/5348 5358/5358
f 5333/5333 5335/5335 5352/5352
f 5344/5344 5342/5342 5343/5343
f 5354/5354 5334/5334 5341/5341
f 5321/5321 3410/3410 3429/3429
f 5340/5340 5339/5339 5327/5327
f 5243/5243 5337/5337 5342/5342
f 5338/5338 5340/5340 5336/5336
f 5332/5332 5326/5326 5328/5328
f 5245/5245 5331/5331 5338/5338
f 5318/5318 5357/5357 5319/5319
f 1062/1062 3410/3410 5320/5320
f 5357/5357 5359/5359 5360/5360
f 5360/5360 5327/5327 5339/5339
f 5336/5336 5244/5244 5338/5338
f 5360/5360 5330/5330 5357/5357
f 5349/5349 5320/5320 5345/5345
f 1059/1059 1062/1062 5349/5349
f 5351/5351 5335/5335 5361/5361
f 5345/5345 5350/5350 5349/5349
f 3410/3410 5321/5321 5320/5320
f 5320/5320 5234/5234 5344/5344
f 5234/5234 3429/3429 3435/3435
f 5342/5342 5344/5344 5239/5239
f 5356/5356 5362/5362 5334/5334
f 3546/3546 5234/5234 3435/3435
f 5342/5342 5239/5239 5238/5238
f 5243/5243 5342/5342 5238/5238
f 5322/5322 5337/5337 5329/5329
f 5329/5329 5337/5337 5336/5336
f 5244/5244 5336/5336 5243/5243
f 5323/5323 5322/5322 5329/5329
f 5340/5340 5329/5329 5336/5336
f 5327/5327 5329/5329 5340/5340
f 5245/5245 5338/5338 5274/5274
f 5324/5324 5327/5327 5363/5363
f 5338/5338 5331/5331 5339/5339
f 5363/5363 5327/5327 5360/5360
f 5360/5360 5339/5339 5330/5330
f 5330/5330 5339/5339 5331/5331
f 5247/5247 5331/5331 5245/5245
f 5360/5360 5359/5359 5363/5363
f 5330/5330 5332/5332 5328/5328
f 5247/5247 5326/5326 5332/5332
f 5359/5359 5357/5357 5318/5318
f 5326/5326 5296/5296 5287/5287
f 5361/5361 5318/5318 5317/5317
f 5326/5326 5351/5351 5317/5317
f 5287/5287 5351/5351 5326/5326
f 5317/5317 5351/5351 5361/5361
f 5294/5294 5335/5335 5351/5351
f 5294/5294 5352/5352 5335/5335
f 5352/5352 5294/5294 5289/5289
f 5277/5277 5333/5333 5352/5352
f 5277/5277 5341/5341 5333/5333
f 5334/5334 5333/5333 5341/5341
f 5362/5362 5335/5335 5334/5334
f 5341/5341 5272/5272 5257/5257
f 5341/5341 5257/5257 5354/5354
f 5354/5354 5353/5353 5356/5356
f 5257/5257 5355/5355 5354/5354
f 5142/5142 5166/5166 5141/5141
f 3180/3180 5155/5155 3183/3183
f 5356/5356 5353/5353 5358/5358
f 5228/5228 5229/5229 5158/5158
f 5157/5157 5184/5184 5194/5194
f 5167/5167 5137/5137 1786/1786
f 3157/3157 3154/3154 5155/5155
f 5300/5300 5149/5149 5138/5138
f 5250/5250 5355/5355 5257/5257
f 5364/5364 5365/5365 5366/5366
f 5181/5181 5367/5367 5368/5368
f 5353/5353 5355/5355 5348/5348
f 5181/5181 5182/5182 5367/5367
f 5367/5367 5174/5174 5192/5192
f 5368/5368 5176/5176 5161/5161
f 5366/5366 5233/5233 5364/5364
f 5161/5161 5160/5160 5368/5368
f 5365/5365 5364/5364 5368/5368
f 5368/5368 5160/5160 5181/5181
f 5177/5177 5233/5233 5178/5178
f 5174/5174 5163/5163 5192/5192
f 5348/5348 5347/5347 5358/5358
f 5192/5192 5365/5365 5367/5367
f 5206/5206 5205/5205 5366/5366
f 5364/5364 5177/5177 5368/5368
f 5348/5348 5355/5355 5325/5325
f 5369/5369 5365/5365 5192/5192
f 5176/5176 5368/5368 5177/5177
f 5348/5348 5325/5325 3877/3877
f 5365/5365 5293/5293 5366/5366
f 5182/5182 5174/5174 5367/5367
f 5364/5364 5233/5233 5177/5177
f 5189/5189 5369/5369 5192/5192
f 5368/5368 5367/5367 5365/5365
f 5369/5369 5293/5293 5365/5365
f 5347/5347 5346/5346 3875/3875
f 5293/5293 5269/5269 5366/5366
f 5366/5366 5203/5203 5233/5233
f 5293/5293 5369/5369 5189/5189
f 5269/5269 5206/5206 5366/5366
f 5366/5366 5205/5205 5203/5203
f 3877/3877 5346/5346 5348/5348
f 5370/5370 5335/5335 5371/5371
f 5316/5316 3541/3541 3540/3540
f 5315/5315 5308/5308 5240/5240
f 5359/5359 1271/1271 5363/5363
f 3208/3208 3142/3142 5372/5372
f 5315/5315 5316/5316 5308/5308
f 5373/5373 5345/5345 5344/5344
f 5374/5374 5359/5359 5318/5318
f 5322/5322 832/832 873/873
f 5139/5139 3147/3147 5136/5136
f 5375/5375 5376/5376 5372/5372
f 5377/5377 5378/5378 5374/5374
f 1271/1271 5359/5359 3195/3195
f 5315/5315 3541/3541 5316/5316
f 5361/5361 5335/5335 5370/5370
f 3546/3546 3541/3541 5241/5241
f 5375/5375 3875/3875 3947/3947
f 5231/5231 5227/5227 5135/5135
f 5307/5307 5244/5244 5240/5240
f 3208/3208 5372/5372 3210/3210
f 5378/5378 5371/5371 5379/5379
f 3107/3107 5378/5378 3105/3105
f 5194/5194 5214/5214 3200/3200
f 5240/5240 5242/5242 5315/5315
f 5190/5190 5159/5159 4036/4036
f 5359/5359 5374/5374 3195/3195
f 5371/5371 5378/5378 5377/5377
f 1744/1744 1733/1733 5216/5216
f 3142/3142 3143/3143 5380/5380
f 5380/5380 5381/5381 5375/5375
f 866/866 5382/5382 5383/5383
f 5169/5169 5148/5148 5143/5143
f 5371/5371 5362/5362 5379/5379
f 5380/5380 5384/5384 5381/5381
f 5140/5140 5138/5138 5149/5149
f 5358/5358 5347/5347 5381/5381
f 3974/3974 4033/4033 5159/5159
f 5383/5383 5382/5382 873/873
f 5322/5322 873/873 5382/5382
f 5384/5384 5356/5356 5381/5381
f 5385/5385 5372/5372 5376/5376
f 5350/5350 858/858 1059/1059
f 5379/5379 5384/5384 3143/3143
f 5159/5159 4033/4033 4036/4036
f 858/858 5373/5373 866/866
f 5374/5374 5370/5370 5377/5377
f 4056/4056 3803/3803 5288/5288
f 5372/5372 3142/3142 5380/5380
f 5350/5350 5373/5373 858/858
f 5345/5345 5373/5373 5350/5350
f 5382/5382 866/866 5373/5373
f 5343/5343 5373/5373 5344/5344
f 5343/5343 5382/5382 5373/5373
f 5324/5324 5363/5363 836/836
f 866/866 5383/5383 873/873
f 5343/5343 5322/5322 5382/5382
f 832/832 5322/5322 5324/5324
f 5318/5318 5370/5370 5374/5374
f 836/836 832/832 5324/5324
f 836/836 5363/5363 1271/1271
f 5377/5377 5370/5370 5371/5371
f 5374/5374 3124/3124 3195/3195
f 5374/5374 5378/5378 3124/3124
f 5378/5378 3107/3107 3124/3124
f 5370/5370 5318/5318 5361/5361
f 3105/3105 5378/5378 5379/5379
f 3105/3105 5379/5379 3143/3143
f 5362/5362 5371/5371 5335/5335
f 5379/5379 5362/5362 5384/5384
f 5384/5384 5380/5380 3143/3143
f 5362/5362 5356/5356 5384/5384
f 5358/5358 5381/5381 5356/5356
f 5381/5381 5347/5347 5375/5375
f 5375/5375 5372/5372 5380/5380
f 5375/5375 5347/5347 3875/3875
f 3947/3947 5376/5376 5375/5375
f 3218/3218 3210/3210 5372/5372
f 3879/3879 5376/5376 3947/3947
f 3879/3879 5385/5385 5376/5376
f 5385/5385 3218/3218 5372/5372
f 3879/3879 3224/3224 3218/3218
f 3218/3218 5385/5385 3879/3879
f 5190/5190 4036/4036 5191/5191
f 5386/5386 5387/5387 5388/5388
f 5388/5388 5389/5389 5390/5390
f 5388/5388 5387/5387 5391/5391
f 5392/5392 5393/5393 5394/5394
f 5393/5393 5395/5395 5394/5394
f 5392/5392 5396/5396 5397/5397
f 5398/5398 5399/5399 5400/5400
f 5401/5401 5402/5402 5403/5403
f 5404/5404 5405/5405 5406/5406
f 5407/5407 5408/5408 5409/5409
f 5403/5403 5402/5402 5410/5410
f 5411/5411 5412/5412 2261/2261
f 5413/5413 5403/5403 5414/5414
f 5415/5415 5414/5414 5416/5416
f 5417/5417 5412/5412 5411/5411
f 5418/5418 5419/5419 5420/5420
f 5421/5421 5422/5422 5423/5423
f 5410/5410 5414/5414 5403/5403
f 5424/5424 5425/5425 5402/5402
f 5424/5424 5426/5426 5425/5425
f 5394/5394 5395/5395 5427/5427
f 5428/5428 5401/5401 5429/5429
f 5424/5424 5430/5430 5431/5431
f 5394/5394 5432/5432 5433/5433
f 5408/5408 5434/5434 5409/5409
f 5427/5427 5432/5432 5394/5394
f 5435/5435 5436/5436 5437/5437
f 5431/5431 5426/5426 5424/5424
f 5438/5438 5426/5426 5431/5431
f 5438/5438 5431/5431 5395/5395
f 5436/5436 5439/5439 5437/5437
f 5440/5440 5441/5441 5442/5442
f 5443/5443 5444/5444 5445/5445
f 5436/5436 5446/5446 5445/5445
f 5447/5447 5407/5407 5448/5448
f 5445/5445 5446/5446 5443/5443
f 5449/5449 5450/5450 5451/5451
f 5434/5434 5408/5408 5452/5452
f 5400/5400 5453/5453 5454/5454
f 5455/5455 5409/5409 5434/5434
f 2269/2269 5456/5456 2280/2280
f 5457/5457 5458/5458 5459/5459
f 5460/5460 5450/5450 5449/5449
f 5455/5455 5460/5460 5449/5449
f 5461/5461 5462/5462 5463/5463
f 5464/5464 5465/5465 5466/5466
f 5448/5448 5453/5453 5447/5447
f 5452/5452 5408/5408 5467/5467
f 5468/5468 5439/5439 5436/5436
f 5469/5469 5441/5441 5440/5440
f 5468/5468 5470/5470 5439/5439
f 5471/5471 5445/5445 5444/5444
f 5472/5472 5456/5456 5465/5465
f 5407/5407 5409/5409 5404/5404
f 5473/5473 5440/5440 5442/5442
f 5474/5474 5411/5411 5465/5465
f 5436/5436 5445/5445 5468/5468
f 5444/5444 5441/5441 5471/5471
f 5448/5448 5407/5407 5475/5475
f 5441/5441 5444/5444 5442/5442
f 5476/5476 5468/5468 5471/5471
f 5469/5469 5477/5477 5441/5441
f 5400/5400 5478/5478 5479/5479
f 5480/5480 5399/5399 5481/5481
f 5468/5468 5476/5476 5470/5470
f 5482/5482 5483/5483 5484/5484
f 5485/5485 5486/5486 5487/5487
f 5483/5483 5482/5482 5488/5488
f 5481/5481 5489/5489 5490/5490
f 5420/5420 5491/5491 5418/5418
f 5488/5488 5482/5482 5486/5486
f 5456/5456 5472/5472 2280/2280
f 5492/5492 5456/5456 5493/5493
f 5483/5483 5488/5488 5494/5494
f 5404/5404 5409/5409 5405/5405
f 3291/3291 5495/5495 3398/3398
f 5496/5496 5494/5494 5497/5497
f 5466/5466 5405/5405 5464/5464
f 5486/5486 5482/5482 5487/5487
f 5486/5486 5498/5498 5488/5488
f 5499/5499 5491/5491 5420/5420
f 5498/5498 5486/5486 5500/5500
f 5501/5501 5496/5496 5497/5497
f 5456/5456 5492/5492 5466/5466
f 5474/5474 5459/5459 5458/5458
f 5500/5500 5502/5502 5503/5503
f 5504/5504 5505/5505 3365/3365
f 5501/5501 5503/5503 5502/5502
f 5498/5498 5497/5497 5488/5488
f 5406/5406 5475/5475 5404/5404
f 5404/5404 5475/5475 5407/5407
f 2280/2280 5472/5472 2141/2141
f 2141/2141 5472/5472 5411/5411
f 5503/5503 5501/5501 5497/5497
f 5487/5487 5506/5506 5443/5443
f 5488/5488 5497/5497 5494/5494
f 5507/5507 5508/5508 5493/5493
f 5487/5487 5443/5443 5485/5485
f 5475/5475 5453/5453 5448/5448
f 5500/5500 5503/5503 5498/5498
f 5478/5478 5400/5400 5399/5399
f 5503/5503 5497/5497 5498/5498
f 5459/5459 5451/5451 5457/5457
f 5405/5405 5466/5466 5492/5492
f 5420/5420 5419/5419 3400/3400
f 5464/5464 5455/5455 5509/5509
f 5489/5489 5398/5398 5510/5510
f 5511/5511 5419/5419 5418/5418
f 5459/5459 5509/5509 5449/5449
f 5499/5499 5420/5420 3279/3279
f 5450/5450 5460/5460 5512/5512
f 5452/5452 5461/5461 5513/5513
f 5474/5474 5458/5458 5411/5411
f 5509/5509 5455/5455 5449/5449
f 5449/5449 5451/5451 5459/5459
f 5452/5452 5513/5513 5434/5434
f 5460/5460 5455/5455 5513/5513
f 5480/5480 5419/5419 5511/5511
f 5461/5461 5512/5512 5460/5460
f 5420/5420 3400/3400 3276/3276
f 5479/5479 5453/5453 5400/5400
f 2170/2170 5507/5507 2256/2256
f 3276/3276 3279/3279 5420/5420
f 5514/5514 5515/5515 2154/2154
f 5508/5508 5507/5507 5516/5516
f 5516/5516 5406/5406 5492/5492
f 5406/5406 5517/5517 5454/5454
f 5489/5489 5510/5510 5514/5514
f 5398/5398 5481/5481 5399/5399
f 5419/5419 5480/5480 5518/5518
f 5489/5489 5519/5519 5520/5520
f 5521/5521 5515/5515 5507/5507
f 5507/5507 2170/2170 5521/5521
f 5480/5480 5481/5481 5518/5518
f 5454/5454 5510/5510 5398/5398
f 2256/2256 5493/5493 2269/2269
f 5398/5398 5489/5489 5481/5481
f 5515/5515 5516/5516 5507/5507
f 5406/5406 5516/5516 5517/5517
f 5518/5518 5481/5481 5490/5490
f 3383/3383 3400/3400 5419/5419
f 5406/5406 5454/5454 5475/5475
f 2156/2156 5521/5521 2170/2170
f 5465/5465 5456/5456 5466/5466
f 5520/5520 5519/5519 5504/5504
f 5514/5514 5517/5517 5515/5515
f 3383/3383 5490/5490 3291/3291
f 5492/5492 5493/5493 5508/5508
f 5515/5515 2156/2156 2154/2154
f 5519/5519 5489/5489 5514/5514
f 5495/5495 5522/5522 5520/5520
f 5490/5490 5495/5495 3291/3291
f 5504/5504 5519/5519 5505/5505
f 3398/3398 5495/5495 5523/5523
f 5490/5490 5522/5522 5495/5495
f 5405/5405 5409/5409 5464/5464
f 5510/5510 5454/5454 5517/5517
f 2154/2154 5505/5505 5519/5519
f 5520/5520 5504/5504 5523/5523
f 5505/5505 2154/2154 2212/2212
f 5519/5519 5514/5514 2154/2154
f 2212/2212 3365/3365 5505/5505
f 3274/3274 3398/3398 5523/5523
f 5465/5465 5464/5464 5459/5459
f 5459/5459 5474/5474 5465/5465
f 5515/5515 5521/5521 2156/2156
f 2141/2141 5411/5411 2261/2261
f 5417/5417 5411/5411 5458/5458
f 5447/5447 5453/5453 5479/5479
f 5508/5508 5516/5516 5492/5492
f 5523/5523 5504/5504 3274/3274
f 5495/5495 5520/5520 5523/5523
f 5454/5454 5398/5398 5400/5400
f 5489/5489 5522/5522 5490/5490
f 5509/5509 5459/5459 5464/5464
f 5465/5465 5411/5411 5472/5472
f 5516/5516 5515/5515 5517/5517
f 5507/5507 5493/5493 2256/2256
f 5492/5492 5406/5406 5405/5405
f 5464/5464 5409/5409 5455/5455
f 5504/5504 3365/3365 3274/3274
f 5522/5522 5489/5489 5520/5520
f 5518/5518 5490/5490 3383/3383
f 5518/5518 3383/3383 5419/5419
f 5475/5475 5454/5454 5453/5453
f 3365/3365 2212/2212 2174/2174
f 5517/5517 5514/5514 5510/5510
f 5493/5493 5456/5456 2269/2269
f 5437/5437 1968/1968 1974/1974
f 5524/5524 5525/5525 5526/5526
f 5455/5455 5434/5434 5513/5513
f 2289/2289 783/783 2292/2292
f 5527/5527 5528/5528 5529/5529
f 5530/5530 5531/5531 5532/5532
f 5123/5123 5533/5533 5534/5534
f 5526/5526 5535/5535 5536/5536
f 5537/5537 5538/5538 5539/5539
f 5540/5540 5533/5533 5541/5541
f 5526/5526 5542/5542 5543/5543
f 5544/5544 5545/5545 5390/5390
f 5123/5123 5525/5525 5533/5533
f 5546/5546 5525/5525 5547/5547
f 5542/5542 5546/5546 2217/2217
f 5525/5525 5542/5542 5526/5526
f 5460/5460 5513/5513 5461/5461
f 5548/5548 5549/5549 5541/5541
f 5545/5545 5512/5512 5550/5550
f 5461/5461 5463/5463 5512/5512
f 5546/5546 2289/2289 2244/2244
f 5525/5525 5546/5546 5542/5542
f 5551/5551 5536/5536 5552/5552
f 5553/5553 5457/5457 5554/5554
f 2242/2242 2229/2229 5538/5538
f 5528/5528 5555/5555 5556/5556
f 5113/5113 783/783 5547/5547
f 5463/5463 5550/5550 5512/5512
f 5557/5557 5548/5548 5558/5558
f 5536/5536 5537/5537 5552/5552
f 5121/5121 5123/5123 5534/5534
f 5537/5537 2236/2236 2242/2242
f 5462/5462 5461/5461 5452/5452
f 5452/5452 5467/5467 5462/5462
f 5477/5477 5471/5471 5441/5441
f 5558/5558 5552/5552 5557/5557
f 5552/5552 5558/5558 5551/5551
f 5500/5500 5486/5486 5485/5485
f 5450/5450 5559/5559 5451/5451
f 5435/5435 5446/5446 5436/5436
f 5560/5560 5407/5407 5447/5447
f 5561/5561 5540/5540 5541/5541
f 5528/5528 5556/5556 5529/5529
f 5471/5471 5468/5468 5445/5445
f 5530/5530 5562/5562 5563/5563
f 5471/5471 5477/5477 5476/5476
f 5564/5564 5565/5565 5566/5566
f 5560/5560 5532/5532 5408/5408
f 5567/5567 5568/5568 5530/5530
f 5556/5556 5569/5569 5570/5570
f 5538/5538 5537/5537 2242/2242
f 5564/5564 5571/5571 5572/5572
f 5573/5573 5574/5574 5559/5559
f 2261/2261 5412/5412 5575/5575
f 5539/5539 5528/5528 5527/5527
f 5576/5576 5577/5577 5438/5438
f 5386/5386 5578/5578 5531/5531
f 5572/5572 5579/5579 5129/5129
f 5544/5544 5580/5580 5559/5559
f 5545/5545 5550/5550 5581/5581
f 5440/5440 5491/5491 5469/5469
f 5542/5542 2217/2217 5543/5543
f 5502/5502 5500/5500 5582/5582
f 5538/5538 5575/5575 5539/5539
f 4847/4847 5564/5564 5129/5129
f 5583/5583 5571/5571 5584/5584
f 5526/5526 5543/5543 5535/5535
f 5585/5585 5571/5571 5586/5586
f 5527/5527 5529/5529 5548/5548
f 5548/5548 5570/5570 5587/5587
f 5539/5539 5555/5555 5528/5528
f 5551/5551 5558/5558 5524/5524
f 5575/5575 5555/5555 5539/5539
f 5446/5446 5485/5485 5443/5443
f 5586/5586 5571/5571 5583/5583
f 5560/5560 5530/5530 5532/5532
f 5462/5462 5467/5467 5588/5588
f 2144/2144 2236/2236 5535/5535
f 5575/5575 5538/5538 2229/2229
f 5525/5525 5524/5524 5533/5533
f 5056/5056 5129/5129 5579/5579
f 5589/5589 5578/5578 5386/5386
f 5537/5537 5536/5536 5535/5535
f 5570/5570 5548/5548 5529/5529
f 5585/5585 5586/5586 5590/5590
f 5534/5534 5533/5533 5540/5540
f 5437/5437 1974/1974 5591/5591
f 5574/5574 5554/5554 5592/5592
f 5536/5536 5524/5524 5526/5526
f 5593/5593 5502/5502 5582/5582
f 5570/5570 5529/5529 5556/5556
f 5543/5543 2144/2144 5535/5535
f 5525/5525 5123/5123 5113/5113
f 5410/5410 5567/5567 5563/5563
f 5591/5591 5593/5593 5582/5582
f 5558/5558 5533/5533 5524/5524
f 5590/5590 5579/5579 5585/5585
f 5573/5573 5554/5554 5574/5574
f 5555/5555 5594/5594 5556/5556
f 5524/5524 5536/5536 5551/5551
f 5554/5554 5556/5556 5594/5594
f 5591/5591 5435/5435 5437/5437
f 5595/5595 5596/5596 5499/5499
f 5440/5440 5597/5597 5491/5491
f 5458/5458 5457/5457 5553/5553
f 5569/5569 5556/5556 5554/5554
f 5417/5417 5594/5594 5555/5555
f 5557/5557 5527/5527 5548/5548
f 5591/5591 5582/5582 5435/5435
f 5417/5417 5575/5575 5412/5412
f 5485/5485 5446/5446 5435/5435
f 5559/5559 5574/5574 5451/5451
f 5553/5553 5554/5554 5594/5594
f 5435/5435 5500/5500 5485/5485
f 5547/5547 783/783 2289/2289
f 5580/5580 5569/5569 5573/5573
f 5580/5580 5544/5544 5570/5570
f 5582/5582 5500/5500 5435/5435
f 2217/2217 5546/5546 2244/2244
f 5127/5127 5561/5561 5133/5133
f 5447/5447 5598/5598 5562/5562
f 5417/5417 5458/5458 5553/5553
f 5408/5408 5407/5407 5560/5560
f 5457/5457 5451/5451 5592/5592
f 5131/5131 5133/5133 5561/5561
f 3361/3361 5596/5596 5599/5599
f 5592/5592 5451/5451 5574/5574
f 5531/5531 5578/5578 5467/5467
f 5581/5581 5390/5390 5545/5545
f 5469/5469 5596/5596 5477/5477
f 5573/5573 5569/5569 5554/5554
f 5470/5470 5476/5476 3359/3359
f 5386/5386 5390/5390 5581/5581
f 5544/5544 5559/5559 5545/5545
f 5568/5568 5426/5426 5577/5577
f 5463/5463 5600/5600 5550/5550
f 5525/5525 5113/5113 5547/5547
f 5581/5581 5589/5589 5386/5386
f 5550/5550 5589/5589 5581/5581
f 2144/2144 5543/5543 2217/2217
f 5558/5558 5548/5548 5541/5541
f 5550/5550 5588/5588 5589/5589
f 5546/5546 5547/5547 2289/2289
f 5578/5578 5589/5589 5588/5588
f 5534/5534 5127/5127 5121/5121
f 5600/5600 5588/5588 5550/5550
f 5463/5463 5462/5462 5600/5600
f 5537/5537 5539/5539 5527/5527
f 5386/5386 5531/5531 5601/5601
f 5462/5462 5588/5588 5600/5600
f 5530/5530 5601/5601 5531/5531
f 5478/5478 5602/5602 5603/5603
f 5566/5566 5584/5584 5571/5571
f 5604/5604 5596/5596 3361/3361
f 5601/5601 5576/5576 5387/5387
f 5573/5573 5559/5559 5580/5580
f 5421/5421 5423/5423 5480/5480
f 5568/5568 5601/5601 5530/5530
f 5532/5532 5467/5467 5408/5408
f 5578/5578 5588/5588 5467/5467
f 5577/5577 5576/5576 5601/5601
f 5605/5605 5606/5606 5607/5607
f 5607/5607 5608/5608 5609/5609
f 5601/5601 5568/5568 5577/5577
f 5610/5610 5611/5611 5607/5607
f 5612/5612 5606/5606 5613/5613
f 5567/5567 5530/5530 5563/5563
f 5562/5562 5530/5530 5560/5560
f 5470/5470 3359/3359 2013/2013
f 5426/5426 5438/5438 5577/5577
f 5548/5548 5587/5587 5549/5549
f 5614/5614 5478/5478 5603/5603
f 5425/5425 5426/5426 5568/5568
f 5447/5447 5562/5562 5560/5560
f 5612/5612 5610/5610 5607/5607
f 5598/5598 5563/5563 5562/5562
f 5410/5410 5614/5614 5416/5416
f 5479/5479 5598/5598 5447/5447
f 5566/5566 5570/5570 5544/5544
f 5565/5565 5615/5615 5566/5566
f 5479/5479 5614/5614 5598/5598
f 5575/5575 2229/2229 2261/2261
f 5609/5609 5608/5608 5483/5483
f 3279/3279 5599/5599 5595/5595
f 5432/5432 5613/5613 5606/5606
f 5549/5549 5587/5587 5566/5566
f 5569/5569 5580/5580 5570/5570
f 5612/5612 5613/5613 5610/5610
f 5450/5450 5512/5512 5545/5545
f 5614/5614 5563/5563 5598/5598
f 5592/5592 5554/5554 5457/5457
f 5387/5387 5386/5386 5601/5601
f 5545/5545 5559/5559 5450/5450
f 5541/5541 5533/5533 5558/5558
f 5063/5063 5066/5066 5609/5609
f 5527/5527 5557/5557 5552/5552
f 5535/5535 2236/2236 5537/5537
f 3279/3279 3361/3361 5599/5599
f 5541/5541 5549/5549 5561/5561
f 3359/3359 5476/5476 5604/5604
f 5594/5594 5417/5417 5553/5553
f 5609/5609 5616/5616 5069/5069
f 5467/5467 5532/5532 5531/5531
f 5410/5410 5563/5563 5614/5614
f 5410/5410 5425/5425 5567/5567
f 5561/5561 5127/5127 5540/5540
f 5567/5567 5425/5425 5568/5568
f 5417/5417 5555/5555 5575/5575
f 5478/5478 5399/5399 5602/5602
f 5477/5477 5604/5604 5476/5476
f 5129/5129 5564/5564 5572/5572
f 5615/5615 5131/5131 5561/5561
f 5537/5537 5527/5527 5552/5552
f 5479/5479 5478/5478 5614/5614
f 5615/5615 5565/5565 5131/5131
f 4862/4862 5564/5564 4847/4847
f 3393/3393 5604/5604 3361/3361
f 5617/5617 5044/5044 5033/5033
f 5604/5604 3393/3393 3359/3359
f 5571/5571 5585/5585 5572/5572
f 5561/5561 5549/5549 5615/5615
f 5540/5540 5127/5127 5534/5534
f 5469/5469 5499/5499 5596/5596
f 5484/5484 5611/5611 5610/5610
f 5596/5596 5604/5604 5477/5477
f 5585/5585 5579/5579 5572/5572
f 4867/4867 5131/5131 5565/5565
f 5549/5549 5566/5566 5615/5615
f 4867/4867 5565/5565 4862/4862
f 4862/4862 5565/5565 5564/5564
f 5595/5595 5499/5499 3279/3279
f 5566/5566 5571/5571 5564/5564
f 5469/5469 5491/5491 5499/5499
f 5595/5595 5599/5599 5596/5596
f 5074/5074 5609/5609 5066/5066
f 5618/5618 5609/5609 5483/5483
f 5429/5429 5619/5619 5428/5428
f 5607/5607 5611/5611 5608/5608
f 5401/5401 5428/5428 5620/5620
f 5428/5428 5619/5619 5621/5621
f 5620/5620 5430/5430 5424/5424
f 5428/5428 5621/5621 5622/5622
f 5620/5620 5402/5402 5401/5401
f 5430/5430 5395/5395 5431/5431
f 5039/5039 5623/5623 5030/5030
f 5620/5620 5622/5622 5430/5430
f 5570/5570 5566/5566 5587/5587
f 5424/5424 5402/5402 5620/5620
f 5607/5607 5609/5609 5605/5605
f 5624/5624 5625/5625 5074/5074
f 5063/5063 5609/5609 5069/5069
f 5626/5626 5627/5627 5511/5511
f 5418/5418 5491/5491 5626/5626
f 5628/5628 5597/5597 5627/5627
f 5480/5480 5511/5511 5627/5627
f 5491/5491 5597/5597 5628/5628
f 5628/5628 5627/5627 5626/5626
f 5626/5626 5511/5511 5418/5418
f 5491/5491 5628/5628 5626/5626
f 5629/5629 5625/5625 5432/5432
f 5433/5433 5625/5625 5630/5630
f 5483/5483 5611/5611 5484/5484
f 5432/5432 5625/5625 5433/5433
f 5616/5616 5609/5609 5618/5618
f 5630/5630 5625/5625 5624/5624
f 5629/5629 5606/5606 5605/5605
f 5624/5624 5052/5052 5630/5630
f 5624/5624 5061/5061 5041/5041
f 5605/5605 5074/5074 5629/5629
f 5608/5608 5611/5611 5483/5483
f 5602/5602 5399/5399 5480/5480
f 5416/5416 5614/5614 5603/5603
f 5423/5423 5603/5603 5602/5602
f 5423/5423 5416/5416 5603/5603
f 5480/5480 5423/5423 5602/5602
f 5421/5421 5480/5480 5627/5627
f 5074/5074 5605/5605 5609/5609
f 5607/5607 5606/5606 5612/5612
f 5613/5613 5622/5622 5621/5621
f 5616/5616 4971/4971 5069/5069
f 5052/5052 5624/5624 5041/5041
f 5616/5616 5618/5618 4971/4971
f 5624/5624 5074/5074 5061/5061
f 2783/2783 5117/5117 5631/5631
f 2005/2005 2086/2086 5631/5631
f 5033/5033 5623/5623 5617/5617
f 4836/4836 5631/5631 5117/5117
f 5044/5044 5617/5617 5052/5052
f 5625/5625 5629/5629 5074/5074
f 5623/5623 5033/5033 5030/5030
f 5606/5606 5629/5629 5432/5432
f 5056/5056 5579/5579 5039/5039
f 5622/5622 5427/5427 5430/5430
f 5430/5430 5427/5427 5395/5395
f 5428/5428 5622/5622 5620/5620
f 5427/5427 5613/5613 5432/5432
f 5470/5470 2013/2013 5632/5632
f 5619/5619 5429/5429 5633/5633
f 2010/2010 5632/5632 2013/2013
f 5422/5422 5634/5634 5415/5415
f 2010/2010 5635/5635 5632/5632
f 2010/2010 1968/1968 5635/5635
f 5632/5632 5635/5635 5470/5470
f 5440/5440 5473/5473 5636/5636
f 5439/5439 5470/5470 5635/5635
f 5636/5636 5633/5633 5440/5440
f 5437/5437 5635/5635 1968/1968
f 5437/5437 5439/5439 5635/5635
f 5619/5619 5633/5633 5636/5636
f 5482/5482 5484/5484 5487/5487
f 5637/5637 5484/5484 5610/5610
f 5610/5610 5613/5613 5621/5621
f 5484/5484 5637/5637 5487/5487
f 5621/5621 5638/5638 5637/5637
f 5637/5637 5639/5639 5506/5506
f 5636/5636 5473/5473 5638/5638
f 5637/5637 5506/5506 5487/5487
f 5619/5619 5638/5638 5621/5621
f 5639/5639 5473/5473 5442/5442
f 5638/5638 5619/5619 5636/5636
f 5640/5640 4934/4934 4936/4936
f 4934/4934 5641/5641 4959/4959
f 5642/5642 5641/5641 5640/5640
f 4959/4959 5643/5643 4958/4958
f 5473/5473 5639/5639 5638/5638
f 5641/5641 5642/5642 4959/4959
f 5640/5640 5496/5496 5642/5642
f 5641/5641 4934/4934 5640/5640
f 5644/5644 5640/5640 4936/4936
f 4959/4959 5642/5642 5643/5643
f 5644/5644 5494/5494 5640/5640
f 5501/5501 5642/5642 5496/5496
f 5639/5639 5637/5637 5638/5638
f 5639/5639 5444/5444 5443/5443
f 5637/5637 5610/5610 5621/5621
f 5639/5639 5443/5443 5506/5506
f 5444/5444 5639/5639 5442/5442
f 5645/5645 4839/4839 4958/4958
f 4836/4836 4839/4839 5645/5645
f 5645/5645 4958/4958 5643/5643
f 4836/4836 5645/5645 5646/5646
f 5640/5640 5494/5494 5496/5496
f 5631/5631 4836/4836 5646/5646
f 5501/5501 5502/5502 5647/5647
f 5646/5646 5501/5501 5647/5647
f 5422/5422 5648/5648 5634/5634
f 5502/5502 5593/5593 5647/5647
f 5649/5649 2005/2005 5646/5646
f 5646/5646 5647/5647 5649/5649
f 5647/5647 5593/5593 5650/5650
f 5618/5618 5644/5644 4936/4936
f 5593/5593 5591/5591 1998/1998
f 5643/5643 5642/5642 5501/5501
f 5646/5646 2005/2005 5631/5631
f 5649/5649 5647/5647 5650/5650
f 5593/5593 1998/1998 5650/5650
f 5650/5650 2002/2002 5649/5649
f 5429/5429 5651/5651 5633/5633
f 4971/4971 5618/5618 4936/4936
f 5591/5591 1974/1974 1998/1998
f 5414/5414 5410/5410 5416/5416
f 5622/5622 5613/5613 5427/5427
f 5618/5618 5483/5483 5644/5644
f 5652/5652 5597/5597 5440/5440
f 5416/5416 5423/5423 5415/5415
f 2783/2783 5631/5631 2086/2086
f 5651/5651 5429/5429 5413/5413
f 5650/5650 1998/1998 2002/2002
f 5648/5648 5597/5597 5652/5652
f 5483/5483 5494/5494 5644/5644
f 5646/5646 5645/5645 5501/5501
f 2005/2005 5649/5649 2002/2002
f 5648/5648 5440/5440 5633/5633
f 5415/5415 5651/5651 5413/5413
f 5501/5501 5645/5645 5643/5643
f 5648/5648 5633/5633 5634/5634
f 5413/5413 5429/5429 5401/5401
f 5627/5627 5597/5597 5648/5648
f 5414/5414 5415/5415 5413/5413
f 5422/5422 5627/5627 5648/5648
f 5651/5651 5415/5415 5634/5634
f 5401/5401 5403/5403 5413/5413
f 5410/5410 5402/5402 5425/5425
f 5627/5627 5422/5422 5421/5421
f 5651/5651 5634/5634 5633/5633
f 5423/5423 5422/5422 5415/5415
f 5440/5440 5648/5648 5652/5652
f 5617/5617 5653/5653 5654/5654
f 5052/5052 5617/5617 5654/5654
f 5630/5630 5052/5052 5654/5654
f 5655/5655 5039/5039 5590/5590
f 5655/5655 5623/5623 5039/5039
f 5579/5579 5590/5590 5039/5039
f 5653/5653 5623/5623 5655/5655
f 5653/5653 5655/5655 5396/5396
f 5617/5617 5623/5623 5653/5653
f 5394/5394 5630/5630 5392/5392
f 5392/5392 5653/5653 5396/5396
f 5654/5654 5653/5653 5392/5392
f 5392/5392 5630/5630 5654/5654
f 5394/5394 5433/5433 5630/5630
f 5386/5386 5388/5388 5390/5390
f 5387/5387 5576/5576 5397/5397
f 5583/5583 5544/5544 5390/5390
f 5389/5389 5656/5656 5390/5390
f 5583/5583 5390/5390 5656/5656
f 5396/5396 5655/5655 5391/5391
f 5657/5657 5586/5586 5388/5388
f 5590/5590 5586/5586 5657/5657
f 5576/5576 5438/5438 5658/5658
f 5544/5544 5583/5583 5584/5584
f 5388/5388 5656/5656 5389/5389
f 5658/5658 5395/5395 5393/5393
f 5657/5657 5388/5388 5391/5391
f 5655/5655 5657/5657 5391/5391
f 5391/5391 5397/5397 5396/5396
f 5657/5657 5655/5655 5590/5590
f 5658/5658 5397/5397 5576/5576
f 5387/5387 5397/5397 5391/5391
f 5584/5584 5566/5566 5544/5544
f 5438/5438 5395/5395 5658/5658
f 5586/5586 5583/5583 5656/5656
f 5656/5656 5388/5388 5586/5586
f 5393/5393 5392/5392 5397/5397
f 5393/5393 5397/5397 5658/5658
f 5659/5659 5660/5660 5661/5661
f 5662/5662 5663/5663 5664/5664
f 5664/5664 5665/5665 5662/5662
f 5666/5666 5667/5667 5668/5668
f 5669/5669 5670/5670 5671/5671
f 5672/5672 5673/5673 5674/5674
f 5675/5675 5676/5676 5677/5677
f 5678/5678 5679/5679 5680/5680
f 5681/5681 5682/5682 5683/5683
f 5684/5684 5685/5685 5686/5686
f 5687/5687 5688/5688 5689/5689
f 1129/1129 5690/5690 1123/1123
f 5691/5691 5692/5692 5693/5693
f 5694/5694 5695/5695 5696/5696
f 5675/5675 5697/5697 5698/5698
f 5662/5662 5665/5665 5681/5681
f 5699/5699 5674/5674 5700/5700
f 5701/5701 5702/5702 5703/5703
f 5683/5683 5662/5662 5681/5681
f 5704/5704 5705/5705 5673/5673
f 5706/5706 5707/5707 5708/5708
f 5702/5702 5694/5694 5696/5696
f 5664/5664 5696/5696 5695/5695
f 5659/5659 5661/5661 5709/5709
f 5709/5709 5710/5710 5699/5699
f 5681/5681 5711/5711 5682/5682
f 5712/5712 5713/5713 5714/5714
f 5715/5715 5716/5716 5717/5717
f 5659/5659 5718/5718 5660/5660
f 5719/5719 5668/5668 5720/5720
f 5721/5721 5722/5722 5723/5723
f 5678/5678 5724/5724 5679/5679
f 5705/5705 5725/5725 5700/5700
f 5663/5663 5726/5726 5727/5727
f 5728/5728 5729/5729 5730/5730
f 5717/5717 5698/5698 5715/5715
f 5679/5679 5731/5731 5732/5732
f 5733/5733 5734/5734 5735/5735
f 5691/5691 5677/5677 5692/5692
f 5736/5736 5737/5737 5738/5738
f 5739/5739 5699/5699 5710/5710
f 5714/5714 5688/5688 5740/5740
f 5728/5728 5741/5741 5742/5742
f 5743/5743 5744/5744 927/927
f 5745/5745 5746/5746 5718/5718
f 5747/5747 5699/5699 5739/5739
f 5702/5702 5748/5748 5694/5694
f 5665/5665 5695/5695 5711/5711
f 5749/5749 5747/5747 5671/5671
f 5750/5750 5682/5682 5711/5711
f 5751/5751 5752/5752 5744/5744
f 881/881 5744/5744 5752/5752
f 5728/5728 5753/5753 5729/5729
f 5702/5702 5725/5725 5748/5748
f 5754/5754 5755/5755 5756/5756
f 5682/5682 5750/5750 5757/5757
f 5727/5727 5659/5659 5700/5700
f 927/927 5744/5744 881/881
f 5758/5758 5759/5759 5757/5757
f 5729/5729 5760/5760 5691/5691
f 5729/5729 5691/5691 5693/5693
f 5761/5761 5762/5762 5763/5763
f 5764/5764 5741/5741 5765/5765
f 5728/5728 5765/5765 5741/5741
f 5711/5711 5681/5681 5665/5665
f 5718/5718 5659/5659 5745/5745
f 5740/5740 5766/5766 5767/5767
f 5759/5759 5758/5758 5765/5765
f 5768/5768 5713/5713 5769/5769
f 5705/5705 5700/5700 5674/5674
f 5672/5672 5674/5674 5770/5770
f 5703/5703 5663/5663 5727/5727
f 5757/5757 5750/5750 5758/5758
f 5701/5701 5725/5725 5702/5702
f 5710/5710 5771/5771 5739/5739
f 5747/5747 5749/5749 5770/5770
f 5677/5677 5691/5691 5760/5760
f 5747/5747 5739/5739 5708/5708
f 5772/5772 5769/5769 5713/5713
f 5745/5745 5726/5726 5746/5746
f 5773/5773 5729/5729 5753/5753
f 5711/5711 5774/5774 5750/5750
f 5753/5753 5728/5728 5742/5742
f 5764/5764 5765/5765 5775/5775
f 5747/5747 5770/5770 5674/5674
f 5695/5695 5665/5665 5664/5664
f 5748/5748 5725/5725 5704/5704
f 5739/5739 5771/5771 5708/5708
f 5721/5721 5673/5673 5672/5672
f 5747/5747 5708/5708 5671/5671
f 5711/5711 5776/5776 5777/5777
f 5689/5689 5688/5688 5778/5778
f 5779/5779 5750/5750 5774/5774
f 5727/5727 5745/5745 5659/5659
f 5780/5780 5742/5742 5741/5741
f 5781/5781 5782/5782 5783/5783
f 5784/5784 5775/5775 5758/5758
f 5750/5750 5784/5784 5758/5758
f 5785/5785 5786/5786 5787/5787
f 5708/5708 5771/5771 5706/5706
f 5788/5788 5787/5787 5789/5789
f 5721/5721 5672/5672 5790/5790
f 5790/5790 5672/5672 5749/5749
f 5670/5670 5749/5749 5671/5671
f 5762/5762 5791/5791 5763/5763
f 5743/5743 927/927 5792/5792
f 5777/5777 5737/5737 5774/5774
f 5749/5749 5670/5670 5793/5793
f 5671/5671 5708/5708 5669/5669
f 5737/5737 5779/5779 5774/5774
f 5713/5713 5755/5755 5754/5754
f 5750/5750 5779/5779 5784/5784
f 5764/5764 5775/5775 5794/5794
f 5795/5795 5780/5780 5764/5764
f 934/934 5792/5792 927/927
f 5744/5744 5743/5743 5796/5796
f 5794/5794 5775/5775 5784/5784
f 5786/5786 5766/5766 5787/5787
f 5736/5736 5779/5779 5737/5737
f 5779/5779 5797/5797 5784/5784
f 5787/5787 5798/5798 5785/5785
f 5737/5737 5777/5777 5738/5738
f 5796/5796 5754/5754 5756/5756
f 5799/5799 5764/5764 5794/5794
f 5796/5796 5792/5792 934/934
f 5743/5743 5792/5792 5796/5796
f 5795/5795 5764/5764 5799/5799
f 5794/5794 5784/5784 5797/5797
f 5755/5755 5713/5713 5768/5768
f 5723/5723 5722/5722 5790/5790
f 5800/5800 5782/5782 5790/5790
f 5749/5749 5793/5793 5800/5800
f 5734/5734 5801/5801 5687/5687
f 5669/5669 5793/5793 5670/5670
f 5714/5714 5778/5778 5688/5688
f 5707/5707 5802/5802 5669/5669
f 5740/5740 5688/5688 5766/5766
f 5736/5736 5803/5803 5779/5779
f 5803/5803 5797/5797 5779/5779
f 5797/5797 5804/5804 5794/5794
f 5782/5782 5723/5723 5790/5790
f 5805/5805 5800/5800 5793/5793
f 5802/5802 5793/5793 5669/5669
f 5796/5796 5756/5756 5744/5744
f 5744/5744 5756/5756 5751/5751
f 5793/5793 5806/5806 5805/5805
f 5796/5796 934/934 5807/5807
f 5806/5806 5793/5793 5802/5802
f 5756/5756 5755/5755 5751/5751
f 5808/5808 5786/5786 5809/5809
f 5809/5809 5805/5805 5767/5767
f 5754/5754 5796/5796 5807/5807
f 5791/5791 5769/5769 5772/5772
f 5791/5791 5772/5772 5763/5763
f 5781/5781 5783/5783 5785/5785
f 5788/5788 5801/5801 5733/5733
f 5763/5763 5772/5772 5805/5805
f 5805/5805 5772/5772 5767/5767
f 5783/5783 5786/5786 5785/5785
f 5766/5766 5808/5808 5767/5767
f 5714/5714 5754/5754 5778/5778
f 5772/5772 5713/5713 5712/5712
f 5808/5808 5766/5766 5786/5786
f 5763/5763 5805/5805 5806/5806
f 5712/5712 5714/5714 5740/5740
f 5787/5787 5766/5766 5789/5789
f 5806/5806 5761/5761 5763/5763
f 5714/5714 5713/5713 5754/5754
f 5766/5766 5688/5688 5789/5789
f 5810/5810 5811/5811 5812/5812
f 5788/5788 5733/5733 5798/5798
f 5688/5688 5801/5801 5789/5789
f 5813/5813 5814/5814 5815/5815
f 5789/5789 5801/5801 5788/5788
f 5778/5778 5754/5754 5816/5816
f 5801/5801 5688/5688 5687/5687
f 5769/5769 5817/5817 5818/5818
f 5819/5819 5820/5820 5821/5821
f 3657/3657 146/146 5822/5822
f 5823/5823 5824/5824 5825/5825
f 5826/5826 5827/5827 5828/5828
f 5821/5821 5829/5829 5830/5830
f 5802/5802 5831/5831 5806/5806
f 5762/5762 5832/5832 5791/5791
f 5833/5833 5771/5771 5821/5821
f 5834/5834 5835/5835 5761/5761
f 5826/5826 3657/3657 5822/5822
f 5836/5836 138/138 5837/5837
f 5710/5710 5829/5829 5771/5771
f 5835/5835 5838/5838 5839/5839
f 5761/5761 5835/5835 5762/5762
f 14/14 5840/5840 134/134
f 5841/5841 5842/5842 5843/5843
f 5821/5821 5771/5771 5829/5829
f 5819/5819 5826/5826 5820/5820
f 5707/5707 5706/5706 5833/5833
f 5791/5791 5817/5817 5769/5769
f 5844/5844 5828/5828 5827/5827
f 5845/5845 5838/5838 5833/5833
f 5831/5831 5802/5802 5707/5707
f 5845/5845 5821/5821 5820/5820
f 5844/5844 5690/5690 5828/5828
f 1137/1137 5846/5846 5847/5847
f 5819/5819 5830/5830 5827/5827
f 5836/5836 5822/5822 146/146
f 5848/5848 2449/2449 2413/2413
f 10/10 5817/5817 5832/5832
f 5820/5820 5826/5826 5822/5822
f 5838/5838 5707/5707 5833/5833
f 5830/5830 5819/5819 5821/5821
f 5849/5849 5850/5850 5811/5811
f 5834/5834 5761/5761 5851/5851
f 146/146 138/138 5836/5836
f 5819/5819 5827/5827 5826/5826
f 5832/5832 5817/5817 5791/5791
f 2419/2419 2430/2430 5852/5852
f 5845/5845 5820/5820 5836/5836
f 5836/5836 5837/5837 5853/5853
f 5813/5813 5849/5849 2447/2447
f 5838/5838 5834/5834 5707/5707
f 5853/5853 5845/5845 5836/5836
f 5762/5762 5835/5835 5832/5832
f 2449/2449 5814/5814 5813/5813
f 5854/5854 2459/2459 2475/2475
f 5835/5835 5834/5834 5838/5838
f 3657/3657 5828/5828 1129/1129
f 138/138 136/136 5837/5837
f 5836/5836 5820/5820 5822/5822
f 5845/5845 5853/5853 5838/5838
f 5828/5828 5690/5690 1129/1129
f 5832/5832 5835/5835 10/10
f 5818/5818 5768/5768 5769/5769
f 136/136 134/134 5840/5840
f 2413/2413 2382/2382 5855/5855
f 5771/5771 5833/5833 5706/5706
f 5839/5839 10/10 5835/5835
f 3657/3657 5826/5826 5828/5828
f 5837/5837 5840/5840 5853/5853
f 5831/5831 5851/5851 5806/5806
f 5845/5845 5833/5833 5821/5821
f 5838/5838 5840/5840 5839/5839
f 14/14 10/10 5839/5839
f 5814/5814 2449/2449 5848/5848
f 5798/5798 5811/5811 5850/5850
f 5851/5851 5831/5831 5707/5707
f 5839/5839 5840/5840 14/14
f 5853/5853 5840/5840 5838/5838
f 5810/5810 2443/2443 2441/2441
f 5761/5761 5806/5806 5851/5851
f 5854/5854 2475/2475 2443/2443
f 5849/5849 2441/2441 2447/2447
f 5834/5834 5851/5851 5707/5707
f 5837/5837 136/136 5840/5840
f 5856/5856 2459/2459 5854/5854
f 5854/5854 2443/2443 5810/5810
f 2458/2458 2459/2459 5856/5856
f 5735/5735 5856/5856 5854/5854
f 5848/5848 2413/2413 5855/5855
f 5813/5813 2447/2447 2449/2449
f 5812/5812 5854/5854 5810/5810
f 5856/5856 5852/5852 2458/2458
f 5852/5852 5856/5856 5735/5735
f 5854/5854 5733/5733 5735/5735
f 5811/5811 5810/5810 2441/2441
f 2458/2458 5852/5852 2430/2430
f 5811/5811 2441/2441 5849/5849
f 5815/5815 5849/5849 5813/5813
f 5811/5811 5798/5798 5812/5812
f 5812/5812 5798/5798 5733/5733
f 5785/5785 5798/5798 5850/5850
f 5812/5812 5733/5733 5854/5854
f 5680/5680 5732/5732 5857/5857
f 5858/5858 5686/5686 5685/5685
f 5661/5661 5686/5686 5666/5666
f 2419/2419 5859/5859 2421/2421
f 934/934 945/945 5807/5807
f 1171/1171 5678/5678 1131/1131
f 5860/5860 2419/2419 5852/5852
f 5716/5716 1170/1170 5861/5861
f 943/943 941/941 5862/5862
f 5807/5807 5816/5816 5754/5754
f 5859/5859 2419/2419 5860/5860
f 5667/5667 5720/5720 5668/5668
f 941/941 2421/2421 5859/5859
f 5852/5852 5735/5735 5860/5860
f 5860/5860 5863/5863 5859/5859
f 945/945 5862/5862 5816/5816
f 5731/5731 5864/5864 5760/5760
f 5684/5684 5717/5717 5685/5685
f 5689/5689 5816/5816 5862/5862
f 943/943 5862/5862 945/945
f 5816/5816 5807/5807 945/945
f 189/189 5818/5818 5865/5865
f 5735/5735 5687/5687 5863/5863
f 5866/5866 5867/5867 5868/5868
f 5731/5731 5869/5869 5857/5857
f 5870/5870 5871/5871 5872/5872
f 5773/5773 5870/5870 5760/5760
f 5871/5871 5857/5857 5869/5869
f 5873/5873 5866/5866 5874/5874
f 5874/5874 5866/5866 5875/5875
f 5875/5875 5868/5868 5876/5876
f 5871/5871 5877/5877 5843/5843
f 5825/5825 5824/5824 5878/5878
f 5859/5859 5862/5862 941/941
f 5858/5858 5720/5720 5667/5667
f 5847/5847 5879/5879 1134/1134
f 5716/5716 5678/5678 1170/1170
f 5870/5870 5877/5877 5871/5871
f 5667/5667 5666/5666 5858/5858
f 5666/5666 5686/5686 5858/5858
f 5880/5880 1146/1146 5881/5881
f 5685/5685 5717/5717 5881/5881
f 5872/5872 5760/5760 5870/5870
f 5882/5882 5881/5881 5717/5717
f 5883/5883 5824/5824 5823/5823
f 5717/5717 5880/5880 5882/5882
f 5698/5698 5676/5676 5675/5675
f 5692/5692 5676/5676 5660/5660
f 5830/5830 5829/5829 5884/5884
f 5724/5724 5678/5678 5716/5716
f 5719/5719 5720/5720 5827/5827
f 5883/5883 5876/5876 5885/5885
f 5843/5843 5842/5842 5857/5857
f 5841/5841 5843/5843 5877/5877
f 5823/5823 5825/5825 5886/5886
f 5887/5887 5878/5878 1165/1165
f 5877/5877 5773/5773 5888/5888
f 5875/5875 5876/5876 5889/5889
f 5883/5883 5823/5823 5890/5890
f 5875/5875 5889/5889 5891/5891
f 5698/5698 5684/5684 5676/5676
f 5861/5861 5717/5717 5716/5716
f 1170/1170 5678/5678 1171/1171
f 1123/1123 5892/5892 1121/1121
f 5731/5731 5760/5760 5872/5872
f 5893/5893 5894/5894 5842/5842
f 5698/5698 5724/5724 5715/5715
f 5724/5724 5716/5716 5715/5715
f 5895/5895 5894/5894 5893/5893
f 5846/5846 1107/1107 5893/5893
f 5858/5858 5685/5685 5881/5881
f 5825/5825 5887/5887 5886/5886
f 5896/5896 5890/5890 5886/5886
f 5874/5874 5891/5891 5897/5897
f 5887/5887 1165/1165 1176/1176
f 5773/5773 5753/5753 5888/5888
f 5889/5889 5883/5883 5890/5890
f 5891/5891 5898/5898 5897/5897
f 5899/5899 5891/5891 5889/5889
f 5899/5899 5847/5847 5846/5846
f 5898/5898 5841/5841 5888/5888
f 5890/5890 5899/5899 5889/5889
f 5887/5887 1176/1176 5879/5879
f 5883/5883 5885/5885 5900/5900
f 5896/5896 5886/5886 5879/5879
f 5879/5879 1176/1176 1136/1136
f 5868/5868 5875/5875 5866/5866
f 5864/5864 5697/5697 5675/5675
f 5675/5675 5677/5677 5864/5864
f 5886/5886 5887/5887 5879/5879
f 5880/5880 5717/5717 5861/5861
f 1134/1134 1137/1137 5847/5847
f 5863/5863 5687/5687 5862/5862
f 5689/5689 5862/5862 5687/5687
f 5901/5901 5902/5902 5903/5903
f 5849/5849 5815/5815 5904/5904
f 5849/5849 5905/5905 5850/5850
f 5849/5849 5904/5904 5905/5905
f 5906/5906 5901/5901 5907/5907
f 5905/5905 5908/5908 5850/5850
f 5785/5785 5909/5909 5781/5781
f 5906/5906 5904/5904 5901/5901
f 5904/5904 5902/5902 5901/5901
f 5909/5909 5850/5850 5908/5908
f 5901/5901 5903/5903 5907/5907
f 5904/5904 5906/5906 5908/5908
f 5907/5907 5910/5910 5906/5906
f 5911/5911 5909/5909 5906/5906
f 5911/5911 5781/5781 5909/5909
f 5910/5910 5911/5911 5906/5906
f 5909/5909 5785/5785 5850/5850
f 5905/5905 5904/5904 5908/5908
f 5909/5909 5908/5908 5906/5906
f 2391/2391 4119/4119 5912/5912
f 5865/5865 5818/5818 5817/5817
f 5913/5913 5914/5914 5915/5915
f 5673/5673 5916/5916 5704/5704
f 5916/5916 5917/5917 5907/5907
f 5918/5918 5919/5919 5920/5920
f 5916/5916 5921/5921 5704/5704
f 5922/5922 959/959 5923/5923
f 5924/5924 5920/5920 5736/5736
f 5925/5925 5921/5921 5926/5926
f 5907/5907 5926/5926 5916/5916
f 5927/5927 5928/5928 5929/5929
f 5930/5930 5736/5736 5738/5738
f 5710/5710 5931/5931 5829/5829
f 5932/5932 5914/5914 5803/5803
f 5695/5695 5694/5694 5933/5933
f 5748/5748 5921/5921 5925/5925
f 5932/5932 5934/5934 5935/5935
f 5857/5857 5894/5894 5680/5680
f 5936/5936 5937/5937 5903/5903
f 5776/5776 5938/5938 5939/5939
f 5899/5899 5890/5890 5847/5847
f 5878/5878 5887/5887 5825/5825
f 5876/5876 5883/5883 5889/5889
f 5841/5841 5877/5877 5888/5888
f 5869/5869 5872/5872 5871/5871
f 5900/5900 5824/5824 5883/5883
f 1107/1107 5846/5846 1137/1137
f 5886/5886 5890/5890 5823/5823
f 5888/5888 5753/5753 5898/5898
f 5872/5872 5869/5869 5731/5731
f 5846/5846 5841/5841 5898/5898
f 5873/5873 5874/5874 5897/5897
f 5891/5891 5874/5874 5875/5875
f 5896/5896 5879/5879 5847/5847
f 5940/5940 5939/5939 5941/5941
f 5930/5930 5942/5942 5943/5943
f 5944/5944 5935/5935 5934/5934
f 5925/5925 5926/5926 5937/5937
f 5945/5945 5937/5937 5936/5936
f 5934/5934 5946/5946 5944/5944
f 5723/5723 5911/5911 5910/5910
f 5930/5930 5943/5943 5924/5924
f 5926/5926 5921/5921 5916/5916
f 1146/1146 5880/5880 5861/5861
f 5882/5882 5880/5880 5881/5881
f 5928/5928 5947/5947 5948/5948
f 5676/5676 5692/5692 5677/5677
f 5929/5929 5928/5928 5948/5948
f 5949/5949 5919/5919 5946/5946
f 5864/5864 5679/5679 5697/5697
f 5950/5950 5951/5951 5952/5952
f 5914/5914 5935/5935 5953/5953
f 5950/5950 5954/5954 5951/5951
f 5934/5934 5949/5949 5946/5946
f 5738/5738 5777/5777 5940/5940
f 5955/5955 5868/5868 5956/5956
f 5679/5679 5724/5724 5697/5697
f 5956/5956 5867/5867 5957/5957
f 5868/5868 5955/5955 5958/5958
f 5881/5881 1146/1146 5959/5959
f 5876/5876 5868/5868 5958/5958
f 1165/1165 5878/5878 1185/1185
f 5930/5930 5738/5738 5942/5942
f 5885/5885 5958/5958 5960/5960
f 1185/1185 5878/5878 5961/5961
f 5960/5960 5900/5900 5885/5885
f 5868/5868 5867/5867 5956/5956
f 5962/5962 5900/5900 5963/5963
f 5961/5961 5878/5878 5962/5962
f 5958/5958 5885/5885 5876/5876
f 5963/5963 5900/5900 5960/5960
f 5878/5878 5900/5900 5962/5962
f 5914/5914 5913/5913 5804/5804
f 5921/5921 5748/5748 5704/5704
f 5803/5803 5914/5914 5804/5804
f 5936/5936 5903/5903 5902/5902
f 5964/5964 5965/5965 5966/5966
f 5953/5953 5967/5967 5914/5914
f 5694/5694 5748/5748 5925/5925
f 5964/5964 5954/5954 5855/5855
f 5694/5694 5925/5925 5933/5933
f 5968/5968 5969/5969 5938/5938
f 5945/5945 5969/5969 5937/5937
f 5964/5964 5951/5951 5954/5954
f 5933/5933 5776/5776 5695/5695
f 5844/5844 5720/5720 5892/5892
f 5968/5968 5925/5925 5937/5937
f 5903/5903 5926/5926 5907/5907
f 5968/5968 5937/5937 5969/5969
f 5945/5945 5954/5954 5950/5950
f 5855/5855 2382/2382 5964/5964
f 5969/5969 5950/5950 5952/5952
f 5933/5933 5925/5925 5968/5968
f 5673/5673 5721/5721 5917/5917
f 5965/5965 5964/5964 2382/2382
f 5938/5938 5776/5776 5968/5968
f 5776/5776 5933/5933 5968/5968
f 5938/5938 5969/5969 5952/5952
f 5966/5966 5965/5965 5942/5942
f 5777/5777 5939/5939 5940/5940
f 5966/5966 5952/5952 5964/5964
f 5970/5970 5971/5971 5953/5953
f 5884/5884 5827/5827 5830/5830
f 5721/5721 5723/5723 5910/5910
f 5952/5952 5966/5966 5938/5938
f 5942/5942 5941/5941 5966/5966
f 5776/5776 5939/5939 5777/5777
f 5738/5738 5940/5940 5941/5941
f 5719/5719 5827/5827 5884/5884
f 5938/5938 5966/5966 5941/5941
f 5942/5942 5972/5972 5943/5943
f 5952/5952 5951/5951 5964/5964
f 5857/5857 5871/5871 5843/5843
f 5950/5950 5969/5969 5945/5945
f 5827/5827 5720/5720 5844/5844
f 5919/5919 5949/5949 5920/5920
f 5736/5736 5920/5920 5803/5803
f 5932/5932 5920/5920 5949/5949
f 5932/5932 5935/5935 5914/5914
f 5941/5941 5939/5939 5938/5938
f 5903/5903 5937/5937 5926/5926
f 5971/5971 5967/5967 5953/5953
f 5848/5848 5855/5855 5973/5973
f 5954/5954 5974/5974 5855/5855
f 5974/5974 5945/5945 5936/5936
f 5719/5719 5884/5884 5668/5668
f 5848/5848 5973/5973 5814/5814
f 5936/5936 5973/5973 5974/5974
f 5904/5904 5815/5815 5975/5975
f 5732/5732 5680/5680 5679/5679
f 5892/5892 5720/5720 5959/5959
f 5975/5975 5973/5973 5976/5976
f 5855/5855 5974/5974 5973/5973
f 5976/5976 5973/5973 5936/5936
f 5976/5976 5936/5936 5902/5902
f 5973/5973 5975/5975 5815/5815
f 5857/5857 5732/5732 5731/5731
f 5814/5814 5973/5973 5815/5815
f 5666/5666 5709/5709 5661/5661
f 5945/5945 5974/5974 5954/5954
f 5904/5904 5975/5975 5902/5902
f 5864/5864 5677/5677 5760/5760
f 5902/5902 5975/5975 5976/5976
f 5842/5842 5846/5846 5893/5893
f 5942/5942 5738/5738 5941/5941
f 5842/5842 5841/5841 5846/5846
f 5934/5934 5932/5932 5949/5949
f 5977/5977 5920/5920 5924/5924
f 5931/5931 5710/5710 5709/5709
f 5896/5896 5847/5847 5890/5890
f 5698/5698 5717/5717 5684/5684
f 10/10 18/18 5865/5865
f 5923/5923 959/959 5978/5978
f 5891/5891 5899/5899 5898/5898
f 5914/5914 5967/5967 5915/5915
f 5751/5751 5979/5979 5752/5752
f 5980/5980 5981/5981 5979/5979
f 5752/5752 5979/5979 5978/5978
f 5773/5773 5877/5877 5870/5870
f 5931/5931 5884/5884 5829/5829
f 5970/5970 4099/4099 4097/4097
f 5679/5679 5864/5864 5731/5731
f 5918/5918 5946/5946 5919/5919
f 5932/5932 5803/5803 5920/5920
f 5922/5922 78/78 99/99
f 5930/5930 5924/5924 5736/5736
f 5899/5899 5846/5846 5898/5898
f 5982/5982 5980/5980 5979/5979
f 5709/5709 5666/5666 5931/5931
f 5915/5915 5967/5967 5929/5929
f 5971/5971 5983/5983 5967/5967
f 5824/5824 5900/5900 5878/5878
f 5983/5983 5984/5984 5967/5967
f 5953/5953 5935/5935 5970/5970
f 5946/5946 5918/5918 5944/5944
f 5768/5768 5985/5985 5755/5755
f 959/959 5922/5922 953/953
f 75/75 5923/5923 5981/5981
f 4097/4097 5971/5971 5970/5970
f 5981/5981 5978/5978 5979/5979
f 5944/5944 4099/4099 5935/5935
f 5978/5978 881/881 5752/5752
f 5979/5979 5986/5986 5982/5982
f 5978/5978 5981/5981 5923/5923
f 5984/5984 5927/5927 5929/5929
f 5668/5668 5884/5884 5931/5931
f 99/99 953/953 5922/5922
f 4191/4191 5987/5987 5984/5984
f 5923/5923 75/75 78/78
f 5720/5720 5858/5858 5959/5959
f 5988/5988 192/192 195/195
f 238/238 75/75 5981/5981
f 5927/5927 5984/5984 5987/5987
f 1146/1146 1121/1121 5959/5959
f 5984/5984 5983/5983 4191/4191
f 241/241 238/238 5980/5980
f 189/189 5865/5865 18/18
f 5982/5982 241/241 5980/5980
f 5929/5929 5967/5967 5984/5984
f 5755/5755 5985/5985 5986/5986
f 5982/5982 5986/5986 5988/5988
f 5987/5987 4191/4191 4197/4197
f 4316/4316 5971/5971 4312/4312
f 238/238 5981/5981 5980/5980
f 5676/5676 5684/5684 5660/5660
f 5989/5989 5990/5990 5947/5947
f 5881/5881 5959/5959 5858/5858
f 5991/5991 5804/5804 5913/5913
f 5923/5923 78/78 5922/5922
f 4316/4316 4191/4191 5983/5983
f 5842/5842 5894/5894 5857/5857
f 5979/5979 5751/5751 5986/5986
f 5978/5978 959/959 881/881
f 5755/5755 5986/5986 5751/5751
f 5794/5794 5804/5804 5991/5991
f 5684/5684 5686/5686 5661/5661
f 5992/5992 5948/5948 5993/5993
f 241/241 5982/5982 195/195
f 5817/5817 10/10 5865/5865
f 195/195 5982/5982 5988/5988
f 4316/4316 5983/5983 5971/5971
f 5994/5994 5943/5943 5972/5972
f 1136/1136 1134/1134 5879/5879
f 5718/5718 5746/5746 5692/5692
f 5816/5816 5689/5689 5778/5778
f 5747/5747 5674/5674 5699/5699
f 5781/5781 5911/5911 5723/5723
f 5666/5666 5668/5668 5931/5931
f 5991/5991 5913/5913 5992/5992
f 5772/5772 5712/5712 5767/5767
f 5992/5992 5913/5913 5948/5948
f 1146/1146 5861/5861 1170/1170
f 5895/5895 5893/5893 1107/1107
f 5690/5690 5892/5892 1123/1123
f 5990/5990 5995/5995 5996/5996
f 5729/5729 5693/5693 5730/5730
f 5988/5988 5986/5986 5985/5985
f 5794/5794 5991/5991 5799/5799
f 5994/5994 5912/5912 5977/5977
f 5729/5729 5773/5773 5760/5760
f 5996/5996 5995/5995 5866/5866
f 5661/5661 5660/5660 5684/5684
f 5749/5749 5800/5800 5790/5790
f 5866/5866 5873/5873 5997/5997
f 5944/5944 5918/5918 5912/5912
f 5799/5799 5991/5991 5998/5998
f 5917/5917 5721/5721 5910/5910
f 5767/5767 5712/5712 5740/5740
f 5972/5972 2367/2367 2391/2391
f 5965/5965 2367/2367 5972/5972
f 5780/5780 5741/5741 5764/5764
f 5995/5995 5867/5867 5866/5866
f 5977/5977 5912/5912 5918/5918
f 5993/5993 5990/5990 5996/5996
f 5977/5977 5924/5924 5943/5943
f 5993/5993 5996/5996 5997/5997
f 5795/5795 5999/5999 5780/5780
f 5774/5774 5711/5711 5777/5777
f 5683/5683 5726/5726 5663/5663
f 5703/5703 5702/5702 5696/5696
f 5783/5783 5782/5782 5809/5809
f 5701/5701 5703/5703 5700/5700
f 5790/5790 5722/5722 5721/5721
f 5799/5799 5998/5998 5795/5795
f 6000/6000 5753/5753 5742/5742
f 5993/5993 5948/5948 5947/5947
f 5746/5746 5683/5683 5730/5730
f 5947/5947 5990/5990 5993/5993
f 5746/5746 5730/5730 5693/5693
f 5998/5998 5993/5993 5997/5997
f 5929/5929 5948/5948 5915/5915
f 5700/5700 5659/5659 5699/5699
f 5707/5707 5669/5669 5708/5708
f 6001/6001 5998/5998 5997/5997
f 5866/5866 5997/5997 5996/5996
f 5991/5991 5993/5993 5998/5998
f 5723/5723 5782/5782 5781/5781
f 5690/5690 5844/5844 5892/5892
f 2382/2382 2368/2368 5965/5965
f 5998/5998 6001/6001 5795/5795
f 5867/5867 5990/5990 5957/5957
f 5992/5992 5993/5993 5991/5991
f 5786/5786 5783/5783 5809/5809
f 5700/5700 5703/5703 5727/5727
f 5892/5892 5959/5959 1121/1121
f 6000/6000 6001/6001 5897/5897
f 5780/5780 5999/5999 5742/5742
f 5724/5724 5698/5698 5697/5697
f 5999/5999 5795/5795 6000/6000
f 5898/5898 6000/6000 5897/5897
f 4099/4099 5944/5944 4119/4119
f 5704/5704 5725/5725 5705/5705
f 5873/5873 5897/5897 5997/5997
f 6000/6000 5795/5795 6001/6001
f 5995/5995 5990/5990 5867/5867
f 6000/6000 5898/5898 5753/5753
f 5920/5920 5977/5977 5918/5918
f 5782/5782 5800/5800 5805/5805
f 5749/5749 5672/5672 5770/5770
f 5972/5972 2391/2391 5994/5994
f 5944/5944 5912/5912 4119/4119
f 5683/5683 5663/5663 5662/5662
f 5917/5917 5916/5916 5673/5673
f 5977/5977 5943/5943 5994/5994
f 5759/5759 5682/5682 5757/5757
f 5913/5913 5915/5915 5948/5948
f 5730/5730 5683/5683 5759/5759
f 5957/5957 5990/5990 5989/5989
f 5988/5988 5985/5985 192/192
f 5705/5705 5674/5674 5673/5673
f 5797/5797 5803/5803 5804/5804
f 4312/4312 5971/5971 4097/4097
f 5682/5682 5759/5759 5683/5683
f 5726/5726 5745/5745 5727/5727
f 5701/5701 5700/5700 5725/5725
f 5910/5910 5907/5907 5917/5917
f 5805/5805 5809/5809 5782/5782
f 5999/5999 6000/6000 5742/5742
f 5695/5695 5776/5776 5711/5711
f 5965/5965 5972/5972 5942/5942
f 5726/5726 5683/5683 5746/5746
f 5664/5664 5663/5663 5696/5696
f 5735/5735 5734/5734 5687/5687
f 5897/5897 6001/6001 5997/5997
f 192/192 5985/5985 5768/5768
f 5678/5678 6002/6002 1131/1131
f 5730/5730 5759/5759 5728/5728
f 5765/5765 5728/5728 5759/5759
f 5680/5680 5894/5894 6003/6003
f 6004/6004 6005/6005 6002/6002
f 192/192 5768/5768 5818/5818
f 6002/6002 5680/5680 6004/6004
f 189/189 192/192 5818/5818
f 6002/6002 6005/6005 1131/1131
f 5863/5863 5862/5862 5859/5859
f 5696/5696 5663/5663 5703/5703
f 2421/2421 941/941 897/897
f 5798/5798 5787/5787 5788/5788
f 1107/1107 1105/1105 5895/5895
f 5692/5692 5746/5746 5693/5693
f 5775/5775 5765/5765 5758/5758
f 5801/5801 5734/5734 5733/5733
f 5863/5863 5860/5860 5735/5735
f 5660/5660 5718/5718 5692/5692
f 2367/2367 5965/5965 2368/2368
f 5994/5994 2391/2391 5912/5912
f 5894/5894 5895/5895 6003/6003
f 5767/5767 5808/5808 5809/5809
f 5659/5659 5709/5709 5699/5699
f 6004/6004 1131/1131 6005/6005
f 4099/4099 5970/5970 5935/5935
f 6003/6003 5895/5895 6004/6004
f 6004/6004 1105/1105 1131/1131
f 6004/6004 5895/5895 1105/1105
f 5678/5678 5680/5680 6002/6002
f 5680/5680 6003/6003 6004/6004

