# https://github.com/mikedh/trimesh

o geometry_0
v 0.14083406 0.02214020 0.00123100 0.54509804 0.71372549 0.60000000
v 0.14083406 0.02214020 0.00103853 0.54509804 0.71372549 0.60000000
v 0.13983153 0.02214020 0.00123100 0.54509804 0.71372549 0.60000000
v 0.14150586 0.02198937 0.00208643 0.54509804 0.71372549 0.60000000
v 0.15019784 0.02182992 0.00227035 0.54509804 0.71372549 0.60000000
v 0.15019784 0.02192903 0.00007617 0.54509804 0.71372549 0.60000000
v 0.14799642 0.02182130 -0.00212229 0.54509804 0.71372549 0.60000000
v 0.14150586 0.02207556 0.00021304 0.54509804 0.71372549 0.60000000
v 0.13983153 0.02214020 0.00103853 0.54509804 0.71372549 0.60000000
v 0.13913908 0.02198937 0.00208643 0.54509804 0.71372549 0.60000000
v 0.07541162 0.02174373 0.00007617 0.54509804 0.71372549 0.60000000
v 0.07541162 0.02167047 0.00227035 0.54509804 0.71372549 0.60000000
v 0.07541162 0.02140759 0.00447308 0.54509804 0.71372549 0.60000000
v 0.07541162 0.02102405 0.00667153 0.54509804 0.71372549 0.60000000
v 0.14140250 0.02145499 0.00447308 0.54509804 0.71372549 0.60000000
v 0.14799642 0.02142483 0.00447308 0.54509804 0.71372549 0.60000000
v 0.15019784 0.02141190 0.00447308 0.54509804 0.71372549 0.60000000
v 0.15239926 0.02123952 0.00447308 0.54509804 0.71372549 0.60000000
v 0.15239926 0.02155842 0.00227035 0.54509804 0.71372549 0.60000000
v 0.15239926 0.02172218 0.00007617 0.54509804 0.71372549 0.60000000
v 0.15019784 0.02178251 -0.00212229 0.54509804 0.71372549 0.60000000
v 0.15239926 0.02159721 -0.00212229 0.54509804 0.71372549 0.60000000
v 0.14799642 0.02151102 -0.00432502 0.54509804 0.71372549 0.60000000
v 0.14140250 0.02183854 -0.00212229 0.54509804 0.71372549 0.60000000
v 0.13913908 0.02207556 0.00021304 0.54509804 0.71372549 0.60000000
v 0.07761304 0.02161014 -0.00212229 0.54509804 0.71372549 0.60000000
v 0.07541162 0.02158859 -0.00212229 0.54509804 0.71372549 0.60000000
v 0.06221344 0.02152394 0.00007617 0.54509804 0.71372549 0.60000000
v 0.06001202 0.02146361 0.00227035 0.54509804 0.71372549 0.60000000
v 0.06001202 0.02122659 0.00447308 0.54509804 0.71372549 0.60000000
v 0.06001202 0.02084736 0.00667153 0.54509804 0.71372549 0.60000000
v 0.06221344 0.02087322 0.00667153 0.54509804 0.71372549 0.60000000
v 0.06001202 0.02028282 0.00881011 0.54509804 0.71372549 0.60000000
v 0.07321020 0.02036039 0.00884432 0.54509804 0.71372549 0.60000000
v 0.07541162 0.02036901 0.00884005 0.54509804 0.71372549 0.60000000
v 0.07761304 0.02036470 0.00884005 0.54509804 0.71372549 0.60000000
v 0.14799642 0.02067929 0.00667153 0.54509804 0.71372549 0.60000000
v 0.15019784 0.02064481 0.00667153 0.54509804 0.71372549 0.60000000
v 0.15257496 0.02041641 0.00688539 0.54509804 0.71372549 0.60000000
v 0.15391855 0.02028282 0.00629087 0.54509804 0.71372549 0.60000000
v 0.15416660 0.02051984 0.00447308 0.54509804 0.71372549 0.60000000
v 0.15422861 0.02064051 0.00227035 0.54509804 0.71372549 0.60000000
v 0.15426995 0.02074824 0.00007617 0.54509804 0.71372549 0.60000000
v 0.15421828 0.02069222 -0.00212229 0.54509804 0.71372549 0.60000000
v 0.15019784 0.02143345 -0.00432502 0.54509804 0.71372549 0.60000000
v 0.15239926 0.02110162 -0.00432502 0.54509804 0.71372549 0.60000000
v 0.15398056 0.02039056 -0.00432502 0.54509804 0.71372549 0.60000000
v 0.13920109 0.02183423 -0.00212229 0.54509804 0.71372549 0.60000000
v 0.14799642 0.02074824 -0.00652347 0.54509804 0.71372549 0.60000000
v 0.07761304 0.02117919 -0.00432502 0.54509804 0.71372549 0.60000000
v 0.07541162 0.02115333 -0.00432502 0.54509804 0.71372549 0.60000000
v 0.07321020 0.02111455 -0.00432502 0.54509804 0.71372549 0.60000000
v 0.06660594 0.02098526 -0.00432502 0.54509804 0.71372549 0.60000000
v 0.06221344 0.02133002 -0.00212229 0.54509804 0.71372549 0.60000000
v 0.06001202 0.02147654 0.00007617 0.54509804 0.71372549 0.60000000
v 0.05781060 0.02123090 0.00007617 0.54509804 0.71372549 0.60000000
v 0.05781060 0.02120505 0.00227035 0.54509804 0.71372549 0.60000000
v 0.05781060 0.02098957 0.00447308 0.54509804 0.71372549 0.60000000
v 0.05781060 0.02061465 0.00667153 0.54509804 0.71372549 0.60000000
v 0.05781060 0.02015785 0.00850643 0.54509804 0.71372549 0.60000000
v 0.05781060 0.01981740 0.00960566 0.54509804 0.71372549 0.60000000
v 0.06001202 0.01990790 0.00990933 0.54509804 0.71372549 0.60000000
v 0.07761304 0.01991652 0.00993928 0.54509804 0.71372549 0.60000000
v 0.07321020 0.01991652 0.00994355 0.54509804 0.71372549 0.60000000
v 0.07981445 0.02036039 0.00881011 0.54509804 0.71372549 0.60000000
v 0.14580534 0.02008889 0.00810438 0.54509804 0.71372549 0.60000000
v 0.14799642 0.02007596 0.00807871 0.54509804 0.71372549 0.60000000
v 0.15019784 0.02005011 0.00802739 0.54509804 0.71372549 0.60000000
v 0.15196518 0.01999839 0.00792046 0.54509804 0.71372549 0.60000000
v 0.15343279 0.01992082 0.00775793 0.54509804 0.71372549 0.60000000
v 0.15394955 0.01810223 0.01066639 0.54509804 0.71372549 0.60000000
v 0.15431129 0.01855473 0.00887426 0.54509804 0.71372549 0.60000000
v 0.15540683 0.01681801 0.00887426 0.54509804 0.71372549 0.60000000
v 0.15514845 0.01883053 0.00447308 0.54509804 0.71372549 0.60000000
v 0.15522079 0.01883053 0.00227035 0.54509804 0.71372549 0.60000000
v 0.15523113 0.01883053 0.00007617 0.54509804 0.71372549 0.60000000
v 0.15511744 0.01883053 -0.00212229 0.54509804 0.71372549 0.60000000
v 0.15480739 0.01883053 -0.00432502 0.54509804 0.71372549 0.60000000
v 0.15019784 0.02065343 -0.00652347 0.54509804 0.71372549 0.60000000
v 0.15370151 0.02010182 -0.00579636 0.54509804 0.71372549 0.60000000
v 0.15223390 0.02028282 -0.00652775 0.54509804 0.71372549 0.60000000
v 0.15423894 0.01894689 -0.00652775 0.54509804 0.71372549 0.60000000
v 0.15401156 0.01826168 -0.00872193 0.54509804 0.71372549 0.60000000
v 0.15019784 0.02001563 -0.00776385 0.54509804 0.71372549 0.60000000
v 0.14799642 0.02006304 -0.00783228 0.54509804 0.71372549 0.60000000
v 0.07761304 0.01985187 -0.00747728 0.54509804 0.71372549 0.60000000
v 0.07761304 0.02040349 -0.00637805 0.54509804 0.71372549 0.60000000
v 0.07541162 0.02039056 -0.00632673 0.54509804 0.71372549 0.60000000
v 0.06441486 0.02027851 -0.00614281 0.54509804 0.71372549 0.60000000
v 0.06441486 0.02093786 -0.00432502 0.54509804 0.71372549 0.60000000
v 0.06001202 0.02124383 -0.00212229 0.54509804 0.71372549 0.60000000
v 0.05781060 0.02105421 -0.00212229 0.54509804 0.71372549 0.60000000
v 0.05582623 0.02042934 -0.00212229 0.54509804 0.71372549 0.60000000
v 0.05573321 0.02049829 0.00007617 0.54509804 0.71372549 0.60000000
v 0.05577455 0.02047674 0.00227035 0.54509804 0.71372549 0.60000000
v 0.05592958 0.02037332 0.00447308 0.54509804 0.71372549 0.60000000
v 0.05621897 0.02018370 0.00667153 0.54509804 0.71372549 0.60000000
v 0.05650836 0.02001994 0.00809155 0.54509804 0.71372549 0.60000000
v 0.05781060 0.01922269 0.01107272 0.54509804 0.71372549 0.60000000
v 0.06001202 0.01939076 0.01107272 0.54509804 0.71372549 0.60000000
v 0.06221344 0.01938214 0.01107272 0.54509804 0.71372549 0.60000000
v 0.06221344 0.01830909 0.01307870 0.54509804 0.71372549 0.60000000
v 0.07761304 0.01927441 0.01107272 0.54509804 0.71372549 0.60000000
v 0.14580534 0.01849439 0.01107272 0.54509804 0.71372549 0.60000000
v 0.14360392 0.01955883 0.00922927 0.54509804 0.71372549 0.60000000
v 0.14799642 0.01952866 0.00917794 0.54509804 0.71372549 0.60000000
v 0.15019784 0.01950712 0.00912662 0.54509804 0.71372549 0.60000000
v 0.15257496 0.01953728 0.00874167 0.54509804 0.71372549 0.60000000
v 0.15285401 0.01771007 0.01213345 0.54509804 0.71372549 0.60000000
v 0.15413559 0.01620607 0.01327117 0.54509804 0.71372549 0.60000000
v 0.15476605 0.01661978 0.01105133 0.54509804 0.71372549 0.60000000
v 0.15374285 0.01571910 0.01460137 0.54509804 0.71372549 0.60000000
v 0.15569622 0.01552948 0.00997349 0.54509804 0.71372549 0.60000000
v 0.15556186 0.01701625 0.00667153 0.54509804 0.71372549 0.60000000
v 0.15515878 0.01443057 0.01327117 0.54509804 0.71372549 0.60000000
v 0.15576856 0.01591733 0.00667153 0.54509804 0.71372549 0.60000000
v 0.15554119 0.01662839 0.00007617 0.54509804 0.71372549 0.60000000
v 0.15599594 0.01003061 -0.01092466 0.54509804 0.71372549 0.60000000
v 0.15492107 0.01662839 -0.00872193 0.54509804 0.71372549 0.60000000
v 0.15522079 0.01662839 -0.00652347 0.54509804 0.71372549 0.60000000
v 0.15138640 0.01995530 -0.00766547 0.54509804 0.71372549 0.60000000
v 0.15368084 0.01787814 -0.01004357 0.54509804 0.71372549 0.60000000
v 0.15285401 0.01975707 -0.00726342 0.54509804 0.71372549 0.60000000
v 0.15416660 0.01661547 -0.01083484 0.54509804 0.71372549 0.60000000
v 0.15019784 0.01935198 -0.00886308 0.54509804 0.71372549 0.60000000
v 0.14799642 0.01937352 -0.00893151 0.54509804 0.71372549 0.60000000
v 0.14360392 0.01761526 -0.01183997 0.54509804 0.71372549 0.60000000
v 0.14140250 0.01762388 -0.01185280 0.54509804 0.71372549 0.60000000
v 0.13699966 0.01763250 -0.01185280 0.54509804 0.71372549 0.60000000
v 0.07761304 0.01816257 -0.01047556 0.54509804 0.71372549 0.60000000
v 0.07761304 0.01918391 -0.00872193 0.54509804 0.71372549 0.60000000
v 0.05781060 0.01892534 -0.00872193 0.54509804 0.71372549 0.60000000
v 0.05781060 0.01970535 -0.00704956 0.54509804 0.71372549 0.60000000
v 0.06001202 0.02018801 -0.00601022 0.54509804 0.71372549 0.60000000
v 0.05781060 0.02013199 -0.00595034 0.54509804 0.71372549 0.60000000
v 0.06001202 0.02076117 -0.00432502 0.54509804 0.71372549 0.60000000
v 0.05781060 0.02062758 -0.00432502 0.54509804 0.71372549 0.60000000
v 0.05614662 0.02022680 -0.00432502 0.54509804 0.71372549 0.60000000
v 0.05504074 0.01950281 -0.00432502 0.54509804 0.71372549 0.60000000
v 0.05473069 0.01970535 -0.00212229 0.54509804 0.71372549 0.60000000
v 0.05462733 0.01978723 0.00007617 0.54509804 0.71372549 0.60000000
v 0.05467901 0.01976137 0.00227035 0.54509804 0.71372549 0.60000000
v 0.05483404 0.01960193 0.00447308 0.54509804 0.71372549 0.60000000
v 0.05512343 0.01939076 0.00667153 0.54509804 0.71372549 0.60000000
v 0.05571254 0.01921407 0.00884432 0.54509804 0.71372549 0.60000000
v 0.05553684 0.01832201 0.01098290 0.54509804 0.71372549 0.60000000
v 0.05622930 0.01802035 0.01260822 0.54509804 0.71372549 0.60000000
v 0.05781060 0.01823582 0.01293756 0.54509804 0.71372549 0.60000000
v 0.06001202 0.01831339 0.01307443 0.54509804 0.71372549 0.60000000
v 0.06221344 0.01758940 0.01417793 0.54509804 0.71372549 0.60000000
v 0.14580534 0.01777902 0.01224894 0.54509804 0.71372549 0.60000000
v 0.15138640 0.01773162 0.01217622 0.54509804 0.71372549 0.60000000
v 0.14799642 0.01845561 0.01107272 0.54509804 0.71372549 0.60000000
v 0.15019784 0.01841251 0.01107272 0.54509804 0.71372549 0.60000000
v 0.15223390 0.01822289 0.01126947 0.54509804 0.71372549 0.60000000
v 0.15223390 0.01708089 0.01305304 0.54509804 0.71372549 0.60000000
v 0.15239926 0.01583545 0.01473396 0.54509804 0.71372549 0.60000000
v 0.15428029 0.01441764 0.01538836 0.54509804 0.71372549 0.60000000
v 0.15239926 0.01494770 0.01583746 0.54509804 0.71372549 0.60000000
v 0.15239926 0.01384879 0.01713772 0.54509804 0.71372549 0.60000000
v 0.15390821 0.01368072 0.01695808 0.54509804 0.71372549 0.60000000
v 0.15573756 0.01571910 0.00887426 0.54509804 0.71372549 0.60000000
v 0.15542751 0.01218103 0.01551240 0.54509804 0.71372549 0.60000000
v 0.15565488 0.01087095 0.01626946 0.54509804 0.71372549 0.60000000
v 0.15599594 0.01009525 0.01551240 0.54509804 0.71372549 0.60000000
v 0.15665740 0.00123068 0.00887426 0.54509804 0.71372549 0.60000000
v 0.15589259 0.00825080 -0.01261414 0.54509804 0.71372549 0.60000000
v 0.15585125 0.01003061 -0.01252004 0.54509804 0.71372549 0.60000000
v 0.15571690 0.01119416 -0.01209660 0.54509804 0.71372549 0.60000000
v 0.15542751 0.01443057 -0.00872193 0.54509804 0.71372549 0.60000000
v 0.15685377 -0.01416703 0.00227035 0.54509804 0.71372549 0.60000000
v 0.15660573 -0.01636486 -0.00432502 0.54509804 0.71372549 0.60000000
v 0.15626466 -0.01196490 -0.01092466 0.54509804 0.71372549 0.60000000
v 0.15516912 0.01443057 -0.01092466 0.54509804 0.71372549 0.60000000
v 0.15223390 0.01923131 -0.00852946 0.54509804 0.71372549 0.60000000
v 0.15239926 0.01808930 -0.01031731 0.54509804 0.71372549 0.60000000
v 0.15385654 0.01587424 -0.01241311 0.54509804 0.71372549 0.60000000
v 0.15239926 0.01725327 -0.01141653 0.54509804 0.71372549 0.60000000
v 0.15433196 0.01446504 -0.01313595 0.54509804 0.71372549 0.60000000
v 0.15019784 0.01825306 -0.01052689 0.54509804 0.71372549 0.60000000
v 0.14360392 0.01667149 -0.01312312 0.54509804 0.71372549 0.60000000
v 0.14140250 0.01668011 -0.01312312 0.54509804 0.71372549 0.60000000
v 0.10400939 0.01752907 -0.01170310 0.54509804 0.71372549 0.60000000
v 0.07761304 0.01740410 -0.01157907 0.54509804 0.71372549 0.60000000
v 0.05781060 0.01730498 -0.01144220 0.54509804 0.71372549 0.60000000
v 0.05781060 0.01805052 -0.01033869 0.54509804 0.71372549 0.60000000
v 0.05627065 0.01796002 -0.01019755 0.54509804 0.71372549 0.60000000
v 0.05648769 0.02003287 -0.00572365 0.54509804 0.71372549 0.60000000
v 0.05569187 0.01923562 -0.00648498 0.54509804 0.71372549 0.60000000
v 0.05444130 0.01784366 -0.00787078 0.54509804 0.71372549 0.60000000
v 0.05429660 0.01807637 -0.00652347 0.54509804 0.71372549 0.60000000
v 0.05411057 0.01840389 -0.00432502 0.54509804 0.71372549 0.60000000
v 0.05404856 0.01860644 -0.00212229 0.54509804 0.71372549 0.60000000
v 0.05403822 0.01868832 0.00007617 0.54509804 0.71372549 0.60000000
v 0.05399688 0.01866246 0.00227035 0.54509804 0.71372549 0.60000000
v 0.05406922 0.01850301 0.00447308 0.54509804 0.71372549 0.60000000
v 0.05419325 0.01829185 0.00667153 0.54509804 0.71372549 0.60000000
v 0.05432761 0.01802897 0.00887426 0.54509804 0.71372549 0.60000000
v 0.05445163 0.01782212 0.01018735 0.54509804 0.71372549 0.60000000
v 0.05476169 0.01737393 0.01165441 0.54509804 0.71372549 0.60000000
v 0.05608461 0.01602507 0.01486655 0.54509804 0.71372549 0.60000000
v 0.05781060 0.01746443 0.01403678 0.54509804 0.71372549 0.60000000
v 0.05542315 0.01669735 0.01337810 0.54509804 0.71372549 0.60000000
v 0.06001202 0.01758079 0.01417365 0.54509804 0.71372549 0.60000000
v 0.06221344 0.01650342 0.01547391 0.54509804 0.71372549 0.60000000
v 0.14360392 0.01591302 0.01481523 0.54509804 0.71372549 0.60000000
v 0.14360392 0.01701625 0.01335672 0.54509804 0.71372549 0.60000000
v 0.14580534 0.01699039 0.01334816 0.54509804 0.71372549 0.60000000
v 0.15437330 0.01221550 0.01768092 0.54509804 0.71372549 0.60000000
v 0.13259683 0.01287916 0.01835670 0.54509804 0.71372549 0.60000000
v 0.15239926 0.01271109 0.01823695 0.54509804 0.71372549 0.60000000
v 0.06341233 0.01553379 0.01657741 0.54509804 0.71372549 0.60000000
v 0.15384620 0.01146997 0.01900683 0.54509804 0.71372549 0.60000000
v 0.15577890 0.00940142 0.01682976 0.54509804 0.71372549 0.60000000
v 0.15534482 0.01009525 0.01760820 0.54509804 0.71372549 0.60000000
v 0.15609930 0.00782847 0.01547391 0.54509804 0.71372549 0.60000000
v 0.15666774 -0.01196490 0.01327117 0.54509804 0.71372549 0.60000000
v 0.15674008 -0.01196490 0.01107272 0.54509804 0.71372549 0.60000000
v 0.15683311 -0.01196490 0.00667153 0.54509804 0.71372549 0.60000000
v 0.15688478 -0.01416703 0.00447308 0.54509804 0.71372549 0.60000000
v 0.15685377 -0.01196490 0.00447308 0.54509804 0.71372549 0.60000000
v 0.15593393 0.00283811 -0.01269540 0.54509804 0.71372549 0.60000000
v 0.15535516 -0.00316497 -0.01752430 0.54509804 0.71372549 0.60000000
v 0.15527247 0.00123068 -0.01752430 0.54509804 0.71372549 0.60000000
v 0.15559286 0.01003061 -0.01362354 0.54509804 0.71372549 0.60000000
v 0.15537583 0.01204743 -0.01294775 0.54509804 0.71372549 0.60000000
v 0.15518979 0.00342851 -0.01752430 0.54509804 0.71372549 0.60000000
v 0.15668842 -0.01636486 -0.00212229 0.54509804 0.71372549 0.60000000
v 0.15616131 -0.01844202 -0.00212229 0.54509804 0.71372549 0.60000000
v 0.15609930 -0.01826964 -0.00432502 0.54509804 0.71372549 0.60000000
v 0.15637835 -0.01636486 -0.00652347 0.54509804 0.71372549 0.60000000
v 0.15635768 -0.01416703 -0.00872193 0.54509804 0.71372549 0.60000000
v 0.15603729 -0.01422306 -0.01092466 0.54509804 0.71372549 0.60000000
v 0.15588225 -0.01352923 -0.01244733 0.54509804 0.71372549 0.60000000
v 0.15596494 -0.01196490 -0.01286221 0.54509804 0.71372549 0.60000000
v 0.15391855 0.01375829 -0.01465861 0.54509804 0.71372549 0.60000000
v 0.15239926 0.01515025 -0.01380318 0.54509804 0.71372549 0.60000000
v 0.15239926 0.01615004 -0.01270396 0.54509804 0.71372549 0.60000000
v 0.15019784 0.01739117 -0.01162611 0.54509804 0.71372549 0.60000000
v 0.15435263 0.01224998 -0.01536434 0.54509804 0.71372549 0.60000000
v 0.14360392 0.01568462 -0.01440198 0.54509804 0.71372549 0.60000000
v 0.14140250 0.01568462 -0.01440198 0.54509804 0.71372549 0.60000000
v 0.09960655 0.01640861 -0.01303757 0.54509804 0.71372549 0.60000000
v 0.07761304 0.01630088 -0.01289643 0.54509804 0.71372549 0.60000000
v 0.07541162 0.01628795 -0.01288360 0.54509804 0.71372549 0.60000000
v 0.05781060 0.01620607 -0.01272107 0.54509804 0.71372549 0.60000000
v 0.05604327 0.01599490 -0.01249438 0.54509804 0.71372549 0.60000000
v 0.05542315 0.01671028 -0.01105298 0.54509804 0.71372549 0.60000000
v 0.05480303 0.01742995 -0.00933784 0.54509804 0.71372549 0.60000000
v 0.05556784 0.01828323 -0.00864922 0.54509804 0.71372549 0.60000000
v 0.05457566 0.01543898 -0.01190841 0.54509804 0.71372549 0.60000000
v 0.05431727 0.01596043 -0.01044134 0.54509804 0.71372549 0.60000000
v 0.05420358 0.01666718 -0.00864922 0.54509804 0.71372549 0.60000000
v 0.05393487 0.01662839 -0.00652347 0.54509804 0.71372549 0.60000000
v 0.05129936 0.00691917 -0.00143367 0.54509804 0.71372549 0.60000000
v 0.05129936 0.00731133 -0.00000938 0.54509804 0.71372549 0.60000000
v 0.05129936 0.00732426 0.00007617 0.54509804 0.71372549 0.60000000
v 0.05129936 0.00761731 0.00217625 0.54509804 0.71372549 0.60000000
v 0.05129936 0.00762593 0.00227035 0.54509804 0.71372549 0.60000000
v 0.05129936 0.00742338 0.00447308 0.54509804 0.71372549 0.60000000
v 0.05129936 0.00696227 0.00590592 0.54509804 0.71372549 0.60000000
v 0.05436895 0.01590872 0.01267665 0.54509804 0.71372549 0.60000000
v 0.05427593 0.01663701 0.01098290 0.54509804 0.71372549 0.60000000
v 0.05461700 0.01526660 0.01414371 0.54509804 0.71372549 0.60000000
v 0.05611561 0.01380570 0.01699657 0.54509804 0.71372549 0.60000000
v 0.05781060 0.01527522 0.01633789 0.54509804 0.71372549 0.60000000
v 0.05781060 0.01636552 0.01523866 0.54509804 0.71372549 0.60000000
v 0.05956760 0.01544760 0.01649615 0.54509804 0.71372549 0.60000000
v 0.06017739 0.01629657 0.01564499 0.54509804 0.71372549 0.60000000
v 0.06102488 0.01553810 0.01658169 0.54509804 0.71372549 0.60000000
v 0.06221344 0.01553810 0.01658169 0.54509804 0.71372549 0.60000000
v 0.13259683 0.01178025 0.01926346 0.54509804 0.71372549 0.60000000
v 0.06221344 0.01443057 0.01753122 0.54509804 0.71372549 0.60000000
v 0.07761304 0.01308602 0.01857056 0.54509804 0.71372549 0.60000000
v 0.15239926 0.01160787 0.01909665 0.54509804 0.71372549 0.60000000
v 0.15239926 0.01003061 0.01996491 0.54509804 0.71372549 0.60000000
v 0.15378419 0.00713465 0.02114113 0.54509804 0.71372549 0.60000000
v 0.15419760 0.01003061 0.01938322 0.54509804 0.71372549 0.60000000
v 0.15579958 0.00782847 0.01702224 0.54509804 0.71372549 0.60000000
v 0.15554119 0.00782847 0.01812146 0.54509804 0.71372549 0.60000000
v 0.15441464 0.00785433 0.02000341 0.54509804 0.71372549 0.60000000
v 0.15507610 0.00563064 0.01987082 0.54509804 0.71372549 0.60000000
v 0.15530348 0.00123068 0.01987082 0.54509804 0.71372549 0.60000000
v 0.15620266 -0.00976707 0.01547391 0.54509804 0.71372549 0.60000000
v 0.15609930 -0.01193042 0.01554662 0.54509804 0.71372549 0.60000000
v 0.15592360 -0.01350338 0.01486655 0.54509804 0.71372549 0.60000000
v 0.15606829 -0.01421013 0.01318135 0.54509804 0.71372549 0.60000000
v 0.15643002 -0.01416703 0.01107272 0.54509804 0.71372549 0.60000000
v 0.15650237 -0.01636486 0.00667153 0.54509804 0.71372549 0.60000000
v 0.15670908 -0.01636486 0.00447308 0.54509804 0.71372549 0.60000000
v 0.15682277 -0.01416703 0.00667153 0.54509804 0.71372549 0.60000000
v 0.15670908 -0.01636486 0.00007617 0.54509804 0.71372549 0.60000000
v 0.15529314 -0.00536711 -0.01752430 0.54509804 0.71372549 0.60000000
v 0.15434230 -0.00316497 -0.01939769 0.54509804 0.71372549 0.60000000
v 0.15432163 -0.00096715 -0.01940197 0.54509804 0.71372549 0.60000000
v 0.15512778 0.01003061 -0.01532157 0.54509804 0.71372549 0.60000000
v 0.15429062 0.00123068 -0.01929504 0.54509804 0.71372549 0.60000000
v 0.15421828 0.00342851 -0.01916673 0.54509804 0.71372549 0.60000000
v 0.15492107 0.00563064 -0.01752430 0.54509804 0.71372549 0.60000000
v 0.15615097 -0.01841186 0.00007617 0.54509804 0.71372549 0.60000000
v 0.15562387 -0.01954093 -0.00212229 0.54509804 0.71372549 0.60000000
v 0.15590292 -0.01787317 -0.00652347 0.54509804 0.71372549 0.60000000
v 0.15552052 -0.01936856 -0.00432502 0.54509804 0.71372549 0.60000000
v 0.15574790 -0.01755858 -0.00778523 0.54509804 0.71372549 0.60000000
v 0.15596494 -0.01631745 -0.00860217 0.54509804 0.71372549 0.60000000
v 0.15579958 -0.01555468 -0.01019327 0.54509804 0.71372549 0.60000000
v 0.15558253 -0.01499445 -0.01166033 0.54509804 0.71372549 0.60000000
v 0.15516912 -0.01422306 -0.01315733 0.54509804 0.71372549 0.60000000
v 0.15458001 -0.01215882 -0.01551832 0.54509804 0.71372549 0.60000000
v 0.15558253 -0.01196490 -0.01396144 0.54509804 0.71372549 0.60000000
v 0.15387721 0.01153461 -0.01669881 0.54509804 0.71372549 0.60000000
v 0.15239926 0.01284038 -0.01602730 0.54509804 0.71372549 0.60000000
v 0.15239926 0.01404703 -0.01492807 0.54509804 0.71372549 0.60000000
v 0.14506120 0.01560274 -0.01430789 0.54509804 0.71372549 0.60000000
v 0.14360392 0.01451676 -0.01550121 0.54509804 0.71372549 0.60000000
v 0.14140250 0.01452538 -0.01550121 0.54509804 0.71372549 0.60000000
v 0.09960655 0.01543898 -0.01413680 0.54509804 0.71372549 0.60000000
v 0.07761304 0.01530108 -0.01399993 0.54509804 0.71372549 0.60000000
v 0.05781060 0.01508561 -0.01382029 0.54509804 0.71372549 0.60000000
v 0.07541162 0.01527953 -0.01398710 0.54509804 0.71372549 0.60000000
v 0.05613629 0.01376691 -0.01455596 0.54509804 0.71372549 0.60000000
v 0.05536114 0.01460295 -0.01327282 0.54509804 0.71372549 0.60000000
v 0.05466867 0.01309463 -0.01404698 0.54509804 0.71372549 0.60000000
v 0.05425526 0.01396946 -0.01258420 0.54509804 0.71372549 0.60000000
v 0.05411057 0.01459433 -0.01107436 0.54509804 0.71372549 0.60000000
v 0.05129936 0.00625983 -0.00260133 0.54509804 0.71372549 0.60000000
v 0.05129936 0.00630723 -0.00252006 0.54509804 0.71372549 0.60000000
v 0.05129936 0.00601419 0.00695382 0.54509804 0.71372549 0.60000000
v 0.05439995 0.01379708 0.01480667 0.54509804 0.71372549 0.60000000
v 0.05465834 0.01297397 0.01627373 0.54509804 0.71372549 0.60000000
v 0.05631198 0.01146997 0.01900256 0.54509804 0.71372549 0.60000000
v 0.05781060 0.01287916 0.01842086 0.54509804 0.71372549 0.60000000
v 0.05781060 0.01417631 0.01732164 0.54509804 0.71372549 0.60000000
v 0.06017739 0.01460295 0.01730880 0.54509804 0.71372549 0.60000000
v 0.06001202 0.01307740 0.01858339 0.54509804 0.71372549 0.60000000
v 0.06221344 0.01312049 0.01862189 0.54509804 0.71372549 0.60000000
v 0.13259683 0.01011680 0.02036269 0.54509804 0.71372549 0.60000000
v 0.07541162 0.01309033 0.01857912 0.54509804 0.71372549 0.60000000
v 0.07541162 0.01199141 0.01937894 0.54509804 0.71372549 0.60000000
v 0.13753710 0.00891015 0.02096577 0.54509804 0.71372549 0.60000000
v 0.13259683 0.00901357 0.02101709 0.54509804 0.71372549 0.60000000
v 0.13479825 0.00897048 0.02099571 0.54509804 0.71372549 0.60000000
v 0.15239926 0.00844041 0.02073908 0.54509804 0.71372549 0.60000000
v 0.13920109 0.00886274 0.02094866 0.54509804 0.71372549 0.60000000
v 0.15239926 0.00734150 0.02123523 0.54509804 0.71372549 0.60000000
v 0.15239926 0.00563064 0.02176559 0.54509804 0.71372549 0.60000000
v 0.15239926 0.00342851 0.02218048 0.54509804 0.71372549 0.60000000
v 0.15405291 0.00563064 0.02135499 0.54509804 0.71372549 0.60000000
v 0.15526214 0.00342851 0.01987082 0.54509804 0.71372549 0.60000000
v 0.15423894 0.00342851 0.02156029 0.54509804 0.71372549 0.60000000
v 0.15428029 0.00123068 0.02162873 0.54509804 0.71372549 0.60000000
v 0.15526214 -0.00096715 0.01987082 0.54509804 0.71372549 0.60000000
v 0.15556186 -0.00756493 0.01823695 0.54509804 0.71372549 0.60000000
v 0.15577890 -0.01117626 0.01673139 0.54509804 0.71372549 0.60000000
v 0.15556186 -0.01264148 0.01633361 0.54509804 0.71372549 0.60000000
v 0.15480739 -0.01432217 0.01565355 0.54509804 0.71372549 0.60000000
v 0.15551019 -0.01497290 0.01385287 0.54509804 0.71372549 0.60000000
v 0.15575823 -0.01539523 0.01238580 0.54509804 0.71372549 0.60000000
v 0.15596494 -0.01793350 0.00667153 0.54509804 0.71372549 0.60000000
v 0.15613030 -0.01822224 0.00447308 0.54509804 0.71372549 0.60000000
v 0.15489007 -0.00756493 -0.01752430 0.54509804 0.71372549 0.60000000
v 0.15425961 -0.00536711 -0.01923089 0.54509804 0.71372549 0.60000000
v 0.15239926 -0.00316497 -0.02025313 0.54509804 0.71372549 0.60000000
v 0.15239926 -0.00096715 -0.02025313 0.54509804 0.71372549 0.60000000
v 0.15414593 0.01003061 -0.01698966 0.54509804 0.71372549 0.60000000
v 0.15239926 0.00123068 -0.02001361 0.54509804 0.71372549 0.60000000
v 0.15239926 0.00342851 -0.01973987 0.54509804 0.71372549 0.60000000
v 0.15398056 0.00563064 -0.01895287 0.54509804 0.71372549 0.60000000
v 0.15561354 -0.01951077 0.00007617 0.54509804 0.71372549 0.60000000
v 0.15451799 -0.02053211 0.00007617 0.54509804 0.71372549 0.60000000
v 0.15452833 -0.02054073 -0.00212229 0.54509804 0.71372549 0.60000000
v 0.15442498 -0.02042437 -0.00432502 0.54509804 0.71372549 0.60000000
v 0.15515878 -0.01897208 -0.00652347 0.54509804 0.71372549 0.60000000
v 0.15406324 -0.02008393 -0.00652347 0.54509804 0.71372549 0.60000000
v 0.15551019 -0.01701990 -0.00925230 0.54509804 0.71372549 0.60000000
v 0.15460068 -0.01849804 -0.00855940 0.54509804 0.71372549 0.60000000
v 0.15509677 -0.01631745 -0.01092466 0.54509804 0.71372549 0.60000000
v 0.15394955 -0.01619679 -0.01291781 0.54509804 0.71372549 0.60000000
v 0.15360849 -0.01535214 -0.01429933 0.54509804 0.71372549 0.60000000
v 0.15402190 -0.01416703 -0.01479976 0.54509804 0.71372549 0.60000000
v 0.15398056 -0.01155119 -0.01685279 0.54509804 0.71372549 0.60000000
v 0.15420794 -0.00961624 -0.01756280 0.54509804 0.71372549 0.60000000
v 0.15369117 0.00700105 -0.01874329 0.54509804 0.71372549 0.60000000
v 0.15239926 0.01174146 -0.01681002 0.54509804 0.71372549 0.60000000
v 0.14482349 0.01335751 -0.01644219 0.54509804 0.71372549 0.60000000
v 0.14360392 0.01341784 -0.01648923 0.54509804 0.71372549 0.60000000
v 0.14140250 0.01342646 -0.01649779 0.54509804 0.71372549 0.60000000
v 0.07761304 0.01420217 -0.01494518 0.54509804 0.71372549 0.60000000
v 0.05781060 0.01398669 -0.01474416 0.54509804 0.71372549 0.60000000
v 0.05659104 0.01121571 -0.01647640 0.54509804 0.71372549 0.60000000
v 0.05562985 0.01215517 -0.01527452 0.54509804 0.71372549 0.60000000
v 0.05451364 0.00893600 -0.01642508 0.54509804 0.71372549 0.60000000
v 0.05433794 0.01162942 -0.01453030 0.54509804 0.71372549 0.60000000
v 0.05512343 0.01040122 -0.01599736 0.54509804 0.71372549 0.60000000
v 0.05407956 0.01231031 -0.01323860 0.54509804 0.71372549 0.60000000
v 0.05129936 0.00522124 -0.00369628 0.54509804 0.71372549 0.60000000
v 0.05129936 0.00486787 0.00800600 0.54509804 0.71372549 0.60000000
v 0.05443096 0.01150444 0.01680838 0.54509804 0.71372549 0.60000000
v 0.05452398 0.00888429 0.01873309 0.54509804 0.71372549 0.60000000
v 0.05477203 0.01003061 0.01836954 0.54509804 0.71372549 0.60000000
v 0.05635333 0.00722515 0.02116252 0.54509804 0.71372549 0.60000000
v 0.05725250 0.00869036 0.02087167 0.54509804 0.71372549 0.60000000
v 0.05791396 0.00984530 0.02038407 0.54509804 0.71372549 0.60000000
v 0.05781060 0.01178025 0.01921214 0.54509804 0.71372549 0.60000000
v 0.05586757 0.01003061 0.01941744 0.54509804 0.71372549 0.60000000
v 0.06001202 0.01197848 0.01934900 0.54509804 0.71372549 0.60000000
v 0.06221344 0.01201727 0.01937039 0.54509804 0.71372549 0.60000000
v 0.07541162 0.01028055 0.02047817 0.54509804 0.71372549 0.60000000
v 0.13259683 0.00782847 0.02146619 0.54509804 0.71372549 0.60000000
v 0.13040574 0.00782847 0.02148758 0.54509804 0.71372549 0.60000000
v 0.11939865 0.00905667 0.02103848 0.54509804 0.71372549 0.60000000
v 0.11060331 0.00782847 0.02159023 0.54509804 0.71372549 0.60000000
v 0.11060331 0.00563064 0.02244994 0.54509804 0.71372549 0.60000000
v 0.13259683 0.00563064 0.02219331 0.54509804 0.71372549 0.60000000
v 0.13699966 0.00342851 0.02257398 0.54509804 0.71372549 0.60000000
v 0.15239926 0.00123068 0.02231307 0.54509804 0.71372549 0.60000000
v 0.15423894 -0.00096715 0.02155174 0.54509804 0.71372549 0.60000000
v 0.15514845 -0.00316497 0.01987082 0.54509804 0.71372549 0.60000000
v 0.15492107 -0.00536711 0.01987082 0.54509804 0.71372549 0.60000000
v 0.15529314 -0.00976707 0.01798887 0.54509804 0.71372549 0.60000000
v 0.15419760 -0.00976707 0.01934900 0.54509804 0.71372549 0.60000000
v 0.15384620 -0.01124953 0.01900256 0.54509804 0.71372549 0.60000000
v 0.15409425 -0.01367575 0.01706501 0.54509804 0.71372549 0.60000000
v 0.15405291 -0.01572706 0.01497776 0.54509804 0.71372549 0.60000000
v 0.15558253 -0.01723106 0.00954578 0.54509804 0.71372549 0.60000000
v 0.15377385 -0.01763615 0.01245852 0.54509804 0.71372549 0.60000000
v 0.15526214 -0.01683459 0.01107272 0.54509804 0.71372549 0.60000000
v 0.15576856 -0.01761029 0.00807871 0.54509804 0.71372549 0.60000000
v 0.15507610 -0.01903242 0.00667153 0.54509804 0.71372549 0.60000000
v 0.15541717 -0.01932115 0.00447308 0.54509804 0.71372549 0.60000000
v 0.15553085 -0.01939872 0.00227035 0.54509804 0.71372549 0.60000000
v 0.15389788 -0.00756493 -0.01891010 0.54509804 0.71372549 0.60000000
v 0.15239926 -0.00536711 -0.01991523 0.54509804 0.71372549 0.60000000
v 0.15019784 -0.00316497 -0.02033011 0.54509804 0.71372549 0.60000000
v 0.15019784 -0.00096715 -0.02033867 0.54509804 0.71372549 0.60000000
v 0.14580534 0.00342851 -0.01994089 0.54509804 0.71372549 0.60000000
v 0.15239926 0.00563064 -0.01932071 0.54509804 0.71372549 0.60000000
v 0.14580534 0.00563064 -0.01958161 0.54509804 0.71372549 0.60000000
v 0.15443531 -0.02042007 0.00227035 0.54509804 0.71372549 0.60000000
v 0.15239926 -0.02141986 0.00007617 0.54509804 0.71372549 0.60000000
v 0.15239926 -0.02144572 -0.00212229 0.54509804 0.71372549 0.60000000
v 0.15239926 -0.02124748 -0.00432502 0.54509804 0.71372549 0.60000000
v 0.15239926 -0.02060537 -0.00652347 0.54509804 0.71372549 0.60000000
v 0.15368084 -0.01977795 -0.00786650 0.54509804 0.71372549 0.60000000
v 0.15392889 -0.01785593 -0.01092466 0.54509804 0.71372549 0.60000000
v 0.15352580 -0.01748101 -0.01204527 0.54509804 0.71372549 0.60000000
v 0.15239926 -0.01547280 -0.01440626 0.54509804 0.71372549 0.60000000
v 0.15310206 -0.01301641 -0.01638230 0.54509804 0.71372549 0.60000000
v 0.15358782 -0.00878020 -0.01867913 0.54509804 0.71372549 0.60000000
v 0.15239926 0.00714757 -0.01882456 0.54509804 0.71372549 0.60000000
v 0.14510254 0.00908683 -0.01868769 0.54509804 0.71372549 0.60000000
v 0.14360392 0.01027194 -0.01825997 0.54509804 0.71372549 0.60000000
v 0.14360392 0.01222843 -0.01722918 0.54509804 0.71372549 0.60000000
v 0.14140250 0.01222843 -0.01720352 0.54509804 0.71372549 0.60000000
v 0.07100878 0.01158632 -0.01669026 0.54509804 0.71372549 0.60000000
v 0.07100878 0.01268524 -0.01600164 0.54509804 0.71372549 0.60000000
v 0.06441486 0.01258181 -0.01593320 0.54509804 0.71372549 0.60000000
v 0.06001202 0.01249993 -0.01587332 0.54509804 0.71372549 0.60000000
v 0.05781060 0.01242236 -0.01584338 0.54509804 0.71372549 0.60000000
v 0.05781060 0.01132344 -0.01654056 0.54509804 0.71372549 0.60000000
v 0.05781060 0.01003061 -0.01718641 0.54509804 0.71372549 0.60000000
v 0.05781060 0.00782847 -0.01808033 0.54509804 0.71372549 0.60000000
v 0.05649802 0.00491958 -0.01873474 0.54509804 0.71372549 0.60000000
v 0.05575388 0.00981082 -0.01669881 0.54509804 0.71372549 0.60000000
v 0.05560919 0.00782847 -0.01736177 0.54509804 0.71372549 0.60000000
v 0.05619830 0.00342851 -0.01889727 0.54509804 0.71372549 0.60000000
v 0.05437929 0.00782847 -0.01658333 0.54509804 0.71372549 0.60000000
v 0.05419325 0.00981082 -0.01528735 0.54509804 0.71372549 0.60000000
v 0.05386252 0.00782847 -0.01532157 0.54509804 0.71372549 0.60000000
v 0.05372816 0.01003061 -0.01312312 0.54509804 0.71372549 0.60000000
v 0.05129936 0.00342851 -0.00426086 0.54509804 0.71372549 0.60000000
v 0.05368682 0.00563064 -0.01532157 0.54509804 0.71372549 0.60000000
v 0.05129936 0.00352763 0.00838239 0.54509804 0.71372549 0.60000000
v 0.05429660 0.00563064 0.01933617 0.54509804 0.71372549 0.60000000
v 0.05439995 0.00741907 0.01904533 0.54509804 0.71372549 0.60000000
v 0.05490638 0.00563064 0.02043540 0.54509804 0.71372549 0.60000000
v 0.05543348 0.00805256 0.01995636 0.54509804 0.71372549 0.60000000
v 0.05601226 0.00563064 0.02139776 0.54509804 0.71372549 0.60000000
v 0.05781060 0.00563064 0.02209921 0.54509804 0.71372549 0.60000000
v 0.05791396 0.00790604 0.02131649 0.54509804 0.71372549 0.60000000
v 0.05872011 0.00899202 0.02100426 0.54509804 0.71372549 0.60000000
v 0.06001202 0.01018144 0.02044823 0.54509804 0.71372549 0.60000000
v 0.06221344 0.01021160 0.02046962 0.54509804 0.71372549 0.60000000
v 0.07541162 0.00918164 0.02110264 0.54509804 0.71372549 0.60000000
v 0.13040574 0.00563064 0.02223608 0.54509804 0.71372549 0.60000000
v 0.08201587 0.00782847 0.02164583 0.54509804 0.71372549 0.60000000
v 0.08201587 0.00563064 0.02251410 0.54509804 0.71372549 0.60000000
v 0.11060331 0.00342851 0.02291187 0.54509804 0.71372549 0.60000000
v 0.08201587 0.00342851 0.02301880 0.54509804 0.71372549 0.60000000
v 0.09521405 0.00342851 0.02298030 0.54509804 0.71372549 0.60000000
v 0.13699966 0.00123068 0.02256542 0.54509804 0.71372549 0.60000000
v 0.13040574 0.00342851 0.02268090 0.54509804 0.71372549 0.60000000
v 0.15239926 -0.00096715 0.02215481 0.54509804 0.71372549 0.60000000
v 0.15411492 -0.00316497 0.02138920 0.54509804 0.71372549 0.60000000
v 0.15387721 -0.00536711 0.02119246 0.54509804 0.71372549 0.60000000
v 0.15436297 -0.00747875 0.01997774 0.54509804 0.71372549 0.60000000
v 0.15364983 -0.00669011 0.02104703 0.54509804 0.71372549 0.60000000
v 0.15239926 -0.00976707 0.01996919 0.54509804 0.71372549 0.60000000
v 0.15239926 -0.01146931 0.01913087 0.54509804 0.71372549 0.60000000
v 0.15239926 -0.01256822 0.01843369 0.54509804 0.71372549 0.60000000
v 0.15239926 -0.01398173 0.01733447 0.54509804 0.71372549 0.60000000
v 0.15239926 -0.01508495 0.01637638 0.54509804 0.71372549 0.60000000
v 0.15239926 -0.01596408 0.01527716 0.54509804 0.71372549 0.60000000
v 0.15416660 -0.01800245 0.01107272 0.54509804 0.71372549 0.60000000
v 0.15239926 -0.01706730 0.01372455 0.54509804 0.71372549 0.60000000
v 0.15239926 -0.01773527 0.01262533 0.54509804 0.71372549 0.60000000
v 0.15239926 -0.01856700 0.01107272 0.54509804 0.71372549 0.60000000
v 0.15363949 -0.01973486 0.00797606 0.54509804 0.71372549 0.60000000
v 0.15397022 -0.01994602 0.00667153 0.54509804 0.71372549 0.60000000
v 0.15431129 -0.02023476 0.00447308 0.54509804 0.71372549 0.60000000
v 0.15239926 -0.00756493 -0.01927366 0.54509804 0.71372549 0.60000000
v 0.15019784 -0.00536711 -0.01995372 0.54509804 0.71372549 0.60000000
v 0.13699966 -0.00096715 -0.02063379 0.54509804 0.71372549 0.60000000
v 0.13259683 -0.00316497 -0.02051403 0.54509804 0.71372549 0.60000000
v 0.13479825 -0.00096715 -0.02066801 0.54509804 0.71372549 0.60000000
v 0.13699966 0.00123068 -0.02044987 0.54509804 0.71372549 0.60000000
v 0.14580534 0.00123068 -0.02020180 0.54509804 0.71372549 0.60000000
v 0.14360392 0.00563064 -0.01964149 0.54509804 0.71372549 0.60000000
v 0.14360392 0.00782847 -0.01913251 0.54509804 0.71372549 0.60000000
v 0.15239926 -0.02121301 0.00227035 0.54509804 0.71372549 0.60000000
v 0.14052400 -0.02188528 -0.00075360 0.54509804 0.71372549 0.60000000
v 0.14052400 -0.02188528 -0.00121981 0.54509804 0.71372549 0.60000000
v 0.15019784 -0.02131213 -0.00432502 0.54509804 0.71372549 0.60000000
v 0.15019784 -0.02069587 -0.00652347 0.54509804 0.71372549 0.60000000
v 0.15239926 -0.01989431 -0.00807608 0.54509804 0.71372549 0.60000000
v 0.15239926 -0.01934270 -0.00917531 0.54509804 0.71372549 0.60000000
v 0.15239926 -0.01830843 -0.01092466 0.54509804 0.71372549 0.60000000
v 0.15239926 -0.01753272 -0.01211799 0.54509804 0.71372549 0.60000000
v 0.15239926 -0.01657171 -0.01321721 0.54509804 0.71372549 0.60000000
v 0.15163445 -0.01310260 -0.01645074 0.54509804 0.71372549 0.60000000
v 0.15237859 -0.01396880 -0.01566802 0.54509804 0.71372549 0.60000000
v 0.14140250 -0.01683459 -0.01352089 0.54509804 0.71372549 0.60000000
v 0.15019784 -0.01552451 -0.01444903 0.54509804 0.71372549 0.60000000
v 0.15237859 -0.01215882 -0.01698111 0.54509804 0.71372549 0.60000000
v 0.15239926 -0.01002564 -0.01820009 0.54509804 0.71372549 0.60000000
v 0.15239926 -0.00892673 -0.01875185 0.54509804 0.71372549 0.60000000
v 0.14360392 0.00917302 -0.01872191 0.54509804 0.71372549 0.60000000
v 0.07100878 0.01003061 -0.01741310 0.54509804 0.71372549 0.60000000
v 0.06001202 0.01003061 -0.01726767 0.54509804 0.71372549 0.60000000
v 0.06441486 0.01148290 -0.01663038 0.54509804 0.71372549 0.60000000
v 0.06001202 0.01140101 -0.01658761 0.54509804 0.71372549 0.60000000
v 0.06001202 0.00782847 -0.01817871 0.54509804 0.71372549 0.60000000
v 0.05781060 0.00642358 -0.01852943 0.54509804 0.71372549 0.60000000
v 0.06001202 0.00664337 -0.01859787 0.54509804 0.71372549 0.60000000
v 0.05781060 0.00532467 -0.01886305 0.54509804 0.71372549 0.60000000
v 0.05781060 0.00342851 -0.01927366 0.54509804 0.71372549 0.60000000
v 0.05781060 0.00123068 -0.01947896 0.54509804 0.71372549 0.60000000
v 0.05596058 0.00123068 -0.01902131 0.54509804 0.71372549 0.60000000
v 0.05486504 0.00123068 -0.01826425 0.54509804 0.71372549 0.60000000
v 0.05510275 0.00342851 -0.01810600 0.54509804 0.71372549 0.60000000
v 0.05420358 0.00563064 -0.01683141 0.54509804 0.71372549 0.60000000
v 0.05129936 0.00123068 -0.00430363 0.54509804 0.71372549 0.60000000
v 0.05353179 -0.00096715 -0.01532157 0.54509804 0.71372549 0.60000000
v 0.05415191 0.00342851 -0.01700677 0.54509804 0.71372549 0.60000000
v 0.05410023 0.00123068 -0.01716502 0.54509804 0.71372549 0.60000000
v 0.05402788 -0.00096715 -0.01721635 0.54509804 0.71372549 0.60000000
v 0.05129936 0.00342851 0.00840378 0.54509804 0.71372549 0.60000000
v 0.05424493 0.00342851 0.01954575 0.54509804 0.71372549 0.60000000
v 0.05469968 0.00342851 0.02064926 0.54509804 0.71372549 0.60000000
v 0.05579522 0.00342851 0.02161589 0.54509804 0.71372549 0.60000000
v 0.05781060 0.00342851 0.02254404 0.54509804 0.71372549 0.60000000
v 0.06001202 0.00342851 0.02292042 0.54509804 0.71372549 0.60000000
v 0.06001202 0.00563064 0.02246277 0.54509804 0.71372549 0.60000000
v 0.06001202 0.00782847 0.02161162 0.54509804 0.71372549 0.60000000
v 0.06001202 0.00907821 0.02104703 0.54509804 0.71372549 0.60000000
v 0.06221344 0.00911269 0.02106414 0.54509804 0.71372549 0.60000000
v 0.06221344 0.00782847 0.02162873 0.54509804 0.71372549 0.60000000
v 0.07541162 0.00782847 0.02164583 0.54509804 0.71372549 0.60000000
v 0.07981445 0.00782847 0.02165011 0.54509804 0.71372549 0.60000000
v 0.06221344 0.00563064 0.02248843 0.54509804 0.71372549 0.60000000
v 0.13040574 0.00123068 0.02266379 0.54509804 0.71372549 0.60000000
v 0.09521405 0.00123068 0.02300169 0.54509804 0.71372549 0.60000000
v 0.06221344 0.00342851 0.02296747 0.54509804 0.71372549 0.60000000
v 0.06221344 0.00123068 0.02297603 0.54509804 0.71372549 0.60000000
v 0.15239926 -0.00316497 0.02182975 0.54509804 0.71372549 0.60000000
v 0.15239926 -0.00536711 0.02142342 0.54509804 0.71372549 0.60000000
v 0.15239926 -0.00682802 0.02108980 0.54509804 0.71372549 0.60000000
v 0.15239926 -0.00792693 0.02070914 0.54509804 0.71372549 0.60000000
v 0.06001202 -0.00800450 0.02071769 0.54509804 0.71372549 0.60000000
v 0.06221344 -0.00976707 0.01991787 0.54509804 0.71372549 0.60000000
v 0.06221344 -0.01138743 0.01907099 0.54509804 0.71372549 0.60000000
v 0.06221344 -0.01249065 0.01842942 0.54509804 0.71372549 0.60000000
v 0.06441486 -0.01535214 0.01665440 0.54509804 0.71372549 0.60000000
v 0.06441486 -0.01630453 0.01547391 0.54509804 0.71372549 0.60000000
v 0.06441486 -0.01731725 0.01408383 0.54509804 0.71372549 0.60000000
v 0.15239926 -0.01939872 0.00922499 0.54509804 0.71372549 0.60000000
v 0.06441486 -0.01785593 0.01298461 0.54509804 0.71372549 0.60000000
v 0.06441486 -0.01875230 0.01107272 0.54509804 0.71372549 0.60000000
v 0.15239926 -0.01978657 0.00812576 0.54509804 0.71372549 0.60000000
v 0.15239926 -0.02027354 0.00667153 0.54509804 0.71372549 0.60000000
v 0.15239926 -0.02085101 0.00447308 0.54509804 0.71372549 0.60000000
v 0.13699966 -0.00911634 -0.01888016 0.54509804 0.71372549 0.60000000
v 0.13699966 -0.00756493 -0.01942336 0.54509804 0.71372549 0.60000000
v 0.13040574 -0.00536711 -0.02005638 0.54509804 0.71372549 0.60000000
v 0.13040574 -0.00316497 -0.02051831 0.54509804 0.71372549 0.60000000
v 0.13259683 -0.00096715 -0.02067656 0.54509804 0.71372549 0.60000000
v 0.13699966 0.00342851 -0.02009915 0.54509804 0.71372549 0.60000000
v 0.13479825 0.00123068 -0.02044132 0.54509804 0.71372549 0.60000000
v 0.13699966 0.00563064 -0.01968854 0.54509804 0.71372549 0.60000000
v 0.13479825 0.00563064 -0.01968426 0.54509804 0.71372549 0.60000000
v 0.06001202 0.00554014 -0.01892721 0.54509804 0.71372549 0.60000000
v 0.10840189 0.00739321 -0.01888871 0.54509804 0.71372549 0.60000000
v 0.14140250 -0.02146727 0.00227035 0.54509804 0.71372549 0.60000000
v 0.14131982 -0.02177755 0.00001629 0.54509804 0.71372549 0.60000000
v 0.14007958 -0.02188528 -0.00075360 0.54509804 0.71372549 0.60000000
v 0.14007958 -0.02188528 -0.00121981 0.54509804 0.71372549 0.60000000
v 0.14140250 -0.02146727 -0.00432502 0.54509804 0.71372549 0.60000000
v 0.14131982 -0.02176893 -0.00202391 0.54509804 0.71372549 0.60000000
v 0.15019784 -0.01994602 -0.00813596 0.54509804 0.71372549 0.60000000
v 0.14140250 -0.02075620 -0.00652347 0.54509804 0.71372549 0.60000000
v 0.15019784 -0.01934701 -0.00923519 0.54509804 0.71372549 0.60000000
v 0.14140250 -0.01771803 -0.01242166 0.54509804 0.71372549 0.60000000
v 0.15095232 -0.01310260 -0.01645074 0.54509804 0.71372549 0.60000000
v 0.11280473 -0.00910772 -0.01889299 0.54509804 0.71372549 0.60000000
v 0.14140250 -0.01573568 -0.01457735 0.54509804 0.71372549 0.60000000
v 0.11939865 -0.01559346 -0.01446614 0.54509804 0.71372549 0.60000000
v 0.12160007 -0.01560208 -0.01448325 0.54509804 0.71372549 0.60000000
v 0.06441486 -0.01741637 -0.01194262 0.54509804 0.71372549 0.60000000
v 0.06441486 -0.01631745 -0.01309318 0.54509804 0.71372549 0.60000000
v 0.06441486 -0.01521854 -0.01419240 0.54509804 0.71372549 0.60000000
v 0.06001202 0.00342851 -0.01934637 0.54509804 0.71372549 0.60000000
v 0.05781060 -0.00096715 -0.01946613 0.54509804 0.71372549 0.60000000
v 0.05597092 -0.00096715 -0.01901275 0.54509804 0.71372549 0.60000000
v 0.06001202 0.00123068 -0.01952601 0.54509804 0.71372549 0.60000000
v 0.06441486 -0.00096715 -0.01966288 0.54509804 0.71372549 0.60000000
v 0.06221344 -0.00096715 -0.01961155 0.54509804 0.71372549 0.60000000
v 0.06001202 -0.00096715 -0.01955595 0.54509804 0.71372549 0.60000000
v 0.05486504 -0.00096715 -0.01831558 0.54509804 0.71372549 0.60000000
v 0.05129936 0.00111002 -0.00428225 0.54509804 0.71372549 0.60000000
v 0.05358347 -0.00316497 -0.01532157 0.54509804 0.71372549 0.60000000
v 0.05407956 -0.00316497 -0.01707093 0.54509804 0.71372549 0.60000000
v 0.05129936 0.00133842 0.00859197 0.54509804 0.71372549 0.60000000
v 0.05129936 0.00123068 0.00859625 0.54509804 0.71372549 0.60000000
v 0.05424493 0.00123068 0.01957569 0.54509804 0.71372549 0.60000000
v 0.05465834 0.00123068 0.02067492 0.54509804 0.71372549 0.60000000
v 0.05576421 0.00123068 0.02167577 0.54509804 0.71372549 0.60000000
v 0.05781060 0.00123068 0.02263813 0.54509804 0.71372549 0.60000000
v 0.06001202 0.00123068 0.02296320 0.54509804 0.71372549 0.60000000
v 0.06001202 -0.00096715 0.02269374 0.54509804 0.71372549 0.60000000
v 0.09741547 -0.00096715 0.02254404 0.54509804 0.71372549 0.60000000
v 0.06001202 -0.00316497 0.02218903 0.54509804 0.71372549 0.60000000
v 0.06001202 -0.00536711 0.02159023 0.54509804 0.71372549 0.60000000
v 0.06001202 -0.00690128 0.02112830 0.54509804 0.71372549 0.60000000
v 0.05818267 -0.00672028 0.02106842 0.54509804 0.71372549 0.60000000
v 0.05759356 -0.00750029 0.02066637 0.54509804 0.71372549 0.60000000
v 0.05781060 -0.00976707 0.01963130 0.54509804 0.71372549 0.60000000
v 0.06001202 -0.00976707 0.01987937 0.54509804 0.71372549 0.60000000
v 0.06001202 -0.01130124 0.01903677 0.54509804 0.71372549 0.60000000
v 0.06001202 -0.01240446 0.01835243 0.54509804 0.71372549 0.60000000
v 0.06294725 -0.01533059 0.01663729 0.54509804 0.71372549 0.60000000
v 0.06221344 -0.01599855 0.01564499 0.54509804 0.71372549 0.60000000
v 0.06221344 -0.01723106 0.01394269 0.54509804 0.71372549 0.60000000
v 0.05781060 -0.01767063 0.01253978 0.54509804 0.71372549 0.60000000
v 0.06221344 -0.01779560 0.01284346 0.54509804 0.71372549 0.60000000
v 0.06441486 -0.01946336 0.00938752 0.54509804 0.71372549 0.60000000
v 0.05781060 -0.01839031 0.01107272 0.54509804 0.71372549 0.60000000
v 0.06001202 -0.01851528 0.01107272 0.54509804 0.71372549 0.60000000
v 0.06221344 -0.01863595 0.01107272 0.54509804 0.71372549 0.60000000
v 0.15019784 -0.02027785 0.00667153 0.54509804 0.71372549 0.60000000
v 0.06441486 -0.01983829 0.00828829 0.54509804 0.71372549 0.60000000
v 0.15019784 -0.02087687 0.00447308 0.54509804 0.71372549 0.60000000
v 0.11280473 -0.00756493 -0.01943619 0.54509804 0.71372549 0.60000000
v 0.08860980 -0.00536711 -0.01973559 0.54509804 0.71372549 0.60000000
v 0.08640838 -0.00536711 -0.01971848 0.54509804 0.71372549 0.60000000
v 0.09521405 -0.00316497 -0.02016758 0.54509804 0.71372549 0.60000000
v 0.08420696 -0.00316497 -0.02004782 0.54509804 0.71372549 0.60000000
v 0.11060331 -0.00096715 -0.02041138 0.54509804 0.71372549 0.60000000
v 0.11060331 0.00123068 -0.02017614 0.54509804 0.71372549 0.60000000
v 0.13479825 0.00342851 -0.02008204 0.54509804 0.71372549 0.60000000
v 0.11719723 -0.02091565 0.00447308 0.54509804 0.71372549 0.60000000
v 0.06441486 -0.02029509 0.00667153 0.54509804 0.71372549 0.60000000
v 0.06441486 -0.02077775 0.00447308 0.54509804 0.71372549 0.60000000
v 0.11719723 -0.02137245 0.00227035 0.54509804 0.71372549 0.60000000
v 0.06441486 -0.02105356 0.00227035 0.54509804 0.71372549 0.60000000
v 0.06441486 -0.02115698 0.00007617 0.54509804 0.71372549 0.60000000
v 0.08420696 -0.02139400 -0.00212229 0.54509804 0.71372549 0.60000000
v 0.11939865 -0.02166981 -0.00212229 0.54509804 0.71372549 0.60000000
v 0.11939865 -0.02135091 -0.00432502 0.54509804 0.71372549 0.60000000
v 0.14140250 -0.01996326 -0.00816590 0.54509804 0.71372549 0.60000000
v 0.14140250 -0.01852390 -0.01092466 0.54509804 0.71372549 0.60000000
v 0.11060331 -0.01986414 -0.00801192 0.54509804 0.71372549 0.60000000
v 0.09741547 -0.02123455 -0.00432502 0.54509804 0.71372549 0.60000000
v 0.09521405 -0.02048902 -0.00652347 0.54509804 0.71372549 0.60000000
v 0.11060331 -0.01930822 -0.00911543 0.54509804 0.71372549 0.60000000
v 0.06441486 -0.01806710 -0.01084340 0.54509804 0.71372549 0.60000000
v 0.11060331 -0.00906894 -0.01886733 0.54509804 0.71372549 0.60000000
v 0.07981445 -0.00730637 -0.01898709 0.54509804 0.71372549 0.60000000
v 0.11280473 -0.01020664 -0.01813594 0.54509804 0.71372549 0.60000000
v 0.06221344 -0.01116334 -0.01660472 0.54509804 0.71372549 0.60000000
v 0.06221344 -0.01734311 -0.01181003 0.54509804 0.71372549 0.60000000
v 0.06221344 -0.01623988 -0.01304185 0.54509804 0.71372549 0.60000000
v 0.06221344 -0.01515821 -0.01414108 0.54509804 0.71372549 0.60000000
v 0.06221344 -0.01405499 -0.01483825 0.54509804 0.71372549 0.60000000
v 0.06221344 -0.01226225 -0.01593748 0.54509804 0.71372549 0.60000000
v 0.09741547 -0.00096715 -0.02024457 0.54509804 0.71372549 0.60000000
v 0.05781060 -0.00316497 -0.01926510 0.54509804 0.71372549 0.60000000
v 0.05616729 -0.00316497 -0.01890155 0.54509804 0.71372549 0.60000000
v 0.06001202 -0.00316497 -0.01937631 0.54509804 0.71372549 0.60000000
v 0.07321020 -0.00316497 -0.01983824 0.54509804 0.71372549 0.60000000
v 0.07100878 -0.00316497 -0.01979119 0.54509804 0.71372549 0.60000000
v 0.07761304 -0.00316497 -0.01992806 0.54509804 0.71372549 0.60000000
v 0.06880736 -0.00316497 -0.01972276 0.54509804 0.71372549 0.60000000
v 0.06660594 -0.00316497 -0.01963722 0.54509804 0.71372549 0.60000000
v 0.05507175 -0.00316497 -0.01817015 0.54509804 0.71372549 0.60000000
v 0.05129936 -0.00096715 -0.00388447 0.54509804 0.71372549 0.60000000
v 0.05371783 -0.00536711 -0.01532157 0.54509804 0.71372549 0.60000000
v 0.05423459 -0.00536711 -0.01680574 0.54509804 0.71372549 0.60000000
v 0.05400721 -0.00763389 -0.01547983 0.54509804 0.71372549 0.60000000
v 0.05129936 -0.00096715 0.00848077 0.54509804 0.71372549 0.60000000
v 0.05429660 -0.00096715 0.01943455 0.54509804 0.71372549 0.60000000
v 0.05439995 -0.00536711 0.01902394 0.54509804 0.71372549 0.60000000
v 0.05474102 -0.00096715 0.02053377 0.54509804 0.71372549 0.60000000
v 0.05584690 -0.00096715 0.02157740 0.54509804 0.71372549 0.60000000
v 0.05434828 -0.00316497 0.01923352 0.54509804 0.71372549 0.60000000
v 0.05781060 -0.00096715 0.02242427 0.54509804 0.71372549 0.60000000
v 0.05781060 -0.00316497 0.02198373 0.54509804 0.71372549 0.60000000
v 0.05759356 -0.00558258 0.02132933 0.54509804 0.71372549 0.60000000
v 0.05671506 -0.00646171 0.02097004 0.54509804 0.71372549 0.60000000
v 0.05664271 -0.01093063 0.01881436 0.54509804 0.71372549 0.60000000
v 0.05781060 -0.01109439 0.01891273 0.54509804 0.71372549 0.60000000
v 0.05781060 -0.01219761 0.01822411 0.54509804 0.71372549 0.60000000
v 0.05781060 -0.01380073 0.01712061 0.54509804 0.71372549 0.60000000
v 0.05781060 -0.01489964 0.01623096 0.54509804 0.71372549 0.60000000
v 0.05781060 -0.01590806 0.01513173 0.54509804 0.71372549 0.60000000
v 0.05781060 -0.01700697 0.01363901 0.54509804 0.71372549 0.60000000
v 0.05649802 -0.01757151 0.01236870 0.54509804 0.71372549 0.60000000
v 0.06001202 -0.01935132 0.00902824 0.54509804 0.71372549 0.60000000
v 0.05854441 -0.01969608 0.00786058 0.54509804 0.71372549 0.60000000
v 0.05707680 -0.01963574 0.00765100 0.54509804 0.71372549 0.60000000
v 0.05781060 -0.01934701 0.00870318 0.54509804 0.71372549 0.60000000
v 0.07981445 -0.00536711 -0.01962011 0.54509804 0.71372549 0.60000000
v 0.05781060 -0.01989862 0.00682123 0.54509804 0.71372549 0.60000000
v 0.06221344 -0.02017443 0.00667153 0.54509804 0.71372549 0.60000000
v 0.06221344 -0.02067432 0.00447308 0.54509804 0.71372549 0.60000000
v 0.06221344 -0.02095875 0.00227035 0.54509804 0.71372549 0.60000000
v 0.06221344 -0.02103632 0.00007617 0.54509804 0.71372549 0.60000000
v 0.06441486 -0.02109665 -0.00212229 0.54509804 0.71372549 0.60000000
v 0.07761304 -0.02130781 -0.00212229 0.54509804 0.71372549 0.60000000
v 0.07761304 -0.02104925 -0.00432502 0.54509804 0.71372549 0.60000000
v 0.07981445 -0.02107510 -0.00432502 0.54509804 0.71372549 0.60000000
v 0.08640838 -0.02114836 -0.00432502 0.54509804 0.71372549 0.60000000
v 0.09301263 -0.02120439 -0.00432502 0.54509804 0.71372549 0.60000000
v 0.09301263 -0.02047609 -0.00652347 0.54509804 0.71372549 0.60000000
v 0.09301263 -0.01980812 -0.00790499 0.54509804 0.71372549 0.60000000
v 0.06441486 -0.01916601 -0.00881603 0.54509804 0.71372549 0.60000000
v 0.06221344 -0.01795505 -0.01071080 0.54509804 0.71372549 0.60000000
v 0.06221344 -0.00976707 -0.01736177 0.54509804 0.71372549 0.60000000
v 0.07981445 -0.00840959 -0.01849949 0.54509804 0.71372549 0.60000000
v 0.07761304 -0.00724603 -0.01896570 0.54509804 0.71372549 0.60000000
v 0.06001202 -0.01213297 -0.01586477 0.54509804 0.71372549 0.60000000
v 0.06001202 -0.01103405 -0.01652345 0.54509804 0.71372549 0.60000000
v 0.05781060 -0.01770510 -0.01025315 0.54509804 0.71372549 0.60000000
v 0.06001202 -0.01720521 -0.01159617 0.54509804 0.71372549 0.60000000
v 0.06001202 -0.01610629 -0.01291354 0.54509804 0.71372549 0.60000000
v 0.06001202 -0.01499445 -0.01401276 0.54509804 0.71372549 0.60000000
v 0.06001202 -0.01389554 -0.01476554 0.54509804 0.71372549 0.60000000
v 0.05781060 -0.00503528 -0.01887161 0.54509804 0.71372549 0.60000000
v 0.05645668 -0.00465605 -0.01875612 0.54509804 0.71372549 0.60000000
v 0.07100878 -0.00536711 -0.01941480 0.54509804 0.71372549 0.60000000
v 0.06880736 -0.00536711 -0.01932071 0.54509804 0.71372549 0.60000000
v 0.07761304 -0.00536711 -0.01957734 0.54509804 0.71372549 0.60000000
v 0.07321020 -0.00536711 -0.01947041 0.54509804 0.71372549 0.60000000
v 0.05437929 -0.00694437 -0.01658761 0.54509804 0.71372549 0.60000000
v 0.05129936 -0.00105764 -0.00385453 0.54509804 0.71372549 0.60000000
v 0.05366615 -0.00976707 -0.01312312 0.54509804 0.71372549 0.60000000
v 0.05129936 -0.00227291 -0.00339688 0.54509804 0.71372549 0.60000000
v 0.05413124 -0.00976707 -0.01484681 0.54509804 0.71372549 0.60000000
v 0.05129936 -0.00250562 0.00808299 0.54509804 0.71372549 0.60000000
v 0.05446197 -0.00683233 0.01886141 0.54509804 0.71372549 0.60000000
v 0.05494773 -0.00316497 0.02033703 0.54509804 0.71372549 0.60000000
v 0.05604327 -0.00316497 0.02137637 0.54509804 0.71372549 0.60000000
v 0.05635333 -0.00499649 0.02116679 0.54509804 0.71372549 0.60000000
v 0.05459633 -0.00829754 0.01862617 0.54509804 0.71372549 0.60000000
v 0.05616729 -0.00976707 0.01911804 0.54509804 0.71372549 0.60000000
v 0.05507175 -0.00976707 0.01821128 0.54509804 0.71372549 0.60000000
v 0.05570220 -0.01175804 0.01752694 0.54509804 0.71372549 0.60000000
v 0.05622930 -0.01349907 0.01688537 0.54509804 0.71372549 0.60000000
v 0.05617763 -0.01566242 0.01482806 0.54509804 0.71372549 0.60000000
v 0.05559885 -0.01629591 0.01316425 0.54509804 0.71372549 0.60000000
v 0.05498907 -0.01688630 0.01107272 0.54509804 0.71372549 0.60000000
v 0.05608461 -0.01788179 0.01107272 0.54509804 0.71372549 0.60000000
v 0.05781060 -0.02038128 0.00447308 0.54509804 0.71372549 0.60000000
v 0.05642567 -0.01981243 0.00618394 0.54509804 0.71372549 0.60000000
v 0.06001202 -0.02053642 0.00447308 0.54509804 0.71372549 0.60000000
v 0.06001202 -0.02082946 0.00227035 0.54509804 0.71372549 0.60000000
v 0.06001202 -0.02090272 0.00007617 0.54509804 0.71372549 0.60000000
v 0.06221344 -0.02095444 -0.00212229 0.54509804 0.71372549 0.60000000
v 0.06441486 -0.02086825 -0.00432502 0.54509804 0.71372549 0.60000000
v 0.06441486 -0.02023045 -0.00652347 0.54509804 0.71372549 0.60000000
v 0.09081121 -0.02045885 -0.00652347 0.54509804 0.71372549 0.60000000
v 0.06441486 -0.01970900 -0.00771252 0.54509804 0.71372549 0.60000000
v 0.06321596 -0.01967884 -0.00764836 0.54509804 0.71372549 0.60000000
v 0.06237881 -0.01912723 -0.00852090 0.54509804 0.71372549 0.60000000
v 0.06001202 -0.00976707 -0.01719924 0.54509804 0.71372549 0.60000000
v 0.06014638 -0.00735808 -0.01826425 0.54509804 0.71372549 0.60000000
v 0.06221344 -0.00764681 -0.01828136 0.54509804 0.71372549 0.60000000
v 0.07100878 -0.00701332 -0.01887161 0.54509804 0.71372549 0.60000000
v 0.07761304 -0.00834495 -0.01846528 0.54509804 0.71372549 0.60000000
v 0.05781060 -0.01364559 -0.01460729 0.54509804 0.71372549 0.60000000
v 0.05877179 -0.01090908 -0.01644646 0.54509804 0.71372549 0.60000000
v 0.05781060 -0.01848511 -0.00872193 0.54509804 0.71372549 0.60000000
v 0.05649802 -0.01757582 -0.01000935 0.54509804 0.71372549 0.60000000
v 0.05781060 -0.01702421 -0.01135238 0.54509804 0.71372549 0.60000000
v 0.05781060 -0.01592529 -0.01272107 0.54509804 0.71372549 0.60000000
v 0.05781060 -0.01474450 -0.01382029 0.54509804 0.71372549 0.60000000
v 0.06014638 -0.00552656 -0.01887161 0.54509804 0.71372549 0.60000000
v 0.05950559 -0.00637121 -0.01859359 0.54509804 0.71372549 0.60000000
v 0.05781060 -0.00613419 -0.01850377 0.54509804 0.71372549 0.60000000
v 0.05611561 -0.00921977 -0.01672020 0.54509804 0.71372549 0.60000000
v 0.05547483 -0.00763389 -0.01706237 0.54509804 0.71372549 0.60000000
v 0.05464800 -0.00840959 -0.01631815 0.54509804 0.71372549 0.60000000
v 0.05781060 -0.00756493 -0.01793063 0.54509804 0.71372549 0.60000000
v 0.06880736 -0.00692282 -0.01882456 0.54509804 0.71372549 0.60000000
v 0.06097320 -0.00648757 -0.01863209 0.54509804 0.71372549 0.60000000
v 0.05129936 -0.00433715 -0.00110433 0.54509804 0.71372549 0.60000000
v 0.05129936 -0.00341923 -0.00215650 0.54509804 0.71372549 0.60000000
v 0.05415191 -0.01192611 -0.01307179 0.54509804 0.71372549 0.60000000
v 0.05425526 -0.01414548 -0.01085195 0.54509804 0.71372549 0.60000000
v 0.05430694 -0.01583049 -0.00872193 0.54509804 0.71372549 0.60000000
v 0.05435861 -0.01116334 -0.01442765 0.54509804 0.71372549 0.60000000
v 0.05129936 -0.00355282 0.00721045 0.54509804 0.71372549 0.60000000
v 0.05438962 -0.01344735 0.01471685 0.54509804 0.71372549 0.60000000
v 0.05428627 -0.01190025 0.01545680 0.54509804 0.71372549 0.60000000
v 0.05431727 -0.00976707 0.01711205 0.54509804 0.71372549 0.60000000
v 0.05444130 -0.01112024 0.01670573 0.54509804 0.71372549 0.60000000
v 0.05476169 -0.01258546 0.01618391 0.54509804 0.71372549 0.60000000
v 0.05546449 -0.01420582 0.01550812 0.54509804 0.71372549 0.60000000
v 0.05471001 -0.01491257 0.01395980 0.54509804 0.71372549 0.60000000
v 0.05442062 -0.01546849 0.01249273 0.54509804 0.71372549 0.60000000
v 0.05462733 -0.01722675 0.00949017 0.54509804 0.71372549 0.60000000
v 0.05546449 -0.01820500 0.00880583 0.54509804 0.71372549 0.60000000
v 0.05781060 -0.02063985 0.00227035 0.54509804 0.71372549 0.60000000
v 0.05618796 -0.01995895 0.00447308 0.54509804 0.71372549 0.60000000
v 0.05566086 -0.01895485 0.00682123 0.54509804 0.71372549 0.60000000
v 0.05509242 -0.01897208 0.00447308 0.54509804 0.71372549 0.60000000
v 0.06001202 -0.02078206 -0.00212229 0.54509804 0.71372549 0.60000000
v 0.05781060 -0.02068294 0.00007617 0.54509804 0.71372549 0.60000000
v 0.06221344 -0.02065278 -0.00432502 0.54509804 0.71372549 0.60000000
v 0.06001202 -0.01991155 -0.00607010 0.54509804 0.71372549 0.60000000
v 0.06237881 -0.01998050 -0.00661757 0.54509804 0.71372549 0.60000000
v 0.06001202 -0.01948491 -0.00716932 0.54509804 0.71372549 0.60000000
v 0.05794496 -0.00987912 -0.01686135 0.54509804 0.71372549 0.60000000
v 0.05638433 -0.01334393 -0.01440626 0.54509804 0.71372549 0.60000000
v 0.05730417 -0.01068499 -0.01631387 0.54509804 0.71372549 0.60000000
v 0.05794496 -0.01177097 -0.01578778 0.54509804 0.71372549 0.60000000
v 0.05781060 -0.01934270 -0.00680577 0.54509804 0.71372549 0.60000000
v 0.05668406 -0.01967884 -0.00546274 0.54509804 0.71372549 0.60000000
v 0.05606394 -0.01789472 -0.00872193 0.54509804 0.71372549 0.60000000
v 0.05496840 -0.01692940 -0.00872193 0.54509804 0.71372549 0.60000000
v 0.05562985 -0.01626574 -0.01077496 0.54509804 0.71372549 0.60000000
v 0.05622930 -0.01562794 -0.01240883 0.54509804 0.71372549 0.60000000
v 0.05547483 -0.00987912 -0.01597598 0.54509804 0.71372549 0.60000000
v 0.05562985 -0.01192611 -0.01482970 0.54509804 0.71372549 0.60000000
v 0.05129936 -0.00489738 0.00007617 0.54509804 0.71372549 0.60000000
v 0.05423459 -0.01649414 -0.00655769 0.54509804 0.71372549 0.60000000
v 0.05438962 -0.01339564 -0.01230190 0.54509804 0.71372549 0.60000000
v 0.05443096 -0.01543832 -0.01007351 0.54509804 0.71372549 0.60000000
v 0.05459633 -0.01731294 -0.00731475 0.54509804 0.71372549 0.60000000
v 0.05444130 -0.01760167 -0.00584769 0.54509804 0.71372549 0.60000000
v 0.05491672 -0.01262855 -0.01376897 0.54509804 0.71372549 0.60000000
v 0.05476169 -0.01486517 -0.01154057 0.54509804 0.71372549 0.60000000
v 0.05129936 -0.00466467 0.00606418 0.54509804 0.71372549 0.60000000
v 0.05428627 -0.01417565 0.01324551 0.54509804 0.71372549 0.60000000
v 0.05447230 -0.01754565 0.00802739 0.54509804 0.71372549 0.60000000
v 0.05432761 -0.01578739 0.01107272 0.54509804 0.71372549 0.60000000
v 0.05604327 -0.02007531 0.00227035 0.54509804 0.71372549 0.60000000
v 0.05493739 -0.01905828 0.00227035 0.54509804 0.71372549 0.60000000
v 0.05439995 -0.01770079 0.00667153 0.54509804 0.71372549 0.60000000
v 0.06001202 -0.02042007 -0.00432502 0.54509804 0.71372549 0.60000000
v 0.05781060 -0.02052349 -0.00212229 0.54509804 0.71372549 0.60000000
v 0.05601226 -0.02008823 0.00007617 0.54509804 0.71372549 0.60000000
v 0.05611561 -0.02000205 -0.00212229 0.54509804 0.71372549 0.60000000
v 0.05781060 -0.01977365 -0.00570654 0.54509804 0.71372549 0.60000000
v 0.05781060 -0.02013995 -0.00432502 0.54509804 0.71372549 0.60000000
v 0.05643601 -0.01981243 -0.00432502 0.54509804 0.71372549 0.60000000
v 0.05534047 -0.01889882 -0.00432502 0.54509804 0.71372549 0.60000000
v 0.05564019 -0.01849804 -0.00639088 0.54509804 0.71372549 0.60000000
v 0.05129936 -0.00550070 0.00227035 0.54509804 0.71372549 0.60000000
v 0.05433794 -0.01779560 -0.00432502 0.54509804 0.71372549 0.60000000
v 0.05502007 -0.01907551 -0.00212229 0.54509804 0.71372549 0.60000000
v 0.05129936 -0.00527661 0.00458856 0.54509804 0.71372549 0.60000000
v 0.05491672 -0.01910999 0.00007617 0.54509804 0.71372549 0.60000000
v 0.05432761 -0.01787317 0.00447308 0.54509804 0.71372549 0.60000000
v 0.05430694 -0.01795936 0.00227035 0.54509804 0.71372549 0.60000000
v 0.05427593 -0.01801108 0.00007617 0.54509804 0.71372549 0.60000000
v 0.05129936 -0.00531539 0.00447308 0.54509804 0.71372549 0.60000000
v 0.05129936 -0.00549639 0.00240721 0.54509804 0.71372549 0.60000000
v 0.05427593 -0.01797660 -0.00212229 0.54509804 0.71372549 0.60000000
f 1 2 9
f 1 9 3
f 1 3 10
f 1 10 4
f 1 4 5
f 1 5 6
f 1 6 2
f 2 7 8
f 2 8 25
f 2 25 9
f 2 6 7
f 3 9 11
f 3 11 12
f 3 12 13
f 3 13 10
f 4 10 14
f 4 14 15
f 4 15 16
f 4 16 17
f 4 17 5
f 5 17 18
f 5 18 19
f 5 19 20
f 5 20 6
f 6 21 7
f 6 20 22
f 6 22 21
f 7 23 24
f 7 24 8
f 7 21 23
f 8 24 25
f 9 25 26
f 9 26 11
f 10 13 14
f 11 26 27
f 11 27 28
f 11 28 29
f 11 29 12
f 12 29 30
f 12 30 13
f 13 30 31
f 13 31 32
f 13 32 14
f 14 32 33
f 14 33 34
f 14 34 35
f 14 35 36
f 14 36 15
f 15 36 16
f 16 36 17
f 17 36 37
f 17 37 38
f 17 38 39
f 17 39 18
f 18 39 40
f 18 40 41
f 18 41 19
f 19 41 20
f 20 41 42
f 20 42 43
f 20 43 44
f 20 44 22
f 21 45 23
f 21 22 45
f 22 46 45
f 22 44 47
f 22 47 46
f 23 48 24
f 23 45 49
f 23 49 50
f 23 50 26
f 23 26 48
f 24 48 25
f 25 48 26
f 26 50 27
f 27 51 52
f 27 52 53
f 27 53 54
f 27 54 28
f 27 50 51
f 28 54 55
f 28 55 29
f 29 55 56
f 29 56 57
f 29 57 58
f 29 58 30
f 30 58 59
f 30 59 31
f 31 59 60
f 31 60 33
f 31 33 32
f 33 60 61
f 33 61 62
f 33 62 34
f 34 62 35
f 35 63 36
f 35 62 64
f 35 64 63
f 36 63 65
f 36 65 37
f 37 66 67
f 37 67 38
f 37 65 63
f 37 63 66
f 38 67 68
f 38 68 69
f 38 69 39
f 39 70 40
f 39 69 70
f 40 70 71
f 40 71 72
f 40 72 73
f 40 73 41
f 41 74 42
f 41 73 74
f 42 74 43
f 43 74 75
f 43 75 76
f 43 76 44
f 44 76 77
f 44 77 78
f 44 78 47
f 45 79 49
f 45 46 79
f 46 47 80
f 46 80 81
f 46 81 79
f 47 78 82
f 47 82 83
f 47 83 80
f 49 79 84
f 49 84 85
f 49 85 86
f 49 86 87
f 49 87 50
f 50 87 51
f 51 88 89
f 51 89 52
f 51 87 88
f 52 89 53
f 53 89 90
f 53 90 54
f 54 90 91
f 54 91 55
f 55 91 92
f 55 92 56
f 56 92 93
f 56 93 94
f 56 94 57
f 57 94 95
f 57 95 96
f 57 96 58
f 58 96 97
f 58 97 98
f 58 98 59
f 59 98 60
f 60 98 61
f 61 98 99
f 61 99 62
f 62 99 100
f 62 100 64
f 63 64 100
f 63 100 101
f 63 101 102
f 63 102 103
f 63 103 104
f 63 104 105
f 63 105 66
f 66 105 67
f 67 105 106
f 67 106 107
f 67 107 68
f 68 107 69
f 69 107 108
f 69 108 70
f 70 108 109
f 70 109 71
f 71 110 111
f 71 111 72
f 71 109 112
f 71 112 110
f 72 111 73
f 73 113 114
f 73 114 74
f 73 111 115
f 73 115 113
f 74 114 75
f 75 114 76
f 76 114 116
f 76 116 117
f 76 117 118
f 76 118 77
f 77 119 78
f 77 118 120
f 77 120 119
f 78 119 82
f 79 81 121
f 79 121 84
f 80 122 123
f 80 123 81
f 80 83 122
f 81 123 121
f 82 119 83
f 83 119 124
f 83 124 122
f 84 121 125
f 84 125 85
f 85 125 126
f 85 126 127
f 85 127 128
f 85 128 129
f 85 129 130
f 85 130 131
f 85 131 86
f 86 131 132
f 86 132 87
f 87 132 88
f 88 132 89
f 89 132 133
f 89 133 134
f 89 134 90
f 90 134 135
f 90 135 136
f 90 136 91
f 91 136 137
f 91 137 92
f 92 137 138
f 92 138 93
f 93 139 140
f 93 140 141
f 93 141 94
f 93 138 139
f 94 141 95
f 95 141 142
f 95 142 96
f 96 142 143
f 96 143 97
f 97 143 144
f 97 144 98
f 98 144 145
f 98 145 146
f 98 146 147
f 98 147 99
f 99 147 148
f 99 148 100
f 100 148 149
f 100 149 102
f 100 102 101
f 102 149 150
f 102 150 151
f 102 151 104
f 102 104 103
f 104 151 152
f 104 152 153
f 104 153 106
f 104 106 105
f 106 153 154
f 106 154 107
f 107 155 108
f 107 154 155
f 108 155 109
f 109 155 154
f 109 154 152
f 109 152 156
f 109 156 157
f 109 157 112
f 110 158 115
f 110 115 111
f 110 112 158
f 112 157 159
f 112 159 160
f 112 160 161
f 112 161 158
f 113 162 114
f 113 115 163
f 113 163 164
f 113 164 165
f 113 165 162
f 114 162 116
f 115 158 163
f 116 165 166
f 116 166 118
f 116 118 117
f 116 162 165
f 118 167 168
f 118 168 169
f 118 169 170
f 118 170 120
f 118 166 171
f 118 171 172
f 118 172 173
f 118 173 167
f 119 120 174
f 119 174 124
f 120 170 169
f 120 169 174
f 121 123 175
f 121 175 176
f 121 176 125
f 122 124 177
f 122 177 178
f 122 178 176
f 122 176 175
f 122 175 123
f 124 174 179
f 124 179 177
f 125 180 127
f 125 127 126
f 125 176 180
f 127 180 181
f 127 181 128
f 128 182 129
f 128 181 182
f 129 182 183
f 129 183 130
f 130 183 184
f 130 184 185
f 130 185 186
f 130 186 131
f 131 186 132
f 132 186 187
f 132 187 133
f 133 187 188
f 133 188 135
f 133 135 134
f 135 188 137
f 135 137 136
f 137 188 138
f 138 188 139
f 139 188 189
f 139 189 190
f 139 190 191
f 139 191 140
f 140 191 192
f 140 192 193
f 140 193 141
f 141 193 194
f 141 194 195
f 141 195 142
f 142 195 196
f 142 196 143
f 143 196 197
f 143 197 198
f 143 198 144
f 144 198 199
f 144 199 145
f 145 199 146
f 146 199 200
f 146 200 147
f 147 201 202
f 147 202 148
f 147 200 203
f 147 203 201
f 148 202 204
f 148 204 149
f 149 204 150
f 150 204 205
f 150 205 159
f 150 159 206
f 150 206 207
f 150 207 151
f 151 207 208
f 151 208 152
f 152 154 153
f 152 208 156
f 156 208 157
f 157 208 206
f 157 206 159
f 158 209 163
f 158 161 209
f 159 205 160
f 160 210 211
f 160 211 161
f 160 205 212
f 160 212 210
f 161 211 213
f 161 213 209
f 163 209 164
f 164 214 165
f 164 209 215
f 164 215 214
f 165 214 216
f 165 216 166
f 166 216 217
f 166 217 218
f 166 218 219
f 166 219 220
f 166 220 221
f 166 221 171
f 167 173 222
f 167 222 223
f 167 223 224
f 167 224 168
f 168 225 226
f 168 226 169
f 168 224 227
f 168 227 225
f 169 226 174
f 171 221 220
f 171 220 228
f 171 228 172
f 172 228 229
f 172 229 230
f 172 230 231
f 172 231 232
f 172 232 173
f 173 232 233
f 173 233 234
f 173 234 235
f 173 235 223
f 173 223 222
f 174 226 179
f 176 178 180
f 177 236 237
f 177 237 238
f 177 238 178
f 177 179 236
f 178 238 239
f 178 239 180
f 179 240 236
f 179 226 240
f 180 239 241
f 180 241 181
f 181 241 182
f 182 241 242
f 182 242 183
f 183 242 184
f 184 243 244
f 184 244 245
f 184 245 185
f 184 242 243
f 185 246 247
f 185 247 187
f 185 187 186
f 185 245 246
f 187 247 248
f 187 248 249
f 187 249 250
f 187 250 188
f 188 250 189
f 189 250 190
f 190 250 249
f 190 249 251
f 190 251 252
f 190 252 253
f 190 253 191
f 191 253 254
f 191 254 192
f 192 254 255
f 192 255 256
f 192 256 193
f 193 256 257
f 193 257 258
f 193 258 259
f 193 259 195
f 193 195 194
f 195 259 260
f 195 260 196
f 196 260 197
f 197 260 261
f 197 261 198
f 198 261 199
f 199 262 200
f 199 261 263
f 199 263 262
f 200 262 264
f 200 264 203
f 201 265 266
f 201 266 267
f 201 267 202
f 201 203 264
f 201 264 265
f 202 267 268
f 202 268 269
f 202 269 204
f 204 269 270
f 204 270 205
f 205 270 271
f 205 271 212
f 206 208 207
f 209 213 215
f 210 272 211
f 210 212 273
f 210 273 274
f 210 274 272
f 211 275 213
f 211 272 275
f 212 271 273
f 213 275 276
f 213 276 277
f 213 277 278
f 213 278 215
f 214 279 216
f 214 215 280
f 214 280 279
f 215 278 281
f 215 281 282
f 215 282 280
f 216 279 283
f 216 283 217
f 217 284 285
f 217 285 286
f 217 286 287
f 217 287 288
f 217 288 289
f 217 289 290
f 217 290 291
f 217 291 218
f 217 283 284
f 218 291 220
f 218 220 219
f 220 291 290
f 220 290 292
f 220 292 228
f 223 293 294
f 223 294 295
f 223 295 224
f 223 235 293
f 224 295 227
f 225 227 296
f 225 296 226
f 226 296 240
f 227 295 297
f 227 297 298
f 227 298 299
f 227 299 296
f 228 292 229
f 229 292 290
f 229 290 300
f 229 300 369
f 229 369 301
f 229 301 230
f 230 302 231
f 230 301 303
f 230 303 302
f 231 302 304
f 231 304 305
f 231 305 233
f 231 233 232
f 233 305 234
f 234 305 306
f 234 306 307
f 234 307 308
f 234 308 309
f 234 309 310
f 234 310 235
f 235 310 293
f 236 311 312
f 236 312 313
f 236 313 237
f 236 240 311
f 237 313 314
f 237 314 238
f 238 314 239
f 239 314 241
f 240 296 311
f 241 314 313
f 241 313 315
f 241 315 316
f 241 316 242
f 242 316 317
f 242 317 245
f 242 245 244
f 242 244 243
f 245 317 318
f 245 318 246
f 246 319 247
f 246 318 320
f 246 320 319
f 247 319 321
f 247 321 322
f 247 322 251
f 247 251 248
f 248 251 249
f 251 322 323
f 251 323 324
f 251 324 252
f 252 324 325
f 252 325 253
f 253 325 326
f 253 326 254
f 254 326 327
f 254 327 255
f 255 327 326
f 255 326 396
f 255 396 471
f 255 471 552
f 255 552 629
f 255 629 705
f 255 705 764
f 255 764 766
f 255 766 816
f 255 816 815
f 255 815 854
f 255 854 878
f 255 878 887
f 255 887 886
f 255 886 881
f 255 881 862
f 255 862 821
f 255 821 768
f 255 768 709
f 255 709 633
f 255 633 632
f 255 632 557
f 255 557 473
f 255 473 397
f 255 397 328
f 255 328 261
f 255 261 260
f 255 260 259
f 255 259 258
f 255 258 257
f 255 257 256
f 261 328 262
f 261 262 263
f 262 329 264
f 262 328 329
f 264 329 330
f 264 330 265
f 265 331 332
f 265 332 333
f 265 333 266
f 265 330 331
f 266 333 268
f 266 268 267
f 268 333 334
f 268 334 270
f 268 270 269
f 270 334 335
f 270 335 336
f 270 336 273
f 270 273 271
f 272 337 275
f 272 274 338
f 272 338 336
f 272 336 339
f 272 339 337
f 273 336 338
f 273 338 274
f 275 340 276
f 275 337 341
f 275 341 342
f 275 342 340
f 276 343 277
f 276 340 344
f 276 344 343
f 277 343 345
f 277 345 346
f 277 346 347
f 277 347 348
f 277 348 281
f 277 281 278
f 279 280 349
f 279 349 283
f 280 282 349
f 281 348 282
f 282 348 350
f 282 350 349
f 283 349 351
f 283 351 352
f 283 352 353
f 283 353 284
f 284 353 285
f 285 354 355
f 285 355 286
f 285 353 354
f 286 355 356
f 286 356 357
f 286 357 358
f 286 358 287
f 287 359 289
f 287 289 288
f 287 358 359
f 289 359 360
f 289 360 290
f 290 360 300
f 293 361 362
f 293 362 294
f 293 310 361
f 294 362 363
f 294 363 364
f 294 364 295
f 295 364 297
f 296 299 365
f 296 365 311
f 297 364 298
f 298 364 366
f 298 366 367
f 298 367 368
f 298 368 299
f 299 368 365
f 300 360 369
f 301 369 370
f 301 370 371
f 301 371 372
f 301 372 303
f 302 303 373
f 302 373 304
f 303 372 374
f 303 374 373
f 304 375 307
f 304 307 306
f 304 306 305
f 304 373 376
f 304 376 375
f 307 375 377
f 307 377 378
f 307 378 308
f 308 378 379
f 308 379 380
f 308 380 381
f 308 381 309
f 309 381 382
f 309 382 310
f 310 382 361
f 311 383 384
f 311 384 312
f 311 365 383
f 312 384 385
f 312 385 313
f 313 385 315
f 315 385 386
f 315 386 387
f 315 387 316
f 316 387 318
f 316 318 317
f 318 388 320
f 318 387 388
f 319 389 321
f 319 320 388
f 319 388 389
f 321 389 390
f 321 390 391
f 321 391 323
f 321 323 322
f 323 392 393
f 323 393 324
f 323 391 394
f 323 394 392
f 324 393 395
f 324 395 325
f 325 395 396
f 325 396 326
f 328 397 329
f 329 398 330
f 329 397 398
f 330 398 399
f 330 399 400
f 330 400 331
f 331 401 402
f 331 402 403
f 331 403 404
f 331 404 332
f 331 400 405
f 331 405 401
f 332 404 335
f 332 335 333
f 333 335 334
f 335 406 336
f 335 404 406
f 336 406 407
f 336 407 339
f 337 339 408
f 337 408 341
f 339 407 408
f 340 345 344
f 340 342 409
f 340 409 345
f 341 410 409
f 341 409 342
f 341 408 411
f 341 411 412
f 341 412 413
f 341 413 410
f 343 344 345
f 345 409 414
f 345 414 346
f 346 415 347
f 346 414 415
f 347 416 350
f 347 350 348
f 347 415 416
f 349 350 351
f 350 416 351
f 351 417 352
f 351 416 417
f 352 417 418
f 352 418 353
f 353 418 419
f 353 419 420
f 353 420 354
f 354 420 355
f 355 420 421
f 355 421 422
f 355 422 423
f 355 423 356
f 356 423 424
f 356 424 357
f 357 425 358
f 357 424 426
f 357 426 427
f 357 427 425
f 358 425 428
f 358 428 359
f 359 428 429
f 359 429 430
f 359 430 360
f 360 430 431
f 360 431 369
f 361 382 432
f 361 432 362
f 362 432 433
f 362 433 363
f 363 433 434
f 363 434 435
f 363 435 364
f 364 435 366
f 365 368 383
f 366 435 436
f 366 436 367
f 367 437 368
f 367 436 438
f 367 438 437
f 368 437 383
f 369 431 430
f 369 430 370
f 370 439 440
f 370 440 441
f 370 441 371
f 370 430 439
f 371 441 372
f 372 441 442
f 372 442 374
f 373 374 376
f 374 442 443
f 374 443 444
f 374 444 376
f 375 376 445
f 375 445 377
f 376 444 445
f 377 445 446
f 377 446 378
f 378 446 379
f 379 446 447
f 379 447 448
f 379 448 381
f 379 381 380
f 381 448 449
f 381 449 382
f 382 449 432
f 383 437 450
f 383 450 384
f 384 450 451
f 384 451 452
f 384 452 453
f 384 453 385
f 385 453 386
f 386 453 387
f 387 453 454
f 387 454 455
f 387 455 456
f 387 456 388
f 388 456 389
f 389 456 457
f 389 457 458
f 389 458 459
f 389 459 390
f 390 459 460
f 390 460 461
f 390 461 462
f 390 462 463
f 390 463 464
f 390 464 392
f 390 392 394
f 390 394 391
f 392 464 465
f 392 465 463
f 392 463 466
f 392 466 467
f 392 467 468
f 392 468 393
f 393 468 395
f 395 468 469
f 395 469 470
f 395 470 396
f 396 470 469
f 396 469 472
f 396 472 471
f 397 473 474
f 397 474 475
f 397 475 399
f 397 399 398
f 399 475 476
f 399 476 477
f 399 477 405
f 399 405 400
f 401 405 477
f 401 477 476
f 401 476 478
f 401 478 479
f 401 479 402
f 402 479 480
f 402 480 481
f 402 481 403
f 403 481 404
f 404 481 482
f 404 482 406
f 406 482 407
f 407 482 483
f 407 483 408
f 408 483 484
f 408 484 411
f 409 410 413
f 409 413 485
f 409 485 414
f 411 484 412
f 412 484 486
f 412 486 487
f 412 487 413
f 413 488 485
f 413 487 489
f 413 489 490
f 413 490 488
f 414 485 415
f 415 491 416
f 415 485 492
f 415 492 491
f 416 493 417
f 416 491 493
f 417 493 494
f 417 494 419
f 417 419 418
f 419 494 495
f 419 495 496
f 419 496 420
f 420 496 421
f 421 496 497
f 421 497 422
f 422 497 498
f 422 498 499
f 422 499 500
f 422 500 423
f 423 500 501
f 423 501 502
f 423 502 424
f 424 502 503
f 424 503 426
f 425 427 504
f 425 504 429
f 425 429 428
f 426 503 505
f 426 505 506
f 426 506 507
f 426 507 508
f 426 508 504
f 426 504 427
f 429 504 508
f 429 508 509
f 429 509 510
f 429 510 430
f 430 510 439
f 432 449 433
f 433 449 511
f 433 511 512
f 433 512 434
f 434 513 435
f 434 512 514
f 434 514 515
f 434 515 513
f 435 513 516
f 435 516 517
f 435 517 436
f 436 517 516
f 436 516 518
f 436 518 438
f 437 438 519
f 437 519 451
f 437 451 450
f 438 518 519
f 439 510 520
f 439 520 440
f 440 520 521
f 440 521 441
f 441 521 522
f 441 522 442
f 442 522 523
f 442 523 524
f 442 524 443
f 443 525 444
f 443 524 525
f 444 525 526
f 444 526 446
f 444 446 445
f 446 526 527
f 446 527 528
f 446 528 529
f 446 529 447
f 447 530 531
f 447 531 448
f 447 529 532
f 447 532 533
f 447 533 530
f 448 531 530
f 448 530 534
f 448 534 535
f 448 535 449
f 449 535 536
f 449 536 511
f 451 519 537
f 451 537 452
f 452 454 453
f 452 537 538
f 452 538 455
f 452 455 454
f 455 538 539
f 455 539 540
f 455 540 456
f 456 540 457
f 457 540 541
f 457 541 458
f 458 541 459
f 459 541 460
f 460 541 461
f 461 541 539
f 461 539 542
f 461 542 462
f 462 543 463
f 462 542 544
f 462 544 543
f 463 465 464
f 463 543 545
f 463 545 546
f 463 546 466
f 466 546 547
f 466 547 548
f 466 548 549
f 466 549 550
f 466 550 467
f 467 550 551
f 467 551 469
f 467 469 468
f 469 551 472
f 471 472 553
f 471 553 552
f 472 551 554
f 472 554 555
f 472 555 556
f 472 556 553
f 473 557 474
f 474 557 558
f 474 558 559
f 474 559 476
f 474 476 475
f 476 559 560
f 476 560 478
f 478 561 479
f 478 560 561
f 479 561 562
f 479 562 563
f 479 563 480
f 480 563 481
f 481 563 564
f 481 564 565
f 481 565 482
f 482 565 483
f 483 565 566
f 483 566 484
f 484 566 567
f 484 567 568
f 484 568 569
f 484 569 486
f 485 488 492
f 486 569 487
f 487 569 568
f 487 568 570
f 487 570 489
f 488 571 492
f 488 490 572
f 488 572 571
f 489 572 490
f 489 570 573
f 489 573 574
f 489 574 572
f 491 492 571
f 491 571 493
f 493 575 497
f 493 497 495
f 493 495 494
f 493 571 572
f 493 572 575
f 495 497 496
f 497 575 576
f 497 576 577
f 497 577 578
f 497 578 498
f 498 578 579
f 498 579 580
f 498 580 499
f 499 580 581
f 499 581 582
f 499 582 583
f 499 583 500
f 500 583 501
f 501 583 502
f 502 583 584
f 502 584 503
f 503 584 585
f 503 585 505
f 505 585 506
f 506 585 507
f 507 586 508
f 507 585 587
f 507 587 588
f 507 588 586
f 508 586 589
f 508 589 590
f 508 590 591
f 508 591 509
f 509 591 510
f 510 591 520
f 511 536 592
f 511 592 593
f 511 593 512
f 512 593 594
f 512 594 514
f 513 515 516
f 514 594 595
f 514 595 596
f 514 596 515
f 515 596 516
f 516 597 518
f 516 596 598
f 516 598 597
f 518 597 599
f 518 599 519
f 519 599 600
f 519 600 601
f 519 601 602
f 519 602 537
f 520 591 603
f 520 603 604
f 520 604 521
f 521 604 603
f 521 603 605
f 521 605 606
f 521 606 522
f 522 606 607
f 522 607 608
f 522 608 523
f 523 608 607
f 523 607 524
f 524 609 525
f 524 607 610
f 524 610 609
f 525 609 526
f 526 609 611
f 526 611 612
f 526 612 527
f 527 612 528
f 528 612 532
f 528 532 529
f 530 613 614
f 530 614 592
f 530 592 535
f 530 535 534
f 530 533 615
f 530 615 613
f 532 616 617
f 532 617 615
f 532 615 533
f 532 612 618
f 532 618 619
f 532 619 620
f 532 620 616
f 535 592 536
f 537 602 544
f 537 544 542
f 537 542 538
f 538 542 539
f 539 541 540
f 543 544 545
f 544 601 545
f 544 602 601
f 545 601 546
f 546 601 621
f 546 621 547
f 547 622 623
f 547 623 548
f 547 621 624
f 547 624 625
f 547 625 626
f 547 626 627
f 547 627 622
f 548 623 628
f 548 628 549
f 549 628 556
f 549 556 555
f 549 555 554
f 549 554 551
f 549 551 550
f 552 553 630
f 552 630 629
f 553 556 630
f 556 631 630
f 556 628 631
f 557 632 558
f 558 632 633
f 558 633 634
f 558 634 635
f 558 635 559
f 559 635 636
f 559 636 560
f 560 636 637
f 560 637 561
f 561 637 562
f 562 637 638
f 562 638 573
f 562 573 563
f 563 573 570
f 563 570 564
f 564 570 567
f 564 567 566
f 564 566 565
f 567 570 568
f 572 574 639
f 572 639 640
f 572 640 576
f 572 576 575
f 573 638 574
f 574 638 639
f 576 640 639
f 576 639 577
f 577 639 641
f 577 641 642
f 577 642 643
f 577 643 578
f 578 643 579
f 579 643 644
f 579 644 645
f 579 645 646
f 579 646 647
f 579 647 580
f 580 647 581
f 581 647 648
f 581 648 582
f 582 648 649
f 582 649 650
f 582 650 583
f 583 650 584
f 584 650 651
f 584 651 585
f 585 651 652
f 585 652 653
f 585 653 654
f 585 654 587
f 586 588 655
f 586 655 589
f 587 654 656
f 587 656 657
f 587 657 658
f 587 658 588
f 588 658 655
f 589 659 590
f 589 655 660
f 589 660 659
f 590 659 661
f 590 661 591
f 591 661 603
f 592 614 662
f 592 662 593
f 593 662 594
f 594 662 663
f 594 663 595
f 595 663 664
f 595 664 665
f 595 665 596
f 596 665 666
f 596 666 667
f 596 667 621
f 596 621 668
f 596 668 598
f 597 598 669
f 597 669 600
f 597 600 599
f 598 668 621
f 598 621 669
f 600 669 621
f 600 621 601
f 603 661 670
f 603 670 671
f 603 671 672
f 603 672 673
f 603 673 605
f 605 673 674
f 605 674 675
f 605 675 676
f 605 676 606
f 606 676 677
f 606 677 607
f 607 677 678
f 607 678 610
f 609 610 679
f 609 679 680
f 609 680 612
f 609 612 611
f 610 681 679
f 610 678 682
f 610 682 683
f 610 683 681
f 612 680 684
f 612 684 685
f 612 685 618
f 613 615 614
f 614 686 687
f 614 687 662
f 614 615 688
f 614 688 620
f 614 620 689
f 614 689 686
f 615 617 688
f 616 620 617
f 617 620 688
f 618 685 690
f 618 690 691
f 618 691 619
f 619 691 692
f 619 692 620
f 620 692 693
f 620 693 694
f 620 694 689
f 621 695 624
f 621 667 695
f 622 696 697
f 622 697 623
f 622 627 698
f 622 698 696
f 623 697 628
f 624 695 625
f 625 699 700
f 625 700 626
f 625 695 666
f 625 666 701
f 625 701 699
f 626 700 627
f 627 700 702
f 627 702 703
f 627 703 698
f 628 697 704
f 628 704 631
f 629 630 705
f 630 631 706
f 630 706 705
f 631 707 708
f 631 708 706
f 631 704 707
f 633 709 634
f 634 710 635
f 634 709 710
f 635 711 712
f 635 712 713
f 635 713 636
f 635 710 714
f 635 714 711
f 636 713 637
f 637 713 715
f 637 715 638
f 638 715 639
f 639 715 716
f 639 716 641
f 641 716 717
f 641 717 642
f 642 717 644
f 642 644 643
f 644 717 718
f 644 718 645
f 645 718 646
f 646 718 719
f 646 719 720
f 646 720 647
f 647 720 648
f 648 720 649
f 649 720 721
f 649 721 722
f 649 722 650
f 650 722 723
f 650 723 724
f 650 724 651
f 651 724 725
f 651 725 652
f 652 725 653
f 653 725 726
f 653 726 656
f 653 656 654
f 655 658 657
f 655 657 656
f 655 656 727
f 655 727 728
f 655 728 660
f 656 726 729
f 656 729 730
f 656 730 727
f 659 670 661
f 659 660 670
f 660 728 671
f 660 671 670
f 662 687 731
f 662 731 664
f 662 664 663
f 664 731 666
f 664 666 665
f 666 731 701
f 666 695 667
f 671 728 732
f 671 732 733
f 671 733 734
f 671 734 672
f 672 734 735
f 672 735 674
f 672 674 673
f 674 735 675
f 675 735 736
f 675 736 737
f 675 737 738
f 675 738 676
f 676 738 739
f 676 739 740
f 676 740 741
f 676 741 742
f 676 742 677
f 677 742 682
f 677 682 678
f 679 681 684
f 679 684 680
f 681 683 743
f 681 743 744
f 681 744 684
f 682 742 743
f 682 743 683
f 684 744 745
f 684 745 685
f 685 745 746
f 685 746 690
f 686 689 747
f 686 747 748
f 686 748 687
f 687 748 749
f 687 749 731
f 689 694 750
f 689 750 751
f 689 751 747
f 690 746 752
f 690 752 753
f 690 753 754
f 690 754 691
f 691 754 692
f 692 754 755
f 692 755 756
f 692 756 693
f 693 756 750
f 693 750 694
f 696 757 758
f 696 758 697
f 696 698 757
f 697 758 704
f 698 703 759
f 698 759 760
f 698 760 757
f 699 701 761
f 699 761 700
f 700 761 762
f 700 762 759
f 700 759 702
f 701 731 761
f 702 759 703
f 704 763 707
f 704 758 763
f 705 706 764
f 706 708 765
f 706 765 766
f 706 766 764
f 707 763 708
f 708 763 767
f 708 767 765
f 709 768 711
f 709 711 714
f 709 714 710
f 711 769 712
f 711 768 769
f 712 770 771
f 712 771 713
f 712 769 770
f 713 771 715
f 715 771 772
f 715 772 716
f 716 772 718
f 716 718 717
f 718 772 773
f 718 773 774
f 718 774 719
f 719 774 775
f 719 775 776
f 719 776 777
f 719 777 722
f 719 722 721
f 719 721 720
f 722 777 723
f 723 777 778
f 723 778 724
f 724 778 726
f 724 726 725
f 726 778 779
f 726 779 780
f 726 780 781
f 726 781 729
f 727 730 728
f 728 730 729
f 728 729 732
f 729 782 732
f 729 781 783
f 729 783 782
f 731 749 761
f 732 782 784
f 732 784 734
f 732 734 733
f 734 784 785
f 734 785 735
f 735 785 736
f 736 785 786
f 736 786 737
f 737 786 787
f 737 787 788
f 737 788 738
f 738 788 739
f 739 788 789
f 739 789 740
f 740 789 741
f 741 790 742
f 741 789 790
f 742 790 743
f 743 790 791
f 743 791 744
f 744 791 745
f 745 791 792
f 745 792 746
f 746 792 793
f 746 793 752
f 747 751 794
f 747 794 795
f 747 795 796
f 747 796 797
f 747 797 749
f 747 749 798
f 747 798 748
f 748 798 749
f 749 797 759
f 749 759 762
f 749 762 761
f 750 756 799
f 750 799 800
f 750 800 751
f 751 800 794
f 752 801 802
f 752 802 803
f 752 803 753
f 752 793 792
f 752 792 801
f 753 803 804
f 753 804 754
f 754 804 755
f 755 804 805
f 755 805 799
f 755 799 756
f 757 760 806
f 757 806 807
f 757 807 808
f 757 808 758
f 758 809 810
f 758 810 811
f 758 811 763
f 758 808 812
f 758 812 809
f 759 797 813
f 759 813 814
f 759 814 760
f 760 814 806
f 763 811 767
f 765 815 816
f 765 816 766
f 765 767 817
f 765 817 818
f 765 818 819
f 765 819 815
f 767 820 817
f 767 811 820
f 768 821 822
f 768 822 823
f 768 823 824
f 768 824 769
f 769 773 770
f 769 824 773
f 770 773 771
f 771 773 772
f 773 824 825
f 773 825 826
f 773 826 775
f 773 775 774
f 775 826 776
f 776 826 777
f 777 826 827
f 777 827 778
f 778 827 828
f 778 828 779
f 779 828 780
f 780 828 829
f 780 829 830
f 780 830 781
f 781 830 831
f 781 831 783
f 782 832 785
f 782 785 784
f 782 783 833
f 782 833 832
f 783 831 834
f 783 834 835
f 783 835 833
f 785 832 786
f 786 836 787
f 786 832 837
f 786 837 836
f 787 836 788
f 788 836 838
f 788 838 789
f 789 838 839
f 789 839 840
f 789 840 792
f 789 792 791
f 789 791 790
f 792 840 841
f 792 841 801
f 794 800 842
f 794 842 812
f 794 812 795
f 795 812 807
f 795 807 796
f 796 807 814
f 796 814 813
f 796 813 797
f 799 805 843
f 799 843 844
f 799 844 845
f 799 845 800
f 800 845 844
f 800 844 842
f 801 841 846
f 801 846 847
f 801 847 802
f 802 848 849
f 802 849 850
f 802 850 851
f 802 851 803
f 802 847 848
f 803 851 804
f 804 851 805
f 805 851 843
f 806 814 807
f 807 812 808
f 809 812 842
f 809 842 844
f 809 844 843
f 809 843 852
f 809 852 811
f 809 811 810
f 811 852 853
f 811 853 820
f 815 819 855
f 815 855 854
f 817 820 856
f 817 856 857
f 817 857 818
f 818 857 819
f 819 857 858
f 819 858 859
f 819 859 855
f 820 853 843
f 820 843 860
f 820 860 861
f 820 861 856
f 821 862 822
f 822 829 828
f 822 828 826
f 822 826 825
f 822 825 823
f 822 862 863
f 822 863 829
f 823 825 824
f 826 828 827
f 829 864 830
f 829 863 862
f 829 862 865
f 829 865 864
f 830 864 831
f 831 864 834
f 832 833 866
f 832 866 837
f 833 835 866
f 834 864 835
f 835 867 866
f 835 864 868
f 835 868 867
f 836 869 838
f 836 837 870
f 836 870 869
f 837 866 871
f 837 871 872
f 837 872 870
f 838 869 839
f 839 841 840
f 839 869 873
f 839 873 841
f 841 873 846
f 843 851 860
f 843 853 852
f 846 873 847
f 847 873 874
f 847 874 870
f 847 870 875
f 847 875 876
f 847 876 877
f 847 877 848
f 848 877 858
f 848 858 849
f 849 858 857
f 849 857 861
f 849 861 850
f 850 861 851
f 851 861 860
f 854 855 879
f 854 879 878
f 855 859 879
f 856 861 857
f 858 877 876
f 858 876 859
f 859 876 880
f 859 880 879
f 862 881 865
f 864 865 881
f 864 881 868
f 866 867 882
f 866 882 871
f 867 868 883
f 867 883 884
f 867 884 885
f 867 885 882
f 868 881 886
f 868 886 883
f 869 870 874
f 869 874 873
f 870 872 875
f 871 882 880
f 871 880 872
f 872 880 876
f 872 876 875
f 878 885 887
f 878 879 888
f 878 888 885
f 879 880 888
f 880 882 888
f 882 885 888
f 883 886 887
f 883 887 885
f 883 885 884

o geometry_1
v -0.06512713 -0.00096696 0.00227443 0.54117647 0.42352941 0.64313725
v -0.06475583 -0.00096696 0.00447371 0.54117647 0.42352941 0.64313725
v -0.06459100 0.00123206 0.00447371 0.54117647 0.42352941 0.64313725
v -0.06440785 0.00322597 0.00447809 0.54117647 0.42352941 0.64313725
v -0.06435622 0.00491866 0.00374704 0.54117647 0.42352941 0.64313725
v -0.06435622 0.00491866 0.00303350 0.54117647 0.42352941 0.64313725
v -0.06456601 0.00085139 0.00094278 0.54117647 0.42352941 0.64313725
v -0.06471254 -0.00096696 0.00081846 0.54117647 0.42352941 0.64313725
v -0.06463595 -0.00316783 0.00089376 0.54117647 0.42352941 0.64313725
v -0.06494730 -0.00316783 0.00227443 0.54117647 0.42352941 0.64313725
v -0.06434291 -0.00096696 0.00567490 0.54117647 0.42352941 0.64313725
v -0.06432293 0.00123206 0.00564251 0.54117647 0.42352941 0.64313725
v -0.06429461 0.00235375 0.00557947 0.54117647 0.42352941 0.64313725
v -0.06455935 -0.00300891 0.00438703 0.54117647 0.42352941 0.64313725
v -0.06432126 -0.00217180 0.00562325 0.54117647 0.42352941 0.64313725
v -0.06422136 0.00382100 0.00521351 0.54117647 0.42352941 0.64313725
v -0.06409814 0.00564304 0.00447809 0.54117647 0.42352941 0.64313725
v -0.06321901 0.00783098 0.00447371 0.54117647 0.42352941 0.64313725
v -0.06403487 0.00564304 0.00229019 0.54117647 0.42352941 0.64313725
v -0.06419972 0.00343109 0.00148735 0.54117647 0.42352941 0.64313725
v -0.06256966 0.00736161 0.00087012 0.54117647 0.42352941 0.64313725
v -0.06291265 0.00563011 0.00065649 0.54117647 0.42352941 0.64313725
v -0.06319404 -0.00096696 0.00024938 0.54117647 0.42352941 0.64313725
v -0.06319404 -0.00316783 0.00043849 0.54117647 0.42352941 0.64313725
v -0.06446279 -0.00439669 0.00104259 0.54117647 0.42352941 0.64313725
v -0.06449275 -0.00442441 0.00227443 0.54117647 0.42352941 0.64313725
v -0.06438953 -0.00434865 0.00359557 0.54117647 0.42352941 0.64313725
v -0.06237817 0.00123206 0.00792934 0.54117647 0.42352941 0.64313725
v -0.06347876 0.00123206 0.00674215 0.54117647 0.42352941 0.64313725
v -0.06235320 0.00272149 0.00792321 0.54117647 0.42352941 0.64313725
v -0.06328728 0.00327216 0.00661170 0.54117647 0.42352941 0.64313725
v -0.06299257 0.00563011 0.00636480 0.54117647 0.42352941 0.64313725
v -0.06404986 -0.00363720 0.00506205 0.54117647 0.42352941 0.64313725
v -0.06326730 -0.00300891 0.00626500 0.54117647 0.42352941 0.64313725
v -0.06221334 -0.00031834 0.00783216 0.54117647 0.42352941 0.64313725
v -0.06252636 0.00783098 0.00593756 0.54117647 0.42352941 0.64313725
v -0.06213508 0.00896005 0.00560749 0.54117647 0.42352941 0.64313725
v -0.06230991 0.00910050 0.00447371 0.54117647 0.42352941 0.64313725
v -0.06233988 0.00912821 0.00280937 0.54117647 0.42352941 0.64313725
v -0.06293263 0.00798990 0.00215536 0.54117647 0.42352941 0.64313725
v -0.06197358 0.00882885 0.00134202 0.54117647 0.42352941 0.64313725
v -0.06050669 0.00924833 0.00092352 0.54117647 0.42352941 0.64313725
v -0.06114106 0.00798990 0.00064249 0.54117647 0.42352941 0.64313725
v -0.06099287 0.00563011 0.00021524 0.54117647 0.42352941 0.64313725
v -0.04811890 -0.00316783 -0.00084238 0.54117647 0.42352941 0.64313725
v -0.06099287 -0.00316783 0.00023537 0.54117647 0.42352941 0.64313725
v -0.04811890 0.00451581 -0.00101310 0.54117647 0.42352941 0.64313725
v -0.05879338 -0.00536685 0.00048052 0.54117647 0.42352941 0.64313725
v -0.06319404 -0.00461659 0.00089726 0.54117647 0.42352941 0.64313725
v -0.05993392 -0.00648484 0.00115378 0.54117647 0.42352941 0.64313725
v -0.06013206 -0.00656615 0.00227443 0.54117647 0.42352941 0.64313725
v -0.06121433 -0.00606166 0.00447371 0.54117647 0.42352941 0.64313725
v -0.06326730 -0.00487161 0.00438703 0.54117647 0.42352941 0.64313725
v -0.06258297 -0.00467942 0.00597958 0.54117647 0.42352941 0.64313725
v -0.06180041 0.00123206 0.00792934 0.54117647 0.42352941 0.64313725
v -0.06184204 0.00272149 0.00792321 0.54117647 0.42352941 0.64313725
v -0.04811890 0.00783098 0.00706434 0.54117647 0.42352941 0.64313725
v -0.05879338 0.00783098 0.00668612 0.54117647 0.42352941 0.64313725
v -0.06099287 0.00783098 0.00650051 0.54117647 0.42352941 0.64313725
v -0.06195359 -0.00031834 0.00783216 0.54117647 0.42352941 0.64313725
v -0.06099287 -0.00316783 0.00725695 0.54117647 0.42352941 0.64313725
v -0.04811890 -0.00530587 0.00732086 0.54117647 0.42352941 0.64313725
v -0.06099287 0.00919844 0.00583250 0.54117647 0.42352941 0.64313725
v -0.05879338 0.01036447 0.00447371 0.54117647 0.42352941 0.64313725
v -0.06099287 0.00971585 0.00447371 0.54117647 0.42352941 0.64313725
v -0.06114106 0.00953476 0.00215536 0.54117647 0.42352941 0.64313725
v -0.05879338 0.01034045 0.00227443 0.54117647 0.42352941 0.64313725
v -0.05879338 0.00948301 0.00076418 0.54117647 0.42352941 0.64313725
v -0.05879338 0.00783098 0.00032730 0.54117647 0.42352941 0.64313725
v -0.04811890 0.00747433 -0.00084938 0.54117647 0.42352941 0.64313725
v -0.04811890 -0.00535576 -0.00033633 0.54117647 0.42352941 0.64313725
v -0.05659555 -0.00667887 0.00092790 0.54117647 0.42352941 0.64313725
v -0.05879338 -0.00657354 0.00104785 0.54117647 0.42352941 0.64313725
v -0.06079807 -0.00535022 0.00080708 0.54117647 0.42352941 0.64313725
v -0.05659555 -0.00711498 0.00227443 0.54117647 0.42352941 0.64313725
v -0.05879338 -0.00685812 0.00227443 0.54117647 0.42352941 0.64313725
v -0.06011374 -0.00655875 0.00447371 0.54117647 0.42352941 0.64313725
v -0.05991061 -0.00647375 0.00558298 0.54117647 0.42352941 0.64313725
v -0.06078308 -0.00539457 0.00615293 0.54117647 0.42352941 0.64313725
v -0.04811890 -0.00316783 0.00753273 0.54117647 0.42352941 0.64313725
v -0.04811890 0.00981379 0.00631140 0.54117647 0.42352941 0.64313725
v -0.05659555 0.00962530 0.00614067 0.54117647 0.42352941 0.64313725
v -0.05879338 0.00950889 0.00608464 0.54117647 0.42352941 0.64313725
v -0.05879338 -0.00536685 0.00659069 0.54117647 0.42352941 0.64313725
v -0.05659555 -0.00536685 0.00674565 0.54117647 0.42352941 0.64313725
v -0.04811890 -0.00548696 0.00721843 0.54117647 0.42352941 0.64313725
v -0.05659555 0.01063057 0.00447371 0.54117647 0.42352941 0.64313725
v -0.05659555 0.01058068 0.00227443 0.54117647 0.42352941 0.64313725
v -0.04811890 0.01088558 0.00200390 0.54117647 0.42352941 0.64313725
v -0.04811890 0.00968444 0.00014432 0.54117647 0.42352941 0.64313725
v -0.04811890 0.00783098 -0.00068916 0.54117647 0.42352941 0.64313725
v -0.04811890 -0.00686551 0.00067838 0.54117647 0.42352941 0.64313725
v -0.04811890 -0.00758065 0.00227443 0.54117647 0.42352941 0.64313725
v -0.05439438 -0.00725727 0.00227443 0.54117647 0.42352941 0.64313725
v -0.05439438 -0.00729053 0.00447371 0.54117647 0.42352941 0.64313725
v -0.05659555 -0.00711313 0.00447371 0.54117647 0.42352941 0.64313725
v -0.05879338 -0.00683779 0.00447371 0.54117647 0.42352941 0.64313725
v -0.05879338 -0.00655506 0.00570730 0.54117647 0.42352941 0.64313725
v -0.04811890 0.01075253 0.00504629 0.54117647 0.42352941 0.64313725
v -0.05659555 -0.00667702 0.00588590 0.54117647 0.42352941 0.64313725
v -0.05439438 -0.00676387 0.00599009 0.54117647 0.42352941 0.64313725
v -0.04811890 -0.00695975 0.00619496 0.54117647 0.42352941 0.64313725
v -0.04811890 0.01092069 0.00476525 0.54117647 0.42352941 0.64313725
v -0.04811890 0.01116832 0.00382758 0.54117647 0.42352941 0.64313725
v -0.04811890 0.01120343 0.00368225 0.54117647 0.42352941 0.64313725
v -0.04925612 0.01114984 0.00346075 0.54117647 0.42352941 0.64313725
v -0.04925612 0.01114984 0.00329878 0.54117647 0.42352941 0.64313725
v -0.04811890 0.01120343 0.00308690 0.54117647 0.42352941 0.64313725
v -0.04811890 0.01095396 0.00223066 0.54117647 0.42352941 0.64313725
v -0.04811890 -0.00767490 0.00447371 0.54117647 0.42352941 0.64313725
v -0.05219489 -0.00742728 0.00447371 0.54117647 0.42352941 0.64313725
f 889 890 891
f 889 891 892
f 889 892 893
f 889 893 894
f 889 894 895
f 889 895 896
f 889 896 897
f 889 897 898
f 889 898 890
f 890 899 900
f 890 900 901
f 890 901 891
f 890 898 902
f 890 902 903
f 890 903 899
f 891 901 892
f 892 901 904
f 892 904 893
f 893 904 905
f 893 905 894
f 894 905 906
f 894 906 907
f 894 907 895
f 895 907 908
f 895 908 909
f 895 909 910
f 895 910 896
f 896 910 911
f 896 911 897
f 897 911 912
f 897 912 913
f 897 913 898
f 898 913 914
f 898 914 915
f 898 915 902
f 899 916 917
f 899 917 900
f 899 903 916
f 900 917 901
f 901 918 919
f 901 919 920
f 901 920 904
f 901 917 918
f 902 915 921
f 902 921 903
f 903 921 922
f 903 922 923
f 903 923 916
f 904 920 905
f 905 920 924
f 905 924 906
f 906 924 925
f 906 925 926
f 906 926 927
f 906 927 928
f 906 928 907
f 907 928 909
f 907 909 908
f 909 928 929
f 909 929 930
f 909 930 931
f 909 931 910
f 910 931 932
f 910 932 911
f 911 933 934
f 911 934 912
f 911 932 935
f 911 935 933
f 912 934 936
f 912 936 937
f 912 937 913
f 913 937 938
f 913 938 939
f 913 939 914
f 914 939 940
f 914 940 915
f 915 940 941
f 915 941 942
f 915 942 921
f 916 923 948
f 916 948 943
f 916 943 944
f 916 944 918
f 916 918 917
f 918 944 945
f 918 945 946
f 918 946 947
f 918 947 924
f 918 924 920
f 918 920 919
f 921 942 922
f 922 942 923
f 923 942 949
f 923 949 950
f 923 950 948
f 924 947 925
f 925 951 952
f 925 952 953
f 925 953 926
f 925 947 951
f 926 953 927
f 927 929 928
f 927 953 954
f 927 954 929
f 929 954 930
f 930 954 955
f 930 955 956
f 930 956 931
f 931 956 957
f 931 957 932
f 932 957 958
f 932 958 935
f 933 959 936
f 933 936 934
f 933 935 958
f 933 958 979
f 933 979 978
f 933 978 977
f 933 977 997
f 933 997 996
f 933 996 993
f 933 993 992
f 933 992 991
f 933 991 987
f 933 987 969
f 933 969 945
f 933 945 968
f 933 968 950
f 933 950 974
f 933 974 990
f 933 990 998
f 933 998 981
f 933 981 980
f 933 980 959
f 936 959 960
f 936 960 961
f 936 961 938
f 936 938 962
f 936 962 937
f 937 962 938
f 938 961 963
f 938 963 964
f 938 964 939
f 939 964 965
f 939 965 940
f 940 965 966
f 940 966 941
f 941 966 942
f 942 966 967
f 942 967 949
f 943 948 968
f 943 968 944
f 944 968 945
f 945 969 970
f 945 970 946
f 946 970 971
f 946 971 947
f 947 971 951
f 948 950 968
f 949 967 972
f 949 972 973
f 949 973 950
f 950 973 974
f 951 971 952
f 952 955 953
f 952 971 975
f 952 975 955
f 953 955 954
f 955 975 976
f 955 976 956
f 956 976 977
f 956 977 978
f 956 978 979
f 956 979 958
f 956 958 957
f 959 980 960
f 960 980 981
f 960 981 982
f 960 982 963
f 960 963 961
f 963 982 983
f 963 983 984
f 963 984 964
f 964 984 985
f 964 985 965
f 965 985 966
f 966 985 984
f 966 984 986
f 966 986 972
f 966 972 967
f 969 987 970
f 970 987 975
f 970 975 971
f 972 986 988
f 972 988 989
f 972 989 973
f 973 989 974
f 974 989 990
f 975 987 991
f 975 991 992
f 975 992 993
f 975 993 994
f 975 994 995
f 975 995 976
f 976 995 996
f 976 996 997
f 976 997 977
f 981 998 982
f 982 998 999
f 982 999 983
f 983 999 988
f 983 988 986
f 983 986 984
f 988 999 998
f 988 998 989
f 989 998 990
f 993 996 995
f 993 995 994

o geometry_2
v -0.02138492 0.01240316 0.00447319 0.43529412 0.89019608 0.96078431
v -0.02799258 0.01160902 0.00634077 0.43529412 0.89019608 0.96078431
v -0.02359396 0.01166364 0.00647790 0.43529412 0.89019608 0.96078431
v -0.02138492 0.01169726 0.00652843 0.43529412 0.89019608 0.96078431
v -0.01918561 0.01239685 0.00447319 0.43529412 0.89019608 0.96078431
v -0.01478699 0.01239895 0.00227361 0.43529412 0.89019608 0.96078431
v -0.01918561 0.01237374 0.00227361 0.43529412 0.89019608 0.96078431
v -0.02138492 0.01235273 0.00227361 0.43529412 0.89019608 0.96078431
v -0.03678982 0.01194516 0.00447319 0.43529412 0.89019608 0.96078431
v -0.03678982 0.01148507 0.00607371 0.43529412 0.89019608 0.96078431
v -0.02138492 0.01101237 0.00762912 0.43529412 0.89019608 0.96078431
v -0.01918561 0.01100606 0.00761649 0.43529412 0.89019608 0.96078431
v -0.01918561 0.01168675 0.00651579 0.43529412 0.89019608 0.96078431
v -0.01478699 0.01233593 0.00447319 0.43529412 0.89019608 0.96078431
v -0.01478699 0.01190735 0.00007583 0.43529412 0.89019608 0.96078431
v -0.01258767 0.01228971 0.00447319 0.43529412 0.89019608 0.96078431
v -0.01258767 0.01235063 0.00227361 0.43529412 0.89019608 0.96078431
v -0.01258767 0.01187583 0.00007583 0.43529412 0.89019608 0.96078431
v -0.02138492 0.01179600 0.00007583 0.43529412 0.89019608 0.96078431
v -0.04118844 0.01169936 0.00227361 0.43529412 0.89019608 0.96078431
v -0.03898913 0.01187373 0.00447319 0.43529412 0.89019608 0.96078431
v -0.03898913 0.01143885 0.00598890 0.43529412 0.89019608 0.96078431
v -0.02359396 0.01096825 0.00757679 0.43529412 0.89019608 0.96078431
v -0.02138492 0.00991150 0.00859087 0.43529412 0.89019608 0.96078431
v -0.01918561 0.00990520 0.00861975 0.43529412 0.89019608 0.96078431
v -0.01698629 0.00986528 0.00860351 0.43529412 0.89019608 0.96078431
v -0.01258767 0.00977915 0.00851870 0.43529412 0.89019608 0.96078431
v -0.01258767 0.01088001 0.00747033 0.43529412 0.89019608 0.96078431
v -0.00379044 0.01150608 0.00612604 0.43529412 0.89019608 0.96078431
v -0.01258767 0.01161952 0.00636964 0.43529412 0.89019608 0.96078431
v -0.01478699 0.01133801 -0.00134966 0.43529412 0.89019608 0.96078431
v -0.02138492 0.01127918 -0.00125944 0.43529412 0.89019608 0.96078431
v -0.01258767 0.01132540 -0.00133162 0.43529412 0.89019608 0.96078431
v -0.00159113 0.01146196 0.00606649 0.43529412 0.89019608 0.96078431
v -0.00379044 0.01202710 0.00447319 0.43529412 0.89019608 0.96078431
v -0.00818906 0.01223719 0.00227361 0.43529412 0.89019608 0.96078431
v -0.00818906 0.01177919 0.00007583 0.43529412 0.89019608 0.96078431
v -0.00818906 0.01127918 -0.00124501 0.43529412 0.89019608 0.96078431
v -0.04118844 0.01128548 0.00090766 0.43529412 0.89019608 0.96078431
v -0.04299849 0.01122666 0.00101773 0.43529412 0.89019608 0.96078431
v -0.04359212 0.01149557 0.00205888 0.43529412 0.89019608 0.96078431
v -0.04558707 0.01138843 0.00254066 0.43529412 0.89019608 0.96078431
v -0.04118844 0.01173927 0.00447319 0.43529412 0.89019608 0.96078431
v -0.04118844 0.01132540 0.00583192 0.43529412 0.89019608 0.96078431
v -0.03898913 0.01034008 0.00708960 0.43529412 0.89019608 0.96078431
v -0.03678982 0.01048925 0.00717260 0.43529412 0.89019608 0.96078431
v -0.02799258 0.01082329 0.00743966 0.43529412 0.89019608 0.96078431
v -0.02579327 0.01090102 0.00751003 0.43529412 0.89019608 0.96078431
v -0.02579327 0.00980226 0.00846637 0.43529412 0.89019608 0.96078431
v -0.02359396 0.00986738 0.00853313 0.43529412 0.89019608 0.96078431
v -0.01918561 0.00839676 0.00971864 0.43529412 0.89019608 0.96078431
v -0.01698629 0.00839466 0.00970420 0.43529412 0.89019608 0.96078431
v -0.01478699 0.00982117 0.00856200 0.43529412 0.89019608 0.96078431
v 0.00499707 0.00934006 0.00812894 0.43529412 0.89019608 0.96078431
v 0.00060819 0.01054387 0.00710223 0.43529412 0.89019608 0.96078431
v 0.00060819 0.01141364 0.00600334 0.43529412 0.89019608 0.96078431
v -0.01478699 0.01060900 -0.00245036 0.43529412 0.89019608 0.96078431
v -0.01698629 0.01061530 -0.00241607 0.43529412 0.89019608 0.96078431
v -0.01918561 0.01059639 -0.00239803 0.43529412 0.89019608 0.96078431
v -0.01918561 0.01129389 -0.00129733 0.43529412 0.89019608 0.96078431
v -0.02138492 0.01053967 -0.00236014 0.43529412 0.89019608 0.96078431
v -0.03474622 0.00960477 -0.00233668 0.43529412 0.89019608 0.96078431
v -0.04118844 0.01057748 -0.00019303 0.43529412 0.89019608 0.96078431
v -0.01258767 0.01059639 -0.00243051 0.43529412 0.89019608 0.96078431
v -0.00159113 0.01195146 0.00447319 0.43529412 0.89019608 0.96078431
v -0.00159113 0.01200819 0.00227361 0.43529412 0.89019608 0.96078431
v 0.00719638 0.01165104 0.00227361 0.43529412 0.89019608 0.96078431
v -0.00159113 0.01151658 0.00017327 0.43529412 0.89019608 0.96078431
v -0.01038837 0.01056698 -0.00238901 0.43529412 0.89019608 0.96078431
v 0.00499707 0.01094724 -0.00050159 0.43529412 0.89019608 0.96078431
v -0.00159113 0.01108800 -0.00092743 0.43529412 0.89019608 0.96078431
v 0.00719638 0.01001235 -0.00212556 0.43529412 0.89019608 0.96078431
v 0.00940543 0.00909216 -0.00340489 0.43529412 0.89019608 0.96078431
v -0.04359212 0.01060900 0.00020033 0.43529412 0.89019608 0.96078431
v -0.04445821 0.01112582 0.00118555 0.43529412 0.89019608 0.96078431
v -0.04558707 0.01105439 0.00144177 0.43529412 0.89019608 0.96078431
v -0.04811724 0.01088631 0.00200295 0.43529412 0.89019608 0.96078431
v -0.04811724 0.01095354 0.00222850 0.43529412 0.89019608 0.96078431
v -0.04811724 0.01120145 0.00308560 0.43529412 0.89019608 0.96078431
v -0.04811724 0.01120145 0.00368105 0.43529412 0.89019608 0.96078431
v -0.04558707 0.01138843 0.00421516 0.43529412 0.89019608 0.96078431
v -0.04357265 0.01148717 0.00468251 0.43529412 0.89019608 0.96078431
v -0.04442902 0.01112161 0.00555404 0.43529412 0.89019608 0.96078431
v -0.04295957 0.01121195 0.00568215 0.43529412 0.89019608 0.96078431
v -0.04811724 0.00981276 0.00631009 0.43529412 0.89019608 0.96078431
v -0.04245353 0.00896190 0.00779513 0.43529412 0.89019608 0.96078431
v -0.04118844 0.00906695 0.00786550 0.43529412 0.89019608 0.96078431
v -0.03898913 0.00923922 0.00798459 0.43529412 0.89019608 0.96078431
v -0.03678982 0.00938838 0.00810368 0.43529412 0.89019608 0.96078431
v -0.03459051 0.00947872 0.00818127 0.43529412 0.89019608 0.96078431
v -0.02579327 0.00813625 0.00956706 0.43529412 0.89019608 0.96078431
v -0.02359396 0.00821188 0.00963383 0.43529412 0.89019608 0.96078431
v -0.02138492 0.00829172 0.00968976 0.43529412 0.89019608 0.96078431
v -0.02579327 0.00703539 0.01010658 0.43529412 0.89019608 0.96078431
v -0.01918561 0.00729590 0.01019861 0.43529412 0.89019608 0.96078431
v -0.01698629 0.00729590 0.01020944 0.43529412 0.89019608 0.96078431
v -0.01038837 0.00709631 0.01014448 0.43529412 0.89019608 0.96078431
v 0.00279776 0.00661941 0.00993516 0.43529412 0.89019608 0.96078431
v -0.01258767 0.00825600 0.00961759 0.43529412 0.89019608 0.96078431
v 0.00279776 0.00782952 0.00923144 0.43529412 0.89019608 0.96078431
v 0.00719638 0.00926653 0.00806940 0.43529412 0.89019608 0.96078431
v 0.00279776 0.01049135 0.00702464 0.43529412 0.89019608 0.96078431
v 0.00279776 0.01136111 0.00592395 0.43529412 0.89019608 0.96078431
v -0.01478699 0.00951023 -0.00393900 0.43529412 0.89019608 0.96078431
v -0.01698629 0.00951444 -0.00394441 0.43529412 0.89019608 0.96078431
v -0.01258767 0.00949763 -0.00392817 0.43529412 0.89019608 0.96078431
v -0.01918561 0.00949763 -0.00390652 0.43529412 0.89019608 0.96078431
v -0.02138492 0.00944090 -0.00382713 0.43529412 0.89019608 0.96078431
v -0.03239120 0.00906485 -0.00337422 0.43529412 0.89019608 0.96078431
v -0.03412340 0.00899762 -0.00330024 0.43529412 0.89019608 0.96078431
v -0.03558312 0.00891988 -0.00321182 0.43529412 0.89019608 0.96078431
v -0.04338775 0.00938208 -0.00151928 0.43529412 0.89019608 0.96078431
v -0.01038837 0.00946822 -0.00390291 0.43529412 0.89019608 0.96078431
v 0.00060819 0.01186953 0.00447319 0.43529412 0.89019608 0.96078431
v 0.00279776 0.01178549 0.00447319 0.43529412 0.89019608 0.96078431
v 0.00719638 0.01126657 0.00075609 0.43529412 0.89019608 0.96078431
v 0.00060819 0.01145355 0.00031582 0.43529412 0.89019608 0.96078431
v 0.00499707 0.01167835 0.00447319 0.43529412 0.89019608 0.96078431
v 0.00940543 0.01143255 0.00431080 0.43529412 0.89019608 0.96078431
v 0.01492316 0.01113212 0.00337972 0.43529412 0.89019608 0.96078431
v 0.01492316 0.01113212 0.00336348 0.43529412 0.89019608 0.96078431
v 0.00940543 0.01148297 0.00227361 0.43529412 0.89019608 0.96078431
v 0.01056347 0.01113422 0.00116028 0.43529412 0.89019608 0.96078431
v 0.00940543 0.01118254 0.00101052 0.43529412 0.89019608 0.96078431
v 0.00719638 0.01090312 -0.00034460 0.43529412 0.89019608 0.96078431
v 0.00719638 0.00914048 -0.00345722 0.43529412 0.89019608 0.96078431
v 0.00940543 0.00989260 -0.00212556 0.43529412 0.89019608 0.96078431
v 0.01160474 0.00900812 -0.00331467 0.43529412 0.89019608 0.96078431
v 0.01160474 0.00798709 -0.00441537 0.43529412 0.89019608 0.96078431
v 0.01380405 0.00681479 -0.00549802 0.43529412 0.89019608 0.96078431
v 0.01160474 0.00688833 -0.00556839 0.43529412 0.89019608 0.96078431
v -0.01038837 0.00852702 -0.00500180 0.43529412 0.89019608 0.96078431
v -0.04558707 0.01023924 0.00007583 0.43529412 0.89019608 0.96078431
v -0.04811724 0.00968461 0.00014440 0.43529412 0.89019608 0.96078431
v -0.04811724 0.01116783 0.00382721 0.43529412 0.89019608 0.96078431
v -0.04811724 0.01091993 0.00476551 0.43529412 0.89019608 0.96078431
v -0.04811724 0.01075186 0.00504519 0.43529412 0.89019608 0.96078431
v -0.04811724 0.00782952 0.00706434 0.43529412 0.89019608 0.96078431
v -0.04778637 0.00782952 0.00714914 0.43529412 0.89019608 0.96078431
v -0.04508102 0.00730430 0.00800263 0.43529412 0.89019608 0.96078431
v -0.04392298 0.00877072 0.00769949 0.43529412 0.89019608 0.96078431
v -0.04327098 0.00795348 0.00810368 0.43529412 0.89019608 0.96078431
v -0.03678982 0.00782952 0.00888860 0.43529412 0.89019608 0.96078431
v -0.03459051 0.00782952 0.00910874 0.43529412 0.89019608 0.96078431
v -0.02799258 0.00687362 0.01003802 0.43529412 0.89019608 0.96078431
v -0.02579327 0.00562989 0.01044582 0.43529412 0.89019608 0.96078431
v -0.02799258 0.00562989 0.01035018 0.43529412 0.89019608 0.96078431
v -0.01918561 0.00562989 0.01059197 0.43529412 0.89019608 0.96078431
v -0.01698629 0.00562989 0.01062626 0.43529412 0.89019608 0.96078431
v -0.01038837 0.00562989 0.01053965 0.43529412 0.89019608 0.96078431
v 0.00279776 0.00551855 0.01026718 0.43529412 0.89019608 0.96078431
v 0.00940543 0.00511728 0.01015350 0.43529412 0.89019608 0.96078431
v 0.00940543 0.00621814 0.00978901 0.43529412 0.89019608 0.96078431
v 0.00940543 0.00782952 0.00889221 0.43529412 0.89019608 0.96078431
v 0.00719638 0.00782952 0.00901311 0.43529412 0.89019608 0.96078431
v 0.00499707 0.00782952 0.00912318 0.43529412 0.89019608 0.96078431
v 0.05129937 0.00486727 0.00800624 0.43529412 0.89019608 0.96078431
v 0.02040198 0.00861105 0.00755694 0.43529412 0.89019608 0.96078431
v 0.02480060 0.00952914 0.00626318 0.43529412 0.89019608 0.96078431
v 0.02260129 0.00960267 0.00636603 0.43529412 0.89019608 0.96078431
v 0.00499707 0.01044093 0.00689292 0.43529412 0.89019608 0.96078431
v 0.00499707 0.01127078 0.00579222 0.43529412 0.89019608 0.96078431
v 0.00740074 0.01147246 0.00468972 0.43529412 0.89019608 0.96078431
v -0.01478699 0.00853752 -0.00503970 0.43529412 0.89019608 0.96078431
v -0.01698629 0.00854593 -0.00504511 0.43529412 0.89019608 0.96078431
v -0.01258767 0.00853542 -0.00502706 0.43529412 0.89019608 0.96078431
v -0.01918561 0.00849130 -0.00500722 0.43529412 0.89019608 0.96078431
v -0.02359396 0.00832113 -0.00484121 0.43529412 0.89019608 0.96078431
v -0.02579327 0.00824760 -0.00474016 0.43529412 0.89019608 0.96078431
v -0.03474622 0.00804381 -0.00409959 0.43529412 0.89019608 0.96078431
v -0.03678982 0.00774129 -0.00415914 0.43529412 0.89019608 0.96078431
v -0.02799258 0.00702909 -0.00567124 0.43529412 0.89019608 0.96078431
v -0.03898913 0.00757742 -0.00402742 0.43529412 0.89019608 0.96078431
v -0.03678982 0.00884005 -0.00312160 0.43529412 0.89019608 0.96078431
v -0.04338775 0.00831063 -0.00261817 0.43529412 0.89019608 0.96078431
v -0.04558707 0.00921611 -0.00131177 0.43529412 0.89019608 0.96078431
v -0.03898913 0.00867618 -0.00294296 0.43529412 0.89019608 0.96078431
v 0.02040198 0.01008798 0.00007583 0.43529412 0.89019608 0.96078431
v 0.00940543 0.01083169 -0.00009018 0.43529412 0.89019608 0.96078431
v 0.02480060 0.01029807 0.00447319 0.43529412 0.89019608 0.96078431
v 0.02480060 0.01030227 0.00227361 0.43529412 0.89019608 0.96078431
v 0.02260129 0.00991781 0.00007583 0.43529412 0.89019608 0.96078431
v 0.02260129 0.00923082 -0.00146875 0.43529412 0.89019608 0.96078431
v 0.01160474 0.00971822 -0.00212556 0.43529412 0.89019608 0.96078431
v 0.01516645 0.00675597 -0.00544569 0.43529412 0.89019608 0.96078431
v 0.05129937 0.00626226 -0.00260373 0.43529412 0.89019608 0.96078431
v 0.01380405 0.00562989 -0.00614400 0.43529412 0.89019608 0.96078431
v 0.01160474 0.00562989 -0.00627031 0.43529412 0.89019608 0.96078431
v -0.00818906 0.00737153 -0.00595093 0.43529412 0.89019608 0.96078431
v -0.01038837 0.00742615 -0.00597799 0.43529412 0.89019608 0.96078431
v -0.04685215 0.00903963 -0.00112050 0.43529412 0.89019608 0.96078431
v -0.04698839 0.00507316 -0.00367375 0.43529412 0.89019608 0.96078431
v -0.04811724 0.00782952 -0.00068924 0.43529412 0.89019608 0.96078431
v -0.04811724 -0.00316652 0.00753168 0.43529412 0.89019608 0.96078431
v -0.04718303 -0.00316652 0.00791602 0.43529412 0.89019608 0.96078431
v -0.04553840 0.00343026 0.00828954 0.43529412 0.89019608 0.96078431
v -0.04546055 0.00562989 0.00817947 0.43529412 0.89019608 0.96078431
v -0.04338775 0.00562989 0.00871538 0.43529412 0.89019608 0.96078431
v -0.03600157 0.00480845 0.01005426 0.43529412 0.89019608 0.96078431
v -0.03459051 0.00614251 0.00980164 0.43529412 0.89019608 0.96078431
v -0.02922848 0.00675807 0.00998569 0.43529412 0.89019608 0.96078431
v -0.03459051 0.00504165 0.01010478 0.43529412 0.89019608 0.96078431
v -0.02579327 0.00343026 0.01070385 0.43529412 0.89019608 0.96078431
v -0.02799258 0.00343026 0.01061363 0.43529412 0.89019608 0.96078431
v -0.01918561 0.00343026 0.01083377 0.43529412 0.89019608 0.96078431
v -0.01698629 0.00343026 0.01086985 0.43529412 0.89019608 0.96078431
v -0.01038837 0.00343026 0.01081211 0.43529412 0.89019608 0.96078431
v 0.00060819 0.00343026 0.01067317 0.43529412 0.89019608 0.96078431
v 0.00279776 0.00343026 0.01064430 0.43529412 0.89019608 0.96078431
v 0.00940543 0.00343026 0.01040973 0.43529412 0.89019608 0.96078431
v 0.01160474 0.00489248 0.01008674 0.43529412 0.89019608 0.96078431
v 0.05129937 0.00343026 0.00840502 0.43529412 0.89019608 0.96078431
v 0.05129937 0.00352691 0.00838156 0.43529412 0.89019608 0.96078431
v 0.05129937 0.00601646 0.00695607 0.43529412 0.89019608 0.96078431
v 0.02699991 0.00941779 0.00612965 0.43529412 0.89019608 0.96078431
v 0.00826685 0.01112792 0.00556667 0.43529412 0.89019608 0.96078431
v -0.01698629 0.00744506 -0.00596175 0.43529412 0.89019608 0.96078431
v -0.01918561 0.00739044 -0.00591123 0.43529412 0.89019608 0.96078431
v -0.02579327 0.00714674 -0.00575424 0.43529412 0.89019608 0.96078431
v -0.03338381 0.00670975 -0.00541501 0.43529412 0.89019608 0.96078431
v -0.03459051 0.00660471 -0.00536269 0.43529412 0.89019608 0.96078431
v -0.02799258 0.00562989 -0.00637677 0.43529412 0.89019608 0.96078431
v -0.03678982 0.00640092 -0.00525803 0.43529412 0.89019608 0.96078431
v -0.04118844 0.00739884 -0.00387224 0.43529412 0.89019608 0.96078431
v -0.04338775 0.00721186 -0.00370082 0.43529412 0.89019608 0.96078431
v -0.04495452 0.00698497 -0.00348068 0.43529412 0.89019608 0.96078431
v 0.02699991 0.01010058 0.00447319 0.43529412 0.89019608 0.96078431
v 0.02699991 0.01011109 0.00227361 0.43529412 0.89019608 0.96078431
v 0.02480060 0.00972032 0.00007583 0.43529412 0.89019608 0.96078431
v 0.05129937 0.00691984 -0.00143266 0.43529412 0.89019608 0.96078431
v 0.01593524 0.00581477 -0.00590762 0.43529412 0.89019608 0.96078431
v 0.05129937 0.00522022 -0.00369540 0.43529412 0.89019608 0.96078431
v 0.01820266 0.00545762 -0.00591303 0.43529412 0.89019608 0.96078431
v 0.01600336 0.00343026 -0.00671600 0.43529412 0.89019608 0.96078431
v 0.01160474 0.00343026 -0.00695960 0.43529412 0.89019608 0.96078431
v 0.00940543 0.00343026 -0.00705703 0.43529412 0.89019608 0.96078431
v 0.00940543 0.00562989 -0.00633888 0.43529412 0.89019608 0.96078431
v -0.00818906 0.00562989 -0.00686577 0.43529412 0.89019608 0.96078431
v -0.01038837 0.00562989 -0.00687840 0.43529412 0.89019608 0.96078431
v -0.04642397 0.00653958 -0.00306566 0.43529412 0.89019608 0.96078431
v -0.04548975 0.00555426 -0.00431071 0.43529412 0.89019608 0.96078431
v -0.04455553 0.00457105 -0.00544569 0.43529412 0.89019608 0.96078431
v -0.04604444 0.00343026 -0.00512450 0.43529412 0.89019608 0.96078431
v -0.04717329 0.00343026 -0.00402381 0.43529412 0.89019608 0.96078431
v -0.04811724 0.00747447 -0.00084803 0.43529412 0.89019608 0.96078431
v -0.04811724 -0.00530523 0.00732056 0.43529412 0.89019608 0.96078431
v -0.04717329 -0.00451739 0.00787452 0.43529412 0.89019608 0.96078431
v -0.04338775 -0.00096689 0.00903296 0.43529412 0.89019608 0.96078431
v -0.04338775 0.00123274 0.00907626 0.43529412 0.89019608 0.96078431
v -0.04338775 0.00343026 0.00896439 0.43529412 0.89019608 0.96078431
v -0.03898913 -0.00096689 0.00974390 0.43529412 0.89019608 0.96078431
v -0.03607942 0.00343026 0.01005426 0.43529412 0.89019608 0.96078431
v -0.04118844 0.00123274 0.00940647 0.43529412 0.89019608 0.96078431
v -0.02579327 0.00123274 0.01070024 0.43529412 0.89019608 0.96078431
v -0.02359396 0.00123274 0.01078866 0.43529412 0.89019608 0.96078431
v -0.01918561 0.00123274 0.01092399 0.43529412 0.89019608 0.96078431
v -0.03594319 -0.00215810 0.00999110 0.43529412 0.89019608 0.96078431
v -0.01698629 0.00123274 0.01094564 0.43529412 0.89019608 0.96078431
v 0.00060819 0.00123274 0.01084279 0.43529412 0.89019608 0.96078431
v 0.00279776 0.00123274 0.01080670 0.43529412 0.89019608 0.96078431
v 0.00940543 0.00123274 0.01057754 0.43529412 0.89019608 0.96078431
v 0.05129937 0.00134198 0.00859268 0.43529412 0.89019608 0.96078431
v 0.05129937 0.00696396 0.00590771 0.43529412 0.89019608 0.96078431
v -0.01698629 0.00562989 -0.00681163 0.43529412 0.89019608 0.96078431
v -0.02579327 0.00562989 -0.00650308 0.43529412 0.89019608 0.96078431
v -0.02799258 0.00343026 -0.00687659 0.43529412 0.89019608 0.96078431
v -0.04338775 0.00577486 -0.00479971 0.43529412 0.89019608 0.96078431
v 0.05129937 0.00742615 0.00447319 0.43529412 0.89019608 0.96078431
v 0.04680343 0.00814045 0.00227361 0.43529412 0.89019608 0.96078431
v 0.05129937 0.00731270 -0.00001078 0.43529412 0.89019608 0.96078431
v 0.05129937 0.00343026 -0.00426199 0.43529412 0.89019608 0.96078431
v 0.01600336 0.00123274 -0.00690546 0.43529412 0.89019608 0.96078431
v 0.01160474 0.00123274 -0.00716530 0.43529412 0.89019608 0.96078431
v 0.00940543 0.00123274 -0.00728078 0.43529412 0.89019608 0.96078431
v 0.00279776 0.00123274 -0.00748107 0.43529412 0.89019608 0.96078431
v 0.00279776 0.00343026 -0.00724108 0.43529412 0.89019608 0.96078431
v -0.00598975 0.00343026 -0.00730063 0.43529412 0.89019608 0.96078431
v -0.00818906 0.00343026 -0.00730965 0.43529412 0.89019608 0.96078431
v -0.04338775 0.00343026 -0.00576507 0.43529412 0.89019608 0.96078431
v -0.04494479 0.00343026 -0.00557741 0.43529412 0.89019608 0.96078431
v -0.04609310 0.00123274 -0.00514796 0.43529412 0.89019608 0.96078431
v -0.04719276 0.00123274 -0.00404727 0.43529412 0.89019608 0.96078431
v -0.04811724 0.00451432 -0.00101224 0.43529412 0.89019608 0.96078431
v -0.04811724 -0.00548800 0.00721771 0.43529412 0.89019608 0.96078431
v -0.04558707 -0.00592919 0.00743424 0.43529412 0.89019608 0.96078431
v -0.04220051 -0.00645021 0.00775904 0.43529412 0.89019608 0.96078431
v -0.04558707 -0.00482832 0.00803692 0.43529412 0.89019608 0.96078431
v -0.04118844 -0.00316652 0.00921881 0.43529412 0.89019608 0.96078431
v -0.04338775 -0.00316652 0.00883988 0.43529412 0.89019608 0.96078431
v -0.04558707 -0.00316652 0.00835089 0.43529412 0.89019608 0.96078431
v -0.04118844 -0.00096689 0.00943895 0.43529412 0.89019608 0.96078431
v -0.03898913 -0.00316652 0.00951474 0.43529412 0.89019608 0.96078431
v -0.02579327 -0.00096689 0.01061904 0.43529412 0.89019608 0.96078431
v -0.02359396 -0.00096689 0.01074354 0.43529412 0.89019608 0.96078431
v -0.02138492 -0.00096689 0.01084279 0.43529412 0.89019608 0.96078431
v -0.01918561 -0.00096689 0.01091496 0.43529412 0.89019608 0.96078431
v -0.03305294 -0.00415184 0.00995501 0.43529412 0.89019608 0.96078431
v -0.03459051 -0.00259928 0.01004524 0.43529412 0.89019608 0.96078431
v -0.01698629 -0.00096689 0.01093481 0.43529412 0.89019608 0.96078431
v 0.00060819 -0.00096689 0.01088970 0.43529412 0.89019608 0.96078431
v 0.00279776 -0.00096689 0.01086444 0.43529412 0.89019608 0.96078431
v 0.00940543 -0.00096689 0.01067498 0.43529412 0.89019608 0.96078431
v 0.05129937 0.00123274 0.00859809 0.43529412 0.89019608 0.96078431
v -0.01698629 0.00343026 -0.00717973 0.43529412 0.89019608 0.96078431
v -0.02579327 0.00343026 -0.00698125 0.43529412 0.89019608 0.96078431
v -0.02579327 0.00123274 -0.00699207 0.43529412 0.89019608 0.96078431
v -0.02799258 0.00123274 -0.00686396 0.43529412 0.89019608 0.96078431
v -0.04338775 0.00123274 -0.00577770 0.43529412 0.89019608 0.96078431
v 0.05129937 0.00762994 0.00227361 0.43529412 0.89019608 0.96078431
v 0.04900274 0.00789675 0.00227361 0.43529412 0.89019608 0.96078431
v 0.05129937 0.00761943 0.00217617 0.43529412 0.89019608 0.96078431
v 0.05129937 0.00123274 -0.00430349 0.43529412 0.89019608 0.96078431
v 0.01600336 -0.00096689 -0.00688742 0.43529412 0.89019608 0.96078431
v 0.01380405 -0.00096689 -0.00702816 0.43529412 0.89019608 0.96078431
v 0.01160474 -0.00096689 -0.00713823 0.43529412 0.89019608 0.96078431
v 0.00940543 -0.00096689 -0.00722845 0.43529412 0.89019608 0.96078431
v 0.00279776 -0.00096689 -0.00737461 0.43529412 0.89019608 0.96078431
v 0.00060819 0.00123274 -0.00748829 0.43529412 0.89019608 0.96078431
v -0.04499344 0.00123274 -0.00559365 0.43529412 0.89019608 0.96078431
v -0.04701759 -0.00056142 -0.00370443 0.43529412 0.89019608 0.96078431
v -0.04462365 0.00001632 -0.00546554 0.43529412 0.89019608 0.96078431
v -0.04563572 -0.00100471 -0.00444243 0.43529412 0.89019608 0.96078431
v -0.04811724 -0.00535565 -0.00033558 0.43529412 0.89019608 0.96078431
v -0.04811724 -0.00316652 -0.00084262 0.43529412 0.89019608 0.96078431
v -0.04811724 -0.00695862 0.00619461 0.43529412 0.89019608 0.96078431
v -0.04074079 -0.00655105 0.00784926 0.43529412 0.89019608 0.96078431
v -0.03898913 -0.00536825 0.00868110 0.43529412 0.89019608 0.96078431
v -0.04135388 -0.00557834 0.00831841 0.43529412 0.89019608 0.96078431
v -0.04338775 -0.00517917 0.00823540 0.43529412 0.89019608 0.96078431
v -0.02138492 -0.00316652 0.01061363 0.43529412 0.89019608 0.96078431
v -0.03235228 -0.00331779 0.01009035 0.43529412 0.89019608 0.96078431
v -0.01918561 -0.00316652 0.01068219 0.43529412 0.89019608 0.96078431
v -0.01698629 -0.00316652 0.01071287 0.43529412 0.89019608 0.96078431
v -0.03159322 -0.00428630 0.00998388 0.43529412 0.89019608 0.96078431
v -0.01478699 -0.00316652 0.01070746 0.43529412 0.89019608 0.96078431
v 0.00060819 -0.00316652 0.01059739 0.43529412 0.89019608 0.96078431
v 0.00279776 -0.00316652 0.01055228 0.43529412 0.89019608 0.96078431
v 0.00940543 -0.00316652 0.01041334 0.43529412 0.89019608 0.96078431
v 0.01600336 -0.00267071 0.01013906 0.43529412 0.89019608 0.96078431
v 0.05129937 -0.00096689 0.00848080 0.43529412 0.89019608 0.96078431
v -0.01698629 0.00123274 -0.00717252 0.43529412 0.89019608 0.96078431
v -0.02359396 0.00123274 -0.00705343 0.43529412 0.89019608 0.96078431
v -0.02359396 -0.00096689 -0.00685674 0.43529412 0.89019608 0.96078431
v -0.02579327 -0.00096689 -0.00677555 0.43529412 0.89019608 0.96078431
v -0.02799258 -0.00096689 -0.00660773 0.43529412 0.89019608 0.96078431
v 0.05129937 0.00111509 -0.00428364 0.43529412 0.89019608 0.96078431
v 0.01380405 -0.00316652 -0.00623602 0.43529412 0.89019608 0.96078431
v 0.05129937 -0.00096689 -0.00388667 0.43529412 0.89019608 0.96078431
v 0.05129937 -0.00105933 -0.00385600 0.43529412 0.89019608 0.96078431
v 0.05129937 -0.00227575 -0.00339768 0.43529412 0.89019608 0.96078431
v 0.01160474 -0.00316652 -0.00633888 0.43529412 0.89019608 0.96078431
v 0.00719638 -0.00316652 -0.00651751 0.43529412 0.89019608 0.96078431
v 0.00499707 -0.00316652 -0.00659510 0.43529412 0.89019608 0.96078431
v 0.00279776 -0.00316652 -0.00665465 0.43529412 0.89019608 0.96078431
v 0.00060819 -0.00316652 -0.00671059 0.43529412 0.89019608 0.96078431
v 0.00060819 -0.00096689 -0.00738183 0.43529412 0.89019608 0.96078431
v -0.04665752 -0.00202784 -0.00319017 0.43529412 0.89019608 0.96078431
v -0.03956328 -0.00188708 -0.00538434 0.43529412 0.89019608 0.96078431
v -0.04118844 -0.00158245 -0.00529592 0.43529412 0.89019608 0.96078431
v -0.04338775 -0.00125471 -0.00514435 0.43529412 0.89019608 0.96078431
v -0.04518808 -0.00264970 -0.00371345 0.43529412 0.89019608 0.96078431
v -0.04811724 -0.00686408 0.00067850 0.43529412 0.89019608 0.96078431
v -0.04135388 -0.00717502 0.00688570 0.43529412 0.89019608 0.96078431
v -0.04811724 -0.00767293 0.00447319 0.43529412 0.89019608 0.96078431
v -0.04558707 -0.00791033 0.00447319 0.43529412 0.89019608 0.96078431
v -0.04338775 -0.00811201 0.00447319 0.43529412 0.89019608 0.96078431
v -0.03898913 -0.00753427 0.00667278 0.43529412 0.89019608 0.96078431
v -0.03898913 -0.00663509 0.00792865 0.43529412 0.89019608 0.96078431
v -0.02138492 -0.00483253 0.01019500 0.43529412 0.89019608 0.96078431
v -0.01918561 -0.00492286 0.01022568 0.43529412 0.89019608 0.96078431
v -0.01698629 -0.00497539 0.01024192 0.43529412 0.89019608 0.96078431
v -0.01478699 -0.00502581 0.01025274 0.43529412 0.89019608 0.96078431
v -0.02138492 -0.00593129 0.00970781 0.43529412 0.89019608 0.96078431
v 0.00060819 -0.00461403 0.01015170 0.43529412 0.89019608 0.96078431
v 0.00940543 -0.00440394 0.01005787 0.43529412 0.89019608 0.96078431
v -0.01258767 -0.00497539 0.01024192 0.43529412 0.89019608 0.96078431
v 0.01102085 -0.00433672 0.01001817 0.43529412 0.89019608 0.96078431
v 0.01169232 -0.00334720 0.01023650 0.43529412 0.89019608 0.96078431
v 0.05129937 -0.00250684 0.00808383 0.43529412 0.89019608 0.96078431
v -0.02138492 -0.00316652 -0.00614400 0.43529412 0.89019608 0.96078431
v -0.02579327 -0.00304887 -0.00601769 0.43529412 0.89019608 0.96078431
v -0.03809384 -0.00210137 -0.00544028 0.43529412 0.89019608 0.96078431
v 0.01580873 -0.00332199 -0.00597799 0.43529412 0.89019608 0.96078431
v 0.01494263 -0.00427369 -0.00543125 0.43529412 0.89019608 0.96078431
v 0.01380405 -0.00431781 -0.00547997 0.43529412 0.89019608 0.96078431
v 0.05129937 -0.00342283 -0.00215624 0.43529412 0.89019608 0.96078431
v 0.00499707 -0.00453630 -0.00571635 0.43529412 0.89019608 0.96078431
v 0.00060819 -0.00463924 -0.00580657 0.43529412 0.89019608 0.96078431
v -0.02138492 -0.00437453 -0.00550343 0.43529412 0.89019608 0.96078431
v -0.04118844 -0.00316652 -0.00446589 0.43529412 0.89019608 0.96078431
v -0.03889182 -0.00296694 -0.00488091 0.43529412 0.89019608 0.96078431
v -0.04335856 -0.00329678 -0.00394080 0.43529412 0.89019608 0.96078431
v -0.04406896 -0.00411612 -0.00307829 0.43529412 0.89019608 0.96078431
v -0.04811724 -0.00758049 0.00227361 0.43529412 0.89019608 0.96078431
v -0.04259950 -0.00439134 -0.00332730 0.43529412 0.89019608 0.96078431
v -0.04426358 -0.00640609 -0.00096171 0.43529412 0.89019608 0.96078431
v -0.04280387 -0.00657416 -0.00116020 0.43529412 0.89019608 0.96078431
v -0.04347533 -0.00717712 -0.00010642 0.43529412 0.89019608 0.96078431
v -0.04558707 -0.00707837 0.00034469 0.43529412 0.89019608 0.96078431
v -0.04338775 -0.00820025 0.00227361 0.43529412 0.89019608 0.96078431
v -0.04811724 -0.00766032 0.00415020 0.43529412 0.89019608 0.96078431
v -0.04118844 -0.00826958 0.00447319 0.43529412 0.89019608 0.96078431
v -0.02138492 -0.00841244 0.00696509 0.43529412 0.89019608 0.96078431
v -0.02138492 -0.00731157 0.00860892 0.43529412 0.89019608 0.96078431
v -0.01918561 -0.00602373 0.00976014 0.43529412 0.89019608 0.96078431
v -0.01478699 -0.00612667 0.00981246 0.43529412 0.89019608 0.96078431
v 0.00060819 -0.00571490 0.00947684 0.43529412 0.89019608 0.96078431
v 0.00719638 -0.00554683 0.00926031 0.43529412 0.89019608 0.96078431
v -0.01258767 -0.00607625 0.00977999 0.43529412 0.89019608 0.96078431
v 0.00940543 -0.00550271 0.00916648 0.43529412 0.89019608 0.96078431
v 0.01692785 -0.00645651 0.00775543 0.43529412 0.89019608 0.96078431
v 0.05129937 -0.00355309 0.00721050 0.43529412 0.89019608 0.96078431
v -0.02370101 -0.00337451 -0.00596536 0.43529412 0.89019608 0.96078431
v -0.02304899 -0.00433251 -0.00547276 0.43529412 0.89019608 0.96078431
v -0.02451845 -0.00424638 -0.00540960 0.43529412 0.89019608 0.96078431
v 0.01380405 -0.00508043 -0.00432515 0.43529412 0.89019608 0.96078431
v 0.05129937 -0.00433672 -0.00110607 0.43529412 0.89019608 0.96078431
v 0.02380799 -0.00647542 -0.00103750 0.43529412 0.89019608 0.96078431
v 0.00719638 -0.00634727 -0.00303860 0.43529412 0.89019608 0.96078431
v 0.00719638 -0.00546069 -0.00432515 0.43529412 0.89019608 0.96078431
v 0.00499707 -0.00555523 -0.00432515 0.43529412 0.89019608 0.96078431
v 0.00067630 -0.00587457 -0.00413929 0.43529412 0.89019608 0.96078431
v -0.01478699 -0.00665189 -0.00348609 0.43529412 0.89019608 0.96078431
v -0.01478699 -0.00556363 -0.00458679 0.43529412 0.89019608 0.96078431
v -0.02138492 -0.00547330 -0.00447852 0.43529412 0.89019608 0.96078431
v -0.03898913 -0.00483042 -0.00367556 0.43529412 0.89019608 0.96078431
v -0.04118844 -0.00460563 -0.00349511 0.43529412 0.89019608 0.96078431
v -0.04118844 -0.00758469 0.00007583 0.43529412 0.89019608 0.96078431
v -0.04118844 -0.00570439 -0.00244675 0.43529412 0.89019608 0.96078431
v -0.03898913 -0.00593129 -0.00264162 0.43529412 0.89019608 0.96078431
v -0.04118844 -0.00670021 -0.00134786 0.43529412 0.89019608 0.96078431
v -0.03898913 -0.00774856 0.00007583 0.43529412 0.89019608 0.96078431
v -0.03678982 -0.00789352 0.00007583 0.43529412 0.89019608 0.96078431
v -0.04118844 -0.00833261 0.00227361 0.43529412 0.89019608 0.96078431
v -0.03898913 -0.00839143 0.00447319 0.43529412 0.89019608 0.96078431
v -0.02138492 -0.00874018 0.00586440 0.43529412 0.89019608 0.96078431
v -0.01918561 -0.00843975 0.00703366 0.43529412 0.89019608 0.96078431
v -0.01918561 -0.00734099 0.00865944 0.43529412 0.89019608 0.96078431
v -0.01698629 -0.00734519 0.00868290 0.43529412 0.89019608 0.96078431
v -0.01478699 -0.00734309 0.00871177 0.43529412 0.89019608 0.96078431
v -0.01258767 -0.00731788 0.00867929 0.43529412 0.89019608 0.96078431
v -0.00159113 -0.00710779 0.00842848 0.43529412 0.89019608 0.96078431
v 0.00060819 -0.00704476 0.00837615 0.43529412 0.89019608 0.96078431
v 0.00719638 -0.00681576 0.00815962 0.43529412 0.89019608 0.96078431
v 0.00719638 -0.00773175 0.00667278 0.43529412 0.89019608 0.96078431
v 0.02919922 -0.00660357 0.00580305 0.43529412 0.89019608 0.96078431
v 0.05129937 -0.00466446 0.00606469 0.43529412 0.89019608 0.96078431
v -0.02359396 -0.00657206 -0.00335437 0.43529412 0.89019608 0.96078431
v -0.02370101 -0.00518548 -0.00463911 0.43529412 0.89019608 0.96078431
v -0.03678982 -0.00604474 -0.00276793 0.43529412 0.89019608 0.96078431
v -0.03678982 -0.00494597 -0.00376758 0.43529412 0.89019608 0.96078431
v 0.00719638 -0.00704686 -0.00193790 0.43529412 0.89019608 0.96078431
v 0.05129937 -0.00489975 0.00007583 0.43529412 0.89019608 0.96078431
v 0.01600336 -0.00756788 0.00007583 0.43529412 0.89019608 0.96078431
v -0.00001463 -0.00650273 -0.00328400 0.43529412 0.89019608 0.96078431
v -0.00818906 -0.00739561 -0.00212556 0.43529412 0.89019608 0.96078431
v -0.01478699 -0.00751746 -0.00212556 0.43529412 0.89019608 0.96078431
v -0.02359396 -0.00740821 -0.00212556 0.43529412 0.89019608 0.96078431
v -0.03898913 -0.00682417 -0.00154273 0.43529412 0.89019608 0.96078431
v -0.03678982 -0.00692291 -0.00166724 0.43529412 0.89019608 0.96078431
v -0.03459051 -0.00700064 -0.00175746 0.43529412 0.89019608 0.96078431
v -0.03459051 -0.00800697 0.00007583 0.43529412 0.89019608 0.96078431
v -0.02903384 -0.00866455 0.00120720 0.43529412 0.89019608 0.96078431
v -0.03678982 -0.00850488 0.00227361 0.43529412 0.89019608 0.96078431
v -0.03196302 -0.00868135 0.00348979 0.43529412 0.89019608 0.96078431
v -0.03678982 -0.00846286 0.00447319 0.43529412 0.89019608 0.96078431
v -0.02138492 -0.00895237 0.00447319 0.43529412 0.89019608 0.96078431
v -0.01918561 -0.00898808 0.00447319 0.43529412 0.89019608 0.96078431
v -0.01918561 -0.00875698 0.00593477 0.43529412 0.89019608 0.96078431
v -0.01698629 -0.00844605 0.00703547 0.43529412 0.89019608 0.96078431
v -0.01478699 -0.00844395 0.00701923 0.43529412 0.89019608 0.96078431
v -0.00159113 -0.00815193 0.00667278 0.43529412 0.89019608 0.96078431
v 0.00060819 -0.00806159 0.00667278 0.43529412 0.89019608 0.96078431
v -0.01258767 -0.00841874 0.00693442 0.43529412 0.89019608 0.96078431
v 0.00940543 -0.00835361 0.00447319 0.43529412 0.89019608 0.96078431
v 0.01600336 -0.00792923 0.00447319 0.43529412 0.89019608 0.96078431
v 0.03085357 -0.00653424 0.00568215 0.43529412 0.89019608 0.96078431
v 0.05129937 -0.00527581 0.00459048 0.43529412 0.89019608 0.96078431
v -0.02518992 -0.00652164 -0.00328941 0.43529412 0.89019608 0.96078431
v 0.00940543 -0.00793974 0.00007583 0.43529412 0.89019608 0.96078431
v 0.00719638 -0.00805109 0.00007583 0.43529412 0.89019608 0.96078431
v -0.00598975 -0.00837042 -0.00017859 0.43529412 0.89019608 0.96078431
v -0.00159113 -0.00723384 -0.00212556 0.43529412 0.89019608 0.96078431
v 0.05129937 -0.00550271 0.00227361 0.43529412 0.89019608 0.96078431
v 0.03519380 -0.00649643 0.00112059 0.43529412 0.89019608 0.96078431
v 0.01600336 -0.00821706 0.00227361 0.43529412 0.89019608 0.96078431
v -0.00598975 -0.00734729 -0.00212556 0.43529412 0.89019608 0.96078431
v -0.00818906 -0.00839143 -0.00025618 0.43529412 0.89019608 0.96078431
v -0.01478699 -0.00843135 -0.00039332 0.43529412 0.89019608 0.96078431
v -0.02138492 -0.00841244 -0.00031393 0.43529412 0.89019608 0.96078431
v -0.02359396 -0.00840193 -0.00021288 0.43529412 0.89019608 0.96078431
v -0.02579327 -0.00836202 -0.00010100 0.43529412 0.89019608 0.96078431
v -0.02587112 -0.00713720 -0.00232405 0.43529412 0.89019608 0.96078431
v -0.02817748 -0.00837042 0.00024003 0.43529412 0.89019608 0.96078431
v -0.02756440 -0.00869396 0.00108269 0.43529412 0.89019608 0.96078431
v -0.02138492 -0.00900069 0.00227361 0.43529412 0.89019608 0.96078431
v -0.03196302 -0.00868135 0.00321551 0.43529412 0.89019608 0.96078431
v -0.01918561 -0.00903640 0.00227361 0.43529412 0.89019608 0.96078431
v -0.01698629 -0.00905111 0.00227361 0.43529412 0.89019608 0.96078431
v -0.01478699 -0.00905951 0.00227361 0.43529412 0.89019608 0.96078431
v -0.01698629 -0.00899228 0.00447319 0.43529412 0.89019608 0.96078431
v -0.01698629 -0.00875488 0.00593658 0.43529412 0.89019608 0.96078431
v -0.01478699 -0.00875068 0.00591853 0.43529412 0.89019608 0.96078431
v -0.01258767 -0.00872967 0.00583372 0.43529412 0.89019608 0.96078431
v -0.00681692 -0.00867505 0.00560456 0.43529412 0.89019608 0.96078431
v -0.00159113 -0.00861202 0.00517331 0.43529412 0.89019608 0.96078431
v -0.00818906 -0.00833891 0.00675217 0.43529412 0.89019608 0.96078431
v 0.00719638 -0.00845656 0.00447319 0.43529412 0.89019608 0.96078431
v 0.02260129 -0.00746914 0.00447319 0.43529412 0.89019608 0.96078431
v 0.02480060 -0.00730737 0.00447319 0.43529412 0.89019608 0.96078431
v 0.05129937 -0.00531573 0.00447319 0.43529412 0.89019608 0.96078431
v -0.00051093 -0.00866665 0.00118013 0.43529412 0.89019608 0.96078431
v -0.00598975 -0.00874438 0.00092030 0.43529412 0.89019608 0.96078431
v -0.00818906 -0.00876959 0.00084271 0.43529412 0.89019608 0.96078431
v 0.05129937 -0.00549851 0.00240714 0.43529412 0.89019608 0.96078431
v 0.00400446 -0.00866875 0.00338693 0.43529412 0.89019608 0.96078431
v 0.00940543 -0.00847547 0.00227361 0.43529412 0.89019608 0.96078431
v -0.01478699 -0.00882211 0.00070737 0.43529412 0.89019608 0.96078431
v -0.02138492 -0.00878850 0.00078677 0.43529412 0.89019608 0.96078431
v -0.01698629 -0.00881371 0.00072903 0.43529412 0.89019608 0.96078431
v -0.01918561 -0.00880320 0.00075790 0.43529412 0.89019608 0.96078431
v -0.00818906 -0.00895237 0.00227361 0.43529412 0.89019608 0.96078431
v -0.01478699 -0.00898808 0.00447319 0.43529412 0.89019608 0.96078431
v -0.00818906 -0.00887043 0.00447319 0.43529412 0.89019608 0.96078431
v -0.00604814 -0.00879690 0.00463559 0.43529412 0.89019608 0.96078431
v -0.00159113 -0.00876329 0.00407261 0.43529412 0.89019608 0.96078431
v 0.00060819 -0.00858471 0.00492791 0.43529412 0.89019608 0.96078431
v 0.00060819 -0.00872757 0.00382721 0.43529412 0.89019608 0.96078431
v 0.00719638 -0.00854269 0.00227361 0.43529412 0.89019608 0.96078431
v -0.00598975 -0.00890194 0.00227361 0.43529412 0.89019608 0.96078431
v 0.00400446 -0.00866875 0.00335265 0.43529412 0.89019608 0.96078431
f 1000 1001 1002
f 1000 1002 1003
f 1000 1003 1004
f 1000 1004 1005
f 1000 1005 1006
f 1000 1006 1007
f 1000 1007 1008
f 1000 1008 1009
f 1000 1009 1001
f 1001 1010 1002
f 1001 1009 1010
f 1002 1010 1003
f 1003 1010 1011
f 1003 1011 1012
f 1003 1012 1004
f 1004 1012 1013
f 1004 1013 1005
f 1005 1014 1006
f 1005 1013 1015
f 1005 1015 1016
f 1005 1016 1036
f 1005 1036 1017
f 1005 1017 1014
f 1006 1014 1007
f 1007 1014 1018
f 1007 1018 1019
f 1007 1019 1020
f 1007 1020 1008
f 1008 1020 1021
f 1008 1021 1009
f 1009 1021 1022
f 1009 1022 1010
f 1010 1022 1023
f 1010 1023 1024
f 1010 1024 1011
f 1011 1024 1025
f 1011 1025 1026
f 1011 1026 1027
f 1011 1027 1028
f 1011 1028 1029
f 1011 1029 1012
f 1012 1029 1013
f 1013 1029 1015
f 1014 1030 1031
f 1014 1031 1018
f 1014 1017 1032
f 1014 1032 1030
f 1015 1029 1028
f 1015 1028 1033
f 1015 1033 1034
f 1015 1034 1035
f 1015 1035 1016
f 1016 1035 1036
f 1017 1036 1037
f 1017 1037 1032
f 1018 1031 1038
f 1018 1038 1019
f 1019 1038 1039
f 1019 1039 1040
f 1019 1040 1041
f 1019 1041 1042
f 1019 1042 1020
f 1020 1042 1021
f 1021 1042 1043
f 1021 1043 1044
f 1021 1044 1045
f 1021 1045 1046
f 1021 1046 1047
f 1021 1047 1022
f 1022 1047 1048
f 1022 1048 1049
f 1022 1049 1023
f 1023 1050 1024
f 1023 1049 1050
f 1024 1050 1051
f 1024 1051 1025
f 1025 1051 1052
f 1025 1052 1026
f 1026 1052 1051
f 1026 1051 1053
f 1026 1053 1027
f 1027 1053 1054
f 1027 1054 1055
f 1027 1055 1033
f 1027 1033 1028
f 1030 1056 1057
f 1030 1057 1058
f 1030 1058 1059
f 1030 1059 1031
f 1030 1032 1056
f 1031 1059 1058
f 1031 1058 1060
f 1031 1060 1061
f 1031 1061 1062
f 1031 1062 1038
f 1032 1063 1056
f 1032 1037 1063
f 1033 1055 1034
f 1034 1055 1064
f 1034 1064 1035
f 1035 1064 1065
f 1035 1065 1036
f 1036 1065 1066
f 1036 1066 1067
f 1036 1067 1037
f 1037 1068 1063
f 1037 1067 1069
f 1037 1069 1070
f 1037 1070 1071
f 1037 1071 1072
f 1037 1072 1068
f 1038 1062 1039
f 1039 1062 1073
f 1039 1073 1074
f 1039 1074 1040
f 1040 1074 1041
f 1041 1074 1075
f 1041 1075 1076
f 1041 1076 1077
f 1041 1077 1078
f 1041 1078 1042
f 1042 1078 1079
f 1042 1079 1080
f 1042 1080 1081
f 1042 1081 1043
f 1043 1081 1082
f 1043 1082 1083
f 1043 1083 1084
f 1043 1084 1044
f 1044 1084 1085
f 1044 1085 1086
f 1044 1086 1087
f 1044 1087 1088
f 1044 1088 1045
f 1045 1088 1089
f 1045 1089 1048
f 1045 1048 1046
f 1046 1048 1047
f 1048 1090 1091
f 1048 1091 1049
f 1048 1089 1090
f 1049 1091 1092
f 1049 1092 1050
f 1050 1092 1093
f 1050 1093 1094
f 1050 1094 1095
f 1050 1095 1051
f 1051 1095 1096
f 1051 1096 1097
f 1051 1097 1098
f 1051 1098 1053
f 1053 1099 1100
f 1053 1100 1101
f 1053 1101 1054
f 1053 1098 1099
f 1054 1101 1055
f 1055 1101 1102
f 1055 1102 1064
f 1056 1103 1104
f 1056 1104 1057
f 1056 1063 1105
f 1056 1105 1103
f 1057 1104 1058
f 1058 1106 1060
f 1058 1104 1106
f 1060 1106 1107
f 1060 1107 1108
f 1060 1108 1109
f 1060 1109 1061
f 1061 1109 1062
f 1062 1109 1110
f 1062 1110 1111
f 1062 1111 1073
f 1063 1068 1112
f 1063 1112 1105
f 1064 1102 1113
f 1064 1113 1065
f 1065 1113 1114
f 1065 1114 1066
f 1066 1115 1116
f 1066 1116 1067
f 1066 1114 1117
f 1066 1117 1118
f 1066 1118 1119
f 1066 1119 1120
f 1066 1120 1121
f 1066 1121 1122
f 1066 1122 1123
f 1066 1123 1115
f 1067 1116 1124
f 1067 1124 1069
f 1068 1072 1125
f 1068 1125 1112
f 1069 1124 1126
f 1069 1126 1071
f 1069 1071 1070
f 1071 1126 1072
f 1072 1126 1127
f 1072 1127 1128
f 1072 1128 1129
f 1072 1129 1130
f 1072 1130 1131
f 1072 1131 1125
f 1073 1132 1074
f 1073 1111 1132
f 1074 1132 1075
f 1075 1132 1076
f 1076 1133 1192
f 1076 1192 1244
f 1076 1244 1282
f 1076 1282 1323
f 1076 1323 1322
f 1076 1322 1361
f 1076 1361 1393
f 1076 1393 1400
f 1076 1400 1363
f 1076 1363 1324
f 1076 1324 1283
f 1076 1283 1245
f 1076 1245 1193
f 1076 1193 1137
f 1076 1137 1084
f 1076 1084 1136
f 1076 1136 1135
f 1076 1135 1134
f 1076 1134 1079
f 1076 1079 1078
f 1076 1078 1077
f 1076 1132 1133
f 1079 1134 1080
f 1080 1082 1081
f 1080 1134 1135
f 1080 1135 1082
f 1082 1135 1136
f 1082 1136 1084
f 1082 1084 1083
f 1084 1137 1138
f 1084 1138 1139
f 1084 1139 1140
f 1084 1140 1085
f 1085 1140 1141
f 1085 1141 1142
f 1085 1142 1143
f 1085 1143 1086
f 1086 1143 1087
f 1087 1143 1088
f 1088 1143 1090
f 1088 1090 1089
f 1090 1093 1091
f 1090 1143 1144
f 1090 1144 1093
f 1091 1093 1092
f 1093 1145 1094
f 1093 1144 1146
f 1093 1146 1145
f 1094 1147 1148
f 1094 1148 1095
f 1094 1145 1147
f 1095 1148 1149
f 1095 1149 1096
f 1096 1149 1150
f 1096 1150 1097
f 1097 1150 1151
f 1097 1151 1152
f 1097 1152 1153
f 1097 1153 1154
f 1097 1154 1155
f 1097 1155 1099
f 1097 1099 1098
f 1099 1155 1100
f 1100 1155 1154
f 1100 1154 1153
f 1100 1153 1156
f 1100 1156 1157
f 1100 1157 1158
f 1100 1158 1159
f 1100 1159 1101
f 1101 1159 1158
f 1101 1158 1160
f 1101 1160 1102
f 1102 1161 1162
f 1102 1162 1117
f 1102 1117 1114
f 1102 1114 1113
f 1102 1160 1158
f 1102 1158 1161
f 1103 1163 1164
f 1103 1164 1104
f 1103 1105 1165
f 1103 1165 1163
f 1104 1164 1106
f 1105 1112 1131
f 1105 1131 1165
f 1106 1166 1107
f 1106 1164 1166
f 1107 1166 1108
f 1108 1166 1167
f 1108 1167 1168
f 1108 1168 1109
f 1109 1169 1170
f 1109 1170 1110
f 1109 1168 1171
f 1109 1171 1169
f 1110 1170 1172
f 1110 1172 1173
f 1110 1173 1111
f 1111 1174 1175
f 1111 1175 1132
f 1111 1173 1176
f 1111 1176 1174
f 1112 1125 1131
f 1115 1124 1116
f 1115 1123 1177
f 1115 1177 1178
f 1115 1178 1124
f 1117 1162 1118
f 1118 1162 1179
f 1118 1179 1119
f 1119 1179 1180
f 1119 1180 1120
f 1120 1180 1121
f 1121 1180 1122
f 1122 1177 1123
f 1122 1180 1181
f 1122 1181 1177
f 1124 1178 1177
f 1124 1177 1182
f 1124 1182 1126
f 1126 1183 1127
f 1126 1182 1183
f 1127 1184 1129
f 1127 1129 1128
f 1127 1183 1185
f 1127 1185 1184
f 1129 1184 1186
f 1129 1186 1187
f 1129 1187 1130
f 1130 1187 1188
f 1130 1188 1131
f 1131 1188 1189
f 1131 1189 1165
f 1132 1175 1133
f 1133 1190 1191
f 1133 1191 1192
f 1133 1175 1190
f 1137 1193 1194
f 1137 1194 1195
f 1137 1195 1196
f 1137 1196 1139
f 1137 1139 1138
f 1139 1196 1197
f 1139 1197 1141
f 1139 1141 1140
f 1141 1197 1198
f 1141 1198 1199
f 1141 1199 1142
f 1142 1199 1143
f 1143 1199 1200
f 1143 1200 1144
f 1144 1200 1199
f 1144 1199 1201
f 1144 1201 1146
f 1145 1202 1147
f 1145 1146 1203
f 1145 1203 1202
f 1146 1201 1203
f 1147 1204 1205
f 1147 1205 1148
f 1147 1202 1204
f 1148 1205 1206
f 1148 1206 1207
f 1148 1207 1149
f 1149 1207 1208
f 1149 1208 1150
f 1150 1208 1151
f 1151 1209 1210
f 1151 1210 1211
f 1151 1211 1212
f 1151 1212 1156
f 1151 1156 1152
f 1151 1208 1209
f 1152 1156 1153
f 1156 1212 1211
f 1156 1211 1261
f 1156 1261 1302
f 1156 1302 1339
f 1156 1339 1378
f 1156 1378 1411
f 1156 1411 1446
f 1156 1446 1477
f 1156 1477 1510
f 1156 1510 1514
f 1156 1514 1483
f 1156 1483 1452
f 1156 1452 1416
f 1156 1416 1385
f 1156 1385 1349
f 1156 1349 1348
f 1156 1348 1347
f 1156 1347 1345
f 1156 1345 1311
f 1156 1311 1270
f 1156 1270 1231
f 1156 1231 1185
f 1156 1185 1229
f 1156 1229 1269
f 1156 1269 1310
f 1156 1310 1308
f 1156 1308 1267
f 1156 1267 1262
f 1156 1262 1213
f 1156 1213 1157
f 1157 1213 1158
f 1158 1213 1214
f 1158 1214 1215
f 1158 1215 1161
f 1161 1215 1162
f 1162 1215 1179
f 1163 1165 1189
f 1163 1189 1164
f 1164 1216 1166
f 1164 1189 1216
f 1166 1216 1217
f 1166 1217 1218
f 1166 1218 1167
f 1167 1218 1168
f 1168 1218 1171
f 1169 1219 1170
f 1169 1171 1219
f 1170 1219 1220
f 1170 1220 1172
f 1171 1218 1221
f 1171 1221 1219
f 1172 1220 1222
f 1172 1222 1223
f 1172 1223 1173
f 1173 1223 1176
f 1174 1223 1224
f 1174 1224 1175
f 1174 1176 1223
f 1175 1224 1225
f 1175 1225 1190
f 1177 1181 1182
f 1179 1214 1226
f 1179 1226 1227
f 1179 1227 1180
f 1179 1215 1214
f 1180 1227 1181
f 1181 1227 1228
f 1181 1228 1229
f 1181 1229 1182
f 1182 1229 1185
f 1182 1185 1183
f 1184 1230 1186
f 1184 1185 1231
f 1184 1231 1230
f 1186 1230 1231
f 1186 1231 1232
f 1186 1232 1233
f 1186 1233 1187
f 1187 1233 1234
f 1187 1234 1235
f 1187 1235 1236
f 1187 1236 1188
f 1188 1237 1189
f 1188 1236 1237
f 1189 1237 1238
f 1189 1238 1216
f 1190 1239 1191
f 1190 1225 1240
f 1190 1240 1239
f 1191 1239 1240
f 1191 1240 1241
f 1191 1241 1242
f 1191 1242 1243
f 1191 1243 1244
f 1191 1244 1192
f 1193 1245 1246
f 1193 1246 1194
f 1194 1246 1247
f 1194 1247 1248
f 1194 1248 1195
f 1195 1248 1249
f 1195 1249 1196
f 1196 1249 1197
f 1197 1249 1198
f 1198 1250 1251
f 1198 1251 1203
f 1198 1203 1201
f 1198 1201 1199
f 1198 1249 1248
f 1198 1248 1252
f 1198 1252 1250
f 1202 1253 1254
f 1202 1254 1255
f 1202 1255 1204
f 1202 1203 1253
f 1203 1251 1256
f 1203 1256 1253
f 1204 1255 1205
f 1205 1255 1257
f 1205 1257 1258
f 1205 1258 1206
f 1206 1258 1207
f 1207 1258 1208
f 1208 1258 1259
f 1208 1259 1260
f 1208 1260 1209
f 1209 1260 1261
f 1209 1261 1211
f 1209 1211 1210
f 1213 1262 1214
f 1214 1262 1226
f 1216 1263 1217
f 1216 1238 1263
f 1217 1263 1264
f 1217 1264 1218
f 1218 1264 1221
f 1219 1221 1220
f 1220 1221 1241
f 1220 1241 1222
f 1221 1265 1241
f 1221 1264 1265
f 1222 1241 1266
f 1222 1266 1223
f 1223 1266 1224
f 1224 1266 1241
f 1224 1241 1225
f 1225 1241 1240
f 1226 1262 1267
f 1226 1267 1268
f 1226 1268 1227
f 1227 1268 1269
f 1227 1269 1228
f 1228 1269 1229
f 1231 1270 1233
f 1231 1233 1232
f 1233 1271 1272
f 1233 1272 1234
f 1233 1270 1271
f 1234 1272 1273
f 1234 1273 1235
f 1235 1273 1274
f 1235 1274 1275
f 1235 1275 1237
f 1235 1237 1236
f 1237 1276 1238
f 1237 1275 1276
f 1238 1276 1277
f 1238 1277 1263
f 1241 1278 1279
f 1241 1279 1242
f 1241 1265 1278
f 1242 1280 1243
f 1242 1279 1280
f 1243 1280 1281
f 1243 1281 1282
f 1243 1282 1244
f 1245 1283 1284
f 1245 1284 1285
f 1245 1285 1286
f 1245 1286 1246
f 1246 1286 1287
f 1246 1287 1288
f 1246 1288 1289
f 1246 1289 1247
f 1247 1289 1288
f 1247 1288 1290
f 1247 1290 1248
f 1248 1290 1252
f 1250 1291 1256
f 1250 1256 1251
f 1250 1252 1290
f 1250 1290 1287
f 1250 1287 1291
f 1253 1292 1293
f 1253 1293 1294
f 1253 1294 1254
f 1253 1256 1292
f 1254 1294 1295
f 1254 1295 1255
f 1255 1295 1257
f 1256 1291 1296
f 1256 1296 1297
f 1256 1297 1293
f 1256 1293 1292
f 1257 1295 1298
f 1257 1298 1299
f 1257 1299 1258
f 1258 1299 1300
f 1258 1300 1259
f 1259 1300 1301
f 1259 1301 1260
f 1260 1301 1302
f 1260 1302 1261
f 1263 1303 1304
f 1263 1304 1264
f 1263 1277 1303
f 1264 1304 1265
f 1265 1304 1305
f 1265 1305 1306
f 1265 1306 1307
f 1265 1307 1278
f 1267 1308 1309
f 1267 1309 1268
f 1268 1309 1269
f 1269 1309 1310
f 1270 1311 1271
f 1271 1312 1313
f 1271 1313 1272
f 1271 1311 1312
f 1272 1313 1273
f 1273 1313 1314
f 1273 1314 1315
f 1273 1315 1274
f 1274 1315 1316
f 1274 1316 1355
f 1274 1355 1317
f 1274 1317 1277
f 1274 1277 1276
f 1274 1276 1275
f 1277 1317 1303
f 1278 1307 1318
f 1278 1318 1279
f 1279 1318 1280
f 1280 1319 1281
f 1280 1318 1320
f 1280 1320 1321
f 1280 1321 1319
f 1281 1319 1322
f 1281 1322 1323
f 1281 1323 1282
f 1283 1324 1284
f 1284 1324 1285
f 1285 1325 1296
f 1285 1296 1326
f 1285 1326 1327
f 1285 1327 1328
f 1285 1328 1286
f 1285 1324 1325
f 1286 1328 1287
f 1287 1290 1288
f 1287 1328 1291
f 1291 1328 1296
f 1293 1329 1294
f 1293 1297 1330
f 1293 1330 1329
f 1294 1329 1295
f 1295 1329 1331
f 1295 1331 1332
f 1295 1332 1298
f 1296 1330 1297
f 1296 1328 1327
f 1296 1327 1326
f 1296 1325 1333
f 1296 1333 1329
f 1296 1329 1330
f 1298 1332 1334
f 1298 1334 1299
f 1299 1335 1300
f 1299 1334 1335
f 1300 1335 1336
f 1300 1336 1337
f 1300 1337 1301
f 1301 1337 1338
f 1301 1338 1339
f 1301 1339 1302
f 1303 1340 1341
f 1303 1341 1304
f 1303 1317 1340
f 1304 1341 1305
f 1305 1341 1342
f 1305 1342 1343
f 1305 1343 1306
f 1306 1343 1307
f 1307 1320 1318
f 1307 1343 1344
f 1307 1344 1320
f 1308 1310 1309
f 1311 1345 1312
f 1312 1346 1313
f 1312 1345 1347
f 1312 1347 1348
f 1312 1348 1349
f 1312 1349 1346
f 1313 1346 1314
f 1314 1346 1350
f 1314 1350 1315
f 1315 1351 1352
f 1315 1352 1353
f 1315 1353 1354
f 1315 1354 1316
f 1315 1350 1351
f 1316 1354 1355
f 1317 1355 1340
f 1319 1321 1356
f 1319 1356 1322
f 1320 1357 1358
f 1320 1358 1359
f 1320 1359 1360
f 1320 1360 1321
f 1320 1344 1357
f 1321 1360 1322
f 1321 1322 1356
f 1322 1360 1361
f 1324 1362 1325
f 1324 1363 1364
f 1324 1364 1365
f 1324 1365 1366
f 1324 1366 1362
f 1325 1362 1366
f 1325 1366 1367
f 1325 1367 1333
f 1329 1368 1331
f 1329 1333 1368
f 1331 1369 1332
f 1331 1368 1369
f 1332 1369 1370
f 1332 1370 1371
f 1332 1371 1334
f 1333 1367 1372
f 1333 1372 1368
f 1334 1371 1335
f 1335 1373 1374
f 1335 1374 1336
f 1335 1371 1375
f 1335 1375 1373
f 1336 1374 1337
f 1337 1374 1376
f 1337 1376 1377
f 1337 1377 1339
f 1337 1339 1338
f 1339 1377 1378
f 1340 1355 1341
f 1341 1355 1342
f 1342 1379 1343
f 1342 1355 1354
f 1342 1354 1379
f 1343 1379 1380
f 1343 1380 1381
f 1343 1381 1344
f 1344 1381 1357
f 1346 1382 1383
f 1346 1383 1384
f 1346 1384 1350
f 1346 1349 1382
f 1349 1385 1383
f 1349 1383 1382
f 1350 1384 1386
f 1350 1386 1351
f 1351 1386 1387
f 1351 1387 1352
f 1352 1387 1353
f 1353 1387 1354
f 1354 1387 1388
f 1354 1388 1379
f 1357 1389 1359
f 1357 1359 1358
f 1357 1381 1390
f 1357 1390 1389
f 1359 1389 1391
f 1359 1391 1360
f 1360 1391 1392
f 1360 1392 1361
f 1361 1392 1394
f 1361 1394 1395
f 1361 1395 1396
f 1361 1396 1397
f 1361 1397 1398
f 1361 1398 1393
f 1363 1399 1364
f 1363 1400 1399
f 1364 1399 1365
f 1365 1399 1401
f 1365 1401 1366
f 1366 1401 1402
f 1366 1402 1403
f 1366 1403 1367
f 1367 1403 1372
f 1368 1372 1404
f 1368 1404 1369
f 1369 1404 1405
f 1369 1405 1370
f 1370 1405 1371
f 1371 1405 1375
f 1372 1403 1404
f 1373 1375 1405
f 1373 1405 1374
f 1374 1406 1407
f 1374 1407 1376
f 1374 1405 1408
f 1374 1408 1406
f 1376 1407 1409
f 1376 1409 1410
f 1376 1410 1378
f 1376 1378 1377
f 1378 1410 1411
f 1379 1388 1412
f 1379 1412 1380
f 1380 1412 1413
f 1380 1413 1414
f 1380 1414 1390
f 1380 1390 1381
f 1383 1415 1384
f 1383 1385 1416
f 1383 1416 1417
f 1383 1417 1415
f 1384 1415 1418
f 1384 1418 1419
f 1384 1419 1386
f 1386 1419 1420
f 1386 1420 1421
f 1386 1421 1387
f 1387 1421 1422
f 1387 1422 1423
f 1387 1423 1388
f 1388 1423 1424
f 1388 1424 1413
f 1388 1413 1412
f 1389 1390 1425
f 1389 1425 1426
f 1389 1426 1391
f 1390 1414 1425
f 1391 1426 1394
f 1391 1394 1392
f 1393 1398 1427
f 1393 1427 1399
f 1393 1399 1400
f 1394 1426 1428
f 1394 1428 1395
f 1395 1428 1396
f 1396 1428 1429
f 1396 1429 1430
f 1396 1430 1397
f 1397 1430 1427
f 1397 1427 1398
f 1399 1427 1431
f 1399 1431 1432
f 1399 1432 1433
f 1399 1433 1401
f 1401 1433 1434
f 1401 1434 1402
f 1402 1435 1436
f 1402 1436 1403
f 1402 1434 1435
f 1403 1436 1437
f 1403 1437 1404
f 1404 1437 1405
f 1405 1437 1438
f 1405 1438 1439
f 1405 1439 1440
f 1405 1440 1408
f 1406 1441 1442
f 1406 1442 1407
f 1406 1408 1441
f 1407 1442 1409
f 1408 1440 1441
f 1409 1442 1443
f 1409 1443 1410
f 1410 1443 1444
f 1410 1444 1445
f 1410 1445 1446
f 1410 1446 1411
f 1413 1424 1447
f 1413 1447 1448
f 1413 1448 1449
f 1413 1449 1450
f 1413 1450 1425
f 1413 1425 1414
f 1415 1451 1418
f 1415 1417 1451
f 1416 1452 1417
f 1417 1452 1453
f 1417 1453 1451
f 1418 1451 1454
f 1418 1454 1419
f 1419 1454 1421
f 1419 1421 1420
f 1421 1454 1422
f 1422 1455 1456
f 1422 1456 1457
f 1422 1457 1447
f 1422 1447 1423
f 1422 1454 1455
f 1423 1447 1424
f 1425 1450 1449
f 1425 1449 1429
f 1425 1429 1426
f 1426 1429 1428
f 1427 1430 1458
f 1427 1458 1459
f 1427 1459 1431
f 1429 1458 1430
f 1429 1449 1458
f 1431 1459 1432
f 1432 1459 1460
f 1432 1460 1457
f 1432 1457 1461
f 1432 1461 1462
f 1432 1462 1433
f 1433 1463 1464
f 1433 1464 1434
f 1433 1462 1463
f 1434 1464 1465
f 1434 1465 1435
f 1435 1466 1467
f 1435 1467 1468
f 1435 1468 1436
f 1435 1465 1466
f 1436 1468 1469
f 1436 1469 1439
f 1436 1439 1438
f 1436 1438 1437
f 1439 1470 1440
f 1439 1469 1470
f 1440 1470 1441
f 1441 1471 1472
f 1441 1472 1442
f 1441 1470 1473
f 1441 1473 1471
f 1442 1472 1444
f 1442 1444 1443
f 1444 1472 1474
f 1444 1474 1475
f 1444 1475 1445
f 1445 1476 1446
f 1445 1475 1476
f 1446 1476 1477
f 1447 1457 1478
f 1447 1478 1448
f 1448 1478 1449
f 1449 1459 1458
f 1449 1478 1459
f 1451 1453 1479
f 1451 1479 1480
f 1451 1480 1481
f 1451 1481 1482
f 1451 1482 1454
f 1452 1483 1484
f 1452 1484 1453
f 1453 1485 1479
f 1453 1484 1485
f 1454 1482 1486
f 1454 1486 1455
f 1455 1486 1487
f 1455 1487 1456
f 1456 1487 1488
f 1456 1488 1489
f 1456 1489 1457
f 1457 1489 1490
f 1457 1490 1491
f 1457 1491 1461
f 1457 1460 1492
f 1457 1492 1478
f 1459 1478 1460
f 1460 1478 1492
f 1461 1493 1494
f 1461 1494 1462
f 1461 1491 1493
f 1462 1494 1495
f 1462 1495 1463
f 1463 1496 1464
f 1463 1495 1496
f 1464 1495 1466
f 1464 1466 1465
f 1464 1496 1495
f 1466 1495 1497
f 1466 1497 1467
f 1467 1497 1498
f 1467 1498 1499
f 1467 1499 1500
f 1467 1500 1468
f 1468 1500 1501
f 1468 1501 1469
f 1469 1501 1470
f 1470 1502 1503
f 1470 1503 1504
f 1470 1504 1473
f 1470 1501 1502
f 1471 1505 1472
f 1471 1473 1506
f 1471 1506 1504
f 1471 1504 1505
f 1472 1505 1507
f 1472 1507 1474
f 1473 1504 1506
f 1474 1507 1485
f 1474 1485 1475
f 1475 1485 1508
f 1475 1508 1476
f 1476 1508 1509
f 1476 1509 1510
f 1476 1510 1477
f 1479 1485 1480
f 1480 1485 1511
f 1480 1511 1481
f 1481 1512 1513
f 1481 1513 1487
f 1481 1487 1482
f 1481 1511 1512
f 1482 1487 1486
f 1483 1514 1485
f 1483 1485 1484
f 1485 1514 1510
f 1485 1510 1509
f 1485 1509 1508
f 1485 1507 1515
f 1485 1515 1516
f 1485 1516 1511
f 1487 1513 1517
f 1487 1517 1488
f 1488 1517 1489
f 1489 1518 1490
f 1489 1517 1519
f 1489 1519 1520
f 1489 1520 1518
f 1490 1518 1494
f 1490 1494 1491
f 1491 1494 1493
f 1494 1518 1495
f 1495 1518 1497
f 1497 1520 1519
f 1497 1519 1498
f 1497 1518 1520
f 1498 1519 1517
f 1498 1517 1499
f 1499 1517 1513
f 1499 1513 1512
f 1499 1512 1521
f 1499 1521 1522
f 1499 1522 1500
f 1500 1522 1501
f 1501 1522 1502
f 1502 1522 1503
f 1503 1522 1504
f 1504 1522 1523
f 1504 1523 1524
f 1504 1524 1505
f 1505 1525 1526
f 1505 1526 1507
f 1505 1524 1525
f 1507 1526 1525
f 1507 1525 1527
f 1507 1527 1515
f 1511 1516 1528
f 1511 1528 1529
f 1511 1529 1521
f 1511 1521 1512
f 1515 1527 1521
f 1515 1521 1529
f 1515 1529 1530
f 1515 1530 1516
f 1516 1530 1528
f 1521 1523 1522
f 1521 1527 1525
f 1521 1525 1523
f 1523 1525 1524
f 1528 1530 1529

