# https://github.com/mikedh/trimesh

o geometry_0
v -0.16303962 0.02828405 -0.00439144 0.54509804 0.71372549 0.60000000
v -0.16618730 0.02809883 -0.00755315 0.54509804 0.71372549 0.60000000
v -0.16618730 0.02799079 -0.00439144 0.54509804 0.71372549 0.60000000
v -0.16303962 0.02728081 -0.00139256 0.54509804 0.71372549 0.60000000
v -0.15671733 0.02730139 -0.00122973 0.54509804 0.71372549 0.60000000
v -0.13457586 0.02684350 -0.00199301 0.54509804 0.71372549 0.60000000
v -0.13775045 0.02729624 -0.00439144 0.54509804 0.71372549 0.60000000
v -0.14407274 0.02748660 -0.00755315 0.54509804 0.71372549 0.60000000
v -0.16648324 0.02701327 -0.01100322 0.54509804 0.71372549 0.60000000
v -0.16903906 0.02688465 -0.01071148 0.54509804 0.71372549 0.60000000
v -0.16936190 0.02767181 -0.00755315 0.54509804 0.71372549 0.60000000
v -0.14407274 0.02695668 -0.01006014 0.54509804 0.71372549 0.60000000
v -0.16960403 0.02717277 -0.00412005 0.54509804 0.71372549 0.60000000
v -0.16871621 0.02673031 -0.00234243 0.54509804 0.71372549 0.60000000
v -0.16618730 0.02703900 -0.00180982 0.54509804 0.71372549 0.60000000
v -0.16107566 0.02644735 0.00032060 0.54509804 0.71372549 0.60000000
v -0.15897721 0.02650908 0.00039523 0.54509804 0.71372549 0.60000000
v -0.15997263 0.02716248 -0.00093459 0.54509804 0.71372549 0.60000000
v -0.16303962 0.02636503 0.00018830 0.54509804 0.71372549 0.60000000
v -0.15671733 0.02653995 0.00043594 0.54509804 0.71372549 0.60000000
v -0.15354273 0.02651937 0.00041220 0.54509804 0.71372549 0.60000000
v -0.14948032 0.02645764 0.00031721 0.54509804 0.71372549 0.60000000
v -0.13457586 0.02607177 -0.00041216 0.54509804 0.71372549 0.60000000
v -0.05052979 0.01702203 0.00358070 0.54509804 0.71372549 0.60000000
v -0.02392237 0.01518533 0.00193199 0.54509804 0.71372549 0.60000000
v -0.13193934 0.02669944 -0.00230172 0.54509804 0.71372549 0.60000000
v -0.13457586 0.02711103 -0.00439144 0.54509804 0.71372549 0.60000000
v -0.13775045 0.02717791 -0.00755315 0.54509804 0.71372549 0.60000000
v -0.14089815 0.02735798 -0.00755315 0.54509804 0.71372549 0.60000000
v -0.14089815 0.02688980 -0.00988373 0.54509804 0.71372549 0.60000000
v -0.16772080 0.02647307 -0.01229912 0.54509804 0.71372549 0.60000000
v -0.16777460 0.02647307 -0.01229912 0.54509804 0.71372549 0.60000000
v -0.16989997 0.02615409 -0.01176312 0.54509804 0.71372549 0.60000000
v -0.17119133 0.02667886 -0.00965644 0.54509804 0.71372549 0.60000000
v -0.17146036 0.02689495 -0.00755315 0.54509804 0.71372549 0.60000000
v -0.17137965 0.02682806 -0.00499189 0.54509804 0.71372549 0.60000000
v -0.14407274 0.02603061 -0.01164099 0.54509804 0.71372549 0.60000000
v -0.14722044 0.02611808 -0.01173937 0.54509804 0.71372549 0.60000000
v -0.16562233 0.02644735 -0.01225163 0.54509804 0.71372549 0.60000000
v -0.17084159 0.02643706 -0.00288522 0.54509804 0.71372549 0.60000000
v -0.16618730 0.02608721 -0.00022897 0.54509804 0.71372549 0.60000000
v -0.16303962 0.02478557 0.00179290 0.54509804 0.71372549 0.60000000
v -0.16303962 0.02307749 0.00337376 0.54509804 0.71372549 0.60000000
v -0.16618730 0.02450260 0.00156561 0.54509804 0.71372549 0.60000000
v -0.15671733 0.02488846 0.00192520 0.54509804 0.71372549 0.60000000
v -0.15039504 0.02322154 0.00346535 0.54509804 0.71372549 0.60000000
v -0.14722044 0.02320611 0.00345518 0.54509804 0.71372549 0.60000000
v -0.12825358 0.02291800 0.00318378 0.54509804 0.71372549 0.60000000
v -0.13140127 0.02440485 0.00164024 0.54509804 0.71372549 0.60000000
v -0.12825358 0.02422993 0.00160293 0.54509804 0.71372549 0.60000000
v -0.12507898 0.02283054 0.00301756 0.54509804 0.71372549 0.60000000
v -0.04361562 0.01389912 0.00674919 0.54509804 0.71372549 0.60000000
v -0.02392237 0.01320457 0.00580272 0.54509804 0.71372549 0.60000000
v -0.02074777 0.01309139 0.00560256 0.54509804 0.71372549 0.60000000
v -0.02074777 0.01411006 0.00402171 0.54509804 0.71372549 0.60000000
v -0.03799282 0.01700145 0.00039863 0.54509804 0.71372549 0.60000000
v 0.00771598 0.01203155 0.00193199 0.54509804 0.71372549 0.60000000
v -0.00810320 0.01398144 0.00077857 0.54509804 0.71372549 0.60000000
v -0.03678217 0.01730500 -0.00111778 0.54509804 0.71372549 0.60000000
v -0.03398422 0.01718666 -0.00209818 0.54509804 0.71372549 0.60000000
v -0.03398422 0.01718666 -0.00375367 0.54509804 0.71372549 0.60000000
v -0.13522154 0.02661713 -0.00939183 0.54509804 0.71372549 0.60000000
v -0.13775045 0.02677147 -0.00965983 0.54509804 0.71372549 0.60000000
v -0.03645933 0.01732558 -0.00463908 0.54509804 0.71372549 0.60000000
v -0.14089815 0.02588142 -0.01146459 0.54509804 0.71372549 0.60000000
v -0.16303962 0.02498107 -0.01387658 0.54509804 0.71372549 0.60000000
v -0.16303962 0.02348907 -0.01562367 0.54509804 0.71372549 0.60000000
v -0.16648324 0.02535664 -0.01356109 0.54509804 0.71372549 0.60000000
v -0.16618730 0.02351480 -0.01564063 0.54509804 0.71372549 0.60000000
v -0.16804363 0.02341190 -0.01554904 0.54509804 0.71372549 0.60000000
v -0.16895835 0.02478042 -0.01369679 0.54509804 0.71372549 0.60000000
v -0.17014210 0.02285111 -0.01509106 0.54509804 0.71372549 0.60000000
v -0.17146036 0.02404472 -0.01298438 0.54509804 0.71372549 0.60000000
v -0.17183701 0.02501708 -0.01071148 0.54509804 0.71372549 0.60000000
v -0.17256340 0.02488846 -0.00755315 0.54509804 0.71372549 0.60000000
v -0.17213294 0.02518687 -0.00412005 0.54509804 0.71372549 0.60000000
v -0.17172939 0.02423507 -0.00122973 0.54509804 0.71372549 0.60000000
v -0.14407274 0.02444601 -0.01366626 0.54509804 0.71372549 0.60000000
v -0.14089815 0.02429681 -0.01359841 0.54509804 0.71372549 0.60000000
v -0.14722044 0.02453862 -0.01372732 0.54509804 0.71372549 0.60000000
v -0.16960403 0.02571164 -0.00126704 0.54509804 0.71372549 0.60000000
v -0.17119133 0.02352508 0.00057164 0.54509804 0.71372549 0.60000000
v -0.16936190 0.02396239 0.00101604 0.54509804 0.71372549 0.60000000
v -0.16618730 0.02278938 0.00314986 0.54509804 0.71372549 0.60000000
v -0.16618730 0.02120477 0.00408616 0.54509804 0.71372549 0.60000000
v -0.16303962 0.02149803 0.00420150 0.54509804 0.71372549 0.60000000
v -0.15354273 0.02319582 0.00344839 0.54509804 0.71372549 0.60000000
v -0.15671733 0.02156491 0.00422864 0.54509804 0.71372549 0.60000000
v -0.15354273 0.02161636 0.00423204 0.54509804 0.71372549 0.60000000
v -0.12825358 0.02133339 0.00421507 0.54509804 0.71372549 0.60000000
v -0.02392237 0.00778193 0.00996519 0.54509804 0.71372549 0.60000000
v -0.12507898 0.02125108 0.00419133 0.54509804 0.71372549 0.60000000
v -0.05235921 0.01412035 0.00690185 0.54509804 0.71372549 0.60000000
v -0.02074777 0.00931509 0.00907299 0.54509804 0.71372549 0.60000000
v -0.02392237 0.01162511 0.00757015 0.54509804 0.71372549 0.60000000
v -0.02074777 0.01151192 0.00749213 0.54509804 0.71372549 0.60000000
v 0.09910667 -0.00131926 0.01055207 0.54509804 0.71372549 0.60000000
v 0.09910667 0.00008527 0.00847253 0.54509804 0.71372549 0.60000000
v 0.09910667 0.00022418 0.00825542 0.54509804 0.71372549 0.60000000
v 0.09910667 0.00105250 0.00653208 0.54509804 0.71372549 0.60000000
v 0.09910667 0.00113996 0.00631158 0.54509804 0.71372549 0.60000000
v -0.00616615 0.01387340 0.00048344 0.54509804 0.71372549 0.60000000
v 0.00771598 0.01267466 -0.00122973 0.54509804 0.71372549 0.60000000
v 0.00771598 0.01225278 -0.00439144 0.54509804 0.71372549 0.60000000
v -0.03532939 0.01695515 -0.00586035 0.54509804 0.71372549 0.60000000
v -0.11560900 0.02310321 -0.01186489 0.54509804 0.71372549 0.60000000
v -0.12825358 0.02367943 -0.01278423 0.54509804 0.71372549 0.60000000
v -0.13140127 0.02384921 -0.01297081 0.54509804 0.71372549 0.60000000
v -0.16303962 0.02172954 -0.01691957 0.54509804 0.71372549 0.60000000
v -0.14089815 0.02303633 -0.01517927 0.54509804 0.71372549 0.60000000
v -0.16618730 0.02172954 -0.01688564 0.54509804 0.71372549 0.60000000
v -0.16920048 0.02176556 -0.01619698 0.54509804 0.71372549 0.60000000
v -0.16618730 0.01930633 -0.01828670 0.54509804 0.71372549 0.60000000
v -0.17129894 0.02074174 -0.01582382 0.54509804 0.71372549 0.60000000
v -0.17194462 0.02176556 -0.01397496 0.54509804 0.71372549 0.60000000
v -0.17315527 0.02172954 -0.01071487 0.54509804 0.71372549 0.60000000
v -0.17342431 0.02172954 -0.00755315 0.54509804 0.71372549 0.60000000
v -0.17353192 0.02172954 -0.00439144 0.54509804 0.71372549 0.60000000
v -0.17310147 0.02172954 -0.00122973 0.54509804 0.71372549 0.60000000
v -0.17178320 0.02172954 0.00129083 0.54509804 0.71372549 0.60000000
v -0.17089539 0.02011921 0.00349249 0.54509804 0.71372549 0.60000000
v -0.16965783 0.02171411 0.00276652 0.54509804 0.71372549 0.60000000
v -0.16879693 0.02065427 0.00380799 0.54509804 0.71372549 0.60000000
v -0.16965783 0.01886388 0.00440505 0.54509804 0.71372549 0.60000000
v -0.16618730 0.01856548 0.00515477 0.54509804 0.71372549 0.60000000
v -0.16303962 0.01856548 0.00534813 0.54509804 0.71372549 0.60000000
v -0.15671733 0.01856548 0.00546008 0.54509804 0.71372549 0.60000000
v -0.13457586 0.01856548 0.00551436 0.54509804 0.71372549 0.60000000
v -0.13140127 0.01856548 0.00551097 0.54509804 0.71372549 0.60000000
v -0.02074777 0.00773562 0.00995162 0.54509804 0.71372549 0.60000000
v -0.02392237 0.00936139 0.00915101 0.54509804 0.71372549 0.60000000
v -0.03656694 0.00780251 0.00995162 0.54509804 0.71372549 0.60000000
v -0.00178091 0.00275029 0.01183440 0.54509804 0.71372549 0.60000000
v -0.00178091 0.00726745 0.00968023 0.54509804 0.71372549 0.60000000
v 0.00771598 0.00692789 0.00943258 0.54509804 0.71372549 0.60000000
v 0.09910667 -0.00323828 0.01213293 0.54509804 0.71372549 0.60000000
v 0.09910667 0.00126858 0.00473072 0.54509804 0.71372549 0.60000000
v 0.09910667 0.00126858 0.00293275 0.54509804 0.71372549 0.60000000
v 0.01086367 0.01088940 -0.00626404 0.54509804 0.71372549 0.60000000
v 0.00771598 0.01118266 -0.00661007 0.54509804 0.71372549 0.60000000
v -0.00963669 0.01383224 -0.00598587 0.54509804 0.71372549 0.60000000
v 0.09910667 0.00102163 0.00150116 0.54509804 0.71372549 0.60000000
v 0.09910667 0.00098562 0.00135189 0.54509804 0.71372549 0.60000000
v -0.10611211 0.02087550 -0.01289279 0.54509804 0.71372549 0.60000000
v -0.10928672 0.02111731 -0.01308616 0.54509804 0.71372549 0.60000000
v -0.02841523 0.01386825 -0.00917811 0.54509804 0.71372549 0.60000000
v -0.16303962 0.01950184 -0.01833419 0.54509804 0.71372549 0.60000000
v -0.14089815 0.02145172 -0.01633946 0.54509804 0.71372549 0.60000000
v -0.13775045 0.02123564 -0.01621395 0.54509804 0.71372549 0.60000000
v -0.16804363 0.01728956 -0.01872771 0.54509804 0.71372549 0.60000000
v -0.16920048 0.01843171 -0.01778463 0.54509804 0.71372549 0.60000000
v -0.16618730 0.01772687 -0.01890751 0.54509804 0.71372549 0.60000000
v -0.16303962 0.01791723 -0.01899571 0.54509804 0.71372549 0.60000000
v -0.17159488 0.01856548 -0.01620377 0.54509804 0.71372549 0.60000000
v -0.17288624 0.01856548 -0.01387658 0.54509804 0.71372549 0.60000000
v -0.17016900 0.01540141 -0.01818493 0.54509804 0.71372549 0.60000000
v -0.17070707 0.01305023 -0.01846311 0.54509804 0.71372549 0.60000000
v -0.17431213 0.01162511 -0.01288940 0.54509804 0.71372549 0.60000000
v -0.17377405 0.01827737 -0.01042991 0.54509804 0.71372549 0.60000000
v -0.17412378 0.01703232 -0.00918829 0.54509804 0.71372549 0.60000000
v -0.17390857 0.01885359 -0.00755315 0.54509804 0.71372549 0.60000000
v -0.17463495 0.01540141 -0.00439144 0.54509804 0.71372549 0.60000000
v -0.17396238 0.01927032 -0.00439144 0.54509804 0.71372549 0.60000000
v -0.17468876 0.01540141 -0.00122973 0.54509804 0.71372549 0.60000000
v -0.17425831 0.01769600 -0.00122973 0.54509804 0.71372549 0.60000000
v -0.17390857 0.01927546 -0.00122973 0.54509804 0.71372549 0.60000000
v -0.17277862 0.01871982 0.00202698 0.54509804 0.71372549 0.60000000
v -0.17417760 0.01732043 0.00056146 0.54509804 0.71372549 0.60000000
v -0.17159488 0.01800984 0.00404885 0.54509804 0.71372549 0.60000000
v -0.16936190 0.01540141 0.00556525 0.54509804 0.71372549 0.60000000
v -0.15986501 0.01540141 0.00611821 0.54509804 0.71372549 0.60000000
v -0.15671733 0.01540141 0.00625730 0.54509804 0.71372549 0.60000000
v -0.13140127 0.01458853 0.00693917 0.54509804 0.71372549 0.60000000
v -0.16618730 0.01540141 0.00575522 0.54509804 0.71372549 0.60000000
v -0.12825358 0.01460911 0.00696292 0.54509804 0.71372549 0.60000000
v -0.00178091 0.00568284 0.01059278 0.54509804 0.71372549 0.60000000
v -0.00178091 -0.00040349 0.01239415 0.54509804 0.71372549 0.60000000
v 0.01086367 -0.00040349 0.01254002 0.54509804 0.71372549 0.60000000
v 0.01403827 -0.00040349 0.01256716 0.54509804 0.71372549 0.60000000
v 0.09910667 -0.00673162 0.01384270 0.54509804 0.71372549 0.60000000
v 0.09910667 -0.00482289 0.01317440 0.54509804 0.71372549 0.60000000
v -0.12825358 0.01223734 0.00747178 0.54509804 0.71372549 0.60000000
v 0.09910667 -0.00338748 0.01223131 0.54509804 0.71372549 0.60000000
v 0.09910667 -0.00022856 -0.00097530 0.54509804 0.71372549 0.60000000
v 0.09910667 -0.00036233 -0.00122973 0.54509804 0.71372549 0.60000000
v 0.09910667 -0.00175143 -0.00302430 0.54509804 0.71372549 0.60000000
v 0.00771598 0.00959291 -0.00819093 0.54509804 0.71372549 0.60000000
v -0.04918462 0.01349268 -0.01210236 0.54509804 0.71372549 0.60000000
v 0.00454138 0.00983986 -0.00839447 0.54509804 0.71372549 0.60000000
v -0.15039504 0.01871982 -0.01807976 0.54509804 0.71372549 0.60000000
v -0.14089815 0.01856548 -0.01765911 0.54509804 0.71372549 0.60000000
v -0.13775045 0.01856548 -0.01741486 0.54509804 0.71372549 0.60000000
v -0.04918462 0.01191322 -0.01284869 0.54509804 0.71372549 0.60000000
v -0.16858170 0.01540141 -0.01897536 0.54509804 0.71372549 0.60000000
v -0.16618730 0.01540141 -0.01955885 0.54509804 0.71372549 0.60000000
v -0.16303962 0.01540141 -0.01972508 0.54509804 0.71372549 0.60000000
v -0.14845799 0.01706833 -0.01864969 0.54509804 0.71372549 0.60000000
v -0.17100300 0.01094085 -0.01866326 0.54509804 0.71372549 0.60000000
v -0.17183701 0.01540141 -0.01660407 0.54509804 0.71372549 0.60000000
v -0.17390857 0.00907842 -0.01496554 0.54509804 0.71372549 0.60000000
v -0.17450044 0.00907842 -0.01338129 0.54509804 0.71372549 0.60000000
v -0.17501160 0.00907842 -0.01071487 0.54509804 0.71372549 0.60000000
v -0.17514611 0.01223734 -0.00439144 0.54509804 0.71372549 0.60000000
v -0.17517303 0.01223734 -0.00122973 0.54509804 0.71372549 0.60000000
v -0.17377405 0.01540141 0.00277330 0.54509804 0.71372549 0.60000000
v -0.17436593 0.01540141 0.00119245 0.54509804 0.71372549 0.60000000
v -0.17404308 0.01341036 0.00337037 0.54509804 0.71372549 0.60000000
v -0.17218675 0.01540141 0.00449325 0.54509804 0.71372549 0.60000000
v -0.16936190 0.01223734 0.00576201 0.54509804 0.71372549 0.60000000
v -0.15671733 0.01223734 0.00652869 0.54509804 0.71372549 0.60000000
v -0.11875669 0.00907842 0.00816383 0.54509804 0.71372549 0.60000000
v -0.13140127 0.01223734 0.00740393 0.54509804 0.71372549 0.60000000
v 0.01403827 -0.00356755 0.01291657 0.54509804 0.71372549 0.60000000
v -0.09346754 0.00591436 0.00906281 0.54509804 0.71372549 0.60000000
v 0.09910667 -0.00989054 0.01453136 0.54509804 0.71372549 0.60000000
v 0.09910667 -0.00356755 -0.00414040 0.54509804 0.71372549 0.60000000
v 0.01032560 0.00773562 -0.00931042 0.54509804 0.71372549 0.60000000
v 0.00771598 0.00800830 -0.00949700 0.54509804 0.71372549 0.60000000
v 0.00771598 0.00591436 -0.01051472 0.54509804 0.71372549 0.60000000
v -0.14732805 0.01829795 -0.01810351 0.54509804 0.71372549 0.60000000
v -0.14407274 0.01856548 -0.01782194 0.54509804 0.71372549 0.60000000
v -0.12825358 0.01540141 -0.01773374 0.54509804 0.71372549 0.60000000
v -0.00638138 0.00435547 -0.01230590 0.54509804 0.71372549 0.60000000
v -0.16955022 0.01209329 -0.01906695 0.54509804 0.71372549 0.60000000
v -0.16618730 0.01223734 -0.01991166 0.54509804 0.71372549 0.60000000
v -0.16303962 0.01223734 -0.02008128 0.54509804 0.71372549 0.60000000
v -0.15671733 0.01540141 -0.01941637 0.54509804 0.71372549 0.60000000
v -0.15039504 0.01223734 -0.01947065 0.54509804 0.71372549 0.60000000
v -0.12825358 0.01223734 -0.01833759 0.54509804 0.71372549 0.60000000
v -0.14732805 0.01553517 -0.01887019 0.54509804 0.71372549 0.60000000
v -0.17100300 0.01045209 -0.01866326 0.54509804 0.71372549 0.60000000
v -0.17189082 0.01209329 -0.01726220 0.54509804 0.71372549 0.60000000
v -0.17458115 0.00591436 -0.01336433 0.54509804 0.71372549 0.60000000
v -0.17377405 0.00591436 -0.01494519 0.54509804 0.71372549 0.60000000
v -0.17525374 0.00591436 -0.01071487 0.54509804 0.71372549 0.60000000
v -0.17557658 0.00591436 -0.00755315 0.54509804 0.71372549 0.60000000
v -0.17554968 0.00907842 -0.00439144 0.54509804 0.71372549 0.60000000
v -0.17552276 0.00907842 -0.00122973 0.54509804 0.71372549 0.60000000
v -0.17452735 0.01230937 0.00216267 0.54509804 0.71372549 0.60000000
v -0.17417760 0.01130099 0.00359766 0.54509804 0.71372549 0.60000000
v -0.17280553 0.01230937 0.00442540 0.54509804 0.71372549 0.60000000
v -0.17253649 0.00907842 0.00445254 0.54509804 0.71372549 0.60000000
v -0.16936190 0.00907842 0.00539902 0.54509804 0.71372549 0.60000000
v -0.16618730 0.00907842 0.00567041 0.54509804 0.71372549 0.60000000
v -0.15354273 0.00907842 0.00639978 0.54509804 0.71372549 0.60000000
v -0.11875669 0.00591436 0.00799081 0.54509804 0.71372549 0.60000000
v -0.06742509 0.00094960 0.00989395 0.54509804 0.71372549 0.60000000
v 0.00139369 -0.00356755 0.01238736 0.54509804 0.71372549 0.60000000
v 0.01403827 -0.00673162 0.01260787 0.54509804 0.71372549 0.60000000
v 0.09625491 -0.01305461 0.01450082 0.54509804 0.71372549 0.60000000
v 0.09910667 -0.01305461 0.01457546 0.54509804 0.71372549 0.60000000
v 0.09910667 -0.00673162 -0.00533792 0.54509804 0.71372549 0.60000000
v 0.01403827 0.00275029 -0.01094895 0.54509804 0.71372549 0.60000000
v -0.00425602 0.00385643 -0.01224484 0.54509804 0.71372549 0.60000000
v -0.16618730 0.00907842 -0.01958938 0.54509804 0.71372549 0.60000000
v -0.16933500 0.00926878 -0.01892108 0.54509804 0.71372549 0.60000000
v -0.16303962 0.00907842 -0.01976579 0.54509804 0.71372549 0.60000000
v -0.14722044 0.00907842 -0.01924675 0.54509804 0.71372549 0.60000000
v -0.00008600 -0.00169484 -0.01230590 0.54509804 0.71372549 0.60000000
v -0.00008600 -0.00205497 -0.01230590 0.54509804 0.71372549 0.60000000
v -0.00264182 0.00175220 -0.01235679 0.54509804 0.71372549 0.60000000
v -0.17218675 0.00591436 -0.01652605 0.54509804 0.71372549 0.60000000
v -0.17035732 0.00834271 -0.01843936 0.54509804 0.71372549 0.60000000
v -0.17439282 0.00350658 -0.01286226 0.54509804 0.71372549 0.60000000
v -0.17164869 0.00355288 -0.01601040 0.54509804 0.71372549 0.60000000
v -0.17471566 0.00257537 -0.01086074 0.54509804 0.71372549 0.60000000
v -0.17530754 0.00275029 -0.00755315 0.54509804 0.71372549 0.60000000
v -0.17568419 0.00591436 -0.00439144 0.54509804 0.71372549 0.60000000
v -0.17554968 0.00591436 -0.00122973 0.54509804 0.71372549 0.60000000
v -0.17485017 0.00907842 0.00193199 0.54509804 0.71372549 0.60000000
v -0.17420450 0.00907842 0.00361801 0.54509804 0.71372549 0.60000000
v -0.17415070 0.00736520 0.00356713 0.54509804 0.71372549 0.60000000
v -0.16936190 0.00591436 0.00440844 0.54509804 0.71372549 0.60000000
v -0.16618730 0.00591436 0.00473411 0.54509804 0.71372549 0.60000000
v -0.17221366 0.00615102 0.00381477 0.54509804 0.71372549 0.60000000
v -0.15354273 0.00591436 0.00569755 0.54509804 0.71372549 0.60000000
v -0.13312308 0.00429888 0.00668813 0.54509804 0.71372549 0.60000000
v -0.05741704 -0.00205497 0.00986002 0.54509804 0.71372549 0.60000000
v 0.00454138 -0.00673162 0.01219739 0.54509804 0.71372549 0.60000000
v 0.01403827 -0.00989054 0.01186832 0.54509804 0.71372549 0.60000000
v 0.09910667 -0.01623411 0.01392412 0.54509804 0.71372549 0.60000000
v 0.09910667 -0.00989054 -0.00570090 0.54509804 0.71372549 0.60000000
v 0.01403827 -0.00040349 -0.01142727 0.54509804 0.71372549 0.60000000
v 0.01086367 0.00275029 -0.01121355 0.54509804 0.71372549 0.60000000
v -0.16618730 0.00675811 -0.01895161 0.54509804 0.71372549 0.60000000
v -0.16823196 0.00719542 -0.01874467 0.54509804 0.71372549 0.60000000
v -0.01264986 -0.00518817 -0.01231269 0.54509804 0.71372549 0.60000000
v -0.14722044 0.00691760 -0.01884645 0.54509804 0.71372549 0.60000000
v -0.16303962 0.00655231 -0.01903642 0.54509804 0.71372549 0.60000000
v 0.01403827 -0.00356755 -0.01138996 0.54509804 0.71372549 0.60000000
v 0.00112465 -0.00328973 -0.01206165 0.54509804 0.71372549 0.60000000
v -0.16933500 0.00605327 -0.01799495 0.54509804 0.71372549 0.60000000
v -0.17396238 0.00140749 -0.01201077 0.54509804 0.71372549 0.60000000
v -0.17280553 0.00247762 -0.01402924 0.54509804 0.71372549 0.60000000
v -0.17186391 0.00054831 -0.01308616 0.54509804 0.71372549 0.60000000
v -0.16936190 0.00304869 -0.01639374 0.54509804 0.71372549 0.60000000
v -0.16936190 0.00147437 -0.01517248 0.54509804 0.71372549 0.60000000
v -0.17433901 0.00083642 -0.00990409 0.54509804 0.71372549 0.60000000
v -0.17538825 0.00275029 -0.00439144 0.54509804 0.71372549 0.60000000
v -0.17455425 0.00053802 -0.00755315 0.54509804 0.71372549 0.60000000
v -0.17482329 0.00257537 -0.00109064 0.54509804 0.71372549 0.60000000
v -0.17450044 0.00351687 0.00091427 0.54509804 0.71372549 0.60000000
v -0.17466186 0.00615102 0.00195234 0.54509804 0.71372549 0.60000000
v -0.17304766 0.00525582 0.00302095 0.54509804 0.71372549 0.60000000
v -0.17094920 0.00432975 0.00351624 0.54509804 0.71372549 0.60000000
v -0.16936190 0.00411881 0.00361462 0.54509804 0.71372549 0.60000000
v -0.16618730 0.00379983 0.00378424 0.54509804 0.71372549 0.60000000
v -0.14722044 0.00275029 0.00496140 0.54509804 0.71372549 0.60000000
v -0.14407274 0.00275029 0.00522940 0.54509804 0.71372549 0.60000000
v -0.12825358 0.00224095 0.00629461 0.54509804 0.71372549 0.60000000
v -0.02707006 -0.00814644 0.00977521 0.54509804 0.71372549 0.60000000
v 0.00454138 -0.00989054 0.01143070 0.54509804 0.71372549 0.60000000
v 0.09910667 -0.01827146 0.01322867 0.54509804 0.71372549 0.60000000
v 0.09910667 -0.01305461 -0.00553468 0.54509804 0.71372549 0.60000000
v -0.16303962 0.00496771 -0.01828331 0.54509804 0.71372549 0.60000000
v -0.16618730 0.00517865 -0.01819171 0.54509804 0.71372549 0.60000000
v 0.01403827 -0.00673162 -0.01089127 0.54509804 0.71372549 0.60000000
v 0.01086367 -0.00673162 -0.01102697 0.54509804 0.71372549 0.60000000
v 0.00454138 -0.00673162 -0.01127801 0.54509804 0.71372549 0.60000000
v 0.00139369 -0.00673162 -0.01138996 0.54509804 0.71372549 0.60000000
v 0.00139369 -0.00989054 -0.01033492 0.54509804 0.71372549 0.60000000
v 0.00139369 -0.01196390 -0.00942576 0.54509804 0.71372549 0.60000000
v -0.17253649 -0.00036233 -0.01069112 0.54509804 0.71372549 0.60000000
v -0.16936190 0.00012129 -0.01359162 0.54509804 0.71372549 0.60000000
v -0.17113752 -0.00208070 -0.00937148 0.54509804 0.71372549 0.60000000
v -0.16618730 0.00287891 -0.01661086 0.54509804 0.71372549 0.60000000
v -0.16618730 0.00129945 -0.01533871 0.54509804 0.71372549 0.60000000
v -0.17277862 -0.00104144 -0.00755315 0.54509804 0.71372549 0.60000000
v -0.17460807 0.00051229 -0.00439144 0.54509804 0.71372549 0.60000000
v -0.17439282 0.00080555 -0.00205069 0.54509804 0.71372549 0.60000000
v -0.17380096 0.00141264 0.00005599 0.54509804 0.71372549 0.60000000
v -0.17237507 0.00286862 0.00185396 0.54509804 0.71372549 0.60000000
v -0.17167559 0.00087243 0.00068698 0.54509804 0.71372549 0.60000000
v -0.16936190 0.00253935 0.00257994 0.54509804 0.71372549 0.60000000
v -0.16618730 0.00222037 0.00280384 0.54509804 0.71372549 0.60000000
v -0.14722044 0.00068207 0.00384530 0.54509804 0.71372549 0.60000000
v -0.13140127 -0.00040349 0.00467644 0.54509804 0.71372549 0.60000000
v 0.00454138 -0.01231375 0.01035531 0.54509804 0.71372549 0.60000000
v 0.01086367 -0.01274592 0.01054868 0.54509804 0.71372549 0.60000000
v 0.09910667 -0.01982005 0.01238057 0.54509804 0.71372549 0.60000000
v 0.09910667 -0.01592027 -0.00479514 0.54509804 0.71372549 0.60000000
v 0.09625491 -0.01305461 -0.00566020 0.54509804 0.71372549 0.60000000
v -0.16303962 0.00281203 -0.01670245 0.54509804 0.71372549 0.60000000
v 0.09910667 -0.01621867 -0.00471372 0.54509804 0.71372549 0.60000000
v 0.01403827 -0.00989054 -0.00992444 0.54509804 0.71372549 0.60000000
v 0.01718596 -0.01162435 -0.00923239 0.54509804 0.71372549 0.60000000
v 0.09910667 -0.01905861 -0.00346871 0.54509804 0.71372549 0.60000000
v 0.09910667 -0.02048888 -0.00268506 0.54509804 0.71372549 0.60000000
v 0.09910667 -0.02063808 -0.00257990 0.54509804 0.71372549 0.60000000
v 0.00454138 -0.01349192 -0.00825877 0.54509804 0.71372549 0.60000000
v 0.00139369 -0.01354851 -0.00816379 0.54509804 0.71372549 0.60000000
v -0.01127779 -0.01171181 -0.00932399 0.54509804 0.71372549 0.60000000
v -0.16936190 -0.00146332 -0.01114570 0.54509804 0.71372549 0.60000000
v -0.16618730 -0.00004849 -0.01375785 0.54509804 0.71372549 0.60000000
v -0.15841223 -0.00199838 -0.01230930 0.54509804 0.71372549 0.60000000
v -0.16051069 -0.00189034 -0.01211593 0.54509804 0.71372549 0.60000000
v -0.15986501 -0.00326915 -0.00755315 0.54509804 0.71372549 0.60000000
v -0.16936190 -0.00232250 -0.00755315 0.54509804 0.71372549 0.60000000
v -0.17121823 -0.00210642 -0.00755315 0.54509804 0.71372549 0.60000000
v -0.15962289 -0.00247685 -0.01092520 0.54509804 0.71372549 0.60000000
v -0.06083377 -0.01152659 -0.00608085 0.54509804 0.71372549 0.60000000
v -0.02911472 -0.01465979 -0.00287843 0.54509804 0.71372549 0.60000000
v -0.16303962 0.00123257 -0.01540656 0.54509804 0.71372549 0.60000000
v -0.13457586 -0.00259004 -0.01296403 0.54509804 0.71372549 0.60000000
v -0.13775045 -0.00250257 -0.01288600 0.54509804 0.71372549 0.60000000
v -0.17111062 -0.00205497 -0.00570430 0.54509804 0.71372549 0.60000000
v -0.17229437 -0.00112891 -0.00454410 0.54509804 0.71372549 0.60000000
v -0.17264411 0.00026534 -0.00109064 0.54509804 0.71372549 0.60000000
v -0.16936190 -0.00075333 -0.00122973 0.54509804 0.71372549 0.60000000
v -0.16936190 0.00062548 0.00099908 0.54509804 0.71372549 0.60000000
v -0.13312308 -0.00200867 0.00352981 0.54509804 0.71372549 0.60000000
v 0.00771598 -0.01413502 0.00942580 0.54509804 0.71372549 0.60000000
v 0.01086367 -0.01433052 0.00958863 0.54509804 0.71372549 0.60000000
v 0.00771598 -0.01255041 0.01044352 0.54509804 0.71372549 0.60000000
v 0.09910667 -0.02004642 0.01222113 0.54509804 0.71372549 0.60000000
v -0.15354273 0.00103192 -0.01556939 0.54509804 0.71372549 0.60000000
v 0.09910667 -0.01880137 -0.00359083 0.54509804 0.71372549 0.60000000
v 0.09625491 -0.01621867 -0.00481549 0.54509804 0.71372549 0.60000000
v 0.01931132 -0.01155232 -0.00918490 0.54509804 0.71372549 0.60000000
v 0.09910667 -0.02193457 -0.00114491 0.54509804 0.71372549 0.60000000
v 0.00454138 -0.01514855 -0.00667792 0.54509804 0.71372549 0.60000000
v -0.01617420 -0.01466493 -0.00600961 0.54509804 0.71372549 0.60000000
v -0.03656694 -0.01414531 -0.00122973 0.54509804 0.71372549 0.60000000
v -0.02932994 -0.01470609 0.00059539 0.54509804 0.71372549 0.60000000
v -0.12507898 -0.00626344 -0.00439144 0.54509804 0.71372549 0.60000000
v -0.13140127 -0.00568722 -0.00439144 0.54509804 0.71372549 0.60000000
v -0.14407274 -0.00452963 -0.00439144 0.54509804 0.71372549 0.60000000
v -0.01442548 -0.01604889 -0.00122973 0.54509804 0.71372549 0.60000000
v -0.01760008 -0.01577622 -0.00122973 0.54509804 0.71372549 0.60000000
v -0.06667180 -0.01148543 -0.00289539 0.54509804 0.71372549 0.60000000
v -0.01442548 -0.01535949 -0.00439144 0.54509804 0.71372549 0.60000000
v -0.00178091 -0.01706757 -0.00122973 0.54509804 0.71372549 0.60000000
v -0.16936190 -0.00217331 -0.00517848 0.54509804 0.71372549 0.60000000
v -0.16936190 -0.00178230 -0.00359762 0.54509804 0.71372549 0.60000000
v -0.16712892 -0.00192121 -0.00307519 0.54509804 0.71372549 0.60000000
v -0.15515693 -0.00199324 0.00035792 0.54509804 0.71372549 0.60000000
v 0.00454138 -0.01533891 0.00763461 0.54509804 0.71372549 0.60000000
v 0.00771598 -0.01548811 0.00784494 0.54509804 0.71372549 0.60000000
v 0.09910667 -0.02188827 0.01078615 0.54509804 0.71372549 0.60000000
v 0.09910667 -0.02204776 -0.00099904 0.54509804 0.71372549 0.60000000
v 0.09910667 -0.02368381 0.00188110 0.54509804 0.71372549 0.60000000
v 0.09910667 -0.02371982 0.00195234 0.54509804 0.71372549 0.60000000
v 0.00139369 -0.01623925 -0.00439144 0.54509804 0.71372549 0.60000000
v 0.00594036 -0.01781357 0.00027311 0.54509804 0.71372549 0.60000000
v 0.00594036 -0.01781357 0.00048004 0.54509804 0.71372549 0.60000000
v 0.00139369 -0.01723220 0.00193199 0.54509804 0.71372549 0.60000000
v -0.00178091 -0.01694924 0.00193199 0.54509804 0.71372549 0.60000000
v -0.02707006 -0.01481928 0.00105675 0.54509804 0.71372549 0.60000000
v -0.06182919 -0.01157804 0.00064966 0.54509804 0.71372549 0.60000000
v -0.06349720 -0.01148029 0.00037149 0.54509804 0.71372549 0.60000000
v -0.13608245 -0.00514187 -0.00289878 0.54509804 0.71372549 0.60000000
v 0.01086367 -0.01760777 -0.00189124 0.54509804 0.71372549 0.60000000
v 0.00139369 -0.01725793 -0.00122973 0.54509804 0.71372549 0.60000000
v 0.09910667 -0.02418800 0.00401492 0.54509804 0.71372549 0.60000000
v -0.16303962 -0.00268264 -0.00439144 0.54509804 0.71372549 0.60000000
v -0.15354273 -0.00277010 -0.00122973 0.54509804 0.71372549 0.60000000
v -0.12825358 -0.00504926 0.00003903 0.54509804 0.71372549 0.60000000
v -0.05373128 -0.01145457 0.00346535 0.54509804 0.71372549 0.60000000
v 0.00139369 -0.01514340 0.00739036 0.54509804 0.71372549 0.60000000
v 0.00454138 -0.01664569 0.00509370 0.54509804 0.71372549 0.60000000
v 0.09910667 -0.02360149 0.00816043 0.54509804 0.71372549 0.60000000
v 0.09910667 -0.02427547 0.00509370 0.54509804 0.71372549 0.60000000
v 0.00771598 -0.01765408 0.00245103 0.54509804 0.71372549 0.60000000
v 0.00475660 -0.01753575 0.00169113 0.54509804 0.71372549 0.60000000
v -0.02392237 -0.01455689 0.00322449 0.54509804 0.71372549 0.60000000
v -0.02392237 -0.01496334 0.00164364 0.54509804 0.71372549 0.60000000
v -0.12825358 -0.00553287 -0.00154183 0.54509804 0.71372549 0.60000000
v -0.02225436 -0.01462892 0.00348910 0.54509804 0.71372549 0.60000000
v 0.00771598 -0.01692351 0.00509370 0.54509804 0.71372549 0.60000000
f 1 2 3
f 1 3 4
f 1 4 5
f 1 5 6
f 1 6 7
f 1 7 8
f 1 8 2
f 2 9 10
f 2 10 11
f 2 11 3
f 2 8 12
f 2 12 9
f 3 11 13
f 3 13 14
f 3 14 15
f 3 15 4
f 4 16 17
f 4 17 18
f 4 18 5
f 4 15 19
f 4 19 16
f 5 18 20
f 5 20 21
f 5 21 22
f 5 22 6
f 6 23 24
f 6 24 25
f 6 25 26
f 6 26 27
f 6 27 7
f 6 22 23
f 7 27 28
f 7 28 29
f 7 29 8
f 8 29 30
f 8 30 12
f 9 31 32
f 9 32 10
f 9 12 31
f 10 32 33
f 10 33 34
f 10 34 11
f 11 34 35
f 11 35 36
f 11 36 13
f 12 30 37
f 12 37 38
f 12 38 39
f 12 39 31
f 13 40 14
f 13 36 40
f 14 40 41
f 14 41 15
f 15 41 19
f 16 19 42
f 16 42 17
f 17 20 18
f 17 42 43
f 17 43 20
f 19 41 44
f 19 44 42
f 20 43 45
f 20 45 46
f 20 46 47
f 20 47 21
f 21 47 48
f 21 48 22
f 22 48 49
f 22 49 23
f 23 49 50
f 23 50 24
f 24 50 51
f 24 51 52
f 24 52 53
f 24 53 54
f 24 54 55
f 24 55 25
f 25 56 26
f 25 55 57
f 25 57 58
f 25 58 56
f 26 56 59
f 26 59 60
f 26 60 27
f 27 60 61
f 27 61 28
f 28 62 63
f 28 63 29
f 28 61 64
f 28 64 62
f 29 63 30
f 30 65 37
f 30 63 65
f 31 39 66
f 31 66 67
f 31 67 68
f 31 68 32
f 32 68 69
f 32 69 70
f 32 70 71
f 32 71 33
f 33 71 72
f 33 72 73
f 33 73 34
f 34 73 74
f 34 74 75
f 34 75 35
f 35 75 36
f 36 75 76
f 36 76 77
f 36 77 40
f 37 78 38
f 37 65 79
f 37 79 78
f 38 78 80
f 38 80 39
f 39 80 66
f 40 81 41
f 40 77 82
f 40 82 81
f 41 81 83
f 41 83 44
f 42 44 43
f 43 44 84
f 43 84 85
f 43 85 86
f 43 86 87
f 43 87 45
f 44 83 84
f 45 87 46
f 46 87 88
f 46 88 89
f 46 89 47
f 47 90 48
f 47 89 91
f 47 91 90
f 48 51 50
f 48 50 49
f 48 90 92
f 48 92 93
f 48 93 52
f 48 52 51
f 52 94 95
f 52 95 96
f 52 96 53
f 52 93 94
f 53 96 97
f 53 97 54
f 54 97 98
f 54 98 55
f 55 98 99
f 55 99 100
f 55 100 101
f 55 101 57
f 56 58 59
f 57 102 58
f 57 101 102
f 58 102 59
f 59 102 60
f 60 102 103
f 60 103 61
f 61 103 104
f 61 104 64
f 62 64 105
f 62 105 63
f 63 105 106
f 63 106 65
f 64 104 105
f 65 106 107
f 65 107 108
f 65 108 79
f 66 80 67
f 67 109 69
f 67 69 68
f 67 80 110
f 67 110 109
f 69 111 70
f 69 109 111
f 70 112 72
f 70 72 71
f 70 111 113
f 70 113 112
f 72 112 114
f 72 114 73
f 73 114 115
f 73 115 116
f 73 116 74
f 74 116 75
f 75 116 117
f 75 117 118
f 75 118 76
f 76 118 119
f 76 119 77
f 77 119 82
f 78 79 110
f 78 110 80
f 79 108 110
f 81 82 83
f 82 119 120
f 82 120 121
f 82 121 122
f 82 122 83
f 83 122 84
f 84 122 123
f 84 123 85
f 85 123 124
f 85 124 125
f 85 125 86
f 86 125 126
f 86 126 127
f 86 127 88
f 86 88 87
f 88 127 89
f 89 127 128
f 89 128 129
f 89 129 91
f 90 93 92
f 90 91 130
f 90 130 131
f 90 131 93
f 91 132 133
f 91 133 130
f 91 129 128
f 91 128 132
f 93 131 94
f 94 131 134
f 94 134 95
f 95 134 96
f 96 134 135
f 96 135 136
f 96 136 97
f 97 136 183
f 97 183 181
f 97 181 180
f 97 180 215
f 97 215 251
f 97 251 281
f 97 281 313
f 97 313 340
f 97 340 375
f 97 375 399
f 97 399 421
f 97 421 422
f 97 422 414
f 97 414 402
f 97 402 401
f 97 401 400
f 97 400 380
f 97 380 349
f 97 349 348
f 97 348 347
f 97 347 377
f 97 377 344
f 97 344 341
f 97 341 314
f 97 314 282
f 97 282 252
f 97 252 216
f 97 216 186
f 97 186 185
f 97 185 184
f 97 184 143
f 97 143 142
f 97 142 138
f 97 138 137
f 97 137 101
f 97 101 100
f 97 100 99
f 97 99 98
f 101 137 103
f 101 103 102
f 103 137 138
f 103 138 104
f 104 139 140
f 104 140 141
f 104 141 105
f 104 138 142
f 104 142 143
f 104 143 139
f 105 141 106
f 106 144 145
f 106 145 110
f 106 110 107
f 106 141 140
f 106 140 146
f 106 146 144
f 107 110 108
f 109 147 111
f 109 110 148
f 109 148 147
f 110 149 148
f 110 145 149
f 111 147 113
f 112 113 150
f 112 150 151
f 112 151 114
f 113 152 150
f 113 147 153
f 113 153 152
f 114 154 155
f 114 155 115
f 114 151 156
f 114 156 157
f 114 157 154
f 115 155 116
f 116 155 158
f 116 158 159
f 116 159 160
f 116 160 117
f 117 160 161
f 117 161 162
f 117 162 163
f 117 163 118
f 118 163 164
f 118 164 165
f 118 165 166
f 118 166 119
f 119 167 120
f 119 166 168
f 119 168 167
f 120 169 121
f 120 167 169
f 121 124 123
f 121 123 122
f 121 169 124
f 124 169 170
f 124 170 125
f 125 170 126
f 126 171 172
f 126 172 173
f 126 173 127
f 126 170 174
f 126 174 171
f 127 173 175
f 127 175 132
f 127 132 128
f 130 133 176
f 130 176 131
f 131 176 134
f 132 175 173
f 132 173 133
f 133 177 178
f 133 178 179
f 133 179 180
f 133 180 181
f 133 181 176
f 133 173 182
f 133 182 177
f 134 176 181
f 134 181 183
f 134 183 136
f 134 136 135
f 139 143 184
f 139 184 185
f 139 185 140
f 140 185 186
f 140 186 187
f 140 187 146
f 144 146 145
f 145 146 188
f 145 188 149
f 146 187 189
f 146 189 188
f 147 190 153
f 147 148 190
f 148 149 191
f 148 191 190
f 149 192 191
f 149 188 193
f 149 193 192
f 150 194 156
f 150 156 151
f 150 152 195
f 150 195 194
f 152 153 196
f 152 196 195
f 153 190 197
f 153 197 196
f 154 157 198
f 154 198 199
f 154 199 200
f 154 200 155
f 155 200 158
f 156 194 157
f 157 194 198
f 158 200 201
f 158 201 202
f 158 202 159
f 159 202 160
f 160 202 203
f 160 203 162
f 160 162 161
f 162 203 164
f 162 164 163
f 164 203 204
f 164 204 168
f 164 168 165
f 165 168 166
f 167 168 205
f 167 205 169
f 168 204 206
f 168 206 207
f 168 207 205
f 169 205 207
f 169 207 208
f 169 208 170
f 170 209 210
f 170 210 174
f 170 208 209
f 171 210 172
f 171 174 210
f 172 210 211
f 172 211 212
f 172 212 182
f 172 182 173
f 177 213 178
f 177 182 212
f 177 212 211
f 177 211 214
f 177 214 213
f 178 213 215
f 178 215 179
f 179 215 180
f 186 216 217
f 186 217 187
f 187 217 218
f 187 218 189
f 188 189 218
f 188 218 219
f 188 219 193
f 190 220 197
f 190 191 221
f 190 221 220
f 191 222 197
f 191 197 220
f 191 220 221
f 191 192 223
f 191 223 222
f 192 193 223
f 193 219 223
f 194 224 198
f 194 195 225
f 194 225 224
f 195 196 226
f 195 226 225
f 196 197 227
f 196 227 228
f 196 228 226
f 197 222 229
f 197 229 230
f 197 230 227
f 198 231 200
f 198 200 232
f 198 232 199
f 198 224 231
f 199 232 200
f 200 233 201
f 200 231 234
f 200 234 233
f 201 233 235
f 201 235 202
f 202 235 236
f 202 236 237
f 202 237 203
f 203 237 204
f 204 237 238
f 204 238 239
f 204 239 206
f 206 239 207
f 207 239 240
f 207 240 208
f 208 240 241
f 208 241 209
f 209 241 242
f 209 242 243
f 209 243 244
f 209 244 210
f 210 244 245
f 210 245 246
f 210 246 211
f 211 246 214
f 213 214 247
f 213 247 248
f 213 248 249
f 213 249 250
f 213 250 251
f 213 251 215
f 214 246 247
f 216 252 219
f 216 219 218
f 216 218 217
f 219 252 253
f 219 253 223
f 222 223 229
f 223 253 254
f 223 254 229
f 224 225 231
f 225 255 256
f 225 256 231
f 225 226 257
f 225 257 255
f 226 258 257
f 226 228 259
f 226 259 260
f 226 260 258
f 227 230 229
f 227 229 228
f 228 229 261
f 228 261 259
f 229 254 261
f 231 262 234
f 231 256 263
f 231 263 262
f 233 234 264
f 233 264 235
f 234 262 265
f 234 265 264
f 235 264 266
f 235 266 267
f 235 267 236
f 236 268 237
f 236 267 268
f 237 268 238
f 238 268 269
f 238 269 270
f 238 270 239
f 239 270 240
f 240 270 271
f 240 271 241
f 241 271 242
f 242 271 272
f 242 272 243
f 243 273 274
f 243 274 244
f 243 272 275
f 243 275 273
f 244 274 276
f 244 276 277
f 244 277 246
f 244 246 245
f 246 277 278
f 246 278 247
f 247 278 279
f 247 279 249
f 247 249 248
f 249 279 280
f 249 280 281
f 249 281 250
f 250 281 251
f 252 282 283
f 252 283 284
f 252 284 253
f 253 284 254
f 254 284 283
f 254 283 261
f 255 285 286
f 255 286 256
f 255 257 285
f 256 286 263
f 257 258 287
f 257 287 288
f 257 288 289
f 257 289 285
f 258 260 287
f 259 261 283
f 259 283 260
f 260 283 290
f 260 290 291
f 260 291 287
f 262 263 265
f 263 286 292
f 263 292 265
f 264 293 266
f 264 265 294
f 264 294 293
f 265 295 294
f 265 292 296
f 265 296 297
f 265 297 295
f 266 293 298
f 266 298 267
f 267 299 268
f 267 298 300
f 267 300 299
f 268 299 269
f 269 299 301
f 269 301 302
f 269 302 303
f 269 303 270
f 270 303 272
f 270 272 271
f 272 303 302
f 272 302 304
f 272 304 305
f 272 305 275
f 273 306 274
f 273 275 305
f 273 305 306
f 274 306 307
f 274 307 308
f 274 308 309
f 274 309 310
f 274 310 277
f 274 277 276
f 277 310 278
f 278 310 311
f 278 311 312
f 278 312 279
f 279 312 280
f 280 312 281
f 281 312 313
f 282 314 290
f 282 290 283
f 285 289 315
f 285 315 316
f 285 316 292
f 285 292 286
f 287 291 317
f 287 317 318
f 287 318 319
f 287 319 320
f 287 320 321
f 287 321 289
f 287 289 288
f 289 321 322
f 289 322 315
f 290 317 291
f 290 314 317
f 292 316 296
f 293 294 295
f 293 295 323
f 293 323 298
f 295 297 324
f 295 324 325
f 295 325 323
f 296 316 326
f 296 326 297
f 297 326 327
f 297 327 324
f 298 323 325
f 298 325 328
f 298 328 300
f 299 329 330
f 299 330 301
f 299 300 329
f 300 328 329
f 301 330 302
f 302 330 331
f 302 331 304
f 304 332 305
f 304 331 332
f 305 332 333
f 305 333 334
f 305 334 306
f 306 334 335
f 306 335 307
f 307 335 336
f 307 336 308
f 308 336 337
f 308 337 338
f 308 338 311
f 308 311 309
f 309 311 310
f 311 338 312
f 312 338 339
f 312 339 313
f 313 339 340
f 314 341 342
f 314 342 317
f 315 343 326
f 315 326 316
f 315 322 343
f 317 342 341
f 317 341 318
f 318 341 344
f 318 344 319
f 319 344 345
f 319 345 320
f 320 345 321
f 321 345 346
f 321 346 322
f 322 346 347
f 322 347 348
f 322 348 349
f 322 349 350
f 322 350 351
f 322 351 352
f 322 352 343
f 324 353 325
f 324 327 354
f 324 354 355
f 324 355 356
f 324 356 353
f 325 357 358
f 325 358 359
f 325 359 328
f 325 353 356
f 325 356 360
f 325 360 361
f 325 361 362
f 325 362 357
f 326 343 327
f 327 355 354
f 327 343 363
f 327 363 364
f 327 364 365
f 327 365 355
f 328 359 366
f 328 366 367
f 328 367 329
f 329 367 330
f 330 367 368
f 330 368 331
f 331 368 333
f 331 333 332
f 333 368 369
f 333 369 370
f 333 370 334
f 334 370 335
f 335 370 371
f 335 371 336
f 336 371 338
f 336 338 337
f 338 372 373
f 338 373 374
f 338 374 339
f 338 371 372
f 339 374 373
f 339 373 340
f 340 373 375
f 343 376 363
f 343 352 376
f 344 377 378
f 344 378 379
f 344 379 345
f 345 379 346
f 346 379 378
f 346 378 377
f 346 377 347
f 349 380 381
f 349 381 350
f 350 381 351
f 351 381 364
f 351 364 363
f 351 363 376
f 351 376 352
f 355 361 360
f 355 360 356
f 355 365 364
f 355 364 381
f 355 381 382
f 355 382 361
f 357 383 384
f 357 384 385
f 357 385 386
f 357 386 387
f 357 387 366
f 357 366 358
f 357 362 388
f 357 388 389
f 357 389 390
f 357 390 383
f 358 366 359
f 361 382 391
f 361 391 362
f 362 391 392
f 362 392 388
f 366 393 394
f 366 394 368
f 366 368 367
f 366 387 393
f 368 394 369
f 369 394 395
f 369 395 396
f 369 396 370
f 370 396 371
f 371 396 397
f 371 397 372
f 372 397 373
f 373 397 398
f 373 398 399
f 373 399 375
f 380 400 381
f 381 400 401
f 381 401 382
f 382 401 402
f 382 402 403
f 382 403 391
f 383 389 404
f 383 404 405
f 383 405 384
f 383 390 389
f 384 405 406
f 384 406 407
f 384 407 408
f 384 408 409
f 384 409 410
f 384 410 411
f 384 411 387
f 384 387 386
f 384 386 385
f 387 411 393
f 388 392 404
f 388 404 389
f 391 403 412
f 391 412 413
f 391 413 392
f 392 413 414
f 392 414 404
f 393 415 395
f 393 395 394
f 393 411 415
f 395 416 396
f 395 415 411
f 395 411 417
f 395 417 416
f 396 416 417
f 396 417 418
f 396 418 419
f 396 419 397
f 397 419 420
f 397 420 421
f 397 421 399
f 397 399 398
f 402 414 413
f 402 413 412
f 402 412 403
f 404 414 422
f 404 422 405
f 405 422 423
f 405 423 424
f 405 424 406
f 406 424 423
f 406 423 407
f 407 423 420
f 407 420 425
f 407 425 426
f 407 426 408
f 408 426 425
f 408 425 409
f 409 418 417
f 409 417 427
f 409 427 411
f 409 411 410
f 409 425 418
f 411 427 417
f 418 425 428
f 418 428 420
f 418 420 419
f 420 428 425
f 420 423 429
f 420 429 421
f 421 429 423
f 421 423 422

o geometry_1
v 0.12965892 0.02606206 -0.01232768 0.54117647 0.42352941 0.64313725
v 0.12965892 0.02688020 -0.01232768 0.54117647 0.42352941 0.64313725
v 0.13084994 0.02496039 -0.01206592 0.54117647 0.42352941 0.64313725
v 0.13105200 0.02172921 -0.01182548 0.54117647 0.42352941 0.64313725
v 0.13105200 0.01856891 -0.01160633 0.54117647 0.42352941 0.64313725
v 0.12789536 0.01856891 -0.01203245 0.54117647 0.42352941 0.64313725
v 0.12789536 0.02608865 -0.01232159 0.54117647 0.42352941 0.64313725
v 0.13084994 0.02798187 -0.01184982 0.54117647 0.42352941 0.64313725
v 0.13421477 0.02488951 -0.01117108 0.54117647 0.42352941 0.64313725
v 0.12789536 0.02689496 -0.01232159 0.54117647 0.42352941 0.64313725
v 0.12789536 0.02847807 -0.01224246 0.54117647 0.42352941 0.64313725
v 0.13421477 0.02172921 -0.01097934 0.54117647 0.42352941 0.64313725
v 0.13105200 0.01224241 -0.01108282 0.54117647 0.42352941 0.64313725
v 0.12789536 0.01540566 -0.01177982 0.54117647 0.42352941 0.64313725
v 0.12630020 0.02637218 -0.01230029 0.54117647 0.42352941 0.64313725
v 0.12473260 0.01540566 -0.01168851 0.54117647 0.42352941 0.64313725
v 0.12473260 0.01856891 -0.01189244 0.54117647 0.42352941 0.64313725
v 0.13097853 0.03124850 -0.01021537 0.54117647 0.42352941 0.64313725
v 0.13445358 0.02829495 -0.01025190 0.54117647 0.42352941 0.64313725
v 0.12789536 0.03121600 -0.01137197 0.54117647 0.42352941 0.64313725
v 0.13641615 0.02740297 -0.00958229 0.54117647 0.42352941 0.64313725
v 0.13677132 0.02488951 -0.00984100 0.54117647 0.42352941 0.64313725
v 0.13664884 0.02172921 -0.00974969 0.54117647 0.42352941 0.64313725
v 0.12630020 0.02662914 -0.01230029 0.54117647 0.42352941 0.64313725
v 0.12504183 0.02783124 -0.01195331 0.54117647 0.42352941 0.64313725
v 0.12473260 0.03121600 -0.01135066 0.54117647 0.42352941 0.64313725
v 0.13576401 0.01096057 -0.00911052 0.54117647 0.42352941 0.64313725
v 0.13451176 0.01210654 -0.00984405 0.54117647 0.42352941 0.64313725
v 0.13105200 0.00945721 -0.01006319 0.54117647 0.42352941 0.64313725
v 0.12789536 0.01224241 -0.01135675 0.54117647 0.42352941 0.64313725
v 0.13365448 0.01002134 -0.00969795 0.54117647 0.42352941 0.64313725
v 0.12473260 0.01224241 -0.01120152 0.54117647 0.42352941 0.64313725
v 0.12156984 0.01224241 -0.01037669 0.54117647 0.42352941 0.64313725
v 0.12156984 0.01540566 -0.01086063 0.54117647 0.42352941 0.64313725
v 0.12987324 0.03301472 -0.00942402 0.54117647 0.42352941 0.64313725
v 0.13355956 0.03021771 -0.00964621 0.54117647 0.42352941 0.64313725
v 0.13566909 0.02951181 -0.00904356 0.54117647 0.42352941 0.64313725
v 0.12473260 0.03355521 -0.00998101 0.54117647 0.42352941 0.64313725
v 0.12789536 0.03338095 -0.00984405 0.54117647 0.42352941 0.64313725
v 0.13743264 0.02829495 -0.00827047 0.54117647 0.42352941 0.64313725
v 0.13953299 0.02805275 -0.00654166 0.54117647 0.42352941 0.64313725
v 0.13835116 0.02488951 -0.00862049 0.54117647 0.42352941 0.64313725
v 0.13822870 0.02172921 -0.00853831 0.54117647 0.42352941 0.64313725
v 0.12156984 0.01856891 -0.01083933 0.54117647 0.42352941 0.64313725
v 0.12156984 0.02805275 -0.01066279 0.54117647 0.42352941 0.64313725
v 0.12230465 0.03324214 -0.00960359 0.54117647 0.42352941 0.64313725
v 0.12137694 0.03132528 -0.01002362 0.54117647 0.42352941 0.64313725
v 0.13400964 0.00594840 -0.00646861 0.54117647 0.42352941 0.64313725
v 0.13926356 0.01224241 -0.00629817 0.54117647 0.42352941 0.64313725
v 0.13912272 0.01045847 -0.00615511 0.54117647 0.42352941 0.64313725
v 0.13105200 0.00594840 -0.00783218 0.54117647 0.42352941 0.64313725
v 0.12789536 0.00594840 -0.00860223 0.54117647 0.42352941 0.64313725
v 0.12789536 0.00916186 -0.01013624 0.54117647 0.42352941 0.64313725
v 0.12473260 0.00934202 -0.01002058 0.54117647 0.42352941 0.64313725
v 0.12156984 0.01010995 -0.00953055 0.54117647 0.42352941 0.64313725
v 0.11997774 0.01065045 -0.00914096 0.54117647 0.42352941 0.64313725
v 0.11953379 0.01224241 -0.00943315 0.54117647 0.42352941 0.64313725
v 0.11912658 0.01540566 -0.00968882 0.54117647 0.42352941 0.64313725
v 0.12789536 0.03434677 -0.00755216 0.54117647 0.42352941 0.64313725
v 0.13055601 0.03331303 -0.00755216 0.54117647 0.42352941 0.64313725
v 0.13737754 0.03106833 -0.00438979 0.54117647 0.42352941 0.64313725
v 0.13901556 0.02968016 -0.00603641 0.54117647 0.42352941 0.64313725
v 0.12473260 0.03492271 -0.00755216 0.54117647 0.42352941 0.64313725
v 0.14232223 0.02685361 -0.00325145 0.54117647 0.42352941 0.64313725
v 0.14160272 0.02488951 -0.00509896 0.54117647 0.42352941 0.64313725
v 0.14002286 0.02488951 -0.00703778 0.54117647 0.42352941 0.64313725
v 0.13992796 0.02172921 -0.00695864 0.54117647 0.42352941 0.64313725
v 0.11937152 0.02488951 -0.00955185 0.54117647 0.42352941 0.64313725
v 0.11947255 0.02805275 -0.00950011 0.54117647 0.42352941 0.64313725
v 0.11968687 0.03034766 -0.00936010 0.54117647 0.42352941 0.64313725
v 0.12019512 0.03245354 -0.00898269 0.54117647 0.42352941 0.64313725
v 0.11915108 0.03345184 -0.00687342 0.54117647 0.42352941 0.64313725
v 0.12137694 0.03406323 -0.00777739 0.54117647 0.42352941 0.64313725
v 0.13413823 0.00594840 -0.00635295 0.54117647 0.42352941 0.64313725
v 0.14151087 0.02172921 -0.00498026 0.54117647 0.42352941 0.64313725
v 0.14054030 0.01224241 -0.00438979 0.54117647 0.42352941 0.64313725
v 0.14181704 0.01224241 -0.00199137 0.54117647 0.42352941 0.64313725
v 0.14219669 0.01055003 0.00010267 0.54117647 0.42352941 0.64313725
v 0.13963403 0.00985594 -0.00438979 0.54117647 0.42352941 0.64313725
v 0.13819501 0.00594840 -0.00132785 0.54117647 0.42352941 0.64313725
v 0.13647127 0.00594840 -0.00421325 0.54117647 0.42352941 0.64313725
v 0.12473260 0.00594840 -0.00857179 0.54117647 0.42352941 0.64313725
v 0.12469280 0.00594840 -0.00856266 0.54117647 0.42352941 0.64313725
v 0.12156984 0.00594840 -0.00771652 0.54117647 0.42352941 0.64313725
v 0.12154535 0.00594840 -0.00770434 0.54117647 0.42352941 0.64313725
v 0.11917557 0.00594840 -0.00652340 0.54117647 0.42352941 0.64313725
v 0.11759878 0.00594840 -0.00526028 0.54117647 0.42352941 0.64313725
v 0.11795088 0.01224241 -0.00814568 0.54117647 0.42352941 0.64313725
v 0.11754366 0.01540566 -0.00855657 0.54117647 0.42352941 0.64313725
v 0.12473260 0.03554886 -0.00438979 0.54117647 0.42352941 0.64313725
v 0.12789536 0.03476027 -0.00438979 0.54117647 0.42352941 0.64313725
v 0.13317072 0.03296155 -0.00382975 0.54117647 0.42352941 0.64313725
v 0.13422090 0.03243286 -0.00468502 0.54117647 0.42352941 0.64313725
v 0.13737754 0.03166494 -0.00122741 0.54117647 0.42352941 0.64313725
v 0.13937684 0.02993712 -0.00438979 0.54117647 0.42352941 0.64313725
v 0.14140371 0.02882659 -0.00122741 0.54117647 0.42352941 0.64313725
v 0.12156984 0.03554296 -0.00438979 0.54117647 0.42352941 0.64313725
v 0.14258246 0.02724644 -0.00122741 0.54117647 0.42352941 0.64313725
v 0.14314277 0.02488951 -0.00122741 0.54117647 0.42352941 0.64313725
v 0.14246612 0.02488951 -0.00351929 0.54117647 0.42352941 0.64313725
v 0.14242021 0.02172921 -0.00340059 0.54117647 0.42352941 0.64313725
v 0.11778860 0.02488951 -0.00829177 0.54117647 0.42352941 0.64313725
v 0.11789270 0.02805275 -0.00812437 0.54117647 0.42352941 0.64313725
v 0.11659453 0.03023247 -0.00626469 0.54117647 0.42352941 0.64313725
v 0.11836727 0.03134301 -0.00762521 0.54117647 0.42352941 0.64313725
v 0.11704460 0.03234131 -0.00566204 0.54117647 0.42352941 0.64313725
v 0.11822030 0.03403960 -0.00452066 0.54117647 0.42352941 0.64313725
v 0.11638634 0.03324805 -0.00355278 0.54117647 0.42352941 0.64313725
v 0.14223037 0.01856891 -0.00303231 0.54117647 0.42352941 0.64313725
v 0.14203136 0.01479723 -0.00252097 0.54117647 0.42352941 0.64313725
v 0.14233753 0.01224241 -0.00040866 0.54117647 0.42352941 0.64313725
v 0.14260697 0.01224241 0.00193496 0.54117647 0.42352941 0.64313725
v 0.14223650 0.01048209 0.00193496 0.54117647 0.42352941 0.64313725
v 0.13921763 0.00594840 0.00193496 0.54117647 0.42352941 0.64313725
v 0.11615364 0.00594840 -0.00368365 0.54117647 0.42352941 0.64313725
v 0.11627305 0.01224241 -0.00656601 0.54117647 0.42352941 0.64313725
v 0.11592095 0.01540566 -0.00697386 0.54117647 0.42352941 0.64313725
v 0.11598831 0.01856891 -0.00690386 0.54117647 0.42352941 0.64313725
v 0.12156984 0.03587671 -0.00194572 0.54117647 0.42352941 0.64313725
v 0.12156984 0.03601847 -0.00036605 0.54117647 0.42352941 0.64313725
v 0.12322929 0.03597417 -0.00016821 0.54117647 0.42352941 0.64313725
v 0.12363038 0.03606278 0.00193496 0.54117647 0.42352941 0.64313725
v 0.12521024 0.03572312 0.00193496 0.54117647 0.42352941 0.64313725
v 0.13514553 0.03259826 -0.00122741 0.54117647 0.42352941 0.64313725
v 0.12547966 0.03576743 0.00509430 0.54117647 0.42352941 0.64313725
v 0.13737754 0.03173583 0.00193496 0.54117647 0.42352941 0.64313725
v 0.13991265 0.03037424 0.00193496 0.54117647 0.42352941 0.64313725
v 0.13982386 0.03027973 -0.00122741 0.54117647 0.42352941 0.64313725
v 0.14149556 0.02896540 0.00193496 0.54117647 0.42352941 0.64313725
v 0.14270495 0.02738230 0.00193496 0.54117647 0.42352941 0.64313725
v 0.11863058 0.03529486 -0.00117262 0.54117647 0.42352941 0.64313725
v 0.11983383 0.03602143 -0.00008299 0.54117647 0.42352941 0.64313725
v 0.14347344 0.02488951 0.00193496 0.54117647 0.42352941 0.64313725
v 0.14356222 0.02172921 0.00193496 0.54117647 0.42352941 0.64313725
v 0.14307847 0.02172921 -0.00122741 0.54117647 0.42352941 0.64313725
v 0.11605873 0.02172921 -0.00679733 0.54117647 0.42352941 0.64313725
v 0.11617507 0.02488951 -0.00670906 0.54117647 0.42352941 0.64313725
v 0.11636490 0.02805275 -0.00654166 0.54117647 0.42352941 0.64313725
v 0.11502386 0.02805275 -0.00438979 0.54117647 0.42352941 0.64313725
v 0.11593626 0.03125735 -0.00452066 0.54117647 0.42352941 0.64313725
v 0.11440540 0.03094133 -0.00096870 0.54117647 0.42352941 0.64313725
v 0.11598831 0.03361724 -0.00122741 0.54117647 0.42352941 0.64313725
v 0.14295600 0.01540566 0.00193496 0.54117647 0.42352941 0.64313725
v 0.14290396 0.01540566 0.00509430 0.54117647 0.42352941 0.64313725
v 0.14242939 0.01197954 0.00531648 0.54117647 0.42352941 0.64313725
v 0.14219976 0.01053526 0.00440947 0.54117647 0.42352941 0.64313725
v 0.13929724 0.00594840 0.00509430 0.54117647 0.42352941 0.64313725
v 0.11484322 0.00594840 -0.00122741 0.54117647 0.42352941 0.64313725
v 0.11348382 0.01344450 -0.00316623 0.54117647 0.42352941 0.64313725
v 0.11434110 0.01540566 -0.00484938 0.54117647 0.42352941 0.64313725
v 0.11440540 0.01856891 -0.00474589 0.54117647 0.42352941 0.64313725
v 0.12131571 0.03607755 0.00213585 0.54117647 0.42352941 0.64313725
v 0.12389675 0.03612185 0.00509430 0.54117647 0.42352941 0.64313725
v 0.13502000 0.03257759 0.00193496 0.54117647 0.42352941 0.64313725
v 0.12358752 0.03605392 0.00701790 0.54117647 0.42352941 0.64313725
v 0.12789536 0.03455647 0.00825667 0.54117647 0.42352941 0.64313725
v 0.13737754 0.03129280 0.00825667 0.54117647 0.42352941 0.64313725
v 0.13737754 0.03153499 0.00509430 0.54117647 0.42352941 0.64313725
v 0.13978711 0.03022952 0.00825667 0.54117647 0.42352941 0.64313725
v 0.13990040 0.03032699 0.00509430 0.54117647 0.42352941 0.64313725
v 0.14148331 0.02881477 0.00509430 0.54117647 0.42352941 0.64313725
v 0.14255492 0.02723167 0.00509430 0.54117647 0.42352941 0.64313725
v 0.11863058 0.03550456 0.00213585 0.54117647 0.42352941 0.64313725
v 0.11577093 0.03382104 0.00193496 0.54117647 0.42352941 0.64313725
v 0.11983383 0.03602143 0.00121666 0.54117647 0.42352941 0.64313725
v 0.12207808 0.03612185 0.00509430 0.54117647 0.42352941 0.64313725
v 0.14341220 0.02172921 0.00509430 0.54117647 0.42352941 0.64313725
v 0.14321931 0.02488951 0.00509430 0.54117647 0.42352941 0.64313725
v 0.14320706 0.01856891 0.00509430 0.54117647 0.42352941 0.64313725
v 0.11447581 0.02172921 -0.00462415 0.54117647 0.42352941 0.64313725
v 0.11445438 0.02480385 -0.00412803 0.54117647 0.42352941 0.64313725
v 0.11361853 0.02369036 -0.00290143 0.54117647 0.42352941 0.64313725
v 0.11374100 0.02579920 -0.00241444 0.54117647 0.42352941 0.64313725
v 0.11390328 0.02805275 -0.00179353 0.54117647 0.42352941 0.64313725
v 0.11363997 0.02970379 0.00025790 0.54117647 0.42352941 0.64313725
v 0.11418802 0.03126917 0.00193496 0.54117647 0.42352941 0.64313725
v 0.14244469 0.01540566 0.00770881 0.54117647 0.42352941 0.64313725
v 0.14227324 0.01285675 0.00727356 0.54117647 0.42352941 0.64313725
v 0.14210484 0.01074791 0.00651873 0.54117647 0.42352941 0.64313725
v 0.13903087 0.00594840 0.00631481 0.54117647 0.42352941 0.64313725
v 0.11483404 0.00594840 -0.00120002 0.54117647 0.42352941 0.64313725
v 0.11322663 0.01276519 -0.00122741 0.54117647 0.42352941 0.64313725
v 0.11276737 0.01540566 -0.00122741 0.54117647 0.42352941 0.64313725
v 0.11342565 0.01540566 -0.00326971 0.54117647 0.42352941 0.64313725
v 0.11401961 0.00594840 0.00166712 0.54117647 0.42352941 0.64313725
v 0.11347463 0.01856891 -0.00316623 0.54117647 0.42352941 0.64313725
v 0.12467749 0.03552819 0.00814405 0.54117647 0.42352941 0.64313725
v 0.12267206 0.03605392 0.00701790 0.54117647 0.42352941 0.64313725
v 0.12473260 0.03448854 0.01141904 0.54117647 0.42352941 0.64313725
v 0.12789536 0.03381808 0.01141904 0.54117647 0.42352941 0.64313725
v 0.13421477 0.03169153 0.01141904 0.54117647 0.42352941 0.64313725
v 0.13750000 0.03050420 0.01150427 0.54117647 0.42352941 0.64313725
v 0.13942583 0.02998437 0.01050594 0.54117647 0.42352941 0.64313725
v 0.14142820 0.02800550 0.00832363 0.54117647 0.42352941 0.64313725
v 0.14233448 0.02692155 0.00731618 0.54117647 0.42352941 0.64313725
v 0.11586584 0.03374129 0.00509430 0.54117647 0.42352941 0.64313725
v 0.11840707 0.03522692 0.00509430 0.54117647 0.42352941 0.64313725
v 0.12009408 0.03594464 0.00332288 0.54117647 0.42352941 0.64313725
v 0.12049823 0.03586489 0.00509430 0.54117647 0.42352941 0.64313725
v 0.14254573 0.02488951 0.00792491 0.54117647 0.42352941 0.64313725
v 0.14263145 0.02172921 0.00814101 0.54117647 0.42352941 0.64313725
v 0.14257636 0.01856891 0.00795535 0.54117647 0.42352941 0.64313725
v 0.11354505 0.02172921 -0.00304144 0.54117647 0.42352941 0.64313725
v 0.11285923 0.01856891 -0.00122741 0.54117647 0.42352941 0.64313725
v 0.11310416 0.02172921 -0.00122741 0.54117647 0.42352941 0.64313725
v 0.11341646 0.02480385 -0.00130655 0.54117647 0.42352941 0.64313725
v 0.11355424 0.02805275 -0.00021082 0.54117647 0.42352941 0.64313725
v 0.11243670 0.01856891 0.00193496 0.54117647 0.42352941 0.64313725
v 0.11275207 0.02172921 0.00193496 0.54117647 0.42352941 0.64313725
v 0.11307048 0.02488951 0.00193496 0.54117647 0.42352941 0.64313725
v 0.11343483 0.02805275 0.00193496 0.54117647 0.42352941 0.64313725
v 0.11364608 0.02968902 0.00193496 0.54117647 0.42352941 0.64313725
v 0.11428599 0.03089998 0.00478080 0.54117647 0.42352941 0.64313725
v 0.11366140 0.02963881 0.00351767 0.54117647 0.42352941 0.64313725
v 0.14194869 0.01540566 0.00929152 0.54117647 0.42352941 0.64313725
v 0.14180786 0.01197954 0.00829928 0.54117647 0.42352941 0.64313725
v 0.13963096 0.00985003 0.01080422 0.54117647 0.42352941 0.64313725
v 0.13716934 0.00594840 0.01142209 0.54117647 0.42352941 0.64313725
v 0.13848894 0.00594840 0.00832059 0.54117647 0.42352941 0.64313725
v 0.11228362 0.01540566 0.00193496 0.54117647 0.42352941 0.64313725
v 0.11390021 0.00594840 0.00509430 0.54117647 0.42352941 0.64313725
v 0.12159739 0.03556658 0.00814405 0.54117647 0.42352941 0.64313725
v 0.12156984 0.03429360 0.01141904 0.54117647 0.42352941 0.64313725
v 0.12473260 0.03333665 0.01374137 0.54117647 0.42352941 0.64313725
v 0.12789536 0.03308560 0.01344004 0.54117647 0.42352941 0.64313725
v 0.12953952 0.03282273 0.01305654 0.54117647 0.42352941 0.64313725
v 0.13652638 0.03007003 0.01354657 0.54117647 0.42352941 0.64313725
v 0.13863590 0.02907173 0.01261521 0.54117647 0.42352941 0.64313725
v 0.13990040 0.02803208 0.01150427 0.54117647 0.42352941 0.64313725
v 0.14200380 0.02488951 0.00950762 0.54117647 0.42352941 0.64313725
v 0.11635265 0.03326577 0.00825667 0.54117647 0.42352941 0.64313725
v 0.11840707 0.03450921 0.00825667 0.54117647 0.42352941 0.64313725
v 0.14207422 0.02172921 0.00972068 0.54117647 0.42352941 0.64313725
v 0.14200075 0.01856891 0.00953806 0.54117647 0.42352941 0.64313725
v 0.11238771 0.01540566 0.00509430 0.54117647 0.42352941 0.64313725
v 0.11260203 0.01856891 0.00509430 0.54117647 0.42352941 0.64313725
v 0.11288678 0.02172921 0.00509430 0.54117647 0.42352941 0.64313725
v 0.11321438 0.02488951 0.00509430 0.54117647 0.42352941 0.64313725
v 0.11386959 0.02859030 0.00562389 0.54117647 0.42352941 0.64313725
v 0.11543720 0.03121600 0.00825667 0.54117647 0.42352941 0.64313725
v 0.11356648 0.02774263 0.00478080 0.54117647 0.42352941 0.64313725
v 0.11366140 0.02648147 0.00668005 0.54117647 0.42352941 0.64313725
v 0.14083116 0.01540566 0.01141904 0.54117647 0.42352941 0.64313725
v 0.14012697 0.01201499 0.01168384 0.54117647 0.42352941 0.64313725
v 0.13888697 0.01080994 0.01291349 0.54117647 0.42352941 0.64313725
v 0.13610998 0.00594840 0.01330612 0.54117647 0.42352941 0.64313725
v 0.11399512 0.00594840 0.00562389 0.54117647 0.42352941 0.64313725
v 0.12156984 0.03311809 0.01339134 0.54117647 0.42352941 0.64313725
v 0.11867345 0.03331893 0.01116338 0.54117647 0.42352941 0.64313725
v 0.11990426 0.03286409 0.01306567 0.54117647 0.42352941 0.64313725
v 0.12473260 0.03168267 0.01532408 0.54117647 0.42352941 0.64313725
v 0.12789536 0.03036538 0.01667851 0.54117647 0.42352941 0.64313725
v 0.12789536 0.03194553 0.01501971 0.54117647 0.42352941 0.64313725
v 0.13105200 0.03009366 0.01653241 0.54117647 0.42352941 0.64313725
v 0.13287680 0.02978058 0.01628892 0.54117647 0.42352941 0.64313725
v 0.13077645 0.03167380 0.01429836 0.54117647 0.42352941 0.64313725
v 0.13404638 0.03039196 0.01459359 0.54117647 0.42352941 0.64313725
v 0.13750000 0.02803208 0.01403965 0.54117647 0.42352941 0.64313725
v 0.13915946 0.02696289 0.01320568 0.54117647 0.42352941 0.64313725
v 0.14077299 0.02488951 0.01141904 0.54117647 0.42352941 0.64313725
v 0.11674455 0.03288476 0.00993982 0.54117647 0.42352941 0.64313725
v 0.14088628 0.02172921 0.01141904 0.54117647 0.42352941 0.64313725
v 0.13942583 0.01540566 0.01352527 0.54117647 0.42352941 0.64313725
v 0.11337359 0.01324071 0.00825667 0.54117647 0.42352941 0.64313725
v 0.11365833 0.01381960 0.00984242 0.54117647 0.42352941 0.64313725
v 0.11321744 0.01512507 0.00849103 0.54117647 0.42352941 0.64313725
v 0.11321744 0.01856891 0.00783360 0.54117647 0.42352941 0.64313725
v 0.11335522 0.02172921 0.00743792 0.54117647 0.42352941 0.64313725
v 0.11353281 0.02488951 0.00697224 0.54117647 0.42352941 0.64313725
v 0.11450031 0.02774263 0.00794317 0.54117647 0.42352941 0.64313725
v 0.11648431 0.03121600 0.01030202 0.54117647 0.42352941 0.64313725
v 0.11428599 0.02488951 0.00855495 0.54117647 0.42352941 0.64313725
v 0.13930030 0.01291877 0.01337613 0.54117647 0.42352941 0.64313725
v 0.13744183 0.01210359 0.01465447 0.54117647 0.42352941 0.64313725
v 0.13609161 0.00594840 0.01332743 0.54117647 0.42352941 0.64313725
v 0.11456154 0.00594840 0.00818667 0.54117647 0.42352941 0.64313725
v 0.12304559 0.02975104 0.01621587 0.54117647 0.42352941 0.64313725
v 0.11792945 0.03121600 0.01188473 0.54117647 0.42352941 0.64313725
v 0.11950929 0.03121600 0.01341265 0.54117647 0.42352941 0.64313725
v 0.12473260 0.03010252 0.01644415 0.54117647 0.42352941 0.64313725
v 0.12789536 0.02805275 0.01757335 0.54117647 0.42352941 0.64313725
v 0.13105200 0.02805275 0.01728420 0.54117647 0.42352941 0.64313725
v 0.13349220 0.02805275 0.01655068 0.54117647 0.42352941 0.64313725
v 0.13507512 0.02805275 0.01572584 0.54117647 0.42352941 0.64313725
v 0.13564460 0.02576375 0.01608804 0.54117647 0.42352941 0.64313725
v 0.13709279 0.02478318 0.01514450 0.54117647 0.42352941 0.64313725
v 0.13930948 0.02488951 0.01336395 0.54117647 0.42352941 0.64313725
v 0.13935235 0.02172921 0.01341569 0.54117647 0.42352941 0.64313725
v 0.13768065 0.01540566 0.01510798 0.54117647 0.42352941 0.64313725
v 0.11365833 0.01388163 0.00984242 0.54117647 0.42352941 0.64313725
v 0.11598831 0.00594840 0.01133078 0.54117647 0.42352941 0.64313725
v 0.11696194 0.00594840 0.01279174 0.54117647 0.42352941 0.64313725
v 0.11620263 0.01540566 0.01374441 0.54117647 0.42352941 0.64313725
v 0.11446357 0.01512507 0.01110555 0.54117647 0.42352941 0.64313725
v 0.11371957 0.01599046 0.00970241 0.54117647 0.42352941 0.64313725
v 0.11384510 0.01856891 0.00941327 0.54117647 0.42352941 0.64313725
v 0.11404411 0.02172921 0.00901759 0.54117647 0.42352941 0.64313725
v 0.11613527 0.02805275 0.01079205 0.54117647 0.42352941 0.64313725
v 0.11739364 0.02805275 0.01237172 0.54117647 0.42352941 0.64313725
v 0.11492283 0.01856891 0.01141904 0.54117647 0.42352941 0.64313725
v 0.11543413 0.02172921 0.01141904 0.54117647 0.42352941 0.64313725
v 0.13599669 0.01339725 0.01629501 0.54117647 0.42352941 0.64313725
v 0.13421477 0.00594840 0.01470621 0.54117647 0.42352941 0.64313725
v 0.12266288 0.02805275 0.01641675 0.54117647 0.42352941 0.64313725
v 0.12473260 0.02805275 0.01709549 0.54117647 0.42352941 0.64313725
v 0.12107996 0.02805275 0.01549148 0.54117647 0.42352941 0.64313725
v 0.11897656 0.02805275 0.01391181 0.54117647 0.42352941 0.64313725
v 0.12473260 0.02488951 0.01766162 0.54117647 0.42352941 0.64313725
v 0.12789536 0.02488951 0.01807555 0.54117647 0.42352941 0.64313725
v 0.13105200 0.02488951 0.01777119 0.54117647 0.42352941 0.64313725
v 0.13444134 0.02478318 0.01669677 0.54117647 0.42352941 0.64313725
v 0.13584973 0.02365492 0.01619761 0.54117647 0.42352941 0.64313725
v 0.13750306 0.02172921 0.01499536 0.54117647 0.42352941 0.64313725
v 0.13610080 0.01540566 0.01636197 0.54117647 0.42352941 0.64313725
v 0.13603344 0.01856891 0.01631631 0.54117647 0.42352941 0.64313725
v 0.11857853 0.00594840 0.01453272 0.54117647 0.42352941 0.64313725
v 0.11774880 0.01540566 0.01532408 0.54117647 0.42352941 0.64313725
v 0.11785902 0.01856891 0.01521755 0.54117647 0.42352941 0.64313725
v 0.11632204 0.01856891 0.01363788 0.54117647 0.42352941 0.64313725
v 0.11663433 0.02172921 0.01324220 0.54117647 0.42352941 0.64313725
v 0.11681191 0.02336252 0.01301393 0.54117647 0.42352941 0.64313725
v 0.13421477 0.01540566 0.01727203 0.54117647 0.42352941 0.64313725
v 0.13426070 0.01230443 0.01677286 0.54117647 0.42352941 0.64313725
v 0.13214810 0.00594840 0.01595107 0.54117647 0.42352941 0.64313725
v 0.12208421 0.02488951 0.01671503 0.54117647 0.42352941 0.64313725
v 0.11976036 0.02079293 0.01631327 0.54117647 0.42352941 0.64313725
v 0.12156984 0.01856891 0.01751856 0.54117647 0.42352941 0.64313725
v 0.12473260 0.01856891 0.01832818 0.54117647 0.42352941 0.64313725
v 0.12473260 0.01540566 0.01858994 0.54117647 0.42352941 0.64313725
v 0.12789536 0.01540566 0.01876647 0.54117647 0.42352941 0.64313725
v 0.13105200 0.01540566 0.01834036 0.54117647 0.42352941 0.64313725
v 0.13421477 0.02172921 0.01697375 0.54117647 0.42352941 0.64313725
v 0.13421477 0.01856891 0.01714724 0.54117647 0.42352941 0.64313725
v 0.13592015 0.02172921 0.01624326 0.54117647 0.42352941 0.64313725
v 0.11870100 0.00594840 0.01465142 0.54117647 0.42352941 0.64313725
v 0.11933171 0.01540566 0.01661155 0.54117647 0.42352941 0.64313725
v 0.11943887 0.01856891 0.01653546 0.54117647 0.42352941 0.64313725
v 0.13105200 0.01224241 0.01788989 0.54117647 0.42352941 0.64313725
v 0.13054988 0.00594840 0.01657198 0.54117647 0.42352941 0.64313725
v 0.12156984 0.01540566 0.01770727 0.54117647 0.42352941 0.64313725
v 0.12176579 0.00594840 0.01669677 0.54117647 0.42352941 0.64313725
v 0.12473260 0.01224241 0.01822165 0.54117647 0.42352941 0.64313725
v 0.12789536 0.01224241 0.01841340 0.54117647 0.42352941 0.64313725
v 0.12026555 0.00594840 0.01591455 0.54117647 0.42352941 0.64313725
v 0.12159434 0.00594840 0.01663894 0.54117647 0.42352941 0.64313725
v 0.12789536 0.00594840 0.01734203 0.54117647 0.42352941 0.64313725
v 0.12473260 0.00594840 0.01746073 0.54117647 0.42352941 0.64313725
v 0.12476322 0.00594840 0.01746073 0.54117647 0.42352941 0.64313725
f 430 431 432
f 430 432 433
f 430 433 434
f 430 434 435
f 430 435 436
f 430 436 439
f 430 439 431
f 431 437 438
f 431 438 432
f 431 439 440
f 431 440 437
f 432 438 433
f 433 438 441
f 433 441 434
f 434 441 442
f 434 442 443
f 434 443 435
f 435 444 436
f 435 443 445
f 435 445 446
f 435 446 444
f 436 444 453
f 436 453 439
f 437 447 448
f 437 448 438
f 437 440 449
f 437 449 447
f 438 448 450
f 438 450 451
f 438 451 452
f 438 452 441
f 439 453 440
f 440 453 454
f 440 454 455
f 440 455 449
f 441 452 456
f 441 456 457
f 441 457 442
f 442 458 459
f 442 459 443
f 442 457 460
f 442 460 458
f 443 459 445
f 444 446 453
f 445 459 461
f 445 461 462
f 445 462 463
f 445 463 446
f 446 454 453
f 446 463 454
f 447 464 465
f 447 465 448
f 447 449 464
f 448 466 450
f 448 465 466
f 449 455 467
f 449 467 468
f 449 468 464
f 450 466 469
f 450 469 470
f 450 470 471
f 450 471 451
f 451 471 472
f 451 472 452
f 452 472 456
f 454 463 473
f 454 473 474
f 454 474 455
f 455 475 467
f 455 474 476
f 455 476 475
f 456 477 460
f 456 460 457
f 456 472 478
f 456 478 479
f 456 479 477
f 458 480 481
f 458 481 482
f 458 482 459
f 458 460 480
f 459 482 461
f 460 477 480
f 461 483 484
f 461 484 462
f 461 482 483
f 462 484 485
f 462 485 486
f 462 486 463
f 463 486 487
f 463 487 473
f 464 466 465
f 464 468 488
f 464 488 489
f 464 489 490
f 464 490 491
f 464 491 466
f 466 491 469
f 467 475 492
f 467 492 468
f 468 492 488
f 469 491 470
f 470 491 493
f 470 493 494
f 470 494 495
f 470 495 471
f 471 495 496
f 471 496 472
f 472 496 478
f 473 487 474
f 474 487 497
f 474 497 498
f 474 498 499
f 474 499 476
f 475 476 500
f 475 500 501
f 475 501 502
f 475 502 492
f 476 499 500
f 477 479 503
f 477 503 510
f 477 510 509
f 477 509 543
f 477 543 576
f 477 576 609
f 477 609 648
f 477 648 647
f 477 647 675
f 477 675 704
f 477 704 732
f 477 732 753
f 477 753 768
f 477 768 775
f 477 775 777
f 477 777 776
f 477 776 770
f 477 770 774
f 477 774 773
f 477 773 764
f 477 764 745
f 477 745 721
f 477 721 720
f 477 720 705
f 477 705 676
f 477 676 650
f 477 650 614
f 477 614 610
f 477 610 577
f 477 577 544
f 477 544 516
f 477 516 515
f 477 515 514
f 477 514 513
f 477 513 512
f 477 512 511
f 477 511 481
f 477 481 480
f 478 496 504
f 478 504 479
f 479 504 505
f 479 505 506
f 479 506 507
f 479 507 508
f 479 508 509
f 479 509 510
f 479 510 503
f 481 511 482
f 482 511 483
f 483 511 512
f 483 512 484
f 484 512 513
f 484 513 485
f 485 513 514
f 485 514 515
f 485 515 516
f 485 516 517
f 485 517 486
f 486 517 518
f 486 518 487
f 487 518 497
f 488 492 519
f 488 519 520
f 488 520 521
f 488 521 522
f 488 522 489
f 489 522 490
f 490 523 524
f 490 524 491
f 490 522 523
f 491 524 525
f 491 525 493
f 492 502 526
f 492 526 519
f 493 525 527
f 493 527 528
f 493 528 529
f 493 529 494
f 494 504 496
f 494 496 495
f 494 529 530
f 494 530 504
f 497 518 498
f 498 518 531
f 498 531 532
f 498 532 499
f 499 532 533
f 499 533 534
f 499 534 500
f 500 534 535
f 500 535 501
f 501 536 502
f 501 535 537
f 501 537 536
f 502 536 526
f 504 530 538
f 504 538 539
f 504 539 505
f 505 539 506
f 506 539 540
f 506 540 507
f 507 540 541
f 507 541 542
f 507 542 543
f 507 543 509
f 507 509 508
f 516 544 545
f 516 545 517
f 517 545 518
f 518 545 546
f 518 546 547
f 518 547 531
f 519 526 548
f 519 548 549
f 519 549 550
f 519 550 551
f 519 551 552
f 519 552 520
f 520 553 521
f 520 552 554
f 520 554 553
f 521 553 522
f 522 553 523
f 523 555 556
f 523 556 557
f 523 557 524
f 523 553 555
f 524 557 525
f 525 558 559
f 525 559 527
f 525 557 558
f 526 536 560
f 526 560 561
f 526 561 548
f 527 559 562
f 527 562 528
f 528 562 563
f 528 563 564
f 528 564 529
f 529 564 530
f 530 564 539
f 530 539 538
f 531 547 565
f 531 565 566
f 531 566 532
f 532 566 567
f 532 567 533
f 533 535 534
f 533 567 568
f 533 568 569
f 533 569 535
f 535 569 537
f 536 537 560
f 537 569 570
f 537 570 571
f 537 571 560
f 539 564 540
f 540 564 563
f 540 563 572
f 540 572 541
f 541 572 573
f 541 573 574
f 541 574 575
f 541 575 542
f 542 575 576
f 542 576 543
f 544 577 578
f 544 578 545
f 545 578 546
f 546 578 579
f 546 579 547
f 547 579 580
f 547 580 565
f 548 561 549
f 549 551 550
f 549 561 581
f 549 581 551
f 551 582 552
f 551 581 582
f 552 582 554
f 553 583 555
f 553 554 583
f 554 582 584
f 554 584 585
f 554 585 586
f 554 586 587
f 554 587 583
f 555 587 588
f 555 588 589
f 555 589 556
f 555 583 587
f 556 558 557
f 556 589 558
f 558 589 590
f 558 590 559
f 559 590 591
f 559 591 562
f 560 592 561
f 560 571 593
f 560 593 592
f 561 594 595
f 561 595 581
f 561 592 594
f 562 596 563
f 562 591 597
f 562 597 596
f 563 596 598
f 563 598 573
f 563 573 572
f 565 580 599
f 565 599 566
f 566 599 567
f 567 599 600
f 567 600 568
f 568 600 601
f 568 601 602
f 568 602 603
f 568 603 569
f 569 603 570
f 570 603 604
f 570 604 605
f 570 605 571
f 571 605 593
f 573 598 606
f 573 606 607
f 573 607 608
f 573 608 574
f 574 608 575
f 575 608 576
f 576 608 609
f 577 610 578
f 578 611 612
f 578 612 613
f 578 613 579
f 578 610 614
f 578 614 611
f 579 613 615
f 579 615 580
f 580 615 599
f 581 595 582
f 582 595 617
f 582 617 584
f 584 616 585
f 584 617 618
f 584 618 616
f 585 619 620
f 585 620 586
f 585 616 619
f 586 620 621
f 586 621 622
f 586 622 588
f 586 588 587
f 588 622 623
f 588 623 590
f 588 590 589
f 590 623 591
f 591 624 597
f 591 623 624
f 592 593 625
f 592 625 626
f 592 626 594
f 593 605 625
f 594 626 627
f 594 627 595
f 595 627 628
f 595 628 617
f 596 597 629
f 596 629 630
f 596 630 631
f 596 631 606
f 596 606 598
f 597 624 629
f 599 615 632
f 599 632 601
f 599 601 600
f 601 632 633
f 601 633 634
f 601 634 635
f 601 635 602
f 602 635 604
f 602 604 603
f 604 635 636
f 604 636 634
f 604 634 637
f 604 637 638
f 604 638 639
f 604 639 640
f 604 640 641
f 604 641 605
f 605 642 625
f 605 641 643
f 605 643 642
f 606 631 644
f 606 644 607
f 607 644 645
f 607 645 608
f 608 645 646
f 608 646 647
f 608 647 648
f 608 648 609
f 611 649 612
f 611 614 649
f 612 649 633
f 612 633 615
f 612 615 613
f 614 650 649
f 615 633 632
f 616 618 619
f 617 628 651
f 617 651 618
f 618 651 652
f 618 652 653
f 618 653 654
f 618 654 619
f 619 654 655
f 619 655 620
f 620 655 621
f 621 655 656
f 621 656 622
f 622 656 657
f 622 657 658
f 622 658 623
f 623 658 624
f 624 658 659
f 624 659 629
f 625 642 660
f 625 660 661
f 625 661 626
f 626 661 651
f 626 651 628
f 626 628 627
f 629 659 630
f 630 662 631
f 630 659 662
f 631 662 663
f 631 663 644
f 633 649 637
f 633 637 634
f 634 636 635
f 637 664 665
f 637 665 666
f 637 666 638
f 637 649 664
f 638 666 639
f 639 666 667
f 639 667 643
f 639 643 640
f 640 643 641
f 642 643 668
f 642 668 669
f 642 669 660
f 643 667 670
f 643 670 671
f 643 671 668
f 644 663 672
f 644 672 673
f 644 673 645
f 645 673 646
f 646 674 675
f 646 675 647
f 646 673 674
f 649 650 664
f 650 676 664
f 651 661 652
f 652 677 653
f 652 661 678
f 652 678 679
f 652 679 677
f 653 677 680
f 653 680 681
f 653 681 682
f 653 682 654
f 654 682 683
f 654 683 684
f 654 684 685
f 654 685 655
f 655 685 686
f 655 686 656
f 656 686 684
f 656 684 687
f 656 687 657
f 657 687 688
f 657 688 658
f 658 688 659
f 659 688 689
f 659 689 662
f 660 690 661
f 660 669 690
f 661 690 678
f 662 689 691
f 662 691 692
f 662 692 672
f 662 672 663
f 664 693 694
f 664 694 695
f 664 695 696
f 664 696 665
f 664 676 693
f 665 696 697
f 665 697 698
f 665 698 666
f 666 698 667
f 667 698 671
f 667 671 670
f 668 671 669
f 669 699 700
f 669 700 690
f 669 671 699
f 671 698 701
f 671 701 699
f 672 692 702
f 672 702 673
f 673 702 674
f 674 702 703
f 674 703 704
f 674 704 675
f 676 705 693
f 677 706 680
f 677 679 706
f 678 690 679
f 679 690 707
f 679 707 708
f 679 708 706
f 680 706 709
f 680 709 681
f 681 709 710
f 681 710 683
f 681 683 682
f 683 710 711
f 683 711 684
f 684 712 713
f 684 713 687
f 684 686 685
f 684 711 712
f 687 713 714
f 687 714 688
f 688 714 715
f 688 715 716
f 688 716 689
f 689 716 691
f 690 700 707
f 691 716 717
f 691 717 692
f 692 717 718
f 692 718 702
f 693 705 694
f 694 719 695
f 694 705 720
f 694 720 721
f 694 721 722
f 694 722 723
f 694 723 719
f 695 719 724
f 695 724 696
f 696 724 725
f 696 725 697
f 697 725 726
f 697 726 698
f 698 726 701
f 699 727 700
f 699 701 727
f 700 728 707
f 700 727 728
f 701 726 729
f 701 729 730
f 701 730 727
f 702 718 731
f 702 731 703
f 703 731 704
f 704 731 732
f 706 733 734
f 706 734 709
f 706 708 735
f 706 735 733
f 707 728 736
f 707 736 708
f 708 736 735
f 709 734 710
f 710 734 737
f 710 737 738
f 710 738 711
f 711 738 739
f 711 739 712
f 712 740 714
f 712 714 713
f 712 739 740
f 714 740 741
f 714 741 715
f 715 742 716
f 715 741 742
f 716 742 718
f 716 718 717
f 718 743 731
f 718 742 744
f 718 744 743
f 719 723 724
f 721 745 722
f 722 745 746
f 722 746 747
f 722 747 748
f 722 748 723
f 723 748 729
f 723 729 724
f 724 729 725
f 725 729 726
f 727 730 748
f 727 748 749
f 727 749 750
f 727 750 728
f 728 750 736
f 729 748 730
f 731 743 751
f 731 751 752
f 731 752 753
f 731 753 732
f 733 754 737
f 733 737 734
f 733 735 755
f 733 755 754
f 735 736 755
f 736 750 747
f 736 747 755
f 737 754 756
f 737 756 757
f 737 757 738
f 738 757 758
f 738 758 759
f 738 759 739
f 739 759 760
f 739 760 761
f 739 761 740
f 740 761 741
f 741 761 762
f 741 762 763
f 741 763 742
f 742 763 744
f 743 744 751
f 744 763 762
f 744 762 751
f 745 764 746
f 746 764 765
f 746 765 766
f 746 766 747
f 747 750 749
f 747 749 748
f 747 766 755
f 751 760 767
f 751 767 752
f 751 762 760
f 752 767 768
f 752 768 753
f 754 755 766
f 754 766 756
f 756 769 758
f 756 758 757
f 756 766 769
f 758 769 770
f 758 770 771
f 758 771 772
f 758 772 759
f 759 772 760
f 760 772 767
f 760 762 761
f 764 773 765
f 765 773 774
f 765 774 769
f 765 769 766
f 767 772 775
f 767 775 768
f 769 774 770
f 770 776 771
f 771 776 772
f 772 776 777
f 772 777 775

o geometry_2
v 0.13420166 -0.04151904 0.00825594 0.43529412 0.89019608 0.96078431
v 0.13340931 -0.03203821 0.00845666 0.43529412 0.89019608 0.96078431
v 0.13338447 -0.04151904 0.01105560 0.43529412 0.89019608 0.96078431
v 0.13303673 -0.04395256 0.01056292 0.43529412 0.89019608 0.96078431
v 0.13329256 -0.04429484 0.00825594 0.43529412 0.89019608 0.96078431
v 0.13393837 -0.04151904 0.00509654 0.43529412 0.89019608 0.96078431
v 0.13344904 -0.03203821 0.00498445 0.43529412 0.89019608 0.96078431
v 0.13341924 -0.03203821 0.00818816 0.43529412 0.89019608 0.96078431
v 0.13285788 -0.03203821 0.01027096 0.43529412 0.89019608 0.96078431
v 0.13231889 -0.03203821 0.01153785 0.43529412 0.89019608 0.96078431
v 0.13123096 -0.04151904 0.01458255 0.43529412 0.89019608 0.96078431
v 0.12972326 -0.04359643 0.01644899 0.43529412 0.89019608 0.96078431
v 0.13215248 -0.04487651 0.01153785 0.43529412 0.89019608 0.96078431
v 0.13054293 -0.04807174 0.01158998 0.43529412 0.89019608 0.96078431
v 0.13046593 -0.04466283 0.01466857 0.43529412 0.89019608 0.96078431
v 0.12975555 -0.04972970 0.01065155 0.43529412 0.89019608 0.96078431
v 0.13232883 -0.04587563 0.00825594 0.43529412 0.89019608 0.96078431
v 0.13311870 -0.04380615 0.00509654 0.43529412 0.89019608 0.96078431
v 0.13280573 -0.04330164 0.00315711 0.43529412 0.89019608 0.96078431
v 0.13312118 -0.04151904 0.00262273 0.43529412 0.89019608 0.96078431
v 0.13341676 -0.03203821 0.00477330 0.43529412 0.89019608 0.96078431
v 0.13048580 -0.03203821 0.01414722 0.43529412 0.89019608 0.96078431
v 0.12976797 -0.03913498 0.01650373 0.43529412 0.89019608 0.96078431
v 0.12988471 -0.04151904 0.01663407 0.43529412 0.89019608 0.96078431
v 0.12657869 -0.04069797 0.01951714 0.43529412 0.89019608 0.96078431
v 0.12613409 -0.04280505 0.01924343 0.43529412 0.89019608 0.96078431
v 0.12795476 -0.04466283 0.01722059 0.43529412 0.89019608 0.96078431
v 0.12694383 -0.04721506 0.01666795 0.43529412 0.89019608 0.96078431
v 0.12905262 -0.04570548 0.01577905 0.43529412 0.89019608 0.96078431
v 0.13001884 -0.04717153 0.01367018 0.43529412 0.89019608 0.96078431
v 0.12936061 -0.04928058 0.01275781 0.43529412 0.89019608 0.96078431
v 0.12975555 -0.04972970 0.00930125 0.43529412 0.89019608 0.96078431
v 0.12814105 -0.05060023 0.01158998 0.43529412 0.89019608 0.96078431
v 0.12938546 -0.04612294 0.00087098 0.43529412 0.89019608 0.96078431
v 0.13013310 -0.04401389 -0.00047411 0.43529412 0.89019608 0.96078431
v 0.13222947 -0.04151904 0.00104303 0.43529412 0.89019608 0.96078431
v 0.13240335 -0.03203821 0.00193454 0.43529412 0.89019608 0.96078431
v 0.12892842 -0.03203821 0.01572691 0.43529412 0.89019608 0.96078431
v 0.12657869 -0.03929722 0.01951714 0.43529412 0.89019608 0.96078431
v 0.12493935 -0.04165951 0.01995769 0.43529412 0.89019608 0.96078431
v 0.12402530 -0.04408116 0.01967616 0.43529412 0.89019608 0.96078431
v 0.12493935 -0.04495367 0.01892802 0.43529412 0.89019608 0.96078431
v 0.12614154 -0.04932411 0.01609447 0.43529412 0.89019608 0.96078431
v 0.12815346 -0.04824782 0.01488232 0.43529412 0.89019608 0.96078431
v 0.12725182 -0.05011352 0.01398820 0.43529412 0.89019608 0.96078431
v 0.12472822 -0.05208803 0.01141794 0.43529412 0.89019608 0.96078431
v 0.12472822 -0.05180709 0.00825594 0.43529412 0.89019608 0.96078431
v 0.12788272 -0.05035489 0.00825072 0.43529412 0.89019608 0.96078431
v 0.12646693 -0.04953383 0.00314147 0.43529412 0.89019608 0.96078431
v 0.12707546 -0.04693214 -0.00122746 0.43529412 0.89019608 0.96078431
v 0.12868252 -0.04491410 -0.00140733 0.43529412 0.89019608 0.96078431
v 0.12696866 -0.04468064 -0.00320599 0.43529412 0.89019608 0.96078431
v 0.12925878 -0.04151904 -0.00260383 0.43529412 0.89019608 0.96078431
v 0.13064974 -0.04151904 -0.00102413 0.43529412 0.89019608 0.96078431
v 0.13078636 -0.03203821 -0.00080256 0.43529412 0.89019608 0.96078431
v 0.13097513 -0.03203821 -0.00054449 0.43529412 0.89019608 0.96078431
v 0.12734621 -0.03203821 0.01675137 0.43529412 0.89019608 0.96078431
v 0.12592544 -0.03719014 0.01915741 0.43529412 0.89019608 0.96078431
v 0.12481516 -0.03829017 0.01988209 0.43529412 0.89019608 0.96078431
v 0.12156627 -0.04151904 0.02061720 0.43529412 0.89019608 0.96078431
v 0.12156627 -0.04438980 0.01984038 0.43529412 0.89019608 0.96078431
v 0.12156627 -0.04597060 0.01911831 0.43529412 0.89019608 0.96078431
v 0.12494432 -0.04809944 0.01724405 0.43529412 0.89019608 0.96078431
v 0.12403523 -0.04968419 0.01643856 0.43529412 0.89019608 0.96078431
v 0.12494432 -0.05050130 0.01485626 0.43529412 0.89019608 0.96078431
v 0.12273369 -0.04968419 0.01643856 0.43529412 0.89019608 0.96078431
v 0.12205311 -0.05025399 0.01458255 0.43529412 0.89019608 0.96078431
v 0.12125828 -0.05104142 0.01172554 0.43529412 0.89019608 0.96078431
v 0.12156627 -0.05224829 0.00825594 0.43529412 0.89019608 0.96078431
v 0.12156627 -0.05137381 0.00509654 0.43529412 0.89019608 0.96078431
v 0.12472822 -0.05077235 0.00509654 0.43529412 0.89019608 0.96078431
v 0.12472822 -0.04989985 0.00277913 0.43529412 0.89019608 0.96078431
v 0.12636011 -0.04629309 -0.00283583 0.43529412 0.89019608 0.96078431
v 0.12472822 -0.04151904 -0.00501508 0.43529412 0.89019608 0.96078431
v 0.12767656 -0.04151904 -0.00364393 0.43529412 0.89019608 0.96078431
v 0.12789017 -0.03203821 -0.00300006 0.43529412 0.89019608 0.96078431
v 0.12472822 -0.03203821 0.01766634 0.43529412 0.89019608 0.96078431
v 0.12381913 -0.03642645 0.01955364 0.43529412 0.89019608 0.96078431
v 0.12156627 -0.03835744 0.02044515 0.43529412 0.89019608 0.96078431
v 0.11823293 -0.03818729 0.01990034 0.43529412 0.89019608 0.96078431
v 0.11817581 -0.04170304 0.01996551 0.43529412 0.89019608 0.96078431
v 0.11907745 -0.04383979 0.01966312 0.43529412 0.89019608 0.96078431
v 0.11809135 -0.04493982 0.01810949 0.43529412 0.89019608 0.96078431
v 0.11921406 -0.04688465 0.01697295 0.43529412 0.89019608 0.96078431
v 0.12047337 -0.04909263 0.01458255 0.43529412 0.89019608 0.96078431
v 0.11931093 -0.05022233 0.01087834 0.43529412 0.89019608 0.96078431
v 0.11831490 -0.05069124 0.00824030 0.43529412 0.89019608 0.96078431
v 0.11635763 -0.04970002 0.00629565 0.43529412 0.89019608 0.96078431
v 0.11861297 -0.05030741 0.00518257 0.43529412 0.89019608 0.96078431
v 0.11980770 -0.04958329 0.00339954 0.43529412 0.89019608 0.96078431
v 0.12156627 -0.04993546 0.00297464 0.43529412 0.89019608 0.96078431
v 0.12308639 -0.04629111 -0.00284365 0.43529412 0.89019608 0.96078431
v 0.12472822 -0.04746830 -0.00122746 0.43529412 0.89019608 0.96078431
v 0.12472822 -0.04900360 0.00119683 0.43529412 0.89019608 0.96078431
v 0.12472822 -0.04630892 -0.00285408 0.43529412 0.89019608 0.96078431
v 0.12472822 -0.04468064 -0.00384204 0.43529412 0.89019608 0.96078431
v 0.12157372 -0.04133504 -0.00567459 0.43529412 0.89019608 0.96078431
v 0.12052802 -0.04015983 -0.00601347 0.43529412 0.89019608 0.96078431
v 0.12052802 -0.03983338 -0.00601347 0.43529412 0.89019608 0.96078431
v 0.12478038 -0.03203821 -0.00415746 0.43529412 0.89019608 0.96078431
v 0.12549574 -0.03203821 -0.00392024 0.43529412 0.89019608 0.96078431
v 0.12156627 -0.03203821 0.01784621 0.43529412 0.89019608 0.96078431
v 0.12156627 -0.03626620 0.01966834 0.43529412 0.89019608 0.96078431
v 0.11916935 -0.03644822 0.01955625 0.43529412 0.89019608 0.96078431
v 0.11706056 -0.03702000 0.01925386 0.43529412 0.89019608 0.96078431
v 0.11640730 -0.03912707 0.01953018 0.43529412 0.89019608 0.96078431
v 0.11640730 -0.04077118 0.01953018 0.43529412 0.89019608 0.96078431
v 0.11696866 -0.04287627 0.01924604 0.43529412 0.89019608 0.96078431
v 0.11586830 -0.04393277 0.01713717 0.43529412 0.89019608 0.96078431
v 0.11375951 -0.04298113 0.01578166 0.43529412 0.89019608 0.96078431
v 0.11635763 -0.04970002 0.00717674 0.43529412 0.89019608 0.96078431
v 0.11334222 -0.04680156 0.00591767 0.43529412 0.89019608 0.96078431
v 0.11389115 -0.04280505 -0.00247870 0.43529412 0.89019608 0.96078431
v 0.11599995 -0.04350542 -0.00328419 0.43529412 0.89019608 0.96078431
v 0.11840681 -0.04387936 -0.00379251 0.43529412 0.89019608 0.96078431
v 0.12184447 -0.04474395 -0.00382119 0.43529412 0.89019608 0.96078431
v 0.11982012 -0.04015983 -0.00601347 0.43529412 0.89019608 0.96078431
v 0.11862290 -0.04133504 -0.00535396 0.43529412 0.89019608 0.96078431
v 0.11982012 -0.03983338 -0.00601347 0.43529412 0.89019608 0.96078431
v 0.12156627 -0.03203821 -0.00432429 0.43529412 0.89019608 0.96078431
v 0.11824039 -0.03203821 0.01698077 0.43529412 0.89019608 0.96078431
v 0.11530943 -0.03818729 0.01868559 0.43529412 0.89019608 0.96078431
v 0.11816091 -0.03203821 0.01694427 0.43529412 0.89019608 0.96078431
v 0.11669046 -0.03203821 0.01624827 0.43529412 0.89019608 0.96078431
v 0.11315345 -0.03622663 0.01660800 0.43529412 0.89019608 0.96078431
v 0.11280570 -0.03835744 0.01699641 0.43529412 0.89019608 0.96078431
v 0.11303174 -0.04087406 0.01682957 0.43529412 0.89019608 0.96078431
v 0.11043362 -0.04001936 0.01315143 0.43529412 0.89019608 0.96078431
v 0.11334222 -0.04680156 0.00714285 0.43529412 0.89019608 0.96078431
v 0.10966859 -0.04100068 0.00509654 0.43529412 0.89019608 0.96078431
v 0.10988966 -0.04079096 0.00193454 0.43529412 0.89019608 0.96078431
v 0.11118623 -0.04236978 0.00193454 0.43529412 0.89019608 0.96078431
v 0.11328261 -0.04335902 -0.00037244 0.43529412 0.89019608 0.96078431
v 0.11327764 -0.04069995 -0.00311215 0.43529412 0.89019608 0.96078431
v 0.11506602 -0.04165951 -0.00376905 0.43529412 0.89019608 0.96078431
v 0.11030446 -0.04026271 0.00006028 0.43529412 0.89019608 0.96078431
v 0.11327764 -0.03910926 -0.00311215 0.43529412 0.89019608 0.96078431
v 0.11504366 -0.03817542 -0.00372995 0.43529412 0.89019608 0.96078431
v 0.11859807 -0.03203821 -0.00346927 0.43529412 0.89019608 0.96078431
v 0.11505360 -0.03203821 0.01482237 0.43529412 0.89019608 0.96078431
v 0.11497163 -0.03203821 0.01474416 0.43529412 0.89019608 0.96078431
v 0.11349374 -0.03203821 0.01315925 0.43529412 0.89019608 0.96078431
v 0.11031688 -0.03648976 0.01334173 0.43529412 0.89019608 0.96078431
v 0.11122597 -0.03835744 0.01495010 0.43529412 0.89019608 0.96078431
v 0.11031192 -0.03835744 0.01336780 0.43529412 0.89019608 0.96078431
v 0.10977291 -0.03835744 0.01141794 0.43529412 0.89019608 0.96078431
v 0.10912960 -0.03835744 0.00825594 0.43529412 0.89019608 0.96078431
v 0.10882905 -0.03835744 0.00509654 0.43529412 0.89019608 0.96078431
v 0.10950218 -0.03835744 0.00193454 0.43529412 0.89019608 0.96078431
v 0.11034421 -0.03835744 0.00012284 0.43529412 0.89019608 0.96078431
v 0.11048826 -0.03676081 0.00033660 0.43529412 0.89019608 0.96078431
v 0.11385390 -0.03700021 -0.00269767 0.43529412 0.89019608 0.96078431
v 0.11724188 -0.03203821 -0.00273938 0.43529412 0.89019608 0.96078431
v 0.11269145 -0.03203821 0.01152482 0.43529412 0.89019608 0.96078431
v 0.10997163 -0.03604065 0.01141794 0.43529412 0.89019608 0.96078431
v 0.10964625 -0.03560934 0.00825594 0.43529412 0.89019608 0.96078431
v 0.10965866 -0.03568255 0.00509654 0.43529412 0.89019608 0.96078431
v 0.11011321 -0.03631764 0.00193454 0.43529412 0.89019608 0.96078431
v 0.11297958 -0.03203821 0.00169472 0.43529412 0.89019608 0.96078431
v 0.11310625 -0.03203821 0.00152007 0.43529412 0.89019608 0.96078431
v 0.11517531 -0.03203821 -0.00110494 0.43529412 0.89019608 0.96078431
v 0.11522747 -0.03203821 -0.00115447 0.43529412 0.89019608 0.96078431
v 0.11176745 -0.03203821 0.00825594 0.43529412 0.89019608 0.96078431
v 0.11177987 -0.03203821 0.00509654 0.43529412 0.89019608 0.96078431
f 778 779 780
f 778 780 781
f 778 781 782
f 778 782 783
f 778 783 784
f 778 784 785
f 778 785 779
f 779 786 780
f 779 785 784
f 779 784 798
f 779 798 814
f 779 814 833
f 779 833 832
f 779 832 853
f 779 853 878
f 779 878 877
f 779 877 897
f 779 897 916
f 779 916 930
f 779 930 939
f 779 939 938
f 779 938 937
f 779 937 936
f 779 936 941
f 779 941 940
f 779 940 931
f 779 931 919
f 779 919 918
f 779 918 917
f 779 917 901
f 779 901 900
f 779 900 898
f 779 898 879
f 779 879 854
f 779 854 834
f 779 834 815
f 779 815 799
f 779 799 787
f 779 787 786
f 780 786 787
f 780 787 788
f 780 788 789
f 780 789 781
f 781 790 791
f 781 791 782
f 781 789 792
f 781 792 790
f 782 791 793
f 782 793 794
f 782 794 795
f 782 795 783
f 783 795 796
f 783 796 797
f 783 797 798
f 783 798 784
f 787 799 800
f 787 800 788
f 788 800 801
f 788 801 789
f 789 801 802
f 789 802 803
f 789 803 804
f 789 804 805
f 789 805 806
f 789 806 807
f 789 807 792
f 790 807 791
f 790 792 807
f 791 807 808
f 791 808 793
f 793 809 794
f 793 808 810
f 793 810 809
f 794 809 795
f 795 809 796
f 796 811 812
f 796 812 813
f 796 813 797
f 796 809 811
f 797 813 814
f 797 814 798
f 799 815 800
f 800 815 816
f 800 816 801
f 801 816 802
f 802 816 817
f 802 817 803
f 803 817 818
f 803 818 819
f 803 819 805
f 803 805 804
f 805 820 806
f 805 819 820
f 806 820 821
f 806 821 807
f 807 821 808
f 808 821 820
f 808 820 822
f 808 822 810
f 809 810 823
f 809 823 824
f 809 824 825
f 809 825 826
f 809 826 811
f 810 822 823
f 811 826 827
f 811 827 828
f 811 828 812
f 812 828 829
f 812 829 830
f 812 830 831
f 812 831 813
f 813 831 832
f 813 832 833
f 813 833 814
f 815 834 816
f 816 835 836
f 816 836 817
f 816 834 835
f 817 837 818
f 817 836 837
f 818 837 838
f 818 838 839
f 818 839 840
f 818 840 819
f 819 840 820
f 820 840 841
f 820 841 842
f 820 842 822
f 822 842 823
f 823 842 843
f 823 843 844
f 823 844 845
f 823 845 846
f 823 846 824
f 824 846 847
f 824 847 848
f 824 848 826
f 824 826 825
f 826 848 849
f 826 849 850
f 826 850 827
f 827 850 828
f 828 850 829
f 829 851 852
f 829 852 830
f 829 850 851
f 830 832 831
f 830 852 853
f 830 853 832
f 834 854 835
f 835 854 855
f 835 855 836
f 836 856 837
f 836 855 856
f 837 856 857
f 837 857 858
f 837 858 859
f 837 859 838
f 838 859 839
f 839 859 843
f 839 843 841
f 839 841 840
f 841 843 842
f 843 859 860
f 843 860 861
f 843 861 844
f 844 861 862
f 844 862 863
f 844 863 845
f 845 863 864
f 845 864 846
f 846 864 865
f 846 865 866
f 846 866 847
f 847 866 867
f 847 867 868
f 847 868 869
f 847 869 870
f 847 870 871
f 847 871 849
f 847 849 848
f 849 871 850
f 850 871 870
f 850 870 872
f 850 872 873
f 850 873 851
f 851 874 875
f 851 875 876
f 851 876 877
f 851 877 878
f 851 878 853
f 851 853 852
f 851 873 874
f 854 879 880
f 854 880 855
f 855 880 856
f 856 880 881
f 856 881 857
f 857 881 882
f 857 882 883
f 857 883 858
f 858 883 884
f 858 884 885
f 858 885 859
f 859 885 860
f 860 885 886
f 860 886 861
f 861 887 863
f 861 863 862
f 861 886 887
f 863 887 888
f 863 888 864
f 864 888 865
f 865 888 906
f 865 906 889
f 865 889 890
f 865 890 866
f 866 890 891
f 866 891 867
f 867 891 868
f 868 891 869
f 869 891 892
f 869 892 893
f 869 893 872
f 869 872 870
f 872 893 873
f 873 893 874
f 874 894 875
f 874 893 895
f 874 895 894
f 875 894 896
f 875 896 876
f 876 896 897
f 876 897 877
f 879 881 880
f 879 898 881
f 881 898 882
f 882 899 883
f 882 898 900
f 882 900 901
f 882 901 902
f 882 902 899
f 883 899 903
f 883 903 884
f 884 903 904
f 884 904 885
f 885 904 887
f 885 887 886
f 887 904 905
f 887 905 906
f 887 906 888
f 889 906 907
f 889 907 908
f 889 908 909
f 889 909 910
f 889 910 890
f 890 911 912
f 890 912 891
f 890 910 909
f 890 909 913
f 890 913 911
f 891 912 895
f 891 895 892
f 892 895 893
f 894 895 911
f 894 911 914
f 894 914 896
f 895 912 911
f 896 914 915
f 896 915 916
f 896 916 897
f 899 902 903
f 901 917 902
f 902 917 918
f 902 918 919
f 902 919 920
f 902 920 903
f 903 920 921
f 903 921 904
f 904 921 905
f 905 921 922
f 905 922 923
f 905 923 924
f 905 924 907
f 905 907 906
f 907 924 925
f 907 925 908
f 908 926 913
f 908 913 909
f 908 925 926
f 911 913 914
f 913 926 927
f 913 927 914
f 914 927 928
f 914 928 929
f 914 929 915
f 915 929 916
f 916 929 930
f 919 931 920
f 920 931 932
f 920 932 924
f 920 924 923
f 920 923 922
f 920 922 921
f 924 932 933
f 924 933 925
f 925 933 934
f 925 934 935
f 925 935 926
f 926 935 928
f 926 928 927
f 928 935 936
f 928 936 937
f 928 937 938
f 928 938 939
f 928 939 929
f 929 939 930
f 931 940 932
f 932 940 933
f 933 940 941
f 933 941 934
f 934 941 935
f 935 941 936

o geometry_3
v 0.13929674 0.00594840 0.00509583 0.38039216 0.78823529 0.52549020
v 0.14051419 -0.01305606 0.01458204 0.38039216 0.78823529 0.52549020
v 0.14101280 -0.01305606 0.01141997 0.38039216 0.78823529 0.52549020
v 0.14152387 -0.01305606 0.00193376 0.38039216 0.78823529 0.52549020
v 0.14158204 -0.01305606 -0.00122830 0.38039216 0.78823529 0.52549020
v 0.13921780 0.00594840 0.00193376 0.38039216 0.78823529 0.52549020
v 0.13903081 0.00594840 0.00631377 0.38039216 0.78823529 0.52549020
v 0.14048926 -0.01621665 0.01458204 0.38039216 0.78823529 0.52549020
v 0.13849066 0.00594840 0.00832080 0.38039216 0.78823529 0.52549020
v 0.13974134 -0.00976532 0.01473070 0.38039216 0.78823529 0.52549020
v 0.13925934 -0.01073209 0.01647470 0.38039216 0.78823529 0.52549020
v 0.13952527 -0.01305606 0.01674345 0.38039216 0.78823529 0.52549020
v 0.13958344 -0.01621665 0.01682636 0.38039216 0.78823529 0.52549020
v 0.14087568 -0.01621665 0.01141997 0.38039216 0.78823529 0.52549020
v 0.14144077 -0.01621665 0.00193376 0.38039216 0.78823529 0.52549020
v 0.14147401 -0.01621665 -0.00122830 0.38039216 0.78823529 0.52549020
v 0.14034798 -0.01305606 -0.00439037 0.38039216 0.78823529 0.52549020
v 0.13978705 -0.00978392 -0.00467627 0.38039216 0.78823529 0.52549020
v 0.14104189 -0.00989547 -0.00122830 0.38039216 0.78823529 0.52549020
v 0.13819564 0.00594840 -0.00132837 0.38039216 0.78823529 0.52549020
v 0.13926350 -0.01938096 0.01650901 0.38039216 0.78823529 0.52549020
v 0.13986183 -0.01938096 0.01458204 0.38039216 0.78823529 0.52549020
v 0.13718595 0.00594840 0.01138566 0.38039216 0.78823529 0.52549020
v 0.13716933 0.00594840 0.01142283 0.38039216 0.78823529 0.52549020
v 0.13610978 0.00594840 0.01330406 0.38039216 0.78823529 0.52549020
v 0.13609317 0.00594840 0.01332693 0.38039216 0.78823529 0.52549020
v 0.13423999 0.00594840 0.01468782 0.38039216 0.78823529 0.52549020
v 0.13421505 0.00594840 0.01470497 0.38039216 0.78823529 0.52549020
v 0.13377461 -0.00040997 0.01690927 0.38039216 0.78823529 0.52549020
v 0.13758484 -0.00976532 0.01719232 0.38039216 0.78823529 0.52549020
v 0.13737708 -0.01305606 0.01800142 0.38039216 0.78823529 0.52549020
v 0.13737708 -0.01621665 0.01813579 0.38039216 0.78823529 0.52549020
v 0.13737708 -0.01938096 0.01781844 0.38039216 0.78823529 0.52549020
v 0.14021917 -0.01938096 0.01141997 0.38039216 0.78823529 0.52549020
v 0.14062222 -0.01938096 0.00509583 0.38039216 0.78823529 0.52549020
v 0.14078427 -0.01938096 0.00193376 0.38039216 0.78823529 0.52549020
v 0.14080089 -0.01938096 -0.00122830 0.38039216 0.78823529 0.52549020
v 0.13987014 -0.01938096 -0.00401870 0.38039216 0.78823529 0.52549020
v 0.13999064 -0.01612741 -0.00463911 0.38039216 0.78823529 0.52549020
v 0.13903081 -0.01501191 -0.00602573 0.38039216 0.78823529 0.52549020
v 0.13906821 -0.01305606 -0.00605146 0.38039216 0.78823529 0.52549020
v 0.13903081 -0.01076184 -0.00602573 0.38039216 0.78823529 0.52549020
v 0.13891032 -0.00865354 -0.00591994 0.38039216 0.78823529 0.52549020
v 0.13647128 0.00594840 -0.00421311 0.38039216 0.78823529 0.52549020
v 0.13898927 -0.02101703 0.01620310 0.38039216 0.78823529 0.52549020
v 0.13483832 -0.02254155 0.01886484 0.38039216 0.78823529 0.52549020
v 0.13733554 -0.02225896 0.01708367 0.38039216 0.78823529 0.52549020
v 0.13916378 -0.02145208 0.01458204 0.38039216 0.78823529 0.52549020
v 0.13214581 0.00594840 0.01595150 0.38039216 0.78823529 0.52549020
v 0.13421505 -0.00673487 0.01819583 0.38039216 0.78823529 0.52549020
v 0.13105303 -0.00040997 0.01805002 0.38039216 0.78823529 0.52549020
v 0.13396990 -0.01005536 0.01884482 0.38039216 0.78823529 0.52549020
v 0.13447683 -0.01305606 0.01900207 0.38039216 0.78823529 0.52549020
v 0.13460979 -0.01621665 0.01905353 0.38039216 0.78823529 0.52549020
v 0.13474276 -0.01938096 0.01905067 0.38039216 0.78823529 0.52549020
v 0.13325938 -0.02254155 0.01952813 0.38039216 0.78823529 0.52549020
v 0.13935491 -0.02188713 0.01141997 0.38039216 0.78823529 0.52549020
v 0.13957098 -0.02235564 0.00509583 0.38039216 0.78823529 0.52549020
v 0.13964161 -0.02240769 0.00193376 0.38039216 0.78823529 0.52549020
v 0.13964577 -0.02228127 -0.00122830 0.38039216 0.78823529 0.52549020
v 0.13941308 -0.02174583 -0.00348121 0.38039216 0.78823529 0.52549020
v 0.13836184 -0.01938096 -0.00559973 0.38039216 0.78823529 0.52549020
v 0.13873996 -0.01712021 -0.00585705 0.38039216 0.78823529 0.52549020
v 0.13678291 -0.01938096 -0.00640026 0.38039216 0.78823529 0.52549020
v 0.13756407 -0.01612741 -0.00650032 0.38039216 0.78823529 0.52549020
v 0.13737708 -0.01305606 -0.00675192 0.38039216 0.78823529 0.52549020
v 0.13766379 -0.00978392 -0.00656894 0.38039216 0.78823529 0.52549020
v 0.13695327 -0.00673487 -0.00660611 0.38039216 0.78823529 0.52549020
v 0.13401146 0.00594840 -0.00646887 0.38039216 0.78823529 0.52549020
v 0.13414027 0.00594840 -0.00635451 0.38039216 0.78823529 0.52549020
v 0.13833691 -0.02303237 0.01458204 0.38039216 0.78823529 0.52549020
v 0.13625106 -0.02461267 0.01678348 0.38039216 0.78823529 0.52549020
v 0.13305579 -0.02447881 0.01948524 0.38039216 0.78823529 0.52549020
v 0.13864024 -0.02347114 0.01141997 0.38039216 0.78823529 0.52549020
v 0.13055026 0.00594840 0.01657191 0.38039216 0.78823529 0.52549020
v 0.13105303 -0.00357056 0.01872475 0.38039216 0.78823529 0.52549020
v 0.12792424 0.00594840 0.01733241 0.38039216 0.78823529 0.52549020
v 0.12789100 0.00594840 0.01734098 0.38039216 0.78823529 0.52549020
v 0.13275246 -0.01121920 0.01935659 0.38039216 0.78823529 0.52549020
v 0.13289789 -0.01305606 0.01938518 0.38039216 0.78823529 0.52549020
v 0.13105303 -0.02254155 0.01996842 0.38039216 0.78823529 0.52549020
v 0.13876074 -0.02369796 0.00825790 0.38039216 0.78823529 0.52549020
v 0.13886877 -0.02393965 0.00509583 0.38039216 0.78823529 0.52549020
v 0.13888954 -0.02398799 0.00193376 0.38039216 0.78823529 0.52549020
v 0.13878566 -0.02386156 -0.00122830 0.38039216 0.78823529 0.52549020
v 0.13577322 -0.02726757 -0.00273214 0.38039216 0.78823529 0.52549020
v 0.13649621 -0.02495476 -0.00439037 0.38039216 0.78823529 0.52549020
v 0.13586048 -0.02419622 -0.00601429 0.38039216 0.78823529 0.52549020
v 0.13620119 -0.02254155 -0.00616010 0.38039216 0.78823529 0.52549020
v 0.13421505 -0.01938096 -0.00726082 0.38039216 0.78823529 0.52549020
v 0.13421505 -0.01621665 -0.00761248 0.38039216 0.78823529 0.52549020
v 0.13421505 -0.01305606 -0.00768681 0.38039216 0.78823529 0.52549020
v 0.13421505 -0.00989547 -0.00768395 0.38039216 0.78823529 0.52549020
v 0.13421505 -0.00673487 -0.00766394 0.38039216 0.78823529 0.52549020
v 0.13105303 0.00594840 -0.00783262 0.38039216 0.78823529 0.52549020
v 0.13675798 -0.02527082 0.01458204 0.38039216 0.78823529 0.52549020
v 0.13578568 -0.02727500 0.01295526 0.38039216 0.78823529 0.52549020
v 0.13692419 -0.02601449 0.01170873 0.38039216 0.78823529 0.52549020
v 0.13409040 -0.02559803 0.01774411 0.38039216 0.78823529 0.52549020
v 0.12892561 -0.03203820 0.01572850 0.38039216 0.78823529 0.52549020
v 0.13048378 -0.03203820 0.01414461 0.38039216 0.78823529 0.52549020
v 0.13231618 -0.03203820 0.01153719 0.38039216 0.78823529 0.52549020
v 0.12789100 -0.02570586 0.02005990 0.38039216 0.78823529 0.52549020
v 0.13082034 -0.02560175 0.01965393 0.38039216 0.78823529 0.52549020
v 0.12961537 -0.02735681 0.01937946 0.38039216 0.78823529 0.52549020
v 0.13172200 -0.02658711 0.01870759 0.38039216 0.78823529 0.52549020
v 0.13340897 -0.03203820 0.00845517 0.38039216 0.78823529 0.52549020
v 0.13753913 -0.02570586 0.00825790 0.38039216 0.78823529 0.52549020
v 0.12789100 -0.00040997 0.01843884 0.38039216 0.78823529 0.52549020
v 0.12789100 -0.00357056 0.01898206 0.38039216 0.78823529 0.52549020
v 0.13105303 -0.00673487 0.01904781 0.38039216 0.78823529 0.52549020
v 0.12475805 0.00594840 0.01746106 0.38039216 0.78823529 0.52549020
v 0.12766662 -0.00699888 0.01925366 0.38039216 0.78823529 0.52549020
v 0.13105303 -0.01075440 0.01938518 0.38039216 0.78823529 0.52549020
v 0.12789100 -0.02254155 0.02027433 0.38039216 0.78823529 0.52549020
v 0.13772196 -0.02570586 0.00509583 0.38039216 0.78823529 0.52549020
v 0.13344637 -0.03203820 0.00498433 0.38039216 0.78823529 0.52549020
v 0.13341728 -0.03203820 0.00477276 0.38039216 0.78823529 0.52549020
v 0.13705298 -0.02601077 -0.00149991 0.38039216 0.78823529 0.52549020
v 0.13366659 -0.02798521 -0.00374423 0.38039216 0.78823529 0.52549020
v 0.13451838 -0.02656480 -0.00463339 0.38039216 0.78823529 0.52549020
v 0.13240343 -0.03203820 0.00193376 0.38039216 0.78823529 0.52549020
v 0.13097408 -0.03203820 -0.00054500 0.38039216 0.78823529 0.52549020
v 0.13078710 -0.03203820 -0.00080231 0.38039216 0.78823529 0.52549020
v 0.13234942 -0.02708165 -0.00585133 0.38039216 0.78823529 0.52549020
v 0.13421505 -0.02481718 -0.00623444 0.38039216 0.78823529 0.52549020
v 0.13421505 -0.02254155 -0.00675192 0.38039216 0.78823529 0.52549020
v 0.13105303 -0.01938096 -0.00782976 0.38039216 0.78823529 0.52549020
v 0.13105303 -0.01621665 -0.00812996 0.38039216 0.78823529 0.52549020
v 0.13105303 -0.00357056 -0.00837584 0.38039216 0.78823529 0.52549020
v 0.12789100 0.00594840 -0.00860170 0.38039216 0.78823529 0.52549020
v 0.13285634 -0.03203820 0.01027065 0.38039216 0.78823529 0.52549020
v 0.12734668 -0.03203820 0.01675203 0.38039216 0.78823529 0.52549020
v 0.12472897 -0.02570586 0.02011708 0.38039216 0.78823529 0.52549020
v 0.12472897 -0.02773608 0.01961104 0.38039216 0.78823529 0.52549020
v 0.12789100 -0.02756875 0.01951955 0.38039216 0.78823529 0.52549020
v 0.12472897 -0.03203820 0.01766405 0.38039216 0.78823529 0.52549020
v 0.13341728 -0.03203820 0.00818928 0.38039216 0.78823529 0.52549020
v 0.12472897 -0.00357056 0.01875048 0.38039216 0.78823529 0.52549020
v 0.12501151 -0.00699888 0.01913930 0.38039216 0.78823529 0.52549020
v 0.12625389 -0.00823337 0.01932800 0.38039216 0.78823529 0.52549020
v 0.12472897 0.00594840 0.01745820 0.38039216 0.78823529 0.52549020
v 0.12156694 -0.00357056 0.01847315 0.38039216 0.78823529 0.52549020
v 0.12472897 -0.02254155 0.02023145 0.38039216 0.78823529 0.52549020
v 0.12988544 -0.03071447 -0.00316957 0.38039216 0.78823529 0.52549020
v 0.12789100 -0.03203820 -0.00300089 0.38039216 0.78823529 0.52549020
v 0.12789100 -0.02968821 -0.00527952 0.38039216 0.78823529 0.52549020
v 0.13024278 -0.02766171 -0.00617725 0.38039216 0.78823529 0.52549020
v 0.13119846 -0.02589922 -0.00653177 0.38039216 0.78823529 0.52549020
v 0.13105303 -0.02254155 -0.00731514 0.38039216 0.78823529 0.52549020
v 0.12472897 -0.02570586 -0.00731800 0.38039216 0.78823529 0.52549020
v 0.12156694 -0.02570586 -0.00739805 0.38039216 0.78823529 0.52549020
v 0.12789100 -0.01621665 -0.00818142 0.38039216 0.78823529 0.52549020
v 0.12472897 -0.00673487 -0.00887902 0.38039216 0.78823529 0.52549020
v 0.12789100 -0.00357056 -0.00877896 0.38039216 0.78823529 0.52549020
v 0.12472897 -0.00357056 -0.00892763 0.38039216 0.78823529 0.52549020
v 0.12156694 -0.00357056 -0.00892477 0.38039216 0.78823529 0.52549020
v 0.12472897 0.00594840 -0.00857311 0.38039216 0.78823529 0.52549020
v 0.12156694 -0.02570586 0.01998271 0.38039216 0.78823529 0.52549020
v 0.12156694 -0.02767287 0.01956530 0.38039216 0.78823529 0.52549020
v 0.12156694 -0.03203820 0.01784703 0.38039216 0.78823529 0.52549020
v 0.11840906 -0.00673487 0.01855321 0.38039216 0.78823529 0.52549020
v 0.12156694 -0.00673487 0.01882195 0.38039216 0.78823529 0.52549020
v 0.12296720 -0.01122292 0.01934801 0.38039216 0.78823529 0.52549020
v 0.12501151 -0.01005907 0.01939376 0.38039216 0.78823529 0.52549020
v 0.12472897 -0.01305606 0.01961104 0.38039216 0.78823529 0.52549020
v 0.12176223 0.00594840 0.01669771 0.38039216 0.78823529 0.52549020
v 0.11840906 -0.00040997 0.01749823 0.38039216 0.78823529 0.52549020
v 0.11840906 -0.00357056 0.01815866 0.38039216 0.78823529 0.52549020
v 0.11840906 -0.02254155 0.01991124 0.38039216 0.78823529 0.52549020
v 0.12549351 -0.03203820 -0.00391864 0.38039216 0.78823529 0.52549020
v 0.12477883 -0.03203820 -0.00415593 0.38039216 0.78823529 0.52549020
v 0.12472897 -0.03008235 -0.00573411 0.38039216 0.78823529 0.52549020
v 0.12789100 -0.02810420 -0.00638310 0.38039216 0.78823529 0.52549020
v 0.12789100 -0.02570586 -0.00705497 0.38039216 0.78823529 0.52549020
v 0.12472897 -0.02849834 -0.00654607 0.38039216 0.78823529 0.52549020
v 0.12156694 -0.02254155 -0.00768967 0.38039216 0.78823529 0.52549020
v 0.12156694 -0.02853180 -0.00660611 0.38039216 0.78823529 0.52549020
v 0.11840906 -0.02570586 -0.00719506 0.38039216 0.78823529 0.52549020
v 0.11840906 -0.02254155 -0.00754386 0.38039216 0.78823529 0.52549020
v 0.11840906 -0.01938096 -0.00788409 0.38039216 0.78823529 0.52549020
v 0.11840906 -0.01621665 -0.00818714 0.38039216 0.78823529 0.52549020
v 0.12156694 -0.01621665 -0.00824432 0.38039216 0.78823529 0.52549020
v 0.12156694 -0.01305606 -0.00848162 0.38039216 0.78823529 0.52549020
v 0.12472897 -0.00989547 -0.00866174 0.38039216 0.78823529 0.52549020
v 0.12156694 -0.00989547 -0.00870176 0.38039216 0.78823529 0.52549020
v 0.12156694 -0.00673487 -0.00890761 0.38039216 0.78823529 0.52549020
v 0.12156694 -0.00040997 -0.00873035 0.38039216 0.78823529 0.52549020
v 0.11840906 -0.00673487 -0.00867031 0.38039216 0.78823529 0.52549020
v 0.11840906 -0.00357056 -0.00864744 0.38039216 0.78823529 0.52549020
v 0.09913771 -0.00673487 -0.00533671 0.38039216 0.78823529 0.52549020
v 0.12469157 0.00594840 -0.00856453 0.38039216 0.78823529 0.52549020
v 0.11949354 -0.02751298 0.01947381 0.38039216 0.78823529 0.52549020
v 0.11842569 -0.02572446 0.01967966 0.38039216 0.78823529 0.52549020
v 0.11824286 -0.03203820 0.01698075 0.38039216 0.78823529 0.52549020
v 0.11524288 -0.00673487 0.01811006 0.38039216 0.78823529 0.52549020
v 0.11428305 -0.01938096 0.01925938 0.38039216 0.78823529 0.52549020
v 0.11586199 -0.01938096 0.01947095 0.38039216 0.78823529 0.52549020
v 0.11840906 -0.01938096 0.01967108 0.38039216 0.78823529 0.52549020
v 0.12159187 0.00594840 0.01663767 0.38039216 0.78823529 0.52549020
v 0.09913771 -0.00482365 0.01317540 0.38039216 0.78823529 0.52549020
v 0.09913771 -0.00673487 0.01384155 0.38039216 0.78823529 0.52549020
v 0.11524288 -0.00357056 0.01747822 0.38039216 0.78823529 0.52549020
v 0.11567085 -0.02254155 0.01958531 0.38039216 0.78823529 0.52549020
v 0.11630658 -0.02468332 0.01950526 0.38039216 0.78823529 0.52549020
v 0.12156694 -0.03203820 -0.00432461 0.38039216 0.78823529 0.52549020
v 0.12156694 -0.03011210 -0.00573411 0.38039216 0.78823529 0.52549020
v 0.11840906 -0.02814138 -0.00650032 0.38039216 0.78823529 0.52549020
v 0.11617362 -0.02766915 -0.00625159 0.38039216 0.78823529 0.52549020
v 0.11516809 -0.02578395 -0.00655750 0.38039216 0.78823529 0.52549020
v 0.11524288 -0.02254155 -0.00716647 0.38039216 0.78823529 0.52549020
v 0.11524288 -0.01938096 -0.00751527 0.38039216 0.78823529 0.52549020
v 0.11524288 -0.01621665 -0.00779831 0.38039216 0.78823529 0.52549020
v 0.11840906 -0.01305606 -0.00840443 0.38039216 0.78823529 0.52549020
v 0.11840906 -0.00989547 -0.00855309 0.38039216 0.78823529 0.52549020
v 0.11524288 -0.01305606 -0.00798987 0.38039216 0.78823529 0.52549020
v 0.11524288 -0.00989547 -0.00809851 0.38039216 0.78823529 0.52549020
v 0.09913771 -0.00989547 -0.00569980 0.38039216 0.78823529 0.52549020
v 0.09913771 -0.00357056 -0.00414164 0.38039216 0.78823529 0.52549020
v 0.12156694 0.00594840 -0.00771826 0.38039216 0.78823529 0.52549020
v 0.11738275 -0.02679162 0.01905353 0.38039216 0.78823529 0.52549020
v 0.11815976 -0.03203820 0.01694644 0.38039216 0.78823529 0.52549020
v 0.11208085 -0.00989547 0.01771266 0.38039216 0.78823529 0.52549020
v 0.11208085 -0.01621665 0.01845028 0.38039216 0.78823529 0.52549020
v 0.09913771 -0.00989547 0.01453343 0.38039216 0.78823529 0.52549020
v 0.11409191 -0.02254155 0.01910499 0.38039216 0.78823529 0.52549020
v 0.09913771 -0.01305606 0.01457346 0.38039216 0.78823529 0.52549020
v 0.12026639 0.00594840 0.01591434 0.38039216 0.78823529 0.52549020
v 0.09913771 -0.00132468 0.01055083 0.38039216 0.78823529 0.52549020
v 0.09913771 -0.00324335 0.01213186 0.38039216 0.78823529 0.52549020
v 0.11669301 -0.03203820 0.01624884 0.38039216 0.78823529 0.52549020
v 0.09913771 -0.01623524 0.01392160 0.38039216 0.78823529 0.52549020
v 0.09913771 -0.01646578 0.01384441 0.38039216 0.78823529 0.52549020
v 0.09913771 -0.01826918 0.01322686 0.38039216 0.78823529 0.52549020
v 0.11860020 -0.03203820 -0.00346977 0.38039216 0.78823529 0.52549020
v 0.11724148 -0.03203820 -0.00273786 0.38039216 0.78823529 0.52549020
v 0.09913771 -0.02063776 -0.00257490 0.38039216 0.78823529 0.52549020
v 0.09913771 -0.02048903 -0.00268068 0.38039216 0.78823529 0.52549020
v 0.09913771 -0.01905747 -0.00346691 0.38039216 0.78823529 0.52549020
v 0.09913771 -0.01880090 -0.00358985 0.38039216 0.78823529 0.52549020
v 0.09913771 -0.01621665 -0.00471630 0.38039216 0.78823529 0.52549020
v 0.09913771 -0.01591918 -0.00479349 0.38039216 0.78823529 0.52549020
v 0.09913771 -0.01305606 -0.00553398 0.38039216 0.78823529 0.52549020
v 0.09913771 -0.00175973 -0.00302376 0.38039216 0.78823529 0.52549020
v 0.11917776 0.00594840 -0.00652320 0.38039216 0.78823529 0.52549020
v 0.11870408 0.00594840 0.01465065 0.38039216 0.78823529 0.52549020
v 0.09913771 0.00021843 0.00825790 0.38039216 0.78823529 0.52549020
v 0.09913771 0.00008085 0.00847233 0.38039216 0.78823529 0.52549020
v 0.11505590 -0.03203820 0.01482219 0.38039216 0.78823529 0.52549020
v 0.09913771 -0.01982344 0.01238060 0.38039216 0.78823529 0.52549020
v 0.09913771 -0.02005026 0.01222049 0.38039216 0.78823529 0.52549020
v 0.09913771 -0.02188713 0.01078813 0.38039216 0.78823529 0.52549020
v 0.11522626 -0.03203820 -0.00115397 0.38039216 0.78823529 0.52549020
v 0.09913771 -0.02193918 -0.00114253 0.38039216 0.78823529 0.52549020
v 0.09913771 -0.00036535 -0.00122830 0.38039216 0.78823529 0.52549020
v 0.11759881 0.00594840 -0.00525951 0.38039216 0.78823529 0.52549020
v 0.11857942 0.00594840 0.01453343 0.38039216 0.78823529 0.52549020
v 0.09913771 0.00104762 0.00653392 0.38039216 0.78823529 0.52549020
v 0.11497280 -0.03203820 0.01474500 0.38039216 0.78823529 0.52549020
v 0.09913771 -0.02360128 0.00816069 0.38039216 0.78823529 0.52549020
v 0.11349358 -0.03203820 0.01316111 0.38039216 0.78823529 0.52549020
v 0.11517639 -0.03203820 -0.00110537 0.38039216 0.78823529 0.52549020
v 0.09913771 -0.02205073 -0.00099386 0.38039216 0.78823529 0.52549020
v 0.09913771 0.00098441 0.00135624 0.38039216 0.78823529 0.52549020
v 0.11615285 0.00594840 -0.00368134 0.38039216 0.78823529 0.52549020
v 0.11696309 0.00594840 0.01279229 0.38039216 0.78823529 0.52549020
v 0.09913771 0.00113314 0.00631091 0.38039216 0.78823529 0.52549020
v 0.09913771 -0.02363103 0.00803204 0.38039216 0.78823529 0.52549020
v 0.11269164 -0.03203820 0.01152575 0.38039216 0.78823529 0.52549020
v 0.11310715 -0.03203820 0.00151921 0.38039216 0.78823529 0.52549020
v 0.09913771 -0.02372027 0.00195664 0.38039216 0.78823529 0.52549020
v 0.09913771 -0.02368308 0.00188230 0.38039216 0.78823529 0.52549020
v 0.09913771 0.00101787 0.00150491 0.38039216 0.78823529 0.52549020
v 0.11484399 0.00594840 -0.00122830 0.38039216 0.78823529 0.52549020
v 0.11599080 0.00594840 0.01133134 0.38039216 0.78823529 0.52549020
v 0.09913771 0.00126328 0.00473274 0.38039216 0.78823529 0.52549020
v 0.11456144 0.00594840 0.00818643 0.38039216 0.78823529 0.52549020
v 0.09913771 -0.02427430 0.00509583 0.38039216 0.78823529 0.52549020
v 0.11176921 -0.03203820 0.00825790 0.38039216 0.78823529 0.52549020
v 0.11297835 -0.03203820 0.00169647 0.38039216 0.78823529 0.52549020
v 0.09913771 -0.02418878 0.00401798 0.38039216 0.78823529 0.52549020
v 0.09913771 0.00126328 0.00293728 0.38039216 0.78823529 0.52549020
v 0.11483568 0.00594840 -0.00119971 0.38039216 0.78823529 0.52549020
v 0.11399634 0.00594840 0.00562475 0.38039216 0.78823529 0.52549020
v 0.11390078 0.00594840 0.00509583 0.38039216 0.78823529 0.52549020
v 0.11178168 -0.03203820 0.00509583 0.38039216 0.78823529 0.52549020
v 0.11402128 0.00594840 0.00166788 0.38039216 0.78823529 0.52549020
f 942 943 944
f 942 944 945
f 942 945 946
f 942 946 947
f 942 947 961
f 942 961 985
f 942 985 1011
f 942 1011 1010
f 942 1010 1036
f 942 1036 1072
f 942 1072 1099
f 942 1099 1133
f 942 1133 1161
f 942 1161 1186
f 942 1186 1197
f 942 1197 1206
f 942 1206 1215
f 942 1215 1224
f 942 1224 1228
f 942 1228 1226
f 942 1226 1225
f 942 1225 1218
f 942 1218 1216
f 942 1216 1207
f 942 1207 1198
f 942 1198 1187
f 942 1187 1169
f 942 1169 1141
f 942 1141 1108
f 942 1108 1083
f 942 1083 1053
f 942 1053 1019
f 942 1019 1018
f 942 1018 1016
f 942 1016 990
f 942 990 969
f 942 969 968
f 942 968 967
f 942 967 966
f 942 966 965
f 942 965 964
f 942 964 950
f 942 950 948
f 942 948 943
f 943 949 944
f 943 948 950
f 943 950 951
f 943 951 952
f 943 952 953
f 943 953 954
f 943 954 949
f 944 949 955
f 944 955 956
f 944 956 945
f 945 956 946
f 946 956 957
f 946 957 958
f 946 958 959
f 946 959 960
f 946 960 947
f 947 960 961
f 949 954 962
f 949 962 963
f 949 963 955
f 950 952 951
f 950 964 952
f 952 964 965
f 952 965 966
f 952 966 967
f 952 967 968
f 952 968 969
f 952 969 970
f 952 970 971
f 952 971 972
f 952 972 953
f 953 972 973
f 953 973 954
f 954 973 974
f 954 974 962
f 955 963 975
f 955 975 976
f 955 976 956
f 956 976 977
f 956 977 957
f 957 977 978
f 957 978 979
f 957 979 980
f 957 980 958
f 958 980 981
f 958 981 982
f 958 982 983
f 958 983 984
f 958 984 959
f 959 984 961
f 959 961 960
f 961 984 985
f 962 986 963
f 962 974 987
f 962 987 988
f 962 988 986
f 963 986 989
f 963 989 975
f 969 990 970
f 970 991 971
f 970 990 992
f 970 992 991
f 971 991 972
f 972 991 993
f 972 993 994
f 972 994 973
f 973 994 995
f 973 995 996
f 973 996 997
f 973 997 987
f 973 987 974
f 975 989 998
f 975 998 976
f 976 998 999
f 976 999 977
f 977 999 1000
f 977 1000 978
f 978 1000 1001
f 978 1001 1002
f 978 1002 979
f 979 1002 1003
f 979 1003 1004
f 979 1004 981
f 979 981 980
f 981 1004 1005
f 981 1005 1006
f 981 1006 1007
f 981 1007 982
f 982 1007 983
f 983 1007 1008
f 983 1008 984
f 984 1008 1009
f 984 1009 1010
f 984 1010 1011
f 984 1011 985
f 986 1012 989
f 986 988 1013
f 986 1013 1012
f 987 997 1014
f 987 1014 988
f 988 1014 1013
f 989 1012 1015
f 989 1015 998
f 990 1016 992
f 991 992 1017
f 991 1017 993
f 992 1016 1018
f 992 1018 1019
f 992 1019 1017
f 993 1017 1020
f 993 1020 994
f 994 1020 1021
f 994 1021 995
f 995 1021 997
f 995 997 996
f 997 1021 1022
f 997 1022 1014
f 998 1015 1023
f 998 1023 1024
f 998 1024 999
f 999 1024 1000
f 1000 1024 1025
f 1000 1025 1001
f 1001 1025 1026
f 1001 1026 1002
f 1002 1026 1027
f 1002 1027 1028
f 1002 1028 1029
f 1002 1029 1003
f 1003 1029 1004
f 1004 1029 1030
f 1004 1030 1005
f 1005 1030 1031
f 1005 1031 1006
f 1006 1031 1032
f 1006 1032 1007
f 1007 1032 1033
f 1007 1033 1034
f 1007 1034 1035
f 1007 1035 1008
f 1008 1035 1009
f 1009 1035 1036
f 1009 1036 1010
f 1012 1013 1037
f 1012 1037 1038
f 1012 1038 1039
f 1012 1039 1015
f 1013 1040 1041
f 1013 1041 1042
f 1013 1042 1043
f 1013 1043 1037
f 1013 1014 1040
f 1014 1022 1044
f 1014 1044 1045
f 1014 1045 1046
f 1014 1046 1047
f 1014 1047 1040
f 1015 1039 1048
f 1015 1048 1049
f 1015 1049 1023
f 1017 1019 1050
f 1017 1050 1051
f 1017 1051 1052
f 1017 1052 1020
f 1019 1053 1050
f 1020 1052 1051
f 1020 1051 1054
f 1020 1054 1055
f 1020 1055 1056
f 1020 1056 1022
f 1020 1022 1021
f 1022 1056 1044
f 1023 1049 1024
f 1024 1049 1057
f 1024 1057 1025
f 1025 1057 1058
f 1025 1058 1026
f 1026 1058 1059
f 1026 1059 1060
f 1026 1060 1027
f 1027 1061 1062
f 1027 1062 1029
f 1027 1029 1028
f 1027 1060 1059
f 1027 1059 1063
f 1027 1063 1064
f 1027 1064 1065
f 1027 1065 1061
f 1029 1062 1066
f 1029 1066 1067
f 1029 1067 1068
f 1029 1068 1031
f 1029 1031 1030
f 1031 1068 1069
f 1031 1069 1032
f 1032 1069 1070
f 1032 1070 1033
f 1033 1070 1071
f 1033 1071 1034
f 1034 1071 1035
f 1035 1071 1036
f 1036 1071 1072
f 1037 1043 1038
f 1038 1048 1039
f 1038 1043 1073
f 1038 1073 1048
f 1040 1047 1041
f 1041 1047 1074
f 1041 1074 1078
f 1041 1078 1102
f 1041 1102 1136
f 1041 1136 1163
f 1041 1163 1172
f 1041 1172 1190
f 1041 1190 1200
f 1041 1200 1202
f 1041 1202 1210
f 1041 1210 1220
f 1041 1220 1227
f 1041 1227 1221
f 1041 1221 1211
f 1041 1211 1203
f 1041 1203 1194
f 1041 1194 1177
f 1041 1177 1176
f 1041 1176 1147
f 1041 1147 1113
f 1041 1113 1112
f 1041 1112 1087
f 1041 1087 1065
f 1041 1065 1064
f 1041 1064 1063
f 1041 1063 1059
f 1041 1059 1058
f 1041 1058 1079
f 1041 1079 1048
f 1041 1048 1073
f 1041 1073 1043
f 1041 1043 1042
f 1044 1056 1075
f 1044 1075 1076
f 1044 1076 1077
f 1044 1077 1046
f 1044 1046 1045
f 1046 1077 1078
f 1046 1078 1074
f 1046 1074 1047
f 1048 1079 1057
f 1048 1057 1049
f 1050 1053 1051
f 1051 1053 1080
f 1051 1080 1081
f 1051 1081 1082
f 1051 1082 1054
f 1053 1083 1084
f 1053 1084 1080
f 1054 1082 1056
f 1054 1056 1055
f 1056 1082 1085
f 1056 1085 1075
f 1057 1079 1058
f 1061 1065 1086
f 1061 1086 1066
f 1061 1066 1062
f 1065 1087 1086
f 1066 1086 1087
f 1066 1087 1088
f 1066 1088 1089
f 1066 1089 1067
f 1067 1089 1090
f 1067 1090 1068
f 1068 1090 1091
f 1068 1091 1069
f 1069 1091 1092
f 1069 1092 1093
f 1069 1093 1070
f 1070 1093 1094
f 1070 1094 1095
f 1070 1095 1096
f 1070 1096 1071
f 1071 1096 1072
f 1072 1096 1097
f 1072 1097 1098
f 1072 1098 1099
f 1075 1085 1100
f 1075 1100 1101
f 1075 1101 1076
f 1076 1101 1102
f 1076 1102 1077
f 1077 1102 1078
f 1080 1084 1103
f 1080 1103 1104
f 1080 1104 1081
f 1081 1104 1103
f 1081 1103 1105
f 1081 1105 1106
f 1081 1106 1082
f 1082 1106 1107
f 1082 1107 1085
f 1083 1108 1109
f 1083 1109 1110
f 1083 1110 1084
f 1084 1110 1103
f 1085 1107 1111
f 1085 1111 1100
f 1087 1112 1088
f 1088 1112 1113
f 1088 1113 1114
f 1088 1114 1089
f 1089 1114 1115
f 1089 1115 1116
f 1089 1116 1090
f 1090 1116 1091
f 1091 1116 1092
f 1092 1117 1093
f 1092 1116 1117
f 1093 1118 1094
f 1093 1117 1119
f 1093 1119 1120
f 1093 1120 1121
f 1093 1121 1122
f 1093 1122 1123
f 1093 1123 1118
f 1094 1118 1124
f 1094 1124 1125
f 1094 1125 1127
f 1094 1127 1126
f 1094 1126 1095
f 1095 1126 1127
f 1095 1127 1128
f 1095 1128 1097
f 1095 1097 1096
f 1097 1128 1098
f 1098 1129 1099
f 1098 1128 1130
f 1098 1130 1131
f 1098 1131 1129
f 1099 1129 1131
f 1099 1131 1132
f 1099 1132 1133
f 1100 1134 1101
f 1100 1111 1135
f 1100 1135 1134
f 1101 1134 1102
f 1102 1134 1136
f 1103 1110 1137
f 1103 1137 1138
f 1103 1138 1139
f 1103 1139 1105
f 1105 1107 1106
f 1105 1139 1140
f 1105 1140 1107
f 1107 1140 1111
f 1108 1141 1142
f 1108 1142 1143
f 1108 1143 1144
f 1108 1144 1109
f 1109 1144 1110
f 1110 1144 1137
f 1111 1140 1139
f 1111 1139 1145
f 1111 1145 1146
f 1111 1146 1135
f 1113 1147 1114
f 1114 1147 1148
f 1114 1148 1119
f 1114 1119 1117
f 1114 1117 1115
f 1115 1117 1116
f 1118 1123 1124
f 1119 1148 1149
f 1119 1149 1120
f 1120 1149 1150
f 1120 1150 1151
f 1120 1151 1152
f 1120 1152 1153
f 1120 1153 1121
f 1121 1153 1122
f 1122 1153 1123
f 1123 1153 1154
f 1123 1154 1155
f 1123 1155 1127
f 1123 1127 1125
f 1123 1125 1124
f 1127 1155 1128
f 1128 1155 1156
f 1128 1156 1130
f 1130 1156 1157
f 1130 1157 1158
f 1130 1158 1159
f 1130 1159 1131
f 1131 1159 1132
f 1132 1159 1184
f 1132 1184 1183
f 1132 1183 1182
f 1132 1182 1181
f 1132 1181 1180
f 1132 1180 1179
f 1132 1179 1178
f 1132 1178 1195
f 1132 1195 1204
f 1132 1204 1213
f 1132 1213 1212
f 1132 1212 1222
f 1132 1222 1219
f 1132 1219 1209
f 1132 1209 1201
f 1132 1201 1193
f 1132 1193 1192
f 1132 1192 1191
f 1132 1191 1175
f 1132 1175 1174
f 1132 1174 1173
f 1132 1173 1168
f 1132 1168 1166
f 1132 1166 1143
f 1132 1143 1142
f 1132 1142 1171
f 1132 1171 1170
f 1132 1170 1189
f 1132 1189 1188
f 1132 1188 1199
f 1132 1199 1208
f 1132 1208 1217
f 1132 1217 1223
f 1132 1223 1214
f 1132 1214 1205
f 1132 1205 1196
f 1132 1196 1185
f 1132 1185 1160
f 1132 1160 1161
f 1132 1161 1133
f 1134 1135 1146
f 1134 1146 1162
f 1134 1162 1136
f 1136 1162 1163
f 1137 1164 1165
f 1137 1165 1138
f 1137 1144 1166
f 1137 1166 1164
f 1138 1167 1145
f 1138 1145 1139
f 1138 1165 1166
f 1138 1166 1168
f 1138 1168 1167
f 1141 1169 1170
f 1141 1170 1171
f 1141 1171 1142
f 1143 1166 1144
f 1145 1167 1146
f 1146 1172 1162
f 1146 1167 1173
f 1146 1173 1174
f 1146 1174 1175
f 1146 1175 1172
f 1147 1176 1150
f 1147 1150 1149
f 1147 1149 1148
f 1150 1176 1177
f 1150 1177 1178
f 1150 1178 1179
f 1150 1179 1180
f 1150 1180 1181
f 1150 1181 1182
f 1150 1182 1151
f 1151 1182 1183
f 1151 1183 1184
f 1151 1184 1152
f 1152 1184 1153
f 1153 1184 1154
f 1154 1157 1155
f 1154 1184 1157
f 1155 1157 1156
f 1157 1184 1159
f 1157 1159 1158
f 1160 1185 1161
f 1161 1185 1186
f 1162 1172 1163
f 1164 1166 1165
f 1167 1168 1173
f 1169 1187 1188
f 1169 1188 1189
f 1169 1189 1170
f 1172 1175 1191
f 1172 1191 1192
f 1172 1192 1193
f 1172 1193 1190
f 1177 1194 1195
f 1177 1195 1178
f 1185 1196 1186
f 1186 1196 1197
f 1187 1198 1199
f 1187 1199 1188
f 1190 1193 1200
f 1193 1201 1202
f 1193 1202 1200
f 1194 1203 1204
f 1194 1204 1195
f 1196 1205 1197
f 1197 1205 1206
f 1198 1207 1208
f 1198 1208 1199
f 1201 1209 1210
f 1201 1210 1202
f 1203 1211 1212
f 1203 1212 1213
f 1203 1213 1204
f 1205 1214 1206
f 1206 1214 1215
f 1207 1216 1208
f 1208 1216 1218
f 1208 1218 1217
f 1209 1219 1210
f 1210 1219 1220
f 1211 1221 1212
f 1212 1221 1222
f 1214 1223 1215
f 1215 1223 1224
f 1217 1218 1225
f 1217 1225 1226
f 1217 1226 1223
f 1219 1222 1227
f 1219 1227 1220
f 1221 1227 1222
f 1223 1226 1228
f 1223 1228 1224

