# https://github.com/mikedh/trimesh
mtllib material.mtl

o anvil_brush.obj
usemtl material_0
v 0.23505803 0.01716941 -0.01584741
v 0.23557181 0.01655129 -0.01378285
v 0.23493069 0.01693899 -0.01664316
v 0.22624785 0.05229606 -0.01510909
v 0.22795338 0.05497367 -0.01498783
v 0.22617048 0.05233014 -0.01573962
v 0.21286857 0.07232947 0.00724667
v 0.21512368 0.07532622 0.00302332
v 0.21608334 0.07577011 0.00188361
v 0.23448609 -0.07395336 -0.00532233
v 0.23445708 -0.07432355 -0.00378790
v 0.23542854 -0.07414507 -0.00747853
v 0.21177870 0.04490068 0.01374122
v 0.21191766 0.04573728 0.01229190
v 0.21226247 0.04361983 0.01304662
v 0.12930303 0.03262415 0.01818336
v 0.12914794 -0.01558623 0.01822822
v 0.14785713 0.02423584 0.01834900
v 0.14757313 -0.01178627 0.01843596
v 0.13428093 -0.03011579 0.01837427
v 0.14792182 -0.02662751 0.01850201
v 0.14756410 -0.04485183 0.01854541
v 0.12896634 -0.03486171 0.01831381
v 0.12981772 0.06103796 0.01809044
v 0.14794128 0.05417603 0.01818141
v 0.14839155 0.06404397 0.01806594
v 0.14787634 0.04596959 0.01823119
v 0.14792160 0.03608319 0.01828404
v 0.13273246 0.07351329 0.01808109
v 0.12917259 0.07016215 0.01807050
v 0.14801070 0.07363099 0.01815367
v 0.12982931 -0.04949646 0.01862170
v 0.14745950 -0.05536025 0.01863227
v 0.14476726 -0.06485524 0.01886796
v 0.13270009 -0.06540131 0.01902468
v 0.12940358 -0.06972785 0.01926920
v 0.14888155 -0.06071658 0.01861189
v 0.13255659 -0.07112658 0.01937762
v 0.14738043 -0.07146132 0.01926738
v 0.12884543 0.01275335 0.01817590
v 0.12876201 0.04888866 0.01787926
v 0.12866339 -0.05296040 0.01848549
v 0.12942743 0.07369220 0.01754800
v 0.13978563 -0.07194540 0.01946738
v 0.14797312 0.01431443 0.01832772
v 0.14778652 0.00092120 0.01838075
v 0.13260535 0.07525493 0.01758443
v 0.14912123 -0.07107782 0.01860690
v 0.14929707 0.06226259 0.01771498
v 0.14903214 0.04693537 0.01770494
v 0.14705709 0.07539462 0.01746433
v 0.14933620 0.07346148 0.01764136
v 0.14918323 -0.00641042 0.01779309
v 0.12798011 -0.06696265 0.01856776
v 0.12771748 0.07118414 0.01728087
v 0.12720296 0.01911417 0.01727702
v 0.14928215 -0.03516014 0.01780509
v 0.12721977 -0.01615900 0.01729373
v 0.14928695 0.02113414 0.01764139
v 0.14902679 -0.01258219 0.01767443
v 0.14900307 0.03150765 0.01767915
v 0.14918653 -0.04391672 0.01757963
v 0.14908734 0.00034854 0.01762902
v 0.14924773 -0.02703740 0.01766217
v 0.14898354 0.01388987 0.01770744
v 0.12728441 -0.03434084 0.01723211
v 0.12733193 0.04447614 0.01695571
v 0.12708181 -0.05549502 0.01734399
v 0.14658959 -0.07332821 0.01800664
v 0.13191301 -0.07317613 0.01778064
v 0.12860247 -0.07116968 0.01794980
v 0.14971403 0.00825996 0.01705428
v 0.14977209 0.03995638 0.01691303
v 0.14993135 0.07091844 0.01694504
v 0.14990577 -0.05325159 0.01700369
v 0.14989697 -0.06439713 0.01707590
v 0.15010033 -0.02828401 0.01611208
v 0.14969200 0.01541663 0.01620030
v 0.14981783 0.04864267 0.01583629
v 0.14988271 -0.04536975 0.01601016
v 0.14978441 -0.04287418 0.01613469
v 0.14977722 0.04617213 0.01560794
v 0.12639153 -0.00868428 -0.01138961
v 0.12654690 0.02403411 -0.01266061
v 0.12669191 -0.02105741 -0.01553076
v 0.12637536 -0.01988036 -0.01164148
v 0.12674335 0.02699280 -0.01566636
v 0.12666505 0.03551957 -0.00901865
v 0.12673056 0.06641435 -0.01593055
v 0.12670837 0.04379272 0.00903638
v 0.12673554 0.07487565 0.00720549
v 0.12664770 0.04817969 -0.00113668
v 0.12679512 0.07131948 0.01553065
v 0.12681398 0.03227227 0.01586841
v 0.12671723 0.07414499 -0.00940998
v 0.12662195 0.04109043 -0.00358350
v 0.12660526 0.04193425 0.00382741
v 0.12670434 -0.00165946 0.01608339
v 0.12656784 0.02503606 0.01128097
v 0.12655313 -0.02417003 0.01173735
v 0.12658374 0.03584368 0.00725364
v 0.12679458 -0.03249109 0.01594986
v 0.12660622 -0.03685961 0.00660388
v 0.12676731 -0.06196699 0.01624104
v 0.12663545 -0.04283295 0.00427674
v 0.12669982 -0.07190166 -0.00729043
v 0.12664524 -0.04846752 -0.01561090
v 0.12675096 -0.06823206 -0.01540796
v 0.12663854 -0.04536963 -0.00530060
v 0.12668394 -0.07282773 0.00453673
v 0.12671686 -0.07041243 0.01388279
v 0.12641527 -0.03193019 -0.00768890
v 0.12651443 -0.03898543 -0.00509997
v 0.12634803 -0.04174951 -0.00123949
v 0.12702010 -0.06831993 0.01732498
v 0.12639191 -0.00565981 0.01013172
v 0.12709559 0.07214100 -0.01567687
v 0.12653437 0.03741751 -0.00610006
v 0.12602289 -0.03885228 0.00183370
v 0.12622490 -0.02100441 0.00973792
v 0.12617375 -0.02947542 0.00779997
v 0.12615081 0.03206124 -0.00797923
v 0.12711179 0.07699962 -0.00091375
v 0.12628825 0.02368400 -0.01132189
v 0.12713123 0.06922925 -0.01707166
v 0.12687904 -0.07031236 -0.01280102
v 0.12613868 0.04004091 0.00245035
v 0.12629353 0.02708642 0.00918027
v 0.12631836 0.01703079 0.01011576
v 0.12611930 -0.03679694 0.00426247
v 0.12705012 -0.06661168 -0.01671726
v 0.12708181 -0.05549502 0.01734399
v 0.12578002 0.04112504 -0.00008004
v 0.12546028 -0.03780943 -0.00164915
v 0.12721256 0.07479106 0.01176586
v 0.12708769 -0.00303871 -0.01678857
v 0.12695689 -0.03908016 -0.01646604
v 0.12622103 0.03385873 0.00715187
v 0.12720296 0.01911417 0.01727702
v 0.12721743 -0.07377271 -0.00635964
v 0.12707775 0.03491206 -0.01643788
v 0.12733193 0.04447614 0.01695571
v 0.12721977 -0.01615900 0.01729373
v 0.12728441 -0.03434084 0.01723211
v 0.12731114 0.07597367 -0.00948309
v 0.12719605 -0.07436274 0.00395484
v 0.12525914 -0.03579832 -0.00372676
v 0.12674772 -0.07106106 0.01169253
v 0.12765703 0.07750277 0.00557161
v 0.12500072 0.03664730 -0.00310609
v 0.12771748 0.07118414 0.01728087
v 0.12282858 -0.03152077 -0.00048995
v 0.12202716 -0.02938452 0.00252719
v 0.12204931 -0.02868968 -0.00346250
v 0.12293110 0.03353586 -0.00002536
v 0.12377141 0.03413569 0.00333688
v 0.12520861 0.02304433 -0.00972316
v 0.12515871 0.01695319 -0.01015591
v 0.12245015 0.03208181 -0.00221505
v 0.12807936 0.07794238 -0.00606187
v 0.12860247 -0.07116968 0.01794980
v 0.12887116 0.07523435 0.01583127
v 0.12505672 -0.02843224 -0.00722006
v 0.11914150 -0.02494079 0.00000850
v 0.11910928 -0.02401430 0.00311076
v 0.12283885 -0.02725709 0.00576736
v 0.12024271 0.02903335 0.00013933
v 0.12014534 0.02815278 0.00286941
v 0.12528147 -0.02151655 -0.00950047
v 0.12514482 -0.01553283 -0.01019053
v 0.12798011 -0.06696265 0.01856776
v 0.11992625 0.02807712 -0.00258369
v 0.12838192 -0.07398228 -0.01014889
v 0.11832215 -0.02295881 -0.00318781
v 0.12874463 -0.07460634 0.01039867
v 0.12858281 -0.07600810 -0.00208578
v 0.11900879 0.02361670 0.00557940
v 0.12270827 0.02764099 0.00747969
v 0.12841261 -0.07095884 -0.01543725
v 0.12516503 -0.02015905 0.00874099
v 0.12922106 0.07731764 0.01225673
v 0.12900960 0.07934624 0.00274753
v 0.12537853 -0.00551964 0.00898920
v 0.12940358 -0.06972785 0.01926920
v 0.11922212 -0.02242274 0.00488284
v 0.12909503 0.07524194 -0.01507566
v 0.12889854 0.07712770 -0.01140587
v 0.12446343 0.02938967 -0.00718824
v 0.12836886 -0.05963907 -0.01799207
v 0.12856125 -0.07542635 -0.00584808
v 0.12896409 0.07218153 -0.01770111
v 0.12948248 -0.07306960 0.01598858
v 0.12942743 0.07369220 0.01754800
v 0.12513473 0.01536690 0.00905045
v 0.11493160 0.02320867 -0.00029240
v 0.11494992 0.02233144 0.00265598
v 0.11964407 -0.02132882 -0.00592375
v 0.11450953 0.02177990 -0.00301720
v 0.12933511 -0.06701702 -0.01869750
v 0.12988204 -0.06995607 -0.01774543
v 0.11303392 -0.01828050 0.00024368
v 0.11350543 -0.01790738 0.00274371
v 0.11461275 -0.01910741 -0.00274207
v 0.11987241 0.02414209 -0.00609191
v 0.11145499 -0.01585047 -0.00320461
v 0.11849972 0.02554467 0.00357711
v 0.11528331 -0.01762550 0.00477781
v 0.11469963 0.01952207 0.00489775
v 0.11514867 -0.01560435 -0.00596041
v 0.11573011 0.01907569 -0.00599697
v 0.13062731 -0.01280627 -0.01888220
v 0.13085320 0.02656085 -0.01892186
v 0.13554668 0.00193235 -0.01900039
v 0.13879440 -0.02808407 -0.01909295
v 0.13087526 -0.05015465 -0.01901419
v 0.13194738 0.05495392 -0.01899626
v 0.14740942 0.03160832 -0.01905989
v 0.14773369 0.05587404 -0.01902597
v 0.12993113 0.06948975 -0.01903236
v 0.14826724 0.06901440 -0.01909206
v 0.14871182 0.00354944 -0.01898324
v 0.14812539 -0.01259421 -0.01894212
v 0.14856584 -0.03603570 -0.01906009
v 0.14874765 -0.05282430 -0.01906487
v 0.14816704 -0.06599951 -0.01922279
v 0.13021435 -0.06116160 -0.01910407
v 0.13141431 -0.06732371 -0.01904612
v 0.13027353 0.05281504 -0.01889732
v 0.14674428 0.07125577 -0.01898061
v 0.13295226 0.07174652 -0.01884700
v 0.14957560 0.04633945 -0.01880539
v 0.14949621 0.03214358 -0.01882837
v 0.14872307 0.01757055 -0.01888191
v 0.14952305 0.06151711 -0.01880026
v 0.14731598 -0.06871919 -0.01888070
v 0.12933511 -0.06701702 -0.01869750
v 0.14901305 -0.01954486 -0.01879150
v 0.13002050 0.00635880 -0.01867342
v 0.14963632 -0.01220317 -0.01830637
v 0.12988204 -0.06995607 -0.01774543
v 0.14551093 0.07368682 -0.01787766
v 0.14944170 -0.05804876 -0.01867646
v 0.13189992 0.07370094 -0.01776584
v 0.12896409 0.07218153 -0.01770111
v 0.14721569 -0.07109869 -0.01766793
v 0.12843485 0.05697933 -0.01795415
v 0.12858220 -0.02090271 -0.01769623
v 0.12858690 0.02754704 -0.01764524
v 0.12836886 -0.05963907 -0.01799207
v 0.14935081 -0.06833290 -0.01794420
v 0.12708769 -0.00303871 -0.01678857
v 0.14907011 0.07287946 -0.01724268
v 0.12695689 -0.03908016 -0.01646604
v 0.12713123 0.06922925 -0.01707166
v 0.12707775 0.03491206 -0.01643788
v 0.14967163 0.00387823 -0.01832142
v 0.14955549 -0.02579309 -0.01834493
v 0.14935240 -0.04096210 -0.01845910
v 0.14961383 0.01433346 -0.01821166
v 0.14990962 0.02443631 -0.01809383
v 0.14955177 -0.07058372 -0.01644814
v 0.15011753 0.06712229 -0.01745418
v 0.14995569 0.07201788 -0.01645997
v 0.14978769 -0.04509735 -0.01755872
v 0.15002236 0.00918197 -0.01749818
v 0.15014572 -0.05683738 -0.01695177
v 0.15007411 0.03843206 -0.01744768
v 0.14993677 -0.05369156 -0.01634431
v 0.18500157 -0.06380468 -0.01620823
v 0.20317925 -0.06416353 -0.01694498
v 0.19616708 -0.06482296 -0.01598583
v 0.20056347 -0.06554956 -0.01582917
v 0.20772559 -0.06717920 -0.01591218
v 0.21296992 -0.06712969 -0.01650766
v 0.21793280 -0.06550906 -0.01780177
v 0.19644209 -0.06075931 -0.01761645
v 0.21746924 -0.06070151 -0.01913891
v 0.20965398 -0.05926749 -0.01921255
v 0.19892422 -0.05859673 -0.01825358
v 0.18351321 -0.05800153 -0.01760231
v 0.22633970 -0.06129406 -0.01898374
v 0.21283696 -0.05748694 -0.01975807
v 0.22082165 -0.05649370 -0.02063728
v 0.22696971 -0.05806509 -0.02049713
v 0.23028703 -0.06245407 -0.01844833
v 0.23023406 -0.05668584 -0.02122854
v 0.22590835 -0.06465990 -0.01753755
v 0.17263785 -0.06134423 -0.01677755
v 0.15624384 -0.06342708 -0.01604022
v 0.15522635 -0.06165555 -0.01658570
v 0.15067751 -0.06238077 -0.01663002
v 0.23335116 -0.05867778 -0.01978027
v 0.22796153 -0.06611641 -0.01658008
v 0.17049103 -0.05772596 -0.01718799
v 0.23597184 -0.05705094 -0.02065610
v 0.22910385 -0.05559169 -0.02121616
v 0.15445498 -0.05658065 -0.01683698
v 0.15014572 -0.05683738 -0.01695177
v 0.20413649 -0.05735390 -0.01858513
v 0.19066909 -0.05709968 -0.01786038
v 0.22977343 -0.06659948 -0.01588388
v 0.23484158 -0.05598918 -0.02077953
v 0.23891943 -0.05408926 -0.02069900
v 0.23890433 -0.05579063 -0.02032308
v 0.21586863 -0.05591392 -0.01999134
v 0.14982518 -0.06384102 -0.01505395
v 0.22202153 -0.06584643 -0.01527540
v 0.22136204 -0.06816931 -0.01250965
v 0.21531556 -0.06826383 -0.01279342
v 0.14990189 -0.06333881 -0.01688306
v 0.21088953 -0.06914578 -0.01176434
v 0.22891953 -0.06979691 -0.01183502
v 0.20670843 -0.07047512 -0.01126537
v 0.20555625 -0.06783905 -0.01202383
v 0.20031103 -0.06826527 -0.01138195
v 0.22789788 -0.06847416 -0.01270546
v 0.19677801 -0.06594892 -0.01176184
v 0.19005212 -0.06683451 -0.01119589
v 0.18549287 -0.06547979 -0.01160203
v 0.18754315 -0.06504567 -0.01208884
v 0.17116807 -0.06479346 -0.01160788
v 0.17343533 -0.06649541 -0.01109562
v 0.15954171 -0.06597615 -0.01127295
v 0.14985814 -0.06460447 -0.01157262
v 0.15063280 -0.06565159 -0.01117202
v 0.23162381 -0.06797273 -0.01483043
v 0.23372971 -0.07067720 -0.01350725
v 0.23004895 -0.07264716 -0.01132062
v 0.23540547 -0.07279227 -0.01200512
v 0.23194080 -0.07547644 -0.01097479
v 0.23294482 -0.07624503 -0.01005562
v 0.16660771 -0.06398072 -0.01540762
v 0.18912150 -0.06446759 -0.01554857
v 0.23072202 -0.07712102 -0.01063961
v 0.22382500 -0.07813338 -0.01087543
v 0.21175775 -0.07856497 -0.01064608
v 0.18435857 -0.07263441 -0.01091225
v 0.18928905 -0.07832637 -0.01050485
v 0.16966914 -0.07779789 -0.01041953
v 0.15937198 -0.07513787 -0.01062882
v 0.15263493 -0.07284957 -0.01064727
v 0.14979832 -0.07047029 -0.01092377
v 0.14998056 -0.07224586 -0.01045156
v 0.15061080 -0.06421693 -0.01244606
v 0.17207645 -0.06435716 -0.01279635
v 0.17182031 -0.05595051 -0.01688150
v 0.18337886 -0.05554828 -0.01702196
v 0.14993677 -0.05369156 -0.01634431
v 0.21214764 -0.05563000 -0.01920849
v 0.23621271 -0.05766455 -0.01811677
v 0.24186268 -0.05824257 -0.01654376
v 0.24036325 -0.05904729 -0.01497087
v 0.24306782 -0.06022580 -0.01406142
v 0.24339655 -0.06214043 -0.01208370
v 0.24055763 -0.06392919 -0.00942010
v 0.24349409 -0.06564507 -0.00705375
v 0.23764360 -0.06477834 -0.00835979
v 0.24263394 -0.06689919 -0.00539460
v 0.23797757 -0.06019467 -0.01211957
v 0.23432742 -0.06146304 -0.01096256
v 0.23837780 -0.06709872 -0.00635865
v 0.24163332 -0.06840564 -0.00424955
v 0.23449556 -0.05945336 -0.01313392
v 0.24446376 -0.06350361 -0.00988714
v 0.23353322 -0.05853549 -0.01727106
v 0.01912094 -0.00401408 -0.01096322
v 0.01608499 0.00139841 -0.01103428
v 0.03737306 -0.00348681 -0.01050375
v 0.03639962 0.00184221 -0.01055773
v 0.01844669 0.00844293 -0.01055906
v 0.03379916 0.00787897 -0.01027830
v 0.04648559 0.00782714 -0.00975335
v 0.05919540 0.00183294 -0.00908382
v 0.06285799 0.00674907 -0.00872894
v 0.05944977 -0.00486425 -0.00902533
v 0.07758249 0.00260216 -0.00810056
v 0.07764796 -0.00444523 -0.00803715
v 0.07803983 0.00599128 -0.00785032
v 0.09145815 -0.00385231 -0.00745901
v 0.09237579 0.00271817 -0.00757860
v 0.04296205 -0.00884403 -0.00998835
v 0.00556369 -0.00198780 -0.01103425
v 0.01986951 -0.00952352 -0.01063952
v 0.10820193 0.00219905 -0.00751366
v 0.10753993 -0.00479164 -0.00739526
v 0.11825443 0.00714713 -0.00759576
v 0.11796712 -0.00911838 -0.00752861
v 0.11060441 0.00891276 -0.00738161
v 0.10121355 0.00566880 -0.00722909
v -0.01051041 0.00760291 -0.01046168
v -0.00768381 -0.00156531 -0.01082121
v 0.11690170 0.01504193 -0.00717608
v -0.01417109 -0.01036759 -0.01045932
v -0.00133043 -0.01208751 -0.01053456
v -0.01424944 0.00352205 -0.01039279
v 0.05906979 -0.00771043 -0.00883759
v -0.02110508 0.00937133 -0.00975797
v -0.00438927 0.01092229 -0.01016290
v 0.06583029 -0.00866582 -0.00805268
v 0.02262230 -0.01235055 -0.01021369
v 0.09213811 0.00579950 -0.00709042
v 0.02588440 0.01105074 -0.00993262
v -0.01853036 -0.01228547 -0.01003359
v -0.02267604 -0.01003087 -0.00971904
v -0.03454368 -0.01202905 -0.00954509
v -0.02196031 -0.00726359 -0.00939580
v -0.01792855 -0.00129839 -0.00981535
v -0.02036146 0.00370707 -0.00945524
v -0.02596412 0.00947782 -0.00954953
v -0.03620270 0.01062703 -0.00913612
v 0.12023661 -0.01193667 -0.00789893
v 0.12026216 0.01583664 -0.00781976
v -0.02604377 -0.00920843 -0.00919642
v 0.11215365 -0.00824501 -0.00718909
v 0.10129309 -0.00784010 -0.00634670
v 0.11663518 -0.01366143 -0.00689844
v 0.04742841 -0.01147089 -0.00910016
v 0.08002452 -0.00754066 -0.00720086
v 0.09271269 -0.00694194 -0.00671286
v 0.06095551 0.00940934 -0.00827381
v -0.03226659 -0.01002604 -0.00923151
v -0.03880158 -0.00851590 -0.00937478
v -0.02031240 0.01106713 -0.00938948
v 0.12052660 0.02052662 -0.00748908
v -0.03910992 0.00857020 -0.00958798
v -0.03731741 0.00795117 -0.00947678
v -0.03918752 0.00582271 -0.00915346
v -0.04184956 0.00908674 -0.00938215
v -0.04328198 0.00279671 -0.00986333
v -0.04519882 0.00608777 -0.00925062
v -0.04168043 0.00021952 -0.00924583
v -0.04631042 -0.00044377 -0.00934192
v -0.04321073 -0.00636509 -0.00990708
v 0.12025254 -0.01801871 -0.00730540
v 0.00015004 -0.01396513 -0.01003399
v -0.02006349 -0.00230276 -0.00922398
v 0.04776126 0.01136918 -0.00865847
v -0.01102176 -0.01471067 -0.00957540
v -0.03695293 -0.01307823 -0.00915962
v -0.04192201 -0.01124690 -0.00940984
v -0.04091893 -0.00390095 -0.00902697
v -0.04546759 -0.00797760 -0.00910135
v 0.06125212 -0.01102431 -0.00762699
v 0.11083236 -0.01174624 -0.00603027
v 0.04473553 -0.01275092 -0.00884412
v 0.10614153 0.01124326 -0.00616731
v 0.11142472 0.01480611 -0.00606643
v 0.09981027 0.00869598 -0.00622471
v 0.11573011 0.01907569 -0.00599697
v 0.07963338 0.00844074 -0.00692383
v 0.08989354 0.00835840 -0.00620646
v 0.11514867 -0.01560435 -0.00596041
v 0.02197085 -0.01481818 -0.00925169
v 0.12304474 -0.01180963 -0.00907676
v 0.12290169 0.01734332 -0.00896328
v -0.00069162 -0.01576446 -0.00917888
v 0.00151900 0.01325366 -0.00900001
v 0.02467595 0.01289846 -0.00902059
v 0.08078926 -0.00931205 -0.00630321
v 0.06342971 -0.01202533 -0.00661338
v 0.08764125 -0.00939459 -0.00545635
v -0.01071586 0.01265914 -0.00903063
v 0.11987241 0.02414209 -0.00609191
v 0.12520861 0.02304433 -0.00972316
v 0.12515871 0.01695319 -0.01015591
v 0.12514482 -0.01553283 -0.01019053
v 0.12528147 -0.02151655 -0.00950047
v 0.11964407 -0.02132882 -0.00592375
v -0.03351848 -0.01456624 -0.00851306
v 0.06654315 0.01098468 -0.00671996
v -0.04186772 -0.01349616 -0.00809033
v -0.02256272 0.01268341 -0.00826519
v -0.04574259 -0.01198385 -0.00731771
v 0.12446343 0.02938967 -0.00718824
v 0.04702443 -0.01400383 -0.00769392
v -0.04071867 0.00201183 -0.00843103
v 0.08287888 0.00930226 -0.00600373
v -0.04547457 0.01019851 -0.00713558
v 0.03207151 -0.01606597 -0.00745281
v 0.12505672 -0.02843224 -0.00722006
v -0.03204448 0.00811080 -0.00910001
v -0.02785707 0.00790795 -0.00912985
v -0.02276284 0.00598284 -0.00920748
v -0.04814900 -0.00801362 -0.00706352
v 0.01892568 -0.01623558 -0.00824325
v -0.02173376 0.00284521 -0.00820287
v -0.04807661 0.00623314 -0.00701781
v -0.04902040 0.00105403 -0.00699910
v -0.01854631 -0.01708291 -0.00729886
v -0.02152826 -0.00261492 -0.00798805
v -0.02287090 -0.00529680 -0.00790310
v 0.10955078 0.01702392 -0.00326684
v 0.11145499 -0.01585047 -0.00320461
v 0.11461275 -0.01910741 -0.00274207
v 0.03283433 -0.01713582 0.00490486
v 0.02703943 -0.01883135 0.00021135
v 0.03617170 -0.01788248 0.00024998
v 0.04849667 -0.01546507 0.00459435
v 0.04772195 -0.01661348 0.00035594
v 0.06466085 -0.01420326 0.00210564
v 0.01217180 -0.01857938 0.00489666
v 0.01457081 -0.01955266 0.00054390
v -0.00065166 -0.01911640 0.00464676
v 0.00145625 -0.01992175 0.00007981
v 0.06018154 -0.01511587 0.00004831
v 0.07095151 -0.01380486 0.00019995
v 0.07515727 -0.01247368 0.00308949
v 0.08763982 -0.01223767 0.00048812
v 0.09274996 -0.01131236 0.00261880
v 0.09878491 -0.01195777 0.00021697
v 0.09926864 -0.01136183 0.00275058
v 0.06154728 -0.01366767 0.00447902
v -0.01137795 -0.01976262 0.00026348
v -0.01459337 -0.01868139 0.00478809
v -0.02745698 -0.01807419 0.00414072
v -0.02600979 -0.01892547 -0.00005047
v -0.03746416 -0.01748556 -0.00000615
v -0.03795292 -0.01656619 0.00533724
v 0.10462863 -0.01296593 -0.00050014
v 0.10460964 -0.01191947 0.00377033
v 0.04126558 -0.01692764 -0.00351129
v 0.02660317 -0.01852856 -0.00276419
v 0.05464713 -0.01529404 -0.00331020
v 0.06736427 -0.01233216 0.00522873
v -0.03116063 -0.01655482 0.00678461
v -0.00085553 -0.01792465 0.00687612
v -0.01283356 -0.01773440 0.00668219
v 0.08131524 -0.01077160 0.00478825
v 0.09735190 -0.00994278 0.00456749
v 0.02204248 -0.01672347 0.00691779
v 0.03652298 -0.01537339 0.00682595
v -0.04225819 -0.01646183 0.00040121
v -0.04215159 -0.01569228 0.00503674
v 0.01302765 -0.01909747 -0.00371889
v 0.00152107 -0.01686131 0.00802569
v 0.08827456 -0.01196153 -0.00124732
v -0.00109462 -0.01943519 -0.00351984
v 0.05058271 -0.01340399 0.00696102
v -0.04179463 -0.01460992 0.00732625
v -0.03944793 -0.01425523 0.00826403
v -0.01550174 -0.01891759 -0.00397115
v 0.07122192 -0.01325840 -0.00282389
v -0.02879095 -0.01811449 -0.00363785
v -0.03747947 -0.01679888 -0.00431922
v 0.02980614 -0.01769906 -0.00491686
v -0.04246342 -0.01554089 -0.00515011
v 0.09732772 -0.01110676 -0.00248063
v 0.00058833 -0.01873622 -0.00554055
v 0.04682777 -0.01525616 -0.00620871
v 0.03824613 -0.01635297 -0.00597164
v 0.10442864 -0.01191480 -0.00338510
v -0.03517557 -0.01621024 -0.00663006
v 0.05999996 -0.01369565 -0.00518215
v 0.07292560 -0.01214911 -0.00472169
v 0.09067533 -0.01056991 -0.00380129
v 0.01757846 -0.01753693 -0.00671756
v 0.10043887 -0.00982896 -0.00494726
v -0.01854631 -0.01708291 -0.00729886
v 0.03207151 -0.01606597 -0.00745281
v -0.04657898 -0.01367881 0.00373659
v 0.00057443 -0.01766808 -0.00734597
v -0.04628331 -0.01423054 -0.00070778
v 0.10870994 -0.01450761 0.00228510
v 0.10878146 -0.01484570 -0.00100011
v 0.11005966 -0.01355314 0.00466474
v -0.04583983 -0.01277888 0.00705703
v -0.02085113 -0.01630706 0.00771037
v 0.01915594 -0.01512268 0.00875582
v 0.10578517 -0.01023543 0.00578304
v 0.10816695 -0.01228908 -0.00461212
v 0.04670615 -0.01303814 0.00776251
v 0.01892568 -0.01623558 -0.00824325
v -0.04685050 -0.01278512 -0.00471400
v 0.06342971 -0.01202533 -0.00661338
v 0.04702443 -0.01400383 -0.00769392
v -0.04186772 -0.01349616 -0.00809033
v 0.08080157 -0.00977900 0.00570688
v 0.09726162 -0.00846851 0.00578929
v 0.06591215 -0.01051411 0.00687731
v 0.11303392 -0.01828050 0.00024368
v 0.11350543 -0.01790738 0.00274371
v 0.11145499 -0.01585047 -0.00320461
v 0.08078926 -0.00931205 -0.00630321
v 0.08764125 -0.00939459 -0.00545635
v 0.10129309 -0.00784010 -0.00634670
v -0.03351848 -0.01456624 -0.00851306
v -0.00069162 -0.01576446 -0.00917888
v -0.04574259 -0.01198385 -0.00731771
v 0.11083236 -0.01174624 -0.00603027
v 0.11528331 -0.01762550 0.00477781
v 0.19694689 -0.04414660 -0.01525194
v 0.20374967 -0.04374666 -0.01901075
v 0.20600022 -0.04454331 -0.01424853
v 0.20886227 -0.04365717 -0.01943490
v 0.21221538 -0.04455659 -0.01584512
v 0.21883978 -0.04428675 -0.01688903
v 0.21836518 -0.04341151 -0.02031317
v 0.19517275 -0.04494393 -0.01255710
v 0.22410118 -0.04278722 -0.02105980
v 0.22656290 -0.04402091 -0.01682366
v 0.22987606 -0.04270001 -0.02125816
v 0.18356891 -0.04476174 -0.01157672
v 0.18910938 -0.04356149 -0.01608183
v 0.16258261 -0.04392640 -0.01541272
v 0.15994285 -0.04533090 -0.01038046
v 0.15052146 -0.04468421 -0.01219046
v 0.14995317 -0.04393212 -0.01619351
v 0.19710366 -0.04338510 -0.01742356
v 0.17049752 -0.04586464 -0.00882058
v 0.18152807 -0.04585586 -0.00845185
v 0.23268424 -0.04398012 -0.01859789
v 0.23506532 -0.04295002 -0.02138293
v 0.18687446 -0.04590829 -0.00962009
v 0.17380554 -0.04323203 -0.01613200
v 0.15180513 -0.04578084 -0.01019133
v 0.19603901 -0.04568336 -0.01141459
v 0.20894891 -0.04549581 -0.01331000
v 0.21383967 -0.04547945 -0.01456967
v 0.22519191 -0.04521662 -0.01514186
v 0.23200301 -0.04527217 -0.01611245
v 0.17162545 -0.04636867 -0.00796188
v 0.14986756 -0.04518540 -0.01147023
v 0.18115949 -0.04636076 -0.00775815
v 0.15851406 -0.04646940 -0.00900100
v 0.20664527 -0.04675031 -0.01159624
v 0.23171015 -0.04182103 -0.02189196
v 0.23686061 -0.04699914 -0.01911496
v 0.22677099 -0.04117004 -0.02145586
v 0.19022461 -0.04205773 -0.01668531
v 0.22073179 -0.04211784 -0.02089762
v 0.21049777 -0.04247324 -0.01983841
v 0.20297072 -0.04260428 -0.01907257
v 0.19852442 -0.04238326 -0.01798979
v 0.19284368 -0.04093739 -0.01679620
v 0.15476262 -0.04210581 -0.01642634
v 0.14992774 -0.04306279 -0.01657932
v 0.17687372 -0.04139312 -0.01635400
v 0.14990505 -0.04139426 -0.01667775
v 0.18679356 -0.01741063 -0.01438965
v 0.19678014 -0.01568356 -0.01498359
v 0.20441169 -0.01738887 -0.01487243
v 0.18497371 -0.01622731 -0.01459065
v 0.18256962 -0.01842977 -0.01374793
v 0.20970910 -0.01553456 -0.01499975
v 0.21512169 -0.01535315 -0.01484772
v 0.23067961 -0.01827900 -0.01445036
v 0.22558571 -0.01630906 -0.01481675
v 0.22963473 -0.01645784 -0.01477193
v 0.23447978 -0.01757033 -0.01494077
v 0.23722096 -0.02171264 -0.01481333
v 0.21953377 -0.02408190 -0.01470885
v 0.20326507 -0.02376644 -0.01494351
v 0.23052455 -0.02213181 -0.01455810
v 0.18730196 -0.02212246 -0.01470535
v 0.22894582 -0.02399326 -0.01479401
v 0.23185332 -0.02595712 -0.01467611
v 0.17955095 -0.02131933 -0.01367358
v 0.23385955 -0.02486383 -0.01415989
v 0.24034475 -0.02262169 -0.01462806
v 0.24022795 -0.02687182 -0.01400314
v 0.23492610 -0.02764997 -0.01406136
v 0.24261757 -0.02786527 -0.01371659
v 0.24197738 -0.02321483 -0.01432925
v 0.17935604 -0.01751126 -0.01291318
v 0.18961524 -0.02343984 -0.01507361
v 0.18042736 -0.02340717 -0.01473772
v 0.24221661 -0.01987599 -0.01587489
v 0.24035322 -0.01937920 -0.01674128
v 0.17879479 -0.01613107 -0.01369959
v 0.17628105 -0.02372051 -0.01427886
v 0.17697030 -0.01775698 -0.01170451
v 0.17408892 -0.02139886 -0.01096669
v 0.17411602 -0.01699859 -0.01080903
v 0.16750702 -0.02179955 -0.01022095
v 0.16479096 -0.01867217 -0.01018770
v 0.15822718 -0.02296074 -0.01051310
v 0.15063480 -0.02221292 -0.01056659
v 0.15165176 -0.01845080 -0.01045848
v 0.15676324 -0.01667757 -0.01067273
v 0.15093846 -0.01669006 -0.01089519
v 0.15120753 -0.02396334 -0.01086337
v 0.15001709 -0.01875968 -0.01087674
v 0.17177863 -0.02285661 -0.01103090
v 0.23514820 -0.01640600 -0.01595527
v 0.22391613 -0.01502000 -0.01575132
v 0.19811801 -0.01337045 -0.01677130
v 0.17449476 -0.01638364 -0.01154280
v 0.19343824 -0.01442550 -0.01620897
v 0.17985764 -0.01366879 -0.01634418
v 0.17918790 -0.01454589 -0.01615926
v 0.16040673 -0.01447915 -0.01635621
v 0.19780017 -0.01185467 -0.01678849
v 0.20999425 -0.01250660 -0.01789429
v 0.15298237 -0.01205634 -0.01639701
v 0.15141352 -0.01449771 -0.01625195
v 0.18416998 -0.01217892 -0.01642348
v 0.14992227 -0.01157315 -0.01581609
v 0.15608207 -0.01527491 -0.01571947
v 0.14984956 -0.01579448 -0.01509735
v 0.21117731 -0.01396694 -0.01662079
v 0.17429010 -0.01511257 -0.01538930
v 0.21595894 -0.01264386 -0.01896109
v 0.21584981 -0.01165911 -0.01911783
v 0.22068420 -0.01283153 -0.01935599
v 0.22382516 -0.01118372 -0.02101635
v 0.22591589 -0.01230262 -0.02137365
v 0.16059278 -0.01615646 -0.01201923
v 0.24180086 -0.01786878 -0.01835104
v 0.23990600 -0.01742332 -0.01863843
v 0.24085642 -0.01671817 -0.01925177
v 0.23630591 -0.01467423 -0.02091907
v 0.22550187 -0.01361340 -0.01944215
v 0.23277144 -0.01244458 -0.02177126
v 0.23197325 -0.01362921 -0.02047086
v 0.23041121 -0.01100733 -0.02133595
v 0.17723899 -0.01041602 -0.01602339
v 0.15770866 -0.01055865 -0.01605292
v 0.18737674 -0.01070143 -0.01605761
v 0.21021269 -0.01136482 -0.01759049
v 0.14980308 -0.01670531 -0.01216340
v 0.14987406 -0.02404143 -0.01181083
v 0.19944114 -0.04085357 -0.01770405
v 0.20693895 -0.04100387 -0.01917249
v 0.20297072 -0.04260428 -0.01907257
v 0.19852442 -0.04238326 -0.01798979
v 0.19284368 -0.04093739 -0.01679620
v 0.21049777 -0.04247324 -0.01983841
v 0.22073179 -0.04211784 -0.02089762
v 0.22253209 -0.04084647 -0.02047730
v 0.22677099 -0.04117004 -0.02145586
v 0.19280722 -0.03826460 -0.01513934
v 0.18342800 -0.03974426 -0.01611362
v 0.18147540 -0.03814373 -0.01487008
v 0.16561423 -0.03803101 -0.01501466
v 0.15004166 -0.03976466 -0.01615772
v 0.15270832 -0.03827117 -0.01490636
v 0.23206109 -0.04076181 -0.02130450
v 0.20190511 -0.04007906 -0.01711119
v 0.21554526 -0.04055080 -0.01897382
v 0.20284680 -0.03845766 -0.01471460
v 0.21281198 -0.03963972 -0.01600379
v 0.21462321 -0.03870671 -0.01477482
v 0.22854935 -0.03980548 -0.01619557
v 0.22810678 -0.03874997 -0.01477746
v 0.23011682 -0.03912782 -0.01426097
v 0.23404776 -0.04055285 -0.01734887
v 0.23350371 -0.03858264 -0.01334135
v 0.23675951 -0.03986253 -0.01695147
v 0.23843578 -0.03858843 -0.01334614
v 0.23548160 -0.03712264 -0.01088446
v 0.23996780 -0.04067034 -0.02053092
v 0.23435779 -0.04129775 -0.02079010
v 0.24141996 -0.03874107 -0.01433904
v 0.23880503 -0.03724370 -0.01131881
v 0.24172180 -0.04044723 -0.01903298
v 0.24306785 -0.03850596 -0.01279875
v 0.23600325 -0.04205190 -0.02171133
v 0.24142327 -0.03713202 -0.01266703
v 0.23240814 -0.03766202 -0.01264337
v 0.24511103 -0.04006417 -0.01391619
v 0.14994522 -0.03841095 -0.01518261
v 0.17986464 -0.03669421 -0.01452577
v 0.23171015 -0.04182103 -0.02189196
v 0.24155481 -0.03726530 -0.01171400
v 0.19362189 -0.03658932 -0.01480362
v 0.17687372 -0.04139312 -0.01635400
v 0.19022461 -0.04205773 -0.01668531
v 0.15476262 -0.04210581 -0.01642634
v 0.14990505 -0.04139426 -0.01667775
v 0.19710366 -0.04338510 -0.01742356
v 0.01340799 0.00100841 0.01034265
v 0.03546503 0.00196055 0.00991619
v 0.02174425 0.00797595 0.00982930
v 0.02757318 -0.00378275 0.01012887
v 0.01213633 -0.00438627 0.01036010
v 0.03953715 0.00775991 0.00938957
v -0.00337552 0.00068278 0.01019818
v -0.00167148 -0.00539645 0.01021441
v -0.00061081 0.00670302 0.00988695
v -0.01668053 0.00781338 0.00925655
v -0.02528257 0.01192939 0.00867361
v -0.01380556 0.01124699 0.00913043
v 0.01256382 0.01150932 0.00938864
v 0.03439485 0.01066854 0.00917378
v 0.06620664 0.00584618 0.00817811
v 0.05255509 0.01049165 0.00836812
v 0.06692333 0.00859296 0.00778174
v 0.07723970 0.00570393 0.00744160
v 0.07948092 0.00192405 0.00753375
v 0.08862498 0.00601760 0.00686708
v 0.10393864 0.00127367 0.00702544
v 0.09899913 0.00528503 0.00682266
v 0.06799954 0.00144849 0.00826097
v 0.05594935 0.00114593 0.00880422
v 0.10683074 0.00842079 0.00673243
v 0.11795516 0.00916207 0.00678513
v 0.11220148 0.01222391 0.00644160
v 0.11512878 -0.00145493 0.00687456
v 0.11805890 -0.00973624 0.00680654
v 0.03933156 -0.00630222 0.00953615
v 0.07229429 -0.00386037 0.00797955
v 0.09937959 -0.00325586 0.00701202
v 0.07922915 -0.00362053 0.00743072
v 0.11800325 0.01632960 0.00658747
v 0.05531006 -0.00589773 0.00861439
v 0.11160778 -0.00943822 0.00663101
v -0.01398311 -0.00545606 0.00963520
v 0.01805175 -0.01240413 0.00973425
v 0.00848477 -0.01236104 0.00982112
v -0.01387086 -0.01262096 0.00934336
v 0.11797868 -0.01535919 0.00644271
v -0.01883088 0.00600716 0.00903840
v -0.01745916 -0.00852850 0.00920821
v -0.02545975 -0.01139397 0.00840096
v -0.02749559 -0.01403881 0.00848585
v -0.03113145 -0.01171332 0.00841776
v 0.04837053 -0.01021325 0.00846269
v 0.04119727 -0.01218607 0.00861507
v -0.04130899 -0.01139545 0.00900905
v -0.03672638 -0.00949892 0.00861548
v -0.04260261 -0.00658225 0.00922316
v -0.04513903 -0.01038051 0.00890355
v -0.04603144 -0.00136923 0.00922898
v -0.04312685 0.00531674 0.00921386
v 0.09361296 -0.00638450 0.00668082
v 0.08178358 -0.00729728 0.00678995
v 0.10195550 -0.00726162 0.00652209
v 0.06409615 -0.00894646 0.00758182
v -0.04476506 0.00850779 0.00888402
v -0.04067601 0.01059459 0.00883912
v -0.03453117 0.01145798 0.00861173
v -0.02620278 0.00921020 0.00838056
v -0.03231466 0.00940283 0.00831450
v -0.03837267 0.00729301 0.00858984
v -0.02036495 -0.00731656 0.00860817
v -0.01928273 0.00083701 0.00855603
v 0.00054197 -0.01528188 0.00904294
v -0.01870226 -0.01472460 0.00869483
v -0.03944793 -0.01425523 0.00826403
v 0.07674007 0.00886668 0.00672897
v 0.09725109 0.00733866 0.00624591
v -0.04746459 0.00263756 0.00865324
v 0.11705428 0.01940863 0.00589348
v -0.02119849 0.00563945 0.00846374
v -0.04735978 -0.00754730 0.00853944
v 0.11900879 0.02361670 0.00557940
v -0.00646227 0.01286496 0.00878011
v -0.04036941 0.01178989 0.00839772
v 0.11135334 0.01439437 0.00581246
v 0.10623273 0.01178694 0.00564192
v 0.03299126 0.01206218 0.00876231
v -0.04006315 0.00451686 0.00835558
v -0.04146241 0.00115572 0.00851451
v 0.09805037 0.00867353 0.00567259
v 0.04670615 -0.01303814 0.00776251
v 0.02944286 -0.01363232 0.00877716
v 0.01915594 -0.01512268 0.00875582
v -0.04048394 -0.00463195 0.00832383
v -0.03828136 -0.00765844 0.00842872
v 0.08616730 0.00881129 0.00577996
v 0.06591215 -0.01051411 0.00687731
v 0.05058271 -0.01340399 0.00696102
v 0.12069600 -0.01216937 0.00784048
v 0.12148839 0.01400134 0.00809276
v 0.12513473 0.01536690 0.00905045
v 0.12537853 -0.00551964 0.00898920
v 0.12516503 -0.02015905 0.00874099
v 0.12182603 0.02277903 0.00800318
v 0.12270827 0.02764099 0.00747969
v 0.12527957 0.02489895 0.00876274
v 0.12541400 0.03006320 0.00790948
v 0.12040388 -0.01826393 0.00721545
v 0.11381819 -0.01398408 0.00582044
v 0.10578517 -0.01023543 0.00578304
v 0.09726162 -0.00846851 0.00578929
v 0.08080157 -0.00977900 0.00570688
v -0.02551559 0.00769066 0.00779198
v 0.12497408 -0.02620931 0.00767114
v 0.06175320 0.01161284 0.00687894
v 0.05272963 0.01205236 0.00761292
v -0.02733585 -0.00991110 0.00765923
v -0.02281828 -0.00844320 0.00778306
v 0.01721149 0.01357871 0.00832393
v -0.03075400 -0.00983011 0.00750261
v 0.11469963 0.01952207 0.00489775
v -0.03174234 0.01339542 0.00780822
v -0.00711819 0.01393336 0.00803721
v 0.12622103 0.03385873 0.00715187
v 0.12629353 0.02708642 0.00918027
v 0.12617375 -0.02947542 0.00779997
v -0.02085113 -0.01630706 0.00771037
v 0.12631836 0.01703079 0.01011576
v 0.00152107 -0.01686131 0.00802569
v 0.10884524 0.01492011 0.00451023
v -0.04179463 -0.01460992 0.00732625
v -0.04875510 -0.00456489 0.00763048
v 0.03652298 -0.01537339 0.00682595
v -0.04765145 0.00723064 0.00730524
v 0.11528331 -0.01762550 0.00477781
v 0.11005966 -0.01355314 0.00466474
v 0.11922212 -0.02242274 0.00488284
v 0.12283885 -0.02725709 0.00576736
v -0.04583983 -0.01277888 0.00705703
v -0.04521847 0.01059836 0.00737276
v 0.20212269 0.00311015 -0.01727075
v 0.21046421 0.00409093 -0.01537538
v 0.20848876 0.00244664 -0.01851315
v 0.21436882 0.00226782 -0.01835814
v 0.22316534 0.00235726 -0.01585574
v 0.22049882 0.00410513 -0.01353915
v 0.22390449 0.00084931 -0.01947070
v 0.22778536 0.00501835 -0.01199166
v 0.22901001 0.00333551 -0.01481565
v 0.23461467 0.00581912 -0.01180522
v 0.23499854 0.00502342 -0.01310716
v 0.20838397 0.00524152 -0.01435183
v 0.19422681 0.00530370 -0.01461450
v 0.23059855 0.00175824 -0.01898091
v 0.22441126 -0.00001906 -0.02065614
v 0.21862354 0.00067923 -0.01955531
v 0.23177924 0.00034851 -0.02124234
v 0.23785779 0.00338154 -0.01454816
v 0.23930657 0.00460207 -0.01268111
v 0.19439874 0.00361638 -0.01627675
v 0.18679010 0.00383785 -0.01571287
v 0.18601569 0.00505146 -0.01361604
v 0.18153957 0.00421204 -0.01516296
v 0.15311604 0.00420040 -0.01600339
v 0.15282576 0.00465151 -0.01474195
v 0.14992773 0.00422514 -0.01517747
v 0.17773169 0.00519380 -0.01130847
v 0.15931745 0.00535210 -0.01145770
v 0.15000794 0.00509202 -0.01222132
v 0.15112806 0.00585799 -0.01097790
v 0.23588278 0.00266958 -0.02036518
v 0.23561237 0.00396073 -0.01636448
v 0.23673976 0.00247712 -0.02038817
v 0.23590080 0.00122081 -0.02193526
v 0.18299129 0.00624965 -0.01149499
v 0.23135293 0.00667624 -0.01068855
v 0.16651643 0.00636302 -0.01052420
v 0.22234080 0.00512647 -0.01242059
v 0.21034800 0.00154298 -0.01906983
v 0.22639740 0.00649533 -0.01093084
v 0.17855118 0.00616384 -0.01065420
v 0.23656328 0.00726785 -0.01079138
v 0.18516087 0.00272467 -0.01631476
v 0.21750577 0.00627574 -0.01303298
v 0.19164972 0.00237349 -0.01665518
v 0.23355087 0.00806246 -0.01082403
v 0.20320959 0.00625710 -0.01402477
v 0.21065570 0.00678729 -0.01367072
v 0.20283157 0.00155905 -0.01799990
v 0.18624775 0.00622143 -0.01315994
v 0.19449125 0.00675130 -0.01422586
v 0.22945762 0.00862305 -0.01022689
v 0.24096327 0.00758246 -0.01248618
v 0.24426508 0.00617916 -0.01354792
v 0.22073381 0.00876818 -0.01239536
v 0.21454589 0.00936873 -0.01338416
v 0.20307494 0.00921207 -0.01408146
v 0.17884394 0.01001126 -0.01065549
v 0.18304483 0.00960752 -0.01149598
v 0.14979744 -0.00153496 0.01605027
v 0.14977003 -0.01055046 0.01104586
v 0.14980215 -0.00261555 0.01065181
v 0.14967624 -0.01155914 0.01600714
v 0.14918323 -0.00641042 0.01779309
v 0.14902679 -0.01258219 0.01767443
v 0.14908734 0.00034854 0.01762902
v 0.14998852 -0.00931152 0.01063084
v 0.15013470 -0.01270689 0.01612025
v 0.14999307 -0.01416405 0.01601179
v 0.14924773 -0.02703740 0.01766217
v 0.15007261 -0.00082542 0.01615398
v 0.14984873 0.00057485 0.01656984
v 0.13486545 -0.07719341 0.00247595
v 0.13205416 -0.07722126 -0.00211812
v 0.14636052 -0.07725640 -0.00031381
v 0.14687143 -0.07689026 0.00460669
v 0.14709216 -0.07667914 -0.00756974
v 0.13698580 -0.07663775 -0.00778234
v 0.13142251 -0.07646741 -0.00735289
v 0.13142127 -0.07635010 0.00759181
v 0.14618096 -0.07523140 0.01263964
v 0.14814169 -0.07680845 -0.00178143
v 0.13192778 -0.07432437 0.01467519
v 0.14658959 -0.07332821 0.01800664
v 0.13191301 -0.07317613 0.01778064
v 0.12869314 -0.07597004 0.00314952
v 0.12874463 -0.07460634 0.01039867
v 0.12948248 -0.07306960 0.01598858
v 0.12858281 -0.07600810 -0.00208578
v 0.14770956 -0.07442975 0.01344082
v 0.14537497 -0.07488343 -0.01300188
v 0.13111412 -0.07511152 -0.01135032
v 0.14761857 -0.07504442 -0.01217348
v 0.12856125 -0.07542635 -0.00584808
v 0.14718350 -0.07349500 -0.01528709
v 0.14925604 -0.07557111 -0.00781874
v 0.13066156 -0.07315424 -0.01468551
v 0.12838192 -0.07398228 -0.01014889
v 0.13978563 -0.07194540 0.01946738
v 0.14916898 -0.07486582 0.00666997
v 0.14947001 -0.07563758 -0.00076318
v 0.14927209 -0.07223511 0.01639854
v 0.12860247 -0.07116968 0.01794980
v 0.13081913 -0.07157906 -0.01653244
v 0.14912123 -0.07107782 0.01860690
v 0.14721569 -0.07109869 -0.01766793
v 0.12841261 -0.07095884 -0.01543725
v 0.12719605 -0.07436274 0.00395484
v 0.12988204 -0.06995607 -0.01774543
v 0.14934431 -0.07272539 -0.01384411
v 0.14955177 -0.07058372 -0.01644814
v 0.14977265 -0.07345923 0.00640586
v 0.14998056 -0.07224586 -0.01045156
v 0.00153473 0.01686887 -0.00008368
v 0.02549592 0.01633069 0.00037978
v 0.02474411 0.01603319 -0.00351024
v -0.00022894 0.01646062 -0.00372081
v -0.01244635 0.01604110 -0.00361626
v -0.01408751 0.01646010 0.00059588
v 0.05041532 0.01518247 0.00024613
v 0.04271570 0.01497878 -0.00437355
v 0.05493947 0.01464529 -0.00148390
v 0.06593288 0.01374349 0.00026068
v -0.02351083 0.01510030 -0.00444994
v -0.02358793 0.01569771 0.00036803
v -0.03761141 0.01503901 0.00005056
v -0.03744369 0.01455930 -0.00363712
v 0.05912612 0.01374561 -0.00376981
v 0.06965477 0.01266932 -0.00332844
v 0.08008790 0.01220716 0.00004155
v 0.08273272 0.01180907 -0.00142282
v 0.09355381 0.01157514 -0.00024947
v 0.08617106 0.01104418 -0.00323483
v 0.09527469 0.01084647 -0.00344240
v 0.02424125 0.01496199 -0.00689102
v -0.00039552 0.01652617 0.00304156
v -0.02519981 0.01530196 0.00390061
v -0.03669195 0.01458466 0.00506202
v 0.02777135 0.01585124 0.00295190
v -0.00759749 0.01605083 0.00492838
v 0.06585807 0.01337631 0.00265794
v 0.04896759 0.01461887 0.00368941
v 0.07940815 0.01177114 0.00263916
v 0.08828839 0.01130193 0.00181883
v 0.09789554 0.01144487 0.00198835
v 0.02801218 0.01524789 0.00519002
v 0.00643078 0.01596652 0.00491253
v -0.01363971 0.01513109 0.00637841
v 0.09881662 0.01213933 -0.00047206
v 0.09320591 0.01030398 0.00382780
v 0.05624696 0.01336950 0.00550379
v -0.04229169 0.01408049 0.00004916
v -0.04210008 0.01351802 0.00496422
v -0.04190717 0.01367703 -0.00346169
v 0.09902884 0.01097002 -0.00399879
v 0.00533507 0.01512807 -0.00712096
v -0.03615742 0.01398614 0.00671567
v 0.09929569 0.01065526 0.00427362
v 0.00804095 0.01506508 0.00687224
v -0.00792128 0.01495832 -0.00694395
v 0.03578088 0.01389225 0.00705497
v -0.03766433 0.01352189 -0.00618286
v 0.05306428 0.01299889 -0.00662873
v 0.03799111 0.01371494 -0.00743804
v -0.02632273 0.01355551 -0.00727593
v -0.04178545 0.01228977 -0.00688492
v 0.07637121 0.01113176 0.00473914
v 0.06654315 0.01098468 -0.00671996
v 0.10422984 0.01438163 -0.00018295
v 0.10478877 0.01373419 0.00283929
v 0.10434244 0.01335266 -0.00344443
v 0.08103739 0.00999122 0.00533989
v -0.04507707 0.01216444 0.00455258
v -0.04613805 0.01150579 -0.00361998
v -0.04652232 0.01186476 0.00031409
v 0.08986646 0.01032298 -0.00414989
v 0.08287888 0.00930226 -0.00600373
v -0.03739499 0.01219793 -0.00785482
v -0.04547457 0.01019851 -0.00713558
v -0.03174234 0.01339542 0.00780822
v -0.04036941 0.01178989 0.00839772
v 0.06175320 0.01161284 0.00687894
v 0.05272963 0.01205236 0.00761292
v -0.00711819 0.01393336 0.00803721
v 0.01721149 0.01357871 0.00832393
v -0.04521847 0.01059836 0.00737276
v 0.10888553 0.01753826 -0.00017873
v 0.10955078 0.01702392 -0.00326684
v 0.00151900 0.01325366 -0.00900001
v 0.08989354 0.00835840 -0.00620646
v 0.09981027 0.00869598 -0.00622471
v 0.02467595 0.01289846 -0.00902059
v -0.01071586 0.01265914 -0.00903063
v 0.10953184 0.01740625 0.00218036
v 0.04776126 0.01136918 -0.00865847
v 0.10614153 0.01124326 -0.00616731
v -0.02256272 0.01268341 -0.00826519
v 0.10623273 0.01178694 0.00564192
v -0.03620270 0.01062703 -0.00913612
v -0.04184956 0.00908674 -0.00938215
v 0.11493160 0.02320867 -0.00029240
v 0.11450953 0.02177990 -0.00301720
v 0.11494992 0.02233144 0.00265598
v -0.04760020 0.00976724 0.00457243
v 0.07674007 0.00886668 0.00672897
v 0.10884524 0.01492011 0.00451023
v 0.09805037 0.00867353 0.00567259
v 0.08616730 0.00881129 0.00577996
v 0.03299126 0.01206218 0.00876231
v 0.11469963 0.01952207 0.00489775
v 0.11142472 0.01480611 -0.00606643
v 0.11573011 0.01907569 -0.00599697
v 0.21175775 -0.07856497 -0.01064608
v 0.19541270 -0.07736825 -0.01014275
v 0.18928905 -0.07832637 -0.01050485
v 0.21710707 -0.07777687 -0.01031731
v 0.19874682 -0.07451126 -0.00960084
v 0.22381206 -0.07444351 -0.00974818
v 0.16387010 -0.07491451 -0.00965920
v 0.16966914 -0.07779789 -0.01041953
v 0.23294482 -0.07624503 -0.01005562
v 0.23383707 -0.07486023 -0.00927949
v 0.15937198 -0.07513787 -0.01062882
v 0.22382500 -0.07813338 -0.01087543
v 0.23072202 -0.07712102 -0.01063961
v 0.22682146 -0.07367186 -0.00876790
v 0.18533041 -0.07404034 -0.00882337
v 0.19884380 -0.07381877 -0.00870282
v 0.16574616 -0.07436891 -0.00901799
v 0.22759570 0.06483687 0.01487149
v 0.22671817 0.06488270 0.01245189
v 0.22926138 0.06504945 0.01235360
v 0.22891614 0.06502056 0.01467259
v 0.22509886 0.06297751 0.01472026
v 0.22628525 0.06271438 0.01575684
v 0.22502866 0.06211614 0.01244241
v 0.22865361 0.06175020 0.01600208
v 0.23098324 0.06248483 0.01514671
v 0.22008138 0.01268447 -0.01348630
v 0.21869967 0.01401339 -0.01588335
v 0.22626064 0.01376949 -0.01396694
v 0.22597267 0.01266453 -0.01193981
v 0.22246698 0.01461043 -0.01657849
v 0.23070014 0.01292309 -0.01254564
v 0.23146951 0.01419646 -0.01654757
v 0.22630578 0.01502871 -0.01850517
v 0.23040395 0.01482466 -0.02007657
v 0.23457571 0.01438956 -0.02118464
v 0.23810855 0.01312043 -0.01704581
v 0.24014168 0.01376058 -0.02064533
v 0.24095728 0.01265293 -0.01599366
v 0.23470999 0.01254080 -0.01405325
v 0.23996489 0.01133362 -0.01367386
v 0.23922869 0.01045393 -0.01251249
v 0.23449349 0.01051312 -0.01186733
v 0.21629076 0.01150199 -0.01364167
v 0.21279716 0.01288848 -0.01608930
v 0.21040473 0.01120424 -0.01439136
v 0.20037710 0.01278172 -0.01642279
v 0.23133461 0.01072153 -0.01086618
v 0.20088832 0.01098331 -0.01496707
v 0.19040118 0.01108605 -0.01477246
v 0.20307494 0.00921207 -0.01408146
v 0.23671946 0.00867866 -0.01086800
v 0.18675596 0.01321755 -0.01598564
v 0.18550581 0.01112733 -0.01378361
v 0.18332310 0.01223988 -0.01462967
v 0.17669166 0.01298363 -0.01583300
v 0.17921670 0.01195233 -0.01253601
v 0.15801717 0.01252596 -0.01232348
v 0.15219331 0.01358216 -0.01597331
v 0.14989094 0.01318700 -0.01536892
v 0.14998840 0.01218162 -0.01200775
v 0.18200568 0.01129484 -0.01184404
v 0.17718059 0.01127598 -0.01098365
v 0.16740130 0.01124266 -0.01079340
v 0.15314710 0.01143800 -0.01098230
v 0.22513788 0.01144714 -0.01145875
v 0.19359705 0.00930694 -0.01424290
v 0.18682005 0.00978607 -0.01363511
v 0.18304483 0.00960752 -0.01149598
v 0.17884394 0.01001126 -0.01065549
v 0.23355087 0.00806246 -0.01082403
v 0.22945762 0.00862305 -0.01022689
v 0.24096327 0.00758246 -0.01248618
v 0.24171692 0.00921122 -0.01308783
v 0.21454589 0.00936873 -0.01338416
v 0.22073381 0.00876818 -0.01239536
v 0.24426508 0.00617916 -0.01354792
v 0.15112806 0.00585799 -0.01097790
v 0.16651643 0.00636302 -0.01052420
v 0.23656328 0.00726785 -0.01079138
v 0.19449125 0.00675130 -0.01422586
v 0.18624775 0.00622143 -0.01315994
v 0.19263513 0.03679952 0.01609589
v 0.19607210 0.03110150 0.01599736
v 0.20194130 0.03414413 0.01667905
v 0.20106694 0.03842627 0.01663952
v 0.18771485 0.03494756 0.01586681
v 0.18656769 0.03268698 0.01562049
v 0.20664296 0.03526106 0.01705686
v 0.20752274 0.03986972 0.01720268
v 0.20101873 0.02914654 0.01674073
v 0.19939706 0.02758619 0.01648243
v 0.20596969 0.02944690 0.01698838
v 0.20731692 0.03082796 0.01773686
v 0.18167579 0.02728175 0.01620677
v 0.21403940 0.03061956 0.01819380
v 0.18490448 0.03221042 0.01559221
v 0.17394376 0.03145574 0.01590286
v 0.17052702 0.02937395 0.01603972
v 0.15286942 0.03081725 0.01559743
v 0.21213507 0.03693435 0.01668647
v 0.21806391 0.03311584 0.01769778
v 0.21995462 0.03615699 0.01699649
v 0.21547160 0.03810767 0.01699544
v 0.22519714 0.03794633 0.01698918
v 0.23051107 0.03261040 0.01710348
v 0.23036298 0.03937552 0.01742392
v 0.21220694 0.04140351 0.01721938
v 0.23572964 0.03895699 0.01726134
v 0.23532068 0.03052869 0.01727284
v 0.23432668 0.03009772 0.01728891
v 0.23682581 0.03565154 0.01736412
v 0.24280282 0.03087069 0.01714870
v 0.24252803 0.03251356 0.01805420
v 0.22320516 0.03222273 0.01741689
v 0.24018072 0.03791770 0.01668511
v 0.19466685 0.02633085 0.01619129
v 0.16688279 0.02760624 0.01544346
v 0.21653135 0.04020812 0.01760116
v 0.24056856 0.04011459 0.01714713
v 0.22605213 0.03969284 0.01743329
v 0.15989218 0.02876372 0.01547572
v 0.14998084 0.03025009 0.01573647
v 0.14970227 0.03139934 0.01557188
v 0.20883883 0.04282578 0.01644557
v 0.18534100 0.02552099 0.01566269
v 0.20637651 0.04148090 0.01647149
v 0.20710373 0.04418964 0.01570056
v 0.20467177 0.03963504 0.01663028
v 0.21985976 0.02989143 0.01911571
v 0.22060010 0.02865881 0.01938819
v 0.22590057 0.02848325 0.02011556
v 0.17783223 0.02647259 0.01565428
v 0.20754322 0.04625247 0.01611093
v 0.21048208 0.04638285 0.01579418
v 0.21041115 0.04374716 0.01581350
v 0.18678452 0.03697919 0.01460896
v 0.18507188 0.03584896 0.01475039
v 0.18531000 0.03831118 0.01371975
v 0.21270313 0.04264523 0.01652019
v 0.22751538 0.03112389 0.01799512
v 0.23280654 0.03018409 0.01838634
v 0.21103346 0.04741718 0.01614648
v 0.21242935 0.03007030 0.01771336
v 0.18417391 0.03411880 0.01368405
v 0.18434341 0.03536913 0.01424179
v 0.18203812 0.04073285 0.01310280
v 0.17588813 0.04005338 0.01295662
v 0.18000579 0.03573606 0.01348300
v 0.17085323 0.03565548 0.01260445
v 0.17081124 0.03918858 0.01252550
v 0.16570683 0.03490138 0.01293624
v 0.16447657 0.04091397 0.01272188
v 0.15379554 0.04175305 0.01287980
v 0.15687338 0.03488354 0.01298394
v 0.15010656 0.03624304 0.01280688
v 0.14990267 0.04240949 0.01285300
v 0.15145943 0.04359525 0.01258871
v 0.16535441 0.04331452 0.01211712
v 0.17184555 0.04226544 0.01182378
v 0.17235969 0.04351925 0.01163327
v 0.18478361 0.04271564 0.01166608
v 0.19081903 0.03928279 0.01169426
v 0.18782886 0.04320321 0.01114632
v 0.19457847 0.03889080 0.01151857
v 0.19903736 0.04042747 0.01129195
v 0.19391115 0.04346851 0.01152707
v 0.20186009 0.04248578 0.01192990
v 0.20307681 0.04140556 0.01248632
v 0.18724777 0.04477293 0.01158394
v 0.20207256 0.04025477 0.01282024
v 0.15218414 0.03274999 0.01196326
v 0.14985569 0.03268877 0.01285905
v 0.23097425 0.02890332 0.02048551
v 0.23216245 0.02820073 0.02062179
v 0.20328625 0.04424717 0.01290223
v 0.17965960 0.03297951 0.01248567
v 0.18312703 0.03276749 0.01390679
v 0.17127011 0.03277275 0.01189387
v 0.16795692 0.03266832 0.01167533
v 0.20631024 0.04440938 0.01484182
v 0.20671641 0.04571107 0.01533952
v 0.16024527 0.03335182 0.01231118
v 0.15534219 0.03242122 0.01257948
v 0.16167455 0.03274750 0.01200828
v 0.19491794 0.03771538 0.01563017
v 0.18933915 0.03753689 0.01437763
v 0.16642992 0.04500930 0.01293359
v 0.21792243 0.04261549 0.01915768
v 0.20732018 0.04915719 0.01768062
v 0.20595634 0.04751918 0.01681978
v 0.19676276 0.04821270 0.01676406
v 0.20448674 0.05049916 0.01749607
v 0.19605597 0.04950253 0.01674398
v 0.18859174 0.04803438 0.01680782
v 0.21075801 0.05105463 0.01833564
v 0.21064052 0.05197419 0.01835176
v 0.21535639 0.05210784 0.01952615
v 0.18449812 0.04862043 0.01625160
v 0.17292960 0.04806904 0.01599239
v 0.15324122 0.04867209 0.01539151
v 0.14999705 0.04800199 0.01566976
v 0.15067423 0.04709709 0.01559569
v 0.14977722 0.04617213 0.01560794
v 0.14981783 0.04864267 0.01583629
v 0.18428959 0.04691252 0.01601340
v 0.16907275 0.04658495 0.01525698
v 0.15089270 0.04620287 0.01514592
v 0.21580151 0.02858989 0.01716345
v 0.19719488 0.04541238 0.01307897
v 0.15154375 0.04491948 0.01355433
v 0.17484274 0.04533957 0.01296019
v 0.15075525 0.02825613 0.01400636
v 0.18695333 0.04534965 0.01230422
v 0.14980139 0.02925535 0.01552896
v 0.19408811 0.04670520 0.01474580
v 0.14900307 0.03150765 0.01767915
v 0.19032584 -0.07558952 -0.00036258
v 0.17979872 -0.07904203 -0.00104804
v 0.19833803 -0.07883319 -0.00104759
v 0.20382363 -0.07574247 -0.00039821
v 0.18180558 -0.07494018 -0.00008449
v 0.20679304 -0.07856835 -0.00117919
v 0.21738520 -0.07501881 -0.00036329
v 0.21934144 -0.07824478 -0.00112918
v 0.16931781 -0.07327301 -0.00107795
v 0.16717888 -0.07954897 -0.00179185
v 0.16205754 -0.07689681 -0.00177604
v 0.15893319 -0.07109919 -0.00121843
v 0.15331056 -0.07507790 -0.00176141
v 0.14989396 -0.06980278 -0.00099041
v 0.14979319 -0.07338973 -0.00167666
v 0.16149817 -0.07829191 -0.00222095
v 0.15625100 -0.07651489 -0.00211004
v 0.16892398 -0.07109704 -0.00045909
v 0.17250328 -0.07210574 -0.00031726
v 0.22371848 -0.07779117 -0.00053341
v 0.22201845 -0.07476253 0.00038022
v 0.22922668 -0.07606037 0.00040126
v 0.18164588 -0.07302264 0.00069822
v 0.23014239 -0.07781203 -0.00035172
v 0.23256931 -0.07822932 -0.00043944
v 0.19837662 -0.07393780 0.00067737
v 0.15907744 -0.07004717 -0.00057180
v 0.17323908 -0.07966461 -0.00165381
v 0.20886270 -0.07417046 0.00069453
v 0.14967444 -0.06849052 0.00030116
v 0.21181091 -0.07394808 -0.00655450
v 0.19572057 -0.07382674 -0.00627403
v 0.19884380 -0.07381877 -0.00870282
v 0.18533041 -0.07404034 -0.00882337
v 0.16347640 -0.07402936 -0.00748030
v 0.18120233 -0.07415399 -0.00410206
v 0.22682146 -0.07367186 -0.00876790
v 0.23445708 -0.07432355 -0.00378790
v 0.23542854 -0.07414507 -0.00747853
v 0.17091288 -0.07433895 -0.00430563
v 0.16270522 -0.07434700 -0.00458634
v 0.15931008 -0.07370621 -0.00825878
v 0.15689064 -0.07372773 -0.00489765
v 0.19586777 -0.07433069 -0.00422594
v 0.21320001 -0.07448136 -0.00466707
v 0.15000090 -0.07252359 -0.00571138
v 0.15263493 -0.07284957 -0.01064727
v 0.16574616 -0.07436891 -0.00901799
v 0.15072135 -0.07344201 -0.00270690
v 0.14998056 -0.07224586 -0.01045156
v 0.14979319 -0.07338973 -0.00167666
v 0.15454344 -0.07471171 -0.00283782
v 0.23383707 -0.07486023 -0.00927949
v 0.21065496 -0.07578325 -0.00280346
v 0.21962324 -0.07568636 -0.00280666
v 0.23291270 -0.07564544 -0.00210017
v 0.15331056 -0.07507790 -0.00176141
v 0.18137420 -0.07522153 -0.00273136
v 0.19758098 -0.07566788 -0.00259212
v 0.16750765 -0.07586433 -0.00274516
v 0.17087293 -0.07587180 -0.00272799
v 0.16191820 -0.07572800 -0.00335380
v 0.15625100 -0.07651489 -0.00211004
v 0.22379268 -0.07741707 -0.00129006
v 0.15937198 -0.07513787 -0.01062882
v 0.16387010 -0.07491451 -0.00965920
v 0.23256931 -0.07822932 -0.00043944
v 0.23014239 -0.07781203 -0.00035172
v 0.22371848 -0.07779117 -0.00053341
v 0.21934144 -0.07824478 -0.00112918
v 0.21199378 -0.07856905 -0.00163590
v 0.20679304 -0.07856835 -0.00117919
v 0.19756471 -0.07888071 -0.00145139
v 0.19833803 -0.07883319 -0.00104759
v 0.18330739 -0.07902317 -0.00138656
v 0.17979872 -0.07904203 -0.00104804
v 0.16149817 -0.07829191 -0.00222095
v 0.18442668 -0.07680882 -0.00202435
v 0.17323908 -0.07966461 -0.00165381
v 0.16717888 -0.07954897 -0.00179185
v 0.13569477 0.08039173 0.00146877
v 0.14335548 0.08005366 -0.00220488
v 0.13709102 0.08035542 -0.00301003
v 0.14272483 0.08001433 0.00278556
v 0.13636103 0.07969594 0.00705846
v 0.14392307 0.07931555 0.00834229
v 0.13207889 0.07924939 0.00930879
v 0.13155240 0.08016800 0.00236721
v 0.13160734 0.08006168 -0.00538277
v 0.13739790 0.07978675 -0.00765443
v 0.14374545 0.07949024 -0.00762524
v 0.14533475 0.07767488 0.01424801
v 0.13266004 0.07685606 0.01601201
v 0.13189229 0.07862370 -0.01089039
v 0.14432065 0.07855443 -0.01080267
v 0.12900960 0.07934624 0.00274753
v 0.14863061 0.07785904 0.00293370
v 0.14770552 0.07821952 -0.00528606
v 0.14814760 0.07748693 0.00998015
v 0.14931761 0.07601881 0.01521404
v 0.14560532 0.07658197 0.01657180
v 0.14944771 0.07682191 -0.00858368
v 0.14905707 0.07588810 -0.01311879
v 0.13909282 0.07668312 -0.01485813
v 0.14539028 0.07613315 -0.01538758
v 0.12972088 0.07935909 -0.00607502
v 0.12922106 0.07731764 0.01225673
v 0.13168520 0.07615015 -0.01515898
v 0.14793718 0.07459169 -0.01620372
v 0.14705709 0.07539462 0.01746433
v 0.14972738 0.07659649 0.00617231
v 0.12889854 0.07712770 -0.01140587
v 0.12909503 0.07524194 -0.01507566
v 0.12887116 0.07523435 0.01583127
v 0.13189992 0.07370094 -0.01776584
v 0.14551093 0.07368682 -0.01787766
v 0.14907011 0.07287946 -0.01724268
v 0.13260535 0.07525493 0.01758443
v 0.12807936 0.07794238 -0.00606187
v 0.14933620 0.07346148 0.01764136
v 0.12942743 0.07369220 0.01754800
v 0.12896409 0.07218153 -0.01770111
v 0.14995569 0.07201788 -0.01645997
v 0.14995744 0.07468749 -0.01176126
v 0.14995961 0.07473236 0.01466449
v 0.17637720 -0.02412550 0.00909657
v 0.18040161 -0.02286810 0.00893607
v 0.17913591 -0.02284848 0.00799096
v 0.18495942 -0.02270540 0.00964116
v 0.18660639 -0.02349236 0.01123731
v 0.19008576 -0.02190114 0.01015036
v 0.19212170 -0.02277142 0.01148508
v 0.18927552 -0.02415607 0.01517915
v 0.19321835 -0.02337118 0.01563869
v 0.18151260 -0.02431326 0.01519325
v 0.17389804 -0.02449089 0.01362103
v 0.16705250 -0.02495808 0.01202267
v 0.17133463 -0.02570123 0.01546406
v 0.15902600 -0.02576518 0.01222810
v 0.15732696 -0.02650323 0.01431866
v 0.14978415 -0.02600718 0.01179127
v 0.14966500 -0.02726465 0.01563222
v 0.19205632 -0.02499575 0.01637586
v 0.18471572 -0.02512105 0.01630067
v 0.15885321 -0.02786433 0.01576341
v 0.15010033 -0.02828401 0.01611208
v 0.16549314 -0.02220502 0.00959417
v 0.17124926 -0.02185532 0.00967130
v 0.14924773 -0.02703740 0.01766217
v 0.19687036 0.06229559 -0.01608265
v 0.19953072 0.06092758 -0.01883954
v 0.18813873 0.06172807 -0.01916456
v 0.19166782 0.06343189 -0.01474302
v 0.18292227 0.06349262 -0.01473991
v 0.17811031 0.06194234 -0.01854761
v 0.17197750 0.06302693 -0.01514733
v 0.16751959 0.06109182 -0.01790047
v 0.16323711 0.06186526 -0.01584645
v 0.15760294 0.06145289 -0.01728037
v 0.15101051 0.06226359 -0.01603261
v 0.19972312 0.06321741 -0.01476285
v 0.20094585 0.06130133 -0.01661549
v 0.20208988 0.06212230 -0.01482003
v 0.20543143 0.05871877 -0.01940226
v 0.20226375 0.05964542 -0.01949989
v 0.17497057 0.06411153 -0.01416114
v 0.16373257 0.06313631 -0.01484987
v 0.20578161 0.05956735 -0.01573685
v 0.21174593 0.05851253 -0.01707688
v 0.20661797 0.05981035 -0.01480343
v 0.21696122 0.05946545 -0.01482789
v 0.22137750 0.05845624 -0.01651296
v 0.21748172 0.05760946 -0.02053154
v 0.20574542 0.05805993 -0.01984011
v 0.22267477 0.05945507 -0.01529083
v 0.22574075 0.05936556 -0.01627468
v 0.23069671 0.05900747 -0.01755286
v 0.23196656 0.05761989 -0.02089808
v 0.23738631 0.05923407 -0.01767067
v 0.23908875 0.05811974 -0.02123962
v 0.23281967 0.05973929 -0.01715510
v 0.23762760 0.06051674 -0.01722153
v 0.24101853 0.05911628 -0.02086333
v 0.15078435 0.06356986 -0.01517181
v 0.15322665 0.06106990 -0.01697799
v 0.15007707 0.06398098 -0.01543303
v 0.14952305 0.06151711 -0.01880026
v 0.23895490 0.06048044 -0.01813348
v 0.24144627 0.06057233 -0.02039243
v 0.20308802 0.02639363 -0.01484513
v 0.21057935 0.02814339 -0.01946931
v 0.21478091 0.02649401 -0.01827975
v 0.19982560 0.02719080 -0.01525555
v 0.19848478 0.02612173 -0.01400921
v 0.18683066 0.02697274 -0.01416288
v 0.19573043 0.02915005 -0.01910976
v 0.18933596 0.02872266 -0.01910806
v 0.18315257 0.02871518 -0.01776409
v 0.18369204 0.02655351 -0.01396730
v 0.17692111 0.02834826 -0.01640320
v 0.17301659 0.02684922 -0.01460553
v 0.16914552 0.02855266 -0.01605704
v 0.20596729 0.02968062 -0.02056319
v 0.18790886 0.02969330 -0.01910069
v 0.22355897 0.02885108 -0.02110268
v 0.21367897 0.02416859 -0.01584763
v 0.22336790 0.02363202 -0.01677033
v 0.22906061 0.02515604 -0.01808225
v 0.23538292 0.02847410 -0.02081764
v 0.23361668 0.02520829 -0.01766722
v 0.15548362 0.02672862 -0.01483108
v 0.23900301 0.02583237 -0.01951820
v 0.23874504 0.02407382 -0.01767622
v 0.24187948 0.02356709 -0.01716898
v 0.23795119 0.02165120 -0.01575893
v 0.15311042 0.02830736 -0.01609443
v 0.15084554 0.02662981 -0.01459186
v 0.22738216 0.02949070 -0.02159280
v 0.23549282 0.02323165 -0.01658226
v 0.23365408 0.02978423 -0.02177586
v 0.23288417 0.02333127 -0.01690363
v 0.23912095 0.02901871 -0.02103172
v 0.23814807 0.02820816 -0.02049377
v 0.23571846 0.02086810 -0.01530511
v 0.21594203 0.02128800 -0.01458416
v 0.20913835 0.02382227 -0.01471067
v 0.15006209 0.02986676 -0.01625694
v 0.23710857 0.02048581 -0.01372615
v 0.23580006 0.02019741 -0.01366861
v 0.23661213 0.01881850 -0.01237083
v 0.23536122 0.01886032 -0.01220499
v 0.22025666 0.02115019 -0.01511826
v 0.17180279 0.02587439 -0.01418118
v 0.15808642 0.02540916 -0.01449600
v 0.17393189 0.02996973 -0.01647113
v 0.15237543 0.03062744 -0.01683837
v 0.24285741 0.02294997 -0.01459375
v 0.14999046 0.02660563 -0.01486270
v 0.23518532 0.02183876 -0.01633836
v 0.23826467 0.02137722 -0.00976246
v 0.24411158 0.02295184 -0.01088052
v 0.24146048 0.02127275 -0.00395768
v 0.24502479 0.02288881 -0.00649885
v 0.24586962 0.02319614 -0.00147403
v 0.24180073 0.02167344 0.00026263
v 0.23921379 0.01983983 -0.00441928
v 0.24614986 0.02407299 0.00126491
v 0.24594665 0.02494818 0.00384023
v 0.24179607 0.02322417 0.00391705
v 0.24579521 0.02714723 0.00781875
v 0.24121229 0.02421491 0.00615189
v 0.24201871 0.02706312 0.01146513
v 0.24071474 0.02025319 0.00160894
v 0.23774101 0.01998672 -0.00819588
v 0.15677636 -0.04232395 0.01489063
v 0.16252415 -0.04050487 0.01034968
v 0.15472815 -0.04203186 0.01066937
v 0.16342478 -0.04137294 0.01530569
v 0.17218638 -0.03956160 0.01270575
v 0.14978441 -0.04287418 0.01613469
v 0.14978370 -0.04206075 0.01049875
v 0.17836589 -0.03987226 0.01539933
v 0.18135000 -0.03779620 0.01360739
v 0.15691608 -0.04290773 0.01567360
v 0.15731111 -0.04080696 0.00968513
v 0.16739301 -0.03882172 0.01041878
v 0.15124785 -0.04096512 0.00963381
v 0.17538743 -0.03799110 0.01228724
v 0.17202017 -0.03811317 0.01157749
v 0.21896034 -0.06232939 0.02375387
v 0.21102607 -0.06087613 0.02283993
v 0.21211392 -0.06082598 0.02013140
v 0.22151778 -0.06225067 0.02098535
v 0.20306966 -0.05992853 0.02218684
v 0.22664366 -0.06269589 0.02195386
v 0.22566666 -0.06273546 0.02479090
v 0.22963190 -0.06244647 0.02288208
v 0.20383514 -0.06072777 0.01861715
v 0.19116004 -0.05993293 0.01950148
v 0.21169660 -0.06117991 0.01902889
v 0.21097063 -0.06058257 0.02349323
v 0.23055030 -0.06310378 0.02170807
v 0.22847373 -0.06208356 0.02485833
v 0.22729294 -0.06358339 0.02051670
v 0.21631663 -0.06285001 0.01946423
v 0.21992276 -0.06234656 0.02041254
v 0.20356307 -0.06122289 0.01807608
v 0.19119238 -0.06143185 0.01798986
v 0.18890033 -0.05867019 0.01988963
v 0.19447697 -0.05902748 0.02111509
v 0.23195698 -0.06137710 0.02209174
v 0.23800357 0.03555457 0.00213054
v 0.23660903 0.03445063 -0.00201744
v 0.23839788 0.03450335 -0.00416835
v 0.23504073 0.03345879 -0.00460271
v 0.23800362 0.03325138 -0.01338647
v 0.23448325 0.03207887 -0.01379000
v 0.23693926 0.03529079 0.00347997
v 0.23709118 0.03146104 -0.01829042
v 0.24148407 0.03231822 -0.01893262
v 0.24603288 0.03426566 -0.01057256
v 0.24549911 0.03359103 -0.01417429
v 0.24437430 0.03443034 -0.00514111
v 0.24697782 0.03631296 0.00176420
v 0.24691251 0.03744642 0.00522105
v 0.23947105 0.03706037 0.00682577
v 0.24272825 0.03807094 0.01170665
v 0.24720600 0.03865351 0.01112069
v 0.24688658 0.03513619 -0.00550529
v 0.24179752 0.03889850 0.01421289
v 0.24697527 0.03423939 -0.01339838
v 0.24000576 0.03079205 -0.02049740
v 0.23401017 0.03063208 -0.01636164
v 0.24695290 0.03503883 -0.00994339
v 0.23326198 0.03172528 -0.00863687
v 0.24043543 0.03698290 0.00999554
v 0.24124514 0.03720534 0.01249401
v 0.24517440 0.04168034 0.01513561
v 0.24680175 0.04095730 0.01358011
v 0.24068404 0.03873363 0.01599333
v 0.23550431 0.03334431 -0.00084013
v 0.23818932 0.03584684 0.00668583
v 0.23612845 0.02917693 -0.01946160
v 0.24056856 0.04011459 0.01714713
v 0.24160027 0.04256193 0.02009251
v 0.23652481 0.04052155 0.01825567
v 0.23934720 0.04290919 0.02117429
v 0.23290963 0.04235080 0.02061011
v 0.23036298 0.03937552 0.01742392
v 0.22605213 0.03969284 0.01743329
v 0.21792243 0.04261549 0.01915768
v 0.23572964 0.03895699 0.01726134
v 0.21653135 0.04020812 0.01760116
v 0.23376197 0.04303339 0.02085256
v 0.23814807 0.02820816 -0.02049377
v 0.23912095 0.02901871 -0.02103172
v 0.22552829 0.04307642 0.01994369
v 0.24710821 0.03857123 0.00675035
v 0.18086530 -0.06568710 0.01012728
v 0.18871893 -0.06903067 0.00925401
v 0.19385544 -0.06702862 0.01054092
v 0.17953035 -0.06750522 0.00916213
v 0.19729993 -0.07067556 0.00948825
v 0.20415404 -0.07009635 0.01032250
v 0.20465373 -0.07529393 0.00753373
v 0.16809750 -0.06661004 0.00936816
v 0.19841581 -0.07506990 0.00762989
v 0.19100405 -0.07310482 0.00870313
v 0.21020485 -0.07539346 0.00715965
v 0.16153824 -0.06475667 0.01037069
v 0.15346482 -0.06676095 0.00969159
v 0.15875879 -0.06853952 0.00902561
v 0.16729542 -0.07070209 0.00846672
v 0.17898257 -0.07115385 0.00844390
v 0.19594741 -0.07784711 0.00730281
v 0.19963380 -0.07847616 0.00708995
v 0.21134961 -0.07888103 0.00658832
v 0.21699089 -0.07853024 0.00649679
v 0.21578499 -0.07555226 0.00748307
v 0.21925972 -0.07758439 0.00714995
v 0.18767431 -0.07252362 0.00878527
v 0.19087737 -0.07815864 0.00800857
v 0.18357905 -0.07627600 0.00895634
v 0.18360681 -0.07860728 0.00847551
v 0.17317854 -0.07826437 0.00905612
v 0.15515153 -0.07077880 0.00918657
v 0.17556685 -0.07439911 0.00908644
v 0.16539116 -0.07709612 0.00953834
v 0.16491607 -0.07523073 0.00960182
v 0.15667809 -0.07408897 0.00964641
v 0.15300437 -0.06971135 0.00896866
v 0.14977043 -0.06897323 0.00910096
v 0.14990245 -0.06539330 0.01063844
v 0.15425788 -0.06475108 0.01113405
v 0.17776721 -0.06374159 0.01160924
v 0.19116900 -0.06542016 0.01151145
v 0.21413835 -0.07209562 0.01036073
v 0.16071922 -0.07585221 0.00932144
v 0.16200614 -0.06359284 0.01140147
v 0.21545719 -0.07898189 0.00611974
v 0.21918877 -0.07649841 0.00819630
v 0.20679283 -0.07879484 0.00633894
v 0.18311172 -0.00136473 0.01520853
v 0.18413238 -0.00179849 0.01192628
v 0.19401165 -0.00169590 0.01186437
v 0.19222824 -0.00119018 0.01582352
v 0.17396170 -0.00168169 0.01574383
v 0.17142865 -0.00212038 0.01112914
v 0.16375204 -0.00162275 0.01554153
v 0.16229661 -0.00243374 0.01014440
v 0.15255539 -0.00130606 0.01530085
v 0.15172648 -0.00228598 0.01040365
v 0.14979744 -0.00153496 0.01605027
v 0.19940733 -0.00082752 0.01268136
v 0.19851290 -0.00038563 0.01590774
v 0.14980215 -0.00261555 0.01065181
v 0.20415444 0.00005727 0.01224252
v 0.18738045 -0.00218667 0.01092426
v 0.20079918 -0.00114491 0.01169220
v 0.20133230 -0.00209103 0.01117440
v 0.18326345 -0.00288205 0.01030616
v 0.20332257 0.00115486 0.01562597
v 0.20777611 0.00192878 0.01551525
v 0.20824949 0.00103123 0.01292938
v 0.21246283 0.00298068 0.01559879
v 0.21165175 0.00159986 0.01305749
v 0.21992211 0.00240816 0.01428807
v 0.18102807 -0.00083484 0.01595461
v 0.22041197 0.00330929 0.01554823
v 0.22537206 0.00297881 0.01437512
v 0.23066739 0.00481890 0.01559848
v 0.22504328 0.00112023 0.01247552
v 0.22097360 0.00099233 0.01316715
v 0.15458666 -0.00043186 0.01607844
v 0.15007261 -0.00082542 0.01615398
v 0.20211709 0.07287199 0.01291463
v 0.20714850 0.07246523 0.01341225
v 0.20516879 0.07412199 0.01281265
v 0.19520707 0.07030658 0.01281668
v 0.19422135 0.07113886 0.01239980
v 0.21145032 0.07547028 0.01372626
v 0.21401117 0.07266821 0.01412184
v 0.21190448 0.06850809 0.01350751
v 0.20103135 0.06668163 0.01327631
v 0.21681160 0.06951327 0.01382492
v 0.22349660 0.07043203 0.01389650
v 0.22436664 0.06847318 0.01415677
v 0.22718593 0.07024986 0.01436153
v 0.21801419 0.07660466 0.01510831
v 0.22161494 0.07432559 0.01529534
v 0.22654380 0.07662777 0.01683763
v 0.23025306 0.07522043 0.01718194
v 0.23109648 0.07849210 0.01775839
v 0.23551338 0.07702268 0.01774239
v 0.23202210 0.07192724 0.01553389
v 0.23701972 0.08019081 0.01789842
v 0.23501622 0.07366666 0.01637809
v 0.23941844 0.07589160 0.01698347
v 0.24018116 0.08049259 0.01765735
v 0.19001243 0.06670091 0.01336236
v 0.22673196 0.07782633 0.01671730
v 0.22134837 0.07719398 0.01567042
v 0.23223698 0.06984458 0.01591766
v 0.24022793 0.07291198 0.01785430
v 0.17371400 0.06577599 0.01307240
v 0.18173212 0.07039807 0.01234877
v 0.17034772 0.06979444 0.01247123
v 0.15003554 0.06929532 0.01312632
v 0.14995517 0.06677895 0.01374044
v 0.24225821 0.07837186 0.01605819
v 0.24107296 0.07631988 0.01669290
v 0.21777096 0.06784384 0.01453222
v 0.16187164 0.06439114 0.01419908
v 0.22807957 0.06878395 0.01525977
v 0.14994224 0.06425973 0.01488228
v 0.24125296 0.07283554 0.01733779
v 0.15769285 0.07030276 0.01249451
v 0.24149061 0.07492417 0.01583036
v 0.14988996 0.06248148 0.01572000
v 0.22966647 -0.02964334 -0.01601162
v 0.22283261 -0.02941487 -0.01543330
v 0.22692663 -0.02819913 -0.01887782
v 0.21832843 -0.02828420 -0.01827841
v 0.23419204 -0.03057310 -0.01521361
v 0.23362606 -0.02848482 -0.02127691
v 0.23929505 -0.03015273 -0.01871470
v 0.23797293 -0.02916980 -0.02064609
v 0.23698070 -0.03088100 -0.01299135
v 0.24164895 -0.03146265 -0.01320060
v 0.23833981 -0.03181104 -0.01158250
v 0.21318121 -0.02983253 -0.01599885
v 0.20900030 -0.02906919 -0.01741106
v 0.23479781 -0.03204630 -0.01140982
v 0.23239494 -0.03202701 -0.01312163
v 0.23060470 -0.03115967 -0.01461445
v 0.24339948 -0.03060880 -0.01431272
v 0.20208029 -0.03144592 -0.01503022
v 0.21782258 -0.03083416 -0.01481567
v 0.24587021 -0.02953226 -0.01202174
v 0.24174276 -0.03126010 -0.01171276
v 0.24127386 -0.02935281 -0.01789303
v 0.24035450 -0.03091060 -0.00891458
v 0.24594625 -0.02947450 -0.00812546
v 0.24594011 -0.03004375 -0.00575588
v 0.24031400 -0.03101671 -0.00529654
v 0.23991901 -0.03214660 -0.00106204
v 0.24601386 -0.03054891 -0.00135546
v 0.24121886 -0.03240747 0.00155354
v 0.24214997 -0.03236568 0.00512246
v 0.23784192 -0.03210811 -0.00476366
v 0.24618564 -0.03035981 0.01330951
v 0.24329856 -0.03228837 0.01400010
v 0.24509091 -0.03190577 0.01803728
v 0.23777188 -0.03275997 -0.00869080
v 0.24262265 -0.03397923 0.01747419
v 0.24169906 -0.03362773 0.00771857
v 0.24375214 -0.02933702 -0.01523560
v 0.23696988 -0.03363699 -0.00707545
v 0.24026603 -0.03428336 0.00085013
v 0.24089654 -0.03338056 -0.01204689
v 0.24224772 0.06192609 0.00002481
v 0.24595162 0.06098440 -0.00179297
v 0.23943377 0.06182284 -0.00240039
v 0.23797224 0.06362149 0.00118706
v 0.23932998 0.06410590 0.00433065
v 0.24056388 0.06453243 0.00606987
v 0.24724014 0.06370691 0.00520669
v 0.24253170 0.06582835 0.00965224
v 0.24688502 0.06541600 0.01015712
v 0.24730706 0.06196000 0.00067468
v 0.24471092 0.06692201 0.01490597
v 0.24717210 0.06055391 -0.00322396
v 0.24422269 0.06085822 -0.00568959
v 0.24114257 0.06168891 -0.00395778
v 0.24088604 0.06079278 -0.00593705
v 0.24257409 0.05919388 -0.01014739
v 0.24119522 0.06641550 0.00980782
v 0.24003247 0.06544020 0.00664928
v 0.24051085 0.05926292 -0.00903109
v 0.23905929 0.06063959 -0.00695753
v 0.24066862 0.05920887 -0.01125126
v 0.24178556 0.06798700 0.01369682
v 0.24195488 0.06894009 0.01660049
v 0.24791738 0.06233170 0.00269598
v 0.24836952 0.06116288 -0.00779952
v 0.24542152 0.06047898 -0.00884486
v 0.24293055 0.05993589 -0.01378805
v 0.23837635 0.06045602 -0.00986034
v 0.24580340 0.06634274 0.01657327
v 0.24843023 0.06141030 -0.01062701
v 0.24609219 0.06053978 -0.01201735
v 0.23915404 0.06282519 -0.00478956
v 0.24319934 0.06788378 0.01885610
v 0.23967576 0.06319120 -0.00346345
v 0.24827937 0.06047926 -0.00523474
v 0.24753551 0.05994116 -0.00221228
v 0.23927516 0.06070531 -0.01228099
v 0.24070066 0.06058171 -0.01400645
v 0.24177299 0.05939275 -0.01724771
v 0.24547523 0.05862770 -0.01699066
v 0.24781280 0.05956588 -0.01394261
v 0.24272225 0.05883940 -0.01939498
v 0.24015320 0.06058974 -0.01738632
v 0.24144627 0.06057233 -0.02039243
v 0.23883358 0.06288840 -0.01275598
v 0.24111879 0.06842122 0.01189387
v 0.24168465 0.07158085 0.01872348
v 0.24237150 0.07017346 0.01995502
v 0.24376903 0.06623923 0.01929416
v 0.24194088 0.06797661 0.02165925
v 0.17400869 -0.01126025 0.01513574
v 0.18767965 -0.01208664 0.01583390
v 0.17409555 -0.01089573 0.01249144
v 0.18899314 -0.01196903 0.01208110
v 0.19298608 -0.01207180 0.01567358
v 0.19659986 -0.01150709 0.01218432
v 0.19983305 -0.01160925 0.01560137
v 0.15823205 -0.01198550 0.01576103
v 0.16331984 -0.01080937 0.01105381
v 0.15304434 -0.01115117 0.01203983
v 0.15077645 -0.01179680 0.01483564
v 0.19101234 -0.01153828 0.01108293
v 0.17304090 -0.01038869 0.01109749
v 0.14977003 -0.01055046 0.01104586
v 0.20631104 -0.01044334 0.01297923
v 0.21338096 -0.01088286 0.01563435
v 0.20257765 -0.01045086 0.01196331
v 0.15013470 -0.01270689 0.01612025
v 0.16945950 -0.01182417 0.01581948
v 0.14967624 -0.01155914 0.01600714
v 0.19818613 -0.01034473 0.01108872
v 0.21296096 -0.00920107 0.01356391
v 0.22087086 -0.01163364 0.01634097
v 0.21442548 -0.01198361 0.01676674
v 0.20023059 -0.01236817 0.01625534
v 0.18977222 -0.00151520 -0.01485831
v 0.20590400 -0.00180762 -0.01475506
v 0.19636067 -0.00309742 -0.01461089
v 0.19207760 -0.00913090 -0.01473201
v 0.20258274 -0.00952488 -0.01487348
v 0.21420250 -0.00769099 -0.01461597
v 0.21358727 -0.00386101 -0.01442598
v 0.19028688 -0.00318760 -0.01424634
v 0.18858794 -0.00859277 -0.01418109
v 0.22084706 -0.00569893 -0.01354177
v 0.22000925 -0.00251254 -0.01381789
v 0.22529756 -0.00769539 -0.01274561
v 0.22633450 -0.00660774 -0.01277128
v 0.21438710 -0.00188351 -0.01477765
v 0.22063171 -0.00911585 -0.01403202
v 0.21464846 -0.00954443 -0.01493381
v 0.18605854 -0.00308050 -0.01339168
v 0.22849836 -0.00354562 -0.01384223
v 0.23112194 -0.00576282 -0.01398364
v 0.23071787 -0.00726509 -0.01395941
v 0.18586808 -0.00799505 -0.01325116
v 0.22666812 -0.00952102 -0.01365019
v 0.18334443 -0.00202545 -0.01303035
v 0.18539235 -0.00965410 -0.01431162
v 0.18227111 -0.00307961 -0.01170717
v 0.18239729 -0.00816425 -0.01168389
v 0.17994420 -0.00556131 -0.01108375
v 0.17585146 -0.00366636 -0.01081771
v 0.17614466 -0.00749633 -0.01090589
v 0.15942130 -0.00360265 -0.01090137
v 0.16161227 -0.00827864 -0.01092249
v 0.15590231 -0.00781042 -0.01139191
v 0.15471818 -0.00315892 -0.01169075
v 0.15649173 -0.00940048 -0.01162233
v 0.15604810 -0.00196892 -0.01179607
v 0.16096947 -0.00192681 -0.01139069
v 0.17540238 -0.00188896 -0.01154095
v 0.17510698 -0.00916669 -0.01153821
v 0.23140262 -0.00233528 -0.01534185
v 0.15311165 -0.00949078 -0.01311736
v 0.15001360 -0.00223849 -0.01397568
v 0.14993949 -0.01017660 -0.01445601
v 0.23485470 -0.00288159 -0.01728789
v 0.23536769 -0.00520235 -0.01722938
v 0.23720403 -0.00350001 -0.01775947
v 0.23720717 -0.00762841 -0.01822117
v 0.23537368 -0.00872168 -0.01828113
v 0.23604518 -0.00970217 -0.01877516
v 0.23855147 -0.00612792 -0.01754141
v 0.24110860 -0.00501260 -0.01903338
v 0.23299293 -0.01098175 -0.01925830
v 0.23412007 -0.01200339 -0.01961763
v 0.22882065 -0.00171502 -0.01521772
v 0.23561752 -0.00161082 -0.01854771
v 0.24085734 -0.00324051 -0.02004269
v 0.23803773 -0.00059515 -0.02045206
v 0.21960139 -0.00156344 -0.01472348
v 0.14998136 -0.00092632 -0.01503009
v 0.18892500 -0.00000579 -0.01614247
v 0.19679681 -0.00084489 -0.01570402
v 0.19299944 0.00062227 -0.01685874
v 0.18684556 0.00082810 -0.01641875
v 0.19164972 0.00237349 -0.01665518
v 0.18516087 0.00272467 -0.01631476
v 0.20283157 0.00155905 -0.01799990
v 0.15990027 -0.00027682 -0.01614067
v 0.15293450 0.00038149 -0.01632648
v 0.20405881 0.00053184 -0.01772396
v 0.15332593 0.00225974 -0.01635851
v 0.21034800 0.00154298 -0.01906983
v 0.21212559 0.00049322 -0.01907297
v 0.21862354 0.00067923 -0.01955531
v 0.21837884 -0.00021258 -0.01949109
v 0.22441126 -0.00001906 -0.02065614
v 0.22405095 -0.00055343 -0.02055317
v 0.23177924 0.00034851 -0.02124234
v 0.16426039 -0.00082453 -0.01571722
v 0.15005177 0.00124267 -0.01574478
v 0.20863158 -0.00083979 -0.01573272
v 0.21536517 -0.00079546 -0.01689752
v 0.15311604 0.00420040 -0.01600339
v 0.23357296 -0.00032967 -0.01983700
v 0.23590080 0.00122081 -0.02193526
v 0.14992773 0.00422514 -0.01517747
v 0.18017372 -0.00079815 -0.01514176
v 0.22944714 -0.00098859 -0.01697417
v 0.21521496 -0.02518641 -0.01576261
v 0.22589902 -0.02535001 -0.01587603
v 0.22244996 -0.02524075 -0.01644334
v 0.22428149 -0.02563378 -0.01999693
v 0.22708678 -0.02575406 -0.02095370
v 0.23060101 -0.02553155 -0.02118738
v 0.23004604 -0.02506752 -0.01625749
v 0.21880880 -0.02599348 -0.01879466
v 0.21462269 -0.02604549 -0.01818687
v 0.21178129 -0.02638391 -0.01791645
v 0.19762914 -0.02519531 -0.01662701
v 0.22894582 -0.02399326 -0.01479401
v 0.20326507 -0.02376644 -0.01494351
v 0.18961524 -0.02343984 -0.01507361
v 0.21953377 -0.02408190 -0.01470885
v 0.23185332 -0.02595712 -0.01467611
v 0.18131089 -0.02479389 -0.01614865
v 0.18042736 -0.02340717 -0.01473772
v 0.17628105 -0.02372051 -0.01427886
v 0.16796766 -0.02467025 -0.01599550
v 0.16539765 -0.02367438 -0.01226404
v 0.15674690 -0.02457679 -0.01608495
v 0.15120753 -0.02396334 -0.01086337
v 0.17177863 -0.02285661 -0.01103090
v 0.14985555 -0.02443534 -0.01614226
v 0.14987406 -0.02404143 -0.01181083
v 0.15822718 -0.02296074 -0.01051310
v 0.16750702 -0.02179955 -0.01022095
v 0.19743324 -0.02601981 -0.01707938
v 0.19246928 -0.02760444 -0.01678368
v 0.23188461 -0.02707732 -0.02186925
v 0.15063480 -0.02221292 -0.01056659
v 0.15902600 -0.02576518 0.01222810
v 0.16274887 -0.01602438 0.01012201
v 0.15596279 -0.01658809 0.00777549
v 0.14988320 -0.01788665 0.01116099
v 0.14978415 -0.02600718 0.01179127
v 0.15174714 -0.01697788 0.00942870
v 0.17842191 -0.02096534 0.00879614
v 0.17913591 -0.02284848 0.00799096
v 0.18040161 -0.02286810 0.00893607
v 0.19008576 -0.02190114 0.01015036
v 0.18113940 -0.01800218 0.00975647
v 0.18879838 -0.01804066 0.01090384
v 0.19233439 -0.01948632 0.01125331
v 0.17727145 -0.01783240 0.00887438
v 0.19287966 -0.02084539 0.01132147
v 0.17453893 -0.01698294 0.00894296
v 0.17637720 -0.02412550 0.00909657
v 0.17124926 -0.02185532 0.00967130
v 0.17031808 -0.01648236 0.00789466
v 0.16549314 -0.02220502 0.00959417
v 0.18495942 -0.02270540 0.00964116
v 0.19212170 -0.02277142 0.01148508
v 0.23056111 0.06701674 0.02148546
v 0.23383816 0.06833353 0.01804061
v 0.22303485 0.06696408 0.02023967
v 0.23956846 0.06755818 0.02179679
v 0.24194088 0.06797661 0.02165925
v 0.22364319 0.06767990 0.01565136
v 0.21906668 0.06635390 0.01986699
v 0.21695585 0.06697534 0.01558354
v 0.21365696 0.06598637 0.01914679
v 0.20585386 0.06551272 0.01790659
v 0.20056196 0.06595093 0.01420451
v 0.19595074 0.06441327 0.01657525
v 0.19113317 0.06517130 0.01445386
v 0.22807957 0.06878395 0.01525977
v 0.22436664 0.06847318 0.01415677
v 0.21777096 0.06784384 0.01453222
v 0.20737226 0.06524847 0.01871795
v 0.20103135 0.06668163 0.01327631
v 0.18757766 0.06305176 0.01642235
v 0.21190448 0.06850809 0.01350751
v 0.23941482 0.06962335 0.01863753
v 0.17790317 0.06404928 0.01437510
v 0.17708572 0.06264446 0.01567855
v 0.16387239 0.06277488 0.01550718
v 0.23223698 0.06984458 0.01591766
v 0.23579427 0.06965300 0.01758262
v 0.16187164 0.06439114 0.01419908
v 0.14994224 0.06425973 0.01488228
v 0.17371400 0.06577599 0.01307240
v 0.24237150 0.07017346 0.01995502
v 0.19001243 0.06670091 0.01336236
v 0.20023367 0.06456563 0.01732875
v 0.24168465 0.07158085 0.01872348
v 0.24022793 0.07291198 0.01785430
v 0.24125296 0.07283554 0.01733779
v 0.14988996 0.06248148 0.01572000
v 0.19903518 0.06371556 0.01710327
v 0.23712805 0.06599473 0.02191770
v 0.15859467 0.06156796 0.01561158
v 0.17805201 0.06162526 0.01582810
v 0.20661913 0.06423176 0.01802059
v 0.17267925 0.01537605 0.01187790
v 0.17838868 0.01470777 0.01571429
v 0.18464612 0.01451528 0.01299470
v 0.17012641 0.01505636 0.01555455
v 0.19194468 0.01399781 0.01551398
v 0.19987496 0.01389112 0.01284054
v 0.15379732 0.01515324 0.01424972
v 0.15229721 0.01550909 0.01116997
v 0.14969200 0.01541663 0.01620030
v 0.19938631 0.01351295 0.01463318
v 0.18191485 0.01515589 0.01115932
v 0.20088719 0.01442481 0.01174772
v 0.15337174 0.01464390 0.01578306
v 0.14972457 0.01615076 0.01078018
v 0.20199556 0.01349802 0.01240717
v 0.17459072 0.01589070 0.01085011
v 0.15495064 0.01613867 0.01014384
v 0.19596299 0.01505267 0.01102642
v 0.17576635 0.01659187 0.01027688
v 0.17754098 -0.03009700 -0.01614396
v 0.17295057 -0.02762079 -0.01634324
v 0.19246928 -0.02760444 -0.01678368
v 0.15535170 -0.02903787 -0.01630749
v 0.19258477 -0.02965231 -0.01623314
v 0.20212626 -0.02923278 -0.01712387
v 0.21193422 -0.02773308 -0.01802541
v 0.15055266 -0.03011479 -0.01594543
v 0.15053339 -0.02745719 -0.01649918
v 0.20900030 -0.02906919 -0.01741106
v 0.21832843 -0.02828420 -0.01827841
v 0.21462269 -0.02604549 -0.01818687
v 0.21880880 -0.02599348 -0.01879466
v 0.22428149 -0.02563378 -0.01999693
v 0.22583648 -0.02680974 -0.02019130
v 0.15858326 -0.03162408 -0.01505536
v 0.22708678 -0.02575406 -0.02095370
v 0.23188461 -0.02707732 -0.02186925
v 0.18211344 -0.03151738 -0.01482464
v 0.20208029 -0.03144592 -0.01503022
v 0.14989332 -0.03097662 -0.01512676
v 0.14986796 -0.02902582 -0.01663513
v 0.22692663 -0.02819913 -0.01887782
v 0.23362606 -0.02848482 -0.02127691
v 0.15096666 -0.03267857 -0.01485083
v 0.18040372 -0.03298122 -0.01447736
v 0.19342466 -0.03297627 -0.01474484
v 0.21163863 -0.03355869 -0.01468725
v 0.21782258 -0.03083416 -0.01481567
v 0.23060470 -0.03115967 -0.01461445
v 0.22283261 -0.02941487 -0.01543330
v 0.22720630 -0.03365763 -0.01434621
v 0.23025346 -0.03447586 -0.01369169
v 0.23239494 -0.03202701 -0.01312163
v 0.23452258 -0.03352738 -0.01088453
v 0.23479781 -0.03204630 -0.01140982
v 0.23708755 -0.03358085 -0.01053984
v 0.23833981 -0.03181104 -0.01158250
v 0.24089654 -0.03338056 -0.01204689
v 0.24164895 -0.03146265 -0.01320060
v 0.20284680 -0.03845766 -0.01471460
v 0.22597939 -0.03718861 -0.01456862
v 0.17986464 -0.03669421 -0.01452577
v 0.15270832 -0.03827117 -0.01490636
v 0.21462321 -0.03870671 -0.01477482
v 0.19743324 -0.02601981 -0.01707938
v 0.19362189 -0.03658932 -0.01480362
v 0.15674690 -0.02457679 -0.01608495
v 0.14994522 -0.03841095 -0.01518261
v 0.23548160 -0.03712264 -0.01088446
v 0.21178129 -0.02638391 -0.01791645
v 0.14985555 -0.02443534 -0.01614226
v 0.16796766 -0.02467025 -0.01599550
v 0.18131089 -0.02479389 -0.01614865
v 0.22810678 -0.03874997 -0.01477746
v 0.23880503 -0.03724370 -0.01131881
v 0.23011682 -0.03912782 -0.01426097
v 0.23240814 -0.03766202 -0.01264337
v 0.24045140 -0.03612513 -0.01214823
v 0.24142327 -0.03713202 -0.01266703
v 0.23797293 -0.02916980 -0.02064609
v 0.21720690 0.06291315 -0.01479656
v 0.22134217 0.06714552 -0.01581792
v 0.22180532 0.06389361 -0.01536242
v 0.21019509 0.06738627 -0.01570996
v 0.20723295 0.06278059 -0.01452367
v 0.20202903 0.06876768 -0.01550758
v 0.20819087 0.07018678 -0.01639519
v 0.19972312 0.06321741 -0.01476285
v 0.19166782 0.06343189 -0.01474302
v 0.19101285 0.06785803 -0.01523672
v 0.17474346 0.06895630 -0.01529804
v 0.18762691 0.06529894 -0.01441314
v 0.20043823 0.07070892 -0.01552393
v 0.18620512 0.07056609 -0.01540249
v 0.22267477 0.05945507 -0.01529083
v 0.21696122 0.05946545 -0.01482789
v 0.17642450 0.06601729 -0.01433906
v 0.18261796 0.06479573 -0.01428272
v 0.17497057 0.06411153 -0.01416114
v 0.17146270 0.06453725 -0.01453439
v 0.16088379 0.06765385 -0.01518600
v 0.16373257 0.06313631 -0.01484987
v 0.15078435 0.06356986 -0.01517181
v 0.15521870 0.06925967 -0.01504034
v 0.15027681 0.06809141 -0.01486484
v 0.20661797 0.05981035 -0.01480343
v 0.20208988 0.06212230 -0.01482003
v 0.21486995 0.06931767 -0.01721945
v 0.22651562 0.06386186 -0.01677413
v 0.22574075 0.05936556 -0.01627468
v 0.23281967 0.05973929 -0.01715510
v 0.23297563 0.06332621 -0.01775135
v 0.23762760 0.06051674 -0.01722153
v 0.23674631 0.06484161 -0.01830362
v 0.17325151 0.07002304 -0.01507732
v 0.18292227 0.06349262 -0.01473991
v 0.20975054 0.07108119 -0.01639091
v 0.22428808 0.06719208 -0.01682629
v 0.21570509 0.07003447 -0.01770732
v 0.22708772 0.06514394 -0.01751578
v 0.23295827 0.06512762 -0.01870875
v 0.23983549 0.06522136 -0.01998698
v 0.15007707 0.06398098 -0.01543303
v 0.17197750 0.06302693 -0.01514733
v 0.15016497 0.06977119 -0.01415589
v 0.23895490 0.06048044 -0.01813348
v 0.22539714 0.06844428 -0.01832279
v 0.23827850 0.06632741 -0.02034491
v 0.22937866 0.06673606 -0.02001365
v 0.22720493 0.06688818 -0.01932085
v 0.24144627 0.06057233 -0.02039243
v 0.23738631 0.05923407 -0.01767067
v 0.15806583 0.00097023 0.01512562
v 0.16354343 0.00131845 0.01062697
v 0.15727294 0.00126043 0.00869343
v 0.17274584 0.00120445 0.01363961
v 0.15011815 0.00158173 0.00905818
v 0.14974034 0.00148229 0.01553877
v 0.17718655 0.00095790 0.01508801
v 0.15126925 0.00180606 0.00742385
v 0.17275510 0.00183923 0.01164025
v 0.16801368 0.00159609 0.01101975
v 0.15831268 0.00179627 0.00755565
v 0.15492373 0.00065694 0.01593825
v 0.16312514 0.00180398 0.00947755
v 0.17897201 0.00295282 0.01315881
v 0.14984873 0.00057485 0.01656984
v 0.18008208 0.00007971 0.01592063
v 0.14908734 0.00034854 0.01762902
v 0.16835304 0.05582011 0.00879845
v 0.17619086 0.05381779 0.00847398
v 0.18586229 0.05537497 0.00859821
v 0.15517463 0.05479099 0.00876880
v 0.18125024 0.05646761 0.00871121
v 0.18929814 0.05746963 0.00880835
v 0.19317414 0.05472331 0.00872341
v 0.19307078 0.05824024 0.00943917
v 0.19606282 0.05403282 0.00919813
v 0.19674497 0.05598176 0.00923327
v 0.16078963 0.05121293 0.00906083
v 0.15278092 0.05075130 0.00904802
v 0.14997149 0.05448061 0.00933422
v 0.17349563 0.05103135 0.00886886
v 0.19198436 0.05067435 0.00930829
v 0.18408105 0.05061132 0.00934225
v 0.19677382 0.05185667 0.00985690
v 0.15016588 0.05020191 0.00969729
v 0.16323359 0.05000956 0.00955109
v 0.15189913 0.05590253 0.00952861
v 0.15209707 0.04944485 0.00983754
v 0.18912292 0.05932911 0.00970280
v 0.17834575 -0.01638548 0.01149465
v 0.17471285 -0.01484529 0.01507207
v 0.16836930 -0.01581308 0.01196979
v 0.17977416 -0.01482941 0.01561058
v 0.18772210 -0.01668010 0.01241110
v 0.19075396 -0.01595205 0.01567954
v 0.16354051 -0.01394830 0.01574002
v 0.15736810 -0.01493138 0.01521814
v 0.19247773 -0.01741743 0.01285607
v 0.16274887 -0.01602438 0.01012201
v 0.15201259 -0.01605849 0.01267471
v 0.14999307 -0.01416405 0.01601179
v 0.17031808 -0.01648236 0.00789466
v 0.15596279 -0.01658809 0.00777549
v 0.15174714 -0.01697788 0.00942870
v 0.14996144 -0.01622118 0.01405332
v 0.17453893 -0.01698294 0.00894296
v 0.18113940 -0.01800218 0.00975647
v 0.18879838 -0.01804066 0.01090384
v 0.19343328 -0.01729014 0.01575762
v 0.17727145 -0.01783240 0.00887438
v 0.19233439 -0.01948632 0.01125331
v 0.14988320 -0.01788665 0.01116099
v 0.23755488 -0.01395932 -0.00045899
v 0.24162841 -0.01484736 -0.00011562
v 0.24037023 -0.01424187 -0.00266176
v 0.23831355 -0.01443148 0.00450156
v 0.24584896 -0.01555633 -0.00438079
v 0.24231684 -0.01466191 -0.00741146
v 0.24049475 -0.01559305 0.00832146
v 0.24485182 -0.01596783 0.00697188
v 0.24164591 -0.01628411 0.01173643
v 0.24486568 -0.01520848 0.00059203
v 0.23833409 -0.01507319 0.00695881
v 0.24629459 -0.01665397 -0.01285955
v 0.23614418 -0.01335104 0.00181879
v 0.24011643 -0.01361031 -0.00808656
v 0.24423142 -0.01640189 0.01467260
v 0.24654774 -0.01723223 0.01306309
v 0.24549857 -0.01580735 0.00155034
v 0.24578370 -0.01754388 0.01692995
v 0.24266126 -0.01778994 0.02027084
v 0.24233284 -0.01670939 0.01588306
v 0.23968290 -0.01536913 -0.01401817
v 0.23809984 -0.01309529 -0.00288077
v 0.23960199 -0.01309836 -0.00486140
v 0.24420708 -0.01705251 -0.01528119
v 0.24085642 -0.01671817 -0.01925177
v 0.23765121 -0.01516614 -0.01566790
v 0.23527355 -0.01458278 -0.01406798
v 0.23676437 -0.01458755 -0.01913098
v 0.23710487 -0.01419159 -0.00919641
v 0.23390088 -0.01315654 -0.00815096
v 0.23546076 -0.01325085 -0.00703386
v 0.23297436 -0.01326077 -0.00473002
v 0.22566580 -0.01330807 -0.00597974
v 0.22609724 -0.01327072 -0.00307569
v 0.23316307 -0.01336388 -0.01288175
v 0.23630591 -0.01467423 -0.02091907
v 0.24120711 -0.01780109 0.01923900
v 0.23750452 -0.01357226 0.00373310
v 0.23381963 -0.01247141 -0.01589822
v 0.24052168 -0.01298180 -0.00676490
v 0.23914838 -0.01202207 -0.00662619
v 0.23080719 -0.01207773 -0.00854627
v 0.23320866 -0.01242051 -0.00939574
v 0.22656193 -0.01195207 -0.00819691
v 0.22497363 -0.01206837 -0.00734644
v 0.22441336 -0.01211356 -0.00519721
v 0.22496695 -0.01196679 -0.00322903
v 0.23509010 -0.01219829 -0.01835740
v 0.24034928 -0.01940006 0.02057986
v 0.23928475 -0.01881599 0.01336727
v 0.23757992 -0.01802299 0.00874602
v 0.23572816 -0.01911679 0.01060238
v 0.23568441 -0.01960426 0.01479603
v 0.23220513 -0.01884406 0.01229808
v 0.23219191 -0.01772762 0.00935850
v 0.23464552 -0.01800031 0.00837915
v 0.23389325 -0.02050562 0.01710670
v 0.22961978 -0.02073774 0.01696738
v 0.23885868 -0.01909631 0.01617657
v 0.23806005 -0.02080193 0.02038193
v 0.23168496 -0.01883941 0.00566443
v 0.23510414 -0.01807398 0.00612073
v 0.23300713 -0.01814773 0.00390096
v 0.22952805 -0.01816565 0.00382645
v 0.22993798 -0.01796615 0.00792407
v 0.23620395 -0.02165931 0.02091187
v 0.23154269 -0.02165618 0.01822729
v 0.23635320 -0.01681322 0.00736873
v 0.24427443 -0.04092305 0.00254991
v 0.24344622 -0.04269107 -0.00124958
v 0.24312579 -0.04196491 -0.00264713
v 0.24579304 -0.04290996 0.00469912
v 0.24600294 -0.04125610 0.01017368
v 0.24166456 -0.04016839 -0.00345129
v 0.24692607 -0.04276823 0.00989809
v 0.24688185 -0.04216467 0.01698951
v 0.24298038 -0.04191821 -0.00644813
v 0.24457915 -0.03943490 0.01723271
v 0.24290110 -0.03801233 0.01075960
v 0.24131050 -0.03823488 0.00153694
v 0.23811531 -0.03750427 -0.00456707
v 0.24287770 -0.03805313 0.01668798
v 0.24207746 -0.04046090 -0.00669524
v 0.23719219 -0.03708681 -0.00719611
v 0.23794704 -0.03720237 -0.00905646
v 0.24177691 -0.03636418 0.00893120
v 0.24234754 -0.03637698 0.01498127
v 0.24079808 -0.03643572 0.00262586
v 0.23998376 -0.03748758 -0.00112871
v 0.24169166 -0.03586654 0.01743947
v 0.23719382 -0.03464768 -0.00508996
v 0.24306785 -0.03850596 -0.01279875
v 0.24474865 -0.04015366 -0.01095000
v 0.24511103 -0.04006417 -0.01391619
v 0.24555307 -0.04074708 -0.01160909
v 0.24114767 -0.03883271 0.01829596
v 0.23731053 -0.03547078 -0.00888778
v 0.24026603 -0.03428336 0.00085013
v 0.24458303 -0.04216033 -0.00920720
v 0.23696988 -0.03363699 -0.00707545
v 0.24169906 -0.03362773 0.00771857
v 0.24262265 -0.03397923 0.01747419
v 0.24155481 -0.03726530 -0.01171400
v 0.24089654 -0.03338056 -0.01204689
v 0.24142327 -0.03713202 -0.01266703
v 0.23784192 -0.03210811 -0.00476366
v 0.23991901 -0.03214660 -0.00106204
v 0.23777188 -0.03275997 -0.00869080
v 0.19574130 -0.07424421 0.00615875
v 0.18886789 -0.07312159 0.00673249
v 0.19382123 -0.07295553 0.00425565
v 0.20306990 -0.07445988 0.00468900
v 0.17771191 -0.07231739 0.00671112
v 0.17676550 -0.07186131 0.00382927
v 0.16920549 -0.07038190 0.00528255
v 0.16834665 -0.07013375 0.00289324
v 0.15759031 -0.06869660 0.00331351
v 0.15732649 -0.06913438 0.00792054
v 0.15099472 -0.06827144 0.00577196
v 0.15227838 -0.06828399 0.00163467
v 0.14979685 -0.06895681 0.00801717
v 0.17471920 -0.07166589 0.00122641
v 0.18217945 -0.07248053 0.00225862
v 0.20041915 -0.07319206 0.00210106
v 0.20453624 -0.07407443 0.00401248
v 0.16597731 -0.07017599 0.00080527
v 0.14967444 -0.06849052 0.00030116
v 0.21168732 -0.07378943 0.00225605
v 0.22053966 -0.07439494 0.00301223
v 0.21818874 -0.07398857 0.00091641
v 0.22461500 -0.07491683 0.00132404
v 0.20886270 -0.07417046 0.00069453
v 0.22201845 -0.07476253 0.00038022
v 0.17327016 -0.07193082 0.00706969
v 0.16671921 -0.07071714 0.00696625
v 0.16195942 -0.07032572 0.00811738
v 0.16892398 -0.07109704 -0.00045909
v 0.22922668 -0.07606037 0.00040126
v 0.18164588 -0.07302264 0.00069822
v 0.15907744 -0.07004717 -0.00057180
v 0.17250328 -0.07210574 -0.00031726
v 0.19837662 -0.07393780 0.00067737
v 0.22886717 -0.07566978 0.00097667
v 0.22881612 -0.07577012 0.00194527
v 0.23443737 -0.07780076 0.00159672
v 0.23238038 -0.07862253 0.00465580
v 0.23670724 -0.07866945 0.00351492
v 0.23471655 -0.07836910 0.00522036
v 0.23471054 -0.07745144 0.00069966
v 0.15300437 -0.06971135 0.00896866
v 0.14977043 -0.06897323 0.00910096
v 0.21904161 -0.07609695 0.00527750
v 0.22181613 -0.07622432 0.00492632
v 0.22569996 -0.07729313 0.00413470
v 0.22610636 -0.07735987 0.00549208
v 0.22087325 -0.07597805 0.00604468
v 0.22425357 -0.07655261 0.00575558
v 0.23256931 -0.07822932 -0.00043944
v 0.22578244 -0.07628100 0.00686731
v 0.22862227 -0.07643642 0.00708710
v 0.21738520 -0.07501881 -0.00036329
v 0.16905894 -0.01001943 -0.01352730
v 0.17723899 -0.01041602 -0.01602339
v 0.15770866 -0.01055865 -0.01605292
v 0.15649173 -0.00940048 -0.01162233
v 0.18539235 -0.00965410 -0.01431162
v 0.17510698 -0.00916669 -0.01153821
v 0.15311165 -0.00949078 -0.01311736
v 0.14993949 -0.01017660 -0.01445601
v 0.18737674 -0.01070143 -0.01605761
v 0.19207760 -0.00913090 -0.01473201
v 0.18239729 -0.00816425 -0.01168389
v 0.14992227 -0.01157315 -0.01581609
v 0.19999089 -0.01106475 -0.01646229
v 0.20258274 -0.00952488 -0.01487348
v 0.21297277 -0.01014388 -0.01578383
v 0.21021269 -0.01136482 -0.01759049
v 0.21819091 -0.01093205 -0.01854909
v 0.22567482 -0.01058979 -0.01563924
v 0.22660782 -0.01111710 -0.01787020
v 0.22974565 -0.01052754 -0.01666171
v 0.22666812 -0.00952102 -0.01365019
v 0.22063171 -0.00911585 -0.01403202
v 0.21464846 -0.00954443 -0.01493381
v 0.23041121 -0.01100733 -0.02133595
v 0.23299293 -0.01098175 -0.01925830
v 0.22382516 -0.01118372 -0.02101635
v 0.21584981 -0.01165911 -0.01911783
v 0.23201504 -0.00970984 -0.01636051
v 0.23277144 -0.01244458 -0.02177126
v 0.23537368 -0.00872168 -0.01828113
v 0.23412007 -0.01200339 -0.01961763
v 0.19780017 -0.01185467 -0.01678849
v 0.23630591 -0.01467423 -0.02091907
v 0.23071787 -0.00726509 -0.01395941
v 0.15298237 -0.01205634 -0.01639701
v 0.23509010 -0.01219829 -0.01835740
v 0.20171613 -0.05860139 0.02187651
v 0.20785023 -0.05808180 0.01929884
v 0.20113348 -0.05796648 0.01896595
v 0.19082651 -0.05801928 0.01989857
v 0.21012646 -0.05929760 0.02302121
v 0.21416518 -0.05774646 0.02025716
v 0.19403822 -0.05680660 0.01743739
v 0.18611798 -0.05611042 0.01710139
v 0.21764397 -0.05912489 0.02174949
v 0.21740938 -0.06047665 0.02363166
v 0.22861852 -0.06059405 0.02355970
v 0.22752608 -0.05925631 0.02174579
v 0.20093823 -0.05699528 0.01780555
v 0.18464346 -0.05768808 0.01882754
v 0.17563359 -0.05682058 0.01700168
v 0.22253885 -0.05836515 0.02107099
v 0.23031348 -0.06066109 0.02213342
v 0.22847373 -0.06208356 0.02485833
v 0.19400342 -0.05502934 0.01608193
v 0.17828622 -0.05216430 0.01392267
v 0.18758920 -0.05329681 0.01511772
v 0.17026843 -0.05313655 0.01356059
v 0.22907611 -0.05805179 0.02093582
v 0.16325707 -0.05641556 0.01483101
v 0.16313340 -0.05354382 0.01215989
v 0.15915076 -0.05436110 0.01186317
v 0.15627359 -0.05517845 0.01227743
v 0.15393561 -0.05665543 0.01441809
v 0.15407303 -0.05568508 0.01253902
v 0.15111175 -0.05680026 0.01338729
v 0.16003521 -0.05335781 0.01121789
v 0.15006254 -0.05750664 0.01493222
v 0.16191406 -0.05848344 0.01603672
v 0.19447697 -0.05902748 0.02111509
v 0.20817846 -0.05608542 0.01814291
v 0.21449385 -0.05567594 0.01930163
v 0.18890033 -0.05867019 0.01988963
v 0.15001080 -0.05663723 0.01146805
v 0.23195698 -0.06137710 0.02209174
v 0.17988465 -0.05821793 0.01827211
v 0.17218950 -0.05822958 0.01702716
v 0.21097063 -0.06058257 0.02349323
v 0.22566666 -0.06273546 0.02479090
v 0.22963190 -0.06244647 0.02288208
v 0.20306966 -0.05992853 0.02218684
v 0.21650909 0.01578109 -0.01465765
v 0.22066618 0.01710282 -0.01523587
v 0.21869967 0.01401339 -0.01588335
v 0.22246698 0.01461043 -0.01657849
v 0.21557316 0.01809072 -0.01418819
v 0.22625587 0.01972967 -0.01717603
v 0.22506891 0.02167432 -0.01664646
v 0.22025666 0.02115019 -0.01511826
v 0.22992673 0.02122622 -0.01730677
v 0.22630578 0.01502871 -0.01850517
v 0.23040395 0.01482466 -0.02007657
v 0.23107610 0.01811632 -0.01931962
v 0.23383554 0.01546413 -0.02103612
v 0.23457571 0.01438956 -0.02118464
v 0.24014168 0.01376058 -0.02064533
v 0.22906061 0.02515604 -0.01808225
v 0.22336790 0.02363202 -0.01677033
v 0.23347717 0.01778461 -0.01951040
v 0.23288417 0.02333127 -0.01690363
v 0.23518532 0.02183876 -0.01633836
v 0.23385707 0.01944837 -0.01777030
v 0.24170794 0.02390581 0.00106290
v 0.23959124 0.02299331 -0.00500965
v 0.23734400 0.02320983 -0.00481241
v 0.23794860 0.02473891 0.00242201
v 0.23955578 0.02504337 0.00378044
v 0.24614986 0.02407299 0.00126491
v 0.24594665 0.02494818 0.00384023
v 0.24502924 0.02348281 -0.00668578
v 0.23680366 0.02339608 -0.00974213
v 0.24202624 0.02355202 -0.01206119
v 0.23596134 0.02412076 -0.01438838
v 0.24187948 0.02356709 -0.01716898
v 0.23408800 0.02436206 -0.00701353
v 0.23482747 0.02502867 -0.00303299
v 0.24411158 0.02295184 -0.01088052
v 0.24285741 0.02294997 -0.01459375
v 0.23452978 0.02504079 -0.01543612
v 0.23900301 0.02583237 -0.01951820
v 0.24380701 0.02713347 0.00668450
v 0.24579521 0.02714723 0.00781875
v 0.24489406 0.02898461 0.01046525
v 0.24154613 0.02844925 0.00806605
v 0.23943843 0.02732690 0.00566537
v 0.24175291 0.03096632 0.01126670
v 0.24253198 0.03129894 0.01370029
v 0.24034106 0.03939285 0.00145931
v 0.24530630 0.03833826 0.00134411
v 0.24473249 0.03728666 -0.00207351
v 0.24052523 0.03790386 -0.00559086
v 0.23900699 0.03907674 -0.00198034
v 0.24583881 0.03574951 -0.00636934
v 0.24710821 0.03857123 0.00675035
v 0.24695290 0.03503883 -0.00994339
v 0.23923496 0.03970948 0.00719548
v 0.24421849 0.03978345 0.00871480
v 0.24680175 0.04095730 0.01358011
v 0.23768488 0.04028464 -0.00045775
v 0.23800523 0.04042818 0.00579378
v 0.24255871 0.04211932 0.01175818
v 0.24517440 0.04168034 0.01513561
v 0.24669153 0.03752074 0.00154363
v 0.24688658 0.03513619 -0.00550529
v 0.24245670 0.03765962 -0.00973929
v 0.24247736 0.03755822 -0.01158650
v 0.24687451 0.03518001 -0.01254134
v 0.24054792 0.03741444 -0.01313550
v 0.24264603 0.04377697 0.01474583
v 0.24113443 0.03515547 -0.01510640
v 0.23812987 0.03879289 -0.01350417
v 0.23841260 0.03975897 -0.00401304
v 0.24697527 0.03423939 -0.01339838
v 0.24148407 0.03231822 -0.01893262
v 0.23468209 0.03433952 -0.01772036
v 0.23644677 0.03119740 -0.02080831
v 0.23460709 0.03151601 -0.02177060
v 0.23547153 0.03555206 -0.01635633
v 0.23635392 0.03781598 -0.01460732
v 0.24000576 0.03079205 -0.02049740
v 0.23912095 0.02901871 -0.02103172
v 0.23939415 0.04103560 0.00854949
v 0.24101726 0.03909425 -0.01163134
v 0.24111772 0.03934808 -0.00940564
v 0.24697782 0.03631296 0.00176420
v 0.24720600 0.03865351 0.01112069
v 0.16546675 0.03116322 0.01528360
v 0.16652305 0.03180654 0.01276588
v 0.15168607 0.03143960 0.01484480
v 0.17394376 0.03145574 0.01590286
v 0.18312703 0.03276749 0.01390679
v 0.17965960 0.03297951 0.01248567
v 0.18490448 0.03221042 0.01559221
v 0.15534219 0.03242122 0.01257948
v 0.15218414 0.03274999 0.01196326
v 0.14985569 0.03268877 0.01285905
v 0.14970227 0.03139934 0.01557188
v 0.15286942 0.03081725 0.01559743
v 0.17127011 0.03277275 0.01189387
v 0.16795692 0.03266832 0.01167533
v 0.16167455 0.03274750 0.01200828
v 0.15788249 0.01172216 0.01439633
v 0.15185189 0.01071603 0.01129881
v 0.15936491 0.01069636 0.01025248
v 0.16877844 0.01120424 0.01200075
v 0.17343690 0.01190159 0.01501771
v 0.17623087 0.01134667 0.01375798
v 0.15238637 0.01213047 0.01513341
v 0.18251485 0.01160359 0.01459059
v 0.14971311 0.01199979 0.01597052
v 0.15441414 0.00937859 0.00914314
v 0.15004497 0.00884710 0.00857528
v 0.16595009 0.01023581 0.01049769
v 0.17311005 0.00997115 0.01146081
v 0.17846223 0.01019664 0.01293585
v 0.15146531 0.00731949 0.00717226
v 0.15976194 0.00835936 0.00878268
v 0.17461332 0.01293260 0.01570425
v 0.15105651 0.01256332 0.01570475
v 0.19446808 0.01313878 0.01562060
v 0.18620330 0.00919056 0.01372285
v 0.19385373 0.01125691 0.01463898
v 0.19949622 0.01252506 0.01476124
v 0.15067011 0.00602802 0.00669038
v 0.23611983 -0.00783899 -0.00657586
v 0.23448444 -0.00741608 -0.00753088
v 0.23724049 -0.00680218 -0.00957357
v 0.24028889 -0.00733729 -0.00867706
v 0.24103835 -0.00611312 -0.01304780
v 0.23855147 -0.00612792 -0.01754141
v 0.23433227 -0.00715030 -0.01323010
v 0.24221188 -0.00540921 -0.01680767
v 0.24110860 -0.00501260 -0.01903338
v 0.24229646 -0.00560149 -0.01360259
v 0.24233170 -0.00611730 -0.00950527
v 0.23380167 -0.00715903 -0.00535899
v 0.22731014 -0.00669100 -0.00524754
v 0.23363801 -0.00788943 -0.00404436
v 0.22796616 -0.00772879 -0.00296213
v 0.22505293 -0.00780471 -0.00336540
v 0.22638980 -0.00756796 -0.00739943
v 0.22510719 -0.00794762 -0.00719526
v 0.24045221 -0.00887982 -0.00706093
v 0.23353032 -0.00795401 -0.00991433
v 0.23296644 -0.00776036 -0.00836014
v 0.23008300 -0.00895908 -0.00840483
v 0.23441201 -0.00793922 -0.01533369
v 0.23680194 -0.00929823 -0.00575096
v 0.24078815 0.04688340 -0.00296507
v 0.23789068 0.04537493 -0.00233646
v 0.24010680 0.04556372 -0.00637996
v 0.24235890 0.04664431 -0.00648705
v 0.24225733 0.04575875 -0.01025324
v 0.23954427 0.04632528 0.00152300
v 0.23751470 0.04542235 0.00379983
v 0.23912424 0.04695600 0.00605228
v 0.24710114 0.04743029 -0.00933972
v 0.24603508 0.04792771 0.00302529
v 0.24657792 0.04767320 -0.00256590
v 0.24722899 0.04959923 0.00834596
v 0.24310225 0.04897599 0.01184565
v 0.24723110 0.04833840 0.00185785
v 0.24711038 0.05071142 0.01246842
v 0.24552436 0.04735893 -0.01252449
v 0.24377931 0.04639569 -0.01540918
v 0.24671372 0.05244348 0.01614929
v 0.24230047 0.05050146 0.01636869
v 0.24514571 0.05304392 0.01856276
v 0.24037200 0.04702808 0.01011015
v 0.24208497 0.04831845 0.01329745
v 0.24027949 0.05114351 0.01719005
v 0.23938335 0.05400491 0.02093660
v 0.23721439 0.05249543 0.01869516
v 0.22813583 0.05307041 0.01984725
v 0.22889380 0.05078221 0.01744161
v 0.22361404 0.05147395 0.01829712
v 0.21766489 0.05175930 0.01957349
v 0.21825106 0.05041541 0.01542325
v 0.22146822 0.05006761 0.01493603
v 0.21192785 0.04971647 0.01702455
v 0.21652274 0.04907108 0.01370021
v 0.21267808 0.04796844 0.01365325
v 0.22496756 0.05022463 0.01690561
v 0.24446970 0.05429833 0.01990902
v 0.21535639 0.05210784 0.01952615
v 0.21075801 0.05105463 0.01833564
v 0.21212557 0.04690995 0.01291659
v 0.23175105 0.05426953 0.02089859
v 0.21637051 0.04743030 0.01245358
v 0.22148279 0.04861700 0.01384786
v 0.21853719 0.04660424 0.01221240
v 0.22558001 0.05379921 0.02000555
v 0.23874134 0.05492282 0.02130217
v 0.17317854 -0.07826437 0.00905612
v 0.16598752 -0.07489556 0.00879918
v 0.17875765 -0.07400790 0.00807055
v 0.18360681 -0.07860728 0.00847551
v 0.16071922 -0.07585221 0.00932144
v 0.16013974 -0.07150666 0.00872789
v 0.15515153 -0.07077880 0.00918657
v 0.18484184 -0.07418376 0.00807137
v 0.18838904 -0.07539561 0.00798633
v 0.19087737 -0.07815864 0.00800857
v 0.19594741 -0.07784711 0.00730281
v 0.19353311 -0.07452468 0.00697216
v 0.15667809 -0.07408897 0.00964641
v 0.16616593 -0.07264941 0.00812805
v 0.16195942 -0.07032572 0.00811738
v 0.19574130 -0.07424421 0.00615875
v 0.19963380 -0.07847616 0.00708995
v 0.20255730 -0.07622158 0.00603181
v 0.20679283 -0.07879484 0.00633894
v 0.20876671 -0.07665770 0.00547127
v 0.21545719 -0.07898189 0.00611974
v 0.21904161 -0.07609695 0.00527750
v 0.20306990 -0.07445988 0.00468900
v 0.18886789 -0.07312159 0.00673249
v 0.16671921 -0.07071714 0.00696625
v 0.17327016 -0.07193082 0.00706969
v 0.15732649 -0.06913438 0.00792054
v 0.15300437 -0.06971135 0.00896866
v 0.17771191 -0.07231739 0.00671112
v 0.16539116 -0.07709612 0.00953834
v 0.21699089 -0.07853024 0.00649679
v 0.22087325 -0.07597805 0.00604468
v 0.23883963 0.07201237 0.00272133
v 0.23814830 0.06786369 -0.00064392
v 0.23925642 0.07285583 0.00141686
v 0.23766618 0.06888355 0.00220606
v 0.23789604 0.06433607 -0.00086483
v 0.23967576 0.06319120 -0.00346345
v 0.24067879 0.07355613 0.00010697
v 0.24140730 0.06660521 -0.00361292
v 0.24295976 0.07249901 -0.00132596
v 0.24076753 0.06715791 -0.00278225
v 0.24403420 0.06887995 -0.00319662
v 0.23943377 0.06182284 -0.00240039
v 0.23797224 0.06362149 0.00118706
v 0.23946335 0.06947829 0.00540709
v 0.24019781 0.07248627 0.00532467
v 0.24108385 0.07140122 0.01155139
v 0.24157989 0.07511092 0.00933329
v 0.24149061 0.07492417 0.01583036
v 0.24217495 0.07715345 0.01196067
v 0.24225821 0.07837186 0.01605819
v 0.24125296 0.07283554 0.01733779
v 0.24111879 0.06842122 0.01189387
v 0.24003247 0.06544020 0.00664928
v 0.24107296 0.07631988 0.01669290
v 0.24195488 0.06894009 0.01660049
v 0.24168465 0.07158085 0.01872348
v 0.23932998 0.06410590 0.00433065
v 0.23976510 0.06421676 -0.00390657
v 0.23915404 0.06282519 -0.00478956
v 0.23804439 0.06366168 -0.00820085
v 0.23885657 0.06640026 -0.00723425
v 0.23882208 0.06521867 -0.01162729
v 0.23883358 0.06288840 -0.01275598
v 0.23884200 0.06472434 -0.01682787
v 0.23837635 0.06045602 -0.00986034
v 0.24018961 0.06873975 -0.01320428
v 0.23990041 0.06734705 -0.01773099
v 0.24068718 0.06595384 -0.02007584
v 0.24285668 0.07242200 -0.01696355
v 0.24093198 0.06717655 -0.01982042
v 0.24069099 0.06967681 -0.00638658
v 0.24025552 0.06712922 -0.01109966
v 0.24039326 0.06724058 -0.00895813
v 0.23905929 0.06063959 -0.00695753
v 0.24397815 0.07344568 -0.01509570
v 0.24015320 0.06058974 -0.01738632
v 0.24144627 0.06057233 -0.02039243
v 0.24229834 0.07174278 -0.01779296
v 0.24199354 0.07029297 -0.01249560
v 0.24196329 0.07103958 -0.00602621
v 0.24470719 0.06941735 -0.01027444
v 0.24549819 0.07263173 -0.00686207
v 0.24738049 0.07340269 -0.00830222
v 0.24506971 0.07248663 -0.00485655
v 0.24708994 0.07323974 -0.00377888
v 0.24712925 0.06977405 -0.00151748
v 0.24698041 0.07448382 -0.00173070
v 0.24367944 0.06831935 -0.00259177
v 0.19403050 -0.04896638 -0.01034312
v 0.19322358 -0.04706886 -0.01035801
v 0.20112766 -0.04717017 -0.01095060
v 0.20123510 -0.05123271 -0.01094878
v 0.20643842 -0.05170684 -0.01152140
v 0.20664527 -0.04675031 -0.01159624
v 0.18652715 -0.04770848 -0.00911574
v 0.19029304 -0.05155794 -0.01029376
v 0.19611552 -0.05169526 -0.01091717
v 0.18053834 -0.04973143 -0.00807935
v 0.18083121 -0.04724284 -0.00755593
v 0.20981078 -0.04854093 -0.01301302
v 0.18687446 -0.04590829 -0.00962009
v 0.19603901 -0.04568336 -0.01141459
v 0.20921667 -0.05184576 -0.01325331
v 0.20894891 -0.04549581 -0.01331000
v 0.18152807 -0.04585586 -0.00845185
v 0.20504270 -0.05240726 -0.01179939
v 0.17241806 -0.04794281 -0.00777885
v 0.17162545 -0.04636867 -0.00796188
v 0.18115949 -0.04636076 -0.00775815
v 0.16936584 -0.04756012 -0.00826134
v 0.22590145 -0.04646773 -0.01466133
v 0.23161737 -0.04679621 -0.01546092
v 0.23002261 -0.05104311 -0.01504371
v 0.22546040 -0.05155040 -0.01475830
v 0.21933853 -0.04602490 -0.01472536
v 0.22004182 -0.05069051 -0.01489147
v 0.21503744 -0.04741521 -0.01427018
v 0.21403459 -0.05175909 -0.01458471
v 0.21383967 -0.04547945 -0.01456967
v 0.22519191 -0.04521662 -0.01514186
v 0.23289903 -0.05162725 -0.01604972
v 0.22961329 -0.05301373 -0.01572819
v 0.23200301 -0.04527217 -0.01611245
v 0.23420729 -0.04748047 -0.01680537
v 0.22030515 -0.05290785 -0.01588911
v 0.21006026 -0.05320460 -0.01488877
v 0.23640307 -0.05142343 -0.01863712
v 0.23686061 -0.04699914 -0.01911496
v 0.23782860 -0.04956960 -0.01977883
v 0.23843667 -0.04802499 -0.01936341
v 0.23891943 -0.05408926 -0.02069900
v 0.23550488 -0.05465910 -0.01963170
v 0.15751762 -0.04737784 -0.00887062
v 0.15851406 -0.04646940 -0.00900100
v 0.17049752 -0.04586464 -0.00882058
v 0.15180513 -0.04578084 -0.01019133
v 0.15104866 -0.04692580 -0.00969489
v 0.14986756 -0.04518540 -0.01147023
v 0.15069161 -0.04948844 -0.00978994
v 0.15003319 -0.05078082 -0.01098679
v 0.15977781 -0.04957313 -0.00908083
v 0.16859061 -0.05018764 -0.00911865
v 0.15092128 -0.05179014 -0.01067098
v 0.18101597 -0.05172960 -0.00933778
v 0.16819856 -0.05170450 -0.01040595
v 0.14992664 -0.05296455 -0.01193918
v 0.19639409 -0.05289459 -0.01271018
v 0.20180561 -0.05397671 -0.01528526
v 0.19921711 -0.05450162 -0.01598591
v 0.18389664 -0.05403508 -0.01614989
v 0.17550606 -0.05333564 -0.01427894
v 0.16885073 -0.05436404 -0.01595594
v 0.21214764 -0.05563000 -0.01920849
v 0.21803808 -0.05463789 -0.01768972
v 0.21586863 -0.05591392 -0.01999134
v 0.22298968 -0.05545717 -0.02040742
v 0.22375494 -0.05504884 -0.01934470
v 0.22910385 -0.05559169 -0.02121616
v 0.23182742 -0.05422798 -0.01822000
v 0.15352461 -0.05356143 -0.01474455
v 0.15887515 -0.05261185 -0.01201005
v 0.17386146 -0.05256133 -0.01171062
v 0.15482172 -0.05431181 -0.01600387
v 0.18566428 -0.05268040 -0.01134774
v 0.23484158 -0.05598918 -0.02077953
v 0.14993677 -0.05369156 -0.01634431
v 0.20062205 -0.05583264 -0.01743024
v 0.18337886 -0.05554828 -0.01702196
v 0.17182031 -0.05595051 -0.01688150
v 0.15445498 -0.05658065 -0.01683698
v 0.22082165 -0.05649370 -0.02063728
v 0.19066909 -0.05709968 -0.01786038
v 0.20413649 -0.05735390 -0.01858513
v 0.24190392 -0.06828049 0.01159270
v 0.24106882 -0.06783805 0.00940851
v 0.23962347 -0.06609251 0.00593802
v 0.24134215 -0.07193298 0.00955405
v 0.24062599 -0.07198511 0.00764790
v 0.24216800 -0.06963919 0.01257686
v 0.23942565 -0.06895458 0.00658597
v 0.23680609 -0.07189059 0.00340403
v 0.23765921 -0.07491584 0.00507473
v 0.23655186 -0.07243010 0.00240436
v 0.23714260 -0.07747639 0.00251121
v 0.23633210 -0.07404470 0.00055373
v 0.23542475 -0.06883509 0.00202241
v 0.23691823 -0.06877725 0.00429954
v 0.23553546 -0.06459484 0.00323418
v 0.23480768 -0.06471033 0.00148739
v 0.23706080 -0.06368149 0.00408418
v 0.23536042 -0.06346441 0.00168606
v 0.23471054 -0.07745144 0.00069966
v 0.24215104 -0.06878859 0.01612063
v 0.23480136 -0.07390687 -0.00066989
v 0.23291270 -0.07564544 -0.00210017
v 0.23670724 -0.07866945 0.00351492
v 0.23256931 -0.07822932 -0.00043944
v 0.23947290 -0.07347386 0.00752084
v 0.23849434 -0.06418393 0.00845441
v 0.24100986 -0.06701585 0.01747596
v 0.23566447 -0.06347019 -0.00053321
v 0.23839785 -0.06497361 0.00532815
v 0.23713608 -0.06269034 0.00549742
v 0.23747022 -0.06193178 0.00548278
v 0.23755530 -0.06162778 0.01182475
v 0.23824906 -0.06533044 0.01495848
v 0.23786326 -0.06202131 0.01438819
v 0.23973742 -0.06404533 0.01698093
v 0.23974475 -0.06121533 0.01635231
v 0.24022787 -0.06662101 0.01851253
v 0.23802017 -0.06022412 0.01137676
v 0.23803217 -0.06012620 0.00857628
v 0.23910797 -0.06648132 0.01466877
v 0.24101758 -0.06813743 0.01832149
v 0.23781068 -0.06119863 0.01865685
v 0.23866628 -0.06025135 0.01684162
v 0.23880014 -0.06772645 0.01997256
v 0.23541462 -0.05968652 0.02185911
v 0.23624837 -0.06362978 0.02230265
v 0.21728483 -0.07166559 0.01499510
v 0.20993123 -0.06971198 0.01448749
v 0.21083182 -0.06982642 0.01197311
v 0.20388622 -0.06862946 0.01305380
v 0.20379780 -0.06913056 0.01522725
v 0.19761691 -0.06720882 0.01302368
v 0.19613146 -0.06760641 0.01576505
v 0.21187505 -0.07084400 0.01639436
v 0.21756953 -0.07254747 0.01753097
v 0.22384045 -0.07326251 0.01633202
v 0.19247519 -0.06536077 0.01333328
v 0.19160794 -0.06594961 0.01569800
v 0.18651290 -0.06436390 0.01409726
v 0.18204625 -0.06358071 0.01304556
v 0.17576604 -0.06425868 0.01604416
v 0.16615977 -0.06332433 0.01484231
v 0.22611959 -0.07513639 0.01855073
v 0.23094202 -0.07674098 0.01836159
v 0.21744961 -0.07404465 0.01970189
v 0.22548894 -0.07620261 0.02005513
v 0.23062347 -0.07785587 0.02022163
v 0.20153329 -0.07079566 0.01781229
v 0.23413277 -0.07873215 0.01946153
v 0.20856037 -0.07193177 0.01798271
v 0.20527934 -0.07185943 0.01865742
v 0.19688176 -0.07022927 0.01833317
v 0.19269110 -0.06895769 0.01769335
v 0.21109504 -0.07244933 0.01904992
v 0.18194964 -0.06606849 0.01697160
v 0.18773654 -0.06719712 0.01712260
v 0.16807627 -0.06311589 0.01276426
v 0.15788046 -0.06324587 0.01397480
v 0.22918813 -0.07577413 0.01600522
v 0.22333947 -0.07324824 0.01469928
v 0.21448240 -0.07134960 0.01154796
v 0.19767076 -0.06740057 0.01139476
v 0.20421712 -0.06894178 0.01152637
v 0.19116900 -0.06542016 0.01151145
v 0.23206584 -0.07740139 0.01689791
v 0.16200614 -0.06359284 0.01140147
v 0.17776721 -0.06374159 0.01160924
v 0.23416888 -0.07933534 0.01551901
v 0.23618114 -0.07931923 0.01618548
v 0.23496056 -0.07905978 0.01360612
v 0.22941478 -0.07836841 0.01376849
v 0.22949471 -0.07728868 0.01068897
v 0.22430137 -0.07733444 0.01102456
v 0.23316558 -0.07723665 0.01056020
v 0.18689843 -0.06668671 0.01790338
v 0.19218948 -0.06840586 0.01814315
v 0.15425788 -0.06475108 0.01113405
v 0.15099124 -0.06271895 0.01460042
v 0.22102012 -0.07378805 0.01233080
v 0.21413835 -0.07209562 0.01036073
v 0.14990245 -0.06539330 0.01063844
v 0.16277014 -0.06271536 0.01476858
v 0.19385544 -0.06702862 0.01054092
v 0.20415404 -0.07009635 0.01032250
v 0.21578499 -0.07555226 0.00748307
v 0.14979654 -0.06349583 0.01419788
v 0.22206836 -0.07641573 0.01065994
v 0.21918877 -0.07649841 0.00819630
v 0.22119221 -0.07629006 0.00854413
v 0.16025767 -0.02977640 0.01513227
v 0.15079667 -0.03053862 0.01205197
v 0.16261694 -0.03053920 0.01244409
v 0.15073510 -0.02961718 0.01592103
v 0.16796374 -0.02931166 0.01502865
v 0.16595265 -0.03108934 0.01121949
v 0.17207199 -0.03004239 0.01291382
v 0.14984004 -0.03146331 0.01031028
v 0.17260160 -0.02860502 0.01583433
v 0.17742039 -0.03020104 0.01313947
v 0.17920077 -0.02807560 0.01627426
v 0.16260459 -0.02892541 0.01583085
v 0.18816698 -0.03020270 0.01448684
v 0.18462636 -0.02765016 0.01667824
v 0.16987605 -0.03150007 0.01138450
v 0.16201321 -0.03226307 0.01016562
v 0.17450288 -0.03200057 0.01201218
v 0.14978804 -0.03023421 0.01630879
v -0.05127035 -0.00076956 0.00058290
v -0.05053926 0.00092279 -0.00388810
v -0.05037914 -0.00409039 -0.00380689
v -0.05008605 -0.00908523 0.00069745
v -0.04964925 -0.00856795 -0.00364236
v -0.05005169 -0.00502465 0.00519934
v -0.05028339 0.00061069 0.00519302
v -0.04876679 -0.00939487 0.00579913
v -0.05026251 0.00595388 0.00095395
v -0.05003857 0.00447062 -0.00390104
v -0.04937807 0.00583123 0.00533717
v -0.04875510 -0.00456489 0.00763048
v -0.04888645 0.00257242 0.00744351
v -0.04868116 0.00854150 -0.00360090
v -0.04904885 0.00887413 0.00065101
v -0.04902040 0.00105403 -0.00699910
v -0.04900335 -0.00434359 -0.00674563
v -0.04814900 -0.00801362 -0.00706352
v -0.04807661 0.00623314 -0.00701781
v -0.04760020 0.00976724 0.00457243
v -0.04814240 -0.01238910 -0.00068970
v -0.04765145 0.00723064 0.00730524
v -0.04735978 -0.00754730 0.00853944
v -0.04657898 -0.01367881 0.00373659
v -0.04685050 -0.01278512 -0.00471400
v -0.04574259 -0.01198385 -0.00731771
v -0.04583983 -0.01277888 0.00705703
v -0.04628331 -0.01423054 -0.00070778
v -0.04746459 0.00263756 0.00865324
v -0.04547457 0.01019851 -0.00713558
v -0.04631042 -0.00044377 -0.00934192
v -0.04652232 0.01186476 0.00031409
v -0.04521847 0.01059836 0.00737276
v -0.04613805 0.01150579 -0.00361998
v 0.24019403 0.05236040 0.01069208
v 0.23932559 0.05224707 0.00671757
v 0.23455889 0.05353938 0.01101133
v 0.23771911 0.05319923 0.01394243
v 0.24491225 0.05124107 0.00711499
v 0.24710432 0.05133480 0.01124299
v 0.24257112 0.05301327 0.01459896
v 0.24671372 0.05244348 0.01614929
v 0.23928854 0.05160552 0.00494221
v 0.24566841 0.04941045 0.00332895
v 0.24723110 0.04833840 0.00185785
v 0.24412493 0.04906072 0.00007677
v 0.24711792 0.04793798 -0.00592133
v 0.24105296 0.04955342 0.00303448
v 0.23964281 0.04974969 0.00153271
v 0.24213463 0.04973531 -0.00218916
v 0.24190046 0.04930768 -0.00494146
v 0.24081763 0.04825419 -0.00908471
v 0.24552436 0.04735893 -0.01252449
v 0.24710114 0.04743029 -0.00933972
v 0.23835277 0.04975105 -0.00720387
v 0.24144783 0.04823791 -0.01273646
v 0.24220743 0.04762249 -0.01469904
v 0.23667159 0.05321076 0.00441993
v 0.23520195 0.05471925 0.01484245
v 0.23893515 0.05143048 -0.00316970
v 0.23770156 0.05111513 0.00182898
v 0.23831187 0.04987391 -0.01036879
v 0.24377931 0.04639569 -0.01540918
v 0.24209520 0.04552731 -0.01812342
v 0.23847316 0.04831531 -0.01490158
v 0.24058624 0.04481584 -0.01918854
v 0.23610329 0.04767682 -0.01595289
v 0.23372301 0.05497640 0.00736491
v 0.24518216 0.05341764 0.01631868
v 0.24521438 0.05463223 0.01784836
v 0.24018787 0.05511947 0.01582705
v 0.23344970 0.05470406 0.01109160
v 0.23203011 0.04395083 -0.01886832
v 0.23618896 0.04277231 -0.02059732
v -0.03178057 0.00732773 0.00467264
v -0.03390837 0.00671933 -0.00450207
v -0.03067773 0.00712647 -0.00585417
v -0.03498362 0.00676422 0.00496808
v -0.03559620 0.00694499 -0.00797894
v -0.02878937 0.00724489 0.00540483
v -0.02739496 0.00669186 -0.00540124
v -0.02613417 0.00671932 0.00528446
v -0.03111525 0.00809657 0.00729567
v -0.02551559 0.00769066 0.00779198
v -0.03557487 0.00792320 0.00799088
v -0.02785707 0.00790795 -0.00912985
v -0.03204448 0.00811080 -0.00910001
v -0.03597744 0.00590912 -0.00207904
v -0.03711130 0.00579846 -0.00666178
v -0.03622126 0.00631413 0.00581741
v -0.03918752 0.00582271 -0.00915346
v -0.03731741 0.00795117 -0.00947678
v -0.02492385 0.00607778 -0.00784626
v -0.02535569 0.00559255 -0.00375965
v -0.02276284 0.00598284 -0.00920748
v -0.02486049 0.00558743 0.00345016
v -0.02233649 0.00461360 0.00701497
v -0.02360208 0.00345260 0.00006002
v -0.03231466 0.00940283 0.00831450
v -0.03837267 0.00729301 0.00858984
v -0.03879199 0.00419960 0.00567899
v -0.03860124 0.00349571 -0.00256034
v -0.02119849 0.00563945 0.00846374
v -0.03946281 0.00275009 -0.00617459
v -0.04006315 0.00451686 0.00835558
v 0.23374167 -0.01136161 0.01209192
v 0.22943184 -0.01270337 0.01186734
v 0.23123578 -0.01346148 0.01085195
v 0.22796482 -0.01004238 0.01493593
v 0.23178245 -0.00854805 0.01650013
v 0.23420643 -0.01349247 0.00902114
v 0.23893259 -0.01202154 0.01015409
v 0.23820779 -0.00919474 0.01688130
v 0.24053258 -0.00932982 0.01594705
v 0.23992692 -0.00735413 0.01912289
v 0.23731687 -0.01287319 0.00868751
v 0.24049854 -0.01101865 0.01145654
v 0.23688078 -0.00697626 0.01881253
v 0.23340801 -0.00721902 0.01750410
v 0.23671984 -0.01476019 0.00725725
v 0.22567146 -0.00886311 0.01552540
v 0.23776353 -0.01292644 0.00708972
v 0.24019585 -0.00603156 0.01968699
v 0.22041434 0.04358575 0.01868189
v 0.21871040 0.04458283 0.01367833
v 0.21259342 0.04314294 0.01476993
v 0.21270313 0.04264523 0.01652019
v 0.21226247 0.04361983 0.01304662
v 0.22423380 0.04442025 0.01791946
v 0.22568420 0.04549206 0.01680124
v 0.21792243 0.04261549 0.01915768
v 0.22170090 0.04581707 0.01351917
v 0.21910777 0.04540006 0.01254304
v 0.22552829 0.04307642 0.01994369
v 0.22789325 0.04634829 0.01702934
v 0.23376197 0.04303339 0.02085256
v 0.23934720 0.04290919 0.02117429
v 0.23853281 0.04507739 0.01857214
v 0.21282384 0.04452219 0.01243304
v 0.24233157 0.04308320 0.01937892
v 0.21041115 0.04374716 0.01581350
v 0.24178841 0.04539449 0.01702727
v 0.21220694 0.04140351 0.01721938
v 0.23755398 -0.00615688 0.01765432
v 0.23841770 -0.00566185 0.01184027
v 0.23254875 -0.00630318 0.01576822
v 0.24289549 -0.00562162 0.01333975
v 0.24019585 -0.00603156 0.01968699
v 0.23057323 -0.00502511 0.01161656
v 0.22645356 -0.00584714 0.01451585
v 0.24124285 -0.00497068 0.01131936
v 0.23688078 -0.00697626 0.01881253
v 0.24356498 -0.00488359 0.01238403
v 0.23340801 -0.00721902 0.01750410
v 0.22987840 -0.00704388 0.01620781
v 0.23956102 -0.00418675 0.01029178
v 0.22738704 -0.00399670 0.01179811
v 0.24134933 0.00887216 0.01178076
v 0.23918480 0.00695793 0.01068195
v 0.24288186 0.00808058 0.00992792
v 0.24685199 0.01025085 0.01197903
v 0.24691321 0.00829264 0.00532776
v 0.24515164 0.00654654 0.00234554
v 0.24299422 0.00636725 0.00514360
v 0.24024648 0.00937915 0.01732710
v 0.23503397 0.00541562 0.01224261
v 0.23503996 0.00635336 0.01640522
v 0.22843379 0.00264952 0.01176631
v 0.23066739 0.00481890 0.01559848
v 0.22537206 0.00297881 0.01437512
v 0.23181795 0.00347794 0.01123340
v 0.23652118 0.00475990 0.01055936
v 0.22504328 0.00112023 0.01247552
v 0.24262937 0.01106518 0.01504583
v 0.24378109 0.01190928 0.01458839
v 0.24511988 0.01187280 0.01365388
v 0.24151966 0.01140954 0.01772793
v 0.22739518 0.00126806 0.01147516
v 0.24183890 0.00534947 0.00814589
v 0.24112692 0.00579728 0.00972519
v 0.24128883 -0.02211914 0.00635224
v 0.24454443 -0.02771022 0.01006909
v 0.24197154 -0.02766051 0.00465440
v 0.23811535 -0.02259048 0.00105472
v 0.23902132 -0.02797191 0.00017559
v 0.23792915 -0.02699951 -0.00121240
v 0.23744251 -0.02225890 -0.00078810
v 0.24289989 -0.02326347 0.01077335
v 0.24289376 -0.02169400 0.01172984
v 0.24252064 -0.02302265 0.01381883
v 0.24388720 -0.02788559 0.01359892
v 0.23937226 -0.02145824 0.00274178
v 0.24277877 -0.02117198 0.01642407
v 0.24238874 -0.02800792 0.01731186
v 0.24157912 -0.02306146 0.01680840
v 0.24304323 0.00177543 0.00804624
v 0.24611337 0.00028639 0.00732513
v 0.24313970 0.00425568 0.00397952
v 0.24582339 0.00380118 0.00068396
v 0.24272587 0.00099866 0.01035807
v 0.24668157 -0.00223516 0.01263709
v 0.24166445 0.00336773 0.00970406
v 0.24489321 0.00443636 0.00162503
v 0.24615056 0.00537757 -0.00205660
v 0.23931854 0.07999597 0.00205322
v 0.23637515 0.08357047 0.00440954
v 0.24107326 0.08308669 0.00362128
v 0.23349084 0.07756582 0.00061514
v 0.23609208 0.07749558 0.00044498
v 0.24083784 0.08507938 0.00521082
v 0.24630216 0.08613053 0.00596634
v 0.23005750 0.07978312 0.00317990
v 0.22811927 0.07734574 0.00125231
v 0.22675844 0.07903619 0.00408854
v 0.24153028 0.07975706 0.00033178
v 0.23226879 0.08132501 0.00421483
v 0.24153922 0.07835925 -0.00177773
v 0.23792220 0.07802196 -0.00381347
v 0.24024381 0.08016004 -0.00548738
v 0.24528988 0.07977057 -0.00140318
v 0.23830402 0.07944615 -0.00622133
v 0.24343061 0.08130577 -0.00584665
v 0.24719211 0.08069346 -0.00203967
v 0.24144098 0.07813996 -0.00015026
v 0.24615636 0.08143389 -0.00540911
v 0.23641333 0.07744516 -0.00700858
v 0.23642494 0.07690127 -0.00532566
v 0.23673758 0.07604318 -0.00406140
v 0.24060777 0.07639456 -0.00216753
v 0.24723759 0.08180053 -0.00278244
v 0.24072049 0.07620091 -0.00053484
v -0.03870115 -0.00460318 0.00526151
v -0.03745717 -0.00530363 -0.00092236
v -0.03888038 -0.00302541 -0.00248397
v -0.03623389 -0.00735206 0.00625849
v -0.04048394 -0.00463195 0.00832383
v -0.03491487 -0.00705213 0.00221697
v -0.03605821 -0.00652163 -0.00406517
v -0.03870604 -0.00451520 -0.00575327
v -0.03236448 -0.00787490 -0.00466700
v -0.03328779 -0.00817872 0.00503222
v -0.03239785 -0.00786647 0.00122346
v -0.03075400 -0.00983011 0.00750261
v -0.03143945 -0.00861815 -0.00737870
v -0.03743032 -0.00697116 -0.00747044
v -0.03537787 -0.00780971 -0.00726761
v -0.03226659 -0.01002604 -0.00923151
v -0.03924453 -0.00597249 -0.00832329
v -0.04091893 -0.00390095 -0.00902697
v -0.03880158 -0.00851590 -0.00937478
v -0.03672638 -0.00949892 0.00861548
v -0.03828136 -0.00765844 0.00842872
v -0.02604377 -0.00920843 -0.00919642
v -0.03952340 -0.00214906 -0.00604173
v -0.03955441 -0.00175422 0.00539748
v -0.03978682 -0.00370190 0.00714968
v -0.04146241 0.00115572 0.00851451
v -0.03921171 0.00074270 -0.00243461
v -0.03975254 0.00184020 0.00586490
v -0.03946281 0.00275009 -0.00617459
v -0.04071867 0.00201183 -0.00843103
v -0.03860124 0.00349571 -0.00256034
v -0.03879199 0.00419960 0.00567899
v -0.04006315 0.00451686 0.00835558
v -0.03918752 0.00582271 -0.00915346
v -0.04168043 0.00021952 -0.00924583
v 0.24356498 -0.00488359 0.01238403
v 0.24453064 -0.00285097 0.01252920
v 0.24157076 -0.00009288 0.01065846
v 0.23956102 -0.00418675 0.01029178
v 0.24124285 -0.00497068 0.01131936
v 0.24071800 0.00153271 0.01030354
v 0.24272587 0.00099866 0.01035807
v 0.24668157 -0.00223516 0.01263709
v 0.23880257 0.00408817 0.01018847
v 0.23367369 0.00151577 0.01027407
v 0.23144073 -0.00259491 0.01054052
v 0.24166445 0.00336773 0.00970406
v 0.24112692 0.00579728 0.00972519
v 0.23057323 -0.00502511 0.01161656
v 0.22738704 -0.00399670 0.01179811
v 0.22739518 0.00126806 0.01147516
v 0.23652118 0.00475990 0.01055936
v 0.23918480 0.00695793 0.01068195
v 0.22504328 0.00112023 0.01247552
v 0.22485773 -0.00387359 0.01308211
v 0.22097360 0.00099233 0.01316715
v 0.22254459 -0.00481279 0.01385935
v 0.21472245 0.00045322 0.01300271
v 0.21204532 -0.00680948 0.01304011
v 0.21296096 -0.00920107 0.01356391
v 0.22038838 -0.00894068 0.01430735
v 0.20810278 -0.00051523 0.01231578
v 0.21165175 0.00159986 0.01305749
v 0.20748014 -0.00909200 0.01237570
v 0.20375611 -0.00819018 0.01148254
v 0.20133230 -0.00209103 0.01117440
v 0.19757011 -0.00773533 0.01070278
v 0.19818613 -0.01034473 0.01108872
v 0.18951568 -0.00972637 0.01044183
v 0.18134116 -0.00546316 0.00989595
v 0.17262872 -0.00874979 0.01037574
v 0.16264241 -0.00462324 0.00975458
v 0.16092212 -0.00932480 0.01030676
v 0.15145162 -0.00418640 0.01016400
v 0.14998852 -0.00931152 0.01063084
v 0.19458853 -0.00345452 0.01060841
v 0.19101234 -0.01153828 0.01108293
v 0.14977003 -0.01055046 0.01104586
v 0.20257765 -0.01045086 0.01196331
v 0.18326345 -0.00288205 0.01030616
v 0.16229661 -0.00243374 0.01014440
v 0.15172648 -0.00228598 0.01040365
v 0.17304090 -0.01038869 0.01109749
v 0.14980215 -0.00261555 0.01065181
v 0.16331984 -0.01080937 0.01105381
v 0.22472820 -0.00710070 0.01529163
v 0.22300074 -0.00967011 0.01543479
v 0.22567146 -0.00886311 0.01552540
v 0.22987840 -0.00704388 0.01620781
v 0.23178245 -0.00854805 0.01650013
v 0.22645356 -0.00584714 0.01451585
v 0.20631104 -0.01044334 0.01297923
v 0.22087086 -0.01163364 0.01634097
v 0.23181795 0.00347794 0.01123340
v 0.22843379 0.00264952 0.01176631
v 0.18738045 -0.00218667 0.01092426
v 0.23340801 -0.00721902 0.01750410
v 0.20415444 0.00005727 0.01224252
v 0.20824949 0.00103123 0.01292938
v 0.24095879 -0.04484890 0.00620988
v 0.23498324 -0.04603645 0.00760905
v 0.23492022 -0.04544207 0.00524101
v 0.24144033 -0.04568330 0.00944834
v 0.24576076 -0.04382755 0.00757153
v 0.24461466 -0.04525426 0.01290944
v 0.24068429 -0.04488578 0.00344964
v 0.24232580 -0.04417074 0.00059379
v 0.23507940 -0.04595516 0.00340651
v 0.24020003 -0.04563739 0.00113912
v 0.24175802 -0.04482271 -0.00230753
v 0.24579304 -0.04290996 0.00469912
v 0.24698629 -0.04332923 0.01255887
v 0.24344622 -0.04269107 -0.00124958
v 0.24419290 -0.04618900 0.01419047
v 0.23930888 -0.04681692 0.00991797
v 0.23348836 -0.04709217 0.00379962
v 0.23333159 -0.04764301 0.00674697
v 0.24569063 -0.04432651 0.01558955
v 0.23447104 -0.04714854 0.00250383
v 0.24692607 -0.04276823 0.00989809
v 0.23892368 -0.04752199 0.00071823
v 0.24059702 -0.04744296 -0.00162223
v 0.24312579 -0.04196491 -0.00264713
v 0.24185220 -0.04461149 -0.00591672
v 0.24298038 -0.04191821 -0.00644813
v 0.24260919 -0.04373776 -0.00797298
v 0.24201927 -0.04526124 -0.01216124
v 0.24458303 -0.04216033 -0.00920720
v 0.24303590 -0.04260316 -0.01218442
v 0.24555307 -0.04074708 -0.01160909
v 0.24511103 -0.04006417 -0.01391619
v 0.23958734 -0.04344905 -0.01690921
v 0.24172180 -0.04044723 -0.01903298
v -0.02281825 -0.00390579 0.00214688
v -0.02276211 -0.00171497 -0.00375758
v -0.02405746 -0.00503221 0.00054205
v -0.02217270 -0.00629203 0.00688165
v -0.02387349 -0.00719323 0.00576776
v -0.02281828 -0.00844320 0.00778306
v -0.02144966 -0.00360936 0.00608024
v -0.02022633 -0.00386926 0.00810745
v -0.02228285 -0.00132449 0.00158894
v -0.02371851 -0.00453725 -0.00495207
v -0.02068797 0.00089407 0.00720956
v -0.02237501 -0.00230502 -0.00636473
v -0.02289016 0.00059440 -0.00371223
v -0.02306327 0.00262019 -0.00575546
v -0.02270045 0.00139261 0.00024707
v -0.02138505 0.00220358 0.00606003
v -0.02360208 0.00345260 0.00006002
v -0.02287090 -0.00529680 -0.00790310
v -0.02233649 0.00461360 0.00701497
v -0.02173376 0.00284521 -0.00820287
v -0.02152826 -0.00261492 -0.00798805
v -0.01928273 0.00083701 0.00855603
v -0.02036495 -0.00731656 0.00860817
v -0.02119849 0.00563945 0.00846374
v -0.02276284 0.00598284 -0.00920748
v -0.02535569 0.00559255 -0.00375965
v -0.02492385 0.00607778 -0.00784626
v 0.23680450 0.05478754 0.00093404
v 0.23796301 0.05272664 -0.00348073
v 0.23807147 0.05482604 -0.00333984
v 0.23613966 0.05436913 0.00359268
v 0.23654223 0.05775508 0.00295071
v 0.23877205 0.05641992 -0.00250015
v 0.23372301 0.05497640 0.00736491
v 0.23438881 0.05974101 0.00695415
v 0.23324943 0.05902770 0.00842692
v 0.23269190 0.05789896 0.01051515
v 0.23311955 0.06008190 0.01050744
v 0.23344970 0.05470406 0.01109160
v 0.23736223 0.05281963 -0.00842670
v 0.23794557 0.05547399 -0.00929992
v 0.23795392 0.05352724 -0.01100355
v 0.23831187 0.04987391 -0.01036879
v 0.23972220 0.05073660 -0.01341796
v 0.23934214 0.05255988 -0.01303564
v 0.23963462 0.05501897 -0.01346944
v 0.23314487 0.05857106 0.01326363
v 0.23835277 0.04975105 -0.00720387
v 0.23770156 0.05111513 0.00182898
v 0.23667159 0.05321076 0.00441993
v 0.24021710 0.05652777 -0.01353469
v 0.24019481 0.05675772 -0.01515572
v 0.23899664 0.05674340 -0.00895222
v 0.23520195 0.05471925 0.01484245
v 0.23893515 0.05143048 -0.00316970
v 0.24144783 0.04823791 -0.01273646
v 0.24220743 0.04762249 -0.01469904
v 0.23504070 0.05624952 0.01512571
v -0.02865915 -0.00769870 0.00053205
v -0.02877499 -0.00766909 -0.00435546
v -0.03239785 -0.00786647 0.00122346
v -0.03236448 -0.00787490 -0.00466700
v -0.02990155 -0.00849193 0.00464318
v -0.03328779 -0.00817872 0.00503222
v -0.03143945 -0.00861815 -0.00737870
v -0.02682407 -0.00782536 -0.00779538
v -0.02620154 -0.00727126 0.00350591
v -0.03075400 -0.00983011 0.00750261
v -0.02538200 -0.00596111 -0.00313617
v -0.02498758 -0.00655274 -0.00714222
v -0.02405746 -0.00503221 0.00054205
v -0.02387349 -0.00719323 0.00576776
v -0.02733585 -0.00991110 0.00765923
v -0.02371851 -0.00453725 -0.00495207
v -0.02281828 -0.00844320 0.00778306
v -0.02287090 -0.00529680 -0.00790310
v -0.02196031 -0.00726359 -0.00939580
v -0.02604377 -0.00920843 -0.00919642
v 0.22850075 -0.01357968 0.01181428
v 0.22552677 -0.01128125 0.01473634
v 0.22861179 -0.01604502 0.01192939
v 0.23169845 -0.01599972 0.01015803
v 0.23123578 -0.01346148 0.01085195
v 0.23210376 -0.01409853 0.00993078
v 0.22943184 -0.01270337 0.01186734
v 0.23420643 -0.01349247 0.00902114
v 0.22796482 -0.01004238 0.01493593
v 0.22567146 -0.00886311 0.01552540
v 0.22300074 -0.00967011 0.01543479
v 0.23157076 -0.01796034 0.01102274
v 0.23219191 -0.01772762 0.00935850
v 0.22675916 -0.01653476 0.01559610
v 0.22515119 -0.01368467 0.01599457
v 0.22710714 -0.01950213 0.01675000
v 0.22875079 -0.01955399 0.01557380
v 0.23220513 -0.01884406 0.01229808
v 0.22961978 -0.02073774 0.01696738
v 0.23226879 0.08132501 0.00421483
v 0.23379893 0.07974883 0.00552454
v 0.24031278 0.08313377 0.00696455
v 0.23203526 0.08051969 0.00469605
v 0.23070400 0.07875579 0.00517059
v 0.22675844 0.07903619 0.00408854
v 0.22368280 0.07391218 0.00584420
v 0.22002077 0.07588166 0.00428755
v 0.23637515 0.08357047 0.00440954
v 0.24083784 0.08507938 0.00521082
v 0.24630216 0.08613053 0.00596634
v 0.24350950 0.08368898 0.00700719
v 0.22021518 0.07653893 0.00327109
v 0.23033311 0.07499126 0.00576010
v 0.23289426 0.07708088 0.00511109
v 0.23398114 0.07324110 0.00594532
v 0.23990045 0.08176188 0.00694436
v 0.23672428 0.07982380 0.00605685
v 0.23320670 -0.05150180 0.00374385
v 0.23458069 -0.05153659 0.00239170
v 0.23447104 -0.04714854 0.00250383
v 0.23348836 -0.04709217 0.00379962
v 0.23284541 -0.04924318 0.00518753
v 0.23947915 -0.05134257 -0.00000603
v 0.23892368 -0.04752199 0.00071823
v 0.23970569 -0.05283093 0.00030664
v 0.24059702 -0.04744296 -0.00162223
v 0.24136229 -0.05192455 -0.00295148
v 0.24084300 -0.04983910 -0.00335143
v 0.24164033 -0.05026663 -0.00588174
v 0.23490098 -0.05275130 0.00321175
v 0.24201319 -0.04676108 -0.00964038
v 0.24320605 -0.04860476 -0.01077488
v 0.24303086 -0.05170683 -0.00647413
v 0.24571438 -0.05277892 -0.00827495
v 0.24538214 -0.05017301 -0.01221744
v 0.24229006 -0.04696855 -0.01294380
v 0.24428384 -0.04882989 -0.01517645
v 0.24201927 -0.04526124 -0.01216124
v 0.23324444 -0.05166070 0.00628592
v 0.24185220 -0.04461149 -0.00591672
v 0.24140364 -0.04433526 -0.01405550
v 0.23333159 -0.04764301 0.00674697
v 0.23637286 -0.05380980 0.00610723
v 0.24037079 -0.05406144 0.00797293
v 0.24054568 -0.05414148 0.00456825
v 0.24435108 -0.05504711 0.00952845
v 0.24471251 -0.05508278 0.00394159
v 0.24438018 -0.05362307 -0.00234485
v 0.24615846 -0.05418508 -0.00415637
v 0.23494602 -0.05312633 0.00707881
v 0.24599411 -0.05638777 0.01023161
v 0.24595732 -0.05542722 0.00046691
v 0.23988888 -0.05295316 0.00994319
v 0.24220786 -0.05318724 0.01171913
v 0.24500312 -0.05473922 0.01449542
v 0.24166745 -0.02339484 -0.00921858
v 0.24398514 -0.02676552 -0.01062326
v 0.24335535 -0.02555485 -0.01142927
v 0.24273978 -0.02375930 -0.01221785
v 0.24146637 -0.02714155 -0.00683235
v 0.23813764 -0.02617819 -0.00381376
v 0.23928404 -0.02782662 -0.00364310
v 0.23792915 -0.02699951 -0.00121240
v 0.23992265 -0.02243292 -0.00631726
v 0.23812532 -0.02193236 -0.00312443
v 0.23744251 -0.02225890 -0.00078810
v 0.24211421 -0.02003699 -0.00876884
v 0.24313772 -0.01987420 -0.01204295
v 0.24068520 -0.01908364 -0.00325652
v 0.24197738 -0.02321483 -0.01432925
v 0.24221661 -0.01987599 -0.01587489
v 0.24261757 -0.02786527 -0.01371659
v 0.17888706 0.02493833 -0.01380302
v 0.18369204 0.02655351 -0.01396730
v 0.19354778 0.02538528 -0.01377697
v 0.17180279 0.02587439 -0.01418118
v 0.19848478 0.02612173 -0.01400921
v 0.18683066 0.02697274 -0.01416288
v 0.20077073 0.01822456 -0.01461873
v 0.17791288 0.01819990 -0.01435163
v 0.20816533 0.02174983 -0.01432056
v 0.16863106 0.01790440 -0.01485774
v 0.15808642 0.02540916 -0.01449600
v 0.15728617 0.01777475 -0.01510095
v 0.14987332 0.01595883 -0.01519225
v 0.15084554 0.02662981 -0.01459186
v 0.21557316 0.01809072 -0.01418819
v 0.20369076 0.01599247 -0.01504310
v 0.21650909 0.01578109 -0.01465765
v 0.15319775 0.01464126 -0.01589912
v 0.17916344 0.01637175 -0.01485475
v 0.14987170 0.01425746 -0.01561333
v 0.15219331 0.01358216 -0.01597331
v 0.17459346 0.01436860 -0.01598837
v 0.17093702 0.01339898 -0.01594736
v 0.18675596 0.01321755 -0.01598564
v 0.19531995 0.01431821 -0.01616951
v 0.20037710 0.01278172 -0.01642279
v 0.21279716 0.01288848 -0.01608930
v 0.21060534 0.01390412 -0.01612260
v 0.21869967 0.01401339 -0.01588335
v 0.21594203 0.02128800 -0.01458416
v 0.22025666 0.02115019 -0.01511826
v 0.20913835 0.02382227 -0.01471067
v 0.14999046 0.02660563 -0.01486270
v 0.14989094 0.01318700 -0.01536892
v 0.17669166 0.01298363 -0.01583300
v 0.23933204 -0.02998681 0.02292747
v 0.23709046 -0.03121762 0.01972163
v 0.24259338 -0.03065527 0.02015262
v 0.23679472 -0.02950298 0.02329341
v 0.23326761 -0.02928727 0.02166518
v 0.23483176 -0.03197416 0.01807847
v 0.24161371 -0.03231244 0.01825797
v 0.22951493 -0.03097396 0.01814421
v 0.24509091 -0.03190577 0.01803728
v 0.22852153 -0.02794411 0.02057824
v 0.22330935 -0.02947735 0.01804390
v 0.19287966 -0.02084539 0.01132147
v 0.19247773 -0.01741743 0.01285607
v 0.19233439 -0.01948632 0.01125331
v 0.19343328 -0.01729014 0.01575762
v 0.19389651 -0.02170862 0.01509375
v 0.19212170 -0.02277142 0.01148508
v 0.19321835 -0.02337118 0.01563869
v 0.23375870 -0.07587002 0.01470513
v 0.23555055 -0.07776539 0.01525048
v 0.23251716 -0.07478372 0.01205931
v 0.23321588 -0.07545735 0.01783722
v 0.23462217 -0.07777616 0.01855426
v 0.23195767 -0.07421686 0.01982631
v 0.23618114 -0.07931923 0.01618548
v 0.23120473 -0.07206839 0.01904984
v 0.23280208 -0.07293446 0.01389953
v 0.23316558 -0.07723665 0.01056020
v 0.23129601 -0.07604874 0.00916867
v 0.23044168 -0.07404539 0.00934214
v 0.23267466 -0.07107018 0.01772715
v 0.23496056 -0.07905978 0.01360612
v 0.23241636 -0.07206810 0.01153302
v 0.23413277 -0.07873215 0.01946153
v 0.23011773 -0.07191715 0.00886159
v 0.23200998 -0.07665828 0.02045049
v 0.23389964 -0.07000484 0.01422320
v 0.23663775 0.05644812 0.01578128
v 0.23654313 0.05854729 0.01585383
v 0.24178213 0.06014990 0.01566754
v 0.24018787 0.05511947 0.01582705
v 0.23906393 0.06135547 0.01545226
v 0.23635065 0.06137767 0.01479927
v 0.23495909 0.05914236 0.01515116
v 0.24384350 0.05698682 0.01711166
v 0.23504070 0.05624952 0.01512571
v 0.23520195 0.05471925 0.01484245
v 0.24518216 0.05341764 0.01631868
v 0.24315768 0.06020781 0.01664730
v 0.23314487 0.05857106 0.01326363
v 0.15432900 -0.05708471 0.01085509
v 0.15407303 -0.05568508 0.01253902
v 0.15627359 -0.05517845 0.01227743
v 0.15185858 -0.05771960 0.01118156
v 0.15825817 -0.05628107 0.01105916
v 0.15915076 -0.05436110 0.01186317
v 0.15111175 -0.05680026 0.01338729
v 0.16012254 -0.05493672 0.01008184
v 0.15838956 -0.05648312 0.00868485
v 0.15131468 -0.05758470 0.00857596
v 0.15985199 -0.05526060 0.00857190
v 0.15001080 -0.05663723 0.01146805
v 0.15804583 -0.05563808 0.00733631
v 0.15105135 -0.05653920 0.00646150
v 0.15010874 -0.05666782 0.00778163
v 0.16073978 -0.05342166 0.00980488
v 0.16003521 -0.05335781 0.01121789
v 0.24367944 0.06831935 -0.00259177
v 0.24712925 0.06977405 -0.00151748
v 0.24295976 0.07249901 -0.00132596
v 0.24076753 0.06715791 -0.00278225
v 0.24698041 0.07448382 -0.00173070
v 0.24318952 0.07394571 -0.00154968
v 0.24456621 0.07439525 -0.00175644
v 0.23063069 -0.01197029 -0.00317731
v 0.23315308 -0.00892942 -0.00339162
v 0.23395289 -0.01225049 -0.00404862
v 0.22752830 -0.01108606 -0.00193829
v 0.23680194 -0.00929823 -0.00575096
v 0.23665116 -0.01177382 -0.00610593
v 0.23914838 -0.01202207 -0.00662619
v 0.23986501 -0.01019087 -0.00643442
v 0.23363801 -0.00788943 -0.00404436
v 0.24052168 -0.01298180 -0.00676490
v 0.24045221 -0.00887982 -0.00706093
v 0.22796616 -0.00772879 -0.00296213
v 0.22609724 -0.01327072 -0.00307569
v 0.23297436 -0.01326077 -0.00473002
v 0.24011643 -0.01361031 -0.00808656
v 0.23546076 -0.01325085 -0.00703386
v 0.22505293 -0.00780471 -0.00336540
v 0.23452152 -0.05169467 0.00814097
v 0.23468203 -0.04838139 0.00852923
v 0.23906390 -0.05068779 0.01038956
v 0.23930888 -0.04681692 0.00991797
v 0.24122631 -0.04767468 0.01175032
v 0.24175553 -0.05154596 0.01226599
v 0.24419290 -0.04618900 0.01419047
v 0.24385262 -0.04957559 0.01445712
v 0.24505982 -0.04724146 0.01594567
v 0.24541984 -0.04932191 0.01599026
v 0.23333159 -0.04764301 0.00674697
v 0.23324444 -0.05166070 0.00628592
v 0.23498324 -0.04603645 0.00760905
v 0.24434023 -0.05145711 0.01597289
v 0.24569063 -0.04432651 0.01558955
v 0.24220786 -0.05318724 0.01171913
v 0.23988888 -0.05295316 0.00994319
v 0.23494602 -0.05312633 0.00707881
v 0.24500312 -0.05473922 0.01449542
v 0.23284541 -0.04924318 0.00518753
v 0.22409825 -0.07646837 0.00994049
v 0.22515544 -0.07229333 0.00894335
v 0.22707162 -0.07626929 0.01023523
v 0.23044168 -0.07404539 0.00934214
v 0.23011773 -0.07191715 0.00886159
v 0.23129601 -0.07604874 0.00916867
v 0.22619041 -0.07053162 0.00756703
v 0.22949471 -0.07728868 0.01068897
v 0.22430137 -0.07733444 0.01102456
v 0.23048365 -0.07094877 0.00784889
v 0.22119221 -0.07629006 0.00854413
v 0.23316558 -0.07723665 0.01056020
v 0.22206836 -0.07641573 0.01065994
v 0.22148571 -0.07330098 0.00685760
v 0.23170091 -0.07131565 0.00900826
v 0.22417745 -0.07095312 0.00633450
v 0.23241636 -0.07206810 0.01153302
v 0.23406893 -0.07038259 0.01186346
v 0.22991264 -0.01458764 0.00906360
v 0.22993798 -0.01796615 0.00792407
v 0.22892342 -0.01515257 0.00657556
v 0.22952805 -0.01816565 0.00382645
v 0.22868382 -0.01457501 0.00440039
v 0.22987857 -0.01259634 0.00761965
v 0.23169845 -0.01599972 0.01015803
v 0.22979965 -0.01287030 0.00273251
v 0.23052416 -0.01629448 0.00229665
v 0.23219191 -0.01772762 0.00935850
v 0.23210376 -0.01409853 0.00993078
v 0.23749270 -0.07281214 -0.00454863
v 0.23445708 -0.07432355 -0.00378790
v 0.23448609 -0.07395336 -0.00532233
v 0.23688236 -0.07299950 -0.00014616
v 0.23480136 -0.07390687 -0.00066989
v 0.23542854 -0.07414507 -0.00747853
v 0.24024750 -0.07241041 -0.00213932
v 0.23291270 -0.07564544 -0.00210017
v 0.23682463 -0.07264461 -0.00892480
v 0.23294482 -0.07624503 -0.01005562
v 0.23540547 -0.07279227 -0.01200512
v 0.23846493 -0.07147090 -0.00442550
v 0.23633210 -0.07404470 0.00055373
v 0.24163332 -0.06840564 -0.00424955
v 0.23746030 -0.07147357 0.00056250
v 0.23655186 -0.07243010 0.00240436
v 0.23586741 -0.06538360 -0.00924140
v 0.23528554 -0.06904058 -0.01048067
v 0.23722268 -0.06719645 -0.00740117
v 0.23432742 -0.06146304 -0.01096256
v 0.23133192 -0.06597774 -0.01532160
v 0.23372971 -0.07067720 -0.01350725
v 0.23427381 -0.07036461 -0.01213264
v 0.23355592 -0.06030430 -0.01292479
v 0.23101990 -0.06433336 -0.01599409
v 0.23837780 -0.06709872 -0.00635865
v 0.23149894 -0.06100562 -0.01831125
v 0.23764360 -0.06477834 -0.00835979
v 0.23028703 -0.06245407 -0.01844833
v 0.22977343 -0.06659948 -0.01588388
v 0.23162381 -0.06797273 -0.01483043
v 0.23353322 -0.05853549 -0.01727106
v 0.23449556 -0.05945336 -0.01313392
v 0.23335116 -0.05867778 -0.01978027
v 0.23877700 0.04202930 -0.00559635
v 0.24111772 0.03934808 -0.00940564
v 0.24009535 0.04395552 -0.00770179
v 0.23841260 0.03975897 -0.00401304
v 0.23715313 0.04300557 -0.00126328
v 0.23789068 0.04537493 -0.00233646
v 0.24092760 0.04147718 -0.01053377
v 0.23768488 0.04028464 -0.00045775
v 0.23697775 0.04281177 0.00325838
v 0.24101726 0.03909425 -0.01163134
v 0.24093124 0.04166654 -0.01273271
v 0.23751470 0.04542235 0.00379983
v 0.24225733 0.04575875 -0.01025324
v 0.24010680 0.04556372 -0.00637996
v 0.24377931 0.04639569 -0.01540918
v 0.24245670 0.03765962 -0.00973929
v 0.24052523 0.03790386 -0.00559086
v 0.23268176 -0.01056210 -0.00950624
v 0.23316307 -0.01336388 -0.01288175
v 0.23286391 -0.00997245 -0.01392949
v 0.23381963 -0.01247141 -0.01589822
v 0.23320866 -0.01242051 -0.00939574
v 0.23353032 -0.00795401 -0.00991433
v 0.23296644 -0.00776036 -0.00836014
v 0.23433227 -0.00715030 -0.01323010
v 0.23441201 -0.00793922 -0.01533369
v 0.23509010 -0.01219829 -0.01835740
v 0.23604518 -0.00970217 -0.01877516
v 0.23720717 -0.00762841 -0.01822117
v 0.23676437 -0.01458755 -0.01913098
v 0.23855147 -0.00612792 -0.01754141
v 0.23412007 -0.01200339 -0.01961763
v 0.23692029 0.07266551 0.00423008
v 0.23925642 0.07285583 0.00141686
v 0.23756711 0.07673615 0.00162811
v 0.23550226 0.07621982 0.00421114
v 0.23610958 0.07375212 0.00493600
v 0.24072049 0.07620091 -0.00053484
v 0.24067879 0.07355613 0.00010697
v 0.24318952 0.07394571 -0.00154968
v 0.24295976 0.07249901 -0.00132596
v 0.23883963 0.07201237 0.00272133
v 0.23398114 0.07324110 0.00594532
v 0.23289426 0.07708088 0.00511109
v 0.23584105 0.07352827 0.00622413
v 0.24827937 0.06047926 -0.00523474
v 0.24781280 0.05956588 -0.01394261
v 0.24843023 0.06141030 -0.01062701
v 0.24836952 0.06116288 -0.00779952
v 0.20921719 0.05681837 -0.01992438
v 0.21748172 0.05760946 -0.02053154
v 0.22331038 0.05677817 -0.02069753
v 0.20574542 0.05805993 -0.01984011
v 0.23196656 0.05761989 -0.02089808
v 0.23569021 0.05726041 -0.02101989
v 0.23908875 0.05811974 -0.02123962
v 0.20261614 0.05796259 -0.01937121
v 0.20226375 0.05964542 -0.01949989
v 0.19302399 0.05898943 -0.01920565
v 0.19953072 0.06092758 -0.01883954
v 0.18813873 0.06172807 -0.01916456
v 0.18613335 0.06200104 -0.01920035
v 0.18126726 0.06160350 -0.01909329
v 0.17811031 0.06194234 -0.01854761
v 0.16560330 0.06057615 -0.01766895
v 0.16751959 0.06109182 -0.01790047
v 0.17671073 0.06089587 -0.01833896
v 0.15760294 0.06145289 -0.01728037
v 0.15175222 0.06000412 -0.01653092
v 0.15322665 0.06106990 -0.01697799
v 0.15072940 0.05852526 -0.01560397
v 0.18203062 0.05920449 -0.01750206
v 0.16999586 0.05920452 -0.01678930
v 0.16233737 0.05723597 -0.01472799
v 0.15314673 0.05714991 -0.01438098
v 0.17872691 0.05739836 -0.01481108
v 0.19355232 0.05765517 -0.01737764
v 0.14987627 0.05733057 -0.01523130
v 0.15000274 0.05500439 -0.01253896
v 0.15004157 0.05986863 -0.01701888
v 0.18353112 0.05656348 -0.01353848
v 0.19444764 0.05639266 -0.01509520
v 0.18922044 0.05556261 -0.01361311
v 0.19552208 0.05458317 -0.01396081
v 0.18874961 0.05532754 -0.01313461
v 0.20287162 0.05640343 -0.01510061
v 0.20190879 0.05505976 -0.01405857
v 0.20566777 0.05544911 -0.01497330
v 0.15534803 0.05602999 -0.01200589
v 0.15305308 0.05431769 -0.01110885
v 0.17062871 0.05609346 -0.01194054
v 0.20821190 0.05545675 -0.01576440
v 0.21373487 0.05514164 -0.01782544
v 0.21845926 0.05509581 -0.01775685
v 0.22109358 0.05514089 -0.01699175
v 0.22526521 0.05653436 -0.01979002
v 0.18441057 0.05618390 -0.01194588
v 0.18921619 0.05254950 -0.01229828
v 0.16565508 0.04883310 -0.01053847
v 0.18417028 0.04917459 -0.01149632
v 0.18851768 0.04974068 -0.01145330
v 0.19019582 0.05287168 -0.01336452
v 0.15600058 0.04927482 -0.01129703
v 0.15374937 0.05022344 -0.01060484
v 0.15063718 0.05229746 -0.01172952
v 0.15101051 0.06226359 -0.01603261
v 0.15313147 0.04974450 -0.01157369
v 0.24547575 0.06533109 0.01662864
v 0.24674370 0.06438137 0.01169996
v 0.24580340 0.06634274 0.01657327
v 0.24376903 0.06623923 0.01929416
v 0.24293500 0.06518040 0.01958977
v 0.24392589 0.06409597 0.01581218
v 0.24687870 0.06222575 0.00750877
v 0.24373646 0.06225891 0.01060516
v 0.24447963 0.06056607 0.00539116
v 0.24705007 0.06042236 0.00179257
v 0.24043008 0.06450161 0.01984019
v 0.23940560 0.06203829 0.01630415
v 0.24476162 0.05875320 -0.00207660
v 0.24753551 0.05994116 -0.00221228
v 0.23890464 0.05812188 0.00112843
v 0.24106466 0.05761661 -0.00305162
v 0.24048960 0.06236647 0.01286651
v 0.23771397 0.05959527 0.00482612
v 0.23659213 0.05886846 0.00409892
v 0.23438881 0.05974101 0.00695415
v 0.23519495 0.06122162 0.00930686
v 0.23635065 0.06137767 0.01479927
v 0.23649544 0.06205011 0.01666531
v 0.24486339 0.05889845 -0.00656963
v 0.23899664 0.05674340 -0.00895222
v 0.24227763 0.05762283 -0.01484628
v 0.24572330 0.05906001 -0.01243618
v 0.24781280 0.05956588 -0.01394261
v 0.24827937 0.06047926 -0.00523474
v 0.24547523 0.05862770 -0.01699066
v 0.23877205 0.05641992 -0.00250015
v 0.23654223 0.05775508 0.00295071
v 0.24021710 0.05652777 -0.01353469
v 0.23311955 0.06008190 0.01050744
v 0.24019481 0.05675772 -0.01515572
v 0.24015000 0.05781898 -0.01716347
v 0.24272225 0.05883940 -0.01939498
v 0.23908875 0.05811974 -0.02123962
v 0.23622969 0.05684632 -0.01624268
v 0.23569021 0.05726041 -0.02101989
v 0.22962111 0.05629039 -0.01590357
v 0.22526521 0.05653436 -0.01979002
v 0.22535519 0.05607977 -0.01618862
v 0.22109358 0.05514089 -0.01699175
v 0.23906393 0.06135547 0.01545226
v 0.23712805 0.06599473 0.02191770
v 0.22968599 0.06645552 0.02100029
v 0.22787576 0.06443161 0.01815872
v 0.21906668 0.06635390 0.01986699
v 0.21538646 0.06527639 0.01890977
v 0.22482370 0.06360801 0.01652196
v 0.22303164 0.06207241 0.01409623
v 0.22509886 0.06297751 0.01472026
v 0.22502866 0.06211614 0.01244241
v 0.21199404 0.06272429 0.01594365
v 0.20661913 0.06423176 0.01802059
v 0.20245249 0.06136547 0.01441869
v 0.19980571 0.06282340 0.01620775
v 0.19652193 0.06161134 0.01383868
v 0.18799576 0.06124653 0.01272315
v 0.18757766 0.06305176 0.01642235
v 0.17805201 0.06162526 0.01582810
v 0.17671703 0.05930590 0.01193604
v 0.17115677 0.05829893 0.01105811
v 0.18912292 0.05932911 0.00970280
v 0.15558220 0.05967350 0.01333501
v 0.16185291 0.05754123 0.01029476
v 0.17733859 0.05753796 0.00972974
v 0.15859467 0.06156796 0.01561158
v 0.14986725 0.06134967 0.01543538
v 0.22628525 0.06271438 0.01575684
v 0.15189913 0.05590253 0.00952861
v 0.19903518 0.06371556 0.01710327
v 0.19769357 0.05984536 0.01214627
v 0.19753973 0.05915095 0.01116840
v 0.21454892 0.06116957 0.01446763
v 0.22140266 0.06051668 0.01313937
v 0.20417616 0.05963994 0.01305521
v 0.19307078 0.05824024 0.00943917
v 0.22507459 0.05956879 0.01135986
v 0.22684295 0.06211919 0.01091315
v 0.14985286 0.05828680 0.01257368
v 0.22865361 0.06175020 0.01600208
v 0.23124550 0.06191263 0.01597182
v 0.16835304 0.05582011 0.00879845
v 0.18125024 0.05646761 0.00871121
v 0.14997149 0.05448061 0.00933422
v 0.23098324 0.06248483 0.01514671
v 0.20737226 0.06524847 0.01871795
v 0.24194088 0.06797661 0.02165925
v 0.23056111 0.06701674 0.02148546
v 0.22303485 0.06696408 0.02023967
v 0.21365696 0.06598637 0.01914679
v 0.23596082 0.05512591 -0.01436333
v 0.22795338 0.05497367 -0.01498783
v 0.22488909 0.05545590 -0.01531777
v 0.23963462 0.05501897 -0.01346944
v 0.23314487 0.05857106 0.01326363
v 0.24791738 0.06233170 0.00269598
v 0.22437318 0.05432261 -0.01603850
v 0.14988996 0.06248148 0.01572000
v 0.20585386 0.06551272 0.01790659
v 0.20023367 0.06456563 0.01732875
v 0.23216245 0.02820073 0.02062179
v 0.23112597 0.02542819 0.01752536
v 0.23336712 0.02908500 0.01801656
v 0.23411561 0.02810797 0.01545977
v 0.23432668 0.03009772 0.01728891
v 0.23122591 0.02336471 0.01640106
v 0.23280654 0.03018409 0.01838634
v 0.24280282 0.03087069 0.01714870
v 0.24094182 0.02841711 0.01423976
v 0.24312667 0.02922270 0.01419459
v 0.24115250 0.02706498 0.01296610
v 0.24201871 0.02706312 0.01146513
v 0.24489406 0.02898461 0.01046525
v 0.24579521 0.02714723 0.00781875
v 0.22590057 0.02848325 0.02011556
v 0.24114689 0.02515988 0.01060624
v 0.24078423 0.02454636 0.00837270
v 0.24121229 0.02421491 0.00615189
v 0.21512368 0.07532622 0.00302332
v 0.21595538 0.07381851 0.00514005
v 0.22002077 0.07588166 0.00428755
v 0.21286857 0.07232947 0.00724667
v 0.22419815 0.07217883 0.00717682
v 0.22368280 0.07391218 0.00584420
v 0.22742667 0.07307775 0.00660629
v 0.23065298 0.07289223 0.00705681
v 0.23033311 0.07499126 0.00576010
v 0.23398114 0.07324110 0.00594532
v 0.21390584 0.07192040 0.00841784
v 0.20536965 0.07173703 0.00920679
v 0.19681436 0.07422769 0.00292119
v 0.20346720 0.07508827 0.00097382
v 0.19126106 0.07338497 0.00625016
v 0.19271084 0.07183425 0.01023118
v 0.17244843 0.07243448 0.00851363
v 0.16290779 0.07355549 0.00570850
v 0.15000388 0.07101599 0.01155858
v 0.17333407 0.07079603 0.01176671
v 0.15145222 0.07244056 0.00847099
v 0.15010670 0.07340673 0.00517466
v 0.18173212 0.07039807 0.01234877
v 0.19422135 0.07113886 0.01239980
v 0.19629440 0.07198162 0.01102770
v 0.14997164 0.07236596 0.00915936
v 0.22629868 0.07187955 0.00926365
v 0.15769285 0.07030276 0.01249451
v 0.21608334 0.07577011 0.00188361
v 0.20211709 0.07287199 0.01291463
v 0.20145119 0.07312160 0.01202297
v 0.22021518 0.07653893 0.00327109
v 0.20516879 0.07412199 0.01281265
v 0.22967637 0.07261757 0.00987653
v 0.23383357 0.07340837 0.00762258
v 0.23584105 0.07352827 0.00622413
v 0.23610958 0.07375212 0.00493600
v 0.21504022 0.07225264 0.00990204
v 0.15003554 0.06929532 0.01312632
v 0.23905903 0.07494389 0.00843691
v 0.17034772 0.06979444 0.01247123
v 0.23089164 0.07364059 0.01191082
v 0.22128251 0.07267238 0.01104073
v 0.23802428 0.07660269 0.01228548
v 0.23492129 0.07602942 0.01423215
v 0.23713432 0.07742789 0.01571384
v 0.24225821 0.07837186 0.01605819
v 0.24217495 0.07715345 0.01196067
v 0.21363960 0.07364866 0.01183953
v 0.24019781 0.07248627 0.00532467
v 0.23692029 0.07266551 0.00423008
v 0.23883963 0.07201237 0.00272133
v 0.24157989 0.07511092 0.00933329
v 0.23145475 0.07564866 0.01433200
v 0.22144148 0.07475648 0.01354189
v 0.21801419 0.07660466 0.01510831
v 0.22134837 0.07719398 0.01567042
v 0.21145032 0.07547028 0.01372626
v 0.23356234 0.07902383 0.01695586
v 0.22673196 0.07782633 0.01671730
v 0.23109648 0.07849210 0.01775839
v 0.23701972 0.08019081 0.01789842
v 0.24018116 0.08049259 0.01765735
v 0.20082401 0.07514675 -0.00023484
v 0.21413614 0.07610388 -0.00016774
v 0.21635228 0.07630226 -0.00504881
v 0.19958256 0.07477882 -0.00497884
v 0.22247807 0.07707220 -0.00300929
v 0.18720843 0.07481894 -0.00051836
v 0.22359066 0.07673578 0.00083707
v 0.23178792 0.07709588 -0.00176350
v 0.23349084 0.07756582 0.00061514
v 0.23626814 0.07739684 -0.00106677
v 0.23609208 0.07749558 0.00044498
v 0.18849234 0.07370127 -0.00667908
v 0.17363843 0.07349071 -0.00720872
v 0.17005271 0.07467314 -0.00072705
v 0.16271777 0.07334810 -0.00749396
v 0.15605364 0.07448108 -0.00025644
v 0.15009097 0.07349967 -0.00481307
v 0.15011950 0.07423389 0.00058895
v 0.16274645 0.07462466 0.00041184
v 0.15003139 0.07233826 -0.00940149
v 0.17000788 0.07188004 -0.01125983
v 0.20877560 0.07232377 -0.00974846
v 0.18688163 0.07249072 -0.00968521
v 0.18515903 0.07192774 -0.01214180
v 0.20259207 0.07186317 -0.01310011
v 0.18620512 0.07056609 -0.01540249
v 0.20060372 0.07427954 -0.00619745
v 0.21692195 0.07598674 -0.00579878
v 0.15490876 0.07141306 -0.01123800
v 0.15008415 0.07112889 -0.01221453
v 0.22811927 0.07734574 0.00125231
v 0.22400858 0.07779344 0.00314848
v 0.20043823 0.07070892 -0.01552393
v 0.20975054 0.07108119 -0.01639091
v 0.21269097 0.07199811 -0.01456616
v 0.22169428 0.07266294 -0.01632925
v 0.22079738 0.07189366 -0.01783671
v 0.22953035 0.07364194 -0.01626722
v 0.22003393 0.07227973 -0.01219605
v 0.22026246 0.07287572 -0.00887483
v 0.22759404 0.07301140 -0.01273278
v 0.22530091 0.07395282 -0.00780361
v 0.23345135 0.07475741 -0.01060359
v 0.17325151 0.07002304 -0.01507732
v 0.15521870 0.06925967 -0.01504034
v 0.15016497 0.06977119 -0.01415589
v 0.21322403 0.07377821 -0.00744761
v 0.23364369 0.07434088 -0.01748482
v 0.23839385 0.07624797 -0.01602990
v 0.23095383 0.07522102 -0.00831012
v 0.23665419 0.07612472 -0.00817832
v 0.23717324 0.07577406 -0.01068656
v 0.22482340 0.07793614 -0.00558292
v 0.22675844 0.07903619 0.00408854
v 0.24153028 0.07975706 0.00033178
v 0.22534645 0.07770910 -0.00429631
v 0.23959379 0.07747972 -0.01299775
v 0.24104752 0.07750881 -0.01456732
v 0.24276263 0.07921463 -0.01291242
v 0.22885361 0.07897313 -0.00543449
v 0.23438740 0.07788756 -0.00310595
v 0.23461907 0.07386492 -0.01811342
v 0.23641333 0.07744516 -0.00700858
v 0.23918212 0.07926521 -0.00186637
v 0.24122767 0.08221883 -0.00399241
v 0.24411791 0.08183882 -0.00232319
v 0.24723759 0.08180053 -0.00278244
v 0.23292089 0.07999598 -0.00570123
v 0.24289497 0.07998422 -0.00011220
v 0.23788570 0.08137057 -0.00477286
v 0.24719211 0.08069346 -0.00203967
v 0.23389450 -0.01261179 0.00785523
v 0.23184603 -0.01168065 0.00508305
v 0.23482583 -0.01258640 0.00548001
v 0.23305144 -0.01276939 0.00271444
v 0.22979965 -0.01287030 0.00273251
v 0.22987857 -0.01259634 0.00761965
v 0.23420643 -0.01349247 0.00902114
v 0.23210376 -0.01409853 0.00993078
v 0.23483235 -0.01360793 0.00821990
v 0.23671984 -0.01476019 0.00725725
v 0.23632827 -0.01516908 0.00532283
v 0.21226247 0.04361983 0.01304662
v 0.21212557 0.04690995 0.01291659
v 0.21048208 0.04638285 0.01579418
v 0.21041115 0.04374716 0.01581350
v 0.21103346 0.04741718 0.01614648
v 0.21267808 0.04796844 0.01365325
v 0.21192785 0.04971647 0.01702455
v 0.21075801 0.05105463 0.01833564
v 0.21191766 0.04573728 0.01229190
v 0.23288556 -0.07574788 0.00605655
v 0.23219702 -0.07692544 0.00642977
v 0.23711361 -0.07532290 0.00531859
v 0.23143516 -0.07607193 0.00685182
v 0.23471655 -0.07836910 0.00522036
v 0.22862227 -0.07643642 0.00708710
v 0.23587752 -0.07402846 0.00622243
v 0.23372882 -0.07130114 0.00800942
v 0.23670724 -0.07866945 0.00351492
v 0.23765921 -0.07491584 0.00507473
v 0.23238038 -0.07862253 0.00465580
v 0.23170091 -0.07131565 0.00900826
v 0.23203026 -0.07188416 0.00702302
v 0.23584143 -0.07047435 0.01043627
v 0.23406893 -0.07038259 0.01186346
v 0.23716671 -0.06859316 0.01626211
v 0.24010425 -0.07002617 0.01221807
v 0.24101758 -0.06813743 0.01832149
v 0.24215104 -0.06878859 0.01612063
v 0.23880014 -0.06772645 0.01997256
v 0.23696198 -0.06749469 0.02191173
v 0.24216800 -0.06963919 0.01257686
v 0.23389964 -0.07000484 0.01422320
v 0.23393165 -0.06942077 0.01797202
v 0.23186935 -0.06848440 0.01965537
v 0.22950363 -0.06932456 0.01888527
v 0.24134215 -0.07193298 0.00955405
v 0.23947290 -0.07347386 0.00752084
v 0.23371501 -0.06713344 0.02192455
v 0.23048365 -0.07094877 0.00784889
v 0.23034235 -0.07027461 0.00461525
v 0.22805083 -0.06982782 0.00533850
v 0.22888185 -0.07052912 0.00336200
v 0.22621233 -0.07062777 0.00331977
v 0.22417745 -0.07095312 0.00633450
v 0.22619041 -0.07053162 0.00756703
v 0.23241636 -0.07206810 0.01153302
v 0.23267466 -0.07107018 0.01772715
v 0.22510719 -0.00794762 -0.00719526
v 0.22656193 -0.01195207 -0.00819691
v 0.22635135 -0.00934761 -0.00824482
v 0.22497363 -0.01206837 -0.00734644
v 0.22408475 -0.00967588 -0.00548337
v 0.22441336 -0.01211356 -0.00519721
v 0.22638980 -0.00756796 -0.00739943
v 0.23080719 -0.01207773 -0.00854627
v 0.23008300 -0.00895908 -0.00840483
v 0.23268176 -0.01056210 -0.00950624
v 0.23320866 -0.01242051 -0.00939574
v 0.23296644 -0.00776036 -0.00836014
v 0.22496695 -0.01196679 -0.00322903
v 0.22441336 -0.01211356 -0.00519721
v 0.22408475 -0.00967588 -0.00548337
v 0.22505293 -0.00780471 -0.00336540
v 0.22510719 -0.00794762 -0.00719526
v 0.22752830 -0.01108606 -0.00193829
v 0.22609724 -0.01327072 -0.00307569
v 0.23221557 0.01467630 0.01987428
v 0.23385084 0.01367850 0.01701281
v 0.23221215 0.01610709 0.01651205
v 0.23462773 0.01467754 0.01461994
v 0.22966400 0.01817199 0.01804622
v 0.22908004 0.01645877 0.01942226
v 0.23090367 0.01463433 0.02028638
v 0.23229362 0.01889240 0.01526728
v 0.23412253 0.01634218 0.01425959
v 0.23022609 0.02055146 0.01697550
v 0.23418984 0.01237398 0.01535875
v 0.22529224 -0.07458972 0.00347507
v 0.22815791 -0.07637693 0.00496778
v 0.22843463 -0.07420673 0.00280146
v 0.22430334 -0.07558318 0.00555635
v 0.22216893 -0.07394280 0.00546654
v 0.22578244 -0.07628100 0.00686731
v 0.22862227 -0.07643642 0.00708710
v 0.23125615 -0.07471404 0.00475181
v 0.23143516 -0.07607193 0.00685182
v 0.23288556 -0.07574788 0.00605655
v 0.22403478 -0.07225111 0.00335796
v 0.22748505 -0.07254038 0.00260574
v 0.22425357 -0.07655261 0.00575558
v 0.22087325 -0.07597805 0.00604468
v 0.24233157 0.04308320 0.01937892
v 0.24360728 0.04243641 0.01674083
v 0.24178841 0.04539449 0.01702727
v 0.24264603 0.04377697 0.01474583
v 0.24168491 0.04674549 0.01383876
v 0.24100558 0.04666966 0.01688264
v 0.24517440 0.04168034 0.01513561
v 0.24160027 0.04256193 0.02009251
v 0.23934720 0.04290919 0.02117429
v 0.24124131 0.04451065 0.01188270
v 0.24037200 0.04702808 0.01011015
v 0.23781880 0.04497963 0.00664436
v 0.23939415 0.04103560 0.00854949
v 0.23800523 0.04042818 0.00579378
v 0.23697775 0.04281177 0.00325838
v 0.23923496 0.03970948 0.00719548
v 0.23751470 0.04542235 0.00379983
v 0.24208497 0.04831845 0.01329745
v 0.23768488 0.04028464 -0.00045775
v 0.24255871 0.04211932 0.01175818
v 0.24230047 0.05050146 0.01636869
v 0.23912424 0.04695600 0.00605228
v 0.24596923 -0.02990399 0.00720731
v 0.24618564 -0.03035981 0.01330951
v 0.24601386 -0.03054891 -0.00135546
v 0.24594011 -0.03004375 -0.00575588
v 0.24454443 -0.02771022 0.01006909
v 0.24388720 -0.02788559 0.01359892
v 0.24540765 -0.03065688 0.01725282
v 0.24238874 -0.02800792 0.01731186
v 0.24332519 -0.02779623 0.00690707
v 0.24445053 -0.02901056 0.00418991
v 0.24474573 -0.02945117 -0.00160376
v 0.24456005 -0.02896252 -0.00549168
v 0.24594625 -0.02947450 -0.00812546
v 0.24146637 -0.02714155 -0.00683235
v 0.24197154 -0.02766051 0.00465440
v 0.23902132 -0.02797191 0.00017559
v 0.23928404 -0.02782662 -0.00364310
v 0.23792915 -0.02699951 -0.00121240
v 0.24398514 -0.02676552 -0.01062326
v 0.24587021 -0.02953226 -0.01202174
v 0.24375214 -0.02933702 -0.01523560
v 0.24261757 -0.02786527 -0.01371659
v 0.24063487 -0.02861699 -0.01509619
v 0.24127386 -0.02935281 -0.01789303
v 0.23407241 -0.02806909 -0.01565784
v 0.23474907 -0.02808125 -0.02026332
v 0.23797293 -0.02916980 -0.02064609
v 0.23188461 -0.02707732 -0.02186925
v 0.23492610 -0.02764997 -0.01406136
v 0.23060101 -0.02553155 -0.02118738
v 0.23004604 -0.02506752 -0.01625749
v 0.23185332 -0.02595712 -0.01467611
v 0.23955835 0.07417611 -0.01248979
v 0.24401779 0.07570794 -0.01376311
v 0.24012696 0.07632529 -0.01336332
v 0.24440755 0.07449108 -0.01316327
v 0.24340085 0.07799219 -0.01348744
v 0.23717324 0.07577406 -0.01068656
v 0.23959379 0.07747972 -0.01299775
v 0.24276263 0.07921463 -0.01291242
v 0.24623583 0.07540173 -0.01256997
v 0.24710432 0.05133480 0.01124299
v 0.24711038 0.05071142 0.01246842
v 0.24722899 0.04959923 0.00834596
v 0.24671372 0.05244348 0.01614929
v 0.24723110 0.04833840 0.00185785
v 0.22148571 -0.07330098 0.00685760
v 0.22216893 -0.07394280 0.00546654
v 0.22266604 -0.07213538 0.00561553
v 0.22403478 -0.07225111 0.00335796
v 0.22087325 -0.07597805 0.00604468
v 0.22056095 -0.07651041 0.00737647
v 0.22417745 -0.07095312 0.00633450
v 0.22621233 -0.07062777 0.00331977
v 0.21925972 -0.07758439 0.00714995
v 0.21918877 -0.07649841 0.00819630
v 0.22119221 -0.07629006 0.00854413
v 0.21699089 -0.07853024 0.00649679
v 0.22979965 -0.01287030 0.00273251
v 0.23052416 -0.01629448 0.00229665
v 0.23275531 -0.01449486 0.00218356
v 0.23305144 -0.01276939 0.00271444
v 0.23363472 -0.01670022 0.00310875
v 0.23300713 -0.01814773 0.00390096
v 0.22952805 -0.01816565 0.00382645
v 0.23534700 -0.01645491 0.00438969
v 0.23632827 -0.01516908 0.00532283
v 0.23482583 -0.01258640 0.00548001
v 0.23510414 -0.01807398 0.00612073
v 0.23635320 -0.01681322 0.00736873
v 0.23671984 -0.01476019 0.00725725
v 0.23641333 0.07744516 -0.00700858
v 0.23671006 0.07543844 -0.00527984
v 0.23665419 0.07612472 -0.00817832
v 0.23642494 0.07690127 -0.00532566
v 0.23673758 0.07604318 -0.00406140
v 0.23744558 0.07419630 -0.00996053
v 0.23717324 0.07577406 -0.01068656
v 0.23912547 0.07269917 -0.00583683
v 0.23955835 0.07417611 -0.01248979
v 0.23948309 0.07303007 -0.01065958
v 0.23946554 0.07443842 -0.00360050
v 0.24191068 0.07224344 -0.00485431
v 0.24150670 0.07507421 -0.00182702
v 0.24318952 0.07394571 -0.00154968
v 0.24072049 0.07620091 -0.00053484
v 0.24060777 0.07639456 -0.00216753
v 0.24549819 0.07263173 -0.00686207
v 0.24179774 0.07277768 -0.01097131
v 0.24506971 0.07248663 -0.00485655
v 0.24473862 0.07304577 -0.01013112
v 0.24440755 0.07449108 -0.01316327
v 0.24729806 0.07446626 -0.01062408
v 0.24738049 0.07340269 -0.00830222
v 0.24623583 0.07540173 -0.01256997
v 0.24456621 0.07439525 -0.00175644
v 0.24698041 0.07448382 -0.00173070
v 0.24708994 0.07323974 -0.00377888
v 0.24121555 0.07532277 -0.01482897
v 0.24401779 0.07570794 -0.01376311
v 0.24265390 0.07371546 -0.01499553
v 0.24104752 0.07750881 -0.01456732
v 0.24340085 0.07799219 -0.01348744
v 0.23839385 0.07624797 -0.01602990
v 0.23931901 0.07424413 -0.01610925
v 0.24276263 0.07921463 -0.01291242
v 0.24397815 0.07344568 -0.01509570
v 0.24623583 0.07540173 -0.01256997
v 0.23985313 0.07296315 -0.01496521
v 0.23914304 0.07297073 -0.01779641
v 0.24059500 0.07234364 -0.01723854
v 0.24285668 0.07242200 -0.01696355
v 0.23988280 0.07227095 -0.01618474
v 0.24530791 0.07340234 -0.01314953
v 0.24683746 0.07224097 -0.01109165
v 0.24729806 0.07446626 -0.01062408
v 0.24738049 0.07340269 -0.00830222
v 0.24470719 0.06941735 -0.01027444
v 0.24199354 0.07029297 -0.01249560
v 0.24025552 0.06712922 -0.01109966
v 0.22684295 0.06211919 0.01091315
v 0.22862219 0.06015160 0.01112753
v 0.22902479 0.06334725 0.01111882
v 0.22507459 0.05956879 0.01135986
v 0.23058538 0.06279261 0.01191038
v 0.22671817 0.06488270 0.01245189
v 0.22926138 0.06504945 0.01235360
v 0.22502866 0.06211614 0.01244241
v 0.24008415 -0.06564989 -0.00295043
v 0.24163332 -0.06840564 -0.00424955
v 0.24263394 -0.06689919 -0.00539460
v 0.23696668 -0.06602623 -0.00166191
v 0.23738321 -0.06356257 -0.00115275
v 0.23566447 -0.06347019 -0.00053321
v 0.24084031 -0.06464455 -0.00264102
v 0.23968664 -0.07099216 -0.00146465
v 0.23746030 -0.07147357 0.00056250
v 0.24024750 -0.07241041 -0.00213932
v 0.23542475 -0.06883509 0.00202241
v 0.23655186 -0.07243010 0.00240436
v 0.23480768 -0.06471033 0.00148739
v 0.24070861 -0.06296898 -0.00351103
v 0.24187995 -0.05971414 -0.00763375
v 0.24349409 -0.06564507 -0.00705375
v 0.24446376 -0.06350361 -0.00988714
v 0.24119368 -0.05770278 -0.00671655
v 0.24120128 -0.05568397 -0.01074889
v 0.24096327 -0.05782053 -0.00467719
v 0.23979261 -0.05946121 -0.00218333
v 0.24019520 -0.05766913 -0.00253470
v 0.24193299 -0.05601821 -0.00632901
v 0.24160035 -0.06329903 -0.00042810
v 0.24057059 -0.05938781 -0.00060060
v 0.24140842 -0.06100931 0.00127217
v 0.23612876 0.02716464 -0.01884925
v 0.23900301 0.02583237 -0.01951820
v 0.23814807 0.02820816 -0.02049377
v 0.23452978 0.02504079 -0.01543612
v 0.23447516 0.02810108 -0.01784285
v 0.23612845 0.02917693 -0.01946160
v 0.23320657 0.02725704 -0.01468178
v 0.23312252 0.02566879 -0.00886874
v 0.23408800 0.02436206 -0.00701353
v 0.23688373 0.03044474 0.00349150
v 0.23482747 0.02502867 -0.00303299
v 0.23646537 0.03313941 0.00299169
v 0.23478898 0.03007328 -0.00191962
v 0.23329381 0.02735326 -0.00589263
v 0.23875946 0.03148658 0.00825189
v 0.23635890 0.02536244 0.00019684
v 0.23794860 0.02473891 0.00242201
v 0.23861839 0.02826318 0.00543225
v 0.23254690 0.02901108 -0.01099108
v 0.23324710 0.03051965 -0.00628150
v 0.23550431 0.03334431 -0.00084013
v 0.23693926 0.03529079 0.00347997
v 0.23818932 0.03584684 0.00668583
v 0.24045480 0.03515409 0.01088587
v 0.24122272 0.03283324 0.01179937
v 0.24253198 0.03129894 0.01370029
v 0.24114575 0.03752316 0.01440242
v 0.24312667 0.02922270 0.01419459
v 0.24175291 0.03096632 0.01126670
v 0.24252803 0.03251356 0.01805420
v 0.24280282 0.03087069 0.01714870
v 0.24043543 0.03698290 0.00999554
v 0.24124514 0.03720534 0.01249401
v 0.23326198 0.03172528 -0.00863687
v 0.23943843 0.02732690 0.00566537
v 0.24154613 0.02844925 0.00806605
v 0.23504073 0.03345879 -0.00460271
v 0.23401017 0.03063208 -0.01636164
v 0.24179752 0.03889850 0.01421289
v 0.24018072 0.03791770 0.01668511
v 0.24068404 0.03873363 0.01599333
v 0.24056856 0.04011459 0.01714713
v 0.24489406 0.02898461 0.01046525
v 0.22109358 0.05514089 -0.01699175
v 0.22535519 0.05607977 -0.01618862
v 0.22437318 0.05432261 -0.01603850
v 0.23964188 -0.05864323 0.01676945
v 0.23866628 -0.06025135 0.01684162
v 0.23974475 -0.06121533 0.01635231
v 0.24113820 -0.05953986 0.01614499
v 0.23877480 -0.05727613 0.01806170
v 0.24031939 -0.05538628 0.01892896
v 0.23744274 -0.05481434 0.02094159
v 0.24128900 -0.05377662 0.02058784
v 0.23956373 -0.05282299 0.02140444
v 0.24304774 -0.05471719 0.01933592
v 0.24486624 -0.05691271 0.01819689
v 0.24467521 -0.05843142 0.01678518
v 0.24544420 -0.05646593 0.01808310
v 0.23541462 -0.05968652 0.02185911
v 0.23781068 -0.06119863 0.01865685
v 0.23955890 -0.04394526 0.02430499
v 0.23947665 -0.04695167 0.02221891
v 0.24119698 -0.04403212 0.02094829
v 0.24057754 -0.04555259 0.02081454
v 0.23957692 -0.04881163 0.02159052
v 0.24274009 -0.04732706 0.01837980
v 0.24377570 -0.05132633 0.01728299
v 0.24448444 -0.05221974 0.01677352
v 0.24051672 -0.04159124 0.02055471
v 0.24492149 -0.04655923 0.01744750
v 0.24541984 -0.04932191 0.01599026
v 0.24434023 -0.05145711 0.01597289
v 0.24505982 -0.04724146 0.01594567
v 0.24569063 -0.04432651 0.01558955
v 0.24508731 -0.04361745 0.01971585
v 0.24688185 -0.04216467 0.01698951
v 0.24457915 -0.03943490 0.01723271
v 0.24698629 -0.04332923 0.01255887
v 0.24692607 -0.04276823 0.00989809
v 0.24500312 -0.05473922 0.01449542
v 0.24599411 -0.05638777 0.01023161
v 0.24607292 -0.05713687 0.01277386
v 0.24576052 -0.05758167 0.00979415
v 0.24595732 -0.05542722 0.00046691
v 0.23945144 -0.05940236 0.01080361
v 0.23803217 -0.06012620 0.00857628
v 0.24293010 -0.05883883 0.00581028
v 0.24392998 -0.05844538 0.01345740
v 0.23950403 -0.05969290 0.01474204
v 0.23802017 -0.06022412 0.01137676
v 0.24154676 -0.05990526 0.00483731
v 0.24199296 -0.05887857 0.00205807
v 0.24019520 -0.05766913 -0.00253470
v 0.24193299 -0.05601821 -0.00632901
v 0.24615846 -0.05418508 -0.00415637
v 0.24571438 -0.05277892 -0.00827495
v 0.24252208 -0.05272563 -0.01074071
v 0.24538214 -0.05017301 -0.01221744
v 0.24319755 -0.05012450 -0.01620236
v 0.24184038 -0.05350962 -0.01048219
v 0.24143951 -0.05267076 -0.01557399
v 0.23747022 -0.06193178 0.00548278
v 0.24046531 -0.05318253 -0.01974047
v 0.24428384 -0.04882989 -0.01517645
v 0.23786326 -0.06202131 0.01438819
v 0.24093887 -0.06167787 0.00331476
v 0.23830147 -0.06282425 0.00310137
v 0.24119368 -0.05770278 -0.00671655
v 0.23706080 -0.06368149 0.00408418
v 0.23536042 -0.06346441 0.00168606
v 0.24140842 -0.06100931 0.00127217
v 0.24057059 -0.05938781 -0.00060060
v 0.23979261 -0.05946121 -0.00218333
v 0.23871367 -0.06338003 0.00198407
v 0.23738321 -0.06356257 -0.00115275
v 0.23566447 -0.06347019 -0.00053321
v 0.24129950 -0.06392930 0.00127982
v 0.24160035 -0.06329903 -0.00042810
v 0.24084031 -0.06464455 -0.00264102
v 0.23252278 -0.07314592 0.00591508
v 0.23125615 -0.07471404 0.00475181
v 0.23305255 -0.07437763 0.00570219
v 0.23587752 -0.07402846 0.00622243
v 0.23372882 -0.07130114 0.00800942
v 0.23203026 -0.07188416 0.00702302
v 0.23034235 -0.07027461 0.00461525
v 0.23032197 -0.07256334 0.00339713
v 0.22888185 -0.07052912 0.00336200
v 0.22748505 -0.07254038 0.00260574
v 0.22843463 -0.07420673 0.00280146
v 0.23288556 -0.07574788 0.00605655
v 0.22621233 -0.07062777 0.00331977
v 0.22403478 -0.07225111 0.00335796
v 0.22850876 0.04879931 0.01687593
v 0.22496756 0.05022463 0.01690561
v 0.22522192 0.04845443 0.01610852
v 0.22889380 0.05078221 0.01744161
v 0.23473495 0.04892709 0.01694593
v 0.24027949 0.05114351 0.01719005
v 0.24039491 0.04916857 0.01675294
v 0.23049169 0.04698126 0.01694491
v 0.22789325 0.04634829 0.01702934
v 0.23628128 0.04675270 0.01741104
v 0.24100558 0.04666966 0.01688264
v 0.24230047 0.05050146 0.01636869
v 0.22568420 0.04549206 0.01680124
v 0.23853281 0.04507739 0.01857214
v 0.24178841 0.04539449 0.01702727
v 0.22170090 0.04581707 0.01351917
v 0.22148279 0.04861700 0.01384786
v 0.21853719 0.04660424 0.01221240
v 0.21910777 0.04540006 0.01254304
v 0.21282384 0.04452219 0.01243304
v 0.21191766 0.04573728 0.01229190
v 0.21637051 0.04743030 0.01245358
v 0.22146822 0.05006761 0.01493603
v 0.21212557 0.04690995 0.01291659
v 0.23788570 0.08137057 -0.00477286
v 0.24343061 0.08130577 -0.00584665
v 0.24024381 0.08016004 -0.00548738
v 0.23830402 0.07944615 -0.00622133
v 0.23292089 0.07999598 -0.00570123
v 0.23641333 0.07744516 -0.00700858
v 0.23095383 0.07522102 -0.00831012
v 0.22885361 0.07897313 -0.00543449
v 0.24122767 0.08221883 -0.00399241
v 0.24615636 0.08143389 -0.00540911
v 0.24723759 0.08180053 -0.00278244
v 0.24586962 0.02319614 -0.00147403
v 0.24502479 0.02288881 -0.00649885
v 0.24502924 0.02348281 -0.00668578
v 0.24411158 0.02295184 -0.01088052
v 0.24614986 0.02407299 0.00126491
v 0.23411561 0.02810797 0.01545977
v 0.23388256 0.02374765 0.01437375
v 0.23520173 0.02661078 0.01441968
v 0.23122591 0.02336471 0.01640106
v 0.23229362 0.01889240 0.01526728
v 0.23022609 0.02055146 0.01697550
v 0.23412253 0.01634218 0.01425959
v 0.22872365 0.02510880 0.01739849
v 0.24115250 0.02706498 0.01296610
v 0.23873443 0.02275965 0.01351319
v 0.24239769 0.02122050 0.01314116
v 0.24236099 0.01552875 0.01347780
v 0.23462773 0.01467754 0.01461994
v 0.22684199 0.02363557 0.01710199
v 0.22590361 0.02044957 0.01729698
v 0.21950564 0.01990611 0.01678895
v 0.22069525 0.01589937 0.01723178
v 0.21969692 0.02492577 0.01653982
v 0.21603990 0.02448355 0.01600132
v 0.21597406 0.02698317 0.01619043
v 0.21384805 0.01637317 0.01575766
v 0.21417055 0.01975391 0.01560854
v 0.21091885 0.01632858 0.01552507
v 0.21496103 0.01414048 0.01551393
v 0.21152200 0.01248978 0.01460246
v 0.21845596 0.01513442 0.01662594
v 0.22588651 0.01518599 0.01832599
v 0.22162735 0.02616843 0.01727506
v 0.20946091 0.02352419 0.01354868
v 0.24089670 0.01386609 0.01431694
v 0.24437706 0.01361048 0.01235751
v 0.23112597 0.02542819 0.01752536
v 0.24094182 0.02841711 0.01423976
v 0.21162909 0.02694406 0.01403752
v 0.20463143 0.02502465 0.01198885
v 0.20777142 0.02140980 0.01298529
v 0.20701754 0.01571933 0.01249298
v 0.20405413 0.01664069 0.01148710
v 0.19889720 0.01914030 0.01059774
v 0.19439337 0.01652349 0.01048216
v 0.18986432 0.02054810 0.00994228
v 0.19490344 0.02225745 0.01049885
v 0.17896710 0.01899862 0.00984194
v 0.17532392 0.02138255 0.00993647
v 0.16322737 0.01856878 0.00953830
v 0.15777302 0.02380201 0.00970630
v 0.14976886 0.02153870 0.01004255
v 0.15110198 0.02606718 0.00958487
v 0.15495064 0.01613867 0.01014384
v 0.17576635 0.01659187 0.01027688
v 0.15499348 0.02643448 0.01005014
v 0.16125730 0.02534848 0.01033130
v 0.16744545 0.02426867 0.01033949
v 0.20931680 0.01111740 0.01341418
v 0.17859097 0.02311513 0.01046668
v 0.20511556 0.01287159 0.01247563
v 0.20835252 0.00728602 0.01379106
v 0.21241894 0.00842516 0.01434050
v 0.21545600 0.01223526 0.01424002
v 0.21600414 0.00964123 0.01410389
v 0.22542374 0.01201624 0.01418589
v 0.22978634 0.01085996 0.01411267
v 0.21755917 0.00757594 0.01423862
v 0.22530037 0.00679798 0.01453896
v 0.22976324 0.00805704 0.01440142
v 0.23529107 0.01203347 0.01537988
v 0.20331002 0.00665190 0.01374853
v 0.14972457 0.01615076 0.01078018
v 0.20088719 0.01442481 0.01174772
v 0.19596299 0.01505267 0.01102642
v 0.20205842 0.01131559 0.01334738
v 0.19955737 0.00662313 0.01413764
v 0.19921699 0.00983616 0.01405729
v 0.19541950 0.00708223 0.01363804
v 0.18620330 0.00919056 0.01372285
v 0.19634088 0.00344397 0.01439002
v 0.18700963 0.00529137 0.01349770
v 0.18008227 0.00707625 0.01279574
v 0.18056742 0.00379232 0.01316881
v 0.17846223 0.01019664 0.01293585
v 0.17343532 0.00378523 0.01139293
v 0.17311005 0.00997115 0.01146081
v 0.16347011 0.00547593 0.00931920
v 0.16618227 0.00277436 0.01005644
v 0.16312514 0.00180398 0.00947755
v 0.16595009 0.01023581 0.01049769
v 0.15976194 0.00835936 0.00878268
v 0.17275510 0.00183923 0.01164025
v 0.20278772 0.00257006 0.01575593
v 0.18722489 0.00272945 0.01422813
v 0.17897201 0.00295282 0.01315881
v 0.21328910 0.00538355 0.01545345
v 0.23231967 0.00573474 0.01579054
v 0.23066739 0.00481890 0.01559848
v 0.15831268 0.00179627 0.00755565
v 0.15826098 0.00636006 0.00753934
v 0.15121362 0.00393880 0.00680669
v 0.15146531 0.00731949 0.00717226
v 0.15126925 0.00180606 0.00742385
v 0.23503996 0.00635336 0.01640522
v 0.23821899 0.00933274 0.01731662
v 0.24024648 0.00937915 0.01732710
v 0.24151966 0.01140954 0.01772793
v 0.19832867 0.00068920 0.01577349
v 0.20332257 0.00115486 0.01562597
v 0.20777611 0.00192878 0.01551525
v 0.19851290 -0.00038563 0.01590774
v 0.18008208 0.00007971 0.01592063
v 0.19222824 -0.00119018 0.01582352
v 0.18102807 -0.00083484 0.01595461
v 0.15458666 -0.00043186 0.01607844
v 0.15492373 0.00065694 0.01593825
v 0.14984873 0.00057485 0.01656984
v 0.21568494 0.00420051 0.01573519
v 0.22041197 0.00330929 0.01554823
v 0.21246283 0.00298068 0.01559879
v 0.18191485 0.01515589 0.01115932
v 0.16801368 0.00159609 0.01101975
v 0.17396170 -0.00168169 0.01574383
v 0.20199556 0.01349802 0.01240717
v 0.22966400 0.01817199 0.01804622
v 0.22646752 0.01674660 0.01845301
v 0.23090367 0.01463433 0.02028638
v 0.22908004 0.01645877 0.01942226
v 0.23775806 0.01270920 0.01563864
v 0.23418984 0.01237398 0.01535875
v 0.23192313 0.01246746 0.01508136
v 0.15007261 -0.00082542 0.01615398
v 0.15067011 0.00602802 0.00669038
v 0.19385373 0.01125691 0.01463898
v 0.19949622 0.01252506 0.01476124
v 0.18251485 0.01160359 0.01459059
v 0.15006615 0.02712036 0.01011220
v 0.20623980 0.02712009 0.01328598
v 0.19955196 0.02428333 0.01165440
v 0.18708000 0.02329957 0.01110080
v 0.21195846 0.02809218 0.01481571
v 0.19938631 0.01351295 0.01463318
v 0.19446808 0.01313878 0.01562060
v 0.19194468 0.01399781 0.01551398
v 0.17461332 0.01293260 0.01570425
v 0.17838868 0.01470777 0.01571429
v 0.15337174 0.01464390 0.01578306
v 0.15105651 0.01256332 0.01570475
v 0.14994480 0.01485513 0.01609938
v 0.14969200 0.01541663 0.01620030
v 0.14971311 0.01199979 0.01597052
v 0.17012641 0.01505636 0.01555455
v 0.21580151 0.02858989 0.01716345
v 0.22527249 0.01403555 0.01669259
v 0.22590057 0.02848325 0.02011556
v 0.22060010 0.02865881 0.01938819
v 0.18215309 0.02408690 0.01174671
v 0.19169975 0.02389325 0.01177423
v 0.15011815 0.00158173 0.00905818
v 0.23385084 0.01367850 0.01701281
v 0.14898354 0.01388987 0.01770744
v 0.24420708 -0.01705251 -0.01528119
v 0.24180086 -0.01786878 -0.01835104
v 0.24085642 -0.01671817 -0.01925177
v 0.24221661 -0.01987599 -0.01587489
v 0.24629459 -0.01665397 -0.01285955
v 0.24246718 -0.02013229 0.00702985
v 0.23974782 -0.01974251 0.00007779
v 0.24549857 -0.01580735 0.00155034
v 0.24529952 -0.01907019 0.01257909
v 0.24099242 -0.02045591 0.00435521
v 0.23937226 -0.02145824 0.00274178
v 0.24289376 -0.02169400 0.01172984
v 0.23744251 -0.02225890 -0.00078810
v 0.24395771 -0.01674612 -0.00280705
v 0.24068520 -0.01908364 -0.00325652
v 0.24584896 -0.01555633 -0.00438079
v 0.24277877 -0.02117198 0.01642407
v 0.24560949 -0.01894823 0.01705746
v 0.23812532 -0.02193236 -0.00312443
v 0.24654774 -0.01723223 0.01306309
v 0.24614916 -0.01722456 -0.01065417
v 0.24313772 -0.01987420 -0.01204295
v 0.24034928 -0.01940006 0.02057986
v 0.24128883 -0.02211914 0.00635224
v 0.23833249 -0.02254986 0.01928008
v 0.24266126 -0.01778994 0.02027084
v 0.23806005 -0.02080193 0.02038193
v 0.23620395 -0.02165931 0.02091187
v 0.24578370 -0.01754388 0.01692995
v 0.16073978 -0.05342166 0.00980488
v 0.16009723 -0.05255579 0.00872460
v 0.15985199 -0.05526060 0.00857190
v 0.15804583 -0.05563808 0.00733631
v 0.15796179 -0.05301524 0.00740727
v 0.15204061 -0.05232221 0.00669216
v 0.15105135 -0.05653920 0.00646150
v 0.15099413 -0.05238717 0.00620233
v 0.15106241 -0.04845164 0.00916256
v 0.15766256 -0.05108116 0.00845573
v 0.15448291 -0.04835475 0.01012413
v 0.15096670 -0.05034585 0.00745306
v 0.15150117 -0.04738858 0.01028080
v 0.15459616 -0.04664650 0.01394624
v 0.15736186 -0.04763681 0.01154588
v 0.16200713 -0.04966535 0.01106289
v 0.16434326 -0.04851021 0.01192491
v 0.16326808 -0.04721427 0.01243682
v 0.16297258 -0.04522211 0.01576678
v 0.16856639 -0.04535429 0.01506186
v 0.14988271 -0.04536975 0.01601016
v 0.17768839 -0.04385560 0.01632798
v 0.18197290 -0.04568106 0.01394230
v 0.17089339 -0.04643818 0.01320538
v 0.18607484 -0.04469357 0.01452078
v 0.18626366 -0.04250154 0.01691116
v 0.19751067 -0.04278239 0.01617687
v 0.14986184 -0.04637920 0.01525153
v 0.17195706 -0.04764632 0.01251077
v 0.18209243 -0.04680480 0.01342826
v 0.19447108 -0.04535729 0.01452969
v 0.14996463 -0.04766179 0.01139643
v 0.15014711 -0.05242020 0.00734706
v 0.23136729 0.05902955 0.01442335
v 0.23164761 0.06048247 0.01471108
v 0.23058538 0.06279261 0.01191038
v 0.23014114 0.06034098 0.01219202
v 0.22862219 0.06015160 0.01112753
v 0.22928161 0.05774398 0.01342042
v 0.23285661 0.05729710 0.01722533
v 0.23417439 0.05890799 0.01642482
v 0.23583459 0.06060723 0.01618388
v 0.23795057 0.05795205 0.01801179
v 0.22391968 0.05744221 0.01237521
v 0.22259566 0.05578255 0.01361006
v 0.21734911 0.05536066 0.01331158
v 0.23956160 0.06086724 0.01633679
v 0.24337255 0.05812687 0.01814528
v 0.23874134 0.05492282 0.02130217
v 0.23199008 0.05523878 0.02049123
v 0.24315768 0.06020781 0.01664730
v 0.23175105 0.05426953 0.02089859
v 0.22558001 0.05379921 0.02000555
v 0.23906393 0.06135547 0.01545226
v 0.24214481 0.05536560 0.02049458
v 0.20561753 0.05153160 0.01705054
v 0.20906411 0.05380187 0.01335951
v 0.20318652 0.05327917 0.01312697
v 0.21142767 0.05362124 0.01442423
v 0.21721160 0.05426774 0.01502157
v 0.21064052 0.05197419 0.01835176
v 0.21701950 0.05320878 0.01858390
v 0.22227632 0.05487021 0.01483093
v 0.22397457 0.05415392 0.01859641
v 0.22896482 0.05561818 0.01888420
v 0.21535639 0.05210784 0.01952615
v 0.20276606 0.05226632 0.01428535
v 0.19465199 0.04989339 0.01592268
v 0.19732388 0.05127432 0.01262318
v 0.19290032 0.05013292 0.01077766
v 0.19748574 0.05175949 0.01104846
v 0.19198436 0.05067435 0.00930829
v 0.19677382 0.05185667 0.00985690
v 0.18676828 0.04968757 0.01087583
v 0.18646381 0.04911979 0.01516964
v 0.18449812 0.04862043 0.01625160
v 0.16656786 0.04902585 0.01485502
v 0.16339412 0.04946391 0.01139099
v 0.15209707 0.04944485 0.00983754
v 0.15324122 0.04867209 0.01539151
v 0.14981783 0.04864267 0.01583629
v 0.16323359 0.05000956 0.00955109
v 0.14984877 0.04948332 0.01182135
v 0.18408105 0.05061132 0.00934225
v 0.19605597 0.04950253 0.01674398
v 0.15016588 0.05020191 0.00969729
v 0.19916060 0.05326436 0.01193672
v 0.17349563 0.05103135 0.00886886
v 0.20448674 0.05049916 0.01749607
v 0.24289497 0.07998422 -0.00011220
v 0.24144098 0.07813996 -0.00015026
v 0.24528988 0.07977057 -0.00140318
v 0.24719211 0.08069346 -0.00203967
v 0.24153028 0.07975706 0.00033178
v 0.24072049 0.07620091 -0.00053484
v 0.23756711 0.07673615 0.00162811
v 0.23931854 0.07999597 0.00205322
v 0.23662487 0.07814671 0.00312431
v 0.23550226 0.07621982 0.00421114
v 0.23503005 0.07818349 0.00479290
v 0.23289426 0.07708088 0.00511109
v 0.23379893 0.07974883 0.00552454
v 0.23672428 0.07982380 0.00605685
v 0.24028932 0.08175908 0.00367572
v 0.23990045 0.08176188 0.00694436
v 0.24350950 0.08368898 0.00700719
v 0.24107326 0.08308669 0.00362128
v 0.24630216 0.08613053 0.00596634
v 0.24259338 -0.03065527 0.02015262
v 0.24509091 -0.03190577 0.01803728
v 0.24540765 -0.03065688 0.01725282
v 0.24238874 -0.02800792 0.01731186
v 0.23880037 -0.02760852 0.01951934
v 0.23933204 -0.02998681 0.02292747
v 0.23599983 -0.02711153 0.02195894
v 0.23679472 -0.02950298 0.02329341
v 0.23907186 -0.02556317 0.01849440
v 0.23528647 -0.02423177 0.02142160
v 0.24157912 -0.02306146 0.01680840
v 0.23620395 -0.02165931 0.02091187
v 0.23833249 -0.02254986 0.01928008
v 0.24277877 -0.02117198 0.01642407
v 0.24618564 -0.03035981 0.01330951
v 0.24337255 0.05812687 0.01814528
v 0.24384350 0.05698682 0.01711166
v 0.24315768 0.06020781 0.01664730
v 0.24521438 0.05463223 0.01784836
v 0.24446970 0.05429833 0.01990902
v 0.24671372 0.05244348 0.01614929
v 0.24518216 0.05341764 0.01631868
v 0.24514571 0.05304392 0.01856276
v 0.24214481 0.05536560 0.02049458
v 0.23874134 0.05492282 0.02130217
v 0.23812987 0.03879289 -0.01350417
v 0.23774000 0.04054745 -0.01365427
v 0.23906972 0.04018940 -0.01349485
v 0.24054792 0.03741444 -0.01313550
v 0.24101726 0.03909425 -0.01163134
v 0.24093124 0.04166654 -0.01273271
v 0.24079161 0.04206498 -0.01431143
v 0.23704903 0.04025734 -0.01437391
v 0.23804337 0.04281432 -0.01733032
v 0.24209520 0.04552731 -0.01812342
v 0.23582458 0.03969930 -0.01530682
v 0.24058624 0.04481584 -0.01918854
v 0.23618896 0.04277231 -0.02059732
v 0.23449964 0.04068714 -0.01851562
v 0.23499016 0.03935180 -0.01650536
v 0.23414406 0.03906663 -0.01692383
v 0.23401461 0.04071159 -0.02084747
v 0.24377931 0.04639569 -0.01540918
v 0.23320728 0.03888665 -0.01982638
v 0.23424861 0.03723625 -0.01668145
v 0.23468209 0.03433952 -0.01772036
v 0.23327247 0.03594779 -0.02006850
v 0.23460709 0.03151601 -0.02177060
v 0.23320135 0.03619580 -0.02131768
v 0.23547153 0.03555206 -0.01635633
v 0.23635392 0.03781598 -0.01460732
v 0.14980139 0.02925535 0.01552896
v 0.14981600 0.02699423 0.01195924
v 0.15075525 0.02825613 0.01400636
v 0.15006615 0.02712036 0.01011220
v 0.15499348 0.02643448 0.01005014
v 0.15733033 0.02716652 0.01274423
v 0.16125730 0.02534848 0.01033130
v 0.16744545 0.02426867 0.01033949
v 0.16688279 0.02760624 0.01544346
v 0.15989218 0.02876372 0.01547572
v 0.18215309 0.02408690 0.01174671
v 0.17783223 0.02647259 0.01565428
v 0.18534100 0.02552099 0.01566269
v 0.18964047 0.02517053 0.01517395
v 0.19169975 0.02389325 0.01177423
v 0.19890554 0.02561061 0.01328075
v 0.19466685 0.02633085 0.01619129
v 0.19955196 0.02428333 0.01165440
v 0.19939706 0.02758619 0.01648243
v 0.20596969 0.02944690 0.01698838
v 0.20623980 0.02712009 0.01328598
v 0.21242935 0.03007030 0.01771336
v 0.21195846 0.02809218 0.01481571
v 0.21580151 0.02858989 0.01716345
v 0.23686061 -0.04699914 -0.01911496
v 0.23826274 -0.04526190 -0.01995216
v 0.23843667 -0.04802499 -0.01936341
v 0.23715280 -0.04377485 -0.02064850
v 0.23506532 -0.04295002 -0.02138293
v 0.23600325 -0.04205190 -0.02171133
v 0.23206109 -0.04076181 -0.02130450
v 0.23996780 -0.04067034 -0.02053092
v 0.23889884 -0.04296823 -0.01935610
v 0.24172180 -0.04044723 -0.01903298
v 0.23977389 -0.04636250 -0.01765258
v 0.24064312 -0.04894423 -0.01789170
v 0.23891943 -0.05408926 -0.02069900
v 0.24046531 -0.05318253 -0.01974047
v 0.23890433 -0.05579063 -0.02032308
v 0.24428384 -0.04882989 -0.01517645
v 0.24054648 -0.05625856 -0.01852185
v 0.24186268 -0.05824257 -0.01654376
v 0.23171015 -0.04182103 -0.02189196
v 0.24115722 -0.04665587 -0.01543945
v 0.23958734 -0.04344905 -0.01690921
v 0.24140364 -0.04433526 -0.01405550
v 0.24303590 -0.04260316 -0.01218442
v 0.24229006 -0.04696855 -0.01294380
v 0.24114069 -0.05560957 -0.01572104
v 0.24306782 -0.06022580 -0.01406142
v 0.24143951 -0.05267076 -0.01557399
v 0.24201927 -0.04526124 -0.01216124
v 0.24120128 -0.05568397 -0.01074889
v 0.24184038 -0.05350962 -0.01048219
v 0.24119368 -0.05770278 -0.00671655
v 0.24446376 -0.06350361 -0.00988714
v 0.23583459 0.06060723 0.01618388
v 0.23956160 0.06086724 0.01633679
v 0.23940560 0.06203829 0.01630415
v 0.23649544 0.06205011 0.01666531
v 0.23164761 0.06048247 0.01471108
v 0.23124550 0.06191263 0.01597182
v 0.23098324 0.06248483 0.01514671
v 0.23058538 0.06279261 0.01191038
v 0.24144627 0.06057233 -0.02039243
v 0.24272225 0.05883940 -0.01939498
v 0.24101853 0.05911628 -0.02086333
v 0.23908875 0.05811974 -0.02123962
v 0.16003521 -0.05335781 0.01121789
v 0.15917307 -0.05162470 0.01067348
v 0.16073978 -0.05342166 0.00980488
v 0.16009723 -0.05255579 0.00872460
v 0.15766256 -0.05108116 0.00845573
v 0.15686550 -0.05001947 0.00986601
v 0.15448291 -0.04835475 0.01012413
v 0.23671984 -0.01476019 0.00725725
v 0.23833409 -0.01507319 0.00695881
v 0.23776353 -0.01292644 0.00708972
v 0.23635320 -0.01681322 0.00736873
v 0.19606282 0.05403282 0.00919813
v 0.19677382 0.05185667 0.00985690
v 0.19748574 0.05175949 0.01104846
v 0.19916060 0.05326436 0.01193672
v 0.19683880 0.05736799 0.01011033
v 0.19829573 0.05796008 0.01185493
v 0.19753973 0.05915095 0.01116840
v 0.19769357 0.05984536 0.01214627
v 0.19307078 0.05824024 0.00943917
v 0.19674497 0.05598176 0.00923327
v 0.20313152 0.05858665 0.01261896
v 0.20362220 0.05484374 0.01275467
v 0.21671709 0.05724017 0.01294828
v 0.21734911 0.05536066 0.01331158
v 0.22093265 0.05797872 0.01245835
v 0.22391968 0.05744221 0.01237521
v 0.20906411 0.05380187 0.01335951
v 0.20318652 0.05327917 0.01312697
v 0.22507459 0.05956879 0.01135986
v 0.22862219 0.06015160 0.01112753
v 0.19732388 0.05127432 0.01262318
v 0.21550608 0.05942743 0.01342220
v 0.20417616 0.05963994 0.01305521
v 0.22140266 0.06051668 0.01313937
v 0.21454892 0.06116957 0.01446763
v 0.23526159 0.01703878 -0.01246410
v 0.23536122 0.01886032 -0.01220499
v 0.23661213 0.01881850 -0.01237083
v 0.23662200 0.01651520 -0.01234449
v 0.24723110 0.04833840 0.00185785
v 0.24710114 0.04743029 -0.00933972
v 0.24711792 0.04793798 -0.00592133
v 0.17811031 0.06194234 -0.01854761
v 0.18813873 0.06172807 -0.01916456
v 0.18613335 0.06200104 -0.01920035
v 0.23988280 0.07227095 -0.01618474
v 0.24059500 0.07234364 -0.01723854
v 0.23931901 0.07424413 -0.01610925
v 0.23985313 0.07296315 -0.01496521
v 0.24285668 0.07242200 -0.01696355
v 0.23542854 -0.07414507 -0.00747853
v 0.23383707 -0.07486023 -0.00927949
v 0.23294482 -0.07624503 -0.01005562
v 0.21177870 0.04490068 0.01374122
v 0.21226247 0.04361983 0.01304662
v 0.21282384 0.04452219 0.01243304
v 0.21191766 0.04573728 0.01229190
v 0.23378610 0.06947735 -0.01807382
v 0.23721024 0.06834500 -0.01873138
v 0.23378508 0.07015541 -0.01820984
v 0.19683880 0.05736799 0.01011033
v 0.19674497 0.05598176 0.00923327
v 0.19606282 0.05403282 0.00919813
v 0.15008474 0.03196889 -0.01595953
v 0.15006209 0.02986676 -0.01625694
v 0.15002700 0.03400200 -0.01499669
v 0.24609219 0.06053978 -0.01201735
v 0.24843023 0.06141030 -0.01062701
v 0.24293055 0.05993589 -0.01378805
v 0.22647412 0.05435665 -0.01506018
v 0.22624785 0.05229606 -0.01510909
v 0.22617048 0.05233014 -0.01573962
v 0.14999307 -0.01416405 0.01601179
v 0.14924773 -0.02703740 0.01766217
v 0.14975883 -0.01626154 0.01626625
v 0.23940560 0.06203829 0.01630415
v 0.23956160 0.06086724 0.01633679
v 0.23906393 0.06135547 0.01545226
v 0.14994522 -0.03841095 -0.01518261
v 0.15004166 -0.03976466 -0.01615772
v 0.14990505 -0.04139426 -0.01667775
v 0.18115949 -0.04636076 -0.00775815
v 0.18152807 -0.04585586 -0.00845185
v 0.18083121 -0.04724284 -0.00755593
v 0.14978441 -0.04287418 0.01613469
v 0.14978370 -0.04206075 0.01049875
v 0.14978804 -0.03023421 0.01630879
v 0.14984004 -0.03146331 0.01031028
v 0.14918653 -0.04391672 0.01757963
v 0.14928215 -0.03516014 0.01780509
v 0.15010033 -0.02828401 0.01611208
v 0.14972457 0.01615076 0.01078018
v 0.14976886 0.02153870 0.01004255
v 0.14981600 0.02699423 0.01195924
v 0.14969200 0.01541663 0.01620030
v 0.14980139 0.02925535 0.01552896
v 0.15006615 0.02712036 0.01011220
v 0.14900307 0.03150765 0.01767915
v 0.14928695 0.02113414 0.01764139
v 0.14990577 -0.05325159 0.01700369
v 0.15010874 -0.05666782 0.00778163
v 0.14996463 -0.04766179 0.01139643
v 0.14986184 -0.04637920 0.01525153
v 0.15001080 -0.05663723 0.01146805
v 0.15014711 -0.05242020 0.00734706
v 0.15006254 -0.05750664 0.01493222
v 0.14988271 -0.04536975 0.01601016
v 0.14989697 -0.06439713 0.01707590
v 0.15002532 -0.06061300 0.01535141
v 0.14979654 -0.06349583 0.01419788
v 0.14977043 -0.06897323 0.00910096
v 0.14966991 -0.07064260 0.01662557
v 0.14979685 -0.06895681 0.00801717
v 0.14977265 -0.07345923 0.00640586
v 0.14967444 -0.06849052 0.00030116
v 0.14979319 -0.07338973 -0.00167666
v 0.14990245 -0.06539330 0.01063844
v 0.14947001 -0.07563758 -0.00076318
v 0.14925604 -0.07557111 -0.00781874
v 0.14989396 -0.06980278 -0.00099041
v 0.14998056 -0.07224586 -0.01045156
v 0.14912123 -0.07107782 0.01860690
v 0.14927209 -0.07223511 0.01639854
v 0.15099413 -0.05238717 0.00620233
v 0.15105135 -0.05653920 0.00646150
v 0.14971403 0.00825996 0.01705428
v 0.15011815 0.00158173 0.00905818
v 0.15004497 0.00884710 0.00857528
v 0.14971311 0.01199979 0.01597052
v 0.14974034 0.00148229 0.01553877
v 0.15067011 0.00602802 0.00669038
v 0.14908734 0.00034854 0.01762902
v 0.14898354 0.01388987 0.01770744
v 0.14988320 -0.01788665 0.01116099
v 0.14966500 -0.02726465 0.01563222
v 0.14978415 -0.02600718 0.01179127
v 0.14975883 -0.01626154 0.01626625
v 0.14924773 -0.02703740 0.01766217
v 0.14996144 -0.01622118 0.01405332
v 0.14999307 -0.01416405 0.01601179
v 0.18428959 0.04691252 0.01601340
v 0.17484274 0.04533957 0.01296019
v 0.18695333 0.04534965 0.01230422
v 0.19408811 0.04670520 0.01474580
v 0.14986725 0.06134967 0.01543538
v 0.14981783 0.04864267 0.01583629
v 0.14985286 0.05828680 0.01257368
v 0.14984877 0.04948332 0.01182135
v 0.14997149 0.05448061 0.00933422
v 0.15016588 0.05020191 0.00969729
v 0.14929707 0.06226259 0.01771498
v 0.14988996 0.06248148 0.01572000
v 0.14993135 0.07091844 0.01694504
v 0.14995517 0.06677895 0.01374044
v 0.15003554 0.06929532 0.01312632
v 0.14995961 0.07473236 0.01466449
v 0.15000388 0.07101599 0.01155858
v 0.14997164 0.07236596 0.00915936
v 0.14972738 0.07659649 0.00617231
v 0.15010670 0.07340673 0.00517466
v 0.15011950 0.07423389 0.00058895
v 0.14933620 0.07346148 0.01764136
v 0.15009097 0.07349967 -0.00481307
v 0.14944771 0.07682191 -0.00858368
v 0.14995744 0.07468749 -0.01176126
v 0.15003139 0.07233826 -0.00940149
v 0.15008415 0.07112889 -0.01221453
v 0.14995569 0.07201788 -0.01645997
v 0.15016497 0.06977119 -0.01415589
v 0.15027681 0.06809141 -0.01486484
v 0.15011753 0.06712229 -0.01745418
v 0.15007707 0.06398098 -0.01543303
v 0.14952305 0.06151711 -0.01880026
v 0.15003319 -0.05078082 -0.01098679
v 0.14993677 -0.05369156 -0.01634431
v 0.14978769 -0.04509735 -0.01755872
v 0.14986756 -0.04518540 -0.01147023
v 0.14992664 -0.05296455 -0.01193918
v 0.14995317 -0.04393212 -0.01619351
v 0.14992774 -0.04306279 -0.01657932
v 0.14990505 -0.04139426 -0.01667775
v 0.14935240 -0.04096210 -0.01845910
v 0.14955549 -0.02579309 -0.01834493
v 0.14986796 -0.02902582 -0.01663513
v 0.14989332 -0.03097662 -0.01512676
v 0.14994522 -0.03841095 -0.01518261
v 0.14985555 -0.02443534 -0.01614226
v 0.14992399 -0.01679893 -0.01732879
v 0.15001709 -0.01875968 -0.01087674
v 0.14987406 -0.02404143 -0.01181083
v 0.14980308 -0.01670531 -0.01216340
v 0.14984956 -0.01579448 -0.01509735
v 0.14992227 -0.01157315 -0.01581609
v 0.15002591 0.00336250 -0.01724135
v 0.14993949 -0.01017660 -0.01445601
v 0.14998136 -0.00092632 -0.01503009
v 0.15001360 -0.00223849 -0.01397568
v 0.15005177 0.00124267 -0.01574478
v 0.14992773 0.00422514 -0.01517747
v 0.15002236 0.00918197 -0.01749818
v 0.15000794 0.00509202 -0.01222132
v 0.14998840 0.01218162 -0.01200775
v 0.14989094 0.01318700 -0.01536892
v 0.14961383 0.01433346 -0.01821166
v 0.14987170 0.01425746 -0.01561333
v 0.14990962 0.02443631 -0.01809383
v 0.14987332 0.01595883 -0.01519225
v 0.14999046 0.02660563 -0.01486270
v 0.15006209 0.02986676 -0.01625694
v 0.15007411 0.03843206 -0.01744768
v 0.15002700 0.03400200 -0.01499669
v 0.15000148 0.04152167 -0.01496351
v 0.15015130 0.04530117 -0.01604903
v 0.15002916 0.05076506 -0.01733063
v 0.14998383 0.04854301 -0.01523214
v 0.14997253 0.04984664 -0.01293222
v 0.15000274 0.05500439 -0.01253896
v 0.14987627 0.05733057 -0.01523130
v 0.15004157 0.05986863 -0.01701888
v 0.14952305 0.06151711 -0.01880026
v 0.14957560 0.04633945 -0.01880539
v 0.14963632 -0.01220317 -0.01830637
v 0.14967163 0.00387823 -0.01832142
v 0.15101051 0.06226359 -0.01603261
v 0.15112806 0.00585799 -0.01097790
v 0.14979832 -0.07047029 -0.01092377
v 0.14955177 -0.07058372 -0.01644814
v 0.14990189 -0.06333881 -0.01688306
v 0.14934431 -0.07272539 -0.01384411
v 0.14982518 -0.06384102 -0.01505395
v 0.14985814 -0.06460447 -0.01157262
v 0.14935081 -0.06833290 -0.01794420
v 0.14998056 -0.07224586 -0.01045156
v 0.15014572 -0.05683738 -0.01695177
v 0.14944170 -0.05804876 -0.01867646
v 0.14977209 0.03995638 0.01691303
v 0.14970227 0.03139934 0.01557188
v 0.14990267 0.04240949 0.01285300
v 0.14977722 0.04617213 0.01560794
v 0.15010656 0.03624304 0.01280688
v 0.14985569 0.03268877 0.01285905
v 0.14900307 0.03150765 0.01767915
v 0.14903214 0.04693537 0.01770494
v 0.14998084 0.03025009 0.01573647
v 0.23090367 0.01463433 0.02028638
v 0.22527249 0.01403555 0.01669259
v 0.23192313 0.01246746 0.01508136
v 0.23221557 0.01467630 0.01987428
v 0.23385084 0.01367850 0.01701281
v 0.16565508 0.04883310 -0.01053847
v 0.18417028 0.04917459 -0.01149632
v 0.16628223 0.04895799 -0.01227465
v 0.15600058 0.04927482 -0.01129703
v 0.24084031 -0.06464455 -0.00264102
v 0.23871367 -0.06338003 0.00198407
v 0.23738321 -0.06356257 -0.00115275
v 0.24674370 0.06438137 0.01169996
v 0.24791738 0.06233170 0.00269598
v 0.24688502 0.06541600 0.01015712
v 0.24580340 0.06634274 0.01657327
v 0.23098324 0.06248483 0.01514671
v 0.22926138 0.06504945 0.01235360
v 0.23058538 0.06279261 0.01191038
v 0.24194088 0.06797661 0.02165925
v 0.24319934 0.06788378 0.01885610
v 0.24237150 0.07017346 0.01995502
v 0.23627694 0.06896240 -0.01756960
v 0.23434680 0.07122961 -0.01807980
v 0.23629307 0.07144330 -0.01644061
v 0.23667884 0.06956708 -0.01658754
v 0.23378610 0.06947735 -0.01807382
v 0.23378508 0.07015541 -0.01820984
v 0.23721024 0.06834500 -0.01873138
v 0.23811115 0.07102482 -0.01716763
v 0.23222692 0.06976276 -0.01845268
v 0.23573138 0.06700833 -0.02033747
v 0.23067335 0.06944985 -0.01891056
v 0.24093198 0.06717655 -0.01982042
v 0.22937866 0.06673606 -0.02001365
v 0.22719083 0.06870513 -0.01886052
v 0.23827850 0.06632741 -0.02034491
v 0.24059500 0.07234364 -0.01723854
v 0.24229834 0.07174278 -0.01779296
v 0.24285668 0.07242200 -0.01696355
v 0.24068718 0.06595384 -0.02007584
v 0.22720493 0.06688818 -0.01932085
v 0.22539714 0.06844428 -0.01832279
v 0.22481470 0.07138744 -0.01863648
v 0.23191315 0.07226267 -0.01879108
v 0.23461907 0.07386492 -0.01811342
v 0.22079738 0.07189366 -0.01783671
v 0.21570509 0.07003447 -0.01770732
v 0.20975054 0.07108119 -0.01639091
v 0.23686039 0.07228221 -0.01804610
v 0.23914304 0.07297073 -0.01779641
v 0.23839385 0.07624797 -0.01602990
v 0.23983549 0.06522136 -0.01998698
v 0.24144627 0.06057233 -0.02039243
v 0.21906668 0.06635390 0.01986699
v 0.22968599 0.06645552 0.02100029
v 0.22303485 0.06696408 0.02023967
v 0.24710821 0.03857123 0.00675035
v 0.24720600 0.03865351 0.01112069
v 0.24691251 0.03744642 0.00522105
v 0.23629307 0.07144330 -0.01644061
v 0.23434680 0.07122961 -0.01807980
v 0.23686039 0.07228221 -0.01804610
v 0.23811115 0.07102482 -0.01716763
v 0.22847373 -0.06208356 0.02485833
v 0.22963190 -0.06244647 0.02288208
v 0.23031348 -0.06066109 0.02213342
v 0.15004157 0.05986863 -0.01701888
v 0.15101051 0.06226359 -0.01603261
v 0.15175222 0.06000412 -0.01653092
v 0.21134961 -0.07888103 0.00658832
v 0.20679283 -0.07879484 0.00633894
v 0.21545719 -0.07898189 0.00611974
v 0.19595074 0.06441327 0.01657525
v 0.19903518 0.06371556 0.01710327
v 0.20023367 0.06456563 0.01732875
v 0.23712805 0.06599473 0.02191770
v 0.24194088 0.06797661 0.02165925
v 0.23956846 0.06755818 0.02179679
v 0.23774000 0.04054745 -0.01365427
v 0.23704903 0.04025734 -0.01437391
v 0.23906972 0.04018940 -0.01349485
v 0.21121295 0.04133455 -0.01854576
v 0.19551441 0.04589808 -0.01771650
v 0.20699809 0.04575232 -0.01790488
v 0.20368250 0.03881211 -0.01822598
v 0.21195686 0.04734695 -0.01763404
v 0.22076875 0.04329270 -0.01795630
v 0.19053790 0.04388562 -0.01739783
v 0.20732035 0.04956623 -0.01668922
v 0.19267457 0.03773128 -0.01737823
v 0.21411529 0.03651088 -0.01999614
v 0.18237580 0.04578040 -0.01691591
v 0.18650285 0.04733049 -0.01690314
v 0.18606300 0.04312738 -0.01667699
v 0.21523924 0.05279116 -0.01701376
v 0.22480866 0.04576589 -0.01765077
v 0.17015136 0.04671193 -0.01640785
v 0.18024821 0.04815619 -0.01634086
v 0.17081599 0.04396931 -0.01628416
v 0.15394336 0.04846947 -0.01610189
v 0.18989716 0.03837930 -0.01676555
v 0.16266575 0.04404337 -0.01639455
v 0.17011204 0.04856583 -0.01542709
v 0.16628223 0.04895799 -0.01227465
v 0.15600058 0.04927482 -0.01129703
v 0.14998383 0.04854301 -0.01523214
v 0.15015130 0.04530117 -0.01604903
v 0.15313147 0.04974450 -0.01157369
v 0.17041461 0.04219434 -0.01489623
v 0.15115305 0.04263247 -0.01513579
v 0.22020493 0.05098028 -0.01727839
v 0.19775517 0.03698315 -0.01796465
v 0.15258773 0.04422510 -0.01613356
v 0.20450700 0.04729977 -0.01726479
v 0.18417028 0.04917459 -0.01149632
v 0.15374937 0.05022344 -0.01060484
v 0.15111867 0.04990397 -0.01215990
v 0.15063718 0.05229746 -0.01172952
v 0.15400872 0.04692112 -0.01646003
v 0.22576847 0.03948078 -0.01970066
v 0.22940287 0.04245092 -0.01935950
v 0.22711294 0.04744533 -0.01692363
v 0.23203011 0.04395083 -0.01886832
v 0.23610329 0.04767682 -0.01595289
v 0.23043762 0.04958213 -0.01534256
v 0.22617048 0.05233014 -0.01573962
v 0.23533511 0.04986950 -0.01476257
v 0.23538358 0.05256718 -0.01422626
v 0.22795338 0.05497367 -0.01498783
v 0.23972220 0.05073660 -0.01341796
v 0.23618896 0.04277231 -0.02059732
v 0.23401461 0.04071159 -0.02084747
v 0.21047321 0.05362726 -0.01650476
v 0.21373487 0.05514164 -0.01782544
v 0.18093885 0.04295255 -0.01605889
v 0.18664438 0.04883135 -0.01410835
v 0.15305308 0.05431769 -0.01110885
v 0.15000148 0.04152167 -0.01496351
v 0.17637219 0.04081082 -0.01442421
v 0.16673478 0.03514618 -0.01431843
v 0.17767318 0.03495076 -0.01462660
v 0.16944168 0.03417680 -0.01477790
v 0.17172275 0.03317538 -0.01610100
v 0.18295735 0.03256973 -0.01705033
v 0.18378815 0.03519651 -0.01539984
v 0.18927512 0.03158242 -0.01884931
v 0.18202783 0.03039400 -0.01776407
v 0.18790886 0.02969330 -0.01910069
v 0.15766182 0.03441299 -0.01466800
v 0.18315257 0.02871518 -0.01776409
v 0.17544610 0.03208228 -0.01660400
v 0.19510734 0.03197275 -0.01963774
v 0.20596729 0.02968062 -0.02056319
v 0.21040780 0.03014730 -0.02078750
v 0.22355897 0.02885108 -0.02110268
v 0.22738216 0.02949070 -0.02159280
v 0.14997253 0.04984664 -0.01293222
v 0.20824446 0.05450922 -0.01606316
v 0.23934214 0.05255988 -0.01303564
v 0.23847316 0.04831531 -0.01490158
v 0.19362105 0.04960400 -0.01423105
v 0.20190745 0.04920649 -0.01523577
v 0.20155892 0.05259279 -0.01403497
v 0.19552208 0.05458317 -0.01396081
v 0.20190879 0.05505976 -0.01405857
v 0.20490203 0.05260221 -0.01458213
v 0.19019582 0.05287168 -0.01336452
v 0.18986106 0.05011632 -0.01351076
v 0.18921619 0.05254950 -0.01229828
v 0.18922044 0.05556261 -0.01361311
v 0.15313571 0.03270381 -0.01614924
v 0.18375300 0.04026274 -0.01528322
v 0.20510868 0.03489608 -0.01943999
v 0.20821190 0.05545675 -0.01576440
v 0.22556147 0.03603376 -0.02065443
v 0.23320135 0.03619580 -0.02131768
v 0.17393189 0.02996973 -0.01647113
v 0.18867821 0.04969216 -0.01318640
v 0.21838116 0.05308732 -0.01706575
v 0.22437318 0.05432261 -0.01603850
v 0.23596082 0.05512591 -0.01436333
v 0.19181448 0.03504733 -0.01778681
v 0.23963462 0.05501897 -0.01346944
v 0.20566777 0.05544911 -0.01497330
v 0.20588660 0.05115147 -0.01570559
v 0.15253353 0.03379124 -0.01478255
v 0.21845926 0.05509581 -0.01775685
v 0.15002700 0.03400200 -0.01499669
v 0.15000274 0.05500439 -0.01253896
v 0.24071409 0.04901349 -0.01443503
v 0.24220743 0.04762249 -0.01469904
v 0.17881942 0.04164628 -0.01489547
v 0.15008474 0.03196889 -0.01595953
v 0.15237543 0.03062744 -0.01683837
v 0.15006209 0.02986676 -0.01625694
v 0.22109358 0.05514089 -0.01699175
v 0.15456326 0.03151953 -0.01654048
v 0.15512542 0.03016125 -0.01650986
v 0.16914552 0.02855266 -0.01605704
v 0.15311042 0.02830736 -0.01609443
v 0.22647412 0.05435665 -0.01506018
v 0.22488909 0.05545590 -0.01531777
v 0.18851768 0.04974068 -0.01145330
v 0.21040780 0.03014730 -0.02078750
v 0.20510868 0.03489608 -0.01943999
v 0.21411529 0.03651088 -0.01999614
v 0.22738216 0.02949070 -0.02159280
v 0.22556147 0.03603376 -0.02065443
v 0.23320135 0.03619580 -0.02131768
v 0.23365408 0.02978423 -0.02177586
v 0.23460709 0.03151601 -0.02177060
v 0.23912095 0.02901871 -0.02103172
v 0.19510734 0.03197275 -0.01963774
v 0.19775517 0.03698315 -0.01796465
v 0.20510868 0.03489608 -0.01943999
v 0.19181448 0.03504733 -0.01778681
v 0.18378815 0.03519651 -0.01539984
v 0.18989716 0.03837930 -0.01676555
v 0.19181448 0.03504733 -0.01778681
v 0.18375300 0.04026274 -0.01528322
v 0.15015130 0.04530117 -0.01604903
v 0.15400872 0.04692112 -0.01646003
v 0.15258773 0.04422510 -0.01613356
v 0.15115305 0.04263247 -0.01513579
v 0.15000148 0.04152167 -0.01496351
v 0.15512542 0.03016125 -0.01650986
v 0.15237543 0.03062744 -0.01683837
v 0.15456326 0.03151953 -0.01654048
v 0.15311042 0.02830736 -0.01609443
v 0.20490203 0.05260221 -0.01458213
v 0.20566777 0.05544911 -0.01497330
v 0.20824446 0.05450922 -0.01606316
v 0.20588660 0.05115147 -0.01570559
v 0.22647412 0.05435665 -0.01506018
v 0.22488909 0.05545590 -0.01531777
v 0.22795338 0.05497367 -0.01498783
v 0.22624785 0.05229606 -0.01510909
v 0.20339645 -0.03155505 0.01639951
v 0.21144232 -0.03484130 0.01733203
v 0.21204130 -0.03036260 0.01703849
v 0.20125836 -0.02758534 0.01668092
v 0.20425849 -0.01874711 0.01619656
v 0.20347129 -0.03729340 0.01653039
v 0.21758598 -0.02314110 0.01731362
v 0.21287416 -0.01735670 0.01631983
v 0.21974547 -0.01732805 0.01657850
v 0.21686326 -0.01357891 0.01696266
v 0.19827534 -0.01799046 0.01637077
v 0.19532610 -0.02338384 0.01645034
v 0.19528360 -0.02735235 0.01631823
v 0.19205632 -0.02499575 0.01637586
v 0.19321835 -0.02337118 0.01563869
v 0.18462636 -0.02765016 0.01667824
v 0.18816698 -0.03020270 0.01448684
v 0.21595086 -0.03311906 0.01723573
v 0.20960831 -0.03994585 0.01780824
v 0.21145569 -0.03844083 0.01808261
v 0.19522499 -0.01929203 0.01614706
v 0.19303637 -0.01468023 0.01639964
v 0.19328077 -0.03136850 0.01441013
v 0.20383987 -0.04167161 0.01714116
v 0.19343328 -0.01729014 0.01575762
v 0.21973084 -0.02819476 0.01782738
v 0.19075396 -0.01595205 0.01567954
v 0.21113985 -0.04156501 0.01783238
v 0.21562305 -0.03800380 0.01868187
v 0.22390529 -0.03187352 0.01703784
v 0.18471572 -0.02512105 0.01630067
v 0.17221997 -0.02696356 0.01610549
v 0.17920077 -0.02807560 0.01627426
v 0.17260160 -0.02860502 0.01583433
v 0.16260459 -0.02892541 0.01583085
v 0.17133463 -0.02570123 0.01546406
v 0.15885321 -0.02786433 0.01576341
v 0.19792935 -0.04114821 0.01645504
v 0.19709051 -0.03621508 0.01494273
v 0.19457845 -0.03813517 0.01525956
v 0.18682520 -0.04127627 0.01707942
v 0.18425706 -0.04057641 0.01677703
v 0.18626366 -0.04250154 0.01691116
v 0.22036583 -0.02290103 0.01742897
v 0.17977416 -0.01482941 0.01561058
v 0.17586691 -0.01273027 0.01611257
v 0.19024236 -0.01310728 0.01631753
v 0.18767965 -0.01208664 0.01583390
v 0.19298608 -0.01207180 0.01567358
v 0.20023059 -0.01236817 0.01625534
v 0.16945950 -0.01182417 0.01581948
v 0.15823205 -0.01198550 0.01576103
v 0.15013470 -0.01270689 0.01612025
v 0.21119492 -0.04356847 0.01697880
v 0.20204417 -0.04479455 0.01587089
v 0.21129009 -0.04611390 0.01683195
v 0.20443311 -0.04685915 0.01608526
v 0.16354051 -0.01394830 0.01574002
v 0.21939053 -0.04623764 0.01750585
v 0.21833890 -0.04403854 0.01741404
v 0.16937355 -0.04297799 0.01639510
v 0.19447108 -0.04535729 0.01452969
v 0.19665930 -0.04940267 0.01475847
v 0.20553743 -0.05116887 0.01655664
v 0.19688792 -0.05307896 0.01540670
v 0.20817846 -0.05608542 0.01814291
v 0.20093823 -0.05699528 0.01780555
v 0.19400342 -0.05502934 0.01608193
v 0.18758920 -0.05329681 0.01511772
v 0.18377371 -0.04890779 0.01351024
v 0.18209243 -0.04680480 0.01342826
v 0.17229575 -0.04922235 0.01239827
v 0.17828622 -0.05216430 0.01392267
v 0.16500503 -0.05187532 0.01212415
v 0.16434326 -0.04851021 0.01192491
v 0.16326808 -0.04721427 0.01243682
v 0.17026843 -0.05313655 0.01356059
v 0.16313340 -0.05354382 0.01215989
v 0.16200713 -0.04966535 0.01106289
v 0.16003521 -0.05335781 0.01121789
v 0.17195706 -0.04764632 0.01251077
v 0.19751067 -0.04278239 0.01617687
v 0.19045086 -0.05129690 0.01447843
v 0.21280567 -0.05059364 0.01758795
v 0.22561860 -0.04620378 0.01834359
v 0.22142791 -0.04388641 0.01797137
v 0.19389651 -0.02170862 0.01509375
v 0.18843508 -0.03738528 0.01446083
v 0.22224998 -0.04128823 0.01979069
v 0.22677209 -0.04234687 0.02091919
v 0.22375672 -0.04029718 0.02003378
v 0.23022544 -0.04170593 0.02114807
v 0.22773535 -0.03757514 0.01795621
v 0.22124149 -0.03667752 0.01799320
v 0.23375099 -0.04025944 0.01974004
v 0.23772363 -0.04378046 0.02443316
v 0.23265755 -0.04357779 0.02305725
v 0.24025193 -0.04074923 0.01982441
v 0.23756690 -0.04453210 0.02470239
v 0.23355603 -0.04488968 0.02331494
v 0.23955890 -0.04394526 0.02430499
v 0.23947665 -0.04695167 0.02221891
v 0.23575214 -0.03749067 0.01796180
v 0.23438092 -0.04743330 0.02134971
v 0.24051672 -0.04159124 0.02055471
v 0.22500577 -0.01916289 0.01692718
v 0.22517071 -0.02230832 0.01796169
v 0.22664399 -0.02455254 0.01931872
v 0.22710714 -0.01950213 0.01675000
v 0.22961978 -0.02073774 0.01696738
v 0.23154269 -0.02165618 0.01822729
v 0.22515119 -0.01368467 0.01599457
v 0.22431804 -0.02749922 0.01953064
v 0.20048447 -0.01418861 0.01649482
v 0.14999307 -0.01416405 0.01601179
v 0.17768839 -0.04385560 0.01632798
v 0.16342478 -0.04137294 0.01530569
v 0.17836589 -0.03987226 0.01539933
v 0.15691608 -0.04290773 0.01567360
v 0.15525029 -0.04402992 0.01594863
v 0.14978441 -0.04287418 0.01613469
v 0.14988271 -0.04536975 0.01601016
v 0.18476036 -0.03390586 0.01342180
v 0.22963189 -0.03579259 0.01752167
v 0.23415512 -0.03368350 0.01766319
v 0.22952786 -0.03274265 0.01734953
v 0.24262265 -0.03397923 0.01747419
v 0.24169166 -0.03586654 0.01743947
v 0.23483176 -0.03197416 0.01807847
v 0.22087086 -0.01163364 0.01634097
v 0.24161371 -0.03231244 0.01825797
v 0.24509091 -0.03190577 0.01803728
v 0.15010033 -0.02828401 0.01611208
v 0.15073510 -0.02961718 0.01592103
v 0.14978804 -0.03023421 0.01630879
v 0.22951493 -0.03097396 0.01814421
v 0.22594780 -0.05213883 0.01892734
v 0.23010647 -0.05210107 0.01999728
v 0.23020478 -0.04811206 0.01997194
v 0.23309771 -0.05529054 0.02086047
v 0.23625664 -0.05511322 0.02129847
v 0.23541462 -0.05968652 0.02185911
v 0.23195698 -0.06137710 0.02209174
v 0.23624837 -0.06362978 0.02230265
v 0.23371501 -0.06713344 0.02192455
v 0.23696198 -0.06749469 0.02191173
v 0.23055030 -0.06310378 0.02170807
v 0.23880014 -0.06772645 0.01997256
v 0.22844877 -0.06653624 0.01963040
v 0.22729294 -0.06358339 0.02051670
v 0.22553332 -0.06611405 0.01875595
v 0.22950363 -0.06932456 0.01888527
v 0.22511400 -0.07034911 0.01830866
v 0.22857364 -0.07098038 0.01884151
v 0.22392873 -0.07438974 0.01987153
v 0.23200998 -0.07665828 0.02045049
v 0.23195767 -0.07421686 0.01982631
v 0.22548894 -0.07620261 0.02005513
v 0.21744961 -0.07404465 0.01970189
v 0.23062347 -0.07785587 0.02022163
v 0.21876839 -0.07175001 0.01921317
v 0.23186935 -0.06848440 0.01965537
v 0.22907611 -0.05805179 0.02093582
v 0.21992276 -0.06234656 0.02041254
v 0.21631663 -0.06285001 0.01946423
v 0.21211392 -0.06082598 0.02013140
v 0.21581246 -0.06520399 0.01877707
v 0.21169660 -0.06117991 0.01902889
v 0.20741386 -0.06545637 0.01779470
v 0.20356307 -0.06122289 0.01807608
v 0.19995929 -0.06488288 0.01728496
v 0.19119238 -0.06143185 0.01798986
v 0.18655707 -0.06171270 0.01766189
v 0.18734381 -0.06332768 0.01762242
v 0.17675917 -0.06107260 0.01646011
v 0.17988465 -0.05821793 0.01827211
v 0.18060393 -0.06512487 0.01710264
v 0.18689843 -0.06668671 0.01790338
v 0.19218948 -0.06840586 0.01814315
v 0.18194964 -0.06606849 0.01697160
v 0.17576604 -0.06425868 0.01604416
v 0.19826004 -0.06611301 0.01736532
v 0.23413277 -0.07873215 0.01946153
v 0.23120473 -0.07206839 0.01904984
v 0.23744274 -0.05481434 0.02094159
v 0.22094502 -0.06890229 0.01846078
v 0.22179362 -0.05374156 0.01910751
v 0.22253885 -0.05836515 0.02107099
v 0.18135000 -0.03779620 0.01360739
v 0.23267466 -0.07107018 0.01772715
v 0.23393165 -0.06942077 0.01797202
v 0.21449385 -0.05567594 0.01930163
v 0.19751898 -0.03141533 0.01505662
v 0.21536814 -0.04016213 0.01919767
v 0.22526898 -0.03537713 0.01726202
v 0.20712854 -0.07037125 0.01877045
v 0.19688176 -0.07022927 0.01833317
v 0.20527934 -0.07185943 0.01865742
v 0.21109504 -0.07244933 0.01904992
v 0.23267021 -0.02386261 0.02037510
v 0.23620395 -0.02165931 0.02091187
v 0.23528647 -0.02423177 0.02142160
v 0.23071001 -0.02631818 0.02126879
v 0.17538743 -0.03799110 0.01228724
v 0.17450288 -0.03200057 0.01201218
v 0.17202017 -0.03811317 0.01157749
v 0.16739301 -0.03882172 0.01041878
v 0.16598106 -0.03275667 0.01042941
v 0.16987605 -0.03150007 0.01138450
v 0.16595265 -0.03108934 0.01121949
v 0.16201321 -0.03226307 0.01016562
v 0.16157727 -0.03933113 0.00958296
v 0.16252415 -0.04050487 0.01034968
v 0.15731111 -0.04080696 0.00968513
v 0.15124785 -0.04096512 0.00963381
v 0.15055682 -0.03323353 0.00991552
v 0.18426349 -0.03159792 0.01346184
v 0.22330935 -0.02947735 0.01804390
v 0.15917307 -0.05162470 0.01067348
v 0.15686550 -0.05001947 0.00986601
v 0.15448291 -0.04835475 0.01012413
v 0.14978370 -0.04206075 0.01049875
v 0.17742039 -0.03020104 0.01313947
v 0.21442548 -0.01198361 0.01676674
v 0.22300074 -0.00967011 0.01543479
v 0.22552677 -0.01128125 0.01473634
v 0.22726777 -0.02717504 0.02028316
v 0.21389181 -0.06788635 0.01887922
v 0.24114767 -0.03883271 0.01829596
v 0.24508731 -0.04361745 0.01971585
v 0.24457915 -0.03943490 0.01723271
v 0.23013942 -0.04357855 0.02215786
v 0.22390529 -0.03187352 0.01703784
v 0.22526898 -0.03537713 0.01726202
v 0.22952786 -0.03274265 0.01734953
v 0.22951493 -0.03097396 0.01814421
v 0.22330935 -0.02947735 0.01804390
v 0.20023059 -0.01236817 0.01625534
v 0.20048447 -0.01418861 0.01649482
v 0.21686326 -0.01357891 0.01696266
v 0.21442548 -0.01198361 0.01676674
v 0.19328077 -0.03136850 0.01441013
v 0.19709051 -0.03621508 0.01494273
v 0.19751898 -0.03141533 0.01505662
v 0.18476036 -0.03390586 0.01342180
v 0.18426349 -0.03159792 0.01346184
v 0.14984004 -0.03146331 0.01031028
v 0.15055682 -0.03323353 0.00991552
v 0.16201321 -0.03226307 0.01016562
v 0.14978370 -0.04206075 0.01049875
v 0.21562305 -0.03800380 0.01868187
v 0.21536814 -0.04016213 0.01919767
v 0.22375672 -0.04029718 0.02003378
v 0.22124149 -0.03667752 0.01799320
v 0.22526898 -0.03537713 0.01726202
v 0.16937355 -0.04297799 0.01639510
v 0.16297258 -0.04522211 0.01576678
v 0.17768839 -0.04385560 0.01632798
v 0.15525029 -0.04402992 0.01594863
v 0.14988271 -0.04536975 0.01601016
v 0.22431804 -0.02749922 0.01953064
v 0.22852153 -0.02794411 0.02057824
v 0.22726777 -0.02717504 0.02028316
v 0.22330935 -0.02947735 0.01804390
v 0.23071001 -0.02631818 0.02126879
v 0.23447655 -0.02816510 0.02262409
v 0.23326761 -0.02928727 0.02166518
v 0.23528647 -0.02423177 0.02142160
v 0.23679472 -0.02950298 0.02329341
v 0.23599983 -0.02711153 0.02195894
v 0.23617510 -0.04850538 0.02138285
v 0.23020478 -0.04811206 0.01997194
v 0.23625664 -0.05511322 0.02129847
v 0.23438092 -0.04743330 0.02134971
v 0.23013942 -0.04357855 0.02215786
v 0.23947665 -0.04695167 0.02221891
v 0.23744274 -0.05481434 0.02094159
v 0.23956373 -0.05282299 0.02140444
v 0.23957692 -0.04881163 0.02159052
v 0.17828622 -0.05216430 0.01392267
v 0.18758920 -0.05329681 0.01511772
v 0.19045086 -0.05129690 0.01447843
v 0.21389181 -0.06788635 0.01887922
v 0.21109504 -0.07244933 0.01904992
v 0.21744961 -0.07404465 0.01970189
v 0.16559975 -0.06060226 0.01561831
v 0.17576604 -0.06425868 0.01604416
v 0.17675917 -0.06107260 0.01646011
v 0.17218950 -0.05822958 0.01702716
v 0.16277014 -0.06271536 0.01476858
v 0.17988465 -0.05821793 0.01827211
v 0.15421038 -0.05955242 0.01556652
v 0.15099124 -0.06271895 0.01460042
v 0.15002532 -0.06061300 0.01535141
v 0.14979654 -0.06349583 0.01419788
v 0.15006254 -0.05750664 0.01493222
v 0.16191406 -0.05848344 0.01603672
v 0.17988465 -0.05821793 0.01827211
v 0.18655707 -0.06171270 0.01766189
v 0.18890033 -0.05867019 0.01988963
v 0.19119238 -0.06143185 0.01798986
v 0.23948577 0.01102649 -0.00263228
v 0.23918141 0.00981488 -0.00473417
v 0.23780492 0.01179411 -0.00600524
v 0.24201535 0.01011824 0.00112018
v 0.23909597 0.01851532 -0.00281929
v 0.23790699 0.00997732 -0.00823368
v 0.24102606 0.01129011 0.00109500
v 0.24165913 0.00853059 -0.01046389
v 0.23816162 0.00995857 -0.00983390
v 0.24541604 0.00769598 -0.00574892
v 0.23690861 0.01408531 -0.00909077
v 0.23922869 0.01045393 -0.01251249
v 0.24171692 0.00921122 -0.01308783
v 0.24131973 0.01606991 0.00360014
v 0.24287421 0.01377110 0.00864759
v 0.24327506 0.01529937 0.01218763
v 0.24299954 0.01896430 0.01204407
v 0.24236099 0.01552875 0.01347780
v 0.24239769 0.02122050 0.01314116
v 0.24221279 0.02255160 0.01244420
v 0.24078423 0.02454636 0.00837270
v 0.24114689 0.02515988 0.01060624
v 0.24115781 0.02179027 0.00442221
v 0.24071474 0.02025319 0.00160894
v 0.24186004 0.01817239 0.00501762
v 0.24121229 0.02421491 0.00615189
v 0.24179607 0.02322417 0.00391705
v 0.24437706 0.01361048 0.01235751
v 0.23921379 0.01983983 -0.00441928
v 0.24115250 0.02706498 0.01296610
v 0.24287842 0.01103720 0.00586348
v 0.24703012 0.00876834 0.00539590
v 0.24690658 0.01000716 0.01015116
v 0.24691321 0.00829264 0.00532776
v 0.24685199 0.01025085 0.01197903
v 0.24515164 0.00654654 0.00234554
v 0.24722066 0.00817057 0.00141947
v 0.24690164 0.00669314 -0.00779988
v 0.24647444 0.00685622 -0.01304455
v 0.24495187 0.00782694 -0.01252391
v 0.23774101 0.01998672 -0.00819588
v 0.23662200 0.01651520 -0.01234449
v 0.23701641 0.01549797 -0.01215167
v 0.23652045 0.01602883 -0.01651603
v 0.23557181 0.01655129 -0.01378285
v 0.23505803 0.01716941 -0.01584741
v 0.23493069 0.01693899 -0.01664316
v 0.23472989 0.01789808 -0.01671240
v 0.23419591 0.01722359 -0.01777249
v 0.23385707 0.01944837 -0.01777030
v 0.23347717 0.01778461 -0.01951040
v 0.23383554 0.01546413 -0.02103612
v 0.23544470 0.01569448 -0.01960918
v 0.24014168 0.01376058 -0.02064533
v 0.23993616 0.01468909 -0.01823448
v 0.24095728 0.01265293 -0.01599366
v 0.23518532 0.02183876 -0.01633836
v 0.23571846 0.02086810 -0.01530511
v 0.23580006 0.02019741 -0.01366861
v 0.23536122 0.01886032 -0.01220499
v 0.23931606 0.01455118 -0.01551376
v 0.23526159 0.01703878 -0.01246410
v 0.24427826 0.01150976 0.00869087
v 0.23806068 0.01225227 -0.01154622
v 0.23996489 0.01133362 -0.01367386
v 0.24437706 0.01361048 0.01235751
v 0.24690658 0.01000716 0.01015116
v 0.24427826 0.01150976 0.00869087
v 0.24685199 0.01025085 0.01197903
v 0.24511988 0.01187280 0.01365388
v 0.24378109 0.01190928 0.01458839
v 0.24089670 0.01386609 0.01431694
v 0.24151966 0.01140954 0.01772793
v 0.24495187 0.00782694 -0.01252391
v 0.24647444 0.00685622 -0.01304455
v 0.24171692 0.00921122 -0.01308783
v 0.24426508 0.00617916 -0.01354792
v 0.23806068 0.01225227 -0.01154622
v 0.23922869 0.01045393 -0.01251249
v 0.23996489 0.01133362 -0.01367386
v 0.24115781 0.02179027 0.00442221
v 0.24186004 0.01817239 0.00501762
v 0.24071474 0.02025319 0.00160894
v 0.24179607 0.02322417 0.00391705
v 0.23774101 0.01998672 -0.00819588
v 0.23662200 0.01651520 -0.01234449
v 0.23661213 0.01881850 -0.01237083
v 0.24168641 -0.00647853 0.00244823
v 0.24094091 -0.00715496 -0.00234151
v 0.24123061 -0.00601021 -0.00007029
v 0.24149608 -0.00564464 -0.00464994
v 0.23735590 -0.00329356 -0.00364792
v 0.23794532 -0.00309265 -0.00750108
v 0.24233170 -0.00611730 -0.00950527
v 0.23870359 -0.00261305 0.00086322
v 0.24013600 -0.00849372 -0.00049445
v 0.24209695 -0.00779548 0.00767966
v 0.24049854 -0.01101865 0.01145654
v 0.24294460 -0.00541384 0.00925794
v 0.24312252 -0.00642891 0.01302639
v 0.24518635 -0.00361358 0.01121194
v 0.24319669 -0.00253342 0.00771539
v 0.24613349 -0.00061180 0.00786716
v 0.24668157 -0.00223516 0.01263709
v 0.24611337 0.00028639 0.00732513
v 0.24596430 0.00148507 0.00326965
v 0.24582339 0.00380118 0.00068396
v 0.24192479 -0.00885190 0.01272642
v 0.24045221 -0.00887982 -0.00706093
v 0.24025759 -0.00413120 -0.01075934
v 0.23709024 -0.00106579 -0.00721603
v 0.23809494 -0.00040739 -0.01153366
v 0.23826504 0.00186734 -0.01235963
v 0.23700464 0.00075735 -0.00438735
v 0.23918582 -0.01032050 -0.00367809
v 0.23770989 -0.01184709 0.00412267
v 0.23776353 -0.01292644 0.00708972
v 0.23893259 -0.01202154 0.01015409
v 0.23750452 -0.01357226 0.00373310
v 0.23833409 -0.01507319 0.00695881
v 0.23815861 0.00030041 -0.01481233
v 0.23785779 0.00338154 -0.01454816
v 0.23906499 0.00333768 -0.01245422
v 0.23930657 0.00460207 -0.01268111
v 0.23673976 0.00247712 -0.02038817
v 0.23803773 -0.00059515 -0.02045206
v 0.24165175 -0.00195515 0.00531018
v 0.23590080 0.00122081 -0.02193526
v 0.24356498 -0.00488359 0.01238403
v 0.24147109 -0.00374704 0.00514788
v 0.23789609 -0.00324055 -0.00109748
v 0.24207381 -0.00050388 0.00450095
v 0.23614418 -0.01335104 0.00181879
v 0.24082051 0.00436035 -0.01211757
v 0.24082067 0.00384695 -0.00771865
v 0.24565265 0.00259668 0.00122494
v 0.24488719 0.00390716 -0.00132180
v 0.24615056 0.00537757 -0.00205660
v 0.24496186 0.00494593 -0.00541141
v 0.23990569 0.00303307 -0.00201298
v 0.24574060 0.00591404 -0.01288031
v 0.24053258 -0.00932982 0.01594705
v 0.23654323 -0.01169589 0.00063221
v 0.24168020 -0.00686231 0.01706137
v 0.23976088 -0.00178372 -0.01571682
v 0.23986501 -0.01019087 -0.00643442
v 0.23960199 -0.01309836 -0.00486140
v 0.24052168 -0.01298180 -0.00676490
v 0.23809984 -0.01309529 -0.00288077
v 0.24229646 -0.00560149 -0.01360259
v 0.24221188 -0.00540921 -0.01680767
v 0.24085734 -0.00324051 -0.02004269
v 0.23992692 -0.00735413 0.01912289
v 0.24019585 -0.00603156 0.01968699
v 0.24289549 -0.00562162 0.01333975
v 0.24690164 0.00669314 -0.00779988
v 0.24722066 0.00817057 0.00141947
v 0.24515164 0.00654654 0.00234554
v 0.24703012 0.00876834 0.00539590
v 0.24647444 0.00685622 -0.01304455
v 0.24110860 -0.00501260 -0.01903338
v 0.23685199 -0.01243174 -0.00098094
v 0.23755488 -0.01395932 -0.00045899
v 0.24426508 0.00617916 -0.01354792
v 0.24165175 -0.00195515 0.00531018
v 0.24147109 -0.00374704 0.00514788
v 0.23870359 -0.00261305 0.00086322
v 0.23926340 0.00159603 0.00088010
v 0.23749114 -0.00033363 -0.00136787
v 0.23794292 0.00167260 -0.00172420
v 0.23700464 0.00075735 -0.00438735
v 0.23735590 -0.00329356 -0.00364792
v 0.23802002 0.00250126 -0.00507756
v 0.23826504 0.00186734 -0.01235963
v 0.23906499 0.00333768 -0.01245422
v 0.23789609 -0.00324055 -0.00109748
v 0.23990569 0.00303307 -0.00201298
v 0.24207381 -0.00050388 0.00450095
v 0.24596430 0.00148507 0.00326965
v 0.24565265 0.00259668 0.00122494
v 0.24082067 0.00384695 -0.00771865
v 0.24488719 0.00390716 -0.00132180
v 0.24496186 0.00494593 -0.00541141
v 0.24574060 0.00591404 -0.01288031
v 0.24515164 0.00654654 0.00234554
v 0.24489321 0.00443636 0.00162503
v 0.24615056 0.00537757 -0.00205660
v 0.24313970 0.00425568 0.00397952
v 0.24299422 0.00636725 0.00514360
v 0.24183890 0.00534947 0.00814589
v 0.24166445 0.00336773 0.00970406
v 0.24112692 0.00579728 0.00972519
v 0.24092257 0.07981944 -0.00720107
v 0.24155617 0.07994213 -0.00930973
v 0.24395395 0.08080233 -0.00777946
v 0.24347894 0.08011057 -0.01223997
v 0.24203703 0.08069397 -0.00706328
v 0.24203703 0.08069397 -0.00706328
v 0.24367057 0.08135470 -0.01044206
v 0.24175999 0.08061099 -0.00998106
v 0.24092257 0.07981944 -0.00720107
v 0.24347894 0.08011057 -0.01223997
v 0.24395395 0.08080233 -0.00777946
v 0.24367057 0.08135470 -0.01044206
v 0.24395395 0.08080233 -0.00777946
v 0.24347894 0.08011057 -0.01223997
v 0.24092257 0.07981944 -0.00720107
v 0.24175999 0.08061099 -0.00998106
v 0.24155617 0.07994213 -0.00930973
v 0.24347894 0.08011057 -0.01223997
vt 0.00000000 0.00000000
vt 0.00000000 0.00000000
vt 0.00000000 0.00000000
vt 0.81784576 0.28046674
vt 0.80962896 0.28305960
vt 0.81846291 0.28305960
vt 0.40415195 0.64001727
vt 0.38744366 0.63828868
vt 0.38295054 0.64001727
vt 0.94125444 0.32939214
vt 0.94302118 0.32454622
vt 0.94302118 0.33664650
vt 0.06316254 0.99178910
vt 0.05786219 0.99088925
vt 0.06316254 0.98746759
vt 0.58401376 0.37913370
vt 0.58393598 0.25930583
vt 0.53490192 0.35846984
vt 0.53528500 0.26893741
vt 0.57022619 0.22324181
vt 0.53422630 0.23204023
vt 0.53499645 0.18675470
vt 0.58421797 0.21139967
vt 0.58294261 0.44976449
vt 0.53497946 0.43290782
vt 0.53390974 0.45744860
vt 0.53506899 0.41249800
vt 0.53485042 0.38792086
vt 0.57538170 0.48079062
vt 0.58468843 0.47241157
vt 0.53506869 0.48124683
vt 0.58178842 0.17503643
vt 0.53519338 0.16064727
vt 0.54225695 0.13711691
vt 0.57400078 0.13559175
vt 0.58260506 0.12472332
vt 0.53135425 0.14737338
vt 0.57423741 0.12141663
vt 0.53538030 0.12080109
vt 0.58500981 0.32973051
vt 0.58576250 0.41957188
vt 0.58491755 0.16643280
vt 0.58433425 0.48136175
vt 0.55526847 0.11927080
vt 0.53447306 0.33380574
vt 0.53482765 0.30153346
vt 0.57583612 0.48539758
vt 0.53034413 0.12140608
vt 0.53122586 0.45304275
vt 0.53160620 0.41492218
vt 0.53744495 0.48617113
vt 0.53121066 0.48111284
vt 0.53049892 0.28275371
vt 0.58686119 0.13165247
vt 0.58918691 0.47509408
vt 0.59023583 0.34553015
vt 0.52996552 0.21085340
vt 0.58982724 0.25787079
vt 0.53046560 0.35077637
vt 0.53066486 0.26696241
vt 0.53132373 0.37657154
vt 0.52975279 0.18913817
vt 0.53063035 0.30012494
vt 0.52982217 0.23104900
vt 0.53120023 0.33278573
vt 0.58981907 0.21271783
vt 0.59054768 0.40859252
vt 0.59054768 0.16022658
vt 0.53678060 0.11465323
vt 0.57647049 0.11452031
vt 0.58538800 0.11950916
vt 0.52836472 0.31922263
vt 0.52830309 0.39759457
vt 0.52842349 0.47476101
vt 0.52629381 0.16609919
vt 0.52548599 0.13834006
vt 0.52437985 0.22800910
vt 0.52601975 0.33650696
vt 0.52530444 0.41913939
vt 0.52429330 0.18578082
vt 0.52504957 0.19194090
vt 0.52467990 0.41298431
vt 0.25315806 0.30770516
vt 0.17026541 0.30484200
vt 0.28434330 0.29463482
vt 0.28149441 0.30667734
vt 0.16260670 0.29570329
vt 0.14140624 0.31708157
vt 0.06137124 0.29719841
vt 0.12070608 0.37518561
vt 0.04070397 0.37015033
vt 0.10932782 0.34299481
vt 0.05012336 0.39605802
vt 0.15017951 0.39646316
vt 0.04182637 0.31796676
vt 0.12781765 0.33470452
vt 0.12569642 0.35890871
vt 0.23656499 0.39620674
vt 0.16844009 0.38214105
vt 0.29359978 0.38200688
vt 0.14082365 0.36989808
vt 0.31492499 0.39446139
vt 0.32504061 0.36508679
vt 0.38999328 0.39322221
vt 0.34001923 0.35701728
vt 0.41388604 0.31949025
vt 0.35378858 0.29447192
vt 0.40403286 0.29457510
vt 0.34599909 0.32661498
vt 0.41696143 0.35630846
vt 0.41129220 0.38545424
vt 0.31189868 0.31875241
vt 0.32943556 0.32727063
vt 0.33661023 0.33958614
vt 0.40633070 0.39618719
vt 0.24647835 0.37759787
vt 0.04673411 0.29838955
vt 0.13704608 0.32638794
vt 0.32915595 0.34963924
vt 0.28550297 0.37582952
vt 0.30692962 0.36979163
vt 0.15027130 0.31992543
vt 0.03472092 0.34475768
vt 0.17120188 0.30899072
vt 0.05393827 0.29360092
vt 0.40959126 0.30231738
vt 0.13092901 0.35453504
vt 0.16311970 0.37565541
vt 0.18875524 0.37821758
vt 0.32418612 0.35764158
vt 0.39998206 0.29064274
vt 0.37360859 0.39725959
vt 0.12835176 0.34622157
vt 0.32591394 0.33851683
vt 0.04089838 0.38448679
vt 0.23868062 0.29106688
vt 0.32996044 0.29162675
vt 0.14564870 0.36967623
vt 0.18376173 0.40068084
vt 0.41898835 0.32225263
vt 0.14232779 0.29353595
vt 0.11896656 0.40033162
vt 0.27349368 0.39958990
vt 0.31973246 0.39852273
vt 0.03684863 0.31769204
vt 0.42116180 0.35446429
vt 0.32060227 0.33193898
vt 0.41285956 0.37862682
vt 0.03339837 0.36518979
vt 0.14030743 0.33634168
vt 0.05015730 0.40205264
vt 0.30840740 0.34250510
vt 0.30283114 0.35168445
vt 0.30088910 0.33369017
vt 0.14981197 0.34640205
vt 0.14752999 0.35691667
vt 0.17302075 0.31450748
vt 0.18829586 0.31337142
vt 0.15384318 0.33958995
vt 0.03120321 0.32844108
vt 0.41463548 0.39878464
vt 0.03870786 0.39794499
vt 0.30290249 0.32066977
vt 0.28971320 0.34449184
vt 0.28814590 0.35354316
vt 0.29914081 0.36184359
vt 0.16322695 0.34718919
vt 0.16499136 0.35551912
vt 0.28559798 0.31381696
vt 0.27055669 0.31230271
vt 0.40330321 0.40108186
vt 0.16591530 0.33901644
vt 0.42041808 0.30998862
vt 0.28432932 0.33533818
vt 0.42358351 0.37495601
vt 0.42623675 0.33539987
vt 0.17545773 0.36437440
vt 0.16255729 0.37030053
vt 0.41212913 0.29316819
vt 0.28320655 0.37179059
vt 0.03257080 0.38675457
vt 0.02694346 0.35652608
vt 0.24606426 0.37320161
vt 0.41145518 0.40406227
vt 0.28548512 0.35909426
vt 0.03700022 0.29928339
vt 0.03229843 0.31112289
vt 0.15777609 0.32317889
vt 0.38229254 0.28528178
vt 0.42463797 0.32353628
vt 0.04490643 0.29060471
vt 0.42039922 0.39286643
vt 0.04222000 0.40406227
vt 0.19292250 0.37365735
vt 0.18244867 0.34651279
vt 0.18383317 0.35489088
vt 0.28252178 0.32634741
vt 0.18606263 0.33897173
vt 0.40157264 0.28219533
vt 0.40996888 0.28440148
vt 0.26834407 0.34603435
vt 0.26874712 0.35306597
vt 0.27189019 0.33749390
vt 0.17402969 0.32774425
vt 0.26136017 0.33671433
vt 0.17257994 0.35770202
vt 0.27128327 0.35955685
vt 0.18907608 0.36204571
vt 0.26592141 0.32721925
vt 0.18944246 0.32862926
vt 0.36259833 0.53466922
vt 0.46278375 0.53626621
vt 0.40000650 0.54778326
vt 0.32351232 0.55554241
vt 0.26749852 0.53460246
vt 0.53497958 0.53992432
vt 0.47519907 0.57928318
vt 0.53689039 0.58073455
vt 0.57169545 0.53525525
vt 0.57008082 0.58219898
vt 0.40379116 0.58194327
vt 0.36272007 0.58006984
vt 0.30306247 0.58069783
vt 0.26031885 0.58085728
vt 0.22689550 0.57889193
vt 0.23950921 0.53267163
vt 0.22384275 0.53572571
vt 0.52964067 0.53548557
vt 0.57569325 0.57848483
vt 0.57747972 0.54282862
vt 0.51258838 0.58531499
vt 0.47650924 0.58471715
vt 0.43945971 0.58242697
vt 0.55117637 0.58564705
vt 0.22009273 0.57685125
vt 0.22439685 0.53018612
vt 0.34501189 0.58227754
vt 0.41139507 0.53350854
vt 0.36367571 0.58447254
vt 0.21606156 0.53153276
vt 0.58307886 0.57584876
vt 0.24698776 0.58295250
vt 0.58348054 0.53968412
vt 0.57921696 0.53158593
vt 0.21287967 0.57689047
vt 0.54027092 0.52995187
vt 0.34206495 0.52794200
vt 0.46534875 0.52917480
vt 0.24342823 0.52676594
vt 0.22028194 0.58308643
vt 0.38759109 0.52368343
vt 0.58115399 0.58588743
vt 0.29586741 0.52160758
vt 0.57157981 0.52583599
vt 0.48412028 0.52387673
vt 0.40458795 0.58517438
vt 0.32911184 0.58420944
vt 0.29051301 0.58338696
vt 0.43118447 0.58544332
vt 0.45685154 0.58671594
vt 0.21245582 0.58467335
vt 0.56600344 0.58957249
vt 0.57936877 0.58988762
vt 0.27998295 0.58629656
vt 0.41807881 0.58789146
vt 0.25017345 0.58847755
vt 0.49241740 0.58951354
vt 0.25819257 0.58988762
vt 0.45763886 0.78004569
vt 0.40966091 0.78010982
vt 0.42825958 0.77713871
vt 0.41657454 0.77511561
vt 0.39782089 0.77216381
vt 0.38447776 0.77291250
vt 0.37158558 0.77778161
vt 0.42743167 0.78881109
vt 0.37238902 0.79032761
vt 0.39262602 0.79395610
vt 0.42089483 0.79461980
vt 0.46157071 0.79526561
vt 0.34910765 0.78767228
vt 0.38432619 0.79868889
vt 0.36324397 0.80156529
vt 0.34705681 0.79714096
vt 0.33858567 0.78384691
vt 0.33825111 0.80106819
vt 0.35069075 0.77790993
vt 0.49009439 0.78649902
vt 0.53310251 0.78092223
vt 0.53582668 0.78565443
vt 0.54798162 0.78393877
vt 0.32992527 0.79414141
vt 0.34523523 0.77299285
vt 0.49574295 0.79564303
vt 0.32296184 0.79935920
vt 0.34119597 0.80391228
vt 0.53776419 0.79840285
vt 0.54896271 0.79792911
vt 0.40731156 0.79820114
vt 0.44274777 0.79787886
vt 0.34037936 0.77031279
vt 0.32576180 0.80233538
vt 0.31413907 0.80596370
vt 0.31458148 0.80138516
vt 0.37643594 0.80280697
vt 0.54980445 0.77775031
vt 0.36100852 0.77031475
vt 0.36305612 0.76021516
vt 0.37878773 0.76108968
vt 0.55079508 0.78263515
vt 0.39050061 0.75730598
vt 0.34364271 0.75567937
vt 0.40143636 0.75337970
vt 0.40464270 0.76068687
vt 0.41838399 0.75838709
vt 0.34614035 0.75978279
vt 0.42778027 0.76378673
vt 0.44511032 0.76119030
vt 0.45689899 0.76477456
vt 0.45153204 0.76655489
vt 0.49419585 0.76616681
vt 0.48827451 0.76168406
vt 0.52456129 0.76305354
vt 0.54990041 0.76671326
vt 0.54782581 0.76386535
vt 0.33553401 0.76511353
vt 0.33005893 0.75689423
vt 0.34021056 0.74873924
vt 0.32583493 0.74952191
vt 0.33495486 0.74166203
vt 0.33184806 0.73851502
vt 0.50593483 0.77829754
vt 0.44690147 0.77715278
vt 0.33818218 0.73736161
vt 0.35633075 0.73470187
vt 0.38791701 0.73320872
vt 0.45972118 0.74656755
vt 0.44663480 0.73249781
vt 0.49801734 0.73336041
vt 0.52500963 0.74004394
vt 0.54266381 0.74577141
vt 0.55012625 0.75181043
vt 0.54970956 0.74710494
vt 0.54785705 0.76957351
vt 0.49176860 0.76991421
vt 0.49232104 0.80023104
vt 0.46209830 0.80167305
vt 0.54933733 0.80596370
vt 0.38652629 0.80347168
vt 0.32023382 0.79137492
vt 0.30373743 0.78936410
vt 0.30655143 0.78304267
vt 0.29817688 0.78077722
vt 0.29529437 0.77304763
vt 0.30041477 0.76153648
vt 0.29019433 0.75486428
vt 0.30715707 0.75545317
vt 0.29084182 0.74808007
vt 0.31096327 0.77219933
vt 0.31934118 0.76481897
vt 0.30306047 0.74715042
vt 0.29223600 0.74209660
vt 0.32116920 0.77361834
vt 0.29027173 0.76608735
vt 0.32691377 0.78647727
vt 0.18343982 0.24675632
vt 0.17564768 0.26028526
vt 0.23122160 0.24757540
vt 0.22881946 0.26085675
vt 0.18202765 0.27778149
vt 0.22221674 0.27599084
vt 0.25556412 0.27549958
vt 0.28887039 0.26013118
vt 0.29872432 0.27234554
vt 0.28933313 0.24335229
vt 0.33753374 0.26150936
vt 0.33750135 0.24380326
vt 0.33887804 0.27003837
vt 0.37418303 0.24482423
vt 0.37675369 0.26137757
vt 0.24577086 0.23405337
vt 0.14805011 0.25216687
vt 0.18525985 0.23301148
vt 0.41872847 0.25984323
vt 0.41687468 0.24220628
vt 0.44551474 0.27230710
vt 0.44459665 0.23113072
vt 0.42514986 0.27674603
vt 0.40024570 0.26870668
vt 0.10629182 0.27644682
vt 0.11346277 0.25360191
vt 0.44179261 0.29232597
vt 0.09629913 0.23194742
vt 0.12972651 0.22724712
vt 0.09636690 0.26641101
vt 0.28826660 0.23619807
vt 0.07849196 0.28133333
vt 0.12238367 0.28459489
vt 0.30622411 0.23340768
vt 0.19241153 0.22580844
vt 0.37623322 0.26929301
vt 0.20159076 0.28431070
vt 0.08487339 0.22724164
vt 0.07410977 0.23288143
vt 0.04332798 0.22834396
vt 0.07591426 0.23973823
vt 0.08642011 0.25447643
vt 0.08002969 0.26706970
vt 0.06570238 0.28182709
vt 0.03864786 0.28494060
vt 0.45081109 0.22398072
vt 0.45099545 0.29428291
vt 0.06534939 0.23521268
vt 0.42907083 0.23338872
vt 0.40022081 0.23411858
vt 0.44074705 0.21956432
vt 0.25755417 0.22708791
vt 0.34382725 0.23564833
vt 0.37749416 0.23666906
vt 0.29391721 0.27929962
vt 0.04929807 0.23317772
vt 0.03293727 0.23736024
vt 0.08058445 0.28573799
vt 0.45147166 0.30620855
vt 0.03103323 0.27950227
vt 0.03577535 0.27811605
vt 0.03134868 0.27260673
vt 0.02376839 0.28058213
vt 0.02093297 0.26481497
vt 0.01572728 0.27269399
vt 0.02563001 0.25867558
vt 0.01300429 0.25679290
vt 0.02169148 0.24262893
vt 0.45028818 0.20845580
vt 0.13351071 0.22226071
vt 0.08045526 0.25205684
vt 0.25923973 0.28485644
vt 0.10429014 0.22068608
vt 0.03700738 0.22570527
vt 0.02465552 0.23074734
vt 0.02795393 0.24872684
vt 0.01569348 0.23852360
vt 0.29421532 0.22720551
vt 0.42519510 0.22405922
vt 0.25052270 0.22372860
vt 0.41308397 0.28317463
vt 0.42689422 0.29210103
vt 0.39648983 0.27687311
vt 0.43795735 0.30285251
vt 0.34335002 0.27666175
vt 0.37048215 0.27639663
vt 0.43622783 0.21440321
vt 0.19072582 0.21898556
vt 0.45919713 0.22435844
vt 0.45896298 0.29793239
vt 0.13121392 0.21707547
vt 0.13789620 0.29130417
vt 0.19856337 0.28978705
vt 0.34597710 0.23046780
vt 0.30022740 0.22358340
vt 0.36419126 0.22916108
vt 0.10575965 0.29000503
vt 0.44816461 0.31582290
vt 0.46589482 0.31194711
vt 0.46598941 0.29682010
vt 0.46589482 0.21509063
vt 0.46544039 0.20005584
vt 0.44696984 0.19960123
vt 0.04570552 0.22110301
vt 0.30910382 0.28435767
vt 0.02385465 0.22402960
vt 0.07458165 0.29099476
vt 0.01324655 0.22766346
vt 0.46060845 0.32886779
vt 0.25679412 0.21931946
vt 0.02894066 0.26317167
vt 0.35214877 0.27961814
vt 0.01216266 0.28404891
vt 0.21748774 0.21367419
vt 0.46156296 0.18193603
vt 0.04971294 0.27802855
vt 0.06064974 0.27778238
vt 0.07372384 0.27269506
vt 0.00650840 0.23729450
vt 0.18279041 0.21417683
vt 0.07502576 0.26446247
vt 0.00573977 0.27392691
vt 0.00309187 0.26114285
vt 0.08432244 0.21238649
vt 0.07509339 0.25154066
vt 0.07171888 0.24522328
vt 0.41915387 0.30043811
vt 0.42392689 0.21074581
vt 0.43154177 0.20209938
vt 0.26308784 0.50951988
vt 0.24733777 0.49473107
vt 0.27153507 0.49466622
vt 0.30464095 0.50817376
vt 0.30217022 0.49473894
vt 0.34718138 0.49987805
vt 0.20836583 0.51005834
vt 0.21441601 0.49615097
vt 0.17450605 0.50966477
vt 0.17983554 0.49520147
vt 0.33516768 0.49352556
vt 0.36366826 0.49379039
vt 0.37505126 0.50290811
vt 0.40756640 0.49434865
vt 0.42112055 0.50105113
vt 0.43707138 0.49326527
vt 0.43822825 0.50135082
vt 0.33927283 0.50765550
vt 0.14604850 0.49627662
vt 0.13774478 0.51068652
vt 0.10387139 0.50920206
vt 0.10756072 0.49606168
vt 0.07752108 0.49691159
vt 0.07625493 0.51352507
vt 0.45295590 0.49119866
vt 0.45213118 0.50466526
vt 0.28505778 0.48277235
vt 0.24615392 0.48543799
vt 0.32058606 0.48313558
vt 0.35487601 0.51021105
vt 0.09401411 0.51805794
vt 0.17409518 0.51727211
vt 0.14238706 0.51704943
vt 0.39153108 0.50868130
vt 0.43309572 0.50772142
vt 0.23479271 0.51680142
vt 0.27329043 0.51638132
vt 0.06490257 0.49845135
vt 0.06501267 0.51288331
vt 0.21021953 0.48285174
vt 0.18047801 0.52167684
vt 0.40922770 0.48891968
vt 0.17294587 0.48401117
vt 0.31082475 0.51674211
vt 0.06536926 0.52068388
vt 0.07166304 0.52420050
vt 0.13485216 0.48316634
vt 0.36444157 0.48433787
vt 0.09985285 0.48508573
vt 0.07685004 0.48356295
vt 0.25469112 0.47848296
vt 0.06349009 0.48137677
vt 0.43308836 0.48458064
vt 0.17728952 0.47739434
vt 0.30008343 0.47389412
vt 0.27720806 0.47481072
vt 0.45188785 0.48182416
vt 0.08232672 0.47580886
vt 0.33501619 0.47681940
vt 0.36912519 0.47801262
vt 0.41564032 0.48039716
vt 0.22229488 0.47271109
vt 0.44083425 0.47603321
vt 0.12633304 0.47205865
vt 0.26094860 0.46968925
vt 0.05192734 0.50939846
vt 0.17715782 0.47115195
vt 0.05281115 0.49514902
vt 0.46432340 0.49975991
vt 0.46493191 0.48982751
vt 0.46618885 0.50754243
vt 0.05327437 0.52035791
vt 0.12114677 0.52153820
vt 0.22750622 0.52420050
vt 0.45385042 0.51218981
vt 0.46134943 0.47770703
vt 0.30078429 0.52011108
vt 0.22595832 0.46693903
vt 0.04991166 0.48205662
vt 0.34447843 0.47143888
vt 0.30096480 0.46833396
vt 0.06328390 0.47076988
vt 0.39046267 0.51248193
vt 0.43270397 0.51279873
vt 0.35176340 0.51737165
vt 0.47825083 0.49378109
vt 0.47867468 0.50095320
vt 0.47221562 0.48360872
vt 0.39026582 0.47119331
vt 0.40792134 0.47447848
vt 0.44229865 0.46954954
vt 0.08588768 0.46815133
vt 0.17367461 0.46369922
vt 0.05193712 0.47312725
vt 0.46709558 0.47238660
vt 0.48189047 0.50737894
vt 0.43132630 0.67091709
vt 0.41269493 0.68121636
vt 0.40795803 0.66592658
vt 0.39929679 0.68164033
vt 0.39133117 0.66961390
vt 0.37370592 0.67178053
vt 0.37425181 0.68275231
vt 0.43659028 0.66259652
vt 0.35909513 0.68446791
vt 0.35350728 0.67055917
vt 0.34391263 0.68421125
vt 0.46729967 0.66179889
vt 0.45175508 0.67528254
vt 0.52179551 0.67742884
vt 0.52971655 0.66166788
vt 0.55413592 0.66894823
vt 0.55493015 0.68168586
vt 0.43042931 0.67792177
vt 0.50226521 0.65488231
vt 0.47332478 0.65197778
vt 0.33709848 0.67483014
vt 0.33025286 0.68347853
vt 0.45901042 0.65451938
vt 0.49205002 0.67845643
vt 0.55120409 0.66190815
vt 0.43456602 0.65843379
vt 0.40041012 0.66185009
vt 0.38731694 0.66477603
vt 0.35743105 0.66473752
vt 0.33933461 0.66650075
vt 0.49949491 0.65171754
vt 0.55609542 0.66653788
vt 0.47446251 0.64952463
vt 0.53382397 0.65672988
vt 0.40677288 0.65592027
vt 0.33894020 0.68694508
vt 0.32376325 0.67186213
vt 0.35194102 0.68841833
vt 0.44876158 0.67948079
vt 0.36791500 0.68626004
vt 0.39497548 0.68484485
vt 0.41501576 0.68383926
vt 0.42706567 0.68145609
vt 0.44302529 0.68137509
vt 0.54190558 0.68533605
vt 0.55484772 0.68419743
vt 0.48369417 0.68264866
vt 0.55449212 0.68841833
vt 0.12586765 0.75459629
vt 0.15295677 0.74913424
vt 0.17396964 0.75274456
vt 0.12063504 0.75140172
vt 0.11421172 0.75843745
vt 0.18818253 0.74719650
vt 0.20280938 0.74652886
vt 0.24504882 0.75247830
vt 0.23114979 0.74782133
vt 0.24187663 0.74801636
vt 0.25470299 0.74931103
vt 0.26433969 0.75826949
vt 0.21557365 0.76880831
vt 0.17145905 0.76940119
vt 0.24573864 0.76244164
vt 0.12818116 0.76681149
vt 0.24170578 0.76777834
vt 0.25057349 0.77232444
vt 0.10720583 0.76718628
vt 0.25613055 0.76853204
vt 0.27363351 0.75960362
vt 0.27501041 0.77145475
vt 0.26023558 0.77571303
vt 0.28224382 0.77329433
vt 0.27849925 0.76084268
vt 0.10465755 0.75729895
vt 0.13459423 0.76987886
vt 0.11099099 0.77249831
vt 0.27802861 0.75064248
vt 0.27236518 0.74814117
vt 0.10324648 0.75259757
vt 0.10131847 0.77571303
vt 0.09781811 0.75933403
vt 0.09144190 0.76851213
vt 0.09068779 0.75888616
vt 0.07527637 0.77049750
vt 0.06855991 0.76311022
vt 0.05201025 0.77266318
vt 0.03334172 0.76994348
vt 0.03651605 0.76120156
vt 0.04925493 0.75780326
vt 0.03538418 0.75698596
vt 0.03452187 0.77425861
vt 0.03207522 0.76108223
vt 0.08647131 0.77277410
vt 0.25634611 0.74518585
vt 0.22662996 0.74337906
vt 0.15627176 0.74077994
vt 0.09181027 0.75697738
vt 0.14374161 0.74415970
vt 0.10701513 0.74164325
vt 0.10507143 0.74393123
vt 0.05852118 0.74084127
vt 0.15511952 0.73696542
vt 0.18837900 0.73470652
vt 0.04027691 0.73447567
vt 0.03672247 0.74042892
vt 0.11834496 0.73811215
vt 0.03217518 0.73397690
vt 0.04792770 0.74294215
vt 0.03251627 0.74466616
vt 0.19188228 0.74021274
vt 0.09249900 0.74563920
vt 0.20486981 0.73164326
vt 0.20418058 0.72911847
vt 0.21795602 0.73035789
vt 0.22635780 0.72277993
vt 0.23250049 0.72452742
vt 0.05856292 0.75403029
vt 0.27614865 0.74114025
vt 0.27090099 0.73977649
vt 0.27349246 0.73702174
vt 0.26110128 0.72927719
vt 0.23124868 0.73134732
vt 0.25086710 0.72353584
vt 0.24876943 0.72884566
vt 0.24402826 0.72039759
vt 0.10106152 0.73303246
vt 0.05225084 0.73125833
vt 0.12679479 0.73418635
vt 0.18824786 0.73150921
vt 0.03187990 0.75416625
vt 0.02871025 0.77437389
vt 0.78725380 0.29704976
vt 0.78204417 0.27794063
vt 0.78001463 0.28866041
vt 0.78363723 0.29997921
vt 0.79010260 0.31409848
vt 0.77660608 0.26945198
vt 0.77308285 0.24327582
vt 0.77598906 0.23829031
vt 0.77219075 0.22764766
vt 0.79877192 0.31366074
vt 0.79526246 0.33828133
vt 0.80129540 0.34299922
vt 0.80410713 0.38416600
vt 0.80102760 0.42496848
vt 0.80609542 0.41769898
vt 0.77216619 0.21410251
vt 0.78956181 0.29050338
vt 0.78175217 0.25589299
vt 0.79807019 0.28765488
vt 0.79175198 0.26239437
vt 0.79604590 0.25754166
vt 0.78889591 0.22220761
vt 0.79414386 0.22316861
vt 0.79499072 0.21786880
vt 0.78423661 0.20835543
vt 0.79779041 0.20911503
vt 0.78563511 0.20128095
vt 0.79726458 0.19653308
vt 0.80609542 0.20373762
vt 0.77387410 0.19346392
vt 0.77320659 0.20793629
vt 0.79395127 0.18885314
vt 0.80440348 0.19540334
vt 0.77841187 0.18881375
vt 0.79821151 0.18400306
vt 0.76953524 0.20387018
vt 0.80064458 0.18862438
vt 0.80101895 0.21186393
vt 0.79332626 0.17847884
vt 0.80571729 0.42492270
vt 0.80543935 0.34693271
vt 0.76899296 0.21525675
vt 0.80311555 0.18712217
vt 0.80312383 0.31137186
vt 0.79210132 0.35556728
vt 0.78780532 0.32109541
vt 0.79410160 0.41309881
vt 0.79653740 0.42566985
vt 0.78279132 0.30350083
vt 0.22284865 0.15610576
vt 0.28072959 0.15269613
vt 0.24442045 0.13829803
vt 0.26024801 0.16738701
vt 0.21975328 0.16959023
vt 0.29124245 0.13797069
vt 0.17888871 0.15767217
vt 0.18361579 0.17269754
vt 0.18582614 0.14254069
vt 0.14359081 0.14050865
vt 0.12070462 0.13062370
vt 0.15094765 0.13177931
vt 0.22014906 0.12980247
vt 0.27760008 0.13082516
vt 0.36171556 0.14158911
vt 0.32556316 0.13045275
vt 0.36355597 0.13460267
vt 0.39094225 0.14137024
vt 0.39703172 0.15077120
vt 0.42108822 0.13994807
vt 0.46180817 0.15122318
vt 0.44857290 0.14134514
vt 0.36663446 0.15251470
vt 0.33482751 0.15383637
vt 0.46912339 0.13313711
vt 0.49856460 0.13059336
vt 0.48304421 0.12320483
vt 0.49161345 0.15753013
vt 0.49981591 0.17829287
vt 0.29131067 0.17316175
vt 0.37824848 0.16559482
vt 0.44995543 0.16280204
vt 0.39664361 0.16472852
vt 0.49821305 0.11242950
vt 0.33348984 0.17151886
vt 0.48262298 0.17784196
vt 0.15132795 0.17341214
vt 0.23564868 0.18940645
vt 0.21050839 0.18966794
vt 0.15186585 0.19124609
vt 0.49973282 0.19255847
vt 0.13798574 0.14510906
vt 0.14229478 0.18123007
vt 0.12133231 0.18866050
vt 0.11611592 0.19537115
vt 0.10661142 0.18965173
vt 0.31543180 0.18275821
vt 0.29661182 0.18797839
vt 0.08028398 0.18888468
vt 0.09211577 0.18431681
vt 0.07697666 0.17718673
vt 0.07063155 0.18640339
vt 0.06793471 0.16475886
vt 0.07507674 0.14846438
vt 0.43489185 0.17106354
vt 0.40366235 0.17398995
vt 0.45697853 0.17281485
vt 0.35697648 0.17896163
vt 0.07067022 0.14092219
vt 0.08067117 0.13524586
vt 0.09646568 0.13236570
vt 0.11837871 0.13750231
vt 0.10243496 0.13725734
vt 0.08716354 0.14309663
vt 0.13443694 0.17837864
vt 0.13658625 0.15804815
vt 0.18975209 0.19757473
vt 0.13918582 0.19685596
vt 0.08494370 0.19631916
vt 0.38961539 0.13313788
vt 0.44385400 0.13598627
vt 0.06371264 0.15504849
vt 0.49495599 0.10459292
vt 0.13156112 0.14618623
vt 0.06440760 0.17997658
vt 0.49902305 0.09368736
vt 0.17011423 0.12711298
vt 0.08113388 0.13190186
vt 0.48043272 0.11755818
vt 0.46716863 0.12420541
vt 0.27388161 0.12712228
vt 0.08338014 0.15018737
vt 0.08005411 0.15840960
vt 0.44585589 0.13216263
vt 0.31133541 0.19035125
vt 0.26577181 0.19229394
vt 0.23876090 0.19676548
vt 0.08287589 0.17226887
vt 0.08832050 0.17967713
vt 0.41462705 0.13215321
vt 0.36200973 0.18319321
vt 0.32182181 0.19178081
vt 0.50776929 0.18416214
vt 0.50871617 0.11832565
vt 0.51877636 0.11479026
vt 0.52026337 0.16719997
vt 0.52053857 0.20370889
vt 0.50942218 0.09636402
vt 0.51074868 0.08406866
vt 0.51870072 0.09093213
vt 0.51776099 0.07777238
vt 0.50690120 0.19962019
vt 0.48833883 0.18968165
vt 0.46713296 0.18044984
vt 0.44466978 0.17671084
vt 0.40140852 0.18116832
vt 0.11996689 0.14175183
vt 0.51973778 0.21901935
vt 0.35007060 0.12629586
vt 0.32611334 0.12590158
vt 0.11624334 0.18471050
vt 0.12740009 0.18052977
vt 0.23227209 0.12349588
vt 0.10773824 0.18433809
vt 0.48811379 0.10403210
vt 0.10357998 0.12671930
vt 0.16827527 0.12364686
vt 0.51854932 0.06784791
vt 0.52173561 0.08551222
vt 0.52340990 0.22687984
vt 0.13352609 0.20179468
vt 0.52340990 0.11069441
vt 0.19236863 0.20259857
vt 0.47300607 0.11522049
vt 0.07833470 0.19824934
vt 0.05962897 0.17280334
vt 0.28493649 0.19837606
vt 0.06164099 0.14314067
vt 0.49136692 0.19958025
vt 0.47775668 0.18991381
vt 0.50151598 0.21146995
vt 0.51208299 0.22277421
vt 0.06753930 0.19401705
vt 0.06793298 0.13459969
vt 0.03474426 0.59833467
vt 0.02611800 0.61978793
vt 0.03752325 0.61535347
vt 0.03632290 0.63076007
vt 0.02744840 0.65368813
vt 0.01914529 0.64621556
vt 0.03966407 0.65630382
vt 0.01274192 0.66482109
vt 0.02241538 0.66872370
vt 0.00944391 0.68254608
vt 0.01422448 0.68404365
vt 0.02207244 0.61384183
vt 0.02668129 0.57650250
vt 0.03617702 0.67393529
vt 0.04403938 0.65789932
vt 0.04121542 0.64241219
vt 0.04425739 0.67742163
vt 0.01919277 0.69265765
vt 0.01193529 0.69561082
vt 0.03354303 0.57768238
vt 0.03403056 0.55770737
vt 0.02703495 0.55477309
vt 0.03390902 0.54452217
vt 0.04461131 0.47520643
vt 0.04071952 0.47407365
vt 0.04305829 0.46707904
vt 0.02360559 0.53375632
vt 0.02879944 0.48885590
vt 0.03387049 0.46629214
vt 0.02936954 0.46856219
vt 0.03830221 0.68860412
vt 0.02509528 0.68660212
vt 0.03843790 0.69087863
vt 0.04461131 0.68875283
vt 0.02130651 0.54625207
vt 0.00622491 0.67346793
vt 0.02285444 0.50604570
vt 0.01440992 0.65079379
vt 0.04012671 0.62038612
vt 0.00812518 0.66099906
vt 0.02065396 0.53551948
vt 0.00378778 0.68723589
vt 0.03784045 0.55398309
vt 0.01435657 0.63755566
vt 0.03755100 0.57079673
vt 0.00282766 0.67919576
vt 0.02092604 0.59984326
vt 0.01655715 0.61923718
vt 0.03932438 0.60044259
vt 0.02354117 0.55534172
vt 0.02268017 0.57691234
vt 0.00132509 0.66816777
vt 0.00413805 0.70001173
vt 0.00835091 0.70916164
vt 0.00602493 0.64477867
vt 0.00801693 0.62826133
vt 0.01335472 0.59843212
vt 0.01133563 0.53618717
vt 0.01314031 0.54733121
vt 0.01956270 0.39438927
vt 0.00274794 0.37221277
vt 0.00190021 0.39204240
vt 0.01887139 0.36937177
vt 0.02517192 0.38208473
vt 0.02451820 0.36668074
vt 0.02517668 0.39896685
vt 0.00132509 0.37532890
vt 0.01862988 0.36626083
vt 0.01859936 0.36258972
vt 0.02517668 0.33059633
vt 0.01951167 0.39632368
vt 0.02118856 0.39974070
vt 0.77082330 0.06914556
vt 0.77865505 0.08300740
vt 0.74089974 0.07857078
vt 0.73913515 0.06350470
vt 0.73969126 0.10096121
vt 0.76620597 0.10077435
vt 0.78076297 0.09915024
vt 0.77941221 0.05305839
vt 0.74012750 0.03846282
vt 0.73616618 0.08320391
vt 0.77749425 0.03070378
vt 0.73835617 0.02127892
vt 0.77725273 0.02065927
vt 0.78735995 0.06637686
vt 0.78675801 0.04354870
vt 0.78415734 0.02575064
vt 0.78841120 0.08273208
vt 0.73580176 0.03577745
vt 0.74484605 0.11797130
vt 0.78194064 0.11181802
vt 0.73892289 0.11570644
vt 0.78903216 0.09476095
vt 0.74042690 0.12580955
vt 0.73333359 0.10243452
vt 0.78355402 0.12302887
vt 0.79015255 0.10891181
vt 0.75622749 0.01512533
vt 0.73152339 0.05671000
vt 0.73136890 0.08013368
vt 0.73018438 0.02574378
vt 0.78719521 0.01822454
vt 0.78365606 0.12989515
vt 0.72969508 0.01818323
vt 0.74046201 0.13526362
vt 0.79085159 0.12742591
vt 0.79284453 0.06333220
vt 0.78663433 0.13526362
vt 0.73336071 0.12298530
vt 0.73311669 0.13303030
vt 0.72747350 0.05709159
vt 0.72788972 0.11334634
vt 0.31015185 0.43584263
vt 0.24680261 0.43660647
vt 0.24886359 0.42440116
vt 0.31496450 0.42447507
vt 0.34726664 0.42522615
vt 0.35134086 0.43854469
vt 0.18107544 0.43575293
vt 0.20139635 0.42139244
vt 0.16915536 0.43027949
vt 0.14011344 0.43550676
vt 0.37672862 0.42306209
vt 0.37652943 0.43826294
vt 0.41337454 0.43799502
vt 0.41330421 0.42660546
vt 0.15804383 0.42296290
vt 0.13015567 0.42409980
vt 0.10265312 0.43462688
vt 0.09564905 0.43001521
vt 0.06688086 0.43344474
vt 0.08654246 0.42418849
vt 0.06257275 0.42297661
vt 0.25019327 0.41343528
vt 0.31512177 0.44571316
vt 0.38062397 0.44946247
vt 0.41091058 0.45349634
vt 0.24069171 0.44468021
vt 0.33405772 0.45193756
vt 0.14017320 0.44304186
vt 0.18470299 0.44662464
vt 0.10428327 0.44281352
vt 0.08087162 0.44018674
vt 0.05521577 0.44062257
vt 0.23994119 0.45184928
vt 0.29700848 0.45148683
vt 0.35001683 0.45710182
vt 0.05248397 0.43259692
vt 0.06788160 0.44689405
vt 0.16529740 0.45242602
vt 0.42567018 0.43814898
vt 0.42524862 0.45333266
vt 0.42503059 0.42730546
vt 0.05261448 0.42096591
vt 0.30035564 0.41312540
vt 0.40965754 0.45890057
vt 0.05196973 0.44824576
vt 0.29264659 0.45796472
vt 0.33556259 0.41408050
vt 0.21923910 0.45804900
vt 0.41440666 0.41839385
vt 0.17386217 0.41357851
vt 0.21372193 0.41112590
vt 0.38461599 0.41365916
vt 0.42553461 0.41625595
vt 0.11207063 0.44980484
vt 0.13794278 0.41241992
vt 0.03680326 0.43356061
vt 0.03615812 0.44320792
vt 0.03751169 0.42305273
vt 0.09961278 0.45214462
vt 0.43381253 0.45252371
vt 0.43757862 0.42628556
vt 0.43827626 0.43912613
vt 0.07685765 0.42088544
vt 0.09481594 0.41431987
vt 0.41433156 0.41215467
vt 0.43658686 0.41423106
vt 0.39805448 0.46300036
vt 0.42171958 0.46542782
vt 0.15036485 0.45746118
vt 0.17422336 0.46022594
vt 0.33271670 0.46309865
vt 0.26825079 0.46328926
vt 0.43538773 0.46235907
vt 0.02235171 0.43366396
vt 0.02168703 0.42439395
vt 0.31059888 0.40562642
vt 0.07681941 0.41306615
vt 0.05197580 0.41212803
vt 0.24892183 0.40492654
vt 0.34339052 0.40559375
vt 0.02116540 0.44076532
vt 0.18749674 0.40532047
vt 0.03539026 0.41268075
vt 0.37485802 0.40918338
vt 0.03475837 0.45325089
vt 0.41189343 0.40607166
vt 0.42780685 0.40512389
vt 0.00220848 0.43317181
vt 0.00522041 0.42512929
vt 0.00345097 0.44177586
vt 0.44302121 0.45361644
vt 0.11040140 0.45806646
vt 0.02587246 0.44852114
vt 0.05582030 0.45408678
vt 0.08601143 0.45431149
vt 0.22630596 0.46542782
vt 0.00818032 0.44962323
vt 0.02002809 0.41388905
vt 0.00724424 0.41425824
vt 0.91121906 0.68526769
vt 0.91493142 0.64202714
vt 0.91220278 0.62581241
vt 0.91349745 0.69943172
vt 0.92257422 0.65087789
vt 0.92231023 0.71720695
vt 0.92186552 0.55858123
vt 0.91380346 0.57389814
vt 0.91741848 0.74135727
vt 0.92174602 0.74373382
vt 0.92019880 0.54667240
vt 0.91188323 0.71720374
vt 0.91458607 0.73546511
vt 0.92535335 0.72518128
vt 0.92480069 0.61538172
vt 0.92535335 0.65114415
vt 0.92395741 0.56355309
vt 0.63205159 0.84012228
vt 0.63995701 0.84041363
vt 0.63726723 0.84745026
vt 0.63171697 0.84296322
vt 0.63336748 0.83199239
vt 0.62836307 0.83427203
vt 0.64178443 0.83102852
vt 0.62323320 0.83987993
vt 0.62459844 0.84745032
vt 0.61745542 0.44795448
vt 0.60944027 0.44388628
vt 0.61392242 0.46326292
vt 0.62055272 0.46290326
vt 0.60603702 0.45337582
vt 0.61845064 0.47412300
vt 0.60583764 0.47613740
vt 0.59952378 0.46301639
vt 0.59462386 0.47351998
vt 0.59143108 0.48439193
vt 0.60503942 0.49333465
vt 0.59353942 0.49865818
vt 0.60853976 0.50069833
vt 0.61464441 0.48448408
vt 0.61669016 0.49829066
vt 0.62114334 0.49663448
vt 0.62346321 0.48433650
vt 0.61947763 0.43793058
vt 0.61118609 0.42833197
vt 0.61839741 0.42214310
vt 0.61071336 0.39551586
vt 0.62560552 0.47601235
vt 0.61745399 0.39680970
vt 0.61723071 0.36860514
vt 0.62301475 0.40254605
vt 0.62845510 0.49064064
vt 0.60974795 0.35922450
vt 0.61843336 0.35477424
vt 0.61320609 0.34958386
vt 0.60532522 0.33355111
vt 0.61719090 0.33775115
vt 0.60685253 0.28491503
vt 0.59257925 0.27225757
vt 0.59381902 0.26592958
vt 0.60484302 0.26446187
vt 0.62120378 0.34404671
vt 0.62122840 0.33176279
vt 0.61707079 0.30724210
vt 0.60937387 0.27204877
vt 0.62370348 0.46093047
vt 0.62235373 0.37725389
vt 0.62225878 0.35854876
vt 0.62547594 0.34667957
vt 0.62515229 0.33553547
vt 0.63099927 0.48276377
vt 0.63163561 0.47176278
vt 0.62720597 0.50287688
vt 0.62219381 0.50402600
vt 0.62471843 0.43290859
vt 0.62862527 0.44870698
vt 0.62778133 0.51296455
vt 0.62196600 0.26404494
vt 0.62889129 0.30283010
vt 0.63206714 0.49097669
vt 0.62907058 0.37979257
vt 0.63206714 0.35791516
vt 0.72356904 0.24013317
vt 0.70960575 0.24856323
vt 0.71779180 0.26323831
vt 0.72817850 0.26008940
vt 0.72008944 0.22757238
vt 0.71473694 0.22380888
vt 0.72196817 0.27531278
vt 0.73439693 0.27599084
vt 0.70477426 0.26164055
vt 0.70049983 0.25739443
vt 0.70571929 0.27480137
vt 0.71016538 0.27837026
vt 0.70003331 0.21002334
vt 0.71091777 0.29718733
vt 0.71367681 0.21951175
vt 0.71256298 0.18739003
vt 0.70625836 0.17668444
vt 0.71096700 0.12006152
vt 0.72839457 0.28972626
vt 0.71944970 0.30792737
vt 0.72934842 0.31212974
vt 0.73304421 0.29849333
vt 0.73688322 0.32676983
vt 0.72364247 0.34518111
vt 0.74379987 0.34150809
vt 0.74047220 0.28800714
vt 0.74546897 0.35793233
vt 0.71996266 0.36099029
vt 0.71828884 0.35811943
vt 0.73623365 0.36315173
vt 0.72369188 0.38418323
vt 0.72964901 0.38244212
vt 0.71941376 0.32338864
vt 0.74539709 0.37216270
vt 0.69718969 0.24479324
vt 0.70049590 0.16529047
vt 0.73973781 0.30057955
vt 0.75239533 0.37166530
vt 0.74259132 0.32847625
vt 0.70400959 0.14265788
vt 0.70904142 0.11073840
vt 0.71275818 0.10982007
vt 0.74340993 0.27808428
vt 0.69478798 0.21998501
vt 0.73867643 0.27194631
vt 0.74665135 0.27249658
vt 0.73309249 0.26825166
vt 0.70949578 0.31434256
vt 0.70598942 0.31673729
vt 0.70566547 0.33268404
vt 0.69724339 0.19859338
vt 0.75268799 0.27376223
vt 0.75320733 0.28151047
vt 0.74692178 0.28203207
vt 0.72660923 0.22540271
vt 0.72406548 0.22088629
vt 0.73104727 0.22153562
vt 0.74453437 0.28855121
vt 0.71702832 0.33664131
vt 0.71540433 0.35280538
vt 0.75537509 0.28272271
vt 0.70890760 0.29251826
vt 0.72049201 0.21662569
vt 0.72367454 0.21820706
vt 0.73764843 0.21384114
vt 0.73774576 0.19882083
vt 0.72609508 0.20746863
vt 0.72904676 0.18531269
vt 0.73750222 0.18627340
vt 0.72898877 0.17291015
vt 0.74336731 0.17158210
vt 0.74775404 0.14666551
vt 0.73110175 0.15220410
vt 0.73598838 0.13659549
vt 0.75050253 0.13769817
vt 0.75243276 0.14175099
vt 0.74909198 0.17433566
vt 0.74479514 0.18963581
vt 0.74769139 0.19115728
vt 0.74368054 0.22071487
vt 0.73667747 0.23487824
vt 0.74518943 0.22804672
vt 0.73707724 0.24251443
vt 0.74037141 0.25136495
vt 0.74624830 0.24098921
vt 0.74370378 0.25710094
vt 0.74154305 0.25940752
vt 0.74904960 0.22683513
vt 0.73905694 0.25813013
vt 0.72687113 0.14044887
vt 0.72791982 0.13443834
vt 0.70668352 0.34776819
vt 0.70502901 0.35149103
vt 0.74685466 0.26085424
vt 0.71928775 0.20520765
vt 0.71731764 0.21405357
vt 0.72184557 0.18534529
vt 0.72228438 0.17764646
vt 0.74704826 0.26922238
vt 0.75064230 0.27058792
vt 0.72613609 0.15969110
vt 0.72469187 0.14789033
vt 0.72425014 0.16298324
vt 0.72646087 0.24531937
vt 0.72798675 0.23194671
vt 0.75367808 0.17719662
vt 0.74859375 0.30367827
vt 0.76157302 0.27378225
vt 0.75738806 0.26998353
vt 0.76271880 0.24945217
vt 0.76529640 0.26754820
vt 0.76586509 0.24816120
vt 0.76394719 0.23053026
vt 0.76600295 0.28225309
vt 0.76810956 0.28206909
vt 0.76805812 0.29343987
vt 0.76603454 0.22088414
vt 0.76521623 0.19322085
vt 0.76805770 0.14612174
vt 0.76649719 0.13831830
vt 0.76428503 0.13980359
vt 0.76240778 0.13738269
vt 0.76805812 0.13787478
vt 0.76140380 0.22021317
vt 0.76131642 0.18382990
vt 0.76177597 0.14031172
vt 0.70345700 0.30125445
vt 0.75103545 0.24844140
vt 0.75639856 0.14196563
vt 0.75326502 0.19725901
vt 0.69961655 0.11303145
vt 0.75146991 0.22627544
vt 0.70581245 0.10942012
vt 0.75691575 0.24255204
vt 0.71709991 0.10414869
vt 0.17612097 0.84953803
vt 0.14925268 0.83845848
vt 0.19783226 0.84290308
vt 0.21156090 0.85198689
vt 0.15358305 0.84953314
vt 0.21994825 0.84515911
vt 0.24701761 0.85640043
vt 0.25279716 0.84842259
vt 0.12027349 0.84990078
vt 0.11629847 0.83362144
vt 0.10217971 0.83882767
vt 0.09252850 0.85252792
vt 0.07879961 0.84110540
vt 0.06852619 0.85356688
vt 0.06915093 0.84438556
vt 0.10102542 0.83497769
vt 0.08684330 0.83803415
vt 0.11876131 0.85555434
vt 0.12844306 0.85407048
vt 0.26423708 0.85093451
vt 0.25922558 0.85868627
vt 0.27839240 0.85695004
vt 0.15277691 0.85485786
vt 0.28110096 0.85215157
vt 0.28754416 0.85148662
vt 0.19680119 0.85641026
vt 0.09266149 0.85584599
vt 0.13220991 0.83482420
vt 0.22432382 0.85825497
vt 0.06757951 0.85868627
vt 0.86170715 0.57831889
vt 0.85983276 0.61982232
vt 0.86781603 0.61197406
vt 0.86721641 0.64669234
vt 0.86134809 0.70261955
vt 0.85188854 0.65687394
vt 0.86986995 0.53967202
vt 0.85426641 0.51952696
vt 0.86622602 0.51728606
vt 0.85173255 0.68324232
vt 0.85191369 0.70450014
vt 0.86398417 0.71338922
vt 0.85316432 0.71975350
vt 0.85315514 0.61928332
vt 0.85555309 0.57459068
vt 0.85638511 0.73745590
vt 0.87183595 0.73053473
vt 0.86633563 0.69683814
vt 0.84664196 0.73584890
vt 0.87131298 0.73753667
vt 0.84362143 0.73854798
vt 0.84586161 0.72561359
vt 0.87234980 0.52136296
vt 0.84852833 0.58102131
vt 0.84904128 0.55784529
vt 0.84779006 0.52342075
vt 0.84238356 0.72881550
vt 0.84675962 0.65631926
vt 0.84702247 0.61469316
vt 0.84528822 0.69184327
vt 0.84532028 0.68324888
vt 0.84633458 0.70631099
vt 0.84122688 0.72076571
vt 0.84252125 0.54699498
vt 0.87234980 0.71262425
vt 0.86882782 0.70148832
vt 0.83922547 0.52429122
vt 0.83900529 0.53064913
vt 0.83990502 0.54711640
vt 0.84036434 0.55844551
vt 0.84054387 0.57739335
vt 0.83824795 0.59064150
vt 0.83795506 0.61438584
vt 0.83677024 0.61233795
vt 0.83608562 0.65118229
vt 0.83436394 0.66014391
vt 0.83873975 0.70699382
vt 0.84224504 0.64840019
vt 0.83497483 0.67718816
vt 0.83541733 0.69266176
vt 0.93010956 0.82978231
vt 0.94995266 0.81839371
vt 0.93368971 0.81606168
vt 0.94848031 0.83359241
vt 0.93217397 0.84696150
vt 0.95197374 0.85055333
vt 0.92114055 0.85418689
vt 0.91923052 0.83266598
vt 0.91942602 0.80871654
vt 0.93454111 0.80188030
vt 0.95093936 0.80195409
vt 0.95620555 0.86892700
vt 0.92319101 0.87558216
vt 0.92030942 0.79147458
vt 0.95258516 0.79216951
vt 0.91212672 0.83405000
vt 0.96492493 0.83405685
vt 0.96196914 0.80868232
vt 0.96382827 0.85586876
vt 0.96724355 0.87245494
vt 0.95730859 0.87651116
vt 0.96726489 0.79806316
vt 0.96582180 0.78368980
vt 0.93934625 0.77869004
vt 0.95587468 0.77710044
vt 0.91426575 0.80635870
vt 0.91332823 0.86438805
vt 0.91986859 0.77693886
vt 0.96313727 0.77341110
vt 0.96165097 0.88024521
vt 0.96925098 0.84420365
vt 0.91175234 0.78869087
vt 0.91257620 0.77600479
vt 0.91236681 0.87688196
vt 0.92043531 0.76665807
vt 0.95685762 0.76717377
vt 0.96722692 0.76853502
vt 0.92288005 0.88190991
vt 0.90856892 0.80587727
vt 0.96966296 0.88233244
vt 0.91345525 0.88375109
vt 0.91174167 0.76447707
vt 0.97128975 0.76998693
vt 0.97076881 0.78679293
vt 0.97128975 0.87170529
vt 0.44541404 0.38981909
vt 0.44425333 0.37913930
vt 0.44125441 0.38239372
vt 0.44721657 0.36764973
vt 0.45302880 0.36383408
vt 0.44868961 0.35444003
vt 0.45393243 0.34964931
vt 0.46611902 0.35737419
vt 0.46729776 0.34701812
vt 0.46535516 0.37729478
vt 0.45975745 0.39656794
vt 0.45431724 0.41431993
vt 0.46598050 0.40344274
vt 0.45583868 0.43522263
vt 0.46283773 0.43970072
vt 0.45405546 0.45905179
vt 0.46693689 0.45967400
vt 0.47128975 0.35069823
vt 0.47005141 0.36942077
vt 0.46885213 0.43592793
vt 0.47001126 0.45853376
vt 0.44365805 0.41850919
vt 0.44262657 0.40393162
vt 0.47128975 0.46456349
vt 0.20671031 0.81926519
vt 0.21429631 0.82814139
vt 0.18425690 0.83039838
vt 0.19256538 0.81534964
vt 0.16955391 0.81680673
vt 0.15773417 0.83014256
vt 0.14084387 0.82026410
vt 0.12964068 0.83077699
vt 0.11796889 0.82475376
vt 0.10339233 0.83013666
vt 0.08578214 0.82670063
vt 0.21368478 0.81374246
vt 0.21783793 0.82104284
vt 0.22036605 0.81485528
vt 0.23062813 0.83075273
vt 0.22199535 0.83073962
vt 0.14847143 0.81567729
vt 0.11902835 0.82022548
vt 0.23143928 0.81916344
vt 0.24725105 0.82355899
vt 0.23352803 0.81615382
vt 0.26070789 0.81571329
vt 0.27246109 0.82114273
vt 0.26264226 0.83410054
vt 0.23178971 0.83272362
vt 0.27580369 0.81655955
vt 0.28400505 0.81937170
vt 0.29706705 0.82330149
vt 0.30064109 0.83420694
vt 0.31464493 0.82316208
vt 0.31936672 0.83448571
vt 0.30266067 0.82113737
vt 0.31533238 0.81969303
vt 0.32476851 0.83247226
vt 0.08487173 0.82249439
vt 0.09178288 0.83070040
vt 0.08257480 0.82242876
vt 0.07994699 0.83448571
vt 0.32002509 0.82298148
vt 0.32729682 0.82924396
vt 0.67164934 0.49503219
vt 0.65176415 0.50977081
vt 0.65378565 0.52181661
vt 0.67216575 0.48635978
vt 0.67783755 0.48449862
vt 0.68526685 0.45520723
vt 0.66244704 0.47256875
vt 0.66789740 0.45694423
vt 0.67623204 0.44274086
vt 0.68858522 0.44766963
vt 0.68493026 0.42820096
vt 0.69467533 0.42041695
vt 0.69172370 0.40886807
vt 0.65046281 0.49687356
vt 0.66712177 0.45268822
vt 0.63646328 0.54017025
vt 0.66397828 0.52204365
vt 0.65471315 0.54556006
vt 0.64459598 0.55770165
vt 0.62795597 0.56934375
vt 0.64159286 0.56903303
vt 0.70859087 0.37649602
vt 0.63206720 0.58061481
vt 0.63918555 0.58220261
vt 0.63836408 0.59034967
vt 0.64809304 0.58312184
vt 0.70495504 0.36887306
vt 0.71293086 0.36504388
vt 0.63120258 0.54878926
vt 0.64574534 0.57550466
vt 0.62518299 0.56373930
vt 0.64719701 0.56882960
vt 0.62323320 0.57782221
vt 0.62654424 0.57635826
vt 0.65220559 0.57845390
vt 0.66969657 0.53040755
vt 0.67100495 0.51186460
vt 0.70417899 0.35998273
vt 0.65559500 0.58345217
vt 0.65681523 0.58028167
vt 0.66167843 0.58261925
vt 0.66224009 0.57962382
vt 0.66518116 0.54072720
vt 0.69834918 0.41818112
vt 0.70992970 0.38406140
vt 0.68389750 0.41941339
vt 0.69959289 0.36484420
vt 0.64448911 0.59609461
vt 0.71333921 0.36267352
vt 0.64942944 0.57552367
vt 0.66378134 0.59318036
vt 0.65283316 0.60457271
vt 0.67545283 0.60886478
vt 0.66340154 0.61323011
vt 0.67541695 0.62320906
vt 0.68610495 0.61679506
vt 0.67796123 0.60245913
vt 0.68181348 0.62905103
vt 0.68840480 0.63388473
vt 0.69507843 0.62470162
vt 0.69848686 0.64261019
vt 0.70151442 0.62843788
vt 0.71333921 0.64171511
vt 0.69199455 0.61490107
vt 0.66983783 0.59330887
vt 0.82881355 0.99366403
vt 0.81259400 0.97896570
vt 0.83384377 0.97971648
vt 0.81087381 0.99540871
vt 0.78680807 0.98734182
vt 0.84761482 0.99697495
vt 0.84693003 0.97850716
vt 0.77075094 0.99697495
vt 0.76192582 0.99056441
vt 0.82872277 0.99649447
vt 0.82646531 0.97628081
vt 0.79905581 0.97897679
vt 0.84257084 0.97536731
vt 0.77769601 0.98562175
vt 0.78660899 0.98295140
vt 0.95062172 0.97945070
vt 0.92936337 0.97890896
vt 0.93123913 0.96980381
vt 0.95642155 0.96991086
vt 0.90803617 0.97918910
vt 0.97024560 0.97197753
vt 0.96836609 0.98141748
vt 0.97837007 0.97445703
vt 0.90893328 0.96720433
vt 0.87574673 0.97373736
vt 0.92980438 0.96620595
vt 0.92934328 0.98121285
vt 0.98053020 0.97015774
vt 0.97594523 0.98121285
vt 0.97174579 0.96666539
vt 0.94279635 0.96499568
vt 0.95214027 0.96823925
vt 0.90805453 0.96507204
vt 0.87533933 0.96742624
vt 0.86969966 0.97720385
vt 0.88488895 0.97893089
vt 0.98542404 0.97345364
vt 0.90056264 0.09635198
vt 0.90886730 0.08533472
vt 0.90661597 0.07749546
vt 0.91592568 0.07901359
vt 0.91763616 0.05096948
vt 0.92722505 0.05267245
vt 0.90206236 0.10120481
vt 0.92592448 0.03740060
vt 0.91541916 0.03168482
vt 0.89448833 0.05215627
vt 0.89991939 0.04204249
vt 0.89278764 0.06938976
vt 0.87841493 0.08750701
vt 0.87452292 0.09790236
vt 0.89141011 0.10897690
vt 0.87794054 0.12057316
vt 0.86723244 0.11495453
vt 0.88660353 0.06621540
vt 0.87682551 0.12891620
vt 0.89509314 0.04300827
vt 0.92192441 0.02786022
vt 0.93242049 0.04544514
vt 0.89087623 0.05313921
vt 0.92579472 0.06881618
vt 0.88605356 0.11756563
vt 0.88164377 0.12410480
vt 0.86514401 0.13014710
vt 0.86351591 0.12375879
vt 0.87857968 0.13487101
vt 0.91174674 0.08995068
vt 0.89589471 0.10998017
vt 0.93220192 0.03353000
vt 0.87602317 0.13914770
vt 0.86859608 0.14775288
vt 0.88412380 0.14683068
vt 0.87250364 0.15329963
vt 0.88875532 0.15864521
vt 0.90045363 0.15061867
vt 0.91040570 0.15606743
vt 0.92565775 0.17329299
vt 0.88835889 0.14338905
vt 0.93242049 0.16797125
vt 0.88591492 0.15941954
vt 0.93033034 0.02707249
vt 0.92687905 0.02549696
vt 0.90635610 0.16724277
vt 0.87110358 0.10231519
vt 0.87196976 0.39821005
vt 0.88039905 0.37782788
vt 0.87359673 0.36472142
vt 0.87752390 0.40151805
vt 0.88309538 0.35538328
vt 0.87967336 0.33772880
vt 0.89558363 0.33576167
vt 0.87602711 0.43067658
vt 0.89564031 0.35186434
vt 0.89072514 0.37138677
vt 0.89568031 0.32144439
vt 0.87093890 0.44759643
vt 0.87721473 0.46808839
vt 0.88170975 0.45436060
vt 0.88677430 0.43242103
vt 0.88705289 0.40263581
vt 0.90302891 0.35794961
vt 0.90436339 0.34840071
vt 0.90458357 0.31811154
vt 0.90292519 0.30361414
vt 0.89484555 0.30711025
vt 0.89958227 0.29783750
vt 0.88959044 0.38013804
vt 0.90390748 0.37115973
vt 0.89963758 0.39031827
vt 0.90577251 0.38991451
vt 0.90591872 0.41685879
vt 0.88752556 0.46352762
vt 0.89582592 0.41109967
vt 0.90358114 0.43705881
vt 0.89884520 0.43838358
vt 0.89608598 0.45957029
vt 0.88511080 0.46920711
vt 0.88330221 0.47752810
vt 0.87296170 0.47742301
vt 0.87026423 0.46635044
vt 0.86528271 0.40621847
vt 0.86846644 0.37164497
vt 0.88227534 0.31169569
vt 0.90084189 0.44921637
vt 0.86650914 0.44657469
vt 0.90493751 0.30741489
vt 0.89524597 0.29775280
vt 0.90591872 0.32982552
vt 0.24959768 0.89398706
vt 0.25221285 0.88358790
vt 0.27827638 0.88309199
vt 0.27358100 0.89568114
vt 0.22555603 0.89563972
vt 0.21885698 0.88112247
vt 0.19886509 0.89513391
vt 0.19487160 0.87815154
vt 0.16949002 0.89494306
vt 0.16719048 0.87936056
vt 0.16215228 0.89703155
vt 0.29267466 0.88615417
vt 0.29016945 0.89633763
vt 0.16210248 0.88000971
vt 0.30539179 0.88541830
vt 0.26072001 0.88024104
vt 0.29630777 0.88290143
vt 0.29746670 0.87993842
vt 0.24989545 0.87770092
vt 0.30337200 0.89641297
vt 0.31521100 0.89644325
vt 0.31631172 0.88798797
vt 0.32778609 0.89725012
vt 0.32535005 0.88859600
vt 0.34728292 0.89221025
vt 0.24418314 0.89680618
vt 0.34869105 0.89676964
vt 0.36172280 0.89294803
vt 0.37588340 0.89844424
vt 0.36066261 0.88534403
vt 0.34986818 0.88706028
vt 0.17487787 0.89815390
vt 0.16326798 0.89844424
vt 0.18920818 0.80318475
vt 0.20235059 0.80039781
vt 0.19754393 0.80548441
vt 0.17025663 0.79889762
vt 0.16788670 0.80165941
vt 0.21457329 0.80658543
vt 0.22055721 0.79867750
vt 0.21350020 0.78871953
vt 0.18442711 0.78766513
vt 0.22666585 0.78954500
vt 0.24423298 0.78940314
vt 0.24596535 0.78418797
vt 0.25373092 0.78795630
vt 0.23243678 0.80756700
vt 0.24117540 0.80081886
vt 0.25515088 0.80585247
vt 0.26434460 0.80136901
vt 0.26772633 0.80931669
vt 0.27845040 0.80389124
vt 0.26705715 0.79100603
vt 0.28351918 0.81114954
vt 0.27576244 0.79463661
vt 0.28818920 0.79903209
vt 0.29170167 0.81053919
vt 0.15542695 0.79113394
vt 0.25579992 0.80887020
vt 0.24134870 0.80840838
vt 0.26743847 0.78563797
vt 0.28977418 0.79087210
vt 0.11204517 0.79413414
vt 0.13468221 0.80370796
vt 0.10436875 0.80572850
vt 0.05022150 0.81050718
vt 0.04917761 0.80375403
vt 0.29726148 0.80351925
vt 0.29267615 0.79949790
vt 0.22864972 0.78448659
vt 0.07999306 0.79344988
vt 0.25634161 0.78349179
vt 0.04815071 0.79631501
vt 0.29273093 0.79092371
vt 0.07094624 0.81114954
vt 0.29431587 0.79541761
vt 0.04726148 0.79102552
vt 0.67056251 0.67598861
vt 0.65750247 0.68839204
vt 0.65876687 0.67305380
vt 0.64224184 0.68848079
vt 0.68199348 0.67094666
vt 0.66826349 0.65661234
vt 0.68552977 0.65417385
vt 0.67873609 0.65125322
vt 0.69219679 0.67158866
vt 0.70145881 0.66361523
vt 0.69814420 0.67306143
vt 0.63663667 0.70318192
vt 0.62484503 0.70612055
vt 0.69142258 0.67949426
vt 0.68311507 0.67972428
vt 0.67623532 0.67876565
vt 0.70247382 0.65770680
vt 0.61616606 0.72471911
vt 0.64922231 0.69939482
vt 0.71230650 0.65741616
vt 0.70508295 0.66673076
vt 0.69111097 0.65176582
vt 0.71030772 0.67477000
vt 0.72187191 0.66494387
vt 0.72744304 0.67000121
vt 0.71887404 0.68205804
vt 0.72819769 0.69183069
vt 0.73802871 0.67882591
vt 0.73667753 0.69492698
vt 0.74720567 0.70000738
vt 0.71574187 0.68845648
vt 0.77503604 0.70650607
vt 0.77117145 0.71479934
vt 0.78401059 0.71923631
vt 0.70549148 0.68136358
vt 0.77746373 0.72471911
vt 0.75206828 0.70736486
vt 0.70159543 0.65350121
vt 0.70727319 0.68695414
vt 0.73211527 0.69855917
vt 0.69970894 0.66941547
vt 0.03691582 0.15538400
vt 0.02681813 0.16134083
vt 0.04446945 0.16282845
vt 0.04902827 0.15103173
vt 0.04532931 0.14111221
vt 0.04205082 0.13546669
vt 0.02366261 0.13834560
vt 0.03695603 0.12341756
vt 0.02466105 0.12209970
vt 0.02326270 0.15319961
vt 0.03055623 0.10611153
vt 0.02341891 0.16588688
vt 0.03147703 0.17356718
vt 0.04030939 0.16806674
vt 0.04027786 0.17470384
vt 0.03556560 0.18723387
vt 0.04101582 0.12250853
vt 0.04413339 0.13292509
vt 0.04045199 0.18431765
vt 0.04464430 0.17820179
vt 0.03994938 0.19020426
vt 0.03979019 0.10915959
vt 0.03932358 0.09934026
vt 0.02138822 0.14689887
vt 0.02040119 0.17984825
vt 0.02807042 0.18311709
vt 0.03451196 0.19807780
vt 0.04627164 0.18656588
vt 0.02640270 0.10108048
vt 0.01987633 0.18808454
vt 0.02607481 0.19255716
vt 0.04635491 0.17048776
vt 0.03381698 0.09253579
vt 0.04586854 0.16680002
vt 0.02056163 0.17197359
vt 0.02114982 0.16310561
vt 0.04434352 0.19354630
vt 0.04102714 0.19897270
vt 0.03704130 0.20887709
vt 0.02739640 0.20807743
vt 0.02160713 0.19870192
vt 0.03431525 0.21519983
vt 0.04204618 0.20922065
vt 0.03958651 0.21823680
vt 0.04902824 0.19605136
vt 0.04338139 0.11433035
vt 0.04479951 0.09095567
vt 0.03973122 0.08776730
vt 0.02897225 0.09086591
vt 0.03591385 0.08254105
vt 0.90228176 0.62015557
vt 0.90447235 0.58501256
vt 0.89389616 0.62006199
vt 0.89258373 0.58170301
vt 0.90385705 0.57132250
vt 0.89260668 0.56209451
vt 0.90334433 0.55359340
vt 0.90541750 0.66050667
vt 0.89001787 0.64779282
vt 0.89381075 0.67402565
vt 0.90290064 0.67977351
vt 0.88917881 0.57654750
vt 0.88935900 0.62285298
vt 0.89050531 0.68242502
vt 0.89454001 0.53679478
vt 0.90302050 0.51845121
vt 0.89130569 0.54645115
vt 0.90768552 0.68100160
vt 0.90505767 0.63176882
vt 0.90600371 0.68323249
vt 0.88825089 0.55776542
vt 0.89509177 0.51922286
vt 0.90669310 0.49913573
vt 0.90768552 0.51587439
vt 0.90621918 0.55263704
vt 0.49934828 0.41158205
vt 0.49920693 0.36750883
vt 0.49522918 0.39344943
vt 0.47853315 0.40433717
vt 0.47816989 0.37603718
vt 0.48372668 0.34470940
vt 0.49412182 0.34636641
vt 0.49423963 0.41011173
vt 0.47928378 0.41366029
vt 0.48914620 0.32681370
vt 0.49727580 0.32923502
vt 0.48490632 0.31486845
vt 0.48768044 0.31267309
vt 0.49981129 0.34429502
vt 0.47997329 0.32728022
vt 0.47861549 0.34353161
vt 0.49345130 0.42187762
vt 0.49623048 0.30780202
vt 0.49172193 0.30035591
vt 0.48750120 0.30037677
vt 0.48035234 0.42153573
vt 0.47971514 0.31067592
vt 0.49608195 0.42915761
vt 0.47482333 0.42107940
vt 0.49192497 0.43268752
vt 0.47917068 0.43170798
vt 0.48552626 0.43839401
vt 0.49013931 0.44825041
vt 0.48073986 0.44804096
vt 0.49483588 0.48757005
vt 0.48306480 0.48406804
vt 0.48661917 0.49788654
vt 0.49840668 0.49812663
vt 0.48198676 0.49757576
vt 0.50028294 0.49472755
vt 0.49834439 0.48340631
vt 0.49489057 0.44896388
vt 0.47608376 0.45079541
vt 0.50163019 0.30044085
vt 0.48492566 0.50797105
vt 0.50561899 0.50998116
vt 0.48634219 0.51728606
vt 0.50503272 0.28964496
vt 0.49914432 0.28612810
vt 0.50583875 0.28247404
vt 0.49519956 0.27789032
vt 0.49012810 0.28070199
vt 0.48855293 0.27756602
vt 0.50076526 0.27602196
vt 0.50780225 0.27009511
vt 0.48080936 0.28242624
vt 0.48000285 0.27833045
vt 0.50239044 0.30705929
vt 0.51108932 0.28803599
vt 0.51345825 0.27195036
vt 0.51840967 0.28142488
vt 0.50084245 0.33050263
vt 0.51085883 0.50930488
vt 0.50544870 0.41368866
vt 0.50285524 0.39240032
vt 0.50815922 0.40273511
vt 0.50827336 0.41878980
vt 0.51246172 0.40660954
vt 0.51323658 0.42273360
vt 0.51356554 0.37636673
vt 0.51281875 0.48486096
vt 0.51559234 0.50170392
vt 0.51097107 0.37278479
vt 0.52006185 0.50068420
vt 0.51746130 0.35604876
vt 0.51551324 0.35087174
vt 0.51902568 0.33385360
vt 0.51655781 0.33402789
vt 0.52136457 0.31831318
vt 0.51985377 0.31912565
vt 0.52203310 0.29847974
vt 0.51040250 0.47438335
vt 0.51706654 0.50921381
vt 0.50357646 0.36017215
vt 0.50773335 0.34190041
vt 0.52505553 0.50114268
vt 0.51691335 0.29372424
vt 0.52517670 0.28741848
vt 0.52517670 0.51009399
vt 0.50436163 0.43596566
vt 0.50807929 0.30517149
vt 0.53710055 0.83003616
vt 0.56502408 0.82790661
vt 0.55621886 0.83050853
vt 0.56213945 0.84118456
vt 0.56983513 0.84340036
vt 0.57912898 0.84304255
vt 0.57596177 0.82773829
vt 0.54737544 0.83894509
vt 0.53625286 0.83807904
vt 0.52870828 0.83818132
vt 0.49116817 0.83639914
vt 0.57264137 0.82255203
vt 0.50536937 0.82868236
vt 0.46955705 0.83168042
vt 0.54797912 0.82461452
vt 0.58186054 0.82337785
vt 0.44819963 0.83840853
vt 0.44537011 0.83296430
vt 0.43431333 0.83335239
vt 0.41313556 0.84157372
vt 0.40502363 0.83036053
vt 0.38374245 0.84518021
vt 0.36727530 0.83044028
vt 0.42133582 0.82425433
vt 0.36568782 0.84745032
vt 0.36413014 0.83382708
vt 0.38559207 0.82647491
vt 0.40978080 0.82152116
vt 0.49093255 0.83897078
vt 0.47806984 0.84351856
vt 0.58259720 0.84745032
vt 0.36351591 0.82744473
vt 0.49460873 0.95929825
vt 0.48164648 0.93486202
vt 0.50071198 0.93128783
vt 0.51874655 0.93885511
vt 0.51899296 0.95980984
vt 0.51271874 0.93401366
vt 0.44071293 0.95264167
vt 0.43930483 0.95826471
vt 0.43536863 0.95742297
vt 0.40960735 0.95594937
vt 0.43275949 0.94513327
vt 0.41233647 0.94557583
vt 0.40304339 0.94944137
vt 0.44306818 0.94430637
vt 0.40150177 0.95288879
vt 0.44971672 0.94113469
vt 0.44745296 0.95980984
vt 0.46011347 0.95232093
vt 0.46066564 0.93728548
vt 0.47521704 0.95114011
vt 0.42320451 0.95758832
vt 0.40276510 0.95809644
vt 0.19329992 0.09730494
vt 0.18574475 0.08527809
vt 0.21337540 0.09542966
vt 0.16965942 0.09578288
vt 0.16346830 0.09454793
vt 0.21329376 0.08084404
vt 0.22398953 0.09554344
vt 0.23088297 0.08263540
vt 0.23841375 0.09487170
vt 0.25929135 0.09326738
vt 0.27432892 0.08303833
vt 0.28583142 0.09228873
vt 0.29905608 0.08637816
vt 0.20162368 0.07785398
vt 0.21176551 0.07562661
vt 0.22896212 0.07855904
vt 0.25509909 0.09557927
vt 0.27331841 0.07951754
vt 0.30798700 0.09506148
vt 0.24456313 0.07575870
vt 0.17069146 0.08469671
vt 0.33391181 0.08986789
vt 0.33580896 0.09540522
vt 0.37074101 0.09622020
vt 0.19020794 0.07773095
vt 0.18033053 0.08195770
vt 0.37622604 0.09058625
vt 0.40768552 0.09323370
vt 0.34520853 0.08433163
vt 0.16210248 0.08684134
vt 0.30227122 0.08135033
vt 0.27438807 0.09370190
vt 0.16370109 0.08146399
vt 0.16698861 0.07665485
vt 0.16389321 0.07592428
vt 0.40764299 0.09846115
vt 0.27768785 0.09464765
vt 0.17601013 0.09982717
vt 0.38456416 0.09982717
vt 0.33322942 0.09801030
vt 0.25769323 0.09675139
vt 0.14747740 0.53403997
vt 0.13246204 0.54650450
vt 0.11563139 0.53832400
vt 0.15446855 0.54555726
vt 0.09631842 0.54667240
vt 0.07504402 0.53866190
vt 0.19786064 0.54084313
vt 0.20169528 0.53102529
vt 0.20892227 0.54667240
vt 0.07642476 0.54439759
vt 0.12283695 0.53222758
vt 0.07232220 0.53506565
vt 0.19904892 0.54582614
vt 0.20856467 0.52944720
vt 0.06934629 0.53755015
vt 0.14236461 0.53068769
vt 0.19461580 0.52765775
vt 0.08543003 0.53237194
vt 0.13925052 0.52865005
vt 0.80513960 0.58705628
vt 0.79880685 0.57506496
vt 0.79819524 0.62568104
vt 0.80310887 0.52930534
vt 0.80379361 0.62607479
vt 0.80098295 0.65073705
vt 0.79558706 0.67586303
vt 0.80631900 0.51684713
vt 0.79914147 0.51666498
vt 0.79976147 0.66841733
vt 0.79605854 0.69237351
vt 0.79085356 0.68255264
vt 0.78991508 0.69343442
vt 0.78765821 0.70780391
vt 0.79024041 0.71212447
vt 0.81104755 0.53782135
vt 0.78666079 0.71540403
vt 0.78783619 0.72835886
vt 0.81059682 0.59898961
vt 0.80977404 0.65066117
vt 0.80975991 0.51522398
vt 0.80306470 0.51469320
vt 0.79595941 0.71450299
vt 0.79194868 0.73278499
vt 0.81414157 0.51810575
vt 0.81458336 0.59458375
vt 0.81407440 0.62834030
vt 0.81504387 0.67529035
vt 0.80788922 0.69101292
vt 0.80838370 0.72355533
vt 0.80357212 0.70369822
vt 0.81507844 0.71517748
vt 0.81732565 0.72340262
vt 0.81138301 0.72925490
vt 0.81590253 0.73672038
vt 0.81208813 0.73708045
vt 0.81643462 0.74225730
vt 0.81194168 0.74570948
vt 0.81615376 0.75175560
vt 0.81106853 0.75496978
vt 0.82790667 0.65280282
vt 0.82409799 0.71195906
vt 0.82423705 0.59327102
vt 0.82866204 0.52267557
vt 0.82815856 0.68304199
vt 0.79337132 0.63824576
vt 0.82342136 0.62897038
vt 0.79143125 0.53281295
vt 0.82906359 0.51543742
vt 0.82436931 0.73839653
vt 0.79212952 0.67525417
vt 0.79119027 0.51492023
vt 0.79123640 0.56201303
vt 0.79112816 0.59664428
vt 0.82820356 0.71718359
vt 0.82491285 0.74624443
vt 0.82906359 0.72223252
vt 0.82539266 0.72939622
vt 0.82251567 0.75078738
vt 0.82494605 0.75336701
vt 0.79447871 0.74395299
vt 0.82833385 0.17862689
vt 0.81734127 0.18857992
vt 0.82518613 0.19012690
vt 0.81700015 0.16078836
vt 0.82941580 0.15348184
vt 0.81434685 0.13967836
vt 0.80969888 0.15544552
vt 0.82889402 0.13422143
vt 0.82917160 0.11340356
vt 0.81777757 0.11126101
vt 0.81639081 0.06901705
vt 0.82505172 0.10267359
vt 0.80958110 0.13537920
vt 0.81120771 0.09856421
vt 0.83609605 0.19312912
vt 0.83701414 0.17842025
vt 0.82440329 0.07368094
vt 0.82693177 0.08980674
vt 0.82943702 0.07003641
vt 0.82844311 0.06070471
vt 0.82072759 0.03256130
vt 0.83241725 0.04033470
vt 0.83204776 0.00614774
vt 0.81687695 0.01751220
vt 0.82021248 0.00451225
vt 0.83701414 0.15212870
vt 0.83153236 0.14036250
vt 0.81026721 0.17268783
vt 0.82351553 0.20280033
vt 0.83530051 0.20156306
vt 0.83299220 0.21986669
vt 0.82366198 0.22008449
vt 0.83089393 0.23198450
vt 0.81984538 0.22959971
vt 0.81366688 0.06502229
vt 0.83054054 0.09081191
vt 0.80697882 0.15913802
vt 0.81579685 0.19613361
vt 0.80788928 0.17490840
vt 0.81932533 0.20451021
vt 0.81805110 0.22026801
vt 0.81660169 0.23816657
vt 0.83112830 0.00403476
vt 0.83289742 0.06194586
vt 0.81527656 0.00388938
vt 0.82982242 0.23619932
vt 0.81046605 0.19939810
vt 0.81329054 0.23428684
vt 0.81135362 0.21168458
vt 0.81213164 0.20595109
vt 0.82683992 0.24503028
vt 0.83420080 0.23325831
vt 0.57217294 0.08897120
vt 0.55870950 0.07400191
vt 0.55155617 0.08975714
vt 0.56972170 0.05085182
vt 0.55142742 0.10823125
vt 0.57196403 0.11053950
vt 0.57500261 0.03960961
vt 0.54637808 0.10495347
vt 0.56318623 0.05047190
vt 0.56058127 0.06253386
vt 0.54789048 0.08681983
vt 0.57448339 0.09720159
vt 0.55475593 0.07476437
vt 0.56753433 0.03420973
vt 0.57599431 0.11033654
vt 0.57906359 0.03241140
vt 0.57906359 0.11279172
vt 0.87970543 0.24427360
vt 0.88557839 0.22388041
vt 0.88230497 0.19840735
vt 0.88131136 0.27889967
vt 0.87906134 0.21041358
vt 0.87711012 0.18923932
vt 0.88465291 0.17929095
vt 0.87550247 0.17929363
vt 0.88679343 0.17177486
vt 0.88172287 0.16983581
vt 0.89125419 0.26445949
vt 0.89179963 0.28548956
vt 0.88179094 0.29256701
vt 0.89276010 0.23116422
vt 0.89531803 0.18272740
vt 0.89483029 0.20345056
vt 0.89269680 0.17008370
vt 0.89313889 0.29239130
vt 0.89471114 0.25814903
vt 0.87823951 0.28740478
vt 0.89531803 0.28738832
vt 0.87234980 0.18955994
vt 0.12085805 0.94774693
vt 0.11113489 0.95955610
vt 0.09453098 0.94931579
vt 0.12445876 0.96126360
vt 0.14549743 0.95063138
vt 0.15341473 0.96102053
vt 0.08167159 0.96240276
vt 0.06543884 0.95937335
vt 0.15814412 0.95153630
vt 0.07980049 0.94336104
vt 0.05131932 0.95083719
vt 0.04605492 0.96240276
vt 0.09972833 0.93646657
vt 0.06207287 0.93560934
vt 0.05083562 0.94036657
vt 0.04543376 0.95452464
vt 0.11096936 0.93945217
vt 0.12852734 0.94128704
vt 0.14861958 0.94497246
vt 0.16121908 0.96045172
vt 0.11838739 0.93855941
vt 0.15867038 0.94428921
vt 0.04461131 0.94469583
vt 0.66915762 0.33982813
vt 0.68021899 0.34088528
vt 0.67662078 0.33281744
vt 0.67137796 0.35533106
vt 0.69180155 0.32766795
vt 0.68226618 0.31782037
vt 0.67761570 0.36751318
vt 0.68927693 0.36307162
vt 0.68123829 0.37818688
vt 0.68883997 0.34312654
vt 0.67203766 0.36294496
vt 0.69478798 0.30097073
vt 0.66510266 0.34688318
vt 0.67590117 0.31520581
vt 0.68848646 0.38680965
vt 0.69478798 0.38189536
vt 0.69094950 0.34619522
vt 0.69316524 0.39377624
vt 0.68553662 0.40423578
vt 0.68392003 0.39075792
vt 0.67708886 0.29605150
vt 0.66989672 0.33190799
vt 0.67366290 0.32563829
vt 0.69019485 0.29275107
vt 0.68216950 0.27963144
vt 0.67203379 0.29038924
vt 0.66519833 0.29496109
vt 0.66987604 0.27931690
vt 0.66844040 0.31056905
vt 0.65927398 0.31336540
vt 0.66327602 0.31699002
vt 0.65703255 0.32387066
vt 0.63827449 0.32056320
vt 0.63939184 0.32923782
vt 0.65860015 0.29834604
vt 0.66921514 0.27355230
vt 0.68168622 0.40129673
vt 0.66824710 0.35306370
vt 0.65930247 0.28847921
vt 0.67566359 0.31962526
vt 0.67134917 0.31979930
vt 0.65085232 0.31158376
vt 0.65696365 0.30932009
vt 0.63985443 0.31302607
vt 0.63566655 0.31591678
vt 0.63383394 0.32261115
vt 0.63488078 0.32890141
vt 0.66220009 0.28187543
vt 0.67848897 0.40638840
vt 0.67358321 0.38469315
vt 0.66855848 0.37110144
vt 0.66396362 0.37714076
vt 0.66452652 0.38978934
vt 0.65515113 0.38241494
vt 0.65453136 0.37321454
vt 0.66093206 0.36983228
vt 0.66015339 0.39742696
vt 0.64902723 0.39753801
vt 0.67330521 0.39328563
vt 0.67158437 0.40690941
vt 0.65242773 0.36203980
vt 0.66129613 0.36266673
vt 0.65538460 0.35639358
vt 0.64642346 0.35697460
vt 0.64836729 0.36925441
vt 0.66660649 0.40924805
vt 0.65400749 0.40184957
vt 0.66599393 0.36598438
vt 0.80741918 0.96753639
vt 0.79480332 0.97142977
vt 0.79038507 0.96932292
vt 0.81489253 0.97355485
vt 0.83271843 0.96891767
vt 0.78734893 0.96364266
vt 0.83215421 0.97363871
vt 0.85511357 0.97069860
vt 0.77852118 0.96990931
vt 0.85523319 0.96122766
vt 0.83361179 0.95680070
vt 0.80284089 0.95744252
vt 0.78261322 0.95317954
vt 0.85369688 0.95533442
vt 0.77733892 0.96575677
vt 0.77521777 0.95189130
vt 0.77050716 0.95336801
vt 0.82710862 0.95202637
vt 0.84744328 0.95087689
vt 0.80622864 0.95237809
vt 0.79404867 0.95443010
vt 0.85542655 0.94867074
vt 0.78065312 0.94625950
vt 0.75844932 0.96471262
vt 0.76381928 0.97052735
vt 0.75485867 0.97091740
vt 0.76185757 0.97298068
vt 0.86086571 0.95410651
vt 0.77038842 0.94953358
vt 0.80053723 0.94667977
vt 0.77014053 0.97363871
vt 0.77440995 0.94410670
vt 0.82289433 0.94503522
vt 0.85479945 0.94364136
vt 0.76068747 0.95920670
vt 0.75698286 0.95039713
vt 0.75782132 0.95967102
vt 0.78216594 0.93993086
vt 0.79508585 0.94070494
vt 0.76822478 0.94359821
vt 0.86314344 0.39662969
vt 0.86406356 0.37855768
vt 0.85638052 0.39150906
vt 0.85879529 0.41563469
vt 0.86334902 0.34957749
vt 0.85407889 0.34718454
vt 0.85833609 0.32711649
vt 0.85071212 0.32496297
vt 0.85147178 0.29692650
vt 0.86610919 0.29605114
vt 0.85884994 0.27976358
vt 0.84586889 0.28328574
vt 0.86605918 0.27643919
vt 0.84565198 0.34200203
vt 0.84934229 0.36143386
vt 0.84993458 0.40874869
vt 0.85638005 0.41937250
vt 0.84390217 0.31904101
vt 0.84144604 0.27662647
vt 0.85087389 0.43772936
vt 0.85368276 0.46031737
vt 0.84701282 0.45445693
vt 0.84896207 0.47098893
vt 0.84565538 0.43061608
vt 0.84559798 0.46445590
vt 0.86459213 0.33803594
vt 0.86388230 0.32078701
vt 0.86736941 0.30836976
vt 0.83988917 0.32701153
vt 0.84637249 0.48332775
vt 0.84413785 0.36028361
vt 0.83878094 0.30138052
vt 0.84019083 0.33662868
vt 0.84484607 0.40365791
vt 0.84817249 0.48206604
vt 0.85111934 0.48182011
vt 0.85176462 0.49697232
vt 0.86146176 0.49156117
vt 0.85829425 0.50259292
vt 0.86347061 0.49741232
vt 0.84903222 0.49821639
vt 0.86969966 0.28477609
vt 0.86950713 0.27614522
vt 0.86204904 0.45673740
vt 0.86103988 0.46402836
vt 0.85933232 0.47445357
vt 0.86350745 0.47529554
vt 0.86453873 0.46137494
vt 0.86428356 0.47018123
vt 0.84437603 0.49355680
vt 0.86837369 0.47371304
vt 0.86969966 0.48099804
vt 0.84212476 0.45266950
vt 0.85601938 0.09278888
vt 0.86243355 0.11448276
vt 0.86652255 0.06409836
vt 0.85221666 0.05990863
vt 0.85499638 0.13510525
vt 0.84807754 0.10791600
vt 0.85764974 0.05149728
vt 0.86294740 0.04364735
vt 0.86081797 0.14066309
vt 0.85421216 0.15242553
vt 0.84616274 0.12685949
vt 0.86863369 0.04386771
vt 0.86040658 0.17320454
vt 0.85352206 0.17946380
vt 0.85491061 0.20633012
vt 0.86197066 0.19968772
vt 0.86286825 0.22037047
vt 0.85201544 0.23874849
vt 0.85897124 0.24164557
vt 0.85432398 0.24928355
vt 0.84495789 0.24084824
vt 0.84689820 0.22535121
vt 0.85142016 0.21036577
vt 0.86897361 0.25228810
vt 0.86173916 0.25832260
vt 0.86954403 0.23539346
vt 0.86568052 0.21445185
vt 0.85231555 0.25504184
vt 0.87058306 0.25928551
vt 0.85583693 0.26507246
vt 0.86327028 0.26205051
vt 0.86298239 0.16767830
vt 0.86867297 0.27009511
vt 0.84231448 0.25239563
vt 0.87058306 0.05186546
vt 0.85932499 0.26471519
vt 0.71593118 0.86056161
vt 0.70150268 0.85024655
vt 0.71887404 0.85182136
vt 0.74505472 0.85884881
vt 0.69376636 0.86092454
vt 0.68473458 0.85013002
vt 0.73809093 0.84942228
vt 0.75897366 0.85105312
vt 0.67482740 0.85457635
vt 0.67442828 0.86135155
vt 0.64554894 0.85693347
vt 0.64916337 0.85084623
vt 0.72006416 0.84762603
vt 0.76167923 0.85828495
vt 0.78616363 0.85656708
vt 0.66256344 0.84993559
vt 0.64110982 0.85271913
vt 0.64492226 0.86229879
vt 0.73922622 0.84342486
vt 0.78169924 0.84053588
vt 0.75675076 0.84115827
vt 0.80255038 0.84494483
vt 0.64595759 0.84620076
vt 0.81961977 0.85652840
vt 0.82189310 0.84571832
vt 0.83233899 0.84815067
vt 0.83944380 0.85171247
vt 0.84400344 0.86036861
vt 0.84495342 0.85408694
vt 0.85204899 0.85912478
vt 0.83052075 0.84462869
vt 0.85359734 0.86473638
vt 0.82207406 0.86342835
vt 0.73496580 0.86205792
vt 0.70129073 0.84413737
vt 0.68444914 0.84411329
vt 0.75000244 0.86074787
vt 0.85644877 0.85407299
vt 0.63648409 0.85311747
vt 0.77426845 0.86010903
vt 0.79489845 0.86087906
vt 0.69109398 0.86405957
vt 0.65201700 0.86473638
vt 0.64153135 0.85798502
vt 0.71215057 0.86371517
vt 0.18631102 0.96810317
vt 0.19699444 0.96410793
vt 0.19310167 0.97277445
vt 0.20305066 0.97055340
vt 0.18330389 0.96229655
vt 0.21281016 0.95699346
vt 0.20895238 0.95211226
vt 0.19548520 0.95402688
vt 0.22243556 0.95177853
vt 0.21472369 0.96969712
vt 0.22646289 0.97045052
vt 0.22724855 0.96158159
vt 0.23597202 0.96880656
vt 0.23812866 0.97174048
vt 0.25485864 0.97277445
vt 0.21889590 0.94165945
vt 0.20439413 0.94721371
vt 0.23358235 0.96159059
vt 0.22952178 0.94523251
vt 0.23615541 0.94729483
vt 0.23358461 0.95485288
vt 0.67057323 0.71876633
vt 0.69025195 0.72200078
vt 0.69029224 0.72777730
vt 0.66715288 0.72906148
vt 0.66241163 0.72533917
vt 0.66849589 0.70745063
vt 0.66013217 0.70901912
vt 0.69384378 0.70743304
vt 0.70579326 0.72755086
vt 0.71166354 0.71333861
vt 0.72071207 0.72829866
vt 0.72784340 0.71205860
vt 0.69808584 0.73595506
vt 0.68507123 0.73595506
vt 0.70737851 0.70809752
vt 0.71940935 0.70994616
vt 0.72470492 0.73209792
vt 0.73719078 0.71972650
vt 0.65037960 0.71592569
vt 0.64648974 0.71095151
vt 0.63720679 0.71439737
vt 0.64564472 0.72247696
vt 0.65432155 0.72712362
vt 0.63363910 0.72366756
vt 0.62588340 0.72150230
vt 0.96796077 0.08019972
vt 0.95452923 0.08017623
vt 0.95509028 0.06924778
vt 0.96610081 0.05815613
vt 0.97087890 0.06936646
vt 0.95103860 0.05570215
vt 0.95026821 0.09698331
vt 0.94776028 0.04469097
vt 0.97137874 0.09789842
vt 0.95839125 0.10331208
vt 0.95198160 0.11891431
vt 0.97533262 0.07419366
vt 0.97498411 0.09349221
vt 0.96396405 0.11393636
vt 0.95635641 0.12402767
vt 0.95031857 0.08062917
vt 0.94779217 0.05825454
vt 0.96130759 0.04527950
vt 0.96125722 0.03956455
vt 0.94823486 0.03688568
vt 0.96532881 0.03391469
vt 0.96506602 0.12402767
vt 0.96131837 0.02651048
vt 0.97261029 0.03320575
vt 0.97335654 0.06316626
vt 0.94655478 0.03391308
vt 0.95662642 0.01347148
vt 0.97570670 0.01427227
vt 0.96764058 0.00366729
vt 0.97241837 0.00043213
vt 0.97523302 0.01979166
vt 0.97569311 0.02785414
vt 0.95855713 0.00655866
vt 0.95887178 0.00143266
vt 0.97181112 0.10323787
vt 0.96675706 0.03993195
vt 0.96663457 0.04663897
vt 0.94706333 0.08084065
vt 0.94764453 0.11028302
vt 0.91437072 0.95656478
vt 0.91164374 0.94827360
vt 0.95102531 0.95533872
vt 0.89179277 0.95808125
vt 0.86740965 0.95074964
vt 0.87668180 0.94627208
vt 0.86263251 0.95632881
vt 0.94136280 0.94753331
vt 0.94977486 0.94546610
vt 0.95593184 0.94834578
vt 0.95627207 0.95767164
vt 0.94786888 0.95808125
vt 0.89902294 0.94477898
vt 0.90784609 0.94425237
vt 0.92453599 0.94538099
vt 0.39668629 0.19415653
vt 0.41445094 0.20008361
vt 0.39610159 0.20767283
vt 0.37079594 0.20828658
vt 0.35651225 0.20207596
vt 0.35036513 0.20785153
vt 0.41015020 0.18834883
vt 0.33356008 0.20907974
vt 0.41662377 0.18452895
vt 0.40987599 0.20897186
vt 0.42159328 0.20815051
vt 0.37926790 0.21172029
vt 0.36022776 0.21374261
vt 0.34539807 0.21280289
vt 0.41952643 0.21469074
vt 0.39685076 0.21505463
vt 0.35268110 0.19957131
vt 0.41289774 0.18537772
vt 0.30164635 0.21159077
vt 0.32516980 0.21724629
vt 0.30458537 0.21666420
vt 0.28931096 0.21737254
vt 0.42270318 0.21737254
vt 0.61777157 0.63670200
vt 0.62300920 0.63870788
vt 0.62469524 0.62884212
vt 0.61756289 0.62359464
vt 0.62890750 0.61436135
vt 0.64483517 0.61246091
vt 0.63893563 0.62933785
vt 0.63758922 0.60524565
vt 0.64531803 0.60371649
vt 0.62871373 0.61041516
vt 0.61732274 0.61685312
vt 0.61828935 0.64391357
vt 0.62651938 0.65783435
vt 0.61463499 0.64639431
vt 0.61940300 0.66034341
vt 0.62459451 0.66594642
vt 0.63367033 0.65659159
vt 0.63489586 0.66002750
vt 0.61174911 0.62656021
vt 0.63107979 0.63707721
vt 0.62754565 0.64047843
vt 0.63282096 0.64622623
vt 0.64531803 0.62624478
vt 0.61285084 0.63661456
vt 0.88750768 0.75945568
vt 0.89319259 0.76601750
vt 0.89648211 0.75243962
vt 0.89128870 0.74836999
vt 0.89939344 0.73933733
vt 0.88168257 0.77269906
vt 0.88212663 0.78186846
vt 0.87331265 0.78443265
vt 0.88673306 0.73363268
vt 0.86467725 0.76582533
vt 0.87451684 0.75119376
vt 0.85091680 0.77682215
vt 0.85281396 0.79213631
vt 0.86419374 0.76094508
vt 0.84239280 0.78689826
vt 0.89611530 0.72794133
vt 0.90591872 0.72385478
vt 0.83434319 0.79620904
vt 0.84403902 0.80413717
vt 0.83199596 0.80449963
vt 0.86320525 0.79290706
vt 0.85291773 0.79763234
vt 0.84512216 0.81002736
vt 0.83623171 0.82056797
vt 0.84592640 0.81967497
vt 0.85843426 0.83969975
vt 0.86430532 0.83217472
vt 0.87094796 0.84432501
vt 0.87816948 0.85817415
vt 0.88704914 0.84853619
vt 0.88297719 0.84130561
vt 0.89477795 0.86343092
vt 0.89464331 0.84802312
vt 0.90221518 0.85480565
vt 0.87254697 0.83824283
vt 0.82906359 0.80916715
vt 0.88151330 0.86305267
vt 0.89272571 0.86905789
vt 0.90591872 0.85385513
vt 0.84892625 0.83551729
vt 0.89931107 0.84495056
vt 0.88676673 0.83809918
vt 0.89719301 0.83930230
vt 0.86122268 0.84589183
vt 0.83523017 0.82341009
vt 0.91033566 0.38862193
vt 0.91739410 0.40771127
vt 0.92260259 0.37514126
vt 0.91188014 0.36187065
vt 0.91348183 0.42100209
vt 0.92444700 0.42348683
vt 0.92478192 0.43643659
vt 0.92328906 0.35970521
vt 0.92136180 0.35048115
vt 0.91514021 0.34335375
vt 0.91777003 0.33033311
vt 0.92551273 0.33741862
vt 0.91666490 0.43182153
vt 0.92353106 0.40766639
vt 0.92822242 0.41902405
vt 0.92767107 0.33154845
vt 0.91720074 0.32060212
vt 0.92437702 0.31338143
vt 0.91859829 0.30183661
vt 0.92506427 0.29699957
vt 0.91952407 0.27922463
vt 0.92787272 0.27020758
vt 0.93065369 0.31213939
vt 0.92844784 0.34959579
vt 0.92970347 0.40645176
vt 0.92793292 0.38954651
vt 0.93065369 0.43100244
vt 0.92719597 0.44209158
vt 0.92855197 0.37808907
vt 0.91098505 0.40885139
vt 0.92001581 0.27491999
vt 0.92698741 0.26490927
vt 0.95220041 0.32471335
vt 0.96000534 0.31168258
vt 0.94858080 0.32107008
vt 0.96011448 0.32061279
vt 0.96823162 0.30836326
vt 0.96743721 0.29860640
vt 0.94427025 0.31662416
vt 0.95727098 0.29913592
vt 0.94242585 0.30866480
vt 0.95734948 0.30237985
vt 0.94872397 0.30115932
vt 0.97242451 0.30041850
vt 0.97252125 0.31374335
vt 0.96136808 0.33186334
vt 0.95298839 0.33426225
vt 0.96230799 0.35399640
vt 0.94963318 0.34989411
vt 0.95709187 0.37114787
vt 0.94654399 0.36031914
vt 0.94759321 0.37483442
vt 0.96449977 0.37444162
vt 0.97088969 0.35269129
vt 0.97355169 0.33291924
vt 0.95416605 0.37535369
vt 0.97482330 0.36887169
vt 0.96958131 0.37813306
vt 0.97468257 0.32447034
vt 0.96472836 0.29722458
vt 0.96859312 0.29445541
vt 0.96696961 0.28419757
vt 0.96031731 0.28700614
vt 0.96277899 0.27421069
vt 0.96869028 0.27079558
vt 0.96387374 0.25910354
vt 0.97482330 0.27946448
vt 0.95356452 0.26933932
vt 0.95732015 0.25622833
vt 0.96036857 0.24880469
vt 0.94272584 0.25786865
vt 0.95693356 0.24955380
vt 0.95202702 0.28990227
vt 0.95671552 0.27586043
vt 0.95618021 0.28194761
vt 0.97442067 0.28828615
vt 0.93873441 0.26332009
vt 0.97422171 0.25643253
vt 0.97393131 0.24675888
vt 0.94475156 0.25522327
vt 0.94768578 0.27153814
vt 0.94827604 0.29113722
vt 0.94466233 0.27815342
vt 0.93931615 0.28918260
vt 0.93428022 0.28528583
vt 0.94082522 0.29501480
vt 0.93613899 0.29874313
vt 0.94190812 0.30718946
vt 0.93153709 0.30338222
vt 0.95018315 0.30290222
vt 0.69548714 0.74804395
vt 0.69381315 0.74288547
vt 0.71446192 0.74502105
vt 0.71384150 0.75488883
vt 0.72651279 0.75703073
vt 0.72873837 0.74554098
vt 0.67515147 0.74286062
vt 0.68484676 0.75405824
vt 0.70062041 0.75568742
vt 0.65831798 0.74647975
vt 0.65897590 0.73985577
vt 0.73719388 0.75147480
vt 0.67697054 0.73817319
vt 0.70201129 0.73931313
vt 0.73457718 0.75976819
vt 0.73683423 0.74351537
vt 0.66213185 0.73595506
vt 0.72331339 0.75849682
vt 0.63630038 0.74326712
vt 0.63379234 0.73948556
vt 0.65965384 0.73738843
vt 0.62780738 0.74318331
vt 0.77999866 0.75082600
vt 0.79395360 0.75352132
vt 0.78855503 0.76231253
vt 0.77784181 0.76258266
vt 0.76354897 0.74843383
vt 0.76443642 0.76032692
vt 0.75187486 0.75090134
vt 0.74809700 0.76184601
vt 0.74967581 0.74558824
vt 0.77874273 0.74731392
vt 0.79507726 0.76479882
vt 0.78750265 0.76675642
vt 0.79634368 0.74994999
vt 0.80087453 0.75667346
vt 0.76495439 0.76684177
vt 0.73733467 0.76592183
vt 0.80565697 0.76764613
vt 0.81044561 0.75791973
vt 0.81182152 0.76496047
vt 0.81404597 0.76121259
vt 0.81272429 0.77689350
vt 0.80311960 0.77604759
vt 0.59550512 0.74552888
vt 0.59790182 0.74278688
vt 0.63002068 0.73790127
vt 0.57863623 0.74301350
vt 0.57806516 0.74681407
vt 0.57111305 0.74302477
vt 0.57813758 0.75317746
vt 0.57515955 0.75754178
vt 0.60211200 0.75072432
vt 0.62617922 0.75090921
vt 0.57867193 0.75937867
vt 0.65982306 0.75283211
vt 0.62537348 0.75678241
vt 0.57590973 0.76445007
vt 0.70150375 0.76220107
vt 0.71599704 0.77017868
vt 0.70939296 0.77307433
vt 0.66847903 0.77481616
vt 0.64564532 0.76948935
vt 0.62785876 0.77621734
vt 0.74412912 0.78031915
vt 0.75914353 0.77401507
vt 0.75398582 0.78206784
vt 0.77210313 0.78185672
vt 0.77381611 0.77843106
vt 0.78757107 0.78338724
vt 0.79347342 0.77353090
vt 0.58602309 0.77332437
vt 0.60027707 0.76351476
vt 0.64087605 0.76115018
vt 0.58973235 0.77780747
vt 0.67254794 0.75898880
vt 0.80186558 0.78108430
vt 0.57639128 0.77867067
vt 0.71346021 0.77856606
vt 0.66728699 0.77965593
vt 0.63605261 0.78102654
vt 0.58933347 0.78435612
vt 0.76657653 0.78435612
vt 0.68705463 0.78340173
vt 0.72294909 0.78348130
vt 0.97328603 0.16728759
vt 0.97614527 0.17375851
vt 0.98349053 0.18293238
vt 0.96576673 0.17576581
vt 0.96746212 0.18172449
vt 0.96920753 0.16491961
vt 0.97623158 0.18374634
vt 0.97270620 0.19735342
vt 0.96335679 0.19434011
vt 0.97228354 0.20082879
vt 0.95965272 0.20383239
vt 0.96990818 0.20768332
vt 0.98205298 0.20019931
vt 0.97969902 0.19261765
vt 0.99109596 0.19372803
vt 0.99280316 0.19902009
vt 0.99213457 0.18866611
vt 0.99571878 0.19676501
vt 0.96090978 0.21208042
vt 0.96987432 0.15361303
vt 0.97132212 0.21321297
vt 0.96815908 0.22082973
vt 0.95538867 0.20245498
vt 0.95946175 0.21902549
vt 0.96352816 0.18458652
vt 0.98829508 0.17495108
vt 0.97472662 0.14858061
vt 0.99955833 0.20291090
vt 0.98748630 0.18472207
vt 0.99401939 0.18389738
vt 0.99604750 0.18339491
vt 0.99404389 0.16379237
vt 0.98347437 0.15578526
vt 0.99192673 0.15584719
vt 0.98383498 0.14794254
vt 0.99181253 0.14762443
vt 0.97562754 0.14446509
vt 0.99808806 0.16460931
vt 0.99955833 0.17322981
vt 0.98028004 0.15692425
vt 0.97141439 0.14631462
vt 0.99075747 0.13851237
vt 0.99447566 0.14431882
vt 0.97227991 0.13846713
vt 0.99318379 0.12575626
vt 0.98218745 0.12698638
vt 0.82378334 0.44328743
vt 0.82338315 0.42394084
vt 0.81550568 0.42583096
vt 0.81966478 0.40795469
vt 0.82677662 0.40825117
vt 0.82018524 0.39106560
vt 0.82938194 0.38786817
vt 0.82921094 0.42971408
vt 0.83190042 0.44500709
vt 0.82670838 0.46049100
vt 0.82148111 0.37694329
vt 0.82920521 0.37549621
vt 0.82494205 0.36174285
vt 0.82265711 0.35001242
vt 0.83394521 0.33498901
vt 0.83228189 0.30982661
vt 0.83347726 0.46785271
vt 0.83154213 0.48061055
vt 0.83966434 0.44605601
vt 0.83916104 0.46750748
vt 0.83808476 0.48148620
vt 0.83687860 0.40373433
vt 0.83424884 0.49051094
vt 0.83621019 0.42215896
vt 0.83914506 0.41391259
vt 0.83952326 0.39172316
vt 0.83795434 0.38030142
vt 0.83904403 0.42906696
vt 0.83653688 0.35151488
vt 0.83644277 0.36670613
vt 0.82522213 0.31419766
vt 0.83111036 0.28814089
vt 0.82471812 0.47503614
vt 0.82187426 0.45895898
vt 0.81330585 0.43563277
vt 0.81485581 0.39114141
vt 0.81466824 0.40877056
vt 0.81583887 0.37340283
vt 0.82662988 0.48354363
vt 0.82213324 0.29822004
vt 0.81897008 0.33873475
vt 0.82149673 0.49037027
vt 0.82352871 0.49567848
vt 0.81530261 0.49235356
vt 0.81573898 0.47796094
vt 0.80566674 0.47773564
vt 0.80747098 0.46440899
vt 0.80478877 0.48721826
vt 0.83908600 0.36436367
vt 0.83966434 0.37865525
vt 0.82205397 0.27803147
vt 0.83477765 0.27046371
vt 0.81416225 0.45348608
vt 0.80897826 0.43506622
vt 0.82074064 0.26663786
vt 0.83330029 0.30096447
vt 0.81194806 0.38115466
vt 0.80980849 0.40903831
vt 0.79726148 0.44136441
vt 0.83300728 0.26701474
vt 0.80664098 0.45810533
vt 0.79893076 0.45058322
vt 0.79995400 0.45579576
vt 0.99527907 0.79879260
vt 0.98598045 0.82397455
vt 0.98602349 0.79289532
vt 0.99881315 0.82371730
vt 0.99460852 0.77853572
vt 0.98140150 0.78428364
vt 0.98698682 0.76798958
vt 0.97984535 0.82670701
vt 0.99727964 0.76623660
vt 0.98701417 0.75393224
vt 0.99846303 0.74883187
vt 0.99797428 0.79251105
vt 0.99012613 0.72558343
vt 0.99955833 0.73451900
vt 0.98115683 0.77398986
vt 0.97747350 0.79480058
vt 0.98219734 0.76181102
vt 0.99955833 0.82620639
vt 0.57110953 0.94475651
vt 0.55708504 0.94118500
vt 0.55788553 0.95347244
vt 0.57233238 0.96493858
vt 0.55885881 0.96454000
vt 0.58598894 0.95467412
vt 0.58534998 0.94079083
vt 0.58849949 0.96580660
vt 0.57162935 0.92833024
vt 0.55669522 0.93240494
vt 0.58549780 0.92768782
vt 0.59461260 0.95363259
vt 0.59301132 0.93533629
vt 0.55698079 0.92172790
vt 0.57039469 0.92061281
vt 0.54622102 0.94104183
vt 0.54798520 0.95491660
vt 0.54704440 0.96471292
vt 0.54560298 0.92729855
vt 0.58318645 0.91652882
vt 0.56844330 0.97460866
vt 0.59266764 0.92280728
vt 0.59849823 0.96205890
vt 0.58321875 0.97857273
vt 0.55518508 0.97739977
vt 0.54581028 0.97687572
vt 0.59435254 0.97645044
vt 0.56860042 0.98141748
vt 0.59849823 0.93452418
vt 0.54368693 0.91492110
vt 0.53577739 0.94591022
vt 0.56886053 0.91054451
vt 0.59386456 0.91177070
vt 0.55565667 0.91169423
vt 0.43808398 0.92023134
vt 0.45090264 0.92261440
vt 0.43682027 0.93562043
vt 0.42742747 0.92702293
vt 0.44979575 0.90740520
vt 0.43642440 0.90151447
vt 0.42515352 0.91411060
vt 0.42023313 0.90286672
vt 0.45688146 0.92248833
vt 0.46271387 0.90472472
vt 0.46783161 0.90017289
vt 0.47336534 0.90875775
vt 0.49291891 0.90056980
vt 0.46383625 0.91698056
vt 0.46862751 0.92084378
vt 0.48041332 0.91439366
vt 0.48943099 0.91491836
vt 0.50323313 0.91745222
vt 0.51440310 0.90475190
vt 0.50409359 0.90050870
vt 0.49665686 0.92456084
vt 0.51489455 0.91591203
vt 0.52141809 0.91370165
vt 0.45795465 0.93013251
vt 0.42398241 0.93431491
vt 0.48294282 0.92363197
vt 0.46715510 0.92656809
vt 0.50673187 0.92483675
vt 0.52417099 0.90902901
vt 0.53334653 0.91318172
vt 0.52194667 0.92387486
vt 0.53716272 0.91688365
vt 0.52573091 0.92988098
vt 0.44787478 0.93860012
vt 0.41932485 0.90733916
vt 0.41386926 0.90774351
vt 0.42038202 0.92129999
vt 0.43608719 0.93906653
vt 0.53699058 0.93906653
vt 0.54284453 0.92762423
vt 0.36989892 0.98673177
vt 0.36480680 0.95740336
vt 0.37384188 0.95348370
vt 0.36099243 0.98743659
vt 0.36095434 0.94605851
vt 0.37798083 0.98914248
vt 0.38268700 0.95527661
vt 0.38533214 0.98885489
vt 0.37160331 0.99517131
vt 0.38596022 0.99696547
vt 0.35980070 0.99741763
vt 0.38169056 0.94346923
vt 0.37087828 0.94300306
vt 0.35852346 0.96493441
vt 0.35586166 0.95030051
vt 0.35718402 0.98982799
vt 0.35131952 0.94208527
vt 0.35790816 0.93993086
vt 0.38997477 0.94833440
vt 0.38852650 0.96062964
vt 0.39563909 0.94436508
vt 0.38973802 0.98299164
vt 0.39682612 0.99381822
vt 0.39577696 0.97232842
vt 0.36863306 0.99956787
vt 0.35247427 0.99940348
vt 0.34857342 0.98864639
vt 0.34919420 0.96326411
vt 0.39796820 0.99940348
vt 0.34598505 0.95243108
vt 0.34496465 0.99645787
vt 0.97950566 0.57348764
vt 0.98173290 0.56195414
vt 0.97647011 0.56473947
vt 0.99407774 0.56303990
vt 0.99598515 0.57454348
vt 0.96874601 0.57045662
vt 0.96852428 0.58369279
vt 0.98998106 0.59025127
vt 0.98504001 0.59485298
vt 0.99611282 0.59757024
vt 0.96501154 0.57801676
vt 0.97128391 0.58936059
vt 0.99898505 0.59000313
vt 0.99899441 0.58004141
vt 0.96007073 0.57331705
vt 0.99955833 0.55877268
vt 0.95980567 0.57850415
vt 0.99955833 0.59939498
vt 0.42821631 0.96344477
vt 0.41993892 0.97804254
vt 0.40463197 0.97009206
vt 0.40624174 0.96458304
vt 0.40246060 0.97537524
vt 0.43770829 0.96859699
vt 0.44071496 0.97360367
vt 0.42198402 0.95980984
vt 0.42773917 0.98124146
vt 0.42015219 0.98228174
vt 0.44259638 0.96230030
vt 0.44674015 0.97489995
vt 0.46492583 0.96439534
vt 0.47984055 0.96661341
vt 0.47581276 0.97555429
vt 0.40351117 0.97823435
vt 0.48630741 0.97380996
vt 0.39973497 0.96620595
vt 0.48319289 0.98228174
vt 0.40541020 0.96123999
vt 0.77152115 0.67627549
vt 0.76699632 0.65835053
vt 0.75678432 0.67556143
vt 0.77997756 0.65848410
vt 0.78047705 0.67964429
vt 0.74690628 0.66478217
vt 0.73994833 0.67744255
vt 0.77342606 0.65387458
vt 0.77125394 0.68063956
vt 0.78047705 0.65474820
vt 0.76104766 0.68020785
vt 0.75065798 0.67967784
vt 0.76791692 0.65211755
vt 0.73895758 0.66784149
vt 0.63811529 0.94774771
vt 0.64510965 0.95199871
vt 0.64281464 0.94175780
vt 0.63108951 0.93474597
vt 0.65051359 0.92534298
vt 0.66190946 0.92523766
vt 0.65696609 0.93447524
vt 0.62449002 0.95910013
vt 0.64714772 0.96425861
vt 0.63540506 0.97043628
vt 0.65819317 0.97928822
vt 0.64371914 0.97946578
vt 0.65442103 0.99006051
vt 0.65517557 0.97061527
vt 0.65087205 0.95864731
vt 0.66190946 0.98845017
vt 0.62594575 0.94895089
vt 0.62498462 0.94521499
vt 0.62611717 0.94093317
vt 0.61969966 0.95521170
vt 0.66210246 0.98157489
vt 0.65216529 0.94327295
vt 0.64846927 0.94671184
vt 0.15135686 0.98419046
vt 0.13884519 0.96845287
vt 0.15708154 0.97034997
vt 0.16997758 0.98527509
vt 0.17314644 0.97170424
vt 0.17800353 0.97485679
vt 0.17590310 0.98675376
vt 0.13695006 0.98048931
vt 0.13403977 0.98444819
vt 0.12717766 0.98163545
vt 0.12758243 0.96884304
vt 0.16347809 0.98746759
vt 0.11973612 0.98746759
vt 0.11528268 0.96980971
vt 0.11741718 0.98226148
vt 0.94525003 0.69945985
vt 0.95485133 0.69903141
vt 0.94528902 0.68522149
vt 0.95463592 0.67629701
vt 0.94375914 0.70690262
vt 0.95538867 0.71694034
vt 0.93860424 0.70257342
vt 0.95089829 0.67832798
vt 0.95538867 0.66681069
vt 0.53433371 0.97539109
vt 0.53117442 0.98887748
vt 0.54209250 0.98229337
vt 0.51710606 0.97337472
vt 0.52343470 0.97063148
vt 0.54393113 0.98919618
vt 0.55874556 0.98780614
vt 0.51159358 0.98555046
vt 0.50382304 0.97907567
vt 0.50309187 0.98919618
vt 0.53892601 0.96931720
vt 0.51888222 0.98838782
vt 0.98277861 0.23683077
vt 0.98920101 0.24636400
vt 0.99586028 0.23953587
vt 0.98305941 0.22618860
vt 0.99749607 0.24526137
vt 0.99779153 0.23085159
vt 0.98563260 0.22089648
vt 0.97767848 0.23584980
vt 0.99654043 0.22366703
vt 0.99779153 0.25280899
vt 0.99217921 0.25223792
vt 0.98743504 0.25178987
vt 0.98091531 0.24223828
vt 0.98887897 0.21910113
vt 0.97659010 0.24052918
vt 0.98202968 0.40554279
vt 0.96114033 0.40338826
vt 0.95641088 0.41089559
vt 0.98444885 0.39556909
vt 0.99262714 0.40725791
vt 0.97077388 0.39448392
vt 0.95038068 0.39881694
vt 0.94497025 0.40804493
vt 0.94850564 0.38856143
vt 0.97904044 0.38853604
vt 0.96707183 0.38794565
vt 0.98480302 0.37960666
vt 0.94043636 0.38521600
vt 0.93852800 0.40115821
vt 0.93966687 0.39541411
vt 0.93366718 0.38577068
vt 0.93577278 0.40650177
vt 0.93415999 0.41285455
vt 0.93065369 0.40202045
vt 0.99337459 0.39268118
vt 0.99268740 0.39837307
vt 0.93817085 0.37121868
vt 0.94485170 0.41474062
vt 0.98264199 0.41336894
vt 0.98841369 0.40875876
vt 0.99337459 0.42071509
vt 0.95736158 0.42057681
vt 0.98420924 0.42249584
vt 0.94632864 0.42679465
vt 0.93875718 0.42622429
vt 0.95754421 0.42756838
vt 0.98326474 0.42872071
vt 0.99172908 0.42914778
vt 0.93976802 0.43604147
vt 0.93490601 0.42243171
vt 0.54952973 0.61642247
vt 0.55185521 0.62116873
vt 0.54311150 0.62818974
vt 0.53790307 0.61852312
vt 0.54296350 0.61641616
vt 0.54070479 0.63216120
vt 0.54571003 0.63113219
vt 0.55697882 0.62293535
vt 0.53575981 0.63819343
vt 0.52309394 0.63184345
vt 0.51770687 0.62207454
vt 0.54309899 0.63679510
vt 0.54158556 0.64238507
vt 0.51514685 0.61567479
vt 0.50711107 0.61837292
vt 0.50707710 0.63094920
vt 0.52991080 0.63970685
vt 0.53612804 0.64520311
vt 0.50048637 0.63034469
vt 0.49948621 0.61782628
vt 0.48988801 0.63042295
vt 0.49262074 0.61533540
vt 0.47351220 0.63107514
vt 0.46422586 0.61383414
vt 0.46606985 0.60748887
vt 0.48542020 0.60585487
vt 0.45573559 0.63089126
vt 0.46593884 0.63503480
vt 0.45135507 0.60964638
vt 0.44150305 0.61321849
vt 0.43705636 0.62932169
vt 0.42515472 0.61639339
vt 0.42605969 0.60950571
vt 0.40310219 0.61399978
vt 0.38266468 0.62752378
vt 0.35832080 0.62180758
vt 0.33292317 0.63576037
vt 0.32679057 0.62421405
vt 0.30302155 0.64034224
vt 0.29742965 0.62765455
vt 0.41864520 0.62818861
vt 0.40653548 0.60854006
vt 0.29637811 0.62429130
vt 0.43797812 0.60752618
vt 0.38869065 0.63353878
vt 0.33268246 0.64159453
vt 0.30422845 0.64520311
vt 0.35884169 0.61691296
vt 0.29882038 0.64491451
vt 0.33265415 0.61897111
vt 0.49759138 0.60751766
vt 0.49215072 0.60216856
vt 0.49905217 0.60289395
vt 0.51021844 0.60457546
vt 0.51396930 0.60008824
vt 0.50220126 0.61068434
vt 0.44827679 0.60574728
vt 0.48645687 0.59680206
vt 0.51795948 0.63677406
vt 0.50934130 0.63461083
vt 0.40005019 0.63437927
vt 0.51935095 0.60233229
vt 0.44567743 0.63406646
vt 0.45691019 0.63508344
vt 0.19002964 0.92375714
vt 0.18535861 0.90860629
vt 0.19247068 0.90879077
vt 0.17967367 0.92473930
vt 0.18604371 0.93621790
vt 0.16921394 0.93319219
vt 0.19875276 0.92280483
vt 0.20791361 0.92743039
vt 0.19782589 0.90847588
vt 0.20629700 0.92060143
vt 0.21729708 0.92551738
vt 0.19518331 0.93699032
vt 0.17097788 0.94066215
vt 0.21369983 0.93206370
vt 0.16484725 0.93147677
vt 0.17758681 0.91891712
vt 0.19666584 0.90369040
vt 0.18763137 0.90276575
vt 0.16121908 0.93775678
vt 0.20100805 0.90575969
vt 0.17930403 0.94079518
vt 0.20867613 0.91528541
vt 0.21590394 0.91834480
vt 0.21811906 0.93340045
vt 0.22861637 0.92659616
vt 0.23000921 0.93397862
vt 0.23542163 0.92956156
vt 0.24927534 0.92456394
vt 0.23973536 0.93624216
vt 0.24978384 0.93203545
vt 0.24795549 0.94056064
vt 0.25612852 0.94066215
vt 0.26634935 0.92275417
vt 0.27429327 0.93232316
vt 0.79194361 0.79302365
vt 0.77266920 0.79770398
vt 0.78661686 0.78913456
vt 0.80738711 0.78755373
vt 0.80279112 0.78361428
vt 0.80974245 0.78176320
vt 0.80501038 0.79478592
vt 0.81235659 0.79492790
vt 0.78994352 0.79967105
vt 0.76954943 0.78991187
vt 0.80806619 0.80669701
vt 0.76428932 0.79570961
vt 0.77240789 0.80370206
vt 0.76540333 0.80868435
vt 0.78511572 0.80629766
vt 0.80365485 0.80968255
vt 0.78393340 0.81179023
vt 0.76047844 0.78772402
vt 0.80530196 0.81652486
vt 0.75686318 0.80773509
vt 0.75885105 0.79463869
vt 0.81362110 0.80679518
vt 0.81492931 0.78663963
vt 0.81054717 0.81892824
vt 0.75309187 0.81543404
vt 0.77179378 0.81835091
vt 0.75899214 0.81892824
vt 0.10032837 0.09100515
vt 0.08514218 0.09472954
vt 0.08614766 0.08925027
vt 0.10897167 0.09304905
vt 0.10757776 0.08401370
vt 0.08905224 0.08487248
vt 0.12286317 0.09263450
vt 0.12199801 0.08008194
vt 0.12724757 0.08259505
vt 0.13362789 0.08591986
vt 0.13399345 0.08021402
vt 0.13465048 0.09447837
vt 0.06987445 0.09264916
vt 0.06786544 0.08578968
vt 0.06226515 0.09003448
vt 0.06287483 0.09938079
vt 0.05295942 0.09612072
vt 0.05484014 0.09150934
vt 0.05423658 0.08498091
vt 0.14252049 0.08502173
vt 0.07262476 0.10106862
vt 0.10155629 0.10125399
vt 0.11067776 0.09698200
vt 0.05421590 0.08072692
vt 0.04896082 0.07994813
vt 0.06906606 0.08168292
vt 0.14744264 0.09659767
vt 0.08559122 0.09905291
vt 0.05211626 0.10414869
vt 0.04549470 0.10414869
vt 0.14885159 0.09271568
vt 0.76907587 0.36757708
vt 0.76819253 0.35216951
vt 0.75920117 0.36985886
vt 0.75864345 0.35174417
vt 0.76564413 0.38067895
vt 0.75662541 0.38149399
vt 0.76026559 0.34314638
vt 0.77246010 0.34094262
vt 0.77593458 0.37683833
vt 0.76310939 0.39009070
vt 0.77839303 0.35567105
vt 0.77840310 0.34295046
vt 0.78302258 0.36689711
vt 0.78223866 0.38372135
vt 0.77195966 0.39109766
vt 0.78403330 0.35009468
vt 0.78426111 0.39084172
vt 0.78489399 0.34086931
vt 0.78426105 0.33405358
vt 0.77284443 0.33508933
vt 0.63604611 0.88179803
vt 0.62649047 0.89104879
vt 0.64162415 0.88407671
vt 0.64589328 0.87570602
vt 0.63887787 0.87466824
vt 0.64224494 0.87220651
vt 0.63432604 0.87904215
vt 0.64334881 0.86560071
vt 0.62297732 0.88479656
vt 0.61969966 0.89098179
vt 0.62206608 0.89795732
vt 0.65000588 0.87976760
vt 0.65088367 0.87431735
vt 0.63950360 0.89601076
vt 0.63107085 0.89661384
vt 0.64615548 0.90103716
vt 0.64883971 0.89613813
vt 0.65326858 0.88336599
vt 0.65326858 0.89975262
vt 0.72386938 0.41966391
vt 0.71734959 0.42229199
vt 0.71749622 0.44121534
vt 0.72150052 0.41847932
vt 0.71787506 0.41376722
vt 0.72349489 0.40430868
vt 0.71231747 0.39221764
vt 0.72208750 0.38504755
vt 0.72570670 0.43133503
vt 0.72464359 0.44351131
vt 0.72225165 0.45764911
vt 0.71678305 0.44935691
vt 0.72570670 0.38605481
vt 0.70878351 0.40943861
vt 0.71166915 0.41765773
vt 0.70097172 0.41665089
vt 0.71462560 0.43907404
vt 0.71405721 0.42921412
vt 0.71903354 0.92959982
vt 0.71550512 0.93226999
vt 0.70990467 0.92420965
vt 0.71379352 0.92154539
vt 0.72053748 0.92353916
vt 0.70485985 0.94136393
vt 0.70121455 0.93228114
vt 0.70794141 0.94463998
vt 0.69447249 0.93635368
vt 0.69634527 0.94882387
vt 0.69284302 0.94418389
vt 0.68554878 0.94874495
vt 0.71823102 0.93397534
vt 0.67047364 0.94593656
vt 0.66888595 0.95262957
vt 0.68504047 0.95423812
vt 0.68029279 0.96252686
vt 0.66599643 0.96061379
vt 0.66065329 0.95016736
vt 0.65555280 0.95880669
vt 0.66148984 0.94539815
vt 0.72578192 0.92792690
vt 0.67875636 0.93594527
vt 0.65503532 0.94495630
vt 0.72199243 0.91745895
vt 0.72669446 0.93735522
vt 0.73282236 0.94713038
vt 0.72199881 0.94784307
vt 0.73840320 0.95774227
vt 0.72023642 0.95925075
vt 0.69943041 0.95784515
vt 0.69400948 0.96323848
vt 0.72917444 0.93316615
vt 0.74079341 0.96326709
vt 0.70921749 0.96326709
vt 0.73941505 0.94479382
vt 0.74560988 0.95034558
vt 0.75485867 0.95865941
vt 0.48837179 0.25391412
vt 0.47953409 0.26102847
vt 0.48328844 0.26267385
vt 0.48858771 0.26412201
vt 0.47772104 0.24800336
vt 0.47971326 0.23556936
vt 0.47482333 0.23673677
vt 0.47640026 0.22816664
vt 0.48990047 0.24346310
vt 0.48995367 0.23246473
vt 0.48814064 0.22515124
vt 0.49730006 0.25217944
vt 0.49848884 0.26269221
vt 0.49955830 0.23455834
vt 0.49080434 0.27069068
vt 0.49955830 0.27441657
vt 0.47929797 0.27074802
vt 0.80240744 0.86900538
vt 0.78966802 0.86490923
vt 0.76338422 0.86740738
vt 0.82130569 0.86710501
vt 0.75026494 0.86554104
vt 0.78132659 0.86387211
vt 0.74392200 0.88554406
vt 0.80478317 0.88618249
vt 0.72434616 0.87633228
vt 0.82949334 0.88750142
vt 0.85781634 0.86888129
vt 0.85969979 0.88832337
vt 0.87937897 0.89314806
vt 0.87713832 0.86611569
vt 0.70449841 0.88516486
vt 0.73607677 0.89126742
vt 0.70193416 0.89117044
vt 0.87048995 0.89673275
vt 0.80139744 0.89099407
vt 0.87933093 0.89763647
vt 0.87313014 0.89945281
vt 0.81351054 0.89678347
vt 0.82321417 0.89929950
vt 0.78108674 0.89927101
vt 0.75832134 0.89635199
vt 0.74480689 0.90017289
vt 0.71173584 0.89932299
vt 0.71760607 0.89687377
vt 0.69605434 0.89620835
vt 0.70362598 0.87738734
vt 0.69213784 0.87789536
vt 0.72182769 0.87134284
vt 0.87941694 0.86635596
vt 0.87924182 0.90017289
vt 0.80787617 0.90008974
vt 0.96154463 0.73754120
vt 0.95549029 0.74840152
vt 0.96994191 0.74649912
vt 0.95474952 0.73595506
vt 0.94511259 0.74060041
vt 0.94948941 0.75410545
vt 0.96754837 0.75389159
vt 0.93514812 0.75288624
vt 0.97659010 0.75410545
vt 0.93200481 0.74245495
vt 0.91828620 0.75164551
vt 0.77530026 0.29494119
vt 0.76607525 0.29927313
vt 0.77168965 0.29429555
vt 0.76545936 0.30898875
vt 0.77716446 0.30752552
vt 0.78022802 0.29517460
vt 0.78136045 0.30898875
vt 0.87336576 0.01631457
vt 0.87305152 0.00944412
vt 0.88145214 0.02178830
vt 0.86297709 0.01548648
vt 0.86265886 0.00820380
vt 0.85530728 0.01744175
vt 0.87121600 0.00475365
vt 0.85555905 0.02355701
vt 0.87412375 0.02483147
vt 0.88737190 0.01631570
vt 0.89178443 0.02168405
vt 0.89058083 0.02689123
vt 0.86090577 0.02664983
vt 0.87918037 0.00825447
vt 0.88097382 0.02887559
vt 0.85968047 0.00570679
vt 0.89055020 0.03241140
vt 0.85379857 0.01128495
vt 0.87116820 0.03241140
vt 0.99217576 0.30110514
vt 0.98692918 0.30029577
vt 0.98067808 0.31278455
vt 0.99433428 0.31080878
vt 0.97835690 0.30539489
vt 0.97921270 0.29779726
vt 0.98590326 0.29580700
vt 0.98802602 0.32065976
vt 0.99342167 0.29644346
vt 0.99779153 0.29740572
vt 0.99779153 0.32454622
vt 0.97954720 0.31732011
vt 0.98742288 0.28824544
vt 0.92024267 0.10938448
vt 0.91971195 0.10277247
vt 0.91352361 0.10398728
vt 0.92688334 0.10815883
vt 0.90999770 0.10988891
vt 0.90543014 0.10626280
vt 0.92851555 0.10069144
vt 0.90424335 0.11270267
vt 0.91014862 0.11693370
vt 0.92861938 0.11603808
vt 0.90519685 0.11774331
vt 0.93242049 0.10665131
vt 0.91063374 0.12173259
vt 0.92963153 0.12316334
vt 0.93242049 0.11875635
vt 0.89973497 0.11296898
vt 0.90141517 0.10799688
vt 0.01594555 0.30143070
vt 0.00839223 0.30899173
vt 0.02177782 0.31163561
vt 0.02252650 0.29602420
vt 0.01318356 0.32022476
vt 0.02252650 0.31540525
vt 0.01941544 0.31790125
vt 0.91701299 0.18699008
vt 0.92310798 0.17894870
vt 0.92596966 0.18706965
vt 0.90776497 0.18486786
vt 0.93505716 0.17991495
vt 0.93565589 0.18651378
vt 0.94271010 0.18586218
vt 0.94367105 0.18087250
vt 0.92508411 0.17602730
vt 0.94683796 0.18763155
vt 0.94517297 0.17698658
vt 0.90940690 0.17572224
vt 0.90556556 0.19230771
vt 0.92482334 0.19096804
vt 0.94743818 0.19054902
vt 0.93468422 0.19230771
vt 0.90150177 0.17502159
vt 0.64130467 0.44804740
vt 0.64928162 0.44623196
vt 0.64196062 0.43448782
vt 0.65229172 0.43363476
vt 0.64901537 0.42633170
vt 0.63838434 0.42545485
vt 0.65187943 0.41499615
vt 0.64249253 0.41595799
vt 0.64794511 0.40959948
vt 0.64241046 0.40958565
vt 0.65213674 0.45223320
vt 0.64158738 0.45444930
vt 0.65591872 0.44665533
vt 0.63665062 0.41200233
vt 0.65591872 0.40838373
vt 0.63370812 0.42664587
vt 0.63541067 0.43444049
vt 0.63673013 0.44989359
vt 0.62765020 0.41633570
vt 0.64827621 0.45764911
vt 0.63138735 0.67311770
vt 0.62933743 0.68400520
vt 0.62332731 0.67396700
vt 0.61533624 0.68129945
vt 0.61686140 0.68676668
vt 0.61210841 0.67694163
vt 0.62805313 0.69039851
vt 0.61680758 0.67148203
vt 0.62990487 0.66940361
vt 0.61661494 0.69101125
vt 0.64007032 0.67491364
vt 0.60739326 0.67174077
vt 0.63589662 0.66954356
vt 0.64090109 0.68398041
vt 0.61230785 0.68818629
vt 0.63482392 0.69101125
vt 0.60746849 0.68045688
vt 0.60114843 0.68304211
vt 0.79764009 0.02459550
vt 0.80661547 0.02137148
vt 0.79892182 0.01676565
vt 0.80697882 0.00801283
vt 0.79743814 0.01030821
vt 0.79196113 0.02064574
vt 0.80140102 0.03029788
vt 0.79245812 0.00479144
vt 0.80188614 0.00216079
vt 0.80697882 0.02916700
vt 0.79574734 0.03068280
vt 0.28266636 0.95877075
vt 0.27836514 0.95080501
vt 0.28265250 0.95006597
vt 0.26869273 0.95951360
vt 0.26951954 0.95372277
vt 0.28941613 0.94969922
vt 0.27617109 0.96684617
vt 0.27256268 0.94685680
vt 0.29539388 0.95283097
vt 0.29395908 0.93906653
vt 0.30365148 0.94671881
vt 0.28422147 0.96323043
vt 0.26608655 0.95714575
vt 0.28544557 0.97450304
vt 0.26618224 0.96322751
vt 0.26104242 0.96060991
vt 0.30699936 0.96741259
vt 0.30558276 0.95720536
vt 0.29868421 0.96702677
vt 0.31828076 0.97231728
vt 0.32570916 0.95389539
vt 0.31202391 0.94800395
vt 0.30871007 0.95124763
vt 0.32543930 0.97142249
vt 0.33014596 0.95622700
vt 0.29522607 0.96958160
vt 0.34060755 0.96125686
vt 0.30350110 0.97190124
vt 0.33963251 0.95644039
vt 0.32812321 0.94985086
vt 0.32158196 0.95041806
vt 0.34009910 0.97031581
vt 0.32683492 0.97450304
vt 0.34761485 0.96720350
vt 0.05873779 0.65375733
vt 0.05096465 0.64049155
vt 0.06371707 0.64606625
vt 0.05278462 0.65912712
vt 0.06198268 0.66823232
vt 0.06829944 0.66412193
vt 0.05657832 0.63697022
vt 0.05472437 0.67055309
vt 0.06213605 0.68225670
vt 0.04993057 0.63377082
vt 0.05675897 0.63020509
vt 0.06934629 0.68323249
vt 0.06833098 0.63635248
vt 0.06829520 0.64995062
vt 0.06934629 0.61927396
vt 0.04637809 0.63857764
vt 0.04758925 0.65280253
vt 0.98793972 0.46221483
vt 0.97816437 0.47084725
vt 0.98601788 0.47570515
vt 0.97833759 0.48075759
vt 0.98308712 0.46074033
vt 0.99462807 0.46522039
vt 0.99602473 0.46024203
vt 0.99450535 0.47607881
vt 0.99057698 0.48201120
vt 0.97732478 0.48925889
vt 0.98367029 0.49273169
vt 0.99021637 0.49383694
vt 0.96952295 0.49192464
vt 0.99602473 0.49481416
vt 0.97511321 0.49358416
vt 0.32187468 0.58758676
vt 0.33272517 0.58943129
vt 0.32827795 0.59939498
vt 0.31853539 0.59684181
vt 0.31849855 0.58995807
vt 0.33929816 0.59849858
vt 0.33827698 0.59159023
vt 0.34673145 0.59277421
vt 0.34608126 0.58921474
vt 0.32909539 0.58643043
vt 0.31228453 0.58887976
vt 0.31139576 0.59939498
vt 0.31505626 0.58838457
vt 0.94655478 0.99178910
vt 0.97482330 0.99178910
vt 0.96367878 0.98746759
vt 0.95464438 0.98908055
vt 0.58969390 0.81616265
vt 0.56693786 0.81823117
vt 0.55086744 0.81567770
vt 0.59925508 0.81902915
vt 0.52671129 0.81730306
vt 0.51630414 0.81602329
vt 0.50662541 0.81808209
vt 0.60785341 0.81794131
vt 0.60886949 0.82233399
vt 0.63361329 0.82141107
vt 0.61618024 0.82627159
vt 0.64648360 0.82856023
vt 0.65175188 0.82929993
vt 0.66451359 0.82819939
vt 0.67293900 0.82900220
vt 0.70574856 0.82546794
vt 0.70072287 0.82680058
vt 0.67663354 0.82618719
vt 0.72653347 0.82761312
vt 0.74182165 0.82375580
vt 0.73791772 0.82665294
vt 0.74466211 0.81920958
vt 0.66302931 0.82035738
vt 0.69452763 0.82056284
vt 0.71476346 0.81350267
vt 0.73874760 0.81362683
vt 0.67244798 0.81155896
vt 0.63295764 0.81451237
vt 0.74725294 0.81642312
vt 0.74745595 0.80632043
vt 0.74639523 0.82470268
vt 0.66058111 0.80618727
vt 0.63161635 0.80622846
vt 0.64596432 0.80255502
vt 0.62933207 0.80003226
vt 0.64768898 0.80106699
vt 0.60905892 0.80357075
vt 0.61208683 0.79900163
vt 0.60144114 0.80113733
vt 0.73332316 0.80546969
vt 0.73988032 0.80119491
vt 0.69393677 0.80314493
vt 0.59410858 0.80257845
vt 0.57799888 0.80704266
vt 0.56497186 0.80587506
vt 0.55776268 0.80303895
vt 0.54556805 0.81237125
vt 0.65918219 0.80143541
vt 0.64677697 0.79306489
vt 0.70779502 0.78538662
vt 0.66006953 0.78435612
vt 0.64867777 0.78552872
vt 0.64262193 0.79516178
vt 0.73271602 0.78839374
vt 0.73888707 0.79079163
vt 0.74779153 0.79899037
vt 0.74451846 0.82929993
vt 0.74434066 0.79066849
vt 0.58903861 0.71454632
vt 0.59438360 0.70039290
vt 0.59144825 0.71558851
vt 0.58492321 0.72304827
vt 0.58157951 0.72228718
vt 0.58481449 0.71099353
vt 0.59524542 0.68696243
vt 0.58594280 0.69487035
vt 0.58983225 0.67915702
vt 0.59815055 0.66977793
vt 0.57509583 0.72232449
vt 0.57214749 0.71031678
vt 0.59411192 0.65692806
vt 0.60164243 0.65822124
vt 0.57754254 0.66356045
vt 0.58516741 0.65200615
vt 0.57672936 0.70051748
vt 0.57309932 0.67475820
vt 0.57045442 0.67178887
vt 0.56365675 0.67979318
vt 0.56508654 0.68771064
vt 0.56489730 0.70419496
vt 0.56461197 0.71152949
vt 0.59752077 0.64396489
vt 0.58372587 0.63355112
vt 0.59612328 0.61824226
vt 0.60366058 0.62737995
vt 0.60998231 0.62419105
vt 0.60589039 0.64991879
vt 0.60592681 0.61395872
vt 0.57842046 0.65203166
vt 0.57034874 0.66747200
vt 0.58949083 0.62076408
vt 0.55854160 0.68994546
vt 0.59075713 0.61618710
vt 0.59282863 0.61006111
vt 0.60123575 0.60522288
vt 0.59359372 0.59765011
vt 0.58216888 0.61016810
vt 0.58488506 0.59608942
vt 0.56572920 0.60657084
vt 0.55846101 0.59248054
vt 0.55559278 0.60285538
vt 0.54557765 0.59776157
vt 0.57105088 0.70750695
vt 0.56714809 0.72999156
vt 0.54772800 0.72918570
vt 0.54242653 0.71943676
vt 0.51971972 0.72795641
vt 0.50972861 0.72464049
vt 0.53403920 0.71446782
vt 0.52874249 0.70623636
vt 0.53432620 0.70879698
vt 0.53449446 0.70174789
vt 0.49983954 0.71411449
vt 0.48615515 0.72276306
vt 0.47383469 0.71025896
vt 0.46733013 0.71764779
vt 0.45761913 0.71041375
vt 0.43413007 0.70908970
vt 0.43430147 0.72185647
vt 0.40789229 0.72128069
vt 0.40271753 0.70783228
vt 0.38702729 0.70585567
vt 0.43604857 0.69796944
vt 0.34542760 0.71878284
vt 0.36124519 0.70568520
vt 0.40337208 0.69920021
vt 0.35469836 0.72663480
vt 0.33076560 0.72857499
vt 0.53779811 0.71126312
vt 0.33346203 0.70433736
vt 0.46560928 0.72146946
vt 0.46024621 0.70314658
vt 0.45947179 0.69959295
vt 0.50611854 0.70754403
vt 0.52378500 0.70199960
vt 0.47800708 0.70378745
vt 0.44673917 0.69473767
vt 0.53242296 0.69510394
vt 0.53975058 0.69788104
vt 0.32911703 0.71648079
vt 0.54426658 0.71011025
vt 0.55097502 0.70980680
vt 0.37813899 0.69698286
vt 0.41341814 0.69350255
vt 0.32729682 0.70217872
vt 0.55028445 0.70694107
vt 0.48844162 0.72593719
vt 0.58036608 0.73163354
vt 0.55000955 0.73116720
vt 0.53037149 0.72876197
vt 0.50528407 0.72687101
vt 0.57919884 0.61651349
vt 0.56035566 0.60913724
vt 0.55348104 0.60530478
vt 0.58714956 0.62175113
vt 0.55484360 0.69824815
vt 0.60206741 0.67406660
vt 0.55059958 0.60292661
vt 0.33118346 0.73163354
vt 0.48361340 0.72563708
vt 0.46889386 0.72363949
vt 0.02939545 0.85924792
vt 0.04039529 0.85315102
vt 0.02931963 0.85015208
vt 0.03391084 0.84269011
vt 0.02715984 0.84643632
vt 0.04637807 0.85067379
vt 0.02606062 0.85128361
vt 0.01369258 0.82877684
vt 0.02575557 0.82648265
vt 0.02149162 0.82213050
vt 0.03004385 0.82327825
vt 0.03155244 0.81830359
vt 0.02614496 0.81048697
vt 0.03299331 0.80337077
vt 0.04150871 0.87078649
vt 0.03766326 0.81854790
vt 0.04278225 0.81334996
vt 0.04637809 0.80721873
vt 0.65841502 0.09322321
vt 0.66624838 0.09141660
vt 0.66167843 0.08061928
vt 0.67347670 0.09959590
vt 0.67491996 0.07118827
vt 0.66900772 0.07198322
vt 0.67310899 0.06284118
vt 0.67573476 0.05494058
vt 0.66838944 0.05500525
vt 0.67341268 0.04612863
vt 0.67746449 0.09710526
vt 0.67947948 0.11910892
vt 0.65826738 0.14118904
vt 0.65178174 0.12375468
vt 0.66914260 0.15563476
vt 0.68240780 0.15185523
vt 0.67715943 0.20440698
vt 0.66802764 0.22924304
vt 0.68796653 0.26257157
vt 0.68828785 0.20202363
vt 0.67743933 0.25890702
vt 0.66666859 0.26244289
vt 0.69018900 0.18024021
vt 0.68949205 0.14812374
vt 0.68509954 0.14253598
vt 0.67960447 0.26278120
vt 0.68153858 0.06643915
vt 0.69127780 0.24258894
vt 0.65445054 0.09075189
vt 0.69194984 0.12790358
vt 0.68891484 0.12916350
vt 0.65845299 0.07998151
vt 0.69229192 0.11966187
vt 0.68405187 0.05824536
vt 0.67851949 0.04703641
vt 0.67481279 0.04159540
vt 0.67099071 0.04040605
vt 0.68232191 0.09441340
vt 0.69462425 0.26244783
vt 0.68273127 0.03390956
vt 0.69177479 0.20973533
vt 0.69072706 0.05554390
vt 0.68662822 0.07898092
vt 0.69501215 0.03702879
vt 0.69982064 0.04559761
vt 0.70550060 0.04004532
vt 0.70794457 0.02720731
vt 0.69506508 0.02657044
vt 0.68925977 0.09813422
vt 0.67162299 0.03059793
vt 0.66842788 0.03880733
vt 0.66361469 0.03398550
vt 0.68554670 0.02765381
vt 0.69946086 0.05423665
vt 0.69574904 0.07884759
vt 0.70203006 0.08754987
vt 0.70453864 0.07930642
vt 0.69655919 0.10377556
vt 0.71099091 0.04904294
vt 0.70885921 0.06615603
vt 0.71284407 0.05551052
vt 0.71510601 0.04039538
vt 0.71510601 0.03241724
vt 0.64785784 0.13070059
vt 0.64779532 0.09575742
vt 0.63212729 0.08994544
vt 0.63260311 0.13412988
vt 0.63888562 0.07390553
vt 0.64737874 0.16627854
vt 0.65109986 0.07131404
vt 0.64359158 0.05027848
vt 0.65106487 0.04597551
vt 0.64571583 0.03909826
vt 0.65039462 0.03912520
vt 0.62745142 0.16324431
vt 0.62629312 0.20186841
vt 0.64722836 0.21088552
vt 0.62574744 0.23017192
vt 0.64910716 0.24714047
vt 0.63465250 0.26278043
vt 0.65193385 0.26250446
vt 0.65100473 0.22979438
vt 0.61978775 0.26313686
vt 0.61294121 0.21148765
vt 0.61490911 0.11086494
vt 0.61747628 0.16767848
vt 0.60963911 0.17233467
vt 0.60496110 0.12731135
vt 0.59866542 0.16992849
vt 0.62832063 0.13159025
vt 0.62943864 0.08859175
vt 0.61324650 0.25061512
vt 0.61034310 0.26318061
vt 0.65268368 0.05973065
vt 0.65875709 0.07001853
vt 0.59705019 0.13324952
vt 0.59337890 0.10953522
vt 0.59901285 0.10161150
vt 0.59247965 0.07872462
vt 0.58758253 0.08140039
vt 0.59199333 0.05859393
vt 0.60553908 0.08251053
vt 0.61588037 0.08134997
vt 0.60311532 0.06342739
vt 0.61867553 0.06834000
vt 0.60958290 0.04796314
vt 0.59979242 0.20335019
vt 0.59997147 0.25003445
vt 0.60327995 0.26306015
vt 0.62252498 0.09886307
vt 0.58787513 0.04805988
vt 0.59240681 0.03506792
vt 0.61726564 0.05388212
vt 0.61731148 0.03922081
vt 0.60943609 0.03812826
vt 0.63073313 0.06751305
vt 0.66244447 0.06281191
vt 0.64804673 0.02422589
vt 0.63486665 0.06627780
vt 0.60195184 0.03095782
vt 0.59683454 0.02755904
vt 0.60238171 0.02183861
vt 0.63093299 0.05696082
vt 0.63940340 0.04363292
vt 0.58524734 0.04590559
vt 0.62227744 0.03925043
vt 0.64198494 0.03100461
vt 0.63315010 0.02428472
vt 0.63866943 0.01709706
vt 0.63770306 0.00907516
vt 0.62959266 0.04637522
vt 0.64681977 0.02061689
vt 0.63131142 0.03317600
vt 0.64139116 0.00916272
vt 0.78601956 0.15837556
vt 0.77692592 0.16350532
vt 0.77828711 0.15545797
vt 0.76901871 0.16016197
vt 0.76899296 0.16897148
vt 0.78501886 0.16897148
vt 0.79043365 0.15741783
vt 0.79372793 0.16313905
vt 0.78803968 0.15514332
vt 0.78630811 0.14839625
vt 0.77956170 0.14736390
vt 0.88030034 0.71270239
vt 0.88808239 0.70920360
vt 0.89069843 0.71934456
vt 0.88446772 0.72212619
vt 0.89384687 0.71853155
vt 0.89197594 0.70933563
vt 0.90075070 0.71746844
vt 0.90503532 0.72212619
vt 0.88452429 0.70829731
vt 0.02244493 0.93126827
vt 0.02369872 0.92786491
vt 0.01158294 0.93514794
vt 0.02658835 0.92932528
vt 0.01538548 0.92596418
vt 0.03326533 0.92598659
vt 0.01640387 0.93779057
vt 0.02559547 0.94335127
vt 0.00782134 0.92563218
vt 0.00984523 0.93592334
vt 0.02021397 0.92178047
vt 0.03172214 0.94438618
vt 0.02874601 0.93877566
vt 0.02296932 0.95265210
vt 0.02905730 0.95517838
vt 0.02638060 0.97165698
vt 0.01422428 0.96192187
vt 0.01907780 0.98139000
vt 0.01368615 0.97574240
vt 0.02657941 0.98431432
vt 0.03346085 0.98833191
vt 0.00952587 0.96518117
vt 0.03234018 0.96197581
vt 0.03679499 0.97308850
vt 0.04397786 0.97686583
vt 0.04902827 0.97186273
vt 0.00750883 0.95407468
vt 0.00929603 0.94531280
vt 0.04192545 0.98598260
vt 0.03388802 0.94006610
vt 0.03252849 0.93027419
vt 0.03863639 0.93139029
vt 0.03556118 0.92579889
vt 0.04233951 0.92464894
vt 0.04902827 0.93264103
vt 0.04447849 0.93717295
vt 0.03407019 0.95139849
vt 0.04129298 0.96995056
vt 0.98439592 0.95081937
vt 0.97931772 0.96122974
vt 0.97998035 0.95464790
vt 0.98444098 0.96153843
vt 0.99076879 0.95511293
vt 0.99160779 0.96152604
vt 0.98078609 0.94949853
vt 0.96779478 0.96094954
vt 0.97019434 0.95299131
vt 0.96208572 0.95668179
vt 0.96068907 0.96152604
vt 0.96307760 0.94857389
vt 0.28262228 0.61574149
vt 0.28674886 0.61063093
vt 0.29269648 0.61388260
vt 0.29156455 0.62273121
vt 0.29902828 0.61420780
vt 0.27988017 0.62273121
vt 0.27871025 0.61499345
vt 0.85214221 0.04105443
vt 0.84180069 0.03970134
vt 0.84466183 0.03246409
vt 0.83524734 0.03469950
vt 0.85352355 0.02781606
vt 0.85733217 0.03285944
vt 0.85561538 0.03984171
vt 0.84251094 0.02431780
vt 0.83588457 0.03013062
vt 0.85086608 0.02117544
vt 0.83564693 0.04105443
vt 0.98281020 0.71178871
vt 0.98765194 0.70369101
vt 0.97897899 0.70423764
vt 0.99017119 0.71383065
vt 0.98768264 0.72084302
vt 0.99425793 0.70896071
vt 0.99383241 0.70115161
vt 0.98374718 0.69555730
vt 0.99143612 0.69370097
vt 0.98799139 0.69014692
vt 0.97883654 0.71717697
vt 0.97570670 0.70811641
vt 0.99287528 0.71398824
vt 0.99383241 0.72299051
vt 0.68172014 0.49667883
vt 0.68002945 0.50552052
vt 0.68878824 0.50299102
vt 0.68562996 0.51068360
vt 0.69414860 0.51207763
vt 0.69253069 0.50262225
vt 0.67712015 0.51160747
vt 0.68028635 0.49381930
vt 0.68160588 0.48703539
vt 0.68990326 0.51958239
vt 0.69790959 0.52359933
vt 0.69648260 0.53684556
vt 0.68468046 0.53306103
vt 0.68601859 0.54238564
vt 0.69452721 0.54851747
vt 0.68233448 0.53794086
vt 0.70058972 0.54465967
vt 0.69863570 0.51270252
vt 0.69072944 0.56136560
vt 0.68275899 0.52022779
vt 0.70273852 0.50294077
vt 0.70273852 0.53577417
vt 0.08793302 0.55964565
vt 0.06848521 0.56160110
vt 0.11461405 0.55328459
vt 0.12870416 0.55204219
vt 0.07999074 0.56765395
vt 0.06896037 0.57025707
vt 0.05609541 0.56438923
vt 0.05732962 0.57461339
vt 0.09047900 0.56808311
vt 0.09833187 0.56245518
vt 0.11637764 0.55795395
vt 0.12885085 0.55657822
vt 0.13618633 0.55114639
vt 0.13511153 0.56464791
vt 0.09818377 0.56989348
vt 0.11374794 0.57415265
vt 0.12556174 0.57139403
vt 0.11884460 0.57692307
vt 0.14626986 0.55686283
vt 0.14787455 0.54753673
vt 0.15935877 0.54806179
vt 0.15661404 0.55405831
vt 0.16353069 0.55514389
vt 0.16977575 0.54871058
vt 0.17473920 0.56760216
vt 0.18550122 0.55844760
vt 0.18155973 0.55070937
vt 0.19410904 0.56175441
vt 0.16953561 0.56910443
vt 0.19478798 0.56704801
vt 0.18326692 0.57692307
vt 0.17620340 0.57555342
vt 0.90850979 0.45013195
vt 0.92142987 0.44734281
vt 0.91342402 0.45415080
vt 0.92005992 0.44367337
vt 0.92299229 0.45346320
vt 0.90238518 0.45761800
vt 0.91329622 0.45764911
vt 0.92301852 0.45761800
vt 0.92535335 0.44122732
vt 0.49781260 0.01426101
vt 0.49433458 0.01685393
vt 0.50779879 0.01685393
vt 0.48189047 0.01477402
vt 0.52871025 0.01547819
vt 0.89087385 0.48512024
vt 0.89599103 0.48420811
vt 0.89361781 0.48003101
vt 0.90061837 0.47591126
vt 0.89596575 0.49072003
vt 0.89252645 0.49390543
vt 0.89028215 0.47565866
vt 0.89927101 0.46888506
vt 0.89551437 0.49736905
vt 0.89133108 0.49826723
vt 0.88825089 0.49404621
vt 0.90061837 0.50172859
vt 0.57010895 0.79386342
vt 0.56110775 0.79229987
vt 0.56551152 0.78662670
vt 0.56984842 0.78511691
vt 0.55981892 0.78391391
vt 0.55505258 0.78437173
vt 0.55352187 0.79386342
vt 0.55980921 0.77808481
vt 0.56244928 0.77370071
vt 0.57022971 0.77511370
vt 0.55344522 0.77511048
vt 0.55558634 0.76901066
vt 0.56107497 0.76707000
vt 0.44593933 0.11279172
vt 0.45256963 0.10897255
vt 0.44304326 0.10854024
vt 0.45172593 0.11270076
vt 0.45637086 0.11096650
vt 0.43935373 0.10196698
vt 0.43544853 0.10447931
vt 0.45277324 0.09994042
vt 0.43242049 0.09497464
vt 0.43890503 0.09588611
vt 0.46013618 0.10327637
vt 0.45773509 0.09433502
vt 0.46827003 0.10085690
vt 0.46969992 0.09532273
vt 0.47305652 0.10447043
vt 0.46752462 0.10539359
vt 0.45413348 0.08381015
vt 0.43937063 0.09016603
vt 0.46033740 0.08658564
vt 0.44340584 0.08337188
vt 0.43294427 0.08170241
vt 0.44272318 0.07562661
vt 0.45060605 0.07759696
vt 0.43524867 0.07637101
vt 0.47077715 0.09139788
vt 0.47305652 0.08529443
vt 0.46598411 0.08268875
vt 0.01483589 0.78475624
vt 0.01978948 0.77774101
vt 0.01230219 0.77921540
vt 0.02025870 0.78719735
vt 0.02467815 0.78147680
vt 0.01405596 0.79386342
vt 0.00969773 0.79010063
vt 0.02782683 0.78395814
vt 0.01309769 0.77561206
vt 0.02341354 0.77187377
vt 0.00745442 0.78550327
vt 0.00365831 0.79247892
vt 0.00290256 0.78788447
vt 0.00613301 0.77526176
vt 0.00386710 0.78327888
vt 0.01770138 0.77035975
vt 0.02101885 0.76335961
vt 0.02628399 0.76531786
vt 0.02782685 0.75766891
vt 0.01437174 0.75738502
vt 0.00744951 0.76463443
vt 0.00132509 0.75669837
vt 0.64722526 0.64344507
vt 0.64335924 0.64952463
vt 0.64101970 0.64176691
vt 0.65326858 0.64952463
vt 0.63648409 0.64348042
vt 0.64539027 0.63483149
vt 0.63863784 0.63653100
vt 0.65269500 0.63917673
vt 0.72728729 0.98431033
vt 0.72739846 0.99341398
vt 0.72148216 0.99337572
vt 0.73525804 0.97982305
vt 0.73151314 0.97457087
vt 0.73576820 0.97182804
vt 0.72442484 0.98242903
vt 0.73948926 0.99344927
vt 0.74728298 0.98948526
vt 0.73935282 0.99783921
vt 0.74939162 0.98004264
vt 0.75397527 0.98852748
vt 0.74330336 0.97123665
vt 0.71955007 0.98077041
vt 0.70385814 0.98401731
vt 0.71516359 0.99525732
vt 0.70458680 0.99783921
vt 0.70273554 0.97795010
vt 0.68948764 0.98186409
vt 0.70765495 0.97369295
vt 0.71676981 0.97097164
vt 0.71261722 0.96861714
vt 0.70019048 0.97388971
vt 0.72819978 0.97546947
vt 0.72117984 0.96789247
vt 0.72875166 0.96758860
vt 0.96119392 0.93343991
vt 0.96827000 0.92884481
vt 0.96863955 0.93593431
vt 0.95080912 0.92642397
vt 0.95603549 0.93543237
vt 0.96227777 0.93867671
vt 0.94660580 0.93173009
vt 0.93019366 0.92429835
vt 0.92535907 0.91922343
vt 0.88788593 0.92618817
vt 0.91230595 0.91802162
vt 0.88803113 0.93324316
vt 0.90583903 0.92958504
vt 0.92035300 0.92616242
vt 0.87177503 0.92512339
vt 0.90129232 0.91610110
vt 0.89377999 0.91227311
vt 0.88205504 0.91871339
vt 0.93467891 0.93353921
vt 0.91967171 0.93400609
vt 0.90011853 0.93675184
vt 0.88484621 0.93812901
vt 0.87396663 0.93695539
vt 0.86002988 0.93156654
vt 0.85820895 0.92483664
vt 0.85234702 0.91924810
vt 0.84724909 0.93501478
vt 0.85177869 0.91353464
vt 0.86044592 0.92003477
vt 0.83789754 0.91984338
vt 0.84155327 0.91614562
vt 0.86150467 0.93678617
vt 0.85343856 0.93551868
vt 0.92612481 0.93877745
vt 0.88119566 0.91555309
vt 0.87129569 0.91470122
vt 0.91166198 0.94048339
vt 0.95043862 0.94079518
vt 0.84760350 0.93890333
vt 0.83932072 0.93540204
vt 0.84164768 0.93751824
vt 0.83807921 0.94079518
vt 0.86482042 0.91369218
vt 0.90680212 0.80855662
vt 0.90680212 0.82065690
vt 0.90238518 0.81728101
vt 0.40551972 0.85614109
vt 0.40590554 0.85220200
vt 0.40926439 0.85210162
vt 0.40990272 0.85727423
vt 0.40088904 0.85674661
vt 0.39907739 0.86166292
vt 0.39173311 0.85857302
vt 0.39561912 0.86597574
vt 0.39102003 0.86486691
vt 0.40061262 0.86710095
vt 0.40615010 0.86660028
vt 0.40919256 0.86474800
vt 0.40621939 0.86716408
vt 0.39187679 0.84757125
vt 0.40198657 0.84853756
vt 0.37323323 0.87636483
vt 0.38208717 0.87413609
vt 0.38166299 0.88291323
vt 0.38373002 0.87943435
vt 0.38567647 0.87187308
vt 0.39294183 0.88090461
vt 0.40123299 0.87588447
vt 0.40406218 0.87494737
vt 0.37744692 0.88714099
vt 0.39643338 0.88586795
vt 0.40310419 0.88234836
vt 0.40481946 0.87743860
vt 0.40092608 0.88611883
vt 0.39996904 0.89240855
vt 0.38827407 0.89038098
vt 0.39489943 0.89673293
vt 0.38865727 0.90190148
vt 0.40728608 0.89772469
vt 0.41392070 0.90096003
vt 0.41190657 0.87362707
vt 0.42360008 0.87308979
vt 0.41782963 0.86957681
vt 0.42580631 0.87035823
vt 0.45592755 0.87991428
vt 0.42538339 0.85452819
vt 0.43205574 0.85131401
vt 0.43973619 0.86435640
vt 0.41688192 0.86413103
vt 0.41441643 0.85391319
vt 0.42393282 0.85060740
vt 0.44367528 0.85983777
vt 0.45276359 0.86379981
vt 0.47099450 0.86389893
vt 0.48437434 0.87341237
vt 0.47278297 0.88629156
vt 0.48955652 0.89103097
vt 0.50347888 0.88387460
vt 0.50771159 0.89878798
vt 0.52807206 0.89594322
vt 0.50267804 0.88007241
vt 0.52652389 0.88385201
vt 0.44164521 0.84858304
vt 0.54726148 0.88233376
vt 0.52259010 0.90190148
vt 0.41494125 0.84757465
vt 0.44934753 0.85558206
vt 0.44882238 0.84874332
vt 0.48567158 0.86713982
vt 0.44588640 0.84559679
vt 0.45188415 0.84165621
vt 0.45514110 0.85797560
vt 0.46270853 0.86055332
vt 0.46882042 0.85872823
vt 0.45225480 0.84868121
vt 0.45969981 0.84469754
vt 0.45756343 0.84140015
vt 0.45584741 0.85258329
vt 0.45981470 0.85366380
vt 0.46434373 0.84942156
vt 0.28600234 0.84274870
vt 0.28141516 0.83795542
vt 0.28694391 0.83900362
vt 0.29461130 0.83876461
vt 0.29228878 0.84917891
vt 0.28711739 0.84769684
vt 0.27771172 0.84917891
vt 0.27601746 0.84256679
vt 0.27220479 0.84759235
vt 0.26830783 0.84173125
vt 0.27158257 0.83767295
vt 0.28679690 0.83535004
vt 0.26483825 0.84746575
vt 0.25839221 0.84349263
vt 0.61352342 0.56528121
vt 0.61811608 0.55674481
vt 0.61280757 0.55622596
vt 0.61881626 0.56665337
vt 0.61324590 0.58142066
vt 0.61881626 0.59567243
vt 0.61359030 0.59603018
vt 0.60866475 0.57031000
vt 0.60718518 0.56367987
vt 0.60717207 0.58525592
vt 0.60717136 0.59748077
vt 0.61677635 0.60112357
vt 0.60486341 0.55820215
vt 0.60114843 0.59073800
vt 0.60410535 0.59969741
vt 0.60601985 0.54389435
vt 0.61335737 0.54420173
vt 0.60852051 0.53488582
vt 0.60522550 0.53653777
vt 0.60218775 0.51985323
vt 0.60539395 0.51728606
vt 0.61057973 0.52897954
vt 0.61792755 0.54618019
vt 0.60923040 0.51751995
vt 0.88669187 0.64779150
vt 0.88033825 0.63435984
vt 0.88088745 0.64310867
vt 0.87959433 0.64875251
vt 0.88628298 0.66133571
vt 0.87555033 0.65511477
vt 0.87323320 0.67061174
vt 0.88825089 0.67199653
vt 0.88807595 0.63869327
vt 0.88028520 0.62720144
vt 0.88825089 0.62273121
vt 0.08175006 0.97450304
vt 0.06569261 0.97469401
vt 0.06520145 0.97623163
vt 0.05167845 0.97573197
vt 0.09054770 0.97623163
vt 0.52335382 0.06686664
vt 0.52301449 0.05775821
vt 0.52617818 0.06320435
vt 0.51553148 0.05823255
vt 0.51751947 0.04886383
vt 0.51245546 0.05351686
vt 0.52147698 0.04266894
vt 0.51069105 0.06201231
vt 0.53945130 0.06277961
vt 0.53322482 0.05459982
vt 0.54075927 0.05062050
vt 0.53923130 0.03898454
vt 0.52190620 0.03861719
vt 0.50678617 0.05952567
vt 0.50465012 0.05384767
vt 0.49229312 0.05343294
vt 0.49446797 0.04596180
vt 0.49307519 0.06272328
vt 0.48572883 0.06224900
vt 0.48596418 0.06689507
vt 0.48067737 0.04729235
vt 0.48149121 0.05367893
vt 0.47508979 0.04766369
vt 0.48236924 0.04265547
vt 0.47454542 0.03998679
vt 0.48984712 0.04462844
vt 0.50456583 0.04435730
vt 0.49720663 0.06513393
vt 0.47167596 0.06132132
vt 0.53538764 0.03557622
vt 0.54461133 0.03502935
vt 0.51527280 0.06244880
vt 0.53841776 0.06695026
vt 0.47641104 0.06718373
vt 0.46210629 0.06512994
vt 0.46772912 0.05777919
vt 0.46461847 0.04742908
vt 0.45852762 0.05008548
vt 0.44920334 0.05614173
vt 0.43991488 0.05274838
vt 0.43252802 0.06136727
vt 0.44260451 0.06296319
vt 0.41151762 0.06197774
vt 0.40538552 0.06741005
vt 0.38177183 0.06597400
vt 0.37298429 0.07690167
vt 0.35725936 0.07508022
vt 0.36109933 0.08277887
vt 0.36547232 0.06391019
vt 0.40476024 0.05847991
vt 0.36855939 0.08254260
vt 0.38009614 0.07884461
vt 0.39142975 0.07506257
vt 0.46865553 0.03778768
vt 0.41212583 0.06970465
vt 0.45983532 0.04228550
vt 0.46599242 0.03016609
vt 0.47495311 0.03144491
vt 0.48253527 0.03783822
vt 0.48276955 0.03276730
vt 0.50159365 0.03446585
vt 0.50982249 0.03150284
vt 0.48538676 0.02853841
vt 0.50016892 0.02508646
vt 0.50904894 0.02635545
vt 0.52214032 0.03201586
vt 0.45526388 0.02934051
vt 0.35550761 0.06533164
vt 0.45185345 0.04681003
vt 0.44251010 0.04944551
vt 0.45229036 0.03913391
vt 0.44703060 0.02864045
vt 0.44572452 0.03524327
vt 0.43805823 0.02906156
vt 0.41860497 0.03178227
vt 0.44059879 0.02184534
vt 0.42090631 0.02400708
vt 0.40619138 0.02651662
vt 0.40777159 0.02017891
vt 0.40255770 0.03241742
vt 0.39269513 0.01928902
vt 0.39127141 0.03111553
vt 0.37172872 0.02111322
vt 0.37786222 0.01633334
vt 0.37173241 0.01406187
vt 0.37662321 0.03075141
vt 0.36380276 0.02621567
vt 0.39178550 0.01538903
vt 0.45426822 0.01988983
vt 0.42190519 0.01865989
vt 0.40469727 0.01828390
vt 0.47618589 0.02462333
vt 0.51379037 0.02055156
vt 0.51014972 0.01947439
vt 0.36115912 0.01328540
vt 0.36049020 0.02177143
vt 0.34685862 0.01660025
vt 0.34707364 0.02302915
vt 0.34721342 0.01236778
vt 0.51970065 0.02035630
vt 0.52789676 0.02429974
vt 0.53184491 0.02303076
vt 0.53568321 0.02590799
vt 0.44531721 0.01595277
vt 0.45535085 0.01713574
vt 0.46443731 0.01818866
vt 0.44585317 0.01388705
vt 0.40827388 0.01009089
vt 0.43328243 0.01072049
vt 0.41042483 0.00856143
vt 0.35657564 0.00265074
vt 0.35698777 0.00486487
vt 0.34660813 0.00321531
vt 0.48081037 0.02183014
vt 0.48988470 0.01911193
vt 0.47414383 0.01988810
vt 0.41586965 0.05345416
vt 0.38218597 0.01399773
vt 0.39628577 0.00504839
vt 0.45374727 0.04455554
vt 0.51115716 0.04938722
vt 0.50576043 0.04690921
vt 0.51369035 0.04288900
vt 0.51043314 0.04575747
vt 0.52810937 0.03235358
vt 0.51977301 0.03329623
vt 0.51479596 0.03441131
vt 0.34757122 0.00043213
vt 0.34531778 0.02037948
vt 0.43419212 0.03732681
vt 0.44511861 0.04096699
vt 0.41064838 0.03654653
vt 0.35932672 0.08513397
vt 0.46623090 0.06908083
vt 0.45224828 0.06566310
vt 0.42834628 0.06798470
vt 0.47784349 0.06948811
vt 0.44463819 0.04554260
vt 0.40663528 0.04196906
vt 0.38635510 0.05003721
vt 0.23670006 0.05047411
vt 0.27037966 0.06311870
vt 0.05110808 0.07601160
vt 0.02961197 0.05981427
vt 0.02073895 0.08003974
vt 0.01916280 0.08513397
vt 0.01704884 0.05606055
vt 0.19820757 0.07098413
vt 0.48659530 0.07043803
vt 0.50242162 0.04114336
vt 0.50658327 0.07125872
vt 0.49662781 0.07191014
vt 0.41948000 0.07169032
vt 0.43739501 0.06823575
vt 0.34305191 0.01048261
vt 0.52073926 0.03840381
vt 0.00044170 0.07499558
vt 0.39310411 0.93004525
vt 0.40385777 0.92426229
vt 0.40856892 0.92591959
vt 0.39466479 0.92090213
vt 0.38428706 0.93429822
vt 0.31994087 0.92120612
vt 0.34251207 0.91584969
vt 0.33800724 0.93374568
vt 0.30243585 0.92908031
vt 0.32856241 0.91747540
vt 0.33361670 0.91245747
vt 0.30451104 0.92000794
vt 0.34493673 0.90708727
vt 0.35185817 0.92897439
vt 0.35315689 0.91854364
vt 0.35694447 0.93474501
vt 0.28994143 0.92174512
vt 0.28893176 0.93069094
vt 0.35249344 0.90872729
vt 0.30127862 0.93474501
vt 0.37730074 0.93260759
vt 0.38192764 0.92237777
vt 0.27506679 0.92105091
vt 0.32130152 0.91513425
vt 0.27908683 0.91186732
vt 0.27675959 0.92796934
vt 0.27415255 0.91440159
vt 0.27164310 0.90960908
vt 0.28869641 0.93400586
vt 0.93936515 0.63635486
vt 0.94083470 0.63243920
vt 0.93406284 0.63291287
vt 0.93201017 0.62736452
vt 0.93830931 0.62638915
vt 0.93867540 0.61170173
vt 0.92800355 0.61020142
vt 0.93810743 0.60868227
vt 0.95086831 0.61017275
vt 0.94400024 0.62605047
vt 0.95284659 0.61872673
vt 0.94413787 0.60948020
vt 0.95474935 0.61129528
vt 0.96570426 0.61977679
vt 0.95713294 0.62643337
vt 0.95170254 0.63840288
vt 0.95550406 0.64453214
vt 0.95921028 0.64182556
vt 0.97113132 0.64179534
vt 0.96798986 0.65628374
vt 0.97393996 0.60828578
vt 0.97188628 0.68063325
vt 0.96189684 0.69132519
vt 0.96089590 0.66194981
vt 0.96421218 0.70244056
vt 0.97393996 0.70364296
vt 0.96911794 0.73336214
vt 0.97048563 0.60794026
vt 0.95680499 0.66447937
vt 0.95845675 0.69141001
vt 0.96101975 0.72463334
vt 0.95779216 0.60721701
vt 0.94074565 0.60544509
vt 0.11891301 0.01611871
vt 0.11583769 0.01408482
vt 0.11826613 0.00388938
vt 0.12215654 0.00862384
vt 0.12658344 0.00610900
vt 0.12568574 0.01523840
vt 0.11552676 0.02614838
vt 0.11125627 0.02193511
vt 0.10600023 0.01913762
vt 0.10194721 0.02834982
vt 0.13937531 0.01240802
vt 0.14308593 0.01778674
vt 0.15663376 0.01743829
vt 0.09672356 0.02017766
vt 0.08811145 0.02977055
vt 0.10093227 0.04105443
vt 0.11801349 0.03742516
vt 0.08789752 0.02298057
vt 0.11893808 0.04001254
vt 0.13472472 0.03758711
vt 0.09753232 0.01711041
vt 0.09205066 0.03928614
vt 0.18726155 0.03252029
vt 0.17843291 0.01946861
vt 0.19394153 0.01956642
vt 0.17215656 0.02259344
vt 0.15695138 0.02338535
vt 0.17377338 0.03554368
vt 0.15694095 0.03468060
vt 0.14398552 0.02204150
vt 0.13899577 0.03335106
vt 0.12574708 0.03258395
vt 0.16132589 0.03856528
vt 0.19521864 0.02397114
vt 0.21690086 0.03166795
vt 0.21033895 0.02025807
vt 0.22303273 0.01580322
vt 0.21014862 0.01504689
vt 0.22566922 0.01103938
vt 0.21234562 0.01138121
vt 0.23928447 0.01750606
vt 0.23900329 0.03131247
vt 0.24399351 0.03535366
vt 0.29231033 0.03437209
vt 0.30165768 0.02390784
vt 0.33228856 0.02132010
vt 0.32783702 0.03892964
vt 0.33689752 0.04105443
vt 0.30254009 0.01789922
vt 0.33789754 0.02805096
vt 0.24685043 0.01255769
vt 0.21308237 0.03434932
vt 0.33784050 0.02094901
vt 0.20375687 0.01672554
vt 0.27530700 0.01264107
vt 0.19050625 0.03520608
vt 0.89537531 0.81566328
vt 0.89721203 0.80949938
vt 0.90138102 0.82134324
vt 0.90326858 0.82757133
vt 0.89336056 0.81199378
vt 0.90051001 0.80528343
vt 0.89192736 0.79853779
vt 0.88720965 0.80676818
vt 0.88550735 0.79787791
vt 0.88550436 0.79142749
vt 0.88024491 0.79326755
vt 0.87984353 0.78694898
vt 0.87482119 0.79153168
vt 0.87545609 0.79889351
vt 0.88097835 0.81041634
vt 0.87101173 0.80769366
vt 0.86881626 0.81785387
vt 0.88058919 0.81426662
vt 0.87012756 0.82757133
vt 0.50622916 0.84628803
vt 0.49621662 0.84485739
vt 0.49440128 0.84856105
vt 0.50138086 0.85639167
vt 0.51327425 0.85680026
vt 0.51885194 0.84589797
vt 0.52410793 0.85645515
vt 0.52517670 0.84889740
vt 0.51111150 0.86233401
vt 0.52517670 0.86410505
vt 0.50294513 0.86909235
vt 0.52298689 0.87092012
vt 0.51491511 0.86959296
vt 0.50004756 0.87424374
vt 0.48189047 0.85217559
vt 0.93776530 0.08317780
vt 0.94088000 0.08656532
vt 0.94302118 0.07821953
vt 0.93802655 0.09345466
vt 0.93108654 0.09283113
vt 0.94302118 0.10069144
vt 0.94298273 0.09651530
vt 0.93482661 0.09710848
vt 0.92748463 0.08679545
vt 0.91916960 0.08214414
vt 0.57803404 0.02643466
vt 0.57795197 0.02191395
vt 0.58145303 0.02323979
vt 0.58357888 0.03154707
vt 0.58919191 0.02766627
vt 0.58790648 0.02019989
vt 0.58436823 0.01633656
vt 0.57521516 0.02230084
vt 0.57319653 0.01121378
vt 0.58154559 0.00129646
vt 0.57090163 0.02222896
vt 0.57576382 0.00143367
vt 0.56285238 0.00621015
vt 0.56279701 0.01543760
vt 0.56680751 0.02112007
vt 0.56433326 0.02114969
vt 0.55664688 0.01135015
vt 0.59143108 0.00401753
vt 0.55634576 0.01721853
vt 0.56312817 0.02519935
vt 0.55720830 0.03055876
vt 0.55200541 0.02292949
vt 0.54196113 0.03154713
vt 0.54870099 0.02049756
vt 0.56334960 0.03045905
vt 0.57159859 0.02742881
vt 0.63489622 0.92264479
vt 0.63295054 0.91044575
vt 0.63652647 0.91702175
vt 0.63404363 0.90481228
vt 0.64707613 0.90354675
vt 0.65370375 0.91171902
vt 0.66379791 0.90271586
vt 0.68025202 0.90103716
vt 0.67931235 0.91886187
vt 0.66076517 0.92082059
vt 0.71920425 0.90354228
vt 0.70829332 0.91734439
vt 0.72817230 0.91575515
vt 0.73937666 0.91351283
vt 0.74432456 0.90238976
vt 0.76371992 0.90745068
vt 0.75283480 0.91693687
vt 0.76498497 0.90134364
vt 0.76563716 0.91839457
vt 0.78347480 0.92090416
vt 0.78343546 0.90809762
vt 0.80062991 0.92264479
vt 0.79879135 0.91253996
vt 0.80962896 0.91884023
vt 0.02320118 0.03634530
vt 0.01958159 0.03186357
vt 0.02619982 0.03322470
vt 0.01483573 0.03353310
vt 0.01136071 0.03814119
vt 0.00961279 0.03584009
vt 0.00574205 0.04400414
vt 0.00878314 0.02589452
vt 0.01549900 0.02734977
vt 0.00980711 0.02037483
vt 0.02557624 0.02610141
vt 0.03192790 0.02855378
vt 0.03775630 0.04312813
vt 0.03888234 0.03782576
vt 0.04184258 0.04537594
vt 0.03880163 0.01867241
vt 0.04774882 0.04053670
vt 0.05706969 0.03909546
vt 0.00823315 0.04537594
vt 0.02941073 0.01952815
vt 0.02003939 0.02153754
vt 0.02545868 0.01395291
vt 0.02422359 0.00648230
vt 0.03237193 0.01225483
vt 0.05307301 0.03221637
vt 0.06744936 0.03679705
vt 0.04736420 0.02648735
vt 0.02979884 0.00990158
vt 0.06440155 0.01957488
vt 0.06031230 0.01484877
vt 0.07754554 0.01283389
vt 0.08436396 0.03236312
vt 0.17019445 0.99505305
vt 0.16043136 0.99611062
vt 0.16033569 0.99295777
vt 0.16787656 0.99121451
vt 0.18212475 0.99493700
vt 0.18169734 0.98919618
vt 0.18470237 0.98977774
vt 0.19302121 0.99611062
vt 0.53806758 0.00993949
vt 0.53401059 0.01598960
vt 0.54065406 0.01359349
vt 0.54637808 0.01598960
vt 0.71333921 0.09903610
vt 0.71249366 0.09424949
vt 0.70843142 0.09982717
vt 0.70538867 0.09654754
vt 0.70578933 0.08902931
vt 0.71112740 0.08649719
vt 0.71333921 0.07908386
vt 0.86269093 0.75237685
vt 0.86187077 0.74805534
vt 0.85733217 0.75145322
vt 0.86793286 0.75145322
vt 0.97547317 0.89910126
vt 0.97378969 0.90502065
vt 0.96970254 0.90598065
vt 0.96406496 0.90284204
vt 0.97071016 0.89131206
vt 0.96379459 0.89061540
vt 0.96654648 0.88739198
vt 0.96381974 0.88547969
vt 0.97924030 0.88599753
vt 0.97306389 0.89495665
vt 0.95062417 0.89191431
vt 0.95135993 0.90154362
vt 0.91595781 0.90278542
vt 0.91553932 0.90795159
vt 0.90437430 0.90379733
vt 0.89729398 0.90759486
vt 0.93780595 0.90738082
vt 0.95317793 0.90545404
vt 0.89214212 0.90301317
vt 0.88295054 0.90501356
vt 0.96925068 0.90795159
vt 0.91783321 0.89639956
vt 0.94718713 0.88971847
vt 0.90193546 0.89728463
vt 0.91917467 0.89046049
vt 0.61881626 0.02410358
vt 0.61873287 0.02895421
vt 0.61472821 0.02895421
vt 0.61439931 0.02290404
vt 0.99425793 0.49567848
vt 0.99425793 0.53025067
vt 0.99337459 0.51965970
vt 0.98454064 0.65125322
vt 0.98454064 0.67718238
vt 0.98365724 0.67202169
vt 0.24366443 0.71746349
vt 0.24048574 0.71521115
vt 0.24725595 0.71348315
vt 0.24779151 0.71866900
vt 0.23542403 0.71866900
vt 0.62676680 0.42394125
vt 0.62500000 0.41660482
vt 0.62676680 0.41184098
vt 0.61704946 0.97796023
vt 0.61263251 0.97852182
vt 0.61310798 0.98170686
vt 0.61704946 0.98314607
vt 0.82994699 0.12849605
vt 0.83171380 0.11884183
vt 0.83171380 0.12921345
vt 0.50927562 0.99956787
vt 0.50750881 0.99524540
vt 0.50927562 0.99006051
vt 0.97482330 0.77038461
vt 0.97305655 0.77571303
vt 0.97305655 0.76447707
vt 0.12307926 0.87337941
vt 0.13118374 0.87251514
vt 0.11263251 0.87251514
vt 0.83259720 0.65903199
vt 0.83259720 0.66421783
vt 0.82994699 0.66421282
vt 0.99779153 0.61322385
vt 0.99779153 0.64606744
vt 0.99690813 0.61858541
vt 0.51810956 0.64347452
vt 0.52164310 0.64347452
vt 0.51987743 0.64001727
vt 0.83613074 0.27268797
vt 0.83701414 0.27752376
vt 0.83613074 0.28219533
vt 0.47204056 0.24762315
vt 0.47482333 0.24589455
vt 0.46952298 0.24589455
vt 0.93209076 0.59143186
vt 0.95008832 0.58899772
vt 0.93080574 0.55942547
vt 0.95008832 0.56213754
vt 0.92745119 0.59420913
vt 0.92623675 0.57203674
vt 0.93136156 0.55445117
vt 0.65683126 0.55083239
vt 0.67070496 0.54840106
vt 0.68479949 0.55439562
vt 0.65503532 0.56805706
vt 0.69069099 0.56569654
vt 0.68508565 0.54849398
vt 0.69655478 0.57260156
vt 0.66980839 0.57260156
vt 0.56852496 0.85356873
vt 0.57252377 0.88315284
vt 0.55161762 0.86853081
vt 0.55031449 0.85622084
vt 0.57429475 0.87185335
vt 0.56158715 0.88280809
vt 0.57821411 0.86159176
vt 0.54814488 0.85350043
vt 0.59668165 0.85774469
vt 0.58626354 0.86153340
vt 0.59297830 0.86619836
vt 0.60425460 0.88396287
vt 0.61223131 0.86158359
vt 0.60367006 0.88727486
vt 0.61422682 0.89398366
vt 0.59865004 0.91071099
vt 0.61001408 0.91870087
vt 0.59598017 0.87784582
vt 0.61616606 0.91678572
vt 0.61249161 0.93835616
vt 0.60129929 0.91518646
vt 0.60273230 0.94511670
vt 0.61436039 0.85568041
vt 0.61616606 0.86290026
vt 0.56086785 0.88631374
vt 0.57146841 0.88715935
vt 0.03900260 0.72353077
vt 0.05662583 0.69859123
vt 0.03767987 0.69695258
vt 0.02927085 0.72006971
vt 0.05672481 0.71891892
vt 0.04508462 0.69101125
vt 0.05962897 0.72558343
vt 0.02429329 0.72558343
vt 0.09896819 0.15163732
vt 0.10949033 0.17714924
vt 0.09761484 0.17212594
vt 0.11612800 0.15012330
vt 0.11616608 0.17761451
vt 0.10898998 0.14891881
vt 0.11616608 0.14477098
vt 0.69167387 0.00216079
vt 0.66740280 0.01426101
vt 0.69945288 0.01426101
vt 0.71775621 0.00456846
vt 0.93108851 0.13457179
vt 0.90018731 0.12489194
vt 0.92115003 0.14110190
vt 0.89887422 0.13748229
vt 0.90906549 0.14826971
vt 0.89885157 0.14432979
vt 0.93525410 0.12834346
vt 0.93411052 0.13447446
vt 0.95588279 0.13643372
vt 0.94300878 0.14327347
vt 0.94867772 0.14679337
vt 0.96333921 0.14581144
vt 0.95158833 0.15263802
vt 0.95288765 0.16072655
vt 0.96077478 0.17249531
vt 0.95209169 0.17336118
vt 0.95026511 0.18765235
vt 0.96272326 0.13603640
vt 0.94391310 0.20334697
vt 0.94890934 0.21685207
vt 0.94098526 0.22495502
vt 0.93719590 0.21631855
vt 0.93185467 0.22394043
vt 0.93046713 0.23725152
vt 0.92688245 0.22885209
vt 0.92215568 0.22985691
vt 0.91759437 0.23696607
vt 0.91157323 0.22881418
vt 0.90268397 0.23725152
vt 0.14118011 0.09891587
vt 0.13383391 0.11576784
vt 0.15578580 0.11948609
vt 0.15546723 0.10037899
vt 0.13562110 0.10193998
vt 0.15873928 0.11517411
vt 0.16096382 0.11637610
vt 0.16522361 0.11666656
vt 0.16635144 0.12229908
vt 0.20506437 0.12173748
vt 0.19678900 0.11638510
vt 0.19178705 0.11167455
vt 0.17281453 0.11193591
vt 0.20849693 0.11478382
vt 0.22800496 0.11840689
vt 0.22290140 0.09818089
vt 0.20943530 0.10118866
vt 0.22816338 0.10221148
vt 0.23053358 0.11140066
vt 0.24131858 0.11359745
vt 0.27945927 0.11787719
vt 0.24486183 0.10931200
vt 0.26847911 0.11099631
vt 0.26511407 0.10770154
vt 0.27402613 0.11320567
vt 0.28162849 0.11140049
vt 0.29431549 0.11861211
vt 0.28379554 0.10210860
vt 0.30188593 0.10135370
vt 0.30450338 0.11189491
vt 0.30747196 0.12082398
vt 0.30723903 0.11265033
vt 0.33325568 0.12030458
vt 0.31157473 0.11130840
vt 0.33874249 0.11013401
vt 0.34708735 0.11446184
vt 0.36896586 0.11809182
vt 0.35762146 0.11046076
vt 0.37681225 0.11026704
vt 0.38647559 0.11361307
vt 0.40043962 0.11757791
vt 0.39473590 0.11102563
vt 0.39802730 0.10379529
vt 0.41118476 0.10249585
vt 0.41716260 0.11092520
vt 0.42366859 0.11648750
vt 0.42790088 0.12210226
vt 0.38916537 0.12229908
vt 0.23974782 0.12144327
vt 0.28079057 0.12129086
vt 0.42977032 0.11327779
vt 0.28573656 0.09809852
vt 0.99885899 0.04163527
vt 0.98120689 0.03882027
vt 0.98328292 0.02076650
vt 0.98844236 0.04556394
vt 0.98884708 0.02303809
vt 0.99955833 0.02687228
vt 0.97747350 0.03247339
vt 0.99955833 0.04624027
vt 0.98615569 0.00475365
vt 0.97998524 0.00682044
vt 0.01628678 0.73119527
vt 0.01206312 0.75292015
vt 0.00326737 0.72499585
vt 0.01208608 0.71542972
vt 0.00309187 0.74064398
vt 0.00334677 0.74966490
vt 0.01899293 0.75263530
vt 0.01899293 0.71348315
vt 0.01251549 0.75583404
vt 0.93772084 0.25426519
vt 0.93772084 0.23552293
vt 0.92181981 0.24595821
vt 0.93463105 0.25626624
vt 0.92429656 0.25402296
vt 0.99249119 0.91953456
vt 0.99249119 0.87165082
vt 0.98630744 0.91758049
vt 0.98783904 0.94425237
vt 0.71333921 0.68928266
vt 0.71333921 0.70570439
vt 0.70627207 0.69755304
vt 0.46300492 0.99524635
vt 0.49249116 0.99524635
vt 0.46739763 0.99178910
vt 0.44655478 0.99310511
vt 0.34227553 0.86732930
vt 0.33613074 0.87770092
vt 0.34319788 0.87770092
vt 0.06051237 0.12921345
vt 0.06051237 0.13872081
vt 0.05432862 0.13453931
vt 0.32928219 0.85179585
vt 0.32306841 0.84964871
vt 0.32805938 0.84614927
vt 0.32937324 0.84935915
vt 0.32370123 0.85382527
vt 0.32260546 0.85267305
vt 0.33243027 0.85441852
vt 0.33242938 0.84676343
vt 0.31893545 0.85509086
vt 0.33033493 0.86095810
vt 0.31503984 0.85766953
vt 0.34249118 0.85598910
vt 0.31435785 0.86638427
vt 0.30632117 0.86262524
vt 0.33704862 0.86052912
vt 0.33770624 0.84241104
vt 0.34242588 0.84325242
vt 0.34296146 0.84000295
vt 0.34299925 0.85903102
vt 0.30817643 0.86738169
vt 0.30136791 0.86499000
vt 0.29760122 0.85766536
vt 0.31571573 0.84938514
vt 0.32123512 0.84247124
vt 0.28588304 0.85910749
vt 0.27320409 0.86834234
vt 0.25485864 0.86992222
vt 0.32820025 0.84436816
vt 0.33340809 0.84127188
vt 0.32939842 0.83189285
vt 0.34178841 0.86150986
vt 0.35026503 0.86992222
vt 0.79991168 0.06871217
vt 0.79991168 0.09636992
vt 0.79814488 0.07904035
vt 0.56571615 0.49394989
vt 0.55167842 0.49654281
vt 0.57111305 0.49654281
vt 0.01369255 0.80413944
vt 0.01369258 0.81201380
vt 0.00750883 0.80687577
vt 0.00848883 0.80164218
vt 0.63913429 0.79213482
vt 0.63289416 0.78867763
vt 0.62853354 0.79213482
vt 0.84673142 0.12921345
vt 0.84673142 0.13699222
vt 0.84231448 0.13189113
vt 0.46743235 0.07303369
vt 0.45538870 0.07476234
vt 0.47835690 0.07476234
vt 0.00839223 0.57605875
vt 0.00574205 0.56742716
vt 0.00839221 0.56395853
vt 0.62676680 0.98573899
vt 0.64090109 0.98573899
vt 0.63447577 0.98401040
vt 0.56132436 0.70829731
vt 0.56404597 0.70656872
vt 0.55786216 0.70656872
vt 0.74821287 0.48218298
vt 0.75979239 0.52246296
vt 0.75953937 0.49305290
vt 0.74179411 0.50148612
vt 0.76376998 0.48038459
vt 0.75361931 0.45773602
vt 0.75467575 0.53524131
vt 0.76996821 0.49234533
vt 0.73903185 0.52978981
vt 0.73527330 0.47452462
vt 0.75948501 0.55619329
vt 0.76351470 0.54565895
vt 0.75252759 0.54687423
vt 0.77766317 0.47186017
vt 0.76006389 0.44744360
vt 0.76168579 0.58754355
vt 0.76575792 0.56174779
vt 0.75470990 0.58582896
vt 0.76558548 0.62910789
vt 0.74056751 0.53705812
vt 0.75487602 0.60670000
vt 0.76838195 0.58774632
vt 0.77820700 0.59770167
vt 0.78094399 0.62407500
vt 0.76816303 0.63928813
vt 0.75956547 0.64012879
vt 0.78029788 0.63153464
vt 0.74841821 0.58679610
vt 0.74923474 0.63612509
vt 0.77306598 0.45926559
vt 0.73707998 0.51666421
vt 0.75440693 0.63251638
vt 0.76401353 0.49950886
vt 0.78142923 0.55194265
vt 0.78365386 0.63009888
vt 0.77853864 0.63673234
vt 0.78409958 0.63973737
vt 0.76165307 0.62910134
vt 0.74290091 0.44459999
vt 0.75054407 0.43531042
vt 0.76513159 0.44172579
vt 0.75487912 0.42871743
vt 0.76842445 0.41873020
vt 0.77282304 0.43348980
vt 0.77774584 0.44549716
vt 0.77504253 0.42099011
vt 0.78208798 0.42143977
vt 0.78561634 0.44150877
vt 0.77917951 0.40951908
vt 0.74977309 0.41752172
vt 0.74482346 0.42315537
vt 0.78015602 0.48409712
vt 0.78453255 0.47503781
vt 0.75189066 0.56002766
vt 0.77321094 0.54546314
vt 0.78912228 0.63904631
vt 0.74633563 0.63905013
vt 0.74476665 0.57150364
vt 0.73025751 0.59611672
vt 0.72988325 0.56809181
vt 0.72753209 0.58913571
vt 0.72289222 0.58310908
vt 0.72062677 0.55424166
vt 0.72912472 0.55226123
vt 0.71540302 0.53774148
vt 0.71474278 0.55681258
vt 0.71081781 0.54158205
vt 0.72799200 0.61933589
vt 0.71005780 0.55463952
vt 0.72024727 0.57355183
vt 0.71465623 0.52259976
vt 0.70595294 0.49536955
vt 0.70597970 0.48392045
vt 0.69920492 0.45073199
vt 0.70008516 0.44073862
vt 0.77636474 0.63984442
vt 0.78244871 0.48993963
vt 0.78388703 0.41080785
vt 0.77172774 0.41268027
vt 0.77431715 0.52773982
vt 0.77184057 0.50639427
vt 0.78125900 0.50716591
vt 0.78683853 0.52246785
vt 0.78749919 0.50606793
vt 0.78073281 0.49845338
vt 0.78316051 0.53642583
vt 0.77617669 0.53754187
vt 0.78294212 0.54062670
vt 0.79019433 0.53850317
vt 0.72085232 0.63076842
vt 0.74335402 0.55242378
vt 0.72747505 0.49714607
vt 0.78496563 0.49043739
vt 0.73362923 0.44514632
vt 0.73330766 0.42548341
vt 0.71605629 0.57780248
vt 0.77612770 0.54046351
vt 0.77798158 0.46383840
vt 0.78200078 0.44990242
vt 0.78881091 0.42105961
vt 0.72830486 0.53128970
vt 0.79019433 0.41149604
vt 0.78631985 0.49659121
vt 0.77497846 0.49587178
vt 0.72621137 0.63262510
vt 0.78338957 0.46322614
vt 0.72683257 0.63920456
vt 0.78835851 0.64606744
vt 0.77390498 0.40710509
vt 0.77063936 0.40319788
vt 0.74693567 0.56546557
vt 0.72030210 0.63937604
vt 0.71502358 0.63353240
vt 0.71459305 0.64045507
vt 0.78267479 0.45732993
vt 0.71953470 0.62547541
vt 0.71622652 0.62407190
vt 0.71229810 0.58955419
vt 0.71149725 0.62900025
vt 0.78263670 0.44446206
vt 0.78500664 0.44820523
vt 0.77962613 0.54281956
vt 0.21306677 0.99351770
vt 0.19832155 0.98132116
vt 0.22205859 0.97635972
vt 0.25805697 0.99341369
vt 0.25242272 0.97643906
vt 0.27271134 0.97536731
vt 0.27460974 0.99199009
vt 0.27696374 0.98740816
vt 0.28931096 0.99351770
vt 0.09938163 0.99098217
vt 0.11174911 0.98087770
vt 0.09938180 0.96413136
vt 0.11174912 0.99697495
vt 0.06139575 0.24118745
vt 0.05267168 0.25731814
vt 0.06139576 0.26318061
vt 0.04814488 0.24070871
vt 0.54549468 0.06455278
vt 0.54987311 0.07476234
vt 0.55214155 0.06716788
vt 0.55256182 0.06078631
vt 0.55214155 0.05661196
vt 0.01764068 0.32195330
vt 0.02164311 0.32861674
vt 0.02164311 0.32207835
vt 0.01457597 0.32886779
vt 0.58205056 0.10434175
vt 0.57994699 0.11151731
vt 0.58789754 0.11365598
vt 0.58789754 0.10328436
vt 0.88771540 0.98521358
vt 0.89001769 0.99006051
vt 0.89001769 0.98141748
vt 0.88206714 0.98499179
vt 0.18431558 0.62861979
vt 0.16139124 0.63103324
vt 0.16300824 0.61977971
vt 0.19239439 0.62039185
vt 0.19073747 0.59693319
vt 0.18021251 0.64243114
vt 0.15363215 0.59857106
vt 0.16973291 0.58763361
vt 0.15221743 0.58286524
vt 0.16213453 0.57559901
vt 0.20650361 0.59923869
vt 0.21036869 0.61429280
vt 0.20782208 0.62392706
vt 0.21763138 0.62040937
vt 0.21646619 0.61497247
vt 0.23483336 0.63186336
vt 0.22306734 0.63806307
vt 0.15113473 0.62368387
vt 0.16232243 0.64472514
vt 0.15844347 0.63988960
vt 0.21345371 0.60444772
vt 0.22205473 0.59468824
vt 0.20980081 0.63654763
vt 0.17603317 0.65282726
vt 0.21971911 0.60121202
vt 0.14465453 0.60935831
vt 0.22738357 0.59946615
vt 0.15735082 0.64763510
vt 0.14804497 0.63618535
vt 0.13171634 0.61554849
vt 0.23630531 0.62557828
vt 0.26707286 0.63822395
vt 0.24848302 0.63647246
vt 0.26507685 0.64206797
vt 0.29055458 0.64897156
vt 0.27039146 0.63528115
vt 0.30073649 0.64900863
vt 0.19159691 0.65565366
vt 0.19797252 0.64379823
vt 0.20274340 0.65047425
vt 0.21904001 0.66603023
vt 0.22612087 0.66626322
vt 0.21927491 0.66945922
vt 0.14669664 0.59609497
vt 0.25645322 0.60173684
vt 0.26758555 0.59806180
vt 0.23005697 0.59214342
vt 0.23728037 0.59048510
vt 0.22355995 0.58759505
vt 0.20439805 0.58578593
vt 0.28468671 0.59879917
vt 0.31376454 0.60461289
vt 0.33436397 0.61068094
vt 0.15599383 0.65315616
vt 0.17876305 0.66238022
vt 0.15410873 0.65928245
vt 0.17125629 0.66575384
vt 0.29902521 0.60703403
vt 0.13324293 0.65413195
vt 0.13739200 0.64951313
vt 0.26111841 0.68506247
vt 0.19810490 0.66907245
vt 0.18975426 0.67734379
vt 0.16527021 0.67537296
vt 0.18622398 0.68613499
vt 0.15421394 0.68564332
vt 0.17165381 0.69375569
vt 0.19143008 0.69375348
vt 0.20918633 0.69477946
vt 0.22315997 0.68500400
vt 0.22886792 0.68106568
vt 0.25240424 0.69366246
vt 0.23455477 0.69706476
vt 0.26915345 0.70515168
vt 0.27319127 0.69748616
vt 0.27679250 0.69459212
vt 0.25416586 0.70537418
vt 0.27287328 0.71041381
vt 0.27893865 0.70200640
vt 0.28127205 0.71194077
vt 0.25428507 0.69004458
vt 0.19147298 0.65990907
vt 0.20416860 0.68651426
vt 0.14694534 0.66900039
vt 0.11715736 0.64983112
vt 0.12943670 0.64698851
vt 0.21623209 0.61111867
vt 0.21911004 0.65283686
vt 0.12801407 0.63821852
vt 0.11530191 0.63706291
vt 0.12493225 0.63463521
vt 0.10723694 0.63252348
vt 0.11908662 0.62192744
vt 0.13556787 0.62713188
vt 0.10095821 0.62370557
vt 0.08439431 0.63523531
vt 0.09835473 0.63711947
vt 0.08483276 0.61776072
vt 0.08415969 0.63732290
vt 0.09534946 0.63998109
vt 0.07966992 0.63401520
vt 0.07420751 0.64239115
vt 0.09980559 0.61349744
vt 0.08873533 0.65071076
vt 0.08147962 0.62048125
vt 0.13753596 0.58369970
vt 0.13460344 0.59171712
vt 0.12859733 0.59712511
vt 0.13199139 0.58265716
vt 0.12469555 0.58376008
vt 0.11868533 0.58608884
vt 0.14167295 0.57027364
vt 0.13243513 0.60527128
vt 0.20322996 0.58914143
vt 0.33399886 0.61434203
vt 0.23955056 0.68019068
vt 0.27773836 0.68599403
vt 0.24228352 0.66837096
vt 0.29228270 0.69590884
vt 0.29531002 0.70021617
vt 0.30985057 0.70285428
vt 0.30719134 0.70857149
vt 0.23120947 0.64687300
vt 0.11639947 0.61571246
vt 0.10749810 0.60632855
vt 0.11970110 0.60879314
vt 0.08670530 0.59837723
vt 0.08701266 0.60365844
vt 0.10758201 0.60154378
vt 0.15342288 0.56859732
vt 0.09107718 0.59500951
vt 0.08288539 0.59091508
vt 0.32249770 0.65618128
vt 0.31995341 0.65896052
vt 0.32223943 0.66111654
vt 0.12148470 0.60408443
vt 0.11227471 0.66407603
vt 0.10109068 0.66136897
vt 0.10319897 0.65157181
vt 0.09107416 0.66729623
vt 0.08294120 0.66491556
vt 0.08199044 0.67668921
vt 0.08961635 0.68325299
vt 0.07711031 0.68572348
vt 0.08123824 0.69599283
vt 0.07269855 0.69468266
vt 0.09212631 0.68849242
vt 0.06492933 0.69344431
vt 0.09656877 0.69974911
vt 0.10076208 0.69235951
vt 0.10472874 0.70108002
vt 0.09262376 0.70659518
vt 0.10345101 0.71177912
vt 0.09401780 0.71120274
vt 0.10308981 0.72343034
vt 0.08085155 0.72307980
vt 0.08287682 0.71696591
vt 0.09780277 0.72667980
vt 0.11980678 0.72731203
vt 0.08356213 0.72700530
vt 0.11821995 0.72070932
vt 0.08680326 0.70306236
vt 0.09938949 0.67669696
vt 0.12051591 0.69167876
vt 0.12992300 0.69525731
vt 0.14155193 0.69089001
vt 0.13055739 0.70164317
vt 0.14275780 0.69306350
vt 0.15262911 0.70569998
vt 0.16421206 0.69650507
vt 0.17242695 0.70713264
vt 0.19660966 0.70119011
vt 0.20867056 0.70371902
vt 0.20607017 0.70747495
vt 0.23485585 0.70570815
vt 0.22703293 0.69621956
vt 0.22316313 0.71440053
vt 0.20592107 0.71602535
vt 0.19139867 0.71825784
vt 0.21943247 0.71654308
vt 0.23658316 0.71433002
vt 0.17641869 0.71049809
vt 0.07371095 0.72731203
vt 0.08654044 0.71205407
vt 0.07998584 0.66322088
vt 0.11536159 0.71060866
vt 0.12150923 0.67103851
vt 0.11546528 0.68283194
vt 0.23748642 0.65812331
vt 0.08259749 0.70738482
vt 0.08157527 0.70223057
vt 0.13839905 0.68089938
vt 0.19963270 0.63258559
vt 0.14691804 0.64049608
vt 0.12695153 0.62043411
vt 0.15186699 0.71882385
vt 0.17864148 0.72141486
vt 0.15627542 0.72303271
vt 0.14090519 0.72281277
vt 0.11307246 0.59316403
vt 0.10406208 0.58729821
vt 0.10555366 0.59404975
vt 0.11642276 0.60075831
vt 0.25299233 0.66151530
vt 0.25837469 0.64767528
vt 0.26168689 0.66357702
vt 0.27351564 0.66771758
vt 0.28001606 0.65389174
vt 0.27045640 0.64874232
vt 0.28060886 0.64920819
vt 0.29032481 0.65435177
vt 0.28841451 0.67176521
vt 0.28492180 0.67461711
vt 0.29825863 0.67804897
vt 0.31348878 0.68229699
vt 0.31967285 0.66295272
vt 0.23239292 0.64345872
vt 0.13505737 0.61058819
vt 0.28482002 0.70837462
vt 0.29193079 0.70602930
vt 0.29856426 0.70288748
vt 0.31773964 0.68606794
vt 0.25039244 0.64226019
vt 0.16897620 0.57320350
vt 0.14937557 0.56222993
vt 0.14173602 0.56340200
vt 0.12526999 0.60336322
vt 0.13466604 0.71177799
vt 0.08625361 0.61027801
vt 0.06789773 0.61406982
vt 0.07796907 0.60316783
vt 0.10551769 0.63889146
vt 0.88125008 0.05401903
vt 0.87146646 0.05401903
vt 0.87351251 0.04142296
vt 0.87826782 0.03932583
vt 0.88825089 0.05257964
vt 0.29372790 0.99783921
vt 0.29431096 0.99265343
vt 0.33789754 0.99316639
vt 0.33150658 0.99783921
vt 0.87420511 0.60208017
vt 0.88560069 0.61322385
vt 0.87323320 0.61322385
vt 0.88286591 0.58046401
vt 0.87708986 0.57865167
vt 0.58398300 0.49308556
vt 0.58518505 0.49788237
vt 0.55874556 0.51296455
vt 0.60203183 0.51296455
vt 0.98454064 0.50069445
vt 0.97902668 0.49827141
vt 0.97040635 0.51854455
vt 0.98385686 0.51569647
vt 0.98454064 0.52679342
vt 0.32464665 0.73810846
vt 0.31934628 0.72119904
vt 0.32018816 0.75929129
vt 0.32464665 0.70160747
vt 0.32209593 0.68755400
vt 0.22937964 0.36327565
vt 0.21766779 0.36481869
vt 0.22109143 0.36269915
vt 0.23365724 0.36949003
vt 0.21127570 0.36076665
vt 0.20043497 0.36591983
vt 0.20471622 0.36912215
vt 0.19924906 0.35479689
vt 0.19390459 0.36949003
vt 0.19658081 0.36217904
vt 0.36123049 0.60096085
vt 0.37331334 0.61235952
vt 0.34849030 0.61235952
vt 0.36664662 0.60227919
vt 0.38206714 0.60190809
vt 0.35768718 0.59161627
vt 0.34673145 0.60940051
vt 0.34676895 0.60166508
vt 0.35426646 0.59503150
vt 0.77606004 0.82670701
vt 0.80087185 0.82152116
vt 0.80874556 0.82670701
vt 0.00220848 0.84660566
vt 0.01545936 0.85090750
vt 0.01545936 0.83362144
vt 0.40730882 0.81133008
vt 0.43445769 0.80250651
vt 0.43700436 0.81082314
vt 0.42495540 0.81843144
vt 0.39969733 0.80541378
vt 0.44567138 0.81979257
vt 0.37717026 0.81429845
vt 0.36849934 0.80574769
vt 0.36603498 0.81170225
vt 0.36528268 0.80344796
vt 0.36611691 0.81979257
vt 0.39762414 0.81695789
vt 0.99867493 0.42480552
vt 0.98807418 0.44194555
vt 0.99867493 0.44906926
vt 0.98813719 0.45419186
vt 0.94430113 0.49633861
vt 0.94163883 0.50298053
vt 0.94758266 0.50720429
vt 0.93971223 0.48375928
vt 0.96329135 0.49507183
vt 0.94306791 0.51408082
vt 0.94357955 0.48429072
vt 0.93155801 0.51912636
vt 0.94160813 0.51880729
vt 0.92416394 0.50251091
vt 0.95372522 0.51733947
vt 0.93811744 0.52683365
vt 0.93066406 0.52727646
vt 0.95482934 0.47546220
vt 0.94728988 0.46025264
vt 0.95014429 0.44910580
vt 0.95945984 0.44875932
vt 0.95053154 0.44451332
vt 0.96498471 0.44481277
vt 0.96859407 0.44659615
vt 0.97571230 0.45859218
vt 0.97624803 0.45156813
vt 0.96996218 0.47128487
vt 0.96607244 0.48055840
vt 0.95993471 0.47044557
vt 0.97560883 0.46550524
vt 0.97399729 0.47273248
vt 0.94503623 0.44934618
vt 0.96746439 0.49932909
vt 0.98012370 0.44382024
vt 0.94138825 0.46920037
vt 0.92916602 0.46855074
vt 0.93343568 0.45448285
vt 0.92792255 0.46864575
vt 0.93450278 0.44903094
vt 0.92178494 0.47776204
vt 0.92563570 0.47988081
vt 0.91814345 0.50769514
vt 0.91563606 0.52376837
vt 0.92127556 0.52373803
vt 0.96897405 0.51187462
vt 0.96182787 0.52677190
vt 0.95882529 0.52665108
vt 0.96313035 0.54024261
vt 0.96512800 0.53116179
vt 0.96795201 0.53759599
vt 0.96817976 0.54024708
vt 0.97077054 0.53975821
vt 0.97042590 0.54385072
vt 0.97619683 0.54213834
vt 0.97389615 0.54894793
vt 0.96916378 0.55531549
vt 0.96568853 0.55015045
vt 0.95185673 0.55230612
vt 0.95355701 0.54516929
vt 0.94757092 0.53909296
vt 0.98012370 0.53470725
vt 0.97643900 0.53216410
vt 0.97370213 0.52852088
vt 0.96925843 0.52512020
vt 0.95421672 0.53753328
vt 0.96550196 0.52685499
vt 0.94068211 0.46002007
vt 0.94859642 0.52511877
vt 0.94528794 0.53202039
vt 0.05677851 0.58427650
vt 0.06813189 0.57731372
vt 0.06934629 0.58643043
vt 0.06272462 0.57519448
vt 0.05515705 0.57811892
vt 0.05058372 0.57855248
vt 0.04592306 0.58643043
vt 0.03931095 0.57569534
vt 0.51436371 0.61408818
vt 0.50927562 0.61408818
vt 0.52252650 0.60884899
vt 0.51201570 0.60803801
vt 0.98100704 0.05488330
vt 0.98644537 0.05142611
vt 0.98984098 0.05488330
vt 0.09865044 0.00511211
vt 0.10468198 0.01253241
vt 0.09231449 0.01253241
vt 0.09550006 0.00216079
vt 0.90856892 0.75237685
vt 0.90856892 0.73595506
vt 0.90326858 0.73917592
vt 0.07249238 0.88633871
vt 0.08738364 0.88121617
vt 0.08082868 0.88570577
vt 0.09560759 0.88370454
vt 0.09399859 0.89652300
vt 0.10632852 0.89386815
vt 0.11105572 0.87971675
vt 0.08107654 0.89708257
vt 0.08076497 0.87824595
vt 0.05513354 0.88695371
vt 0.04141995 0.87987244
vt 0.05148367 0.89435220
vt 0.03895329 0.89454758
vt 0.04618840 0.90261608
vt 0.05872423 0.89971727
vt 0.05822155 0.90892607
vt 0.04210229 0.90833503
vt 0.06046734 0.91078109
vt 0.07401139 0.91086829
vt 0.08356638 0.91480136
vt 0.03851254 0.88734692
vt 0.10118791 0.87323475
vt 0.11592925 0.88636553
vt 0.10660458 0.89960271
vt 0.12078924 0.89725709
vt 0.12508741 0.90209496
vt 0.09897828 0.90644938
vt 0.08964632 0.87119126
vt 0.06430092 0.86982667
vt 0.05427101 0.86934286
vt 0.04493506 0.87447560
vt 0.06448356 0.86520481
vt 0.05317346 0.86372179
vt 0.13151880 0.89598131
vt 0.13311054 0.90381175
vt 0.12601908 0.90633291
vt 0.12759449 0.90934289
vt 0.15088271 0.89631987
vt 0.14816092 0.88814616
vt 0.06731358 0.89712745
vt 0.15591873 0.89242142
vt 0.04129952 0.89821476
vt 0.06572846 0.89430779
vt 0.08668085 0.89594305
vt 0.07061324 0.89989263
vt 0.07161947 0.86396283
vt 0.12346536 0.91117036
vt 0.10987253 0.90667373
vt 0.08120250 0.91209155
vt 0.09033684 0.91308331
vt 0.09283217 0.91807371
vt 0.10377005 0.91487592
vt 0.09372100 0.89992851
vt 0.12487693 0.92150027
vt 0.02718206 0.88599128
vt 0.07527766 0.86707050
vt 0.02473590 0.89398915
vt 0.13258511 0.88899463
vt 0.09844126 0.87017542
vt 0.09237968 0.86378616
vt 0.09878737 0.86297894
vt 0.08507895 0.86476684
vt 0.12391870 0.87884492
vt 0.13394172 0.87757367
vt 0.14415203 0.88093132
vt 0.01624411 0.89165747
vt 0.01457597 0.89546490
vt 0.03777182 0.89735025
vt 0.10948446 0.92324871
vt 0.08183718 0.92410284
vt 0.07921897 0.91774243
vt 0.06991704 0.92437339
vt 0.12508255 0.92437339
vt 0.14074214 0.87744051
vt 0.07938861 0.86587155
vt 0.07870165 0.86214346
vt 0.12596838 0.92032701
vt 0.19656087 0.33656085
vt 0.19567138 0.33216906
vt 0.21083367 0.32976866
vt 0.21372356 0.33987021
vt 0.21990050 0.33256245
vt 0.22209740 0.33729351
vt 0.22973347 0.33276308
vt 0.22481130 0.32368195
vt 0.23270395 0.33736157
vt 0.25482631 0.33256185
vt 0.25582409 0.33662152
vt 0.21671152 0.32598543
vt 0.22328819 0.34326327
vt 0.19935672 0.34010160
vt 0.19926986 0.35180748
vt 0.20573011 0.35439479
vt 0.24200256 0.34426248
vt 0.21692304 0.35652554
vt 0.23577671 0.35635185
vt 0.26015902 0.35652554
vt 0.58040625 0.99611062
vt 0.58176827 0.98988116
vt 0.59408128 0.99090677
vt 0.57298768 0.98976606
vt 0.56987190 0.99601823
vt 0.55969632 0.99421448
vt 0.55432862 0.98919618
vt 0.55452251 0.99611062
vt 0.44031185 0.19057906
vt 0.43324310 0.19057906
vt 0.43638286 0.18280035
vt 0.42270318 0.18800288
vt 0.44037104 0.18681306
vt 0.09469772 0.78416777
vt 0.10656731 0.78289992
vt 0.10349295 0.78781325
vt 0.09408128 0.78781331
vt 0.11174912 0.78621823
vt 0.09844894 0.78003460
vt 0.48346746 0.81979257
vt 0.47482333 0.82238549
vt 0.48984098 0.82238549
vt 0.24072438 0.94598097
vt 0.25040111 0.94338804
vt 0.24799690 0.94521904
vt 0.25927562 0.94598097
f 5818/5818 5819/5819 5832/5832
f 5822/5822 5821/5821 5820/5820
f 5835/5835 5818/5818 5833/5833
f 5818/5818 5832/5832 5833/5833
f 5832/5832 5819/5819 5831/5831
f 1/1 2/2 1/1
f 1/1 1/1 3/3
f 5821/5821 5819/5819 5820/5820
f 3639/3639 3640/3640 3641/3641
f 3643/3643 3639/3639 3641/3641
f 3643/3643 3641/3641 3644/3644
f 2029/2029 2030/2030 2027/2027
f 2034/2034 2033/2033 2043/2043
f 2045/2045 2028/2028 2046/2046
f 1480/1480 1470/1470 1481/1481
f 2027/2027 2028/2028 2029/2029
f 2042/2042 2043/2043 2033/2033
f 2030/2030 2031/2031 2027/2027
f 2042/2042 2045/2045 2044/2044
f 2042/2042 2044/2044 2043/2043
f 2045/2045 2046/2046 2044/2044
f 2046/2046 2028/2028 2027/2027
f 1459/1459 1481/1481 1470/1470
f 2033/2033 2040/2040 2042/2042
f 2032/2032 2030/2030 2029/2029
f 1472/1472 1470/1470 1480/1480
f 4910/4910 4915/4915 4911/4911
f 4903/4903 4897/4897 4896/4896
f 4903/4903 4896/4896 4921/4921
f 4920/4920 4915/4915 4921/4921
f 4906/4906 4903/4903 4921/4921
f 4915/4915 4910/4910 4921/4921
f 4910/4910 4906/4906 4921/4921
f 4136/4136 4137/4137 4138/4138
f 4137/4137 4136/4136 4144/4144
f 3147/3147 3160/3160 3145/3145
f 4139/4139 4136/4136 4138/4138
f 1244/1244 1298/1298 1297/1297
f 5051/5051 5052/5052 5053/5053
f 5005/5005 5001/5001 5004/5004
f 5006/5006 5007/5007 5005/5005
f 5004/5004 5001/5001 5003/5003
f 5001/5001 5002/5002 5003/5003
f 5005/5005 5004/5004 5006/5006
f 5467/5467 5468/5468 5465/5465
f 5419/5419 5409/5409 5393/5393
f 5465/5465 5466/5466 5467/5467
f 5436/5436 5415/5415 5437/5437
f 5060/5060 5061/5061 5062/5062
f 5436/5436 5361/5361 5415/5415
f 3859/3859 3847/3847 3860/3860
f 3865/3865 3866/3866 3852/3852
f 3865/3865 3852/3852 3851/3851
f 3861/3861 3865/3865 3851/3851
f 3861/3861 3851/3851 3853/3853
f 3862/3862 3861/3861 3853/3853
f 3859/3859 3860/3860 3862/3862
f 3859/3859 3862/3862 3853/3853
f 3862/3862 3860/3860 3863/3863
f 5257/5257 5259/5259 5260/5260
f 5258/5258 5257/5257 5261/5261
f 5257/5257 5258/5258 5259/5259
f 5262/5262 5258/5258 5261/5261
f 3490/3490 3483/3483 3491/3491
f 3489/3489 3483/3483 3490/3490
f 3483/3483 3492/3492 3491/3491
f 3481/3481 3483/3483 3489/3489
f 3483/3483 3497/3497 3492/3492
f 3481/3481 3484/3484 3482/3482
f 3481/3481 3482/3482 3483/3483
f 4867/4867 4866/4866 4868/4868
f 4561/4561 4569/4569 4562/4562
f 5971/5971 5976/5976 5972/5972
f 4119/4119 4120/4120 4118/4118
f 4571/4571 4570/4570 4569/4569
f 4569/4569 4570/4570 4562/4562
f 4119/4119 4122/4122 4124/4124
f 4119/4119 4124/4124 4120/4120
f 1421/1421 1414/1414 1422/1422
f 1414/1414 1416/1416 1422/1422
f 1416/1416 1423/1423 1422/1422
f 1416/1416 1415/1415 1423/1423
f 1414/1414 1417/1417 1415/1415
f 1414/1414 1415/1415 1416/1416
f 3498/3498 3497/3497 3483/3483
f 3482/3482 3498/3498 3483/3483
f 4117/4117 4118/4118 4123/4123
f 4866/4866 4859/4859 4869/4869
f 4108/4108 4122/4122 4119/4119
f 4108/4108 4119/4119 4118/4118
f 5971/5971 5972/5972 5973/5973
f 5972/5972 5975/5975 5973/5973
f 5977/5977 5978/5978 5979/5979
f 1429/1429 1420/1420 1421/1421
f 1429/1429 1421/1421 1422/1422
f 1429/1429 1422/1422 1439/1439
f 1439/1439 1422/1422 1427/1427
f 1422/1422 1423/1423 1427/1427
f 1420/1420 1418/1418 1414/1414
f 1420/1420 1414/1414 1421/1421
f 1420/1420 1419/1419 1418/1418
f 1423/1423 1428/1428 1427/1427
f 1423/1423 1424/1424 1428/1428
f 1419/1419 1417/1417 1418/1418
f 1418/1418 1417/1417 1414/1414
f 1423/1423 1415/1415 1424/1424
f 1419/1419 1415/1415 1417/1417
f 1415/1415 1431/1431 1424/1424
f 3484/3484 3481/3481 3486/3486
f 3235/3235 3231/3231 3233/3233
f 4049/4049 4051/4051 4052/4052
f 3484/3484 3485/3485 3482/3482
f 4121/4121 4114/4114 4123/4123
f 1769/1769 1767/1767 1772/1772
f 4865/4865 4860/4860 4859/4859
f 4123/4123 4114/4114 4117/4117
f 4561/4561 4564/4564 4565/4565
f 4053/4053 4037/4037 4049/4049
f 4852/4852 4854/4854 4855/4855
f 1429/1429 1439/1439 1452/1452
f 1439/1439 1445/1445 1452/1452
f 1439/1439 1427/1427 1445/1445
f 1440/1440 1426/1426 1420/1420
f 1420/1420 1425/1425 1419/1419
f 1428/1428 1437/1437 1427/1427
f 1419/1419 1425/1425 1432/1432
f 1432/1432 1430/1430 1419/1419
f 1419/1419 1430/1430 1415/1415
f 1430/1430 1431/1431 1415/1415
f 1424/1424 1431/1431 1428/1428
f 4109/4109 4113/4113 4106/4106
f 3486/3486 3485/3485 3484/3484
f 4107/4107 4084/4084 4085/4085
f 3233/3233 3231/3231 3232/3232
f 4051/4051 4049/4049 4050/4050
f 4114/4114 4113/4113 4109/4109
f 3231/3231 3227/3227 3232/3232
f 1766/1766 1767/1767 1769/1769
f 3485/3485 3495/3495 3482/3482
f 4114/4114 4121/4121 4113/4113
f 4864/4864 4863/4863 4862/4862
f 4063/4063 4117/4117 4114/4114
f 3237/3237 3246/3246 3245/3245
f 3237/3237 3245/3245 3240/3240
f 1767/1767 1771/1771 1772/1772
f 4860/4860 4858/4858 4859/4859
f 3224/3224 3234/3234 3228/3228
f 4064/4064 4108/4108 4063/4063
f 4063/4063 4108/4108 4117/4117
f 4858/4858 4857/4857 4856/4856
f 4859/4859 4858/4858 4856/4856
f 1771/1771 1784/1784 1783/1783
f 4856/4856 4857/4857 4853/4853
f 4283/4283 4285/4285 4288/4288
f 4287/4287 4283/4283 4288/4288
f 4110/4110 4112/4112 4111/4111
f 4354/4354 4351/4351 4350/4350
f 123/123 160/160 145/145
f 1445/1445 1427/1427 1446/1446
f 1427/1427 1441/1441 1446/1446
f 1427/1427 1437/1437 1441/1441
f 1434/1434 1425/1425 1426/1426
f 1426/1426 1425/1425 1420/1420
f 1437/1437 1428/1428 1438/1438
f 1425/1425 1434/1434 1433/1433
f 1428/1428 1436/1436 1438/1438
f 1425/1425 1433/1433 1432/1432
f 1432/1432 1433/1433 1444/1444
f 1432/1432 1444/1444 1430/1430
f 1430/1430 1444/1444 1435/1435
f 1430/1430 1435/1435 1431/1431
f 1431/1431 1435/1435 1428/1428
f 1428/1428 1435/1435 1436/1436
f 4055/4055 4019/4019 4060/4060
f 4058/4058 4106/4106 4056/4056
f 1775/1775 1762/1762 1764/1764
f 4022/4022 4085/4085 4060/4060
f 4055/4055 4060/4060 4058/4058
f 4058/4058 4109/4109 4106/4106
f 4056/4056 4106/4106 4081/4081
f 3488/3488 3486/3486 3493/3493
f 3488/3488 3487/3487 3486/3486
f 4022/4022 4107/4107 4085/4085
f 1775/1775 1764/1764 1774/1774
f 3486/3486 3487/3487 3485/3485
f 4085/4085 4084/4084 4060/4060
f 4060/4060 4061/4061 4058/4058
f 4050/4050 4049/4049 4047/4047
f 4058/4058 4061/4061 4109/4109
f 1764/1764 1765/1765 1766/1766
f 4084/4084 4062/4062 4060/4060
f 4060/4060 4062/4062 4061/4061
f 3485/3485 3494/3494 3495/3495
f 4061/4061 4114/4114 4109/4109
f 1766/1766 1765/1765 1767/1767
f 4063/4063 4114/4114 4061/4061
f 4565/4565 4566/4566 4567/4567
f 4863/4863 4861/4861 4862/4862
f 4062/4062 4064/4064 4063/4063
f 4062/4062 4063/4063 4061/4061
f 4861/4861 4858/4858 4860/4860
f 4862/4862 4861/4861 4860/4860
f 3237/3237 3247/3247 3246/3246
f 4287/4287 4286/4286 4283/4283
f 4110/4110 4111/4111 4102/4102
f 4037/4037 4038/4038 4034/4034
f 3243/3243 3250/3250 3248/3248
f 3243/3243 3248/3248 3236/3236
f 1784/1784 1791/1791 1783/1783
f 2769/2769 2767/2767 2768/2768
f 4283/4283 4282/4282 4285/4285
f 1447/1447 1451/1451 1426/1426
f 1447/1447 1426/1426 1440/1440
f 1437/1437 1448/1448 1441/1441
f 1451/1451 1434/1434 1426/1426
f 1451/1451 1443/1443 1434/1434
f 47/47 31/31 51/51
f 1443/1443 1433/1433 1434/1434
f 1436/1436 1442/1442 1438/1438
f 1433/1433 1458/1458 1444/1444
f 5154/5154 5149/5149 5153/5153
f 5154/5154 5153/5153 5155/5155
f 1435/1435 1457/1457 1436/1436
f 4004/4004 4055/4055 4054/4054
f 4054/4054 4056/4056 4057/4057
f 4057/4057 4056/4056 4081/4081
f 4004/4004 4019/4019 4055/4055
f 4054/4054 4055/4055 4056/4056
f 4055/4055 4058/4058 4056/4056
f 3991/3991 3993/3993 4019/4019
f 3991/3991 3992/3992 3993/3993
f 3993/3993 4022/4022 4019/4019
f 4022/4022 4060/4060 4019/4019
f 1762/1762 1763/1763 1764/1764
f 3487/3487 3494/3494 3485/3485
f 4047/4047 4044/4044 4045/4045
f 3495/3495 3494/3494 3496/3496
f 3806/3806 3805/3805 3798/3798
f 1767/1767 1770/1770 1771/1771
f 3798/3798 3795/3795 3797/3797
f 4324/4324 4321/4321 4323/4323
f 4104/4104 4105/4105 4096/4096
f 4096/4096 4105/4105 4110/4110
f 4096/4096 4110/4110 4102/4102
f 4323/4323 4321/4321 4320/4320
f 4321/4321 4325/4325 4322/4322
f 4320/4320 4321/4321 4322/4322
f 4322/4322 4325/4325 4326/4326
f 4034/4034 4038/4038 4030/4030
f 4030/4030 4038/4038 4043/4043
f 4334/4334 4332/4332 4335/4335
f 2768/2768 2767/2767 2766/2766
f 1454/1454 1451/1451 1447/1447
f 1446/1446 1441/1441 1448/1448
f 47/47 43/43 29/29
f 29/29 31/31 47/47
f 1437/1437 1449/1449 1448/1448
f 1437/1437 1438/1438 1449/1449
f 1438/1438 1442/1442 1449/1449
f 51/51 31/31 52/52
f 1453/1453 1433/1433 1443/1443
f 1453/1453 1458/1458 1433/1433
f 5146/5146 5148/5148 5149/5149
f 5148/5148 5150/5150 5149/5149
f 5150/5150 5151/5151 5149/5149
f 5151/5151 5153/5153 5149/5149
f 1457/1457 1456/1456 1436/1436
f 1436/1436 1450/1450 1442/1442
f 1436/1436 1456/1456 1450/1450
f 4072/4072 4067/4067 4069/4069
f 4069/4069 4067/4067 4068/4068
f 4003/4003 4059/4059 4072/4072
f 4072/4072 4059/4059 4067/4067
f 4059/4059 4057/4057 4065/4065
f 4003/4003 4054/4054 4059/4059
f 4059/4059 4054/4054 4057/4057
f 4065/4065 4057/4057 4080/4080
f 4003/4003 4004/4004 4054/4054
f 4057/4057 4081/4081 4080/4080
f 4004/4004 3994/3994 4019/4019
f 7/7 8/8 9/9
f 1754/1754 1755/1755 1762/1762
f 4046/4046 4045/4045 4039/4039
f 3992/3992 3996/3996 3993/3993
f 4081/4081 4095/4095 4100/4100
f 1764/1764 1763/1763 1765/1765
f 4045/4045 4044/4044 4032/4032
f 3996/3996 3997/3997 3999/3999
f 4095/4095 4103/4103 4096/4096
f 1765/1765 1770/1770 1767/1767
f 4044/4044 4035/4035 4032/4032
f 4103/4103 4104/4104 4096/4096
f 4091/4091 4102/4102 4101/4101
f 4091/4091 4096/4096 4102/4102
f 4032/4032 4034/4034 4025/4025
f 3805/3805 3799/3799 3798/3798
f 3798/3798 3799/3799 3795/3795
f 4102/4102 4115/4115 4101/4101
f 3795/3795 3796/3796 3797/3797
f 3797/3797 3796/3796 3800/3800
f 3800/3800 3796/3796 3801/3801
f 4324/4324 4330/4330 4321/4321
f 4325/4325 4328/4328 4326/4326
f 4286/4286 4281/4281 4283/4283
f 4353/4353 4358/4358 4352/4352
f 1771/1771 1777/1777 1784/1784
f 4357/4357 4353/4353 4347/4347
f 1784/1784 1777/1777 1789/1789
f 2773/2773 2770/2770 2767/2767
f 4281/4281 4282/4282 4283/4283
f 4334/4334 4333/4333 4332/4332
f 3800/3800 3801/3801 3802/3802
f 4281/4281 4284/4284 4282/4282
f 3662/3662 3661/3661 3660/3660
f 4284/4284 4289/4289 4282/4282
f 117/117 186/186 191/191
f 5152/5152 5143/5143 5146/5146
f 5146/5146 5147/5147 5148/5148
f 5155/5155 5153/5153 5156/5156
f 5156/5156 5157/5157 5155/5155
f 5157/5157 5158/5158 5155/5155
f 4071/4071 4069/4069 4070/4070
f 4012/4012 4072/4072 4071/4071
f 4071/4071 4072/4072 4069/4069
f 4012/4012 4011/4011 4008/4008
f 4012/4012 4008/4008 4072/4072
f 4069/4069 4068/4068 4070/4070
f 4067/4067 4066/4066 4068/4068
f 4007/4007 4005/4005 4008/4008
f 4067/4067 4059/4059 4066/4066
f 4072/4072 4008/4008 4003/4003
f 4059/4059 4065/4065 4066/4066
f 4008/4008 4005/4005 4003/4003
f 4080/4080 4100/4100 4065/4065
f 4003/4003 3994/3994 4004/4004
f 4100/4100 4075/4075 4065/4065
f 4020/4020 4023/4023 4021/4021
f 1749/1749 1750/1750 1751/1751
f 1751/1751 1750/1750 1754/1754
f 1750/1750 1755/1755 1754/1754
f 3994/3994 3992/3992 3991/3991
f 1762/1762 1755/1755 1763/1763
f 4100/4100 4095/4095 4093/4093
f 4039/4039 4045/4045 4033/4033
f 3996/3996 3992/3992 3995/3995
f 4045/4045 4032/4032 4033/4033
f 3995/3995 3997/3997 3996/3996
f 4093/4093 4095/4095 4094/4094
f 4089/4089 4091/4091 4090/4090
f 1763/1763 1768/1768 1765/1765
f 4091/4091 4101/4101 4090/4090
f 4090/4090 4101/4101 4115/4115
f 4094/4094 4096/4096 4091/4091
f 1765/1765 1768/1768 1770/1770
f 4024/4024 4032/4032 4025/4025
f 3999/3999 3997/3997 4000/4000
f 4025/4025 4026/4026 4000/4000
f 4026/4026 4027/4027 4000/4000
f 4025/4025 4030/4030 4026/4026
f 3807/3807 3795/3795 3799/3799
f 1770/1770 1777/1777 1771/1771
f 4030/4030 4040/4040 4026/4026
f 4321/4321 4327/4327 4325/4325
f 4325/4325 4327/4327 4329/4329
f 5039/5039 5036/5036 5038/5038
f 4030/4030 4043/4043 4040/4040
f 4330/4330 4327/4327 4321/4321
f 4325/4325 4329/4329 4328/4328
f 4353/4353 4359/4359 4358/4358
f 5036/5036 5037/5037 5038/5038
f 2770/2770 2765/2765 2767/2767
f 2767/2767 2765/2765 2766/2766
f 4330/4330 4332/4332 4331/4331
f 4330/4330 4331/4331 4327/4327
f 4329/4329 4337/4337 4328/4328
f 3801/3801 3803/3803 3802/3802
f 4332/4332 4333/4333 4331/4331
f 4337/4337 4340/4340 4328/4328
f 4333/4333 4344/4344 4331/4331
f 4337/4337 4339/4339 4340/4340
f 4349/4349 4355/4355 4360/4360
f 3661/3661 3658/3658 3660/3660
f 4344/4344 4345/4345 4338/4338
f 4344/4344 4338/4338 4331/4331
f 4345/4345 4346/4346 4338/4338
f 4342/4342 4341/4341 4336/4336
f 4336/4336 4341/4341 4339/4339
f 4339/4339 4341/4341 4340/4340
f 2806/2806 2805/2805 2804/2804
f 4364/4364 4365/4365 4363/4363
f 4364/4364 4363/4363 4356/4356
f 55/55 30/30 43/43
f 43/43 30/30 29/29
f 241/241 229/229 230/230
f 5157/5157 5159/5159 5158/5158
f 5159/5159 5160/5160 5158/5158
f 4016/4016 4011/4011 4012/4012
f 4073/4073 4068/4068 4082/4082
f 4070/4070 4068/4068 4073/4073
f 4009/4009 4008/4008 4011/4011
f 4068/4068 4074/4074 4082/4082
f 4010/4010 4007/4007 4009/4009
f 4009/4009 4007/4007 4008/4008
f 4068/4068 4066/4066 4074/4074
f 4066/4066 4076/4076 4074/4074
f 4007/4007 4006/4006 4005/4005
f 4066/4066 4065/4065 4076/4076
f 4076/4076 4077/4077 4074/4074
f 4076/4076 4078/4078 4077/4077
f 4076/4076 4075/4075 4078/4078
f 4065/4065 4075/4075 4076/4076
f 4020/4020 4021/4021 4015/4015
f 4006/4006 4002/4002 4005/4005
f 4005/4005 4002/4002 4003/4003
f 4021/4021 4002/4002 4015/4015
f 4003/4003 4002/4002 3994/3994
f 4021/4021 4028/4028 4002/4002
f 4075/4075 4092/4092 4078/4078
f 3994/3994 4002/4002 4001/4001
f 4092/4092 4088/4088 4078/4078
f 1750/1750 1758/1758 1755/1755
f 4028/4028 4001/4001 4002/4002
f 4093/4093 4092/4092 4075/4075
f 4088/4088 4089/4089 4087/4087
f 4088/4088 4092/4092 4089/4089
f 4089/4089 4090/4090 4087/4087
f 4028/4028 4033/4033 4017/4017
f 4028/4028 4017/4017 4001/4001
f 4001/4001 3995/3995 3994/3994
f 4001/4001 4017/4017 3995/3995
f 3994/3994 3995/3995 3992/3992
f 4092/4092 4091/4091 4089/4089
f 4093/4093 4094/4094 4092/4092
f 1759/1759 1768/1768 1763/1763
f 4092/4092 4094/4094 4091/4091
f 4032/4032 4024/4024 4017/4017
f 4017/4017 3998/3998 3995/3995
f 3995/3995 3998/3998 3997/3997
f 4017/4017 4024/4024 3998/3998
f 4024/4024 4025/4025 3998/3998
f 5280/5280 5279/5279 5278/5278
f 4025/4025 4000/4000 3998/3998
f 3998/3998 4000/4000 3997/3997
f 1768/1768 1776/1776 1770/1770
f 1776/1776 1777/1777 1770/1770
f 4040/4040 4042/4042 4041/4041
f 3795/3795 3804/3804 3796/3796
f 2082/2082 2069/2069 2081/2081
f 2081/2081 2083/2083 2082/2082
f 2766/2766 2765/2765 2764/2764
f 4331/4331 4337/4337 4329/4329
f 4327/4327 4331/4331 4329/4329
f 4357/4357 4349/4349 4361/4361
f 4361/4361 4349/4349 4360/4360
f 5036/5036 5040/5040 5037/5037
f 5272/5272 5274/5274 5273/5273
f 4338/4338 4336/4336 4331/4331
f 4331/4331 4336/4336 4337/4337
f 4336/4336 4339/4339 4337/4337
f 3658/3658 3657/3657 3660/3660
f 117/117 191/191 125/125
f 5143/5143 5145/5145 5146/5146
f 5146/5146 5145/5145 5147/5147
f 263/263 220/220 252/252
f 4016/4016 4009/4009 4011/4011
f 4083/4083 4073/4073 4082/4082
f 4082/4082 4074/4074 4098/4098
f 4018/4018 4010/4010 4009/4009
f 4074/4074 4097/4097 4098/4098
f 4013/4013 4006/4006 4010/4010
f 4010/4010 4006/4006 4007/4007
f 4074/4074 4079/4079 4097/4097
f 1779/1779 1752/1752 1753/1753
f 4013/4013 4014/4014 4006/4006
f 4014/4014 4015/4015 4006/4006
f 4077/4077 4078/4078 4079/4079
f 4079/4079 4078/4078 4086/4086
f 1753/1753 1752/1752 1749/1749
f 4015/4015 4002/4002 4006/4006
f 1749/1749 1752/1752 1750/1750
f 4078/4078 4087/4087 4086/4086
f 1750/1750 1756/1756 1758/1758
f 1758/1758 1759/1759 1755/1755
f 1761/1761 1776/1776 1768/1768
f 2082/2082 2074/2074 2069/2069
f 2750/2750 2751/2751 2752/2752
f 2069/2069 2078/2078 2081/2081
f 2752/2752 2751/2751 2756/2756
f 2775/2775 2774/2774 2770/2770
f 2770/2770 2774/2774 2771/2771
f 2770/2770 2771/2771 2765/2765
f 2756/2756 2751/2751 2758/2758
f 1881/1881 1866/1866 1880/1880
f 3658/3658 3659/3659 3656/3656
f 2798/2798 2785/2785 2794/2794
f 2794/2794 2785/2785 2788/2788
f 2805/2805 2760/2760 2804/2804
f 29/29 26/26 31/31
f 5160/5160 5161/5161 5158/5158
f 263/263 262/262 220/220
f 4029/4029 4018/4018 4009/4009
f 4082/4082 4098/4098 4099/4099
f 1781/1781 1780/1780 1790/1790
f 4018/4018 4031/4031 4010/4010
f 4031/4031 4013/4013 4010/4010
f 1752/1752 1757/1757 1756/1756
f 1752/1752 1756/1756 1750/1750
f 1759/1759 1758/1758 1760/1760
f 1759/1759 1760/1760 1761/1761
f 1761/1761 1787/1787 1776/1776
f 2074/2074 2082/2082 2073/2073
f 5260/5260 5264/5264 5257/5257
f 2750/2750 2763/2763 2753/2753
f 2765/2765 2771/2771 2763/2763
f 2751/2751 2759/2759 2758/2758
f 5272/5272 5268/5268 5264/5264
f 1856/1856 1855/1855 1879/1879
f 2785/2785 2786/2786 2788/2788
f 2799/2799 2760/2760 2790/2790
f 2790/2790 2792/2792 2799/2799
f 2788/2788 2789/2789 2797/2797
f 3656/3656 3657/3657 3658/3658
f 2803/2803 2760/2760 2799/2799
f 24/24 29/29 30/30
f 31/31 26/26 49/49
f 31/31 49/49 52/52
f 52/52 49/49 74/74
f 5143/5143 5142/5142 5144/5144
f 5143/5143 5144/5144 5145/5145
f 262/262 234/234 220/220
f 1781/1781 1778/1778 1780/1780
f 1780/1780 1778/1778 1779/1779
f 1779/1779 1778/1778 1752/1752
f 1752/1752 1778/1778 1773/1773
f 1773/1773 1757/1757 1752/1752
f 1756/1756 1785/1785 1758/1758
f 1758/1758 1785/1785 1760/1760
f 2062/2062 2050/2050 2073/2073
f 5265/5265 5266/5266 5267/5267
f 2050/2050 2074/2074 2073/2073
f 5265/5265 5262/5262 5266/5266
f 5261/5261 5257/5257 5263/5263
f 5048/5048 5049/5049 5050/5050
f 5262/5262 5263/5263 5266/5266
f 2050/2050 2069/2069 2074/2074
f 2763/2763 2772/2772 2753/2753
f 5264/5264 5268/5268 5263/5263
f 2790/2790 2780/2780 2792/2792
f 2798/2798 2791/2791 2785/2785
f 5254/5254 5255/5255 5256/5256
f 4366/4366 4368/4368 4367/4367
f 2788/2788 2786/2786 2789/2789
f 5143/5143 5141/5141 5142/5142
f 5160/5160 5162/5162 5161/5161
f 1782/1782 1778/1778 1781/1781
f 2056/2056 2064/2064 2068/2068
f 2055/2055 2054/2054 2056/2056
f 2056/2056 2054/2054 2064/2064
f 2055/2055 2051/2051 2054/2054
f 2054/2054 2063/2063 2064/2064
f 5289/5289 5290/5290 5291/5291
f 2051/2051 2050/2050 2054/2054
f 5277/5277 5270/5270 5276/5276
f 3961/3961 3916/3916 3960/3960
f 2054/2054 2062/2062 2063/2063
f 5270/5270 5269/5269 5276/5276
f 2049/2049 2050/2050 2051/2051
f 2050/2050 2062/2062 2054/2054
f 2049/2049 2052/2052 2050/2050
f 2049/2049 2086/2086 2052/2052
f 2753/2753 2754/2754 2751/2751
f 5266/5266 5263/5263 5268/5268
f 2052/2052 2053/2053 2050/2050
f 5311/5311 5312/5312 5313/5313
f 2771/2771 2772/2772 2763/2763
f 2751/2751 2757/2757 2759/2759
f 2791/2791 2781/2781 2785/2785
f 2785/2785 2781/2781 2783/2783
f 2785/2785 2783/2783 2786/2786
f 1855/1855 1850/1850 1879/1879
f 2786/2786 2787/2787 2789/2789
f 1883/1883 1882/1882 1866/1866
f 1866/1866 1882/1882 1862/1862
f 1866/1866 1862/1862 1856/1856
f 1856/1856 1844/1844 1855/1855
f 1856/1856 1862/1862 1844/1844
f 24/24 26/26 29/29
f 1792/1792 1788/1788 1782/1782
f 1788/1788 1786/1786 1782/1782
f 1782/1782 1786/1786 1778/1778
f 2070/2070 2061/2061 2077/2077
f 2077/2077 2061/2061 2079/2079
f 2079/2079 2061/2061 2066/2066
f 2066/2066 2061/2061 2059/2059
f 2065/2065 2057/2057 2058/2058
f 2057/2057 2056/2056 2058/2058
f 2058/2058 2056/2056 2059/2059
f 2059/2059 2056/2056 2066/2066
f 2057/2057 2055/2055 2056/2056
f 2753/2753 2762/2762 2754/2754
f 2776/2776 2762/2762 2772/2772
f 2751/2751 2754/2754 2755/2755
f 2780/2780 2777/2777 2779/2779
f 3915/3915 3880/3880 3959/3959
f 1839/1839 1838/1838 1851/1851
f 2755/2755 2777/2777 2757/2757
f 2780/2780 2781/2781 2792/2792
f 2792/2792 2781/2781 2791/2791
f 2783/2783 2787/2787 2786/2786
f 3880/3880 3874/3874 3959/3959
f 1879/1879 1850/1850 1851/1851
f 3959/3959 3874/3874 3873/3873
f 1850/1850 1844/1844 1841/1841
f 3872/3872 3873/3873 3870/3870
f 1844/1844 1842/1842 1841/1841
f 1844/1844 1862/1862 1842/1842
f 5250/5250 5247/5247 5249/5249
f 5162/5162 5163/5163 5161/5161
f 2194/2194 2192/2192 2212/2212
f 2077/2077 2075/2075 2070/2070
f 2067/2067 2060/2060 2061/2061
f 2060/2060 2059/2059 2061/2061
f 2080/2080 2058/2058 2060/2060
f 2060/2060 2058/2058 2059/2059
f 3972/3972 3942/3942 3925/3925
f 2080/2080 2089/2089 2058/2058
f 3958/3958 3919/3919 3962/3962
f 4374/4374 4371/4371 4375/4375
f 4371/4371 4373/4373 4375/4375
f 2754/2754 2761/2761 2755/2755
f 2777/2777 2778/2778 2779/2779
f 2780/2780 2779/2779 2781/2781
f 2781/2781 2779/2779 2782/2782
f 2782/2782 2783/2783 2781/2781
f 2777/2777 2755/2755 2778/2778
f 2783/2783 2795/2795 2787/2787
f 1851/1851 1841/1841 1839/1839
f 2787/2787 2795/2795 2796/2796
f 3870/3870 3871/3871 3872/3872
f 1841/1841 1842/1842 1840/1840
f 5247/5247 5248/5248 5249/5249
f 1842/1842 1857/1857 1840/1840
f 55/55 41/41 30/30
f 30/30 41/41 24/24
f 24/24 25/25 26/26
f 2072/2072 2075/2075 2076/2076
f 2072/2072 2070/2070 2075/2075
f 2070/2070 2072/2072 2071/2071
f 2187/2187 2205/2205 2188/2188
f 2071/2071 2067/2067 2070/2070
f 2067/2067 2061/2061 2070/2070
f 2067/2067 2085/2085 2060/2060
f 5308/5308 5309/5309 5310/5310
f 1138/1138 1140/1140 1135/1135
f 4374/4374 4376/4376 4369/4369
f 2754/2754 2762/2762 2761/2761
f 2779/2779 2784/2784 2782/2782
f 1839/1839 1834/1834 1838/1838
f 1841/1841 1840/1840 1839/1839
f 1839/1839 1840/1840 1834/1834
f 1517/1517 1493/1493 1519/1519
f 2084/2084 2087/2087 2072/2072
f 1500/1500 1491/1491 1493/1493
f 1517/1517 1500/1500 1493/1493
f 1493/1493 1491/1491 1492/1492
f 1500/1500 1489/1489 1491/1491
f 2072/2072 2087/2087 2071/2071
f 2071/2071 2087/2087 2088/2088
f 1489/1489 1488/1488 1490/1490
f 1487/1487 1488/1488 1489/1489
f 2071/2071 2088/2088 2067/2067
f 1486/1486 1485/1485 1487/1487
f 1487/1487 1485/1485 1488/1488
f 5033/5033 5034/5034 5035/5035
f 1486/1486 1483/1483 1485/1485
f 1486/1486 1494/1494 1483/1483
f 3923/3923 3949/3949 3950/3950
f 3940/3940 3952/3952 3917/3917
f 3920/3920 3940/3940 3917/3917
f 4369/4369 4370/4370 4371/4371
f 4984/4984 4982/4982 4983/4983
f 2778/2778 2793/2793 2779/2779
f 2779/2779 2793/2793 2784/2784
f 1861/1861 1870/1870 1878/1878
f 3881/3881 3914/3914 3886/3886
f 1836/1836 1847/1847 1867/1867
f 1847/1847 1848/1848 1865/1865
f 1870/1870 1871/1871 1878/1878
f 2782/2782 2795/2795 2783/2783
f 1838/1838 1834/1834 1837/1837
f 1837/1837 1834/1834 1836/1836
f 1867/1867 1847/1847 1865/1865
f 1840/1840 1843/1843 1834/1834
f 1834/1834 1843/1843 1835/1835
f 3871/3871 3876/3876 3968/3968
f 1840/1840 1857/1857 1843/1843
f 5141/5141 5135/5135 5142/5142
f 5214/5214 5209/5209 5210/5210
f 3970/3970 3939/3939 3938/3938
f 1493/1493 1492/1492 1518/1518
f 1491/1491 1490/1490 1492/1492
f 3931/3931 3929/3929 3930/3930
f 1483/1483 1484/1484 1485/1485
f 1496/1496 1495/1495 1483/1483
f 1483/1483 1495/1495 1484/1484
f 3945/3945 3926/3926 3947/3947
f 3921/3921 3949/3949 3923/3923
f 4981/4981 4978/4978 4980/4980
f 4978/4978 4979/4979 4980/4980
f 5066/5066 5067/5067 5068/5068
f 1871/1871 1876/1876 1878/1878
f 1876/1876 1872/1872 1877/1877
f 1847/1847 1846/1846 1848/1848
f 1834/1834 1835/1835 1836/1836
f 1836/1836 1835/1835 1847/1847
f 1835/1835 1846/1846 1847/1847
f 1835/1835 1845/1845 1846/1846
f 1846/1846 1845/1845 1858/1858
f 1846/1846 1858/1858 1859/1859
f 3876/3876 3879/3879 3968/3968
f 3968/3968 3879/3879 3883/3883
f 1857/1857 1869/1869 1843/1843
f 1843/1843 1845/1845 1835/1835
f 1843/1843 1869/1869 1845/1845
f 1845/1845 1869/1869 1868/1868
f 1858/1858 1863/1863 1859/1859
f 1859/1859 1863/1863 1864/1864
f 1845/1845 1868/1868 1858/1858
f 3811/3811 3808/3808 3810/3810
f 26/26 25/25 49/49
f 3931/3931 3933/3933 3932/3932
f 3822/3822 3820/3820 3821/3821
f 3823/3823 3822/3822 3821/3821
f 5008/5008 5011/5011 5023/5023
f 1495/1495 1497/1497 1484/1484
f 1484/1484 1497/1497 1498/1498
f 1503/1503 1501/1501 1495/1495
f 1495/1495 1501/1501 1497/1497
f 5023/5023 5011/5011 5022/5022
f 5023/5023 5022/5022 5025/5025
f 5022/5022 5015/5015 5024/5024
f 5024/5024 5015/5015 5019/5019
f 4372/4372 4370/4370 4369/4369
f 4800/4800 4801/4801 4799/4799
f 4796/4796 4803/4803 4797/4797
f 4797/4797 4803/4803 4804/4804
f 3631/3631 3632/3632 3638/3638
f 3891/3891 3967/3967 3903/3903
f 3421/3421 3419/3419 3418/3418
f 4804/4804 4805/4805 4809/4809
f 4809/4809 4813/4813 4816/4816
f 1853/1853 1852/1852 1861/1861
f 1852/1852 1854/1854 1861/1861
f 1861/1861 1854/1854 1870/1870
f 3637/3637 3628/3628 3630/3630
f 1853/1853 1848/1848 1852/1852
f 1854/1854 1860/1860 1870/1870
f 1870/1870 1860/1860 1871/1871
f 1871/1871 1872/1872 1876/1876
f 1846/1846 1849/1849 1848/1848
f 1848/1848 1849/1849 1852/1852
f 1854/1854 1849/1849 1860/1860
f 1871/1871 1860/1860 1872/1872
f 1872/1872 1875/1875 1877/1877
f 4986/4986 4987/4987 4988/4988
f 1846/1846 1859/1859 1849/1849
f 1849/1849 1864/1864 1860/1860
f 1849/1849 1859/1859 1864/1864
f 1863/1863 1874/1874 1860/1860
f 5057/5057 5058/5058 5059/5059
f 3808/3808 3809/3809 3810/3810
f 24/24 27/27 25/25
f 5141/5141 5136/5136 5135/5135
f 3937/3937 3955/3955 3934/3934
f 2243/2243 2244/2244 2260/2260
f 2260/2260 2244/2244 2246/2246
f 5008/5008 5006/5006 5011/5011
f 5011/5011 5013/5013 5022/5022
f 1503/1503 1502/1502 1501/1501
f 1501/1501 1502/1502 1497/1497
f 1503/1503 1504/1504 1502/1502
f 1504/1504 1505/1505 1502/1502
f 5022/5022 5013/5013 5015/5015
f 1504/1504 1508/1508 1505/1505
f 5015/5015 5016/5016 5019/5019
f 1508/1508 1509/1509 1505/1505
f 1509/1509 1510/1510 1505/1505
f 1505/1505 1510/1510 1506/1506
f 5019/5019 5016/5016 5020/5020
f 1510/1510 1511/1511 1506/1506
f 4800/4800 4806/4806 4801/4801
f 1509/1509 1514/1514 1510/1510
f 3430/3430 3420/3420 3421/3421
f 3421/3421 3420/3420 3419/3419
f 1510/1510 1512/1512 1511/1511
f 4803/4803 4805/4805 4804/4804
f 1512/1512 1513/1513 1511/1511
f 3888/3888 3901/3901 3884/3884
f 1512/1512 1516/1516 1513/1513
f 4805/4805 4810/4810 4809/4809
f 1852/1852 1849/1849 1854/1854
f 4810/4810 4813/4813 4809/4809
f 4886/4886 4887/4887 4888/4888
f 1872/1872 1860/1860 1873/1873
f 1872/1872 1873/1873 1875/1875
f 1860/1860 1874/1874 1873/1873
f 49/49 50/50 79/79
f 5135/5135 5136/5136 5137/5137
f 5209/5209 5204/5204 5210/5210
f 2244/2244 2245/2245 2246/2246
f 5009/5009 5005/5005 5007/5007
f 5006/5006 5012/5012 5011/5011
f 5011/5011 5012/5012 5013/5013
f 1497/1497 1502/1502 1507/1507
f 1502/1502 1506/1506 1507/1507
f 1502/1502 1505/1505 1506/1506
f 4801/4801 4802/4802 4796/4796
f 4802/4802 4803/4803 4796/4796
f 3420/3420 3417/3417 3419/3419
f 3632/3632 3634/3634 3638/3638
f 3419/3419 3417/3417 3418/3418
f 3417/3417 3415/3415 3418/3418
f 4802/4802 4805/4805 4803/4803
f 4805/4805 4811/4811 4810/4810
f 3884/3884 3900/3900 3885/3885
f 3951/3951 3956/3956 3941/3941
f 2242/2242 2239/2239 2258/2258
f 2243/2243 2239/2239 2241/2241
f 2243/2243 2241/2241 2244/2244
f 2244/2244 2241/2241 2245/2245
f 2245/2245 2247/2247 2246/2246
f 2246/2246 2247/2247 2248/2248
f 5012/5012 5014/5014 5013/5013
f 5013/5013 5014/5014 5015/5015
f 5015/5015 5014/5014 5016/5016
f 4808/4808 4807/4807 4806/4806
f 4807/4807 4801/4801 4806/4806
f 4827/4827 4802/4802 4801/4801
f 4827/4827 4812/4812 4802/4802
f 3430/3430 3422/3422 3420/3420
f 3422/3422 3417/3417 3420/3420
f 3441/3441 3437/3437 3430/3430
f 3437/3437 3422/3422 3430/3430
f 4812/4812 4805/4805 4802/4802
f 3415/3415 3414/3414 3411/3411
f 4812/4812 4811/4811 4805/4805
f 3415/3415 3411/3411 3416/3416
f 3411/3411 3413/3413 3416/3416
f 3416/3416 3413/3413 3436/3436
f 3436/3436 3413/3413 3424/3424
f 3424/3424 3434/3434 3436/3436
f 3434/3434 3429/3429 3435/3435
f 4811/4811 4817/4817 4810/4810
f 4894/4894 4890/4890 4886/4886
f 4890/4890 4889/4889 4886/4886
f 4886/4886 4889/4889 4887/4887
f 5207/5207 5204/5204 5208/5208
f 5208/5208 5204/5204 5209/5209
f 2258/2258 2251/2251 2242/2242
f 2239/2239 2242/2242 2240/2240
f 2239/2239 2240/2240 2241/2241
f 5006/5006 5004/5004 5012/5012
f 5004/5004 5018/5018 5012/5012
f 4807/4807 4808/4808 4825/4825
f 4825/4825 4826/4826 4807/4807
f 3965/3965 3969/3969 3912/3912
f 4826/4826 4815/4815 4827/4827
f 4826/4826 4827/4827 4807/4807
f 4815/4815 4812/4812 4827/4827
f 3417/3417 3414/3414 3415/3415
f 4812/4812 4814/4814 4811/4811
f 3413/3413 3423/3423 3424/3424
f 3423/3423 3425/3425 3424/3424
f 3424/3424 3425/3425 3434/3434
f 3434/3434 3425/3425 3429/3429
f 4895/4895 4890/4890 4894/4894
f 4889/4889 4892/4892 4887/4887
f 25/25 50/50 49/49
f 5139/5139 5138/5138 5140/5140
f 2251/2251 2250/2250 2242/2242
f 2250/2250 2249/2249 2242/2242
f 2242/2242 2249/2249 2240/2240
f 2245/2245 2255/2255 2247/2247
f 5012/5012 5018/5018 5017/5017
f 5012/5012 5017/5017 5014/5014
f 4819/4819 4821/4821 4808/4808
f 4822/4822 4808/4808 4821/4821
f 4824/4824 4825/4825 4822/4822
f 4822/4822 4825/4825 4808/4808
f 4824/4824 4815/4815 4826/4826
f 4824/4824 4826/4826 4825/4825
f 3091/3091 3056/3056 3087/3087
f 3078/3078 3056/3056 3091/3091
f 3056/3056 3077/3077 3087/3087
f 3417/3417 3433/3433 3414/3414
f 2712/2712 2696/2696 2717/2717
f 3078/3078 3057/3057 3056/3056
f 3411/3411 3414/3414 3412/3412
f 3411/3411 3412/3412 3413/3413
f 3412/3412 3423/3423 3413/3413
f 3425/3425 3428/3428 3429/3429
f 3078/3078 3090/3090 3060/3060
f 3078/3078 3060/3060 3057/3057
f 2717/2717 2696/2696 2708/2708
f 3090/3090 3088/3088 3060/3060
f 4890/4890 4891/4891 4889/4889
f 3089/3089 3061/3061 3088/3088
f 5136/5136 5138/5138 5137/5137
f 5137/5137 5138/5138 5139/5139
f 5207/5207 5206/5206 5204/5204
f 2251/2251 2256/2256 2250/2250
f 5372/5372 5351/5351 5343/5343
f 2240/2240 2252/2252 2254/2254
f 2254/2254 2241/2241 2240/2240
f 2254/2254 2253/2253 2241/2241
f 2241/2241 2253/2253 2245/2245
f 2245/2245 2253/2253 2255/2255
f 5004/5004 5021/5021 5018/5018
f 5400/5400 5401/5401 5398/5398
f 4829/4829 4818/4818 4820/4820
f 4818/4818 4821/4821 4819/4819
f 4818/4818 4819/4819 4820/4820
f 4818/4818 4823/4823 4821/4821
f 4823/4823 4824/4824 4821/4821
f 4823/4823 4828/4828 4824/4824
f 4824/4824 4822/4822 4821/4821
f 4828/4828 4815/4815 4824/4824
f 2709/2709 2701/2701 2716/2716
f 2701/2701 2698/2698 2716/2716
f 3057/3057 3054/3054 3056/3056
f 3054/3054 3055/3055 3056/3056
f 3056/3056 3055/3055 3077/3077
f 3077/3077 3055/3055 3062/3062
f 3414/3414 3433/3433 3432/3432
f 3414/3414 3432/3432 3412/3412
f 3057/3057 3060/3060 3054/3054
f 3060/3060 3059/3059 3054/3054
f 3088/3088 3061/3061 3060/3060
f 3060/3060 3061/3061 3059/3059
f 24/24 16/16 27/27
f 5206/5206 5205/5205 5204/5204
f 5204/5204 5211/5211 5210/5210
f 5353/5353 5352/5352 5392/5392
f 2249/2249 2252/2252 2240/2240
f 4830/4830 4829/4829 4831/4831
f 4829/4829 4820/4820 4831/4831
f 4830/4830 4818/4818 4829/4829
f 4851/4851 4823/4823 4818/4818
f 1309/1309 1312/1312 1313/1313
f 1313/1313 1312/1312 1314/1314
f 3423/3423 3412/3412 3431/3431
f 3423/3423 3431/3431 3426/3426
f 3423/3423 3426/3426 3425/3425
f 3077/3077 3062/3062 3080/3080
f 3080/3080 3068/3068 3079/3079
f 3432/3432 3438/3438 3412/3412
f 3438/3438 3431/3431 3412/3412
f 3426/3426 3427/3427 3425/3425
f 3425/3425 3427/3427 3428/3428
f 3055/3055 3054/3054 3058/3058
f 3055/3055 3058/3058 3062/3062
f 3054/3054 3059/3059 3058/3058
f 4293/4293 4291/4291 4290/4290
f 2256/2256 2259/2259 2250/2250
f 2259/2259 2257/2257 2250/2250
f 2250/2250 2257/2257 2249/2249
f 2249/2249 2257/2257 2252/2252
f 4850/4850 4844/4844 4846/4846
f 4832/4832 4833/4833 4834/4834
f 4830/4830 4831/4831 4832/4832
f 4831/4831 4833/4833 4832/4832
f 4847/4847 4818/4818 4830/4830
f 5398/5398 5397/5397 5396/5396
f 4818/4818 4847/4847 4851/4851
f 1309/1309 1306/1306 1312/1312
f 4559/4559 4539/4539 4538/4538
f 4538/4538 4537/4537 4540/4540
f 4537/4537 4541/4541 4540/4540
f 4540/4540 4541/4541 4542/4542
f 4542/4542 4541/4541 4543/4543
f 3062/3062 3067/3067 3080/3080
f 3080/3080 3067/3067 3068/3068
f 4542/4542 4543/4543 4548/4548
f 3068/3068 3069/3069 3079/3079
f 3079/3079 3069/3069 3070/3070
f 3062/3062 3063/3063 3067/3067
f 3058/3058 3064/3064 3063/3063
f 4290/4290 4291/4291 4292/4292
f 3058/3058 3059/3059 3064/3064
f 4290/4290 4292/4292 4294/4294
f 4843/4843 4841/4841 4845/4845
f 4845/4845 4841/4841 4848/4848
f 5352/5352 5341/5341 5392/5392
f 5343/5343 5341/5341 5352/5352
f 5351/5351 5340/5340 5343/5343
f 5343/5343 5340/5340 5341/5341
f 4842/4842 4839/4839 4841/4841
f 4839/4839 4840/4840 4841/4841
f 4841/4841 4840/4840 4844/4844
f 5243/5243 5240/5240 5242/5242
f 1318/1318 1316/1316 1317/1317
f 4842/4842 4838/4838 4839/4839
f 1317/1317 1316/1316 1315/1315
f 5240/5240 5241/5241 5242/5242
f 4840/4840 4836/4836 4844/4844
f 4839/4839 4836/4836 4840/4840
f 4836/4836 4846/4846 4844/4844
f 5339/5339 5350/5350 5338/5338
f 4839/4839 4837/4837 4836/4836
f 4838/4838 4837/4837 4839/4839
f 4836/4836 4834/4834 4846/4846
f 5438/5438 5413/5413 5350/5350
f 5350/5350 5413/5413 5371/5371
f 4838/4838 4830/4830 4837/4837
f 4837/4837 4832/4832 4836/4836
f 4836/4836 4832/4832 4834/4834
f 4837/4837 4830/4830 4832/4832
f 5403/5403 5396/5396 5413/5413
f 4838/4838 4847/4847 4830/4830
f 1311/1311 1308/1308 1310/1310
f 1315/1315 1311/1311 1310/1310
f 1310/1310 1308/1308 1309/1309
f 1308/1308 1306/1306 1309/1309
f 1306/1306 1259/1259 1312/1312
f 4143/4143 4140/4140 4142/4142
f 2705/2705 2715/2715 2714/2714
f 4559/4559 4553/4553 4539/4539
f 4537/4537 4544/4544 4541/4541
f 3074/3074 3071/3071 3081/3081
f 3081/3081 3071/3071 3075/3075
f 3426/3426 3439/3439 3427/3427
f 4543/4543 4547/4547 4548/4548
f 4247/4247 4232/4232 4244/4244
f 3074/3074 3070/3070 3071/3071
f 3439/3439 3440/3440 3427/3427
f 5365/5365 5426/5426 5425/5425
f 3067/3067 3065/3065 3068/3068
f 3068/3068 3065/3065 3069/3069
f 3067/3067 3063/3063 3065/3065
f 3069/3069 3065/3065 3066/3066
f 3069/3069 3066/3066 3070/3070
f 3070/3070 3066/3066 3071/3071
f 3063/3063 3064/3064 3065/3065
f 3065/3065 3064/3064 3066/3066
f 1321/1321 1320/1320 1318/1318
f 5205/5205 5203/5203 5204/5204
f 1318/1318 1320/1320 1319/1319
f 1318/1318 1317/1317 1321/1321
f 5341/5341 5340/5340 5335/5335
f 1319/1319 1316/1316 1318/1318
f 5340/5340 5339/5339 5335/5335
f 5339/5339 5338/5338 5335/5335
f 5338/5338 5333/5333 5335/5335
f 5350/5350 5371/5371 5338/5338
f 5338/5338 5371/5371 5333/5333
f 1316/1316 1311/1311 1315/1315
f 5371/5371 5328/5328 5333/5333
f 5371/5371 5413/5413 5328/5328
f 5413/5413 5396/5396 5328/5328
f 5396/5396 5349/5349 5328/5328
f 1308/1308 1307/1307 1306/1306
f 5324/5324 5319/5319 5349/5349
f 1307/1307 1250/1250 1306/1306
f 1306/1306 1250/1250 1259/1259
f 4142/4142 4140/4140 4141/4141
f 4140/4140 4137/4137 4141/4141
f 4554/4554 4552/4552 4553/4553
f 4553/4553 4552/4552 4539/4539
f 4545/4545 4544/4544 4537/4537
f 5360/5360 5359/5359 5357/5357
f 4541/4541 4544/4544 4546/4546
f 4541/4541 4546/4546 4543/4543
f 4543/4543 4546/4546 4547/4547
f 4232/4232 4231/4231 4244/4244
f 2694/2694 2693/2693 2685/2685
f 3071/3071 3072/3072 3075/3075
f 3075/3075 3072/3072 3076/3076
f 3071/3071 3066/3066 3072/3072
f 3072/3072 3066/3066 3073/3073
f 5030/5030 5031/5031 5032/5032
f 25/25 27/27 50/50
f 50/50 82/82 79/79
f 1320/1320 1324/1324 1319/1319
f 1319/1319 1324/1324 1316/1316
f 1259/1259 1250/1250 1251/1251
f 4557/4557 4554/4554 4558/4558
f 4554/4554 4555/4555 4552/4552
f 4552/4552 4549/4549 4539/4539
f 4539/4539 4549/4549 4545/4545
f 5359/5359 5358/5358 5357/5357
f 3084/3084 3085/3085 3086/3086
f 4237/4237 4238/4238 4248/4248
f 3084/3084 3076/3076 3083/3083
f 3084/3084 3083/3083 3085/3085
f 4232/4232 4229/4229 4231/4231
f 4231/4231 4237/4237 4244/4244
f 3072/3072 3082/3082 3076/3076
f 3076/3076 3082/3082 3083/3083
f 1320/1320 1274/1274 1327/1327
f 1292/1292 1297/1297 1298/1298
f 5044/5044 5046/5046 5047/5047
f 4556/4556 4555/4555 4554/4554
f 4557/4557 4556/4556 4554/4554
f 4545/4545 4546/4546 4544/4544
f 4545/4545 4550/4550 4546/4546
f 4550/4550 4547/4547 4546/4546
f 4237/4237 4236/4236 4238/4238
f 3768/3768 3765/3765 3776/3776
f 4550/4550 4551/4551 4547/4547
f 4230/4230 4236/4236 4231/4231
f 4231/4231 4236/4236 4237/4237
f 3776/3776 3765/3765 3775/3775
f 4231/4231 4229/4229 4230/4230
f 2677/2677 2689/2689 2688/2688
f 5233/5233 5226/5226 5229/5229
f 5203/5203 5200/5200 5204/5204
f 1274/1274 1275/1275 1304/1304
f 1304/1304 1275/1275 1277/1277
f 1286/1286 1277/1277 1280/1280
f 1286/1286 1280/1280 1283/1283
f 1283/1283 1284/1284 1292/1292
f 1244/1244 1241/1241 1250/1250
f 1241/1241 1252/1252 1251/1251
f 1250/1250 1241/1241 1251/1251
f 5044/5044 5045/5045 5046/5046
f 3147/3147 3152/3152 3158/3158
f 3147/3147 3144/3144 3152/3152
f 3143/3143 3148/3148 3144/3144
f 3144/3144 3151/3151 3152/3152
f 3148/3148 3149/3149 3144/3144
f 3144/3144 3149/3149 3151/3151
f 3148/3148 3143/3143 3153/3153
f 3148/3148 3153/3153 3149/3149
f 3153/3153 3154/3154 3149/3149
f 3153/3153 3155/3155 3154/3154
f 3155/3155 3156/3156 3154/3154
f 3156/3156 3157/3157 3154/3154
f 3092/3092 3085/3085 3093/3093
f 4238/4238 4241/4241 4243/4243
f 3774/3774 3771/3771 3768/3768
f 3768/3768 3771/3771 3767/3767
f 3767/3767 3763/3763 3768/3768
f 3768/3768 3763/3763 3765/3765
f 3156/3156 3159/3159 3157/3157
f 3157/3157 3159/3159 3161/3161
f 3765/3765 3769/3769 3775/3775
f 4905/4905 4904/4904 4907/4907
f 4227/4227 4228/4228 4229/4229
f 4229/4229 4228/4228 4230/4230
f 4230/4230 4246/4246 4236/4236
f 3775/3775 3773/3773 3777/3777
f 4913/4913 4901/4901 4905/4905
f 127/127 92/92 133/133
f 41/41 16/16 24/24
f 16/16 28/28 27/27
f 5203/5203 5202/5202 5200/5200
f 5204/5204 5200/5200 5211/5211
f 1274/1274 1270/1270 1275/1275
f 1275/1275 1276/1276 1277/1277
f 1276/1276 1278/1278 1277/1277
f 1277/1277 1278/1278 1280/1280
f 1280/1280 1282/1282 1283/1283
f 1283/1283 1282/1282 1284/1284
f 1292/1292 1285/1285 1297/1297
f 1244/1244 1243/1243 1241/1241
f 3146/3146 3145/3145 3160/3160
f 3150/3150 3143/3143 3146/3146
f 3146/3146 3143/3143 3145/3145
f 3143/3143 3144/3144 3145/3145
f 3145/3145 3144/3144 3147/3147
f 3150/3150 3153/3153 3143/3143
f 1670/1670 1661/1661 1667/1667
f 5358/5358 5366/5366 5356/5356
f 4238/4238 4240/4240 4241/4241
f 4236/4236 4239/4239 4238/4238
f 4238/4238 4239/4239 4240/4240
f 4234/4234 4227/4227 4235/4235
f 4236/4236 4246/4246 4239/4239
f 3775/3775 3769/3769 3773/3773
f 4228/4228 4233/4233 4230/4230
f 2593/2593 2586/2586 2585/2585
f 27/27 28/28 50/50
f 50/50 28/28 61/61
f 50/50 61/61 73/73
f 5226/5226 5228/5228 5229/5229
f 1274/1274 1273/1273 1270/1270
f 1275/1275 1270/1270 1269/1269
f 1269/1269 1276/1276 1275/1275
f 1263/1263 1278/1278 1276/1276
f 1278/1278 1279/1279 1280/1280
f 1284/1284 1282/1282 1285/1285
f 1243/1243 1206/1206 1241/1241
f 1224/1224 1252/1252 1241/1241
f 1241/1241 1206/1206 1224/1224
f 1224/1224 1256/1256 1252/1252
f 1224/1224 1235/1235 1305/1305
f 1664/1664 1661/1661 1670/1670
f 1661/1661 1659/1659 1660/1660
f 4240/4240 4245/4245 4241/4241
f 3771/3771 3770/3770 3767/3767
f 3767/3767 3770/3770 3766/3766
f 3767/3767 3766/3766 3763/3763
f 1659/1659 1658/1658 1660/1660
f 4902/4902 4898/4898 4903/4903
f 3763/3763 3764/3764 3765/3765
f 3765/3765 3764/3764 3769/3769
f 4234/4234 4233/4233 4228/4228
f 2586/2586 2582/2582 2585/2585
f 5202/5202 5201/5201 5200/5200
f 1269/1269 1267/1267 1276/1276
f 1276/1276 1267/1267 1264/1264
f 1264/1264 1263/1263 1276/1276
f 1263/1263 1255/1255 1279/1279
f 1263/1263 1279/1279 1278/1278
f 1280/1280 1279/1279 1281/1281
f 1280/1280 1281/1281 1282/1282
f 1282/1282 1287/1287 1285/1285
f 1245/1245 1285/1285 1287/1287
f 1243/1243 1245/1245 1206/1206
f 1224/1224 1220/1220 1235/1235
f 1666/1666 1663/1663 1664/1664
f 1662/1662 1665/1665 1659/1659
f 4909/4909 4914/4914 4912/4912
f 4906/4906 4910/4910 4904/4904
f 4239/4239 4242/4242 4240/4240
f 2584/2584 2580/2580 2572/2572
f 2584/2584 2572/2572 2583/2583
f 3763/3763 3766/3766 3764/3764
f 4901/4901 4900/4900 4898/4898
f 2606/2606 2585/2585 2580/2580
f 3769/3769 3764/3764 3772/3772
f 3769/3769 3772/3772 3773/3773
f 1657/1657 1653/1653 1651/1651
f 2585/2585 2581/2581 2580/2580
f 2585/2585 2582/2582 2581/2581
f 1272/1272 1270/1270 1273/1273
f 1270/1270 1268/1268 1269/1269
f 1263/1263 1264/1264 1262/1262
f 1263/1263 1262/1262 1255/1255
f 1255/1255 1253/1253 1279/1279
f 1202/1202 1245/1245 1287/1287
f 1202/1202 1206/1206 1245/1245
f 1206/1206 1205/1205 1217/1217
f 1206/1206 1217/1217 1220/1220
f 1206/1206 1220/1220 1224/1224
f 5317/5317 5322/5322 5326/5326
f 1235/1235 1220/1220 1237/1237
f 1237/1237 1220/1220 1221/1221
f 1221/1221 1223/1223 1237/1237
f 4911/4911 4914/4914 4909/4909
f 4914/4914 4919/4919 4912/4912
f 1225/1225 1232/1232 1236/1236
f 2583/2583 2576/2576 2596/2596
f 4444/4444 4442/4442 4443/4443
f 2583/2583 2572/2572 2576/2576
f 4900/4900 4899/4899 4898/4898
f 2580/2580 2578/2578 2572/2572
f 3766/3766 3778/3778 3764/3764
f 2581/2581 2578/2578 2580/2580
f 2578/2578 2573/2573 2572/2572
f 2582/2582 2578/2578 2581/2581
f 2582/2582 2610/2610 2578/2578
f 267/267 232/232 231/231
f 1270/1270 1271/1271 1268/1268
f 1268/1268 1267/1267 1269/1269
f 1267/1267 1266/1266 1264/1264
f 1253/1253 1303/1303 1279/1279
f 1303/1303 1281/1281 1279/1279
f 1302/1302 1199/1199 1202/1202
f 1302/1302 1287/1287 1281/1281
f 1302/1302 1202/1202 1287/1287
f 1206/1206 1202/1202 1205/1205
f 1217/1217 1219/1219 1220/1220
f 1220/1220 1219/1219 1221/1221
f 1221/1221 1222/1222 1223/1223
f 1223/1223 1222/1222 1225/1225
f 4911/4911 4915/4915 4914/4914
f 4914/4914 4917/4917 4919/4919
f 1225/1225 1228/1228 1232/1232
f 4429/4429 4435/4435 4441/4441
f 2576/2576 2572/2572 2575/2575
f 2576/2576 2575/2575 2596/2596
f 3779/3779 3778/3778 3766/3766
f 1643/1643 1650/1650 1640/1640
f 2572/2572 2574/2574 2575/2575
f 2608/2608 2589/2589 2590/2590
f 2608/2608 2590/2590 2607/2607
f 2572/2572 2573/2573 2574/2574
f 2578/2578 2587/2587 2573/2573
f 5292/5292 5293/5293 5294/5294
f 1671/1671 1638/1638 1637/1637
f 2578/2578 2609/2609 2587/2587
f 5226/5226 5227/5227 5228/5228
f 5228/5228 5227/5227 5230/5230
f 1272/1272 1271/1271 1270/1270
f 1268/1268 1266/1266 1267/1267
f 1264/1264 1266/1266 1265/1265
f 1264/1264 1265/1265 1262/1262
f 1262/1262 1254/1254 1255/1255
f 1255/1255 1254/1254 1253/1253
f 1253/1253 1199/1199 1303/1303
f 1199/1199 1302/1302 1303/1303
f 1201/1201 1205/1205 1202/1202
f 1225/1225 1222/1222 1226/1226
f 1225/1225 1226/1226 1228/1228
f 4916/4916 4917/4917 4914/4914
f 4915/4915 4916/4916 4914/4914
f 1649/1649 1655/1655 1639/1639
f 2603/2603 2595/2595 2594/2594
f 2574/2574 2577/2577 2575/2575
f 2575/2575 2579/2579 2589/2589
f 2575/2575 2577/2577 2579/2579
f 2589/2589 2579/2579 2590/2590
f 2573/2573 2587/2587 2574/2574
f 2587/2587 2588/2588 2574/2574
f 5232/5232 5227/5227 5226/5226
f 5227/5227 5231/5231 5230/5230
f 1254/1254 1203/1203 1253/1253
f 1203/1203 1199/1199 1253/1253
f 1202/1202 1199/1199 1201/1201
f 1205/1205 1218/1218 1217/1217
f 1217/1217 1218/1218 1219/1219
f 4426/4426 4425/4425 4434/4434
f 1230/1230 1232/1232 1228/1228
f 4435/4435 4426/4426 4434/4434
f 4442/4442 4429/4429 4443/4443
f 4429/4429 4426/4426 4435/4435
f 2592/2592 2590/2590 2591/2591
f 2577/2577 2588/2588 2579/2579
f 2579/2579 2591/2591 2590/2590
f 2609/2609 2588/2588 2587/2587
f 2574/2574 2588/2588 2577/2577
f 1272/1272 1289/1289 1288/1288
f 1288/1288 1299/1299 1271/1271
f 1272/1272 1288/1288 1271/1271
f 1271/1271 1299/1299 1268/1268
f 1268/1268 1296/1296 1266/1266
f 1266/1266 1296/1296 1295/1295
f 1266/1266 1295/1295 1293/1293
f 1265/1265 1293/1293 1261/1261
f 1203/1203 1200/1200 1199/1199
f 1199/1199 1200/1200 1201/1201
f 1221/1221 1219/1219 1222/1222
f 4916/4916 4918/4918 4917/4917
f 4917/4917 4918/4918 4919/4919
f 4424/4424 4414/4414 4423/4423
f 1631/1631 1654/1654 1626/1626
f 4417/4417 4414/4414 4424/4424
f 4425/4425 4417/4417 4424/4424
f 4426/4426 4417/4417 4425/4425
f 2602/2602 2594/2594 2599/2599
f 4428/4428 4427/4427 4426/4426
f 4429/4429 4428/4428 4426/4426
f 4442/4442 4432/4432 4429/4429
f 2591/2591 2597/2597 2594/2594
f 1642/1642 1634/1634 1647/1647
f 2579/2579 2597/2597 2591/2591
f 28/28 18/18 61/61
f 267/267 260/260 232/232
f 1288/1288 1300/1300 1299/1299
f 1299/1299 1300/1300 1301/1301
f 5384/5384 5377/5377 5406/5406
f 5377/5377 5378/5378 5406/5406
f 5377/5377 5376/5376 5378/5378
f 5378/5378 5376/5376 5379/5379
f 1293/1293 1294/1294 1261/1261
f 5380/5380 5379/5379 5376/5376
f 1294/1294 1213/1213 1261/1261
f 1213/1213 1204/1204 1261/1261
f 1203/1203 1204/1204 1200/1200
f 1205/1205 1212/1212 1218/1218
f 1218/1218 1231/1231 1219/1219
f 1219/1219 1231/1231 1222/1222
f 1228/1228 1226/1226 1230/1230
f 2594/2594 2598/2598 2599/2599
f 4427/4427 4417/4417 4426/4426
f 4432/4432 4430/4430 4429/4429
f 4429/4429 4430/4430 4428/4428
f 1644/1644 1635/1635 1633/1633
f 2594/2594 2597/2597 2598/2598
f 156/156 177/177 178/178
f 888/888 871/871 889/889
f 5232/5232 5234/5234 5227/5227
f 5054/5054 5055/5055 5056/5056
f 5201/5201 5199/5199 5200/5200
f 2621/2621 2613/2613 2620/2620
f 2613/2613 2619/2619 2620/2620
f 5421/5421 5406/5406 5428/5428
f 2613/2613 2618/2618 2619/2619
f 5421/5421 5384/5384 5406/5406
f 2618/2618 2613/2613 2612/2612
f 2612/2612 2625/2625 2618/2618
f 2612/2612 2624/2624 2625/2625
f 2612/2612 2623/2623 2624/2624
f 2614/2614 2615/2615 2612/2612
f 2612/2612 2616/2616 2623/2623
f 2612/2612 2615/2615 2616/2616
f 2614/2614 2617/2617 2615/2615
f 1200/1200 1207/1207 1201/1201
f 1201/1201 1207/1207 1210/1210
f 1201/1201 1210/1210 1205/1205
f 1210/1210 1212/1212 1205/1205
f 1222/1222 1227/1227 1226/1226
f 4423/4423 4422/4422 4439/4439
f 4439/4439 4422/4422 4436/4436
f 4414/4414 4415/4415 4423/4423
f 2601/2601 2599/2599 2600/2600
f 4417/4417 4412/4412 4414/4414
f 2598/2598 2604/2604 2600/2600
f 2599/2599 2598/2598 2600/2600
f 4427/4427 4431/4431 4417/4417
f 4432/4432 4433/4433 4430/4430
f 4428/4428 4431/4431 4427/4427
f 41/41 56/56 16/16
f 5199/5199 5196/5196 5200/5200
f 2622/2622 2613/2613 2621/2621
f 1239/1239 1216/1216 1240/1240
f 5406/5406 5432/5432 5429/5429
f 2622/2622 2611/2611 2613/2613
f 2611/2611 2612/2612 2613/2613
f 1239/1239 1215/1215 1216/1216
f 2622/2622 2614/2614 2611/2611
f 1216/1216 1215/1215 1214/1214
f 2611/2611 2614/2614 2612/2612
f 1213/1213 1214/1214 1211/1211
f 1213/1213 1211/1211 1204/1204
f 1204/1204 1211/1211 1200/1200
f 1210/1210 1260/1260 1212/1212
f 1218/1218 1212/1212 1246/1246
f 1246/1246 1231/1231 1218/1218
f 1246/1246 1257/1257 1231/1231
f 1257/1257 1222/1222 1231/1231
f 1257/1257 1258/1258 1222/1222
f 1222/1222 1258/1258 1227/1227
f 4436/4436 4422/4422 4421/4421
f 4436/4436 4421/4421 4440/4440
f 4423/4423 4415/4415 4416/4416
f 4423/4423 4416/4416 4422/4422
f 4417/4417 4420/4420 4412/4412
f 1656/1656 1645/1645 1632/1632
f 4431/4431 4420/4420 4417/4417
f 1226/1226 1229/1229 1230/1230
f 1333/1333 1331/1331 1239/1239
f 5199/5199 5198/5198 5196/5196
f 1239/1239 1238/1238 1215/1215
f 1214/1214 1215/1215 1211/1211
f 1211/1211 1208/1208 1200/1200
f 1200/1200 1208/1208 1207/1207
f 1207/1207 1209/1209 1210/1210
f 1210/1210 1209/1209 1260/1260
f 1212/1212 1247/1247 1246/1246
f 1246/1246 1247/1247 1248/1248
f 1248/1248 1257/1257 1246/1246
f 1248/1248 1290/1290 1257/1257
f 1290/1290 1258/1258 1257/1257
f 4416/4416 4421/4421 4422/4422
f 4421/4421 4409/4409 4440/4440
f 3979/3979 3975/3975 3977/3977
f 4440/4440 4409/4409 4407/4407
f 4414/4414 4413/4413 4415/4415
f 4440/4440 4407/4407 4408/4408
f 4412/4412 4413/4413 4414/4414
f 1226/1226 1227/1227 1229/1229
f 1668/1668 1669/1669 1645/1645
f 1656/1656 1668/1668 1645/1645
f 4431/4431 4438/4438 4420/4420
f 4428/4428 4430/4430 4445/4445
f 2570/2570 2567/2567 2568/2568
f 172/172 122/122 188/188
f 28/28 16/16 18/18
f 1239/1239 1329/1329 1238/1238
f 1215/1215 1238/1238 1234/1234
f 1215/1215 1234/1234 1211/1211
f 1207/1207 1208/1208 1209/1209
f 4710/4710 4610/4610 4713/4713
f 4713/4713 4596/4596 4725/4725
f 1290/1290 1248/1248 1291/1291
f 3973/3973 3975/3975 3979/3979
f 1290/1290 1291/1291 1258/1258
f 3975/3975 3976/3976 3977/3977
f 4407/4407 4403/4403 4408/4408
f 4408/4408 4403/4403 4405/4405
f 4420/4420 4438/4438 4437/4437
f 3982/3982 3984/3984 3985/3985
f 2567/2567 2565/2565 2568/2568
f 2567/2567 2566/2566 2565/2565
f 869/869 868/868 871/871
f 157/157 122/122 124/124
f 4709/4709 4624/4624 4627/4627
f 1234/1234 1249/1249 1211/1211
f 4710/4710 4611/4611 4610/4610
f 4725/4725 4596/4596 4604/4604
f 3973/3973 3974/3974 3975/3975
f 4416/4416 4410/4410 4421/4421
f 4421/4421 4410/4410 4409/4409
f 4415/4415 4413/4413 4416/4416
f 4409/4409 4406/4406 4407/4407
f 4406/4406 4403/4403 4407/4407
f 4412/4412 4418/4418 4413/4413
f 4420/4420 4419/4419 4412/4412
f 4419/4419 4418/4418 4412/4412
f 4437/4437 4419/4419 4420/4420
f 4403/4403 4404/4404 4405/4405
f 2569/2569 2568/2568 2565/2565
f 168/168 167/167 195/195
f 195/195 167/167 172/172
f 868/868 870/870 871/871
f 18/18 59/59 61/61
f 5088/5088 5085/5085 5086/5086
f 4627/4627 4624/4624 4622/4622
f 4627/4627 4622/4622 4628/4628
f 1249/1249 1242/1242 1211/1211
f 1211/1211 1233/1233 1208/1208
f 4610/4610 4595/4595 4596/4596
f 4595/4595 4594/4594 4596/4596
f 4596/4596 4594/4594 4604/4604
f 4594/4594 4584/4584 4604/4604
f 3974/3974 3978/3978 3976/3976
f 3975/3975 3974/3974 3976/3976
f 4580/4580 4578/4578 4577/4577
f 4577/4577 4578/4578 4579/4579
f 4413/4413 4411/4411 4416/4416
f 4411/4411 4410/4410 4416/4416
f 4410/4410 4411/4411 4406/4406
f 4410/4410 4406/4406 4409/4409
f 4406/4406 4404/4404 4403/4403
f 4579/4579 4578/4578 4585/4585
f 2569/2569 2551/2551 2550/2550
f 3983/3983 3988/3988 3984/3984
f 3988/3988 3989/3989 3984/3984
f 2569/2569 2565/2565 2551/2551
f 2565/2565 2566/2566 2553/2553
f 195/195 172/172 198/198
f 5088/5088 5089/5089 5085/5085
f 5086/5086 5085/5085 5084/5084
f 4622/4622 4629/4629 4628/4628
f 4611/4611 4612/4612 4605/4605
f 4611/4611 4605/4605 4610/4610
f 4610/4610 4598/4598 4595/4595
f 4594/4594 4590/4590 4584/4584
f 4584/4584 4580/4580 4608/4608
f 2559/2559 2557/2557 2563/2563
f 4418/4418 4419/4419 4413/4413
f 4578/4578 4586/4586 4585/4585
f 2557/2557 2558/2558 2563/2563
f 2563/2563 2558/2558 2564/2564
f 4585/4585 4586/4586 4587/4587
f 5792/5792 5793/5793 5803/5803
f 5803/5803 5793/5793 5795/5795
f 2551/2551 2553/2553 2547/2547
f 2553/2553 2552/2552 2547/2547
f 56/56 40/40 16/16
f 5084/5084 5083/5083 5087/5087
f 4709/4709 4623/4623 4624/4624
f 4620/4620 4631/4631 4629/4629
f 3557/3557 3554/3554 3561/3561
f 4631/4631 4618/4618 4712/4712
f 4712/4712 4618/4618 4711/4711
f 4618/4618 4611/4611 4711/4711
f 4594/4594 4595/4595 4592/4592
f 4594/4594 4592/4592 4590/4590
f 4584/4584 4590/4590 4582/4582
f 4584/4584 4582/4582 4580/4580
f 2560/2560 2549/2549 2559/2559
f 2549/2549 2555/2555 2559/2559
f 2559/2559 2555/2555 2557/2557
f 2550/2550 2549/2549 2560/2560
f 2549/2549 2548/2548 2555/2555
f 2555/2555 2556/2556 2557/2557
f 2551/2551 2547/2547 2550/2550
f 2550/2550 2547/2547 2549/2549
f 2547/2547 2548/2548 2549/2549
f 2548/2548 2556/2556 2555/2555
f 5795/5795 5793/5793 5794/5794
f 2548/2548 2554/2554 2556/2556
f 2557/2557 2556/2556 2558/2558
f 2548/2548 2552/2552 2554/2554
f 2556/2556 2562/2562 2558/2558
f 2547/2547 2552/2552 2548/2548
f 2554/2554 2561/2561 2556/2556
f 2556/2556 2561/2561 2562/2562
f 4574/4574 4573/4573 4575/4575
f 4576/4576 4572/4572 4574/4574
f 846/846 885/885 843/843
f 4624/4624 4623/4623 4622/4622
f 4629/4629 4622/4622 4620/4620
f 4620/4620 4617/4617 4618/4618
f 4631/4631 4620/4620 4618/4618
f 4618/4618 4615/4615 4611/4611
f 4590/4590 4592/4592 4591/4591
f 4590/4590 4591/4591 4582/4582
f 4580/4580 4581/4581 4578/4578
f 5793/5793 5790/5790 5794/5794
f 5790/5790 5796/5796 5794/5794
f 208/208 206/206 196/196
f 4622/4622 4621/4621 4620/4620
f 4621/4621 4619/4619 4620/4620
f 4619/4619 4617/4617 4620/4620
f 4617/4617 4615/4615 4618/4618
f 4611/4611 4613/4613 4612/4612
f 4605/4605 4599/4599 4598/4598
f 4595/4595 4598/4598 4592/4592
f 2532/2532 2534/2534 2531/2531
f 4582/4582 4581/4581 4580/4580
f 2544/2544 2545/2545 2534/2534
f 4578/4578 4583/4583 4586/4586
f 1573/1573 1561/1561 1548/1548
f 5857/5857 5854/5854 5856/5856
f 1582/1582 1586/1586 1578/1578
f 5792/5792 5790/5790 5793/5793
f 1098/1098 1105/1105 1091/1091
f 1091/1091 1105/1105 1092/1092
f 843/843 804/804 846/846
f 868/868 865/865 870/870
f 5198/5198 5197/5197 5196/5196
f 4623/4623 4621/4621 4622/4622
f 4615/4615 4614/4614 4611/4611
f 4611/4611 4614/4614 4613/4613
f 4605/4605 4612/4612 4599/4599
f 4697/4697 4582/4582 4591/4591
f 4211/4211 4206/4206 4209/4209
f 2534/2534 2546/2546 2537/2537
f 5831/5831 5819/5819 5830/5830
f 1573/1573 1587/1587 1563/1563
f 1573/1573 1563/1563 1561/1561
f 5802/5802 5778/5778 5814/5814
f 5797/5797 5778/5778 5802/5802
f 5790/5790 5798/5798 5796/5796
f 5854/5854 5855/5855 5856/5856
f 18/18 45/45 59/59
f 59/59 65/65 78/78
f 5085/5085 5082/5082 5084/5084
f 4623/4623 4625/4625 4621/4621
f 4617/4617 4619/4619 4616/4616
f 4617/4617 4616/4616 4615/4615
f 4599/4599 4597/4597 4598/4598
f 4592/4592 4597/4597 4593/4593
f 4592/4592 4593/4593 4591/4591
f 4593/4593 4603/4603 4591/4591
f 4591/4591 4698/4698 4697/4697
f 4581/4581 4583/4583 4578/4578
f 2546/2546 2543/2543 2537/2537
f 5823/5823 5822/5822 5824/5824
f 5819/5819 5821/5821 5830/5830
f 5823/5823 5830/5830 5821/5821
f 5814/5814 5778/5778 5784/5784
f 5797/5797 5787/5787 5778/5778
f 1110/1110 1114/1114 1098/1098
f 885/885 894/894 849/849
f 1114/1114 1107/1107 1098/1098
f 885/885 849/849 843/843
f 868/868 864/864 865/865
f 45/45 65/65 59/59
f 5197/5197 5195/5195 5196/5196
f 5196/5196 5195/5195 5194/5194
f 4623/4623 4644/4644 4625/4625
f 4621/4621 4626/4626 4619/4619
f 4619/4619 4626/4626 4616/4616
f 4603/4603 4698/4698 4591/4591
f 4698/4698 4700/4700 4697/4697
f 4207/4207 4204/4204 4206/4206
f 5822/5822 5825/5825 5824/5824
f 5858/5858 5859/5859 5860/5860
f 5778/5778 5776/5776 5784/5784
f 5784/5784 5815/5815 5814/5814
f 4583/4583 4588/4588 4586/4586
f 4586/4586 4588/4588 4587/4587
f 5798/5798 5787/5787 5797/5797
f 5791/5791 5789/5789 5790/5790
f 5792/5792 5791/5791 5790/5790
f 5790/5790 5789/5789 5787/5787
f 5790/5790 5787/5787 5798/5798
f 1044/1044 1040/1040 1023/1023
f 1023/1023 1018/1018 1022/1022
f 1040/1040 1018/1018 1023/1023
f 1018/1018 1021/1021 1022/1022
f 1044/1044 1051/1051 1040/1040
f 1040/1040 1019/1019 1018/1018
f 1018/1018 1020/1020 1021/1021
f 1018/1018 1019/1019 1020/1020
f 1040/1040 1043/1043 1019/1019
f 40/40 17/17 16/16
f 16/16 17/17 18/18
f 4621/4621 4625/4625 4626/4626
f 2105/2105 2100/2100 2108/2108
f 4626/4626 4693/4693 4616/4616
f 4693/4693 4646/4646 4616/4616
f 4615/4615 4616/4616 4614/4614
f 4597/4597 4602/4602 4593/4593
f 4208/4208 4204/4204 4207/4207
f 4206/4206 4204/4204 4205/4205
f 4206/4206 4205/4205 4209/4209
f 4209/4209 4205/4205 4210/4210
f 5822/5822 5820/5820 5826/5826
f 5822/5822 5826/5826 5825/5825
f 5835/5835 5815/5815 5818/5818
f 5818/5818 5815/5815 5817/5817
f 5815/5815 5816/5816 5817/5817
f 5818/5818 5817/5817 5819/5819
f 5819/5819 5817/5817 5820/5820
f 5820/5820 5817/5817 5826/5826
f 4583/4583 4589/4589 4588/4588
f 1030/1030 1029/1029 1028/1028
f 1041/1041 1023/1023 1029/1029
f 1052/1052 1044/1044 1041/1041
f 1041/1041 1044/1044 1023/1023
f 1029/1029 1023/1023 1028/1028
f 1023/1023 1022/1022 1028/1028
f 1022/1022 1064/1064 1028/1028
f 1022/1022 1021/1021 1064/1064
f 1052/1052 1088/1088 1063/1063
f 1052/1052 1063/1063 1044/1044
f 1063/1063 1051/1051 1044/1044
f 1021/1021 1039/1039 1060/1060
f 1063/1063 1050/1050 1051/1051
f 1051/1051 1050/1050 1040/1040
f 1050/1050 1043/1043 1040/1040
f 1021/1021 1020/1020 1039/1039
f 1020/1020 1025/1025 1039/1039
f 1043/1043 1024/1024 1019/1019
f 1043/1043 1046/1046 1024/1024
f 1019/1019 1024/1024 1020/1020
f 1024/1024 1025/1025 1020/1020
f 1074/1074 1091/1091 1073/1073
f 1073/1073 1091/1091 1075/1075
f 1074/1074 1098/1098 1091/1091
f 1091/1091 1092/1092 1075/1075
f 1074/1074 1110/1110 1098/1098
f 849/849 797/797 843/843
f 843/843 797/797 804/804
f 4733/4733 4721/4721 4722/4722
f 5195/5195 5193/5193 5194/5194
f 2098/2098 2097/2097 2103/2103
f 2102/2102 2096/2096 2098/2098
f 4721/4721 4719/4719 4722/4722
f 2098/2098 2096/2096 2097/2097
f 2103/2103 2097/2097 2106/2106
f 2102/2102 2093/2093 2096/2096
f 2097/2097 2105/2105 2106/2106
f 4724/4724 4719/4719 4718/4718
f 2093/2093 2090/2090 2096/2096
f 2096/2096 2090/2090 2097/2097
f 2105/2105 2108/2108 2106/2106
f 3571/3571 3563/3563 3575/3575
f 2097/2097 2090/2090 2105/2105
f 2091/2091 2090/2090 2093/2093
f 2090/2090 2100/2100 2105/2105
f 3572/3572 3578/3578 3575/3575
f 4616/4616 4646/4646 4645/4645
f 4645/4645 4614/4614 4616/4616
f 4645/4645 4632/4632 4614/4614
f 4613/4613 4601/4601 4599/4599
f 4599/4599 4600/4600 4597/4597
f 4597/4597 4600/4600 4602/4602
f 4593/4593 4602/4602 4603/4603
f 4208/4208 4202/4202 4204/4204
f 4202/4202 4203/4203 4204/4204
f 4204/4204 4203/4203 4205/4205
f 5784/5784 5816/5816 5815/5815
f 5826/5826 5827/5827 5825/5825
f 5816/5816 5837/5837 5834/5834
f 5816/5816 5834/5834 5817/5817
f 5817/5817 5828/5828 5826/5826
f 5826/5826 5828/5828 5827/5827
f 5817/5817 5834/5834 5828/5828
f 4589/4589 4606/4606 4588/4588
f 5789/5789 5788/5788 5787/5787
f 5787/5787 5788/5788 5780/5780
f 5791/5791 5801/5801 5789/5789
f 1042/1042 1030/1030 1056/1056
f 1057/1057 1042/1042 1056/1056
f 1058/1058 1056/1056 1031/1031
f 1058/1058 1031/1031 1066/1066
f 1030/1030 1031/1031 1056/1056
f 1061/1061 1085/1085 1084/1084
f 1042/1042 1041/1041 1030/1030
f 1031/1031 1028/1028 1066/1066
f 1041/1041 1029/1029 1030/1030
f 1028/1028 1069/1069 1066/1066
f 1030/1030 1028/1028 1031/1031
f 886/886 781/781 887/887
f 1061/1061 1052/1052 1042/1042
f 1042/1042 1052/1052 1041/1041
f 1084/1084 1052/1052 1061/1061
f 1088/1088 1052/1052 1084/1084
f 887/887 781/781 847/847
f 1028/1028 1064/1064 1069/1069
f 1064/1064 1093/1093 1097/1097
f 1064/1064 1060/1060 1093/1093
f 1088/1088 1089/1089 1063/1063
f 887/887 847/847 883/883
f 1060/1060 1039/1039 1093/1093
f 1039/1039 1096/1096 1093/1093
f 1063/1063 1065/1065 1050/1050
f 1089/1089 1065/1065 1063/1063
f 1039/1039 1068/1068 1096/1096
f 1089/1089 1113/1113 1065/1065
f 1050/1050 1046/1046 1043/1043
f 1025/1025 1068/1068 1039/1039
f 1065/1065 1055/1055 1050/1050
f 1050/1050 1055/1055 1046/1046
f 1025/1025 1067/1067 1068/1068
f 1024/1024 1026/1026 1025/1025
f 1026/1026 1032/1032 1025/1025
f 1025/1025 1032/1032 1067/1067
f 1046/1046 1055/1055 1045/1045
f 1046/1046 1045/1045 1024/1024
f 1024/1024 1027/1027 1026/1026
f 1024/1024 1045/1045 1027/1027
f 1026/1026 1027/1027 1032/1032
f 1110/1110 1074/1074 1102/1102
f 850/850 849/849 894/894
f 804/804 796/796 868/868
f 5193/5193 5190/5190 5194/5194
f 4721/4721 4720/4720 4719/4719
f 4719/4719 4717/4717 4718/4718
f 2090/2090 2091/2091 2092/2092
f 2090/2090 2092/2092 2100/2100
f 4718/4718 4717/4717 4716/4716
f 2091/2091 2094/2094 2092/2092
f 4717/4717 4715/4715 4716/4716
f 2092/2092 2101/2101 2100/2100
f 2101/2101 2107/2107 2100/2100
f 2094/2094 2095/2095 2092/2092
f 2092/2092 2095/2095 2101/2101
f 2094/2094 2099/2099 2095/2095
f 4715/4715 4707/4707 4714/4714
f 4716/4716 4715/4715 4714/4714
f 2099/2099 2104/2104 2095/2095
f 2095/2095 2104/2104 2101/2101
f 4645/4645 4696/4696 4632/4632
f 3569/3569 3581/3581 3578/3578
f 4614/4614 4632/4632 4630/4630
f 4614/4614 4630/4630 4613/4613
f 4599/4599 4601/4601 4600/4600
f 4203/4203 4212/4212 4205/4205
f 4589/4589 4702/4702 4642/4642
f 4589/4589 4642/4642 4701/4701
f 5816/5816 5784/5784 5837/5837
f 4589/4589 4701/4701 4606/4606
f 5787/5787 5780/5780 5778/5778
f 5778/5778 5780/5780 5774/5774
f 5834/5834 5829/5829 5828/5828
f 5828/5828 5829/5829 5827/5827
f 4588/4588 4606/4606 4607/4607
f 5801/5801 5836/5836 5788/5788
f 5789/5789 5801/5801 5788/5788
f 1077/1077 1057/1057 1056/1056
f 1056/1056 1058/1058 1078/1078
f 1078/1078 1058/1058 1070/1070
f 1085/1085 1061/1061 1057/1057
f 1066/1066 1082/1082 1070/1070
f 1069/1069 1101/1101 1082/1082
f 848/848 781/781 886/886
f 847/847 781/781 782/782
f 782/782 783/783 847/847
f 783/783 883/883 847/847
f 783/783 851/851 883/883
f 783/783 784/784 851/851
f 1113/1113 1087/1087 1065/1065
f 1087/1087 1055/1055 1065/1065
f 851/851 786/786 880/880
f 1067/1067 1099/1099 1068/1068
f 1087/1087 1086/1086 1055/1055
f 1032/1032 1033/1033 1067/1067
f 1032/1032 1027/1027 1033/1033
f 1055/1055 1047/1047 1045/1045
f 1027/1027 1034/1034 1033/1033
f 1047/1047 1034/1034 1027/1027
f 1045/1045 1047/1047 1027/1027
f 1049/1049 1073/1073 1053/1053
f 1049/1049 1074/1074 1073/1073
f 850/850 797/797 849/849
f 18/18 19/19 45/45
f 4733/4733 4723/4723 4721/4721
f 4721/4721 4723/4723 4720/4720
f 4720/4720 4717/4717 4719/4719
f 2646/2646 2647/2647 2644/2644
f 4707/4707 4647/4647 4714/4714
f 4714/4714 4647/4647 4696/4696
f 4696/4696 4647/4647 4632/4632
f 4601/4601 4635/4635 4600/4600
f 4703/4703 4637/4637 4638/4638
f 4638/4638 4702/4702 4703/4703
f 5776/5776 5779/5779 5784/5784
f 5784/5784 5779/5779 5782/5782
f 5784/5784 5782/5782 5837/5837
f 5774/5774 5776/5776 5778/5778
f 4701/4701 4679/4679 4606/4606
f 5837/5837 5829/5829 5834/5834
f 5837/5837 5838/5838 5829/5829
f 5846/5846 5844/5844 5845/5845
f 5788/5788 5804/5804 5780/5780
f 5844/5844 5839/5839 5845/5845
f 5836/5836 5804/5804 5788/5788
f 5844/5844 5843/5843 5839/5839
f 5843/5843 5842/5842 5839/5839
f 1079/1079 1108/1108 1077/1077
f 1079/1079 1056/1056 1078/1078
f 1090/1090 1057/1057 1077/1077
f 1078/1078 1070/1070 1083/1083
f 904/904 829/829 848/848
f 1090/1090 1085/1085 1057/1057
f 830/830 831/831 848/848
f 1082/1082 1101/1101 1103/1103
f 831/831 781/781 848/848
f 472/472 423/423 410/410
f 784/784 786/786 851/851
f 1067/1067 1072/1072 1099/1099
f 1086/1086 1071/1071 1055/1055
f 1055/1055 1071/1071 1047/1047
f 1033/1033 1072/1072 1067/1067
f 1086/1086 1109/1109 1071/1071
f 1033/1033 1037/1037 1072/1072
f 1034/1034 1035/1035 1033/1033
f 1033/1033 1035/1035 1037/1037
f 1047/1047 1048/1048 1034/1034
f 1048/1048 1036/1036 1034/1034
f 1034/1034 1036/1036 1035/1035
f 1035/1035 1036/1036 1037/1037
f 1036/1036 1038/1038 1037/1037
f 1048/1048 1049/1049 1036/1036
f 1049/1049 1053/1053 1036/1036
f 1036/1036 1053/1053 1038/1038
f 1053/1053 1059/1059 1038/1038
f 1062/1062 1074/1074 1049/1049
f 1053/1053 1073/1073 1059/1059
f 1073/1073 1075/1075 1059/1059
f 1075/1075 1100/1100 1059/1059
f 1062/1062 1102/1102 1074/1074
f 1062/1062 1111/1111 1102/1102
f 797/797 796/796 804/804
f 5123/5123 5116/5116 5119/5119
f 5192/5192 5190/5190 5193/5193
f 2632/2632 2627/2627 2626/2626
f 2630/2630 2631/2631 2633/2633
f 4707/4707 4706/4706 4649/4649
f 4707/4707 4649/4649 4647/4647
f 1162/1162 1165/1165 1163/1163
f 4632/4632 4633/4633 4630/4630
f 4634/4634 4636/4636 4635/4635
f 4601/4601 4634/4634 4635/4635
f 4635/4635 4636/4636 4637/4637
f 4637/4637 4636/4636 4638/4638
f 4638/4638 4642/4642 4702/4702
f 4677/4677 4701/4701 4642/4642
f 5774/5774 5775/5775 5776/5776
f 5782/5782 5785/5785 5837/5837
f 5851/5851 5852/5852 5853/5853
f 3196/3196 3193/3193 3194/3194
f 5804/5804 5777/5777 5780/5780
f 5839/5839 5840/5840 5841/5841
f 5842/5842 5840/5840 5839/5839
f 1090/1090 1077/1077 1108/1108
f 831/831 832/832 781/781
f 781/781 780/780 782/782
f 786/786 784/784 776/776
f 786/786 787/787 880/880
f 787/787 879/879 880/880
f 879/879 787/787 840/840
f 1109/1109 1076/1076 1071/1071
f 1072/1072 1037/1037 1081/1081
f 1071/1071 1076/1076 1047/1047
f 1037/1037 1080/1080 1081/1081
f 1076/1076 1054/1054 1047/1047
f 1047/1047 1054/1054 1048/1048
f 1054/1054 1049/1049 1048/1048
f 1037/1037 1038/1038 1080/1080
f 1054/1054 1062/1062 1049/1049
f 854/854 795/795 850/850
f 850/850 795/795 797/797
f 797/797 795/795 796/796
f 265/265 256/256 259/259
f 4708/4708 4651/4651 4706/4706
f 4706/4706 4651/4651 4649/4649
f 4647/4647 4643/4643 4632/4632
f 4638/4638 4641/4641 4642/4642
f 5776/5776 5775/5775 5779/5779
f 4677/4677 4678/4678 4679/4679
f 5774/5774 5777/5777 5775/5775
f 5780/5780 5777/5777 5774/5774
f 3196/3196 3184/3184 3193/3193
f 5804/5804 5805/5805 5777/5777
f 5836/5836 5806/5806 5804/5804
f 5806/5806 5805/5805 5804/5804
f 3039/3039 3041/3041 3052/3052
f 829/829 824/824 830/830
f 831/831 834/834 833/833
f 833/833 877/877 832/832
f 782/782 780/780 779/779
f 779/779 783/783 782/782
f 786/786 785/785 787/787
f 1076/1076 1109/1109 1112/1112
f 1112/1112 1054/1054 1076/1076
f 1081/1081 1080/1080 1094/1094
f 1112/1112 1111/1111 1054/1054
f 1080/1080 1038/1038 1094/1094
f 1038/1038 1095/1095 1094/1094
f 1038/1038 1059/1059 1095/1095
f 1111/1111 1062/1062 1054/1054
f 854/854 841/841 795/795
f 5119/5119 5116/5116 5118/5118
f 5192/5192 5191/5191 5190/5190
f 2635/2635 2640/2640 2641/2641
f 4662/4662 4663/4663 4659/4659
f 4659/4659 4658/4658 4662/4662
f 4656/4656 4654/4654 4651/4651
f 4651/4651 4650/4650 4649/4649
f 4649/4649 4648/4648 4647/4647
f 4632/4632 4643/4643 4633/4633
f 4636/4636 4639/4639 4638/4638
f 4641/4641 4669/4669 4642/4642
f 4669/4669 4677/4677 4642/4642
f 3193/3193 3184/3184 3177/3177
f 5779/5779 5775/5775 5781/5781
f 5779/5779 5781/5781 5782/5782
f 5782/5782 5781/5781 5785/5785
f 5785/5785 5781/5781 5786/5786
f 5781/5781 5813/5813 5786/5786
f 3177/3177 3180/3180 3195/3195
f 5777/5777 5805/5805 5810/5810
f 5777/5777 5810/5810 5783/5783
f 5777/5777 5783/5783 5775/5775
f 5806/5806 5808/5808 5807/5807
f 5806/5806 5807/5807 5805/5805
f 3034/3034 3030/3030 3039/3039
f 904/904 898/898 829/829
f 830/830 824/824 831/831
f 781/781 832/832 812/812
f 781/781 812/812 780/780
f 779/779 773/773 783/783
f 783/783 773/773 784/784
f 773/773 776/776 784/784
f 402/402 372/372 371/371
f 776/776 785/785 786/786
f 787/787 788/788 840/840
f 788/788 790/790 840/840
f 840/840 790/790 860/860
f 860/860 790/790 841/841
f 860/860 841/841 854/854
f 841/841 792/792 795/795
f 19/19 46/46 45/45
f 45/45 63/63 65/65
f 65/65 63/63 72/72
f 5190/5190 5184/5184 5213/5213
f 2636/2636 2648/2648 2640/2640
f 4672/4672 4659/4659 4663/4663
f 4658/4658 4654/4654 4656/4656
f 4651/4651 4654/4654 4650/4650
f 4650/4650 4648/4648 4649/4649
f 4647/4647 4648/4648 4643/4643
f 4634/4634 4668/4668 4636/4636
f 4668/4668 4639/4639 4636/4636
f 4639/4639 4640/4640 4638/4638
f 4640/4640 4641/4641 4638/4638
f 4676/4676 4678/4678 4677/4677
f 3178/3178 3199/3199 3179/3179
f 5775/5775 5783/5783 5781/5781
f 5783/5783 5813/5813 5781/5781
f 5847/5847 5848/5848 5849/5849
f 5810/5810 5811/5811 5783/5783
f 5813/5813 5783/5783 5812/5812
f 824/824 834/834 831/831
f 3097/3097 3107/3107 3095/3095
f 832/832 844/844 812/812
f 785/785 788/788 787/787
f 790/790 792/792 841/841
f 795/795 791/791 796/796
f 5120/5120 5117/5117 5116/5116
f 5116/5116 5117/5117 5118/5118
f 5191/5191 5189/5189 5190/5190
f 5190/5190 5189/5189 5184/5184
f 4674/4674 4673/4673 4672/4672
f 4659/4659 4657/4657 4658/4658
f 4658/4658 4657/4657 4654/4654
f 4654/4654 4653/4653 4650/4650
f 4633/4633 4668/4668 4634/4634
f 4668/4668 4690/4690 4639/4639
f 4639/4639 4690/4690 4640/4640
f 4640/4640 4669/4669 4641/4641
f 4669/4669 4676/4676 4677/4677
f 3185/3185 3191/3191 3178/3178
f 3199/3199 3198/3198 3179/3179
f 3198/3198 3183/3183 3179/3179
f 3179/3179 3183/3183 3182/3182
f 5811/5811 5812/5812 5783/5783
f 898/898 842/842 829/829
f 824/824 852/852 834/834
f 3119/3119 3124/3124 3120/3120
f 3103/3103 3116/3116 3122/3122
f 780/780 777/777 779/779
f 779/779 771/771 773/773
f 773/773 772/772 776/776
f 792/792 791/791 795/795
f 45/45 46/46 63/63
f 5116/5116 5122/5122 5120/5120
f 5118/5118 5117/5117 5121/5121
f 934/934 941/941 932/932
f 941/941 931/931 932/932
f 941/941 945/945 931/931
f 4657/4657 4655/4655 4654/4654
f 939/939 926/926 931/931
f 4654/4654 4655/4655 4653/4653
f 955/955 917/917 926/926
f 4653/4653 4652/4652 4650/4650
f 4650/4650 4652/4652 4648/4648
f 4648/4648 4665/4665 4643/4643
f 4643/4643 4668/4668 4633/4633
f 952/952 916/916 951/951
f 4640/4640 4690/4690 4670/4670
f 944/944 912/912 942/942
f 4640/4640 4670/4670 4669/4669
f 944/944 940/940 912/912
f 4670/4670 4676/4676 4669/4669
f 3302/3302 3294/3294 3303/3303
f 3303/3303 3294/3294 3298/3298
f 5962/5962 5963/5963 5961/5961
f 5962/5962 5961/5961 5958/5958
f 5961/5961 5959/5959 5958/5958
f 5958/5958 5959/5959 5960/5960
f 5911/5911 5912/5912 5914/5914
f 3284/3284 3279/3279 3280/3280
f 3108/3108 3121/3121 3123/3123
f 771/771 772/772 773/773
f 776/776 772/772 785/785
f 785/785 772/772 794/794
f 788/788 789/789 790/790
f 789/789 791/791 790/790
f 798/798 799/799 796/796
f 863/863 866/866 865/865
f 4705/4705 4731/4731 4673/4673
f 933/933 929/929 930/930
f 933/933 932/932 929/929
f 929/929 928/928 930/930
f 4673/4673 4671/4671 4672/4672
f 4672/4672 4671/4671 4659/4659
f 932/932 931/931 929/929
f 4659/4659 4660/4660 4657/4657
f 929/929 927/927 928/928
f 931/931 927/927 929/929
f 4657/4657 4667/4667 4655/4655
f 931/931 926/926 927/927
f 926/926 925/925 927/927
f 4655/4655 4666/4666 4653/4653
f 4653/4653 4666/4666 4652/4652
f 926/926 917/917 925/925
f 4648/4648 4652/4652 4665/4665
f 916/916 905/905 917/917
f 4665/4665 4668/4668 4643/4643
f 916/916 906/906 905/905
f 4665/4665 4690/4690 4668/4668
f 916/916 910/910 906/906
f 942/942 912/912 910/910
f 4690/4690 4691/4691 4670/4670
f 914/914 915/915 913/913
f 912/912 914/914 913/913
f 914/914 922/922 915/915
f 915/915 922/922 936/936
f 3302/3302 3295/3295 3294/3294
f 914/914 923/923 922/922
f 5896/5896 5895/5895 5897/5897
f 3294/3294 3291/3291 3298/3298
f 3298/3298 3291/3291 3297/3297
f 5965/5965 5964/5964 5963/5963
f 5964/5964 5961/5961 5963/5963
f 5880/5880 5910/5910 5911/5911
f 3222/3222 3218/3218 3223/3223
f 5911/5911 5910/5910 5912/5912
f 3026/3026 3030/3030 3028/3028
f 842/842 823/823 829/829
f 829/829 823/823 824/824
f 3276/3276 3278/3278 3283/3283
f 3283/3283 3278/3278 3282/3282
f 3282/3282 3278/3278 3281/3281
f 3394/3394 3405/3405 3407/3407
f 3402/3402 3394/3394 3407/3407
f 844/844 836/836 812/812
f 779/779 777/777 771/771
f 794/794 793/793 785/785
f 793/793 789/789 785/785
f 785/785 789/789 788/788
f 790/790 791/791 792/792
f 796/796 791/791 798/798
f 863/863 864/864 796/796
f 5189/5189 5188/5188 5184/5184
f 4731/4731 4675/4675 4673/4673
f 4673/4673 4675/4675 4671/4671
f 4671/4671 4661/4661 4659/4659
f 4659/4659 4661/4661 4660/4660
f 4657/4657 4660/4660 4664/4664
f 4657/4657 4664/4664 4667/4667
f 928/928 925/925 947/947
f 4667/4667 4666/4666 4655/4655
f 925/925 924/924 947/947
f 924/924 905/905 949/949
f 4652/4652 4680/4680 4665/4665
f 905/905 906/906 907/907
f 4665/4665 4682/4682 4690/4690
f 906/906 908/908 907/907
f 4682/4682 4692/4692 4690/4690
f 4690/4690 4692/4692 4691/4691
f 906/906 910/910 909/909
f 910/910 912/912 909/909
f 912/912 913/913 909/909
f 3345/3345 3301/3301 3295/3295
f 3345/3345 3295/3295 3344/3344
f 913/913 935/935 918/918
f 3344/3344 3295/3295 3302/3302
f 913/913 915/915 935/935
f 915/915 936/936 935/935
f 936/936 937/937 935/935
f 936/936 922/922 937/937
f 5950/5950 5943/5943 5946/5946
f 5946/5946 5947/5947 5948/5948
f 5896/5896 5886/5886 5895/5895
f 3221/3221 3219/3219 3215/3215
f 3221/3221 3215/3215 3217/3217
f 3217/3217 3218/3218 3222/3222
f 5880/5880 5909/5909 5910/5910
f 824/824 853/853 852/852
f 3278/3278 3277/3277 3281/3281
f 3277/3277 3279/3279 3281/3281
f 813/813 807/807 812/812
f 812/812 807/807 780/780
f 780/780 807/807 777/777
f 56/56 58/58 40/40
f 2238/2238 2236/2236 2227/2227
f 4661/4661 4694/4694 4660/4660
f 4660/4660 4694/4694 4664/4664
f 2230/2230 2228/2228 2235/2235
f 2228/2228 2237/2237 2235/2235
f 4684/4684 4666/4666 4667/4667
f 4666/4666 4680/4680 4652/4652
f 4680/4680 4681/4681 4665/4665
f 4665/4665 4681/4681 4682/4682
f 3349/3349 3312/3312 3313/3313
f 907/907 908/908 943/943
f 3312/3312 3308/3308 3313/3313
f 908/908 911/911 943/943
f 3313/3313 3308/3308 3306/3306
f 909/909 911/911 908/908
f 909/909 913/913 911/911
f 913/913 918/918 911/911
f 918/918 935/935 921/921
f 921/921 935/935 938/938
f 5943/5943 5944/5944 5946/5946
f 5946/5946 5944/5944 5947/5947
f 5886/5886 5894/5894 5895/5895
f 5895/5895 5894/5894 5898/5898
f 5941/5941 5942/5942 5943/5943
f 3297/3297 3291/3291 3292/3292
f 3215/3215 3216/3216 3217/3217
f 3216/3216 3218/3218 3217/3217
f 5878/5878 5879/5879 5880/5880
f 5879/5879 5909/5909 5880/5880
f 3278/3278 3276/3276 3274/3274
f 3279/3279 3273/3273 3280/3280
f 3278/3278 3274/3274 3277/3277
f 3277/3277 3273/3273 3279/3279
f 812/812 836/836 813/813
f 775/775 774/774 771/771
f 771/771 774/774 772/772
f 793/793 801/801 789/789
f 5188/5188 5186/5186 5184/5184
f 2236/2236 2233/2233 2227/2227
f 4689/4689 4687/4687 4688/4688
f 2233/2233 2222/2222 2227/2227
f 2227/2227 2222/2222 2226/2226
f 2226/2226 2224/2224 2229/2229
f 2222/2222 2224/2224 2226/2226
f 2224/2224 2232/2232 2229/2229
f 2222/2222 2223/2223 2224/2224
f 2223/2223 2232/2232 2224/2224
f 2223/2223 2234/2234 2232/2232
f 2222/2222 2225/2225 2223/2223
f 4687/4687 4684/4684 4688/4688
f 2225/2225 2231/2231 2223/2223
f 2223/2223 2231/2231 2234/2234
f 2233/2233 2228/2228 2222/2222
f 2222/2222 2228/2228 2225/2225
f 2233/2233 2237/2237 2228/2228
f 2225/2225 2230/2230 2231/2231
f 2225/2225 2228/2228 2230/2230
f 4684/4684 4680/4680 4666/4666
f 4684/4684 4683/4683 4680/4680
f 4683/4683 4681/4681 4680/4680
f 3348/3348 3312/3312 3349/3349
f 911/911 919/919 920/920
f 911/911 918/918 919/919
f 3301/3301 3296/3296 3295/3295
f 918/918 921/921 919/919
f 3295/3295 3289/3289 3294/3294
f 5943/5943 5942/5942 5944/5944
f 5887/5887 5884/5884 5886/5886
f 5884/5884 5885/5885 5886/5886
f 5886/5886 5885/5885 5894/5894
f 5898/5898 5894/5894 5899/5899
f 3289/3289 3288/3288 3291/3291
f 3294/3294 3289/3289 3291/3291
f 3291/3291 3288/3288 3292/3292
f 3219/3219 3216/3216 3215/3215
f 5876/5876 5879/5879 5878/5878
f 3274/3274 3253/3253 3277/3277
f 3277/3277 3253/3253 3273/3273
f 794/794 801/801 793/793
f 789/789 802/802 791/791
f 970/970 975/975 976/976
f 4689/4689 4704/4704 4687/4687
f 4687/4687 4686/4686 4684/4684
f 4686/4686 4685/4685 4684/4684
f 4684/4684 4685/4685 4683/4683
f 3316/3316 3312/3312 3348/3348
f 1732/1732 1733/1733 1730/1730
f 3308/3308 3307/3307 3306/3306
f 3304/3304 3300/3300 3301/3301
f 3295/3295 3296/3296 3289/3289
f 5942/5942 5945/5945 5944/5944
f 5887/5887 5865/5865 5884/5884
f 5884/5884 5866/5866 5885/5885
f 5941/5941 5940/5940 5942/5942
f 5885/5885 5866/5866 5918/5918
f 5885/5885 5918/5918 5894/5894
f 5894/5894 5918/5918 5899/5899
f 5938/5938 5939/5939 5940/5940
f 5938/5938 5940/5940 5941/5941
f 3288/3288 3287/3287 3292/3292
f 3219/3219 3220/3220 3216/3216
f 5877/5877 5876/5876 5878/5878
f 842/842 845/845 823/823
f 823/823 821/821 824/824
f 431/431 433/433 429/429
f 821/821 858/858 853/853
f 824/824 821/821 853/853
f 3255/3255 3275/3275 3276/3276
f 3276/3276 3275/3275 3274/3274
f 3273/3273 3268/3268 3280/3280
f 3392/3392 3384/3384 3390/3390
f 777/777 807/807 778/778
f 777/777 778/778 775/775
f 777/777 775/775 771/771
f 367/367 366/366 382/382
f 774/774 800/800 772/772
f 772/772 800/800 794/794
f 794/794 805/805 801/801
f 801/801 803/803 789/789
f 789/789 803/803 802/802
f 129/129 120/120 116/116
f 970/970 964/964 975/975
f 1723/1723 1734/1734 1721/1721
f 1721/1721 1734/1734 1731/1731
f 3346/3346 3330/3330 3326/3326
f 3346/3346 3326/3326 3316/3316
f 3312/3312 3309/3309 3308/3308
f 3308/3308 3309/3309 3307/3307
f 3307/3307 3305/3305 3306/3306
f 3306/3306 3305/3305 3304/3304
f 3304/3304 3305/3305 3300/3300
f 3301/3301 3300/3300 3296/3296
f 5940/5940 5949/5949 5942/5942
f 5942/5942 5949/5949 5945/5945
f 5884/5884 5865/5865 5866/5866
f 5899/5899 5918/5918 5925/5925
f 3292/3292 3287/3287 3293/3293
f 5877/5877 5874/5874 5876/5876
f 3275/3275 3251/3251 3274/3274
f 3251/3251 3253/3253 3274/3274
f 3253/3253 3258/3258 3273/3273
f 3258/3258 3268/3268 3273/3273
f 3384/3384 3392/3392 3385/3385
f 3391/3391 3406/3406 3405/3405
f 836/836 835/835 813/813
f 800/800 805/805 794/794
f 802/802 798/798 791/791
f 18/18 17/17 19/19
f 46/46 53/53 63/63
f 221/221 239/239 222/222
f 3334/3334 3324/3324 3332/3332
f 3324/3324 3322/3322 3331/3331
f 3332/3332 3324/3324 3331/3331
f 3331/3331 3322/3322 3330/3330
f 3322/3322 3320/3320 3330/3330
f 3320/3320 3326/3326 3330/3330
f 5903/5903 5861/5861 5868/5868
f 5866/5866 5883/5883 5918/5918
f 5883/5883 5923/5923 5918/5918
f 3289/3289 3286/3286 3288/3288
f 5918/5918 5923/5923 5924/5924
f 5918/5918 5924/5924 5925/5925
f 3286/3286 3287/3287 3288/3288
f 5872/5872 5903/5903 5900/5900
f 5875/5875 5872/5872 5900/5900
f 5875/5875 5874/5874 5872/5872
f 3287/3287 3286/3286 3293/3293
f 3275/3275 3255/3255 3251/3251
f 3258/3258 3267/3267 3268/3268
f 3251/3251 3252/3252 3253/3253
f 3253/3253 3252/3252 3258/3258
f 3395/3395 3404/3404 3401/3401
f 803/803 825/825 802/802
f 970/970 968/968 964/964
f 5187/5187 5185/5185 5186/5186
f 5185/5185 5183/5183 5184/5184
f 5186/5186 5185/5185 5184/5184
f 5178/5178 5212/5212 5213/5213
f 5184/5184 5178/5178 5213/5213
f 3326/3326 3317/3317 3316/3316
f 3316/3316 3315/3315 3312/3312
f 3300/3300 3299/3299 3296/3296
f 3296/3296 3299/3299 3289/3289
f 5904/5904 5863/5863 5865/5865
f 5868/5868 5863/5863 5904/5904
f 5868/5868 5861/5861 5863/5863
f 5865/5865 5864/5864 5866/5866
f 5864/5864 5883/5883 5866/5866
f 3289/3289 3290/3290 3286/3286
f 845/845 822/822 823/823
f 823/823 822/822 821/821
f 3267/3267 3269/3269 3268/3268
f 858/858 821/821 859/859
f 3255/3255 3254/3254 3251/3251
f 3251/3251 3254/3254 3252/3252
f 3258/3258 3264/3264 3267/3267
f 3252/3252 3257/3257 3258/3258
f 3457/3457 3459/3459 3453/3453
f 491/491 436/436 406/406
f 828/828 826/826 803/803
f 826/826 825/825 803/803
f 825/825 827/827 802/802
f 802/802 827/827 806/806
f 802/802 806/806 798/798
f 964/964 965/965 966/966
f 3334/3334 3325/3325 3324/3324
f 3316/3316 3317/3317 3315/3315
f 3307/3307 3341/3341 3305/3305
f 3307/3307 3336/3336 3341/3341
f 3341/3341 3300/3300 3305/3305
f 3169/3169 3168/3168 3176/3176
f 3164/3164 3175/3175 3168/3168
f 3164/3164 3170/3170 3175/3175
f 3163/3163 3167/3167 3166/3166
f 3163/3163 3166/3166 3164/3164
f 3164/3164 3166/3166 3170/3170
f 5927/5927 5917/5917 5928/5928
f 5863/5863 5864/5864 5865/5865
f 5864/5864 5867/5867 5883/5883
f 3166/3166 3172/3172 3170/3170
f 5872/5872 5861/5861 5903/5903
f 5867/5867 5923/5923 5883/5883
f 5928/5928 5873/5873 5902/5902
f 5902/5902 5873/5873 5874/5874
f 5873/5873 5872/5872 5874/5874
f 822/822 819/819 821/821
f 821/821 820/820 859/859
f 3271/3271 3254/3254 3255/3255
f 3264/3264 3269/3269 3267/3267
f 3254/3254 3256/3256 3252/3252
f 3252/3252 3256/3256 3257/3257
f 3450/3450 3454/3454 3442/3442
f 3442/3442 3454/3454 3452/3452
f 3442/3442 3452/3452 3443/3443
f 3452/3452 3453/3453 3443/3443
f 3450/3450 3455/3455 3454/3454
f 775/775 808/808 774/774
f 774/774 808/808 800/800
f 801/801 828/828 803/803
f 798/798 806/806 799/799
f 46/46 19/19 53/53
f 965/965 971/971 966/966
f 5184/5184 5183/5183 5178/5178
f 3324/3324 3323/3323 3322/3322
f 3322/3322 3321/3321 3320/3320
f 3320/3320 3319/3319 3317/3317
f 3312/3312 3315/3315 3309/3309
f 3307/3307 3311/3311 3336/3336
f 3336/3336 3339/3339 3341/3341
f 3174/3174 3165/3165 3169/3169
f 3169/3169 3165/3165 3168/3168
f 3165/3165 3164/3164 3168/3168
f 3174/3174 3173/3173 3165/3165
f 3173/3173 3171/3171 3165/3165
f 3163/3163 3164/3164 3165/3165
f 3171/3171 3163/3163 3165/3165
f 3171/3171 3167/3167 3163/3163
f 3793/3793 3788/3788 3791/3791
f 3137/3137 3134/3134 3142/3142
f 5927/5927 5926/5926 5917/5917
f 5861/5861 5862/5862 5863/5863
f 5863/5863 5862/5862 5864/5864
f 5864/5864 5862/5862 5867/5867
f 5928/5928 5917/5917 5873/5873
f 5872/5872 5873/5873 5870/5870
f 5872/5872 5870/5870 5861/5861
f 821/821 819/819 820/820
f 3271/3271 3270/3270 3254/3254
f 3254/3254 3260/3260 3256/3256
f 3260/3260 3261/3261 3256/3256
f 3256/3256 3261/3261 3259/3259
f 3256/3256 3259/3259 3257/3257
f 3257/3257 3259/3259 3263/3263
f 3257/3257 3263/3263 3265/3265
f 3263/3263 3266/3266 3265/3265
f 3446/3446 3442/3442 3444/3444
f 3442/3442 3443/3443 3444/3444
f 3444/3444 3443/3443 3445/3445
f 3445/3445 3443/3443 3448/3448
f 3446/3446 3450/3450 3442/3442
f 3443/3443 3449/3449 3448/3448
f 3456/3456 3455/3455 3450/3450
f 3449/3449 3460/3460 3461/3461
f 3389/3389 3387/3387 3388/3388
f 814/814 813/813 835/835
f 778/778 809/809 775/775
f 809/809 808/808 775/775
f 805/805 828/828 801/801
f 826/826 876/876 825/825
f 876/876 875/875 825/825
f 825/825 875/875 827/827
f 964/964 967/967 965/965
f 3324/3324 3325/3325 3323/3323
f 3322/3322 3323/3323 3321/3321
f 3315/3315 3314/3314 3309/3309
f 3314/3314 3310/3310 3309/3309
f 3310/3310 3311/3311 3307/3307
f 3309/3309 3310/3310 3307/3307
f 3311/3311 3337/3337 3336/3336
f 4198/4198 4197/4197 4199/4199
f 3336/3336 3337/3337 3338/3338
f 3336/3336 3338/3338 3339/3339
f 3338/3338 3340/3340 3339/3339
f 2665/2665 2670/2670 2650/2650
f 3339/3339 3340/3340 3347/3347
f 2650/2650 2670/2670 2669/2669
f 3787/3787 3782/3782 3788/3788
f 1928/1928 1952/1952 1955/1955
f 5926/5926 5915/5915 5917/5917
f 5861/5861 5869/5869 5862/5862
f 5862/5862 5882/5882 5867/5867
f 5917/5917 5881/5881 5873/5873
f 5873/5873 5881/5881 5870/5870
f 3265/3265 3266/3266 3264/3264
f 3264/3264 3266/3266 3269/3269
f 3270/3270 3262/3262 3254/3254
f 3262/3262 3260/3260 3254/3254
f 3447/3447 3446/3446 3444/3444
f 3447/3447 3451/3451 3446/3446
f 3451/3451 3450/3450 3446/3446
f 3263/3263 3272/3272 3266/3266
f 3451/3451 3456/3456 3450/3450
f 882/882 881/881 814/814
f 3456/3456 3458/3458 3455/3455
f 814/814 835/835 882/882
f 807/807 810/810 778/778
f 810/810 809/809 778/778
f 800/800 817/817 805/805
f 805/805 817/817 828/828
f 828/828 861/861 826/826
f 826/826 861/861 876/876
f 577/577 528/528 578/578
f 578/578 528/528 529/529
f 875/875 874/874 827/827
f 827/827 874/874 806/806
f 968/968 969/969 967/967
f 968/968 967/967 964/964
f 3325/3325 3328/3328 3323/3323
f 3323/3323 3333/3333 3321/3321
f 2455/2455 2449/2449 2450/2450
f 3321/3321 3319/3319 3320/3320
f 1934/1934 1929/1929 1932/1932
f 1929/1929 1917/1917 1932/1932
f 3317/3317 3319/3319 3318/3318
f 3317/3317 3318/3318 3315/3315
f 3315/3315 3329/3329 3314/3314
f 4183/4183 4185/4185 4189/4189
f 2478/2478 2472/2472 2465/2465
f 4191/4191 4192/4192 4194/4194
f 3786/3786 3780/3780 3785/3785
f 3780/3780 3782/3782 3785/3785
f 3788/3788 3790/3790 3791/3791
f 1955/1955 1954/1954 1956/1956
f 5869/5869 5888/5888 5862/5862
f 5862/5862 5888/5888 5882/5882
f 5881/5881 5871/5871 5870/5870
f 5870/5870 5871/5871 5869/5869
f 820/820 816/816 884/884
f 884/884 816/816 881/881
f 816/816 814/814 881/881
f 814/814 810/810 813/813
f 813/813 810/810 807/807
f 800/800 808/808 818/818
f 818/818 817/817 800/800
f 529/529 520/520 569/569
f 806/806 811/811 799/799
f 239/239 237/237 222/222
f 19/19 60/60 53/53
f 2451/2451 2447/2447 2452/2452
f 2451/2451 2448/2448 2447/2447
f 3328/3328 3335/3335 3323/3323
f 2448/2448 2445/2445 2447/2447
f 3323/3323 3335/3335 3333/3333
f 2445/2445 2446/2446 2447/2447
f 2448/2448 2450/2450 2445/2445
f 2450/2450 2449/2449 2445/2445
f 2445/2445 2449/2449 2446/2446
f 3333/3333 3327/3327 3321/3321
f 2449/2449 2453/2453 2446/2446
f 3321/3321 3327/3327 3319/3319
f 2449/2449 2454/2454 2453/2453
f 3327/3327 3318/3318 3319/3319
f 2454/2454 2457/2457 2453/2453
f 2454/2454 2458/2458 2457/2457
f 3318/3318 3329/3329 3315/3315
f 2458/2458 2459/2459 2457/2457
f 3329/3329 3342/3342 3314/3314
f 2458/2458 2467/2467 2459/2459
f 3342/3342 3310/3310 3314/3314
f 1899/1899 1906/1906 1905/1905
f 3343/3343 3311/3311 3310/3310
f 2467/2467 2462/2462 2459/2459
f 3343/3343 3337/3337 3311/3311
f 2462/2462 2461/2461 2459/2459
f 2466/2466 2462/2462 2467/2467
f 2466/2466 2465/2465 2462/2462
f 2462/2462 2463/2463 2461/2461
f 4195/4195 4196/4196 4197/4197
f 4198/4198 4195/4195 4197/4197
f 4187/4187 4186/4186 4183/4183
f 3472/3472 3463/3463 3471/3471
f 4183/4183 4186/4186 4184/4184
f 4183/4183 4184/4184 4185/4185
f 3471/3471 3463/3463 3470/3470
f 2465/2465 2464/2464 2462/2462
f 2462/2462 2464/2464 2463/2463
f 4185/4185 4184/4184 4190/4190
f 4185/4185 4190/4190 4191/4191
f 2465/2465 2472/2472 2464/2464
f 2464/2464 2469/2469 2468/2468
f 4191/4191 4190/4190 4192/4192
f 2464/2464 2472/2472 2469/2469
f 3782/3782 3783/3783 3788/3788
f 1955/1955 1956/1956 1959/1959
f 3788/3788 3783/3783 3789/3789
f 3788/3788 3789/3789 3790/3790
f 5869/5869 5916/5916 5888/5888
f 5888/5888 5919/5919 5882/5882
f 820/820 819/819 816/816
f 814/814 815/815 810/810
f 818/818 855/855 817/817
f 817/817 855/855 828/828
f 828/828 862/862 861/861
f 524/524 528/528 577/577
f 520/520 565/565 569/569
f 874/874 873/873 806/806
f 863/863 867/867 866/866
f 969/969 972/972 967/967
f 1903/1903 1901/1901 1894/1894
f 1903/1903 1894/1894 1897/1897
f 1894/1894 1893/1893 1897/1897
f 2452/2452 2447/2447 2456/2456
f 1891/1891 1893/1893 1894/1894
f 1893/1893 1892/1892 1897/1897
f 1891/1891 1892/1892 1893/1893
f 5523/5523 5524/5524 5518/5518
f 1902/1902 1884/1884 1891/1891
f 1884/1884 1886/1886 1891/1891
f 1891/1891 1886/1886 1892/1892
f 1892/1892 1886/1886 1896/1896
f 1884/1884 1885/1885 1886/1886
f 1902/1902 1885/1885 1884/1884
f 5523/5523 5518/5518 5520/5520
f 1886/1886 1887/1887 1896/1896
f 1896/1896 1887/1887 1895/1895
f 1885/1885 1887/1887 1886/1886
f 1895/1895 1889/1889 1904/1904
f 1890/1890 1889/1889 1888/1888
f 1889/1889 1900/1900 1904/1904
f 1888/1888 1908/1908 1890/1890
f 1890/1890 1898/1898 1889/1889
f 1898/1898 1900/1900 1889/1889
f 1908/1908 1907/1907 1890/1890
f 2457/2457 2460/2460 2476/2476
f 1890/1890 1899/1899 1898/1898
f 1907/1907 1899/1899 1890/1890
f 2460/2460 2461/2461 2471/2471
f 1907/1907 1906/1906 1899/1899
f 2461/2461 2470/2470 2471/2471
f 5697/5697 5602/5602 5584/5584
f 2461/2461 2463/2463 2470/2470
f 4187/4187 4188/4188 4186/4186
f 2463/2463 2468/2468 2470/2470
f 4190/4190 4193/4193 4192/4192
f 3780/3780 3784/3784 3781/3781
f 3780/3780 3781/3781 3782/3782
f 3781/3781 3783/3783 3782/3782
f 2469/2469 2473/2473 2468/2468
f 2469/2469 2475/2475 2473/2473
f 5935/5935 5922/5922 5888/5888
f 5916/5916 5935/5935 5888/5888
f 5922/5922 5920/5920 5888/5888
f 5888/5888 5920/5920 5919/5919
f 5919/5919 5920/5920 5921/5921
f 903/903 895/895 822/822
f 822/822 839/839 819/819
f 819/819 815/815 816/816
f 816/816 815/815 814/814
f 818/818 808/808 856/856
f 538/538 524/524 579/579
f 5525/5525 5518/5518 5524/5524
f 5518/5518 5519/5519 5520/5520
f 5519/5519 5521/5521 5520/5520
f 1885/1885 1888/1888 1887/1887
f 5519/5519 5522/5522 5521/5521
f 1888/1888 1889/1889 1887/1887
f 1887/1887 1889/1889 1895/1895
f 5519/5519 5586/5586 5522/5522
f 5710/5710 5711/5711 5712/5712
f 5710/5710 5712/5712 5713/5713
f 5696/5696 5482/5482 5602/5602
f 5584/5584 5698/5698 5697/5697
f 2330/2330 2317/2317 2316/2316
f 2330/2330 2316/2316 2329/2329
f 2329/2329 2316/2316 2328/2328
f 2316/2316 2327/2327 2328/2328
f 3723/3723 3722/3722 3725/3725
f 3666/3666 3663/3663 3675/3675
f 2316/2316 2325/2325 2327/2327
f 3663/3663 3665/3665 3676/3676
f 2316/2316 2313/2313 2325/2325
f 2313/2313 2326/2326 2325/2325
f 2313/2313 2318/2318 2326/2326
f 2475/2475 2477/2477 2473/2473
f 3665/3665 3668/3668 3678/3678
f 3783/3783 3792/3792 3789/3789
f 2475/2475 2480/2480 2477/2477
f 2331/2331 2311/2311 2319/2319
f 5916/5916 5906/5906 5935/5935
f 5890/5890 5892/5892 5889/5889
f 5935/5935 5936/5936 5922/5922
f 3668/3668 3677/3677 3678/3678
f 3668/3668 3669/3669 3677/3677
f 819/819 839/839 815/815
f 815/815 838/838 810/810
f 838/838 837/837 810/810
f 810/810 837/837 809/809
f 809/809 837/837 808/808
f 808/808 857/857 856/856
f 542/542 553/553 554/554
f 806/806 873/873 811/811
f 811/811 863/863 799/799
f 58/58 17/17 40/40
f 969/969 973/973 972/972
f 5183/5183 5182/5182 5178/5178
f 5587/5587 5530/5530 5525/5525
f 5525/5525 5530/5530 5518/5518
f 5530/5530 5517/5517 5518/5518
f 5518/5518 5494/5494 5519/5519
f 5519/5519 5494/5494 5586/5586
f 5482/5482 5481/5481 5602/5602
f 3476/3476 3475/3475 3463/3463
f 3463/3463 3475/3475 3464/3464
f 3723/3723 3718/3718 3720/3720
f 3723/3723 3720/3720 3722/3722
f 3722/3722 3726/3726 3725/3725
f 2317/2317 2315/2315 2316/2316
f 3468/3468 3462/3462 3466/3466
f 4307/4307 4308/4308 4309/4309
f 4307/4307 4309/4309 4310/4310
f 2315/2315 2313/2313 2316/2316
f 2315/2315 2314/2314 2313/2313
f 2318/2318 2313/2313 2310/2310
f 2318/2318 2310/2310 2322/2322
f 2314/2314 2312/2312 2313/2313
f 2313/2313 2312/2312 2310/2310
f 2322/2322 2310/2310 2311/2311
f 4997/4997 4998/4998 4999/4999
f 2294/2294 2287/2287 2321/2321
f 5890/5890 5893/5893 5892/5892
f 2321/2321 2287/2287 2296/2296
f 2287/2287 2284/2284 2296/2296
f 5906/5906 5936/5936 5935/5935
f 2314/2314 2297/2297 2312/2312
f 2286/2286 2305/2305 2284/2284
f 2305/2305 2286/2286 2306/2306
f 2286/2286 2289/2289 2306/2306
f 2306/2306 2289/2289 2323/2323
f 2323/2323 2289/2289 2297/2297
f 839/839 838/838 815/815
f 837/837 857/857 808/808
f 857/857 897/897 856/856
f 563/563 581/581 565/565
f 900/900 899/899 873/873
f 811/811 872/872 863/863
f 17/17 20/20 19/19
f 5127/5127 5129/5129 5130/5130
f 2272/2272 2276/2276 2271/2271
f 5517/5517 5499/5499 5494/5494
f 5494/5494 5483/5483 5586/5586
f 5483/5483 5477/5477 5586/5586
f 5586/5586 5477/5477 5482/5482
f 5481/5481 5578/5578 5602/5602
f 5602/5602 5578/5578 5584/5584
f 3722/3722 3721/3721 3726/3726
f 3462/3462 3464/3464 3465/3465
f 3462/3462 3465/3465 3466/3466
f 3466/3466 3465/3465 3467/3467
f 4309/4309 4308/4308 4311/4311
f 4997/4997 5000/5000 4998/4998
f 2312/2312 2304/2304 2310/2310
f 2310/2310 2304/2304 2309/2309
f 2310/2310 2309/2309 2311/2311
f 2311/2311 2308/2308 2319/2319
f 2309/2309 2304/2304 2308/2308
f 2309/2309 2308/2308 2311/2311
f 2294/2294 2290/2290 2287/2287
f 2287/2287 2285/2285 2284/2284
f 2284/2284 2285/2285 2286/2286
f 2287/2287 2290/2290 2285/2285
f 2297/2297 2295/2295 2304/2304
f 2291/2291 2293/2293 2285/2285
f 2290/2290 2291/2291 2285/2285
f 2285/2285 2293/2293 2288/2288
f 2285/2285 2288/2288 2286/2286
f 2286/2286 2288/2288 2289/2289
f 2289/2289 2295/2295 2297/2297
f 2291/2291 2300/2300 2293/2293
f 2293/2293 2300/2300 2288/2288
f 2289/2289 2288/2288 2295/2295
f 521/521 550/550 549/549
f 872/872 867/867 863/863
f 2276/2276 2283/2283 2275/2275
f 2275/2275 2274/2274 2271/2271
f 5499/5499 5497/5497 5494/5494
f 5494/5494 5497/5497 5493/5493
f 5482/5482 5480/5480 5481/5481
f 5578/5578 5581/5581 5584/5584
f 3477/3477 3478/3478 3475/3475
f 3476/3476 3477/3477 3475/3475
f 3718/3718 3719/3719 3720/3720
f 3719/3719 3721/3721 3720/3720
f 3720/3720 3721/3721 3722/3722
f 3464/3464 3473/3473 3465/3465
f 3465/3465 3473/3473 3474/3474
f 2351/2351 2334/2334 2294/2294
f 2294/2294 2334/2334 2290/2290
f 2304/2304 2307/2307 2308/2308
f 2303/2303 2298/2298 2292/2292
f 2292/2292 2291/2291 2290/2290
f 2304/2304 2295/2295 2307/2307
f 2303/2303 2302/2302 2298/2298
f 2298/2298 2291/2291 2292/2292
f 2302/2302 2301/2301 2298/2298
f 2298/2298 2299/2299 2291/2291
f 4741/4741 4747/4747 4749/4749
f 2299/2299 2300/2300 2291/2291
f 4749/4749 4754/4754 4738/4738
f 515/515 514/514 525/525
f 525/525 514/514 527/527
f 899/899 872/872 873/873
f 873/873 872/872 811/811
f 21/21 64/64 60/60
f 19/19 21/21 60/60
f 969/969 974/974 973/973
f 5063/5063 5064/5064 5065/5065
f 5127/5127 5124/5124 5129/5129
f 5182/5182 5181/5181 5178/5178
f 5494/5494 5493/5493 5483/5483
f 3475/3475 3478/3478 3464/3464
f 3464/3464 3478/3478 3473/3473
f 4313/4313 4312/4312 4308/4308
f 4308/4308 4312/4312 4311/4311
f 4317/4317 4314/4314 4311/4311
f 2351/2351 2339/2339 2334/2334
f 2333/2333 2292/2292 2290/2290
f 2333/2333 2290/2290 2334/2334
f 2320/2320 2303/2303 2292/2292
f 2320/2320 2302/2302 2303/2303
f 4734/4734 4735/4735 4736/4736
f 4762/4762 4759/4759 4751/4751
f 4762/4762 4751/4751 4753/4753
f 2298/2298 2301/2301 2299/2299
f 5179/5179 5178/5178 5181/5181
f 2040/2040 2033/2033 2037/2037
f 2033/2033 2036/2036 2037/2037
f 2037/2037 2036/2036 2038/2038
f 5481/5481 5516/5516 5578/5578
f 3478/3478 3479/3479 3473/3473
f 2347/2347 2348/2348 2344/2344
f 2348/2348 2338/2338 2344/2344
f 2344/2344 2346/2346 2347/2347
f 3473/3473 3479/3479 3474/3474
f 2338/2338 2339/2339 2344/2344
f 2337/2337 2335/2335 2338/2338
f 2335/2335 2339/2339 2338/2338
f 2339/2339 2345/2345 2344/2344
f 2345/2345 2346/2346 2344/2344
f 2335/2335 2334/2334 2339/2339
f 2332/2332 2320/2320 2342/2342
f 2342/2342 2320/2320 2333/2333
f 3550/3550 3548/3548 3549/3549
f 4738/4738 4755/4755 4737/4737
f 4753/4753 4751/4751 4742/4742
f 202/202 185/185 207/207
f 899/899 901/901 872/872
f 2033/2033 2035/2035 2036/2036
f 2036/2036 2041/2041 2039/2039
f 5477/5477 5479/5479 5480/5480
f 5480/5480 5479/5479 5481/5481
f 5481/5481 5479/5479 5516/5516
f 5578/5578 5579/5579 5581/5581
f 3480/3480 3478/3478 3477/3477
f 5581/5581 5579/5579 5582/5582
f 3480/3480 3479/3479 3478/3478
f 2340/2340 2336/2336 2337/2337
f 2341/2341 2340/2340 2337/2337
f 2340/2340 2342/2342 2336/2336
f 2337/2337 2336/2336 2335/2335
f 2343/2343 2342/2342 2340/2340
f 2336/2336 2333/2333 2335/2335
f 2343/2343 2332/2332 2342/2342
f 2342/2342 2333/2333 2336/2336
f 4743/4743 4744/4744 4740/4740
f 3549/3549 3551/3551 3552/3552
f 872/872 878/878 867/867
f 5179/5179 5177/5177 5178/5178
f 5177/5177 5173/5173 5178/5178
f 5178/5178 5173/5173 5212/5212
f 2033/2033 2034/2034 2035/2035
f 2035/2035 2047/2047 2036/2036
f 5493/5493 5484/5484 5483/5483
f 5516/5516 5579/5579 5578/5578
f 5583/5583 5582/5582 5579/5579
f 5579/5579 5580/5580 5583/5583
f 2350/2350 2340/2340 2341/2341
f 2350/2350 2349/2349 2340/2340
f 2349/2349 2343/2343 2340/2340
f 3211/3211 3203/3203 3206/3206
f 4746/4746 4752/4752 4748/4748
f 4756/4756 4758/4758 4750/4750
f 4743/4743 4757/4757 4744/4744
f 3546/3546 3545/3545 3548/3548
f 3545/3545 3537/3537 3548/3548
f 4739/4739 4745/4745 4757/4757
f 3548/3548 3537/3537 3540/3540
f 3548/3548 3540/3540 3549/3549
f 4742/4742 4750/4750 4745/4745
f 872/872 902/902 878/878
f 5128/5128 5125/5125 5127/5127
f 5127/5127 5125/5125 5124/5124
f 5124/5124 5125/5125 5126/5126
f 5179/5179 5180/5180 5177/5177
f 2017/2017 2020/2020 2026/2026
f 674/674 672/672 683/683
f 672/672 657/657 670/670
f 2036/2036 2048/2048 2041/2041
f 5487/5487 5484/5484 5559/5559
f 5484/5484 5476/5476 5483/5483
f 5483/5483 5476/5476 5477/5477
f 5583/5583 5672/5672 5673/5673
f 5672/5672 5674/5674 5673/5673
f 4883/4883 4881/4881 4884/4884
f 3200/3200 3203/3203 3211/3211
f 3212/3212 3214/3214 3209/3209
f 3209/3209 3207/3207 3208/3208
f 3208/3208 3207/3207 3200/3200
f 3549/3549 3540/3540 3551/3551
f 2021/2021 2015/2015 2017/2017
f 2021/2021 2018/2018 2015/2015
f 2018/2018 2013/2013 2015/2015
f 1459/1459 1460/1460 1461/1461
f 1459/1459 1463/1463 1462/1462
f 1459/1459 1462/1462 1460/1460
f 1463/1463 1464/1464 1462/1462
f 1463/1463 1465/1465 1464/1464
f 1466/1466 1465/1465 1463/1463
f 1467/1467 1465/1465 1466/1466
f 5487/5487 5486/5486 5484/5484
f 5477/5477 5475/5475 5479/5479
f 5516/5516 5580/5580 5579/5579
f 5580/5580 5672/5672 5583/5583
f 4882/4882 4880/4880 4879/4879
f 4882/4882 4879/4879 4883/4883
f 3547/3547 3542/3542 3546/3546
f 3546/3546 3542/3542 3545/3545
f 4883/4883 4879/4879 4881/4881
f 3542/3542 3537/3537 3545/3545
f 3207/3207 3201/3201 3200/3200
f 3537/3537 3539/3539 3540/3540
f 257/257 223/223 237/237
f 2020/2020 2017/2017 2019/2019
f 2017/2017 2016/2016 2019/2019
f 2017/2017 2015/2015 2016/2016
f 2015/2015 2014/2014 2016/2016
f 1471/1471 1469/1469 1470/1470
f 2015/2015 2013/2013 2014/2014
f 1469/1469 1459/1459 1470/1470
f 1471/1471 1468/1468 1469/1469
f 2013/2013 2011/2011 2014/2014
f 2013/2013 2012/2012 2011/2011
f 5508/5508 5504/5504 5503/5503
f 1471/1471 1477/1477 1468/1468
f 1468/1468 1463/1463 1469/1469
f 1469/1469 1463/1463 1459/1459
f 1477/1477 1476/1476 1468/1468
f 1476/1476 1466/1466 1468/1468
f 1468/1468 1466/1466 1463/1463
f 2012/2012 2008/2008 2011/2011
f 2008/2008 2005/2005 2011/2011
f 1476/1476 1467/1467 1466/1466
f 5486/5486 5485/5485 5484/5484
f 2008/2008 2007/2007 2005/2005
f 2007/2007 1995/1995 2005/2005
f 5477/5477 5476/5476 5475/5475
f 2007/2007 2009/2009 1995/1995
f 2009/2009 1996/1996 1995/1995
f 1995/1995 1996/1996 1997/1997
f 5516/5516 5585/5585 5580/5580
f 5580/5580 5585/5585 5699/5699
f 2009/2009 2006/2006 1996/1996
f 5580/5580 5699/5699 5675/5675
f 2006/2006 2001/2001 1996/1996
f 5675/5675 5672/5672 5580/5580
f 2006/2006 2010/2010 2001/2001
f 5675/5675 5674/5674 5672/5672
f 5738/5738 5742/5742 5740/5740
f 4880/4880 4877/4877 4879/4879
f 3203/3203 3205/3205 3206/3206
f 3547/3547 3544/3544 3542/3542
f 3204/3204 3205/3205 3203/3203
f 3202/3202 3204/3204 3203/3203
f 3537/3537 3542/3542 3541/3541
f 3200/3200 3201/3201 3202/3202
f 3537/3537 3541/3541 3538/3538
f 3537/3537 3538/3538 3539/3539
f 3209/3209 3201/3201 3207/3207
f 58/58 23/23 17/17
f 5177/5177 5174/5174 5173/5173
f 1473/1473 1472/1472 1474/1474
f 1471/1471 1470/1470 1472/1472
f 1473/1473 1471/1471 1472/1472
f 5504/5504 5488/5488 5503/5503
f 5503/5503 5488/5488 5486/5486
f 5488/5488 5485/5485 5486/5486
f 5485/5485 5476/5476 5484/5484
f 2005/2005 2004/2004 2023/2023
f 1995/1995 2003/2003 2004/2004
f 1995/1995 1997/1997 2002/2002
f 1995/1995 2002/2002 2003/2003
f 5479/5479 5498/5498 5516/5516
f 1997/1997 1998/1998 2002/2002
f 5516/5516 5498/5498 5585/5585
f 1997/1997 1996/1996 1998/1998
f 1996/1996 1999/1999 1998/1998
f 4279/4279 4280/4280 4273/4273
f 4279/4279 4273/4273 4278/4278
f 5737/5737 5738/5738 5740/5740
f 4879/4879 4877/4877 4875/4875
f 4879/4879 4874/4874 4881/4881
f 3214/3214 3213/3213 3209/3209
f 3213/3213 3210/3210 3209/3209
f 3209/3209 3210/3210 3201/3201
f 3538/3538 3553/3553 3539/3539
f 902/902 890/890 878/878
f 1482/1482 1479/1479 1475/1475
f 1479/1479 1473/1473 1475/1475
f 1475/1475 1473/1473 1474/1474
f 1479/1479 1478/1478 1473/1473
f 1478/1478 1471/1471 1473/1473
f 5509/5509 5504/5504 5508/5508
f 5504/5504 5505/5505 5488/5488
f 5475/5475 5498/5498 5479/5479
f 5735/5735 5734/5734 5737/5737
f 5737/5737 5734/5734 5738/5738
f 4280/4280 4277/4277 4273/4273
f 4273/4273 4274/4274 4278/4278
f 4278/4278 4274/4274 4276/4276
f 5741/5741 5742/5742 5738/5738
f 4266/4266 4264/4264 4265/4265
f 3544/3544 3543/3543 3542/3542
f 3543/3543 3541/3541 3542/3542
f 4875/4875 4874/4874 4879/4879
f 4254/4254 4250/4250 4253/4253
f 17/17 23/23 20/20
f 64/64 57/57 77/77
f 5605/5605 5507/5507 5509/5509
f 5509/5509 5507/5507 5504/5504
f 5507/5507 5506/5506 5504/5504
f 5504/5504 5506/5506 5505/5505
f 5495/5495 5665/5665 5476/5476
f 5485/5485 5495/5495 5476/5476
f 5498/5498 5690/5690 5585/5585
f 5733/5733 5734/5734 5735/5735
f 5734/5734 5739/5739 5738/5738
f 4274/4274 4275/4275 4276/4276
f 4277/4277 4271/4271 4273/4273
f 4273/4273 4272/4272 4274/4274
f 4877/4877 4878/4878 4876/4876
f 4876/4876 4875/4875 4877/4877
f 4272/4272 4275/4275 4274/4274
f 4277/4277 4270/4270 4271/4271
f 4271/4271 4272/4272 4273/4273
f 4264/4264 4259/4259 4265/4265
f 4270/4270 4269/4269 4271/4271
f 4263/4263 4258/4258 4264/4264
f 4258/4258 4259/4259 4264/4264
f 4256/4256 4255/4255 4254/4254
f 4257/4257 4258/4258 4263/4263
f 4259/4259 4260/4260 4265/4265
f 4265/4265 4260/4260 4262/4262
f 4270/4270 4267/4267 4269/4269
f 4253/4253 4249/4249 4257/4257
f 4257/4257 4249/4249 4258/4258
f 4260/4260 4261/4261 4262/4262
f 4262/4262 4261/4261 4267/4267
f 4267/4267 4268/4268 4269/4269
f 4253/4253 4250/4250 4249/4249
f 4261/4261 4268/4268 4267/4267
f 21/21 57/57 64/64
f 5080/5080 5077/5077 5081/5081
f 5605/5605 5607/5607 5606/5606
f 5605/5605 5606/5606 5507/5507
f 3013/3013 3002/3002 3006/3006
f 3006/3006 3007/3007 3008/3008
f 3016/3016 3018/3018 3008/3008
f 3018/3018 3011/3011 3008/3008
f 5695/5695 5689/5689 5489/5489
f 5489/5489 5495/5495 5485/5485
f 5498/5498 5502/5502 5690/5690
f 3599/3599 3596/3596 3598/3598
f 3598/3598 3596/3596 3593/3593
f 1814/1814 1799/1799 1800/1800
f 4876/4876 4871/4871 4875/4875
f 4871/4871 4873/4873 4874/4874
f 4875/4875 4871/4871 4874/4874
f 4254/4254 4255/4255 4250/4250
f 4249/4249 4250/4250 4251/4251
f 4249/4249 4251/4251 4252/4252
f 4258/4258 4249/4249 4259/4259
f 4259/4259 4249/4249 4252/4252
f 4259/4259 4252/4252 4260/4260
f 4260/4260 4252/4252 4261/4261
f 20/20 21/21 19/19
f 3009/3009 3017/3017 3007/3007
f 5682/5682 5683/5683 5680/5680
f 5680/5680 5681/5681 5682/5682
f 5695/5695 5677/5677 5689/5689
f 5489/5489 5689/5689 5495/5495
f 5476/5476 5665/5665 5473/5473
f 5476/5476 5473/5473 5475/5475
f 5475/5475 5490/5490 5502/5502
f 5705/5705 5707/5707 5708/5708
f 5608/5608 5598/5598 5601/5601
f 4871/4871 4872/4872 4873/4873
f 4872/4872 4885/4885 4873/4873
f 5175/5175 5171/5171 5174/5174
f 5174/5174 5171/5171 5173/5173
f 5719/5719 5720/5720 5721/5721
f 5681/5681 5680/5680 5677/5677
f 5677/5677 5595/5595 5689/5689
f 5718/5718 5717/5717 5714/5714
f 5502/5502 5490/5490 5667/5667
f 2142/2142 2141/2141 2138/2138
f 5598/5598 5597/5597 5601/5601
f 2144/2144 2143/2143 2142/2142
f 1823/1823 1831/1831 1827/1827
f 5601/5601 5597/5597 5599/5599
f 5601/5601 5599/5599 5603/5603
f 1815/1815 1827/1827 1813/1813
f 1813/1813 1827/1827 1833/1833
f 1813/1813 1833/1833 1802/1802
f 1825/1825 1829/1829 1822/1822
f 3595/3595 3597/3597 3591/3591
f 1826/1826 1825/1825 1824/1824
f 22/22 57/57 21/21
f 5171/5171 5172/5172 5173/5173
f 5677/5677 5676/5676 5595/5595
f 5717/5717 5715/5715 5714/5714
f 5714/5714 5715/5715 5716/5716
f 5665/5665 5511/5511 5478/5478
f 5665/5665 5478/5478 5473/5473
f 5473/5473 5474/5474 5475/5475
f 5474/5474 5490/5490 5475/5475
f 5598/5598 5596/5596 5597/5597
f 2389/2389 2374/2374 2383/2383
f 2381/2381 2374/2374 2390/2390
f 2390/2390 2374/2374 2389/2389
f 2391/2391 2380/2380 2387/2387
f 1821/1821 1829/1829 1832/1832
f 1828/1828 1829/1829 1825/1825
f 5603/5603 5599/5599 5604/5604
f 23/23 32/32 20/20
f 20/20 22/22 21/21
f 5175/5175 5176/5176 5171/5171
f 5688/5688 5684/5684 5683/5683
f 5683/5683 5684/5684 5680/5680
f 5680/5680 5679/5679 5677/5677
f 5677/5677 5678/5678 5676/5676
f 5473/5473 5478/5478 5474/5474
f 5705/5705 5706/5706 5707/5707
f 5667/5667 5596/5596 5598/5598
f 2383/2383 2367/2367 2380/2380
f 2383/2383 2380/2380 2391/2391
f 5597/5597 5575/5575 5599/5599
f 5599/5599 5575/5575 5600/5600
f 2369/2369 2371/2371 2384/2384
f 2384/2384 2371/2371 2381/2381
f 2385/2385 2373/2373 2370/2370
f 2370/2370 2369/2369 2384/2384
f 2385/2385 2370/2370 2384/2384
f 5719/5719 5722/5722 5720/5720
f 5679/5679 5678/5678 5677/5677
f 5676/5676 5661/5661 5595/5595
f 5661/5661 5560/5560 5595/5595
f 5595/5595 5560/5560 5511/5511
f 5474/5474 5501/5501 5490/5490
f 5490/5490 5501/5501 5667/5667
f 5723/5723 5726/5726 5727/5727
f 5596/5596 5575/5575 5597/5597
f 2364/2364 2367/2367 2374/2374
f 2367/2367 2368/2368 2380/2380
f 2372/2372 2364/2364 2374/2374
f 2381/2381 2372/2372 2374/2374
f 2368/2368 2386/2386 2380/2380
f 2371/2371 2372/2372 2381/2381
f 2380/2380 2386/2386 2387/2387
f 2386/2386 2388/2388 2387/2387
f 5080/5080 5079/5079 5077/5077
f 5075/5075 5076/5076 5077/5077
f 5077/5077 5076/5076 5078/5078
f 5694/5694 5687/5687 5688/5688
f 5688/5688 5687/5687 5684/5684
f 5684/5684 5679/5679 5680/5680
f 5560/5560 5512/5512 5511/5511
f 5474/5474 5492/5492 5501/5501
f 5566/5566 5565/5565 5667/5667
f 5667/5667 5565/5565 5596/5596
f 5596/5596 5565/5565 5575/5575
f 5575/5575 5701/5701 5600/5600
f 2369/2369 2363/2363 2371/2371
f 2371/2371 2363/2363 2372/2372
f 2379/2379 2365/2365 2373/2373
f 2373/2373 2365/2365 2370/2370
f 2365/2365 2362/2362 2370/2370
f 2370/2370 2362/2362 2369/2369
f 5079/5079 5075/5075 5077/5077
f 5069/5069 5070/5070 5071/5071
f 5171/5171 5166/5166 5172/5172
f 5512/5512 5510/5510 5511/5511
f 5511/5511 5510/5510 5478/5478
f 5478/5478 5496/5496 5491/5491
f 5491/5491 5492/5492 5474/5474
f 5723/5723 5725/5725 5726/5726
f 5563/5563 5565/5565 5566/5566
f 759/759 750/750 747/747
f 750/750 749/749 747/747
f 2367/2367 2366/2366 2368/2368
f 750/750 754/754 749/749
f 754/754 758/758 749/749
f 758/758 753/753 749/749
f 2372/2372 2363/2363 2364/2364
f 2386/2386 2368/2368 2375/2375
f 2369/2369 2362/2362 2363/2363
f 758/758 764/764 756/756
f 758/758 756/756 753/753
f 2365/2365 2361/2361 2362/2362
f 761/761 736/736 735/735
f 736/736 734/734 735/735
f 734/734 732/732 735/735
f 5684/5684 5685/5685 5679/5679
f 1599/1599 1589/1589 1592/1592
f 1592/1592 1602/1602 1599/1599
f 1592/1592 1601/1601 1602/1602
f 734/734 733/733 732/732
f 1595/1595 1596/1596 1592/1592
f 1592/1592 1596/1596 1601/1601
f 5590/5590 5514/5514 5661/5661
f 5514/5514 5560/5560 5661/5661
f 733/733 731/731 732/732
f 5560/5560 5514/5514 5512/5512
f 5512/5512 5514/5514 5513/5513
f 5513/5513 5510/5510 5512/5512
f 740/740 722/722 731/731
f 740/740 738/738 722/722
f 5478/5478 5510/5510 5496/5496
f 740/740 741/741 738/738
f 740/740 742/742 741/741
f 5491/5491 5666/5666 5492/5492
f 5666/5666 5501/5501 5492/5492
f 5723/5723 5724/5724 5725/5725
f 742/742 743/743 741/741
f 5563/5563 5564/5564 5565/5565
f 742/742 744/744 743/743
f 5564/5564 5567/5567 5565/5565
f 744/744 745/745 743/743
f 5567/5567 5570/5570 5575/5575
f 747/747 749/749 748/748
f 748/748 749/749 751/751
f 5575/5575 5570/5570 5701/5701
f 749/749 753/753 751/751
f 2364/2364 2357/2357 2366/2366
f 2364/2364 2366/2366 2367/2367
f 753/753 755/755 751/751
f 2363/2363 2352/2352 2357/2357
f 2363/2363 2357/2357 2364/2364
f 2366/2366 2375/2375 2368/2368
f 753/753 756/756 755/755
f 2379/2379 2361/2361 2365/2365
f 2363/2363 2362/2362 2352/2352
f 2375/2375 2366/2366 2376/2376
f 2376/2376 2377/2377 2375/2375
f 756/756 760/760 755/755
f 2361/2361 2356/2356 2362/2362
f 2362/2362 2356/2356 2352/2352
f 2376/2376 2378/2378 2377/2377
f 66/66 42/42 23/23
f 22/22 62/62 57/57
f 5687/5687 5686/5686 5684/5684
f 5686/5686 5685/5685 5684/5684
f 1591/1591 1592/1592 1589/1589
f 1591/1591 1595/1595 1592/1592
f 5589/5589 5514/5514 5590/5590
f 731/731 722/722 726/726
f 738/738 723/723 722/722
f 5491/5491 5496/5496 5500/5500
f 741/741 739/739 738/738
f 738/738 739/739 723/723
f 5491/5491 5500/5500 5666/5666
f 741/741 729/729 739/739
f 5666/5666 5561/5561 5563/5563
f 5563/5563 5561/5561 5562/5562
f 5563/5563 5562/5562 5564/5564
f 729/729 743/743 737/737
f 729/729 737/737 730/730
f 745/745 746/746 743/743
f 743/743 746/746 737/737
f 746/746 752/752 737/737
f 746/746 748/748 752/752
f 748/748 751/751 752/752
f 5570/5570 5577/5577 5701/5701
f 2354/2354 2360/2360 2357/2357
f 2357/2357 2360/2360 2366/2366
f 2352/2352 2354/2354 2357/2357
f 2366/2366 2360/2360 2376/2376
f 2360/2360 2378/2378 2376/2376
f 2361/2361 2359/2359 2356/2356
f 2356/2356 2359/2359 2358/2358
f 20/20 32/32 22/22
f 5171/5171 5170/5170 5166/5166
f 1600/1600 1594/1594 1590/1590
f 1590/1590 1598/1598 1600/1600
f 1590/1590 1589/1589 1598/1598
f 1588/1588 1591/1591 1589/1589
f 1588/1588 1589/1589 1590/1590
f 1597/1597 1591/1591 1588/1588
f 5591/5591 5533/5533 5589/5589
f 5533/5533 5514/5514 5589/5589
f 5533/5533 5513/5513 5514/5514
f 5513/5513 5533/5533 5515/5515
f 5513/5513 5515/5515 5510/5510
f 5510/5510 5515/5515 5554/5554
f 722/722 724/724 725/725
f 5510/5510 5554/5554 5496/5496
f 5562/5562 5704/5704 5564/5564
f 5564/5564 5568/5568 5567/5567
f 752/752 757/757 737/737
f 5568/5568 5577/5577 5570/5570
f 5568/5568 5570/5570 5567/5567
f 5702/5702 5703/5703 5701/5701
f 5577/5577 5702/5702 5701/5701
f 2352/2352 2353/2353 2354/2354
f 2355/2355 2353/2353 2352/2352
f 2382/2382 2378/2378 2360/2360
f 4478/4478 4479/4479 4480/4480
f 2358/2358 2355/2355 2356/2356
f 2356/2356 2355/2355 2352/2352
f 32/32 33/33 22/22
f 5170/5170 5169/5169 5166/5166
f 5593/5593 5594/5594 5592/5592
f 5593/5593 5592/5592 5591/5591
f 1593/1593 1590/1590 1594/1594
f 1597/1597 1588/1588 1593/1593
f 1593/1593 1588/1588 1590/1590
f 5591/5591 5592/5592 5533/5533
f 5554/5554 5527/5527 5496/5496
f 5496/5496 5527/5527 5526/5526
f 5704/5704 5569/5569 5564/5564
f 5569/5569 5568/5568 5564/5564
f 5569/5569 5571/5571 5568/5568
f 4954/4954 4949/4949 4953/4953
f 5568/5568 5573/5573 5577/5577
f 4464/4464 4466/4466 4472/4472
f 4968/4968 4967/4967 4966/4966
f 3379/3379 3382/3382 3381/3381
f 4472/4472 4466/4466 4478/4478
f 3373/3373 3360/3360 3374/3374
f 3373/3373 3374/3374 3375/3375
f 3375/3375 3374/3374 3376/3376
f 3375/3375 3376/3376 3378/3378
f 3378/3378 3379/3379 3380/3380
f 3370/3370 3354/3354 3361/3361
f 4479/4479 4481/4481 4482/4482
f 23/23 42/42 32/32
f 62/62 80/80 81/81
f 5167/5167 5166/5166 5169/5169
f 5731/5731 5729/5729 5728/5728
f 5728/5728 5729/5729 5730/5730
f 4784/4784 4787/4787 4788/4788
f 4789/4789 4787/4787 4793/4793
f 5526/5526 5527/5527 5528/5528
f 5526/5526 5528/5528 5531/5531
f 5526/5526 5531/5531 5532/5532
f 5557/5557 5704/5704 5562/5562
f 5704/5704 5572/5572 5569/5569
f 5569/5569 5572/5572 5571/5571
f 5568/5568 5571/5571 5573/5573
f 4966/4966 4956/4956 4954/4954
f 4954/4954 4956/4956 4947/4947
f 3363/3363 3357/3357 3360/3360
f 3376/3376 3374/3374 3377/3377
f 3376/3376 3377/3377 3379/3379
f 4968/4968 4973/4973 4967/4967
f 3354/3354 3356/3356 3357/3357
f 4478/4478 4473/4473 4479/4479
f 615/615 622/622 606/606
f 5731/5731 5732/5732 5729/5729
f 4792/4792 4793/4793 4785/4785
f 5534/5534 5529/5529 5527/5527
f 5527/5527 5529/5529 5528/5528
f 5532/5532 5531/5531 5557/5557
f 5532/5532 5557/5557 5558/5558
f 5704/5704 5576/5576 5572/5572
f 3358/3358 3371/3371 3359/3359
f 4464/4464 4465/4465 4466/4466
f 4466/4466 4465/4465 4467/4467
f 4967/4967 4965/4965 4966/4966
f 4966/4966 4965/4965 4956/4956
f 3359/3359 3372/3372 3360/3360
f 3360/3360 3372/3372 3374/3374
f 3521/3521 3512/3512 3519/3519
f 3519/3519 3517/3517 3522/3522
f 4969/4969 4965/4965 4967/4967
f 4466/4466 4467/4467 4469/4469
f 4473/4473 4476/4476 4477/4477
f 3688/3688 3686/3686 3694/3694
f 62/62 75/75 80/80
f 5167/5167 5164/5164 5166/5166
f 4775/4775 4794/4794 4771/4771
f 2856/2856 2858/2858 2857/2857
f 4780/4780 4791/4791 4786/4786
f 2827/2827 2829/2829 2854/2854
f 4791/4791 4792/4792 4786/4786
f 5543/5543 5542/5542 5534/5534
f 5534/5534 5542/5542 5535/5535
f 5534/5534 5535/5535 5529/5529
f 5528/5528 5556/5556 5531/5531
f 5747/5747 5744/5744 5746/5746
f 3523/3523 3503/3503 3502/3502
f 3692/3692 3681/3681 3690/3690
f 5746/5746 5743/5743 5748/5748
f 4956/4956 4948/4948 4947/4947
f 4465/4465 4468/4468 4467/4467
f 4468/4468 4469/4469 4467/4467
f 3686/3686 3684/3684 3683/3683
f 3359/3359 3371/3371 3372/3372
f 3521/3521 3507/3507 3512/3512
f 3686/3686 3688/3688 3684/3684
f 3519/3519 3512/3512 3517/3517
f 3512/3512 3513/3513 3517/3517
f 258/258 224/224 223/223
f 5164/5164 5165/5165 5166/5166
f 4775/4775 4771/4771 4773/4773
f 4777/4777 4778/4778 4779/4779
f 5548/5548 5547/5547 5544/5544
f 5548/5548 5544/5544 5553/5553
f 5553/5553 5544/5544 5543/5543
f 5544/5544 5542/5542 5543/5543
f 5529/5529 5535/5535 5536/5536
f 5529/5529 5556/5556 5528/5528
f 5531/5531 5609/5609 5557/5557
f 5746/5746 5744/5744 5743/5743
f 5743/5743 5751/5751 5748/5748
f 3505/3505 3504/3504 3507/3507
f 3507/3507 3509/3509 3510/3510
f 3507/3507 3510/3510 3512/3512
f 4956/4956 4965/4965 4957/4957
f 3688/3688 3687/3687 3684/3684
f 3512/3512 3510/3510 3513/3513
f 4969/4969 4961/4961 4965/4965
f 4469/4469 4470/4470 4473/4473
f 4473/4473 4470/4470 4474/4474
f 4473/4473 4474/4474 4476/4476
f 22/22 37/37 62/62
f 5097/5097 5090/5090 5093/5093
f 5093/5093 5090/5090 5092/5092
f 4771/4771 4794/4794 4774/4774
f 4771/4771 4772/4772 4773/4773
f 4996/4996 4994/4994 4995/4995
f 5693/5693 5692/5692 5551/5551
f 5542/5542 5555/5555 5535/5535
f 5529/5529 5536/5536 5556/5556
f 5556/5556 5609/5609 5531/5531
f 5557/5557 5610/5610 5611/5611
f 3503/3503 3499/3499 3502/3502
f 3681/3681 3680/3680 3690/3690
f 3502/3502 3499/3499 3501/3501
f 3501/3501 3504/3504 3505/3505
f 3504/3504 3509/3509 3507/3507
f 4468/4468 4456/4456 4469/4469
f 4456/4456 4470/4470 4469/4469
f 3513/3513 3516/3516 3517/3517
f 3517/3517 3516/3516 3518/3518
f 62/62 37/37 75/75
f 264/264 224/224 258/258
f 4794/4794 4795/4795 4774/4774
f 4795/4795 4770/4770 4774/4774
f 2858/2858 2862/2862 2859/2859
f 4770/4770 4768/4768 4774/4774
f 4771/4771 4774/4774 4772/4772
f 5692/5692 5691/5691 5551/5551
f 5547/5547 5546/5546 5544/5544
f 5544/5544 5546/5546 5545/5545
f 5544/5544 5545/5545 5542/5542
f 5542/5542 5545/5545 5555/5555
f 5557/5557 5609/5609 5610/5610
f 5611/5611 5610/5610 5612/5612
f 5612/5612 5613/5613 5611/5611
f 3690/3690 3691/3691 3699/3699
f 3680/3680 3691/3691 3690/3690
f 3499/3499 3500/3500 3501/3501
f 3501/3501 3500/3500 3504/3504
f 5743/5743 5750/5750 5751/5751
f 4468/4468 4457/4457 4456/4456
f 3509/3509 3508/3508 3510/3510
f 3510/3510 3514/3514 3513/3513
f 4957/4957 4961/4961 4959/4959
f 4507/4507 4502/4502 4506/4506
f 3687/3687 3693/3693 3685/3685
f 3514/3514 3515/3515 3513/3513
f 4501/4501 4502/4502 4507/4507
f 3513/3513 3515/3515 3516/3516
f 5164/5164 5168/5168 5165/5165
f 264/264 268/268 224/224
f 2862/2862 2865/2865 2859/2859
f 2858/2858 2860/2860 2862/2862
f 4774/4774 4767/4767 4772/4772
f 5691/5691 5552/5552 5551/5551
f 5552/5552 5546/5546 5551/5551
f 2860/2860 2861/2861 2862/2862
f 2861/2861 2864/2864 2862/2862
f 5546/5546 5550/5550 5549/5549
f 5546/5546 5549/5549 5545/5545
f 2861/2861 2863/2863 2864/2864
f 5555/5555 5537/5537 5535/5535
f 5535/5535 5537/5537 5536/5536
f 5556/5556 5659/5659 5609/5609
f 3520/3520 3499/3499 3503/3503
f 5749/5749 5750/5750 5743/5743
f 3500/3500 3506/3506 3504/3504
f 3695/3695 3696/3696 3682/3682
f 3504/3504 3508/3508 3509/3509
f 3504/3504 3506/3506 3508/3508
f 3508/3508 3514/3514 3510/3510
f 4470/4470 4471/4471 4475/4475
f 37/37 76/76 75/75
f 5090/5090 5091/5091 5092/5092
f 5092/5092 5091/5091 5095/5095
f 5095/5095 5091/5091 5114/5114
f 2862/2862 2880/2880 2865/2865
f 4772/4772 4767/4767 4764/4764
f 2862/2862 2864/2864 2880/2880
f 2864/2864 2881/2881 2880/2880
f 2864/2864 2863/2863 2881/2881
f 2863/2863 2883/2883 2881/2881
f 5752/5752 5753/5753 5754/5754
f 2863/2863 2815/2815 2883/2883
f 2815/2815 2816/2816 2883/2883
f 5555/5555 5541/5541 5537/5537
f 2816/2816 2866/2866 2883/2883
f 2816/2816 2825/2825 2866/2866
f 5537/5537 5538/5538 5536/5536
f 5536/5536 5538/5538 5556/5556
f 2825/2825 2812/2812 2845/2845
f 2812/2812 2822/2822 2845/2845
f 2822/2822 2837/2837 2845/2845
f 5556/5556 5664/5664 5659/5659
f 2844/2844 2833/2833 2841/2841
f 5609/5609 5635/5635 5610/5610
f 3531/3531 3511/3511 3499/3499
f 3520/3520 3531/3531 3499/3499
f 3680/3680 3697/3697 3691/3691
f 3499/3499 3511/3511 3500/3500
f 5743/5743 5745/5745 5749/5749
f 3682/3682 3697/3697 3680/3680
f 3511/3511 3506/3506 3500/3500
f 4456/4456 4458/4458 4470/4470
f 3506/3506 3529/3529 3508/3508
f 4470/4470 4458/4458 4471/4471
f 3693/3693 3698/3698 3685/3685
f 3685/3685 3698/3698 3695/3695
f 3508/3508 3529/3529 3514/3514
f 4471/4471 4483/4483 4475/4475
f 3529/3529 3515/3515 3514/3514
f 33/33 37/37 22/22
f 2865/2865 2879/2879 2885/2885
f 2885/2885 2879/2879 2882/2882
f 4769/4769 4766/4766 4768/4768
f 4768/4768 4766/4766 4767/4767
f 2865/2865 2880/2880 2879/2879
f 4766/4766 4765/4765 4764/4764
f 4767/4767 4766/4766 4764/4764
f 5552/5552 5550/5550 5546/5546
f 2879/2879 2871/2871 2882/2882
f 2880/2880 2870/2870 2879/2879
f 2879/2879 2870/2870 2871/2871
f 2880/2880 2881/2881 2870/2870
f 2870/2870 2869/2869 2871/2871
f 2495/2495 2488/2488 2500/2500
f 2500/2500 2488/2488 2501/2501
f 2870/2870 2883/2883 2866/2866
f 2870/2870 2866/2866 2869/2869
f 5540/5540 5537/5537 5541/5541
f 2866/2866 2868/2868 2869/2869
f 2866/2866 2867/2867 2868/2868
f 2825/2825 2845/2845 2867/2867
f 5538/5538 5664/5664 5556/5556
f 2845/2845 2873/2873 2872/2872
f 2845/2845 2844/2844 2873/2873
f 2844/2844 2876/2876 2873/2873
f 2844/2844 2841/2841 2876/2876
f 5609/5609 5659/5659 5635/5635
f 2841/2841 2878/2878 2876/2876
f 5610/5610 5635/5635 5612/5612
f 2841/2841 2851/2851 2878/2878
f 3531/3531 3524/3524 3511/3511
f 3524/3524 3506/3506 3511/3511
f 3531/3531 3525/3525 3524/3524
f 4455/4455 4456/4456 4457/4457
f 3534/3534 3525/3525 3531/3531
f 3524/3524 3525/3525 3526/3526
f 3524/3524 3526/3526 3506/3506
f 3534/3534 3527/3527 3525/3525
f 4975/4975 4974/4974 4972/4972
f 4974/4974 4970/4970 4972/4972
f 3535/3535 3527/3527 3534/3534
f 3526/3526 3529/3529 3506/3506
f 3526/3526 3528/3528 3529/3529
f 4458/4458 4461/4461 4471/4471
f 4471/4471 4461/4461 4483/4483
f 3528/3528 3530/3530 3529/3529
f 3529/3529 3530/3530 3515/3515
f 5098/5098 5096/5096 5090/5090
f 5090/5090 5094/5094 5091/5091
f 268/268 266/266 224/224
f 5091/5091 5115/5115 5114/5114
f 3646/3646 3654/3654 3649/3649
f 2506/2506 2504/2504 2505/2505
f 2506/2506 2505/2505 2511/2511
f 2504/2504 2495/2495 2502/2502
f 2495/2495 2500/2500 2502/2502
f 2488/2488 2499/2499 2501/2501
f 2869/2869 2886/2886 2887/2887
f 2488/2488 2487/2487 2499/2499
f 2869/2869 2868/2868 2886/2886
f 5540/5540 5539/5539 5537/5537
f 5539/5539 5538/5538 5537/5537
f 2868/2868 2867/2867 2886/2886
f 2867/2867 2872/2872 2886/2886
f 2873/2873 2874/2874 2872/2872
f 2873/2873 2875/2875 2874/2874
f 2516/2516 2486/2486 2496/2496
f 5664/5664 5660/5660 5659/5659
f 2873/2873 2876/2876 2875/2875
f 2876/2876 2877/2877 2875/2875
f 2876/2876 2878/2878 2877/2877
f 2878/2878 2884/2884 2877/2877
f 2851/2851 2884/2884 2878/2878
f 5613/5613 5614/5614 5657/5657
f 2851/2851 2850/2850 2884/2884
f 4455/4455 4453/4453 4454/4454
f 4970/4970 4962/4962 4959/4959
f 4962/4962 4960/4960 4959/4959
f 4959/4959 4960/4960 4958/4958
f 3525/3525 3527/3527 3526/3526
f 4458/4458 4459/4459 4461/4461
f 3527/3527 3528/3528 3526/3526
f 3536/3536 3532/3532 3527/3527
f 3536/3536 3527/3527 3535/3535
f 3527/3527 3532/3532 3528/3528
f 3528/3528 3532/3532 3533/3533
f 4461/4461 4484/4484 4483/4483
f 3533/3533 3530/3530 3528/3528
f 266/266 242/242 224/224
f 5090/5090 5096/5096 5094/5094
f 2512/2512 2510/2510 2518/2518
f 2508/2508 2507/2507 2509/2509
f 2508/2508 2504/2504 2507/2507
f 3651/3651 3647/3647 3649/3649
f 2504/2504 2506/2506 2507/2507
f 3646/3646 3649/3649 3647/3647
f 2504/2504 2513/2513 2495/2495
f 2495/2495 2520/2520 2494/2494
f 2494/2494 2488/2488 2495/2495
f 2487/2487 2493/2493 2499/2499
f 2886/2886 2892/2892 2891/2891
f 349/349 305/305 282/282
f 5659/5659 5660/5660 5635/5635
f 5613/5613 5612/5612 5614/5614
f 4462/4462 4453/4453 4455/4455
f 4453/4453 4449/4449 4454/4454
f 4449/4449 4459/4459 4458/4458
f 4454/4454 4449/4449 4458/4458
f 4399/4399 4396/4396 4394/4394
f 4497/4497 4511/4511 4503/4503
f 4975/4975 4976/4976 4974/4974
f 4970/4970 4963/4963 4962/4962
f 4461/4461 4485/4485 4484/4484
f 4485/4485 4486/4486 4484/4484
f 4484/4484 4486/4486 4487/4487
f 242/242 225/225 224/224
f 3650/3650 3642/3642 3648/3648
f 3650/3650 3648/3648 3653/3653
f 3645/3645 3642/3642 3650/3650
f 3653/3653 3648/3648 3652/3652
f 2512/2512 2508/2508 2510/2510
f 3645/3645 3640/3640 3642/3642
f 5768/5768 5764/5764 5769/5769
f 3640/3640 3639/3639 3642/3642
f 2512/2512 2513/2513 2508/2508
f 3648/3648 3651/3651 3652/3652
f 3639/3639 3647/3647 3648/3648
f 3648/3648 3647/3647 3651/3651
f 2513/2513 2504/2504 2508/2508
f 3639/3639 3643/3643 3647/3647
f 2495/2495 2513/2513 2521/2521
f 2521/2521 2520/2520 2495/2495
f 2494/2494 2520/2520 2517/2517
f 2494/2494 2517/2517 2484/2484
f 2494/2494 2484/2484 2488/2488
f 2484/2484 2487/2487 2488/2488
f 2484/2484 2483/2483 2487/2487
f 2483/2483 2493/2493 2487/2487
f 2484/2484 2481/2481 2483/2483
f 2493/2493 2483/2483 2482/2482
f 2493/2493 2482/2482 2515/2515
f 2486/2486 2516/2516 2482/2482
f 5635/5635 5615/5615 5612/5612
f 5615/5615 5614/5614 5612/5612
f 4394/4394 4391/4391 4395/4395
f 4974/4974 4971/4971 4970/4970
f 4970/4970 4971/4971 4963/4963
f 4459/4459 4460/4460 4461/4461
f 4460/4460 4485/4485 4461/4461
f 42/42 36/36 32/32
f 32/32 36/36 35/35
f 32/32 35/35 34/34
f 5768/5768 5766/5766 5764/5764
f 5769/5769 5758/5758 5761/5761
f 2517/2517 2514/2514 2484/2484
f 2514/2514 2481/2481 2484/2484
f 2514/2514 2525/2525 2481/2481
f 2481/2481 2525/2525 2522/2522
f 2481/2481 2522/2522 2485/2485
f 2481/2481 2482/2482 2483/2483
f 2481/2481 2485/2485 2482/2482
f 2485/2485 2486/2486 2482/2482
f 2485/2485 2489/2489 2486/2486
f 2489/2489 2496/2496 2486/2486
f 2496/2496 2489/2489 2492/2492
f 2496/2496 2492/2492 2503/2503
f 2492/2492 2497/2497 2503/2503
f 2503/2503 2497/2497 2519/2519
f 3755/3755 3762/3762 3760/3760
f 3761/3761 3752/3752 3760/3760
f 365/365 292/292 350/350
f 350/350 292/292 295/295
f 4462/4462 4463/4463 4453/4453
f 4453/4453 4463/4463 4450/4450
f 4515/4515 4516/4516 4496/4496
f 4398/4398 4397/4397 4396/4396
f 4488/4488 4489/4489 4490/4490
f 4395/4395 4391/4391 4393/4393
f 4974/4974 4977/4977 4971/4971
f 4452/4452 4460/4460 4459/4459
f 32/32 34/34 33/33
f 5764/5764 5758/5758 5769/5769
f 5758/5758 5760/5760 5761/5761
f 5647/5647 5645/5645 5648/5648
f 2485/2485 2522/2522 2490/2490
f 2490/2490 2489/2489 2485/2485
f 2491/2491 2492/2492 2489/2489
f 2490/2490 2491/2491 2489/2489
f 2491/2491 2498/2498 2497/2497
f 2491/2491 2497/2497 2492/2492
f 3752/3752 3755/3755 3760/3760
f 3761/3761 3748/3748 3752/3752
f 2930/2930 2926/2926 2924/2924
f 2924/2924 2931/2931 2930/2930
f 4492/4492 4508/4508 4493/4493
f 4449/4449 4450/4450 4451/4451
f 4449/4449 4451/4451 4452/4452
f 4401/4401 4390/4390 4397/4397
f 4397/4397 4390/4390 4396/4396
f 4494/4494 4509/4509 4514/4514
f 4494/4494 4514/4514 4495/4495
f 4495/4495 4514/4514 4515/4515
f 4390/4390 4391/4391 4394/4394
f 4396/4396 4390/4390 4394/4394
f 33/33 39/39 37/37
f 5096/5096 5098/5098 5099/5099
f 5224/5224 5222/5222 5225/5225
f 5766/5766 5765/5765 5764/5764
f 5764/5764 5765/5765 5762/5762
f 5764/5764 5762/5762 5758/5758
f 1611/1611 1620/1620 1613/1613
f 2522/2522 2523/2523 2490/2490
f 2490/2490 2523/2523 2498/2498
f 2490/2490 2498/2498 2491/2491
f 5299/5299 5300/5300 5301/5301
f 2497/2497 2524/2524 2519/2519
f 5615/5615 5616/5616 5614/5614
f 2924/2924 2923/2923 2931/2931
f 4509/4509 4520/4520 4514/4514
f 4402/4402 4400/4400 4401/4401
f 4401/4401 4400/4400 4390/4390
f 364/364 354/354 353/353
f 5099/5099 5098/5098 5100/5100
f 5224/5224 5218/5218 5222/5222
f 2994/2994 2990/2990 2970/2970
f 5762/5762 5759/5759 5758/5758
f 5758/5758 5759/5759 5760/5760
f 5647/5647 5646/5646 5645/5645
f 5645/5645 5646/5646 5643/5643
f 5644/5644 5643/5643 5642/5642
f 5642/5642 5641/5641 5640/5640
f 3749/3749 3753/3753 3752/3752
f 3752/3752 3753/3753 3755/3755
f 3748/3748 3749/3749 3752/3752
f 2924/2924 2918/2918 2923/2923
f 2918/2918 2922/2922 2923/2923
f 2922/2922 2909/2909 2923/2923
f 4505/4505 4512/4512 4510/4510
f 2935/2935 2934/2934 2928/2928
f 2928/2928 2927/2927 2926/2926
f 4510/4510 4520/4520 4509/4509
f 4514/4514 4520/4520 4521/4521
f 4391/4391 4392/4392 4393/4393
f 54/54 36/36 42/42
f 33/33 34/34 39/39
f 242/242 250/250 225/225
f 37/37 48/48 76/76
f 1712/1712 1683/1683 1708/1708
f 5647/5647 5653/5653 5649/5649
f 5647/5647 5649/5649 5646/5646
f 5643/5643 5641/5641 5642/5642
f 5641/5641 5639/5639 5640/5640
f 5640/5640 5639/5639 5637/5637
f 5636/5636 5623/5623 5622/5622
f 3755/3755 3753/3753 3757/3757
f 5615/5615 5617/5617 5616/5616
f 2910/2910 2907/2907 2908/2908
f 2910/2910 2908/2908 2920/2920
f 2937/2937 2938/2938 2936/2936
f 2937/2937 2936/2936 2934/2934
f 2926/2926 2925/2925 2924/2924
f 2924/2924 2925/2925 2918/2918
f 2918/2918 2921/2921 2922/2922
f 2922/2922 2921/2921 2909/2909
f 2936/2936 2929/2929 2934/2934
f 2927/2927 2925/2925 2926/2926
f 2934/2934 2929/2929 2928/2928
f 2929/2929 2927/2927 2928/2928
f 4520/4520 4522/4522 4521/4521
f 4400/4400 4383/4383 4390/4390
f 4390/4390 4383/4383 4379/4379
f 4390/4390 4379/4379 4391/4391
f 4379/4379 4392/4392 4391/4391
f 1707/1707 1684/1684 1683/1683
f 1683/1683 1684/1684 1679/1679
f 1683/1683 1679/1679 1672/1672
f 5649/5649 5650/5650 5646/5646
f 1708/1708 1672/1672 1709/1709
f 1672/1672 1674/1674 1709/1709
f 5650/5650 5651/5651 5646/5646
f 5646/5646 5654/5654 5643/5643
f 5622/5622 5623/5623 5621/5621
f 5621/5621 5617/5617 5619/5619
f 3753/3753 3758/3758 3757/3757
f 5619/5619 5617/5617 5615/5615
f 3748/3748 3746/3746 3749/3749
f 3745/3745 3746/3746 3748/3748
f 4389/4389 4380/4380 4382/4382
f 5616/5616 5617/5617 5618/5618
f 4382/4382 4380/4380 4381/4381
f 2925/2925 2932/2932 2918/2918
f 4381/4381 4380/4380 4377/4377
f 2929/2929 2919/2919 2927/2927
f 2919/2919 2925/2925 2927/2927
f 4383/4383 4377/4377 4379/4379
f 35/35 38/38 34/34
f 5100/5100 5101/5101 5107/5107
f 5221/5221 5216/5216 5220/5220
f 5220/5220 5216/5216 5218/5218
f 1706/1706 1705/1705 1684/1684
f 1679/1679 1675/1675 1672/1672
f 5649/5649 5652/5652 5650/5650
f 5646/5646 5651/5651 5654/5654
f 5643/5643 5654/5654 5641/5641
f 5624/5624 5621/5621 5623/5623
f 2907/2907 2905/2905 2908/2908
f 4389/4389 4387/4387 4380/4380
f 5616/5616 5618/5618 5620/5620
f 2921/2921 2895/2895 2909/2909
f 3754/3754 3747/3747 3756/3756
f 2925/2925 2919/2919 2932/2932
f 2932/2932 2893/2893 2918/2918
f 2893/2893 2895/2895 2918/2918
f 2893/2893 2894/2894 2895/2895
f 2918/2918 2895/2895 2921/2921
f 4380/4380 4378/4378 4377/4377
f 2929/2929 2933/2933 2919/2919
f 4377/4377 4378/4378 4379/4379
f 225/225 250/250 235/235
f 5098/5098 5101/5101 5100/5100
f 5216/5216 5217/5217 5218/5218
f 5218/5218 5217/5217 5222/5222
f 1684/1684 1685/1685 1679/1679
f 1675/1675 1673/1673 1672/1672
f 2987/2987 2968/2968 2988/2988
f 1672/1672 1673/1673 1674/1674
f 5654/5654 5668/5668 5641/5641
f 5641/5641 5668/5668 5700/5700
f 5641/5641 5700/5700 5639/5639
f 5700/5700 5658/5658 5639/5639
f 5639/5639 5658/5658 5623/5623
f 5623/5623 5625/5625 5624/5624
f 5624/5624 5634/5634 5621/5621
f 5621/5621 5634/5634 5617/5617
f 3746/3746 3750/3750 3749/3749
f 2906/2906 2905/2905 2907/2907
f 2895/2895 2906/2906 2907/2907
f 4387/4387 4385/4385 4380/4380
f 2929/2929 2936/2936 2933/2933
f 2894/2894 2899/2899 2895/2895
f 2919/2919 2933/2933 2912/2912
f 2932/2932 2919/2919 2893/2893
f 2919/2919 2912/2912 2893/2893
f 171/171 161/161 184/184
f 36/36 38/38 35/35
f 38/38 39/39 34/34
f 39/39 48/48 37/37
f 250/250 245/245 235/235
f 5112/5112 5102/5102 5098/5098
f 5098/5098 5102/5102 5101/5101
f 1705/1705 1704/1704 1684/1684
f 1684/1684 1704/1704 1699/1699
f 1684/1684 1699/1699 1685/1685
f 1685/1685 1686/1686 1679/1679
f 1673/1673 1676/1676 1674/1674
f 5668/5668 5654/5654 5651/5651
f 2974/2974 2996/2996 2975/2975
f 5623/5623 5658/5658 5625/5625
f 4165/4165 4168/4168 4160/4160
f 3754/3754 3740/3740 3747/3747
f 4380/4380 4384/4384 4378/4378
f 2912/2912 2898/2898 2893/2893
f 1347/1347 1345/1345 1360/1360
f 1699/1699 1686/1686 1685/1685
f 1686/1686 1687/1687 1679/1679
f 1679/1679 1687/1687 1675/1675
f 1675/1675 1687/1687 1673/1673
f 1673/1673 1681/1681 1676/1676
f 5651/5651 5669/5669 5668/5668
f 1674/1674 1676/1676 1677/1677
f 2975/2975 2996/2996 2941/2941
f 5700/5700 5633/5633 5658/5658
f 5624/5624 5625/5625 5626/5626
f 5624/5624 5662/5662 5663/5663
f 4168/4168 4182/4182 4167/4167
f 2906/2906 2900/2900 2905/2905
f 2900/2900 2902/2902 2905/2905
f 4387/4387 4388/4388 4385/4385
f 3747/3747 3737/3737 3745/3745
f 3745/3745 3737/3737 3746/3746
f 2899/2899 2900/2900 2906/2906
f 3740/3740 3737/3737 3747/3747
f 4385/4385 4384/4384 4380/4380
f 2894/2894 2897/2897 2899/2899
f 2893/2893 2896/2896 2894/2894
f 2896/2896 2897/2897 2894/2894
f 4384/4384 4386/4386 4378/4378
f 38/38 44/44 39/39
f 5112/5112 5113/5113 5102/5102
f 5101/5101 5102/5102 5103/5103
f 5103/5103 5102/5102 5104/5104
f 5103/5103 5104/5104 5105/5105
f 5105/5105 5106/5106 5110/5110
f 5216/5216 5223/5223 5219/5219
f 5216/5216 5219/5219 5217/5217
f 1703/1703 1686/1686 1699/1699
f 1360/1360 1345/1345 1351/1351
f 1687/1687 1694/1694 1673/1673
f 1694/1694 1681/1681 1673/1673
f 5668/5668 5669/5669 5670/5670
f 5670/5670 5671/5671 5668/5668
f 5668/5668 5671/5671 5700/5700
f 1677/1677 1682/1682 1710/1710
f 5755/5755 5756/5756 5757/5757
f 5631/5631 5633/5633 5700/5700
f 5633/5633 5625/5625 5658/5658
f 5633/5633 5627/5627 5625/5625
f 5625/5625 5627/5627 5626/5626
f 5626/5626 5656/5656 5624/5624
f 5624/5624 5656/5656 5662/5662
f 3625/3625 3619/3619 3615/3615
f 3625/3625 3615/3615 3621/3621
f 4167/4167 4181/4181 4159/4159
f 3746/3746 3739/3739 3751/3751
f 3739/3739 3750/3750 3751/3751
f 3737/3737 3739/3739 3746/3746
f 3740/3740 3729/3729 3737/3737
f 71/71 70/70 36/36
f 36/36 70/70 38/38
f 999/999 1010/1010 1015/1015
f 5102/5102 5113/5113 5104/5104
f 5104/5104 5106/5106 5105/5105
f 1347/1347 1348/1348 1346/1346
f 1347/1347 1346/1346 1345/1345
f 1703/1703 1702/1702 1686/1686
f 1345/1345 1342/1342 1351/1351
f 1702/1702 1700/1700 1686/1686
f 1351/1351 1342/1342 1352/1352
f 1700/1700 1687/1687 1686/1686
f 1687/1687 1700/1700 1694/1694
f 1681/1681 1680/1680 1676/1676
f 1680/1680 1678/1678 1676/1676
f 1676/1676 1678/1678 1677/1677
f 5631/5631 5627/5627 5633/5633
f 4297/4297 4296/4296 4298/4298
f 4536/4536 4532/4532 4535/4535
f 4535/4535 4532/4532 4531/4531
f 4531/4531 4532/4532 4530/4530
f 3743/3743 3732/3732 3735/3735
f 2897/2897 2896/2896 2917/2917
f 4385/4385 4386/4386 4384/4384
f 988/988 994/994 1006/1006
f 997/997 999/999 1014/1014
f 1006/1006 1004/1004 1016/1016
f 5104/5104 5108/5108 5106/5106
f 1379/1379 1384/1384 1383/1383
f 1017/1017 1000/1000 1014/1014
f 1380/1380 1398/1398 1375/1375
f 1346/1346 1344/1344 1345/1345
f 1345/1345 1344/1344 1342/1342
f 1352/1352 1338/1338 1356/1356
f 2407/2407 2422/2422 2425/2425
f 1677/1677 1678/1678 1682/1682
f 4295/4295 4296/4296 4297/4297
f 4223/4223 4215/4215 4224/4224
f 5627/5627 5628/5628 5626/5626
f 5629/5629 5656/5656 5626/5626
f 5626/5626 5628/5628 5629/5629
f 4532/4532 4533/4533 4530/4530
f 4533/4533 4524/4524 4530/4530
f 3614/3614 3612/3612 3610/3610
f 3609/3609 3618/3618 3621/3621
f 4523/4523 4524/4524 4525/4525
f 3614/3614 3610/3610 3619/3619
f 3619/3619 3610/3610 3615/3615
f 3615/3615 3609/3609 3621/3621
f 4523/4523 4525/4525 4526/4526
f 3732/3732 3733/3733 3730/3730
f 3732/3732 3730/3730 3729/3729
f 2900/2900 2901/2901 2902/2902
f 3744/3744 3741/3741 3743/3743
f 3743/3743 3741/3741 3732/3732
f 3734/3734 3738/3738 3737/3737
f 2917/2917 2901/2901 2897/2897
f 2897/2897 2901/2901 2900/2900
f 1006/1006 994/994 1004/1004
f 1000/1000 997/997 1014/1014
f 1016/1016 1004/1004 1005/1005
f 5108/5108 5109/5109 5106/5106
f 5106/5106 5109/5109 5111/5111
f 1346/1346 1350/1350 1344/1344
f 1352/1352 1342/1342 1338/1338
f 1700/1700 1696/1696 1694/1694
f 1696/1696 1681/1681 1694/1694
f 1356/1356 1338/1338 1334/1334
f 1356/1356 1334/1334 1359/1359
f 1359/1359 1334/1334 1337/1337
f 1359/1359 1337/1337 1362/1362
f 1362/1362 1337/1337 1340/1340
f 5631/5631 5630/5630 5627/5627
f 4305/4305 4300/4300 4295/4295
f 4300/4300 4299/4299 4295/4295
f 4295/4295 4299/4299 4296/4296
f 4217/4217 4216/4216 4213/4213
f 4217/4217 4213/4213 4223/4223
f 4213/4213 4215/4215 4223/4223
f 1122/1122 1125/1125 1126/1126
f 3609/3609 3617/3617 3618/3618
f 4524/4524 4534/4534 4525/4525
f 3610/3610 3607/3607 3615/3615
f 3615/3615 3607/3607 3609/3609
f 3733/3733 3736/3736 3730/3730
f 4145/4145 4147/4147 4151/4151
f 4525/4525 4534/4534 4526/4526
f 2901/2901 2903/2903 2902/2902
f 2902/2902 2903/2903 2904/2904
f 994/994 980/980 1004/1004
f 980/980 986/986 1005/1005
f 1004/1004 980/980 1005/1005
f 1005/1005 986/986 1000/1000
f 986/986 981/981 1000/1000
f 1000/1000 981/981 997/997
f 1703/1703 1701/1701 1702/1702
f 1702/1702 1701/1701 1700/1700
f 1701/1701 1698/1698 1700/1700
f 1124/1124 1119/1119 1123/1123
f 1700/1700 1698/1698 1696/1696
f 1342/1342 1335/1335 1338/1338
f 1123/1123 1119/1119 1121/1121
f 1696/1696 1695/1695 1681/1681
f 1121/1121 1119/1119 1118/1118
f 1681/1681 1688/1688 1680/1680
f 1121/1121 1118/1118 1120/1120
f 1692/1692 1682/1682 1691/1691
f 1121/1121 1120/1120 1122/1122
f 1692/1692 1691/1691 1693/1693
f 4225/4225 4216/4216 4217/4217
f 4217/4217 4226/4226 4225/4225
f 1340/1340 1353/1353 1354/1354
f 1354/1354 1353/1353 1355/1355
f 1120/1120 1125/1125 1122/1122
f 5627/5627 5630/5630 5628/5628
f 4216/4216 4218/4218 4214/4214
f 4216/4216 4214/4214 4213/4213
f 4213/4213 4214/4214 4215/4215
f 4218/4218 4219/4219 4214/4214
f 4214/4214 4220/4220 4215/4215
f 4150/4150 4146/4146 4148/4148
f 4219/4219 4221/4221 4220/4220
f 4219/4219 4220/4220 4214/4214
f 4148/4148 4146/4146 4145/4145
f 4221/4221 4222/4222 4220/4220
f 3624/3624 3611/3611 3612/3612
f 3612/3612 3611/3611 3610/3610
f 3608/3608 3616/3616 3609/3609
f 3607/3607 3608/3608 3609/3609
f 3609/3609 3616/3616 3617/3617
f 3610/3610 3608/3608 3607/3607
f 2913/2913 2911/2911 2914/2914
f 4146/4146 4149/4149 4147/4147
f 4145/4145 4146/4146 4147/4147
f 4147/4147 4153/4153 4154/4154
f 2901/2901 2915/2915 2903/2903
f 977/977 980/980 984/984
f 1350/1350 1349/1349 1344/1344
f 1344/1344 1349/1349 1343/1343
f 1344/1344 1343/1343 1342/1342
f 1342/1342 1343/1343 1335/1335
f 1698/1698 1697/1697 1696/1696
f 1338/1338 1335/1335 1334/1334
f 1696/1696 1697/1697 1695/1695
f 1681/1681 1695/1695 1688/1688
f 1334/1334 1336/1336 1337/1337
f 1688/1688 1689/1689 1680/1680
f 1680/1680 1689/1689 1678/1678
f 1689/1689 1690/1690 1678/1678
f 1678/1678 1690/1690 1682/1682
f 1337/1337 1339/1339 1340/1340
f 1682/1682 1690/1690 1691/1691
f 4300/4300 4303/4303 4299/4299
f 1340/1340 1341/1341 1353/1353
f 2991/2991 2999/2999 2985/2985
f 1353/1353 1357/1357 1355/1355
f 2971/2971 2983/2983 2977/2977
f 5630/5630 5632/5632 5628/5628
f 4155/4155 4149/4149 4146/4146
f 1357/1357 1358/1358 1355/1355
f 3624/3624 3622/3622 3611/3611
f 3611/3611 3608/3608 3610/3610
f 3611/3611 3613/3613 3608/3608
f 4149/4149 4153/4153 4147/4147
f 1334/1334 1335/1335 1336/1336
f 1336/1336 1339/1339 1337/1337
f 1120/1120 1118/1118 1117/1117
f 1340/1340 1339/1339 1341/1341
f 1690/1690 1713/1713 1691/1691
f 2983/2983 2980/2980 2977/2977
f 5628/5628 5632/5632 5655/5655
f 3608/3608 3620/3620 3616/3616
f 3611/3611 3622/3622 3613/3613
f 3613/3613 3620/3620 3608/3608
f 3226/3226 3229/3229 3230/3230
f 3225/3225 3229/3229 3226/3226
f 3224/3224 3225/3225 3226/3226
f 4868/4868 4869/4869 4870/4870
f 3231/3231 3235/3235 3225/3225
f 4868/4868 4866/4866 4869/4869
f 3231/3231 3225/3225 3227/3227
f 3227/3227 3225/3225 3224/3224
f 4049/4049 4052/4052 4053/4053
f 4561/4561 4562/4562 4563/4563
f 4564/4564 4561/4561 4563/4563
f 5974/5974 5971/5971 5973/5973
f 4108/4108 4118/4118 4117/4117
f 3242/3242 3241/3241 3244/3244
f 3249/3249 3242/3242 3244/3244
f 181/181 182/182 149/149
f 1440/1440 1420/1420 1429/1429
f 3227/3227 3224/3224 3228/3228
f 4566/4566 4565/4565 4564/4564
f 4049/4049 4037/4037 4036/4036
f 4867/4867 4865/4865 4866/4866
f 4866/4866 4865/4865 4859/4859
f 5980/5980 5981/5981 5982/5982
f 5966/5966 5967/5967 5968/5968
f 5982/5982 5981/5981 5983/5983
f 3239/3239 3238/3238 3241/3241
f 3238/3238 3239/3239 3236/3236
f 5968/5968 5970/5970 5966/5966
f 5968/5968 5967/5967 5969/5969
f 3242/3242 3239/3239 3241/3241
f 149/149 182/182 123/123
f 123/123 182/182 160/160
f 4106/4106 4113/4113 4103/4103
f 1764/1764 1766/1766 1774/1774
f 4567/4567 4568/4568 4565/4565
f 4865/4865 4864/4864 4862/4862
f 4865/4865 4862/4862 4860/4860
f 3237/3237 3240/3240 3238/3238
f 4034/4034 4036/4036 4037/4037
f 3236/3236 3237/3237 3238/3238
f 1772/1772 1771/1771 1783/1783
f 4852/4852 4856/4856 4853/4853
f 4852/4852 4853/4853 4854/4854
f 3239/3239 3243/3243 3236/3236
f 149/149 123/123 91/91
f 162/162 181/181 135/135
f 135/135 181/181 149/149
f 145/145 160/160 187/187
f 4081/4081 4106/4106 4095/4095
f 4106/4106 4103/4103 4095/4095
f 4047/4047 4049/4049 4044/4044
f 4049/4049 4036/4036 4035/4035
f 4044/4044 4049/4049 4035/4035
f 4103/4103 4116/4116 4104/4104
f 4035/4035 4036/4036 4034/4034
f 3247/3247 3237/3237 3248/3248
f 3237/3237 3236/3236 3248/3248
f 4350/4350 4351/4351 4348/4348
f 135/135 149/149 91/91
f 91/91 123/123 95/95
f 123/123 145/145 95/95
f 145/145 187/187 186/186
f 4048/4048 4046/4046 4039/4039
f 4046/4046 4047/4047 4045/4045
f 4035/4035 4034/4034 4032/4032
f 4025/4025 4034/4034 4030/4030
f 5280/5280 5286/5286 5285/5285
f 4324/4324 4335/4335 4330/4330
f 4352/4352 4350/4350 4347/4347
f 4353/4353 4352/4352 4347/4347
f 4330/4330 4335/4335 4332/4332
f 4347/4347 4350/4350 4348/4348
f 93/93 162/162 135/135
f 145/145 186/186 117/117
f 151/151 193/193 162/162
f 1446/1446 1448/1448 1455/1455
f 1449/1449 1442/1442 1450/1450
f 4023/4023 4048/4048 4039/4039
f 4080/4080 4081/4081 4100/4100
f 4095/4095 4096/4096 4094/4094
f 4357/4357 4347/4347 4349/4349
f 4347/4347 4348/4348 4349/4349
f 4349/4349 4348/4348 4355/4355
f 4355/4355 4348/4348 4356/4356
f 4341/4341 4343/4343 4340/4340
f 93/93 135/135 91/91
f 95/95 145/145 117/117
f 151/151 162/162 93/93
f 243/243 241/241 230/230
f 229/229 241/241 252/252
f 4021/4021 4023/4023 4028/4028
f 4075/4075 4100/4100 4093/4093
f 4028/4028 4023/4023 4039/4039
f 4028/4028 4039/4039 4033/4033
f 4017/4017 4033/4033 4032/4032
f 5281/5281 5280/5280 5278/5278
f 5279/5279 5280/5280 5284/5284
f 5284/5284 5280/5280 5285/5285
f 4041/4041 4026/4026 4040/4040
f 4362/4362 4355/4355 4356/4356
f 4363/4363 4362/4362 4356/4356
f 244/244 243/243 219/219
f 219/219 243/243 230/230
f 4074/4074 4077/4077 4079/4079
f 4014/4014 4020/4020 4015/4015
f 4078/4078 4088/4088 4087/4087
f 5283/5283 5281/5281 5282/5282
f 1763/1763 1755/1755 1759/1759
f 5258/5258 5279/5279 5284/5284
f 5264/5264 5284/5284 5285/5285
f 5272/5272 5264/5264 5285/5285
f 95/95 117/117 89/89
f 254/254 244/244 219/219
f 219/219 230/230 229/229
f 220/220 229/229 252/252
f 4099/4099 4083/4083 4082/4082
f 2182/2182 2206/2206 2176/2176
f 2176/2176 2206/2206 2208/2208
f 5282/5282 5281/5281 5278/5278
f 1761/1761 1768/1768 1759/1759
f 5278/5278 5279/5279 5267/5267
f 5267/5267 5279/5279 5265/5265
f 5265/5265 5279/5279 5262/5262
f 5279/5279 5258/5258 5262/5262
f 5295/5295 5296/5296 5297/5297
f 5298/5298 5295/5295 5297/5297
f 5260/5260 5259/5259 5264/5264
f 2765/2765 2763/2763 2764/2764
f 1856/1856 1880/1880 1866/1866
f 4362/4362 4367/4367 4355/4355
f 2803/2803 2799/2799 2801/2801
f 4367/4367 4362/4362 4366/4366
f 2803/2803 2804/2804 2760/2760
f 2802/2802 2801/2801 2800/2800
f 4366/4366 4362/4362 4363/4363
f 4365/4365 4366/4366 4363/4363
f 89/89 117/117 125/125
f 219/219 229/229 220/220
f 2193/2193 2204/2204 2180/2180
f 2204/2204 2183/2183 2180/2180
f 2180/2180 2183/2183 2175/2175
f 2175/2175 2183/2183 2182/2182
f 2175/2175 2182/2182 2176/2176
f 2197/2197 2176/2176 2208/2208
f 5282/5282 5278/5278 5277/5277
f 5277/5277 5278/5278 5270/5270
f 1787/1787 1761/1761 1760/1760
f 5278/5278 5267/5267 5270/5270
f 5257/5257 5264/5264 5263/5263
f 2750/2750 2753/2753 2751/2751
f 2053/2053 2078/2078 2069/2069
f 2763/2763 2750/2750 2764/2764
f 5268/5268 5272/5272 5273/5273
f 2801/2801 2799/2799 2800/2800
f 2194/2194 2214/2214 2193/2193
f 2190/2190 2193/2193 2180/2180
f 2179/2179 2180/2180 2175/2175
f 2173/2173 2175/2175 2176/2176
f 2173/2173 2176/2176 2197/2197
f 2171/2171 2197/2197 2208/2208
f 2216/2216 2171/2171 2208/2208
f 5269/5269 5270/5270 5267/5267
f 5267/5267 5266/5266 5269/5269
f 2053/2053 2069/2069 2050/2050
f 2760/2760 2757/2757 2790/2790
f 2799/2799 2792/2792 2800/2800
f 2805/2805 2807/2807 2760/2760
f 2190/2190 2180/2180 2189/2189
f 2189/2189 2180/2180 2186/2186
f 2186/2186 2180/2180 2181/2181
f 2180/2180 2179/2179 2181/2181
f 2179/2179 2175/2175 2178/2178
f 2174/2174 2175/2175 2173/2173
f 2056/2056 2068/2068 2066/2066
f 2171/2171 2173/2173 2197/2197
f 2207/2207 2171/2171 2216/2216
f 2207/2207 2216/2216 2219/2219
f 5266/5266 5268/5268 5271/5271
f 2762/2762 2753/2753 2772/2772
f 5271/5271 5268/5268 5275/5275
f 2757/2757 2777/2777 2790/2790
f 2759/2759 2757/2757 2760/2760
f 2792/2792 2791/2791 2800/2800
f 1850/1850 1855/1855 1844/1844
f 2759/2759 2760/2760 2807/2807
f 254/254 219/219 246/246
f 219/219 220/220 218/218
f 2192/2192 2194/2194 2193/2193
f 2193/2193 2190/2190 2192/2192
f 2192/2192 2190/2190 2191/2191
f 2191/2191 2190/2190 2189/2189
f 2189/2189 2186/2186 2188/2188
f 2186/2186 2181/2181 2187/2187
f 2181/2181 2179/2179 2178/2178
f 2177/2177 2178/2178 2175/2175
f 2174/2174 2173/2173 2170/2170
f 2170/2170 2173/2173 2171/2171
f 2170/2170 2171/2171 2172/2172
f 2171/2171 2207/2207 2198/2198
f 2198/2198 2207/2207 2209/2209
f 2207/2207 2219/2219 2209/2209
f 5269/5269 5266/5266 5271/5271
f 2751/2751 2755/2755 2757/2757
f 2780/2780 2790/2790 2777/2777
f 5271/5271 5275/5275 5287/5287
f 1851/1851 1850/1850 1841/1841
f 91/91 95/95 89/89
f 218/218 220/220 234/234
f 2187/2187 2188/2188 2186/2186
f 2205/2205 2187/2187 2181/2181
f 2205/2205 2181/2181 2178/2178
f 2177/2177 2175/2175 2174/2174
f 3958/3958 3971/3971 3925/3925
f 3918/3918 3962/3962 3919/3919
f 3918/3918 3919/3919 3917/3917
f 3916/3916 3918/3918 3917/3917
f 2172/2172 2171/2171 2198/2198
f 1134/1134 1135/1135 1136/1136
f 1137/1137 1134/1134 1136/1136
f 2209/2209 2219/2219 2218/2218
f 1142/1142 1137/1137 1136/1136
f 2210/2210 2209/2209 2218/2218
f 2210/2210 2218/2218 2217/2217
f 3915/3915 3960/3960 3916/3916
f 2210/2210 2217/2217 2203/2203
f 2211/2211 2203/2203 2217/2217
f 3873/3873 3874/3874 3870/3870
f 142/142 151/151 93/93
f 228/228 219/219 216/216
f 2072/2072 2076/2076 2084/2084
f 2191/2191 2189/2189 2213/2213
f 2213/2213 2189/2189 2188/2188
f 1489/1489 1499/1499 1487/1487
f 3919/3919 3958/3958 3925/3925
f 3917/3917 3919/3919 3920/3920
f 1139/1139 1138/1138 1134/1134
f 1134/1134 1138/1138 1135/1135
f 4374/4374 4369/4369 4371/4371
f 1139/1139 1134/1134 1141/1141
f 1141/1141 1134/1134 1137/1137
f 1141/1141 1137/1137 1142/1142
f 5251/5251 5252/5252 5253/5253
f 4984/4984 4985/4985 4982/4982
f 2201/2201 2209/2209 2210/2210
f 2198/2198 2209/2209 2201/2201
f 3916/3916 3917/3917 3892/3892
f 3915/3915 3916/3916 3892/3892
f 2201/2201 2210/2210 2203/2203
f 2201/2201 2203/2203 2202/2202
f 2202/2202 2203/2203 2211/2211
f 3880/3880 3915/3915 3892/3892
f 5288/5288 5287/5287 5275/5275
f 3874/3874 3880/3880 3875/3875
f 3870/3870 3874/3874 3875/3875
f 3870/3870 3875/3875 3871/3871
f 1520/1520 1519/1519 1493/1493
f 1491/1491 1489/1489 1490/1490
f 3825/3825 3826/3826 3824/3824
f 3942/3942 3930/3930 3927/3927
f 1483/1483 1494/1494 1496/1496
f 3925/3925 3942/3942 3927/3927
f 3925/3925 3927/3927 3926/3926
f 2196/2196 2177/2177 2174/2174
f 3925/3925 3926/3926 3924/3924
f 3919/3919 3925/3925 3924/3924
f 2184/2184 2170/2170 2172/2172
f 3919/3919 3924/3924 3921/3921
f 3920/3920 3919/3919 3921/3921
f 3920/3920 3921/3921 3922/3922
f 3922/3922 3921/3921 3923/3923
f 3920/3920 3922/3922 3940/3940
f 2172/2172 2198/2198 2199/2199
f 4373/4373 4371/4371 4370/4370
f 2199/2199 2198/2198 2200/2200
f 3892/3892 3917/3917 3952/3952
f 3892/3892 3952/3952 3953/3953
f 3952/3952 3957/3957 3953/3953
f 2200/2200 2198/2198 2201/2201
f 2200/2200 2201/2201 2202/2202
f 3880/3880 3892/3892 3881/3881
f 2215/2215 2202/2202 2211/2211
f 1853/1853 1865/1865 1848/1848
f 2215/2215 2211/2211 2220/2220
f 3880/3880 3881/3881 3875/3875
f 3875/3875 3881/3881 3886/3886
f 3875/3875 3886/3886 3877/3877
f 3875/3875 3877/3877 3876/3876
f 3871/3871 3875/3875 3876/3876
f 5302/5302 5303/5303 5304/5304
f 3831/3831 3868/3868 3832/3832
f 3832/3832 3830/3830 3831/3831
f 3831/3831 3830/3830 3827/3827
f 3830/3830 3828/3828 3827/3827
f 3828/3828 3826/3826 3829/3829
f 3829/3829 3826/3826 3825/3825
f 3825/3825 3824/3824 3821/3821
f 3824/3824 3823/3823 3821/3821
f 3930/3930 3929/3929 3927/3927
f 3928/3928 3927/3927 3929/3929
f 3927/3927 3928/3928 3926/3926
f 1495/1495 1496/1496 1503/1503
f 2196/2196 2174/2174 2195/2195
f 3924/3924 3926/3926 3945/3945
f 2195/2195 2174/2174 2185/2185
f 2185/2185 2174/2174 2170/2170
f 3921/3921 3924/3924 3945/3945
f 3921/3921 3945/3945 3946/3946
f 2185/2185 2170/2170 2184/2184
f 2184/2184 2172/2172 2199/2199
f 4799/4799 4798/4798 4800/4800
f 4796/4796 4797/4797 4798/4798
f 4796/4796 4798/4798 4799/4799
f 4981/4981 4983/4983 4982/4982
f 4981/4981 4982/4982 4978/4978
f 3891/3891 3890/3890 3886/3886
f 3914/3914 3891/3891 3886/3886
f 3886/3886 3890/3890 3887/3887
f 3877/3877 3886/3886 3887/3887
f 3876/3876 3877/3877 3878/3878
f 3938/3938 3939/3939 3935/3935
f 3931/3931 3938/3938 3935/3935
f 3827/3827 3828/3828 3829/3829
f 3931/3931 3932/3932 3929/3929
f 3829/3829 3825/3825 3834/3834
f 3929/3929 3932/3932 3934/3934
f 3834/3834 3825/3825 3821/3821
f 3928/3928 3929/3929 3934/3934
f 3928/3928 3934/3934 3943/3943
f 3926/3926 3928/3928 3943/3943
f 3926/3926 3943/3943 3947/3947
f 5024/5024 5025/5025 5022/5022
f 3921/3921 3946/3946 3949/3949
f 3891/3891 3903/3903 3890/3890
f 3890/3890 3903/3903 3889/3889
f 1510/1510 1514/1514 1515/1515
f 1510/1510 1515/1515 1512/1512
f 3632/3632 3631/3631 3627/3627
f 3890/3890 3889/3889 3887/3887
f 2202/2202 2215/2215 2221/2221
f 3627/3627 3631/3631 3630/3630
f 3627/3627 3630/3630 3628/3628
f 1512/1512 1521/1521 1516/1516
f 1521/1521 1522/1522 1516/1516
f 3876/3876 3878/3878 3879/3879
f 92/92 91/91 89/89
f 228/228 246/246 219/219
f 216/216 219/219 218/218
f 3833/3833 3840/3840 3842/3842
f 3939/3939 3951/3951 3941/3941
f 3833/3833 3842/3842 3831/3831
f 3935/3935 3939/3939 3941/3941
f 3833/3833 3831/3831 3827/3827
f 3833/3833 3827/3827 3835/3835
f 3935/3935 3936/3936 3933/3933
f 3931/3931 3935/3935 3933/3933
f 3835/3835 3827/3827 3829/3829
f 3834/3834 3835/3835 3829/3829
f 3934/3934 3932/3932 3937/3937
f 3934/3934 3948/3948 3944/3944
f 3943/3943 3934/3934 3944/3944
f 5006/5006 5008/5008 5007/5007
f 3819/3819 3821/3821 3820/3820
f 1498/1498 1497/1497 1507/1507
f 3819/3819 3820/3820 3815/3815
f 4801/4801 4796/4796 4799/4799
f 3887/3887 3889/3889 3888/3888
f 3887/3887 3888/3888 3884/3884
f 3877/3877 3887/3887 3884/3884
f 3878/3878 3877/3877 3884/3884
f 3878/3878 3884/3884 3882/3882
f 3879/3879 3878/3878 3882/3882
f 3879/3879 3882/3882 3883/3883
f 3883/3883 3882/3882 3893/3893
f 3883/3883 3893/3893 3898/3898
f 3898/3898 3893/3893 3896/3896
f 3898/3898 3896/3896 3897/3897
f 90/90 93/93 91/91
f 218/218 234/234 231/231
f 3840/3840 3833/3833 3837/3837
f 3935/3935 3941/3941 3936/3936
f 3837/3837 3833/3833 3836/3836
f 3836/3836 3833/3833 3835/3835
f 3838/3838 3836/3836 3835/3835
f 3933/3933 3936/3936 3937/3937
f 3838/3838 3835/3835 3834/3834
f 3932/3932 3933/3933 3937/3937
f 3838/3838 3834/3834 3843/3843
f 3844/3844 3834/3834 3839/3839
f 3839/3839 3834/3834 3821/3821
f 3839/3839 3821/3821 3819/3819
f 3812/3812 3815/3815 3813/3813
f 3813/3813 3816/3816 3814/3814
f 3814/3814 3816/3816 3817/3817
f 3817/3817 3816/3816 3818/3818
f 3634/3634 3632/3632 3627/3627
f 3634/3634 3627/3627 3626/3626
f 3888/3888 3889/3889 3901/3901
f 3626/3626 3627/3627 3628/3628
f 3626/3626 3628/3628 3629/3629
f 3906/3906 3905/3905 3907/3907
f 4987/4987 4989/4989 4988/4988
f 3629/3629 3628/3628 3633/3633
f 3905/3905 3906/3906 3899/3899
f 3895/3895 3905/3905 3899/3899
f 3628/3628 3637/3637 3633/3633
f 3884/3884 3885/3885 3882/3882
f 3882/3882 3885/3885 3893/3893
f 3885/3885 3894/3894 3893/3893
f 3893/3893 3894/3894 3895/3895
f 3893/3893 3895/3895 3896/3896
f 3896/3896 3895/3895 3897/3897
f 3897/3897 3895/3895 3899/3899
f 3936/3936 3941/3941 3954/3954
f 3851/3851 3837/3837 3836/3836
f 3853/3853 3851/3851 3836/3836
f 3937/3937 3936/3936 3954/3954
f 3853/3853 3836/3836 3843/3843
f 3843/3843 3836/3836 3838/3838
f 3937/3937 3954/3954 3955/3955
f 3853/3853 3843/3843 3859/3859
f 3843/3843 3834/3834 3844/3844
f 3843/3843 3844/3844 3845/3845
f 5005/5005 5009/5009 5010/5010
f 3844/3844 3848/3848 3849/3849
f 3846/3846 3844/3844 3849/3849
f 3848/3848 3844/3844 3839/3839
f 3848/3848 3839/3839 3819/3819
f 3850/3850 3848/3848 3812/3812
f 3812/3812 3848/3848 3819/3819
f 3812/3812 3819/3819 3815/3815
f 3812/3812 3813/3813 3814/3814
f 4827/4827 4801/4801 4807/4807
f 3910/3910 3912/3912 3911/3911
f 3817/3817 3858/3858 3814/3814
f 3910/3910 3911/3911 3909/3909
f 3908/3908 3910/3910 3909/3909
f 3901/3901 3900/3900 3884/3884
f 3904/3904 3908/3908 3905/3905
f 3908/3908 3909/3909 3907/3907
f 3905/3905 3908/3908 3907/3907
f 3885/3885 3900/3900 3894/3894
f 3894/3894 3902/3902 3895/3895
f 3895/3895 3902/3902 3904/3904
f 3895/3895 3904/3904 3905/3905
f 89/89 125/125 141/141
f 3841/3841 3840/3840 3837/3837
f 3841/3841 3851/3851 3852/3852
f 3851/3851 3841/3841 3837/3837
f 3847/3847 3859/3859 3843/3843
f 3847/3847 3843/3843 3845/3845
f 3846/3846 3845/3845 3844/3844
f 3849/3849 3848/3848 3850/3850
f 3850/3850 3812/3812 3854/3854
f 5393/5393 5409/5409 5369/5369
f 5393/5393 5369/5369 5368/5368
f 3854/3854 3812/3812 3855/3855
f 3855/3855 3812/3812 3814/3814
f 3856/3856 3855/3855 3814/3814
f 3857/3857 3856/3856 3814/3814
f 3858/3858 3857/3857 3814/3814
f 4446/4446 4447/4447 4448/4448
f 3912/3912 3913/3913 3911/3911
f 5469/5469 5470/5470 5471/5471
f 4814/4814 4812/4812 4815/4815
f 3964/3964 3965/3965 3912/3912
f 3964/3964 3912/3912 3910/3910
f 3964/3964 3910/3910 3908/3908
f 3963/3963 3964/3964 3908/3908
f 3634/3634 3626/3626 3635/3635
f 3963/3963 3908/3908 3904/3904
f 3966/3966 3963/3963 3904/3904
f 3635/3635 3626/3626 3629/3629
f 3629/3629 3633/3633 3636/3636
f 5392/5392 5424/5424 5353/5353
f 3867/3867 3841/3841 3852/3852
f 3860/3860 3847/3847 3864/3864
f 3864/3864 3847/3847 3845/3845
f 5402/5402 5405/5405 5399/5399
f 5399/5399 5400/5400 5398/5398
f 5401/5401 5400/5400 5419/5419
f 5330/5330 5368/5368 5369/5369
f 5330/5330 5369/5369 5414/5414
f 5414/5414 5369/5369 5422/5422
f 5414/5414 5422/5422 5431/5431
f 5414/5414 5431/5431 5346/5346
f 5346/5346 5431/5431 5415/5415
f 5364/5364 5416/5416 5363/5363
f 5416/5416 5418/5418 5394/5394
f 5363/5363 5416/5416 5394/5394
f 142/142 93/93 94/94
f 3867/3867 3852/3852 3869/3869
f 5404/5404 5402/5402 5403/5403
f 4833/4833 4835/4835 4834/4834
f 4831/4831 4849/4849 4833/4833
f 5420/5420 5393/5393 5324/5324
f 5324/5324 5393/5393 5368/5368
f 5472/5472 5469/5469 5471/5471
f 4/4 5/5 6/6
f 2712/2712 2716/2716 2698/2698
f 5361/5361 5364/5364 5360/5360
f 5360/5360 5364/5364 5363/5363
f 2696/2696 2712/2712 2698/2698
f 2696/2696 2698/2698 2697/2697
f 5363/5363 5394/5394 5365/5365
f 2708/2708 2696/2696 2692/2692
f 4890/4890 4893/4893 4891/4891
f 90/90 91/91 92/92
f 5352/5352 5353/5353 5343/5343
f 5438/5438 5404/5404 5413/5413
f 5413/5413 5404/5404 5403/5403
f 5402/5402 5399/5399 5396/5396
f 5403/5403 5402/5402 5396/5396
f 5399/5399 5398/5398 5396/5396
f 5397/5397 5398/5398 5401/5401
f 5324/5324 5368/5368 5330/5330
f 5330/5330 5414/5414 5346/5346
f 2698/2698 2701/2701 2700/2700
f 5415/5415 5361/5361 5357/5357
f 5357/5357 5361/5361 5360/5360
f 2698/2698 2700/2700 2699/2699
f 2697/2697 2698/2698 2699/2699
f 5360/5360 5363/5363 5362/5362
f 2697/2697 2699/2699 2695/2695
f 5362/5362 5363/5363 5365/5365
f 2696/2696 2697/2697 2695/2695
f 2692/2692 2696/2696 2695/2695
f 2692/2692 2695/2695 2691/2691
f 3062/3062 3058/3058 3063/3063
f 2692/2692 2691/2691 2690/2690
f 93/93 90/90 94/94
f 5397/5397 5401/5401 5420/5420
f 5349/5349 5397/5397 5420/5420
f 2709/2709 2710/2710 2704/2704
f 2709/2709 2704/2704 2701/2701
f 2701/2701 2702/2702 2700/2700
f 2700/2700 2702/2702 2703/2703
f 2700/2700 2703/2703 2707/2707
f 5346/5346 5415/5415 5331/5331
f 5331/5331 5415/5415 5357/5357
f 2699/2699 2700/2700 2707/2707
f 5395/5395 5362/5362 5365/5365
f 5395/5395 5365/5365 5425/5425
f 3074/3074 3079/3079 3070/3070
f 2690/2690 2691/2691 2685/2685
f 2690/2690 2685/2685 2687/2687
f 255/255 254/254 246/246
f 4841/4841 4843/4843 4842/4842
f 5349/5349 5420/5420 5324/5324
f 5321/5321 5324/5324 5330/5330
f 2704/2704 2706/2706 2705/2705
f 2701/2701 2704/2704 2702/2702
f 2702/2702 2704/2704 2705/2705
f 5321/5321 5330/5330 5346/5346
f 2703/2703 2702/2702 2705/2705
f 2703/2703 2705/2705 2714/2714
f 4537/4537 4538/4538 4539/4539
f 5360/5360 5362/5362 5359/5359
f 5359/5359 5362/5362 5395/5395
f 2691/2691 2694/2694 2685/2685
f 2687/2687 2685/2685 2684/2684
f 41/41 55/55 67/67
f 5341/5341 5335/5335 5342/5342
f 5354/5354 5335/5335 5332/5332
f 5335/5335 5333/5333 5332/5332
f 5332/5332 5333/5333 5328/5328
f 5349/5349 5396/5396 5397/5397
f 5319/5319 5324/5324 5321/5321
f 2705/2705 2706/2706 2711/2711
f 2705/2705 2711/2711 2713/2713
f 2705/2705 2713/2713 2715/2715
f 5321/5321 5346/5346 5331/5331
f 4537/4537 4539/4539 4545/4545
f 5395/5395 5425/5425 5426/5426
f 2684/2684 2685/2685 2680/2680
f 2684/2684 2680/2680 2682/2682
f 2684/2684 2682/2682 2686/2686
f 5342/5342 5335/5335 5354/5354
f 1316/1316 1324/1324 1323/1323
f 1322/1322 1316/1316 1323/1323
f 5332/5332 5328/5328 5327/5327
f 1311/1311 1316/1316 1322/1322
f 5327/5327 5328/5328 5318/5318
f 1311/1311 1322/1322 1308/1308
f 1308/1308 1322/1322 1332/1332
f 5328/5328 5349/5349 5318/5318
f 1308/1308 1332/1332 1326/1326
f 1307/1307 1308/1308 1326/1326
f 5318/5318 5349/5349 5319/5319
f 4140/4140 4138/4138 4137/4137
f 4560/4560 4557/4557 4558/4558
f 5321/5321 5331/5331 5322/5322
f 2685/2685 2693/2693 2680/2680
f 2680/2680 2678/2678 2682/2682
f 2682/2682 2678/2678 2683/2683
f 2678/2678 2673/2673 2683/2683
f 2683/2683 2673/2673 2676/2676
f 2686/2686 2682/2682 2683/2683
f 2681/2681 2683/2683 2676/2676
f 2686/2686 2683/2683 2681/2681
f 118/118 96/96 88/88
f 96/96 92/92 88/88
f 88/88 92/92 89/89
f 246/246 228/228 212/212
f 216/216 218/218 217/217
f 1324/1324 1320/1320 1327/1327
f 5456/5456 5457/5457 5458/5458
f 5348/5348 5354/5354 5337/5337
f 1324/1324 1327/1327 1323/1323
f 1323/1323 1327/1327 1304/1304
f 5337/5337 5354/5354 5332/5332
f 1323/1323 1304/1304 1328/1328
f 5337/5337 5332/5332 5334/5334
f 1322/1322 1323/1323 1328/1328
f 5332/5332 5327/5327 5334/5334
f 5131/5131 5132/5132 5133/5133
f 5327/5327 5318/5318 5323/5323
f 5134/5134 5131/5131 5133/5133
f 1332/1332 1330/1330 1286/1286
f 1332/1332 1286/1286 1326/1326
f 1307/1307 1326/1326 1292/1292
f 1307/1307 1292/1292 1298/1298
f 1250/1250 1307/1307 1298/1298
f 1244/1244 1250/1250 1298/1298
f 5317/5317 5319/5319 5321/5321
f 5356/5356 5331/5331 5357/5357
f 5356/5356 5357/5357 5358/5358
f 3092/3092 3086/3086 3085/3085
f 4238/4238 4243/4243 4248/4248
f 2680/2680 2679/2679 2678/2678
f 2678/2678 2679/2679 2674/2674
f 2678/2678 2674/2674 2673/2673
f 2673/2673 2674/2674 2675/2675
f 2673/2673 2675/2675 2676/2676
f 2676/2676 2675/2675 2677/2677
f 2676/2676 2677/2677 2681/2681
f 2681/2681 2677/2677 2688/2688
f 97/97 90/90 92/92
f 133/133 92/92 96/96
f 1320/1320 1273/1273 1274/1274
f 5459/5459 5456/5456 5458/5458
f 1304/1304 1327/1327 1274/1274
f 1328/1328 1304/1304 1277/1277
f 1328/1328 1277/1277 1286/1286
f 5370/5370 5334/5334 5327/5327
f 1330/1330 1328/1328 1286/1286
f 5370/5370 5327/5327 5329/5329
f 5329/5329 5327/5327 5323/5323
f 1326/1326 1286/1286 1283/1283
f 1326/1326 1283/1283 1292/1292
f 5317/5317 5318/5318 5319/5319
f 13/13 14/14 15/15
f 5322/5322 5331/5331 5355/5355
f 5355/5355 5331/5331 5356/5356
f 97/97 92/92 127/127
f 87/87 88/88 89/89
f 5456/5456 5459/5459 5460/5460
f 5345/5345 5348/5348 5337/5337
f 5344/5344 5345/5345 5337/5337
f 5334/5334 5344/5344 5337/5337
f 5344/5344 5334/5334 5427/5427
f 5427/5427 5334/5334 5370/5370
f 1285/1285 1292/1292 1284/1284
f 1244/1244 1297/1297 1243/1243
f 5317/5317 5321/5321 5322/5322
f 3150/3150 3146/3146 3162/3162
f 4904/4904 4908/4908 4907/4907
f 4902/4902 4904/4904 4905/4905
f 4901/4901 4902/4902 4905/4905
f 5345/5345 5344/5344 5373/5373
f 5373/5373 5344/5344 5374/5374
f 5344/5344 5427/5427 5374/5374
f 5427/5427 5370/5370 5329/5329
f 5427/5427 5329/5329 5407/5407
f 5329/5329 5323/5323 5336/5336
f 5323/5323 5318/5318 5320/5320
f 1243/1243 1297/1297 1285/1285
f 1245/1245 1243/1243 1285/1285
f 5320/5320 5318/5318 5317/5317
f 5356/5356 5366/5366 5367/5367
f 1660/1660 1667/1667 1661/1661
f 4902/4902 4903/4903 4904/4904
f 4227/4227 4234/4234 4228/4228
f 101/101 97/97 127/127
f 255/255 246/246 248/248
f 217/217 218/218 231/231
f 5374/5374 5427/5427 5407/5407
f 5336/5336 5407/5407 5329/5329
f 5336/5336 5323/5323 5325/5325
f 5325/5325 5323/5323 5320/5320
f 1661/1661 1664/1664 1663/1663
f 1661/1661 1663/1663 1662/1662
f 5356/5356 5367/5367 5355/5355
f 1661/1661 1662/1662 1659/1659
f 4908/4908 4909/4909 4912/4912
f 4909/4909 4904/4904 4910/4910
f 4904/4904 4909/4909 4908/4908
f 4906/4906 4904/4904 4903/4903
f 5314/5314 5315/5315 5316/5316
f 4896/4896 4897/4897 4898/4898
f 1658/1658 1659/1659 1657/1657
f 4901/4901 4898/4898 4902/4902
f 1658/1658 1657/1657 1651/1651
f 150/150 133/133 96/96
f 101/101 127/127 138/138
f 248/248 246/246 212/212
f 5373/5373 5374/5374 5375/5375
f 1287/1287 1282/1282 1281/1281
f 5326/5326 5322/5322 5410/5410
f 5322/5322 5355/5355 5410/5410
f 4910/4910 4911/4911 4909/4909
f 1657/1657 1659/1659 1665/1665
f 4896/4896 4898/4898 4899/4899
f 1651/1651 1653/1653 1643/1643
f 1651/1651 1643/1643 1641/1641
f 1652/1652 1651/1651 1641/1641
f 127/127 133/133 155/155
f 155/155 133/133 150/150
f 150/150 96/96 118/118
f 90/90 97/97 101/101
f 217/217 231/231 232/232
f 5423/5423 5373/5373 5421/5421
f 5421/5421 5373/5373 5384/5384
f 5384/5384 5373/5373 5375/5375
f 5375/5375 5374/5374 5376/5376
f 5376/5376 5374/5374 5407/5407
f 5376/5376 5407/5407 5380/5380
f 1302/1302 1281/1281 1303/1303
f 5347/5347 5325/5325 5320/5320
f 5320/5320 5317/5317 5326/5326
f 5410/5410 5355/5355 5367/5367
f 5410/5410 5367/5367 5411/5411
f 4443/4443 4429/4429 4441/4441
f 2592/2592 2607/2607 2590/2590
f 1641/1641 1643/1643 1640/1640
f 156/156 127/127 155/155
f 138/138 127/127 156/156
f 139/139 142/142 94/94
f 94/94 90/90 99/99
f 99/99 90/90 101/101
f 5452/5452 5455/5455 5453/5453
f 5452/5452 5453/5453 5454/5454
f 5417/5417 5336/5336 5325/5325
f 5325/5325 5347/5347 5417/5417
f 5347/5347 5320/5320 5408/5408
f 5320/5320 5326/5326 5408/5408
f 4916/4916 4915/4915 4920/4920
f 2602/2602 2603/2603 2594/2594
f 2594/2594 2595/2595 2592/2592
f 1640/1640 1650/1650 1649/1649
f 1640/1640 1649/1649 1639/1639
f 1640/1640 1639/1639 1638/1638
f 1641/1641 1640/1640 1638/1638
f 155/155 150/150 159/159
f 122/122 118/118 88/88
f 87/87 89/89 141/141
f 5451/5451 5449/5449 5448/5448
f 5448/5448 5449/5449 5450/5450
f 1639/1639 1655/1655 1631/1631
f 1639/1639 1631/1631 1625/1625
f 1639/1639 1625/1625 1638/1638
f 2594/2594 2592/2592 2591/2591
f 1638/1638 1625/1625 1637/1637
f 150/150 118/118 122/122
f 216/216 217/217 213/213
f 5384/5384 5375/5375 5377/5377
f 5375/5375 5376/5376 5377/5377
f 1265/1265 1266/1266 1293/1293
f 1262/1262 1265/1265 1261/1261
f 1254/1254 1262/1262 1261/1261
f 1203/1203 1254/1254 1261/1261
f 1204/1204 1203/1203 1261/1261
f 5380/5380 5417/5417 5381/5381
f 5381/5381 5417/5417 5387/5387
f 5439/5439 5440/5440 5441/5441
f 5443/5443 5444/5444 5442/5442
f 1625/1625 1631/1631 1626/1626
f 1625/1625 1626/1626 1627/1627
f 1625/1625 1627/1627 1636/1636
f 1637/1637 1625/1625 1636/1636
f 1637/1637 1636/1636 1642/1642
f 159/159 150/150 122/122
f 5428/5428 5423/5423 5421/5421
f 1268/1268 1299/1299 1301/1301
f 1296/1296 1268/1268 1301/1301
f 5378/5378 5379/5379 5386/5386
f 5381/5381 5379/5379 5380/5380
f 5387/5387 5408/5408 5389/5389
f 5439/5439 5441/5441 5442/5442
f 5442/5442 5441/5441 5443/5443
f 5442/5442 5444/5444 5445/5445
f 5445/5445 5444/5444 5446/5446
f 1626/1626 1654/1654 1628/1628
f 1627/1627 1626/1626 1628/1628
f 1627/1627 1628/1628 1629/1629
f 1627/1627 1629/1629 1634/1634
f 1636/1636 1627/1627 1634/1634
f 1642/1642 1636/1636 1634/1634
f 1647/1647 1634/1634 1644/1644
f 1644/1644 1634/1634 1635/1635
f 156/156 155/155 167/167
f 167/167 155/155 159/159
f 871/871 888/888 869/869
f 178/178 138/138 156/156
f 99/99 101/101 128/128
f 128/128 101/101 138/138
f 5429/5429 5428/5428 5406/5406
f 5406/5406 5378/5378 5432/5432
f 5432/5432 5378/5378 5386/5386
f 5386/5386 5379/5379 5382/5382
f 5382/5382 5379/5379 5381/5381
f 5388/5388 5387/5387 5389/5389
f 1628/1628 1648/1648 1630/1630
f 1629/1629 1630/1630 1632/1632
f 1629/1629 1628/1628 1630/1630
f 1629/1629 1632/1632 1633/1633
f 1634/1634 1629/1629 1635/1635
f 1629/1629 1633/1633 1635/1635
f 177/177 156/156 168/168
f 168/168 156/156 167/167
f 84/84 88/88 87/87
f 56/56 41/41 67/67
f 5430/5430 5428/5428 5429/5429
f 5433/5433 5432/5432 5412/5412
f 5432/5432 5386/5386 5412/5412
f 5412/5412 5386/5386 5382/5382
f 5382/5382 5381/5381 5383/5383
f 5381/5381 5387/5387 5383/5383
f 5383/5383 5387/5387 5388/5388
f 1630/1630 1648/1648 1646/1646
f 5445/5445 5446/5446 5447/5447
f 1632/1632 1630/1630 1646/1646
f 2605/2605 2601/2601 2600/2600
f 2605/2605 2600/2600 2604/2604
f 1633/1633 1632/1632 1645/1645
f 2570/2570 2571/2571 2567/2567
f 172/172 159/159 122/122
f 122/122 88/88 84/84
f 228/228 216/216 212/212
f 1560/1560 1569/1569 1549/1549
f 5461/5461 5462/5462 5463/5463
f 5462/5462 5461/5461 5464/5464
f 5435/5435 5433/5433 5434/5434
f 5433/5433 5412/5412 5434/5434
f 1535/1535 1568/1568 1533/1533
f 5412/5412 5382/5382 5385/5385
f 5385/5385 5382/5382 5383/5383
f 1530/1530 1537/1537 1529/1529
f 5388/5388 5389/5389 5390/5390
f 5389/5389 5391/5391 5390/5390
f 1632/1632 1646/1646 1656/1656
f 167/167 159/159 172/172
f 177/177 168/168 206/206
f 188/188 122/122 157/157
f 122/122 84/84 124/124
f 1571/1571 1560/1560 1550/1550
f 1239/1239 1331/1331 1329/1329
f 1549/1549 1550/1550 1560/1560
f 1531/1531 1533/1533 1568/1568
f 1530/1530 1531/1531 1537/1537
f 1529/1529 1537/1537 1536/1536
f 1524/1524 1529/1529 1536/1536
f 4943/4943 4941/4941 4942/4942
f 4943/4943 4942/4942 4944/4944
f 4943/4943 4944/4944 4945/4945
f 1212/1212 1260/1260 1325/1325
f 1524/1524 1536/1536 1538/1538
f 1524/1524 1538/1538 1525/1525
f 1542/1542 1538/1538 1551/1551
f 1542/1542 1551/1551 1553/1553
f 1542/1542 1553/1553 1555/1555
f 3980/3980 3977/3977 3976/3976
f 3980/3980 3976/3976 3981/3981
f 3980/3980 3981/3981 3982/3982
f 889/889 871/871 870/870
f 212/212 216/216 213/213
f 4922/4922 4923/4923 4924/4924
f 4924/4924 4923/4923 4925/4925
f 1544/1544 1550/1550 1549/1549
f 4924/4924 4925/4925 4926/4926
f 4927/4927 4924/4924 4926/4926
f 4931/4931 4924/4924 4927/4927
f 4931/4931 4927/4927 4930/4930
f 1544/1544 1549/1549 1535/1535
f 1534/1534 1544/1544 1535/1535
f 1534/1534 1535/1535 1533/1533
f 1532/1532 1534/1534 1533/1533
f 1532/1532 1533/1533 1531/1531
f 1532/1532 1531/1531 1528/1528
f 1528/1528 1531/1531 1530/1530
f 1528/1528 1530/1530 1529/1529
f 1528/1528 1529/1529 1526/1526
f 1528/1528 1526/1526 1527/1527
f 1526/1526 1529/1529 1524/1524
f 4941/4941 4940/4940 4937/4937
f 4941/4941 4937/4937 4942/4942
f 1523/1523 1526/1526 1524/1524
f 4596/4596 4713/4713 4610/4610
f 1247/1247 1212/1212 1325/1325
f 4728/4728 4725/4725 4604/4604
f 1538/1538 1542/1542 1541/1541
f 1556/1556 1542/1542 1555/1555
f 1542/1542 1556/1556 1545/1545
f 4609/4609 4577/4577 4579/4579
f 4609/4609 4579/4579 4585/4585
f 3982/3982 3981/3981 3983/3983
f 3982/3982 3983/3983 3984/3984
f 3985/3985 3984/3984 3986/3986
f 204/204 172/172 188/188
f 217/217 232/232 233/233
f 1550/1550 1544/1544 1567/1567
f 4928/4928 4927/4927 4926/4926
f 1544/1544 1534/1534 1567/1567
f 4930/4930 4927/4927 4929/4929
f 4927/4927 4928/4928 4929/4929
f 1567/1567 1534/1534 1566/1566
f 1566/1566 1534/1534 1532/1532
f 3554/3554 3557/3557 3555/3555
f 3554/3554 3555/3555 3556/3556
f 3558/3558 3555/3555 3559/3559
f 3556/3556 3555/3555 3558/3558
f 4940/4940 4938/4938 4937/4937
f 4942/4942 4937/4937 4939/4939
f 4710/4710 4711/4711 4611/4611
f 1523/1523 1527/1527 1526/1526
f 1523/1523 1524/1524 1525/1525
f 4727/4727 4728/4728 4604/4604
f 4727/4727 4604/4604 4584/4584
f 1538/1538 1541/1541 1540/1540
f 4608/4608 4727/4727 4584/4584
f 3973/3973 3987/3987 3974/3974
f 1543/1543 1541/1541 1542/1542
f 1545/1545 1543/1543 1542/1542
f 2551/2551 2565/2565 2553/2553
f 206/206 168/168 196/196
f 198/198 172/172 204/204
f 463/463 474/474 424/424
f 424/424 474/474 464/464
f 4930/4930 4929/4929 4932/4932
f 4933/4933 4930/4930 4932/4932
f 4934/4934 4933/4933 4932/4932
f 1233/1233 1211/1211 1242/1242
f 4938/4938 4934/4934 4935/4935
f 4935/4935 4936/4936 4937/4937
f 4938/4938 4935/4935 4937/4937
f 4937/4937 4936/4936 4939/4939
f 1527/1527 1523/1523 1559/1559
f 1539/1539 1523/1523 1525/1525
f 1559/1559 1523/1523 1539/1539
f 4598/4598 4610/4610 4605/4605
f 1539/1539 1525/1525 1540/1540
f 1540/1540 1525/1525 1538/1538
f 1541/1541 1543/1543 1554/1554
f 1546/1546 1543/1543 1545/1545
f 3989/3989 3990/3990 3984/3984
f 1583/1583 1585/1585 1584/1584
f 1583/1583 1584/1584 1582/1582
f 1583/1583 1582/1582 1581/1581
f 196/196 168/168 195/195
f 208/208 177/177 206/206
f 868/868 869/869 846/846
f 99/99 128/128 129/129
f 233/233 232/232 260/260
f 4631/4631 4729/4729 4629/4629
f 4729/4729 4631/4631 4712/4712
f 4935/4935 4934/4934 4932/4932
f 4935/4935 4932/4932 4936/4936
f 4730/4730 4729/4729 4712/4712
f 4730/4730 4712/4712 4711/4711
f 3556/3556 3558/3558 3560/3560
f 3558/3558 3585/3585 3562/3562
f 1559/1559 1539/1539 1558/1558
f 1558/1558 1539/1539 1540/1540
f 2542/2542 2541/2541 2532/2532
f 2532/2532 2541/2541 2534/2534
f 2534/2534 2541/2541 2544/2544
f 1554/1554 1543/1543 1552/1552
f 1552/1552 1543/1543 1546/1546
f 1547/1547 1546/1546 1545/1545
f 198/198 204/204 210/210
f 449/449 463/463 424/424
f 892/892 889/889 870/870
f 3567/3567 3564/3564 3566/3566
f 3566/3566 3564/3564 3565/3565
f 3554/3554 3556/3556 3560/3560
f 3560/3560 3558/3558 3562/3562
f 3562/3562 3585/3585 3583/3583
f 1558/1558 1540/1540 1565/1565
f 2533/2533 2542/2542 2532/2532
f 1554/1554 1552/1552 1572/1572
f 1572/1572 1552/1552 1557/1557
f 1557/1557 1552/1552 1548/1548
f 1548/1548 1552/1552 1546/1546
f 1548/1548 1546/1546 1547/1547
f 5799/5799 5794/5794 5796/5796
f 5799/5799 5796/5796 5800/5800
f 1581/1581 1582/1582 1578/1578
f 1581/1581 1578/1578 1580/1580
f 1580/1580 1578/1578 1577/1577
f 4572/4572 4573/4573 4574/4574
f 1098/1098 1107/1107 1105/1105
f 1105/1105 1106/1106 1092/1092
f 804/804 868/868 846/846
f 158/158 157/157 124/124
f 3565/3565 3564/3564 3563/3563
f 3564/3564 3557/3557 3563/3563
f 3563/3563 3557/3557 3561/3561
f 2534/2534 2545/2545 2546/2546
f 1579/1579 1573/1573 1575/1575
f 1570/1570 1573/1573 1548/1548
f 1570/1570 1548/1548 1547/1547
f 1575/1575 1573/1573 1574/1574
f 1574/1574 1573/1573 1570/1570
f 1578/1578 1575/1575 1577/1577
f 1577/1577 1575/1575 1576/1576
f 1575/1575 1574/1574 1576/1576
f 424/424 464/464 455/455
f 892/892 870/870 865/865
f 238/238 248/248 212/212
f 5082/5082 5083/5083 5084/5084
f 3561/3561 3554/3554 3560/3560
f 3560/3560 3562/3562 3568/3568
f 3562/3562 3583/3583 3568/3568
f 3568/3568 3583/3583 3584/3584
f 2533/2533 2532/2532 2527/2527
f 2527/2527 2532/2532 2531/2531
f 2531/2531 2534/2534 2537/2537
f 1562/1562 1561/1561 1563/1563
f 1561/1561 1562/1562 1557/1557
f 1561/1561 1557/1557 1548/1548
f 1579/1579 1587/1587 1573/1573
f 1586/1586 1579/1579 1578/1578
f 1578/1578 1579/1579 1575/1575
f 1092/1092 1106/1106 1116/1116
f 492/492 449/449 447/447
f 449/449 424/424 392/392
f 392/392 424/424 412/412
f 412/412 424/424 455/455
f 455/455 464/464 465/465
f 158/158 124/124 83/83
f 251/251 255/255 248/248
f 259/259 233/233 260/260
f 3586/3586 3567/3567 3566/3566
f 4592/4592 4598/4598 4597/4597
f 2530/2530 2533/2533 2527/2527
f 5822/5822 5823/5823 5821/5821
f 1564/1564 1562/1562 1563/1563
f 5026/5026 5027/5027 5028/5028
f 447/447 449/449 392/392
f 3563/3563 3561/3561 3572/3572
f 3561/3561 3560/3560 3569/3569
f 3572/3572 3561/3561 3569/3569
f 4599/4599 4612/4612 4613/4613
f 3569/3569 3560/3560 3568/3568
f 3569/3569 3568/3568 3570/3570
f 2526/2526 2530/2530 2527/2527
f 2527/2527 2531/2531 2529/2529
f 2529/2529 2531/2531 2535/2535
f 2531/2531 2537/2537 2536/2536
f 2537/2537 2543/2543 2538/2538
f 5026/5026 5028/5028 5029/5029
f 1064/1064 1021/1021 1060/1060
f 98/98 94/94 99/99
f 83/83 124/124 84/84
f 3566/3566 3565/3565 3571/3571
f 3565/3565 3563/3563 3571/3571
f 3575/3575 3563/3563 3572/3572
f 3572/3572 3569/3569 3578/3578
f 2526/2526 2527/2527 2528/2528
f 2528/2528 2527/2527 2529/2529
f 4699/4699 4700/4700 4698/4698
f 2535/2535 2531/2531 2536/2536
f 2537/2537 2538/2538 2536/2536
f 1075/1075 1092/1092 1100/1100
f 1100/1100 1092/1092 1115/1115
f 3566/3566 3571/3571 3573/3573
f 3581/3581 3569/3569 3570/3570
f 3581/3581 3570/3570 3582/3582
f 4699/4699 4698/4698 4603/4603
f 2536/2536 2538/2538 2539/2539
f 2539/2539 2538/2538 2540/2540
f 1070/1070 1058/1058 1066/1066
f 1061/1061 1042/1042 1057/1057
f 1082/1082 1066/1066 1069/1069
f 1101/1101 1069/1069 1097/1097
f 1069/1069 1064/1064 1097/1097
f 864/864 868/868 796/796
f 3573/3573 3571/3571 3574/3574
f 3587/3587 3573/3573 3574/3574
f 3574/3574 3571/3571 3575/3575
f 3574/3574 3575/3575 3576/3576
f 3576/3576 3575/3575 3577/3577
f 3575/3575 3578/3578 3577/3577
f 3577/3577 3578/3578 3579/3579
f 3579/3579 3578/3578 3580/3580
f 3580/3580 3578/3578 3581/3581
f 3580/3580 3581/3581 3582/3582
f 4602/4602 4600/4600 4726/4726
f 4603/4603 4602/4602 4726/4726
f 1144/1144 1147/1147 1145/1145
f 1145/1145 1147/1147 1150/1150
f 1145/1145 1150/1150 1149/1149
f 4699/4699 4603/4603 4726/4726
f 1149/1149 1150/1150 1151/1151
f 1152/1152 1149/1149 1151/1151
f 1077/1077 1056/1056 1079/1079
f 423/423 472/472 462/462
f 398/398 462/462 457/457
f 398/398 457/457 402/402
f 402/402 457/457 458/458
f 1096/1096 1068/1068 1099/1099
f 447/447 392/392 388/388
f 446/446 447/447 388/388
f 99/99 129/129 116/116
f 1174/1174 1177/1177 1176/1176
f 1174/1174 1176/1176 1175/1175
f 1174/1174 1175/1175 1172/1172
f 3588/3588 3574/3574 3576/3576
f 3588/3588 3576/3576 3577/3577
f 4601/4601 4613/4613 4630/4630
f 1160/1160 1161/1161 1144/1144
f 4637/4637 4600/4600 4635/4635
f 1143/1143 1160/1160 1144/1144
f 4726/4726 4600/4600 4637/4637
f 1146/1146 1143/1143 1145/1145
f 1143/1143 1146/1146 1182/1182
f 1143/1143 1144/1144 1145/1145
f 4726/4726 4637/4637 4703/4703
f 5235/5235 5236/5236 5237/5237
f 1146/1146 1148/1148 1164/1164
f 1146/1146 1145/1145 1148/1148
f 1148/1148 1145/1145 1149/1149
f 5238/5238 5235/5235 5237/5237
f 5238/5238 5237/5237 5239/5239
f 4732/4732 4703/4703 4702/4702
f 1156/1156 1148/1148 1149/1149
f 1156/1156 1149/1149 1153/1153
f 1149/1149 1152/1152 1153/1153
f 1153/1153 1152/1152 1154/1154
f 1153/1153 1154/1154 1155/1155
f 3039/3039 3051/3051 3034/3034
f 3034/3034 3051/3051 3033/3033
f 3033/3033 3051/3051 3053/3053
f 830/830 848/848 829/829
f 1083/1083 1070/1070 1104/1104
f 1070/1070 1082/1082 1103/1103
f 1104/1104 1070/1070 1103/1103
f 423/423 462/462 398/398
f 398/398 402/402 370/370
f 402/402 458/458 437/437
f 437/437 470/470 420/420
f 87/87 141/141 136/136
f 251/251 248/248 238/238
f 238/238 212/212 211/211
f 2643/2643 2634/2634 2632/2632
f 2632/2632 2634/2634 2627/2627
f 1181/1181 1177/1177 1174/1174
f 2642/2642 2643/2643 2632/2632
f 1180/1180 1181/1181 1174/1174
f 1180/1180 1174/1174 1173/1173
f 2642/2642 2632/2632 2630/2630
f 2630/2630 2632/2632 2626/2626
f 2630/2630 2626/2626 2629/2629
f 1173/1173 1174/1174 1172/1172
f 2630/2630 2629/2629 2631/2631
f 1173/1173 1172/1172 1171/1171
f 1179/1179 1180/1180 1173/1173
f 2642/2642 2630/2630 2633/2633
f 2644/2644 2642/2642 2633/2633
f 1178/1178 1179/1179 1173/1173
f 1186/1186 1179/1179 1178/1178
f 1186/1186 1178/1178 1185/1185
f 1178/1178 1173/1173 1171/1171
f 1178/1178 1171/1171 1170/1170
f 1171/1171 1172/1172 1169/1169
f 1170/1170 1171/1171 1169/1169
f 2644/2644 2633/2633 2646/2646
f 1166/1166 1170/1170 1169/1169
f 1166/1166 1169/1169 1163/1163
f 1165/1165 1166/1166 1163/1163
f 1162/1162 1163/1163 1161/1161
f 4634/4634 4601/4601 4630/4630
f 1160/1160 1162/1162 1161/1161
f 1182/1182 1160/1160 1143/1143
f 1164/1164 1182/1182 1146/1146
f 1188/1188 1182/1182 1164/1164
f 1164/1164 1148/1148 1159/1159
f 1159/1159 1148/1148 1156/1156
f 1157/1157 1156/1156 1153/1153
f 4679/4679 4701/4701 4677/4677
f 1155/1155 1157/1157 1153/1153
f 3033/3033 3053/3053 3049/3049
f 428/428 410/410 425/425
f 425/425 410/410 409/409
f 410/410 423/423 397/397
f 409/409 410/410 397/397
f 397/397 423/423 398/398
f 402/402 437/437 372/372
f 372/372 437/437 420/420
f 420/420 470/470 450/450
f 450/450 470/470 477/477
f 1059/1059 1100/1100 1095/1095
f 389/389 446/446 388/388
f 386/386 392/392 412/412
f 233/233 259/259 256/256
f 2634/2634 2636/2636 2627/2627
f 1194/1194 1177/1177 1181/1181
f 2626/2626 2627/2627 2628/2628
f 2628/2628 2627/2627 2635/2635
f 2629/2629 2626/2626 2628/2628
f 2629/2629 2628/2628 2637/2637
f 1195/1195 1181/1181 1180/1180
f 2629/2629 2637/2637 2638/2638
f 2631/2631 2629/2629 2638/2638
f 1195/1195 1180/1180 1186/1186
f 2631/2631 2638/2638 2639/2639
f 1186/1186 1180/1180 1179/1179
f 2633/2633 2631/2631 2639/2639
f 2645/2645 2633/2633 2639/2639
f 1185/1185 1178/1178 1170/1170
f 1185/1185 1170/1170 1184/1184
f 1184/1184 1170/1170 1166/1166
f 1184/1184 1166/1166 1183/1183
f 1183/1183 1166/1166 1165/1165
f 1183/1183 1165/1165 1167/1167
f 1165/1165 1162/1162 1167/1167
f 4634/4634 4630/4630 4633/4633
f 1160/1160 1167/1167 1162/1162
f 1191/1191 1167/1167 1160/1160
f 1191/1191 1160/1160 1192/1192
f 1160/1160 1182/1182 1192/1192
f 1192/1192 1182/1182 1188/1188
f 1158/1158 1156/1156 1157/1157
f 1159/1159 1156/1156 1158/1158
f 3033/3033 3049/3049 3038/3038
f 430/430 478/478 428/428
f 425/425 409/409 426/426
f 831/831 833/833 832/832
f 397/397 398/398 390/390
f 371/371 370/370 402/402
f 450/450 477/477 451/451
f 448/448 446/446 389/389
f 386/386 388/388 392/392
f 865/865 864/864 863/863
f 139/139 94/94 98/98
f 221/221 233/233 256/256
f 5191/5191 5192/5192 5215/5215
f 2627/2627 2636/2636 2635/2635
f 2628/2628 2635/2635 2641/2641
f 2637/2637 2628/2628 2641/2641
f 945/945 941/941 962/962
f 945/945 962/962 963/963
f 945/945 963/963 939/939
f 1198/1198 1184/1184 1197/1197
f 1184/1184 1183/1183 1197/1197
f 1183/1183 1167/1167 1197/1197
f 952/952 961/961 960/960
f 944/944 959/959 956/956
f 1188/1188 1164/1164 1187/1187
f 1187/1187 1164/1164 1159/1159
f 1187/1187 1159/1159 1168/1168
f 1168/1168 1159/1159 1158/1158
f 1168/1168 1158/1158 1189/1189
f 1189/1189 1158/1158 1190/1190
f 3194/3194 3193/3193 3177/3177
f 3195/3195 3194/3194 3177/3177
f 3028/3028 3034/3034 3033/3033
f 3041/3041 3039/3039 3030/3030
f 487/487 478/478 430/430
f 3118/3118 3119/3119 3104/3104
f 3118/3118 3104/3104 3102/3102
f 481/481 426/426 409/409
f 3103/3103 3118/3118 3102/3102
f 481/481 409/409 482/482
f 390/390 398/398 370/370
f 372/372 420/420 374/374
f 374/374 420/420 378/378
f 420/420 450/450 378/378
f 401/401 450/450 451/451
f 451/451 448/448 401/401
f 401/401 448/448 389/389
f 98/98 99/99 100/100
f 100/100 99/99 116/116
f 213/213 217/217 221/221
f 217/217 233/233 221/221
f 2635/2635 2636/2636 2640/2640
f 4663/4663 4674/4674 4672/4672
f 1194/1194 1181/1181 1195/1195
f 939/939 963/963 954/954
f 1185/1185 1184/1184 1198/1198
f 955/955 961/961 951/951
f 961/961 952/952 951/951
f 952/952 960/960 948/948
f 960/960 959/959 948/948
f 944/944 956/956 940/940
f 956/956 950/950 940/940
f 1187/1187 1168/1168 1196/1196
f 1196/1196 1168/1168 1189/1189
f 3177/3177 3184/3184 3178/3178
f 3177/3177 3178/3178 3179/3179
f 1189/1189 1190/1190 1193/1193
f 3180/3180 3177/3177 3179/3179
f 5849/5849 5848/5848 5850/5850
f 3180/3180 3179/3179 3181/3181
f 3030/3030 3034/3034 3028/3028
f 3028/3028 3033/3033 3029/3029
f 3029/3029 3033/3033 3038/3038
f 3041/3041 3030/3030 3032/3032
f 427/427 425/425 426/426
f 3110/3110 3111/3111 3098/3098
f 3104/3104 3109/3109 3097/3097
f 3106/3106 3098/3098 3111/3111
f 3094/3094 3097/3097 3095/3095
f 3095/3095 3098/3098 3096/3096
f 3096/3096 3098/3098 3106/3106
f 3104/3104 3097/3097 3102/3102
f 3102/3102 3097/3097 3094/3094
f 3094/3094 3095/3095 3096/3096
f 3096/3096 3106/3106 3105/3105
f 3103/3103 3102/3102 3099/3099
f 3099/3099 3102/3102 3094/3094
f 3094/3094 3096/3096 3099/3099
f 3099/3099 3096/3096 3100/3100
f 3100/3100 3096/3096 3105/3105
f 3103/3103 3099/3099 3101/3101
f 3101/3101 3099/3099 3100/3100
f 3101/3101 3100/3100 3113/3113
f 3100/3100 3105/3105 3112/3112
f 3112/3112 3105/3105 3114/3114
f 832/832 877/877 844/844
f 483/483 482/482 409/409
f 483/483 409/409 408/408
f 409/409 397/397 408/408
f 395/395 397/397 390/390
f 390/390 370/370 367/367
f 378/378 450/450 401/401
f 129/129 194/194 183/183
f 84/84 87/87 85/85
f 4673/4673 4674/4674 4705/4705
f 931/931 945/945 939/939
f 939/939 954/954 926/926
f 926/926 954/954 955/955
f 917/917 955/955 951/951
f 948/948 959/959 942/942
f 942/942 959/959 944/944
f 940/940 950/950 914/914
f 914/914 950/950 946/946
f 3186/3186 3185/3185 3184/3184
f 3184/3184 3185/3185 3178/3178
f 914/914 946/946 923/923
f 946/946 957/957 923/923
f 3181/3181 3179/3179 3182/3182
f 5805/5805 5807/5807 5809/5809
f 5932/5932 5931/5931 5930/5930
f 3048/3048 3041/3041 3032/3032
f 430/430 428/428 429/429
f 429/429 428/428 425/425
f 429/429 425/425 427/427
f 3119/3119 3120/3120 3104/3104
f 3104/3104 3120/3120 3109/3109
f 3108/3108 3110/3110 3098/3098
f 3097/3097 3109/3109 3107/3107
f 3095/3095 3107/3107 3108/3108
f 3095/3095 3108/3108 3098/3098
f 3113/3113 3100/3100 3112/3112
f 3116/3116 3101/3101 3115/3115
f 3101/3101 3113/3113 3115/3115
f 3103/3103 3101/3101 3116/3116
f 370/370 371/371 369/369
f 369/369 371/371 372/372
f 378/378 401/401 380/380
f 380/380 401/401 389/389
f 389/389 388/388 384/384
f 170/170 158/158 83/83
f 143/143 139/139 98/98
f 85/85 87/87 136/136
f 933/933 934/934 932/932
f 917/917 951/951 916/916
f 916/916 952/952 910/910
f 910/910 952/952 948/948
f 910/910 948/948 942/942
f 912/912 940/940 914/914
f 923/923 957/957 958/958
f 5914/5914 5937/5937 5933/5933
f 5930/5930 5931/5931 5911/5911
f 5930/5930 5911/5911 5929/5929
f 5911/5911 5914/5914 5929/5929
f 5929/5929 5914/5914 5933/5933
f 3020/3020 3028/3028 3029/3029
f 3029/3029 3038/3038 3035/3035
f 488/488 487/487 432/432
f 432/432 487/487 430/430
f 3110/3110 3108/3108 3123/3123
f 3109/3109 3120/3120 3121/3121
f 3109/3109 3121/3121 3107/3107
f 3107/3107 3121/3121 3108/3108
f 3115/3115 3113/3113 3117/3117
f 3400/3400 3409/3409 3397/3397
f 3409/3409 3410/3410 3397/3397
f 3116/3116 3115/3115 3117/3117
f 3397/3397 3410/3410 3408/3408
f 3397/3397 3408/3408 3403/3403
f 395/395 390/390 391/391
f 391/391 390/390 382/382
f 382/382 390/390 367/367
f 369/369 372/372 373/373
f 373/373 372/372 374/374
f 374/374 378/378 376/376
f 378/378 380/380 376/376
f 384/384 388/388 386/386
f 928/928 927/927 925/925
f 925/925 917/917 924/924
f 924/924 917/917 905/905
f 3188/3188 3187/3187 3186/3186
f 3186/3186 3187/3187 3185/3185
f 3185/3185 3187/3187 3190/3190
f 3185/3185 3190/3190 3191/3191
f 5896/5896 5897/5897 5907/5907
f 5907/5907 5897/5897 5937/5937
f 5956/5956 5954/5954 5957/5957
f 5908/5908 5907/5907 5914/5914
f 5907/5907 5937/5937 5914/5914
f 3026/3026 3028/3028 3020/3020
f 3020/3020 3029/3029 3021/3021
f 3021/3021 3029/3029 3035/3035
f 432/432 430/430 429/429
f 429/429 427/427 431/431
f 3398/3398 3400/3400 3396/3396
f 3396/3396 3400/3400 3397/3397
f 3402/3402 3400/3400 3399/3399
f 3394/3394 3402/3402 3399/3399
f 408/408 486/486 483/483
f 397/397 395/395 408/408
f 370/370 369/369 367/367
f 373/373 374/374 376/376
f 384/384 380/380 389/389
f 386/386 412/412 411/411
f 411/411 412/412 455/455
f 411/411 455/455 454/454
f 1992/1992 1989/1989 1986/1986
f 1986/1986 1989/1989 1977/1977
f 1977/1977 1989/1989 1972/1972
f 947/947 924/924 949/949
f 949/949 905/905 953/953
f 953/953 905/905 907/907
f 908/908 906/906 909/909
f 1744/1744 1742/1742 1743/1743
f 3188/3188 3189/3189 3187/3187
f 935/935 937/937 938/938
f 5950/5950 5946/5946 5954/5954
f 5954/5954 5946/5946 5948/5948
f 5908/5908 5896/5896 5907/5907
f 5941/5941 5950/5950 5955/5955
f 5956/5956 5950/5950 5954/5954
f 5910/5910 5913/5913 5912/5912
f 3026/3026 3032/3032 3030/3030
f 3280/3280 3285/3285 3284/3284
f 3399/3399 3400/3400 3398/3398
f 455/455 465/465 466/466
f 1986/1986 1977/1977 1975/1975
f 1975/1975 1977/1977 1972/1972
f 1975/1975 1972/1972 1970/1970
f 1970/1970 1972/1972 1971/1971
f 1970/1970 1971/1971 1969/1969
f 1969/1969 1971/1971 1973/1973
f 953/953 907/907 943/943
f 1738/1738 1736/1736 1737/1737
f 1738/1738 1737/1737 1739/1739
f 943/943 911/911 920/920
f 1738/1738 1739/1739 1740/1740
f 1742/1742 1738/1738 1740/1740
f 1740/1740 1739/1739 1746/1746
f 1740/1740 1746/1746 1745/1745
f 1743/1743 1742/1742 1740/1740
f 1743/1743 1740/1740 1745/1745
f 3189/3189 3192/3192 3187/3187
f 3187/3187 3192/3192 3197/3197
f 5941/5941 5943/5943 5950/5950
f 5952/5952 5941/5941 5953/5953
f 5953/5953 5941/5941 5955/5955
f 3392/3392 3399/3399 3398/3398
f 3392/3392 3398/3398 3396/3396
f 3385/3385 3396/3396 3397/3397
f 3385/3385 3397/3397 3395/3395
f 3395/3395 3397/3397 3403/3403
f 3395/3395 3403/3403 3404/3404
f 3394/3394 3399/3399 3392/3392
f 490/490 486/486 436/436
f 436/436 486/486 408/408
f 436/436 408/408 407/407
f 408/408 395/395 407/407
f 380/380 384/384 379/379
f 385/385 384/384 386/386
f 454/454 455/455 466/466
f 1966/1966 1986/1986 1975/1975
f 1975/1975 1970/1970 1974/1974
f 1974/1974 1970/1970 1967/1967
f 1967/1967 1970/1970 1969/1969
f 1976/1976 1969/1969 1973/1973
f 1736/1736 1735/1735 1730/1730
f 1736/1736 1730/1730 1737/1737
f 1973/1973 1978/1978 1976/1976
f 1976/1976 1978/1978 1979/1979
f 1979/1979 1978/1978 1980/1980
f 1979/1979 1980/1980 1981/1981
f 1981/1981 1980/1980 1982/1982
f 1982/1982 1984/1984 1983/1983
f 5901/5901 5898/5898 5899/5899
f 5952/5952 5951/5951 5941/5941
f 3025/3025 3026/3026 3020/3020
f 3020/3020 3021/3021 3022/3022
f 3031/3031 3032/3032 3026/3026
f 3031/3031 3026/3026 3025/3025
f 3048/3048 3032/3032 3031/3031
f 3392/3392 3396/3396 3385/3385
f 368/368 369/369 373/373
f 373/373 376/376 375/375
f 375/375 376/376 377/377
f 376/376 380/380 379/379
f 379/379 384/384 385/385
f 385/385 386/386 387/387
f 1966/1966 1975/1975 1974/1974
f 1985/1985 1966/1966 1974/1974
f 1985/1985 1974/1974 1967/1967
f 1993/1993 1985/1985 1967/1967
f 1968/1968 1967/1967 1969/1969
f 1976/1976 1968/1968 1969/1969
f 1728/1728 1727/1727 1730/1730
f 1987/1987 1968/1968 1976/1976
f 1735/1735 1728/1728 1730/1730
f 1730/1730 1727/1727 1732/1732
f 1987/1987 1976/1976 1979/1979
f 1988/1988 1987/1987 1979/1979
f 1988/1988 1979/1979 1981/1981
f 1981/1981 1982/1982 1983/1983
f 1990/1990 1983/1983 1984/1984
f 1990/1990 1984/1984 1991/1991
f 1964/1964 1990/1990 1991/1991
f 5938/5938 5941/5941 5951/5951
f 5905/5905 5879/5879 5876/5876
f 3022/3022 3021/3021 3035/3035
f 3022/3022 3035/3035 3036/3036
f 845/845 842/842 896/896
f 3036/3036 3035/3035 3050/3050
f 431/431 476/476 441/441
f 3391/3391 3394/3394 3390/3390
f 3390/3390 3394/3394 3392/3392
f 3405/3405 3394/3394 3391/3391
f 366/366 367/367 368/368
f 368/368 367/367 369/369
f 368/368 373/373 375/375
f 377/377 376/376 379/379
f 863/863 796/796 799/799
f 120/120 129/129 183/183
f 247/247 238/238 211/211
f 211/211 212/212 213/213
f 1748/1748 1726/1726 1724/1724
f 1726/1726 1729/1729 1725/1725
f 1724/1724 1726/1726 1725/1725
f 1949/1949 1966/1966 1943/1943
f 1724/1724 1725/1725 1723/1723
f 1747/1747 1748/1748 1724/1724
f 1943/1943 1966/1966 1985/1985
f 1722/1722 1724/1724 1723/1723
f 1944/1944 1943/1943 1985/1985
f 1747/1747 1724/1724 1722/1722
f 1722/1722 1723/1723 1721/1721
f 1945/1945 1944/1944 1985/1985
f 1747/1747 1722/1722 1720/1720
f 1945/1945 1985/1985 1993/1993
f 4686/4686 4687/4687 4695/4695
f 1720/1720 1721/1721 1717/1717
f 1717/1717 1721/1721 1731/1731
f 1741/1741 1720/1720 1716/1716
f 1716/1716 1720/1720 1717/1717
f 1931/1931 1945/1945 1993/1993
f 1931/1931 1993/1993 1967/1967
f 1931/1931 1967/1967 1909/1909
f 1925/1925 1931/1931 1909/1909
f 1741/1741 1716/1716 1719/1719
f 1716/1716 1717/1717 1718/1718
f 1925/1925 1909/1909 1916/1916
f 1719/1719 1716/1716 1718/1718
f 1718/1718 1717/1717 1731/1731
f 1916/1916 1909/1909 1911/1911
f 1909/1909 1967/1967 1968/1968
f 1718/1718 1731/1731 1733/1733
f 1719/1719 1718/1718 1727/1727
f 1728/1728 1719/1719 1727/1727
f 1910/1910 1909/1909 1968/1968
f 1909/1909 1910/1910 1911/1911
f 1727/1727 1718/1718 1732/1732
f 1732/1732 1718/1718 1733/1733
f 1910/1910 1968/1968 1987/1987
f 1922/1922 1910/1910 1987/1987
f 1915/1915 1910/1910 1922/1922
f 1922/1922 1987/1987 1988/1988
f 1922/1922 1988/1988 1965/1965
f 1919/1919 1922/1922 1965/1965
f 1988/1988 1981/1981 1983/1983
f 1919/1919 1965/1965 1961/1961
f 1965/1965 1988/1988 1994/1994
f 1961/1961 1965/1965 1994/1994
f 1994/1994 1988/1988 1983/1983
f 1919/1919 1961/1961 1926/1926
f 1990/1990 1994/1994 1983/1983
f 1947/1947 1961/1961 1994/1994
f 1947/1947 1994/1994 1990/1990
f 1962/1962 1947/1947 1990/1990
f 1947/1947 1962/1962 1951/1951
f 1962/1962 1990/1990 1964/1964
f 1962/1962 1964/1964 1953/1953
f 5875/5875 5900/5900 5905/5905
f 5876/5876 5875/5875 5905/5905
f 432/432 429/429 433/433
f 433/433 431/431 441/441
f 3384/3384 3385/3385 3386/3386
f 3386/3386 3385/3385 3393/3393
f 3393/3393 3385/3385 3395/3395
f 407/407 395/395 393/393
f 393/393 395/395 391/391
f 251/251 238/238 247/247
f 239/239 221/221 256/256
f 1949/1949 1943/1943 1941/1941
f 1941/1941 1943/1943 1938/1938
f 1943/1943 1944/1944 1938/1938
f 1720/1720 1722/1722 1721/1721
f 1944/1944 1945/1945 1938/1938
f 1938/1938 1945/1945 1936/1936
f 1933/1933 1945/1945 1931/1931
f 1936/1936 1945/1945 1933/1933
f 1933/1933 1931/1931 1925/1925
f 1915/1915 1922/1922 1919/1919
f 1947/1947 1926/1926 1961/1961
f 1953/1953 1951/1951 1962/1962
f 1963/1963 1953/1953 1964/1964
f 5874/5874 5875/5875 5876/5876
f 3036/3036 3050/3050 3037/3037
f 3454/3454 3457/3457 3452/3452
f 3452/3452 3457/3457 3453/3453
f 3393/3393 3395/3395 3401/3401
f 3387/3387 3390/3390 3384/3384
f 3391/3391 3390/3390 3387/3387
f 491/491 490/490 436/436
f 436/436 407/407 406/406
f 406/406 407/407 393/393
f 377/377 379/379 419/419
f 387/387 386/386 411/411
f 1941/1941 1938/1938 1940/1940
f 1935/1935 1936/1936 1933/1933
f 1935/1935 1933/1933 1934/1934
f 1934/1934 1933/1933 1929/1929
f 1933/1933 1925/1925 1929/1929
f 1915/1915 1919/1919 1918/1918
f 1918/1918 1919/1919 1920/1920
f 1920/1920 1919/1919 1921/1921
f 1919/1919 1926/1926 1921/1921
f 1926/1926 1947/1947 1927/1927
f 1947/1947 1951/1951 1927/1927
f 1927/1927 1951/1951 1952/1952
f 1952/1952 1951/1951 1953/1953
f 1957/1957 1953/1953 1958/1958
f 1953/1953 1963/1963 1958/1958
f 3025/3025 3020/3020 3023/3023
f 3023/3023 3020/3020 3022/3022
f 442/442 432/432 433/433
f 433/433 441/441 422/422
f 3264/3264 3258/3258 3257/3257
f 3264/3264 3257/3257 3265/3265
f 3387/3387 3384/3384 3386/3386
f 3388/3388 3387/3387 3386/3386
f 3453/3453 3459/3459 3460/3460
f 3406/3406 3391/3391 3387/3387
f 383/383 366/366 368/368
f 381/381 368/368 375/375
f 381/381 375/375 396/396
f 375/375 377/377 399/399
f 377/377 419/419 418/418
f 419/419 379/379 385/385
f 385/385 387/387 414/414
f 83/83 84/84 85/85
f 214/214 221/221 222/222
f 1950/1950 1949/1949 1948/1948
f 1949/1949 1941/1941 1948/1948
f 1938/1938 1936/1936 1937/1937
f 1937/1937 1936/1936 1935/1935
f 3326/3326 3320/3320 3317/3317
f 1912/1912 1916/1916 1911/1911
f 1921/1921 1926/1926 1927/1927
f 1952/1952 1953/1953 1954/1954
f 1954/1954 1953/1953 1957/1957
f 5924/5924 5934/5934 5925/5925
f 5877/5877 5902/5902 5874/5874
f 3031/3031 3025/3025 3027/3027
f 3023/3023 3022/3022 3024/3024
f 3022/3022 3036/3036 3024/3024
f 3024/3024 3036/3036 3037/3037
f 442/442 484/484 432/432
f 3443/3443 3453/3453 3449/3449
f 3449/3449 3453/3453 3460/3460
f 3406/3406 3387/3387 3389/3389
f 393/393 391/391 382/382
f 393/393 382/382 394/394
f 394/394 382/382 366/366
f 394/394 366/366 383/383
f 383/383 368/368 381/381
f 396/396 375/375 399/399
f 399/399 377/377 418/418
f 419/419 385/385 415/415
f 415/415 385/385 414/414
f 1948/1948 1941/1941 1940/1940
f 1940/1940 1938/1938 1939/1939
f 1939/1939 1938/1938 1937/1937
f 1937/1937 1935/1935 1934/1934
f 1929/1929 1925/1925 1917/1917
f 1917/1917 1925/1925 1916/1916
f 1917/1917 1916/1916 1912/1912
f 1911/1911 1910/1910 1912/1912
f 1912/1912 1910/1910 1913/1913
f 1913/1913 1910/1910 1914/1914
f 1914/1914 1910/1910 1915/1915
f 1914/1914 1915/1915 1918/1918
f 1914/1914 1918/1918 1923/1923
f 1923/1923 1918/1918 1920/1920
f 1921/1921 1927/1927 1928/1928
f 1928/1928 1927/1927 1952/1952
f 1955/1955 1952/1952 1954/1954
f 2651/2651 2655/2655 2654/2654
f 2653/2653 2651/2651 2654/2654
f 2653/2653 2654/2654 2656/2656
f 2656/2656 2654/2654 2657/2657
f 2658/2658 2653/2653 2656/2656
f 3027/3027 3025/3025 3023/3023
f 3042/3042 3031/3031 3027/3027
f 442/442 433/433 440/440
f 433/433 422/422 405/405
f 440/440 433/433 405/405
f 3448/3448 3449/3449 3461/3461
f 413/413 406/406 404/404
f 404/404 406/406 393/393
f 418/418 419/419 459/459
f 213/213 221/221 214/214
f 1948/1948 1940/1940 1942/1942
f 1942/1942 1940/1940 1939/1939
f 1939/1939 1937/1937 1946/1946
f 1946/1946 1937/1937 1934/1934
f 1924/1924 1914/1914 1923/1923
f 2664/2664 2666/2666 2661/2661
f 2663/2663 2664/2664 2661/2661
f 2661/2661 2666/2666 2665/2665
f 1920/1920 1921/1921 1930/1930
f 1930/1930 1921/1921 1928/1928
f 2661/2661 2665/2665 2650/2650
f 2660/2660 2661/2661 2650/2650
f 2662/2662 2663/2663 2661/2661
f 3664/3664 3674/3674 3671/3671
f 2662/2662 2661/2661 2660/2660
f 2472/2472 2478/2478 2474/2474
f 2660/2660 2650/2650 2649/2649
f 2669/2669 2668/2668 2650/2650
f 2650/2650 2668/2668 2655/2655
f 2649/2649 2650/2650 2651/2651
f 2651/2651 2650/2650 2655/2655
f 2655/2655 2671/2671 2654/2654
f 2652/2652 2649/2649 2651/2651
f 2649/2649 2652/2652 2667/2667
f 2652/2652 2651/2651 2653/2653
f 2652/2652 2659/2659 2667/2667
f 2659/2659 2652/2652 2658/2658
f 2652/2652 2653/2653 2658/2658
f 484/484 442/442 473/473
f 405/405 422/422 421/421
f 421/421 413/413 404/404
f 404/404 393/393 403/403
f 383/383 381/381 400/400
f 381/381 396/396 417/417
f 443/443 399/399 418/418
f 461/461 459/459 419/419
f 461/461 419/419 415/415
f 444/444 415/415 414/414
f 1939/1939 1946/1946 1942/1942
f 1917/1917 1912/1912 1932/1932
f 1913/1913 1914/1914 1924/1924
f 1923/1923 1920/1920 1930/1930
f 3666/3666 3679/3679 3674/3674
f 4189/4189 4185/4185 4191/4191
f 3666/3666 3674/3674 3664/3664
f 2472/2472 2474/2474 2469/2469
f 3785/3785 3782/3782 3787/3787
f 3138/3138 3129/3129 3132/3132
f 3137/3137 3138/3138 3132/3132
f 2662/2662 2660/2660 2672/2672
f 3664/3664 3671/3671 3667/3667
f 2672/2672 2660/2660 2649/2649
f 3134/3134 3137/3137 3132/3132
f 2672/2672 2649/2649 2667/2667
f 3667/3667 3673/3673 3670/3670
f 3134/3134 3132/3132 3133/3133
f 5917/5917 5915/5915 5881/5881
f 5870/5870 5869/5869 5861/5861
f 3040/3040 3023/3023 3024/3024
f 3044/3044 3024/3024 3037/3037
f 3042/3042 3027/3027 3046/3046
f 822/822 845/845 903/903
f 473/473 442/442 440/440
f 405/405 421/421 404/404
f 394/394 383/383 400/400
f 400/400 381/381 417/417
f 417/417 396/396 443/443
f 443/443 396/396 399/399
f 443/443 418/418 460/460
f 460/460 418/418 459/459
f 554/554 583/583 584/584
f 584/584 585/585 555/555
f 555/555 585/585 557/557
f 578/578 529/529 569/569
f 557/557 585/585 570/570
f 570/570 585/585 589/589
f 416/416 414/414 387/387
f 2457/2457 2459/2459 2460/2460
f 1899/1899 1905/1905 1898/1898
f 2460/2460 2459/2459 2461/2461
f 4195/4195 4198/4198 4200/4200
f 2464/2464 2468/2468 2463/2463
f 3129/3129 3140/3140 3128/3128
f 3666/3666 3664/3664 3663/3663
f 3125/3125 3129/3129 3128/3128
f 3663/3663 3664/3664 3665/3665
f 1959/1959 1956/1956 1960/1960
f 3129/3129 3125/3125 3132/3132
f 3665/3665 3664/3664 3667/3667
f 3665/3665 3667/3667 3668/3668
f 3668/3668 3667/3667 3669/3669
f 3667/3667 3670/3670 3669/3669
f 5889/5889 5916/5916 5869/5869
f 5915/5915 5871/5871 5881/5881
f 5871/5871 5889/5889 5869/5869
f 3027/3027 3023/3023 3043/3043
f 3040/3040 3024/3024 3044/3044
f 3044/3044 3037/3037 3045/3045
f 405/405 404/404 403/403
f 403/403 393/393 394/394
f 417/417 443/443 445/445
f 577/577 579/579 524/524
f 554/554 574/574 583/583
f 555/555 554/554 584/584
f 528/528 507/507 509/509
f 529/529 528/528 509/509
f 536/536 555/555 547/547
f 509/509 508/508 510/510
f 510/510 536/536 547/547
f 511/511 529/529 509/509
f 547/547 555/555 557/557
f 511/511 509/509 510/510
f 551/551 547/547 557/557
f 529/529 511/511 520/520
f 570/570 551/551 557/557
f 444/444 414/414 416/416
f 2456/2456 2447/2447 2479/2479
f 1891/1891 1894/1894 1901/1901
f 694/694 717/717 716/716
f 694/694 716/716 696/696
f 716/716 718/718 696/696
f 696/696 718/718 692/692
f 2453/2453 2457/2457 2476/2476
f 692/692 719/719 693/693
f 693/693 719/719 703/703
f 4195/4195 4200/4200 4201/4201
f 3470/3470 3463/3463 3462/3462
f 3470/3470 3462/3462 3468/3468
f 705/705 715/715 713/713
f 706/706 705/705 713/713
f 3128/3128 3126/3126 3125/3125
f 3789/3789 3794/3794 3790/3790
f 3132/3132 3125/3125 3131/3131
f 3133/3133 3132/3132 3131/3131
f 3133/3133 3131/3131 3136/3136
f 5891/5891 5890/5890 5871/5871
f 5871/5871 5890/5890 5889/5889
f 3669/3669 3670/3670 3672/3672
f 3046/3046 3027/3027 3043/3043
f 3043/3043 3023/3023 3040/3040
f 3047/3047 3040/3040 3044/3044
f 839/839 822/822 895/895
f 473/473 440/440 471/471
f 439/439 440/440 405/405
f 439/439 405/405 403/403
f 403/403 394/394 438/438
f 438/438 394/394 435/435
f 435/435 394/394 400/400
f 400/400 417/417 445/445
f 828/828 855/855 862/862
f 445/445 443/443 460/460
f 475/475 445/445 460/460
f 528/528 524/524 507/507
f 507/507 506/506 508/508
f 542/542 554/554 555/555
f 536/536 542/542 555/555
f 509/509 507/507 508/508
f 508/508 536/536 510/510
f 511/511 510/510 519/519
f 520/520 511/511 519/519
f 519/519 510/510 547/547
f 519/519 547/547 551/551
f 874/874 900/900 873/873
f 452/452 444/444 416/416
f 416/416 387/387 411/411
f 120/120 183/183 180/180
f 143/143 98/98 102/102
f 695/695 697/697 694/694
f 695/695 694/694 691/691
f 691/691 694/694 689/689
f 689/689 694/694 696/696
f 696/696 692/692 689/689
f 689/689 692/692 686/686
f 686/686 692/692 693/693
f 693/693 703/703 702/702
f 702/702 703/703 704/704
f 703/703 705/705 704/704
f 704/704 705/705 706/706
f 3462/3462 3463/3463 3464/3464
f 3675/3675 3663/3663 3676/3676
f 4130/4130 4129/4129 4126/4126
f 3125/3125 3126/3126 3127/3127
f 4126/4126 4129/4129 4128/4128
f 4130/4130 4126/4126 4125/4125
f 4130/4130 4125/4125 4131/4131
f 4131/4131 4125/4125 4133/4133
f 4125/4125 4126/4126 4127/4127
f 4133/4133 4125/4125 4127/4127
f 4127/4127 4126/4126 4128/4128
f 4316/4316 4310/4310 4315/4315
f 3676/3676 3665/3665 3678/3678
f 3125/3125 3127/3127 3130/3130
f 3131/3131 3125/3125 3130/3130
f 3131/3131 3130/3130 3135/3135
f 5906/5906 5889/5889 5892/5892
f 5889/5889 5906/5906 5916/5916
f 3131/3131 3135/3135 3141/3141
f 2324/2324 2323/2323 2297/2297
f 3043/3043 3040/3040 3047/3047
f 471/471 440/440 439/439
f 471/471 439/439 469/469
f 439/439 403/403 438/438
f 435/435 400/400 453/453
f 453/453 400/400 445/445
f 818/818 856/856 855/855
f 575/575 574/574 553/553
f 538/538 498/498 512/512
f 524/524 538/538 512/512
f 554/554 553/553 574/574
f 524/524 512/512 500/500
f 507/507 524/524 500/500
f 506/506 542/542 536/536
f 508/508 506/506 536/536
f 520/520 519/519 563/563
f 563/563 519/519 564/564
f 565/565 520/520 563/563
f 564/564 519/519 551/551
f 564/564 551/551 570/570
f 564/564 570/570 582/582
f 570/570 589/589 582/582
f 699/699 697/697 695/695
f 691/691 689/689 690/690
f 690/690 689/689 688/688
f 688/688 689/689 686/686
f 700/700 686/686 693/693
f 700/700 693/693 702/702
f 704/704 700/700 702/702
f 712/712 704/704 706/706
f 712/712 706/706 713/713
f 714/714 712/712 713/713
f 3728/3728 3718/3718 3723/3723
f 3466/3466 3467/3467 3469/3469
f 4132/4132 4130/4130 4131/4131
f 714/714 713/713 711/711
f 4315/4315 4310/4310 4309/4309
f 4131/4131 4133/4133 4134/4134
f 4133/4133 4127/4127 4135/4135
f 3135/3135 3130/3130 3139/3139
f 3135/3135 3139/3139 3141/3141
f 2312/2312 2297/2297 2304/2304
f 546/546 562/562 573/573
f 566/566 560/560 533/533
f 546/546 573/573 588/588
f 539/539 566/566 533/533
f 546/546 588/588 576/576
f 552/552 546/546 576/576
f 552/552 576/576 586/586
f 469/469 439/439 438/438
f 438/438 435/435 456/456
f 456/456 435/435 453/453
f 485/485 453/453 479/479
f 855/855 856/856 897/897
f 453/453 445/445 479/479
f 479/479 445/445 475/475
f 559/559 575/575 549/549
f 571/571 531/531 538/538
f 549/549 575/575 553/553
f 512/512 498/498 500/500
f 523/523 549/549 553/553
f 542/542 523/523 553/553
f 506/506 500/500 505/505
f 506/506 505/505 523/523
f 506/506 523/523 542/542
f 507/507 500/500 506/506
f 493/493 444/444 452/452
f 452/452 416/416 434/434
f 434/434 416/416 411/411
f 411/411 454/454 434/434
f 434/434 454/454 466/466
f 170/170 83/83 86/86
f 86/86 83/83 85/85
f 2268/2268 2272/2272 2271/2271
f 699/699 695/695 698/698
f 2267/2267 2272/2272 2268/2268
f 698/698 695/695 691/691
f 701/701 698/698 691/691
f 2267/2267 2268/2268 2262/2262
f 701/701 691/691 690/690
f 2264/2264 2267/2267 2262/2262
f 5518/5518 5517/5517 5494/5494
f 690/690 688/688 642/642
f 642/642 688/688 640/640
f 640/640 688/688 686/686
f 644/644 640/640 686/686
f 644/644 686/686 700/700
f 645/645 644/644 700/700
f 685/685 645/645 700/700
f 645/645 685/685 647/647
f 685/685 700/700 704/704
f 685/685 704/704 712/712
f 685/685 712/712 714/714
f 3718/3718 3728/3728 3724/3724
f 4314/4314 4315/4315 4309/4309
f 4314/4314 4309/4309 4311/4311
f 4134/4134 4133/4133 4135/4135
f 4318/4318 4319/4319 4315/4315
f 560/560 562/562 532/532
f 533/533 560/560 532/532
f 532/532 562/562 546/546
f 533/533 532/532 518/518
f 532/532 546/546 544/544
f 544/544 546/546 552/552
f 540/540 539/539 518/518
f 539/539 533/533 518/518
f 540/540 518/518 525/525
f 540/540 525/525 567/567
f 558/558 552/552 586/586
f 838/838 839/839 891/891
f 489/489 469/469 438/438
f 837/837 838/838 891/891
f 489/489 438/438 456/456
f 837/837 891/891 893/893
f 456/456 453/453 485/485
f 857/857 837/837 893/893
f 568/568 535/535 530/530
f 531/531 568/568 530/530
f 531/531 530/530 495/495
f 550/550 559/559 549/549
f 531/531 495/495 498/498
f 538/538 531/531 498/498
f 499/499 521/521 523/523
f 523/523 521/521 549/549
f 498/498 499/499 500/500
f 500/500 499/499 505/505
f 505/505 499/499 523/523
f 563/563 564/564 580/580
f 581/581 563/563 580/580
f 580/580 564/564 582/582
f 100/100 116/116 120/120
f 2271/2271 2276/2276 2275/2275
f 680/680 720/720 699/699
f 679/679 680/680 707/707
f 680/680 699/699 698/698
f 707/707 680/680 698/698
f 2268/2268 2271/2271 2270/2270
f 2271/2271 2274/2274 2270/2270
f 679/679 707/707 673/673
f 707/707 698/698 701/701
f 2268/2268 2270/2270 2263/2263
f 707/707 687/687 673/673
f 2263/2263 2270/2270 2273/2273
f 2262/2262 2268/2268 2263/2263
f 687/687 707/707 701/701
f 2261/2261 2263/2263 2273/2273
f 2261/2261 2273/2273 2277/2277
f 2261/2261 2262/2262 2263/2263
f 669/669 687/687 701/701
f 687/687 669/669 671/671
f 669/669 701/701 690/690
f 2264/2264 2262/2262 2261/2261
f 642/642 669/669 690/690
f 664/664 669/669 642/642
f 2264/2264 2261/2261 2265/2265
f 2266/2266 2264/2264 2265/2265
f 2269/2269 2266/2266 2265/2265
f 642/642 640/640 639/639
f 639/639 640/640 641/641
f 641/641 640/640 644/644
f 644/644 645/645 641/641
f 648/648 647/647 685/685
f 3719/3719 3718/3718 3724/3724
f 3719/3719 3724/3724 3727/3727
f 684/684 648/648 685/685
f 684/684 685/685 714/714
f 648/648 684/684 649/649
f 4317/4317 4318/4318 4315/4315
f 4317/4317 4315/4315 4314/4314
f 684/684 714/714 711/711
f 709/709 684/684 711/711
f 518/518 532/532 517/517
f 532/532 544/544 517/517
f 515/515 518/518 517/517
f 543/543 517/517 544/544
f 525/525 518/518 515/515
f 543/543 544/544 552/552
f 567/567 525/525 527/527
f 561/561 558/558 587/587
f 535/535 567/567 526/526
f 526/526 567/567 527/527
f 561/561 587/587 572/572
f 535/535 526/526 501/501
f 530/530 535/535 501/501
f 556/556 561/561 572/572
f 530/530 501/501 495/495
f 545/545 556/556 559/559
f 556/556 572/572 559/559
f 545/545 559/559 550/550
f 521/521 545/545 550/550
f 495/495 497/497 499/499
f 498/498 495/495 499/499
f 499/499 497/497 521/521
f 590/590 565/565 581/581
f 468/468 452/452 434/434
f 720/720 680/680 682/682
f 682/682 680/680 678/678
f 678/678 680/680 679/679
f 678/678 679/679 675/675
f 675/675 679/679 673/673
f 673/673 687/687 671/671
f 2261/2261 2277/2277 2278/2278
f 2278/2278 2277/2277 2281/2281
f 664/664 671/671 669/669
f 664/664 642/642 643/643
f 2261/2261 2278/2278 2279/2279
f 2265/2265 2261/2261 2279/2279
f 642/642 639/639 643/643
f 2269/2269 2265/2265 2279/2279
f 2280/2280 2266/2266 2269/2269
f 5482/5482 5477/5477 5480/5480
f 641/641 645/645 646/646
f 646/646 645/645 647/647
f 646/646 647/647 648/648
f 646/646 648/648 649/649
f 2339/2339 2351/2351 2345/2345
f 4317/4317 4311/4311 4312/4312
f 2320/2320 2292/2292 2333/2333
f 710/710 709/709 711/711
f 2332/2332 2302/2302 2320/2320
f 4749/4749 4747/4747 4754/4754
f 515/515 517/517 516/516
f 516/516 517/517 543/543
f 543/543 552/552 558/558
f 541/541 543/543 558/558
f 541/541 558/558 548/548
f 548/548 558/558 561/561
f 527/527 514/514 503/503
f 526/526 527/527 503/503
f 526/526 503/503 501/501
f 534/534 548/548 556/556
f 548/548 561/561 556/556
f 545/545 534/534 556/556
f 501/501 502/502 496/496
f 495/495 501/501 496/496
f 534/534 545/545 522/522
f 497/497 496/496 522/522
f 495/495 496/496 497/497
f 497/497 522/522 521/521
f 522/522 545/545 521/521
f 201/201 205/205 203/203
f 494/494 493/493 452/452
f 203/203 209/209 197/197
f 467/467 434/434 466/466
f 677/677 678/678 675/675
f 675/675 673/673 674/674
f 674/674 673/673 672/672
f 672/672 673/673 671/671
f 671/671 664/664 657/657
f 643/643 639/639 654/654
f 2269/2269 2279/2279 2282/2282
f 654/654 639/639 641/641
f 3603/3603 3601/3601 3600/3600
f 3600/3600 3601/3601 3602/3602
f 2333/2333 2334/2334 2335/2335
f 684/684 709/709 668/668
f 649/649 684/684 668/668
f 668/668 709/709 708/708
f 708/708 709/709 710/710
f 4741/4741 4740/4740 4747/4747
f 4747/4747 4740/4740 4748/4748
f 4739/4739 4740/4740 4741/4741
f 4747/4747 4748/4748 4755/4755
f 4754/4754 4747/4747 4755/4755
f 4738/4738 4737/4737 4734/4734
f 4753/4753 4742/4742 4741/4741
f 4742/4742 4739/4739 4741/4741
f 516/516 543/543 541/541
f 515/515 516/516 513/513
f 514/514 515/515 513/513
f 513/513 516/516 541/541
f 503/503 514/514 513/513
f 513/513 541/541 537/537
f 537/537 541/541 548/548
f 503/503 513/513 504/504
f 504/504 513/513 537/537
f 502/502 503/503 504/504
f 501/501 503/503 502/502
f 504/504 537/537 534/534
f 534/534 537/537 548/548
f 502/502 504/504 534/534
f 502/502 534/534 522/522
f 496/496 502/502 522/522
f 174/174 203/203 197/197
f 682/682 678/678 677/677
f 677/677 675/675 676/676
f 676/676 675/675 674/674
f 672/672 671/671 657/657
f 657/657 664/664 643/643
f 2039/2039 2038/2038 2036/2036
f 3604/3604 3603/3603 3600/3600
f 5493/5493 5497/5497 5559/5559
f 651/651 641/641 646/646
f 653/653 646/646 650/650
f 646/646 649/649 650/650
f 650/650 649/649 668/668
f 667/667 668/668 708/708
f 4759/4759 4756/4756 4751/4751
f 4739/4739 4743/4743 4740/4740
f 3550/3550 3546/3546 3548/3548
f 4737/4737 4735/4735 4734/4734
f 4754/4754 4755/4755 4738/4738
f 165/165 202/202 201/201
f 165/165 201/201 164/164
f 164/164 201/201 203/203
f 185/185 202/202 165/165
f 468/468 434/434 467/467
f 169/169 170/170 86/86
f 211/211 213/213 214/214
f 237/237 239/239 257/257
f 721/721 682/682 677/677
f 657/657 643/643 654/654
f 654/654 641/641 652/652
f 5484/5484 5493/5493 5559/5559
f 652/652 641/641 651/651
f 651/651 646/646 653/653
f 4756/4756 4760/4760 4758/4758
f 4744/4744 4746/4746 4740/4740
f 4740/4740 4746/4746 4748/4748
f 650/650 668/668 659/659
f 659/659 668/668 667/667
f 4756/4756 4750/4750 4751/4751
f 4757/4757 4743/4743 4739/4739
f 4745/4745 4739/4739 4742/4742
f 4751/4751 4750/4750 4742/4742
f 872/872 901/901 902/902
f 681/681 677/677 676/676
f 2021/2021 2022/2022 2018/2018
f 683/683 672/672 670/670
f 670/670 657/657 666/666
f 666/666 657/657 654/654
f 666/666 654/654 665/665
f 3606/3606 3604/3604 3605/3605
f 3604/3604 3600/3600 3605/3605
f 654/654 652/652 665/665
f 651/651 653/653 655/655
f 655/655 653/653 656/656
f 653/653 650/650 658/658
f 658/658 650/650 659/659
f 4760/4760 4761/4761 4758/4758
f 659/659 667/667 663/663
f 3212/3212 3209/3209 3208/3208
f 164/164 203/203 174/174
f 468/468 467/467 480/480
f 163/163 169/169 112/112
f 112/112 169/169 86/86
f 102/102 98/98 100/100
f 112/112 86/86 85/85
f 223/223 214/214 222/222
f 658/658 659/659 660/660
f 3202/3202 3203/3203 3200/3200
f 660/660 659/659 663/663
f 153/153 165/165 164/164
f 164/164 174/174 154/154
f 166/166 185/185 165/165
f 120/120 180/180 121/121
f 890/890 867/867 878/878
f 253/253 251/251 247/247
f 222/222 237/237 223/223
f 2005/2005 1995/1995 2004/2004
f 2001/2001 2000/2000 1996/1996
f 1996/1996 2000/2000 1999/1999
f 656/656 653/653 658/658
f 3551/3551 3540/3540 3539/3539
f 174/174 197/197 163/163
f 154/154 174/174 163/163
f 23/23 58/58 66/66
f 2130/2130 2160/2160 2117/2117
f 2117/2117 2160/2160 2156/2156
f 2156/2156 2161/2161 2110/2110
f 2161/2161 2162/2162 2110/2110
f 2110/2110 2162/2162 2111/2111
f 2011/2011 2005/2005 2024/2024
f 2024/2024 2005/2005 2023/2023
f 2123/2123 2122/2122 2125/2125
f 1999/1999 2000/2000 2025/2025
f 656/656 658/658 661/661
f 661/661 658/658 660/660
f 660/660 663/663 662/662
f 4263/4263 4253/4253 4257/4257
f 3553/3553 3551/3551 3539/3539
f 153/153 164/164 152/152
f 152/152 164/164 154/154
f 166/166 165/165 153/153
f 144/144 143/143 102/102
f 100/100 120/120 121/121
f 2117/2117 2156/2156 2112/2112
f 2156/2156 2110/2110 2112/2112
f 2111/2111 2154/2154 2115/2115
f 2154/2154 2159/2159 2115/2115
f 2115/2115 2159/2159 2120/2120
f 2115/2115 2120/2120 2119/2119
f 2119/2119 2120/2120 2121/2121
f 2119/2119 2121/2121 2122/2122
f 2119/2119 2122/2122 2123/2123
f 2123/2123 2125/2125 2126/2126
f 661/661 660/660 662/662
f 215/215 211/211 214/214
f 2130/2130 2117/2117 2116/2116
f 2116/2116 2117/2117 2112/2112
f 2112/2112 2110/2110 2109/2109
f 2109/2109 2110/2110 2111/2111
f 2109/2109 2111/2111 2113/2113
f 2113/2113 2111/2111 2114/2114
f 2111/2111 2115/2115 2114/2114
f 2114/2114 2115/2115 2118/2118
f 2118/2118 2115/2115 2119/2119
f 2131/2131 2119/2119 2123/2123
f 2131/2131 2123/2123 2132/2132
f 2132/2132 2123/2123 2126/2126
f 2126/2126 2169/2169 2132/2132
f 4272/4272 4271/4271 4269/4269
f 2116/2116 2112/2112 2109/2109
f 3010/3010 3013/3013 3006/3006
f 3010/3010 3006/3006 3008/3008
f 3010/3010 3008/3008 3011/3011
f 3012/3012 3010/3010 3011/3011
f 3015/3015 3012/3012 3014/3014
f 3012/3012 3011/3011 3014/3014
f 5485/5485 5488/5488 5489/5489
f 1804/1804 1805/1805 1796/1796
f 1804/1804 1794/1794 1811/1811
f 1794/1794 1804/1804 1796/1796
f 1794/1794 1796/1796 1795/1795
f 5733/5733 5736/5736 5734/5734
f 1793/1793 1794/1794 1795/1795
f 1797/1797 1793/1793 1795/1795
f 1797/1797 1795/1795 1798/1798
f 5741/5741 5738/5738 5739/5739
f 130/130 166/166 153/153
f 100/100 121/121 103/103
f 112/112 85/85 109/109
f 85/85 136/136 137/137
f 3019/3019 3009/3009 3003/3003
f 3005/3005 3019/3019 3003/3003
f 2130/2130 2116/2116 2129/2129
f 2129/2129 2116/2116 2124/2124
f 3002/3002 3005/3005 3003/3003
f 3004/3004 3003/3003 3009/3009
f 3013/3013 3005/3005 3002/3002
f 3002/3002 3003/3003 3004/3004
f 3004/3004 3009/3009 3007/3007
f 2124/2124 2116/2116 2109/2109
f 3006/3006 3002/3002 3004/3004
f 3006/3006 3004/3004 3007/3007
f 3008/3008 3007/3007 3016/3016
f 2127/2127 2124/2124 2109/2109
f 2127/2127 2109/2109 2113/2113
f 2128/2128 2127/2127 2113/2113
f 2128/2128 2113/2113 2114/2114
f 2128/2128 2114/2114 2118/2118
f 1810/1810 1805/1805 1804/1804
f 1810/1810 1804/1804 1811/1811
f 5498/5498 5475/5475 5502/5502
f 5709/5709 5705/5705 5708/5708
f 2138/2138 2137/2137 2139/2139
f 1808/1808 1794/1794 1793/1793
f 3593/3593 3596/3596 3594/3594
f 1797/1797 1808/1808 1793/1793
f 3592/3592 3593/3593 3590/3590
f 3593/3593 3594/3594 3590/3590
f 1799/1799 1797/1797 1798/1798
f 1799/1799 1798/1798 1800/1800
f 3589/3589 3592/3592 3590/3590
f 1809/1809 1799/1799 1814/1814
f 1817/1817 1818/1818 1815/1815
f 1809/1809 1814/1814 1830/1830
f 1817/1817 1815/1815 1816/1816
f 1816/1816 1815/1815 1812/1812
f 1815/1815 1813/1813 1812/1812
f 1812/1812 1809/1809 1830/1830
f 147/147 154/154 163/163
f 121/121 166/166 130/130
f 102/102 100/100 103/103
f 2129/2129 2124/2124 2133/2133
f 2124/2124 2127/2127 2133/2133
f 2133/2133 2127/2127 2134/2134
f 2134/2134 2127/2127 2135/2135
f 2135/2135 2127/2127 2128/2128
f 2135/2135 2128/2128 2136/2136
f 2128/2128 2137/2137 2136/2136
f 2136/2136 2137/2137 2138/2138
f 2136/2136 2138/2138 2140/2140
f 2140/2140 2138/2138 2141/2141
f 1807/1807 1808/1808 1797/1797
f 1806/1806 1807/1807 1801/1801
f 1801/1801 1807/1807 1797/1797
f 1803/1803 1806/1806 1801/1801
f 2144/2144 2146/2146 2145/2145
f 1801/1801 1797/1797 1799/1799
f 3590/3590 3594/3594 3595/3595
f 1823/1823 1827/1827 1815/1815
f 2145/2145 2146/2146 2147/2147
f 1802/1802 1801/1801 1799/1799
f 3589/3589 3590/3590 3591/3591
f 3591/3591 3590/3590 3595/3595
f 1819/1819 1823/1823 1818/1818
f 1818/1818 1823/1823 1815/1815
f 1802/1802 1803/1803 1801/1801
f 2147/2147 2146/2146 2148/2148
f 1817/1817 1819/1819 1818/1818
f 1813/1813 1802/1802 1812/1812
f 1812/1812 1802/1802 1809/1809
f 1809/1809 1802/1802 1799/1799
f 1822/1822 1821/1821 1820/1820
f 1820/1820 1821/1821 1819/1819
f 1820/1820 1819/1819 1817/1817
f 1825/1825 1822/1822 1824/1824
f 1824/1824 1822/1822 1820/1820
f 147/147 163/163 112/112
f 103/103 121/121 130/130
f 2157/2157 2129/2129 2133/2133
f 2141/2141 2142/2142 2143/2143
f 2143/2143 2144/2144 2145/2145
f 1819/1819 1821/1821 1832/1832
f 1829/1829 1821/1821 1822/1822
f 1826/1826 1828/1828 1825/1825
f 130/130 153/153 119/119
f 119/119 153/153 152/152
f 119/119 152/152 134/134
f 152/152 154/154 134/134
f 134/134 154/154 147/147
f 113/113 112/112 109/109
f 109/109 85/85 107/107
f 215/215 214/214 223/223
f 223/223 257/257 258/258
f 2133/2133 2134/2134 2151/2151
f 2151/2151 2134/2134 2135/2135
f 2155/2155 2135/2135 2149/2149
f 2149/2149 2135/2135 2136/2136
f 2153/2153 2136/2136 2150/2150
f 2150/2150 2136/2136 2140/2140
f 2150/2150 2140/2140 2141/2141
f 2143/2143 2145/2145 2158/2158
f 2145/2145 2147/2147 2164/2164
f 2164/2164 2147/2147 2167/2167
f 147/147 112/112 113/113
f 2157/2157 2133/2133 2152/2152
f 2152/2152 2133/2133 2151/2151
f 2155/2155 2151/2151 2135/2135
f 2166/2166 2141/2141 2143/2143
f 2166/2166 2143/2143 2158/2158
f 2367/2367 2383/2383 2374/2374
f 2158/2158 2145/2145 2164/2164
f 2167/2167 2147/2147 2168/2168
f 134/134 147/147 113/113
f 104/104 102/102 103/103
f 736/736 762/762 734/734
f 734/734 762/762 733/733
f 733/733 762/762 731/731
f 731/731 762/762 765/765
f 731/731 765/765 740/740
f 5474/5474 5478/5478 5491/5491
f 2149/2149 2136/2136 2153/2153
f 2150/2150 2141/2141 2163/2163
f 2163/2163 2141/2141 2165/2165
f 2165/2165 2141/2141 2166/2166
f 2164/2164 2167/2167 2168/2168
f 2153/2153 2150/2150 2163/2163
f 5567/5567 5575/5575 5565/5565
f 745/745 759/759 747/747
f 114/114 119/119 134/134
f 132/132 144/144 102/102
f 103/103 130/130 119/119
f 732/732 731/731 726/726
f 741/741 743/743 729/729
f 745/745 747/747 746/746
f 747/747 748/748 746/746
f 104/104 103/103 105/105
f 114/114 134/134 113/113
f 769/769 735/735 768/768
f 735/735 732/732 766/766
f 768/768 735/735 766/766
f 766/766 732/732 767/767
f 767/767 732/732 726/726
f 726/726 722/722 725/725
f 722/722 723/723 724/724
f 723/723 739/739 729/729
f 723/723 729/729 728/728
f 728/728 729/729 730/730
f 730/730 737/737 763/763
f 752/752 751/751 757/757
f 103/103 119/119 105/105
f 105/105 119/119 114/114
f 107/107 85/85 137/137
f 226/226 211/211 215/215
f 636/636 638/638 635/635
f 635/635 637/637 614/614
f 614/614 637/637 629/629
f 767/767 726/726 770/770
f 608/608 634/634 633/633
f 724/724 723/723 727/727
f 727/727 723/723 728/728
f 630/630 628/628 599/599
f 599/599 628/628 601/601
f 601/601 628/628 626/626
f 4964/4964 4952/4952 4950/4950
f 4952/4952 4951/4951 4950/4950
f 3380/3380 3379/3379 3381/3381
f 132/132 102/102 104/104
f 105/105 114/114 109/109
f 109/109 114/114 113/113
f 249/249 253/253 247/247
f 636/636 635/635 607/607
f 607/607 635/635 614/614
f 614/614 629/629 603/603
f 629/629 608/608 603/603
f 608/608 633/633 632/632
f 608/608 632/632 592/592
f 592/592 632/632 631/631
f 592/592 631/631 594/594
f 5500/5500 5496/5496 5526/5526
f 594/594 631/631 597/597
f 5666/5666 5500/5500 5526/5526
f 5666/5666 5526/5526 5532/5532
f 5666/5666 5532/5532 5558/5558
f 597/597 631/631 630/630
f 5561/5561 5666/5666 5558/5558
f 597/597 630/630 599/599
f 601/601 626/626 612/612
f 4950/4950 4951/4951 4949/4949
f 4951/4951 4953/4953 4949/4949
f 4954/4954 4953/4953 4955/4955
f 3381/3381 3382/3382 3383/3383
f 4966/4966 4954/4954 4955/4955
f 3360/3360 3373/3373 3363/3363
f 249/249 247/247 211/211
f 606/606 622/622 607/607
f 606/606 607/607 604/604
f 604/604 607/607 614/614
f 5533/5533 5588/5588 5515/5515
f 603/603 604/604 614/614
f 602/602 604/604 603/603
f 4788/4788 4787/4787 4789/4789
f 591/591 602/602 603/603
f 591/591 603/603 608/608
f 5554/5554 5534/5534 5527/5527
f 592/592 591/591 608/608
f 591/591 592/592 593/593
f 593/593 592/592 594/594
f 595/595 593/593 594/594
f 595/595 594/594 596/596
f 596/596 594/594 597/597
f 599/599 596/596 597/597
f 5557/5557 5561/5561 5558/5558
f 600/600 596/596 599/599
f 5562/5562 5561/5561 5557/5557
f 600/600 599/599 601/601
f 611/611 600/600 601/601
f 611/611 601/601 612/612
f 4954/4954 4947/4947 4949/4949
f 3378/3378 3376/3376 3379/3379
f 3361/3361 3354/3354 3357/3357
f 3361/3361 3357/3357 3363/3363
f 4477/4477 4479/4479 4473/4473
f 4479/4479 4477/4477 4481/4481
f 3362/3362 3354/3354 3370/3370
f 605/605 615/615 606/606
f 624/624 615/615 605/605
f 605/605 606/606 604/604
f 4784/4784 4781/4781 4782/4782
f 4782/4782 4786/4786 4785/4785
f 4784/4784 4782/4782 4785/4785
f 609/609 605/605 602/602
f 610/610 609/609 602/602
f 602/602 605/605 604/604
f 4787/4787 4784/4784 4785/4785
f 613/613 610/610 602/602
f 4787/4787 4785/4785 4793/4793
f 613/613 602/602 598/598
f 598/598 602/602 591/591
f 613/613 598/598 616/616
f 2809/2809 2820/2820 2821/2821
f 593/593 616/616 598/598
f 593/593 598/598 591/591
f 616/616 593/593 625/625
f 625/625 593/593 617/617
f 617/617 593/593 595/595
f 617/617 595/595 618/618
f 2823/2823 2838/2838 2836/2836
f 618/618 595/595 596/596
f 619/619 618/618 596/596
f 2838/2838 2839/2839 2834/2834
f 619/619 596/596 600/600
f 619/619 600/600 620/620
f 620/620 600/600 611/611
f 2839/2839 2842/2842 2830/2830
f 2830/2830 2842/2842 2831/2831
f 620/620 611/611 612/612
f 620/620 612/612 627/627
f 4946/4946 4950/4950 4949/4949
f 4946/4946 4949/4949 4947/4947
f 3351/3351 3350/3350 3353/3353
f 3350/3350 3351/3351 3352/3352
f 3350/3350 3352/3352 3356/3356
f 3356/3356 3352/3352 3358/3358
f 3356/3356 3358/3358 3359/3359
f 3356/3356 3359/3359 3357/3357
f 3357/3357 3359/3359 3360/3360
f 4466/4466 4469/4469 4478/4478
f 3354/3354 3353/3353 3350/3350
f 3350/3350 3356/3356 3354/3354
f 3355/3355 3353/3353 3354/3354
f 3364/3364 3355/3355 3362/3362
f 3368/3368 3364/3364 3362/3362
f 3362/3362 3355/3355 3354/3354
f 4790/4790 4794/4794 4775/4775
f 2856/2856 2857/2857 2855/2855
f 4776/4776 4790/4790 4775/4775
f 4773/4773 4776/4776 4775/4775
f 4783/4783 4790/4790 4776/4776
f 4781/4781 4783/4783 4776/4776
f 2856/2856 2855/2855 2852/2852
f 2855/2855 2853/2853 2852/2852
f 4776/4776 4777/4777 4780/4780
f 4781/4781 4776/4776 4780/4780
f 4782/4782 4781/4781 4780/4780
f 609/609 624/624 605/605
f 2853/2853 2854/2854 2829/2829
f 2852/2852 2853/2853 2829/2829
f 4782/4782 4780/4780 4786/4786
f 2829/2829 2827/2827 2826/2826
f 2826/2826 2827/2827 2818/2818
f 621/621 609/609 610/610
f 4785/4785 4786/4786 4792/4792
f 623/623 621/621 610/610
f 2818/2818 2827/2827 2828/2828
f 5072/5072 5073/5073 5074/5074
f 2818/2818 2824/2824 2820/2820
f 2818/2818 2820/2820 2814/2814
f 2814/2814 2820/2820 2809/2809
f 2809/2809 2821/2821 2810/2810
f 2808/2808 2809/2809 2810/2810
f 2813/2813 2810/2810 2821/2821
f 2813/2813 2823/2823 2819/2819
f 2819/2819 2823/2823 2836/2836
f 2836/2836 2838/2838 2834/2834
f 2830/2830 2834/2834 2839/2839
f 5704/5704 5557/5557 5611/5611
f 2831/2831 2842/2842 2843/2843
f 3351/3351 3367/3367 3352/3352
f 3352/3352 3367/3367 3366/3366
f 2843/2843 2842/2842 2847/2847
f 5571/5571 5572/5572 5576/5576
f 3352/3352 3366/3366 3358/3358
f 3358/3358 3366/3366 3369/3369
f 5571/5571 5576/5576 5574/5574
f 3681/3681 3692/3692 3683/3683
f 3358/3358 3369/3369 3371/3371
f 4946/4946 4947/4947 4948/4948
f 3365/3365 3351/3351 3353/3353
f 5573/5573 5571/5571 5574/5574
f 3364/3364 3365/3365 3353/3353
f 3355/3355 3364/3364 3353/3353
f 4478/4478 4469/4469 4473/4473
f 42/42 66/66 68/68
f 224/224 215/215 223/223
f 2859/2859 2857/2857 2858/2858
f 4777/4777 4776/4776 4773/4773
f 2858/2858 2856/2856 2852/2852
f 4780/4780 4777/4777 4779/4779
f 2860/2860 2852/2852 2829/2829
f 2826/2826 2818/2818 2817/2817
f 2808/2808 2814/2814 2809/2809
f 2836/2836 2834/2834 2835/2835
f 2835/2835 2834/2834 2833/2833
f 2834/2834 2830/2830 2833/2833
f 2833/2833 2830/2830 2832/2832
f 2830/2830 2831/2831 2832/2832
f 2847/2847 2849/2849 2848/2848
f 3681/3681 3683/3683 3682/3682
f 4948/4948 4956/4956 4957/4957
f 3682/3682 3683/3683 3684/3684
f 4957/4957 4965/4965 4961/4961
f 3687/3687 3688/3688 3689/3689
f 249/249 211/211 226/226
f 2860/2860 2858/2858 2852/2852
f 4777/4777 4773/4773 4778/4778
f 2860/2860 2829/2829 2861/2861
f 2861/2861 2829/2829 2826/2826
f 2861/2861 2826/2826 2817/2817
f 2818/2818 2814/2814 2817/2817
f 2817/2817 2814/2814 2815/2815
f 2815/2815 2814/2814 2808/2808
f 2811/2811 2808/2808 2810/2810
f 2811/2811 2810/2810 2812/2812
f 2810/2810 2813/2813 2812/2812
f 2812/2812 2813/2813 2819/2819
f 2843/2843 2847/2847 2846/2846
f 2846/2846 2847/2847 2848/2848
f 4958/4958 4948/4948 4957/4957
f 3684/3684 3687/3687 3685/3685
f 5546/5546 5547/5547 5551/5551
f 2863/2863 2861/2861 2817/2817
f 2815/2815 2808/2808 2816/2816
f 2816/2816 2808/2808 2811/2811
f 2812/2812 2819/2819 2822/2822
f 2822/2822 2819/2819 2837/2837
f 2819/2819 2836/2836 2837/2837
f 2837/2837 2836/2836 2835/2835
f 2832/2832 2831/2831 2840/2840
f 2840/2840 2831/2831 2843/2843
f 5743/5743 5744/5744 5745/5745
f 2840/2840 2843/2843 2846/2846
f 3680/3680 3681/3681 3682/3682
f 2848/2848 2849/2849 2850/2850
f 4958/4958 4957/4957 4959/4959
f 3682/3682 3684/3684 3685/3685
f 4470/4470 4475/4475 4474/4474
f 3687/3687 3689/3689 3693/3693
f 4767/4767 4774/4774 4768/4768
f 4991/4991 4995/4995 4994/4994
f 4991/4991 4994/4994 4993/4993
f 2817/2817 2815/2815 2863/2863
f 2816/2816 2811/2811 2825/2825
f 2811/2811 2812/2812 2825/2825
f 2837/2837 2835/2835 2844/2844
f 2844/2844 2835/2835 2833/2833
f 2833/2833 2832/2832 2841/2841
f 2841/2841 2832/2832 2840/2840
f 2846/2846 2848/2848 2851/2851
f 2851/2851 2848/2848 2850/2850
f 3695/3695 3682/3682 3685/3685
f 4499/4499 4500/4500 4501/4501
f 4501/4501 4500/4500 4502/4502
f 4990/4990 4991/4991 4992/4992
f 4992/4992 4991/4991 4993/4993
f 2881/2881 2883/2883 2870/2870
f 2867/2867 2866/2866 2825/2825
f 2837/2837 2844/2844 2845/2845
f 2841/2841 2840/2840 2851/2851
f 2840/2840 2846/2846 2851/2851
f 3697/3697 3682/3682 3696/3696
f 4503/4503 4504/4504 4500/4500
f 4500/4500 4504/4504 4502/4502
f 4502/4502 4504/4504 4506/4506
f 4769/4769 4768/4768 4770/4770
f 3644/3644 3655/3655 3654/3654
f 3644/3644 3654/3654 3646/3646
f 4763/4763 4764/4764 4765/4765
f 2504/2504 2502/2502 2505/2505
f 2888/2888 2871/2871 2869/2869
f 2888/2888 2869/2869 2887/2887
f 2867/2867 2845/2845 2872/2872
f 4972/4972 4970/4970 4959/4959
f 2885/2885 2882/2882 2889/2889
f 298/298 348/348 297/297
f 3643/3643 3644/3644 3646/3646
f 2882/2882 2871/2871 2889/2889
f 2889/2889 2871/2871 2888/2888
f 2891/2891 2887/2887 2886/2886
f 2886/2886 2872/2872 2892/2892
f 2874/2874 2875/2875 2890/2890
f 2890/2890 2875/2875 2877/2877
f 286/286 296/296 302/302
f 4456/4456 4455/4455 4454/4454
f 4458/4458 4456/4456 4454/4454
f 4497/4497 4503/4503 4500/4500
f 4497/4497 4500/4500 4499/4499
f 4498/4498 4497/4497 4499/4499
f 2508/2508 2509/2509 2510/2510
f 3643/3643 3646/3646 3647/3647
f 294/294 297/297 346/346
f 294/294 346/346 347/347
f 294/294 347/347 280/280
f 280/280 347/347 300/300
f 299/299 349/349 282/282
f 2482/2482 2516/2516 2515/2515
f 282/282 305/305 283/283
f 283/283 296/296 286/286
f 286/286 302/302 295/295
f 295/295 302/302 303/303
f 295/295 303/303 304/304
f 4487/4487 4496/4496 4497/4497
f 4487/4487 4497/4497 4498/4498
f 107/107 137/137 131/131
f 54/54 42/42 68/68
f 215/215 224/224 225/225
f 3642/3642 3639/3639 3648/3648
f 280/280 300/300 279/279
f 300/300 299/299 279/279
f 278/278 279/279 299/299
f 278/278 299/299 282/282
f 277/277 282/282 283/283
f 277/277 283/283 284/284
f 284/284 283/283 286/286
f 284/284 286/286 292/292
f 295/295 292/292 286/286
f 350/350 295/295 304/304
f 351/351 350/350 304/304
f 4962/4962 4963/4963 4960/4960
f 4459/4459 4449/4449 4452/4452
f 4398/4398 4396/4396 4399/4399
f 4495/4495 4496/4496 4487/4487
f 105/105 109/109 106/106
f 109/109 107/107 106/106
f 226/226 215/215 225/225
f 291/291 298/298 290/290
f 290/290 298/298 297/297
f 290/290 297/297 294/294
f 288/288 294/294 280/280
f 280/280 279/279 276/276
f 278/278 282/282 277/277
f 350/350 363/363 365/365
f 352/352 363/363 350/350
f 352/352 350/350 351/351
f 4453/4453 4450/4450 4449/4449
f 353/353 352/352 351/351
f 4495/4495 4515/4515 4496/4496
f 4491/4491 4488/4488 4490/4490
f 4490/4490 4494/4494 4487/4487
f 4494/4494 4495/4495 4487/4487
f 4485/4485 4460/4460 4491/4491
f 4491/4491 4490/4490 4486/4486
f 4486/4486 4490/4490 4487/4487
f 4485/4485 4491/4491 4486/4486
f 115/115 132/132 104/104
f 310/310 298/298 291/291
f 290/290 294/294 288/288
f 5763/5763 5761/5761 5760/5760
f 5770/5770 5771/5771 5772/5772
f 1623/1623 1622/1622 1612/1612
f 1607/1607 1623/1623 1612/1612
f 277/277 284/284 281/281
f 281/281 284/284 285/285
f 285/285 284/284 292/292
f 360/360 363/363 359/359
f 359/359 363/363 352/352
f 4488/4488 4493/4493 4489/4489
f 4492/4492 4493/4493 4488/4488
f 4451/4451 4492/4492 4452/4452
f 4489/4489 4494/4494 4490/4490
f 4452/4452 4492/4492 4491/4491
f 4492/4492 4488/4488 4491/4491
f 4452/4452 4491/4491 4460/4460
f 106/106 107/107 108/108
f 131/131 137/137 189/189
f 288/288 280/280 269/269
f 5773/5773 5772/5772 5771/5771
f 280/280 276/276 269/269
f 1612/1612 1622/1622 1621/1621
f 269/269 276/276 270/270
f 1607/1607 1612/1612 1611/1611
f 1611/1611 1612/1612 1621/1621
f 1611/1611 1621/1621 1620/1620
f 276/276 279/279 270/270
f 1607/1607 1611/1611 1605/1605
f 279/279 278/278 270/270
f 1605/1605 1611/1611 1613/1613
f 1604/1604 1614/1614 1607/1607
f 1604/1604 1607/1607 1605/1605
f 270/270 278/278 277/277
f 1605/1605 1613/1613 1618/1618
f 3755/3755 3757/3757 3762/3762
f 4508/4508 4492/4492 4451/4451
f 4494/4494 4489/4489 4505/4505
f 4494/4494 4505/4505 4509/4509
f 104/104 105/105 111/111
f 5765/5765 5766/5766 5767/5767
f 289/289 291/291 290/290
f 290/290 288/288 289/289
f 289/289 288/288 269/269
f 5643/5643 5644/5644 5645/5645
f 5638/5638 5637/5637 5636/5636
f 1603/1603 1614/1614 1604/1604
f 1603/1603 1604/1604 1605/1605
f 1603/1603 1605/1605 1606/1606
f 1606/1606 1605/1605 1619/1619
f 1609/1609 1614/1614 1603/1603
f 275/275 277/277 281/281
f 287/287 281/281 285/285
f 1624/1624 1610/1610 1615/1615
f 4509/4509 4505/4505 4510/4510
f 355/355 359/359 352/352
f 355/355 352/352 354/354
f 354/354 352/352 353/353
f 108/108 107/107 131/131
f 171/171 132/132 115/115
f 131/131 189/189 199/199
f 249/249 226/226 236/236
f 236/236 226/226 227/227
f 227/227 226/226 225/225
f 306/306 310/310 291/291
f 2990/2990 2998/2998 2993/2993
f 306/306 291/291 289/289
f 2990/2990 2993/2993 2989/2989
f 2970/2970 2990/2990 2989/2989
f 2970/2970 2989/2989 2978/2978
f 2969/2969 2970/2970 2978/2978
f 2994/2994 2970/2970 2954/2954
f 2954/2954 2970/2970 2969/2969
f 2969/2969 2978/2978 2979/2979
f 2954/2954 2969/2969 2952/2952
f 2952/2952 2969/2969 2979/2979
f 269/269 270/270 271/271
f 270/270 277/277 275/275
f 5623/5623 5636/5636 5637/5637
f 5623/5623 5637/5637 5639/5639
f 1609/1609 1603/1603 1608/1608
f 1608/1608 1603/1603 1606/1606
f 1608/1608 1606/1606 1617/1617
f 1617/1617 1606/1606 1619/1619
f 275/275 281/281 287/287
f 1615/1615 1608/1608 1617/1617
f 1609/1609 1608/1608 1610/1610
f 1616/1616 1609/1609 1610/1610
f 1610/1610 1608/1608 1615/1615
f 2910/2910 2909/2909 2907/2907
f 3745/3745 3748/3748 3756/3756
f 4510/4510 4512/4512 4513/4513
f 4510/4510 4513/4513 4517/4517
f 4513/4513 4519/4519 4518/4518
f 4517/4517 4513/4513 4518/4518
f 360/360 359/359 357/357
f 357/357 359/359 355/355
f 4510/4510 4517/4517 4520/4520
f 110/110 105/105 106/106
f 344/344 324/324 306/306
f 332/332 344/344 306/306
f 325/325 324/324 323/323
f 332/332 306/306 289/289
f 1712/1712 1707/1707 1683/1683
f 321/321 324/324 344/344
f 323/323 324/324 321/321
f 321/321 344/344 332/332
f 345/345 321/321 332/332
f 2994/2994 2954/2954 2953/2953
f 1708/1708 1683/1683 1672/1672
f 320/320 321/321 345/345
f 321/321 320/320 319/319
f 2953/2953 2954/2954 2952/2952
f 333/333 345/345 332/332
f 320/320 345/345 333/333
f 332/332 289/289 269/269
f 2951/2951 2953/2953 2952/2952
f 333/333 332/332 269/269
f 2953/2953 2951/2951 2950/2950
f 2952/2952 2979/2979 2976/2976
f 2951/2951 2952/2952 2949/2949
f 2949/2949 2952/2952 2976/2976
f 271/271 320/320 333/333
f 333/333 269/269 271/271
f 271/271 270/270 272/272
f 5619/5619 5622/5622 5621/5621
f 293/293 287/287 285/285
f 3745/3745 3756/3756 3747/3747
f 5244/5244 5245/5245 5246/5246
f 4381/4381 4377/4377 4383/4383
f 4520/4520 4517/4517 4522/4522
f 357/357 355/355 356/356
f 356/356 355/355 354/354
f 364/364 356/356 354/354
f 115/115 104/104 111/111
f 105/105 110/110 111/111
f 106/106 108/108 126/126
f 1707/1707 1706/1706 1684/1684
f 322/322 323/323 321/321
f 321/321 319/319 322/322
f 5652/5652 5649/5649 5653/5653
f 2967/2967 2953/2953 2950/2950
f 2967/2967 2950/2950 2968/2968
f 322/322 319/319 318/318
f 2950/2950 2951/2951 2949/2949
f 317/317 319/319 320/320
f 318/318 319/319 317/317
f 317/317 320/320 271/271
f 2949/2949 2976/2976 2974/2974
f 2974/2974 2976/2976 2995/2995
f 317/317 271/271 272/272
f 272/272 270/270 273/273
f 307/307 275/275 287/287
f 307/307 287/287 293/293
f 301/301 293/293 285/285
f 3758/3758 3753/3753 3749/3749
f 2895/2895 2907/2907 2909/2909
f 227/227 225/225 235/235
f 342/342 324/324 325/325
f 2987/2987 2967/2967 2968/2968
f 2945/2945 2950/2950 2949/2949
f 2968/2968 2950/2950 2945/2945
f 2968/2968 2945/2945 2965/2965
f 2945/2945 2949/2949 2944/2944
f 2944/2944 2949/2949 2974/2974
f 315/315 318/318 317/317
f 315/315 317/317 314/314
f 314/314 317/317 272/272
f 314/314 272/272 273/273
f 274/274 273/273 270/270
f 274/274 270/270 275/275
f 307/307 309/309 274/274
f 307/307 274/274 275/275
f 308/308 307/307 293/293
f 3759/3759 3758/3758 3749/3749
f 3750/3750 3746/3746 3751/3751
f 2906/2906 2895/2895 2899/2899
f 358/358 361/361 357/357
f 358/358 357/357 356/356
f 362/362 361/361 358/358
f 161/161 171/171 115/115
f 108/108 131/131 200/200
f 200/200 131/131 199/199
f 240/240 236/236 227/227
f 240/240 227/227 235/235
f 2404/2404 2410/2410 2402/2402
f 2403/2403 2402/2402 2410/2410
f 2988/2988 2968/2968 2965/2965
f 2974/2974 2995/2995 2996/2996
f 2943/2943 2945/2945 2944/2944
f 2943/2943 2944/2944 2942/2942
f 2944/2944 2974/2974 2975/2975
f 2942/2942 2944/2944 2975/2975
f 315/315 314/314 311/311
f 309/309 314/314 273/273
f 309/309 273/273 274/274
f 308/308 309/309 307/307
f 316/316 308/308 293/293
f 316/316 293/293 301/301
f 326/326 316/316 301/301
f 3759/3759 3749/3749 3750/3750
f 4173/4173 4169/4169 4165/4165
f 4164/4164 4165/4165 4160/4160
f 4164/4164 4160/4160 4162/4162
f 148/148 111/111 110/110
f 179/179 108/108 200/200
f 240/240 235/235 245/245
f 245/245 250/250 261/261
f 2434/2434 2404/2404 2433/2433
f 1363/1363 1347/1347 1360/1360
f 2433/2433 2404/2404 2401/2401
f 2724/2724 2745/2745 2744/2744
f 2404/2404 2402/2402 2401/2401
f 2401/2401 2402/2402 2400/2400
f 2400/2400 2402/2402 2403/2403
f 325/325 323/323 340/340
f 2724/2724 2744/2744 2732/2732
f 2403/2403 2410/2410 2423/2423
f 2401/2401 2400/2400 2398/2398
f 2400/2400 2403/2403 2409/2409
f 2409/2409 2403/2403 2423/2423
f 2398/2398 2400/2400 2399/2399
f 2399/2399 2400/2400 2409/2409
f 337/337 322/322 318/318
f 2964/2964 2988/2988 2965/2965
f 2960/2960 2965/2965 2945/2945
f 2943/2943 2960/2960 2945/2945
f 2942/2942 2975/2975 2941/2941
f 315/315 311/311 313/313
f 2940/2940 2943/2943 2942/2942
f 2940/2940 2942/2942 2941/2941
f 311/311 314/314 309/309
f 311/311 309/309 308/308
f 312/312 311/311 308/308
f 311/311 312/312 313/313
f 312/312 308/308 316/316
f 312/312 316/316 326/326
f 312/312 326/326 327/327
f 4169/4169 4170/4170 4168/4168
f 4165/4165 4169/4169 4168/4168
f 4160/4160 4168/4168 4167/4167
f 4160/4160 4167/4167 4159/4159
f 4160/4160 4159/4159 4158/4158
f 4160/4160 4158/4158 4161/4161
f 4162/4162 4160/4160 4161/4161
f 3740/3740 3754/3754 3742/3742
f 4162/4162 4161/4161 4163/4163
f 4163/4163 4161/4161 4166/4166
f 2896/2896 2893/2893 2898/2898
f 161/161 115/115 111/111
f 126/126 108/108 179/179
f 1008/1008 1011/1011 1013/1013
f 343/343 342/342 341/341
f 341/341 342/342 325/325
f 341/341 325/325 340/340
f 2724/2724 2732/2732 2723/2723
f 340/340 323/323 322/322
f 2723/2723 2732/2732 2731/2731
f 2419/2419 2401/2401 2398/2398
f 340/340 322/322 339/339
f 2418/2418 2419/2419 2398/2398
f 2409/2409 2423/2423 2420/2420
f 2418/2418 2398/2398 2417/2417
f 2399/2399 2409/2409 2405/2405
f 2405/2405 2409/2409 2420/2420
f 2398/2398 2399/2399 2397/2397
f 2397/2397 2399/2399 2405/2405
f 339/339 322/322 337/337
f 2960/2960 2964/2964 2965/2965
f 337/337 318/318 315/315
f 2946/2946 2960/2960 2943/2943
f 2962/2962 2960/2960 2946/2946
f 2946/2946 2943/2943 2940/2940
f 2941/2941 2996/2996 2992/2992
f 2946/2946 2940/2940 2939/2939
f 2939/2939 2940/2940 2941/2941
f 2941/2941 2992/2992 2973/2973
f 313/313 312/312 328/328
f 4176/4176 4179/4179 4178/4178
f 4180/4180 4179/4179 4176/4176
f 4176/4176 4178/4178 4177/4177
f 4180/4180 4176/4176 4174/4174
f 4174/4174 4176/4176 4175/4175
f 4174/4174 4175/4175 4157/4157
f 4175/4175 4176/4176 4177/4177
f 328/328 312/312 327/327
f 4158/4158 4159/4159 4156/4156
f 4158/4158 4156/4156 4152/4152
f 2900/2900 2899/2899 2897/2897
f 3742/3742 3735/3735 3740/3740
f 4166/4166 4161/4161 4171/4171
f 111/111 148/148 146/146
f 146/146 148/148 110/110
f 140/140 106/106 126/126
f 161/161 111/111 175/175
f 173/173 126/126 179/179
f 1001/1001 1011/1011 1008/1008
f 1008/1008 1013/1013 1010/1010
f 2732/2732 2742/2742 2731/2731
f 2731/2731 2742/2742 2743/2743
f 2405/2405 2420/2420 2424/2424
f 2417/2417 2398/2398 2396/2396
f 2396/2396 2398/2398 2397/2397
f 2422/2422 2405/2405 2424/2424
f 2406/2406 2397/2397 2405/2405
f 2405/2405 2422/2422 2406/2406
f 2964/2964 2960/2960 2963/2963
f 2963/2963 2960/2960 2962/2962
f 2947/2947 2946/2946 2939/2939
f 2939/2939 2941/2941 2973/2973
f 2972/2972 2939/2939 2973/2973
f 3701/3701 3715/3715 3706/3706
f 3713/3713 3715/3715 3701/3701
f 4301/4301 4297/4297 4298/4298
f 4301/4301 4298/4298 4302/4302
f 3704/3704 3701/3701 3706/3706
f 3704/3704 3706/3706 3709/3709
f 4530/4530 4529/4529 4531/4531
f 4528/4528 4529/4529 4523/4523
f 4523/4523 4529/4529 4530/4530
f 3716/3716 3704/3704 3714/3714
f 3714/3714 3704/3704 3709/3709
f 4156/4156 4174/4174 4157/4157
f 3717/3717 3716/3716 3714/3714
f 4152/4152 4156/4156 4157/4157
f 328/328 327/327 329/329
f 4161/4161 4158/4158 4172/4172
f 4172/4172 4158/4158 4152/4152
f 3729/3729 3740/3740 3735/3735
f 4161/4161 4172/4172 4171/4171
f 146/146 110/110 140/140
f 140/140 110/110 106/106
f 175/175 111/111 146/146
f 140/140 126/126 173/173
f 192/192 161/161 175/175
f 1002/1002 1011/1011 1001/1001
f 989/989 1007/1007 992/992
f 989/989 992/992 987/987
f 44/44 38/38 70/70
f 999/999 1001/1001 1008/1008
f 1003/1003 989/989 988/988
f 999/999 1008/1008 1010/1010
f 39/39 44/44 69/69
f 48/48 39/39 69/69
f 1009/1009 988/988 1006/1006
f 1014/1014 999/999 1015/1015
f 1382/1382 1384/1384 1379/1379
f 1379/1379 1383/1383 1380/1380
f 1382/1382 1379/1379 1376/1376
f 1375/1375 1379/1379 1380/1380
f 1376/1376 1379/1379 1375/1375
f 2724/2724 2723/2723 2722/2722
f 2730/2730 2724/2724 2722/2722
f 2723/2723 2731/2731 2719/2719
f 2722/2722 2723/2723 2719/2719
f 2731/2731 2743/2743 2720/2720
f 2743/2743 2746/2746 2720/2720
f 2720/2720 2746/2746 2725/2725
f 2725/2725 2746/2746 2741/2741
f 2394/2394 2397/2397 2406/2406
f 2396/2396 2397/2397 2394/2394
f 2393/2393 2396/2396 2394/2394
f 2406/2406 2422/2422 2407/2407
f 2394/2394 2406/2406 2407/2407
f 337/337 315/315 336/336
f 336/336 315/315 313/313
f 2966/2966 2963/2963 2962/2962
f 2966/2966 2962/2962 2957/2957
f 2957/2957 2962/2962 2946/2946
f 2957/2957 2946/2946 2947/2947
f 335/335 313/313 328/328
f 2991/2991 2973/2973 2992/2992
f 2972/2972 2973/2973 2991/2991
f 2948/2948 2947/2947 2939/2939
f 2948/2948 2939/2939 2972/2972
f 3710/3710 3713/3713 3701/3701
f 4301/4301 4295/4295 4297/4297
f 3701/3701 3704/3704 3703/3703
f 4523/4523 4530/4530 4524/4524
f 3618/3618 3623/3623 3621/3621
f 330/330 328/328 329/329
f 4527/4527 4528/4528 4523/4523
f 4527/4527 4523/4523 4526/4526
f 4152/4152 4151/4151 4147/4147
f 4152/4152 4147/4147 4172/4172
f 3732/3732 3729/3729 3735/3735
f 3729/3729 3734/3734 3737/3737
f 991/991 1012/1012 990/990
f 990/990 1012/1012 993/993
f 146/146 140/140 176/176
f 176/176 140/140 190/190
f 190/190 140/140 173/173
f 996/996 1002/1002 1001/1001
f 987/987 992/992 991/991
f 995/995 1001/1001 999/999
f 996/996 1001/1001 995/995
f 988/988 989/989 987/987
f 988/988 987/987 985/985
f 994/994 988/988 985/985
f 997/997 995/995 999/999
f 1384/1384 1382/1382 1390/1390
f 1390/1390 1382/1382 1385/1385
f 1385/1385 1382/1382 1376/1376
f 1374/1374 1385/1385 1376/1376
f 1385/1385 1374/1374 1395/1395
f 1374/1374 1376/1376 1375/1375
f 1374/1374 1375/1375 1368/1368
f 1375/1375 1398/1398 1399/1399
f 1368/1368 1375/1375 1381/1381
f 1381/1381 1375/1375 1399/1399
f 1373/1373 1374/1374 1368/1368
f 2719/2719 2731/2731 2720/2720
f 1369/1369 1373/1373 1368/1368
f 1367/1367 1368/1368 1381/1381
f 1131/1131 1133/1133 1123/1123
f 1369/1369 1368/1368 1365/1365
f 1365/1365 1368/1368 1367/1367
f 339/339 337/337 338/338
f 1131/1131 1123/1123 1121/1121
f 1377/1377 1369/1369 1365/1365
f 2725/2725 2741/2741 2726/2726
f 2726/2726 2741/2741 2729/2729
f 1365/1365 1367/1367 1366/1366
f 2729/2729 2741/2741 2733/2733
f 2392/2392 2393/2393 2394/2394
f 338/338 337/337 336/336
f 2392/2392 2394/2394 2395/2395
f 1132/1132 1131/1131 1121/1121
f 2395/2395 2394/2394 2408/2408
f 2408/2408 2394/2394 2407/2407
f 2733/2733 2740/2740 2735/2735
f 1364/1364 1365/1365 1366/1366
f 1378/1378 1377/1377 1365/1365
f 1378/1378 1365/1365 1364/1364
f 2407/2407 2425/2425 2415/2415
f 2411/2411 2407/2407 2415/2415
f 2408/2408 2407/2407 2411/2411
f 1364/1364 1366/1366 1370/1370
f 1130/1130 1132/1132 1121/1121
f 1710/1710 1682/1682 1692/1692
f 2411/2411 2415/2415 2413/2413
f 2413/2413 2415/2415 2444/2444
f 2412/2412 2408/2408 2411/2411
f 336/336 313/313 335/335
f 2412/2412 2411/2411 2413/2413
f 2413/2413 2444/2444 2416/2416
f 1130/1130 1121/1121 1122/1122
f 2991/2991 2992/2992 2997/2997
f 2958/2958 2957/2957 2947/2947
f 2412/2412 2413/2413 2414/2414
f 2414/2414 2413/2413 2416/2416
f 2955/2955 2947/2947 2948/2948
f 3700/3700 3710/3710 3701/3701
f 1371/1371 1378/1378 1364/1364
f 2971/2971 2948/2948 2972/2972
f 3700/3700 3701/3701 3702/3702
f 335/335 328/328 330/330
f 1371/1371 1364/1364 1370/1370
f 3703/3703 3702/3702 3701/3701
f 3702/3702 3703/3703 3705/3705
f 1371/1371 1370/1370 1372/1372
f 1130/1130 1122/1122 1126/1126
f 10/10 11/11 12/12
f 1372/1372 1370/1370 1386/1386
f 330/330 329/329 331/331
f 3741/3741 3733/3733 3732/3732
f 3729/3729 3730/3730 3731/3731
f 3729/3729 3731/3731 3734/3734
f 5041/5041 5042/5042 5043/5043
f 3737/3737 3738/3738 3739/3739
f 4172/4172 4147/4147 4154/4154
f 998/998 1002/1002 996/996
f 987/987 991/991 984/984
f 985/985 987/987 984/984
f 1396/1396 1390/1390 1385/1385
f 2718/2718 2722/2722 2719/2719
f 1393/1393 1395/1395 1374/1374
f 1393/1393 1374/1374 1373/1373
f 1393/1393 1373/1373 1394/1394
f 1391/1391 1394/1394 1373/1373
f 2718/2718 2719/2719 2720/2720
f 1391/1391 1373/1373 1369/1369
f 1394/1394 1391/1391 1411/1411
f 1392/1392 1391/1391 1369/1369
f 1392/1392 1369/1369 1377/1377
f 1391/1391 1392/1392 1411/1411
f 2726/2726 2729/2729 2728/2728
f 2728/2728 2729/2729 2733/2733
f 2728/2728 2733/2733 2734/2734
f 2734/2734 2733/2733 2735/2735
f 1392/1392 1377/1377 1387/1387
f 2735/2735 2740/2740 2737/2737
f 1387/1387 1377/1377 1378/1378
f 2435/2435 2395/2395 2408/2408
f 2737/2737 2740/2740 2739/2739
f 1388/1388 1387/1387 1378/1378
f 2435/2435 2408/2408 2412/2412
f 1692/1692 1693/1693 1714/1714
f 2997/2997 3000/3000 2999/2999
f 2991/2991 2997/2997 2999/2999
f 2439/2439 2435/2435 2436/2436
f 2436/2436 2435/2435 2412/2412
f 2955/2955 2958/2958 2947/2947
f 2436/2436 2412/2412 2414/2414
f 4218/4218 4216/4216 4225/4225
f 2436/2436 2414/2414 2437/2437
f 2414/2414 2416/2416 2421/2421
f 2971/2971 2972/2972 2991/2991
f 2985/2985 2971/2971 2991/2991
f 2427/2427 2414/2414 2426/2426
f 2414/2414 2427/2427 2437/2437
f 2426/2426 2414/2414 2421/2421
f 1388/1388 1378/1378 1371/1371
f 1397/1397 1388/1388 1389/1389
f 2956/2956 2955/2955 2948/2948
f 2956/2956 2948/2948 2971/2971
f 1389/1389 1388/1388 1371/1371
f 335/335 330/330 334/334
f 2911/2911 2913/2913 2904/2904
f 2911/2911 2904/2904 2903/2903
f 993/993 998/998 983/983
f 991/991 990/990 984/984
f 983/983 998/998 996/996
f 982/982 983/983 996/996
f 982/982 996/996 995/995
f 985/985 984/984 980/980
f 981/981 982/982 995/995
f 994/994 985/985 980/980
f 981/981 995/995 997/997
f 1396/1396 1385/1385 1410/1410
f 1410/1410 1385/1385 1395/1395
f 1701/1701 1703/1703 1711/1711
f 1413/1413 1410/1410 1395/1395
f 2747/2747 2722/2722 2718/2718
f 1413/1413 1395/1395 1393/1393
f 1123/1123 1127/1127 1124/1124
f 1393/1393 1394/1394 1413/1413
f 1413/1413 1394/1394 1412/1412
f 2720/2720 2725/2725 2721/2721
f 1408/1408 1394/1394 1411/1411
f 2721/2721 2725/2725 2726/2726
f 2721/2721 2726/2726 2727/2727
f 1408/1408 1411/1411 1406/1406
f 1411/1411 1392/1392 1406/1406
f 2727/2727 2726/2726 2728/2728
f 2734/2734 2735/2735 2736/2736
f 2736/2736 2735/2735 2737/2737
f 1392/1392 1387/1387 1404/1404
f 2737/2737 2739/2739 2738/2738
f 1387/1387 1388/1388 1404/1404
f 2738/2738 2739/2739 2748/2748
f 4304/4304 4303/4303 4300/4300
f 2749/2749 2748/2748 2739/2739
f 4306/4306 4299/4299 4303/4303
f 3001/3001 2999/2999 3000/3000
f 4305/4305 4304/4304 4300/4300
f 1388/1388 1397/1397 1404/1404
f 3712/3712 3700/3700 3708/3708
f 3712/3712 3710/3710 3700/3700
f 2440/2440 2439/2439 2436/2436
f 2438/2438 2440/2440 2436/2436
f 2438/2438 2436/2436 2437/2437
f 3702/3702 3708/3708 3700/3700
f 2442/2442 2440/2440 2438/2438
f 2983/2983 2971/2971 2985/2985
f 3708/3708 3702/3702 3707/3707
f 2443/2443 2442/2442 2438/2438
f 2443/2443 2438/2438 2429/2429
f 1397/1397 1389/1389 1400/1400
f 2958/2958 2955/2955 2956/2956
f 2958/2958 2956/2956 2959/2959
f 3707/3707 3702/3702 3705/3705
f 4146/4146 4150/4150 4155/4155
f 2437/2437 2427/2427 2429/2429
f 2956/2956 2971/2971 2977/2977
f 3711/3711 3707/3707 3705/3705
f 2429/2429 2427/2427 2428/2428
f 2427/2427 2426/2426 2428/2428
f 2428/2428 2426/2426 2421/2421
f 2428/2428 2421/2421 2441/2441
f 331/331 334/334 330/330
f 2916/2916 2914/2914 2911/2911
f 984/984 990/990 978/978
f 978/978 990/990 993/993
f 978/978 993/993 983/983
f 984/984 978/978 977/977
f 982/982 978/978 983/983
f 980/980 977/977 979/979
f 977/977 978/978 979/979
f 981/981 978/978 982/982
f 979/979 978/978 981/981
f 980/980 979/979 986/986
f 979/979 981/981 986/986
f 1394/1394 1408/1408 1412/1412
f 2718/2718 2720/2720 2721/2721
f 1406/1406 1392/1392 1404/1404
f 2736/2736 2737/2737 2738/2738
f 1120/1120 1117/1117 1128/1128
f 1403/1403 1404/1404 1397/1397
f 1402/1402 1403/1403 1397/1397
f 2983/2983 2985/2985 2984/2984
f 1120/1120 1128/1128 1129/1129
f 1401/1401 1402/1402 1397/1397
f 1401/1401 1397/1397 1400/1400
f 1125/1125 1120/1120 1129/1129
f 2429/2429 2438/2438 2437/2437
f 2961/2961 2959/2959 2956/2956
f 2982/2982 2983/2983 2984/2984
f 2982/2982 2984/2984 2986/2986
f 2961/2961 2956/2956 2977/2977
f 2961/2961 2977/2977 2980/2980
f 2430/2430 2429/2429 2428/2428
f 2428/2428 2441/2441 2432/2432
f 2430/2430 2428/2428 2432/2432
f 2915/2915 2911/2911 2903/2903
f 1335/1335 1343/1343 1361/1361
f 1409/1409 1412/1412 1408/1408
f 1407/1407 1409/1409 1408/1408
f 1407/1407 1408/1408 1406/1406
f 1117/1117 1118/1118 1119/1119
f 1690/1690 1689/1689 1715/1715
f 1405/1405 1407/1407 1406/1406
f 1405/1405 1406/1406 1404/1404
f 5305/5305 5306/5306 5307/5307
f 1403/1403 1405/1405 1404/1404
f 2980/2980 2983/2983 2982/2982
f 2431/2431 2429/2429 2430/2430
f 2961/2961 2980/2980 2981/2981
f 2981/2981 2980/2980 2982/2982

