# https://github.com/mikedh/trimesh
mtllib material.mtl

o geometry_0
usemtl material_0
v 0.10036445 0.00108476 -0.00694286
v 0.09831569 -0.00025708 -0.00694502
v 0.08640081 0.00133792 -0.00710694
v 0.08324638 -0.00060245 -0.00716925
v 0.08804865 0.00431200 -0.00681136
v 0.07679323 0.00444518 -0.00731334
v 0.07803731 0.00027984 -0.00744567
v 0.06203955 0.00085560 -0.00805448
v 0.07008348 0.00546318 -0.00743003
v 0.06020423 0.00538069 -0.00794739
v 0.05159618 0.00039826 -0.00839143
v 0.03979785 0.00544102 -0.00851832
v 0.03792801 0.00069390 -0.00869683
v 0.04820635 0.00660281 -0.00817797
v 0.02187751 0.00467482 -0.00854612
v 0.01928468 0.00046831 -0.00875771
v 0.00871168 0.00075735 -0.00868612
v 0.00898508 0.00456505 -0.00845981
v 0.05522513 -0.00478665 -0.00805823
v 0.06671530 -0.00384677 -0.00765284
v -0.00530890 0.00044705 -0.00882318
v -0.00821926 0.00449087 -0.00875961
v -0.02010836 0.00076781 -0.00907781
v -0.02409458 0.00474252 -0.00910422
v -0.02834711 0.00046312 -0.00928450
v -0.03446432 0.00505314 -0.00929455
v -0.04188902 0.00046858 -0.00938838
v -0.05947287 -0.00005790 -0.00944965
v -0.06369718 -0.00526900 -0.00940830
v -0.06609087 0.00078279 -0.00941878
v -0.06225784 0.00615667 -0.00940624
v -0.04988827 0.00567573 -0.00936947
v -0.04621821 -0.00458053 -0.00924494
v 0.11302421 0.00034650 -0.00664129
v 0.04768228 -0.00499487 -0.00817793
v 0.03660860 -0.00396403 -0.00844204
v -0.06989364 -0.00437794 -0.00924209
v -0.06844957 0.00628608 -0.00921802
v -0.06535282 0.00966830 -0.00917706
v -0.04665034 0.00854608 -0.00913044
v -0.01815724 0.00650143 -0.00875944
v -0.03670942 0.00882022 -0.00888655
v 0.02170926 -0.00384110 -0.00844029
v 0.00528594 -0.00371547 -0.00834643
v -0.06470715 -0.00874931 -0.00918007
v -0.02241215 -0.00369177 -0.00879547
v -0.07117930 -0.00949241 -0.00882295
v 0.07204651 -0.00514973 -0.00713457
v -0.03515887 -0.00559080 -0.00883819
v -0.04970611 -0.00763998 -0.00890966
v -0.00173949 -0.00486512 -0.00817169
v 0.08688636 -0.00318130 -0.00672863
v 0.10533738 -0.00301528 -0.00644666
v 0.11682841 -0.00329335 -0.00630504
v 0.13995281 -0.00016769 -0.00650163
v 0.13980101 -0.00310357 -0.00628186
v 0.15488790 -0.00481507 -0.00661018
v 0.15115887 0.00040719 -0.00675798
v 0.16543704 -0.00410841 -0.00662193
v 0.16753429 0.00045061 -0.00656578
v 0.16767446 -0.00425297 -0.00650788
v 0.12939404 0.00103193 -0.00649036
v 0.14182074 0.00163432 -0.00639927
v 0.15832093 0.00177798 -0.00655952
v -0.07167813 0.00061919 -0.00898963
v 0.01991423 -0.00534807 -0.00817554
v 0.03641188 -0.00603663 -0.00808036
v -0.07004013 0.00968747 -0.00887340
v 0.10774946 0.00429421 -0.00628808
v 0.12874539 0.00333213 -0.00606892
v -0.00065728 0.00722370 -0.00816877
v 0.15270751 0.00382548 -0.00624862
v 0.01090180 0.00677352 -0.00810278
v 0.02626263 0.00716343 -0.00815075
v 0.16682523 0.00388399 -0.00605181
v -0.06180360 -0.01046757 -0.00880413
v 0.15193238 -0.00547558 -0.00638454
v 0.07672471 0.00580759 -0.00708808
v -0.07059497 0.01272142 -0.00831731
v -0.05389296 0.01041482 -0.00887984
v -0.06486661 0.01196057 -0.00876618
v 0.04161309 0.00838057 -0.00793381
v 0.08914941 0.00600992 -0.00642021
v -0.01765537 0.00869038 -0.00825095
v 0.16364495 0.00488223 -0.00576790
v 0.16747028 0.00433811 -0.00614892
v 0.16611411 -0.00867383 -0.00566809
v 0.16813536 -0.00722810 -0.00592613
v -0.07218619 0.00989520 -0.00837060
v 0.05718153 0.00792044 -0.00746313
v -0.02726688 -0.00667633 -0.00830790
v -0.01177382 -0.00533843 -0.00819346
v 0.09656174 -0.00393985 -0.00638985
v 0.13918547 0.00469421 -0.00555676
v 0.05463724 -0.00731866 -0.00746690
v -0.07309768 -0.00781020 -0.00838667
v 0.14095358 -0.00491896 -0.00591621
v 0.12958334 -0.00418165 -0.00600030
v 0.08673933 -0.00513068 -0.00625297
v -0.06909295 -0.01172299 -0.00827207
v -0.03678970 -0.00810368 -0.00818185
v -0.05039202 -0.01000388 -0.00822810
v -0.07311820 -0.00225212 -0.00850932
v -0.04044293 0.01092686 -0.00839193
v -0.06566007 0.01338281 -0.00832253
v -0.05376813 0.01222681 -0.00831052
v 0.15564408 -0.00845990 -0.00548643
v 0.06847060 -0.00801765 -0.00644709
v 0.03250542 -0.00755407 -0.00756734
v 0.07611977 0.00798702 -0.00638449
v 0.06273891 0.00931867 -0.00655788
v -0.06221835 -0.01183770 -0.00833326
v 0.10824792 -0.00559635 -0.00547637
v 0.00768059 -0.00719043 -0.00738049
v -0.00489460 -0.00702899 -0.00743691
v 0.01074242 0.00838141 -0.00754158
v 0.02476465 0.00894245 -0.00749492
v 0.00074809 0.00885816 -0.00753841
v 0.15344275 0.00566640 -0.00558652
v -0.01502532 -0.00715295 -0.00760073
v 0.11588169 0.00445805 -0.00601020
v 0.12961066 0.00500365 -0.00543926
v 0.10102116 0.00714937 -0.00541900
v 0.11463484 0.00607200 -0.00543303
v 0.08511299 0.00876456 -0.00544080
v 0.16803828 0.00191280 -0.00720501
v -0.07216334 -0.01051666 -0.00832673
v 0.16784266 -0.01015556 -0.00489567
v 0.14129464 -0.00639047 -0.00533034
v 0.05097434 -0.01008426 -0.00640968
v 0.03867149 0.00996461 -0.00726622
v 0.12959879 -0.00577447 -0.00533849
v 0.09728485 -0.00610588 -0.00548833
v 0.04080275 -0.01009067 -0.00643204
v 0.08781151 -0.00705446 -0.00533532
v 0.07650625 -0.00874775 -0.00539358
v 0.04370767 0.01089808 -0.00672521
v 0.02494167 -0.00948835 -0.00647619
v 0.06559223 -0.01043019 -0.00535346
v -0.07175704 -0.01259296 -0.00733942
v -0.02999943 -0.00861563 -0.00733211
v 0.00692655 -0.00876738 -0.00648400
v -0.01055157 -0.00837465 -0.00662964
v -0.07312225 0.01057515 -0.00770578
v -0.07143610 0.01406082 -0.00748547
v 0.05143705 -0.01168909 -0.00540729
v -0.04297930 -0.01012337 -0.00738946
v 0.03893394 -0.01146916 -0.00546040
v -0.06805912 -0.01309373 -0.00742344
v 0.02662929 -0.01088521 -0.00559998
v -0.06148765 -0.01289920 -0.00747813
v 0.01172326 -0.01045111 -0.00533905
v 0.00082517 -0.00988261 -0.00539829
v 0.12188169 -0.00707473 -0.00444763
v 0.13361938 -0.00727464 -0.00433030
v 0.14391634 -0.00824551 -0.00424389
v 0.15587808 -0.00988478 -0.00442698
v -0.07307856 -0.01160610 -0.00734348
v 0.10888251 -0.00701245 -0.00446121
v 0.08780204 -0.00835870 -0.00435277
v 0.09820936 -0.00731320 -0.00451812
v 0.16862356 -0.01006094 -0.00547109
v 0.07733677 -0.00972816 -0.00451271
v 0.06705233 -0.01116526 -0.00456431
v -0.07298044 0.01391276 -0.00635858
v 0.17877142 -0.00150019 0.01072079
v 0.18813037 0.00334449 0.01060074
v 0.17800583 0.00522443 0.01091556
v 0.18281989 0.00810648 0.01083605
v 0.18846543 -0.00826051 0.01010392
v 0.18466298 -0.01067220 0.01001884
v 0.18866625 0.01084216 0.01063178
v 0.17679801 -0.00996659 0.01004496
v 0.18914265 -0.01666210 0.00924902
v 0.18279058 -0.02244555 0.00876628
v 0.18861607 -0.02637954 0.00830499
v 0.18124497 -0.03439058 0.00770655
v 0.18778769 -0.03882426 0.00724099
v 0.18191790 -0.04997207 0.00651022
v 0.17640848 -0.04787706 0.00661145
v 0.17621497 -0.05588001 0.00622237
v 0.18430594 -0.05676152 0.00597090
v 0.17825385 -0.05841462 0.00594503
v 0.17658035 -0.02663360 0.00827876
v 0.17681381 -0.03553937 0.00746672
v 0.17445750 -0.01698608 0.00915629
v 0.18788327 -0.04933337 0.00618656
v 0.17386571 -0.01095610 0.00980407
v 0.17208099 -0.00240110 0.01029241
v 0.17562859 -0.05857441 0.00574909
v 0.16945637 -0.00312015 0.00993151
v 0.17808774 0.00902040 0.01078163
v 0.16960405 0.00490834 0.01010236
v 0.18079201 0.01418318 0.01053651
v 0.18909862 -0.00480738 0.01015106
v 0.17342617 0.01483607 0.01020359
v 0.18905047 0.01822881 0.01013433
v 0.18452737 0.02090977 0.01000990
v 0.18775789 -0.05619300 0.00550548
v 0.17467417 0.02719117 0.00944194
v 0.18869698 0.03022866 0.00914248
v 0.18878427 -0.03769530 0.00717726
v 0.18475422 0.03611947 0.00870742
v 0.17460122 0.03506559 0.00879230
v 0.18892392 0.04033673 0.00821743
v 0.18866729 0.04430004 0.00783912
v 0.18374541 0.04674437 0.00767577
v 0.17471144 0.04363606 0.00792224
v 0.17371770 0.03135611 0.00905324
v 0.18937258 0.03013821 0.00903632
v 0.17417892 0.04041631 0.00821003
v 0.17448059 0.04839599 0.00728471
v 0.18805601 0.04896689 0.00717947
v 0.18938884 0.04024092 0.00793786
v 0.18922106 0.04838485 0.00714511
v 0.18008719 0.04936787 0.00719082
v 0.18982985 0.00994075 0.01025520
v 0.17018001 0.00952543 0.00993137
v 0.17006067 -0.00987905 0.00925463
v 0.16795910 0.00080757 0.00963466
v 0.17584199 -0.02547651 0.00821172
v 0.17343074 0.03401173 0.00858997
v 0.16788837 0.00472227 0.00958405
v 0.18930726 -0.02628616 0.00806127
v 0.18977727 -0.01792857 0.00864158
v 0.16870722 -0.00640869 0.00928711
v 0.16816724 -0.00286712 0.00950422
v 0.17393775 -0.01860298 0.00867228
v 0.17123637 -0.01505408 0.00818750
v 0.16790352 0.00806298 0.00918495
v 0.19000013 -0.00974233 0.00920513
v 0.16986797 0.01192970 0.00917655
v 0.17240767 0.01364558 0.00996698
v 0.17292336 0.01769464 0.00966315
v 0.18839949 -0.05038610 0.00568711
v 0.17541341 0.05008647 0.00639644
v 0.19014750 0.02029702 0.00914859
v 0.17536104 -0.03710956 0.00642451
v 0.17530838 -0.02925200 0.00720654
v 0.17462405 -0.02541029 0.00743961
v 0.17160701 0.01493765 0.00907818
v 0.17510016 -0.04861166 0.00560788
v 0.18288228 -0.05742381 0.00575550
v 0.17228307 -0.01855353 0.00749006
v 0.17338830 -0.02151397 0.00734934
v 0.18998982 0.03350463 0.00810772
v 0.16884344 -0.00942735 0.00840304
v 0.18008413 0.05027742 0.00639353
v 0.16951130 -0.01188777 0.00788644
v 0.16779715 0.00956572 0.00828288
v 0.04585075 0.00005489 0.00920248
v 0.03548404 0.00001128 0.00905511
v 0.04144088 -0.00471557 0.00903489
v 0.05125321 -0.00425171 0.00909231
v 0.05478346 -0.00066553 0.00919626
v 0.06121227 0.00063197 0.00914054
v 0.06303454 -0.00427333 0.00887773
v 0.02797255 -0.00030717 0.00886372
v 0.01619900 -0.00159975 0.00851875
v 0.01985397 -0.00417600 0.00854326
v 0.00940474 -0.00361232 0.00805643
v 0.00885219 0.00072211 0.00810961
v -0.00192396 -0.00057507 0.00775464
v -0.01205720 0.00109381 0.00747265
v -0.01116759 -0.00287500 0.00730594
v -0.01801287 0.00057073 0.00739620
v 0.04924879 0.00497270 0.00894753
v 0.03825966 0.00489098 0.00881394
v 0.01770853 0.00307739 0.00824606
v 0.00097949 0.00349809 0.00762479
v 0.02695818 0.00481357 0.00839916
v -0.01237364 0.00425410 0.00720365
v -0.02814750 0.00331216 0.00702973
v -0.03590479 0.00420547 0.00690203
v -0.03000852 0.00089437 0.00714253
v 0.05885841 0.00498506 0.00885720
v -0.05216034 0.00073175 0.00708608
v -0.05179000 0.00580712 0.00676183
v -0.06306754 0.00598762 0.00667211
v -0.06564375 0.00029246 0.00671372
v -0.06952406 0.00852489 0.00609894
v -0.06512758 -0.00532582 0.00652597
v -0.06684012 0.01073736 0.00604309
v -0.05730636 0.00963926 0.00628155
v -0.03950153 -0.00358759 0.00690218
v -0.05188514 -0.00497318 0.00674852
v -0.02778458 -0.00373140 0.00688780
v -0.00011202 -0.00316000 0.00763629
v -0.07016836 -0.00290913 0.00616192
v 0.06572634 0.00507277 0.00862297
v 0.06967831 0.00027811 0.00869604
v 0.07118151 0.00396847 0.00837567
v 0.08220749 0.00047146 0.00790929
v 0.08371280 0.00415035 0.00763098
v 0.07029246 -0.00333935 0.00853005
v 0.09435442 0.00057134 0.00740526
v 0.09322257 0.00426219 0.00720819
v 0.10589733 0.00328218 0.00698119
v 0.10650474 0.00052050 0.00718429
v 0.11234615 0.00235959 0.00718107
v 0.11501591 -0.00019715 0.00718463
v 0.11889251 0.00291349 0.00706050
v 0.12121395 0.00112206 0.00725068
v 0.13623428 0.00237564 0.00707420
v 0.13483903 0.00016614 0.00722913
v 0.14736551 0.00046914 0.00743721
v -0.03941648 0.00881302 0.00615607
v -0.02696890 0.00747473 0.00630914
v 0.03455504 0.00667528 0.00839201
v 0.00239931 0.00538057 0.00733211
v 0.01598642 0.00664271 0.00751894
v 0.14589891 0.00384036 0.00682367
v 0.15449491 0.00008834 0.00770277
v 0.16289250 0.00231935 0.00773498
v 0.16685936 -0.00186204 0.00803551
v 0.16704070 0.00208830 0.00799291
v 0.16689272 0.00571157 0.00762243
v 0.04633487 0.00798477 0.00832496
v 0.12956386 -0.00117471 0.00716531
v 0.14614085 -0.00227632 0.00724867
v 0.12417725 -0.00281178 0.00700217
v 0.16521434 -0.00403031 0.00784622
v 0.07792072 0.00647762 0.00744436
v 0.10566493 -0.00181221 0.00699300
v 0.11396054 -0.00344558 0.00679956
v 0.15201111 -0.00327968 0.00732068
v 0.13482707 -0.00264456 0.00695941
v -0.06997152 -0.00874241 0.00585401
v 0.08287570 -0.00363501 0.00752141
v 0.09542261 -0.00315675 0.00696785
v -0.07126141 0.00449188 0.00589034
v 0.16776543 -0.00667156 0.00746193
v -0.06564909 -0.00884993 0.00609996
v 0.06697238 -0.00545956 0.00846666
v -0.05218484 -0.00756567 0.00631385
v -0.03546902 -0.00640118 0.00636675
v -0.01268575 -0.00412657 0.00706960
v -0.00064825 -0.00486810 0.00729499
v 0.02637855 -0.00619091 0.00836536
v 0.05277578 -0.00675108 0.00861844
v 0.16347679 0.00404538 0.00751133
v 0.15664524 0.00472341 0.00690232
v -0.07079571 0.01309074 0.00516892
v 0.03225968 0.00918210 0.00766742
v 0.09312558 0.00691155 0.00647638
v -0.05398249 0.01117855 0.00587412
v 0.10548043 -0.00391251 0.00657511
v 0.15582995 -0.00462005 0.00723032
v -0.02426630 -0.00632503 0.00634214
v 0.13865288 -0.00453873 0.00643161
v 0.04095712 -0.00724727 0.00845771
v 0.13529881 0.00426215 0.00661170
v 0.11979202 0.00429961 0.00670369
v 0.10684859 0.00519676 0.00647418
v 0.06407674 0.00816455 0.00790443
v -0.01161458 0.00748425 0.00638773
v -0.06525897 0.01376549 0.00528141
v -0.07202138 0.01033255 0.00520997
v 0.06020611 0.00950267 0.00759323
v -0.07189962 -0.00901846 0.00531494
v 0.01935903 -0.00689168 0.00787978
v 0.00589702 -0.00621990 0.00719252
v -0.07224561 -0.00426509 0.00548616
v 0.04461925 0.01008629 0.00762490
v 0.07175194 -0.00719456 0.00761810
v 0.00315564 0.00805780 0.00649043
v -0.02829672 0.00855732 0.00594898
v 0.08203725 -0.00603271 0.00693423
v 0.16259609 0.00590262 0.00681780
v -0.04752206 -0.00828371 0.00603250
v -0.01118926 -0.00642220 0.00642404
v -0.04032125 0.01117416 0.00536404
v -0.02839048 0.00997494 0.00535447
v -0.05127568 0.01293091 0.00512789
v 0.01604789 0.00906908 0.00665561
v 0.08112638 0.00863710 0.00641572
v 0.16753720 -0.00278130 0.00831929
v 0.06610323 -0.00876474 0.00746806
v -0.06590356 -0.01099024 0.00540848
v -0.07033748 -0.01137054 0.00508029
v 0.09588877 -0.00531813 0.00625446
v -0.05882105 -0.01092089 0.00522075
v 0.04551106 -0.00992867 0.00756258
v -0.00460538 -0.00721933 0.00630395
v 0.05530057 -0.00948028 0.00761464
v 0.15151675 -0.00610466 0.00639651
v 0.02287511 -0.00847417 0.00745359
v 0.12529998 -0.00489634 0.00624020
v 0.16782520 -0.00818172 0.00691807
v -0.02840374 -0.00833898 0.00543903
v -0.07241486 0.00339428 0.00540000
v 0.08362889 -0.00730170 0.00629985
v -0.01415701 0.00920508 0.00553401
v -0.00509548 0.00988730 0.00521297
v 0.00789610 0.01012821 0.00543544
v 0.01884917 0.01144183 0.00529167
v 0.00577832 -0.00804223 0.00646905
v 0.10673806 0.00723027 0.00556484
v 0.12015476 0.00644906 0.00554732
v 0.14691968 0.00646313 0.00535532
v 0.13451591 0.00628198 0.00552417
v -0.06854415 0.01507082 0.00444377
v 0.03088784 0.01138459 0.00655454
v 0.03770659 0.01197762 0.00651632
v 0.06574329 0.01055016 0.00663585
v -0.04283376 -0.00936298 0.00541841
v 0.04719554 0.01163581 0.00680754
v 0.16537836 0.00716934 0.00667893
v 0.16678083 0.00805722 0.00677390
v 0.11519484 -0.00599710 0.00565089
v 0.10256389 -0.00621015 0.00557623
v -0.01362175 -0.00831751 0.00545865
v 0.13874556 -0.00626189 0.00562435
v 0.01963872 -0.00994301 0.00652005
v 0.05699784 0.01161028 0.00655494
v 0.06912382 -0.01034364 0.00638053
v 0.09254176 0.00900506 0.00538281
v 0.09604055 -0.00679256 0.00550719
v -0.07214184 -0.01170716 0.00423720
v 0.03340174 -0.01079013 0.00665395
v -0.07174308 0.01431818 0.00432293
v -0.04987738 0.01393902 0.00444614
v -0.05931688 0.01488663 0.00428443
v 0.15953558 0.00722419 0.00562582
v -0.03723649 0.01222568 0.00447633
v 0.07910793 0.01044884 0.00544578
v 0.08491225 -0.00863993 0.00538782
v 0.05527005 -0.01135133 0.00653963
v 0.15114584 -0.00754917 0.00551436
v 0.04691680 -0.01162289 0.00652568
v -0.00296770 -0.00912753 0.00518032
v 0.00552604 -0.00958615 0.00543700
v -0.02672789 0.01169521 0.00405270
v -0.01489892 0.01028522 0.00476013
v 0.16119425 0.00824265 0.00486897
v 0.16761942 -0.00989663 0.00579785
v 0.04804885 0.01322488 0.00557155
v 0.06624289 0.01176359 0.00565663
v -0.06576838 -0.01221064 0.00456090
v 0.10236106 0.00915160 0.00442294
v 0.11353653 0.00830416 0.00430646
v 0.12401469 0.00774496 0.00431362
v 0.02981763 0.01256803 0.00547573
v -0.07318864 0.01364021 0.00334116
v 0.16842084 -0.01098533 0.00557072
v 0.16577279 0.00816389 0.00592186
v 0.03662815 -0.01199238 0.00586249
v 0.04641885 0.01380320 0.00503490
v 0.02207489 -0.01130360 0.00561006
v 0.05633998 0.01279332 0.00553119
v 0.07551015 -0.01051683 0.00530725
v 0.11990369 -0.00749830 0.00442533
v 0.14920347 0.00803802 0.00383609
v 0.13528671 -0.00759986 0.00450167
v 0.14054448 -0.00856189 0.00371737
v -0.04212216 -0.01083086 0.00416722
v -0.07327871 -0.00877045 0.00405679
v -0.07307954 -0.01184676 0.00328837
v -0.05687629 -0.01216119 0.00403500
v 0.15405583 -0.00965261 0.00416099
v -0.02758210 -0.00977122 0.00417067
v 0.10596262 -0.00757160 0.00440469
v 0.09614751 -0.00828971 0.00418886
v 0.14876357 -0.00927594 0.00367355
v 0.00583567 -0.01069884 0.00439117
v 0.08873122 -0.00927202 0.00421206
v -0.07040884 -0.01322392 0.00344463
v -0.06892370 0.01615166 0.00334048
v -0.07187418 0.01575957 0.00301353
v 0.03541218 0.01383312 0.00459561
v -0.04348804 0.01406120 0.00351278
v -0.03623364 0.01315797 0.00352158
v -0.02729828 0.01243434 0.00329855
v 0.14150578 0.00744161 0.00426261
v 0.09240330 0.01032378 0.00410106
v 0.00887766 0.01146663 0.00411600
v -0.00720683 0.01150936 0.00347541
v -0.01762913 0.01174338 0.00339391
v -0.07291257 -0.01304010 0.00241873
v 0.04687666 0.01522298 0.00065486
v 0.05783310 0.01481642 0.00076598
v 0.05353083 0.01471986 -0.00115770
v 0.04307154 0.01476414 -0.00205212
v 0.03966895 0.01511157 0.00060293
v 0.06359266 0.01436274 -0.00030010
v 0.03470357 0.01452348 -0.00174399
v 0.03577555 0.01427049 -0.00289358
v 0.05884604 0.01404499 -0.00248606
v 0.06746987 0.01356331 -0.00170328
v 0.07795915 0.01253567 -0.00162032
v 0.07185303 0.01360307 0.00080010
v 0.08081038 0.01269865 0.00025830
v 0.09559255 0.01132000 -0.00000506
v 0.10591212 0.01041673 -0.00001454
v 0.10379289 0.01035078 -0.00119685
v 0.09226432 0.01125274 -0.00159155
v 0.10975962 0.01019369 0.00074042
v 0.12281573 0.00927769 0.00006166
v 0.12492734 0.00873092 -0.00173801
v 0.12970936 0.00886846 0.00002846
v 0.11468816 0.00914794 -0.00252459
v 0.10321259 0.00996660 -0.00227404
v 0.13802335 0.00857378 -0.00094429
v 0.13752084 0.00812080 -0.00224906
v 0.14773417 0.00895887 0.00011666
v 0.14836445 0.00870171 -0.00182368
v 0.06419880 0.01429680 0.00116818
v 0.02532177 0.01339204 -0.00268388
v 0.15069800 0.00809628 -0.00335912
v 0.02458720 0.01352623 -0.00190803
v 0.07679295 0.01176804 -0.00331923
v 0.09441658 0.01004497 -0.00348332
v 0.03650191 0.01354294 -0.00435245
v 0.04388744 0.01369274 -0.00400590
v 0.15373666 0.00896841 -0.00203446
v 0.01027133 0.01234683 -0.00366801
v 0.02470857 0.01251539 -0.00442988
v 0.10351258 0.00922794 -0.00345750
v 0.13124606 0.00781680 -0.00299838
v 0.13937657 0.00730769 -0.00353213
v 0.12068455 0.00795678 -0.00356221
v 0.15492412 0.00812686 -0.00346367
v 0.15920979 0.00885172 -0.00166509
v 0.15838827 0.00959751 0.00040710
v 0.05937322 0.01275166 -0.00433789
v 0.01299915 0.01128525 -0.00545347
v -0.00078196 0.01123296 -0.00558226
v -0.01044465 0.01250045 -0.00356813
v -0.01088025 0.01152146 -0.00564456
v 0.04092710 0.01257783 -0.00555603
v -0.02201144 0.01234819 -0.00540159
v 0.02996759 0.01213809 -0.00549036
v -0.01792202 0.01129508 -0.00646404
v -0.03312466 0.01238740 -0.00669871
v -0.03229941 0.01347878 -0.00494951
v -0.04322624 0.01364270 -0.00648963
v 0.16097980 0.00806837 -0.00240339
v 0.16177899 0.00626559 -0.00475468
v -0.04194396 0.01465923 -0.00457564
v -0.05331548 0.01487229 -0.00605996
v -0.00270795 0.01005878 -0.00682937
v 0.12760915 0.00667240 -0.00441108
v 0.11203313 0.00755868 -0.00457714
v 0.08496570 0.01007450 -0.00444042
v 0.07254710 0.01108012 -0.00466480
v 0.10085035 0.00848887 -0.00448884
v 0.15364379 0.00700415 -0.00464154
v 0.14003984 0.00632783 -0.00452455
v -0.04390743 0.01255138 -0.00761814
v -0.06545282 0.01457677 -0.00759863
v -0.06492167 0.01593447 -0.00608552
v -0.07031695 0.01589790 -0.00600173
v -0.05100294 0.01586861 -0.00356453
v 0.06039389 0.01138568 -0.00553768
v -0.06825746 0.01699600 -0.00361916
v -0.03153726 0.01127955 -0.00758468
v -0.01848359 0.01317616 -0.00276108
v -0.01861196 0.01011555 -0.00754877
v 0.01109249 0.01011372 -0.00653175
v 0.02710272 0.01074562 -0.00651322
v -0.06311954 0.01699080 -0.00323637
v -0.07143610 0.01406082 -0.00748547
v 0.07247570 0.01004951 -0.00549494
v 0.08511299 0.00876456 -0.00544080
v -0.00544535 0.01263272 -0.00263212
v -0.03501875 0.01435716 -0.00339502
v -0.02468765 0.01381945 -0.00207269
v -0.04497849 0.01552025 -0.00282226
v 0.00634358 0.01267335 -0.00270497
v 0.01511753 0.01310968 -0.00162560
v -0.07182859 0.01661900 -0.00310225
v 0.04370767 0.01089808 -0.00672521
v 0.03867149 0.00996461 -0.00726622
v 0.16092416 0.00935354 0.00138734
v 0.15457496 0.00955932 0.00054619
v -0.07189387 0.01535683 -0.00597405
v -0.05837421 0.01684349 -0.00178541
v 0.00074809 0.00885816 -0.00753841
v 0.15344275 0.00566640 -0.00558652
v 0.16364495 0.00488223 -0.00576790
v 0.16582984 0.00594929 -0.00492532
v 0.16470993 0.00678234 -0.00389904
v 0.16283448 0.00697518 -0.00376167
v 0.16170918 0.00715691 -0.00320622
v 0.16706720 0.00617608 -0.00479420
v 0.16747028 0.00433811 -0.00614892
v 0.10102116 0.00714937 -0.00541900
v 0.11463484 0.00607200 -0.00543303
v 0.12961066 0.00500365 -0.00543926
v 0.13918547 0.00469421 -0.00555676
v -0.04044293 0.01092686 -0.00839193
v -0.01765537 0.00869038 -0.00825095
v -0.05376813 0.01222681 -0.00831052
v -0.06566007 0.01338281 -0.00832253
v -0.07059497 0.01272142 -0.00831731
v 0.01074242 0.00838141 -0.00754158
v 0.02476465 0.00894245 -0.00749492
v 0.06273891 0.00931867 -0.00655788
v 0.07611977 0.00798702 -0.00638449
v -0.06775022 0.01736481 -0.00131572
v -0.03305314 0.01448066 -0.00173742
v -0.04584650 0.01573936 -0.00175363
v -0.06275710 0.01719907 -0.00083889
v 0.00686750 0.01290142 -0.00051428
v -0.00413045 0.01277025 -0.00039738
v 0.03314454 0.01462445 0.00063428
v -0.01789871 0.01325362 -0.00043120
v 0.09587540 0.01124108 0.00133466
v 0.08065315 0.01269053 0.00108132
v 0.02483506 0.01371375 0.00120365
v -0.07162471 0.01685755 -0.00047262
v 0.01514654 0.01320308 0.00077119
v 0.14729632 0.00890190 0.00113364
v -0.04066103 0.01518784 -0.00055665
v -0.07093788 0.01689541 0.00100026
v 0.13564984 0.00880385 0.00108257
v 0.12457046 0.00909126 0.00107181
v 0.00644170 0.01279829 0.00096582
v -0.05145694 0.01593491 0.00102295
v -0.02497655 0.01357757 0.00077203
v -0.03478525 0.01437075 0.00052041
v 0.03552598 0.01458276 0.00244934
v -0.00837644 0.01277171 0.00064641
v -0.00009995 0.01233306 0.00201736
v -0.01453953 0.01272575 0.00140503
v 0.15756466 0.00917061 0.00284236
v -0.06555557 0.01681293 0.00162490
v 0.04492291 0.01473591 0.00317836
v -0.04336600 0.01501656 0.00155044
v 0.01285245 0.01271240 0.00238911
v 0.05969282 0.01401615 0.00343364
v 0.16146713 0.00868730 0.00411347
v 0.02953349 0.01369377 0.00352055
v 0.02526609 0.01305353 0.00399995
v 0.07773697 0.01255651 0.00254195
v 0.07079922 0.01293448 0.00339872
v 0.13077475 0.00845980 0.00290684
v 0.14078536 0.00839533 0.00261861
v 0.12053519 0.00888490 0.00261417
v 0.14742307 0.00859600 0.00238029
v -0.03302722 0.01388956 0.00152193
v -0.07307753 0.01597933 -0.00069614
v 0.10415623 0.00987766 0.00310952
v -0.06892370 0.01615166 0.00334048
v 0.08894284 0.01114925 0.00334822
v 0.03541218 0.01383312 0.00459561
v -0.06097514 0.01590443 0.00306915
v -0.07354185 0.01501184 -0.00341336
v 0.16591227 0.00553057 -0.00372754
v 0.16677793 0.00567872 -0.00322836
v 0.16711281 0.00626255 -0.00205654
v -0.05112788 0.01494058 0.00335540
v 0.11353653 0.00830416 0.00430646
v 0.04641885 0.01380320 0.00503490
v -0.07298044 0.01391276 -0.00635858
v -0.04348804 0.01406120 0.00351278
v -0.02729828 0.01243434 0.00329855
v -0.07187418 0.01575957 0.00301353
v 0.10903045 0.00923005 0.00365310
v 0.07863381 0.01163554 0.00414155
v 0.00887766 0.01146663 0.00411600
v -0.00720683 0.01150936 0.00347541
v -0.01762913 0.01174338 0.00339391
v -0.03623364 0.01315797 0.00352158
v 0.06445867 0.01283732 0.00462085
v 0.02981763 0.01256803 0.00547573
v 0.10236106 0.00915160 0.00442294
v 0.09240330 0.01032378 0.00410106
v 0.05633998 0.01279332 0.00553119
v 0.01884917 0.01144183 0.00529167
v 0.06624289 0.01176359 0.00565663
v 0.07910793 0.01044884 0.00544578
v -0.05931688 0.01488663 0.00428443
v -0.04987738 0.01393902 0.00444614
v -0.07406212 -0.00707756 -0.00007055
v -0.07392317 0.00705584 0.00139277
v -0.07407642 0.00589728 -0.00243171
v -0.07387536 0.01392122 -0.00008470
v -0.07403467 -0.00478763 -0.00634114
v -0.07398339 -0.01109601 -0.00563009
v -0.07403865 -0.01176261 -0.00110499
v -0.07388116 0.01284106 -0.00530836
v -0.07382423 -0.01127070 0.00163556
v -0.07369015 -0.00177078 0.00316077
v -0.07375478 0.01306230 0.00144831
v -0.07374198 0.01041567 -0.00661658
v -0.07336157 0.00909124 0.00398329
v -0.07382740 -0.00454432 -0.00742936
v -0.07369682 -0.00998365 -0.00719038
v -0.07354185 0.01501184 -0.00341336
v -0.07327871 -0.00877045 0.00405679
v -0.07318864 0.01364021 0.00334116
v -0.07320176 -0.00116637 0.00453448
v -0.07359328 -0.01331457 -0.00095210
v -0.07314546 0.01513860 0.00182173
v -0.07337345 -0.01320496 -0.00489394
v -0.07307954 -0.01184676 0.00328837
v -0.07307753 0.01597933 -0.00069614
v -0.07291257 -0.01304010 0.00241873
v -0.07307856 -0.01160610 -0.00734348
v -0.07312225 0.01057515 -0.00770578
v -0.07311820 -0.00225212 -0.00850932
v -0.07309768 -0.00781020 -0.00838667
v -0.07298044 0.01391276 -0.00635858
v -0.07241486 0.00339428 0.00540000
v -0.07224561 -0.00426509 0.00548616
v -0.07202138 0.01033255 0.00520997
v -0.07187418 0.01575957 0.00301353
v 0.04616506 -0.01492677 0.00110203
v 0.03100911 -0.01434555 0.00100602
v 0.04562603 -0.01491976 -0.00000662
v 0.02601702 -0.01414866 0.00022323
v 0.05492903 -0.01480966 0.00055082
v 0.02229276 -0.01384586 0.00119681
v 0.02050023 -0.01371495 -0.00039201
v 0.01157553 -0.01286966 0.00132952
v 0.00281401 -0.01208127 -0.00039659
v 0.01135920 -0.01289423 -0.00042873
v 0.00426794 -0.01215481 0.00090484
v -0.00633407 -0.01152333 -0.00007482
v -0.00859471 -0.01133677 -0.00167606
v -0.01616211 -0.01132420 0.00060250
v 0.00388132 -0.01168987 -0.00268808
v 0.01271179 -0.01266407 -0.00201316
v 0.04441120 -0.01451827 -0.00146429
v 0.03179087 -0.01391271 -0.00194254
v 0.01973738 -0.01311177 -0.00244164
v 0.05242398 -0.01424744 -0.00209909
v -0.00530355 -0.01092560 -0.00342686
v -0.01376593 -0.01090394 -0.00332132
v -0.02511202 -0.01142763 -0.00188508
v -0.02719165 -0.01131221 -0.00335689
v -0.03694691 -0.01216674 -0.00083357
v 0.06174722 -0.01373233 -0.00180357
v 0.06395744 -0.01396779 -0.00008737
v -0.03631363 -0.01196123 -0.00344247
v -0.04610313 -0.01296578 -0.00042452
v 0.06903992 -0.01269323 -0.00216450
v 0.07261497 -0.01290055 -0.00012649
v -0.03680267 -0.01154253 -0.00461221
v 0.04436755 -0.01399877 -0.00263453
v 0.06318073 -0.01410628 0.00098227
v -0.02656411 -0.01144918 0.00068088
v -0.04562142 -0.01283547 -0.00354181
v -0.03642132 -0.01196100 0.00099258
v 0.07382177 -0.01277152 0.00117542
v -0.05432388 -0.01387215 -0.00341952
v 0.07899132 -0.01200666 0.00013928
v -0.00536121 -0.01143446 0.00120516
v -0.05861415 -0.01399650 0.00044614
v -0.06652213 -0.01504285 -0.00332829
v -0.06542986 -0.01474664 -0.00493010
v -0.07010592 -0.01504907 -0.00357265
v -0.07025194 -0.01486093 -0.00047178
v -0.04840721 -0.01288987 0.00156806
v 0.07932984 -0.01193785 0.00121566
v 0.08725727 -0.01078711 -0.00013142
v 0.08778393 -0.01071227 0.00128650
v 0.09514778 -0.01002629 -0.00035145
v 0.09663705 -0.00981451 0.00133089
v 0.10247932 -0.00956619 -0.00011897
v 0.10446128 -0.00941830 0.00096115
v 0.11435621 -0.00934670 -0.00006922
v 0.12056812 -0.00933078 0.00088405
v 0.13171779 -0.00956872 0.00045516
v 0.12811226 -0.00912404 -0.00189791
v 0.13683682 -0.00930834 -0.00192988
v 0.11525293 -0.00902783 -0.00175653
v 0.10329877 -0.00913118 -0.00193673
v 0.14257724 -0.01004802 -0.00024334
v 0.14324737 -0.00945761 -0.00273843
v 0.08787022 -0.00988790 -0.00237148
v -0.07041106 -0.01435878 -0.00599681
v -0.05964294 -0.01382073 -0.00583589
v 0.07734045 -0.01177221 -0.00150359
v -0.04830175 -0.01243627 -0.00553345
v 0.14984709 -0.01039281 -0.00259295
v 0.15144263 -0.01119503 -0.00023351
v 0.15666419 -0.01170816 -0.00191080
v 0.15756818 -0.01216651 0.00043196
v 0.16600938 -0.01309529 -0.00006156
v 0.16532798 -0.01309182 0.00053037
v 0.16867953 -0.01305797 0.00061800
v 0.16861889 -0.01234289 -0.00194737
v 0.14818372 -0.01071846 0.00052131
v 0.15325635 -0.01132720 0.00136454
v 0.13959770 -0.00968616 0.00126595
v 0.16631768 -0.01220317 -0.00244331
v -0.06547216 -0.01421022 0.00167525
v -0.07226287 -0.01452867 -0.00234756
v 0.12120236 -0.00900841 0.00190231
v 0.03796326 -0.01417972 0.00288376
v -0.07189440 -0.01424883 -0.00516380
v 0.05455120 -0.01425392 0.00286533
v 0.07184383 -0.01197715 -0.00278459
v -0.06479758 -0.01400650 -0.00654387
v 0.06866994 -0.01310215 0.00246080
v 0.06400101 -0.01319121 0.00352185
v -0.05154628 -0.01240981 -0.00640476
v 0.01252707 -0.01201102 -0.00340233
v -0.02691291 -0.01044198 -0.00511569
v 0.02841882 -0.01322519 -0.00302688
v 0.12281095 -0.00856992 -0.00286453
v 0.13551331 -0.00861387 -0.00312099
v 0.10967767 -0.00853313 -0.00285085
v 0.09736111 -0.00866440 -0.00316370
v 0.15647716 -0.01095979 -0.00337602
v 0.05853347 -0.01330879 -0.00305187
v 0.00569644 -0.01078111 -0.00451966
v -0.04031576 -0.01088724 -0.00633014
v -0.01140165 -0.00954333 -0.00552880
v 0.08550727 -0.00926162 -0.00367882
v 0.00082517 -0.00988261 -0.00539829
v 0.16852174 -0.01103106 -0.00413357
v -0.02948127 -0.00974772 -0.00633792
v 0.04612018 -0.01299608 -0.00408202
v -0.06148765 -0.01289920 -0.00747813
v 0.15587808 -0.00988478 -0.00442698
v 0.06705233 -0.01116526 -0.00456431
v 0.02639487 -0.01182898 -0.00466068
v -0.07223851 -0.01421721 0.00037616
v 0.01172326 -0.01045111 -0.00533905
v 0.05143705 -0.01168909 -0.00540729
v 0.03893394 -0.01146916 -0.00546040
v 0.10350288 -0.00907923 0.00220295
v -0.07082886 -0.01427722 0.00152753
v 0.00489875 -0.01174993 0.00246828
v 0.02221989 -0.01323495 0.00298200
v 0.04828334 -0.01413479 0.00347726
v 0.14391634 -0.00824551 -0.00424389
v 0.07733677 -0.00972816 -0.00451271
v 0.08780204 -0.00835870 -0.00435277
v 0.12188169 -0.00707473 -0.00444763
v 0.10888251 -0.00701245 -0.00446121
v 0.09820936 -0.00731320 -0.00451812
v -0.06805912 -0.01309373 -0.00742344
v 0.13361938 -0.00727464 -0.00433030
v -0.04297930 -0.01012337 -0.00738946
v 0.02662929 -0.01088521 -0.00559998
v -0.01055157 -0.00837465 -0.00662964
v -0.02999943 -0.00861563 -0.00733211
v 0.00692655 -0.00876738 -0.00648400
v 0.16784266 -0.01015556 -0.00489567
v 0.16862356 -0.01006094 -0.00547109
v 0.06559223 -0.01043019 -0.00535346
v -0.07175704 -0.01259296 -0.00733942
v -0.02373258 -0.01082348 0.00249078
v -0.01137253 -0.01082293 0.00245118
v -0.00250548 -0.01079014 0.00320554
v -0.03255257 -0.01133958 0.00200468
v -0.04535286 -0.01213899 0.00270142
v 0.08623587 -0.01030820 0.00298642
v 0.14690835 -0.00998892 0.00221026
v 0.07257392 -0.01190165 0.00415609
v 0.16494689 -0.01233680 0.00257152
v 0.16852007 -0.01241627 0.00286423
v 0.01371573 -0.01213302 0.00363876
v 0.10118343 -0.00841121 0.00354154
v -0.03058193 -0.01057309 0.00326921
v 0.13417436 -0.00862704 0.00320676
v 0.11783407 -0.00848002 0.00305404
v 0.14054448 -0.00856189 0.00371737
v 0.15732070 -0.01106595 0.00307450
v -0.06461239 -0.01334926 0.00328140
v -0.05687629 -0.01216119 0.00403500
v -0.07040884 -0.01322392 0.00344463
v -0.07337345 -0.01320496 -0.00489394
v 0.04101248 -0.01311627 0.00491759
v -0.07291257 -0.01304010 0.00241873
v 0.02911087 -0.01298067 0.00410447
v 0.05767492 -0.01322736 0.00424822
v 0.14876357 -0.00927594 0.00367355
v 0.00583567 -0.01069884 0.00439117
v 0.05329053 -0.01290040 0.00518656
v -0.02758210 -0.00977122 0.00417067
v -0.01170411 -0.00974679 0.00413639
v 0.06581350 -0.01193832 0.00517777
v -0.04212216 -0.01083086 0.00416722
v 0.08128621 -0.01050170 0.00401083
v 0.08873122 -0.00927202 0.00421206
v 0.09614751 -0.00828971 0.00418886
v 0.10596262 -0.00757160 0.00440469
v 0.16777610 -0.01117060 0.00459803
v 0.16842084 -0.01098533 0.00557072
v 0.11990369 -0.00749830 0.00442533
v -0.07359328 -0.01331457 -0.00095210
v 0.02207489 -0.01130360 0.00561006
v 0.07551015 -0.01051683 0.00530725
v 0.13528671 -0.00759986 0.00450167
v -0.00296770 -0.00912753 0.00518032
v 0.03662815 -0.01199238 0.00586249
v 0.08491225 -0.00863993 0.00538782
v 0.15405583 -0.00965261 0.00416099
v -0.07307856 -0.01160610 -0.00734348
v -0.06576838 -0.01221064 0.00456090
v 0.06912382 -0.01034364 0.00638053
v 0.04691680 -0.01162289 0.00652568
v -0.01362175 -0.00831751 0.00545865
v 0.05527005 -0.01135133 0.00653963
v -0.07214184 -0.01170716 0.00423720
v 0.16761942 -0.00989663 0.00579785
v 0.18066114 0.05098479 0.00104416
v 0.18857779 0.05055862 -0.00013100
v 0.18349441 0.05063174 -0.00304247
v 0.17531375 0.05092634 -0.00107778
v 0.17567914 0.05093832 0.00375244
v 0.18664329 0.05040992 0.00567681
v 0.18195427 0.05070043 0.00509272
v 0.18913430 0.05007327 0.00534818
v 0.17527262 0.05043895 -0.00440340
v 0.18921065 0.04991500 -0.00381626
v 0.17499098 0.05057300 0.00519684
v 0.18008413 0.05027742 0.00639353
v 0.18845471 0.04933685 -0.00564714
v 0.17557436 0.04992019 -0.00562983
v 0.18996204 0.04994081 -0.00030712
v 0.17541341 0.05008647 0.00639644
v 0.19015566 0.04932742 -0.00338433
v 0.18982435 0.04840999 -0.00604980
v 0.19016826 0.04933753 0.00442508
v 0.18805601 0.04896689 0.00717947
v 0.18044094 0.04899138 -0.00641994
v 0.18978108 0.04900853 0.00617859
v 0.18922106 0.04838485 0.00714511
v 0.18906356 0.04835009 -0.00629269
v 0.17394249 0.04853264 -0.00537513
v 0.17463708 0.04835962 -0.00654513
v 0.17407436 0.04862371 0.00652061
v 0.17448059 0.04839599 0.00728471
v 0.18056187 0.04753410 -0.00677395
v 0.18288228 -0.05742381 0.00575550
v 0.17893098 -0.05883069 -0.00056039
v 0.18724117 -0.05788962 -0.00001370
v 0.18812699 -0.05700384 0.00441254
v 0.18028990 -0.05803616 0.00521918
v 0.17825385 -0.05841462 0.00594503
v 0.17510264 -0.05890628 0.00449518
v 0.17989443 -0.05873086 -0.00226191
v 0.18520650 -0.05815390 -0.00332430
v 0.17505622 -0.05908691 -0.00082784
v 0.18704206 -0.05788304 -0.00287746
v 0.17562859 -0.05857441 0.00574909
v 0.18835061 -0.05737201 0.00101097
v 0.17576014 -0.05847013 -0.00369322
v 0.18799346 -0.05738207 -0.00293078
v 0.18430594 -0.05676152 0.00597090
v 0.18775789 -0.05619300 0.00550548
v 0.17650535 -0.05754328 -0.00457752
v 0.18751994 -0.05619351 -0.00392078
v 0.16301415 0.00684123 -0.00055521
v 0.16324060 0.00679692 -0.00220792
v 0.16089980 0.00697131 -0.00136101
v 0.16509471 0.00678313 -0.00006563
v 0.16102983 0.00728983 0.00175191
v 0.16711281 0.00626255 -0.00205654
v 0.16515716 0.00724561 0.00241485
v 0.16712278 0.00771131 0.00422373
v 0.16510937 0.00769663 0.00429393
v 0.16163531 0.00796367 0.00376897
v 0.16344759 0.00833370 0.00493481
v 0.16577279 0.00816389 0.00592186
v 0.16470993 0.00678234 -0.00389904
v 0.16283448 0.00697518 -0.00376167
v 0.16170918 0.00715691 -0.00320622
v 0.16672336 0.00751060 0.00553213
v 0.16678083 0.00805722 0.00677390
v 0.16119425 0.00824265 0.00486897
v 0.16146713 0.00868730 0.00411347
v 0.14920347 0.00803802 0.00383609
v 0.15756466 0.00917061 0.00284236
v 0.14742307 0.00859600 0.00238029
v 0.14078536 0.00839533 0.00261861
v 0.14150578 0.00744161 0.00426261
v 0.13077475 0.00845980 0.00290684
v 0.12401469 0.00774496 0.00431362
v 0.11353653 0.00830416 0.00430646
v 0.16102983 0.00728983 0.00175191
v 0.16089980 0.00697131 -0.00136101
v 0.16097980 0.00806837 -0.00240339
v 0.16163531 0.00796367 0.00376897
v 0.16146713 0.00868730 0.00411347
v 0.16092416 0.00935354 0.00138734
v 0.16170918 0.00715691 -0.00320622
v 0.17392207 -0.02106354 0.00268566
v 0.17445623 -0.02155579 0.00100366
v 0.17484923 -0.02220773 0.00260491
v 0.17446679 -0.02156363 0.00390368
v 0.17376708 -0.02150908 0.00457674
v 0.17410747 -0.02216272 0.00043772
v 0.18982435 0.04840999 -0.00604980
v 0.18897809 0.03878374 -0.00725369
v 0.18924739 0.04242945 -0.00696760
v 0.18993389 0.03730887 -0.00705652
v 0.18906356 0.04835009 -0.00629269
v 0.18929921 0.02760179 -0.00803274
v 0.18991156 0.02486161 -0.00801968
v 0.18932322 0.01536410 -0.00897994
v 0.19004647 0.00921241 -0.00914635
v 0.18877229 0.00932694 -0.00938467
v 0.18921593 -0.00252058 -0.00900150
v 0.19024830 -0.00636838 -0.00841360
v 0.18943189 -0.00802722 -0.00868096
v 0.18989807 -0.01410493 -0.00796253
v 0.18851658 -0.01875096 -0.00771764
v 0.18966968 -0.02391588 -0.00694290
v 0.18842565 -0.02618640 -0.00706869
v 0.18887108 -0.03528557 -0.00607650
v 0.19072752 0.01049601 -0.00084854
v 0.19056070 -0.00351857 0.00807868
v 0.19064141 -0.00450596 -0.00166573
v 0.19061414 -0.00515851 -0.00711527
v 0.19067115 0.01157379 -0.00742259
v 0.19066064 0.00910487 0.00823171
v 0.19052264 -0.01575881 0.00118449
v 0.19034495 -0.01669004 0.00792225
v 0.19030072 -0.02144567 -0.00440307
v 0.19008171 -0.02819814 0.00306910
v 0.18967877 -0.03463647 -0.00389096
v 0.18966962 -0.03413441 0.00654067
v 0.18939470 -0.04005889 0.00537704
v 0.18837985 -0.05497628 0.00491791
v 0.18870811 -0.05004270 -0.00261165
v 0.18835061 -0.05737201 0.00101097
v 0.19017628 -0.02226232 -0.00598340
v 0.19066968 0.01580953 0.00205934
v 0.19041632 0.02774559 0.00789605
v 0.19050004 0.03064815 0.00261185
v 0.19016826 0.04933753 0.00442508
v 0.19024760 0.04896729 0.00200069
v 0.19053172 0.03164862 -0.00600590
v 0.19033210 0.04704718 -0.00491341
v 0.19030222 -0.01471659 -0.00723351
v 0.18933677 -0.03861318 -0.00476934
v 0.19015566 0.04932742 -0.00338433
v 0.18799346 -0.05738207 -0.00293078
v 0.19000271 0.04534137 0.00666620
v 0.19049155 0.00798124 0.00933167
v 0.19046178 0.02639631 -0.00718543
v 0.19031768 0.03924598 -0.00622030
v 0.18836220 -0.05210684 -0.00388787
v 0.19051587 0.01174427 -0.00840097
v 0.18953374 -0.03136011 -0.00595041
v 0.18812699 -0.05700384 0.00441254
v 0.19014750 0.02029702 0.00914859
v 0.18839949 -0.05038610 0.00568711
v 0.18978108 0.04900853 0.00617859
v 0.19000013 -0.00974233 0.00920513
v 0.18996204 0.04994081 -0.00030712
v 0.18878141 -0.04330752 -0.00502071
v 0.18985289 -0.02488797 0.00767307
v 0.18998982 0.03350463 0.00810772
v 0.18775789 -0.05619300 0.00550548
v 0.18977727 -0.01792857 0.00864158
v 0.18982985 0.00994075 0.01025520
v 0.18922106 0.04838485 0.00714511
v 0.18878427 -0.03769530 0.00717726
v 0.18751994 -0.05619351 -0.00392078
v 0.18930726 -0.02628616 0.00806127
v 0.18938884 0.04024092 0.00793786
v 0.18781455 -0.04805132 -0.00487670
v 0.17392207 -0.02106354 0.00268566
v 0.17410747 -0.02216272 0.00043772
v 0.17445623 -0.02155579 0.00100366
v 0.18731105 -0.03544048 -0.00629375
v 0.17800171 -0.03552615 -0.00659595
v 0.17670876 -0.02870320 -0.00725125
v 0.18842565 -0.02618640 -0.00706869
v 0.18851658 -0.01875096 -0.00771764
v 0.17448980 -0.02040531 -0.00780438
v 0.18943189 -0.00802722 -0.00868096
v 0.17841715 -0.01168544 -0.00847906
v 0.18002325 -0.00470121 -0.00891341
v 0.18921593 -0.00252058 -0.00900150
v 0.17279633 -0.01542627 -0.00809524
v 0.18781455 -0.04805132 -0.00487670
v 0.18453022 -0.04652228 -0.00523783
v 0.17791644 -0.05322055 -0.00523820
v 0.17887468 -0.04440389 -0.00572429
v 0.18057721 0.00511930 -0.00920832
v 0.18877229 0.00932694 -0.00938467
v 0.17640051 -0.03551520 -0.00652064
v 0.18751994 -0.05619351 -0.00392078
v 0.17626538 -0.05489995 -0.00525924
v 0.17627610 -0.04369281 -0.00610139
v 0.18887108 -0.03528557 -0.00607650
v 0.17444566 -0.00230252 -0.00871130
v 0.18046065 0.00968271 -0.00921024
v 0.17732995 0.00710933 -0.00896779
v 0.17204161 0.01038659 -0.00864790
v 0.17348390 0.01780413 -0.00875680
v 0.18932322 0.01536410 -0.00897994
v 0.18272447 0.02391979 -0.00843616
v 0.17382347 0.03315726 -0.00805613
v 0.18293396 0.04019465 -0.00739985
v 0.17457969 0.03975426 -0.00760614
v 0.18897809 0.03878374 -0.00725369
v 0.18924739 0.04242945 -0.00696760
v 0.18929921 0.02760179 -0.00803274
v 0.18056187 0.04753410 -0.00677395
v 0.17428607 0.04547249 -0.00700516
v 0.18906356 0.04835009 -0.00629269
v 0.16988386 0.00790487 -0.00831029
v 0.16960440 -0.00336524 -0.00802827
v 0.17083219 -0.00831913 -0.00801720
v 0.17463708 0.04835962 -0.00654513
v 0.17548917 -0.02813052 -0.00707696
v 0.17650535 -0.05754328 -0.00457752
v 0.17251633 0.01554079 -0.00855885
v 0.17563899 -0.05635495 -0.00477370
v 0.17548208 -0.04267684 -0.00554402
v 0.17567282 -0.05112383 -0.00538901
v 0.17504170 -0.03991538 0.00137370
v 0.17491849 -0.02842500 0.00130083
v 0.17407744 -0.03889951 0.00088285
v 0.16752829 0.00768715 -0.00445741
v 0.16973380 0.01038821 -0.00768590
v 0.16823439 0.00677455 -0.00708025
v 0.16863760 0.00513521 -0.00785718
v 0.17140898 0.01409791 -0.00747746
v 0.16706720 0.00617608 -0.00479420
v 0.16831926 0.00937926 -0.00197868
v 0.17078325 0.01373328 0.00571534
v 0.17219187 0.01613472 -0.00039586
v 0.16780303 0.00977217 0.00724862
v 0.17238307 0.01680021 -0.00767970
v 0.17249215 0.01792026 0.00229245
v 0.17275238 0.02016989 -0.00779379
v 0.17284793 0.02236600 -0.00051985
v 0.17270278 0.02044514 0.00755396
v 0.17312223 0.03343511 0.00788870
v 0.17319106 0.03438039 -0.00709840
v 0.17342462 0.03218489 -0.00792985
v 0.17347698 0.04027395 0.00182219
v 0.17358880 0.04392929 -0.00486572
v 0.17397046 0.04793253 0.00123863
v 0.17160701 0.01493765 0.00907818
v 0.17343074 0.03401173 0.00858997
v 0.16712278 0.00771131 0.00422373
v 0.16711281 0.00626255 -0.00205654
v 0.17366089 0.04498079 0.00686060
v 0.17394249 0.04853264 -0.00537513
v 0.16803828 0.00191280 -0.00720501
v 0.16988386 0.00790487 -0.00831029
v 0.16960440 -0.00336524 -0.00802827
v 0.17390754 0.04649811 -0.00652859
v 0.16678083 0.00805722 0.00677390
v 0.16747028 0.00433811 -0.00614892
v 0.17251633 0.01554079 -0.00855885
v 0.16884036 -0.00548240 -0.00759106
v 0.17428607 0.04547249 -0.00700516
v 0.17382347 0.03315726 -0.00805613
v 0.17243891 0.01727914 0.00886680
v 0.17417892 0.04041631 0.00821003
v 0.17448059 0.04839599 0.00728471
v 0.17348390 0.01780413 -0.00875680
v 0.17407436 0.04862371 0.00652061
v 0.17499098 0.05057300 0.00519684
v 0.17531375 0.05092634 -0.00107778
v 0.17527262 0.05043895 -0.00440340
v 0.16813536 -0.00722810 -0.00592613
v 0.16919200 -0.00842769 -0.00694708
v 0.16862356 -0.01006094 -0.00547109
v 0.17049198 -0.01352092 -0.00672819
v 0.16852174 -0.01103106 -0.00413357
v 0.17005588 -0.01385549 -0.00402052
v 0.17126638 -0.01611622 -0.00577044
v 0.17009632 -0.01478770 0.00071275
v 0.17176851 -0.01759524 0.00048297
v 0.17320301 -0.02110379 -0.00306889
v 0.17146961 -0.01685311 0.00491261
v 0.17297083 -0.02072518 -0.00595148
v 0.17461461 -0.02442223 -0.00123623
v 0.17436533 -0.02605712 -0.00508279
v 0.17463906 -0.02677463 -0.00320521
v 0.17370943 -0.02257977 -0.00680826
v 0.17470475 -0.02713997 -0.00621378
v 0.17449940 -0.02424557 -0.00723295
v 0.17548917 -0.02813052 -0.00707696
v 0.17436583 -0.02904477 0.00020748
v 0.17443784 -0.03083637 -0.00316686
v 0.17430926 -0.03311085 -0.00074795
v 0.17437537 -0.03209027 -0.00491669
v 0.17406896 -0.03483227 -0.00396137
v 0.17459870 -0.03916100 -0.00458948
v 0.17640051 -0.03551520 -0.00652064
v 0.17410659 -0.03817830 -0.00309055
v 0.17395205 -0.04041402 -0.00303317
v 0.17433574 -0.04285907 -0.00348067
v 0.17414746 -0.04107367 -0.00086926
v 0.17423214 -0.04424467 -0.00274547
v 0.17519453 -0.04808214 -0.00439928
v 0.17430500 -0.04691221 -0.00246897
v 0.17429795 -0.04641067 0.00076313
v 0.17454960 -0.04897649 0.00050760
v 0.17521609 -0.05110521 0.00174495
v 0.17492231 -0.05295512 -0.00021072
v 0.17508040 -0.05601854 -0.00169830
v 0.17503242 -0.05480425 0.00366345
v 0.17490581 -0.04413951 0.00310483
v 0.17479948 -0.04624833 0.00411764
v 0.17510016 -0.04861166 0.00560788
v 0.17494381 -0.03692696 0.00535012
v 0.17536104 -0.03710956 0.00642451
v 0.17489920 -0.02964777 0.00631940
v 0.17530838 -0.02925200 0.00720654
v 0.17444997 -0.02538478 0.00646328
v 0.17510264 -0.05890628 0.00449518
v 0.17462405 -0.02541029 0.00743961
v 0.17338830 -0.02151397 0.00734934
v 0.17376708 -0.02150908 0.00457674
v 0.17228307 -0.01855353 0.00749006
v 0.17451274 -0.02271013 0.00312716
v 0.17523145 -0.02720974 0.00204997
v 0.17562859 -0.05857441 0.00574909
v 0.17510171 -0.05311584 -0.00303203
v 0.17537306 -0.05486373 -0.00426575
v 0.17545379 -0.05200646 -0.00394784
v 0.17505622 -0.05908691 -0.00082784
v 0.17576014 -0.05847013 -0.00369322
v 0.17563899 -0.05635495 -0.00477370
v 0.17650535 -0.05754328 -0.00457752
v 0.17510978 -0.04417282 0.00163305
v 0.17446679 -0.02156363 0.00390368
v 0.17484923 -0.02220773 0.00260491
v 0.17456636 -0.05086834 -0.00165194
v 0.17510162 -0.04866171 -0.00372332
v 0.17410568 -0.04343970 0.00026846
v 0.17432319 -0.03871141 -0.00128856
v 0.17548208 -0.04267684 -0.00554402
v 0.17567282 -0.05112383 -0.00538901
v 0.16867953 -0.01305797 0.00061800
v 0.17410747 -0.02216272 0.00043772
v 0.17453660 -0.02998915 -0.00498946
v 0.17448980 -0.02040531 -0.00780438
v 0.17279633 -0.01542627 -0.00809524
v 0.17055959 -0.01457955 0.00698613
v 0.16852007 -0.01241627 0.00286423
v 0.16842084 -0.01098533 0.00557072
v 0.16951130 -0.01188777 0.00788644
v 0.16884344 -0.00942735 0.00840304
v 0.16782520 -0.00818172 0.00691807
v 0.16776543 -0.00667156 0.00746193
v 0.16870722 -0.00640869 0.00928711
v 0.16753720 -0.00278130 0.00831929
v 0.17123637 -0.01505408 0.00818750
v 0.16816724 -0.00286712 0.00950422
v 0.16795910 0.00080757 0.00963466
v 0.16704070 0.00208830 0.00799291
v 0.16788837 0.00472227 0.00958405
v 0.16689272 0.00571157 0.00762243
v 0.16790352 0.00806298 0.00918495
v 0.16861889 -0.01234289 -0.00194737
v 0.17259296 -0.01822760 -0.00741358
v 0.17135128 -0.01396258 -0.00760607
v 0.17407744 -0.03889951 0.00088285
v 0.17292336 0.01769464 0.00966315
v 0.17463708 0.04835962 -0.00654513
v 0.17541791 -0.03239334 -0.00600034
v 0.17492028 -0.03215743 0.00413642
v 0.16753429 0.00045061 -0.00656578
v 0.17504170 -0.03991538 0.00137370
v 0.17536611 -0.03317136 0.00183087
v 0.17491849 -0.02842500 0.00130083
v 0.16779715 0.00956572 0.00828288
v 0.17493645 -0.02495893 0.00011927
v 0.17409126 -0.03136521 0.00081271
v 0.17395506 -0.03963320 0.00034137
v 0.17526904 -0.03058171 0.00299497
v 0.17083219 -0.00831913 -0.00801720
v 0.17297169 -0.01983709 0.00177592
v 0.17392207 -0.02106354 0.00268566
v 0.17407744 -0.03889951 0.00088285
v 0.17409126 -0.03136521 0.00081271
v 0.17395506 -0.03963320 0.00034137
v 0.17491849 -0.02842500 0.00130083
v 0.17436583 -0.02904477 0.00020748
v 0.17493645 -0.02495893 0.00011927
v 0.17523145 -0.02720974 0.00204997
v 0.17536611 -0.03317136 0.00183087
v 0.17526904 -0.03058171 0.00299497
v 0.17493645 -0.02495893 0.00011927
v 0.17451274 -0.02271013 0.00312716
v 0.17461461 -0.02442223 -0.00123623
v 0.17410747 -0.02216272 0.00043772
v 0.17545379 -0.05200646 -0.00394784
v 0.17510162 -0.04866171 -0.00372332
v 0.17519453 -0.04808214 -0.00439928
v 0.17537306 -0.05486373 -0.00426575
v 0.17563899 -0.05635495 -0.00477370
v 0.17567282 -0.05112383 -0.00538901
v 0.17626538 -0.05489995 -0.00525924
v 0.17627610 -0.04369281 -0.00610139
v 0.17228307 -0.01855353 0.00749006
v 0.17146961 -0.01685311 0.00491261
v 0.17376708 -0.02150908 0.00457674
v 0.17297169 -0.01983709 0.00177592
v 0.17055959 -0.01457955 0.00698613
v 0.17123637 -0.01505408 0.00818750
v 0.17392207 -0.02106354 0.00268566
v 0.16790352 0.00806298 0.00918495
v 0.16678083 0.00805722 0.00677390
v 0.16689272 0.00571157 0.00762243
v 0.16779715 0.00956572 0.00828288
v 0.17548917 -0.02813052 -0.00707696
v 0.17640051 -0.03551520 -0.00652064
v 0.17541791 -0.03239334 -0.00600034
v 0.17348390 0.01780413 -0.00875680
v 0.17204161 0.01038659 -0.00864790
v 0.17251633 0.01554079 -0.00855885
vt 0.28252923 0.34278810
vt 0.29067665 0.33322179
vt 0.33887416 0.34218609
vt 0.35143250 0.32823902
vt 0.33245513 0.36307168
vt 0.37787673 0.36196506
vt 0.37254199 0.33348954
vt 0.43698582 0.33488971
vt 0.40496251 0.36799908
vt 0.44472951 0.36561859
vt 0.47887132 0.32999432
vt 0.52664214 0.36248177
vt 0.53371376 0.32959735
vt 0.49299073 0.37194026
vt 0.59851986 0.35385746
vt 0.60851550 0.32445693
vt 0.65102774 0.32429725
vt 0.65030473 0.35054761
vt 0.46384525 0.29507995
vt 0.41776264 0.30332291
vt 0.70735455 0.31947994
vt 0.71942461 0.34671760
vt 0.76685548 0.31905133
vt 0.78320080 0.34560680
vt 0.79989636 0.31557143
vt 0.82481754 0.34595859
vt 0.85419816 0.31333613
vt 0.92453998 0.30692720
vt 0.94099450 0.27073312
vt 0.95103979 0.31156230
vt 0.93620485 0.34887916
vt 0.88666201 0.34767491
vt 0.87113374 0.27803373
vt 0.23137504 0.33991778
vt 0.49405468 0.29232705
vt 0.53855163 0.29738951
vt 0.96576154 0.27577507
vt 0.96097177 0.34868085
vt 0.94891465 0.37236845
vt 0.87393188 0.36793125
vt 0.75950837 0.35880786
vt 0.83411437 0.37158734
vt 0.59834820 0.29529214
vt 0.66434509 0.29278564
vt 0.94476992 0.24682570
vt 0.77569246 0.28796935
vt 0.97051632 0.24067760
vt 0.39615169 0.29496938
vt 0.82666081 0.27277005
vt 0.88484323 0.25632811
vt 0.69246960 0.28335398
vt 0.33649087 0.31085312
vt 0.26207474 0.31527430
vt 0.21568513 0.31537795
vt 0.12265489 0.34108096
vt 0.12298322 0.32073700
vt 0.06207885 0.31237435
vt 0.07761221 0.34740806
vt 0.01976997 0.31925517
vt 0.01180955 0.35102010
vt 0.01067894 0.31857765
vt 0.16537158 0.34745443
vt 0.11531942 0.35395062
vt 0.04897808 0.35832000
vt 0.97343695 0.30946994
vt 0.60540497 0.28441608
vt 0.53912741 0.28289688
vt 0.96771115 0.37168896
vt 0.25297201 0.36644673
vt 0.16819358 0.36348879
vt 0.68927753 0.36721426
vt 0.07175503 0.37148392
vt 0.64282548 0.36632842
vt 0.58116323 0.37207198
vt 0.01498664 0.37480068
vt 0.93306178 0.23517430
vt 0.07388505 0.30711013
vt 0.37822846 0.37146890
vt 0.97046304 0.39274406
vt 0.90309095 0.37973738
vt 0.94723356 0.38846540
vt 0.51959276 0.38341719
vt 0.32811776 0.37528867
vt 0.75764942 0.37437707
vt 0.02786770 0.38145435
vt 0.01236616 0.37793827
vt 0.01663488 0.28719640
vt 0.00862862 0.29756224
vt 0.97654879 0.37292349
vt 0.45700923 0.38307869
vt 0.79486322 0.26622164
vt 0.73276293 0.27812409
vt 0.29737160 0.30720997
vt 0.12627453 0.37542582
vt 0.46590224 0.27704084
vt 0.97873628 0.25137722
vt 0.11817421 0.30806589
vt 0.16413036 0.31117278
vt 0.33684820 0.29688078
vt 0.96216899 0.22505152
vt 0.83290768 0.25447780
vt 0.88732183 0.23915589
vt 0.97933483 0.28957707
vt 0.84922194 0.38601494
vt 0.95060003 0.39862293
vt 0.90272111 0.39291179
vt 0.05870824 0.28608346
vt 0.41014382 0.27366030
vt 0.55462933 0.27099323
vt 0.38072836 0.38735068
vt 0.43465498 0.39486969
vt 0.93460363 0.22509021
vt 0.25004557 0.29662478
vt 0.65435869 0.26812220
vt 0.70489830 0.26674658
vt 0.64363092 0.37813497
vt 0.58738303 0.38496858
vt 0.68375534 0.37960279
vt 0.06901498 0.38526583
vt 0.74559623 0.26412594
vt 0.22017120 0.36924946
vt 0.16484192 0.37609917
vt 0.28026426 0.38651150
vt 0.22530043 0.38107455
vt 0.34446308 0.39548028
vt 0.00881321 0.36146510
vt 0.97446758 0.23308372
vt 0.00950713 0.27581334
vt 0.11669580 0.29697144
vt 0.48020831 0.25549960
vt 0.53156543 0.39494550
vt 0.16391779 0.29907680
vt 0.29416701 0.29095781
vt 0.52102947 0.25328970
vt 0.33220005 0.28218985
vt 0.37751025 0.26825798
vt 0.51129884 0.40322578
vt 0.58479434 0.25395370
vt 0.42125162 0.25413013
vt 0.97323310 0.21679050
vt 0.80548418 0.25019485
vt 0.65721256 0.25518775
vt 0.72740954 0.25428307
vt 0.98113596 0.37788230
vt 0.97492254 0.40283072
vt 0.47806293 0.24221063
vt 0.85736924 0.23748863
vt 0.52835792 0.24087608
vt 0.95807421 0.21347249
vt 0.57786727 0.24253720
vt 0.93147159 0.21550298
vt 0.63778919 0.24138427
vt 0.68161309 0.24309856
vt 0.19488445 0.28638387
vt 0.14758296 0.28672057
vt 0.10610053 0.28179407
vt 0.05773419 0.27337086
vt 0.97890097 0.22345912
vt 0.24727634 0.28428507
vt 0.33189642 0.27048278
vt 0.29020214 0.28009081
vt 0.00571726 0.27810192
vt 0.37382057 0.25915444
vt 0.41507012 0.24704361
vt 0.98284823 0.40322578
vt 0.21185273 0.72265565
vt 0.19351895 0.79112226
vt 0.18682641 0.71668512
vt 0.17592558 0.75183815
vt 0.23678789 0.79424018
vt 0.24594617 0.76654178
vt 0.16553624 0.79474759
vt 0.24362855 0.70862234
vt 0.26829970 0.80013496
vt 0.29036528 0.75372738
vt 0.30492765 0.79709470
vt 0.33543891 0.74336058
vt 0.35180190 0.79211336
vt 0.39401406 0.74986923
vt 0.38647637 0.70897675
vt 0.41646439 0.70839816
vt 0.41941208 0.76813066
vt 0.42596415 0.72353089
vt 0.30649599 0.70820093
vt 0.34006050 0.71069008
vt 0.27023727 0.69173825
vt 0.39141002 0.79394656
vt 0.24750087 0.68709177
vt 0.21553113 0.67341948
vt 0.42671517 0.70393884
vt 0.21838543 0.65395302
vt 0.17268324 0.71699280
vt 0.18831570 0.65458924
vt 0.15328406 0.73654574
vt 0.22391720 0.79869539
vt 0.15104292 0.68211812
vt 0.13780850 0.79719526
vt 0.12791626 0.76368916
vt 0.41726589 0.79385209
vt 0.10464852 0.69068104
vt 0.09271909 0.79388487
vt 0.34756649 0.79947376
vt 0.07073233 0.76445818
vt 0.07505860 0.68959498
vt 0.05466902 0.79501659
vt 0.03975260 0.79283524
vt 0.03076193 0.75637281
vt 0.04274430 0.68990022
vt 0.08901880 0.68344498
vt 0.09299662 0.79893422
vt 0.05487465 0.68612695
vt 0.02472395 0.68789142
vt 0.02205923 0.78809160
vt 0.05487344 0.79913336
vt 0.02415631 0.79681641
vt 0.02088098 0.72921699
vt 0.16885430 0.80394959
vt 0.17103755 0.65843695
vt 0.24383864 0.65858394
vt 0.20375784 0.64223969
vt 0.30226636 0.70246041
vt 0.07894850 0.68063658
vt 0.18902743 0.64131695
vt 0.30466208 0.80254811
vt 0.27325225 0.80618685
vt 0.23096223 0.64803284
vt 0.21760258 0.64382875
vt 0.27657676 0.68753940
vt 0.26388013 0.66598636
vt 0.17636438 0.64056391
vt 0.24249950 0.80740041
vt 0.16174449 0.65442109
vt 0.15543121 0.67420220
vt 0.14019671 0.67754418
vt 0.39553207 0.79888338
vt 0.01727381 0.69446445
vt 0.12970236 0.80740041
vt 0.34639618 0.69801718
vt 0.31687424 0.69704008
vt 0.30257228 0.69171709
vt 0.15016305 0.66599870
vt 0.38956693 0.69690776
vt 0.42230034 0.75781721
vt 0.27745491 0.67241883
vt 0.28842208 0.68079859
vt 0.08002678 0.80530608
vt 0.24296127 0.64716083
vt 0.01611227 0.72906226
vt 0.25265253 0.65111673
vt 0.16990191 0.63662237
vt 0.49712190 0.12151855
vt 0.53859431 0.12085092
vt 0.51499099 0.15356064
vt 0.47569785 0.15134811
vt 0.46141270 0.12718171
vt 0.43562922 0.11884141
vt 0.42849508 0.15241528
vt 0.56867617 0.12231022
vt 0.61590195 0.13013148
vt 0.60136127 0.14792812
vt 0.64327323 0.14351732
vt 0.64535934 0.11386490
vt 0.68870145 0.12216574
vt 0.72936291 0.11024439
vt 0.72590953 0.13739395
vt 0.75323427 0.11357206
vt 0.48331872 0.08829057
vt 0.52727968 0.08784747
vt 0.60972291 0.09825319
vt 0.67695117 0.09436381
vt 0.57255572 0.08719110
vt 0.73059535 0.08857918
vt 0.79377115 0.09450293
vt 0.82476735 0.08814180
vt 0.80127180 0.11093205
vt 0.44484782 0.08894235
vt 0.88955259 0.11120409
vt 0.88801086 0.07686824
vt 0.93265796 0.07541561
vt 0.94296914 0.11357677
vt 0.95818424 0.05785358
vt 0.94112509 0.15137339
vt 0.94753212 0.04329169
vt 0.90988141 0.05070412
vt 0.83924365 0.14103127
vt 0.88860887 0.14981616
vt 0.79248226 0.14257115
vt 0.68152112 0.13997698
vt 0.96108496 0.13497853
vt 0.41731176 0.08879066
vt 0.40162942 0.12188381
vt 0.39535859 0.09665483
vt 0.35089612 0.12164879
vt 0.34458786 0.09633124
vt 0.39927679 0.14671415
vt 0.30150622 0.12199980
vt 0.30594310 0.09633660
vt 0.25435966 0.10388631
vt 0.25198787 0.12316471
vt 0.22814654 0.11085725
vt 0.21737120 0.12867808
vt 0.20153484 0.10740656
vt 0.19215336 0.11996049
vt 0.13104452 0.11206686
vt 0.13677534 0.12736672
vt 0.08568033 0.12583256
vt 0.83874375 0.05627143
vt 0.78900707 0.06555390
vt 0.54205650 0.07510877
vt 0.67123830 0.08130693
vt 0.61660510 0.07324785
vt 0.09163542 0.10193658
vt 0.05660239 0.12881213
vt 0.02234110 0.11370981
vt 0.00631126 0.14288676
vt 0.00552874 0.11575311
vt 0.00596790 0.09083372
vt 0.49486309 0.06702268
vt 0.15827923 0.13633126
vt 0.09075627 0.14487940
vt 0.18023627 0.14735413
vt 0.01309935 0.15777779
vt 0.36786985 0.07939208
vt 0.25547662 0.13937646
vt 0.22176543 0.15124559
vt 0.06684760 0.15216208
vt 0.13690965 0.14696878
vt 0.96036059 0.17412645
vt 0.34829953 0.15017009
vt 0.29725984 0.14806938
vt 0.96538681 0.08487934
vt 0.00288648 0.17645216
vt 0.94339341 0.17525101
vt 0.41270199 0.16102934
vt 0.88988745 0.16759992
vt 0.82324326 0.16077781
vt 0.73205042 0.14597785
vt 0.68377805 0.15186912
vt 0.57538235 0.16246998
vt 0.46969703 0.16889817
vt 0.01993198 0.10162127
vt 0.04785260 0.09603536
vt 0.96302575 0.02659303
vt 0.55120713 0.05709231
vt 0.30612943 0.07719070
vt 0.89670151 0.03988826
vt 0.25628135 0.15430343
vt 0.05135135 0.16178763
vt 0.77849931 0.16093123
vt 0.12142067 0.16107917
vt 0.51707911 0.17127138
vt 0.13481224 0.09848195
vt 0.19782886 0.09753549
vt 0.25039268 0.09011191
vt 0.42371041 0.06670308
vt 0.72755325 0.06568331
vt 0.94137692 0.02226084
vt 0.96850276 0.04463613
vt 0.43914875 0.05683887
vt 0.96811187 0.17639899
vt 0.60355687 0.16699255
vt 0.65758282 0.16192520
vt 0.96982133 0.14430749
vt 0.50166279 0.05164617
vt 0.39336559 0.17405146
vt 0.66823894 0.06188470
vt 0.79430997 0.05767435
vt 0.35165057 0.16734254
vt 0.02358559 0.08771038
vt 0.87135136 0.17314982
vt 0.72619414 0.16252917
vt 0.84230465 0.03912437
vt 0.79466867 0.04702741
vt 0.88592243 0.02682352
vt 0.61640644 0.05540478
vt 0.35459760 0.06336969
vt 0.00316740 0.14895809
vt 0.41613257 0.18486363
vt 0.94464743 0.19055265
vt 0.96220267 0.19221729
vt 0.29536241 0.16399336
vt 0.91637236 0.19131905
vt 0.49901640 0.19138449
vt 0.69987512 0.16891485
vt 0.45961261 0.18915677
vt 0.06907903 0.17307007
vt 0.58963120 0.17886835
vt 0.17575127 0.16298461
vt 0.00278278 0.18767488
vt 0.79509890 0.17596990
vt 0.97051376 0.09217185
vt 0.34510833 0.17715645
vt 0.73775494 0.05230641
vt 0.70145601 0.04669863
vt 0.64931148 0.04516208
vt 0.60535061 0.03575855
vt 0.65826482 0.17552185
vt 0.25069633 0.07435805
vt 0.19625188 0.08027679
vt 0.08755478 0.08047342
vt 0.13794905 0.08214051
vt 0.95445496 0.01192719
vt 0.55676258 0.03989244
vt 0.52935779 0.03618604
vt 0.41664398 0.04811847
vt 0.85268670 0.18191075
vt 0.49126315 0.03956920
vt 0.01226463 0.07893634
vt 0.00636129 0.07377869
vt 0.21685450 0.17105317
vt 0.26818505 0.17190349
vt 0.73607200 0.17701286
vt 0.12116960 0.17456424
vt 0.60282415 0.19028217
vt 0.45185360 0.03987765
vt 0.40377042 0.19805843
vt 0.30820200 0.06035352
vt 0.29470044 0.17568237
vt 0.96999127 0.19621968
vt 0.54768801 0.19766498
vt 0.96694988 0.01688874
vt 0.88029081 0.01844019
vt 0.91779864 0.01178175
vt 0.03632822 0.07574600
vt 0.82989138 0.02980375
vt 0.36241132 0.04821485
vt 0.33972761 0.18842655
vt 0.45973298 0.20441663
vt 0.07081437 0.18507361
vt 0.49349555 0.20559871
vt 0.69358575 0.18483657
vt 0.65957361 0.18859178
vt 0.78794903 0.03185523
vt 0.74073118 0.04288179
vt 0.02983426 0.06624967
vt 0.00395986 0.20223784
vt 0.48774412 0.02524149
vt 0.41434032 0.03707749
vt 0.94430125 0.20115983
vt 0.26820797 0.05753827
vt 0.22294211 0.06349790
vt 0.18049471 0.06765556
vt 0.56120652 0.02850193
vt 0.97436881 0.01819539
vt 0.00051975 0.20967740
vt 0.01114067 0.06978661
vt 0.53491086 0.20858181
vt 0.49427676 0.01936686
vt 0.59332687 0.20259184
vt 0.45431337 0.02843338
vt 0.37765288 0.20201051
vt 0.19779906 0.18540096
vt 0.07846911 0.06415939
vt 0.13534009 0.18678296
vt 0.11422937 0.19662482
vt 0.84980059 0.19560713
vt 0.97573102 0.17643589
vt 0.97544205 0.19892234
vt 0.90857017 0.20357370
vt 0.05944342 0.20391369
vt 0.79183674 0.18966091
vt 0.25440854 0.18498677
vt 0.29408973 0.19010270
vt 0.08097148 0.20273435
vt 0.65865797 0.19970691
vt 0.32399496 0.19678068
vt 0.96346754 0.20967740
vt 0.95632476 0.00094879
vt 0.96857446 0.00331277
vt 0.53869855 0.01693285
vt 0.85462725 0.01437861
vt 0.82574093 0.02042985
vt 0.79013968 0.02418071
vt 0.10954387 0.06981528
vt 0.30838147 0.04690802
vt 0.64556831 0.03139460
vt 0.71003222 0.02968735
vt 0.75161809 0.02850455
vt 0.97661120 0.20959783
vt 0.48996407 0.55283689
vt 0.53397369 0.55363560
vt 0.51655698 0.56771857
vt 0.47458524 0.57332772
vt 0.46105486 0.55276638
vt 0.55701369 0.56281382
vt 0.44103444 0.57076883
vt 0.44531700 0.57971156
vt 0.53781796 0.57911783
vt 0.57264692 0.57482255
vt 0.61510313 0.57668817
vt 0.59054852 0.55636585
vt 0.62677407 0.56257331
vt 0.68668228 0.56786305
vt 0.72843230 0.57018614
vt 0.71980321 0.57892901
vt 0.67310536 0.57955545
vt 0.74403709 0.56523752
vt 0.79660136 0.57312042
vt 0.80499154 0.58760530
vt 0.82433760 0.57470602
vt 0.76368207 0.59172159
vt 0.71744722 0.58758402
vt 0.85753471 0.58341485
vt 0.85547662 0.59376436
vt 0.89626402 0.57608539
vt 0.89858282 0.59073418
vt 0.55962831 0.55176330
vt 0.40279865 0.57930613
vt 0.90757096 0.60320824
vt 0.39981064 0.57312584
vt 0.61041981 0.59084684
vt 0.68188137 0.59611076
vt 0.44813073 0.59194380
vt 0.47776321 0.58994102
vt 0.91942519 0.59258550
vt 0.34120303 0.58820277
vt 0.40019536 0.59415007
vt 0.71869987 0.59796137
vt 0.83030677 0.59936446
vt 0.86277026 0.60518622
vt 0.78788441 0.60242850
vt 0.92385328 0.60442406
vt 0.94028455 0.59124929
vt 0.93740153 0.57534891
vt 0.53999335 0.59575051
vt 0.35230088 0.60405290
vt 0.29601538 0.60510385
vt 0.25646120 0.58745760
vt 0.25475436 0.60502464
vt 0.46582031 0.60384363
vt 0.20934233 0.60193455
vt 0.42150292 0.60338438
vt 0.22610313 0.61200732
vt 0.16433418 0.61253840
vt 0.16745323 0.59697866
vt 0.12343880 0.60859489
vt 0.94712168 0.59846050
vt 0.95004249 0.61918324
vt 0.12840068 0.59228218
vt 0.08305265 0.60330343
vt 0.28819624 0.61780375
vt 0.81574148 0.61261737
vt 0.75313473 0.61089325
vt 0.64369786 0.60337919
vt 0.59335536 0.60267460
vt 0.70806426 0.60767585
vt 0.91892058 0.61561573
vt 0.86532182 0.61530882
vt 0.12094104 0.62012857
vt 0.03482682 0.61626899
vt 0.03694578 0.60165036
vt 0.01594318 0.60025042
vt 0.09210107 0.58311146
vt 0.54423499 0.60868758
vt 0.02409484 0.58181334
vt 0.17098743 0.62228251
vt 0.22358780 0.58052921
vt 0.22349113 0.62381738
vt 0.34445861 0.61556786
vt 0.40968204 0.61522365
vt 0.04404444 0.57925981
vt 0.01065122 0.61614895
vt 0.59324366 0.61225349
vt 0.64453191 0.61515814
vt 0.27688661 0.57997304
vt 0.15635121 0.58389038
vt 0.19830087 0.57463837
vt 0.11615239 0.57799554
vt 0.32513392 0.58035433
vt 0.36104608 0.57157433
vt 0.01032464 0.57847142
vt 0.47697645 0.61860871
vt 0.45645922 0.62527132
vt 0.94739711 0.56917733
vt 0.92288202 0.57361621
vt 0.00966719 0.60120118
vt 0.06278177 0.56873101
vt 0.30234540 0.62737638
vt 0.91810727 0.62681323
vt 0.95701587 0.63027859
vt 0.96478367 0.62137824
vt 0.96088940 0.61324680
vt 0.95414889 0.61118871
vt 0.95005840 0.60670453
vt 0.96906263 0.62052464
vt 0.97037423 0.63472486
vt 0.70895994 0.61923814
vt 0.76374698 0.62245697
vt 0.82379931 0.62626594
vt 0.86180168 0.62867522
vt 0.13518490 0.63123053
vt 0.22761126 0.63472486
vt 0.08178247 0.62843537
vt 0.03397705 0.62606877
vt 0.01370680 0.62776834
vt 0.34294125 0.62984902
vt 0.39996973 0.62929994
vt 0.55400276 0.62426782
vt 0.60839874 0.62662852
vt 0.02604154 0.56482536
vt 0.16432966 0.57121420
vt 0.11270387 0.56971377
vt 0.04551266 0.56143832
vt 0.32725847 0.56323075
vt 0.28225556 0.56252855
vt 0.43471617 0.55257797
vt 0.22602658 0.56250745
vt 0.68801415 0.55766094
vt 0.62625450 0.55618715
vt 0.40072486 0.54887539
vt 0.01085097 0.55901855
vt 0.36110696 0.55294764
vt 0.89460331 0.56838644
vt 0.13367404 0.56124657
vt 0.01349509 0.54805666
vt 0.84816492 0.56748360
vt 0.80380094 0.56572062
vt 0.32548219 0.55171019
vt 0.09052476 0.54795772
vt 0.19733296 0.55265200
vt 0.15754732 0.55357659
vt 0.44428867 0.53844053
vt 0.26492468 0.55432832
vt 0.29869804 0.54341328
vt 0.23981655 0.54824030
vt 0.93461496 0.55707234
vt 0.03456126 0.54262841
vt 0.48226872 0.53302681
vt 0.12306012 0.54465294
vt 0.35161510 0.54026711
vt 0.54186797 0.53303552
vt 0.95013255 0.54872131
vt 0.41972619 0.53034437
vt 0.40218097 0.52658904
vt 0.61476839 0.54393995
vt 0.58685488 0.53539068
vt 0.82890290 0.55268937
vt 0.86874324 0.55609232
vt 0.78782815 0.55261743
vt 0.89515626 0.55880481
vt 0.16482066 0.54575479
vt 0.00405922 0.56097496
vt 0.72192752 0.54525501
vt 0.02111135 0.52898920
vt 0.66043472 0.53987193
vt 0.44362715 0.52112633
vt 0.05290626 0.53110820
vt 0.00155925 0.58336741
vt 0.96569681 0.61449105
vt 0.96782678 0.61187845
vt 0.96897697 0.60505629
vt 0.09224264 0.52915788
vt 0.76013070 0.53648305
vt 0.48845050 0.51752818
vt 0.00360619 0.60812831
vt 0.12301148 0.52832007
vt 0.18836032 0.53112042
vt 0.00890192 0.53154588
vt 0.74172437 0.54178858
vt 0.61892539 0.53060961
vt 0.33516338 0.52529985
vt 0.26974517 0.53077394
vt 0.22751963 0.53090793
vt 0.15233877 0.52859128
vt 0.56154871 0.52351278
vt 0.42042542 0.51328272
vt 0.71513075 0.53315729
vt 0.67472017 0.53394747
vt 0.52882510 0.51365578
vt 0.37562218 0.51435310
vt 0.56924826 0.51376122
vt 0.62145764 0.51805431
vt 0.05975779 0.52007991
vt 0.09759288 0.51902378
vt 0.92112905 0.81545007
vt 0.92797202 0.71905482
vt 0.91191423 0.72659951
vt 0.92212820 0.67212862
vt 0.89499700 0.79915982
vt 0.89766973 0.84225053
vt 0.91656572 0.84738839
vt 0.90025622 0.67891353
vt 0.92808509 0.84428352
vt 0.93503881 0.77953815
vt 0.92850119 0.67803854
vt 0.89454585 0.69517118
vt 0.93911135 0.70531476
vt 0.89035654 0.79741144
vt 0.89111805 0.83467418
vt 0.90819174 0.66368610
vt 0.93871307 0.82762802
vt 0.93679386 0.67379248
vt 0.94115430 0.77554309
vt 0.91720712 0.85863376
vt 0.93038660 0.66342962
vt 0.90036005 0.85768718
vt 0.93551731 0.84906143
vt 0.91994357 0.65659398
vt 0.93189681 0.85775536
vt 0.88967335 0.84659684
vt 0.88932610 0.69356745
vt 0.88513511 0.78149354
vt 0.88534313 0.81992441
vt 0.89511436 0.67023176
vt 0.94615179 0.74437159
vt 0.94646567 0.79700089
vt 0.94646567 0.69635725
vt 0.93663460 0.65559775
vt 0.52334452 0.45489299
vt 0.58368212 0.45504248
vt 0.52550751 0.46321964
vt 0.60357708 0.46083242
vt 0.48867899 0.45931369
vt 0.61839467 0.45333278
vt 0.62558615 0.46520650
vt 0.66118604 0.45160866
vt 0.69645262 0.46381021
vt 0.66212177 0.46491921
vt 0.69054139 0.45403087
vt 0.73318547 0.46015978
vt 0.74238563 0.47208357
vt 0.77242100 0.45361102
vt 0.69243568 0.48169732
vt 0.65688187 0.47727978
vt 0.53037256 0.47449267
vt 0.58070886 0.47787356
vt 0.62883562 0.48107505
vt 0.49862117 0.47957075
vt 0.72939688 0.48638928
vt 0.76321024 0.48411870
vt 0.80834281 0.47111225
vt 0.81673002 0.48197275
vt 0.85524523 0.46120167
vt 0.46149075 0.47820091
vt 0.45266590 0.46514249
vt 0.85296547 0.48093891
vt 0.89131296 0.45654440
vt 0.43201801 0.48243564
vt 0.41760904 0.46649218
vt 0.85490406 0.49016786
vt 0.53058416 0.48399669
vt 0.45574462 0.45692372
vt 0.81387901 0.45148611
vt 0.88972759 0.47987401
vt 0.85294700 0.44753265
vt 0.41261286 0.45658588
vt 0.92391312 0.47704482
vt 0.39137304 0.46516806
vt 0.72921056 0.45047784
vt 0.94003785 0.44753921
vt 0.97112238 0.47349399
vt 0.96720219 0.48548293
vt 0.98460680 0.47419548
vt 0.98492366 0.45206439
vt 0.90005624 0.44117129
vt 0.38989881 0.45684224
vt 0.35711426 0.46821439
vt 0.35485500 0.45711327
vt 0.32423836 0.47048879
vt 0.31795377 0.45719731
vt 0.29368740 0.46911812
vt 0.28538403 0.46070206
vt 0.24435447 0.46963030
vt 0.21853159 0.46266353
vt 0.17225772 0.46698451
vt 0.18738332 0.48540270
vt 0.15117520 0.48660928
vt 0.24070285 0.48316491
vt 0.29030520 0.48381764
vt 0.12710352 0.47346878
vt 0.12463222 0.49374610
vt 0.35436681 0.48678583
vt 0.98627013 0.49174851
vt 0.94481915 0.49415815
vt 0.39806035 0.47814482
vt 0.90027332 0.49483967
vt 0.09704693 0.49291950
vt 0.09006256 0.47398186
vt 0.06859446 0.48728073
vt 0.06470690 0.46902823
vt 0.03019910 0.47290635
vt 0.03293050 0.46850657
vt 0.01923077 0.46786302
vt 0.01965067 0.48880821
vt 0.10364961 0.46779579
vt 0.08255768 0.46151930
vt 0.13948055 0.46120477
vt 0.02919267 0.49231672
vt 0.96638000 0.43695545
vt 0.99279112 0.46516716
vt 0.21585938 0.45440418
vt 0.55600637 0.44064796
vt 0.99178398 0.48562515
vt 0.49000520 0.44142389
vt 0.42047569 0.48805678
vt 0.96496922 0.49829185
vt 0.43333325 0.44595581
vt 0.45201847 0.43687713
vt 0.91299438 0.50108647
vt 0.65787750 0.48866171
vt 0.81566828 0.49650574
vt 0.59428567 0.48678291
vt 0.20944019 0.49319655
vt 0.15683876 0.49690700
vt 0.26384619 0.49210942
vt 0.31485710 0.49462438
vt 0.06968763 0.49969137
vt 0.47423637 0.48836684
vt 0.68553585 0.49753374
vt 0.86868119 0.50392020
vt 0.75401038 0.50352794
vt 0.36388969 0.49857950
vt 0.70526570 0.50464642
vt 0.02044207 0.50840557
vt 0.82582760 0.50684303
vt 0.52366400 0.49702013
vt 0.95195001 0.50807810
vt 0.07258689 0.51042306
vt 0.43963075 0.50426376
vt 0.60267073 0.50193286
vt 0.99262810 0.44526649
vt 0.66160911 0.50644910
vt 0.50241113 0.51040709
vt 0.55253148 0.51071185
vt 0.28925949 0.45048141
vt 0.98703849 0.43717718
vt 0.68803871 0.44178396
vt 0.61878192 0.43925452
vt 0.51487446 0.43629646
vt 0.12238966 0.50861883
vt 0.39732718 0.50560737
vt 0.35420519 0.50578886
vt 0.21344557 0.50934845
vt 0.26712391 0.50869018
vt 0.31116036 0.50871354
vt 0.97785562 0.50659490
vt 0.16493401 0.50974154
vt 0.87896210 0.51391017
vt 0.60194361 0.51160628
vt 0.75076270 0.51512486
vt 0.82777679 0.51754290
vt 0.68126917 0.51754290
vt 0.02348651 0.51664734
vt 0.02015031 0.52087289
vt 0.44535309 0.51245838
vt 0.99283820 0.50526017
vt 0.80239457 0.43774885
vt 0.75319648 0.43974340
vt 0.71776587 0.43465936
vt 0.83747399 0.44017613
vt 0.88780290 0.43275249
vt 0.36094978 0.44305485
vt 0.10912143 0.45378667
vt 0.41706967 0.43238407
vt 0.03465501 0.45204258
vt 0.02001587 0.44954348
vt 0.65281564 0.43319774
vt 0.29870689 0.43850321
vt 0.82944751 0.43003106
vt 0.16200675 0.44422019
vt 0.22977674 0.44436556
vt 0.13571338 0.44024324
vt 0.06613260 0.44731379
vt 0.96273583 0.42412794
vt 0.93237114 0.41897225
vt 0.98546386 0.42125547
vt 0.99882203 0.48487359
vt 0.54392004 0.42340302
vt 0.99584460 0.42820686
vt 0.59141886 0.42977041
vt 0.47725660 0.42991763
vt 0.10175831 0.44068801
vt 0.68450260 0.42537177
vt 0.49474782 0.42124647
vt 0.81742680 0.42250061
vt 0.75443268 0.42500418
vt 0.44421554 0.42241615
vt 0.87467182 0.42039120
vt 0.38107786 0.43376899
vt 0.35025272 0.43233418
vt 0.31941232 0.43188226
vt 0.27879509 0.43049717
vt 0.02341023 0.43345666
vt 0.02036189 0.42621791
vt 0.22114219 0.43167615
vt 0.99948025 0.45425534
vt 0.61977983 0.41551155
vt 0.40442884 0.42157137
vt 0.15743978 0.43169868
vt 0.71975827 0.41601133
vt 0.56157786 0.41355109
vt 0.36534408 0.41993701
vt 0.08003891 0.43632162
vt 0.99939156 0.50721437
vt 0.96690571 0.41157144
vt 0.43020362 0.41008377
vt 0.52026272 0.40736222
vt 0.76196569 0.41098750
vt 0.48645663 0.40702087
vt 0.99335957 0.41109270
vt 0.02466611 0.42067635
vt 0.93720627 0.92493051
vt 0.93260378 0.98355192
vt 0.92023075 0.94633877
vt 0.92794186 0.88542986
vt 0.94836831 0.88772368
vt 0.95681834 0.96886480
vt 0.95431781 0.93421745
vt 0.95565701 0.98721933
vt 0.91373861 0.88560677
vt 0.91701365 0.98866087
vt 0.95456010 0.88227642
vt 0.96007389 0.92028630
vt 0.90898401 0.98347753
vt 0.90835953 0.88873959
vt 0.93186861 0.99479824
vt 0.96001571 0.88527328
vt 0.91832590 0.99715370
vt 0.90613133 0.99481338
vt 0.95236361 0.99715370
vt 0.96476799 0.98037612
vt 0.90431416 0.92480570
vt 0.96031576 0.99392521
vt 0.96548581 0.99037534
vt 0.90467483 0.98889232
vt 0.90561807 0.87406814
vt 0.90138930 0.88172209
vt 0.96285182 0.87191653
vt 0.96621621 0.87495506
vt 0.89864862 0.92619485
vt 0.95107484 0.69368309
vt 0.97774774 0.72530407
vt 0.97644240 0.66309208
vt 0.95745796 0.65467805
vt 0.95317161 0.71362793
vt 0.94993311 0.72903341
vt 0.95590562 0.75305414
vt 0.98498529 0.71836561
vt 0.98981965 0.67934066
vt 0.97868764 0.75426942
vt 0.98865950 0.66575992
vt 0.95047891 0.74874407
vt 0.97214532 0.65370017
vt 0.99118805 0.74899054
vt 0.98966861 0.65795428
vt 0.94958419 0.68227440
vt 0.95169693 0.65615219
vt 0.99636173 0.74318606
vt 0.99636173 0.66067815
vt 0.01968474 0.94463265
vt 0.01838849 0.93283921
vt 0.02750341 0.93785000
vt 0.01190784 0.94916278
vt 0.02794967 0.96040648
vt 0.00363825 0.93555915
vt 0.01242724 0.96738589
vt 0.00547953 0.98152173
vt 0.01307676 0.98132998
vt 0.02640099 0.97593039
vt 0.01995410 0.98623306
vt 0.01102816 0.99373353
vt 0.01244331 0.92125237
vt 0.01958979 0.92144579
vt 0.02403431 0.92486048
vt 0.00728873 0.99017936
vt 0.00699372 0.99905121
vt 0.02876876 0.98684049
vt 0.02784687 0.98041743
vt 0.07850197 0.98441613
vt 0.04418629 0.97123677
vt 0.08622874 0.97291720
vt 0.11398263 0.97755665
vt 0.11059134 0.99210966
vt 0.15634991 0.98275715
vt 0.18469523 0.99749792
vt 0.22920997 0.99905121
vt 0.67299402 0.00714147
vt 0.65963334 0.01281857
vt 0.65656120 0.02371919
vt 0.68227220 0.00664139
vt 0.68451142 0.01132900
vt 0.67382640 0.02371919
vt 0.65228689 0.01841605
vt 0.21654284 0.26280832
vt 0.20922805 0.25682408
vt 0.21634886 0.25142312
vt 0.22198613 0.25737542
vt 0.22505197 0.26280832
vt 0.20634095 0.25227392
vt 0.42242569 0.82475102
vt 0.38625053 0.81478953
vt 0.39994335 0.81720912
vt 0.38068548 0.82184696
vt 0.42230514 0.81883979
vt 0.34427139 0.81522173
vt 0.33401865 0.81962067
vt 0.29837567 0.81369078
vt 0.27538010 0.81883967
vt 0.27554294 0.80929792
vt 0.23142986 0.82090318
vt 0.21755697 0.83213252
vt 0.21095818 0.82722467
vt 0.18878083 0.83862722
vt 0.17061326 0.83493215
vt 0.15246056 0.85091543
vt 0.14315002 0.84489828
vt 0.11006984 0.86182791
vt 0.28251243 0.88234562
vt 0.23279536 0.95663506
vt 0.22640967 0.88295436
vt 0.22246866 0.84180236
vt 0.28467914 0.83190238
vt 0.27987722 0.95202267
vt 0.18527006 0.90972453
vt 0.18364543 0.96143258
vt 0.16252127 0.86977273
vt 0.13940163 0.92967266
vt 0.11342313 0.87962514
vt 0.11818139 0.95877463
vt 0.09574114 0.95263082
vt 0.03984715 0.95586091
vt 0.05621602 0.89634156
vt 0.02980872 0.92719460
vt 0.15902697 0.85809427
vt 0.30312330 0.90200788
vt 0.34923890 0.94089651
vt 0.35855785 0.89935130
vt 0.42874390 0.90454972
vt 0.42666870 0.88624817
vt 0.35984337 0.83332646
vt 0.41753566 0.83454281
vt 0.18681557 0.84524429
vt 0.09829208 0.87470895
vt 0.42653790 0.84500837
vt 0.02858628 0.89701670
vt 0.41447747 0.92346847
vt 0.27599898 0.96096033
vt 0.33994472 0.82667911
vt 0.38810837 0.82813704
vt 0.04808600 0.88749188
vt 0.28503889 0.82435119
vt 0.12500364 0.86228305
vt 0.03205185 0.95315403
vt 0.32188454 0.95434469
vt 0.05713718 0.96018928
vt 0.42807922 0.91844958
vt 0.20989519 0.96869069
vt 0.42983368 0.86818361
vt 0.08058488 0.87469912
vt 0.15295601 0.96353954
vt 0.37083414 0.94041216
vt 0.03520096 0.96201766
vt 0.17915833 0.96862692
vt 0.28362137 0.96857756
vt 0.42624241 0.92741030
vt 0.10487259 0.96687132
vt 0.03243114 0.88766432
vt 0.14773633 0.96857756
vt 0.39608154 0.93746924
vt 0.06241855 0.87502527
vt 0.14397089 0.24573052
vt 0.14397089 0.26470590
vt 0.14189190 0.25923049
vt 0.52404916 0.96891421
vt 0.52408028 0.90037256
vt 0.54975116 0.89114928
vt 0.55874377 0.97751302
vt 0.58665138 0.97849631
vt 0.58089638 0.87520945
vt 0.62689185 0.98569822
vt 0.61348557 0.90450573
vt 0.63958448 0.91663849
vt 0.64751691 0.98433828
vt 0.59958589 0.86296374
vt 0.47655404 0.97218126
vt 0.48247042 0.94802248
vt 0.45772851 0.89887381
vt 0.49069348 0.90644896
vt 0.67625719 0.92109352
vt 0.69181222 0.98152453
vt 0.52414000 0.88857466
vt 0.44587755 0.96984732
vt 0.45153370 0.88658720
vt 0.49355087 0.88721371
vt 0.52448672 0.98053271
vt 0.64863342 0.87566620
vt 0.69329345 0.92037690
vt 0.68374050 0.89720142
vt 0.69607222 0.85830891
vt 0.72376329 0.86919135
vt 0.71443021 0.98569417
vt 0.74655282 0.93730122
vt 0.78119737 0.87196803
vt 0.80750954 0.93916041
vt 0.80589581 0.87769979
vt 0.80223209 0.98364085
vt 0.81590694 0.98569822
vt 0.76032317 0.98576850
vt 0.83508235 0.92186928
vt 0.82740146 0.87562889
vt 0.83821154 0.98452532
vt 0.68681878 0.84217370
vt 0.64469361 0.83965844
vt 0.62615448 0.84856993
vt 0.83835757 0.87827122
vt 0.55183244 0.88203484
vt 0.44126821 0.88856715
vt 0.71534538 0.86171389
vt 0.44571748 0.88204145
vt 0.49725282 0.87982464
vt 0.46570119 0.88157648
vt 0.82900208 0.65939277
vt 0.87266111 0.65939277
vt 0.83292150 0.64990515
vt 0.69975752 0.77040571
vt 0.70819128 0.80152673
vt 0.69465923 0.78985411
vt 0.68835944 0.79584354
vt 0.72316599 0.80803978
vt 0.69367015 0.77009618
vt 0.70956498 0.75620610
vt 0.73731357 0.71072215
vt 0.73977846 0.76097065
vt 0.72117758 0.68899459
vt 0.73322600 0.81539232
vt 0.74956119 0.74508113
vt 0.74515820 0.82309276
vt 0.76196468 0.77458394
vt 0.76508319 0.71190852
vt 0.81175160 0.73575538
vt 0.79661435 0.84678942
vt 0.78775167 0.84883416
vt 0.82863015 0.79377806
vt 0.83338672 0.84986389
vt 0.85523283 0.81353581
vt 0.74685264 0.68936181
vt 0.81477022 0.73143846
vt 0.70985472 0.70679289
vt 0.69713151 0.75002342
vt 0.85169268 0.76627505
vt 0.84919906 0.86289859
vt 0.67654294 0.78814441
vt 0.69877881 0.80525762
vt 0.65675771 0.80405480
vt 0.84048343 0.86755264
vt 0.71353441 0.68832803
vt 0.68598449 0.77957809
vt 0.72788483 0.82019448
vt 0.64880884 0.79489732
vt 0.83616263 0.87026566
vt 0.79095536 0.85320908
vt 0.75541604 0.69596547
vt 0.83761060 0.74562514
vt 0.86490482 0.76852930
vt 0.73507392 0.83092725
vt 0.86438966 0.77601492
vt 0.87058210 0.79012752
vt 0.86457276 0.83709055
vt 0.85893935 0.86065418
vt 0.64202249 0.78148884
vt 0.63742661 0.79241508
vt 0.63105386 0.78076750
vt 0.61772794 0.79667467
vt 0.62666154 0.77151108
vt 0.61466032 0.77627915
vt 0.60687560 0.79354948
vt 0.60690790 0.74222964
vt 0.59499365 0.74942118
vt 0.58450818 0.78209311
vt 0.59345478 0.71508890
vt 0.58896500 0.80289203
vt 0.56940186 0.77426940
vt 0.56792843 0.80579239
vt 0.56313396 0.79318291
vt 0.58258295 0.81282789
vt 0.56492567 0.81612253
vt 0.57644558 0.81984985
vt 0.56163490 0.82547313
vt 0.55104387 0.77212667
vt 0.54839015 0.80038863
vt 0.53743094 0.78671044
vt 0.54582375 0.81564128
vt 0.53476745 0.81368011
vt 0.52010018 0.82786971
vt 0.53616798 0.84046012
vt 0.52169877 0.81435949
vt 0.51353812 0.81811059
vt 0.50543517 0.82715207
vt 0.50801992 0.80409670
vt 0.49948958 0.82502729
vt 0.48840046 0.84725410
vt 0.48968765 0.82932013
vt 0.48680645 0.80483794
vt 0.47807968 0.81274855
vt 0.46845546 0.80853587
vt 0.46499950 0.82727993
vt 0.45628268 0.84515864
vt 0.45261636 0.80371040
vt 0.49084115 0.78164452
vt 0.48193103 0.77946717
vt 0.47136125 0.77448773
vt 0.51264709 0.74742609
vt 0.51026094 0.73968136
vt 0.53676641 0.72283244
vt 0.53665268 0.71490592
vt 0.55182815 0.71238810
vt 0.43699902 0.80786687
vt 0.55038267 0.70525867
vt 0.56533295 0.69813412
vt 0.56822246 0.71893436
vt 0.57660919 0.69071597
vt 0.56502026 0.73263687
vt 0.55032414 0.74883646
vt 0.43607068 0.79737866
vt 0.46842006 0.84807956
vt 0.46398640 0.86118942
vt 0.47371542 0.85257888
vt 0.44427338 0.84623682
vt 0.45049408 0.86606270
vt 0.45948836 0.86858886
vt 0.45456326 0.87381405
vt 0.49272290 0.79141057
vt 0.56906152 0.72608745
vt 0.56723517 0.73684478
vt 0.47454283 0.83272117
vt 0.48518246 0.84334117
vt 0.49803200 0.80137634
vt 0.51748770 0.80154878
vt 0.50896508 0.84383160
vt 0.47915974 0.86173373
vt 0.61536884 0.73887616
vt 0.57050973 0.75585544
vt 0.55351639 0.81196225
vt 0.59099740 0.82212824
vt 0.61017329 0.81220841
vt 0.60030985 0.69547445
vt 0.61527991 0.72129285
vt 0.61710262 0.69879478
vt 0.60976577 0.68363410
vt 0.61821169 0.67471403
vt 0.62559783 0.68315709
vt 0.62996644 0.67550528
vt 0.62722111 0.66076326
vt 0.64200801 0.65944999
vt 0.59625602 0.68753833
vt 0.63935393 0.65056920
vt 0.65166289 0.63966805
vt 0.65927267 0.64872766
vt 0.66492593 0.62879294
vt 0.67212510 0.64088649
vt 0.67677248 0.62144214
vt 0.62013966 0.75696552
vt 0.59950775 0.80957144
vt 0.61573696 0.80406976
vt 0.51312393 0.78605616
vt 0.75831723 0.69063210
vt 0.84721404 0.87381405
vt 0.54610234 0.82510793
vt 0.53105688 0.74431169
vt 0.67110121 0.78151834
vt 0.50773078 0.78212643
vt 0.52996892 0.76067287
vt 0.54732525 0.75308967
vt 0.72185594 0.68118691
vt 0.56323701 0.76160026
vt 0.54195005 0.77165163
vt 0.51160353 0.79142952
vt 0.53684855 0.74919009
vt 0.63604897 0.80739594
vt 0.58250344 0.74073082
vt 0.57449877 0.73273152
vt 0.20604494 0.03845704
vt 0.23461959 0.03985369
vt 0.20322245 0.04269451
vt 0.24586079 0.03303409
vt 0.24372745 0.04269451
vt 0.25935552 0.04037309
vt 0.25026849 0.02626020
vt 0.22770780 0.02980036
vt 0.23731205 0.01992410
vt 0.05945243 0.04838711
vt 0.04417880 0.04838711
vt 0.06288981 0.03794235
vt 0.05217595 0.03130931
vt 0.98425072 0.13226175
vt 0.98180872 0.15498567
vt 0.98460150 0.15941513
vt 0.98705310 0.11314237
vt 0.99014354 0.10341555
vt 0.99061722 0.13953555
vt 0.99324322 0.11369050
vt 0.99324322 0.19070208
vt 0.44353351 0.64080954
vt 0.44095129 0.66441244
vt 0.42558947 0.64041746
vt 0.42223924 0.66508538
vt 0.45395324 0.66508538
vt 0.45582122 0.65448332
vt 0.42047817 0.65230584
vt 0.81788796 0.68282485
vt 0.82484406 0.66638535
vt 0.81548858 0.66129035
vt 0.82484406 0.68406069
vt 0.44958419 0.98007590
vt 0.42151767 0.98007590
vt 0.43343529 0.97248578
vt 0.47972974 0.73529410
vt 0.45062369 0.73529410
vt 0.47039124 0.72960150
f 953/953 951/951 950/950
f 965/965 957/957 958/958
f 958/958 961/961 965/965
f 950/950 952/952 954/954
f 950/950 956/956 953/953
f 956/956 958/958 957/957
f 964/964 952/952 951/951
f 960/960 961/961 958/958
f 649/649 651/651 650/650
f 950/950 951/951 952/952
f 951/951 953/953 955/955
f 955/955 953/953 957/957
f 957/957 953/953 956/956
f 964/964 951/951 963/963
f 954/954 956/956 950/950
f 956/956 959/959 960/960
f 958/958 956/956 960/960
f 649/649 582/582 651/651
f 963/963 951/951 962/962
f 962/962 951/951 955/955
f 956/956 954/954 959/959
f 987/987 984/984 986/986
f 984/984 985/985 986/986
f 933/933 938/938 939/939
f 933/933 932/932 938/938
f 938/938 944/944 939/939
f 935/935 936/936 932/932
f 936/936 937/937 932/932
f 932/932 940/940 938/938
f 938/938 940/940 944/944
f 936/936 942/942 937/937
f 932/932 937/937 940/940
f 934/934 933/933 943/943
f 943/943 933/933 945/945
f 945/945 933/933 941/941
f 945/945 941/941 939/939
f 934/934 931/931 933/933
f 933/933 939/939 941/941
f 931/931 932/932 933/933
f 931/931 936/936 935/935
f 243/243 182/182 183/183
f 931/931 935/935 932/932
f 1219/1219 1220/1220 1221/1221
f 1218/1218 1197/1197 1216/1216
f 1218/1218 1216/1216 1219/1219
f 1219/1219 1216/1216 1220/1220
f 947/947 946/946 934/934
f 946/946 931/931 934/934
f 939/939 948/948 949/949
f 182/182 181/181 183/183
f 183/183 181/181 190/190
f 1207/1207 1198/1198 1218/1218
f 1218/1218 1198/1198 1197/1197
f 182/182 179/179 181/181
f 199/199 187/187 182/182
f 179/179 180/180 181/181
f 1198/1198 1195/1195 1197/1197
f 1197/1197 1215/1215 1216/1216
f 1195/1195 1196/1196 1197/1197
f 1197/1197 1196/1196 1215/1215
f 1216/1216 1215/1215 1217/1217
f 235/235 187/187 199/199
f 187/187 179/179 182/182
f 181/181 180/180 190/190
f 1214/1214 1201/1201 1207/1207
f 1207/1207 1201/1201 1198/1198
f 1196/1196 1225/1225 1215/1215
f 1196/1196 1195/1195 1194/1194
f 1196/1196 1194/1194 1225/1225
f 1285/1285 1287/1287 1288/1288
f 1287/1287 1290/1290 1289/1289
f 1288/1288 1287/1287 1289/1289
f 1075/1075 1077/1077 1076/1076
f 180/180 242/242 190/190
f 1201/1201 1200/1200 1198/1198
f 1225/1225 1226/1226 1215/1215
f 1285/1285 1286/1286 1287/1287
f 187/187 178/178 179/179
f 1198/1198 1199/1199 1195/1195
f 1200/1200 1199/1199 1198/1198
f 1195/1195 1193/1193 1194/1194
f 1199/1199 1222/1222 1195/1195
f 1195/1195 1222/1222 1193/1193
f 1194/1194 1192/1192 1225/1225
f 1225/1225 1192/1192 1226/1226
f 1226/1226 1192/1192 1191/1191
f 1192/1192 1190/1190 1191/1191
f 1191/1191 1229/1229 1230/1230
f 1194/1194 1193/1193 1192/1192
f 1193/1193 1190/1190 1192/1192
f 202/202 187/187 235/235
f 179/179 177/177 180/180
f 1193/1193 1227/1227 1190/1190
f 1201/1201 1202/1202 1200/1200
f 1190/1190 1188/1188 1191/1191
f 1191/1191 1188/1188 1229/1229
f 187/187 202/202 178/178
f 1201/1201 1203/1203 1202/1202
f 1222/1222 1261/1261 1193/1193
f 1227/1227 1189/1189 1190/1190
f 1190/1190 1189/1189 1188/1188
f 178/178 177/177 179/179
f 1261/1261 1255/1255 1193/1193
f 1193/1193 1255/1255 1227/1227
f 177/177 185/185 180/180
f 1199/1199 1268/1268 1222/1222
f 1110/1110 1081/1081 1084/1084
f 1188/1188 1184/1184 1229/1229
f 1255/1255 1267/1267 1227/1227
f 1227/1227 1267/1267 1189/1189
f 1189/1189 1187/1187 1188/1188
f 1187/1187 1184/1184 1188/1188
f 1202/1202 1259/1259 1200/1200
f 1200/1200 1259/1259 1199/1199
f 1267/1267 1228/1228 1189/1189
f 1189/1189 1228/1228 1187/1187
f 1228/1228 1186/1186 1187/1187
f 1187/1187 1186/1186 1184/1184
f 180/180 238/238 242/242
f 180/180 185/185 238/238
f 1268/1268 1262/1262 1222/1222
f 1222/1222 1262/1262 1261/1261
f 1186/1186 1183/1183 1184/1184
f 1272/1272 1273/1273 1274/1274
f 1267/1267 1266/1266 1228/1228
f 1228/1228 1183/1183 1186/1186
f 1183/1183 1182/1182 1184/1184
f 202/202 176/176 178/178
f 1266/1266 1181/1181 1228/1228
f 1228/1228 1181/1181 1183/1183
f 178/178 176/176 177/177
f 1262/1262 1263/1263 1261/1261
f 1112/1112 1113/1113 1114/1114
f 1182/1182 1258/1258 1185/1185
f 185/185 239/239 238/238
f 1203/1203 1205/1205 1204/1204
f 1203/1203 1204/1204 1202/1202
f 1202/1202 1204/1204 1259/1259
f 1275/1275 1273/1273 1272/1272
f 1181/1181 1180/1180 1182/1182
f 1181/1181 1182/1182 1183/1183
f 177/177 184/184 185/185
f 224/224 176/176 202/202
f 185/185 184/184 221/221
f 185/185 221/221 239/239
f 1181/1181 1179/1179 1180/1180
f 1180/1180 1233/1233 1182/1182
f 1259/1259 1213/1213 1268/1268
f 1280/1280 1278/1278 1279/1279
f 1279/1279 1278/1278 1275/1275
f 1204/1204 1213/1213 1259/1259
f 1233/1233 1176/1176 1258/1258
f 1258/1258 1176/1176 1178/1178
f 176/176 175/175 177/177
f 177/177 175/175 184/184
f 221/221 240/240 239/239
f 1179/1179 1172/1172 1174/1174
f 1179/1179 1174/1174 1180/1180
f 1180/1180 1174/1174 1233/1233
f 1233/1233 1174/1174 1173/1173
f 1233/1233 1173/1173 1176/1176
f 1278/1278 1277/1277 1275/1275
f 1205/1205 1206/1206 1204/1204
f 1204/1204 1206/1206 1213/1213
f 1275/1275 1277/1277 1276/1276
f 1179/1179 1265/1265 1172/1172
f 1176/1176 1177/1177 1178/1178
f 1205/1205 1208/1208 1206/1206
f 1206/1206 1212/1212 1213/1213
f 1213/1213 1212/1212 1265/1265
f 1172/1172 1173/1173 1174/1174
f 1281/1281 1282/1282 1283/1283
f 1173/1173 1172/1172 1171/1171
f 1173/1173 1171/1171 1175/1175
f 1173/1173 1175/1175 1176/1176
f 1176/1176 1175/1175 1177/1177
f 175/175 186/186 184/184
f 184/184 186/186 221/221
f 221/221 228/228 240/240
f 1282/1282 1284/1284 1283/1283
f 228/228 245/245 240/240
f 1208/1208 1209/1209 1206/1206
f 1209/1209 1210/1210 1206/1206
f 1172/1172 1169/1169 1171/1171
f 1212/1212 1223/1223 1224/1224
f 986/986 985/985 989/989
f 1212/1212 1224/1224 1232/1232
f 1206/1206 1210/1210 1212/1212
f 1232/1232 1169/1169 1172/1172
f 1050/1050 1053/1053 1058/1058
f 224/224 225/225 176/176
f 221/221 186/186 228/228
f 987/987 988/988 984/984
f 1061/1061 1062/1062 1063/1063
f 1271/1271 1270/1270 1232/1232
f 1209/1209 1211/1211 1210/1210
f 1232/1232 1270/1270 1169/1169
f 225/225 174/174 176/176
f 176/176 174/174 175/175
f 228/228 244/244 245/245
f 1295/1295 1296/1296 1299/1299
f 1270/1270 1168/1168 1169/1169
f 1171/1171 1253/1253 1175/1175
f 1175/1175 1253/1253 1177/1177
f 1293/1293 1294/1294 1295/1295
f 1295/1295 1294/1294 1296/1296
f 1170/1170 1168/1168 1270/1270
f 1169/1169 1166/1166 1171/1171
f 174/174 171/171 175/175
f 228/228 229/229 244/244
f 1297/1297 1294/1294 1293/1293
f 1168/1168 1166/1166 1169/1169
f 1171/1171 1166/1166 1253/1253
f 1068/1068 1069/1069 1070/1070
f 1069/1069 1074/1074 1071/1071
f 1293/1293 1298/1298 1297/1297
f 175/175 173/173 186/186
f 228/228 186/186 229/229
f 1170/1170 1236/1236 1167/1167
f 1170/1170 1167/1167 1168/1168
f 1168/1168 1167/1167 1166/1166
f 1166/1166 1167/1167 1165/1165
f 1165/1165 1163/1163 1166/1166
f 1166/1166 1163/1163 1253/1253
f 174/174 170/170 171/171
f 175/175 171/171 173/173
f 186/186 219/219 229/229
f 1245/1245 1239/1239 1236/1236
f 1236/1236 1237/1237 1167/1167
f 1237/1237 1231/1231 1167/1167
f 1231/1231 1165/1165 1167/1167
f 742/742 713/713 735/735
f 713/713 734/734 735/735
f 794/794 713/713 742/742
f 713/713 728/728 734/734
f 794/794 829/829 709/709
f 794/794 709/709 713/713
f 713/713 711/711 728/728
f 713/713 709/709 711/711
f 711/711 725/725 728/728
f 725/725 741/741 728/728
f 829/829 792/792 709/709
f 792/792 710/710 709/709
f 709/709 710/710 711/711
f 710/710 712/712 711/711
f 711/711 712/712 725/725
f 712/712 726/726 725/725
f 747/747 752/752 774/774
f 750/750 751/751 747/747
f 751/751 752/752 747/747
f 752/752 796/796 774/774
f 789/789 754/754 750/750
f 750/750 754/754 751/751
f 789/789 826/826 754/754
f 754/754 753/753 751/751
f 773/773 836/836 796/796
f 751/751 753/753 752/752
f 752/752 773/773 796/796
f 753/753 773/773 752/752
f 826/826 821/821 754/754
f 821/821 790/790 754/754
f 754/754 790/790 753/753
f 790/790 793/793 753/753
f 753/753 793/793 773/773
f 790/790 867/867 793/793
f 173/173 188/188 186/186
f 229/229 219/219 249/249
f 1236/1236 1239/1239 1238/1238
f 1236/1236 1238/1238 1237/1237
f 1231/1231 1252/1252 1165/1165
f 1165/1165 1252/1252 1164/1164
f 1165/1165 1164/1164 1163/1163
f 746/746 735/735 739/739
f 739/739 735/735 738/738
f 797/797 742/742 746/746
f 746/746 742/742 735/735
f 735/735 734/734 738/738
f 798/798 742/742 797/797
f 734/734 808/808 738/738
f 798/798 794/794 742/742
f 871/871 794/794 798/798
f 871/871 874/874 794/794
f 734/734 728/728 808/808
f 874/874 829/829 794/794
f 728/728 816/816 808/808
f 728/728 741/741 816/816
f 874/874 868/868 829/829
f 868/868 792/792 829/829
f 741/741 802/802 816/816
f 741/741 726/726 802/802
f 868/868 870/870 792/792
f 870/870 868/868 891/891
f 870/870 828/828 792/792
f 792/792 828/828 710/710
f 828/828 714/714 710/710
f 710/710 714/714 712/712
f 712/712 727/727 726/726
f 726/726 727/727 802/802
f 712/712 715/715 727/727
f 712/712 714/714 715/715
f 715/715 724/724 727/727
f 828/828 716/716 714/714
f 714/714 716/716 715/715
f 716/716 718/718 715/715
f 715/715 718/718 724/724
f 737/737 747/747 744/744
f 747/747 776/776 744/744
f 747/747 774/774 776/776
f 774/774 799/799 776/776
f 755/755 750/750 737/737
f 737/737 750/750 747/747
f 864/864 789/789 755/755
f 755/755 865/865 864/864
f 755/755 789/789 750/750
f 799/799 774/774 817/817
f 774/774 796/796 817/817
f 796/796 836/836 817/817
f 866/866 826/826 789/789
f 864/864 866/866 789/789
f 866/866 869/869 826/826
f 866/866 900/900 869/869
f 773/773 793/793 846/846
f 826/826 869/869 821/821
f 867/867 894/894 846/846
f 793/793 867/867 846/846
f 869/869 886/886 821/821
f 821/821 886/886 790/790
f 886/886 867/867 790/790
f 188/188 219/219 186/186
f 1164/1164 1162/1162 1163/1163
f 1162/1162 1161/1161 1163/1163
f 856/856 855/855 783/783
f 783/783 781/781 784/784
f 781/781 788/788 784/784
f 855/855 782/782 783/783
f 786/786 780/780 782/782
f 855/855 786/786 782/782
f 782/782 780/780 781/781
f 781/781 779/779 788/788
f 780/780 779/779 781/781
f 756/756 746/746 748/748
f 748/748 739/739 775/775
f 739/739 795/795 775/775
f 854/854 746/746 756/756
f 746/746 739/739 748/748
f 739/739 738/738 795/795
f 854/854 797/797 746/746
f 854/854 798/798 797/797
f 738/738 819/819 795/795
f 877/877 798/798 854/854
f 738/738 808/808 819/819
f 896/896 899/899 877/877
f 877/877 871/871 798/798
f 877/877 874/874 871/871
f 877/877 899/899 874/874
f 808/808 823/823 819/819
f 808/808 816/816 823/823
f 874/874 899/899 897/897
f 897/897 868/868 874/874
f 816/816 824/824 823/823
f 897/897 891/891 868/868
f 816/816 802/802 824/824
f 802/802 820/820 824/824
f 891/891 887/887 870/870
f 870/870 887/887 857/857
f 870/870 857/857 828/828
f 802/802 727/727 820/820
f 727/727 800/800 820/820
f 727/727 724/724 800/800
f 828/828 857/857 716/716
f 716/716 719/719 717/717
f 716/716 717/717 718/718
f 724/724 723/723 800/800
f 857/857 827/827 716/716
f 716/716 827/827 719/719
f 718/718 717/717 724/724
f 717/717 723/723 724/724
f 733/733 737/737 736/736
f 737/737 744/744 736/736
f 851/851 755/755 745/745
f 745/745 755/755 733/733
f 744/744 776/776 740/740
f 755/755 737/737 733/733
f 776/776 799/799 740/740
f 851/851 878/878 865/865
f 851/851 865/865 755/755
f 865/865 895/895 864/864
f 459/459 382/382 439/439
f 382/382 379/379 439/439
f 895/895 866/866 864/864
f 439/439 380/380 467/467
f 439/439 379/379 380/380
f 149/149 140/140 100/100
f 380/380 419/419 467/467
f 419/419 458/458 479/479
f 697/697 683/683 699/699
f 683/683 681/681 694/694
f 699/699 683/683 694/694
f 694/694 681/681 696/696
f 696/696 681/681 680/680
f 696/696 680/680 700/700
f 1254/1254 1161/1161 1269/1269
f 884/884 883/883 856/856
f 883/883 855/855 856/856
f 784/784 788/788 814/814
f 883/883 863/863 855/855
f 883/883 893/893 863/863
f 788/788 779/779 807/807
f 788/788 807/807 814/814
f 863/863 786/786 855/855
f 786/786 778/778 780/780
f 780/780 778/778 779/779
f 863/863 872/872 786/786
f 778/778 777/777 779/779
f 779/779 777/777 807/807
f 786/786 785/785 778/778
f 758/758 756/756 757/757
f 852/852 756/756 758/758
f 756/756 748/748 757/757
f 748/748 775/775 757/757
f 757/757 775/775 772/772
f 888/888 854/854 879/879
f 879/879 854/854 852/852
f 775/775 812/812 772/772
f 852/852 854/854 756/756
f 775/775 795/795 812/812
f 888/888 896/896 854/854
f 896/896 877/877 854/854
f 416/416 378/378 428/428
f 428/428 378/378 385/385
f 385/385 383/383 428/428
f 428/428 383/383 430/430
f 430/430 420/420 447/447
f 430/430 383/383 420/420
f 820/820 839/839 824/824
f 420/420 449/449 447/447
f 449/449 420/420 414/414
f 887/887 873/873 857/857
f 449/449 414/414 465/465
f 820/820 800/800 822/822
f 873/873 827/827 857/857
f 723/723 809/809 800/800
f 800/800 809/809 822/822
f 719/719 720/720 717/717
f 873/873 849/849 827/827
f 827/827 749/749 719/719
f 719/719 749/749 720/720
f 723/723 729/729 809/809
f 827/827 849/849 749/749
f 717/717 721/721 723/723
f 721/721 729/729 723/723
f 720/720 721/721 717/717
f 849/849 848/848 749/749
f 721/721 730/730 729/729
f 848/848 722/722 749/749
f 749/749 722/722 720/720
f 720/720 722/722 721/721
f 848/848 847/847 722/722
f 721/721 731/731 730/730
f 722/722 731/731 721/721
f 847/847 743/743 722/722
f 722/722 743/743 731/731
f 731/731 732/732 730/730
f 847/847 850/850 743/743
f 847/847 859/859 850/850
f 743/743 745/745 731/731
f 731/731 733/733 732/732
f 732/732 740/740 801/801
f 850/850 745/745 743/743
f 745/745 733/733 731/731
f 740/740 810/810 801/801
f 733/733 736/736 732/732
f 732/732 736/736 740/740
f 859/859 851/851 850/850
f 851/851 745/745 850/850
f 859/859 878/878 851/851
f 799/799 838/838 810/810
f 456/456 406/406 382/382
f 151/151 102/102 147/147
f 382/382 459/459 456/456
f 100/100 140/140 127/127
f 380/380 360/360 419/419
f 680/680 689/689 700/700
f 219/219 247/247 249/249
f 219/219 226/226 247/247
f 1239/1239 1240/1240 1238/1238
f 1240/1240 1241/1241 1238/1238
f 901/901 883/883 884/884
f 445/445 389/389 436/436
f 814/814 843/843 844/844
f 883/883 901/901 893/893
f 436/436 429/429 460/460
f 893/893 872/872 863/863
f 807/807 777/777 818/818
f 872/872 853/853 786/786
f 853/853 785/785 786/786
f 777/777 771/771 818/818
f 785/785 770/770 778/778
f 778/778 770/770 777/777
f 853/853 787/787 785/785
f 787/787 770/770 785/785
f 770/770 771/771 777/777
f 770/770 767/767 771/771
f 787/787 765/765 770/770
f 770/770 765/765 767/767
f 765/765 766/766 767/767
f 761/761 762/762 760/760
f 760/760 759/759 761/761
f 759/759 757/757 772/772
f 760/760 852/852 758/758
f 758/758 757/757 759/759
f 760/760 758/758 759/759
f 852/852 881/881 880/880
f 880/880 879/879 852/852
f 427/427 416/416 451/451
f 383/383 387/387 420/420
f 420/420 387/387 414/414
f 414/414 432/432 465/465
f 822/822 809/809 813/813
f 465/465 432/432 431/431
f 873/873 890/890 849/849
f 890/890 876/876 849/849
f 729/729 811/811 813/813
f 876/876 848/848 849/849
f 729/729 730/730 811/811
f 876/876 898/898 875/875
f 876/876 875/875 848/848
f 875/875 847/847 848/848
f 730/730 801/801 811/811
f 811/811 801/801 815/815
f 875/875 859/859 847/847
f 461/461 412/412 390/390
f 875/875 878/878 859/859
f 461/461 390/390 456/456
f 390/390 406/406 456/456
f 406/406 370/370 382/382
f 382/382 370/370 333/333
f 382/382 333/333 379/379
f 379/379 333/333 328/328
f 379/379 328/328 380/380
f 380/380 328/328 360/360
f 419/419 360/360 457/457
f 419/419 457/457 458/458
f 697/697 691/691 683/683
f 689/689 703/703 700/700
f 231/231 195/195 174/174
f 174/174 195/195 170/170
f 171/171 166/166 173/173
f 188/188 189/189 191/191
f 188/188 191/191 219/219
f 1161/1161 1149/1149 1269/1269
f 436/436 389/389 429/429
f 460/460 429/429 464/464
f 872/872 862/862 853/853
f 862/862 787/787 853/853
f 771/771 804/804 830/830
f 862/862 860/860 787/787
f 771/771 767/767 804/804
f 860/860 791/791 787/787
f 791/791 765/765 787/787
f 767/767 766/766 804/804
f 791/791 764/764 765/765
f 764/764 763/763 765/765
f 765/765 763/763 766/766
f 766/766 803/803 804/804
f 860/860 861/861 791/791
f 763/763 768/768 766/766
f 766/766 768/768 803/803
f 768/768 805/805 803/803
f 791/791 762/762 764/764
f 764/764 762/762 763/763
f 861/861 825/825 791/791
f 791/791 825/825 762/762
f 763/763 769/769 768/768
f 768/768 769/769 805/805
f 861/861 858/858 825/825
f 762/762 761/761 763/763
f 763/763 761/761 769/769
f 769/769 806/806 805/805
f 761/761 759/759 769/769
f 825/825 760/760 762/762
f 825/825 858/858 760/760
f 881/881 852/852 858/858
f 858/858 852/852 760/760
f 769/769 772/772 806/806
f 463/463 418/418 466/466
f 772/772 812/812 806/806
f 466/466 418/418 427/427
f 812/812 832/832 806/806
f 812/812 831/831 832/832
f 427/427 392/392 416/416
f 392/392 365/365 416/416
f 365/365 378/378 416/416
f 385/385 340/340 383/383
f 340/340 351/351 383/383
f 351/351 387/387 383/383
f 414/414 387/387 397/397
f 397/397 432/432 414/414
f 432/432 397/397 431/431
f 431/431 397/397 384/384
f 813/813 840/840 842/842
f 890/890 898/898 876/876
f 431/431 384/384 412/412
f 811/811 815/815 840/840
f 390/390 370/370 406/406
f 370/370 335/335 333/333
f 680/680 679/679 689/689
f 173/173 189/189 188/188
f 1240/1240 1243/1243 1242/1242
f 1240/1240 1242/1242 1241/1241
f 389/389 332/332 386/386
f 389/389 386/386 429/429
f 464/464 429/429 455/455
f 455/455 429/429 413/413
f 455/455 413/413 454/454
f 889/889 860/860 862/862
f 889/889 885/885 860/860
f 885/885 861/861 860/860
f 803/803 833/833 804/804
f 885/885 882/882 861/861
f 803/803 805/805 833/833
f 882/882 858/858 861/861
f 805/805 835/835 834/834
f 882/882 881/881 858/858
f 462/462 411/411 463/463
f 805/805 806/806 835/835
f 411/411 418/418 463/463
f 806/806 832/832 835/835
f 418/418 392/392 427/427
f 392/392 368/368 365/365
f 378/378 365/365 334/334
f 378/378 334/334 340/340
f 378/378 340/340 385/385
f 387/387 351/351 339/339
f 387/387 339/339 361/361
f 361/361 397/397 387/387
f 138/138 114/114 109/109
f 397/397 361/361 362/362
f 397/397 362/362 384/384
f 384/384 371/371 412/412
f 371/371 349/349 412/412
f 143/143 141/141 120/120
f 412/412 349/349 390/390
f 141/141 91/91 120/120
f 390/390 349/349 336/336
f 390/390 336/336 370/370
f 336/336 335/335 370/370
f 335/335 286/286 333/333
f 328/328 289/289 360/360
f 360/360 363/363 457/457
f 691/691 684/684 683/683
f 681/681 675/675 680/680
f 679/679 688/688 689/689
f 689/689 688/688 703/703
f 170/170 166/166 171/171
f 219/219 191/191 226/226
f 191/191 227/227 226/226
f 1160/1160 1149/1149 1161/1161
f 332/332 348/348 386/386
f 429/429 386/386 413/413
f 386/386 350/350 413/413
f 413/413 452/452 454/454
f 413/413 410/410 452/452
f 413/413 388/388 410/410
f 410/410 411/411 452/452
f 452/452 411/411 462/462
f 418/418 411/411 381/381
f 418/418 381/381 392/392
f 392/392 381/381 368/368
f 368/368 329/329 365/365
f 108/108 95/95 48/48
f 334/334 257/257 340/340
f 340/340 253/253 351/351
f 351/351 253/253 339/339
f 361/361 339/339 260/260
f 362/362 338/338 384/384
f 384/384 338/338 371/371
f 371/371 338/338 337/337
f 333/333 286/286 282/282
f 333/333 282/282 328/328
f 683/683 675/675 681/681
f 688/688 702/702 703/703
f 1243/1243 1244/1244 1242/1242
f 332/332 322/322 348/348
f 348/348 350/350 386/386
f 129/129 132/132 97/97
f 132/132 98/98 97/97
f 413/413 350/350 388/388
f 388/388 325/325 410/410
f 410/410 325/325 347/347
f 410/410 347/347 411/411
f 411/411 347/347 381/381
f 381/381 330/330 368/368
f 368/368 330/330 329/329
f 365/365 329/329 334/334
f 340/340 257/257 254/254
f 340/340 254/254 253/253
f 253/253 260/260 339/339
f 260/260 261/261 361/361
f 361/361 261/261 362/362
f 261/261 338/338 362/362
f 371/371 337/337 349/349
f 337/337 287/287 349/349
f 287/287 336/336 349/349
f 287/287 285/285 336/336
f 336/336 285/285 335/335
f 285/285 286/286 335/335
f 50/50 45/45 33/33
f 328/328 282/282 289/289
f 693/693 684/684 691/691
f 684/684 675/675 683/683
f 675/675 679/679 680/680
f 173/173 166/166 189/189
f 1243/1243 1246/1246 1244/1244
f 1160/1160 1142/1142 1149/1149
f 377/377 315/315 332/332
f 332/332 315/315 322/322
f 322/322 326/326 348/348
f 348/348 326/326 350/350
f 97/97 56/56 77/77
f 350/350 326/326 327/327
f 350/350 327/327 321/321
f 321/321 388/388 350/350
f 321/321 325/325 388/388
f 330/330 381/381 347/347
f 329/329 295/295 334/334
f 334/334 295/295 257/257
f 261/261 288/288 338/338
f 288/288 265/265 338/338
f 338/338 265/265 337/337
f 289/289 363/363 360/360
f 322/322 313/313 326/326
f 326/326 320/320 327/327
f 325/325 324/324 347/347
f 347/347 324/324 330/330
f 257/257 256/256 254/254
f 253/253 252/252 258/258
f 253/253 258/258 260/260
f 260/260 259/259 261/261
f 337/337 265/265 287/287
f 286/286 285/285 277/277
f 286/286 277/277 282/282
f 706/706 693/693 691/691
f 170/170 167/167 166/166
f 61/61 60/60 126/126
f 322/322 315/315 313/313
f 313/313 320/320 326/326
f 320/320 305/305 327/327
f 327/327 305/305 319/319
f 327/327 319/319 321/321
f 321/321 301/301 325/325
f 325/325 301/301 324/324
f 324/324 296/296 330/330
f 296/296 329/329 330/330
f 293/293 291/291 295/295
f 329/329 293/293 295/295
f 291/291 256/256 257/257
f 295/295 291/291 257/257
f 254/254 256/256 255/255
f 255/255 251/251 254/254
f 254/254 251/251 253/253
f 251/251 252/252 253/253
f 258/258 259/259 260/260
f 259/259 262/262 261/261
f 261/261 263/263 288/288
f 288/288 263/263 265/265
f 265/265 266/266 287/287
f 282/282 277/277 280/280
f 195/195 167/167 170/170
f 191/191 220/220 227/227
f 1246/1246 1247/1247 1244/1244
f 313/313 306/306 320/320
f 320/320 306/306 305/305
f 319/319 303/303 321/321
f 321/321 303/303 301/301
f 301/301 299/299 324/324
f 299/299 296/296 324/324
f 329/329 296/296 293/293
f 261/261 262/262 263/263
f 263/263 264/264 265/265
f 265/265 264/264 266/266
f 266/266 275/275 287/287
f 287/287 275/275 285/285
f 275/275 277/277 285/285
f 280/280 289/289 282/282
f 706/706 705/705 693/693
f 675/675 677/677 679/679
f 166/166 167/167 168/168
f 1149/1149 1142/1142 1118/1118
f 1247/1247 1248/1248 1244/1244
f 377/377 316/316 315/315
f 316/316 314/314 315/315
f 315/315 314/314 313/313
f 306/306 304/304 305/305
f 319/319 305/305 303/303
f 301/301 300/300 299/299
f 256/256 251/251 255/255
f 258/258 269/269 259/259
f 259/259 269/269 262/262
f 262/262 264/264 263/263
f 289/289 331/331 363/363
f 675/675 676/676 677/677
f 231/231 217/217 195/195
f 166/166 168/168 189/189
f 1247/1247 1249/1249 1248/1248
f 314/314 312/312 313/313
f 313/313 312/312 306/306
f 305/305 304/304 303/303
f 303/303 302/302 301/301
f 301/301 302/302 300/300
f 300/300 298/298 299/299
f 299/299 298/298 296/296
f 296/296 294/294 293/293
f 293/293 294/294 292/292
f 293/293 292/292 291/291
f 256/256 267/267 251/251
f 251/251 268/268 252/252
f 252/252 268/268 258/258
f 262/262 270/270 264/264
f 266/266 273/273 275/275
f 363/363 331/331 391/391
f 705/705 687/687 693/693
f 693/693 687/687 684/684
f 684/684 687/687 676/676
f 684/684 676/676 675/675
f 189/189 193/193 191/191
f 191/191 193/193 220/220
f 1260/1260 1147/1147 1142/1142
f 316/316 317/317 314/314
f 314/314 317/317 341/341
f 306/306 312/312 304/304
f 304/304 302/302 303/303
f 298/298 297/297 296/296
f 296/296 297/297 294/294
f 291/291 290/290 256/256
f 267/267 268/268 251/251
f 268/268 271/271 258/258
f 258/258 271/271 269/269
f 269/269 270/270 262/262
f 270/270 272/272 264/264
f 264/264 272/272 266/266
f 266/266 272/272 273/273
f 273/273 274/274 275/275
f 275/275 274/274 277/277
f 277/277 279/279 280/280
f 280/280 281/281 289/289
f 289/289 281/281 331/331
f 679/679 686/686 688/688
f 167/167 169/169 168/168
f 168/168 193/193 189/189
f 193/193 223/223 220/220
f 314/314 341/341 342/342
f 314/314 342/342 312/312
f 304/304 312/312 352/352
f 304/304 352/352 302/302
f 302/302 353/353 300/300
f 291/291 292/292 290/290
f 256/256 290/290 276/276
f 256/256 276/276 267/267
f 269/269 310/310 270/270
f 274/274 278/278 277/277
f 688/688 701/701 702/702
f 195/195 217/217 167/167
f 1142/1142 1117/1117 1118/1118
f 1249/1249 1250/1250 1248/1248
f 1147/1147 1117/1117 1142/1142
f 317/317 369/369 341/341
f 341/341 369/369 342/342
f 302/302 352/352 353/353
f 353/353 354/354 300/300
f 300/300 354/354 298/298
f 298/298 354/354 297/297
f 294/294 323/323 292/292
f 323/323 290/290 292/292
f 271/271 311/311 269/269
f 311/311 310/310 269/269
f 270/270 310/310 272/272
f 272/272 274/274 273/273
f 277/277 278/278 279/279
f 279/279 281/281 280/280
f 677/677 682/682 679/679
f 679/679 682/682 686/686
f 688/688 686/686 701/701
f 1249/1249 1251/1251 1250/1250
f 1120/1120 1117/1117 1147/1147
f 650/650 651/651 585/585
f 317/317 408/408 369/369
f 342/342 424/424 400/400
f 342/342 400/400 312/312
f 312/312 400/400 352/352
f 400/400 401/401 352/352
f 352/352 401/401 399/399
f 352/352 399/399 353/353
f 353/353 399/399 354/354
f 399/399 398/398 354/354
f 354/354 345/345 297/297
f 297/297 345/345 294/294
f 294/294 345/345 323/323
f 355/355 276/276 290/290
f 268/268 309/309 271/271
f 272/272 310/310 356/356
f 272/272 356/356 308/308
f 272/272 308/308 274/274
f 274/274 308/308 307/307
f 274/274 307/307 278/278
f 279/279 283/283 281/281
f 103/103 144/144 89/89
f 217/217 172/172 167/167
f 167/167 172/172 169/169
f 169/169 192/192 168/168
f 168/168 196/196 193/193
f 193/193 218/218 223/223
f 1300/1300 1301/1301 1302/1302
f 1138/1138 1115/1115 1139/1139
f 1139/1139 1115/1115 1120/1120
f 1120/1120 1115/1115 1117/1117
f 317/317 409/409 408/408
f 369/369 408/408 435/435
f 369/369 435/435 424/424
f 369/369 424/424 342/342
f 424/424 453/453 400/400
f 548/548 509/509 547/547
f 400/400 474/474 401/401
f 474/474 442/442 401/401
f 401/401 442/442 399/399
f 442/442 441/441 399/399
f 354/354 398/398 345/345
f 323/323 355/355 290/290
f 355/355 318/318 276/276
f 276/276 318/318 267/267
f 267/267 318/318 268/268
f 268/268 318/318 309/309
f 271/271 309/309 344/344
f 271/271 344/344 311/311
f 311/311 366/366 310/310
f 366/366 356/356 310/310
f 307/307 284/284 278/278
f 331/331 358/358 391/391
f 705/705 707/707 687/687
f 678/678 677/677 676/676
f 196/196 218/218 193/193
f 218/218 230/230 223/223
f 1117/1117 1116/1116 1118/1118
f 1300/1300 1303/1303 1301/1301
f 1138/1138 1146/1146 1121/1121
f 1138/1138 1121/1121 1115/1115
f 446/446 435/435 408/408
f 967/967 968/968 969/969
f 969/969 971/971 972/972
f 975/975 974/974 976/976
f 441/441 440/440 398/398
f 345/345 398/398 417/417
f 345/345 417/417 376/376
f 345/345 376/376 323/323
f 376/376 355/355 323/323
f 318/318 344/344 309/309
f 344/344 375/375 311/311
f 311/311 375/375 366/366
f 356/356 393/393 367/367
f 356/356 367/367 308/308
f 308/308 367/367 307/307
f 279/279 284/284 283/283
f 281/281 358/358 331/331
f 218/218 232/232 230/230
f 232/232 250/250 230/230
f 1115/1115 1116/1116 1117/1117
f 1264/1264 1124/1124 1146/1146
f 1146/1146 1124/1124 1121/1121
f 640/640 575/575 613/613
f 613/613 575/575 505/505
f 653/653 659/659 667/667
f 417/417 426/426 376/376
f 355/355 376/376 405/405
f 355/355 405/405 359/359
f 355/355 359/359 318/318
f 359/359 364/364 318/318
f 318/318 364/364 344/344
f 375/375 395/395 366/366
f 366/366 395/395 394/394
f 366/366 394/394 356/356
f 356/356 394/394 393/393
f 393/393 373/373 367/367
f 373/373 307/307 367/367
f 687/687 685/685 676/676
f 676/676 685/685 678/678
f 1124/1124 1122/1122 1121/1121
f 667/667 643/643 668/668
f 475/475 426/426 417/417
f 376/376 426/426 405/405
f 405/405 426/426 438/438
f 405/405 415/415 359/359
f 359/359 407/407 364/364
f 364/364 407/407 404/404
f 364/364 404/404 344/344
f 344/344 404/404 403/403
f 344/344 403/403 375/375
f 403/403 396/396 375/375
f 375/375 396/396 395/395
f 393/393 433/433 373/373
f 373/373 372/372 307/307
f 372/372 346/346 307/307
f 307/307 346/346 284/284
f 284/284 346/346 283/283
f 281/281 343/343 358/358
f 687/687 692/692 685/685
f 677/677 678/678 682/682
f 172/172 194/194 169/169
f 169/169 194/194 192/192
f 196/196 233/233 218/218
f 218/218 233/233 232/232
f 1143/1143 1116/1116 1148/1148
f 1121/1121 1119/1119 1115/1115
f 1115/1115 1119/1119 1116/1116
f 672/672 660/660 671/671
f 405/405 438/438 415/415
f 359/359 415/415 407/407
f 403/403 443/443 396/396
f 434/434 478/478 433/433
f 373/373 433/433 425/425
f 373/373 425/425 372/372
f 372/372 374/374 346/346
f 281/281 283/283 343/343
f 707/707 692/692 687/687
f 682/682 701/701 686/686
f 192/192 196/196 168/168
f 1119/1119 1148/1148 1116/1116
f 232/232 241/241 250/250
f 1264/1264 1136/1136 1124/1124
f 415/415 450/450 437/437
f 404/404 437/437 448/448
f 404/404 443/443 403/403
f 625/625 620/620 657/657
f 473/473 472/472 425/425
f 372/372 425/425 422/422
f 372/372 422/422 374/374
f 374/374 357/357 346/346
f 346/346 357/357 283/283
f 283/283 357/357 343/343
f 343/343 421/421 358/358
f 358/358 421/421 444/444
f 144/144 165/165 145/145
f 682/682 704/704 701/701
f 233/233 241/241 232/232
f 635/635 491/491 507/507
f 636/636 507/507 631/631
f 450/450 448/448 437/437
f 641/641 656/656 664/664
f 425/425 471/471 422/422
f 422/422 423/423 374/374
f 374/374 423/423 357/357
f 695/695 678/678 685/685
f 692/692 695/695 685/685
f 678/678 690/690 682/682
f 237/237 197/197 217/217
f 217/217 197/197 172/172
f 1136/1136 1123/1123 1122/1122
f 1122/1122 1123/1123 1119/1119
f 656/656 652/652 674/674
f 652/652 673/673 674/674
f 357/357 423/423 402/402
f 357/357 402/402 343/343
f 343/343 402/402 421/421
f 421/421 469/469 444/444
f 692/692 708/708 695/695
f 695/695 698/698 678/678
f 678/678 698/698 690/690
f 682/682 690/690 704/704
f 172/172 197/197 194/194
f 194/194 196/196 192/192
f 233/233 234/234 241/241
f 1136/1136 1152/1152 1123/1123
f 1123/1123 1125/1125 1119/1119
f 1119/1119 1125/1125 1148/1148
f 673/673 647/647 644/644
f 708/708 698/698 695/695
f 642/642 571/571 648/648
f 648/648 571/571 576/576
f 197/197 198/198 194/194
f 196/196 234/234 233/233
f 1152/1152 1126/1126 1123/1123
f 1256/1256 1152/1152 1136/1136
f 1123/1123 1126/1126 1125/1125
f 1129/1129 1126/1126 1152/1152
f 1126/1126 1127/1127 1125/1125
f 1126/1126 1128/1128 1127/1127
f 1127/1127 1132/1132 1148/1148
f 198/198 200/200 194/194
f 194/194 200/200 196/196
f 1256/1256 1137/1137 1152/1152
f 1152/1152 1137/1137 1129/1129
f 1126/1126 1129/1129 1128/1128
f 237/237 210/210 197/197
f 210/210 201/201 197/197
f 197/197 201/201 198/198
f 200/200 209/209 196/196
f 196/196 209/209 234/234
f 1137/1137 1130/1130 1129/1129
f 201/201 200/200 198/198
f 1128/1128 1131/1131 1127/1127
f 1127/1127 1131/1131 1132/1132
f 237/237 246/246 210/210
f 234/234 209/209 222/222
f 1129/1129 1130/1130 1128/1128
f 1128/1128 1130/1130 1133/1133
f 246/246 214/214 210/210
f 210/210 214/214 201/201
f 201/201 204/204 200/200
f 1133/1133 1131/1131 1128/1128
f 201/201 203/203 204/204
f 200/200 204/204 209/209
f 205/205 203/203 201/201
f 204/204 222/222 209/209
f 214/214 205/205 201/201
f 1133/1133 1134/1134 1131/1131
f 1051/1051 1036/1036 1059/1059
f 204/204 211/211 222/222
f 1137/1137 1153/1153 1140/1140
f 1137/1137 1140/1140 1130/1130
f 1130/1130 1140/1140 1133/1133
f 214/214 206/206 205/205
f 1132/1132 1145/1145 1150/1150
f 206/206 207/207 203/203
f 205/205 206/206 203/203
f 203/203 207/207 204/204
f 204/204 208/208 211/211
f 208/208 212/212 211/211
f 1153/1153 1154/1154 1140/1140
f 214/214 215/215 206/206
f 204/204 207/207 208/208
f 1134/1134 1145/1145 1131/1131
f 1140/1140 1156/1156 1135/1135
f 1140/1140 1135/1135 1133/1133
f 1133/1133 1135/1135 1134/1134
f 1135/1135 1141/1141 1134/1134
f 206/206 215/215 213/213
f 206/206 213/213 207/207
f 208/208 207/207 212/212
f 1134/1134 1141/1141 1145/1145
f 1036/1036 1046/1046 1055/1055
f 1140/1140 1154/1154 1156/1156
f 213/213 216/216 207/207
f 207/207 216/216 212/212
f 1135/1135 1156/1156 1141/1141
f 924/924 923/923 921/921
f 213/213 248/248 216/216
f 216/216 248/248 236/236
f 216/216 236/236 212/212
f 929/929 917/917 928/928
f 921/921 907/907 913/913
f 1157/1157 1158/1158 1141/1141
f 1158/1158 1159/1159 1141/1141
f 939/939 944/944 948/948
f 945/945 939/939 949/949
f 1052/1052 1043/1043 1021/1021
f 1021/1021 1043/1043 1023/1023
f 1082/1082 1107/1107 1083/1083
f 1023/1023 1035/1035 1022/1022
f 1083/1083 1107/1107 1109/1109
f 1022/1022 1035/1035 1040/1040
f 1035/1035 1057/1057 1040/1040
f 1075/1075 1082/1082 1077/1077
f 1077/1077 1082/1082 1083/1083
f 1290/1290 1291/1291 1289/1289
f 1021/1021 1023/1023 1022/1022
f 1045/1045 1052/1052 1021/1021
f 1040/1040 1057/1057 1060/1060
f 1217/1217 1215/1215 1226/1226
f 1045/1045 1021/1021 1020/1020
f 1020/1020 1021/1021 1022/1022
f 1022/1022 1040/1040 1033/1033
f 1076/1076 1077/1077 1078/1078
f 1077/1077 1083/1083 1084/1084
f 1292/1292 1291/1291 1290/1290
f 1033/1033 1040/1040 1049/1049
f 1049/1049 1040/1040 1060/1060
f 1078/1078 1077/1077 1084/1084
f 1020/1020 1022/1022 1018/1018
f 1018/1018 1022/1022 1033/1033
f 1084/1084 1111/1111 1110/1110
f 1056/1056 1045/1045 1019/1019
f 1019/1019 1045/1045 1020/1020
f 1065/1065 1075/1075 1076/1076
f 1078/1078 1084/1084 1065/1065
f 1065/1065 1084/1084 1081/1081
f 1049/1049 1060/1060 1007/1007
f 1085/1085 1075/1075 1064/1064
f 1076/1076 1078/1078 1065/1065
f 1033/1033 1049/1049 1007/1007
f 1064/1064 1075/1075 1065/1065
f 1184/1184 1185/1185 1229/1229
f 1185/1185 1184/1184 1182/1182
f 1018/1018 1033/1033 1042/1042
f 1020/1020 1018/1018 1017/1017
f 1033/1033 1007/1007 1042/1042
f 1085/1085 1064/1064 1067/1067
f 1268/1268 1199/1199 1259/1259
f 1058/1058 1056/1056 1019/1019
f 1019/1019 1020/1020 1017/1017
f 1042/1042 1007/1007 1005/1005
f 1258/1258 1182/1182 1233/1233
f 1018/1018 1042/1042 1024/1024
f 1058/1058 1019/1019 1050/1050
f 1005/1005 1007/1007 1006/1006
f 1065/1065 1081/1081 1066/1066
f 1064/1064 1065/1065 1066/1066
f 1066/1066 1081/1081 1106/1106
f 1304/1304 1305/1305 1306/1306
f 1179/1179 1181/1181 1266/1266
f 1275/1275 1276/1276 1273/1273
f 1016/1016 1017/1017 1018/1018
f 1016/1016 1018/1018 1024/1024
f 1066/1066 1106/1106 1069/1069
f 1234/1234 1178/1178 1177/1177
f 1067/1067 1064/1064 1066/1066
f 1015/1015 1050/1050 1019/1019
f 1068/1068 1066/1066 1069/1069
f 1024/1024 1042/1042 1005/1005
f 1068/1068 1067/1067 1066/1066
f 1005/1005 1006/1006 1004/1004
f 1014/1014 1017/1017 1016/1016
f 1223/1223 1212/1212 1210/1210
f 1053/1053 1050/1050 1015/1015
f 1015/1015 1019/1019 1017/1017
f 1234/1234 1177/1177 1235/1235
f 1024/1024 1005/1005 1032/1032
f 1003/1003 1005/1005 1004/1004
f 1235/1235 1177/1177 1253/1253
f 1015/1015 1017/1017 1014/1014
f 1032/1032 1005/1005 1003/1003
f 1235/1235 1253/1253 1254/1254
f 1047/1047 1053/1053 1015/1015
f 1254/1254 1253/1253 1163/1163
f 1015/1015 1014/1014 1009/1009
f 1014/1014 1016/1016 1011/1011
f 1016/1016 1024/1024 1011/1011
f 1011/1011 1024/1024 1032/1032
f 174/174 225/225 231/231
f 1071/1071 1070/1070 1069/1069
f 741/741 725/725 726/726
f 781/781 783/783 782/782
f 112/112 151/151 149/149
f 112/112 149/149 100/100
f 836/836 773/773 846/846
f 1014/1014 1011/1011 1010/1010
f 1003/1003 1004/1004 1002/1002
f 1254/1254 1163/1163 1161/1161
f 845/845 819/819 823/823
f 736/736 744/744 740/740
f 810/810 740/740 799/799
f 838/838 799/799 817/817
f 102/102 151/151 112/112
f 127/127 140/140 158/158
f 1235/1235 1254/1254 1269/1269
f 843/843 814/814 818/818
f 814/814 807/807 818/818
f 812/812 795/795 831/831
f 831/831 795/795 819/819
f 130/130 139/139 146/146
f 130/130 146/146 148/148
f 130/130 148/148 134/134
f 134/134 148/148 138/138
f 138/138 148/148 150/150
f 839/839 820/820 822/822
f 813/813 809/809 729/729
f 730/730 732/732 801/801
f 801/801 810/810 815/815
f 102/102 112/112 76/76
f 112/112 100/100 76/76
f 76/76 100/100 47/47
f 47/47 100/100 127/127
f 1009/1009 1014/1014 1010/1010
f 1032/1032 1003/1003 1001/1001
f 1011/1011 1032/1032 1001/1001
f 87/87 128/128 107/107
f 128/128 157/157 107/107
f 818/818 771/771 830/830
f 769/769 759/759 772/772
f 892/892 879/879 880/880
f 888/888 879/879 892/892
f 163/163 164/164 136/136
f 136/136 164/164 139/139
f 108/108 139/139 130/130
f 150/150 152/152 138/138
f 138/138 152/152 142/142
f 142/142 152/152 153/153
f 840/840 813/813 811/811
f 815/815 810/810 841/841
f 841/841 810/810 838/838
f 141/141 147/147 101/101
f 101/101 147/147 102/102
f 76/76 47/47 45/45
f 127/127 158/158 96/96
f 1047/1047 1015/1015 1009/1009
f 1001/1001 1003/1003 1002/1002
f 1161/1161 1162/1162 1160/1160
f 88/88 162/162 128/128
f 128/128 87/87 88/88
f 107/107 157/157 156/156
f 107/107 156/156 129/129
f 830/830 804/804 837/837
f 135/135 160/160 136/136
f 136/136 160/160 163/163
f 136/136 139/139 108/108
f 95/95 108/108 130/130
f 95/95 130/130 109/109
f 130/130 134/134 109/109
f 134/134 138/138 109/109
f 138/138 142/142 114/114
f 114/114 142/142 115/115
f 115/115 142/142 143/143
f 841/841 840/840 815/815
f 91/91 141/141 101/101
f 50/50 101/101 102/102
f 102/102 76/76 50/50
f 50/50 76/76 45/45
f 47/47 127/127 96/96
f 1037/1037 1047/1047 1009/1009
f 1071/1071 1074/1074 1086/1086
f 77/77 107/107 129/129
f 129/129 156/156 155/155
f 837/837 804/804 833/833
f 833/833 805/805 834/834
f 159/159 161/161 133/133
f 133/133 161/161 160/160
f 133/133 160/160 135/135
f 99/99 135/135 136/136
f 99/99 136/136 108/108
f 95/95 109/109 67/67
f 115/115 143/143 120/120
f 91/91 101/101 49/49
f 101/101 50/50 49/49
f 45/45 47/47 37/37
f 1073/1073 1070/1070 1072/1072
f 1070/1070 1071/1071 1072/1072
f 1072/1072 1071/1071 1086/1086
f 1086/1086 1074/1074 1104/1104
f 1144/1144 1269/1269 1149/1149
f 61/61 88/88 87/87
f 57/57 87/87 107/107
f 57/57 107/107 77/77
f 77/77 129/129 97/97
f 132/132 129/129 155/155
f 132/132 155/155 154/154
f 154/154 159/159 113/113
f 132/132 154/154 113/113
f 159/159 133/133 113/113
f 133/133 135/135 99/99
f 99/99 108/108 48/48
f 48/48 95/95 19/19
f 19/19 95/95 35/35
f 35/35 95/95 67/67
f 67/67 109/109 66/66
f 109/109 114/114 66/66
f 66/66 114/114 51/51
f 114/114 115/115 51/51
f 51/51 115/115 92/92
f 115/115 120/120 92/92
f 92/92 120/120 91/91
f 49/49 50/50 33/33
f 29/29 45/45 37/37
f 1086/1086 1104/1104 1103/1103
f 61/61 87/87 59/59
f 59/59 87/87 57/57
f 98/98 132/132 113/113
f 113/113 133/133 93/93
f 93/93 133/133 99/99
f 20/20 48/48 19/19
f 36/36 35/35 67/67
f 36/36 67/67 66/66
f 36/36 66/66 43/43
f 66/66 51/51 44/44
f 46/46 92/92 91/91
f 91/91 49/49 46/46
f 33/33 45/45 29/29
f 37/37 47/47 65/65
f 65/65 47/47 96/96
f 126/126 88/88 61/61
f 57/57 77/77 56/56
f 56/56 97/97 98/98
f 54/54 98/98 113/113
f 54/54 113/113 53/53
f 53/53 113/113 93/93
f 52/52 93/93 99/99
f 52/52 99/99 48/48
f 43/43 66/66 44/44
f 51/51 92/92 46/46
f 46/46 49/49 33/33
f 30/30 29/29 37/37
f 65/65 96/96 103/103
f 1001/1001 1002/1002 1000/1000
f 1073/1073 1072/1072 1079/1079
f 57/57 56/56 55/55
f 56/56 98/98 54/54
f 53/53 93/93 52/52
f 52/52 48/48 4/4
f 4/4 48/48 7/7
f 7/7 48/48 20/20
f 13/13 35/35 36/36
f 44/44 51/51 21/21
f 21/21 51/51 46/46
f 25/25 46/46 33/33
f 1102/1102 1086/1086 1103/1103
f 59/59 57/57 58/58
f 58/58 57/57 55/55
f 56/56 54/54 55/55
f 55/55 54/54 34/34
f 34/34 54/54 53/53
f 2/2 53/53 52/52
f 2/2 52/52 4/4
f 8/8 20/20 19/19
f 11/11 19/19 35/35
f 35/35 13/13 11/11
f 36/36 43/43 13/13
f 13/13 43/43 16/16
f 16/16 43/43 44/44
f 25/25 33/33 27/27
f 27/27 33/33 28/28
f 28/28 33/33 29/29
f 28/28 29/29 30/30
f 1008/1008 1010/1010 1011/1011
f 1012/1012 1011/1011 1001/1001
f 1079/1079 1072/1072 1086/1086
f 1144/1144 1149/1149 1118/1118
f 61/61 59/59 60/60
f 59/59 58/58 60/60
f 53/53 2/2 34/34
f 7/7 20/20 8/8
f 8/8 19/19 11/11
f 16/16 44/44 17/17
f 17/17 44/44 21/21
f 21/21 46/46 23/23
f 23/23 46/46 25/25
f 1008/1008 1009/1009 1010/1010
f 1012/1012 1001/1001 1041/1041
f 64/64 60/60 58/58
f 58/58 55/55 63/63
f 63/63 55/55 62/62
f 62/62 55/55 34/34
f 34/34 2/2 1/1
f 1/1 2/2 3/3
f 2/2 4/4 3/3
f 3/3 4/4 7/7
f 1054/1054 1047/1047 1037/1037
f 1001/1001 1000/1000 998/998
f 60/60 64/64 75/75
f 64/64 58/58 72/72
f 72/72 58/58 63/63
f 998/998 1000/1000 999/999
f 1143/1143 1144/1144 1118/1118
f 86/86 60/60 75/75
f 63/63 62/62 70/70
f 70/70 62/62 34/34
f 69/69 70/70 34/34
f 69/69 34/34 1/1
f 5/5 1/1 3/3
f 5/5 3/3 6/6
f 3/3 7/7 6/6
f 7/7 8/8 6/6
f 8/8 11/11 10/10
f 10/10 11/11 12/12
f 11/11 13/13 12/12
f 15/15 13/13 16/16
f 15/15 16/16 17/17
f 17/17 21/21 18/18
f 18/18 21/21 22/22
f 22/22 21/21 23/23
f 22/22 23/23 24/24
f 23/23 25/25 24/24
f 24/24 25/25 26/26
f 26/26 27/27 32/32
f 32/32 27/27 28/28
f 32/32 28/28 31/31
f 38/38 37/37 65/65
f 1008/1008 1011/1011 1012/1012
f 1089/1089 1086/1086 1102/1102
f 75/75 64/64 85/85
f 85/85 64/64 72/72
f 72/72 63/63 94/94
f 94/94 63/63 70/70
f 121/121 70/70 69/69
f 69/69 1/1 5/5
f 6/6 8/8 9/9
f 9/9 8/8 10/10
f 12/12 13/13 15/15
f 18/18 15/15 17/17
f 25/25 27/27 26/26
f 31/31 28/28 30/30
f 38/38 30/30 37/37
f 1037/1037 1009/1009 1013/1013
f 1013/1013 1009/1009 1008/1008
f 1041/1041 1001/1001 998/998
f 1080/1080 1073/1073 1079/1079
f 1088/1088 1079/1079 1086/1086
f 1088/1088 1086/1086 1089/1089
f 85/85 86/86 75/75
f 585/585 586/586 580/580
f 585/585 580/580 581/581
f 85/85 72/72 119/119
f 119/119 72/72 94/94
f 94/94 70/70 122/122
f 122/122 70/70 121/121
f 122/122 121/121 124/124
f 69/69 5/5 83/83
f 83/83 5/5 78/78
f 5/5 6/6 78/78
f 78/78 6/6 9/9
f 14/14 10/10 12/12
f 22/22 24/24 41/41
f 31/31 30/30 38/38
f 649/649 650/650 585/585
f 649/649 585/585 581/581
f 649/649 581/581 582/582
f 581/581 580/580 538/538
f 538/538 580/580 579/579
f 579/579 590/590 548/548
f 590/590 589/589 548/548
f 548/548 589/589 542/542
f 542/542 589/589 588/588
f 124/124 121/121 123/123
f 121/121 69/69 123/123
f 12/12 15/15 74/74
f 74/74 15/15 73/73
f 73/73 15/15 18/18
f 73/73 18/18 71/71
f 71/71 18/18 22/22
f 71/71 22/22 41/41
f 41/41 24/24 42/42
f 42/42 24/24 26/26
f 65/65 103/103 89/89
f 538/538 582/582 581/581
f 582/582 538/538 583/583
f 980/980 977/977 979/979
f 977/977 978/978 979/979
f 979/979 978/978 983/983
f 538/538 579/579 547/547
f 579/579 548/548 547/547
f 509/509 548/548 520/520
f 520/520 548/548 542/542
f 542/542 588/588 543/543
f 543/543 588/588 587/587
f 69/69 83/83 123/123
f 83/83 78/78 110/110
f 78/78 9/9 110/110
f 110/110 9/9 111/111
f 9/9 10/10 90/90
f 90/90 10/10 14/14
f 82/82 12/12 74/74
f 42/42 26/26 40/40
f 40/40 26/26 32/32
f 40/40 32/32 31/31
f 39/39 31/31 38/38
f 68/68 38/38 65/65
f 1080/1080 1079/1079 1087/1087
f 1143/1143 1118/1118 1116/1116
f 965/965 966/966 957/957
f 408/408 409/409 446/446
f 966/966 965/965 961/961
f 960/960 959/959 968/968
f 981/981 980/980 979/979
f 981/981 979/979 982/982
f 584/584 583/583 538/538
f 537/537 584/584 538/538
f 537/537 538/538 522/522
f 424/424 435/435 453/453
f 522/522 538/538 547/547
f 509/509 522/522 547/547
f 400/400 453/453 474/474
f 973/973 969/969 972/972
f 509/509 520/520 504/504
f 973/973 972/972 974/974
f 504/504 520/520 519/519
f 519/519 520/520 542/542
f 975/975 973/973 974/974
f 521/521 519/519 542/542
f 521/521 542/542 543/543
f 398/398 399/399 441/441
f 521/521 543/543 518/518
f 543/543 587/587 546/546
f 123/123 83/83 125/125
f 125/125 83/83 110/110
f 90/90 111/111 9/9
f 90/90 14/14 82/82
f 82/82 14/14 12/12
f 82/82 74/74 117/117
f 117/117 74/74 116/116
f 74/74 73/73 116/116
f 116/116 73/73 118/118
f 73/73 71/71 118/118
f 118/118 71/71 84/84
f 71/71 41/41 84/84
f 84/84 41/41 42/42
f 40/40 31/31 39/39
f 278/278 284/284 279/279
f 39/39 38/38 68/68
f 68/68 65/65 89/89
f 1087/1087 1079/1079 1088/1088
f 1087/1087 1088/1088 1089/1089
f 967/967 961/961 960/960
f 967/967 960/960 968/968
f 574/574 537/537 523/523
f 632/632 574/574 626/626
f 523/523 537/537 522/522
f 515/515 523/523 522/522
f 969/969 968/968 970/970
f 626/626 575/575 640/640
f 515/515 522/522 509/509
f 969/969 970/970 971/971
f 506/506 515/515 509/509
f 505/505 506/506 503/503
f 506/506 509/509 504/504
f 503/503 506/506 504/504
f 638/638 640/640 613/613
f 638/638 613/613 616/616
f 616/616 613/613 505/505
f 616/616 505/505 500/500
f 500/500 505/505 503/503
f 637/637 638/638 616/616
f 503/503 504/504 499/499
f 637/637 616/616 617/617
f 617/617 616/616 500/500
f 500/500 503/503 499/499
f 499/499 504/504 519/519
f 639/639 637/637 617/617
f 617/617 500/500 498/498
f 498/498 500/500 499/499
f 499/499 519/519 521/521
f 653/653 637/637 639/639
f 499/499 521/521 501/501
f 653/653 639/639 659/659
f 518/518 501/501 521/521
f 518/518 543/543 546/546
f 398/398 440/440 417/417
f 546/546 587/587 564/564
f 564/564 599/599 563/563
f 563/563 599/599 598/598
f 111/111 90/90 137/137
f 137/137 90/90 82/82
f 131/131 82/82 117/117
f 560/560 597/597 596/596
f 559/559 596/596 578/578
f 578/578 592/592 558/558
f 84/84 42/42 104/104
f 42/42 40/40 80/80
f 80/80 40/40 39/39
f 524/524 574/574 523/523
f 626/626 574/574 524/524
f 575/575 626/626 524/524
f 524/524 523/523 515/515
f 575/575 524/524 515/515
f 575/575 515/515 506/506
f 505/505 575/575 506/506
f 498/498 499/499 495/495
f 495/495 499/499 501/501
f 639/639 617/617 497/497
f 497/497 617/617 498/498
f 659/659 639/639 643/643
f 643/643 639/639 497/497
f 497/497 498/498 495/495
f 495/495 501/501 502/502
f 502/502 501/501 518/518
f 494/494 497/497 495/495
f 667/667 659/659 643/643
f 512/512 502/502 518/518
f 512/512 518/518 546/546
f 417/417 440/440 475/475
f 544/544 512/512 546/546
f 544/544 546/546 564/564
f 544/544 564/564 545/545
f 545/545 564/564 563/563
f 563/563 598/598 554/554
f 554/554 598/598 572/572
f 137/137 82/82 131/131
f 573/573 597/597 560/560
f 560/560 596/596 559/559
f 526/526 559/559 541/541
f 541/541 559/559 578/578
f 558/558 541/541 578/578
f 541/541 558/558 533/533
f 393/393 394/394 434/434
f 558/558 592/592 556/556
f 556/556 592/592 591/591
f 42/42 80/80 104/104
f 80/80 39/39 81/81
f 1025/1025 1013/1013 1008/1008
f 1090/1090 1087/1087 1089/1089
f 643/643 497/497 608/608
f 608/608 497/497 494/494
f 608/608 494/494 493/493
f 493/493 494/494 495/495
f 495/495 502/502 496/496
f 496/496 502/502 512/512
f 645/645 643/643 608/608
f 668/668 643/643 645/645
f 493/493 495/495 496/496
f 496/496 512/512 511/511
f 511/511 512/512 544/544
f 672/672 668/668 645/645
f 672/672 645/645 660/660
f 545/545 511/511 544/544
f 545/545 563/563 554/554
f 572/572 573/573 560/560
f 532/532 560/560 526/526
f 526/526 560/560 559/559
f 395/395 396/396 476/476
f 527/527 526/526 541/541
f 394/394 395/395 476/476
f 394/394 476/476 477/477
f 529/529 527/527 541/541
f 434/434 394/394 477/477
f 533/533 529/529 541/541
f 434/434 477/477 478/478
f 393/393 434/434 433/433
f 556/556 533/533 558/558
f 556/556 591/591 549/549
f 106/106 104/104 80/80
f 106/106 80/80 81/81
f 81/81 39/39 79/79
f 79/79 39/39 68/68
f 68/68 89/89 79/79
f 79/79 89/89 144/144
f 1307/1307 1308/1308 1309/1309
f 1108/1108 1089/1089 1102/1102
f 1122/1122 1119/1119 1121/1121
f 609/609 608/608 493/493
f 635/635 645/645 608/608
f 493/493 496/496 490/490
f 609/609 493/493 492/492
f 492/492 493/493 490/490
f 490/490 496/496 511/511
f 635/635 608/608 609/609
f 660/660 645/645 635/635
f 671/671 660/660 636/636
f 660/660 635/635 636/636
f 671/671 636/636 665/665
f 511/511 545/545 525/525
f 525/525 545/545 554/554
f 671/671 665/665 669/669
f 415/415 438/438 450/450
f 530/530 525/525 554/554
f 407/407 415/415 437/437
f 530/530 554/554 572/572
f 407/407 437/437 404/404
f 530/530 572/572 560/560
f 530/530 560/560 532/532
f 670/670 666/666 634/634
f 517/517 532/532 526/526
f 670/670 634/634 661/661
f 661/661 634/634 630/630
f 516/516 517/517 526/526
f 661/661 630/630 624/624
f 624/624 630/630 618/618
f 516/516 526/526 527/527
f 662/662 661/661 624/624
f 565/565 569/569 516/516
f 624/624 618/618 605/605
f 565/565 516/516 528/528
f 528/528 516/516 527/527
f 623/623 624/624 605/605
f 662/662 624/624 625/625
f 625/625 624/624 623/623
f 528/528 527/527 529/529
f 663/663 662/662 625/625
f 531/531 528/528 529/529
f 557/557 528/528 531/531
f 531/531 529/529 533/533
f 433/433 478/478 473/473
f 663/663 625/625 657/657
f 534/534 531/531 533/533
f 534/534 533/533 556/556
f 425/425 433/433 473/473
f 549/549 534/534 556/556
f 591/591 593/593 549/549
f 106/106 81/81 105/105
f 105/105 81/81 79/79
f 79/79 144/144 145/145
f 1044/1044 1054/1054 1037/1037
f 998/998 999/999 997/997
f 1080/1080 1087/1087 1091/1091
f 1124/1124 1136/1136 1122/1122
f 635/635 609/609 491/491
f 491/491 609/609 492/492
f 491/491 492/492 490/490
f 489/489 490/490 511/511
f 636/636 635/635 507/507
f 665/665 636/636 631/631
f 488/488 489/489 511/511
f 488/488 511/511 525/525
f 669/669 665/665 631/631
f 669/669 631/631 654/654
f 488/488 525/525 514/514
f 514/514 525/525 530/530
f 513/513 514/514 530/530
f 404/404 448/448 470/470
f 513/513 530/530 532/532
f 443/443 404/404 470/470
f 517/517 513/513 532/532
f 666/666 646/646 633/633
f 634/634 666/666 633/633
f 634/634 633/633 610/610
f 610/610 510/510 570/570
f 634/634 610/610 630/630
f 630/630 610/610 612/612
f 508/508 517/517 516/516
f 510/510 508/508 516/516
f 612/612 610/610 570/570
f 570/570 510/510 516/516
f 630/630 612/612 618/618
f 612/612 570/570 604/604
f 604/604 570/570 569/569
f 569/569 570/570 516/516
f 618/618 612/612 604/604
f 605/605 604/604 569/569
f 618/618 604/604 605/605
f 605/605 569/569 565/565
f 623/623 605/605 607/607
f 607/607 605/605 565/565
f 625/625 623/623 607/607
f 607/607 565/565 557/557
f 557/557 565/565 528/528
f 625/625 607/607 620/620
f 620/620 607/607 567/567
f 607/607 557/557 567/567
f 567/567 557/557 535/535
f 535/535 557/557 531/531
f 657/657 620/620 641/641
f 535/535 531/531 534/534
f 664/664 657/657 641/641
f 425/425 472/472 471/471
f 535/535 534/534 536/536
f 536/536 534/534 549/549
f 536/536 549/549 540/540
f 550/550 549/549 593/593
f 540/540 549/549 550/550
f 550/550 593/593 594/594
f 550/550 594/594 595/595
f 1091/1091 1087/1087 1090/1090
f 485/485 491/491 490/490
f 485/485 490/490 489/489
f 507/507 491/491 485/485
f 485/485 489/489 488/488
f 481/481 507/507 485/485
f 631/631 507/507 481/481
f 481/481 485/485 482/482
f 482/482 485/485 488/488
f 628/628 654/654 631/631
f 483/483 482/482 488/488
f 483/483 488/488 514/514
f 654/654 628/628 646/646
f 483/483 514/514 513/513
f 646/646 628/628 622/622
f 487/487 483/483 513/513
f 633/633 646/646 622/622
f 487/487 513/513 517/517
f 633/633 622/622 610/610
f 610/610 622/622 606/606
f 508/508 486/486 487/487
f 508/508 487/487 517/517
f 606/606 486/486 510/510
f 510/510 486/486 508/508
f 610/610 606/606 510/510
f 620/620 567/567 601/601
f 641/641 620/620 621/621
f 621/621 620/620 601/601
f 601/601 567/567 566/566
f 566/566 567/567 535/535
f 656/656 641/641 629/629
f 629/629 641/641 621/621
f 566/566 535/535 539/539
f 539/539 535/535 536/536
f 539/539 536/536 540/540
f 550/550 595/595 562/562
f 562/562 655/655 576/576
f 1044/1044 1037/1037 1013/1013
f 480/480 481/481 482/482
f 631/631 481/481 480/480
f 480/480 482/482 483/483
f 628/628 631/631 480/480
f 628/628 480/480 484/484
f 484/484 480/480 483/483
f 486/486 483/483 487/487
f 484/484 483/483 486/486
f 622/622 628/628 484/484
f 622/622 484/484 606/606
f 606/606 484/484 486/486
f 621/621 601/601 614/614
f 614/614 601/601 602/602
f 602/602 601/601 566/566
f 629/629 621/621 614/614
f 602/602 566/566 568/568
f 568/568 566/566 539/539
f 629/629 614/614 619/619
f 619/619 614/614 602/602
f 568/568 539/539 553/553
f 652/652 656/656 629/629
f 553/553 539/539 540/540
f 652/652 629/629 619/619
f 673/673 652/652 647/647
f 652/652 619/619 647/647
f 553/553 540/540 551/551
f 551/551 540/540 550/550
f 402/402 423/423 468/468
f 552/552 551/551 550/550
f 552/552 550/550 562/562
f 421/421 402/402 468/468
f 421/421 468/468 469/469
f 552/552 562/562 576/576
f 648/648 576/576 655/655
f 1044/1044 1013/1013 1026/1026
f 602/602 568/568 577/577
f 577/577 568/568 553/553
f 619/619 602/602 577/577
f 603/603 619/619 577/577
f 577/577 553/553 561/561
f 561/561 553/553 551/551
f 647/647 619/619 627/627
f 627/627 619/619 603/603
f 644/644 647/647 627/627
f 555/555 561/561 551/551
f 627/627 603/603 600/600
f 644/644 627/627 615/615
f 627/627 600/600 615/615
f 555/555 551/551 552/552
f 658/658 644/644 615/615
f 571/571 555/555 552/552
f 571/571 552/552 576/576
f 658/658 615/615 642/642
f 642/642 615/615 611/611
f 611/611 571/571 642/642
f 1025/1025 1008/1008 1012/1012
f 1041/1041 998/998 996/996
f 996/996 998/998 997/997
f 1091/1091 1090/1090 1092/1092
f 603/603 577/577 600/600
f 600/600 577/577 561/561
f 600/600 561/561 555/555
f 615/615 600/600 611/611
f 611/611 600/600 571/571
f 600/600 555/555 571/571
f 1026/1026 1013/1013 1025/1025
f 1038/1038 1012/1012 1041/1041
f 1098/1098 1091/1091 1092/1092
f 1155/1155 1148/1148 1132/1132
f 1148/1148 1125/1125 1127/1127
f 996/996 997/997 995/995
f 1092/1092 1090/1090 1093/1093
f 1038/1038 1041/1041 996/996
f 1030/1030 1012/1012 1038/1038
f 1026/1026 1025/1025 1027/1027
f 1030/1030 1025/1025 1012/1012
f 1027/1027 1025/1025 1030/1030
f 1051/1051 1044/1044 1026/1026
f 1038/1038 996/996 993/993
f 993/993 996/996 995/995
f 1151/1151 1155/1155 1132/1132
f 1039/1039 1030/1030 1038/1038
f 1096/1096 1098/1098 1092/1092
f 1094/1094 1092/1092 1093/1093
f 1028/1028 1026/1026 1027/1027
f 1096/1096 1092/1092 1094/1094
f 1039/1039 1038/1038 993/993
f 1094/1094 1093/1093 1095/1095
f 993/993 995/995 991/991
f 1036/1036 1051/1051 1026/1026
f 1036/1036 1026/1026 1028/1028
f 1027/1027 1030/1030 1031/1031
f 1095/1095 1093/1093 1100/1100
f 1150/1150 1151/1151 1132/1132
f 1028/1028 1027/1027 1029/1029
f 1029/1029 1027/1027 1031/1031
f 1031/1031 1030/1030 1039/1039
f 1039/1039 993/993 990/990
f 990/990 993/993 991/991
f 990/990 991/991 992/992
f 1097/1097 1096/1096 1094/1094
f 1145/1145 1132/1132 1131/1131
f 1055/1055 1059/1059 1036/1036
f 1099/1099 1097/1097 1094/1094
f 1094/1094 1095/1095 1099/1099
f 1095/1095 1100/1100 1099/1099
f 1031/1031 1039/1039 990/990
f 1101/1101 1097/1097 1099/1099
f 990/990 992/992 994/994
f 1046/1046 1036/1036 1028/1028
f 1099/1099 1100/1100 1105/1105
f 1150/1150 1145/1145 1257/1257
f 1034/1034 1029/1029 1031/1031
f 1034/1034 1031/1031 990/990
f 925/925 930/930 922/922
f 922/922 930/930 927/927
f 1257/1257 1145/1145 1141/1141
f 1028/1028 1029/1029 1048/1048
f 1048/1048 1029/1029 1034/1034
f 919/919 925/925 914/914
f 914/914 925/925 922/922
f 922/922 927/927 915/915
f 1156/1156 1157/1157 1141/1141
f 915/915 927/927 926/926
f 909/909 923/923 920/920
f 909/909 920/920 916/916
f 916/916 918/918 911/911
f 911/911 918/918 919/919
f 921/921 923/923 909/909
f 911/911 919/919 914/914
f 921/921 909/909 907/907
f 904/904 911/911 914/914
f 904/904 914/914 915/915
f 915/915 914/914 922/922
f 917/917 912/912 928/928
f 910/910 915/915 926/926
f 909/909 916/916 903/903
f 903/903 916/916 911/911
f 907/907 909/909 903/903
f 903/903 911/911 904/904
f 902/902 903/903 904/904
f 907/907 903/903 902/902
f 913/913 907/907 908/908
f 908/908 907/907 902/902
f 904/904 915/915 910/910
f 906/906 908/908 902/902
f 905/905 902/902 904/904
f 913/913 908/908 912/912
f 912/912 908/908 906/906
f 906/906 902/902 905/905
f 905/905 904/904 910/910
f 917/917 913/913 912/912
f 912/912 906/906 905/905