# https://github.com/mikedh/trimesh
mtllib material.mtl

o geometry_0
usemtl material_0
v 0.00368549 -0.00121897 -0.00755991
v -0.01213733 -0.00114801 -0.00815982
v 0.00196107 0.00155367 -0.00749840
v -0.01628513 0.00185732 -0.00812904
v -0.02786893 -0.00083680 -0.00843820
v -0.03185812 0.00161500 -0.00832970
v -0.02513142 0.00391024 -0.00799359
v -0.01207207 0.00413581 -0.00766263
v 0.01159986 0.00158438 -0.00684805
v 0.01886204 -0.00155964 -0.00645041
v 0.02050457 0.00134379 -0.00622959
v -0.04289279 0.00129051 -0.00824587
v -0.04155044 0.00362337 -0.00797786
v 0.00121151 0.00422882 -0.00706086
v -0.04882333 -0.00152020 -0.00812497
v -0.05340208 0.00111111 -0.00797530
v -0.06537566 -0.00161093 -0.00750113
v -0.06761295 0.00138067 -0.00739780
v -0.01441850 -0.00519435 -0.00789903
v -0.00492165 -0.00545071 -0.00758455
v -0.02932017 -0.00481935 -0.00802576
v -0.07342539 -0.00223762 -0.00693807
v -0.07962157 0.00128571 -0.00670605
v 0.03651249 -0.00109432 -0.00476670
v 0.00653052 -0.00541634 -0.00691983
v 0.01813093 -0.00482626 -0.00612556
v 0.02887885 -0.00443077 -0.00513311
v -0.04775541 -0.00470963 -0.00773560
v -0.08889319 -0.00190403 -0.00576720
v -0.09127454 0.00153882 -0.00593329
v -0.10231831 0.00140207 -0.00514587
v -0.06414848 -0.00523025 -0.00694702
v -0.03159438 -0.00665556 -0.00761589
v 0.03136480 0.00128922 -0.00516365
v 0.04225114 0.00131864 -0.00400653
v 0.04421398 -0.00142900 -0.00384111
v 0.05350274 0.00085611 -0.00282939
v 0.05457107 -0.00171875 -0.00261066
v 0.06925447 -0.00034842 -0.00085703
v 0.06833340 0.00105202 -0.00093079
v 0.08172329 0.00085251 0.00056614
v 0.07900871 -0.00164964 0.00034915
v 0.08610569 -0.00162162 0.00095005
v 0.08595751 0.00184283 0.00114182
v 0.01679692 0.00389043 -0.00608133
v 0.02480149 0.00373971 -0.00534791
v 0.06772173 -0.00187358 -0.00089775
v 0.04777268 -0.00407981 -0.00294830
v 0.03810653 -0.00492988 -0.00389018
v -0.09927915 0.00414224 -0.00508324
v -0.10804950 0.00181076 -0.00487995
v -0.10795731 0.00441791 -0.00460622
v -0.11290727 0.00397056 -0.00490847
v -0.11342569 0.00176172 -0.00502752
v -0.05079813 0.00435921 -0.00757811
v 0.07541607 0.00172271 0.00011020
v -0.07014800 0.00403367 -0.00680938
v -0.08458603 0.00412677 -0.00594536
v -0.03747620 0.00508477 -0.00765868
v -0.11775684 0.00178545 -0.00551457
v -0.11747087 0.00433899 -0.00534375
v -0.02230765 0.00489273 -0.00767636
v 0.03874415 0.00272032 -0.00405377
v 0.05023862 0.00258434 -0.00280521
v -0.11138983 0.00653424 -0.00407028
v -0.11619951 0.00706172 -0.00423709
v -0.05365253 0.00555492 -0.00708688
v -0.09336714 0.00604717 -0.00474954
v -0.06833513 0.00629978 -0.00610499
v -0.10673144 0.00527633 -0.00445113
v -0.10751115 0.00666808 -0.00381617
v -0.00974032 0.00596245 -0.00692980
v 0.06165907 0.00293254 -0.00112776
v 0.00264330 0.00601657 -0.00626704
v -0.03866501 0.00644880 -0.00702394
v -0.12186812 0.00418765 -0.00628085
v -0.02268282 0.00635883 -0.00700313
v -0.12238492 0.00183921 -0.00648881
v -0.12130929 0.00678627 -0.00515001
v 0.02920920 0.00456216 -0.00444453
v 0.04641604 0.00381618 -0.00268352
v 0.01796616 0.00554085 -0.00519922
v 0.08129176 0.00308157 0.00131326
v 0.08662779 0.00310817 0.00159787
v 0.07335077 0.00308930 0.00052074
v 0.08655660 0.00463888 0.00234176
v 0.08704337 0.00132612 0.00077966
v -0.10815901 0.00815843 -0.00294718
v -0.04274582 0.00728103 -0.00644547
v 0.08721704 -0.00197213 0.00083225
v -0.09739415 0.00782642 -0.00344627
v -0.07940715 0.00697943 -0.00506054
v -0.12061823 0.01050835 -0.00283211
v -0.11666426 0.00959423 -0.00265871
v -0.00866417 0.00682928 -0.00631448
v -0.02041991 0.00728290 -0.00629769
v -0.09961066 -0.00209388 -0.00471892
v -0.10777122 -0.00078833 -0.00438749
v -0.07500608 -0.00499002 -0.00625958
v -0.08596611 -0.00456891 -0.00537213
v -0.04933234 -0.00703280 -0.00711327
v -0.01536050 -0.00774123 -0.00723767
v 0.00759718 0.00646039 -0.00549647
v -0.11317679 -0.00147975 -0.00414252
v -0.10742513 -0.00266318 -0.00380119
v -0.00340209 -0.00748405 -0.00691212
v 0.05109631 -0.00448303 -0.00236876
v 0.06212129 -0.00356849 -0.00105663
v 0.07308075 -0.00364360 0.00038292
v 0.01850914 -0.00681971 -0.00551898
v 0.00696400 -0.00763615 -0.00615408
v -0.11723739 -0.00104162 -0.00460971
v -0.12126338 -0.00076081 -0.00539833
v -0.07078493 -0.00681234 -0.00596794
v 0.08147832 -0.00348522 0.00124716
v 0.08663793 -0.00318188 0.00153900
v -0.03134177 -0.00813708 -0.00706505
v -0.12524248 0.00409572 -0.00770248
v -0.12539137 0.00100086 -0.00762076
v -0.12493668 0.00618990 -0.00691893
v -0.12377136 0.00965309 -0.00456089
v -0.09734121 -0.00452392 -0.00404499
v 0.03021212 -0.00679893 -0.00406517
v 0.06236730 0.00400420 -0.00027030
v 0.07709492 0.00409643 0.00172415
v 0.08597201 0.00577392 0.00331243
v -0.06708095 0.00797248 -0.00494542
v -0.08327411 0.00800671 -0.00402176
v 0.02864547 0.00580930 -0.00354314
v 0.04188535 0.00492949 -0.00241793
v -0.12417748 -0.00196574 -0.00599692
v 0.08699111 0.00636912 0.00354991
v 0.05133290 0.00498525 -0.00095008
v -0.05345293 -0.00834078 -0.00628156
v -0.00460299 0.00745145 -0.00544137
v 0.04028099 -0.00640203 -0.00285008
v 0.08719524 -0.00536940 0.00268303
v -0.08738191 -0.00668232 -0.00419211
v -0.11793788 -0.00456418 -0.00285541
v -0.11314700 -0.00414391 -0.00281334
v -0.10735892 -0.00423100 -0.00300644
v -0.00631682 -0.00902822 -0.00620080
v -0.12067014 -0.00518604 -0.00285791
v 0.01715252 -0.00797556 -0.00498269
v 0.06510899 -0.00472820 -0.00000913
v 0.05626879 -0.00555669 -0.00085457
v 0.04942242 -0.00578254 -0.00184919
v -0.02208380 -0.00946661 -0.00621273
v -0.06882588 -0.00794577 -0.00540460
v -0.08030285 -0.00791450 -0.00411002
v -0.03617601 -0.00932708 -0.00616657
v 0.07592332 -0.00476119 0.00147941
v 0.08154942 -0.00559506 0.00272214
v -0.12439667 0.01199145 -0.00278003
v -0.09753287 -0.00606257 -0.00297721
v -0.12414512 -0.00436642 -0.00446029
v -0.12812436 0.00428569 -0.00966340
v 0.00577322 0.00733814 -0.00473563
v -0.12816295 0.00710182 -0.00894673
v 0.01533092 0.00664956 -0.00442397
v -0.12753164 -0.00193653 -0.00822682
v -0.12733790 0.00886711 -0.00734570
v -0.12828205 0.00145086 -0.00974462
v -0.12562884 -0.00676486 -0.00305878
v 0.02655236 -0.00794134 -0.00363512
v 0.03702761 -0.00732993 -0.00251397
v -0.12562264 0.01022760 -0.00520347
v 0.07408734 -0.00567555 0.00215785
v -0.12830425 0.01188987 -0.00605425
v 0.01508078 -0.00878545 -0.00440967
v -0.12639069 -0.00423070 -0.00597647
v 0.06417382 -0.00563137 0.00072437
v -0.10756437 -0.00522198 -0.00202928
v 0.05059769 -0.00647830 -0.00094297
v -0.06652517 -0.00891856 -0.00461582
v -0.04383580 -0.00973401 -0.00535519
v -0.09004128 -0.00733755 -0.00304628
v 0.00227228 -0.00972439 -0.00462464
v -0.12948361 0.01114564 -0.00802766
v -0.13038667 0.00472178 -0.01181599
v -0.13009185 0.00705837 -0.01087945
v -0.13143009 0.00740104 -0.01114665
v -0.13122764 0.00411308 -0.01221621
v -0.13043529 0.00178871 -0.01193392
v -0.13118804 0.00195080 -0.01219386
v -0.13099446 -0.00127718 -0.01129116
v -0.13130226 0.01049683 -0.00939568
v -0.13048177 0.01119679 -0.00865031
v -0.12948108 -0.00138341 -0.01038498
v -0.12945852 -0.00383032 -0.00896438
v -0.13097120 -0.00358181 -0.00991797
v -0.13155461 -0.00282738 -0.01009451
v -0.12927331 -0.00633844 -0.00669262
v -0.13118614 -0.00596420 -0.00786958
v -0.11316196 -0.00570978 -0.00107199
v -0.10756563 -0.00615415 -0.00058618
v 0.04453727 -0.00725305 -0.00100098
v -0.13050715 0.01327109 -0.00683641
v -0.13123504 -0.00812013 -0.00510653
v -0.12013351 -0.00672893 -0.00062904
v -0.12359867 -0.00756808 -0.00060978
v -0.07594726 -0.00868565 -0.00365502
v -0.00716268 -0.01033605 -0.00442492
v -0.06217444 -0.00956230 -0.00407681
v -0.10292495 -0.00627898 -0.00153882
v -0.02359263 -0.01044061 -0.00478728
v -0.12908520 -0.00920955 -0.00256327
v 0.01268903 -0.00707119 0.00120766
v -0.00089397 -0.00553913 0.00146645
v -0.00266471 -0.00741408 0.00096226
v -0.02120591 -0.00517306 0.00147157
v -0.03097542 -0.00755746 0.00078217
v -0.00644017 -0.00246327 0.00198316
v 0.00376491 -0.00278465 0.00207464
v 0.01362446 -0.00493152 0.00193101
v 0.01385063 -0.00263715 0.00232856
v 0.02297176 -0.00180516 0.00277515
v -0.03372728 -0.00527342 0.00156529
v -0.04843033 -0.00524655 0.00199074
v -0.05212402 -0.00734386 0.00148351
v 0.02504522 -0.00517622 0.00245541
v -0.06632554 -0.00498775 0.00307293
v -0.06840422 -0.00635981 0.00268836
v 0.02612834 -0.00675623 0.00185975
v 0.03622470 -0.00655748 0.00243763
v 0.03665563 -0.00474206 0.00328066
v 0.04521743 -0.00581509 0.00328116
v 0.04363750 -0.00106421 0.00431452
v 0.04686808 -0.00210180 0.00455773
v 0.06881478 -0.00150630 0.00692558
v 0.04702754 -0.00471481 0.00394317
v 0.05524604 -0.00378888 0.00508738
v -0.00550992 -0.00893854 0.00020768
v -0.02925647 -0.00889006 0.00013967
v -0.04615354 -0.00802705 0.00093348
v 0.00994976 -0.00852262 0.00032348
v 0.05311931 -0.00602560 0.00354305
v -0.07218037 -0.00749838 0.00226062
v -0.06834802 -0.00828508 0.00152111
v 0.02365243 -0.00758608 0.00121538
v -0.08350574 -0.00644649 0.00366319
v -0.05343933 -0.00907906 0.00033404
v 0.05767924 -0.00491830 0.00490161
v 0.06870850 -0.00497055 0.00595715
v 0.07039014 -0.00368519 0.00669755
v 0.07790919 -0.00420626 0.00756789
v 0.07971810 -0.00288565 0.00827944
v 0.07550756 -0.00506758 0.00676695
v 0.08025921 -0.00591755 0.00684440
v 0.08302162 -0.00513575 0.00806846
v 0.07813396 -0.00131096 0.00826544
v 0.08298871 -0.00176531 0.00925293
v 0.08482209 -0.00389824 0.00921041
v 0.08551178 -0.00593761 0.00816650
v 0.07896529 0.00147489 0.00840014
v 0.08383286 0.00138318 0.00958748
v -0.08128650 -0.00817444 0.00192789
v 0.06355260 -0.00591956 0.00460951
v 0.07370813 -0.00590123 0.00563404
v 0.08778190 -0.00173537 0.01088107
v 0.08788053 0.00178885 0.01098628
v 0.04246976 -0.00683484 0.00232732
v -0.08722087 -0.00741286 0.00298898
v -0.09354474 -0.00667918 0.00392830
v -0.09322641 -0.00572021 0.00471456
v 0.05878715 -0.00650370 0.00309800
v -0.08696729 -0.00828599 0.00148726
v -0.09623621 -0.00753841 0.00239216
v -0.10081139 -0.00643215 0.00409991
v -0.07438808 -0.00889278 0.00076882
v 0.07235221 -0.00639613 0.00426118
v -0.10756162 -0.00614622 0.00389326
v 0.06587588 -0.00648096 0.00304701
v 0.07738536 -0.00640725 0.00507174
v 0.08435574 -0.00680314 0.00563861
v 0.04969187 -0.00665169 0.00245025
v 0.04333707 -0.00749922 0.00090592
v 0.03792739 -0.00749640 0.00146745
v 0.05257686 -0.00683529 0.00187474
v 0.03458484 -0.00805646 0.00027875
v 0.02804811 -0.00787725 0.00094070
v 0.02751970 -0.00849294 -0.00006849
v 0.01780220 -0.00853141 0.00023699
v 0.01721564 -0.00921705 -0.00105286
v 0.00379672 -0.00966984 -0.00095888
v -0.04708393 -0.00988381 -0.00084968
v -0.06404009 -0.00931256 0.00021433
v -0.10730447 -0.00488957 0.00562781
v -0.11265389 -0.00600140 0.00425100
v -0.11216276 -0.00464438 0.00597603
v -0.07591734 -0.00913255 0.00011024
v -0.08222290 -0.00888657 -0.00001424
v -0.11595838 -0.00572493 0.00522790
v -0.12033657 -0.00654221 0.00504964
v -0.12084932 -0.00485762 0.00744379
v -0.11700120 -0.00429666 0.00694136
v -0.05258771 -0.01015802 -0.00185672
v -0.06294967 -0.00992893 -0.00164277
v -0.00613028 -0.00997453 -0.00085882
v -0.00389191 -0.01039838 -0.00206371
v -0.02183369 -0.01063623 -0.00233806
v -0.02216625 -0.01022003 -0.00126740
v -0.03453285 -0.00989154 -0.00079344
v 0.08593762 -0.00680988 0.00708958
v -0.09954695 -0.00478781 0.00557311
v -0.10077631 -0.00741809 0.00152558
v -0.09298592 -0.00802775 0.00099285
v -0.11777850 -0.00714211 0.00214179
v -0.11260222 -0.00668184 0.00190841
v -0.10797428 -0.00665968 0.00189384
v -0.12187243 -0.00740392 0.00364700
v 0.00694622 -0.00992577 -0.00255984
v 0.02071753 -0.00916412 -0.00179249
v -0.12446181 -0.00659684 0.00697582
v -0.12444343 -0.00787373 0.00482034
v -0.12414525 -0.00507250 0.00854590
v 0.03289947 -0.00834331 -0.00100893
v 0.04260788 -0.00765535 -0.00022214
v 0.05243375 -0.00694765 0.00087445
v -0.07599638 -0.00939294 -0.00150472
v 0.08745808 -0.00744651 0.00627322
v -0.12095011 -0.00755558 0.00191070
v -0.00609775 -0.01056805 -0.00333314
v -0.04605218 -0.01040478 -0.00333664
v 0.06087934 -0.00653010 0.00177227
v -0.12455467 -0.00853423 0.00194889
v 0.08782616 -0.00703528 0.00834903
v -0.01493134 -0.01065100 -0.00382548
v -0.02645207 -0.01064812 -0.00405263
v 0.08177860 -0.00645236 0.00428729
v 0.08729480 -0.00658392 0.00391918
v -0.09169993 -0.00815274 -0.00077601
v -0.05676103 -0.01001120 -0.00334598
v 0.08824936 -0.00495525 0.01020338
v -0.06742016 -0.00972422 -0.00228282
v -0.08400741 -0.00869247 -0.00168976
v -0.12665054 -0.00549085 0.01000299
v -0.12742720 -0.00902876 0.00609104
v 0.07251256 -0.00625739 0.00304790
v -0.12814469 -0.01037219 0.00253457
v 0.01019385 -0.00960114 -0.00348267
v -0.04433643 -0.01027269 -0.00429443
v 0.02483924 -0.00872083 -0.00244506
v 0.03553018 -0.00801617 -0.00156221
v -0.09812186 -0.00731789 -0.00094090
v -0.10756563 -0.00615415 -0.00058618
v -0.00716268 -0.01033605 -0.00442492
v -0.06217444 -0.00956230 -0.00407681
v -0.11338791 -0.00609550 -0.00039272
v -0.12013351 -0.00672893 -0.00062904
v -0.02359263 -0.01044061 -0.00478728
v 0.04453727 -0.00725305 -0.00100098
v 0.00227228 -0.00972439 -0.00462464
v -0.07594726 -0.00868565 -0.00365502
v -0.12935780 -0.01073803 0.00501775
v -0.13021614 -0.01131107 0.00215965
v -0.13125931 -0.01072024 0.00565573
v -0.12947871 -0.00967398 0.00770946
v -0.13097025 -0.00852905 0.00981914
v -0.12926719 -0.00836034 0.00979102
v -0.13149578 -0.01011869 0.00666939
v -0.13040038 -0.00609033 0.01273794
v -0.13157185 -0.00692476 0.01132851
v -0.12868459 -0.00608061 0.01189135
v -0.13155587 -0.00514266 0.01304288
v -0.12941154 -0.00312747 0.01484095
v -0.13053538 -0.00341695 0.01473097
v -0.12359867 -0.00756808 -0.00060978
v -0.13092720 -0.00175189 0.01558686
v -0.12971053 -0.01081752 0.00005135
v -0.13138416 -0.01040861 -0.00004435
v -0.13113826 -0.00971808 -0.00252206
v 0.05059769 -0.00647830 -0.00094297
v -0.04383580 -0.00973401 -0.00535519
v -0.12662775 -0.00891659 -0.00037856
v -0.12932804 -0.00008309 0.01619778
v 0.01508078 -0.00878545 -0.00440967
v -0.13031049 0.00040527 0.01640000
v -0.09004128 -0.00733755 -0.00304628
v 0.06417382 -0.00563137 0.00072437
v 0.02655236 -0.00794134 -0.00363512
v -0.08030285 -0.00791450 -0.00411002
v 0.07408734 -0.00567555 0.00215785
v 0.08154942 -0.00559506 0.00272214
v 0.03702761 -0.00732993 -0.00251397
v -0.06652517 -0.00891856 -0.00461582
v -0.11316196 -0.00570978 -0.00107199
v -0.11793788 -0.00456418 -0.00285541
v -0.12908520 -0.00920955 -0.00256327
v -0.10292495 -0.00627898 -0.00153882
v -0.13123504 -0.00812013 -0.00510653
v -0.09753287 -0.00606257 -0.00297721
v -0.12562884 -0.00676486 -0.00305878
v -0.12966743 0.00393710 0.01688805
v -0.01066103 -0.00188290 0.00187986
v -0.03115519 -0.00174394 0.00198153
v -0.02120591 -0.00517306 0.00147157
v -0.03372728 -0.00527342 0.00156529
v -0.04941900 -0.00190851 0.00253594
v -0.04843033 -0.00524655 0.00199074
v -0.06100733 -0.00195287 0.00324633
v -0.06632554 -0.00498775 0.00307293
v -0.07373258 -0.00241306 0.00414452
v -0.08413381 -0.00508914 0.00437443
v -0.07700141 0.00155364 0.00450553
v -0.09314085 -0.00406207 0.00548126
v -0.07999493 -0.00185788 0.00474267
v -0.09238686 -0.00187055 0.00588204
v -0.10655166 -0.00183530 0.00719265
v -0.09896445 0.00126903 0.00680815
v -0.10737333 0.00177104 0.00781021
v -0.10756167 -0.00160874 0.00723384
v -0.11362524 -0.00021429 0.00816823
v -0.11449555 0.00189087 0.00864007
v -0.11421909 -0.00245525 0.00754109
v -0.11792970 0.00132021 0.00920049
v -0.10736842 -0.00353982 0.00652819
v -0.06840422 -0.00635981 0.00268836
v -0.09954695 -0.00478781 0.00557311
v -0.12074795 -0.00201845 0.00895669
v -0.09322641 -0.00572021 0.00471456
v -0.08350574 -0.00644649 0.00366319
v -0.12156029 0.00112302 0.01000599
v -0.08944835 0.00162091 0.00577229
v -0.05953471 0.00162562 0.00312151
v -0.04777936 0.00154414 0.00245848
v -0.00644017 -0.00246327 0.00198316
v -0.11601793 0.00439767 0.00890016
v -0.10778610 0.00420884 0.00775230
v -0.10049910 0.00456139 0.00683686
v -0.12129139 0.00411978 0.01017896
v -0.03301806 0.00118954 0.00191460
v -0.02302129 0.00150632 0.00166401
v -0.00949781 -0.00021869 0.00184076
v -0.00696260 0.00105097 0.00185189
v 0.00270186 0.00144484 0.00198417
v 0.00376491 -0.00278465 0.00207464
v 0.00585734 0.00029230 0.00215601
v 0.01385063 -0.00263715 0.00232856
v 0.01328378 0.00120728 0.00233337
v 0.01715595 -0.00175181 0.00249177
v 0.02297176 -0.00180516 0.00277515
v 0.01829733 0.00095566 0.00250081
v 0.02925655 0.00157808 0.00319814
v -0.11700120 -0.00429666 0.00694136
v -0.11216276 -0.00464438 0.00597603
v -0.10730447 -0.00488957 0.00562781
v -0.12084932 -0.00485762 0.00744379
v -0.01160901 0.00108552 0.00171892
v 0.04424216 0.00151415 0.00433656
v 0.04363750 -0.00106421 0.00431452
v 0.05294018 0.00148348 0.00521236
v 0.06851397 0.00159052 0.00684604
v 0.06881478 -0.00150630 0.00692558
v 0.07896529 0.00147489 0.00840014
v -0.08563863 0.00454579 0.00509102
v 0.01585141 0.00149729 0.00238180
v -0.07698035 0.00421822 0.00416300
v 0.01942161 0.00375023 0.00212335
v -0.01284502 0.00422651 0.00115014
v 0.00963637 0.00349230 0.00176439
v -0.02867916 0.00428370 0.00124739
v -0.04176722 0.00406213 0.00175035
v -0.05471491 0.00439567 0.00230177
v -0.06713321 0.00494340 0.00313980
v 0.02887365 0.00390469 0.00273357
v -0.07970466 0.00633374 0.00388531
v -0.11553590 0.00708139 0.00823368
v -0.10759564 0.00718807 0.00700019
v -0.10185578 0.00710410 0.00633755
v -0.09370279 0.00714399 0.00535630
v -0.12090348 0.00772056 0.00944587
v -0.12372339 0.00388429 0.01103592
v -0.12496349 -0.00202015 0.01070978
v -0.05766627 0.00667989 0.00169363
v -0.12415532 0.00787505 0.01078465
v -0.12414525 -0.00507250 0.00854590
v -0.07846837 0.00716147 0.00340529
v -0.06710179 0.00721164 0.00215228
v -0.08728156 0.00744542 0.00438085
v -0.11374722 0.00798011 0.00754828
v -0.11635877 0.00987443 0.00696792
v -0.12080098 0.01061432 0.00795728
v -0.12471429 0.01088981 0.00979208
v -0.11227479 0.00923404 0.00630691
v -0.12104242 0.01149287 0.00722041
v -0.12461913 0.01292773 0.00785927
v -0.10726282 0.00084378 -0.00003387
v -0.10763140 -0.00006707 0.00360368
v -0.10677490 0.00453283 0.00137146
v -0.10740662 0.00211381 0.00628357
v -0.10824820 -0.00427605 0.00079394
v -0.10822475 -0.00315880 0.00456134
v -0.10655612 0.00541312 0.00311990
v -0.10625129 0.00844353 0.00097782
v -0.10618434 0.00836261 0.00254804
v -0.10841948 -0.00273785 -0.00179469
v -0.10712700 0.00298152 -0.00000174
v -0.10684067 0.00572174 -0.00269725
v -0.10730761 0.00378961 -0.00314180
v -0.10800507 0.00153021 -0.00322163
v -0.10723274 -0.00056680 0.00583383
v -0.10727257 0.00506899 0.00600479
v -0.10724812 -0.00069148 -0.00279363
v -0.10805032 -0.00416446 0.00292213
v -0.10854445 -0.00379554 -0.00059247
v -0.10784416 0.00695521 0.00524709
v -0.10752427 0.00777350 0.00442592
v -0.10863778 0.00744501 -0.00173565
v 0.10335782 -0.00169087 0.01045558
v 0.10320955 0.00055906 0.01049077
v 0.10243026 -0.00117862 0.01051620
v 0.09881768 -0.00123617 0.01155233
v 0.09857670 -0.00016589 0.01176657
v 0.10176071 0.00361965 0.01085559
v 0.09824451 0.00182162 0.01175180
v 0.10458682 0.00195108 0.00998738
v 0.10466809 0.00394409 0.01016831
v 0.09932981 0.00523941 0.01147653
v 0.10570485 0.00556941 0.01017593
v 0.10352935 0.00700991 0.01059766
v 0.09529499 0.00417659 0.01208296
v 0.09403397 0.00136753 0.01242663
v 0.09433878 -0.00097617 0.01230765
v 0.10815159 0.00566112 0.00983592
v 0.09480524 -0.00217385 0.01237635
v 0.09133367 0.00097756 0.01256469
v 0.09107204 -0.00223593 0.01241339
v 0.10769345 0.00837762 0.01044090
v 0.11544771 0.00812829 0.00966739
v 0.11170127 0.00888721 0.01012594
v 0.11176278 0.01024596 0.01028741
v 0.12000219 0.01050909 0.00984938
v 0.11507581 0.01121808 0.01025886
v 0.09158379 -0.00524039 0.01195224
v 0.09524561 -0.00487557 0.01188473
v 0.09883138 -0.00190000 0.01173177
v 0.10079153 -0.00638287 0.01109163
v 0.10209331 -0.00353912 0.01081875
v 0.10455845 -0.00398394 0.01028882
v 0.10756087 -0.00663030 0.01012737
v 0.10419735 -0.00770936 0.01060897
v 0.11018746 -0.00980904 0.01026377
v 0.10233225 0.00805265 0.01054099
v 0.09879906 0.00667947 0.01100854
v 0.09550780 0.00809962 0.01124251
v 0.09470322 0.00680475 0.01152627
v 0.09170275 0.00573075 0.01187875
v 0.10644182 -0.00963307 0.01030276
v 0.09832655 -0.00922597 0.01037729
v 0.09826390 -0.00813349 0.01068566
v 0.09451937 -0.00799376 0.01089971
v 0.11203962 -0.01153761 0.01012479
v 0.11513335 -0.01233675 0.01003524
v 0.11263820 -0.01337474 0.00983882
v 0.11990411 0.01335144 0.01047621
v 0.12583397 0.01374590 0.01023650
v 0.12606347 0.01630482 0.01006887
v 0.11793385 -0.01518649 0.01002827
v 0.12288849 -0.01687117 0.01006726
v 0.12123879 -0.01787228 0.00996528
v 0.12594299 -0.01944387 0.01011251
v 0.12595166 -0.01784625 0.00983548
v 0.12203821 0.01496191 0.01022195
v 0.09301789 0.00691327 0.01145040
v 0.11351846 -0.00958292 0.00958503
v 0.11075685 -0.00565049 0.00905338
v 0.11739203 -0.01580963 0.00985787
v 0.10330062 0.01040249 0.00980880
v 0.10803271 0.01023307 0.00987869
v 0.11108106 0.01248223 0.00933508
v 0.09861315 0.00910516 0.01054201
v 0.11597392 0.01283554 0.01005338
v 0.10994177 -0.01334152 0.00945875
v 0.10871444 -0.00335385 0.00890436
v 0.10955996 0.00398136 0.00902683
v 0.10711224 0.00160464 0.00877890
v 0.11233602 0.00607905 0.00923774
v 0.12312277 -0.01574748 0.00963790
v 0.11955742 -0.01322371 0.00948285
v 0.10668750 -0.00134422 0.00898024
v 0.09229750 -0.00753384 0.01110743
v 0.09474145 -0.00959890 0.01028908
v 0.10682208 0.00050575 0.00905625
v 0.12705477 -0.01918610 0.00964430
v 0.10386784 -0.01266033 0.00897213
v 0.09024299 0.00500327 0.01165468
v 0.11519492 -0.01577368 0.00929431
v 0.09244573 0.00878561 0.01064309
v 0.09487437 0.01022779 0.00983153
v 0.09093732 -0.00811219 0.01074124
v 0.09268169 -0.01040107 0.00987429
v 0.12304653 -0.02020912 0.00934230
v 0.09345949 -0.00833940 0.01058989
v 0.12693650 -0.02074864 0.00937851
v 0.12641623 -0.02103372 0.00944365
v 0.09426420 0.01106940 0.00936587
v 0.08998817 0.00082196 0.01207568
v 0.09065585 0.00819945 0.01055464
v 0.09855058 -0.01168296 0.00904936
v 0.09608702 -0.01116822 0.00929261
v 0.08969472 -0.00564614 0.01117675
v 0.12031724 -0.01861762 0.00938118
v 0.10036790 0.01179643 0.00868295
v 0.09105246 -0.01026122 0.00960079
v 0.12709405 0.01521673 0.00944017
v 0.11262281 -0.00740371 0.00898531
v 0.11567607 -0.00991701 0.00895973
v 0.11747615 -0.01134928 0.00901011
v 0.09604983 0.01129962 0.00886698
v 0.08788053 0.00178885 0.01098628
v 0.12296546 0.01162961 0.00969848
v 0.08778190 -0.00173537 0.01088107
v 0.09217248 0.01084140 0.00915533
v 0.08705858 0.00429969 0.01002444
v 0.08248756 0.00406747 0.00853287
v 0.08383286 0.00138318 0.00958748
v 0.07956085 0.00322629 0.00816058
v 0.07896529 0.00147489 0.00840014
v 0.08709114 0.00597872 0.00909770
v 0.12729894 0.01749373 0.00875225
v 0.08835207 0.00653597 0.00955100
v 0.08824936 -0.00495525 0.01020338
v 0.12710629 -0.02250878 0.00693323
v 0.10971211 0.01461359 0.00599260
v 0.11378703 0.01542242 0.00393286
v 0.10699829 0.01430422 0.00415057
v 0.11535964 0.01547872 0.00640319
v 0.11901063 0.01628780 0.00432824
v 0.12027155 0.01653139 0.00620603
v 0.12232389 0.01700868 0.00428882
v 0.12332488 0.01712752 0.00679931
v 0.10628829 0.01422227 0.00591323
v 0.10191254 0.01373233 0.00505450
v 0.10167491 0.01370267 0.00568360
v 0.09946444 0.01320693 0.00579267
v 0.09972152 0.01351100 0.00314467
v 0.09677652 0.01282271 0.00652682
v 0.09265706 0.01218380 0.00583305
v 0.09515862 0.01269781 0.00243031
v 0.10065794 0.01350188 0.00081346
v 0.10650590 0.01442696 0.00316643
v 0.10265442 0.01363268 0.00379953
v 0.11914923 0.01603103 0.00742160
v 0.12238074 0.01693799 0.00847914
v 0.10362084 0.01439972 0.00211294
v 0.09557426 0.01214890 0.00815454
v 0.11947613 0.01597946 0.00858847
v 0.09290230 0.01202050 0.00258373
v 0.11619190 0.01487151 0.00847267
v 0.09149665 0.01151180 0.00723419
v 0.12479450 0.01799204 0.00365796
v 0.12754347 0.01849436 0.00643175
v 0.12747964 0.01850948 0.00309285
v 0.11356700 0.01470622 0.00744457
v 0.12412059 0.01832558 0.00255739
v 0.12119597 0.01751315 0.00306030
v 0.12352133 0.01807702 0.00133573
v 0.11900937 0.01732058 0.00143905
v 0.11550267 0.01604834 0.00329024
v 0.11566127 0.01655989 0.00157477
v 0.11338175 0.01649882 0.00121425
v 0.10681968 0.01513683 0.00166340
v 0.11010864 0.01587155 0.00124074
v 0.09217248 0.01084140 0.00915533
v 0.12083342 0.01806579 0.00052776
v 0.11689161 0.01739207 0.00079778
v 0.09808154 0.01237322 0.00748573
v 0.10315747 0.01282237 0.00730147
v 0.12422207 0.01761607 0.00827793
v 0.12729894 0.01749373 0.00875225
v 0.09108901 0.01137255 0.00409642
v 0.12422602 0.01880378 0.00036393
v 0.12235346 0.01781809 -0.00303845
v 0.12594223 0.01865005 -0.00268381
v 0.11627738 0.01637995 -0.00230808
v 0.11788258 0.01700488 -0.00073012
v 0.11345875 0.01595373 -0.00039229
v 0.11064350 0.01479148 -0.00240101
v 0.12712086 0.01860038 -0.00122504
v 0.12608311 0.01868384 0.00008629
v 0.10756109 0.01477406 0.00015889
v 0.09620014 0.01237890 0.00042471
v 0.10413569 0.01339201 -0.00157582
v 0.12524120 0.01800739 0.00127572
v 0.12516162 0.01803609 0.00059260
v 0.09068222 0.01020336 0.00891495
v 0.10036790 0.01179643 0.00868295
v 0.11108106 0.01248223 0.00933508
v 0.10693575 0.01368846 0.00659234
v 0.11031363 0.01335486 0.00788264
v 0.11229003 0.01315922 0.00892322
v 0.09604983 0.01129962 0.00886698
v 0.09426420 0.01106940 0.00936587
v 0.12732764 0.01831554 -0.00380429
v 0.12691556 0.01792779 -0.00490537
v 0.11934264 0.01665162 -0.00370821
v 0.09201277 0.01107900 0.00118452
v 0.12606347 0.01630482 0.01006887
v 0.08918122 0.00971816 0.00641453
v 0.11597392 0.01283554 0.01005338
v 0.12203821 0.01496191 0.01022195
v 0.10037405 0.01186366 -0.00227993
v 0.08723946 0.00754105 0.00670026
v 0.09480393 0.01050476 -0.00155566
v 0.10747373 0.01349097 -0.00281898
v 0.09065585 0.00819945 0.01055464
v 0.08835207 0.00653597 0.00955100
v 0.11850352 0.01545111 -0.00472076
v 0.12739101 0.01695220 -0.00613657
v -0.11949138 0.00200085 -0.00411396
v -0.12025027 0.00465603 -0.00411191
v -0.12380582 0.00429160 -0.00524758
v -0.12355478 0.00138667 -0.00511343
v -0.11613419 0.00454966 -0.00341705
v -0.11557321 0.00232800 -0.00356907
v -0.11594070 0.00031120 -0.00328588
v -0.10730761 0.00378961 -0.00314180
v -0.10800507 0.00153021 -0.00322163
v -0.11094637 -0.00127170 -0.00274696
v -0.10724812 -0.00069148 -0.00279363
v -0.11954594 -0.00084677 -0.00341333
v -0.12360173 -0.00151047 -0.00428044
v -0.11620663 -0.00160623 -0.00266054
v -0.11967032 -0.00227785 -0.00270473
v -0.10841948 -0.00273785 -0.00179469
v -0.12669789 -0.00171097 -0.00550593
v -0.10684067 0.00572174 -0.00269725
v -0.12735962 0.00166801 -0.00686232
v -0.12697615 0.00469512 -0.00660070
v -0.12568639 -0.00403881 -0.00346631
v -0.11718874 -0.00302284 -0.00182776
v -0.12942956 0.00080095 -0.00787475
v -0.13088626 -0.00211053 -0.00765948
v -0.12968648 0.00488151 -0.00820529
v -0.13103063 0.00104152 -0.00903881
v -0.12993137 -0.00442562 -0.00529527
v -0.12014279 -0.00436013 -0.00109784
v -0.12694640 -0.00559824 -0.00246455
v -0.13093132 -0.00609323 -0.00428478
v -0.11649230 -0.00400520 -0.00069559
v -0.10854445 -0.00379554 -0.00059247
v -0.13101147 -0.00378402 -0.00680031
v -0.13121729 0.00476031 -0.00932931
v -0.11882433 -0.00492969 0.00040411
v -0.12937262 -0.00725888 -0.00135945
v -0.13109032 -0.00792316 -0.00218258
v -0.12603118 -0.00671832 0.00008407
v -0.11514536 -0.00454597 0.00065222
v -0.11967465 0.00437578 0.00854614
v -0.11960882 0.00076168 0.00821319
v -0.12259274 0.00307570 0.00947595
v -0.11509883 0.00454570 0.00743093
v -0.12392339 -0.00141008 0.00896425
v -0.12301136 0.00553119 0.00945017
v -0.11437166 0.00284820 0.00736592
v -0.11545928 0.00035904 0.00719812
v -0.11030128 0.00193843 0.00683744
v -0.11091852 0.00451391 0.00682806
v -0.10727257 0.00506899 0.00600479
v -0.10740662 0.00211381 0.00628357
v -0.10723274 -0.00056680 0.00583383
v -0.11629691 -0.00187640 0.00655828
v -0.11935329 -0.00243573 0.00689426
v -0.12591609 0.00249362 0.01086512
v -0.12593740 0.00484508 0.01094803
v -0.10822475 -0.00315880 0.00456134
v -0.12682123 0.00051801 0.01098282
v -0.12772801 -0.00209185 0.01047761
v -0.12367080 -0.00387647 0.00735746
v -0.12999191 0.00153656 0.01317060
v -0.13089464 -0.00236321 0.01247730
v -0.12997022 0.00440013 0.01345402
v -0.11429686 -0.00381475 0.00480380
v -0.12975635 -0.00535629 0.00916249
v -0.12294549 0.00790154 0.00889213
v -0.11780076 0.00753225 0.00730995
v -0.11438540 0.00592304 0.00701490
v -0.12655984 0.00788140 0.01064121
v -0.13005325 0.00673517 0.01318351
v -0.11326127 0.00756758 0.00615713
v -0.10784416 0.00695521 0.00524709
v -0.12986370 -0.00347954 0.01085300
v -0.13006601 0.00992489 0.01162919
v -0.13103900 -0.00557021 0.01066827
v -0.13106668 0.00455214 0.01464618
v -0.13109722 0.00086348 0.01408958
v -0.13107596 0.00779945 0.01386145
v -0.12420507 0.00940079 0.00865087
v -0.12237031 0.00993261 0.00738087
v -0.12735814 0.01103455 0.00901600
v -0.11571555 0.00869370 0.00588682
v -0.13105557 0.01097967 0.01216873
v -0.13002436 0.01176635 0.01011116
v -0.10752427 0.00777350 0.00442592
v -0.12999691 0.01371467 0.00783589
v -0.12730468 0.01313777 0.00624948
v -0.12344259 0.01130942 0.00624620
v -0.11682208 0.00968168 0.00514771
v -0.11243975 0.00902149 0.00428789
v -0.11793939 0.01048120 0.00431423
v -0.13085630 0.01553760 0.00502379
v -0.10754901 0.00857684 0.00295341
v -0.10618434 0.00836261 0.00254804
v -0.12333147 0.01216527 0.00432405
v 0.09058657 -0.01122245 0.00437545
v 0.08824085 -0.00878010 0.00592114
v 0.08903142 -0.00887014 0.00251827
v 0.08729480 -0.00658392 0.00391918
v 0.08745808 -0.00744651 0.00627322
v 0.08843948 -0.00665499 0.00126384
v 0.08719524 -0.00536940 0.00268303
v 0.08998311 -0.00839412 0.00009261
v 0.09208542 -0.01102675 0.00050379
v 0.09288829 -0.01260386 0.00320117
v 0.09028633 -0.01076782 0.00727102
v 0.08947250 -0.00569348 -0.00091301
v 0.08728679 -0.00419166 0.00177723
v 0.08721704 -0.00197213 0.00083225
v 0.09237640 -0.00850724 -0.00210082
v 0.08903410 -0.00188992 -0.00148220
v 0.09215957 -0.00523251 -0.00331623
v 0.08663793 -0.00318188 0.00153900
v 0.08704337 0.00132612 0.00077966
v 0.08936775 0.00157247 -0.00182491
v 0.09176576 -0.00093625 -0.00383615
v 0.08662779 0.00310817 0.00159787
v 0.08914038 0.00459957 -0.00100509
v 0.08655660 0.00463888 0.00234176
v 0.09193448 0.00428052 -0.00339682
v 0.08954577 0.00768318 0.00016105
v 0.09194314 0.00739228 -0.00227639
v 0.08699111 0.00636912 0.00354991
v 0.09183292 0.00886383 -0.00126241
v 0.08952913 0.00961440 0.00300952
v 0.08723946 0.00754105 0.00670026
v 0.09201277 0.01107900 0.00118452
v 0.08918122 0.00971816 0.00641453
v 0.08782616 -0.00703528 0.00834903
v 0.09108901 0.01137255 0.00409642
v 0.09654451 0.00119121 -0.00592023
v 0.09573466 -0.00160027 -0.00560497
v 0.09576929 -0.00524392 -0.00496047
v 0.09510909 -0.01132688 -0.00150773
v 0.09538811 -0.00874501 -0.00346896
v 0.09593131 0.00443260 -0.00512897
v 0.09575271 0.00797278 -0.00366813
v 0.10054890 -0.00152946 -0.00714671
v 0.09969296 -0.00513079 -0.00617185
v 0.09972096 -0.00864503 -0.00498408
v 0.10380029 0.00101881 -0.00803591
v 0.09991903 0.00430397 -0.00639063
v 0.09935751 0.00794361 -0.00477892
v 0.10618384 -0.00119889 -0.00858562
v 0.09480393 0.01050476 -0.00155566
v 0.10818396 0.00092516 -0.00899088
v 0.09889860 -0.01164063 -0.00291698
v 0.10302243 -0.00721626 -0.00626096
v 0.10777728 -0.00374382 -0.00817638
v 0.10731332 0.00373466 -0.00819730
v 0.11406787 -0.00156651 -0.00991785
v 0.11423139 -0.00454370 -0.00915145
v 0.11963235 -0.00124557 -0.01114711
v 0.11370865 0.00070396 -0.00987084
v 0.12062828 -0.00587364 -0.01019028
v 0.12031505 0.00126940 -0.01103636
v 0.12025749 -0.00922582 -0.00903508
v 0.11224264 -0.00822450 -0.00750544
v 0.12720291 -0.00746219 -0.01102401
v 0.12737441 -0.01018237 -0.01027853
v 0.12408849 -0.01126841 -0.00914091
v 0.12763098 -0.01551398 -0.00839525
v 0.12267113 -0.01590451 -0.00682241
v 0.12672915 -0.01788534 -0.00713263
v 0.11212347 -0.01218930 -0.00592139
v 0.10347493 -0.01132423 -0.00457472
v 0.12674677 -0.00174150 -0.01166789
v 0.11417579 0.00444600 -0.00922950
v 0.12706430 0.00076709 -0.01161545
v 0.12246683 0.00376170 -0.01088940
v 0.11147182 -0.01354670 -0.00500166
v 0.12636285 -0.01952856 -0.00598872
v 0.12724782 0.00529119 -0.01099730
v 0.11995716 0.00725459 -0.00943384
v 0.12652303 0.00847280 -0.01015291
v 0.10594880 0.00687661 -0.00672499
v 0.12778908 -0.01940665 -0.00637540
v 0.12115889 -0.01872714 -0.00465423
v 0.11169947 -0.01556126 -0.00360538
v 0.11105030 0.00982417 -0.00641617
v 0.11953761 0.01159843 -0.00754581
v 0.12732167 0.01196428 -0.00892096
v 0.12755035 -0.02156420 -0.00458012
v 0.11336838 -0.01810893 -0.00190707
v 0.11960272 -0.02003041 -0.00273844
v 0.10582743 -0.01482395 -0.00204749
v 0.12319855 0.01503232 -0.00646937
v 0.12745842 0.01464349 -0.00757528
v 0.09896720 0.00938016 -0.00381413
v 0.10883981 0.01197689 -0.00458504
v 0.12739101 0.01695220 -0.00613657
v 0.12737823 0.00823265 -0.01009503
v 0.10037405 0.01186366 -0.00227993
v 0.11850352 0.01545111 -0.00472076
v 0.10747373 0.01349097 -0.00281898
v 0.08618006 -0.00599667 0.00328555
v 0.08154942 -0.00559506 0.00272214
v 0.08177860 -0.00645236 0.00428729
v 0.11980242 -0.01306476 0.00600540
v 0.12014297 -0.01343463 0.00390247
v 0.11833615 -0.01182814 0.00399324
v 0.11681666 -0.01023112 0.00599897
v 0.11677764 -0.01019986 0.00439529
v 0.11747615 -0.01134928 0.00901011
v 0.12048401 -0.01362061 0.00913781
v 0.12330196 -0.01564016 0.00871936
v 0.12445646 -0.01664071 0.00697920
v 0.12059469 -0.01358449 0.00490565
v 0.12625432 -0.01771146 0.00850914
v 0.12610123 -0.01790366 0.00597600
v 0.11567607 -0.00991701 0.00895973
v 0.12263036 -0.01569320 0.00383546
v 0.12570739 -0.01797576 0.00447675
v 0.12584321 -0.01787980 0.00282488
v 0.12312277 -0.01574748 0.00963790
v 0.12595166 -0.01784625 0.00983548
v 0.12727679 -0.01935577 0.00610456
v 0.11421155 -0.00693639 0.00431016
v 0.11429878 -0.00756621 0.00596644
v 0.11317556 -0.00708387 0.00782550
v 0.12240471 -0.01514760 0.00286828
v 0.12577731 -0.01788689 0.00131123
v 0.12302084 -0.01573806 0.00149763
v 0.11939757 -0.01225148 0.00322437
v 0.12038076 -0.01310362 0.00057326
v 0.11754259 -0.00968956 0.00046588
v 0.11561261 -0.00760185 0.00308309
v 0.11623154 -0.00835309 0.00052490
v 0.12289468 -0.01532750 0.00054375
v 0.12544082 -0.01734698 0.00050510
v 0.12686341 -0.01860120 0.00051087
v 0.11502875 -0.00680454 0.00106884
v 0.11367551 -0.00502098 0.00126562
v 0.11121258 -0.00211972 0.00314000
v 0.11096539 -0.00185405 0.00129844
v 0.11031447 -0.00244799 0.00549114
v 0.12687773 -0.01937700 0.00144020
v 0.12672439 -0.01928974 0.00358486
v 0.12705477 -0.01918610 0.00964430
v 0.12718070 -0.01929997 0.00261360
v 0.11758831 -0.01016435 0.00342953
v 0.12733135 -0.01947513 0.00243751
v 0.12767224 -0.01886794 0.00467861
v 0.11262281 -0.00740371 0.00898531
v 0.11075685 -0.00565049 0.00905338
v 0.10941199 -0.00231913 0.00679567
v 0.10871444 -0.00335385 0.00890436
v 0.10668750 -0.00134422 0.00898024
v 0.11955742 -0.01322371 0.00948285
v 0.12743930 -0.02044749 0.00790464
v 0.10856559 -0.00078071 0.00729959
v 0.12745626 -0.02054400 0.00576455
v 0.11045705 -0.00005558 0.00476369
v 0.11110569 0.00060098 0.00234980
v 0.12705415 -0.02195551 0.00313785
v 0.12675378 -0.01947449 0.00038163
v 0.12693650 -0.02074864 0.00937851
v 0.12710629 -0.02250878 0.00693323
v 0.12696431 -0.02255647 0.00390377
v 0.12653453 -0.02071331 0.00111233
v 0.12623115 -0.02261747 0.00170943
v 0.12387235 0.01714751 -0.00045936
v 0.12050399 0.01632814 -0.00069744
v 0.12439889 0.01663837 -0.00354853
v 0.11792676 0.01558319 -0.00080284
v 0.11712088 0.01439805 -0.00297586
v 0.12642990 0.01744356 -0.00375144
v 0.12566292 0.01792531 -0.00006591
v 0.12516162 0.01803609 0.00059260
v 0.12739101 0.01695220 -0.00613657
v 0.12081287 0.01639809 0.00016113
v 0.12712086 0.01860038 -0.00122504
v 0.11880593 0.01546086 0.00010166
v 0.12366957 0.01499577 -0.00540445
v 0.12626724 0.01561643 -0.00601590
v 0.11641466 0.01217735 -0.00500796
v 0.11418986 0.00994447 -0.00581514
v 0.12732764 0.01831554 -0.00380429
v 0.12608311 0.01868384 0.00008629
v 0.12442804 0.01342547 -0.00668311
v 0.12745842 0.01464349 -0.00757528
v 0.12647551 0.01236999 -0.00785766
v 0.12503268 0.00960490 -0.00852294
v 0.12737823 0.00823265 -0.01009503
v 0.11446900 0.00580905 -0.00771979
v 0.12475664 0.01686179 0.00061056
v 0.12352133 0.01807702 0.00133573
v -0.12662224 0.00796044 0.01282990
v -0.12720467 0.00422421 0.01415657
v -0.12556215 0.00417051 0.01222111
v -0.12822658 0.00758443 0.01552790
v -0.12831392 0.00410015 0.01611919
v -0.12824546 0.01087925 0.01424643
v -0.12697032 0.01134314 0.01188281
v -0.12712021 -0.00006031 0.01350554
v -0.12831878 -0.00045758 0.01532542
v -0.12539894 0.00030559 0.01162342
v -0.12831935 -0.00345652 0.01374485
v -0.12677340 -0.00257883 0.01215453
v -0.12415532 0.00787505 0.01078465
v -0.12496349 -0.00202015 0.01070978
v -0.12372339 0.00388429 0.01103592
v -0.12932804 -0.00008309 0.01619778
v -0.12471429 0.01088981 0.00979208
v -0.12665054 -0.00549085 0.01000299
v -0.12941154 -0.00312747 0.01484095
v -0.12868459 -0.00608061 0.01189135
v -0.12859008 0.01397101 0.01212867
v -0.12700023 0.01463532 0.00828596
v -0.12865064 0.01599343 0.00939659
v -0.12965532 0.00761413 0.01639679
v -0.12966743 0.00393710 0.01688805
v -0.12926719 -0.00836034 0.00979102
v -0.12742720 -0.00902876 0.00609104
v -0.12414525 -0.00507250 0.00854590
v -0.12758555 0.01593020 0.00549477
v -0.12933951 0.01709723 0.00776976
v -0.12461913 0.01292773 0.00785927
v -0.12935415 0.01142343 0.01464265
v -0.12982534 0.00947182 0.01571196
v -0.12947871 -0.00967398 0.00770946
v -0.13174999 0.01452630 -0.00347229
v -0.13180376 0.01547449 -0.00361344
v -0.13172270 0.01179941 -0.00642022
v -0.13163391 0.01238613 -0.00766726
v -0.13180287 0.00842056 -0.00981173
v -0.13191716 0.01658568 -0.00022913
v -0.13143009 0.00740104 -0.01114665
v -0.13167782 0.00228717 -0.01141229
v -0.13122764 0.00411308 -0.01221621
v -0.13121729 0.00476031 -0.00932931
v -0.13167390 -0.00207914 -0.00956572
v -0.13155461 -0.00282738 -0.01009451
v -0.13153886 -0.00455018 -0.00761946
v -0.13168645 -0.00709406 -0.00557479
v -0.13108810 0.00865993 -0.00753828
v -0.13114499 0.01293607 -0.00351044
v -0.13109660 0.01464975 -0.00049350
v -0.13120875 0.01573466 0.00206237
v -0.13093132 -0.00609323 -0.00428478
v -0.13101147 -0.00378402 -0.00680031
v -0.13088626 -0.00211053 -0.00765948
v -0.13103063 0.00104152 -0.00903881
v -0.13109032 -0.00792316 -0.00218258
v -0.13150253 -0.00929183 -0.00244040
v -0.13112360 -0.00889075 0.00028383
v -0.13118804 0.00195080 -0.01219386
v -0.13118614 -0.00596420 -0.00786958
v -0.13143718 0.01703318 -0.00112073
v -0.13163676 0.01656551 0.00498381
v -0.13123504 -0.00812013 -0.00510653
v -0.13085630 0.01553760 0.00502379
v -0.13145811 0.01436947 -0.00567449
v -0.13130226 0.01049683 -0.00939568
v -0.13122748 0.01509749 0.00711170
v -0.13113826 -0.00971808 -0.00252206
v -0.13138416 -0.01040861 -0.00004435
v -0.13099446 -0.00127718 -0.01129116
v -0.12999691 0.01371467 0.00783589
v -0.11793939 0.01048120 0.00431423
v -0.12029154 0.01136229 0.00258952
v -0.11251479 0.00947698 0.00249717
v -0.11243975 0.00902149 0.00428789
v -0.10754901 0.00857684 0.00295341
v -0.12333147 0.01216527 0.00432405
v -0.12579475 0.01313090 0.00392297
v -0.12730468 0.01313777 0.00624948
v -0.10625129 0.00844353 0.00097782
v -0.10618434 0.00836261 0.00254804
v -0.11250910 0.00938070 0.00088408
v -0.11673247 0.01005181 0.00084397
v -0.12426451 0.01242045 0.00180414
v -0.11896589 0.01085516 0.00173525
v -0.12854369 0.01436852 0.00207923
v -0.13085630 0.01553760 0.00502379
v -0.13120875 0.01573466 0.00206237
v -0.11196203 0.00883704 -0.00050874
v -0.13109660 0.01464975 -0.00049350
v -0.12643140 0.01217328 -0.00068676
v -0.12246317 0.01087248 -0.00012449
v -0.11878839 0.00981713 -0.00029716
v -0.11313301 0.00816673 -0.00165001
v -0.10863778 0.00744501 -0.00173565
v -0.12989478 0.01205936 -0.00334545
v -0.12374941 0.00984991 -0.00202799
v -0.12738776 0.01007962 -0.00365757
v -0.11994494 0.00874726 -0.00175254
v -0.13114499 0.01293607 -0.00351044
v -0.12936458 0.00848803 -0.00618587
v -0.12468982 0.00761003 -0.00419200
v -0.13108810 0.00865993 -0.00753828
v -0.12048697 0.00691708 -0.00320054
v -0.11770573 0.00691443 -0.00278537
v -0.11541488 0.00713967 -0.00259520
v -0.10684067 0.00572174 -0.00269725
v -0.12025027 0.00465603 -0.00411191
v -0.12697615 0.00469512 -0.00660070
v -0.12968648 0.00488151 -0.00820529
v -0.12380582 0.00429160 -0.00524758
v -0.11613419 0.00454966 -0.00341705
v -0.13121729 0.00476031 -0.00932931
v -0.11890565 -0.00515367 0.00324859
v -0.11917827 -0.00536264 0.00160869
v -0.12447384 -0.00658385 0.00160148
v -0.12412966 -0.00644610 0.00290076
v -0.12826381 -0.00782134 0.00273182
v -0.12603118 -0.00671832 0.00008407
v -0.11882433 -0.00492969 0.00040411
v -0.12989172 -0.00851304 0.00197178
v -0.12937262 -0.00725888 -0.00135945
v -0.11514536 -0.00454597 0.00065222
v -0.11398245 -0.00462615 0.00191100
v -0.10824820 -0.00427605 0.00079394
v -0.10805032 -0.00416446 0.00292213
v -0.11400058 -0.00443884 0.00349625
v -0.12801834 -0.00717254 0.00532091
v -0.12999015 -0.00797634 0.00573023
v -0.12375487 -0.00591653 0.00438790
v -0.11980716 -0.00440079 0.00525008
v -0.11429686 -0.00381475 0.00480380
v -0.12377640 -0.00492044 0.00622108
v -0.12956411 -0.00632268 0.00785060
v -0.10822475 -0.00315880 0.00456134
v -0.12367080 -0.00387647 0.00735746
v -0.12975635 -0.00535629 0.00916249
v -0.11935329 -0.00243573 0.00689426
v -0.13135159 -0.00950069 0.00378756
v -0.13112360 -0.00889075 0.00028383
v -0.13102784 -0.00836757 0.00723065
v -0.13109032 -0.00792316 -0.00218258
v -0.13103900 -0.00557021 0.01066827
v -0.11649230 -0.00400520 -0.00069559
v -0.10854445 -0.00379554 -0.00059247
v 0.12499826 -0.02271055 -0.00015973
v 0.11960272 -0.02003041 -0.00273844
v 0.12445634 -0.02162978 -0.00296015
v 0.12347335 -0.02220573 -0.00020430
v 0.11719708 -0.01972720 -0.00067104
v 0.11336838 -0.01810893 -0.00190707
v 0.11486697 -0.01929756 0.00044768
v 0.10864455 -0.01717925 0.00027629
v 0.12723975 -0.02255464 -0.00249788
v 0.11905450 -0.02096698 0.00047425
v 0.10852255 -0.01694086 -0.00077392
v 0.10308692 -0.01568801 0.00055653
v 0.12348027 -0.02232445 0.00071070
v 0.12755035 -0.02156420 -0.00458012
v 0.10582743 -0.01482395 -0.00204749
v 0.09588795 -0.01276657 -0.00017874
v 0.09620606 -0.01388369 0.00228268
v 0.09288829 -0.01260386 0.00320117
v 0.09208542 -0.01102675 0.00050379
v 0.09510909 -0.01132688 -0.00150773
v 0.09889860 -0.01164063 -0.00291698
v 0.09517572 -0.01364897 0.00544934
v 0.10061406 -0.01510032 0.00305290
v 0.09229080 -0.01243364 0.00637347
v 0.09058657 -0.01122245 0.00437545
v 0.10220837 -0.01527828 0.00313725
v 0.10592877 -0.01626210 0.00343660
v 0.10118743 -0.01493698 0.00462556
v 0.10961993 -0.01750182 0.00155782
v 0.11568235 -0.01940833 0.00141362
v 0.12646432 -0.02273519 -0.00064460
v 0.09215969 -0.01200907 0.00807844
v 0.11061520 -0.01728359 0.00378806
v 0.11335474 -0.01815943 0.00352627
v 0.09683245 -0.01368630 0.00682530
v 0.09028633 -0.01076782 0.00727102
v 0.11638601 -0.01889954 0.00341116
v 0.12074884 -0.02054551 0.00180107
v 0.12044431 -0.01976834 0.00355528
v 0.12237587 -0.02078626 0.00339251
v 0.12387313 -0.02171665 0.00138765
v 0.12541524 -0.02242365 0.00240555
v 0.12498194 -0.02211183 0.00093141
v 0.12623115 -0.02261747 0.00170943
v 0.12696431 -0.02255647 0.00390377
v 0.12608443 -0.02243428 0.00600441
v 0.12710629 -0.02250878 0.00693323
v 0.12404449 -0.02128207 0.00848105
v 0.12124797 -0.01961570 0.00879693
v 0.12080806 -0.01946074 0.00585158
v 0.11703164 -0.01742523 0.00865021
v 0.11393135 -0.01625822 0.00640225
v 0.11848473 -0.01843593 0.00395340
v 0.11561103 -0.01710155 0.00404366
v 0.11212456 -0.01602956 0.00448398
v 0.10872367 -0.01540608 0.00608053
v 0.12161563 -0.01992721 0.00405185
v 0.11380883 -0.01570841 0.00850096
v 0.11203552 -0.01547474 0.00705172
v 0.12357054 -0.02118448 0.00512961
v 0.12409454 -0.02126530 0.00373406
v 0.10565026 -0.01524725 0.00585669
v 0.11038109 -0.01451203 0.00728152
v 0.10994177 -0.01334152 0.00945875
v 0.10730719 -0.01594157 0.00425479
v 0.10856801 -0.01342023 0.00898122
v 0.10823941 -0.01382524 0.00719331
v 0.10190928 -0.01289130 0.00793771
v 0.10386784 -0.01266033 0.00897213
v 0.09855058 -0.01168296 0.00904936
v 0.09588763 -0.01262571 0.00827416
v 0.12304653 -0.02020912 0.00934230
v 0.12641623 -0.02103372 0.00944365
v 0.11519492 -0.01577368 0.00929431
v 0.10314328 -0.01430626 0.00627216
v 0.09930743 -0.01391270 0.00646866
v 0.12031724 -0.01861762 0.00938118
v 0.09105246 -0.01026122 0.00960079
v 0.09608702 -0.01116822 0.00929261
v 0.09268169 -0.01040107 0.00987429
v 0.08782616 -0.00703528 0.00834903
v 0.08824085 -0.00878010 0.00592114
v 0.08969472 -0.00564614 0.01117675
v 0.08824936 -0.00495525 0.01020338
v 0.09093732 -0.00811219 0.01074124
v 0.05929979 0.00455301 0.00452108
v 0.05103119 0.00454061 0.00373230
v 0.05599945 0.00344342 0.00492948
v 0.04527227 0.00358403 0.00388624
v 0.06732039 0.00437737 0.00558523
v 0.06263363 0.00267764 0.00593456
v 0.07127788 0.00334736 0.00673702
v 0.07297238 0.00430301 0.00643819
v 0.07820785 0.00447374 0.00729868
v 0.07956085 0.00322629 0.00816058
v 0.04025786 0.00446513 0.00312191
v 0.02887365 0.00390469 0.00273357
v 0.02913192 0.00520299 0.00206181
v 0.01574511 0.00500342 0.00146214
v 0.01953222 0.00615395 0.00082802
v 0.00459851 0.00593253 0.00074160
v 0.01942161 0.00375023 0.00212335
v 0.00963637 0.00349230 0.00176439
v 0.05294018 0.00148348 0.00521236
v 0.04424216 0.00151415 0.00433656
v 0.06851397 0.00159052 0.00684604
v 0.07896529 0.00147489 0.00840014
v -0.00374741 0.00519018 0.00099439
v -0.01284502 0.00422651 0.00115014
v -0.02163051 0.00572420 0.00062745
v -0.02867916 0.00428370 0.00124739
v -0.02199873 0.00679811 0.00011483
v -0.03840706 0.00538279 0.00121639
v -0.03858554 0.00657049 0.00071630
v -0.04176722 0.00406213 0.00175035
v -0.05766627 0.00667989 0.00169363
v 0.05492116 0.00521130 0.00307209
v 0.06793541 0.00524501 0.00431657
v -0.05471491 0.00439567 0.00230177
v 0.07577282 0.00525891 0.00575040
v 0.03914126 0.00560511 0.00183824
v 0.03742895 0.00522255 0.00241675
v 0.02522383 0.00627890 0.00083216
v 0.01085405 0.00683665 -0.00002052
v 0.08261454 0.00546810 0.00754106
v 0.08201966 0.00604374 0.00618060
v 0.08602434 0.00693260 0.00666549
v 0.08709114 0.00597872 0.00909770
v 0.00028556 0.00674644 0.00013545
v -0.00717684 0.00763514 -0.00073303
v 0.08248756 0.00406747 0.00853287
v 0.08835207 0.00653597 0.00955100
v 0.08723946 0.00754105 0.00670026
v -0.09370279 0.00714399 0.00535630
v -0.09962500 0.00808589 0.00547402
v -0.10185578 0.00710410 0.00633755
v -0.10759564 0.00718807 0.00700019
v -0.10854343 0.00912642 0.00567514
v -0.08728156 0.00744542 0.00438085
v -0.11227479 0.00923404 0.00630691
v -0.11374722 0.00798011 0.00754828
v -0.08253764 0.00830409 0.00294794
v -0.07846837 0.00716147 0.00340529
v -0.06710179 0.00721164 0.00215228
v -0.09815534 0.00912574 0.00423076
v -0.06935212 0.00848214 0.00121160
v -0.05608872 0.00753073 0.00110681
v -0.11415738 0.01046778 0.00548097
v -0.04304554 0.00745313 0.00031515
v -0.02522711 0.00781185 -0.00068867
v -0.07314634 0.00907317 0.00048681
v -0.10778188 0.01008421 0.00391793
v -0.09297344 0.00930837 0.00302219
v -0.11063662 0.01053205 0.00373981
v -0.05749285 0.00857491 -0.00013462
v -0.08208650 0.00896665 0.00202499
v -0.03748170 0.00827912 -0.00090727
v -0.01983393 0.00850641 -0.00247268
v -0.03329037 0.00873395 -0.00254556
v -0.08667710 0.00949432 0.00132257
v -0.06923999 0.00924787 -0.00077063
v -0.05874408 0.00909403 -0.00142067
v -0.04505610 0.00887358 -0.00193627
v -0.00544304 0.00810165 -0.00202035
v 0.00384116 0.00748491 -0.00097226
v -0.09975296 0.01008283 0.00207971
v 0.01139480 0.00747148 -0.00157689
v 0.02354580 0.00688596 -0.00053730
v 0.03593917 0.00620011 0.00077680
v -0.10774050 0.01039353 0.00234301
v -0.11207314 0.01109466 0.00183666
v 0.04196156 0.00604673 0.00055107
v 0.04973263 0.00570390 0.00139342
v 0.05614132 0.00556203 0.00147363
v 0.06028311 0.00543336 0.00272525
v 0.07241845 0.00546356 0.00364798
v 0.06583874 0.00533829 0.00237766
v 0.07858779 0.00574320 0.00509248
v -0.11561500 0.01146654 0.00394874
v 0.05046744 0.00555307 -0.00000351
v 0.07868002 0.00566964 0.00406611
v 0.08372829 0.00633570 0.00481029
v -0.11613495 0.01192841 0.00204001
v -0.12106175 0.01304323 0.00407317
v -0.12082619 0.01310364 0.00206950
v 0.08662152 0.00686887 0.00498828
v -0.12061140 0.01245529 0.00536282
v 0.07350159 0.00493982 0.00235435
v 0.06233684 0.00497393 0.00092595
v 0.05133290 0.00498525 -0.00095008
v -0.11248436 0.01038803 -0.00068059
v -0.11643253 0.01108089 -0.00070355
v -0.12448153 0.01449988 0.00236063
v -0.12466254 0.01429293 0.00542507
v -0.12079026 0.01238438 -0.00024450
v 0.08125931 0.00514914 0.00293594
v -0.12441768 0.01356194 -0.00051992
v -0.12733510 0.01594673 0.00255656
v 0.08597201 0.00577392 0.00331243
v 0.07709492 0.00409643 0.00172415
v -0.12702626 0.01521700 -0.00000484
v -0.12758555 0.01593020 0.00549477
v -0.12461913 0.01292773 0.00785927
v -0.12700023 0.01463532 0.00828596
v -0.12061823 0.01050835 -0.00283211
v -0.12439667 0.01199145 -0.00278003
v 0.08699111 0.00636912 0.00354991
v 0.06236730 0.00400420 -0.00027030
v -0.11666426 0.00959423 -0.00265871
v -0.10815901 0.00815843 -0.00294718
v -0.12637906 0.01361144 -0.00242650
v -0.12922140 0.01695772 0.00081713
v -0.12967311 0.01761425 0.00519439
v -0.13057528 0.01775683 0.00220377
v -0.13079143 0.01781409 0.00539733
v -0.13165143 0.01770409 0.00248162
v -0.13143718 0.01703318 -0.00112073
v -0.13068749 0.01674723 -0.00197490
v -0.12933951 0.01709723 0.00776976
v -0.13076013 0.01675152 0.00909279
v -0.13108719 0.01528860 -0.00469971
v -0.13164036 0.01748186 0.00606126
v -0.12951956 0.01608694 -0.00248858
v -0.12865064 0.01599343 0.00939659
v -0.12920459 0.01472548 -0.00428460
v -0.12999539 0.01447782 0.01227442
v -0.10735371 0.00891579 -0.00216721
v -0.09739415 0.00782642 -0.00344627
v -0.09671376 0.00881576 -0.00241623
v -0.08327411 0.00800671 -0.00402176
v -0.13050715 0.01327109 -0.00683641
v -0.13145811 0.01436947 -0.00567449
v -0.13163391 0.01238613 -0.00766726
v -0.13180376 0.01547449 -0.00361344
v -0.12104242 0.01149287 0.00722041
v -0.11635877 0.00987443 0.00696792
v -0.12859008 0.01397101 0.01212867
v -0.13048177 0.01119679 -0.00865031
v -0.13130226 0.01049683 -0.00939568
v -0.12562264 0.01022760 -0.00520347
v -0.12948361 0.01114564 -0.00802766
v -0.12830425 0.01188987 -0.00605425
v -0.12935415 0.01142343 0.01464265
v -0.05624833 0.00912805 -0.00252021
v -0.04065055 0.00887142 -0.00370709
v -0.05855830 0.00900212 -0.00332316
v -0.07380398 0.00934438 -0.00191272
v -0.04308743 0.00876335 -0.00433987
v -0.02190664 0.00854497 -0.00413164
v -0.00808400 0.00830390 -0.00310907
v -0.07777602 0.00949477 -0.00097965
v 0.01152445 0.00753917 -0.00270043
v 0.02623029 0.00687451 -0.00158385
v 0.03580808 0.00640058 -0.00082835
v -0.09309256 0.00980191 0.00021839
v -0.10159915 0.01012632 0.00098934
v 0.00110300 0.00788285 -0.00402398
v -0.10774401 0.01030256 0.00076409
v 0.04237794 0.00581618 -0.00096069
v -0.09431826 0.00954419 -0.00110603
v -0.00870401 0.00806064 -0.00453348
v 0.01499456 0.00722961 -0.00326324
v -0.10735640 0.00974459 -0.00085143
v 0.02763640 0.00656391 -0.00246569
v 0.03642054 0.00588531 -0.00213463
v 0.00577322 0.00733814 -0.00473563
v -0.06720953 0.00871931 -0.00387248
v -0.02064952 0.00817325 -0.00507920
v -0.08057861 0.00873491 -0.00320823
v -0.04369994 0.00820051 -0.00540055
v -0.00460299 0.00745145 -0.00544137
v 0.01533092 0.00664956 -0.00442397
v 0.02864547 0.00580930 -0.00354314
v 0.04188535 0.00492949 -0.00241793
v -0.06708095 0.00797248 -0.00494542
v -0.02041991 0.00728290 -0.00629769
v -0.04274582 0.00728103 -0.00644547
v -0.00866417 0.00682928 -0.00631448
v 0.00759718 0.00646039 -0.00549647
v 0.12261157 0.01469322 0.00024183
v 0.12176703 0.01231219 -0.00011492
v 0.12040398 0.01520035 0.00006674
v 0.12081287 0.01639809 0.00016113
v 0.12458652 0.01604432 0.00083775
v 0.12554235 0.01388020 0.00056242
v 0.12668490 0.01628286 0.00127582
v 0.12379495 0.01257512 0.00042537
v 0.11880593 0.01546086 0.00010166
v 0.11886021 0.01361493 0.00033845
v 0.11875058 0.01122305 0.00022210
v 0.11965038 0.01051643 -0.00001716
v 0.11761941 0.00898852 0.00010500
v 0.12475664 0.01686179 0.00061056
v 0.11923157 0.00907227 0.00042142
v 0.11829864 0.00811789 0.00053828
v 0.11657907 0.00687772 0.00056770
v 0.12130172 0.01074831 0.00050993
v 0.12663599 0.01474466 0.00128291
v 0.12742769 0.01690016 0.00262298
v 0.12524120 0.01800739 0.00127572
v 0.12747964 0.01850948 0.00309285
v 0.12516162 0.01803609 0.00059260
v 0.12387235 0.01714751 -0.00045936
v 0.11712088 0.01439805 -0.00297586
v 0.11792676 0.01558319 -0.00080284
v 0.11418986 0.00994447 -0.00581514
v 0.11622249 0.00722509 -0.00234903
v 0.11446900 0.00580905 -0.00771979
v -0.12982534 0.00947182 0.01571196
v -0.12935415 0.01142343 0.01464265
v -0.13067012 0.01004091 0.01531565
v -0.12999539 0.01447782 0.01227442
v -0.13093097 0.01398849 0.01234344
v -0.12965532 0.00761413 0.01639679
v -0.13076013 0.01675152 0.00909279
v -0.13169308 0.01589086 0.00916593
v -0.13140159 0.01053403 0.01423147
v -0.13150506 0.01385838 0.01171418
v -0.13164036 0.01748186 0.00606126
v -0.13112065 0.00575377 0.01609941
v -0.13163676 0.01656551 0.00498381
v -0.13165143 0.01770409 0.00248162
v -0.13191716 0.01658568 -0.00022913
v -0.13106668 0.00455214 0.01464618
v -0.13158357 -0.00177157 0.01468684
v -0.13126513 0.00104395 0.01602303
v -0.13112900 0.01338060 0.00979317
v -0.13122748 0.01509749 0.00711170
v -0.13105557 0.01097967 0.01216873
v -0.13107596 0.00779945 0.01386145
v -0.13109722 0.00086348 0.01408958
v -0.13089464 -0.00236321 0.01247730
v -0.13155587 -0.00514266 0.01304288
v -0.13103900 -0.00557021 0.01066827
v -0.13157185 -0.00692476 0.01132851
v -0.13149159 -0.00900962 0.00839602
v -0.13102784 -0.00836757 0.00723065
v -0.13135159 -0.00950069 0.00378756
v -0.13149578 -0.01011869 0.00666939
v -0.13138416 -0.01040861 -0.00004435
v -0.13150253 -0.00929183 -0.00244040
v -0.13125931 -0.01072024 0.00565573
v -0.13112360 -0.00889075 0.00028383
v -0.13092720 -0.00175189 0.01558686
v -0.13143718 0.01703318 -0.00112073
v -0.13097025 -0.00852905 0.00981914
v -0.13002436 0.01176635 0.01011116
v -0.12999691 0.01371467 0.00783589
v -0.12966743 0.00393710 0.01688805
v -0.13031049 0.00040527 0.01640000
v 0.12706613 -0.00091149 -0.01132604
v 0.12720291 -0.00746219 -0.01102401
v 0.12706430 0.00076709 -0.01161545
v 0.12716421 -0.00577768 -0.01097653
v 0.12737441 -0.01018237 -0.01027853
v 0.12724782 0.00529119 -0.01099730
v 0.12674677 -0.00174150 -0.01166789
v 0.12754871 -0.01811343 -0.00652168
v 0.12763098 -0.01551398 -0.00839525
v 0.12769457 -0.01607779 -0.00785422
v 0.12737441 -0.01018237 -0.01027853
v 0.12778908 -0.01940665 -0.00637540
v 0.12666171 -0.01994787 -0.00481674
v 0.12702037 -0.01354907 -0.00839561
v 0.12705229 -0.00964859 -0.00976301
v 0.12716421 -0.00577768 -0.01097653
v 0.12755035 -0.02156420 -0.00458012
v 0.12627395 -0.02107338 -0.00325616
v 0.12498194 -0.02211183 0.00093141
v 0.12499826 -0.02271055 -0.00015973
v 0.12527736 -0.02189404 -0.00019823
v 0.12503735 -0.02133513 0.00039860
v 0.12646432 -0.02273519 -0.00064460
v 0.11834922 -0.01859043 -0.00069924
v 0.12069932 -0.01939447 -0.00021813
v 0.12045110 -0.01932880 -0.00109127
v 0.12333947 -0.02060568 -0.00130705
v 0.12261461 -0.01999808 -0.00004403
v 0.11913430 -0.01859747 0.00004631
v 0.11668273 -0.01782774 0.00002318
v 0.11617653 -0.01777916 -0.00078239
v 0.11395525 -0.01684264 0.00025025
v 0.11287570 -0.01666963 -0.00056899
v 0.12347046 -0.01980548 -0.00277010
v 0.12626880 -0.02189062 -0.00123957
v 0.11876637 -0.01750328 -0.00265867
v 0.11370450 -0.01588055 -0.00206688
v 0.12723975 -0.02255464 -0.00249788
v 0.12330516 -0.00661256 -0.00949405
v 0.11546165 -0.00459741 -0.00827458
v 0.11811971 -0.00827551 -0.00772754
v 0.12500861 -0.01081543 -0.00865924
v 0.11175878 -0.00690819 -0.00672247
v 0.11776712 -0.00142083 -0.00959095
v 0.11362153 -0.00137998 -0.00874990
v 0.12396806 -0.00228838 -0.01053107
v 0.12610542 -0.00469428 -0.01067103
v 0.11893640 -0.01148204 -0.00663606
v 0.12608233 -0.01550739 -0.00707578
v 0.11176978 -0.01048675 -0.00517151
v 0.12706613 -0.00091149 -0.01132604
v 0.11749260 -0.01354301 -0.00512380
v 0.12353800 -0.01680225 -0.00536453
v 0.11158836 -0.01335248 -0.00337727
v 0.12426988 -0.00026406 -0.01063600
v 0.11571692 0.00216495 -0.00888319
v 0.12565436 0.00334713 -0.01047433
v 0.12724782 0.00529119 -0.01099730
v 0.12611044 0.00666622 -0.00980726
v 0.11446900 0.00580905 -0.00771979
v 0.12503268 0.00960490 -0.00852294
v 0.12737823 0.00823265 -0.01009503
v 0.11257246 -0.00191816 -0.00460225
v 0.12745842 0.01464349 -0.00757528
v 0.12737823 0.00823265 -0.01009503
v 0.12732167 0.01196428 -0.00892096
v 0.11758988 -0.01285886 0.00051935
v 0.11539871 -0.01274491 0.00080048
v 0.11450841 -0.01333860 0.00056045
v 0.11359953 -0.01350506 0.00007497
v 0.11243230 -0.00536744 -0.00162227
v 0.11293677 -0.00637641 -0.00180270
v 0.11168707 -0.00207618 -0.00125280
v 0.11172612 -0.00424607 -0.00144635
v 0.11539871 -0.01274491 0.00080048
v 0.11359953 -0.01350506 0.00007497
v 0.11450841 -0.01333860 0.00056045
v 0.11359953 -0.01350506 0.00007497
v 0.11602623 -0.01024297 0.00050214
v 0.11758988 -0.01285886 0.00051935
v 0.12287744 -0.01668979 0.00031944
v 0.12144638 -0.01718957 0.00029304
v 0.12055749 -0.01433061 0.00052754
v 0.12124703 -0.01876667 0.00023209
v 0.11874093 -0.01697582 0.00060197
v 0.11560234 -0.01617025 0.00088744
v 0.11662615 -0.01506159 0.00097035
v 0.12457413 -0.01956299 0.00038884
v 0.12544082 -0.01734698 0.00050510
v 0.12675378 -0.01947449 0.00038163
v 0.12038076 -0.01310362 0.00057326
v 0.12289468 -0.01532750 0.00054375
v 0.11855345 -0.01100364 0.00046643
v 0.11754259 -0.00968956 0.00046588
v 0.11623154 -0.00835309 0.00052490
v 0.11396762 -0.00700290 0.00054366
v 0.11539871 -0.01274491 0.00080048
v 0.12686341 -0.01860120 0.00051087
v 0.11913430 -0.01859747 0.00004631
v 0.11668273 -0.01782774 0.00002318
v 0.12261461 -0.01999808 -0.00004403
v 0.12503735 -0.02133513 0.00039860
v 0.11395525 -0.01684264 0.00025025
v 0.12069932 -0.01939447 -0.00021813
v 0.12653453 -0.02071331 0.00111233
v 0.11502875 -0.00680454 0.00106884
v 0.11308392 -0.00521814 0.00077070
v 0.12623115 -0.02261747 0.00170943
v 0.12498194 -0.02211183 0.00093141
v 0.11367551 -0.00502098 0.00126562
v 0.11245420 -0.00397599 0.00108496
v 0.11096539 -0.00185405 0.00129844
v 0.12734426 0.01530399 0.00706098
v 0.12600864 0.01350521 0.00715685
v 0.12698186 0.01437197 0.00579190
v 0.11855332 0.00868359 0.00387898
v 0.11663940 0.00707008 0.00378758
v 0.11923082 0.00886823 0.00264581
v 0.11528223 0.00548348 0.00276991
v 0.11268954 0.00354925 0.00489272
v 0.11422343 0.00512263 0.00557255
v 0.11140274 0.00175640 0.00351969
v 0.10999808 0.00170623 0.00585144
v 0.12316629 0.01175004 0.00291287
v 0.12323884 0.01202216 0.00385544
v 0.11233705 0.00253370 0.00166562
v 0.11495435 0.00510127 0.00056458
v 0.11371066 0.00261355 -0.00176189
v 0.11657907 0.00687772 0.00056770
v 0.11829864 0.00811789 0.00053828
v 0.12130172 0.01074831 0.00050993
v 0.12345578 0.01224667 0.00180345
v 0.12379495 0.01257512 0.00042537
v 0.12554235 0.01388020 0.00056242
v 0.11652838 0.00670689 0.00499039
v 0.11607508 0.00733300 0.00704311
v 0.11951443 0.00908197 0.00518681
v 0.11910578 0.00916760 0.00717049
v 0.12406181 0.01230361 0.00729154
v 0.12413601 0.01218118 0.00589804
v 0.12154622 0.01054406 0.00865915
v 0.11736990 0.00868534 0.00927830
v 0.12494775 0.01306815 0.00426602
v 0.12447054 0.01257474 0.00278254
v 0.12657920 0.01466164 0.00389511
v 0.12663599 0.01474466 0.00128291
v 0.12517505 0.01334515 0.00520068
v 0.12590865 0.01320757 0.00850275
v 0.12296546 0.01162961 0.00969848
v 0.11622249 0.00722509 -0.00234903
v 0.12583397 0.01374590 0.01023650
v 0.12735448 0.01487053 0.00480249
v 0.12709405 0.01521673 0.00944017
v 0.11446900 0.00580905 -0.00771979
v 0.11110569 0.00060098 0.00234980
v 0.12590508 0.01267680 0.00597883
v 0.11045705 -0.00005558 0.00476369
v 0.12742769 0.01690016 0.00262298
v 0.12758709 0.01704016 0.00560451
v 0.11403937 0.00610990 0.00719432
v 0.11237801 0.00572191 0.00820641
v 0.11544771 0.00812829 0.00966739
v 0.11233602 0.00607905 0.00923774
v 0.11083557 0.00409352 0.00741814
v 0.10955996 0.00398136 0.00902683
v 0.10863287 0.00166761 0.00731288
v 0.10711224 0.00160464 0.00877890
v 0.11216781 0.00037945 -0.00022163
v 0.11257246 -0.00191816 -0.00460225
v 0.11571692 0.00216495 -0.00888319
v 0.11362153 -0.00137998 -0.00874990
v 0.11168707 -0.00207618 -0.00125280
v 0.11096539 -0.00185405 0.00129844
v 0.12000219 0.01050909 0.00984938
v 0.10856559 -0.00078071 0.00729959
v 0.12729894 0.01749373 0.00875225
v 0.12754347 0.01849436 0.00643175
v 0.12747964 0.01850948 0.00309285
v 0.10682208 0.00050575 0.00905625
v 0.10668750 -0.00134422 0.00898024
v 0.12668490 0.01628286 0.00127582
v 0.11293677 -0.00637641 -0.00180270
v 0.11175878 -0.00690819 -0.00672247
v 0.11357759 -0.00903538 -0.00215736
v 0.11176978 -0.01048675 -0.00517151
v 0.11158836 -0.01335248 -0.00337727
v 0.11359953 -0.01350506 0.00007497
v 0.11602623 -0.01024297 0.00050214
v 0.11396762 -0.00700290 0.00054366
v 0.11245420 -0.00397599 0.00108496
v 0.11172612 -0.00424607 -0.00144635
v 0.11308392 -0.00521814 0.00077070
v 0.11370450 -0.01588055 -0.00206688
v 0.11395525 -0.01684264 0.00025025
v 0.11287570 -0.01666963 -0.00056899
vt 0.40916386 0.46755636
vt 0.47542813 0.46535563
vt 0.41677603 0.48826194
vt 0.49325851 0.48719841
vt 0.54088604 0.46452308
vt 0.55790192 0.48195285
vt 0.53048843 0.50081569
vt 0.47600389 0.50543481
vt 0.37605852 0.48998213
vt 0.34497756 0.46704346
vt 0.33829662 0.48943484
vt 0.60339248 0.47699070
vt 0.59844095 0.49478340
vt 0.42018983 0.50870472
vt 0.62719530 0.45476091
vt 0.64658630 0.47308230
vt 0.69508612 0.44999677
vt 0.70498836 0.47144938
vt 0.48417738 0.43445206
vt 0.44449368 0.43411756
vt 0.54610628 0.43434042
vt 0.72792298 0.44324625
vt 0.75405520 0.46751869
vt 0.26937670 0.47293425
vt 0.39640355 0.43605137
vt 0.34747079 0.44186753
vt 0.30150118 0.44614685
vt 0.62217659 0.43120033
vt 0.79127824 0.44158065
vt 0.80169767 0.46626127
vt 0.84677416 0.46229529
vt 0.68939704 0.42323667
vt 0.55517101 0.41985047
vt 0.29172575 0.49057555
vt 0.24479042 0.49235630
vt 0.23598582 0.47139269
vt 0.19605361 0.49032426
vt 0.19098592 0.47053617
vt 0.12705481 0.48338634
vt 0.13125363 0.49419415
vt 0.07256578 0.49473321
vt 0.08402357 0.47469503
vt 0.05303434 0.47612435
vt 0.05407821 0.50320393
vt 0.35416886 0.50860083
vt 0.31994909 0.50878036
vt 0.13342302 0.47119367
vt 0.21983452 0.45105958
vt 0.26147288 0.44311935
vt 0.83515966 0.48326546
vt 0.87032151 0.46371931
vt 0.87051749 0.48299825
vt 0.89071369 0.47874486
vt 0.89252377 0.46221399
vt 0.63674760 0.49801844
vt 0.10014229 0.50085163
vt 0.71622348 0.49062598
vt 0.77524167 0.48723054
vt 0.58198893 0.50701940
vt 0.91068912 0.46173996
vt 0.90965831 0.48090172
vt 0.51892674 0.50914359
vt 0.25987059 0.50299710
vt 0.21012692 0.50355232
vt 0.88462961 0.49847770
vt 0.90381086 0.50201803
vt 0.64887857 0.50657409
vt 0.81187463 0.49958646
vt 0.70970243 0.50884080
vt 0.86563188 0.48962331
vt 0.86912638 0.50035691
vt 0.46643612 0.52061838
vt 0.16018933 0.50855714
vt 0.41416445 0.52355808
vt 0.58732587 0.51791251
vt 0.92850566 0.47937703
vt 0.52077764 0.52121615
vt 0.93067896 0.46155465
vt 0.92470580 0.49986166
vt 0.30080318 0.51665175
vt 0.22642629 0.51347309
vt 0.34899658 0.52275252
vt 0.07421076 0.51337761
vt 0.05118413 0.51360029
vt 0.10887031 0.51233184
vt 0.05117709 0.52673340
vt 0.04914295 0.49894404
vt 0.87199497 0.51236242
vt 0.60456049 0.52428490
vt 0.04808157 0.47394943
vt 0.82915550 0.51353526
vt 0.75534314 0.51141250
vt 0.91935301 0.52992761
vt 0.90465230 0.52309817
vt 0.46194717 0.52875859
vt 0.51150650 0.53039026
vt 0.83506978 0.43705177
vt 0.86860764 0.44427741
vt 0.73398030 0.42213500
vt 0.77899194 0.42230701
vt 0.62826735 0.41313899
vt 0.48757514 0.41450870
vt 0.39301395 0.52905715
vt 0.89051455 0.43745863
vt 0.86679727 0.42995560
vt 0.43764454 0.41836035
vt 0.20519099 0.44809687
vt 0.15721239 0.45652688
vt 0.10913073 0.45733398
vt 0.34529838 0.42607355
vt 0.39392701 0.41846204
vt 0.90725344 0.44003016
vt 0.92422342 0.44142294
vt 0.71649915 0.40901637
vt 0.07247777 0.45985675
vt 0.05027128 0.46336794
vt 0.55385697 0.40809160
vt 0.94433600 0.47798795
vt 0.94444430 0.45537102
vt 0.94162261 0.49385738
vt 0.93316400 0.52138978
vt 0.82564390 0.41889763
vt 0.29478639 0.42679393
vt 0.15659890 0.51888603
vt 0.09207527 0.52282244
vt 0.05337079 0.53837854
vt 0.70548594 0.52445191
vt 0.77181917 0.51987451
vt 0.30271035 0.52869701
vt 0.24557023 0.52338845
vt 0.93638158 0.43257082
vt 0.04876452 0.54287791
vt 0.20422943 0.52666104
vt 0.64508826 0.40131408
vt 0.44467810 0.53649640
vt 0.25118715 0.43056428
vt 0.04674370 0.44461679
vt 0.78488976 0.40463805
vt 0.90789801 0.41195244
vt 0.88946497 0.41592610
vt 0.86630428 0.41719317
vt 0.44937253 0.40460062
vt 0.91773105 0.40596378
vt 0.35053152 0.41573751
vt 0.14333379 0.44660747
vt 0.18161307 0.43852580
vt 0.21161412 0.43638158
vt 0.51516497 0.39789146
vt 0.70846659 0.39963824
vt 0.75594515 0.39575136
vt 0.57365286 0.39639473
vt 0.09587801 0.44725001
vt 0.07077661 0.43997502
vt 0.93271226 0.54148757
vt 0.82666206 0.40534544
vt 0.93305647 0.41272914
vt 0.95947319 0.47852767
vt 0.40058506 0.53837627
vt 0.95808905 0.49821103
vt 0.35982674 0.53382963
vt 0.95369804 0.43481308
vt 0.95153379 0.51208538
vt 0.96004885 0.45911419
vt 0.93532616 0.39262289
vt 0.30974764 0.41545248
vt 0.26450959 0.42100549
vt 0.94096291 0.52417433
vt 0.10295861 0.43712413
vt 0.95178902 0.53438389
vt 0.35875532 0.40704679
vt 0.94437611 0.41574907
vt 0.14643127 0.43687320
vt 0.86716563 0.40716875
vt 0.20560543 0.42874527
vt 0.69915086 0.39003360
vt 0.60534960 0.38923526
vt 0.79623705 0.39623582
vt 0.41245359 0.39663887
vt 0.96077973 0.52622801
vt 0.97279006 0.48056853
vt 0.96956182 0.49610686
vt 0.97436368 0.49890924
vt 0.97636557 0.47672737
vt 0.97316813 0.46172011
vt 0.97615129 0.46263832
vt 0.97298932 0.44124734
vt 0.96975660 0.52114028
vt 0.96542072 0.52612823
vt 0.96604526 0.44046831
vt 0.96222252 0.42280561
vt 0.96921086 0.42475677
vt 0.97262591 0.42810655
vt 0.95608449 0.40227914
vt 0.96494925 0.40509582
vt 0.88901860 0.39950299
vt 0.86746639 0.39502060
vt 0.23117529 0.41954637
vt 0.96083081 0.54287791
vt 0.95822108 0.38394213
vt 0.91200060 0.38925225
vt 0.92376727 0.38053513
vt 0.73821390 0.38829029
vt 0.45204118 0.38759434
vt 0.68122441 0.38365346
vt 0.84884137 0.39833140
vt 0.52113670 0.38454950
vt 0.94514734 0.37281978
vt 0.59984940 0.26652527
vt 0.54199129 0.27638257
vt 0.53479844 0.26128829
vt 0.45621437 0.27522874
vt 0.41547933 0.25446439
vt 0.51802367 0.29914331
vt 0.56126392 0.29874223
vt 0.60346740 0.28404140
vt 0.60397321 0.30194390
vt 0.64243525 0.31104362
vt 0.40353173 0.27237940
vt 0.34171629 0.27152050
vt 0.32644254 0.25472987
vt 0.65210831 0.28566217
vt 0.26647958 0.27382743
vt 0.25792250 0.26282084
vt 0.65697759 0.27288240
vt 0.69985181 0.27770644
vt 0.70141745 0.29309583
vt 0.73811227 0.28676969
vt 0.73016423 0.32406282
vt 0.74437320 0.31752688
vt 0.83816749 0.33358973
vt 0.74573272 0.29688251
vt 0.78089708 0.30848348
vt 0.52301610 0.24792361
vt 0.42296940 0.24349111
vt 0.35167229 0.24918336
vt 0.58843118 0.25308007
vt 0.77205789 0.28714144
vt 0.24237204 0.25307298
vt 0.25855047 0.24588799
vt 0.64655453 0.26455200
vt 0.19509006 0.26276082
vt 0.32129532 0.23862380
vt 0.79166549 0.30053020
vt 0.83905536 0.30596763
vt 0.84591079 0.31774509
vt 0.87846667 0.31942475
vt 0.88559443 0.33183432
vt 0.86834466 0.31000030
vt 0.88908815 0.30555677
vt 0.90117657 0.31672513
vt 0.87769932 0.34260929
vt 0.89908940 0.34437943
vt 0.90872478 0.32998431
vt 0.91237384 0.31264687
vt 0.87878984 0.36426604
vt 0.89960533 0.36876696
vt 0.20496833 0.24515074
vt 0.81694067 0.29338628
vt 0.86057562 0.29927689
vt 0.92031157 0.35136765
vt 0.91691792 0.37718022
vt 0.72641307 0.27597839
vt 0.18018487 0.25293469
vt 0.15410675 0.25930542
vt 0.15491736 0.26846743
vt 0.79631674 0.28164101
vt 0.18176316 0.24022400
vt 0.14395089 0.24553001
vt 0.12504488 0.25821042
vt 0.23374754 0.23700005
vt 0.85447901 0.28832108
vt 0.09830032 0.25528419
vt 0.82659900 0.28019029
vt 0.87608010 0.29243100
vt 0.90597439 0.29228604
vt 0.75727522 0.27755523
vt 0.73015147 0.26399589
vt 0.70716065 0.26749837
vt 0.76958483 0.27263933
vt 0.69307554 0.25718731
vt 0.66526318 0.26184106
vt 0.66311663 0.25272107
vt 0.62181151 0.25349146
vt 0.61952287 0.24219298
vt 0.56258696 0.23894465
vt 0.34826866 0.22912937
vt 0.27691826 0.23444098
vt 0.09861120 0.27047074
vt 0.07835714 0.25678742
vt 0.08000128 0.27199197
vt 0.22757988 0.23137951
vt 0.20159613 0.22951126
vt 0.06560019 0.26348305
vt 0.04868678 0.25989968
vt 0.04756648 0.27964652
vt 0.06206210 0.27867579
vt 0.32534873 0.22005934
vt 0.28188130 0.21995044
vt 0.52062082 0.23655027
vt 0.53030276 0.22733158
vt 0.45479175 0.22132844
vt 0.45318440 0.22999698
vt 0.40103197 0.23201334
vt 0.91378468 0.30187726
vt 0.12908648 0.27459651
vt 0.12602723 0.23856848
vt 0.15737556 0.23564154
vt 0.05887145 0.23982215
vt 0.07894855 0.23970276
vt 0.09713884 0.24045032
vt 0.04272389 0.24870741
vt 0.57630748 0.22731113
vt 0.63455164 0.23746902
vt 0.03291532 0.27182937
vt 0.03224332 0.25509131
vt 0.03543529 0.28580534
vt 0.68613964 0.24682665
vt 0.72718620 0.25521600
vt 0.76895911 0.26485443
vt 0.22753793 0.21914679
vt 0.91945535 0.29368275
vt 0.04666237 0.23703724
vt 0.52129477 0.21702015
vt 0.35306579 0.20981503
vt 0.80511308 0.27113605
vt 0.03241296 0.23534900
vt 0.92299110 0.30768096
vt 0.48416424 0.21141744
vt 0.43563315 0.20747232
vt 0.89417177 0.28421414
vt 0.91584224 0.27624100
vt 0.16279668 0.22287798
vt 0.30804393 0.20805597
vt 0.92489493 0.32778668
vt 0.26330802 0.21447515
vt 0.19438736 0.21690029
vt 0.02549691 0.29310918
vt 0.01926367 0.26007640
vt 0.85480821 0.27890754
vt 0.01705457 0.23639649
vt 0.59042352 0.22122550
vt 0.36038896 0.20268726
vt 0.65233755 0.23352760
vt 0.69752556 0.24317920
vt 0.13666567 0.22087681
vt 0.09879614 0.22252941
vt 0.51713765 0.20813668
vt 0.28536910 0.20137769
vt 0.07653619 0.22307187
vt 0.05138046 0.21994430
vt 0.44779956 0.20211089
vt 0.73567510 0.24939734
vt 0.55728960 0.20956242
vt 0.22764368 0.20219505
vt 0.01074979 0.24989116
vt 0.00975461 0.23272049
vt 0.00396462 0.25277138
vt 0.00999638 0.26785088
vt 0.00431901 0.28299648
vt 0.01036852 0.28370094
vt 0.00292227 0.26028740
vt 0.00596957 0.30696380
vt 0.00169961 0.29682302
vt 0.01257858 0.30339873
vt 0.00157563 0.31268281
vt 0.00950496 0.32972932
vt 0.00556938 0.32775450
vt 0.03845120 0.21888691
vt 0.00394063 0.33953905
vt 0.01251124 0.22093594
vt 0.00680907 0.21816075
vt 0.01112974 0.20251393
vt 0.76153368 0.25012112
vt 0.36256161 0.19367301
vt 0.02610990 0.21902400
vt 0.00944201 0.35106999
vt 0.61173826 0.21480632
vt 0.00591251 0.35435474
vt 0.16908629 0.20487630
vt 0.81926727 0.26109189
vt 0.66036451 0.22372651
vt 0.20928581 0.19744408
vt 0.86125928 0.27054119
vt 0.89253294 0.27089328
vt 0.70451283 0.23520291
vt 0.26707238 0.19586062
vt 0.07764146 0.21785444
vt 0.06147388 0.20088732
vt 0.01870262 0.20383692
vt 0.11703864 0.21527499
vt 0.01505438 0.18386626
vt 0.13812752 0.20337838
vt 0.03504991 0.20050216
vt 0.00819383 0.37718022
vt 0.57353824 0.60528320
vt 0.48863620 0.59690481
vt 0.53131503 0.57552886
vt 0.47959405 0.56901491
vt 0.41315082 0.58721513
vt 0.41884249 0.56240749
vt 0.36517408 0.58155280
vt 0.34473464 0.55608201
vt 0.31266785 0.57219446
vt 0.27116418 0.54679644
vt 0.29735506 0.60035270
vt 0.23321033 0.55057353
vt 0.28643009 0.57344365
vt 0.23506147 0.56758821
vt 0.17645514 0.56102151
vt 0.20624499 0.58793509
vt 0.17100640 0.58776033
vt 0.17217317 0.56202829
vt 0.14597715 0.56966496
vt 0.14105459 0.58537555
vt 0.14515585 0.55177140
vt 0.12659746 0.57954496
vt 0.17437270 0.54691666
vt 0.33707121 0.54412115
vt 0.20739397 0.54129297
vt 0.11678625 0.55255586
vt 0.23410268 0.53696030
vt 0.27478349 0.53587145
vt 0.11090747 0.57665467
vt 0.24561408 0.59502870
vt 0.36974916 0.60903013
vt 0.41845271 0.61385167
vt 0.59126914 0.60286480
vt 0.13355391 0.60370803
vt 0.16834231 0.60584283
vt 0.19857098 0.61180323
vt 0.11066736 0.59935308
vt 0.47967499 0.61807263
vt 0.52091765 0.62514472
vt 0.57764876 0.61833131
vt 0.58761281 0.62901425
vt 0.62745976 0.63635683
vt 0.63363546 0.60505182
vt 0.64104074 0.62909204
vt 0.67536622 0.61058676
vt 0.67144769 0.63925368
vt 0.68874651 0.61868620
vt 0.71296287 0.62077600
vt 0.69238502 0.63958740
vt 0.73785347 0.64897066
vt 0.13543738 0.53499073
vt 0.15587558 0.53383219
vt 0.17585075 0.53499371
vt 0.11989471 0.52885562
vt 0.56834048 0.62719977
vt 0.80049980 0.65486044
vt 0.79900080 0.63513076
vt 0.83706510 0.65834546
vt 0.90252757 0.66576916
vt 0.90504229 0.64247644
vt 0.94695377 0.66933137
vt 0.26036403 0.61876446
vt 0.68197995 0.64258212
vt 0.29649243 0.62048161
vt 0.69575113 0.66137999
vt 0.56183332 0.65058702
vt 0.65525079 0.65512770
vt 0.49634778 0.64368284
vt 0.44234541 0.63582182
vt 0.38871267 0.63235933
vt 0.33711338 0.63070965
vt 0.73509729 0.66663665
vt 0.28460577 0.63555086
vt 0.13526896 0.62463647
vt 0.16855772 0.62885451
vt 0.19235609 0.63078332
vt 0.22622389 0.63497585
vt 0.11191497 0.62708187
vt 0.09985275 0.59655964
vt 0.09703695 0.55248958
vt 0.37588695 0.64918512
vt 0.09678820 0.62580621
vt 0.10534611 0.52688956
vt 0.28958964 0.64286494
vt 0.33674365 0.64924771
vt 0.25292486 0.64074022
vt 0.14293510 0.63252926
vt 0.13286100 0.64772886
vt 0.11372343 0.65130740
vt 0.09506302 0.64927506
vt 0.14991106 0.64444381
vt 0.11390821 0.65989840
vt 0.09871548 0.66933137
vt 0.38500199 0.32258046
vt 0.36456335 0.31691051
vt 0.37817004 0.35169154
vt 0.35031512 0.33411050
vt 0.37876076 0.28415698
vt 0.35851416 0.29388160
vt 0.36817563 0.35850656
vt 0.37919575 0.38154066
vt 0.37100685 0.38049209
vt 0.39342275 0.29419392
vt 0.38538417 0.33883333
vt 0.40130445 0.35753763
vt 0.40283614 0.34322679
vt 0.40283614 0.32642841
vt 0.35203904 0.31413472
vt 0.35214120 0.35568213
vt 0.39963195 0.31001902
vt 0.36713850 0.28565538
vt 0.38662219 0.28673518
vt 0.35540244 0.37000251
vt 0.35977983 0.37580055
vt 0.39692372 0.37408459
vt 0.43187174 0.78666180
vt 0.41956621 0.78545839
vt 0.42905250 0.78137136
vt 0.42962494 0.75948280
vt 0.42393792 0.75757796
vt 0.40315145 0.77598822
vt 0.41345191 0.75539577
vt 0.41182157 0.79407060
vt 0.40077877 0.79366380
vt 0.39488536 0.76066613
vt 0.39146972 0.79904830
vt 0.38383052 0.78515172
vt 0.40155482 0.73791212
vt 0.41647679 0.73155975
vt 0.42857856 0.73381084
vt 0.39029917 0.81377524
vt 0.43476188 0.73643559
vt 0.41886479 0.71692616
vt 0.43529287 0.71613437
vt 0.37499097 0.80931288
vt 0.37474433 0.85561675
vt 0.37124178 0.83297801
vt 0.36358753 0.83271867
vt 0.36047360 0.88153166
vt 0.35738751 0.85192895
vt 0.45091459 0.71892571
vt 0.44900489 0.73924673
vt 0.43325871 0.75931096
vt 0.45724455 0.77106291
vt 0.44194105 0.77901953
vt 0.44434005 0.79382056
vt 0.45897129 0.81079739
vt 0.46474090 0.79094547
vt 0.47636920 0.82545912
vt 0.37816051 0.77756768
vt 0.38677678 0.75746405
vt 0.38034695 0.73783594
vt 0.38748348 0.73383188
vt 0.39404333 0.71756184
vt 0.47537455 0.80387455
vt 0.47320551 0.75721490
vt 0.46709460 0.75680929
vt 0.46621761 0.73555827
vt 0.48567763 0.83605850
vt 0.49006414 0.85371220
vt 0.49565437 0.83945268
vt 0.34437129 0.87960017
vt 0.34078112 0.91456223
vt 0.32637778 0.91487408
vt 0.50535655 0.86944377
vt 0.51454353 0.89727640
vt 0.51973796 0.88790423
vt 0.52812320 0.91367626
vt 0.51978052 0.91451323
vt 0.33474401 0.89143050
vt 0.38715494 0.72426528
vt 0.47495511 0.84513932
vt 0.45329893 0.83056182
vt 0.50875962 0.86632633
vt 0.36419204 0.78230745
vt 0.36408702 0.81039286
vt 0.35046923 0.82723540
vt 0.37328818 0.75530964
vt 0.34805453 0.85642439
vt 0.49584505 0.82393557
vt 0.44063076 0.81977504
vt 0.39973316 0.82372105
vt 0.41372123 0.81134284
vt 0.38741338 0.83871281
vt 0.50823003 0.89912075
vt 0.49446443 0.87926650
vt 0.42958906 0.80867255
vt 0.46375582 0.72286791
vt 0.47534639 0.73674834
vt 0.41962433 0.80886573
vt 0.52716494 0.92071092
vt 0.49312747 0.78896028
vt 0.39780921 0.70938277
vt 0.50907910 0.85330713
vt 0.37646359 0.71980762
vt 0.36681899 0.73301607
vt 0.46731931 0.71505797
vt 0.48022544 0.72517109
vt 0.53274846 0.89714360
vt 0.46849707 0.72972536
vt 0.53569132 0.91944653
vt 0.53704548 0.91603923
vt 0.36173707 0.72892040
vt 0.41972786 0.70877784
vt 0.37967530 0.70938325
vt 0.48821291 0.75851732
vt 0.48520368 0.74451679
vt 0.45399880 0.70725000
vt 0.52427238 0.88200122
vt 0.35508588 0.76425356
vt 0.48024917 0.71568739
vt 0.33203495 0.92337638
vt 0.46264431 0.84120560
vt 0.47602591 0.85837322
vt 0.48358628 0.86856282
vt 0.35867676 0.73930067
vt 0.41464910 0.69446003
vt 0.35394555 0.89897716
vt 0.43366933 0.69450504
vt 0.36280477 0.71657419
vt 0.40047359 0.68728238
vt 0.40175730 0.65830427
vt 0.41678107 0.66863394
vt 0.40693015 0.64128363
vt 0.41679561 0.63880813
vt 0.39016244 0.68450928
vt 0.31880254 0.92659885
vt 0.38741541 0.69270301
vt 0.45128086 0.69583160
vt 0.55199581 0.92659885
vt 0.56840551 0.76675451
vt 0.55930918 0.74043387
vt 0.55669421 0.78069812
vt 0.57359457 0.73366416
vt 0.56402522 0.71023905
vt 0.57463521 0.70427555
vt 0.56532276 0.69077760
vt 0.57897580 0.68702900
vt 0.56582105 0.78669763
vt 0.55854130 0.81109869
vt 0.56174487 0.81310040
vt 0.56119257 0.82649195
vt 0.54682100 0.82178080
vt 0.56323981 0.84297615
vt 0.55693203 0.86565721
vt 0.54044312 0.84776342
vt 0.53447413 0.81448966
vt 0.55096966 0.78224295
vt 0.55218190 0.80565685
vt 0.58083063 0.71226543
vt 0.58752191 0.69339710
vt 0.54314899 0.79732519
vt 0.57125992 0.85272449
vt 0.58723015 0.71124852
vt 0.53980583 0.86160284
vt 0.58593130 0.73183972
vt 0.56359947 0.87452739
vt 0.56286657 0.67462778
vt 0.57908648 0.66099107
vt 0.56115305 0.65839368
vt 0.57884544 0.74606943
vt 0.55623174 0.67669410
vt 0.55733711 0.69465822
vt 0.54927719 0.67918593
vt 0.54755163 0.70579588
vt 0.55633736 0.72910029
vt 0.54694200 0.72575939
vt 0.54315466 0.73814577
vt 0.54237688 0.77771920
vt 0.54177976 0.75765085
vt 0.57483095 0.87531972
vt 0.54291731 0.69359457
vt 0.54257852 0.71673203
vt 0.57011020 0.83749348
vt 0.57297623 0.80799377
vt 0.58704031 0.68213767
vt 0.59231371 0.66614038
vt 0.54671204 0.87484384
vt 0.54349715 0.67354393
vt 0.52419609 0.68273693
vt 0.52786005 0.66188979
vt 0.52480590 0.71946514
vt 0.53424132 0.71078634
vt 0.53382808 0.73751193
vt 0.52106482 0.75370806
vt 0.53616542 0.65584713
vt 0.54312927 0.66277993
vt 0.53399390 0.77305079
vt 0.52988964 0.84084773
vt 0.52221239 0.79333109
vt 0.54974937 0.66916442
vt 0.54597056 0.66906798
vt 0.57241917 0.88485086
vt 0.57941306 0.82674861
vt 0.59096944 0.76640987
vt 0.57105708 0.78468412
vt 0.58120793 0.76763177
vt 0.58851564 0.75790280
vt 0.57755274 0.85217160
vt 0.57795805 0.86360097
vt 0.52175623 0.65334302
vt 0.51542443 0.65598071
vt 0.51834017 0.70088691
vt 0.53080815 0.86745489
vt 0.60031515 0.67644244
vt 0.55841452 0.89265919
vt 0.59883475 0.73976129
vt 0.60031515 0.70155048
vt 0.51515186 0.81657070
vt 0.56009340 0.91255349
vt 0.51569271 0.85083747
vt 0.51606613 0.77355301
vt 0.58335292 0.89705765
vt 0.57713842 0.91497093
vt 0.51026917 0.70705593
vt 0.50682771 0.65380931
vt 0.08362290 0.38842583
vt 0.08084477 0.40722537
vt 0.06414954 0.40611291
vt 0.06499146 0.38481963
vt 0.09910501 0.40656841
vt 0.10088066 0.39125383
vt 0.09950954 0.37560260
vt 0.13624394 0.40499085
vt 0.13288154 0.38850617
vt 0.12096985 0.36520624
vt 0.13640155 0.37153947
vt 0.08410405 0.36566603
vt 0.06570882 0.36130452
vt 0.09912328 0.35968870
vt 0.08451138 0.35309571
vt 0.13281794 0.35307252
vt 0.05080940 0.36189812
vt 0.13918068 0.41787791
vt 0.04636970 0.39010400
vt 0.04882406 0.41142440
vt 0.05795157 0.33941758
vt 0.09615425 0.34638464
vt 0.03599420 0.38578135
vt 0.02984317 0.36327446
vt 0.03498362 0.41617429
vt 0.02749155 0.39018643
vt 0.03726989 0.33987212
vt 0.08480885 0.33290356
vt 0.05407306 0.32441807
vt 0.03447425 0.32420361
vt 0.10072632 0.33622062
vt 0.13406567 0.34170842
vt 0.03045269 0.34849322
vt 0.02678571 0.41787791
vt 0.09262551 0.32494164
vt 0.04548182 0.30774474
vt 0.03690708 0.30450583
vt 0.06180163 0.30908370
vt 0.10841954 0.32894933
vt 0.94135082 0.80456215
vt 0.94573784 0.77731305
vt 0.92919022 0.79137617
vt 0.96141136 0.81049562
vt 0.92986894 0.75595623
vt 0.92524463 0.80981994
vt 0.96597356 0.79849404
vt 0.96425086 0.77879697
vt 0.98361206 0.79595929
vt 0.97889686 0.81412101
vt 0.99376541 0.82159245
vt 0.99544054 0.80006403
vt 0.99920750 0.78087306
vt 0.96412307 0.76081049
vt 0.95243979 0.75310940
vt 0.91379911 0.78309590
vt 0.91115618 0.80074877
vt 0.99947476 0.75895077
vt 0.91211534 0.76722676
vt 0.91289514 0.74654788
vt 0.93726057 0.73653907
vt 0.89386475 0.77109343
vt 0.89642274 0.74178863
vt 0.89032972 0.79179424
vt 0.97624391 0.74607646
vt 0.91295063 0.71811932
vt 0.92446482 0.82859969
vt 0.94808447 0.83131552
vt 0.96362984 0.82179648
vt 0.90663540 0.82351226
vt 0.88849306 0.80894995
vt 0.96783966 0.83596623
vt 0.99081081 0.83619815
vt 0.90580511 0.73358727
vt 0.88952994 0.83508027
vt 0.90357500 0.71729654
vt 0.88267201 0.79085326
vt 0.88775390 0.76504630
vt 0.88182771 0.81455445
vt 0.91875041 0.83990556
vt 0.92790383 0.84769785
vt 0.90474582 0.85042286
vt 0.95756292 0.84417546
vt 0.88325757 0.84044647
vt 0.89191008 0.85205209
vt 0.99239343 0.84451318
vt 0.89539409 0.87304384
vt 0.90925264 0.87506175
vt 0.92499590 0.86183053
vt 0.95355725 0.85381377
vt 0.97217393 0.85311896
vt 0.95001072 0.86306584
vt 0.89753920 0.89752907
vt 0.99335456 0.85682428
vt 0.99947476 0.85774541
vt 0.92866796 0.87637877
vt 0.13781430 0.68314081
vt 0.15009600 0.66238290
vt 0.15558285 0.68819749
vt 0.16658424 0.67047405
vt 0.15713482 0.65553761
vt 0.16967891 0.69200307
vt 0.17560488 0.67737949
vt 0.16120926 0.70597905
vt 0.14480880 0.71339440
vt 0.12971534 0.69959515
vt 0.13378887 0.66068184
vt 0.17666617 0.70815003
vt 0.18327139 0.68304354
vt 0.19643787 0.68826729
vt 0.16201749 0.72697335
vt 0.19723505 0.70864826
vt 0.17997311 0.73086298
vt 0.18976150 0.68149680
vt 0.21497002 0.68848497
vt 0.21551384 0.71217066
vt 0.20224598 0.73130041
vt 0.22554252 0.68317974
vt 0.23179445 0.70834702
vt 0.23487002 0.67967075
vt 0.22892629 0.73106694
vt 0.24909298 0.70584810
vt 0.24565713 0.72732586
vt 0.24636719 0.67527455
vt 0.25432226 0.72288615
vt 0.26402268 0.69088775
vt 0.25928319 0.65676606
vt 0.27041522 0.71214908
vt 0.27186552 0.66734385
vt 0.15398596 0.63923329
vt 0.27716863 0.69086289
vt 0.21276385 0.76118827
vt 0.19864574 0.75607848
vt 0.17978384 0.75383979
vt 0.14407483 0.73741239
vt 0.16055490 0.74656129
vt 0.22947644 0.75593573
vt 0.24886070 0.75051540
vt 0.19873124 0.78441036
vt 0.17987657 0.77706313
vt 0.16059831 0.77344817
vt 0.21173725 0.80346721
vt 0.22888446 0.77943456
vt 0.24906632 0.77212596
vt 0.20020211 0.81711239
vt 0.26482689 0.73828214
vt 0.21125212 0.82865882
vt 0.14209221 0.76259559
vt 0.16797873 0.79439813
vt 0.18631770 0.82468396
vt 0.22627345 0.82236767
vt 0.19798027 0.86241913
vt 0.18144976 0.86182117
vt 0.19981413 0.89533067
vt 0.21016797 0.86040092
vt 0.17416385 0.89933008
vt 0.21329337 0.89895195
vt 0.15506046 0.89505363
vt 0.16065840 0.84732163
vt 0.16539948 0.93798649
vt 0.14980268 0.93761605
vt 0.14330433 0.91681004
vt 0.11858254 0.93532383
vt 0.11563567 0.90393341
vt 0.10434263 0.92751968
vt 0.13759823 0.84288049
vt 0.14410731 0.79215002
vt 0.19697203 0.93650740
vt 0.23052259 0.86172867
vt 0.21088025 0.93822676
vt 0.22697282 0.91070169
vt 0.12913692 0.83708030
vt 0.09372450 0.92288685
vt 0.23598807 0.93798649
vt 0.24647853 0.89400822
vt 0.25380215 0.93203193
vt 0.24375209 0.81181556
vt 0.09437571 0.93185002
vt 0.09727967 0.89049441
vt 0.11566129 0.83491224
vt 0.26134837 0.83874571
vt 0.27173135 0.88787317
vt 0.27422619 0.93391782
vt 0.07930672 0.92605215
vt 0.09768983 0.83993816
vt 0.08672854 0.87692446
vt 0.11883590 0.79830515
vt 0.29277465 0.90591013
vt 0.29052532 0.93188673
vt 0.25770119 0.76736492
vt 0.27472705 0.82253051
vt 0.30514705 0.92847043
vt 0.25294715 0.93721294
vt 0.27440482 0.77055889
vt 0.29660651 0.87611115
vt 0.28571761 0.81083411
vt 0.17366438 0.66801405
vt 0.18858626 0.64534527
vt 0.17870742 0.63880813
vt 0.85918033 0.58583552
vt 0.85694349 0.56979513
vt 0.86845106 0.57081050
vt 0.87913716 0.58623058
vt 0.87939364 0.57395101
vt 0.87227625 0.60923409
vt 0.85454202 0.60938299
vt 0.83863562 0.60536426
vt 0.83190125 0.59202915
vt 0.85495436 0.57742286
vt 0.82253957 0.60273057
vt 0.82263255 0.58433962
vt 0.88327169 0.60941315
vt 0.84104002 0.56892574
vt 0.82359511 0.57330197
vt 0.82369655 0.56120968
vt 0.83853656 0.61236149
vt 0.82236093 0.61255330
vt 0.81394571 0.58503968
vt 0.90045190 0.57293361
vt 0.89740384 0.58603978
vt 0.90237951 0.60088319
vt 0.84385961 0.56157619
vt 0.82377362 0.55010337
vt 0.83977604 0.55137873
vt 0.86398065 0.56420714
vt 0.85768914 0.54415214
vt 0.87978691 0.54287791
vt 0.89402503 0.56266272
vt 0.88894331 0.54311031
vt 0.84170961 0.54409003
vt 0.82679832 0.54406661
vt 0.81825417 0.54399151
vt 0.89891374 0.54701430
vt 0.91040879 0.54817283
vt 0.93031007 0.56176722
vt 0.93112457 0.54721242
vt 0.93104213 0.58145505
vt 0.81475991 0.55127603
vt 0.81557113 0.56691104
vt 0.81404608 0.61034161
vt 0.81493551 0.55976284
vt 0.87771094 0.56553048
vt 0.81412983 0.55863100
vt 0.81567585 0.57572615
vt 0.90232587 0.61081344
vt 0.91493928 0.61189401
vt 0.93373263 0.59271872
vt 0.93038380 0.61093402
vt 0.94439220 0.61255330
vt 0.85876065 0.61264533
vt 0.80796981 0.59730589
vt 0.94321859 0.59520304
vt 0.80797923 0.58236003
vt 0.94331682 0.57226694
vt 0.94485295 0.55304182
vt 0.80201524 0.56385380
vt 0.81382668 0.54368728
vt 0.80592090 0.60798377
vt 0.79779410 0.58965188
vt 0.79870230 0.56875712
vt 0.80768663 0.54921532
vt 0.79827726 0.55336326
vt 0.74823749 0.72215170
vt 0.75576460 0.70460504
vt 0.76288712 0.73455161
vt 0.76129264 0.69061750
vt 0.77502453 0.69169998
vt 0.75883824 0.74682486
vt 0.74230719 0.73090607
vt 0.73970604 0.72651815
vt 0.76892900 0.75938112
vt 0.75102741 0.70353889
vt 0.74389565 0.74363279
vt 0.75523168 0.69136643
vt 0.77681923 0.73433894
vt 0.77480435 0.75074112
vt 0.79151398 0.69149911
vt 0.80479264 0.67950583
vt 0.75548506 0.75366062
vt 0.73877013 0.73463899
vt 0.78744829 0.74042052
vt 0.78308058 0.76090115
vt 0.79493344 0.75374216
vt 0.81022853 0.74539697
vt 0.81995183 0.76090115
vt 0.82930672 0.68274713
vt 0.74130607 0.72228092
vt 0.73581934 0.71684277
vt 0.95652509 0.08108985
vt 0.94972831 0.10960734
vt 0.96237284 0.10960984
vt 0.94051254 0.08503127
vt 0.93817157 0.11089289
vt 0.94563413 0.05981046
vt 0.95929629 0.05472553
vt 0.95326650 0.14175254
vt 0.94218791 0.14466476
vt 0.96582288 0.13872391
vt 0.94963467 0.16764760
vt 0.96040225 0.16097319
vt 0.97178096 0.08153784
vt 0.97117692 0.15611333
vt 0.97248179 0.11141682
vt 0.93575156 0.14235198
vt 0.97417700 0.05787706
vt 0.97052670 0.18426973
vt 0.94204277 0.16580552
vt 0.95730406 0.18926775
vt 0.95365900 0.03420299
vt 0.97485268 0.02495664
vt 0.96564466 0.01483899
vt 0.93292809 0.08455592
vt 0.93119746 0.11232436
vt 0.96567017 0.20966762
vt 0.98686975 0.21701008
vt 0.98329252 0.17903709
vt 0.98686975 0.00855345
vt 0.97182465 0.00218022
vt 0.98278743 0.04051298
vt 0.94093204 0.05495661
vt 0.93520761 0.06997097
vt 0.97487044 0.22311044
vt 0.62078828 0.71471792
vt 0.61625993 0.71125144
vt 0.64002091 0.70086110
vt 0.63931119 0.69055498
vt 0.66326302 0.68539870
vt 0.60421979 0.73200810
vt 0.67075086 0.67805231
vt 0.69723737 0.68858033
vt 0.68936872 0.67810690
vt 0.68110389 0.69795448
vt 0.71662813 0.71161568
vt 0.72132516 0.70943552
vt 0.72646493 0.73085940
vt 0.73662168 0.75079125
vt 0.65815347 0.70150143
vt 0.62915176 0.71906132
vt 0.61491311 0.73587406
vt 0.60447490 0.75077730
vt 0.72910613 0.75841671
vt 0.72096628 0.73548466
vt 0.71352291 0.72596806
vt 0.69948983 0.70917350
vt 0.73586839 0.77709937
vt 0.74354309 0.77775681
vt 0.73762798 0.79681814
vt 0.70044065 0.68323499
vt 0.73458284 0.73164433
vt 0.60335189 0.72413296
vt 0.59401262 0.76843989
vt 0.74173117 0.75600594
vt 0.59983724 0.77216244
vt 0.62549359 0.69918245
vt 0.65189528 0.68254542
vt 0.59655309 0.78763705
vt 0.74632353 0.77788490
vt 0.74627858 0.79723835
vt 0.71571642 0.69660652
vt 0.60355157 0.79723835
vt 0.40552422 0.97007364
vt 0.41807684 0.96078050
vt 0.38496777 0.95060354
vt 0.38224524 0.96369827
vt 0.36395872 0.94889325
vt 0.42839465 0.97803336
vt 0.43982348 0.98014671
vt 0.44059709 0.99927324
vt 0.36050144 0.93342286
vt 0.35871848 0.94466525
vt 0.38631192 0.93881601
vt 0.40418112 0.94260329
vt 0.43634996 0.96171933
vt 0.41319674 0.95242143
vt 0.45554319 0.97329444
vt 0.46090052 0.99905360
vt 0.46791530 0.97959495
vt 0.38480291 0.92756975
vt 0.46979281 0.95943505
vt 0.44827619 0.94573975
vt 0.42972976 0.94192308
vt 0.41358685 0.93489563
vt 0.38994843 0.91815698
vt 0.37149385 0.91357064
vt 0.46564111 0.93059433
vt 0.43617931 0.92578489
vt 0.45337459 0.91840070
vt 0.41885510 0.92111337
vt 0.47216386 0.93421263
vt 0.46271724 0.89668196
vt 0.43997559 0.90171158
vt 0.47216386 0.89116836
vt 0.42088139 0.90303677
vt 0.40898731 0.90527469
vt 0.39939365 0.90783507
vt 0.36399359 0.89933830
vt 0.41864112 0.88509804
vt 0.44800934 0.87236863
vt 0.46137112 0.86576337
vt 0.43330938 0.87672573
vt 0.40164748 0.88775033
vt 0.46897337 0.85973835
vt 0.11068078 0.03801721
vt 0.10967067 0.05059493
vt 0.13174936 0.05979902
vt 0.13233912 0.04970610
vt 0.15001935 0.05928159
vt 0.13522422 0.07342833
vt 0.10600249 0.05890650
vt 0.15603620 0.06828296
vt 0.14538407 0.09048915
vt 0.09173997 0.05182111
vt 0.08877988 0.04105943
vt 0.06432606 0.04166830
vt 0.06606258 0.02593225
vt 0.09070679 0.02941304
vt 0.15240975 0.03912789
vt 0.16201498 0.04072076
vt 0.13250713 0.03744119
vt 0.11637242 0.02274096
vt 0.09322842 0.01905859
vt 0.13410941 0.02173793
vt 0.16082726 0.02035612
vt 0.06852998 0.01200396
vt 0.13409506 0.01020890
vt 0.16188274 0.00828832
vt 0.11526771 0.00331688
vt 0.16696011 0.05954099
vt 0.15830103 0.08264428
vt 0.16964285 0.03325343
vt 0.15145516 0.09956396
vt 0.16964285 0.00072676
vt 0.09513616 0.06422281
vt 0.06355042 0.05266470
vt 0.32885417 0.31097293
vt 0.30379698 0.28696883
vt 0.32596251 0.28832126
vt 0.32196522 0.30942762
vt 0.29299867 0.30182135
vt 0.27536649 0.29028273
vt 0.28266573 0.30966270
vt 0.25422928 0.30522442
vt 0.33844683 0.29326999
vt 0.30226034 0.31236595
vt 0.25369769 0.29699910
vt 0.22937843 0.30474353
vt 0.32169092 0.31621581
vt 0.33876050 0.27554107
vt 0.23945668 0.28261060
vt 0.19631571 0.29376042
vt 0.19855346 0.31367743
vt 0.18276182 0.31806910
vt 0.17761511 0.29504347
vt 0.19083491 0.28039849
vt 0.20683253 0.26962209
vt 0.19245014 0.33614135
vt 0.21734893 0.32221758
vt 0.17892648 0.34125495
vt 0.17003426 0.32568777
vt 0.22399788 0.32395256
vt 0.24048056 0.32830930
vt 0.21846685 0.33462656
vt 0.25815934 0.31537783
vt 0.28552142 0.31751454
vt 0.33506942 0.30741417
vt 0.17686327 0.35336161
vt 0.26081091 0.33287460
vt 0.27297464 0.33204687
vt 0.19790797 0.34740663
vt 0.16669950 0.34765160
vt 0.28591809 0.33359492
vt 0.30709398 0.32503581
vt 0.30321053 0.33885306
vt 0.31318372 0.33806539
vt 0.32190034 0.32336426
vt 0.32910508 0.33185160
vt 0.32730398 0.32035434
vt 0.33290485 0.32685548
vt 0.33512577 0.34372425
vt 0.33066958 0.35921431
vt 0.33452573 0.36675799
vt 0.31985012 0.37714833
vt 0.30532163 0.37961388
vt 0.30354553 0.35745668
vt 0.28426746 0.37812746
vt 0.27022624 0.36088866
vt 0.29248875 0.34318507
vt 0.27907181 0.34438425
vt 0.26412749 0.34552735
vt 0.24849273 0.35361081
vt 0.30782321 0.34379339
vt 0.26796561 0.37695408
vt 0.26101670 0.36507118
vt 0.31837887 0.35227001
vt 0.32059807 0.34175205
vt 0.23624432 0.34770656
vt 0.25240955 0.36739558
vt 0.24749182 0.38489932
vt 0.24518578 0.33687544
vt 0.24250045 0.37962669
vt 0.24307638 0.36603165
vt 0.21625215 0.36467874
vt 0.22290124 0.37504250
vt 0.20029873 0.37136519
vt 0.19163561 0.35836327
vt 0.31336686 0.38461655
vt 0.32820308 0.38735461
vt 0.27293339 0.38421154
vt 0.22438386 0.35046840
vt 0.20824452 0.34778148
vt 0.29899395 0.38487077
vt 0.16779879 0.36655295
vt 0.18951620 0.37123930
vt 0.17416504 0.37087595
vt 0.14447904 0.36045301
vt 0.15182425 0.33951473
vt 0.14430773 0.38735461
vt 0.13707983 0.37965810
vt 0.15834521 0.38014781
vt 0.12359610 0.15102053
vt 0.15836284 0.14633667
vt 0.13768847 0.15900230
vt 0.18268093 0.15236348
vt 0.08992299 0.15843606
vt 0.11018143 0.16948497
vt 0.07368913 0.17100394
vt 0.06610855 0.16446036
vt 0.04419930 0.16982907
vt 0.03978219 0.18186915
vt 0.20360762 0.14313257
vt 0.25142774 0.14424294
vt 0.25019237 0.13323152
vt 0.30651137 0.13090360
vt 0.29048455 0.12120086
vt 0.35333538 0.12126154
vt 0.29122543 0.14210403
vt 0.33237231 0.14186364
vt 0.15115723 0.17261577
vt 0.18752974 0.16806221
vt 0.08624563 0.18190718
vt 0.04372698 0.19404072
vt 0.38848758 0.12651175
vt 0.42681277 0.13301337
vt 0.46361700 0.12033129
vt 0.49326453 0.13195097
vt 0.46510169 0.11125803
vt 0.53409737 0.12391889
vt 0.53485119 0.11415076
vt 0.54812646 0.13482273
vt 0.61493826 0.11707050
vt 0.14204006 0.13924837
vt 0.08729059 0.14675909
vt 0.60240972 0.13468844
vt 0.05403166 0.15625554
vt 0.20825753 0.13007891
vt 0.21543430 0.13526428
vt 0.26655799 0.12083304
vt 0.32696038 0.11259842
vt 0.02516026 0.16863155
vt 0.02730742 0.15739292
vt 0.00995651 0.15940553
vt 0.00650397 0.17862082
vt 0.37141886 0.11330020
vt 0.40271282 0.10344267
vt 0.02731302 0.18083245
vt 0.00052521 0.18031681
vt 0.00424063 0.15885913
vt 0.76481915 0.13411182
vt 0.78951824 0.13012522
vt 0.79835021 0.14022654
vt 0.82172662 0.14389223
vt 0.82635188 0.12704992
vt 0.73834276 0.12681139
vt 0.84137368 0.13128304
vt 0.84661925 0.14441580
vt 0.71875566 0.11445946
vt 0.70170724 0.12288570
vt 0.65438956 0.11592919
vt 0.78359234 0.11805332
vt 0.66378641 0.10413486
vt 0.60835963 0.10925883
vt 0.84985095 0.12233013
vt 0.55354631 0.10666770
vt 0.47856861 0.10113341
vt 0.67945230 0.09672678
vt 0.82339513 0.11212677
vt 0.76201534 0.11006355
vt 0.83541167 0.10984588
vt 0.61405832 0.09688014
vt 0.71683371 0.10600179
vt 0.53002745 0.09616381
vt 0.45566866 0.08732635
vt 0.51213801 0.08407682
vt 0.73569512 0.09884495
vt 0.66292483 0.08818907
vt 0.61902314 0.08618110
vt 0.56157231 0.08580709
vt 0.39528665 0.09329683
vt 0.35638836 0.10340339
vt 0.78986490 0.10044867
vt 0.32457456 0.09986478
vt 0.27356946 0.10950315
vt 0.22170384 0.12093765
vt 0.82300305 0.10006893
vt 0.84132433 0.09494215
vt 0.19645439 0.11965930
vt 0.16388832 0.12632453
vt 0.13705702 0.12673283
vt 0.11958231 0.13569582
vt 0.06852586 0.14074326
vt 0.09635255 0.13223535
vt 0.04212752 0.15013105
vt 0.85648084 0.10978335
vt 0.16079493 0.11579800
vt 0.04202536 0.14223391
vt 0.02046196 0.14651507
vt 0.85874468 0.09533292
vt 0.88008356 0.10909033
vt 0.87893409 0.09437859
vt 0.00834280 0.14694905
vt 0.87748730 0.11908352
vt 0.06428200 0.12988639
vt 0.11112775 0.12136590
vt 0.15697247 0.10777342
vt 0.84152472 0.07524991
vt 0.85805327 0.07414532
vt 0.89552438 0.09589082
vt 0.89614606 0.11809582
vt 0.87699896 0.07675809
vt 0.03188812 0.13163090
vt 0.89278573 0.07424402
vt 0.90910453 0.09701157
vt 0.01249240 0.13343519
vt 0.04951207 0.12162876
vt 0.90606397 0.07861179
vt 0.91022265 0.11749291
vt 0.89303583 0.13728112
vt 0.90562475 0.13804555
vt 0.87251353 0.05467671
vt 0.88894099 0.05549681
vt 0.00781745 0.13601571
vt 0.11080930 0.10986483
vt 0.85648292 0.05658698
vt 0.82184309 0.05599755
vt 0.89975959 0.05983436
vt 0.91800106 0.08503664
vt 0.92153156 0.11483800
vt 0.92453492 0.09450990
vt 0.92576879 0.11610913
vt 0.92876297 0.09595919
vt 0.92574680 0.07060367
vt 0.92213953 0.06533051
vt 0.91955256 0.13255286
vt 0.92467940 0.14232999
vt 0.91978234 0.04468632
vt 0.92909664 0.12102854
vt 0.91679776 0.06187958
vt 0.91597986 0.14571923
vt 0.91236162 0.04799640
vt 0.91964674 0.16874939
vt 0.81925654 0.06427056
vt 0.77827030 0.05565721
vt 0.77589524 0.06639242
vt 0.72010416 0.05687261
vt 0.91285282 0.02682680
vt 0.91914034 0.03541213
vt 0.91475028 0.01677620
vt 0.92426372 0.05028707
vt 0.87749314 0.13411349
vt 0.85760045 0.13490021
vt 0.91366714 0.16899174
vt 0.90783787 0.00893962
vt 0.90900266 0.00072676
vt 0.88793689 0.03397673
vt 0.90362662 0.01474470
vt 0.90147555 0.03024757
vt 0.91299599 0.19404072
vt 0.60832620 0.07855219
vt 0.54275239 0.07356828
vt 0.61774480 0.07178432
vt 0.68160301 0.07834148
vt 0.55281204 0.06810635
vt 0.46406484 0.07433683
vt 0.40622115 0.08453959
vt 0.69829398 0.08419383
vt 0.32387683 0.09132630
vt 0.26220211 0.10189092
vt 0.22217269 0.10874009
vt 0.76188672 0.08869582
vt 0.79716170 0.09178543
vt 0.36744162 0.07934260
vt 0.82251984 0.08817422
vt 0.19452681 0.10812646
vt 0.76652551 0.07829624
vt 0.40851769 0.07346129
vt 0.30914211 0.08748078
vt 0.82011473 0.07565355
vt 0.25609535 0.09518194
vt 0.21925348 0.09836006
vt 0.34755063 0.07430583
vt 0.65366846 0.06480086
vt 0.45855516 0.06693447
vt 0.70921773 0.06566960
vt 0.55507982 0.05887520
vt 0.39099291 0.06642872
vt 0.30728793 0.07778335
vt 0.25134134 0.08570302
vt 0.19596733 0.09510267
vt 0.65283364 0.05501008
vt 0.45718551 0.05556887
vt 0.55076033 0.04859352
vt 0.40772280 0.05702353
vt 0.33930126 0.06659508
vt 0.64158988 0.97172886
vt 0.62945622 0.97918248
vt 0.63771069 0.95943391
vt 0.64379591 0.95538926
vt 0.65294892 0.97422332
vt 0.64613599 0.98886395
vt 0.65986133 0.98274052
vt 0.63605547 0.98734277
vt 0.63448113 0.95098227
vt 0.62712687 0.96022034
vt 0.61685622 0.97108370
vt 0.61674434 0.97889143
vt 0.60479379 0.97912055
vt 0.65672868 0.97036213
vt 0.61014253 0.98544234
vt 0.60428542 0.98731411
vt 0.59534842 0.99055231
vt 0.62202370 0.98600590
vt 0.65366131 0.99055231
vt 0.66839957 0.98508233
vt 0.66399646 0.96761286
vt 0.67594540 0.97776216
vt 0.66142547 0.96378529
vt 0.65217161 0.96273130
vt 0.61873060 0.93559688
vt 0.63130260 0.94345021
vt 0.58742255 0.93531978
vt 0.58835316 0.97079581
vt 0.56355041 0.94462913
vt 0.84062046 0.86592191
vt 0.84507179 0.88189548
vt 0.84533077 0.86839545
vt 0.85907191 0.90328413
vt 0.86089921 0.89736235
vt 0.83650959 0.85206765
vt 0.87653828 0.92032647
vt 0.87765098 0.91217387
vt 0.85194570 0.87133020
vt 0.86492062 0.89594764
vt 0.89324951 0.92640704
vt 0.84092057 0.83704627
vt 0.89957166 0.92045760
vt 0.91238582 0.93095928
vt 0.92768151 0.92478967
vt 0.84822750 0.82747012
vt 0.84462416 0.78070122
vt 0.83895296 0.80242008
vt 0.87544346 0.89295673
vt 0.88911784 0.90746522
vt 0.86305070 0.87441558
vt 0.85345948 0.85105932
vt 0.84948725 0.79984242
vt 0.85655355 0.77466255
vt 0.85135490 0.75424445
vt 0.86413175 0.74898148
vt 0.85931468 0.73924959
vt 0.87365133 0.72050321
vt 0.88068247 0.72438216
vt 0.89826411 0.71131617
vt 0.88207662 0.71014273
vt 0.91825581 0.69985467
vt 0.93224788 0.70531332
vt 0.88703328 0.70421344
vt 0.91783065 0.71205115
vt 0.83903915 0.78135377
vt 0.93224788 0.92964989
vt 0.86566561 0.72466588
vt 0.87520599 0.87913001
vt 0.88715154 0.89414287
vt 0.83245796 0.82490736
vt 0.83438456 0.79794198
vt 0.57732326 0.53622997
vt 0.61423504 0.53635955
vt 0.56781119 0.53461146
vt 0.60477543 0.53729045
vt 0.62972689 0.54142439
vt 0.54254204 0.54142439
vt 0.58189040 0.53270346
vt 0.08485612 0.82560527
vt 0.08918025 0.80293614
vt 0.08743453 0.80815411
vt 0.08981089 0.76119852
vt 0.08680830 0.83477020
vt 0.07882225 0.84291309
vt 0.08487010 0.78896314
vt 0.08622136 0.75830644
vt 0.08825829 0.72844672
vt 0.08316071 0.85438341
vt 0.07410505 0.85589403
vt 0.05866845 0.88008720
vt 0.06392863 0.88001835
vt 0.06269726 0.87448210
vt 0.05851665 0.87483543
vt 0.06924357 0.87746739
vt 0.03725008 0.84409738
vt 0.04452820 0.85491925
vt 0.04626768 0.84891671
vt 0.05796874 0.85883898
vt 0.05064826 0.86270690
vt 0.03742389 0.85106099
vt 0.02854174 0.84297186
vt 0.02906395 0.83647460
vt 0.01734056 0.83586633
vt 0.01577139 0.82749885
vt 0.06176387 0.84758049
vt 0.06887518 0.87023562
vt 0.04284532 0.82918674
vt 0.02176569 0.81712216
vt 0.07717410 0.86901134
vt 0.07041018 0.73581171
vt 0.03551792 0.72030026
vt 0.04689963 0.74977171
vt 0.07655410 0.76834702
vt 0.01970084 0.74166548
vt 0.04804872 0.69543177
vt 0.03066605 0.69390517
vt 0.07455947 0.70254469
vt 0.08333664 0.72069389
vt 0.04917191 0.77570367
vt 0.07922406 0.80568737
vt 0.01833376 0.77018434
vt 0.08816993 0.69246423
vt 0.04143743 0.79370940
vt 0.06650361 0.81841201
vt 0.01531134 0.79464728
vt 0.07606175 0.68734974
vt 0.03954341 0.66837919
vt 0.08187576 0.66021007
vt 0.08981092 0.64638382
vt 0.08304144 0.63466829
vt 0.03322182 0.64024657
vt 0.07719393 0.61119187
vt 0.08915637 0.62355167
vt 0.00997899 0.70430088
vt 0.10136554 0.75508720
vt 0.10136554 0.80741280
vt 0.09926470 0.77777350
vt 0.03834034 0.05159885
vt 0.03413866 0.06455207
vt 0.03643155 0.07139891
vt 0.03834034 0.07776165
vt 0.06870368 0.60158211
vt 0.06985294 0.60973835
vt 0.06985294 0.57630813
vt 0.06670168 0.59235716
vt 0.14128152 0.27688956
vt 0.15073529 0.27688956
vt 0.14620703 0.27398252
vt 0.66776967 0.16982067
vt 0.67657715 0.19704485
vt 0.66081548 0.19288909
vt 0.63123757 0.20066273
vt 0.63252234 0.19170880
vt 0.64713383 0.20029509
vt 0.62613302 0.18371117
vt 0.64015913 0.17988199
vt 0.65125144 0.16918319
vt 0.65359449 0.17852330
vt 0.61443764 0.19605529
vt 0.62225497 0.20995921
vt 0.60986978 0.20717478
vt 0.65287536 0.20510870
vt 0.63712895 0.20691442
vt 0.66675848 0.20597529
vt 0.67520911 0.20721906
vt 0.68478853 0.20708084
vt 0.69701672 0.20208156
vt 0.66644132 0.18274581
vt 0.61346942 0.21148252
vt 0.63175464 0.17410523
vt 0.64087725 0.16554236
vt 0.61743975 0.18435979
vt 0.60573822 0.18972200
vt 0.65216672 0.15770352
vt 0.62435687 0.17757380
vt 0.60390735 0.20052397
vt 0.69548094 0.20995408
vt 0.70806462 0.20561093
vt 0.59506303 0.19225413
vt 0.60111135 0.18713158
vt 0.70764536 0.21148252
vt 0.71598679 0.20888722
vt 0.73056722 0.21103990
vt 0.62666851 0.87310159
vt 0.63459677 0.86408472
vt 0.63428158 0.87621564
vt 0.67598063 0.85232812
vt 0.68579012 0.84348881
vt 0.67766130 0.86204255
vt 0.69739938 0.84178615
vt 0.70292735 0.81616026
vt 0.69202507 0.82061499
vt 0.71648335 0.81598049
vt 0.71175390 0.79742473
vt 0.65889090 0.87803990
vt 0.65511543 0.87328035
vt 0.71755427 0.83231246
vt 0.70639873 0.85375327
vt 0.72611344 0.85775125
vt 0.69645488 0.86271310
vt 0.68856901 0.87045908
vt 0.67351854 0.88535488
vt 0.66007930 0.88685590
vt 0.66230023 0.89682859
vt 0.65373880 0.90343153
vt 0.68338144 0.83468097
vt 0.67573595 0.82241422
vt 0.66840029 0.84777671
vt 0.66285652 0.83514094
vt 0.64194590 0.85580862
vt 0.64624739 0.86385256
vt 0.64848024 0.83679819
vt 0.66157699 0.81660515
vt 0.64696842 0.87797540
vt 0.65376449 0.88407916
vt 0.63930541 0.88809747
vt 0.64651638 0.90392417
vt 0.64306933 0.87396300
vt 0.63177317 0.85563803
vt 0.63898015 0.83729899
vt 0.70407963 0.88210166
vt 0.62505335 0.84731364
vt 0.63480681 0.88381726
vt 0.62025708 0.85913199
vt 0.72813225 0.91061044
vt 0.72511387 0.81915861
vt 0.64040345 0.86798912
vt 0.72270638 0.80101573
vt 0.63319325 0.90505981
vt 0.62387621 0.88834459
vt 0.68357319 0.81231833
vt 0.68487418 0.80005026
vt 0.66623294 0.80676740
vt 0.68056506 0.79489893
vt 0.69596475 0.79600167
vt 0.69358391 0.78253353
vt 0.70928615 0.78419602
vt 0.70709330 0.77066839
vt 0.73295927 0.83646607
vt 0.75644422 0.85606968
vt 0.74945825 0.90451163
vt 0.76643461 0.88590491
vt 0.74755323 0.83276010
vt 0.73932779 0.81665307
vt 0.64831650 0.82441390
vt 0.72166884 0.77898318
vt 0.61292017 0.87221223
vt 0.61549878 0.88948292
vt 0.62509328 0.90889144
vt 0.71210927 0.76602262
vt 0.72141004 0.76235467
vt 0.64027458 0.91061044
vt 0.77089596 0.82007056
vt 0.78678668 0.85265481
vt 0.78531963 0.81123602
vt 0.80099946 0.82988471
vt 0.81225127 0.80899227
vt 0.80424017 0.78158313
vt 0.78329289 0.78386182
vt 0.76758975 0.80098158
vt 0.75148505 0.81029624
vt 0.75883883 0.82724887
vt 0.75838989 0.80722678
vt 0.82178497 0.78704983
vt 0.82017869 0.76741970
vt 0.82510507 0.77362227
f 1648/1648 1666/1666 1661/1661
f 1621/1621 1647/1647 1643/1643
f 1621/1621 1662/1662 1663/1663
f 1620/1620 1643/1643 1622/1622
f 1567/1567 1564/1564 1566/1566
f 1679/1679 1677/1677 1680/1680
f 1451/1451 1449/1449 1450/1450
f 1447/1447 1432/1432 1433/1433
f 1619/1619 1661/1661 1621/1621
f 1685/1685 1684/1684 1683/1683
f 1571/1571 1572/1572 1573/1573
f 1567/1567 1565/1565 1564/1564
f 1675/1675 1684/1684 1685/1685
f 1679/1679 1678/1678 1677/1677
f 1675/1675 1676/1676 1662/1662
f 1621/1621 1620/1620 1619/1619
f 1679/1679 1680/1680 1686/1686
f 1536/1536 1533/1533 1556/1556
f 1571/1571 1590/1590 1580/1580
f 1687/1687 1686/1686 1680/1680
f 1665/1665 1662/1662 1661/1661
f 1678/1678 1676/1676 1677/1677
f 1560/1560 1561/1561 1562/1562
f 1590/1590 1573/1573 1580/1580
f 1648/1648 1661/1661 1619/1619
f 1621/1621 1643/1643 1620/1620
f 1435/1435 1447/1447 1433/1433
f 1432/1432 1448/1448 1431/1431
f 1432/1432 1447/1447 1448/1448
f 1677/1677 1675/1675 1682/1682
f 1621/1621 1663/1663 1647/1647
f 1435/1435 1450/1450 1449/1449
f 1439/1439 1450/1450 1435/1435
f 1538/1538 1556/1556 1533/1533
f 1661/1661 1662/1662 1621/1621
f 1683/1683 1665/1665 1666/1666
f 976/976 987/987 986/986
f 1680/1680 1677/1677 1681/1681
f 1665/1665 1683/1683 1684/1684
f 1596/1596 1580/1580 1579/1579
f 1675/1675 1677/1677 1676/1676
f 1665/1665 1661/1661 1666/1666
f 1665/1665 1675/1675 1662/1662
f 1568/1568 1569/1569 1570/1570
f 1571/1571 1580/1580 1596/1596
f 1688/1688 1686/1686 1687/1687
f 1562/1562 1563/1563 1560/1560
f 1675/1675 1685/1685 1682/1682
f 1663/1663 1662/1662 1664/1664
f 1681/1681 1677/1677 1682/1682
f 1564/1564 1565/1565 1566/1566
f 1435/1435 1449/1449 1447/1447
f 506/506 492/492 497/497
f 494/494 496/496 495/495
f 498/498 500/500 501/501
f 509/509 490/490 495/495
f 499/499 498/498 490/490
f 494/494 495/495 490/490
f 497/497 488/488 504/504
f 492/492 488/488 497/497
f 494/494 503/503 507/507
f 488/488 492/492 489/489
f 490/490 491/491 494/494
f 509/509 499/499 490/490
f 498/498 488/488 490/490
f 501/501 504/504 488/488
f 491/491 490/490 489/489
f 489/489 492/492 493/493
f 494/494 508/508 496/496
f 489/489 502/502 491/491
f 492/492 505/505 493/493
f 491/491 503/503 494/494
f 488/488 489/489 490/490
f 507/507 508/508 494/494
f 498/498 501/501 488/488
f 498/498 499/499 500/500
f 489/489 493/493 502/502
f 1531/1531 1528/1528 1516/1516
f 1190/1190 1189/1189 1188/1188
f 1188/1188 1189/1189 1185/1185
f 1188/1188 1185/1185 1187/1187
f 1174/1174 1144/1144 1152/1152
f 1152/1152 1146/1146 1157/1157
f 1185/1185 1186/1186 1187/1187
f 1513/1513 1516/1516 1514/1514
f 1144/1144 1146/1146 1152/1152
f 1144/1144 1156/1156 1147/1147
f 1144/1144 1186/1186 1156/1156
f 1216/1216 1191/1191 1190/1190
f 1190/1190 1191/1191 1189/1189
f 1189/1189 1204/1204 1185/1185
f 1189/1189 1203/1203 1204/1204
f 1204/1204 1183/1183 1185/1185
f 1183/1183 1184/1184 1185/1185
f 1185/1185 1184/1184 1186/1186
f 1186/1186 1184/1184 1156/1156
f 1144/1144 1145/1145 1146/1146
f 1184/1184 1181/1181 1156/1156
f 1144/1144 1147/1147 1145/1145
f 1156/1156 1153/1153 1147/1147
f 1510/1510 1506/1506 1511/1511
f 1528/1528 1511/1511 1527/1527
f 1215/1215 1191/1191 1216/1216
f 1215/1215 1192/1192 1191/1191
f 1191/1191 1192/1192 1189/1189
f 1203/1203 1200/1200 1204/1204
f 1183/1183 1181/1181 1184/1184
f 1147/1147 1148/1148 1145/1145
f 1147/1147 1153/1153 1148/1148
f 1156/1156 1181/1181 1153/1153
f 1510/1510 1505/1505 1506/1506
f 595/595 562/562 596/596
f 893/893 888/888 882/882
f 596/596 562/562 593/593
f 1215/1215 1220/1220 1192/1192
f 1192/1192 1193/1193 1189/1189
f 1189/1189 1193/1193 1203/1203
f 1203/1203 1193/1193 1200/1200
f 1200/1200 1183/1183 1204/1204
f 1183/1183 1200/1200 1182/1182
f 1183/1183 1182/1182 1181/1181
f 1181/1181 1173/1173 1153/1153
f 1148/1148 1149/1149 1145/1145
f 1173/1173 1150/1150 1153/1153
f 585/585 562/562 595/595
f 953/953 927/927 962/962
f 882/882 874/874 887/887
f 1506/1506 1546/1546 1511/1511
f 562/562 561/561 593/593
f 593/593 561/561 603/603
f 1182/1182 1196/1196 1180/1180
f 1182/1182 1180/1180 1181/1181
f 1180/1180 1173/1173 1181/1181
f 953/953 920/920 927/927
f 585/585 563/563 562/562
f 941/941 932/932 947/947
f 1501/1501 1546/1546 1506/1506
f 1193/1193 1196/1196 1200/1200
f 1200/1200 1196/1196 1182/1182
f 1192/1192 1220/1220 1194/1194
f 1192/1192 1194/1194 1193/1193
f 1519/1519 1529/1529 1517/1517
f 1196/1196 1197/1197 1180/1180
f 888/888 894/894 889/889
f 1180/1180 1197/1197 1177/1177
f 1177/1177 1173/1173 1180/1180
f 1173/1173 1151/1151 1150/1150
f 1150/1150 1151/1151 1149/1149
f 1150/1150 1149/1149 1148/1148
f 1177/1177 1172/1172 1173/1173
f 1173/1173 1172/1172 1151/1151
f 1542/1542 1546/1546 1501/1501
f 562/562 563/563 560/560
f 1511/1511 1546/1546 1529/1529
f 562/562 560/560 561/561
f 561/561 568/568 603/603
f 1193/1193 1194/1194 1195/1195
f 1193/1193 1195/1195 1196/1196
f 1177/1177 1197/1197 1176/1176
f 1177/1177 1176/1176 1172/1172
f 1149/1149 1151/1151 1154/1154
f 563/563 579/579 560/560
f 874/874 882/882 873/873
f 560/560 559/559 561/561
f 888/888 881/881 882/882
f 561/561 559/559 568/568
f 568/568 588/588 603/603
f 1220/1220 1217/1217 1194/1194
f 1194/1194 1217/1217 1201/1201
f 1194/1194 1201/1201 1195/1195
f 1524/1524 1529/1529 1526/1526
f 1529/1529 1530/1530 1526/1526
f 1197/1197 1198/1198 1176/1176
f 896/896 889/889 894/894
f 1176/1176 1208/1208 1170/1170
f 1176/1176 1170/1170 1172/1172
f 1172/1172 1170/1170 1151/1151
f 1503/1503 1542/1542 1501/1501
f 1546/1546 1545/1545 1529/1529
f 1195/1195 1198/1198 1197/1197
f 1176/1176 1198/1198 1208/1208
f 1170/1170 1169/1169 1151/1151
f 1151/1151 1155/1155 1154/1154
f 1151/1151 1169/1169 1155/1155
f 1503/1503 1507/1507 1542/1542
f 559/559 555/555 588/588
f 568/568 559/559 588/588
f 1201/1201 1202/1202 1195/1195
f 1202/1202 1199/1199 1195/1195
f 1202/1202 1206/1206 1199/1199
f 1195/1195 1199/1199 1198/1198
f 1199/1199 1205/1205 1198/1198
f 1198/1198 1205/1205 1208/1208
f 1208/1208 1205/1205 1170/1170
f 1205/1205 1171/1171 1170/1170
f 1170/1170 1171/1171 1169/1169
f 1169/1169 1166/1166 1155/1155
f 579/579 580/580 560/560
f 560/560 554/554 559/559
f 555/555 574/574 588/588
f 1217/1217 1207/1207 1201/1201
f 1207/1207 1206/1206 1201/1201
f 1201/1201 1206/1206 1202/1202
f 1206/1206 1210/1210 1199/1199
f 876/876 881/881 889/889
f 1199/1199 1210/1210 1205/1205
f 1205/1205 1210/1210 1218/1218
f 1218/1218 1171/1171 1205/1205
f 1218/1218 1219/1219 1171/1171
f 1169/1169 1171/1171 1166/1166
f 1166/1166 1160/1160 1155/1155
f 1171/1171 1165/1165 1166/1166
f 1166/1166 1165/1165 1160/1160
f 1542/1542 1541/1541 1546/1546
f 1541/1541 1545/1545 1546/1546
f 560/560 580/580 566/566
f 560/560 566/566 554/554
f 559/559 554/554 555/555
f 1207/1207 1209/1209 1206/1206
f 1206/1206 1209/1209 1210/1210
f 896/896 857/857 876/876
f 1219/1219 1178/1178 1171/1171
f 1178/1178 1165/1165 1171/1171
f 1160/1160 1159/1159 1155/1155
f 1507/1507 1535/1535 1542/1542
f 1545/1545 1543/1543 1547/1547
f 554/554 553/553 555/555
f 1207/1207 1212/1212 1209/1209
f 1209/1209 1212/1212 1211/1211
f 1209/1209 1211/1211 1210/1210
f 1211/1211 1218/1218 1210/1210
f 1211/1211 1219/1219 1218/1218
f 1158/1158 1159/1159 1164/1164
f 1219/1219 1214/1214 1178/1178
f 1219/1219 1222/1222 1214/1214
f 1214/1214 1175/1175 1178/1178
f 1178/1178 1175/1175 1165/1165
f 1165/1165 1161/1161 1160/1160
f 1160/1160 1161/1161 1159/1159
f 1175/1175 1167/1167 1165/1165
f 1167/1167 1161/1161 1165/1165
f 1542/1542 1535/1535 1541/1541
f 555/555 553/553 574/574
f 1212/1212 1213/1213 1211/1211
f 1211/1211 1213/1213 1219/1219
f 1213/1213 1222/1222 1219/1219
f 1159/1159 1163/1163 1164/1164
f 1159/1159 1162/1162 1163/1163
f 1159/1159 1161/1161 1162/1162
f 1167/1167 1168/1168 1161/1161
f 1507/1507 1508/1508 1535/1535
f 574/574 553/553 549/549
f 574/574 549/549 586/586
f 601/601 583/583 592/592
f 1214/1214 1222/1222 1223/1223
f 1214/1214 1221/1221 1175/1175
f 1214/1214 1223/1223 1221/1221
f 1175/1175 1179/1179 1167/1167
f 815/815 806/806 814/814
f 1167/1167 1179/1179 1168/1168
f 609/609 608/608 566/566
f 554/554 543/543 553/553
f 553/553 543/543 549/549
f 549/549 550/550 586/586
f 586/586 550/550 600/600
f 600/600 550/550 601/601
f 844/844 845/845 857/857
f 1175/1175 1221/1221 1179/1179
f 328/328 329/329 351/351
f 355/355 356/356 340/340
f 340/340 356/356 370/370
f 355/355 357/357 356/356
f 1485/1485 1482/1482 1483/1483
f 357/357 371/371 356/356
f 356/356 371/371 370/370
f 1535/1535 1534/1534 1541/1541
f 554/554 566/566 543/543
f 601/601 550/550 583/583
f 583/583 594/594 582/582
f 583/583 582/582 592/592
f 592/592 591/591 605/605
f 806/806 808/808 814/814
f 808/808 813/813 814/814
f 816/816 807/807 806/806
f 806/806 807/807 808/808
f 341/341 347/347 353/353
f 312/312 323/323 341/341
f 341/341 323/323 347/347
f 300/300 323/323 312/312
f 285/285 299/299 300/300
f 178/178 203/203 142/142
f 299/299 301/301 300/300
f 300/300 301/301 323/323
f 323/323 328/328 347/347
f 203/203 148/148 142/142
f 299/299 302/302 301/301
f 323/323 301/301 328/328
f 299/299 303/303 302/302
f 299/299 233/233 303/303
f 203/203 206/206 148/148
f 301/301 329/329 328/328
f 329/329 342/342 374/374
f 329/329 374/374 351/351
f 206/206 176/176 151/151
f 206/206 151/151 148/148
f 301/301 324/324 329/329
f 329/329 324/324 342/342
f 303/303 286/286 302/302
f 302/302 297/297 301/301
f 301/301 297/297 324/324
f 302/302 286/286 297/297
f 342/342 348/348 374/374
f 333/333 348/348 342/342
f 324/324 333/333 342/342
f 297/297 333/333 324/324
f 297/297 298/298 333/333
f 298/298 335/335 333/333
f 333/333 335/335 348/348
f 338/338 355/355 340/340
f 340/340 370/370 375/375
f 375/375 370/370 389/389
f 358/358 355/355 338/338
f 358/358 359/359 357/357
f 370/370 372/372 389/389
f 359/359 361/361 357/357
f 1482/1482 1479/1479 1481/1481
f 1482/1482 1481/1481 1483/1483
f 1483/1483 1481/1481 1484/1484
f 370/370 371/371 372/372
f 1067/1067 1055/1055 1066/1066
f 608/608 607/607 566/566
f 543/543 542/542 549/549
f 542/542 551/551 550/550
f 549/549 542/542 550/550
f 583/583 552/552 594/594
f 592/592 582/582 591/591
f 814/814 813/813 820/820
f 1221/1221 1224/1224 1179/1179
f 1179/1179 1224/1224 1225/1225
f 313/313 341/341 343/343
f 341/341 377/377 343/343
f 284/284 283/283 285/285
f 285/285 283/283 236/236
f 284/284 285/285 313/313
f 341/341 353/353 377/377
f 285/285 312/312 313/313
f 313/313 312/312 341/341
f 285/285 300/300 312/312
f 285/285 236/236 233/233
f 170/170 178/178 142/142
f 285/285 233/233 299/299
f 233/233 234/234 303/303
f 234/234 286/286 303/303
f 151/151 176/176 134/134
f 234/234 242/242 286/286
f 234/234 235/235 242/242
f 242/242 287/287 286/286
f 286/286 287/287 297/297
f 204/204 175/175 176/176
f 176/176 175/175 134/134
f 287/287 298/298 297/297
f 270/270 291/291 287/287
f 291/291 320/320 298/298
f 287/287 291/291 298/298
f 298/298 320/320 335/335
f 348/348 354/354 386/386
f 335/335 320/320 354/354
f 335/335 354/354 348/348
f 291/291 292/292 320/320
f 320/320 336/336 354/354
f 292/292 336/336 320/320
f 315/315 338/338 340/340
f 315/315 340/340 326/326
f 326/326 340/340 375/375
f 360/360 359/359 358/358
f 372/372 391/391 389/389
f 1489/1489 1479/1479 1482/1482
f 1479/1479 1480/1480 1481/1481
f 1481/1481 1486/1486 1484/1484
f 1066/1066 1055/1055 1061/1061
f 870/870 865/865 869/869
f 1508/1508 1532/1532 1535/1535
f 1535/1535 1532/1532 1534/1534
f 1534/1534 1536/1536 1541/1541
f 1541/1541 1536/1536 1543/1543
f 543/543 541/541 542/542
f 550/550 551/551 552/552
f 550/550 552/552 583/583
f 1228/1228 1226/1226 1221/1221
f 808/808 811/811 813/813
f 839/839 810/810 807/807
f 807/807 809/809 808/808
f 317/317 343/343 344/344
f 344/344 343/343 381/381
f 282/282 313/313 317/317
f 317/317 313/313 343/343
f 282/282 281/281 283/283
f 343/343 377/377 381/381
f 165/165 170/170 144/144
f 282/282 283/283 284/284
f 282/282 284/284 313/313
f 144/144 142/142 111/111
f 236/236 208/208 210/210
f 236/236 210/210 233/233
f 233/233 210/210 212/212
f 233/233 212/212 234/234
f 234/234 212/212 235/235
f 235/235 239/239 242/242
f 235/235 220/220 239/239
f 239/239 287/287 242/242
f 134/134 175/175 149/149
f 239/239 270/270 287/287
f 175/175 150/150 149/149
f 239/239 257/257 270/270
f 239/239 238/238 257/257
f 270/270 292/292 291/291
f 257/257 267/267 270/270
f 270/270 267/267 292/292
f 354/354 336/336 382/382
f 292/292 332/332 336/336
f 336/336 379/379 382/382
f 267/267 307/307 292/292
f 292/292 307/307 332/332
f 311/311 326/326 322/322
f 311/311 315/315 326/326
f 326/326 375/375 368/368
f 1139/1139 1127/1127 1137/1137
f 1137/1137 1127/1127 1119/1119
f 1137/1137 1119/1119 1138/1138
f 1478/1478 1479/1479 1489/1489
f 1056/1056 1054/1054 1055/1055
f 1055/1055 1054/1054 1045/1045
f 1509/1509 1540/1540 1508/1508
f 567/567 541/541 543/543
f 566/566 567/567 543/543
f 542/542 538/538 551/551
f 552/552 582/582 594/594
f 813/813 817/817 820/820
f 1226/1226 1224/1224 1221/1221
f 811/811 817/817 813/813
f 810/810 809/809 807/807
f 809/809 811/811 808/808
f 278/278 280/280 277/277
f 277/277 280/280 318/318
f 318/318 344/344 352/352
f 352/352 344/344 385/385
f 280/280 317/317 318/318
f 318/318 317/317 344/344
f 344/344 381/381 385/385
f 278/278 281/281 280/280
f 278/278 240/240 281/281
f 280/280 282/282 317/317
f 281/281 282/282 280/280
f 166/166 165/165 123/123
f 165/165 144/144 123/123
f 240/240 283/283 281/281
f 144/144 110/110 123/123
f 224/224 208/208 240/240
f 240/240 236/236 283/283
f 240/240 208/208 236/236
f 212/212 220/220 235/235
f 220/220 238/238 239/239
f 220/220 223/223 238/238
f 238/238 223/223 241/241
f 149/149 150/150 114/114
f 238/238 263/263 257/257
f 238/238 241/241 263/263
f 150/150 177/177 138/138
f 263/263 267/267 257/257
f 263/263 268/268 267/267
f 332/332 345/345 379/379
f 267/267 268/268 307/307
f 268/268 306/306 307/307
f 307/307 306/306 332/332
f 332/332 306/306 345/345
f 308/308 311/311 322/322
f 326/326 368/368 350/350
f 322/322 326/326 350/350
f 164/164 207/207 193/193
f 360/360 364/364 362/362
f 1117/1117 1120/1120 1119/1119
f 362/362 359/359 360/360
f 1139/1139 1132/1132 1127/1127
f 207/207 199/199 193/193
f 362/362 363/363 359/359
f 1479/1479 1477/1477 1480/1480
f 1054/1054 1050/1050 1045/1045
f 1055/1055 1045/1045 1061/1061
f 1061/1061 1045/1045 1058/1058
f 1508/1508 1540/1540 1532/1532
f 1532/1532 1533/1533 1534/1534
f 1534/1534 1533/1533 1536/1536
f 607/607 567/567 566/566
f 542/542 541/541 538/538
f 538/538 536/536 551/551
f 551/551 536/536 552/552
f 552/552 536/536 535/535
f 552/552 535/535 582/582
f 582/582 535/535 591/591
f 817/817 822/822 820/820
f 1226/1226 1227/1227 1224/1224
f 327/327 304/304 321/321
f 304/304 275/275 321/321
f 321/321 275/275 331/331
f 275/275 330/330 331/331
f 325/325 279/279 319/319
f 325/325 266/266 279/279
f 319/319 352/352 373/373
f 279/279 276/276 277/277
f 279/279 277/277 319/319
f 277/277 318/318 319/319
f 319/319 318/318 352/352
f 197/197 136/136 174/174
f 276/276 227/227 262/262
f 276/276 262/262 277/277
f 197/197 166/166 136/136
f 262/262 227/227 225/225
f 262/262 278/278 277/277
f 262/262 225/225 278/278
f 166/166 123/123 136/136
f 225/225 240/240 278/278
f 240/240 225/225 224/224
f 224/224 225/225 221/221
f 224/224 221/221 208/208
f 215/215 209/209 208/208
f 208/208 209/209 210/210
f 212/212 219/219 220/220
f 220/220 222/222 223/223
f 264/264 263/263 241/241
f 264/264 241/241 265/265
f 264/264 268/268 263/263
f 345/345 392/392 379/379
f 264/264 269/269 268/268
f 265/265 269/269 264/264
f 345/345 390/390 392/392
f 269/269 272/272 268/268
f 272/272 310/310 306/306
f 268/268 272/272 306/306
f 306/306 310/310 346/346
f 306/306 346/346 345/345
f 345/345 346/346 390/390
f 309/309 308/308 349/349
f 294/294 308/308 289/289
f 289/289 308/308 309/309
f 308/308 350/350 349/349
f 308/308 322/322 350/350
f 294/294 311/311 308/308
f 201/201 143/143 200/200
f 294/294 314/314 315/315
f 294/294 315/315 311/311
f 201/201 164/164 143/143
f 314/314 337/337 338/338
f 1015/1015 1023/1023 1024/1024
f 1132/1132 1126/1126 1127/1127
f 1141/1141 1132/1132 1139/1139
f 746/746 740/740 747/747
f 199/199 194/194 193/193
f 1478/1478 1477/1477 1479/1479
f 541/541 540/540 538/538
f 591/591 535/535 602/602
f 809/809 812/812 811/811
f 327/327 334/334 254/254
f 327/327 254/254 304/304
f 809/809 908/908 906/906
f 254/254 249/249 304/304
f 304/304 249/249 275/275
f 254/254 250/250 249/249
f 906/906 908/908 907/907
f 249/249 259/259 275/275
f 275/275 259/259 274/274
f 275/275 274/274 330/330
f 330/330 383/383 384/384
f 274/274 271/271 330/330
f 330/330 271/271 339/339
f 330/330 339/339 383/383
f 274/274 259/259 271/271
f 271/271 273/273 339/339
f 339/339 325/325 383/383
f 339/339 273/273 325/325
f 325/325 380/380 383/383
f 259/259 258/258 271/271
f 271/271 258/258 273/273
f 258/258 266/266 273/273
f 273/273 266/266 325/325
f 258/258 237/237 266/266
f 172/172 174/174 146/146
f 237/237 276/276 266/266
f 266/266 276/276 279/279
f 174/174 147/147 146/146
f 237/237 227/227 276/276
f 237/237 231/231 227/227
f 227/227 226/226 225/225
f 225/225 226/226 221/221
f 123/123 110/110 27/27
f 221/221 215/215 208/208
f 106/106 20/20 25/25
f 210/210 209/209 211/211
f 211/211 212/212 210/210
f 211/211 218/218 212/212
f 218/218 219/219 212/212
f 220/220 219/219 222/222
f 418/418 402/402 404/404
f 418/418 404/404 422/422
f 114/114 138/138 100/100
f 422/422 404/404 421/421
f 265/265 305/305 269/269
f 269/269 305/305 288/288
f 269/269 288/288 272/272
f 196/196 173/173 205/205
f 272/272 289/289 310/310
f 310/310 309/309 346/346
f 309/309 349/349 346/346
f 349/349 387/387 346/346
f 289/289 309/309 310/310
f 349/349 388/388 387/387
f 293/293 294/294 289/289
f 349/349 350/350 388/388
f 295/295 294/294 293/293
f 200/200 143/143 139/139
f 316/316 314/314 295/295
f 316/316 337/337 314/314
f 1141/1141 1135/1135 1132/1132
f 365/365 363/363 362/362
f 1050/1050 1044/1044 1045/1045
f 1045/1045 1044/1044 1043/1043
f 1045/1045 1043/1043 1058/1058
f 567/567 575/575 541/541
f 540/540 539/539 538/538
f 539/539 537/537 538/538
f 812/812 818/818 811/811
f 811/811 818/818 817/817
f 334/334 253/253 254/254
f 250/250 246/246 249/249
f 248/248 259/259 249/249
f 249/249 246/246 248/248
f 246/246 244/244 248/248
f 248/248 244/244 259/259
f 244/244 258/258 259/259
f 168/168 145/145 152/152
f 168/168 172/172 145/145
f 244/244 243/243 258/258
f 243/243 237/237 258/258
f 243/243 232/232 237/237
f 146/146 147/147 107/107
f 237/237 232/232 231/231
f 227/227 231/231 226/226
f 215/215 214/214 209/209
f 214/214 213/213 209/209
f 209/209 213/213 211/211
f 404/404 406/406 421/421
f 421/421 406/406 419/419
f 419/419 417/417 447/447
f 155/155 173/173 141/141
f 288/288 289/289 272/272
f 288/288 290/290 289/289
f 195/195 140/140 196/196
f 196/196 140/140 173/173
f 290/290 293/293 289/289
f 290/290 296/296 293/293
f 296/296 295/295 293/293
f 748/748 745/745 739/739
f 1132/1132 1134/1134 1131/1131
f 366/366 362/362 364/364
f 739/739 731/731 737/737
f 739/739 737/737 740/740
f 362/362 366/366 367/367
f 193/193 194/194 191/191
f 362/362 367/367 365/365
f 1540/1540 1539/1539 1532/1532
f 575/575 581/581 541/541
f 538/538 537/537 536/536
f 528/528 602/602 535/535
f 817/817 821/821 822/822
f 253/253 250/250 254/254
f 253/253 247/247 250/250
f 250/250 247/247 246/246
f 153/153 152/152 115/115
f 246/246 245/245 244/244
f 245/245 232/232 244/244
f 244/244 232/232 243/243
f 145/145 146/146 108/108
f 229/229 226/226 231/231
f 221/221 217/217 215/215
f 400/400 398/398 399/399
f 399/399 401/401 400/400
f 400/400 401/401 402/402
f 401/401 403/403 402/402
f 402/402 403/403 404/404
f 404/404 403/403 406/406
f 419/419 406/406 417/417
f 447/447 417/417 446/446
f 1129/1129 1130/1130 1125/1125
f 1129/1129 1125/1125 1112/1112
f 739/739 738/738 731/731
f 1025/1025 1011/1011 1015/1015
f 785/785 783/783 775/775
f 1476/1476 1477/1477 1478/1478
f 1050/1050 1051/1051 1044/1044
f 1044/1044 1042/1042 1043/1043
f 1509/1509 1544/1544 1540/1540
f 1540/1540 1544/1544 1539/1539
f 1532/1532 1539/1539 1537/1537
f 1532/1532 1537/1537 1533/1533
f 536/536 526/526 535/535
f 602/602 613/613 623/623
f 818/818 819/819 817/817
f 819/819 821/821 817/817
f 823/823 819/819 818/818
f 334/334 260/260 253/253
f 246/246 247/247 245/245
f 232/232 229/229 231/231
f 226/226 217/217 221/221
f 396/396 399/399 398/398
f 99/99 100/100 29/29
f 403/403 407/407 406/406
f 406/406 409/409 417/417
f 417/417 415/415 446/446
f 415/415 445/445 446/446
f 445/445 415/415 420/420
f 420/420 448/448 445/445
f 741/741 732/732 738/738
f 448/448 420/420 477/477
f 420/420 474/474 477/477
f 772/772 783/783 785/785
f 737/737 734/734 743/743
f 367/367 369/369 365/365
f 1487/1487 1468/1468 1476/1476
f 194/194 192/192 191/191
f 540/540 510/510 539/539
f 539/539 510/510 537/537
f 537/537 526/526 536/536
f 526/526 528/528 535/535
f 528/528 613/613 602/602
f 260/260 252/252 253/253
f 253/253 252/252 247/247
f 247/247 230/230 245/245
f 230/230 232/232 245/245
f 230/230 229/229 232/232
f 229/229 228/228 226/226
f 49/49 27/27 24/24
f 228/228 217/217 226/226
f 442/442 441/441 439/439
f 216/216 215/215 217/217
f 215/215 216/216 214/214
f 427/427 395/395 397/397
f 395/395 396/396 397/397
f 21/21 5/5 19/19
f 397/397 396/396 398/398
f 407/407 408/408 406/406
f 406/406 408/408 409/409
f 409/409 412/412 417/417
f 417/417 412/412 415/415
f 742/742 726/726 732/732
f 732/732 725/725 738/738
f 770/770 754/754 764/764
f 731/731 723/723 727/727
f 731/731 727/727 734/734
f 731/731 734/734 737/737
f 366/366 369/369 367/367
f 1544/1544 1548/1548 1539/1539
f 1533/1533 1537/1537 1538/1538
f 581/581 510/510 540/540
f 510/510 513/513 537/537
f 537/537 513/513 526/526
f 513/513 524/524 526/526
f 526/526 524/524 528/528
f 524/524 527/527 528/528
f 252/252 251/251 247/247
f 247/247 251/251 230/230
f 439/439 438/438 437/437
f 97/97 105/105 98/98
f 141/141 104/104 105/105
f 412/412 413/413 415/415
f 726/726 720/720 732/732
f 732/732 720/720 724/724
f 732/732 724/724 725/725
f 1011/1011 1007/1007 1009/1009
f 772/772 769/769 783/783
f 1468/1468 1475/1475 1476/1476
f 1051/1051 1052/1052 1044/1044
f 1044/1044 1052/1052 1042/1042
f 192/192 186/186 191/191
f 1539/1539 1548/1548 1537/1537
f 527/527 598/598 528/528
f 528/528 598/598 613/613
f 819/819 824/824 821/821
f 260/260 261/261 252/252
f 252/252 256/256 251/251
f 230/230 228/228 229/229
f 439/439 441/441 440/440
f 427/427 434/434 395/395
f 399/399 425/425 401/401
f 403/403 401/401 405/405
f 403/403 405/405 407/407
f 407/407 424/424 408/408
f 31/31 29/29 97/97
f 408/408 410/410 409/409
f 415/415 413/413 416/416
f 415/415 416/416 420/420
f 724/724 722/722 725/725
f 420/420 416/416 423/423
f 725/725 722/722 723/723
f 376/376 378/378 369/369
f 1042/1042 1039/1039 1043/1043
f 1537/1537 1549/1549 1538/1538
f 581/581 584/584 510/510
f 510/510 584/584 511/511
f 510/510 511/511 512/512
f 513/513 511/511 514/514
f 513/513 514/514 524/524
f 821/821 825/825 826/826
f 824/824 825/825 821/821
f 261/261 256/256 252/252
f 251/251 255/255 230/230
f 444/444 443/443 442/442
f 442/442 443/443 441/441
f 441/441 443/443 440/440
f 439/439 440/440 438/438
f 438/438 436/436 437/437
f 436/436 435/435 427/427
f 437/437 436/436 427/427
f 427/427 435/435 434/434
f 434/434 449/449 395/395
f 395/395 449/449 433/433
f 395/395 433/433 396/396
f 396/396 433/433 432/432
f 396/396 432/432 426/426
f 396/396 426/426 399/399
f 399/399 426/426 425/425
f 408/408 424/424 410/410
f 410/410 411/411 409/409
f 409/409 411/411 412/412
f 720/720 717/717 724/724
f 724/724 717/717 722/722
f 420/420 423/423 474/474
f 723/723 714/714 727/727
f 727/727 733/733 734/734
f 787/787 771/771 772/772
f 733/733 736/736 734/734
f 1493/1493 1469/1469 1487/1487
f 1487/1487 1469/1469 1468/1468
f 1468/1468 1474/1474 1475/1475
f 1052/1052 1053/1053 1042/1042
f 1043/1043 1039/1039 1057/1057
f 1043/1043 1057/1057 1068/1068
f 1548/1548 1549/1549 1537/1537
f 511/511 515/515 514/514
f 514/514 515/515 516/516
f 514/514 516/516 524/524
f 516/516 523/523 524/524
f 524/524 523/523 527/527
f 598/598 611/611 613/613
f 256/256 255/255 251/251
f 455/455 453/453 454/454
f 454/454 453/453 451/451
f 451/451 453/453 452/452
f 452/452 450/450 451/451
f 451/451 450/450 442/442
f 442/442 450/450 444/444
f 443/443 457/457 440/440
f 425/425 405/405 401/401
f 407/407 405/405 424/424
f 721/721 719/719 720/720
f 411/411 413/413 412/412
f 411/411 414/414 413/413
f 717/717 711/711 722/722
f 722/722 711/711 723/723
f 723/723 711/711 714/714
f 714/714 729/729 727/727
f 729/729 733/733 727/727
f 1544/1544 1550/1550 1548/1548
f 1548/1548 1550/1550 1549/1549
f 577/577 517/517 584/584
f 584/584 517/517 511/511
f 517/517 515/515 511/511
f 440/440 436/436 438/438
f 435/435 449/449 434/434
f 719/719 716/716 717/717
f 413/413 414/414 416/416
f 717/717 716/716 711/711
f 423/423 473/473 474/474
f 1012/1012 1007/1007 1011/1011
f 1493/1493 1492/1492 1469/1469
f 1053/1053 1041/1041 1042/1042
f 1042/1042 1041/1041 1039/1039
f 517/517 518/518 515/515
f 619/619 617/617 618/618
f 1249/1249 1234/1234 1247/1247
f 1247/1247 1232/1232 1248/1248
f 450/450 466/466 444/444
f 444/444 466/466 443/443
f 426/426 464/464 425/425
f 425/425 458/458 405/405
f 423/423 431/431 473/473
f 1007/1007 1000/1000 1005/1005
f 787/787 786/786 771/771
f 733/733 729/729 736/736
f 856/856 860/860 864/864
f 1658/1658 1660/1660 1659/1659
f 576/576 520/520 577/577
f 520/520 517/517 577/577
f 520/520 518/518 517/517
f 516/516 515/515 522/522
f 516/516 522/522 523/523
f 527/527 587/587 598/598
f 825/825 828/828 830/830
f 598/598 587/587 611/611
f 827/827 828/828 825/825
f 824/824 827/827 825/825
f 611/611 616/616 617/617
f 617/617 616/616 618/618
f 1250/1250 1238/1238 1235/1235
f 1250/1250 1235/1235 1249/1249
f 1249/1249 1235/1235 1234/1234
f 1234/1234 1231/1231 1247/1247
f 1247/1247 1231/1231 1232/1232
f 1248/1248 1232/1232 1240/1240
f 466/466 459/459 443/443
f 443/443 459/459 457/457
f 457/457 459/459 440/440
f 440/440 461/461 436/436
f 436/436 460/460 435/435
f 449/449 460/460 433/433
f 433/433 460/460 462/462
f 432/432 462/462 463/463
f 432/432 463/463 426/426
f 463/463 464/464 426/426
f 424/424 405/405 456/456
f 424/424 430/430 410/410
f 410/410 430/430 411/411
f 429/429 414/414 411/411
f 719/719 718/718 716/716
f 751/751 750/750 753/753
f 416/416 431/431 423/423
f 711/711 713/713 714/714
f 729/729 735/735 736/736
f 1468/1468 1467/1467 1474/1474
f 1039/1039 1040/1040 1057/1057
f 1615/1615 1612/1612 1613/1613
f 1614/1614 1616/1616 1613/1613
f 1614/1614 1657/1657 1616/1616
f 1616/1616 1615/1615 1613/1613
f 576/576 525/525 520/520
f 515/515 519/519 522/522
f 523/523 522/522 527/527
f 611/611 587/587 615/615
f 611/611 615/615 616/616
f 1238/1238 1237/1237 1235/1235
f 1235/1235 1233/1233 1234/1234
f 1234/1234 1233/1233 1231/1231
f 1232/1232 1239/1239 1240/1240
f 459/459 461/461 440/440
f 436/436 461/461 460/460
f 435/435 460/460 449/449
f 464/464 465/465 425/425
f 425/425 465/465 458/458
f 405/405 458/458 456/456
f 456/456 430/430 424/424
f 430/430 429/429 411/411
f 429/429 428/428 414/414
f 718/718 715/715 716/716
f 414/414 428/428 416/416
f 716/716 715/715 711/711
f 711/711 715/715 712/712
f 416/416 428/428 431/431
f 711/711 712/712 713/713
f 713/713 730/730 729/729
f 714/714 713/713 729/729
f 730/730 735/735 729/729
f 1492/1492 1463/1463 1469/1469
f 786/786 773/773 771/771
f 1463/1463 1467/1467 1468/1468
f 1469/1469 1463/1463 1468/1468
f 735/735 744/744 736/736
f 1551/1551 1552/1552 1550/1550
f 1550/1550 1552/1552 1549/1549
f 1552/1552 1553/1553 1549/1549
f 518/518 519/519 515/515
f 522/522 548/548 527/527
f 527/527 548/548 587/587
f 615/615 620/620 616/616
f 1236/1236 1233/1233 1235/1235
f 1233/1233 1229/1229 1231/1231
f 1229/1229 1230/1230 1231/1231
f 1232/1232 1230/1230 1239/1239
f 1245/1245 1240/1240 1242/1242
f 1245/1245 1242/1242 1246/1246
f 1242/1242 1251/1251 1246/1246
f 1246/1246 1251/1251 1252/1252
f 1254/1254 1256/1256 1258/1258
f 718/718 728/728 715/715
f 1041/1041 1036/1036 1039/1039
f 1551/1551 1555/1555 1552/1552
f 1610/1610 1613/1613 1612/1612
f 1653/1653 1654/1654 1614/1614
f 578/578 525/525 576/576
f 1656/1656 1658/1658 1657/1657
f 518/518 520/520 519/519
f 519/519 547/547 522/522
f 522/522 547/547 565/565
f 522/522 565/565 548/548
f 587/587 622/622 615/615
f 827/827 829/829 828/828
f 615/615 622/622 620/620
f 1271/1271 1268/1268 1274/1274
f 1268/1268 1263/1263 1237/1237
f 1263/1263 1261/1261 1233/1233
f 1261/1261 1318/1318 1260/1260
f 1239/1239 1264/1264 1265/1265
f 1240/1240 1241/1241 1242/1242
f 1251/1251 1253/1253 1252/1252
f 1252/1252 1253/1253 1254/1254
f 1254/1254 1253/1253 1256/1256
f 1258/1258 1256/1256 1262/1262
f 465/465 467/467 458/458
f 458/458 467/467 456/456
f 430/430 469/469 429/429
f 429/429 468/468 428/428
f 1110/1110 1105/1105 1104/1104
f 1104/1104 1103/1103 1110/1110
f 428/428 472/472 431/431
f 1110/1110 1103/1103 1106/1106
f 1628/1628 1614/1614 1610/1610
f 530/530 525/525 578/578
f 525/525 521/521 520/520
f 852/852 886/886 860/860
f 520/520 521/521 519/519
f 545/545 547/547 519/519
f 587/587 548/548 599/599
f 828/828 832/832 830/830
f 587/587 599/599 622/622
f 829/829 831/831 828/828
f 829/829 833/833 831/831
f 1269/1269 1324/1324 1321/1321
f 1264/1264 1312/1312 1266/1266
f 1242/1242 1243/1243 1244/1244
f 1244/1244 1243/1243 1267/1267
f 1244/1244 1255/1255 1251/1251
f 1251/1251 1255/1255 1253/1253
f 1253/1253 1257/1257 1256/1256
f 1262/1262 1256/1256 1259/1259
f 465/465 478/478 467/467
f 467/467 471/471 456/456
f 471/471 470/470 456/456
f 456/456 470/470 430/430
f 430/430 470/470 469/469
f 429/429 469/469 468/468
f 468/468 472/472 428/428
f 1103/1103 1102/1102 1106/1106
f 431/431 472/472 473/473
f 472/472 476/476 473/473
f 1106/1106 1100/1100 1109/1109
f 1109/1109 1100/1100 1107/1107
f 1492/1492 1457/1457 1463/1463
f 786/786 780/780 773/773
f 1108/1108 1101/1101 1111/1111
f 1036/1036 1038/1038 1039/1039
f 1039/1039 1038/1038 1040/1040
f 1629/1629 1653/1653 1614/1614
f 1629/1629 1614/1614 1628/1628
f 1656/1656 1654/1654 1653/1653
f 530/530 531/531 529/529
f 530/530 529/529 525/525
f 525/525 529/529 521/521
f 521/521 544/544 545/545
f 565/565 589/589 548/548
f 1275/1275 1276/1276 1270/1270
f 1244/1244 1267/1267 1272/1272
f 1244/1244 1272/1272 1255/1255
f 1253/1253 1255/1255 1257/1257
f 1255/1255 1292/1292 1257/1257
f 1257/1257 1259/1259 1256/1256
f 475/475 479/479 465/465
f 465/465 479/479 478/478
f 467/467 480/480 471/471
f 760/760 781/781 782/782
f 1093/1093 1104/1104 1105/1105
f 1102/1102 1100/1100 1106/1106
f 1100/1100 1099/1099 1107/1107
f 1107/1107 1099/1099 1108/1108
f 786/786 788/788 780/780
f 1463/1463 1460/1460 1467/1467
f 1460/1460 1473/1473 1467/1467
f 1552/1552 1554/1554 1553/1553
f 1611/1611 1612/1612 1622/1622
f 1656/1656 1653/1653 1655/1655
f 1655/1655 1653/1653 1629/1629
f 529/529 544/544 521/521
f 544/544 546/546 545/545
f 547/547 546/546 565/565
f 589/589 599/599 548/548
f 707/707 687/687 708/708
f 687/687 704/704 708/708
f 833/833 835/835 831/831
f 1270/1270 1276/1276 1329/1329
f 1255/1255 1273/1273 1293/1293
f 1293/1293 1300/1300 1292/1292
f 1257/1257 1292/1292 1290/1290
f 1287/1287 1285/1285 1286/1286
f 467/467 478/478 480/480
f 1286/1286 1285/1285 1282/1282
f 1277/1277 1278/1278 1279/1279
f 782/782 781/781 795/795
f 469/469 481/481 468/468
f 1093/1093 1092/1092 1104/1104
f 1104/1104 1092/1092 1103/1103
f 1092/1092 1097/1097 1103/1103
f 1103/1103 1097/1097 1102/1102
f 1097/1097 1100/1100 1102/1102
f 1099/1099 1101/1101 1108/1108
f 1457/1457 1454/1454 1463/1463
f 1046/1046 1036/1036 1041/1041
f 1552/1552 1555/1555 1554/1554
f 1635/1635 1655/1655 1629/1629
f 544/544 572/572 546/546
f 590/590 589/589 565/565
f 831/831 834/834 832/832
f 833/833 836/836 835/835
f 1285/1285 1288/1288 1278/1278
f 1282/1282 1285/1285 1278/1278
f 1278/1278 1281/1281 1280/1280
f 795/795 803/803 804/804
f 1079/1079 1074/1074 1078/1078
f 1078/1078 1087/1087 1093/1093
f 1093/1093 1087/1087 1092/1092
f 1280/1280 1283/1283 1284/1284
f 795/795 800/800 803/803
f 795/795 792/792 800/800
f 1092/1092 1091/1091 1097/1097
f 789/789 790/790 776/776
f 1097/1097 1095/1095 1100/1100
f 1010/1010 1014/1014 998/998
f 1457/1457 1452/1452 1454/1454
f 1463/1463 1454/1454 1460/1460
f 1631/1631 1629/1629 1630/1630
f 1631/1631 1635/1635 1629/1629
f 530/530 532/532 531/531
f 532/532 529/529 531/531
f 532/532 570/570 529/529
f 529/529 569/569 544/544
f 544/544 569/569 572/572
f 704/704 687/687 700/700
f 1294/1294 1303/1303 1299/1299
f 1074/1074 1072/1072 1078/1078
f 1072/1072 1080/1080 1078/1078
f 1078/1078 1080/1080 1087/1087
f 1073/1073 1072/1072 1074/1074
f 1080/1080 1081/1081 1087/1087
f 792/792 799/799 800/800
f 1081/1081 1092/1092 1087/1087
f 481/481 482/482 468/468
f 1081/1081 1091/1091 1092/1092
f 482/482 483/483 468/468
f 468/468 483/483 472/472
f 472/472 483/483 476/476
f 1014/1014 1004/1004 998/998
f 1095/1095 1096/1096 1100/1100
f 779/779 791/791 789/789
f 1096/1096 1099/1099 1100/1100
f 784/784 791/791 779/779
f 788/788 793/793 780/780
f 780/780 793/793 784/784
f 1460/1460 1472/1472 1473/1473
f 1046/1046 1034/1034 1036/1036
f 992/992 993/993 994/994
f 1667/1667 1635/1635 1642/1642
f 1642/1642 1635/1635 1634/1634
f 1635/1635 1631/1631 1634/1634
f 1609/1609 1611/1611 1617/1617
f 533/533 532/532 530/530
f 529/529 570/570 569/569
f 572/572 569/569 590/590
f 590/590 597/597 589/589
f 597/597 614/614 589/589
f 589/589 614/614 599/599
f 707/707 665/665 687/687
f 835/835 837/837 831/831
f 831/831 837/837 834/834
f 836/836 838/838 835/835
f 1281/1281 1291/1291 1283/1283
f 1283/1283 1291/1291 1379/1379
f 1072/1072 1081/1081 1080/1080
f 800/800 799/799 801/801
f 1073/1073 1070/1070 1072/1072
f 1091/1091 1090/1090 1097/1097
f 1090/1090 1095/1095 1097/1097
f 483/483 484/484 476/476
f 1021/1021 1029/1029 1030/1030
f 1096/1096 1094/1094 1099/1099
f 1094/1094 1101/1101 1099/1099
f 1034/1034 1035/1035 1036/1036
f 1035/1035 1064/1064 1038/1038
f 1036/1036 1035/1035 1038/1038
f 1632/1632 1630/1630 1633/1633
f 993/993 990/990 995/995
f 1634/1634 1631/1631 1632/1632
f 1632/1632 1631/1631 1630/1630
f 1630/1630 1609/1609 1618/1618
f 1618/1618 1609/1609 1617/1617
f 990/990 987/987 995/995
f 533/533 534/534 532/532
f 532/532 534/534 570/570
f 569/569 604/604 590/590
f 610/610 597/597 590/590
f 837/837 855/855 834/834
f 665/665 651/651 687/687
f 687/687 651/651 700/700
f 651/651 672/672 700/700
f 838/838 840/840 835/835
f 835/835 840/840 837/837
f 1281/1281 1297/1297 1291/1291
f 1070/1070 1071/1071 1072/1072
f 1072/1072 1071/1071 1083/1083
f 1072/1072 1083/1083 1081/1081
f 482/482 486/486 483/483
f 1081/1081 1083/1083 1091/1091
f 1083/1083 1082/1082 1091/1091
f 1082/1082 1090/1090 1091/1091
f 799/799 798/798 801/801
f 1089/1089 1096/1096 1095/1095
f 784/784 794/794 791/791
f 793/793 794/794 784/784
f 993/993 992/992 990/990
f 1642/1642 1634/1634 1641/1641
f 612/612 557/557 533/533
f 533/533 556/556 534/534
f 570/570 571/571 569/569
f 1070/1070 1075/1075 1071/1071
f 1071/1071 1082/1082 1083/1083
f 801/801 798/798 805/805
f 1082/1082 1089/1089 1090/1090
f 1089/1089 1095/1095 1090/1090
f 1089/1089 1094/1094 1096/1096
f 1452/1452 1453/1453 1454/1454
f 1472/1472 1470/1470 1490/1490
f 1094/1094 1098/1098 1101/1101
f 1047/1047 1034/1034 1046/1046
f 994/994 991/991 992/992
f 1637/1637 1636/1636 1617/1617
f 557/557 556/556 533/533
f 987/987 990/990 984/984
f 984/984 986/986 987/987
f 556/556 573/573 534/534
f 573/573 571/571 534/534
f 534/534 571/571 570/570
f 571/571 604/604 569/569
f 688/688 669/669 668/668
f 693/693 647/647 694/694
f 486/486 487/487 483/483
f 1076/1076 1082/1082 1071/1071
f 1075/1075 1076/1076 1071/1071
f 798/798 797/797 805/805
f 798/798 791/791 797/797
f 791/791 796/796 797/797
f 794/794 796/796 791/791
f 1454/1454 1456/1456 1460/1460
f 1460/1460 1456/1456 1461/1461
f 1644/1644 1642/1642 1641/1641
f 1641/1641 1632/1632 1607/1607
f 1607/1607 1632/1632 1649/1649
f 1640/1640 1618/1618 1636/1636
f 1636/1636 1618/1618 1617/1617
f 691/691 690/690 669/669
f 669/669 635/635 636/636
f 1028/1028 1019/1019 1014/1014
f 1077/1077 1076/1076 1075/1075
f 1082/1082 1084/1084 1089/1089
f 1089/1089 1088/1088 1094/1094
f 1453/1453 1455/1455 1454/1454
f 1490/1490 1470/1470 1491/1491
f 1454/1454 1455/1455 1456/1456
f 1460/1460 1461/1461 1472/1472
f 1472/1472 1461/1461 1470/1470
f 1094/1094 1088/1088 1098/1098
f 1047/1047 1032/1032 1034/1034
f 1032/1032 1033/1033 1034/1034
f 1033/1033 1063/1063 1035/1035
f 1034/1034 1033/1033 1035/1035
f 1637/1637 1625/1625 1627/1627
f 992/992 985/985 990/990
f 1625/1625 1626/1626 1627/1627
f 984/984 976/976 986/986
f 556/556 564/564 573/573
f 701/701 650/650 692/692
f 692/692 655/655 691/691
f 690/690 633/633 635/635
f 1076/1076 1084/1084 1082/1082
f 1077/1077 1085/1085 1076/1076
f 796/796 802/802 797/797
f 1084/1084 1088/1088 1089/1089
f 1470/1470 1471/1471 1491/1491
f 1048/1048 1032/1032 1047/1047
f 1608/1608 1638/1638 1645/1645
f 991/991 980/980 985/985
f 1608/1608 1640/1640 1638/1638
f 1638/1638 1627/1627 1639/1639
f 985/985 984/984 990/990
f 557/557 558/558 556/556
f 702/702 648/648 701/701
f 701/701 648/648 650/650
f 1069/1069 1065/1065 1062/1062
f 1461/1461 1456/1456 1459/1459
f 1461/1461 1459/1459 1470/1470
f 1470/1470 1459/1459 1471/1471
f 558/558 564/564 556/556
f 974/974 976/976 984/984
f 626/626 660/660 663/663
f 1085/1085 1086/1086 1084/1084
f 1076/1076 1085/1085 1084/1084
f 1459/1459 1464/1464 1471/1471
f 1084/1084 1086/1086 1088/1088
f 1049/1049 1037/1037 1048/1048
f 1037/1037 1033/1033 1032/1032
f 1048/1048 1037/1037 1032/1032
f 985/985 980/980 974/974
f 699/699 648/648 702/702
f 981/981 983/983 973/973
f 973/973 975/975 974/974
f 983/983 975/975 973/973
f 660/660 661/661 662/662
f 1456/1456 1458/1458 1459/1459
f 1062/1062 1060/1060 1049/1049
f 1060/1060 1037/1037 1049/1049
f 1037/1037 1059/1059 1033/1033
f 1377/1377 1360/1360 1364/1364
f 1377/1377 1364/1364 1375/1375
f 977/977 974/974 980/980
f 699/699 670/670 645/645
f 699/699 645/645 648/648
f 972/972 973/973 974/974
f 972/972 974/974 977/977
f 996/996 981/981 972/972
f 972/972 981/981 973/973
f 631/631 657/657 660/660
f 661/661 667/667 662/662
f 1459/1459 1458/1458 1462/1462
f 1459/1459 1462/1462 1464/1464
f 1462/1462 1465/1465 1464/1464
f 1464/1464 1465/1465 1466/1466
f 1465/1465 1488/1488 1466/1466
f 988/988 977/977 980/980
f 671/671 670/670 699/699
f 978/978 972/972 977/977
f 982/982 977/977 988/988
f 989/989 978/978 982/982
f 989/989 979/979 978/978
f 652/652 654/654 656/656
f 681/681 673/673 658/658
f 979/979 989/989 997/997
f 674/674 696/696 697/697
f 962/962 968/968 969/969
f 1512/1512 1513/1513 1514/1514
f 960/960 968/968 962/962
f 962/962 969/969 965/965
f 595/595 596/596 624/624
f 969/969 971/971 965/965
f 965/965 971/971 970/970
f 1528/1528 1531/1531 1510/1510
f 1511/1511 1528/1528 1510/1510
f 1601/1601 1602/1602 1595/1595
f 1598/1598 1601/1601 1595/1595
f 1515/1515 1512/1512 1514/1514
f 1514/1514 1516/1516 1528/1528
f 960/960 967/967 968/968
f 962/962 965/965 953/953
f 953/953 965/965 948/948
f 948/948 965/965 950/950
f 950/950 965/965 952/952
f 952/952 965/965 970/970
f 887/887 893/893 882/882
f 1514/1514 1528/1528 1527/1527
f 1515/1515 1514/1514 1520/1520
f 1157/1157 1146/1146 1145/1145
f 893/893 895/895 888/888
f 949/949 967/967 960/960
f 927/927 960/960 962/962
f 952/952 970/970 947/947
f 947/947 970/970 966/966
f 1598/1598 1595/1595 1581/1581
f 1583/1583 1598/1598 1581/1581
f 1581/1581 1595/1595 1594/1594
f 1520/1520 1514/1514 1527/1527
f 1521/1521 1515/1515 1520/1520
f 1148/1148 1153/1153 1150/1150
f 949/949 960/960 927/927
f 950/950 952/952 947/947
f 947/947 966/966 941/941
f 1506/1506 1505/1505 1501/1501
f 1581/1581 1594/1594 1577/1577
f 1577/1577 1594/1594 1597/1597
f 1518/1518 1521/1521 1520/1520
f 1518/1518 1520/1520 1519/1519
f 1519/1519 1520/1520 1527/1527
f 888/888 895/895 894/894
f 1501/1501 1505/1505 1502/1502
f 949/949 927/927 919/919
f 919/919 927/927 920/920
f 953/953 948/948 923/923
f 924/924 948/948 950/950
f 872/872 887/887 874/874
f 923/923 948/948 924/924
f 924/924 950/950 947/947
f 924/924 947/947 932/932
f 1591/1591 1583/1583 1582/1582
f 1583/1583 1581/1581 1582/1582
f 1582/1582 1581/1581 1574/1574
f 1574/1574 1581/1581 1577/1577
f 1592/1592 1577/1577 1597/1597
f 1529/1529 1519/1519 1527/1527
f 1522/1522 1518/1518 1517/1517
f 1517/1517 1518/1518 1519/1519
f 1501/1501 1502/1502 1503/1503
f 926/926 949/949 919/919
f 920/920 953/953 923/923
f 932/932 941/941 940/940
f 1527/1527 1511/1511 1529/1529
f 1574/1574 1577/1577 1575/1575
f 1577/1577 1592/1592 1578/1578
f 1575/1575 1577/1577 1578/1578
f 1523/1523 1522/1522 1517/1517
f 1592/1592 1593/1593 1578/1578
f 1524/1524 1517/1517 1529/1529
f 1523/1523 1517/1517 1524/1524
f 1197/1197 1196/1196 1195/1195
f 917/917 919/919 920/920
f 917/917 920/920 923/923
f 922/922 923/923 924/924
f 931/931 924/924 932/932
f 1582/1582 1574/1574 1585/1585
f 1525/1525 1523/1523 1524/1524
f 1593/1593 1596/1596 1579/1579
f 1525/1525 1524/1524 1526/1526
f 1158/1158 1149/1149 1154/1154
f 926/926 919/919 916/916
f 925/925 926/926 916/916
f 916/916 919/919 917/917
f 872/872 874/874 873/873
f 923/923 922/922 917/917
f 922/922 924/924 931/931
f 931/931 932/932 933/933
f 933/933 932/932 940/940
f 933/933 940/940 939/939
f 1574/1574 1575/1575 1576/1576
f 1575/1575 1578/1578 1576/1576
f 1576/1576 1578/1578 1579/1579
f 873/873 882/882 881/881
f 1578/1578 1593/1593 1579/1579
f 881/881 888/888 889/889
f 1158/1158 1154/1154 1155/1155
f 871/871 872/872 873/873
f 909/909 916/916 917/917
f 909/909 917/917 918/918
f 918/918 917/917 922/922
f 1585/1585 1574/1574 1576/1576
f 1576/1576 1579/1579 1580/1580
f 873/873 881/881 875/875
f 889/889 896/896 876/876
f 915/915 925/925 916/916
f 915/915 916/916 909/909
f 959/959 925/925 915/915
f 918/918 922/922 910/910
f 910/910 922/922 931/931
f 933/933 939/939 935/935
f 1585/1585 1576/1576 1584/1584
f 1573/1573 1576/1576 1580/1580
f 1529/1529 1545/1545 1547/1547
f 1530/1530 1529/1529 1547/1547
f 1158/1158 1155/1155 1159/1159
f 1503/1503 1502/1502 1504/1504
f 910/910 931/931 934/934
f 934/934 931/931 933/933
f 934/934 933/933 935/935
f 1584/1584 1576/1576 1573/1573
f 1507/1507 1503/1503 1504/1504
f 871/871 873/873 867/867
f 1584/1584 1573/1573 1586/1586
f 867/867 873/873 875/875
f 1507/1507 1504/1504 1508/1508
f 870/870 872/872 871/871
f 959/959 915/915 914/914
f 909/909 918/918 910/910
f 909/909 910/910 911/911
f 910/910 934/934 911/911
f 1586/1586 1573/1573 1572/1572
f 915/915 909/909 914/914
f 914/914 909/909 912/912
f 951/951 911/911 934/934
f 934/934 935/935 936/936
f 1587/1587 1584/1584 1586/1586
f 566/566 580/580 609/609
f 912/912 909/909 911/911
f 912/912 911/911 913/913
f 1586/1586 1572/1572 1587/1587
f 1543/1543 1545/1545 1541/1541
f 868/868 867/867 875/875
f 875/875 881/881 876/876
f 876/876 857/857 850/850
f 913/913 911/911 951/951
f 868/868 875/875 858/858
f 875/875 876/876 858/858
f 845/845 844/844 820/820
f 820/820 844/844 814/814
f 347/347 328/328 351/351
f 358/358 357/357 355/355
f 937/937 951/951 934/934
f 937/937 934/934 936/936
f 921/921 914/914 912/912
f 1588/1588 1587/1587 1572/1572
f 858/858 876/876 850/850
f 850/850 857/857 845/845
f 1023/1023 1031/1031 1024/1024
f 865/865 870/870 871/871
f 865/865 871/871 867/867
f 913/913 951/951 937/937
f 954/954 921/921 930/930
f 921/921 912/912 929/929
f 930/930 921/921 929/929
f 912/912 913/913 928/928
f 929/929 912/912 928/928
f 1588/1588 1572/1572 1589/1589
f 170/170 142/142 144/144
f 142/142 148/148 102/102
f 102/102 148/148 117/117
f 117/117 148/148 151/151
f 117/117 151/151 134/134
f 175/175 202/202 150/150
f 375/375 389/389 393/393
f 1509/1509 1508/1508 1504/1504
f 1497/1497 1498/1498 1495/1495
f 928/928 913/913 937/937
f 937/937 936/936 938/938
f 937/937 938/938 942/942
f 843/843 850/850 845/845
f 111/111 142/142 106/106
f 106/106 142/142 102/102
f 101/101 117/117 134/134
f 134/134 149/149 114/114
f 379/379 336/336 332/332
f 314/314 338/338 315/315
f 1599/1599 1588/1588 1589/1589
f 858/858 850/850 849/849
f 849/849 850/850 843/843
f 845/845 820/820 822/822
f 144/144 111/111 110/110
f 102/102 117/117 33/33
f 33/33 117/117 101/101
f 101/101 134/134 114/114
f 114/114 150/150 138/138
f 368/368 375/375 393/393
f 1119/1119 1116/1116 1117/1117
f 1126/1126 1116/1116 1119/1119
f 1127/1127 1126/1126 1119/1119
f 1119/1119 1120/1120 1138/1138
f 1138/1138 1120/1120 1140/1140
f 867/867 868/868 862/862
f 1599/1599 1589/1589 1600/1600
f 1603/1603 1599/1599 1600/1600
f 868/868 858/858 859/859
f 822/822 843/843 845/845
f 325/325 319/319 373/373
f 380/380 325/325 373/373
f 174/174 136/136 147/147
f 136/136 123/123 49/49
f 110/110 111/111 25/25
f 25/25 111/111 106/106
f 20/20 106/106 102/102
f 19/19 102/102 33/33
f 32/32 101/101 114/114
f 138/138 177/177 155/155
f 295/295 314/314 294/294
f 1115/1115 1114/1114 1116/1116
f 1017/1017 1023/1023 1015/1015
f 1126/1126 1115/1115 1116/1116
f 1116/1116 1114/1114 1117/1117
f 869/869 865/865 863/863
f 928/928 937/937 944/944
f 937/937 942/942 943/943
f 865/865 867/867 862/862
f 955/955 954/954 930/930
f 862/862 868/868 859/859
f 812/812 809/809 906/906
f 147/147 136/136 107/107
f 107/107 136/136 49/49
f 49/49 123/123 27/27
f 27/27 110/110 26/26
f 26/26 110/110 25/25
f 20/20 102/102 19/19
f 21/21 19/19 33/33
f 21/21 33/33 28/28
f 33/33 101/101 28/28
f 28/28 101/101 32/32
f 32/32 114/114 99/99
f 99/99 114/114 100/100
f 100/100 138/138 122/122
f 122/122 138/138 155/155
f 155/155 205/205 173/173
f 195/195 139/139 140/140
f 143/143 164/164 156/156
f 1126/1126 1128/1128 1115/1115
f 156/156 164/164 171/171
f 171/171 164/164 193/193
f 746/746 739/739 740/740
f 944/944 937/937 943/943
f 930/930 929/929 946/946
f 946/946 929/929 928/928
f 1603/1603 1600/1600 1604/1604
f 955/955 930/930 946/946
f 906/906 907/907 812/812
f 137/137 153/153 115/115
f 153/153 168/168 152/152
f 152/152 145/145 109/109
f 145/145 172/172 146/146
f 108/108 146/146 107/107
f 48/48 107/107 49/49
f 122/122 155/155 141/141
f 141/141 173/173 140/140
f 1128/1128 1112/1112 1115/1115
f 1112/1112 1113/1113 1114/1114
f 1115/1115 1112/1112 1114/1114
f 1114/1114 1113/1113 1118/1118
f 1114/1114 1118/1118 1117/1117
f 1126/1126 1131/1131 1128/1128
f 748/748 739/739 746/746
f 1008/1008 1017/1017 1015/1015
f 1131/1131 1126/1126 1132/1132
f 1016/1016 1017/1017 1008/1008
f 171/171 193/193 190/190
f 190/190 193/193 191/191
f 877/877 869/869 863/863
f 946/946 928/928 944/944
f 944/944 943/943 945/945
f 1605/1605 1603/1603 1604/1604
f 956/956 955/955 946/946
f 540/540 541/541 581/581
f 858/858 849/849 854/854
f 818/818 812/812 823/823
f 116/116 137/137 115/115
f 115/115 152/152 109/109
f 109/109 145/145 108/108
f 32/32 99/99 22/22
f 100/100 122/122 97/97
f 105/105 122/122 141/141
f 1112/1112 1125/1125 1122/1122
f 1112/1112 1122/1122 1113/1113
f 1113/1113 1122/1122 1121/1121
f 1113/1113 1121/1121 1118/1118
f 1131/1131 1129/1129 1128/1128
f 1128/1128 1129/1129 1112/1112
f 745/745 738/738 739/739
f 131/131 156/156 171/171
f 1009/1009 1015/1015 1011/1011
f 1008/1008 1015/1015 1009/1009
f 1134/1134 1132/1132 1135/1135
f 740/740 737/737 743/743
f 1494/1494 1497/1497 1495/1495
f 863/863 865/865 862/862
f 863/863 862/862 861/861
f 861/861 862/862 859/859
f 957/957 955/955 956/956
f 859/859 858/858 854/854
f 848/848 854/854 849/849
f 849/849 843/843 848/848
f 848/848 843/843 842/842
f 842/842 843/843 822/822
f 826/826 822/822 821/821
f 115/115 109/109 42/42
f 47/47 109/109 108/108
f 10/10 25/25 1/1
f 1/1 25/25 20/20
f 28/28 32/32 17/17
f 17/17 32/32 22/22
f 22/22 99/99 29/29
f 97/97 122/122 105/105
f 1122/1122 1124/1124 1123/1123
f 141/141 140/140 104/104
f 1133/1133 1124/1124 1130/1130
f 1123/1123 1143/1143 1142/1142
f 1130/1130 1124/1124 1125/1125
f 1125/1125 1124/1124 1122/1122
f 1122/1122 1123/1123 1121/1121
f 1121/1121 1123/1123 1142/1142
f 104/104 140/140 139/139
f 1130/1130 1129/1129 1136/1136
f 745/745 749/749 741/741
f 738/738 745/745 741/741
f 139/139 143/143 113/113
f 1129/1129 1131/1131 1134/1134
f 1136/1136 1129/1129 1134/1134
f 143/143 156/156 131/131
f 770/770 775/775 769/769
f 161/161 171/171 190/190
f 769/769 775/775 783/783
f 1494/1494 1495/1495 1496/1496
f 1496/1496 1495/1495 1500/1500
f 958/958 957/957 956/956
f 116/116 115/115 43/43
f 43/43 115/115 42/42
f 42/42 109/109 47/47
f 47/47 108/108 38/38
f 108/108 107/107 38/38
f 107/107 48/48 38/38
f 38/38 48/48 36/36
f 36/36 48/48 24/24
f 48/48 49/49 24/24
f 27/27 26/26 10/10
f 26/26 25/25 10/10
f 1/1 20/20 2/2
f 20/20 19/19 2/2
f 15/15 21/21 28/28
f 15/15 28/28 17/17
f 100/100 97/97 29/29
f 741/741 742/742 732/732
f 767/767 774/774 763/763
f 763/763 774/774 764/764
f 104/104 139/139 112/112
f 112/112 139/139 113/113
f 731/731 738/738 725/725
f 143/143 131/131 113/113
f 754/754 770/770 769/769
f 131/131 171/171 161/161
f 161/161 190/190 189/189
f 190/190 191/191 186/186
f 189/189 190/190 186/186
f 1476/1476 1475/1475 1477/1477
f 946/946 944/944 963/963
f 961/961 956/956 946/946
f 861/861 859/859 854/854
f 842/842 822/822 826/826
f 90/90 116/116 43/43
f 27/27 10/10 24/24
f 2/2 19/19 5/5
f 5/5 21/21 15/15
f 762/762 767/767 763/763
f 731/731 725/725 723/723
f 1006/1006 1008/1008 1005/1005
f 1008/1008 1009/1009 1005/1005
f 1016/1016 1008/1008 1006/1006
f 1013/1013 1016/1016 1006/1006
f 369/369 366/366 376/376
f 863/863 861/861 864/864
f 963/963 944/944 964/964
f 964/964 944/944 945/945
f 963/963 961/961 946/946
f 958/958 956/956 961/961
f 510/510 512/512 513/513
f 87/87 90/90 43/43
f 42/42 47/47 39/39
f 47/47 38/38 39/39
f 38/38 36/36 37/37
f 16/16 15/15 17/17
f 720/720 726/726 721/721
f 98/98 105/105 54/54
f 54/54 105/105 104/104
f 762/762 763/763 757/757
f 751/751 763/763 764/764
f 131/131 161/161 119/119
f 1005/1005 1009/1009 1007/1007
f 1668/1668 1650/1650 1616/1616
f 1672/1672 1673/1673 1668/1668
f 513/513 512/512 511/511
f 851/851 854/854 848/848
f 841/841 842/842 826/826
f 41/41 43/43 42/42
f 41/41 42/42 39/39
f 39/39 38/38 37/37
f 24/24 10/10 11/11
f 10/10 1/1 9/9
f 1/1 2/2 3/3
f 4/4 2/2 5/5
f 12/12 5/5 15/15
f 12/12 15/15 16/16
f 18/18 22/22 23/23
f 22/22 29/29 23/23
f 97/97 98/98 51/51
f 31/31 97/97 51/51
f 104/104 112/112 60/60
f 757/757 763/763 751/751
f 764/764 754/754 751/751
f 78/78 113/113 131/131
f 754/754 769/769 768/768
f 119/119 161/161 163/163
f 161/161 189/189 163/163
f 769/769 772/772 768/768
f 189/189 186/186 184/184
f 1499/1499 1494/1494 1496/1496
f 879/879 877/877 866/866
f 877/877 863/863 866/866
f 866/866 863/863 864/864
f 1672/1672 1668/1668 1660/1660
f 1660/1660 1668/1668 1659/1659
f 861/861 854/854 856/856
f 864/864 861/861 856/856
f 856/856 854/854 851/851
f 851/851 848/848 841/841
f 841/841 848/848 842/842
f 87/87 43/43 44/44
f 44/44 43/43 41/41
f 41/41 39/39 40/40
f 40/40 39/39 37/37
f 37/37 36/36 35/35
f 35/35 36/36 24/24
f 35/35 24/24 34/34
f 34/34 24/24 11/11
f 11/11 10/10 9/9
f 9/9 1/1 3/3
f 3/3 2/2 4/4
f 5/5 12/12 6/6
f 18/18 16/16 17/17
f 17/17 22/22 18/18
f 23/23 29/29 30/30
f 30/30 29/29 31/31
f 51/51 98/98 54/54
f 758/758 762/762 757/757
f 54/54 104/104 60/60
f 112/112 113/113 60/60
f 78/78 131/131 119/119
f 765/765 754/754 768/768
f 768/768 772/772 771/771
f 184/184 186/186 185/185
f 1550/1550 1544/1544 1551/1551
f 1615/1615 1648/1648 1619/1619
f 1616/1616 1650/1650 1615/1615
f 1615/1615 1650/1650 1648/1648
f 1659/1659 1668/1668 1616/1616
f 44/44 41/41 56/56
f 56/56 41/41 40/40
f 4/4 5/5 6/6
f 761/761 762/762 758/758
f 720/720 719/719 717/717
f 60/60 113/113 78/78
f 751/751 754/754 752/752
f 752/752 754/754 765/765
f 1002/1002 1006/1006 1005/1005
f 1013/1013 1006/1006 1002/1002
f 394/394 378/378 376/376
f 163/163 189/189 184/184
f 879/879 866/866 880/880
f 866/866 864/864 878/878
f 856/856 851/851 860/860
f 841/841 826/826 830/830
f 826/826 825/825 830/830
f 87/87 44/44 84/84
f 83/83 44/44 56/56
f 56/56 40/40 73/73
f 73/73 40/40 37/37
f 73/73 37/37 64/64
f 37/37 35/35 64/64
f 64/64 35/35 63/63
f 63/63 35/35 34/34
f 63/63 34/34 46/46
f 34/34 11/11 46/46
f 45/45 11/11 9/9
f 57/57 18/18 23/23
f 50/50 30/30 31/31
f 758/758 757/757 756/756
f 756/756 757/757 751/751
f 1000/1000 1007/1007 1012/1012
f 78/78 119/119 118/118
f 1002/1002 1005/1005 999/999
f 765/765 768/768 771/771
f 1615/1615 1619/1619 1612/1612
f 878/878 864/864 860/860
f 851/851 841/841 852/852
f 852/852 841/841 846/846
f 846/846 841/841 830/830
f 83/83 84/84 44/44
f 85/85 83/83 56/56
f 85/85 56/56 73/73
f 46/46 11/11 45/45
f 45/45 9/9 14/14
f 14/14 9/9 3/3
f 3/3 4/4 8/8
f 8/8 4/4 7/7
f 6/6 7/7 4/4
f 432/432 433/433 462/462
f 7/7 6/6 13/13
f 13/13 6/6 12/12
f 13/13 12/12 16/16
f 13/13 16/16 55/55
f 55/55 16/16 18/18
f 57/57 23/23 58/58
f 23/23 30/30 58/58
f 58/58 30/30 50/50
f 50/50 31/31 51/51
f 53/53 54/54 60/60
f 756/756 751/751 753/753
f 750/750 751/751 752/752
f 118/118 119/119 157/157
f 119/119 163/163 157/157
f 1022/1022 1013/1013 1002/1002
f 765/765 771/771 773/773
f 184/184 185/185 183/183
f 883/883 879/879 880/880
f 880/880 866/866 878/878
f 1658/1658 1659/1659 1657/1657
f 1659/1659 1616/1616 1657/1657
f 860/860 851/851 852/852
f 86/86 84/84 83/83
f 86/86 83/83 126/126
f 125/125 83/83 85/85
f 124/124 73/73 81/81
f 81/81 73/73 64/64
f 81/81 64/64 63/63
f 81/81 63/63 80/80
f 63/63 46/46 80/80
f 14/14 3/3 8/8
f 55/55 18/18 57/57
f 52/52 50/50 51/51
f 761/761 758/758 760/760
f 760/760 758/758 759/759
f 52/52 51/51 53/53
f 53/53 51/51 54/54
f 758/758 756/756 753/753
f 759/759 758/758 753/753
f 53/53 60/60 61/61
f 61/61 60/60 78/78
f 61/61 78/78 76/76
f 76/76 78/78 118/118
f 999/999 1005/1005 1000/1000
f 157/157 163/163 180/180
f 766/766 765/765 773/773
f 163/163 184/184 180/180
f 180/180 184/184 183/183
f 1612/1612 1619/1619 1620/1620
f 1654/1654 1657/1657 1614/1614
f 126/126 83/83 125/125
f 1238/1238 1274/1274 1237/1237
f 1235/1235 1237/1237 1236/1236
f 124/124 125/125 85/85
f 124/124 85/85 73/73
f 1232/1232 1231/1231 1230/1230
f 124/124 81/81 133/133
f 81/81 80/80 130/130
f 8/8 7/7 62/62
f 59/59 7/7 13/13
f 59/59 13/13 55/55
f 55/55 57/57 67/67
f 759/759 753/753 778/778
f 750/750 752/752 755/755
f 752/752 765/765 766/766
f 755/755 752/752 766/766
f 880/880 878/878 884/884
f 1614/1614 1613/1613 1610/1610
f 1654/1654 1656/1656 1657/1657
f 1339/1339 1342/1342 1343/1343
f 1237/1237 1274/1274 1268/1268
f 1331/1331 1339/1339 1343/1343
f 1236/1236 1237/1237 1263/1263
f 1236/1236 1263/1263 1233/1233
f 1331/1331 1343/1343 1351/1351
f 1229/1229 1233/1233 1261/1261
f 1332/1332 1331/1331 1351/1351
f 1229/1229 1261/1261 1260/1260
f 1333/1333 1332/1332 1351/1351
f 1230/1230 1229/1229 1260/1260
f 1230/1230 1260/1260 1264/1264
f 1239/1239 1230/1230 1264/1264
f 130/130 133/133 81/81
f 1239/1239 1265/1265 1241/1241
f 130/130 80/80 129/129
f 1240/1240 1239/1239 1241/1241
f 80/80 46/46 82/82
f 82/82 46/46 45/45
f 82/82 45/45 74/74
f 74/74 45/45 14/14
f 14/14 8/8 72/72
f 72/72 8/8 62/62
f 62/62 7/7 59/59
f 67/67 57/57 69/69
f 69/69 57/57 58/58
f 68/68 58/58 50/50
f 68/68 50/50 52/52
f 68/68 52/52 70/70
f 760/760 759/759 778/778
f 65/65 52/52 53/53
f 65/65 53/53 66/66
f 66/66 53/53 61/61
f 753/753 750/750 777/777
f 66/66 61/61 76/76
f 66/66 76/76 79/79
f 1000/1000 1012/1012 1010/1010
f 120/120 76/76 118/118
f 1001/1001 1002/1002 999/999
f 1001/1001 999/999 998/998
f 159/159 118/118 157/157
f 780/780 766/766 773/773
f 157/157 180/180 181/181
f 883/883 880/880 885/885
f 1622/1622 1612/1612 1620/1620
f 846/846 830/830 832/832
f 832/832 828/828 831/831
f 132/132 86/86 126/126
f 1325/1325 1342/1342 1339/1339
f 1324/1324 1325/1325 1339/1339
f 1268/1268 1269/1269 1263/1263
f 1263/1263 1269/1269 1321/1321
f 1324/1324 1339/1339 1331/1331
f 1321/1321 1324/1324 1319/1319
f 1319/1319 1324/1324 1331/1331
f 1263/1263 1321/1321 1319/1319
f 1263/1263 1319/1319 1261/1261
f 1319/1319 1331/1331 1320/1320
f 1320/1320 1331/1331 1332/1332
f 1319/1319 1320/1320 1318/1318
f 1261/1261 1319/1319 1318/1318
f 1318/1318 1320/1320 1317/1317
f 1320/1320 1332/1332 1317/1317
f 1317/1317 1332/1332 1333/1333
f 1317/1317 1333/1333 1323/1323
f 1260/1260 1318/1318 1317/1317
f 1260/1260 1317/1317 1316/1316
f 1316/1316 1317/1317 1323/1323
f 1264/1264 1260/1260 1316/1316
f 1316/1316 1323/1323 1315/1315
f 1315/1315 1323/1323 1402/1402
f 1402/1402 1323/1323 1333/1333
f 1264/1264 1316/1316 1315/1315
f 1402/1402 1333/1333 1417/1417
f 1264/1264 1315/1315 1312/1312
f 1402/1402 1417/1417 1408/1408
f 1416/1416 1408/1408 1417/1417
f 1241/1241 1265/1265 1264/1264
f 1241/1241 1264/1264 1266/1266
f 1241/1241 1266/1266 1243/1243
f 129/129 80/80 82/82
f 1242/1242 1241/1241 1243/1243
f 82/82 74/74 103/103
f 1251/1251 1242/1242 1244/1244
f 74/74 14/14 72/72
f 72/72 62/62 77/77
f 77/77 62/62 59/59
f 77/77 59/59 75/75
f 59/59 55/55 67/67
f 75/75 59/59 67/67
f 465/465 464/464 475/475
f 69/69 58/58 68/68
f 70/70 52/52 71/71
f 71/71 52/52 65/65
f 760/760 778/778 781/781
f 777/777 750/750 776/776
f 776/776 750/750 755/755
f 79/79 76/76 120/120
f 998/998 999/999 1000/1000
f 120/120 118/118 159/159
f 1021/1021 1022/1022 1002/1002
f 779/779 766/766 780/780
f 159/159 157/157 181/181
f 182/182 180/180 183/183
f 902/902 883/883 885/885
f 885/885 880/880 884/884
f 878/878 860/860 886/886
f 886/886 852/852 853/853
f 519/519 521/521 545/545
f 852/852 846/846 853/853
f 853/853 846/846 847/847
f 846/846 832/832 847/847
f 1271/1271 1275/1275 1270/1270
f 1329/1329 1350/1350 1342/1342
f 1271/1271 1270/1270 1268/1268
f 1325/1325 1329/1329 1342/1342
f 1268/1268 1270/1270 1269/1269
f 1269/1269 1270/1270 1325/1325
f 1269/1269 1325/1325 1324/1324
f 1315/1315 1402/1402 1397/1397
f 1397/1397 1402/1402 1408/1408
f 1312/1312 1315/1315 1397/1397
f 1396/1396 1397/1397 1408/1408
f 1312/1312 1397/1397 1311/1311
f 1311/1311 1397/1397 1396/1396
f 1396/1396 1408/1408 1407/1407
f 1407/1407 1408/1408 1416/1416
f 1266/1266 1312/1312 1311/1311
f 1407/1407 1416/1416 1415/1415
f 1243/1243 1266/1266 1311/1311
f 160/160 129/129 82/82
f 1243/1243 1311/1311 1267/1267
f 103/103 160/160 82/82
f 74/74 72/72 95/95
f 95/95 72/72 96/96
f 96/96 72/72 77/77
f 75/75 67/67 89/89
f 89/89 67/67 69/69
f 92/92 69/69 68/68
f 68/68 70/70 71/71
f 781/781 778/778 777/777
f 778/778 753/753 777/777
f 998/998 1000/1000 1010/1010
f 755/755 766/766 779/779
f 1021/1021 1002/1002 1001/1001
f 181/181 180/180 182/182
f 1629/1629 1628/1628 1630/1630
f 1610/1610 1612/1612 1611/1611
f 884/884 878/878 890/890
f 546/546 547/547 545/545
f 847/847 832/832 834/834
f 1350/1350 1329/1329 1276/1276
f 1270/1270 1329/1329 1325/1325
f 1396/1396 1407/1407 1405/1405
f 1405/1405 1407/1407 1415/1415
f 1310/1310 1311/1311 1396/1396
f 1396/1396 1405/1405 1395/1395
f 1267/1267 1311/1311 1310/1310
f 1310/1310 1396/1396 1395/1395
f 1409/1409 1405/1405 1415/1415
f 1267/1267 1310/1310 1308/1308
f 1409/1409 1415/1415 1422/1422
f 1272/1272 1267/1267 1308/1308
f 158/158 103/103 74/74
f 135/135 158/158 74/74
f 1272/1272 1308/1308 1273/1273
f 135/135 74/74 95/95
f 1255/1255 1272/1272 1273/1273
f 1414/1414 1421/1421 1419/1419
f 77/77 75/75 96/96
f 96/96 75/75 89/89
f 1255/1255 1293/1293 1292/1292
f 1259/1259 1257/1257 1290/1290
f 89/89 69/69 127/127
f 1259/1259 1290/1290 1287/1287
f 69/69 92/92 127/127
f 91/91 92/92 68/68
f 91/91 68/68 71/71
f 91/91 71/71 88/88
f 88/88 71/71 65/65
f 795/795 781/781 792/792
f 781/781 777/777 792/792
f 79/79 120/120 121/121
f 776/776 755/755 779/779
f 121/121 120/120 162/162
f 162/162 120/120 159/159
f 1630/1630 1628/1628 1609/1609
f 1609/1609 1610/1610 1611/1611
f 1628/1628 1610/1610 1609/1609
f 1611/1611 1622/1622 1623/1623
f 1438/1438 1439/1439 1435/1435
f 878/878 886/886 890/890
f 565/565 546/546 590/590
f 1395/1395 1405/1405 1400/1400
f 1400/1400 1405/1405 1409/1409
f 1308/1308 1310/1310 1307/1307
f 1307/1307 1310/1310 1395/1395
f 1307/1307 1395/1395 1393/1393
f 1393/1393 1395/1395 1400/1400
f 1400/1400 1409/1409 1414/1414
f 1393/1393 1400/1400 1404/1404
f 1404/1404 1400/1400 1414/1414
f 1273/1273 1308/1308 1307/1307
f 1307/1307 1393/1393 1301/1301
f 1273/1273 1307/1307 1301/1301
f 1293/1293 1273/1273 1301/1301
f 1411/1411 1414/1414 1419/1419
f 1404/1404 1414/1414 1411/1411
f 1413/1413 1411/1411 1419/1419
f 1293/1293 1301/1301 1302/1302
f 1413/1413 1419/1419 1420/1420
f 1300/1300 1293/1293 1302/1302
f 1292/1292 1300/1300 1298/1298
f 1413/1413 1420/1420 1418/1418
f 1290/1290 1292/1292 1298/1298
f 1290/1290 1298/1298 1289/1289
f 1287/1287 1290/1290 1289/1289
f 1287/1287 1289/1289 1285/1285
f 128/128 127/127 92/92
f 91/91 128/128 92/92
f 1277/1277 1282/1282 1278/1278
f 1279/1279 1278/1278 1280/1280
f 88/88 65/65 66/66
f 792/792 777/777 790/790
f 790/790 777/777 776/776
f 93/93 79/79 121/121
f 776/776 779/779 789/789
f 159/159 181/181 179/179
f 779/779 780/780 784/784
f 902/902 885/885 892/892
f 1667/1667 1655/1655 1635/1635
f 1437/1437 1438/1438 1435/1435
f 891/891 884/884 890/890
f 853/853 890/890 886/886
f 899/899 853/853 847/847
f 855/855 847/847 834/834
f 1301/1301 1393/1393 1392/1392
f 1392/1392 1393/1393 1404/1404
f 1392/1392 1404/1404 1411/1411
f 1301/1301 1392/1392 1388/1388
f 1302/1302 1301/1301 1388/1388
f 1392/1392 1411/1411 1413/1413
f 1388/1388 1392/1392 1391/1391
f 1391/1391 1392/1392 1413/1413
f 1300/1300 1302/1302 1306/1306
f 1306/1306 1302/1302 1387/1387
f 1387/1387 1302/1302 1388/1388
f 1300/1300 1306/1306 1305/1305
f 1387/1387 1388/1388 1389/1389
f 1389/1389 1388/1388 1391/1391
f 1298/1298 1300/1300 1305/1305
f 1305/1305 1306/1306 1387/1387
f 1389/1389 1391/1391 1410/1410
f 1410/1410 1391/1391 1413/1413
f 1410/1410 1413/1413 1418/1418
f 1289/1289 1298/1298 1304/1304
f 1304/1304 1298/1298 1305/1305
f 1294/1294 1289/1289 1304/1304
f 1410/1410 1418/1418 1373/1373
f 1412/1412 1410/1410 1373/1373
f 1285/1285 1289/1289 1294/1294
f 1299/1299 1285/1285 1294/1294
f 1285/1285 1299/1299 1296/1296
f 1372/1372 1412/1412 1373/1373
f 1285/1285 1296/1296 1288/1288
f 1372/1372 1373/1373 1371/1371
f 1278/1278 1288/1288 1281/1281
f 1370/1370 1372/1372 1371/1371
f 1370/1370 1371/1371 1353/1353
f 1280/1280 1281/1281 1283/1283
f 482/482 481/481 485/485
f 94/94 88/88 66/66
f 94/94 66/66 93/93
f 799/799 792/792 790/790
f 93/93 66/66 79/79
f 167/167 121/121 162/162
f 1003/1003 1001/1001 998/998
f 162/162 159/159 179/179
f 181/181 182/182 187/187
f 892/892 885/885 884/884
f 1611/1611 1623/1623 1624/1624
f 1440/1440 1438/1438 1437/1437
f 1434/1434 1437/1437 1435/1435
f 899/899 847/847 855/855
f 546/546 572/572 590/590
f 1305/1305 1387/1387 1390/1390
f 1390/1390 1387/1387 1389/1389
f 1304/1304 1305/1305 1390/1390
f 1390/1390 1389/1389 1410/1410
f 1394/1394 1304/1304 1390/1390
f 1294/1294 1304/1304 1394/1394
f 1390/1390 1410/1410 1412/1412
f 1303/1303 1294/1294 1394/1394
f 1394/1394 1390/1390 1403/1403
f 1403/1403 1390/1390 1412/1412
f 1398/1398 1394/1394 1403/1403
f 1303/1303 1394/1394 1398/1398
f 1296/1296 1299/1299 1303/1303
f 1403/1403 1412/1412 1372/1372
f 1296/1296 1303/1303 1309/1309
f 1309/1309 1303/1303 1398/1398
f 1288/1288 1296/1296 1295/1295
f 1295/1295 1296/1296 1309/1309
f 1406/1406 1403/1403 1372/1372
f 1281/1281 1288/1288 1295/1295
f 1406/1406 1372/1372 1370/1370
f 1334/1334 1406/1406 1370/1370
f 1334/1334 1370/1370 1353/1353
f 1334/1334 1353/1353 1352/1352
f 799/799 790/790 798/798
f 790/790 789/789 791/791
f 1003/1003 998/998 1004/1004
f 1021/1021 1001/1001 1003/1003
f 1029/1029 1021/1021 1003/1003
f 179/179 181/181 188/188
f 188/188 181/181 187/187
f 1633/1633 1630/1630 1618/1618
f 892/892 884/884 891/891
f 1440/1440 1437/1437 1434/1434
f 1434/1434 1435/1435 1433/1433
f 900/900 890/890 853/853
f 900/900 853/853 899/899
f 900/900 899/899 903/903
f 903/903 899/899 855/855
f 1309/1309 1398/1398 1399/1399
f 1399/1399 1398/1398 1403/1403
f 1313/1313 1295/1295 1309/1309
f 1399/1399 1403/1403 1406/1406
f 1313/1313 1309/1309 1399/1399
f 1313/1313 1399/1399 1401/1401
f 1401/1401 1399/1399 1406/1406
f 1295/1295 1313/1313 1297/1297
f 1401/1401 1406/1406 1334/1334
f 1281/1281 1295/1295 1297/1297
f 1334/1334 1352/1352 1335/1335
f 790/790 791/791 798/798
f 169/169 167/167 162/162
f 1641/1641 1634/1634 1632/1632
f 1617/1617 1611/1611 1625/1625
f 1625/1625 1611/1611 1624/1624
f 1424/1424 1440/1440 1434/1434
f 590/590 604/604 610/610
f 1297/1297 1313/1313 1314/1314
f 1314/1314 1313/1313 1401/1401
f 1314/1314 1401/1401 1334/1334
f 1322/1322 1297/1297 1314/1314
f 1291/1291 1297/1297 1322/1322
f 1379/1379 1291/1291 1330/1330
f 1335/1335 1352/1352 1348/1348
f 154/154 93/93 121/121
f 154/154 121/121 167/167
f 169/169 162/162 179/179
f 1557/1557 1558/1558 1559/1559
f 1632/1632 1633/1633 1649/1649
f 1649/1649 1633/1633 1640/1640
f 1640/1640 1633/1633 1618/1618
f 1637/1637 1617/1617 1625/1625
f 1625/1625 1624/1624 1626/1626
f 1430/1430 1440/1440 1424/1424
f 1424/1424 1434/1434 1433/1433
f 905/905 900/900 903/903
f 693/693 688/688 668/668
f 703/703 705/705 683/683
f 684/684 703/703 683/683
f 647/647 693/693 668/668
f 698/698 683/683 705/705
f 694/694 647/647 665/665
f 665/665 647/647 651/651
f 651/651 647/647 639/639
f 649/649 683/683 698/698
f 651/651 639/639 672/672
f 639/639 649/649 672/672
f 672/672 649/649 698/698
f 1326/1326 1314/1314 1334/1334
f 1322/1322 1314/1314 1326/1326
f 1326/1326 1334/1334 1335/1335
f 1330/1330 1291/1291 1322/1322
f 1326/1326 1335/1335 1338/1338
f 1378/1378 1379/1379 1330/1330
f 1338/1338 1335/1335 1348/1348
f 484/484 483/483 487/487
f 1354/1354 1349/1349 1383/1383
f 1354/1354 1383/1383 1385/1385
f 1018/1018 1003/1003 1004/1004
f 1376/1376 1381/1381 1382/1382
f 1374/1374 1381/1381 1376/1376
f 1608/1608 1649/1649 1640/1640
f 1636/1636 1637/1637 1638/1638
f 892/892 891/891 897/897
f 1424/1424 1433/1433 1432/1432
f 897/897 891/891 890/890
f 900/900 897/897 890/890
f 689/689 692/692 691/691
f 689/689 691/691 669/669
f 688/688 689/689 669/669
f 706/706 703/703 684/684
f 668/668 669/669 636/636
f 638/638 668/668 636/636
f 647/647 668/668 638/638
f 638/638 637/637 639/639
f 639/639 637/637 640/640
f 647/647 638/638 639/639
f 649/649 640/640 683/683
f 639/639 640/640 649/649
f 1330/1330 1322/1322 1327/1327
f 1327/1327 1322/1322 1326/1326
f 1328/1328 1326/1326 1338/1338
f 1346/1346 1378/1378 1330/1330
f 1340/1340 1338/1338 1348/1348
f 1340/1340 1348/1348 1349/1349
f 1340/1340 1349/1349 1354/1354
f 1004/1004 1014/1014 1019/1019
f 1029/1029 1003/1003 1018/1018
f 1385/1385 1384/1384 1368/1368
f 1368/1368 1384/1384 1374/1374
f 198/198 179/179 188/188
f 1644/1644 1641/1641 1646/1646
f 1646/1646 1641/1641 1607/1607
f 1646/1646 1607/1607 1606/1606
f 1607/1607 1649/1649 1608/1608
f 1606/1606 1607/1607 1608/1608
f 985/985 992/992 991/991
f 1640/1640 1636/1636 1638/1638
f 1638/1638 1637/1637 1627/1627
f 898/898 892/892 897/897
f 1428/1428 1430/1430 1423/1423
f 1430/1430 1424/1424 1423/1423
f 1423/1423 1424/1424 1425/1425
f 1424/1424 1432/1432 1425/1425
f 689/689 701/701 692/692
f 669/669 690/690 635/635
f 634/634 643/643 637/637
f 636/636 635/635 634/634
f 636/636 634/634 637/637
f 683/683 641/641 684/684
f 638/638 636/636 637/637
f 640/640 637/637 641/641
f 640/640 641/641 683/683
f 1327/1327 1326/1326 1328/1328
f 1340/1340 1328/1328 1338/1338
f 1328/1328 1340/1340 1336/1336
f 1346/1346 1330/1330 1337/1337
f 1018/1018 1004/1004 1019/1019
f 1368/1368 1354/1354 1385/1385
f 1386/1386 1380/1380 1369/1369
f 1375/1375 1374/1374 1376/1376
f 1364/1364 1374/1374 1375/1375
f 1606/1606 1608/1608 1645/1645
f 1425/1425 1432/1432 1431/1431
f 904/904 897/897 900/900
f 904/904 900/900 905/905
f 692/692 650/650 655/655
f 691/691 655/655 625/625
f 690/690 691/691 625/625
f 679/679 706/706 684/684
f 690/690 625/625 633/633
f 633/633 625/625 627/627
f 634/634 633/633 627/627
f 635/635 633/633 634/634
f 646/646 682/682 641/641
f 641/641 682/682 684/684
f 634/634 627/627 643/643
f 643/643 627/627 642/642
f 643/643 642/642 646/646
f 643/643 646/646 637/637
f 637/637 646/646 641/641
f 1330/1330 1327/1327 1337/1337
f 1327/1327 1328/1328 1336/1336
f 1337/1337 1327/1327 1336/1336
f 1018/1018 1019/1019 1020/1020
f 1368/1368 1374/1374 1364/1364
f 1652/1652 1606/1606 1645/1645
f 558/558 557/557 606/606
f 1645/1645 1638/1638 1652/1652
f 1638/1638 1639/1639 1651/1651
f 1651/1651 1639/1639 1674/1674
f 1429/1429 1441/1441 1428/1428
f 1429/1429 1428/1428 1427/1427
f 901/901 898/898 897/897
f 1427/1427 1428/1428 1423/1423
f 974/974 984/984 985/985
f 1427/1427 1423/1423 1426/1426
f 1426/1426 1423/1423 1425/1425
f 1426/1426 1425/1425 1431/1431
f 975/975 976/976 974/974
f 650/650 628/628 655/655
f 697/697 709/709 706/706
f 655/655 628/628 625/625
f 625/625 628/628 626/626
f 679/679 697/697 706/706
f 625/625 626/626 627/627
f 627/627 626/626 642/642
f 642/642 626/626 663/663
f 664/664 682/682 663/663
f 682/682 679/679 684/684
f 642/642 663/663 646/646
f 663/663 682/682 646/646
f 1344/1344 1336/1336 1340/1340
f 1346/1346 1337/1337 1347/1347
f 1347/1347 1337/1337 1345/1345
f 1344/1344 1340/1340 1354/1354
f 1354/1354 1368/1368 1366/1366
f 1062/1062 1065/1065 1060/1060
f 1669/1669 1646/1646 1606/1606
f 1669/1669 1606/1606 1652/1652
f 558/558 606/606 621/621
f 1652/1652 1638/1638 1651/1651
f 1429/1429 1427/1427 1436/1436
f 1427/1427 1426/1426 1436/1436
f 650/650 648/648 644/644
f 628/628 644/644 630/630
f 650/650 644/644 628/628
f 626/626 629/629 660/660
f 630/630 629/629 628/628
f 628/628 629/629 626/626
f 678/678 676/676 679/679
f 676/676 697/697 679/679
f 663/663 660/660 662/662
f 663/663 662/662 664/664
f 664/664 678/678 682/682
f 682/682 678/678 679/679
f 1337/1337 1336/1336 1341/1341
f 1341/1341 1336/1336 1344/1344
f 1020/1020 1019/1019 1026/1026
f 1345/1345 1337/1337 1341/1341
f 1355/1355 1344/1344 1366/1366
f 1366/1366 1344/1344 1354/1354
f 1380/1380 1367/1367 1369/1369
f 1366/1366 1368/1368 1364/1364
f 1456/1456 1455/1455 1458/1458
f 1436/1436 1442/1442 1429/1429
f 1443/1443 1442/1442 1436/1436
f 1443/1443 1436/1436 1445/1445
f 1445/1445 1436/1436 1446/1446
f 979/979 972/972 978/978
f 901/901 897/897 904/904
f 644/644 645/645 632/632
f 648/648 645/645 644/644
f 644/644 632/632 630/630
f 630/630 631/631 629/629
f 629/629 631/631 660/660
f 674/674 697/697 676/676
f 660/660 659/659 661/661
f 678/678 677/677 676/676
f 667/667 678/678 662/662
f 662/662 678/678 664/664
f 1027/1027 1020/1020 1026/1026
f 1362/1362 1345/1345 1356/1356
f 1345/1345 1341/1341 1356/1356
f 1356/1356 1341/1341 1355/1355
f 1355/1355 1341/1341 1344/1344
f 1369/1369 1367/1367 1363/1363
f 1367/1367 1362/1362 1363/1363
f 1355/1355 1366/1366 1361/1361
f 1361/1361 1366/1366 1364/1364
f 1360/1360 1361/1361 1364/1364
f 1669/1669 1652/1652 1670/1670
f 1670/1670 1652/1652 1671/1671
f 1671/1671 1652/1652 1651/1651
f 695/695 710/710 696/696
f 978/978 977/977 982/982
f 1444/1444 1442/1442 1443/1443
f 696/696 710/710 709/709
f 697/697 696/696 709/709
f 645/645 670/670 632/632
f 632/632 652/652 631/631
f 630/630 632/632 631/631
f 631/631 652/652 657/657
f 657/657 658/658 659/659
f 660/660 657/657 659/659
f 666/666 677/677 667/667
f 661/661 659/659 667/667
f 667/667 677/677 678/678
f 1356/1356 1355/1355 1357/1357
f 1357/1357 1355/1355 1360/1360
f 1360/1360 1355/1355 1361/1361
f 670/670 671/671 653/653
f 670/670 653/653 632/632
f 632/632 653/653 652/652
f 654/654 685/685 656/656
f 656/656 685/685 658/658
f 685/685 686/686 658/658
f 657/657 652/652 656/656
f 657/657 656/656 658/658
f 658/658 673/673 666/666
f 659/659 658/658 666/666
f 666/666 674/674 676/676
f 677/677 666/666 676/676
f 667/667 659/659 666/666
f 1363/1363 1362/1362 1358/1358
f 1362/1362 1356/1356 1358/1358
f 1358/1358 1356/1356 1357/1357
f 1365/1365 1363/1363 1358/1358
f 1365/1365 1358/1358 1359/1359
f 1358/1358 1357/1357 1359/1359
f 1359/1359 1357/1357 1360/1360
f 653/653 654/654 652/652
f 675/675 680/680 695/695
f 675/675 695/695 696/696
f 673/673 681/681 680/680
f 673/673 680/680 675/675
f 673/673 675/675 674/674
f 674/674 675/675 696/696
f 666/666 673/673 674/674