# https://github.com/mikedh/trimesh

o geometry_0
v -0.01066477 0.01443668 0.02165802 0.54509804 0.71372549 0.60000000
v -0.01066477 0.01425253 0.02295428 0.54509804 0.71372549 0.60000000
v -0.00582961 0.01428428 0.02295428 0.54509804 0.71372549 0.60000000
v -0.00582961 0.01430333 0.02165802 0.54509804 0.71372549 0.60000000
v -0.00582961 0.01372231 -0.00044331 0.54509804 0.71372549 0.60000000
v -0.05863158 0.01420491 -0.00038130 0.54509804 0.71372549 0.60000000
v -0.05863158 0.01420491 0.00091495 0.54509804 0.71372549 0.60000000
v -0.05863158 0.01402711 0.00739919 0.54509804 0.71372549 0.60000000
v -0.05733378 0.01373818 0.01647300 0.54509804 0.71372549 0.60000000
v -0.04566509 0.01368738 0.02425054 0.54509804 0.71372549 0.60000000
v -0.05085054 0.01355721 0.02518361 0.54509804 0.71372549 0.60000000
v -0.04696289 0.01360483 0.02530172 0.54509804 0.71372549 0.60000000
v -0.04273069 0.01351911 0.02631451 0.54509804 0.71372549 0.60000000
v -0.00582961 0.01420808 0.02330566 0.54509804 0.71372549 0.60000000
v -0.00582961 -0.01633866 -0.00044331 0.54509804 0.71372549 0.60000000
v -0.05863158 0.01420173 -0.00044331 0.54509804 0.71372549 0.60000000
v -0.05992363 0.01414776 -0.00038130 0.54509804 0.71372549 0.60000000
v -0.05992363 0.01414776 0.00091495 0.54509804 0.71372549 0.60000000
v -0.06122143 0.01400171 0.00091495 0.54509804 0.71372549 0.60000000
v -0.05863158 0.01365246 0.01647300 0.54509804 0.71372549 0.60000000
v -0.05603598 0.01340163 0.02425054 0.54509804 0.71372549 0.60000000
v -0.05289486 0.01348101 0.02492081 0.54509804 0.71372549 0.60000000
v -0.05603598 0.01318573 0.02554680 0.54509804 0.71372549 0.60000000
v -0.04955274 0.01343338 0.02594837 0.54509804 0.71372549 0.60000000
v -0.04955274 0.01313810 0.02684305 0.54509804 0.71372549 0.60000000
v -0.04177170 0.01318256 0.02694049 0.54509804 0.71372549 0.60000000
v -0.03270435 0.01351276 0.02625841 0.54509804 0.71372549 0.60000000
v -0.00677138 0.01397313 0.02425054 0.54509804 0.71372549 0.60000000
v -0.00582961 0.01387153 0.02432436 0.54509804 0.71372549 0.60000000
v -0.00582961 -0.01634501 -0.00038130 0.54509804 0.71372549 0.60000000
v -0.01844006 -0.01673553 -0.00044331 0.54509804 0.71372549 0.60000000
v -0.05992363 0.01414458 -0.00044331 0.54509804 0.71372549 0.60000000
v -0.06122143 0.01403346 -0.00044331 0.54509804 0.71372549 0.60000000
v -0.06122143 0.01403346 -0.00038130 0.54509804 0.71372549 0.60000000
v -0.06058402 0.01348101 0.01456552 0.54509804 0.71372549 0.60000000
v -0.06215171 0.01374771 -0.00044331 0.54509804 0.71372549 0.60000000
v -0.06219765 0.01373183 -0.00044331 0.54509804 0.71372549 0.60000000
v -0.06219765 0.01372866 -0.00038130 0.54509804 0.71372549 0.60000000
v -0.06214022 0.01368103 0.00091495 0.54509804 0.71372549 0.60000000
v -0.05942404 0.01350958 0.01733520 0.54509804 0.71372549 0.60000000
v -0.05866029 0.01357943 0.01776925 0.54509804 0.71372549 0.60000000
v -0.05733378 0.01327145 0.02425054 0.54509804 0.71372549 0.60000000
v -0.05733378 0.01303015 0.02554680 0.54509804 0.71372549 0.60000000
v -0.05603598 0.01272853 0.02684305 0.54509804 0.71372549 0.60000000
v -0.05473818 0.01241420 0.02781746 0.54509804 0.71372549 0.60000000
v -0.05344613 0.01245548 0.02787947 0.54509804 0.71372549 0.60000000
v -0.04955274 0.01253168 0.02789423 0.54509804 0.71372549 0.60000000
v -0.04696289 0.01254438 0.02788242 0.54509804 0.71372549 0.60000000
v -0.04436730 0.01255708 0.02783813 0.54509804 0.71372549 0.60000000
v -0.04306950 0.01255390 0.02780860 0.54509804 0.71372549 0.60000000
v -0.04047964 0.01252533 0.02777908 0.54509804 0.71372549 0.60000000
v -0.03163051 0.01350323 0.02624069 0.54509804 0.71372549 0.60000000
v -0.00677138 0.01361118 0.02501235 0.54509804 0.71372549 0.60000000
v -0.00582961 0.01358261 0.02497987 0.54509804 0.71372549 0.60000000
v -0.00582961 -0.01745308 0.01388048 0.54509804 0.71372549 0.60000000
v -0.01066477 -0.01675141 0.00221121 0.54509804 0.71372549 0.60000000
v -0.01844006 -0.01674188 -0.00038130 0.54509804 0.71372549 0.60000000
v -0.02363125 -0.01679586 -0.00044331 0.54509804 0.71372549 0.60000000
v -0.06164063 0.01331590 0.00869545 0.54509804 0.71372549 0.60000000
v -0.06092282 0.01249358 0.02036177 0.54509804 0.71372549 0.60000000
v -0.06080797 0.01239515 0.02165802 0.54509804 0.71372549 0.60000000
v -0.05992363 0.01293173 0.02165802 0.54509804 0.71372549 0.60000000
v -0.05863158 0.01329686 0.02165802 0.54509804 0.71372549 0.60000000
v -0.06188756 0.01348736 0.00556258 0.54509804 0.71372549 0.60000000
v -0.06223211 0.01370008 -0.00044331 0.54509804 0.71372549 0.60000000
v -0.06284655 0.01293490 -0.00044331 0.54509804 0.71372549 0.60000000
v -0.06284655 0.01292855 -0.00038130 0.54509804 0.71372549 0.60000000
v -0.05863158 0.01310318 0.02295428 0.54509804 0.71372549 0.60000000
v -0.05863158 0.01289998 0.02425054 0.54509804 0.71372549 0.60000000
v -0.05870049 0.01250628 0.02560585 0.54509804 0.71372549 0.60000000
v -0.05831574 0.01232530 0.02644148 0.54509804 0.71372549 0.60000000
v -0.05730507 0.01248723 0.02686372 0.54509804 0.71372549 0.60000000
v -0.05685716 0.01225545 0.02758419 0.54509804 0.71372549 0.60000000
v -0.05603598 0.01233483 0.02769345 0.54509804 0.71372549 0.60000000
v -0.05473818 0.01176968 0.02846411 0.54509804 0.71372549 0.60000000
v -0.05344613 0.01182048 0.02852907 0.54509804 0.71372549 0.60000000
v -0.04825495 0.01253803 0.02788833 0.54509804 0.71372549 0.60000000
v -0.05085054 0.01177920 0.02854088 0.54509804 0.71372549 0.60000000
v -0.04955274 0.01174110 0.02854384 0.54509804 0.71372549 0.60000000
v -0.03918185 0.01250945 0.02774069 0.54509804 0.71372549 0.60000000
v -0.02233346 0.01339845 0.02606648 0.54509804 0.71372549 0.60000000
v -0.02363125 0.01341433 0.02609306 0.54509804 0.71372549 0.60000000
v -0.04696289 0.01161093 0.02853203 0.54509804 0.71372549 0.60000000
v -0.03788405 0.01248723 0.02769049 0.54509804 0.71372549 0.60000000
v -0.03658625 0.01243643 0.02765801 0.54509804 0.71372549 0.60000000
v -0.00582961 0.01355086 0.02499759 0.54509804 0.71372549 0.60000000
v -0.03173387 0.01222053 0.02751923 0.54509804 0.71372549 0.60000000
v -0.00582961 -0.01741498 0.02001039 0.54509804 0.71372549 0.60000000
v -0.01109545 -0.01769438 0.01731453 0.54509804 0.71372549 0.60000000
v -0.01109545 -0.01769438 0.01691591 0.54509804 0.71372549 0.60000000
v -0.02363125 -0.01767851 0.01418461 0.54509804 0.71372549 0.60000000
v -0.01195682 -0.01678951 0.00221121 0.54509804 0.71372549 0.60000000
v -0.03270435 -0.01691968 0.00091495 0.54509804 0.71372549 0.60000000
v -0.03140655 -0.01680856 -0.00044331 0.54509804 0.71372549 0.60000000
v -0.06221488 0.01266820 0.00869545 0.54509804 0.71372549 0.60000000
v -0.06188181 0.01219195 0.01460981 0.54509804 0.71372549 0.60000000
v -0.06134776 0.01152838 0.02165802 0.54509804 0.71372549 0.60000000
v -0.06068164 0.01228085 0.02272102 0.54509804 0.71372549 0.60000000
v -0.06056679 0.01216973 0.02358322 0.54509804 0.71372549 0.60000000
v -0.06004996 0.01255390 0.02307239 0.54509804 0.71372549 0.60000000
v -0.06321406 0.01228720 -0.00044331 0.54509804 0.71372549 0.60000000
v -0.06321406 0.01228085 -0.00038130 0.54509804 0.71372549 0.60000000
v -0.06285803 0.01271265 0.00092677 0.54509804 0.71372549 0.60000000
v -0.05972265 0.01242373 0.02425054 0.54509804 0.71372549 0.60000000
v -0.05944701 0.01229038 0.02521314 0.54509804 0.71372549 0.60000000
v -0.05918285 0.01211575 0.02607829 0.54509804 0.71372549 0.60000000
v -0.05771853 0.01201733 0.02730664 0.54509804 0.71372549 0.60000000
v -0.05721319 0.01145535 0.02808616 0.54509804 0.71372549 0.60000000
v -0.05670785 0.01089337 0.02879777 0.54509804 0.71372549 0.60000000
v -0.05603598 0.01163315 0.02834010 0.54509804 0.71372549 0.60000000
v -0.05473818 0.01111880 0.02892179 0.54509804 0.71372549 0.60000000
v -0.05603598 0.01098545 0.02885388 0.54509804 0.71372549 0.60000000
v -0.05344613 0.01117278 0.02893655 0.54509804 0.71372549 0.60000000
v -0.05085054 0.01113150 0.02890112 0.54509804 0.71372549 0.60000000
v -0.04955274 0.01109340 0.02888340 0.54509804 0.71372549 0.60000000
v -0.04614172 0.01092830 0.02880663 0.54509804 0.71372549 0.60000000
v -0.04047964 0.01152838 0.02826628 0.54509804 0.71372549 0.60000000
v -0.00677138 0.01282695 0.02539916 0.54509804 0.71372549 0.60000000
v -0.00582961 0.01289998 0.02527219 0.54509804 0.71372549 0.60000000
v -0.01455242 0.01231895 0.02627022 0.54509804 0.71372549 0.60000000
v -0.01357045 0.01225228 0.02623774 0.54509804 0.71372549 0.60000000
v -0.03010875 0.01142678 0.02764620 0.54509804 0.71372549 0.60000000
v -0.03010875 0.01207765 0.02745723 0.54509804 0.71372549 0.60000000
v -0.00582961 -0.01741181 0.02036177 0.54509804 0.71372549 0.60000000
v -0.01123327 -0.01765946 0.02233716 0.54509804 0.71372549 0.60000000
v -0.02233346 -0.01799284 0.02165802 0.54509804 0.71372549 0.60000000
v -0.03400214 -0.01793886 0.01906551 0.54509804 0.71372549 0.60000000
v -0.02492331 -0.01768486 0.01421414 0.54509804 0.71372549 0.60000000
v -0.03270435 -0.01680856 -0.00044331 0.54509804 0.71372549 0.60000000
v -0.04306950 -0.01777059 0.01647300 0.54509804 0.71372549 0.60000000
v -0.05085054 -0.01741181 0.01128797 0.54509804 0.71372549 0.60000000
v -0.05085054 -0.01733243 0.00999171 0.54509804 0.71372549 0.60000000
v -0.05344613 -0.01659266 -0.00038130 0.54509804 0.71372549 0.60000000
v -0.06317961 0.01220783 0.00050157 0.54509804 0.71372549 0.60000000
v -0.06172103 0.01175380 0.01776925 0.54509804 0.71372549 0.60000000
v -0.06315664 0.01207448 0.00136672 0.54509804 0.71372549 0.60000000
v -0.06268002 0.01152838 0.00869545 0.54509804 0.71372549 0.60000000
v -0.06098024 0.01165538 0.02307239 0.54509804 0.71372549 0.60000000
v -0.06150855 0.01152838 0.02036177 0.54509804 0.71372549 0.60000000
v -0.06152004 0.01023297 0.02295428 0.54509804 0.71372549 0.60000000
v -0.06081945 0.01130613 0.02425054 0.54509804 0.71372549 0.60000000
v -0.06065866 0.01102037 0.02508321 0.54509804 0.71372549 0.60000000
v -0.05994660 0.01156965 0.02558223 0.54509804 0.71372549 0.60000000
v -0.06322555 0.01224275 -0.00044331 0.54509804 0.71372549 0.60000000
v -0.05957909 0.01125215 0.02651530 0.54509804 0.71372549 0.60000000
v -0.05872920 0.01163315 0.02691097 0.54509804 0.71372549 0.60000000
v -0.05827554 0.01115373 0.02772002 0.54509804 0.71372549 0.60000000
v -0.05759219 0.01023297 0.02859699 0.54509804 0.71372549 0.60000000
v -0.05694329 0.01023297 0.02889817 0.54509804 0.71372549 0.60000000
v -0.05603598 0.01023297 0.02912258 0.54509804 0.71372549 0.60000000
v -0.05473818 0.01023297 0.02924954 0.54509804 0.71372549 0.60000000
v -0.05344613 0.01023297 0.02923774 0.54509804 0.71372549 0.60000000
v -0.05085054 0.01023297 0.02916687 0.54509804 0.71372549 0.60000000
v -0.04955274 0.01023297 0.02911962 0.54509804 0.71372549 0.60000000
v -0.04955274 0.00893757 0.02933222 0.54509804 0.71372549 0.60000000
v -0.04569380 0.01027425 0.02887750 0.54509804 0.71372549 0.60000000
v -0.02881670 0.01126485 0.02760782 0.54509804 0.71372549 0.60000000
v -0.00582961 0.01152838 0.02577121 0.54509804 0.71372549 0.60000000
v -0.01455242 0.01152838 0.02647101 0.54509804 0.71372549 0.60000000
v -0.01195682 0.01136963 0.02629975 0.54509804 0.71372549 0.60000000
v -0.02233346 0.01152838 0.02708518 0.54509804 0.71372549 0.60000000
v -0.00582961 -0.01738323 0.02165802 0.54509804 0.71372549 0.60000000
v -0.00582961 -0.01709431 0.02260586 0.54509804 0.71372549 0.60000000
v -0.00582961 -0.01697048 0.02295428 0.54509804 0.71372549 0.60000000
v -0.02363125 -0.01774836 0.02503892 0.54509804 0.71372549 0.60000000
v -0.02363125 -0.01791346 0.02425054 0.54509804 0.71372549 0.60000000
v -0.03918185 -0.01793886 0.02425054 0.54509804 0.71372549 0.60000000
v -0.04566509 -0.01798649 0.02295428 0.54509804 0.71372549 0.60000000
v -0.04696289 -0.01798649 0.02295428 0.54509804 0.71372549 0.60000000
v -0.04696289 -0.01794839 0.02165802 0.54509804 0.71372549 0.60000000
v -0.05349781 -0.01658631 -0.00044331 0.54509804 0.71372549 0.60000000
v -0.05291208 -0.01765311 0.01834504 0.54509804 0.71372549 0.60000000
v -0.05539283 -0.01764041 0.01970921 0.54509804 0.71372549 0.60000000
v -0.05733378 -0.01657361 0.00091495 0.54509804 0.71372549 0.60000000
v -0.05733378 -0.01650058 -0.00044331 0.54509804 0.71372549 0.60000000
v -0.06192775 0.01110610 0.01776925 0.54509804 0.71372549 0.60000000
v -0.06334614 0.01152838 -0.00044331 0.54509804 0.71372549 0.60000000
v -0.06317387 0.01092513 0.00306751 0.54509804 0.71372549 0.60000000
v -0.06308199 0.01142678 0.00350156 0.54509804 0.71372549 0.60000000
v -0.06300734 0.01023297 0.00610294 0.54509804 0.71372549 0.60000000
v -0.06280635 0.01023297 0.00869545 0.54509804 0.71372549 0.60000000
v -0.06203686 0.01023297 0.01776925 0.54509804 0.71372549 0.60000000
v -0.06188756 0.01093148 0.01854287 0.54509804 0.71372549 0.60000000
v -0.06122143 0.01023297 0.02425054 0.54509804 0.71372549 0.60000000
v -0.06168082 0.01023297 0.02165802 0.54509804 0.71372549 0.60000000
v -0.06168082 0.00893757 0.02295428 0.54509804 0.71372549 0.60000000
v -0.06142241 0.00893757 0.02425054 0.54509804 0.71372549 0.60000000
v -0.06075055 0.01011550 0.02552908 0.54509804 0.71372549 0.60000000
v -0.06044046 0.01046792 0.02594837 0.54509804 0.71372549 0.60000000
v -0.05989492 0.01010915 0.02679286 0.54509804 0.71372549 0.60000000
v -0.05914266 0.01061715 0.02738046 0.54509804 0.71372549 0.60000000
v -0.05867752 0.01020440 0.02789423 0.54509804 0.71372549 0.60000000
v -0.05789654 0.00893757 0.02874758 0.54509804 0.71372549 0.60000000
v -0.05724764 0.00893757 0.02902514 0.54509804 0.71372549 0.60000000
v -0.05603598 0.00893757 0.02938537 0.54509804 0.71372549 0.60000000
v -0.05473818 0.00893757 0.02952415 0.54509804 0.71372549 0.60000000
v -0.05085054 0.00893757 0.02939718 0.54509804 0.71372549 0.60000000
v -0.05344613 0.00893757 0.02948281 0.54509804 0.71372549 0.60000000
v -0.04047964 0.01023297 0.02853793 0.54509804 0.71372549 0.60000000
v -0.04955274 0.00763899 0.02942671 0.54509804 0.71372549 0.60000000
v -0.02881670 0.01023297 0.02776136 0.54509804 0.71372549 0.60000000
v -0.01092892 0.01115373 0.02625250 0.54509804 0.71372549 0.60000000
v -0.00582961 0.01023297 0.02595132 0.54509804 0.71372549 0.60000000
v -0.00582961 -0.01662123 0.02353597 0.54509804 0.71372549 0.60000000
v -0.00936697 -0.01669743 0.02413538 0.54509804 0.71372549 0.60000000
v -0.03788405 -0.01780869 0.02516589 0.54509804 0.71372549 0.60000000
v -0.01844006 -0.01670696 0.02527219 0.54509804 0.71372549 0.60000000
v -0.01973786 -0.01588146 0.02595428 0.54509804 0.71372549 0.60000000
v -0.03529420 -0.01678633 0.02648577 0.54509804 0.71372549 0.60000000
v -0.05473818 -0.01662758 0.02774660 0.54509804 0.71372549 0.60000000
v -0.04534926 -0.01775154 0.02509798 0.54509804 0.71372549 0.60000000
v -0.04896701 -0.01764676 0.02495329 0.54509804 0.71372549 0.60000000
v -0.05412948 -0.01764358 0.02360979 0.54509804 0.71372549 0.60000000
v -0.05539283 -0.01764041 0.01980665 0.54509804 0.71372549 0.60000000
v -0.05590965 -0.01759278 0.02028795 0.54509804 0.71372549 0.60000000
v -0.06251923 -0.01663393 0.00999171 0.54509804 0.71372549 0.60000000
v -0.05992363 -0.01661806 0.00480668 0.54509804 0.71372549 0.60000000
v -0.05863158 -0.01649423 0.00091495 0.54509804 0.71372549 0.60000000
v -0.05862009 -0.01643073 -0.00029272 0.54509804 0.71372549 0.60000000
v -0.05856841 -0.01642438 -0.00044331 0.54509804 0.71372549 0.60000000
v -0.06347247 0.01023297 -0.00044331 0.54509804 0.71372549 0.60000000
v -0.06349545 0.00893757 0.00091495 0.54509804 0.71372549 0.60000000
v -0.06310496 0.01023297 0.00480668 0.54509804 0.71372549 0.60000000
v -0.06310496 0.00893757 0.00610294 0.54509804 0.71372549 0.60000000
v -0.06235844 0.00893757 0.01517378 0.54509804 0.71372549 0.60000000
v -0.06188756 0.00842322 0.02125940 0.54509804 0.71372549 0.60000000
v -0.06093431 0.00893757 0.02554680 0.54509804 0.71372549 0.60000000
v -0.06057827 0.00960432 0.02620231 0.54509804 0.71372549 0.60000000
v -0.06185884 0.00763899 0.02212751 0.54509804 0.71372549 0.60000000
v -0.06176122 0.00763899 0.02295428 0.54509804 0.71372549 0.60000000
v -0.06150281 0.00763899 0.02425054 0.54509804 0.71372549 0.60000000
v -0.05934938 0.00975355 0.02755762 0.54509804 0.71372549 0.60000000
v -0.05863158 0.00893757 0.02823675 0.54509804 0.71372549 0.60000000
v -0.05797694 0.00824859 0.02878596 0.54509804 0.71372549 0.60000000
v -0.05603598 0.00763899 0.02947100 0.54509804 0.71372549 0.60000000
v -0.05746011 0.00774694 0.02903695 0.54509804 0.71372549 0.60000000
v -0.05473818 0.00763899 0.02961569 0.54509804 0.71372549 0.60000000
v -0.05344613 0.00763899 0.02960092 0.54509804 0.71372549 0.60000000
v -0.05085054 0.00763899 0.02948577 0.54509804 0.71372549 0.60000000
v -0.04825495 0.00763899 0.02933222 0.54509804 0.71372549 0.60000000
v -0.05344613 0.00634359 0.02963931 0.54509804 0.71372549 0.60000000
v -0.05344613 0.00504819 0.02965998 0.54509804 0.71372549 0.60000000
v -0.05344613 0.00374961 0.02967179 0.54509804 0.71372549 0.60000000
v -0.05344613 0.00115563 0.02968065 0.54509804 0.71372549 0.60000000
v -0.05344613 -0.00013977 0.02968360 0.54509804 0.71372549 0.60000000
v -0.04955274 -0.01050934 0.02945624 0.54509804 0.71372549 0.60000000
v -0.03948620 -0.00973464 0.02881844 0.54509804 0.71372549 0.60000000
v -0.04089310 0.00714687 0.02880959 0.54509804 0.71372549 0.60000000
v -0.02751890 0.00893757 0.02770526 0.54509804 0.71372549 0.60000000
v -0.01195682 0.01023297 0.02644148 0.54509804 0.71372549 0.60000000
v -0.00773611 0.00763899 0.02617278 0.54509804 0.71372549 0.60000000
v -0.00582961 0.00634359 0.02601924 0.54509804 0.71372549 0.60000000
v -0.00582961 -0.01648788 0.02373971 0.54509804 0.71372549 0.60000000
v -0.00582961 -0.01569413 0.02418853 0.54509804 0.71372549 0.60000000
v -0.00936697 -0.01569413 0.02466688 0.54509804 0.71372549 0.60000000
v -0.05473818 -0.01704351 0.02684305 0.54509804 0.71372549 0.60000000
v -0.01973786 -0.01523376 0.02627908 0.54509804 0.71372549 0.60000000
v -0.05344613 -0.01569413 0.02820132 0.54509804 0.71372549 0.60000000
v -0.05473818 -0.01569413 0.02826037 0.54509804 0.71372549 0.60000000
v -0.05565124 -0.01649106 0.02760191 0.54509804 0.71372549 0.60000000
v -0.05733378 -0.01670378 0.02664227 0.54509804 0.71372549 0.60000000
v -0.05733378 -0.01724353 0.02554680 0.54509804 0.71372549 0.60000000
v -0.05603598 -0.01753246 0.02165802 0.54509804 0.71372549 0.60000000
v -0.05992363 -0.01695143 0.02165802 0.54509804 0.71372549 0.60000000
v -0.06216319 -0.01642756 0.01860783 0.54509804 0.71372549 0.60000000
v -0.06321981 -0.01638946 0.01073580 0.54509804 0.71372549 0.60000000
v -0.06323129 -0.01639898 0.00999171 0.54509804 0.71372549 0.60000000
v -0.06319684 -0.01637041 0.00924761 0.54509804 0.71372549 0.60000000
v -0.06190478 -0.01636406 0.00277519 0.54509804 0.71372549 0.60000000
v -0.06122143 -0.01602116 -0.00038130 0.54509804 0.71372549 0.60000000
v -0.06122143 -0.01600211 -0.00044331 0.54509804 0.71372549 0.60000000
v -0.06356435 0.00887407 -0.00044331 0.54509804 0.71372549 0.60000000
v -0.06355861 0.00893757 -0.00038130 0.54509804 0.71372549 0.60000000
v -0.06448889 -0.01371293 0.00421022 0.54509804 0.71372549 0.60000000
v -0.06324278 -0.01361133 0.02000153 0.54509804 0.71372549 0.60000000
v -0.06101470 0.00763899 0.02554680 0.54509804 0.71372549 0.60000000
v -0.06060699 0.00893757 0.02624069 0.54509804 0.71372549 0.60000000
v -0.06007294 0.00893757 0.02688735 0.54509804 0.71372549 0.60000000
v -0.05942404 0.00893757 0.02763144 0.54509804 0.71372549 0.60000000
v -0.06160043 0.00245421 0.02425054 0.54509804 0.71372549 0.60000000
v -0.06129608 -0.00402598 0.02554680 0.54509804 0.71372549 0.60000000
v -0.06105490 0.00634359 0.02554680 0.54509804 0.71372549 0.60000000
v -0.06188181 -0.00184475 0.02363932 0.54509804 0.71372549 0.60000000
v -0.05853395 0.00774694 0.02842868 0.54509804 0.71372549 0.60000000
v -0.05803436 0.00738499 0.02882140 0.54509804 0.71372549 0.60000000
v -0.05733378 0.00634359 0.02911372 0.54509804 0.71372549 0.60000000
v -0.05603598 0.00634359 0.02949462 0.54509804 0.71372549 0.60000000
v -0.05473818 0.00374961 0.02968655 0.54509804 0.71372549 0.60000000
v -0.05473818 -0.00013977 0.02972199 0.54509804 0.71372549 0.60000000
v -0.05344613 -0.00143518 0.02968065 0.54509804 0.71372549 0.60000000
v -0.04177170 -0.01036647 0.02893065 0.54509804 0.71372549 0.60000000
v -0.04047964 -0.01014422 0.02886864 0.54509804 0.71372549 0.60000000
v -0.03948620 -0.00996959 0.02881844 0.54509804 0.71372549 0.60000000
v -0.05344613 -0.01050934 0.02964226 0.54509804 0.71372549 0.60000000
v -0.02290770 -0.00982037 0.02750742 0.54509804 0.71372549 0.60000000
v -0.00739156 0.00320033 0.02619935 0.54509804 0.71372549 0.60000000
v -0.00582961 0.00373374 0.02603991 0.54509804 0.71372549 0.60000000
v -0.00582961 -0.01439555 0.02464030 0.54509804 0.71372549 0.60000000
v -0.00718483 -0.01395423 0.02498873 0.54509804 0.71372549 0.60000000
v -0.00582961 -0.01050934 0.02584503 0.54509804 0.71372549 0.60000000
v -0.01325462 -0.01050934 0.02658026 0.54509804 0.71372549 0.60000000
v -0.02363125 -0.01004579 0.02754876 0.54509804 0.71372549 0.60000000
v -0.05473818 -0.01050934 0.02955368 0.54509804 0.71372549 0.60000000
v -0.05613935 -0.01062047 0.02913144 0.54509804 0.71372549 0.60000000
v -0.05702369 -0.01026169 0.02894541 0.54509804 0.71372549 0.60000000
v -0.05606470 -0.01570366 0.02777022 0.54509804 0.71372549 0.60000000
v -0.05732804 -0.01570366 0.02727711 0.54509804 0.71372549 0.60000000
v -0.05837317 -0.01656408 0.02645329 0.54509804 0.71372549 0.60000000
v -0.05873494 -0.01678951 0.02564719 0.54509804 0.71372549 0.60000000
v -0.05863158 -0.01703716 0.02425054 0.54509804 0.71372549 0.60000000
v -0.06002700 -0.01671966 0.02304877 0.54509804 0.71372549 0.60000000
v -0.06075629 -0.01650376 0.02267968 0.54509804 0.71372549 0.60000000
v -0.06204834 -0.01524963 0.02295428 0.54509804 0.71372549 0.60000000
v -0.06221488 -0.01543696 0.02165802 0.54509804 0.71372549 0.60000000
v -0.06318535 -0.01517978 0.01853401 0.54509804 0.71372549 0.60000000
v -0.06326575 -0.01530043 0.01776925 0.54509804 0.71372549 0.60000000
v -0.06339782 -0.01541473 0.01647300 0.54509804 0.71372549 0.60000000
v -0.06358732 -0.01569413 0.00999171 0.54509804 0.71372549 0.60000000
v -0.06448889 -0.01383358 0.00409507 0.54509804 0.71372549 0.60000000
v -0.06348396 -0.01529091 0.00351042 0.54509804 0.71372549 0.60000000
v -0.06324852 -0.01518931 0.00002618 0.54509804 0.71372549 0.60000000
v -0.06251923 -0.01575446 0.00091495 0.54509804 0.71372549 0.60000000
v -0.06258814 -0.01551316 -0.00039607 0.54509804 0.71372549 0.60000000
v -0.06126737 -0.01598623 -0.00044331 0.54509804 0.71372549 0.60000000
v -0.06257091 -0.01550681 -0.00044331 0.54509804 0.71372549 0.60000000
v -0.06361030 0.00757867 -0.00044331 0.54509804 0.71372549 0.60000000
v -0.06448889 -0.01371293 0.00409507 0.54509804 0.71372549 0.60000000
v -0.06448889 -0.01383358 0.00421022 0.54509804 0.71372549 0.60000000
v -0.06324278 -0.01400820 0.02000153 0.54509804 0.71372549 0.60000000
v -0.06267427 -0.01439873 0.02165802 0.54509804 0.71372549 0.60000000
v -0.06064144 0.00763899 0.02629089 0.54509804 0.71372549 0.60000000
v -0.06013036 0.00763899 0.02694049 0.54509804 0.71372549 0.60000000
v -0.05948146 0.00763899 0.02769049 0.54509804 0.71372549 0.60000000
v -0.06079075 -0.00402598 0.02650349 0.54509804 0.71372549 0.60000000
v -0.06214597 -0.01437015 0.02306353 0.54509804 0.71372549 0.60000000
v -0.06189904 -0.01509723 0.02363637 0.54509804 0.71372549 0.60000000
v -0.05867752 0.00634359 0.02834896 0.54509804 0.71372549 0.60000000
v -0.05874068 0.00115563 0.02841687 0.54509804 0.71372549 0.60000000
v -0.05812050 -0.00013977 0.02887455 0.54509804 0.71372549 0.60000000
v -0.05733378 -0.00013977 0.02921707 0.54509804 0.71372549 0.60000000
v -0.05603598 -0.00013977 0.02959206 0.54509804 0.71372549 0.60000000
v -0.05473818 -0.00921077 0.02961273 0.54509804 0.71372549 0.60000000
v -0.02290770 -0.00990292 0.02750742 0.54509804 0.71372549 0.60000000
v -0.00739156 0.00303206 0.02619935 0.54509804 0.71372549 0.60000000
v -0.00582961 0.00345116 0.02603695 0.54509804 0.71372549 0.60000000
v -0.00582961 0.00247643 0.02602514 0.54509804 0.71372549 0.60000000
v -0.00964835 -0.01008389 0.02626727 0.54509804 0.71372549 0.60000000
v -0.05603598 -0.00921077 0.02940014 0.54509804 0.71372549 0.60000000
v -0.05725339 -0.00921077 0.02902514 0.54509804 0.71372549 0.60000000
v -0.05790228 -0.00921077 0.02874758 0.54509804 0.71372549 0.60000000
v -0.05873494 -0.01576081 0.02659502 0.54509804 0.71372549 0.60000000
v -0.05689735 -0.01527821 0.02758124 0.54509804 0.71372549 0.60000000
v -0.05924028 -0.01623706 0.02614325 0.54509804 0.71372549 0.60000000
v -0.05946424 -0.01649423 0.02528105 0.54509804 0.71372549 0.60000000
v -0.06119846 -0.01597036 0.02304877 0.54509804 0.71372549 0.60000000
v -0.06299585 -0.01442413 0.02040311 0.54509804 0.71372549 0.60000000
v -0.06310496 -0.01487180 0.01939622 0.54509804 0.71372549 0.60000000
v -0.06349545 -0.01439873 0.01647300 0.54509804 0.71372549 0.60000000
v -0.06379405 -0.00661996 -0.00044331 0.54509804 0.71372549 0.60000000
v -0.06373089 -0.00791536 -0.00044331 0.54509804 0.71372549 0.60000000
v -0.06322555 -0.01269692 -0.00044331 0.54509804 0.71372549 0.60000000
v -0.06297288 -0.01433205 -0.00044331 0.54509804 0.71372549 0.60000000
v -0.06371366 0.00245421 -0.00044331 0.54509804 0.71372549 0.60000000
v -0.06376534 -0.00273058 -0.00044331 0.54509804 0.71372549 0.60000000
v -0.06377683 -0.00402598 -0.00044331 0.54509804 0.71372549 0.60000000
v -0.06027392 -0.00273058 0.02713538 0.54509804 0.71372549 0.60000000
v -0.05962502 -0.00273058 0.02779679 0.54509804 0.71372549 0.60000000
v -0.06069887 -0.00791536 0.02639128 0.54509804 0.71372549 0.60000000
v -0.06022798 -0.00791536 0.02703794 0.54509804 0.71372549 0.60000000
v -0.06028541 -0.00402598 0.02715309 0.54509804 0.71372549 0.60000000
v -0.05938384 -0.01537346 0.02626431 0.54509804 0.71372549 0.60000000
v -0.05954463 -0.00921077 0.02773183 0.54509804 0.71372549 0.60000000
v -0.06066441 -0.00890597 0.02634404 0.54509804 0.71372549 0.60000000
v -0.05878088 -0.00402598 0.02845821 0.54509804 0.71372549 0.60000000
v -0.05963651 -0.00402598 0.02781156 0.54509804 0.71372549 0.60000000
v -0.05813198 -0.00402598 0.02887455 0.54509804 0.71372549 0.60000000
v -0.05733378 -0.00402598 0.02919639 0.54509804 0.71372549 0.60000000
v -0.05603598 -0.00402598 0.02952120 0.54509804 0.71372549 0.60000000
v -0.05806307 -0.00766136 0.02883911 0.54509804 0.71372549 0.60000000
v -0.05863158 -0.00921077 0.02834010 0.54509804 0.71372549 0.60000000
v -0.05941830 -0.01006484 0.02761372 0.54509804 0.71372549 0.60000000
v -0.05957909 -0.00791536 0.02777317 0.54509804 0.71372549 0.60000000
v -0.05855118 -0.00802332 0.02849364 0.54509804 0.71372549 0.60000000
f 1 2 3
f 1 3 4
f 1 4 5
f 1 5 6
f 1 6 7
f 1 7 8
f 1 8 9
f 1 9 10
f 1 10 11
f 1 11 12
f 1 12 13
f 1 13 2
f 2 13 3
f 3 14 29
f 3 29 54
f 3 54 86
f 3 86 119
f 3 119 158
f 3 158 203
f 3 203 252
f 3 252 297
f 3 297 345
f 3 345 346
f 3 346 300
f 3 300 298
f 3 298 254
f 3 254 253
f 3 253 204
f 3 204 164
f 3 164 163
f 3 163 162
f 3 162 124
f 3 124 88
f 3 88 55
f 3 55 30
f 3 30 15
f 3 15 5
f 3 5 4
f 3 13 14
f 5 15 31
f 5 31 58
f 5 58 94
f 5 94 129
f 5 129 171
f 5 171 175
f 5 175 220
f 5 220 271
f 5 271 324
f 5 324 325
f 5 325 362
f 5 362 361
f 5 361 360
f 5 360 359
f 5 359 365
f 5 365 364
f 5 364 363
f 5 363 326
f 5 326 272
f 5 272 221
f 5 221 177
f 5 177 144
f 5 144 101
f 5 101 66
f 5 66 65
f 5 65 37
f 5 37 36
f 5 36 33
f 5 33 32
f 5 32 16
f 5 16 6
f 6 16 32
f 6 32 17
f 6 17 18
f 6 18 7
f 7 18 8
f 8 18 19
f 8 19 20
f 8 20 9
f 9 20 21
f 9 21 11
f 9 11 10
f 11 22 23
f 11 23 24
f 11 24 13
f 11 13 12
f 11 21 22
f 13 24 25
f 13 25 26
f 13 26 27
f 13 27 28
f 13 28 14
f 14 28 29
f 15 30 57
f 15 57 31
f 17 32 33
f 17 33 34
f 17 34 18
f 18 34 19
f 19 35 20
f 19 34 36
f 19 36 37
f 19 37 38
f 19 38 39
f 19 39 35
f 20 35 40
f 20 40 41
f 20 41 21
f 21 41 42
f 21 42 23
f 21 23 22
f 23 42 43
f 23 43 44
f 23 44 25
f 23 25 24
f 25 45 46
f 25 46 47
f 25 47 26
f 25 44 45
f 26 47 48
f 26 48 49
f 26 49 50
f 26 50 51
f 26 51 27
f 27 52 28
f 27 51 52
f 28 53 54
f 28 54 29
f 28 52 53
f 30 55 56
f 30 56 57
f 31 57 58
f 33 36 34
f 35 59 60
f 35 60 61
f 35 61 62
f 35 62 63
f 35 63 40
f 35 39 64
f 35 64 59
f 37 65 38
f 38 65 39
f 39 65 66
f 39 66 67
f 39 67 64
f 40 63 41
f 41 63 42
f 42 63 68
f 42 68 69
f 42 69 43
f 43 69 70
f 43 70 71
f 43 71 72
f 43 72 44
f 44 72 73
f 44 73 74
f 44 74 45
f 45 75 76
f 45 76 46
f 45 74 75
f 46 76 47
f 47 77 48
f 47 76 77
f 48 77 76
f 48 76 78
f 48 78 49
f 49 51 50
f 49 78 79
f 49 79 51
f 51 80 81
f 51 81 82
f 51 82 52
f 51 79 83
f 51 83 80
f 52 82 53
f 53 82 81
f 53 81 84
f 53 84 85
f 53 85 54
f 54 85 87
f 54 87 86
f 55 88 89
f 55 89 90
f 55 90 91
f 55 91 57
f 55 57 92
f 55 92 56
f 56 92 57
f 57 91 58
f 58 91 93
f 58 93 94
f 59 64 60
f 60 64 95
f 60 95 96
f 60 96 97
f 60 97 61
f 61 97 98
f 61 98 62
f 62 98 99
f 62 99 100
f 62 100 69
f 62 69 68
f 62 68 63
f 64 67 95
f 66 101 102
f 66 102 67
f 67 102 103
f 67 103 95
f 69 100 104
f 69 104 105
f 69 105 70
f 70 105 106
f 70 106 71
f 71 107 73
f 71 73 72
f 71 106 107
f 73 107 108
f 73 108 109
f 73 109 110
f 73 110 74
f 74 110 75
f 75 111 76
f 75 110 112
f 75 112 111
f 76 111 113
f 76 113 78
f 78 113 79
f 79 113 114
f 79 114 115
f 79 115 83
f 80 83 85
f 80 85 84
f 80 84 81
f 83 115 116
f 83 116 117
f 83 117 85
f 85 117 87
f 86 118 119
f 86 87 120
f 86 120 121
f 86 121 118
f 87 122 123
f 87 123 121
f 87 121 120
f 87 117 116
f 87 116 122
f 88 124 125
f 88 125 89
f 89 125 126
f 89 126 90
f 90 126 91
f 91 126 127
f 91 127 128
f 91 128 93
f 93 129 94
f 93 128 127
f 93 127 130
f 93 130 131
f 93 131 132
f 93 132 133
f 93 133 129
f 95 103 134
f 95 134 96
f 96 135 97
f 96 134 136
f 96 136 137
f 96 137 135
f 97 138 98
f 97 135 139
f 97 139 185
f 97 185 140
f 97 140 138
f 98 138 99
f 99 138 141
f 99 141 142
f 99 142 143
f 99 143 106
f 99 106 105
f 99 105 104
f 99 104 100
f 101 144 102
f 102 144 134
f 102 134 103
f 106 143 145
f 106 145 146
f 106 146 107
f 107 146 147
f 107 147 108
f 108 147 109
f 109 147 148
f 109 148 149
f 109 149 150
f 109 150 112
f 109 112 110
f 111 151 113
f 111 112 151
f 112 150 151
f 113 151 152
f 113 152 114
f 114 152 115
f 115 152 153
f 115 153 116
f 116 153 154
f 116 154 155
f 116 155 156
f 116 156 157
f 116 157 122
f 118 158 119
f 118 121 158
f 121 159 160
f 121 160 158
f 121 123 161
f 121 161 159
f 122 157 123
f 123 157 161
f 124 162 125
f 125 162 163
f 125 163 164
f 125 164 165
f 125 165 166
f 125 166 126
f 126 166 167
f 126 167 168
f 126 168 169
f 126 169 127
f 127 169 170
f 127 170 130
f 129 133 171
f 130 170 131
f 131 170 172
f 131 172 173
f 131 173 174
f 131 174 175
f 131 175 132
f 132 175 133
f 133 175 171
f 134 144 136
f 135 137 176
f 135 176 139
f 136 144 177
f 136 177 178
f 136 178 179
f 136 179 137
f 137 179 178
f 137 178 180
f 137 180 181
f 137 181 182
f 137 182 183
f 137 183 176
f 138 140 184
f 138 184 141
f 139 176 183
f 139 183 185
f 140 185 186
f 140 186 187
f 140 187 184
f 141 184 142
f 142 188 189
f 142 189 145
f 142 145 143
f 142 184 188
f 145 190 191
f 145 191 147
f 145 147 146
f 145 189 190
f 147 191 192
f 147 192 148
f 148 192 193
f 148 193 149
f 149 194 195
f 149 195 150
f 149 193 194
f 150 195 196
f 150 196 151
f 151 196 152
f 152 196 153
f 153 197 154
f 153 196 198
f 153 198 197
f 154 197 155
f 155 199 156
f 155 197 200
f 155 200 201
f 155 201 199
f 156 199 157
f 157 201 161
f 157 199 201
f 158 160 202
f 158 202 203
f 159 161 160
f 160 161 202
f 161 201 202
f 164 204 205
f 164 205 165
f 165 206 166
f 165 205 207
f 165 207 208
f 165 208 209
f 165 209 210
f 165 210 206
f 166 206 167
f 167 211 169
f 167 169 168
f 167 206 211
f 169 211 212
f 169 212 213
f 169 213 214
f 169 214 173
f 169 173 170
f 170 173 172
f 173 214 215
f 173 215 216
f 173 216 217
f 173 217 174
f 174 218 219
f 174 219 175
f 174 217 218
f 175 219 220
f 177 221 178
f 178 221 222
f 178 222 223
f 178 223 180
f 180 223 224
f 180 224 181
f 181 225 226
f 181 226 182
f 181 224 225
f 182 226 185
f 182 185 183
f 184 187 227
f 184 227 228
f 184 228 188
f 185 226 186
f 186 229 230
f 186 230 231
f 186 231 187
f 186 226 229
f 187 231 276
f 187 276 227
f 188 228 189
f 189 228 190
f 190 232 191
f 190 228 232
f 191 232 192
f 192 232 193
f 193 232 233
f 193 233 234
f 193 234 194
f 194 235 195
f 194 234 236
f 194 236 235
f 195 235 237
f 195 237 196
f 196 237 238
f 196 238 198
f 197 198 238
f 197 238 239
f 197 239 200
f 200 240 201
f 200 239 241
f 200 241 242
f 200 242 243
f 200 243 244
f 200 244 245
f 200 245 246
f 200 246 247
f 200 247 248
f 200 248 240
f 201 249 250
f 201 250 202
f 201 240 248
f 201 248 249
f 202 250 203
f 203 251 252
f 203 250 251
f 204 253 205
f 205 253 254
f 205 254 255
f 205 255 208
f 205 208 207
f 206 210 256
f 206 256 211
f 208 255 257
f 208 257 258
f 208 258 209
f 209 258 210
f 210 258 259
f 210 259 260
f 210 260 261
f 210 261 262
f 210 262 256
f 211 256 262
f 211 262 212
f 212 262 213
f 213 262 263
f 213 263 215
f 213 215 214
f 215 263 262
f 215 262 264
f 215 264 216
f 216 264 265
f 216 265 266
f 216 266 267
f 216 267 268
f 216 268 269
f 216 269 217
f 217 219 218
f 217 269 219
f 219 269 220
f 220 270 271
f 220 269 270
f 221 272 273
f 221 273 222
f 222 273 274
f 222 274 224
f 222 224 223
f 224 274 275
f 224 275 226
f 224 226 225
f 226 275 229
f 227 276 277
f 227 277 228
f 228 277 278
f 228 278 279
f 228 279 232
f 229 275 230
f 230 275 231
f 231 280 281
f 231 281 282
f 231 282 276
f 231 275 283
f 231 283 280
f 232 279 233
f 233 284 234
f 233 279 284
f 234 285 236
f 234 284 285
f 235 236 286
f 235 286 287
f 235 287 237
f 236 285 286
f 237 288 241
f 237 241 238
f 237 287 288
f 238 241 239
f 241 288 242
f 242 288 289
f 242 289 243
f 243 289 244
f 244 289 245
f 245 289 290
f 245 290 246
f 246 291 292
f 246 292 293
f 246 293 247
f 246 290 294
f 246 294 258
f 246 258 257
f 246 257 291
f 247 293 343
f 247 343 295
f 247 295 296
f 247 296 248
f 248 296 251
f 248 251 250
f 248 250 249
f 251 296 252
f 252 296 297
f 254 298 299
f 254 299 257
f 254 257 255
f 257 299 300
f 257 300 301
f 257 301 302
f 257 302 291
f 258 294 259
f 259 294 303
f 259 303 304
f 259 304 305
f 259 305 306
f 259 306 260
f 260 306 307
f 260 307 308
f 260 308 261
f 261 308 262
f 262 308 309
f 262 309 310
f 262 310 264
f 264 310 311
f 264 311 312
f 264 312 265
f 265 313 314
f 265 314 315
f 265 315 316
f 265 316 317
f 265 317 266
f 265 312 313
f 266 317 318
f 266 318 267
f 267 318 319
f 267 319 268
f 268 319 320
f 268 320 321
f 268 321 322
f 268 322 269
f 269 322 323
f 269 323 270
f 270 324 271
f 270 323 325
f 270 325 324
f 272 326 327
f 272 327 274
f 272 274 273
f 274 327 319
f 274 319 328
f 274 328 329
f 274 329 275
f 275 329 330
f 275 330 281
f 275 281 283
f 276 282 331
f 276 331 277
f 277 331 332
f 277 332 278
f 278 332 333
f 278 333 279
f 279 333 284
f 280 283 281
f 281 334 331
f 281 331 282
f 281 330 335
f 281 335 336
f 281 336 334
f 284 333 337
f 284 337 338
f 284 338 285
f 285 339 340
f 285 340 286
f 285 338 339
f 286 340 287
f 287 340 341
f 287 341 288
f 288 341 289
f 289 342 294
f 289 294 290
f 289 341 342
f 291 302 292
f 292 302 293
f 293 302 343
f 294 342 303
f 295 343 344
f 295 344 296
f 296 344 297
f 297 344 345
f 298 300 299
f 300 346 347
f 300 347 301
f 301 347 343
f 301 343 302
f 303 342 348
f 303 348 305
f 303 305 304
f 305 348 349
f 305 349 350
f 305 350 351
f 305 351 307
f 305 307 352
f 305 352 306
f 306 352 307
f 307 351 308
f 308 351 353
f 308 353 309
f 309 353 354
f 309 354 312
f 309 312 311
f 309 311 310
f 312 354 355
f 312 355 313
f 313 355 336
f 313 336 330
f 313 330 329
f 313 329 356
f 313 356 357
f 313 357 315
f 313 315 314
f 315 357 329
f 315 329 316
f 316 329 317
f 317 329 358
f 317 358 328
f 317 328 318
f 318 328 319
f 319 327 359
f 319 359 360
f 319 360 321
f 319 321 320
f 321 360 361
f 321 361 362
f 321 362 325
f 321 325 323
f 321 323 322
f 326 363 327
f 327 363 364
f 327 364 365
f 327 365 359
f 328 358 329
f 329 357 356
f 330 336 335
f 331 366 332
f 331 334 366
f 332 366 333
f 333 366 367
f 333 367 338
f 333 338 337
f 334 336 368
f 334 368 369
f 334 369 370
f 334 370 366
f 336 355 354
f 336 354 353
f 336 353 371
f 336 371 372
f 336 372 373
f 336 373 368
f 338 374 339
f 338 367 375
f 338 375 374
f 339 376 340
f 339 374 376
f 340 376 377
f 340 377 341
f 341 377 378
f 341 378 342
f 342 378 348
f 343 347 344
f 344 347 346
f 344 346 345
f 348 378 377
f 348 377 379
f 348 379 349
f 349 379 350
f 350 379 380
f 350 380 351
f 351 380 381
f 351 381 353
f 353 381 371
f 366 370 367
f 367 370 375
f 368 373 369
f 369 373 372
f 369 372 382
f 369 382 370
f 370 382 375
f 371 381 372
f 372 381 380
f 372 380 383
f 372 383 382
f 374 383 379
f 374 379 376
f 374 375 382
f 374 382 383
f 376 379 377
f 379 383 380

o geometry_1
v 0.05675537 0.01659629 -0.02501583 0.54117647 0.42352941 0.64313725
v 0.05805341 0.01648150 -0.01723830 0.54117647 0.42352941 0.64313725
v 0.05805341 0.01652933 -0.02501583 0.54117647 0.42352941 0.64313725
v 0.05675537 0.01646237 -0.02631244 0.54117647 0.42352941 0.64313725
v 0.02953067 0.01611481 -0.02701656 0.54117647 0.42352941 0.64313725
v 0.00555107 0.01606698 -0.02436967 0.54117647 0.42352941 0.64313725
v 0.00555107 0.01606698 -0.02436323 0.54117647 0.42352941 0.64313725
v 0.05675537 0.01646556 -0.01723830 0.54117647 0.42352941 0.64313725
v 0.05923531 0.01619133 -0.00988796 0.54117647 0.42352941 0.64313725
v 0.06053335 0.01620090 -0.00988796 0.54117647 0.42352941 0.64313725
v 0.05935146 0.01635395 -0.01464507 0.54117647 0.42352941 0.64313725
v 0.05913967 0.01630613 -0.02371922 0.54117647 0.42352941 0.64313725
v 0.05903036 0.01626467 -0.02501583 0.54117647 0.42352941 0.64313725
v 0.05890739 0.01618814 -0.02595180 0.54117647 0.42352941 0.64313725
v 0.05806708 0.01631250 -0.02635538 0.54117647 0.42352941 0.64313725
v 0.06069732 0.01619133 -0.01086257 0.54117647 0.42352941 0.64313725
v 0.06031474 0.01622003 -0.01464507 0.54117647 0.42352941 0.64313725
v 0.06129852 0.01607017 -0.01142286 0.54117647 0.42352941 0.64313725
v 0.06018493 0.01617858 -0.01983152 0.54117647 0.42352941 0.64313725
v 0.06013711 0.01614988 -0.02112599 0.54117647 0.42352941 0.64313725
v 0.05765034 0.01614032 -0.02718830 0.54117647 0.42352941 0.64313725
v 0.05675537 0.01616901 -0.02734501 0.54117647 0.42352941 0.64313725
v 0.05469900 0.01606060 -0.02821872 0.54117647 0.42352941 0.64313725
v 0.05383820 0.01608292 -0.02827668 0.54117647 0.42352941 0.64313725
v 0.05286808 0.01623916 -0.02760906 0.54117647 0.42352941 0.64313725
v 0.02874501 0.01609886 -0.02699724 0.54117647 0.42352941 0.64313725
v 0.05286808 0.01608930 -0.02828312 0.54117647 0.42352941 0.64313725
v 0.05215758 0.01608292 -0.02827239 0.54117647 0.42352941 0.64313725
v -0.00417058 0.01511358 -0.02460366 0.54117647 0.42352941 0.64313725
v -0.00417058 0.01563970 -0.02371922 0.54117647 0.42352941 0.64313725
v -0.00158133 0.01589479 -0.02242260 0.54117647 0.42352941 0.64313725
v 0.05705597 0.01611481 -0.00988796 0.54117647 0.42352941 0.64313725
v -0.00158133 0.01576087 -0.02112599 0.54117647 0.42352941 0.64313725
v -0.00581704 0.01546114 -0.01983152 0.54117647 0.42352941 0.64313725
v 0.06098426 0.01605741 -0.00988796 0.54117647 0.42352941 0.64313725
v 0.06129852 0.01607017 -0.01136704 0.54117647 0.42352941 0.64313725
v 0.06004829 0.01610205 -0.02195677 0.54117647 0.42352941 0.64313725
v 0.05851115 0.01600002 -0.02681477 0.54117647 0.42352941 0.64313725
v 0.05967938 0.01582464 -0.02501583 0.54117647 0.42352941 0.64313725
v 0.06017810 0.01499560 -0.02631244 0.54117647 0.42352941 0.64313725
v 0.05934462 0.01568753 -0.02635538 0.54117647 0.42352941 0.64313725
v 0.06082712 0.01561100 -0.01983152 0.54117647 0.42352941 0.64313725
v 0.06176308 0.01540055 -0.00988796 0.54117647 0.42352941 0.64313725
v 0.06168110 0.01551853 -0.01086257 0.54117647 0.42352941 0.64313725
v 0.06164694 0.01548346 -0.01193378 0.54117647 0.42352941 0.64313725
v 0.06155813 0.01508807 -0.01723830 0.54117647 0.42352941 0.64313725
v 0.06149664 0.01503067 -0.01853491 0.54117647 0.42352941 0.64313725
v 0.06087494 0.01535591 -0.02121186 0.54117647 0.42352941 0.64313725
v 0.05675537 0.01597132 -0.02799332 0.54117647 0.42352941 0.64313725
v 0.05806708 0.01576406 -0.02761550 0.54117647 0.42352941 0.64313725
v 0.05545733 0.01538461 -0.02880477 0.54117647 0.42352941 0.64313725
v 0.05675537 0.01532084 -0.02872749 0.54117647 0.42352941 0.64313725
v 0.05422761 0.01554404 -0.02869744 0.54117647 0.42352941 0.64313725
v 0.02175608 0.01505618 -0.02714322 0.54117647 0.42352941 0.64313725
v 0.00620009 0.01504343 -0.02584017 0.54117647 0.42352941 0.64313725
v 0.03503026 0.01485211 -0.02830459 0.54117647 0.42352941 0.64313725
v 0.05286808 0.01541969 -0.02879189 0.54117647 0.42352941 0.64313725
v 0.05545733 0.01455557 -0.02945308 0.54117647 0.42352941 0.64313725
v 0.04638471 0.01521880 -0.02862445 0.54117647 0.42352941 0.64313725
v 0.00520264 0.01495733 -0.02578006 0.54117647 0.42352941 0.64313725
v -0.00546862 0.01501473 -0.02450491 0.54117647 0.42352941 0.64313725
v -0.00581704 0.01510720 -0.02429239 0.54117647 0.42352941 0.64313725
v -0.00581704 0.01545157 -0.02371922 0.54117647 0.42352941 0.64313725
v -0.00581704 0.01552810 -0.02336930 0.54117647 0.42352941 0.64313725
v -0.00581704 0.01560781 -0.02242260 0.54117647 0.42352941 0.64313725
v -0.00581704 0.01551534 -0.02077822 0.54117647 0.42352941 0.64313725
v 0.01268346 0.01440251 -0.00988796 0.54117647 0.42352941 0.64313725
v -0.00581704 0.01294212 -0.00988796 0.54117647 0.42352941 0.64313725
v 0.01181582 0.01436106 -0.00988796 0.54117647 0.42352941 0.64313725
v 0.06113455 0.01600639 -0.00988796 0.54117647 0.42352941 0.64313725
v 0.06034890 0.01517735 -0.02501583 0.54117647 0.42352941 0.64313725
v 0.05926947 0.01506575 -0.02750601 0.54117647 0.42352941 0.64313725
v 0.05878442 0.01485211 -0.02832176 0.54117647 0.42352941 0.64313725
v 0.06102525 0.01404857 -0.02500295 0.54117647 0.42352941 0.64313725
v 0.06060851 0.01412191 -0.02631244 0.54117647 0.42352941 0.64313725
v 0.06003463 0.01481385 -0.02700583 0.54117647 0.42352941 0.64313725
v 0.06141465 0.01496052 -0.01983152 0.54117647 0.42352941 0.64313725
v 0.06221398 0.01467673 -0.00988796 0.54117647 0.42352941 0.64313725
v 0.06243943 0.01426540 -0.00988796 0.54117647 0.42352941 0.64313725
v 0.06241893 0.01419206 -0.01075523 0.54117647 0.42352941 0.64313725
v 0.06207734 0.01412191 -0.01594168 0.54117647 0.42352941 0.64313725
v 0.06198170 0.01412191 -0.01723830 0.54117647 0.42352941 0.64313725
v 0.06135317 0.01488081 -0.02083833 0.54117647 0.42352941 0.64313725
v 0.05805341 0.01508807 -0.02850638 0.54117647 0.42352941 0.64313725
v 0.05685785 0.01415699 -0.02940370 0.54117647 0.42352941 0.64313725
v 0.01835385 0.01479790 -0.02698007 0.54117647 0.42352941 0.64313725
v 0.00101475 0.01386682 -0.02580153 0.54117647 0.42352941 0.64313725
v 0.05157004 0.01443121 -0.02940370 0.54117647 0.42352941 0.64313725
v 0.05027200 0.01433236 -0.02939512 0.54117647 0.42352941 0.64313725
v 0.05157004 0.01378392 -0.02966990 0.54117647 0.42352941 0.64313725
v 0.05027200 0.01368507 -0.02962696 0.54117647 0.42352941 0.64313725
v 0.04638471 0.01330243 -0.02951963 0.54117647 0.42352941 0.64313725
v 0.03464085 0.01423033 -0.02847847 0.54117647 0.42352941 0.64313725
v 0.03082871 0.01438976 -0.02813715 0.54117647 0.42352941 0.64313725
v 0.02175608 0.01412191 -0.02750601 0.54117647 0.42352941 0.64313725
v 0.05416612 0.01452368 -0.02944235 0.54117647 0.42352941 0.64313725
v 0.05545733 0.01390827 -0.02972786 0.54117647 0.42352941 0.64313725
v 0.05648893 0.01374884 -0.02965702 0.54117647 0.42352941 0.64313725
v 0.00101475 0.01451411 -0.02552031 0.54117647 0.42352941 0.64313725
v -0.00287937 0.01412191 -0.02526485 0.54117647 0.42352941 0.64313725
v -0.00581704 0.01412191 -0.02491493 0.54117647 0.42352941 0.64313725
v -0.00581704 0.01497328 -0.02448345 0.54117647 0.42352941 0.64313725
v -0.00581704 -0.01561527 -0.00988796 0.54117647 0.42352941 0.64313725
v 0.06128485 0.01473413 -0.02169916 0.54117647 0.42352941 0.64313725
v 0.06110039 0.01436425 -0.02371922 0.54117647 0.42352941 0.64313725
v 0.05961106 0.01412191 -0.02783446 0.54117647 0.42352941 0.64313725
v 0.05896204 0.01412191 -0.02847203 0.54117647 0.42352941 0.64313725
v 0.05805341 0.01412191 -0.02898510 0.54117647 0.42352941 0.64313725
v 0.06124386 0.01317170 -0.02542585 0.54117647 0.42352941 0.64313725
v 0.06122337 0.01459383 -0.02242260 0.54117647 0.42352941 0.64313725
v 0.06133268 0.01356390 -0.02456287 0.54117647 0.42352941 0.64313725
v 0.06101158 0.01277312 -0.02621155 0.54117647 0.42352941 0.64313725
v 0.06017127 0.01412191 -0.02718615 0.54117647 0.42352941 0.64313725
v 0.06186556 0.01412191 -0.01853491 0.54117647 0.42352941 0.64313725
v 0.06250775 0.01405176 -0.00988796 0.54117647 0.42352941 0.64313725
v 0.06260339 0.01351926 -0.01151087 0.54117647 0.42352941 0.64313725
v 0.06239844 0.01401988 -0.01198744 0.54117647 0.42352941 0.64313725
v 0.06228913 0.01282733 -0.01723830 0.54117647 0.42352941 0.64313725
v 0.06172892 0.01412191 -0.01983152 0.54117647 0.42352941 0.64313725
v 0.06153080 0.01423033 -0.02121186 0.54117647 0.42352941 0.64313725
v 0.05735657 0.01336940 -0.02953895 0.54117647 0.42352941 0.64313725
v 0.01316852 0.01351607 -0.02697363 0.54117647 0.42352941 0.64313725
v 0.01230088 0.01336940 -0.02693713 0.54117647 0.42352941 0.64313725
v 0.01138542 0.01315257 -0.02691138 0.54117647 0.42352941 0.64313725
v -0.00201856 0.01338534 -0.02564911 0.54117647 0.42352941 0.64313725
v 0.05416612 0.01387639 -0.02971283 0.54117647 0.42352941 0.64313725
v 0.05416612 0.01282733 -0.02997688 0.54117647 0.42352941 0.64313725
v 0.04638471 0.01265514 -0.02964414 0.54117647 0.42352941 0.64313725
v 0.04508667 0.01308880 -0.02948743 0.54117647 0.42352941 0.64313725
v 0.03082871 0.01374247 -0.02833250 0.54117647 0.42352941 0.64313725
v 0.02985859 0.01360217 -0.02829600 0.54117647 0.42352941 0.64313725
v 0.05545733 0.01282733 -0.02996829 0.54117647 0.42352941 0.64313725
v 0.05685785 0.01289429 -0.02972571 0.54117647 0.42352941 0.64313725
v 0.05675537 0.01023178 -0.03019584 0.54117647 0.42352941 0.64313725
v 0.05545733 0.01023178 -0.03041051 0.54117647 0.42352941 0.64313725
v -0.00581704 0.01282733 -0.02535716 0.54117647 0.42352941 0.64313725
v -0.00417058 -0.01571411 -0.00988796 0.54117647 0.42352941 0.64313725
v -0.00581704 -0.01548453 -0.01464507 0.54117647 0.42352941 0.64313725
v -0.00417058 -0.01560251 -0.01464507 0.54117647 0.42352941 0.64313725
v 0.05980918 0.01282733 -0.02805342 0.54117647 0.42352941 0.64313725
v 0.05916016 0.01282733 -0.02863304 0.54117647 0.42352941 0.64313725
v 0.05799193 0.01289429 -0.02932642 0.54117647 0.42352941 0.64313725
v 0.06131901 0.01230758 -0.02571136 0.54117647 0.42352941 0.64313725
v 0.06140782 0.01277312 -0.02500295 0.54117647 0.42352941 0.64313725
v 0.06191338 0.01282733 -0.02112599 0.54117647 0.42352941 0.64313725
v 0.06160595 0.01282733 -0.02371922 0.54117647 0.42352941 0.64313725
v 0.06107307 0.01152956 -0.02648203 0.54117647 0.42352941 0.64313725
v 0.06033523 0.01282733 -0.02740512 0.54117647 0.42352941 0.64313725
v 0.06216615 0.01282733 -0.01853491 0.54117647 0.42352941 0.64313725
v 0.06263071 0.01361811 -0.00988796 0.54117647 0.42352941 0.64313725
v 0.06278785 0.01282733 -0.00988796 0.54117647 0.42352941 0.64313725
v 0.06275369 0.01282733 -0.01075523 0.54117647 0.42352941 0.64313725
v 0.06269220 0.01285921 -0.01198744 0.54117647 0.42352941 0.64313725
v 0.06239160 0.01282733 -0.01594168 0.54117647 0.42352941 0.64313725
v 0.06198853 0.01023178 -0.02371922 0.54117647 0.42352941 0.64313725
v 0.06261022 0.01226932 -0.01420285 0.54117647 0.42352941 0.64313725
v 0.05769133 0.01152956 -0.02967634 0.54117647 0.42352941 0.64313725
v 0.05805341 0.00634484 -0.03029459 0.54117647 0.42352941 0.64313725
v 0.01271079 0.01289110 -0.02707023 0.54117647 0.42352941 0.64313725
v 0.01138542 0.01250209 -0.02702300 0.54117647 0.42352941 0.64313725
v 0.00101475 0.01282733 -0.02604625 0.54117647 0.42352941 0.64313725
v -0.00581704 0.01151999 -0.02558256 0.54117647 0.42352941 0.64313725
v 0.05416612 0.01152956 -0.03021516 0.54117647 0.42352941 0.64313725
v 0.05286808 0.01152956 -0.03015505 0.54117647 0.42352941 0.64313725
v 0.04508667 0.01244150 -0.02960979 0.54117647 0.42352941 0.64313725
v 0.05416612 0.01023178 -0.03043198 0.54117647 0.42352941 0.64313725
v 0.04249742 0.01282733 -0.02935862 0.54117647 0.42352941 0.64313725
v 0.03082871 0.01282733 -0.02851712 0.54117647 0.42352941 0.64313725
v 0.05675537 0.00893720 -0.03037402 0.54117647 0.42352941 0.64313725
v 0.05545733 0.00893720 -0.03060801 0.54117647 0.42352941 0.64313725
v -0.00287937 -0.01566310 -0.01464507 0.54117647 0.42352941 0.64313725
v -0.00330977 -0.01574919 -0.00988796 0.54117647 0.42352941 0.64313725
v -0.00581704 -0.01526133 -0.01982938 0.54117647 0.42352941 0.64313725
v -0.00546862 -0.01531872 -0.01983152 0.54117647 0.42352941 0.64313725
v -0.00492208 -0.01513060 -0.02590242 0.54117647 0.42352941 0.64313725
v -0.00417058 -0.01540163 -0.01983152 0.54117647 0.42352941 0.64313725
v 0.05999364 0.01086632 -0.02825307 0.54117647 0.42352941 0.64313725
v 0.06007563 0.01000220 -0.02833250 0.54117647 0.42352941 0.64313725
v 0.05980918 0.00504707 -0.02939727 0.54117647 0.42352941 0.64313725
v 0.05916016 0.00504707 -0.02986740 0.54117647 0.42352941 0.64313725
v 0.05899620 0.00634484 -0.02977294 0.54117647 0.42352941 0.64313725
v 0.05853164 0.01023178 -0.02946381 0.54117647 0.42352941 0.64313725
v 0.05834035 0.01152956 -0.02938009 0.54117647 0.42352941 0.64313725
v 0.06116188 0.01023178 -0.02667309 0.54117647 0.42352941 0.64313725
v 0.06159228 0.01152956 -0.02501583 0.54117647 0.42352941 0.64313725
v 0.06174941 0.01023178 -0.02501583 0.54117647 0.42352941 0.64313725
v 0.06136683 0.01152956 -0.02583373 0.54117647 0.42352941 0.64313725
v 0.06183140 0.01152956 -0.02371922 0.54117647 0.42352941 0.64313725
v 0.06045821 0.01035295 -0.02773571 0.54117647 0.42352941 0.64313725
v 0.06289032 0.01196002 -0.00988796 0.54117647 0.42352941 0.64313725
v 0.06284250 0.01152956 -0.01205184 0.54117647 0.42352941 0.64313725
v 0.06265121 0.01245107 -0.01334846 0.54117647 0.42352941 0.64313725
v 0.06258973 0.00440296 -0.02177644 0.54117647 0.42352941 0.64313725
v 0.06261705 0.00374929 -0.02201902 0.54117647 0.42352941 0.64313725
v 0.06266488 0.00248660 -0.02248700 0.54117647 0.42352941 0.64313725
v 0.06257606 -0.00108786 -0.02553319 0.54117647 0.42352941 0.64313725
v 0.05798510 0.00376843 -0.03065094 0.54117647 0.42352941 0.64313725
v 0.05751370 0.00335071 -0.03088494 0.54117647 0.42352941 0.64313725
v 0.05889372 -0.00143223 -0.03096866 0.54117647 0.42352941 0.64313725
v 0.02175608 0.01282733 -0.02779797 0.54117647 0.42352941 0.64313725
v 0.02045804 0.01282733 -0.02769492 0.54117647 0.42352941 0.64313725
v 0.00101475 -0.00143223 -0.02775503 0.54117647 0.42352941 0.64313725
v 0.00230596 0.01152956 -0.02636611 0.54117647 0.42352941 0.64313725
v 0.01397467 0.01152956 -0.02734930 0.54117647 0.42352941 0.64313725
v -0.00417058 0.01023178 -0.02596038 0.54117647 0.42352941 0.64313725
v -0.00581704 0.01040716 -0.02575000 0.54117647 0.42352941 0.64313725
v 0.05416612 0.00893720 -0.03060372 0.54117647 0.42352941 0.64313725
v 0.05314135 0.00598134 -0.03087635 0.54117647 0.42352941 0.64313725
v 0.05157004 0.00482067 -0.03090426 0.54117647 0.42352941 0.64313725
v 0.05069557 0.00455921 -0.03087206 0.54117647 0.42352941 0.64313725
v 0.03082871 0.01152956 -0.02866738 0.54117647 0.42352941 0.64313725
v 0.05675537 0.00763942 -0.03054146 0.54117647 0.42352941 0.64313725
v 0.05545733 0.00374929 -0.03117045 0.54117647 0.42352941 0.64313725
v 0.05416612 0.00504707 -0.03105023 0.54117647 0.42352941 0.64313725
v 0.05665290 0.00624918 -0.03072608 0.54117647 0.42352941 0.64313725
v 0.05681686 0.00376843 -0.03098583 0.54117647 0.42352941 0.64313725
v 0.05637962 0.00504707 -0.03090855 0.54117647 0.42352941 0.64313725
v 0.05675537 0.00245471 -0.03114254 0.54117647 0.42352941 0.64313725
v 0.05675537 0.00115694 -0.03128422 0.54117647 0.42352941 0.64313725
v 0.02694142 -0.01596283 -0.01205184 0.54117647 0.42352941 0.64313725
v 0.02565021 -0.01597877 -0.01075523 0.54117647 0.42352941 0.64313725
v 0.03341796 -0.01579383 -0.00988796 0.54117647 0.42352941 0.64313725
v -0.00581704 -0.01521988 -0.02013421 0.54117647 0.42352941 0.64313725
v 0.02905927 -0.01508277 -0.02204049 0.54117647 0.42352941 0.64313725
v -0.00581704 -0.01514016 -0.02068377 0.54117647 0.42352941 0.64313725
v -0.00581704 -0.01511146 -0.02084262 0.54117647 0.42352941 0.64313725
v -0.00581704 -0.01425691 -0.02497290 0.54117647 0.42352941 0.64313725
v -0.00581704 -0.01366064 -0.02559759 0.54117647 0.42352941 0.64313725
v -0.00509287 -0.01438764 -0.02632532 0.54117647 0.42352941 0.64313725
v -0.00490158 -0.01395080 -0.02702086 0.54117647 0.42352941 0.64313725
v -0.00417058 -0.01467462 -0.02650779 0.54117647 0.42352941 0.64313725
v 0.03656058 -0.01378180 -0.02958188 0.54117647 0.42352941 0.64313725
v 0.03669722 -0.01378180 -0.02958188 0.54117647 0.42352941 0.64313725
v 0.06145565 -0.00143223 -0.02850423 0.54117647 0.42352941 0.64313725
v 0.06095693 -0.00143223 -0.02915254 0.54117647 0.42352941 0.64313725
v 0.06041039 0.00504707 -0.02874896 0.54117647 0.42352941 0.64313725
v 0.06040355 -0.00273001 -0.02998117 0.54117647 0.42352941 0.64313725
v 0.05970671 -0.00273001 -0.03062948 0.54117647 0.42352941 0.64313725
v 0.06144198 0.01023178 -0.02602478 0.54117647 0.42352941 0.64313725
v 0.06192704 -0.00143223 -0.02760906 0.54117647 0.42352941 0.64313725
v 0.06229596 -0.00013765 -0.02631244 0.54117647 0.42352941 0.64313725
v 0.06263755 -0.00273001 -0.02583802 0.54117647 0.42352941 0.64313725
v 0.06293815 0.01152956 -0.00988796 0.54117647 0.42352941 0.64313725
v 0.06334122 0.00634484 -0.00988796 0.54117647 0.42352941 0.64313725
v 0.06338905 0.00504707 -0.01075523 0.54117647 0.42352941 0.64313725
v 0.06387410 -0.00402459 -0.01115452 0.54117647 0.42352941 0.64313725
v 0.05765717 0.00245471 -0.03094290 0.54117647 0.42352941 0.64313725
v 0.05805341 -0.00273001 -0.03141517 0.54117647 0.42352941 0.64313725
v 0.05905769 -0.00273001 -0.03104809 0.54117647 0.42352941 0.64313725
v 0.05805341 -0.00143223 -0.03126276 0.54117647 0.42352941 0.64313725
v 0.00101475 -0.00273001 -0.02789457 0.54117647 0.42352941 0.64313725
v -0.00028329 -0.00143223 -0.02761550 0.54117647 0.42352941 0.64313725
v -0.00417058 -0.00402459 -0.02744161 0.54117647 0.42352941 0.64313725
v -0.00581704 -0.00401184 -0.02722265 0.54117647 0.42352941 0.64313725
v -0.00546862 -0.00402459 -0.02728275 0.54117647 0.42352941 0.64313725
v 0.05157004 -0.00273001 -0.03165346 0.54117647 0.42352941 0.64313725
v 0.05027200 -0.00273001 -0.03156759 0.54117647 0.42352941 0.64313725
v 0.05545733 -0.00013765 -0.03155042 0.54117647 0.42352941 0.64313725
v 0.05675537 -0.00013765 -0.03141732 0.54117647 0.42352941 0.64313725
v 0.05416612 -0.00273001 -0.03175006 0.54117647 0.42352941 0.64313725
v 0.05286808 -0.00273001 -0.03170498 0.54117647 0.42352941 0.64313725
v 0.04119937 -0.01573643 -0.00988796 0.54117647 0.42352941 0.64313725
v 0.02953067 -0.01579702 -0.01334846 0.54117647 0.42352941 0.64313725
v 0.03471600 -0.01577470 -0.01205184 0.54117647 0.42352941 0.64313725
v 0.03471600 -0.01579064 -0.00988796 0.54117647 0.42352941 0.64313725
v 0.05489029 -0.01505726 -0.01404614 0.54117647 0.42352941 0.64313725
v 0.05286808 -0.01519118 -0.01334846 0.54117647 0.42352941 0.64313725
v -0.00581704 -0.01298783 -0.02617935 0.54117647 0.42352941 0.64313725
v -0.00417058 -0.01402733 -0.02704876 0.54117647 0.42352941 0.64313725
v -0.00581704 -0.01272637 -0.02624375 0.54117647 0.42352941 0.64313725
v -0.00581704 -0.00669985 -0.02711961 0.54117647 0.42352941 0.64313725
v -0.00581704 -0.00532236 -0.02728490 0.54117647 0.42352941 0.64313725
v -0.00546862 -0.00532236 -0.02732140 0.54117647 0.42352941 0.64313725
v -0.00417058 -0.00532236 -0.02744591 0.54117647 0.42352941 0.64313725
v 0.00101475 -0.00402459 -0.02796756 0.54117647 0.42352941 0.64313725
v 0.01138542 -0.00532236 -0.02869744 0.54117647 0.42352941 0.64313725
v 0.03601404 -0.00532236 -0.03054361 0.54117647 0.42352941 0.64313725
v 0.05027200 -0.00921249 -0.03134433 0.54117647 0.42352941 0.64313725
v 0.05027200 -0.01042099 -0.03109746 0.54117647 0.42352941 0.64313725
v 0.05193213 -0.01133612 -0.03094934 0.54117647 0.42352941 0.64313725
v 0.05262897 -0.01133612 -0.03094934 0.54117647 0.42352941 0.64313725
v 0.05257431 -0.01253505 -0.02971283 0.54117647 0.42352941 0.64313725
v 0.05295006 -0.01273274 -0.02901086 0.54117647 0.42352941 0.64313725
v 0.05286808 -0.01311219 -0.02760906 0.54117647 0.42352941 0.64313725
v 0.06202269 -0.00273001 -0.02760906 0.54117647 0.42352941 0.64313725
v 0.06149664 -0.00273001 -0.02858796 0.54117647 0.42352941 0.64313725
v 0.06114138 -0.00402459 -0.02930925 0.54117647 0.42352941 0.64313725
v 0.06105257 -0.00273001 -0.02923626 0.54117647 0.42352941 0.64313725
v 0.06049236 -0.00402459 -0.03005416 0.54117647 0.42352941 0.64313725
v 0.05972037 -0.00402459 -0.03070247 0.54117647 0.42352941 0.64313725
v 0.06246675 -0.00273001 -0.02648633 0.54117647 0.42352941 0.64313725
v 0.06243943 -0.00148325 -0.02619652 0.54117647 0.42352941 0.64313725
v 0.06264438 -0.00377588 -0.02587237 0.54117647 0.42352941 0.64313725
v 0.06384677 -0.00532236 -0.01205184 0.54117647 0.42352941 0.64313725
v 0.06343004 0.00504707 -0.00988796 0.54117647 0.42352941 0.64313725
v 0.06394242 -0.00363558 -0.00988796 0.54117647 0.42352941 0.64313725
v 0.06396292 -0.00402459 -0.00988796 0.54117647 0.42352941 0.64313725
v 0.05805341 -0.00402459 -0.03138727 0.54117647 0.42352941 0.64313725
v 0.05675537 -0.00402459 -0.03166204 0.54117647 0.42352941 0.64313725
v 0.05675537 -0.00273001 -0.03162340 0.54117647 0.42352941 0.64313725
v 0.05907135 -0.00402459 -0.03101374 0.54117647 0.42352941 0.64313725
v 0.05157004 -0.00402459 -0.03169210 0.54117647 0.42352941 0.64313725
v 0.05416612 -0.00402459 -0.03181661 0.54117647 0.42352941 0.64313725
v 0.05286808 -0.00402459 -0.03175865 0.54117647 0.42352941 0.64313725
v 0.05027200 -0.00402459 -0.03159979 0.54117647 0.42352941 0.64313725
v 0.03601404 -0.00402459 -0.03057152 0.54117647 0.42352941 0.64313725
v 0.05545733 -0.00273001 -0.03171571 0.54117647 0.42352941 0.64313725
v 0.05780064 -0.01511784 -0.00988796 0.54117647 0.42352941 0.64313725
v 0.05416612 -0.01514973 -0.01334846 0.54117647 0.42352941 0.64313725
v 0.05416612 -0.01339279 -0.02501583 0.54117647 0.42352941 0.64313725
v 0.05575793 -0.01499986 -0.01365973 0.54117647 0.42352941 0.64313725
v 0.05618833 -0.01505726 -0.01279461 0.54117647 0.42352941 0.64313725
v 0.05538218 -0.01508595 -0.01327547 0.54117647 0.42352941 0.64313725
v 0.04036590 -0.00485682 -0.03087635 0.54117647 0.42352941 0.64313725
v 0.05545733 -0.00402459 -0.03178226 0.54117647 0.42352941 0.64313725
v 0.05675537 -0.00532236 -0.03141732 0.54117647 0.42352941 0.64313725
v 0.05349661 -0.01105871 -0.03084200 0.54117647 0.42352941 0.64313725
v 0.05303204 -0.01188138 -0.03027742 0.54117647 0.42352941 0.64313725
v 0.05343512 -0.01242664 -0.02951533 0.54117647 0.42352941 0.64313725
v 0.05416612 -0.01264984 -0.02863948 0.54117647 0.42352941 0.64313725
v 0.05416612 -0.01289855 -0.02760906 0.54117647 0.42352941 0.64313725
v 0.06199536 -0.00402459 -0.02760906 0.54117647 0.42352941 0.64313725
v 0.06151030 -0.00402459 -0.02866094 0.54117647 0.42352941 0.64313725
v 0.06107307 -0.00532236 -0.02927276 0.54117647 0.42352941 0.64313725
v 0.06149664 -0.00532236 -0.02862445 0.54117647 0.42352941 0.64313725
v 0.06042405 -0.00532236 -0.02994468 0.54117647 0.42352941 0.64313725
v 0.05935146 -0.00533512 -0.03060157 0.54117647 0.42352941 0.64313725
v 0.05892105 -0.00491422 -0.03093431 0.54117647 0.42352941 0.64313725
v 0.06260339 -0.00600473 -0.02569204 0.54117647 0.42352941 0.64313725
v 0.06338905 -0.00532236 -0.01723830 0.54117647 0.42352941 0.64313725
v 0.06396975 -0.00532236 -0.00988796 0.54117647 0.42352941 0.64313725
v 0.06390826 -0.00625026 -0.00988796 0.54117647 0.42352941 0.64313725
v 0.06369648 -0.00662014 -0.01205184 0.54117647 0.42352941 0.64313725
v 0.05611318 -0.00857796 -0.03085488 0.54117647 0.42352941 0.64313725
v 0.05758885 -0.01510509 -0.01035809 0.54117647 0.42352941 0.64313725
v 0.05805341 -0.01454708 -0.01334846 0.54117647 0.42352941 0.64313725
v 0.05839500 -0.01493928 -0.00988796 0.54117647 0.42352941 0.64313725
v 0.05545733 -0.01316321 -0.02501583 0.54117647 0.42352941 0.64313725
v 0.05675537 -0.01317277 -0.02371922 0.54117647 0.42352941 0.64313725
v 0.05667339 -0.01489145 -0.01327547 0.54117647 0.42352941 0.64313725
v 0.05643428 -0.01027431 -0.02983734 0.54117647 0.42352941 0.64313725
v 0.05606536 -0.01113843 -0.02953466 0.54117647 0.42352941 0.64313725
v 0.05492445 -0.01253186 -0.02837543 0.54117647 0.42352941 0.64313725
v 0.05675537 -0.01289536 -0.02501583 0.54117647 0.42352941 0.64313725
v 0.06192704 -0.00532236 -0.02760906 0.54117647 0.42352941 0.64313725
v 0.06021226 -0.00623112 -0.02973859 0.54117647 0.42352941 0.64313725
v 0.06140099 -0.00620561 -0.02843339 0.54117647 0.42352941 0.64313725
v 0.06336172 -0.00662014 -0.01594168 0.54117647 0.42352941 0.64313725
v 0.06258973 -0.00726743 -0.02307735 0.54117647 0.42352941 0.64313725
v 0.06254190 -0.00700915 -0.02394247 0.54117647 0.42352941 0.64313725
v 0.06245309 -0.00677638 -0.02501583 0.54117647 0.42352941 0.64313725
v 0.06221398 -0.00650853 -0.02620081 0.54117647 0.42352941 0.64313725
v 0.06387410 -0.00652129 -0.00988796 0.54117647 0.42352941 0.64313725
v 0.06382628 -0.00681783 -0.00988796 0.54117647 0.42352941 0.64313725
v 0.06314993 -0.00791472 -0.01464507 0.54117647 0.42352941 0.64313725
v 0.05872293 -0.01376267 -0.01664795 0.54117647 0.42352941 0.64313725
v 0.05908502 -0.01396356 -0.01464507 0.54117647 0.42352941 0.64313725
v 0.05923531 -0.01405603 -0.01334846 0.54117647 0.42352941 0.64313725
v 0.05931730 -0.01443229 -0.00988796 0.54117647 0.42352941 0.64313725
v 0.05760252 -0.01257969 -0.02501583 0.54117647 0.42352941 0.64313725
v 0.05786212 -0.01273593 -0.02371922 0.54117647 0.42352941 0.64313725
v 0.05730875 -0.01104277 -0.02814788 0.54117647 0.42352941 0.64313725
v 0.05767084 -0.01138714 -0.02728275 0.54117647 0.42352941 0.64313725
v 0.05743855 -0.01247765 -0.02571566 0.54117647 0.42352941 0.64313725
v 0.05982968 -0.00709524 -0.02941659 0.54117647 0.42352941 0.64313725
v 0.06030107 -0.00755759 -0.02855146 0.54117647 0.42352941 0.64313725
v 0.06068366 -0.00664883 -0.02892499 0.54117647 0.42352941 0.64313725
v 0.06157862 -0.00662970 -0.02758759 0.54117647 0.42352941 0.64313725
v 0.06116188 -0.00706973 -0.02800620 0.54117647 0.42352941 0.64313725
v 0.06270587 -0.00887131 -0.01594168 0.54117647 0.42352941 0.64313725
v 0.06249408 -0.00965253 -0.01464507 0.54117647 0.42352941 0.64313725
v 0.06238477 -0.00951860 -0.01594168 0.54117647 0.42352941 0.64313725
v 0.06137366 -0.00875014 -0.02458434 0.54117647 0.42352941 0.64313725
v 0.06174941 -0.00798806 -0.02501583 0.54117647 0.42352941 0.64313725
v 0.06303379 -0.00791472 -0.01594168 0.54117647 0.42352941 0.64313725
v 0.06157862 -0.00758310 -0.02631244 0.54117647 0.42352941 0.64313725
v 0.06137366 -0.00735352 -0.02714322 0.54117647 0.42352941 0.64313725
v 0.06368964 -0.00729932 -0.00988796 0.54117647 0.42352941 0.64313725
v 0.06353251 -0.00783819 -0.00988796 0.54117647 0.42352941 0.64313725
v 0.06276052 -0.00900523 -0.01464507 0.54117647 0.42352941 0.64313725
v 0.05864778 -0.01240431 -0.02290776 0.54117647 0.42352941 0.64313725
v 0.05876392 -0.01252229 -0.02204263 0.54117647 0.42352941 0.64313725
v 0.05973403 -0.01353309 -0.01464507 0.54117647 0.42352941 0.64313725
v 0.05987750 -0.01364150 -0.01334846 0.54117647 0.42352941 0.64313725
v 0.06009612 -0.01385833 -0.00988796 0.54117647 0.42352941 0.64313725
v 0.05851115 -0.01228315 -0.02371922 0.54117647 0.42352941 0.64313725
v 0.05853847 -0.01096305 -0.02666665 0.54117647 0.42352941 0.64313725
v 0.05798510 -0.01174108 -0.02619008 0.54117647 0.42352941 0.64313725
v 0.06015761 -0.00881073 -0.02722479 0.54117647 0.42352941 0.64313725
v 0.05877075 -0.01123090 -0.02580153 0.54117647 0.42352941 0.64313725
v 0.05825154 -0.01205038 -0.02501583 0.54117647 0.42352941 0.64313725
v 0.06309528 -0.00864492 -0.00988796 0.54117647 0.42352941 0.64313725
v 0.06150347 -0.01145729 -0.01334846 0.54117647 0.42352941 0.64313725
v 0.06142832 -0.01133612 -0.01427154 0.54117647 0.42352941 0.64313725
v 0.06030107 -0.01288580 -0.01464507 0.54117647 0.42352941 0.64313725
v 0.06103208 -0.00943570 -0.02371922 0.54117647 0.42352941 0.64313725
v 0.06029424 -0.01010531 -0.02476252 0.54117647 0.42352941 0.64313725
v 0.06016444 -0.01269129 -0.01594168 0.54117647 0.42352941 0.64313725
v 0.06039672 -0.01299102 -0.01334846 0.54117647 0.42352941 0.64313725
v 0.06104574 -0.01210458 -0.01334846 0.54117647 0.42352941 0.64313725
v 0.06019860 -0.01368933 -0.00988796 0.54117647 0.42352941 0.64313725
v 0.05892105 -0.01139990 -0.02501583 0.54117647 0.42352941 0.64313725
v 0.06291765 -0.00896378 -0.00988796 0.54117647 0.42352941 0.64313725
v 0.06052652 -0.01313770 -0.00988796 0.54117647 0.42352941 0.64313725
f 384 385 386
f 384 386 387
f 384 387 388
f 384 388 389
f 384 389 390
f 384 390 385
f 385 391 392
f 385 392 393
f 385 393 394
f 385 394 386
f 385 390 391
f 386 395 396
f 386 396 397
f 386 397 398
f 386 398 387
f 386 394 399
f 386 399 400
f 386 400 401
f 386 401 402
f 386 402 403
f 386 403 395
f 387 398 404
f 387 404 405
f 387 405 406
f 387 406 407
f 387 407 408
f 387 408 388
f 388 409 389
f 388 408 410
f 388 410 411
f 388 411 409
f 389 409 412
f 389 412 413
f 389 413 414
f 389 414 390
f 390 414 391
f 391 414 392
f 392 415 450
f 392 450 452
f 392 452 451
f 392 451 486
f 392 486 520
f 392 520 555
f 392 555 605
f 392 605 648
f 392 648 645
f 392 645 691
f 392 691 720
f 392 720 742
f 392 742 768
f 392 768 784
f 392 784 787
f 392 787 786
f 392 786 775
f 392 775 762
f 392 762 761
f 392 761 737
f 392 737 736
f 392 736 715
f 392 715 714
f 392 714 680
f 392 680 679
f 392 679 678
f 392 678 627
f 392 627 626
f 392 626 573
f 392 573 534
f 392 534 533
f 392 533 498
f 392 498 462
f 392 462 461
f 392 461 426
f 392 426 453
f 392 453 418
f 392 418 393
f 392 414 416
f 392 416 417
f 392 417 415
f 393 418 419
f 393 419 399
f 393 399 394
f 395 403 396
f 396 403 420
f 396 420 397
f 397 421 398
f 397 420 422
f 397 422 423
f 397 423 424
f 397 424 421
f 398 421 404
f 399 419 401
f 399 401 400
f 401 425 403
f 401 403 402
f 401 419 426
f 401 426 427
f 401 427 428
f 401 428 429
f 401 429 430
f 401 430 425
f 403 425 431
f 403 431 420
f 404 432 405
f 404 421 433
f 404 433 432
f 405 432 406
f 406 434 407
f 406 432 435
f 406 435 434
f 407 434 436
f 407 436 410
f 407 410 408
f 409 437 438
f 409 438 412
f 409 411 439
f 409 439 437
f 410 440 411
f 410 436 441
f 410 441 440
f 411 440 442
f 411 442 439
f 412 438 443
f 412 443 444
f 412 444 445
f 412 445 446
f 412 446 413
f 413 446 447
f 413 447 448
f 413 448 414
f 414 448 449
f 414 449 417
f 414 417 416
f 415 417 450
f 417 449 448
f 417 448 447
f 417 447 446
f 417 446 445
f 417 445 485
f 417 485 484
f 417 484 519
f 417 519 545
f 417 545 589
f 417 589 637
f 417 637 655
f 417 655 654
f 417 654 653
f 417 653 651
f 417 651 611
f 417 611 610
f 417 610 609
f 417 609 608
f 417 608 606
f 417 606 556
f 417 556 521
f 417 521 486
f 417 486 451
f 417 451 452
f 417 452 450
f 418 453 419
f 419 453 426
f 420 431 454
f 420 454 422
f 421 424 455
f 421 455 456
f 421 456 433
f 422 454 423
f 423 454 457
f 423 457 458
f 423 458 459
f 423 459 424
f 424 459 455
f 425 430 460
f 425 460 431
f 426 461 427
f 427 461 428
f 428 461 429
f 429 461 462
f 429 462 463
f 429 463 430
f 430 463 464
f 430 464 465
f 430 465 460
f 431 460 466
f 431 466 454
f 432 433 467
f 432 467 435
f 433 456 467
f 434 441 436
f 434 435 441
f 435 467 468
f 435 468 441
f 437 469 438
f 437 439 469
f 438 470 443
f 438 469 470
f 439 442 471
f 439 471 472
f 439 472 473
f 439 473 474
f 439 474 475
f 439 475 476
f 439 476 477
f 439 477 478
f 439 478 469
f 440 441 479
f 440 479 471
f 440 471 442
f 441 480 479
f 441 468 481
f 441 481 480
f 443 470 482
f 443 482 444
f 444 482 483
f 444 483 484
f 444 484 485
f 444 485 445
f 454 466 487
f 454 487 488
f 454 488 457
f 455 459 456
f 456 459 489
f 456 489 490
f 456 490 491
f 456 491 467
f 457 492 458
f 457 488 493
f 457 493 494
f 457 494 492
f 458 492 495
f 458 495 496
f 458 496 459
f 459 496 489
f 460 465 497
f 460 497 466
f 462 498 499
f 462 499 463
f 463 500 464
f 463 499 500
f 464 500 499
f 464 499 465
f 465 501 497
f 465 499 501
f 466 497 502
f 466 502 503
f 466 503 494
f 466 494 487
f 467 491 468
f 468 491 504
f 468 504 481
f 469 478 505
f 469 505 470
f 470 506 507
f 470 507 508
f 470 508 483
f 470 483 482
f 470 505 506
f 471 479 509
f 471 509 473
f 471 473 472
f 473 509 510
f 473 510 475
f 473 475 474
f 475 510 511
f 475 511 512
f 475 512 476
f 476 512 513
f 476 513 477
f 477 513 478
f 478 513 514
f 478 514 505
f 479 480 509
f 480 515 510
f 480 510 509
f 480 481 515
f 481 504 516
f 481 516 517
f 481 517 518
f 481 518 515
f 483 508 484
f 484 508 519
f 486 521 522
f 486 522 520
f 487 493 488
f 487 494 493
f 489 523 490
f 489 496 523
f 490 523 524
f 490 524 525
f 490 525 491
f 491 525 504
f 492 526 495
f 492 494 527
f 492 527 526
f 494 503 502
f 494 502 528
f 494 528 529
f 494 529 527
f 495 526 530
f 495 530 531
f 495 531 496
f 496 531 523
f 497 501 532
f 497 532 528
f 497 528 502
f 498 533 499
f 499 533 534
f 499 534 535
f 499 535 536
f 499 536 537
f 499 537 501
f 501 538 532
f 501 537 539
f 501 539 538
f 504 525 540
f 504 540 541
f 504 541 517
f 504 517 516
f 505 514 506
f 506 514 507
f 507 514 542
f 507 542 543
f 507 543 544
f 507 544 508
f 508 544 545
f 508 545 519
f 510 515 546
f 510 546 547
f 510 547 511
f 511 548 512
f 511 547 549
f 511 549 548
f 512 548 550
f 512 550 514
f 512 514 513
f 514 550 551
f 514 551 542
f 515 518 546
f 517 541 552
f 517 552 553
f 517 553 518
f 518 553 549
f 518 549 546
f 520 522 554
f 520 554 555
f 521 556 557
f 521 557 522
f 522 558 559
f 522 559 554
f 522 557 558
f 523 531 560
f 523 560 524
f 524 560 561
f 524 561 562
f 524 562 563
f 524 563 564
f 524 564 565
f 524 565 566
f 524 566 525
f 525 566 540
f 526 567 530
f 526 527 568
f 526 568 569
f 526 569 570
f 526 570 567
f 527 529 571
f 527 571 568
f 528 532 571
f 528 571 529
f 530 567 531
f 531 567 572
f 531 572 561
f 531 561 560
f 532 538 571
f 534 573 535
f 535 573 574
f 535 574 536
f 536 574 575
f 536 575 537
f 537 575 539
f 538 569 568
f 538 568 571
f 538 539 574
f 538 574 576
f 538 576 577
f 538 577 578
f 538 578 579
f 538 579 569
f 539 575 574
f 540 566 541
f 541 580 581
f 541 581 552
f 541 566 582
f 541 582 580
f 542 551 583
f 542 583 584
f 542 584 543
f 543 585 586
f 543 586 544
f 543 584 583
f 543 583 551
f 543 551 587
f 543 587 585
f 544 588 545
f 544 586 588
f 545 588 589
f 546 549 547
f 548 549 590
f 548 590 591
f 548 591 592
f 548 592 593
f 548 593 594
f 548 594 551
f 548 551 550
f 549 553 590
f 551 594 587
f 552 581 595
f 552 595 553
f 553 596 597
f 553 597 590
f 553 595 598
f 553 598 599
f 553 599 600
f 553 600 601
f 553 601 602
f 553 602 596
f 554 559 558
f 554 558 603
f 554 603 604
f 554 604 555
f 555 604 605
f 556 606 558
f 556 558 557
f 558 607 603
f 558 606 608
f 558 608 609
f 558 609 610
f 558 610 611
f 558 611 612
f 558 612 613
f 558 613 614
f 558 614 615
f 558 615 616
f 558 616 607
f 561 572 617
f 561 617 618
f 561 618 619
f 561 619 620
f 561 620 562
f 562 621 563
f 562 620 621
f 563 621 582
f 563 582 564
f 564 582 565
f 565 582 566
f 567 570 622
f 567 622 623
f 567 623 617
f 567 617 572
f 569 624 622
f 569 622 570
f 569 579 625
f 569 625 624
f 573 626 574
f 574 577 576
f 574 626 627
f 574 627 628
f 574 628 577
f 577 628 578
f 578 628 629
f 578 629 625
f 578 625 579
f 580 582 581
f 581 582 630
f 581 630 631
f 581 631 602
f 581 602 601
f 581 601 599
f 581 599 595
f 582 621 632
f 582 632 631
f 582 631 633
f 582 633 630
f 585 634 588
f 585 588 586
f 585 587 594
f 585 594 634
f 588 634 635
f 588 635 636
f 588 636 589
f 589 636 638
f 589 638 637
f 590 597 591
f 591 597 592
f 592 597 639
f 592 639 640
f 592 640 593
f 593 640 634
f 593 634 594
f 595 599 598
f 596 641 597
f 596 602 642
f 596 642 641
f 597 641 643
f 597 643 644
f 597 644 639
f 599 601 600
f 602 631 642
f 603 645 604
f 603 607 646
f 603 646 647
f 603 647 645
f 604 645 648
f 604 648 605
f 607 616 649
f 607 649 650
f 607 650 647
f 607 647 646
f 611 651 612
f 612 651 613
f 613 652 614
f 613 651 653
f 613 653 654
f 613 654 655
f 613 655 656
f 613 656 657
f 613 657 658
f 613 658 659
f 613 659 660
f 613 660 661
f 613 661 615
f 613 615 652
f 614 652 615
f 615 661 662
f 615 662 663
f 615 663 664
f 615 664 616
f 616 664 665
f 616 665 666
f 616 666 667
f 616 667 649
f 617 623 668
f 617 668 669
f 617 669 670
f 617 670 671
f 617 671 618
f 618 671 620
f 618 620 619
f 620 671 670
f 620 670 672
f 620 672 621
f 621 673 632
f 621 672 673
f 622 624 623
f 623 624 674
f 623 674 668
f 624 625 675
f 624 675 674
f 625 676 674
f 625 674 675
f 625 629 677
f 625 677 676
f 627 678 628
f 628 678 679
f 628 679 629
f 629 679 680
f 629 680 677
f 630 633 631
f 631 632 681
f 631 681 682
f 631 682 683
f 631 683 642
f 632 673 684
f 632 684 681
f 634 658 636
f 634 636 635
f 634 640 658
f 636 656 655
f 636 655 638
f 636 658 656
f 637 638 655
f 639 685 640
f 639 644 686
f 639 686 687
f 639 687 685
f 640 685 688
f 640 688 689
f 640 689 658
f 641 690 643
f 641 642 683
f 641 683 690
f 643 690 698
f 643 698 686
f 643 686 644
f 645 647 650
f 645 650 692
f 645 692 691
f 649 667 693
f 649 693 694
f 649 694 695
f 649 695 696
f 649 696 692
f 649 692 650
f 656 658 657
f 658 689 660
f 658 660 659
f 660 689 697
f 660 697 661
f 661 697 685
f 661 685 687
f 661 687 686
f 661 686 698
f 661 698 664
f 661 664 663
f 661 663 662
f 664 698 682
f 664 682 699
f 664 699 700
f 664 700 701
f 664 701 665
f 665 701 702
f 665 702 703
f 665 703 666
f 666 703 667
f 667 703 704
f 667 704 693
f 668 705 706
f 668 706 669
f 668 674 705
f 669 706 670
f 670 707 672
f 670 706 708
f 670 708 707
f 672 707 709
f 672 709 673
f 673 710 711
f 673 711 684
f 673 709 710
f 674 676 705
f 676 712 705
f 676 677 713
f 676 713 712
f 677 680 714
f 677 714 715
f 677 715 716
f 677 716 712
f 677 712 713
f 681 717 699
f 681 699 682
f 681 684 711
f 681 711 717
f 682 698 683
f 683 698 690
f 685 697 688
f 688 697 689
f 691 692 696
f 691 696 718
f 691 718 719
f 691 719 720
f 693 704 721
f 693 721 722
f 693 722 694
f 694 722 723
f 694 723 695
f 695 723 718
f 695 718 696
f 699 717 700
f 700 717 724
f 700 724 725
f 700 725 701
f 701 725 702
f 702 726 703
f 702 725 726
f 703 726 704
f 704 726 727
f 704 727 722
f 704 722 721
f 705 728 708
f 705 708 706
f 705 712 728
f 707 729 709
f 707 708 730
f 707 730 729
f 708 728 712
f 708 712 730
f 709 729 710
f 710 717 711
f 710 729 717
f 712 716 731
f 712 731 732
f 712 732 733
f 712 733 734
f 712 734 735
f 712 735 730
f 715 736 716
f 716 736 737
f 716 737 738
f 716 738 732
f 716 732 731
f 717 729 724
f 718 723 719
f 719 723 722
f 719 722 739
f 719 739 740
f 719 740 720
f 720 740 741
f 720 741 742
f 722 727 743
f 722 743 744
f 722 744 739
f 724 729 725
f 725 745 746
f 725 746 747
f 725 747 726
f 725 729 748
f 725 748 749
f 725 749 745
f 726 747 727
f 727 747 743
f 729 730 750
f 729 750 748
f 730 735 751
f 730 751 752
f 730 752 750
f 732 753 754
f 732 754 755
f 732 755 756
f 732 756 757
f 732 757 734
f 732 734 733
f 732 738 758
f 732 758 753
f 734 757 759
f 734 759 735
f 735 759 760
f 735 760 751
f 737 761 738
f 738 761 762
f 738 762 763
f 738 763 753
f 738 753 758
f 739 764 765
f 739 765 766
f 739 766 740
f 739 744 764
f 740 766 767
f 740 767 741
f 741 767 742
f 742 767 768
f 743 747 769
f 743 769 764
f 743 764 744
f 745 749 746
f 746 770 771
f 746 771 747
f 746 749 772
f 746 772 770
f 747 771 773
f 747 773 774
f 747 774 769
f 748 750 749
f 749 750 752
f 749 752 772
f 751 760 752
f 752 760 772
f 753 763 754
f 754 763 762
f 754 762 775
f 754 775 776
f 754 776 755
f 755 776 777
f 755 777 778
f 755 778 756
f 756 778 779
f 756 779 780
f 756 780 759
f 756 759 757
f 759 780 760
f 760 780 772
f 764 769 780
f 764 780 765
f 765 780 766
f 766 780 781
f 766 781 778
f 766 778 767
f 767 778 782
f 767 782 768
f 768 782 783
f 768 783 776
f 768 776 784
f 769 774 785
f 769 785 780
f 770 773 771
f 770 772 773
f 772 780 773
f 773 785 774
f 773 780 785
f 775 786 776
f 776 786 787
f 776 787 784
f 776 783 778
f 776 778 777
f 778 781 780
f 778 780 779
f 778 783 782

o geometry_2
v -0.00807039 0.01569945 -0.02242240 0.43529412 0.89019608 0.96078431
v -0.00677343 0.01550215 -0.01982905 0.43529412 0.89019608 0.96078431
v -0.00582966 0.01560716 -0.02242240 0.43529412 0.89019608 0.96078431
v -0.00582966 0.01552761 -0.02336830 0.43529412 0.89019608 0.96078431
v -0.00582966 0.01545442 -0.02371775 0.43529412 0.89019608 0.96078431
v -0.00807039 0.01540350 -0.02371775 0.43529412 0.89019608 0.96078431
v -0.03270680 0.01539714 -0.02112441 0.43529412 0.89019608 0.96078431
v -0.03270680 0.01546396 -0.01982905 0.43529412 0.89019608 0.96078431
v -0.03140984 0.01547033 -0.01982905 0.43529412 0.89019608 0.96078431
v -0.05862860 0.01420382 -0.00044331 0.43529412 0.89019608 0.96078431
v -0.00582966 0.01372331 -0.00044331 0.43529412 0.89019608 0.96078431
v -0.00582966 0.01546078 -0.01982905 0.43529412 0.89019608 0.96078431
v -0.00582966 0.01551488 -0.02077495 0.43529412 0.89019608 0.96078431
v -0.00582966 0.01510756 -0.02429318 0.43529412 0.89019608 0.96078431
v -0.00582966 0.01497391 -0.02448499 0.43529412 0.89019608 0.96078431
v -0.01131278 0.01477025 -0.02436675 0.43529412 0.89019608 0.96078431
v -0.02460081 0.01483071 -0.02312394 0.43529412 0.89019608 0.96078431
v -0.03400376 0.01499300 -0.02204666 0.43529412 0.89019608 0.96078431
v -0.03270680 0.01503119 -0.02210184 0.43529412 0.89019608 0.96078431
v -0.04955568 0.01491027 -0.02064883 0.43529412 0.89019608 0.96078431
v -0.04955568 0.01513302 -0.01982905 0.43529412 0.89019608 0.96078431
v -0.06213734 0.01489117 -0.01687573 0.43529412 0.89019608 0.96078431
v -0.06213734 0.01489117 -0.01633709 0.43529412 0.89019608 0.96078431
v -0.05992556 0.01414654 -0.00044331 0.43529412 0.89019608 0.96078431
v -0.00582966 -0.01633876 -0.00044331 0.43529412 0.89019608 0.96078431
v -0.00582966 0.01412427 -0.02491590 0.43529412 0.89019608 0.96078431
v -0.00677343 0.01282594 -0.02531002 0.43529412 0.89019608 0.96078431
v -0.01325822 0.01384105 -0.02454279 0.43529412 0.89019608 0.96078431
v -0.03011289 0.01381560 -0.02331575 0.43529412 0.89019608 0.96078431
v -0.04001377 0.01478934 -0.02179179 0.43529412 0.89019608 0.96078431
v -0.05053419 0.01487844 -0.02060153 0.43529412 0.89019608 0.96078431
v -0.05473772 0.01491027 -0.01971606 0.43529412 0.89019608 0.96078431
v -0.05603468 0.01489117 -0.01951112 0.43529412 0.89019608 0.96078431
v -0.05703635 0.01481162 -0.01929304 0.43529412 0.89019608 0.96078431
v -0.05789906 0.01476070 -0.01904342 0.43529412 0.89019608 0.96078431
v -0.05992556 0.01387606 -0.01963461 0.43529412 0.89019608 0.96078431
v -0.06085196 0.01366921 -0.01937974 0.43529412 0.89019608 0.96078431
v -0.06215471 0.01379968 -0.01818160 0.43529412 0.89019608 0.96078431
v -0.06257737 0.01417836 -0.01725935 0.43529412 0.89019608 0.96078431
v -0.06325480 0.01369467 -0.01678114 0.43529412 0.89019608 0.96078431
v -0.06338218 0.01379968 -0.01594034 0.43529412 0.89019608 0.96078431
v -0.06350956 0.01381878 -0.01464235 0.43529412 0.89019608 0.96078431
v -0.06350377 0.01380923 -0.01334962 0.43529412 0.89019608 0.96078431
v -0.06334165 0.01367240 -0.00816292 0.43529412 0.89019608 0.96078431
v -0.06220102 0.01372968 -0.00044331 0.43529412 0.89019608 0.96078431
v -0.06122252 0.01403517 -0.00044331 0.43529412 0.89019608 0.96078431
v -0.00864938 -0.01636740 -0.00244547 0.43529412 0.89019608 0.96078431
v -0.00582966 -0.01633558 -0.00050637 0.43529412 0.89019608 0.96078431
v -0.01844026 -0.01673653 -0.00044331 0.43529412 0.89019608 0.96078431
v -0.00582966 0.01282594 -0.02535732 0.43529412 0.89019608 0.96078431
v -0.00677343 0.01153079 -0.02555175 0.43529412 0.89019608 0.96078431
v -0.00807039 0.01153079 -0.02548344 0.43529412 0.89019608 0.96078431
v -0.00807039 0.01282594 -0.02522332 0.43529412 0.89019608 0.96078431
v -0.03011289 0.01282594 -0.02360215 0.43529412 0.89019608 0.96078431
v -0.03140984 0.01373286 -0.02323955 0.43529412 0.89019608 0.96078431
v -0.04696176 0.01360239 -0.02185485 0.43529412 0.89019608 0.96078431
v -0.05473772 0.01406062 -0.02084064 0.43529412 0.89019608 0.96078431
v -0.05473772 0.01470979 -0.02036506 0.43529412 0.89019608 0.96078431
v -0.05603468 0.01456659 -0.02015748 0.43529412 0.89019608 0.96078431
v -0.05913812 0.01342419 -0.02044914 0.43529412 0.89019608 0.96078431
v -0.06126305 0.01281957 -0.01959783 0.43529412 0.89019608 0.96078431
v -0.06172045 0.01324598 -0.01904605 0.43529412 0.89019608 0.96078431
v -0.06001819 0.01292458 -0.02030200 0.43529412 0.89019608 0.96078431
v -0.06302320 0.01319825 -0.01764559 0.43529412 0.89019608 0.96078431
v -0.06323164 0.01233270 -0.01796352 0.43529412 0.89019608 0.96078431
v -0.06341113 0.01279093 -0.01722256 0.43529412 0.89019608 0.96078431
v -0.06385117 0.01282594 -0.01594034 0.43529412 0.89019608 0.96078431
v -0.06409435 0.01282594 -0.01464235 0.43529412 0.89019608 0.96078431
v -0.06407698 0.01282594 -0.01334962 0.43529412 0.89019608 0.96078431
v -0.06371800 0.01282594 -0.00816292 0.43529412 0.89019608 0.96078431
v -0.06327796 0.01360557 -0.00686493 0.43529412 0.89019608 0.96078431
v -0.06222997 0.01369785 -0.00044331 0.43529412 0.89019608 0.96078431
v -0.00582966 -0.01526000 -0.01982642 0.43529412 0.89019608 0.96078431
v -0.02362810 -0.01680654 -0.00297623 0.43529412 0.89019608 0.96078431
v -0.02362810 -0.01679699 -0.00044331 0.43529412 0.89019608 0.96078431
v -0.02362810 -0.01680654 -0.00168087 0.43529412 0.89019608 0.96078431
v -0.00582966 0.01152124 -0.02558329 0.43529412 0.89019608 0.96078431
v -0.00582966 0.01040748 -0.02575144 0.43529412 0.89019608 0.96078431
v -0.00807039 0.01047112 -0.02562007 0.43529412 0.89019608 0.96078431
v -0.02458923 0.00978377 -0.02440091 0.43529412 0.89019608 0.96078431
v -0.04436785 0.01023246 -0.02277973 0.43529412 0.89019608 0.96078431
v -0.04696176 0.01153079 -0.02241451 0.43529412 0.89019608 0.96078431
v -0.05214960 0.01232952 -0.02181281 0.43529412 0.89019608 0.96078431
v -0.05214960 0.01297550 -0.02161049 0.43529412 0.89019608 0.96078431
v -0.05085264 0.01313461 -0.02167093 0.43529412 0.89019608 0.96078431
v -0.04787079 0.01352283 -0.02179968 0.43529412 0.89019608 0.96078431
v -0.05473772 0.01282594 -0.02136877 0.43529412 0.89019608 0.96078431
v -0.05603468 0.01391742 -0.02074342 0.43529412 0.89019608 0.96078431
v -0.05867492 0.01292458 -0.02075130 0.43529412 0.89019608 0.96078431
v -0.05964764 0.01255863 -0.02064357 0.43529412 0.89019608 0.96078431
v -0.06197522 0.01238043 -0.01927727 0.43529412 0.89019608 0.96078431
v -0.06051035 0.01206221 -0.02044388 0.43529412 0.89019608 0.96078431
v -0.06249631 0.01278775 -0.01850479 0.43529412 0.89019608 0.96078431
v -0.06279160 0.01153079 -0.01876228 0.43529412 0.89019608 0.96078431
v -0.06332428 0.01153079 -0.01811591 0.43529412 0.89019608 0.96078431
v -0.06378748 0.01153079 -0.01723570 0.43529412 0.89019608 0.96078431
v -0.06427384 0.01142578 -0.01583524 0.43529412 0.89019608 0.96078431
v -0.06440122 0.01175991 -0.01464235 0.43529412 0.89019608 0.96078431
v -0.06440122 0.01155943 -0.01324715 0.43529412 0.89019608 0.96078431
v -0.06414067 0.01153079 -0.00945828 0.43529412 0.89019608 0.96078431
v -0.06361378 0.01153079 -0.00297623 0.43529412 0.89019608 0.96078431
v -0.06322585 0.01224360 -0.00044331 0.43529412 0.89019608 0.96078431
v -0.06321427 0.01228497 -0.00044331 0.43529412 0.89019608 0.96078431
v -0.06334744 0.01256182 -0.00297623 0.43529412 0.89019608 0.96078431
v -0.06319690 0.01231679 -0.00044331 0.43529412 0.89019608 0.96078431
v -0.06284950 0.01293413 -0.00044331 0.43529412 0.89019608 0.96078431
v -0.00965105 -0.01513589 -0.02338143 0.43529412 0.89019608 0.96078431
v -0.00582966 -0.01521863 -0.02013121 0.43529412 0.89019608 0.96078431
v -0.03140984 -0.01680972 -0.00044331 0.43529412 0.89019608 0.96078431
v -0.03270680 -0.01680654 -0.00044331 0.43529412 0.89019608 0.96078431
v -0.03140984 -0.01679699 -0.00168087 0.43529412 0.89019608 0.96078431
v -0.05473772 -0.01579461 -0.02242240 0.43529412 0.89019608 0.96078431
v -0.00582966 -0.00401099 -0.02722285 0.43529412 0.89019608 0.96078431
v -0.01006793 -0.00333318 -0.02697061 0.43529412 0.89019608 0.96078431
v -0.00872466 0.00959920 -0.02566474 0.43529412 0.89019608 0.96078431
v -0.04134547 0.00965967 -0.02308453 0.43529412 0.89019608 0.96078431
v -0.05344077 0.00893731 -0.02218329 0.43529412 0.89019608 0.96078431
v -0.05344077 0.01023246 -0.02203615 0.43529412 0.89019608 0.96078431
v -0.04825872 0.01153079 -0.02229890 0.43529412 0.89019608 0.96078431
v -0.05534567 0.01084025 -0.02177077 0.43529412 0.89019608 0.96078431
v -0.05281545 0.01218632 -0.02177603 0.43529412 0.89019608 0.96078431
v -0.05733164 0.01153079 -0.02139504 0.43529412 0.89019608 0.96078431
v -0.05862860 0.01153079 -0.02121637 0.43529412 0.89019608 0.96078431
v -0.05733164 0.01282594 -0.02100880 0.43529412 0.89019608 0.96078431
v -0.06001819 0.01159125 -0.02077232 0.43529412 0.89019608 0.96078431
v -0.06214312 0.01153079 -0.01941653 0.43529412 0.89019608 0.96078431
v -0.06117041 0.01159125 -0.02012858 0.43529412 0.89019608 0.96078431
v -0.06070142 0.01119666 -0.02055687 0.43529412 0.89019608 0.96078431
v -0.06294214 0.01023246 -0.01892256 0.43529412 0.89019608 0.96078431
v -0.06343429 0.01023246 -0.01827619 0.43529412 0.89019608 0.96078431
v -0.06399592 0.01023246 -0.01723570 0.43529412 0.89019608 0.96078431
v -0.06437806 0.01023246 -0.01615579 0.43529412 0.89019608 0.96078431
v -0.06447070 0.01092617 -0.01533601 0.43529412 0.89019608 0.96078431
v -0.06449386 0.01111392 -0.01464235 0.43529412 0.89019608 0.96078431
v -0.06449386 0.01114574 -0.01361237 0.43529412 0.89019608 0.96078431
v -0.06375274 0.01023246 -0.00297623 0.43529412 0.89019608 0.96078431
v -0.06456913 0.01034702 -0.01324715 0.43529412 0.89019608 0.96078431
v -0.06334744 0.01153079 -0.00044331 0.43529412 0.89019608 0.96078431
v -0.01123751 -0.01505316 -0.02437726 0.43529412 0.89019608 0.96078431
v -0.01037480 -0.01499588 -0.02424588 0.43529412 0.89019608 0.96078431
v -0.00582966 -0.01425761 -0.02497370 0.43529412 0.89019608 0.96078431
v -0.00582966 -0.01511044 -0.02084064 0.43529412 0.89019608 0.96078431
v -0.00582966 -0.01513908 -0.02068299 0.43529412 0.89019608 0.96078431
v -0.05349866 -0.01658379 -0.00044331 0.43529412 0.89019608 0.96078431
v -0.05733164 -0.01650105 -0.00044331 0.43529412 0.89019608 0.96078431
v -0.05856491 -0.01642468 -0.00044331 0.43529412 0.89019608 0.96078431
v -0.06251947 -0.01525363 -0.01205163 0.43529412 0.89019608 0.96078431
v -0.06317953 -0.01505316 -0.01271113 0.43529412 0.89019608 0.96078431
v -0.05599994 -0.01545093 -0.02241714 0.43529412 0.89019608 0.96078431
v -0.05554254 -0.01516772 -0.02315284 0.43529412 0.89019608 0.96078431
v -0.05473772 -0.01529819 -0.02327896 0.43529412 0.89019608 0.96078431
v -0.04908669 -0.01509453 -0.02439828 0.43529412 0.89019608 0.96078431
v -0.04953252 -0.01537774 -0.02380972 0.43529412 0.89019608 0.96078431
v -0.00582966 -0.00532205 -0.02728591 0.43529412 0.89019608 0.96078431
v -0.03658610 -0.00402690 -0.02483444 0.43529412 0.89019608 0.96078431
v -0.04908669 -0.01496087 -0.02439828 0.43529412 0.89019608 0.96078431
v -0.04379464 -0.00588847 -0.02438251 0.43529412 0.89019608 0.96078431
v -0.05214960 -0.00532205 -0.02365469 0.43529412 0.89019608 0.96078431
v -0.05566991 -0.00312316 -0.02310555 0.43529412 0.89019608 0.96078431
v -0.05695529 -0.00442149 -0.02309504 0.43529412 0.89019608 0.96078431
v -0.05484774 0.01033747 -0.02189427 0.43529412 0.89019608 0.96078431
v -0.05733164 0.01023246 -0.02159473 0.43529412 0.89019608 0.96078431
v -0.05901653 0.00634383 -0.02172611 0.43529412 0.89019608 0.96078431
v -0.05992556 0.01023246 -0.02099041 0.43529412 0.89019608 0.96078431
v -0.05823488 0.00724121 -0.02182332 0.43529412 0.89019608 0.96078431
v -0.06146569 0.01023246 -0.02019953 0.43529412 0.89019608 0.96078431
v -0.06229946 0.01023246 -0.01955053 0.43529412 0.89019608 0.96078431
v -0.06078248 -0.00040558 -0.02188638 0.43529412 0.89019608 0.96078431
v -0.06081721 0.01023246 -0.02061993 0.43529412 0.89019608 0.96078431
v -0.06307531 -0.00143342 -0.02035980 0.43529412 0.89019608 0.96078431
v -0.06315059 -0.00272857 -0.02045702 0.43529412 0.89019608 0.96078431
v -0.06323743 -0.00426238 -0.02054636 0.43529412 0.89019608 0.96078431
v -0.06350956 0.00893731 -0.01834451 0.43529412 0.89019608 0.96078431
v -0.06419278 0.00884503 -0.01711746 0.43529412 0.89019608 0.96078431
v -0.06447070 0.00835179 -0.01660773 0.43529412 0.89019608 0.96078431
v -0.06451123 0.01023246 -0.01550680 0.43529412 0.89019608 0.96078431
v -0.06460387 0.01023246 -0.01464235 0.43529412 0.89019608 0.96078431
v -0.06381643 0.00893731 -0.00297623 0.43529412 0.89019608 0.96078431
v -0.06356167 0.00893731 -0.00044331 0.43529412 0.89019608 0.96078431
v -0.06347482 0.01023246 -0.00044331 0.43529412 0.89019608 0.96078431
v -0.06451123 0.00995879 -0.01205163 0.43529412 0.89019608 0.96078431
v -0.06447649 0.00967876 -0.01130016 0.43529412 0.89019608 0.96078431
v -0.06463861 0.00893731 -0.01334962 0.43529412 0.89019608 0.96078431
v -0.00582966 -0.01365936 -0.02559905 0.43529412 0.89019608 0.96078431
v -0.04875666 -0.01509453 -0.02439828 0.43529412 0.89019608 0.96078431
v -0.06122252 -0.01600145 -0.00044331 0.43529412 0.89019608 0.96078431
v -0.06353272 -0.01523136 -0.00686493 0.43529412 0.89019608 0.96078431
v -0.06384538 -0.01468721 -0.01205163 0.43529412 0.89019608 0.96078431
v -0.06464440 -0.01398076 -0.01306848 0.43529412 0.89019608 0.96078431
v -0.06345745 -0.01398076 -0.01594034 0.43529412 0.89019608 0.96078431
v -0.06329533 -0.01385347 -0.01673647 0.43529412 0.89019608 0.96078431
v -0.05684528 -0.01523136 -0.02198097 0.43529412 0.89019608 0.96078431
v -0.06066668 -0.01380892 -0.02056212 0.43529412 0.89019608 0.96078431
v -0.05950289 -0.01269198 -0.02189689 0.43529412 0.89019608 0.96078431
v -0.05992556 -0.00532205 -0.02274032 0.43529412 0.89019608 0.96078431
v -0.05862860 -0.00532205 -0.02296366 0.43529412 0.89019608 0.96078431
v -0.00807039 -0.00641990 -0.02706783 0.43529412 0.89019608 0.96078431
v -0.00582966 -0.00669993 -0.02711775 0.43529412 0.89019608 0.96078431
v -0.00582966 -0.01272698 -0.02624279 0.43529412 0.89019608 0.96078431
v -0.00582966 -0.01298792 -0.02617973 0.43529412 0.89019608 0.96078431
v -0.05712899 -0.00532205 -0.02313970 0.43529412 0.89019608 0.96078431
v -0.05992556 -0.00402690 -0.02260107 0.43529412 0.89019608 0.96078431
v -0.05992556 0.00763898 -0.02128469 0.43529412 0.89019608 0.96078431
v -0.06159886 0.00893731 -0.02028361 0.43529412 0.89019608 0.96078431
v -0.06184784 -0.00358776 -0.02176026 0.43529412 0.89019608 0.96078431
v -0.06242683 -0.00143342 -0.02095362 0.43529412 0.89019608 0.96078431
v -0.06092723 -0.00143342 -0.02193893 0.43529412 0.89019608 0.96078431
v -0.06328376 -0.00532205 -0.02058840 0.43529412 0.89019608 0.96078431
v -0.06382801 -0.00532205 -0.01982905 0.43529412 0.89019608 0.96078431
v -0.06447649 0.00059363 -0.01790834 0.43529412 0.89019608 0.96078431
v -0.06482390 -0.00532205 -0.01723570 0.43529412 0.89019608 0.96078431
v -0.06454018 0.00884503 -0.01595610 0.43529412 0.89019608 0.96078431
v -0.06465598 0.00893731 -0.01464235 0.43529412 0.89019608 0.96078431
v -0.06360799 0.00763898 -0.00044331 0.43529412 0.89019608 0.96078431
v -0.06475441 -0.01310248 -0.00686493 0.43529412 0.89019608 0.96078431
v -0.06497443 -0.00532205 -0.01594034 0.43529412 0.89019608 0.96078431
v -0.06486442 -0.00143342 -0.01464235 0.43529412 0.89019608 0.96078431
v -0.06126883 -0.01598554 -0.00044331 0.43529412 0.89019608 0.96078431
v -0.06257158 -0.01550503 -0.00044331 0.43529412 0.89019608 0.96078431
v -0.06346903 -0.01520590 -0.00556958 0.43529412 0.89019608 0.96078431
v -0.06418120 -0.01468402 -0.00686493 0.43529412 0.89019608 0.96078431
v -0.06469073 -0.01404122 -0.01205163 0.43529412 0.89019608 0.96078431
v -0.06482390 -0.01310248 -0.01205163 0.43529412 0.89019608 0.96078431
v -0.06454597 -0.01261561 -0.01556198 0.43529412 0.89019608 0.96078431
v -0.06414067 -0.01307066 -0.01597187 0.43529412 0.89019608 0.96078431
v -0.06354430 -0.01310248 -0.01700448 0.43529412 0.89019608 0.96078431
v -0.06205048 -0.01286063 -0.01948484 0.43529412 0.89019608 0.96078431
v -0.06158728 -0.01321704 -0.01988160 0.43529412 0.89019608 0.96078431
v -0.06089249 -0.01310248 -0.02075918 0.43529412 0.89019608 0.96078431
v -0.06191152 -0.00605395 -0.02181019 0.43529412 0.89019608 0.96078431
v -0.06122252 -0.00532205 -0.02220694 0.43529412 0.89019608 0.96078431
v -0.06133832 -0.00402372 -0.02204929 0.43529412 0.89019608 0.96078431
v -0.06188837 -0.00445331 -0.02178917 0.43529412 0.89019608 0.96078431
v -0.06256580 -0.00532205 -0.02123739 0.43529412 0.89019608 0.96078431
v -0.06324901 -0.00619715 -0.02055687 0.43529412 0.89019608 0.96078431
v -0.06357904 -0.00662356 -0.01989211 0.43529412 0.89019608 0.96078431
v -0.06436069 -0.00532205 -0.01886475 0.43529412 0.89019608 0.96078431
v -0.06431437 -0.00402690 -0.01879118 0.43529412 0.89019608 0.96078431
v -0.06456913 -0.00532205 -0.01821839 0.43529412 0.89019608 0.96078431
v -0.06486442 -0.00143342 -0.01594034 0.43529412 0.89019608 0.96078431
v -0.06454018 -0.00628625 -0.01811066 0.43529412 0.89019608 0.96078431
v -0.06371221 0.00245521 -0.00044331 0.43529412 0.89019608 0.96078431
v -0.06492811 -0.00532205 -0.01464235 0.43529412 0.89019608 0.96078431
v -0.06457492 -0.01403486 -0.00686493 0.43529412 0.89019608 0.96078431
v -0.06452860 -0.01392667 -0.00556958 0.43529412 0.89019608 0.96078431
v -0.06446491 -0.01375801 -0.00491270 0.43529412 0.89019608 0.96078431
v -0.06446491 -0.01372937 -0.00491270 0.43529412 0.89019608 0.96078431
v -0.06379327 -0.00662038 -0.00044331 0.43529412 0.89019608 0.96078431
v -0.06377590 -0.00402690 -0.00044331 0.43529412 0.89019608 0.96078431
v -0.06376432 -0.00272857 -0.00044331 0.43529412 0.89019608 0.96078431
v -0.06297109 -0.01433080 -0.00044331 0.43529412 0.89019608 0.96078431
v -0.06411751 -0.01457583 -0.00556958 0.43529412 0.89019608 0.96078431
v -0.06428542 -0.00668084 -0.01853894 0.43529412 0.89019608 0.96078431
v -0.06436648 -0.01180415 -0.01627929 0.43529412 0.89019608 0.96078431
v -0.06191731 -0.00532205 -0.02181019 0.43529412 0.89019608 0.96078431
v -0.06322585 -0.01269516 -0.00044331 0.43529412 0.89019608 0.96078431
v -0.06372958 -0.00791552 -0.00044331 0.43529412 0.89019608 0.96078431
v -0.06379327 -0.00668084 -0.00044331 0.43529412 0.89019608 0.96078431
f 788 789 790
f 788 790 791
f 788 791 792
f 788 792 793
f 788 793 794
f 788 794 795
f 788 795 796
f 788 796 797
f 788 797 789
f 789 798 799
f 789 799 800
f 789 800 790
f 789 797 798
f 790 800 799
f 790 799 798
f 790 798 812
f 790 812 835
f 790 835 860
f 790 860 895
f 790 895 930
f 790 930 929
f 790 929 928
f 790 928 971
f 790 971 987
f 790 987 986
f 790 986 985
f 790 985 941
f 790 941 900
f 790 900 865
f 790 865 864
f 790 864 837
f 790 837 813
f 790 813 802
f 790 802 801
f 790 801 792
f 790 792 791
f 792 801 793
f 793 801 802
f 793 802 803
f 793 803 804
f 793 804 805
f 793 805 806
f 793 806 807
f 793 807 794
f 794 807 808
f 794 808 795
f 795 808 809
f 795 809 810
f 795 810 797
f 795 797 796
f 797 810 811
f 797 811 833
f 797 833 832
f 797 832 859
f 797 859 893
f 797 893 892
f 797 892 890
f 797 890 889
f 797 889 925
f 797 925 967
f 797 967 966
f 797 966 1001
f 797 1001 1029
f 797 1029 1037
f 797 1037 1036
f 797 1036 1035
f 797 1035 1045
f 797 1045 1044
f 797 1044 1043
f 797 1043 1038
f 797 1038 1006
f 797 1006 1005
f 797 1005 973
f 797 973 933
f 797 933 932
f 797 932 931
f 797 931 897
f 797 897 896
f 797 896 862
f 797 862 836
f 797 836 812
f 797 812 798
f 802 813 803
f 803 813 814
f 803 814 815
f 803 815 816
f 803 816 817
f 803 817 804
f 804 817 805
f 805 817 807
f 805 807 806
f 807 817 818
f 807 818 808
f 808 818 819
f 808 819 820
f 808 820 809
f 809 820 821
f 809 821 822
f 809 822 823
f 809 823 824
f 809 824 825
f 809 825 826
f 809 826 827
f 809 827 828
f 809 828 829
f 809 829 810
f 810 829 830
f 810 830 831
f 810 831 832
f 810 832 833
f 810 833 811
f 812 834 835
f 812 836 834
f 813 837 814
f 814 837 838
f 814 838 839
f 814 839 840
f 814 840 815
f 815 840 816
f 816 840 841
f 816 841 842
f 816 842 843
f 816 843 817
f 817 843 844
f 817 844 845
f 817 845 818
f 818 845 819
f 819 845 820
f 820 845 821
f 821 845 846
f 821 846 822
f 822 846 823
f 823 847 824
f 823 846 847
f 824 848 849
f 824 849 825
f 824 847 850
f 824 850 848
f 825 849 851
f 825 851 826
f 826 851 827
f 827 851 852
f 827 852 853
f 827 853 854
f 827 854 828
f 828 854 855
f 828 855 829
f 829 855 830
f 830 855 856
f 830 856 831
f 831 856 857
f 831 857 858
f 831 858 832
f 832 858 859
f 834 860 835
f 834 836 861
f 834 861 860
f 836 862 863
f 836 863 861
f 837 864 838
f 838 864 865
f 838 865 839
f 839 865 866
f 839 866 841
f 839 841 840
f 841 866 867
f 841 867 868
f 841 868 869
f 841 869 870
f 841 870 842
f 842 870 871
f 842 871 872
f 842 872 843
f 843 872 873
f 843 873 844
f 844 871 874
f 844 874 875
f 844 875 845
f 844 873 871
f 845 875 847
f 845 847 846
f 847 876 877
f 847 877 850
f 847 875 876
f 848 878 849
f 848 850 879
f 848 879 878
f 849 878 880
f 849 880 851
f 850 877 879
f 851 880 852
f 852 880 878
f 852 878 881
f 852 881 882
f 852 882 883
f 852 883 853
f 853 883 854
f 854 883 884
f 854 884 885
f 854 885 855
f 855 885 856
f 856 885 886
f 856 886 857
f 857 886 887
f 857 887 888
f 857 888 889
f 857 889 890
f 857 890 891
f 857 891 858
f 858 891 890
f 858 890 892
f 858 892 893
f 858 893 859
f 860 894 895
f 860 861 894
f 861 863 896
f 861 896 897
f 861 897 898
f 861 898 899
f 861 899 894
f 862 896 863
f 865 900 901
f 865 901 866
f 866 901 902
f 866 902 867
f 867 902 901
f 867 901 903
f 867 903 868
f 868 903 904
f 868 904 905
f 868 905 869
f 869 905 906
f 869 906 870
f 870 906 907
f 870 907 908
f 870 908 874
f 870 874 871
f 871 873 872
f 874 908 909
f 874 909 910
f 874 910 911
f 874 911 875
f 875 911 876
f 876 910 877
f 876 911 910
f 877 910 912
f 877 912 879
f 878 913 881
f 878 879 914
f 878 914 913
f 879 912 915
f 879 915 914
f 881 916 882
f 881 913 916
f 882 916 917
f 882 917 918
f 882 918 883
f 883 918 919
f 883 919 884
f 884 919 920
f 884 920 885
f 885 920 921
f 885 921 922
f 885 922 886
f 886 922 887
f 887 923 888
f 887 922 924
f 887 924 923
f 888 923 925
f 888 925 889
f 894 926 927
f 894 927 928
f 894 928 929
f 894 929 930
f 894 930 895
f 894 899 926
f 897 931 898
f 898 931 899
f 899 931 932
f 899 932 933
f 899 933 934
f 899 934 935
f 899 935 936
f 899 936 937
f 899 937 938
f 899 938 939
f 899 939 940
f 899 940 926
f 900 941 901
f 901 942 904
f 901 904 903
f 901 941 943
f 901 943 944
f 901 944 945
f 901 945 942
f 904 945 946
f 904 946 947
f 904 947 948
f 904 948 905
f 904 942 945
f 905 948 906
f 906 948 907
f 907 948 949
f 907 949 909
f 907 909 908
f 909 949 910
f 910 950 951
f 910 951 912
f 910 949 952
f 910 952 950
f 912 951 915
f 913 914 953
f 913 953 954
f 913 954 916
f 914 915 953
f 915 951 955
f 915 955 956
f 915 956 953
f 916 957 958
f 916 958 917
f 916 954 957
f 917 958 959
f 917 959 960
f 917 960 961
f 917 961 918
f 918 961 962
f 918 962 919
f 919 962 963
f 919 963 920
f 920 963 964
f 920 964 921
f 921 964 922
f 922 964 924
f 923 965 966
f 923 966 967
f 923 967 925
f 923 924 968
f 923 968 969
f 923 969 965
f 924 964 970
f 924 970 969
f 924 969 968
f 926 971 928
f 926 928 927
f 926 940 972
f 926 972 971
f 933 973 934
f 934 973 974
f 934 974 935
f 935 974 975
f 935 975 976
f 935 976 977
f 935 977 978
f 935 978 979
f 935 979 936
f 936 979 980
f 936 980 937
f 937 980 981
f 937 981 982
f 937 982 939
f 937 939 938
f 939 972 940
f 939 982 983
f 939 983 943
f 939 943 941
f 939 941 984
f 939 984 985
f 939 985 986
f 939 986 987
f 939 987 972
f 941 985 984
f 943 983 988
f 943 988 945
f 943 945 944
f 945 988 947
f 945 947 946
f 947 988 983
f 947 983 952
f 947 952 948
f 948 952 949
f 950 982 989
f 950 989 990
f 950 990 951
f 950 952 982
f 951 990 955
f 952 983 982
f 953 956 991
f 953 991 954
f 954 991 992
f 954 992 993
f 954 993 957
f 955 990 989
f 955 989 982
f 955 982 994
f 955 994 992
f 955 992 956
f 956 992 991
f 957 993 992
f 957 992 958
f 958 992 959
f 959 995 996
f 959 996 960
f 959 992 995
f 960 996 997
f 960 997 961
f 961 997 962
f 962 997 998
f 962 998 999
f 962 999 963
f 963 999 964
f 964 1000 970
f 964 999 1000
f 965 1001 966
f 965 969 1002
f 965 1002 1001
f 969 970 1002
f 970 1000 1003
f 970 1003 1004
f 970 1004 1002
f 971 972 987
f 973 1005 974
f 974 1005 1006
f 974 1006 1007
f 974 1007 1008
f 974 1008 1009
f 974 1009 975
f 975 1009 976
f 976 1009 1010
f 976 1010 1011
f 976 1011 1012
f 976 1012 978
f 976 978 977
f 978 1012 1013
f 978 1013 1014
f 978 1014 1015
f 978 1015 980
f 978 980 979
f 980 1015 1016
f 980 1016 981
f 981 1016 1017
f 981 1017 1018
f 981 1018 982
f 982 1018 1019
f 982 1019 994
f 992 994 1019
f 992 1019 1018
f 992 1018 1020
f 992 1020 995
f 995 1020 1021
f 995 1021 1017
f 995 1017 1022
f 995 1022 996
f 996 1022 1023
f 996 1023 1024
f 996 1024 1025
f 996 1025 997
f 997 1026 998
f 997 1025 1024
f 997 1024 1026
f 998 1003 1027
f 998 1027 999
f 998 1026 1028
f 998 1028 1011
f 998 1011 1003
f 999 1027 1000
f 1000 1027 1003
f 1001 1002 1029
f 1002 1004 1030
f 1002 1030 1003
f 1002 1003 1010
f 1002 1010 1009
f 1002 1009 1031
f 1002 1031 1032
f 1002 1032 1033
f 1002 1033 1034
f 1002 1034 1035
f 1002 1035 1036
f 1002 1036 1037
f 1002 1037 1029
f 1003 1030 1004
f 1003 1011 1010
f 1006 1038 1033
f 1006 1033 1032
f 1006 1032 1039
f 1006 1039 1008
f 1006 1008 1007
f 1008 1039 1032
f 1008 1032 1031
f 1008 1031 1009
f 1011 1028 1040
f 1011 1040 1041
f 1011 1041 1013
f 1011 1013 1012
f 1013 1041 1023
f 1013 1023 1014
f 1014 1016 1015
f 1014 1023 1022
f 1014 1022 1016
f 1016 1022 1017
f 1017 1042 1018
f 1017 1021 1042
f 1018 1042 1020
f 1020 1042 1021
f 1023 1041 1040
f 1023 1040 1024
f 1024 1040 1028
f 1024 1028 1026
f 1033 1038 1043
f 1033 1043 1044
f 1033 1044 1045
f 1033 1045 1035
f 1033 1035 1034

o geometry_3
v -0.00582387 -0.01561503 -0.00988796 0.38039216 0.78823529 0.52549020
v -0.00582387 -0.01562175 -0.00980707 0.38039216 0.78823529 0.52549020
v -0.00582387 0.01294140 -0.00988796 0.38039216 0.78823529 0.52549020
v -0.00417093 -0.01571250 -0.00988796 0.38039216 0.78823529 0.52549020
v -0.00582387 -0.01745022 0.01387878 0.38039216 0.78823529 0.52549020
v -0.00386976 -0.01769895 0.01417068 0.38039216 0.78823529 0.52549020
v -0.00582387 0.01377161 -0.00259054 0.38039216 0.78823529 0.52549020
v -0.00549468 0.01369766 -0.00418718 0.38039216 0.78823529 0.52549020
v -0.00417093 0.01385227 -0.00556577 0.38039216 0.78823529 0.52549020
v -0.00287520 0.01398000 -0.00556577 0.38039216 0.78823529 0.52549020
v 0.01181214 0.01435981 -0.00988796 0.38039216 0.78823529 0.52549020
v -0.00330944 -0.01574947 -0.00988796 0.38039216 0.78823529 0.52549020
v -0.00582387 -0.01741325 0.02036030 0.38039216 0.78823529 0.52549020
v -0.00386976 -0.01769895 0.01491625 0.38039216 0.78823529 0.52549020
v 0.00101201 -0.01793087 0.01647069 0.38039216 0.78823529 0.52549020
v -0.00028373 -0.01795103 0.01776840 0.38039216 0.78823529 0.52549020
v -0.00157946 -0.01792414 0.01906611 0.38039216 0.78823529 0.52549020
v 0.00749769 -0.01732922 0.00480536 0.38039216 0.78823529 0.52549020
v 0.00230774 -0.01778298 0.01258107 0.38039216 0.78823529 0.52549020
v -0.00582387 0.01430267 0.02165801 0.38039216 0.78823529 0.52549020
v -0.00547367 0.01383883 -0.00297387 0.38039216 0.78823529 0.52549020
v -0.00417093 0.01396991 -0.00427158 0.38039216 0.78823529 0.52549020
v 0.05705781 0.01611770 -0.00988796 0.38039216 0.78823529 0.52549020
v 0.01268063 0.01440350 -0.00988796 0.38039216 0.78823529 0.52549020
v 0.02095933 -0.01770231 0.00654971 0.38039216 0.78823529 0.52549020
v 0.03341939 -0.01579317 -0.00988796 0.38039216 0.78823529 0.52549020
v -0.00582387 -0.01738300 0.02165801 0.38039216 0.78823529 0.52549020
v -0.00369466 -0.01767878 0.01989608 0.38039216 0.78823529 0.52549020
v -0.00298726 -0.01776617 0.01896764 0.38039216 0.78823529 0.52549020
v 0.00101201 -0.01798128 0.01776840 0.38039216 0.78823529 0.52549020
v 0.00749769 -0.01801826 0.02036030 0.38039216 0.78823529 0.52549020
v 0.00089995 -0.01779306 0.02302958 0.38039216 0.78823529 0.52549020
v -0.00282617 -0.01772584 0.02034272 0.38039216 0.78823529 0.52549020
v 0.01138489 -0.01809556 0.01906611 0.38039216 0.78823529 0.52549020
v -0.00582387 0.01428586 0.02295572 0.38039216 0.78823529 0.52549020
v -0.00157946 0.01451106 0.02036030 0.38039216 0.78823529 0.52549020
v 0.05923605 0.01619164 -0.00988796 0.38039216 0.78823529 0.52549020
v 0.02136556 -0.01770231 0.00654971 0.38039216 0.78823529 0.52549020
v 0.02046204 -0.01812917 0.01906611 0.38039216 0.78823529 0.52549020
v 0.03471513 -0.01578981 -0.00988796 0.38039216 0.78823529 0.52549020
v -0.00582387 -0.01709394 0.02260404 0.38039216 0.78823529 0.52549020
v 0.00003145 -0.01772584 0.02295572 0.38039216 0.78823529 0.52549020
v 0.00034663 -0.01764181 0.02360634 0.38039216 0.78823529 0.52549020
v 0.01268063 -0.01804851 0.02036030 0.38039216 0.78823529 0.52549020
v 0.00039566 -0.01764181 0.02360634 0.38039216 0.78823529 0.52549020
v 0.02046204 -0.01799137 0.02036030 0.38039216 0.78823529 0.52549020
v -0.00582387 0.01420856 0.02330389 0.38039216 0.78823529 0.52549020
v -0.00547367 0.01429595 0.02295572 0.38039216 0.78823529 0.52549020
v 0.04249654 0.01545891 0.01776840 0.38039216 0.78823529 0.52549020
v 0.05992244 0.01608745 0.00941241 0.38039216 0.78823529 0.52549020
v 0.05805237 0.01620509 -0.00427158 0.38039216 0.78823529 0.52549020
v 0.06046174 0.01620845 -0.00945539 0.38039216 0.78823529 0.52549020
v 0.06053178 0.01620173 -0.00988796 0.38039216 0.78823529 0.52549020
v 0.04120081 -0.01573603 -0.00988796 0.38039216 0.78823529 0.52549020
v 0.04120081 -0.01577972 -0.00945539 0.38039216 0.78823529 0.52549020
v 0.04120081 -0.01589736 -0.00816120 0.38039216 0.78823529 0.52549020
v 0.05675664 -0.01572594 -0.00556577 0.38039216 0.78823529 0.52549020
v 0.04722423 -0.01767206 0.01701228 0.38039216 0.78823529 0.52549020
v 0.04722423 -0.01767206 0.01721977 0.38039216 0.78823529 0.52549020
v 0.03990508 -0.01774600 0.01872498 0.38039216 0.78823529 0.52549020
v -0.00582387 -0.01696957 0.02295572 0.38039216 0.78823529 0.52549020
v -0.00028373 -0.01657968 0.02507989 0.38039216 0.78823529 0.52549020
v -0.00016466 -0.01726872 0.02412331 0.38039216 0.78823529 0.52549020
v 0.03990508 -0.01750064 0.01937207 0.38039216 0.78823529 0.52549020
v 0.03601087 -0.01667043 0.02130633 0.38039216 0.78823529 0.52549020
v -0.00582387 0.01387244 0.02432377 0.38039216 0.78823529 0.52549020
v 0.00620195 0.01435981 0.02295572 0.38039216 0.78823529 0.52549020
v 0.02694072 0.01483037 0.02113752 0.38039216 0.78823529 0.52549020
v 0.01008916 0.01462198 0.02165801 0.38039216 0.78823529 0.52549020
v 0.04120081 0.01524379 0.01906611 0.38039216 0.78823529 0.52549020
v 0.04897522 0.01528413 0.01906611 0.38039216 0.78823529 0.52549020
v 0.05675664 0.01550260 0.01776840 0.38039216 0.78823529 0.52549020
v 0.05675664 0.01559335 0.01647069 0.38039216 0.78823529 0.52549020
v 0.06005551 0.01608745 0.00941241 0.38039216 0.78823529 0.52549020
v 0.06098704 0.01605720 -0.00988796 0.38039216 0.78823529 0.52549020
v 0.06194658 0.01568075 0.01128688 0.38039216 0.78823529 0.52549020
v 0.06194658 0.01571772 0.00610307 0.38039216 0.78823529 0.52549020
v 0.05780023 -0.01511757 -0.00988796 0.38039216 0.78823529 0.52549020
v 0.05805237 -0.01549066 -0.00686349 0.38039216 0.78823529 0.52549020
v 0.05805237 -0.01600492 -0.00038197 0.38039216 0.78823529 0.52549020
v 0.05805237 -0.01688218 0.01258107 0.38039216 0.78823529 0.52549020
v 0.05805237 -0.01693260 0.01387878 0.38039216 0.78823529 0.52549020
v 0.05546090 -0.01714099 0.01647069 0.38039216 0.78823529 0.52549020
v 0.05675664 -0.01678807 0.01776840 0.38039216 0.78823529 0.52549020
v 0.05352781 -0.01634440 0.01971672 0.38039216 0.78823529 0.52549020
v -0.00582387 -0.01662001 0.02353600 0.38039216 0.78823529 0.52549020
v 0.00073185 -0.01648893 0.02501659 0.38039216 0.78823529 0.52549020
v -0.00028373 -0.01569569 0.02539992 0.38039216 0.78823529 0.52549020
v -0.00107518 -0.01650909 0.02502011 0.38039216 0.78823529 0.52549020
v 0.05403910 -0.01576292 0.01999807 0.38039216 0.78823529 0.52549020
v -0.00582387 -0.01648557 0.02373998 0.38039216 0.78823529 0.52549020
v -0.00582387 0.01358338 0.02498142 0.38039216 0.78823529 0.52549020
v 0.04120081 0.01475979 0.02098630 0.38039216 0.78823529 0.52549020
v 0.04120081 0.01498162 0.02033920 0.38039216 0.78823529 0.52549020
v 0.05027096 0.01528077 0.01906611 0.38039216 0.78823529 0.52549020
v 0.05546090 0.01518329 0.01906611 0.38039216 0.78823529 0.52549020
v 0.05934811 0.01536816 0.01776840 0.38039216 0.78823529 0.52549020
v 0.06064384 0.01548580 0.01647069 0.38039216 0.78823529 0.52549020
v 0.05934811 0.01553286 0.01647069 0.38039216 0.78823529 0.52549020
v 0.06194658 0.01559000 0.01387878 0.38039216 0.78823529 0.52549020
v 0.06194658 0.01566394 0.01258107 0.38039216 0.78823529 0.52549020
v 0.06113412 0.01600678 -0.00988796 0.38039216 0.78823529 0.52549020
v 0.06322130 0.01514968 0.01387878 0.38039216 0.78823529 0.52549020
v 0.06318628 0.01515977 0.01258107 0.38039216 0.78823529 0.52549020
v 0.05839556 -0.01493943 -0.00988796 0.38039216 0.78823529 0.52549020
v 0.05845860 -0.01495624 -0.00974377 0.38039216 0.78823529 0.52549020
v 0.05873176 -0.01506380 -0.00887863 0.38039216 0.78823529 0.52549020
v 0.05892787 -0.01515455 -0.00816120 0.38039216 0.78823529 0.52549020
v 0.05915199 -0.01524530 -0.00686349 0.38039216 0.78823529 0.52549020
v 0.05924305 -0.01666035 0.01258107 0.38039216 0.78823529 0.52549020
v 0.05909597 -0.01663010 0.01387878 0.38039216 0.78823529 0.52549020
v 0.05675664 -0.01699646 0.01647069 0.38039216 0.78823529 0.52549020
v 0.05775120 -0.01651918 0.01776840 0.38039216 0.78823529 0.52549020
v 0.05748505 -0.01639482 0.01848232 0.38039216 0.78823529 0.52549020
v 0.05675664 -0.01646204 0.01859837 0.38039216 0.78823529 0.52549020
v 0.05546090 -0.01539319 0.01993477 0.38039216 0.78823529 0.52549020
v 0.05149665 -0.01435795 0.02083156 0.38039216 0.78823529 0.52549020
v 0.01138489 -0.00921201 0.02467546 0.38039216 0.78823529 0.52549020
v 0.00714749 -0.01008928 0.02496735 0.38039216 0.78823529 0.52549020
v -0.00582387 0.00247474 0.02602592 0.38039216 0.78823529 0.52549020
v -0.00582387 -0.01050942 0.02584304 0.38039216 0.78823529 0.52549020
v 0.05102038 -0.01390083 0.02103905 0.38039216 0.78823529 0.52549020
v 0.04638375 -0.00921201 0.02195695 0.38039216 0.78823529 0.52549020
v -0.00582387 -0.01439492 0.02464029 0.38039216 0.78823529 0.52549020
v -0.00582387 -0.01569569 0.02418661 0.38039216 0.78823529 0.52549020
v -0.00582387 0.01354977 0.02499900 0.38039216 0.78823529 0.52549020
v -0.00157946 0.01337835 0.02482668 0.38039216 0.78823529 0.52549020
v 0.03341939 0.01364724 0.02241062 0.38039216 0.78823529 0.52549020
v 0.04249654 0.01473962 0.02093706 0.38039216 0.78823529 0.52549020
v 0.05157370 0.01494465 0.01996290 0.38039216 0.78823529 0.52549020
v 0.04897522 0.01496818 0.02005082 0.38039216 0.78823529 0.52549020
v 0.04767949 0.01499171 0.02006137 0.38039216 0.78823529 0.52549020
v 0.05546090 0.01486735 0.01982574 0.38039216 0.78823529 0.52549020
v 0.05675664 0.01482701 0.01977651 0.38039216 0.78823529 0.52549020
v 0.05754809 0.01480012 0.01974838 0.38039216 0.78823529 0.52549020
v 0.05675664 0.01511607 0.01906611 0.38039216 0.78823529 0.52549020
v 0.05934811 0.01500851 0.01883400 0.38039216 0.78823529 0.52549020
v 0.06040571 0.01492112 0.01864409 0.38039216 0.78823529 0.52549020
v 0.06076291 0.01511943 0.01788445 0.38039216 0.78823529 0.52549020
v 0.06194658 0.01524043 0.01647069 0.38039216 0.78823529 0.52549020
v 0.06194658 0.01548244 0.01517649 0.38039216 0.78823529 0.52549020
v 0.06311625 0.01508582 0.01517649 0.38039216 0.78823529 0.52549020
v 0.06176448 0.01540177 -0.00988796 0.38039216 0.78823529 0.52549020
v 0.06310924 0.01516313 0.00998917 0.38039216 0.78823529 0.52549020
v 0.06294815 0.01513960 0.00351117 0.38039216 0.78823529 0.52549020
v 0.06292013 0.01510263 0.00221346 0.38039216 0.78823529 0.52549020
v 0.06387268 0.01474634 0.01387878 0.38039216 0.78823529 0.52549020
v 0.05932009 -0.01443190 -0.00988796 0.38039216 0.78823529 0.52549020
v 0.05957223 -0.01476129 -0.00816120 0.38039216 0.78823529 0.52549020
v 0.05980337 -0.01491254 -0.00686349 0.38039216 0.78823529 0.52549020
v 0.05987341 -0.01497641 -0.00556577 0.38039216 0.78823529 0.52549020
v 0.05989442 -0.01627717 0.01258107 0.38039216 0.78823529 0.52549020
v 0.05858467 -0.01627717 0.01647069 0.38039216 0.78823529 0.52549020
v 0.05974033 -0.01615617 0.01387878 0.38039216 0.78823529 0.52549020
v 0.05993644 -0.01496296 0.01682237 0.38039216 0.78823529 0.52549020
v 0.05906795 -0.01544361 0.01752574 0.38039216 0.78823529 0.52549020
v 0.05978936 -0.01232445 0.01962177 0.38039216 0.78823529 0.52549020
v 0.05628737 -0.01518144 0.01978354 0.38039216 0.78823529 0.52549020
v 0.06282208 -0.01266729 0.01609439 0.38039216 0.78823529 0.52549020
v 0.06248589 -0.01107074 0.01830647 0.38039216 0.78823529 0.52549020
v 0.06287811 -0.01020692 0.01872146 0.38039216 0.78823529 0.52549020
v 0.05546090 -0.01439829 0.02025128 0.38039216 0.78823529 0.52549020
v 0.05416517 -0.01439829 0.02045526 0.38039216 0.78823529 0.52549020
v -0.00582387 0.00373182 0.02603998 0.38039216 0.78823529 0.52549020
v 0.03601087 -0.00532315 0.02285374 0.38039216 0.78823529 0.52549020
v 0.05934811 -0.01050942 0.02033217 0.38039216 0.78823529 0.52549020
v 0.05665158 -0.00912799 0.02090893 0.38039216 0.78823529 0.52549020
v 0.05614729 -0.00864062 0.02101443 0.38039216 0.78823529 0.52549020
v 0.05675664 0.00634344 0.02122193 0.38039216 0.78823529 0.52549020
v -0.00582387 0.01289770 0.02526980 0.38039216 0.78823529 0.52549020
v -0.00157946 0.01272965 0.02515023 0.38039216 0.78823529 0.52549020
v 0.00360348 0.01301871 0.02468249 0.38039216 0.78823529 0.52549020
v 0.04249654 0.01282712 0.02204838 0.38039216 0.78823529 0.52549020
v 0.05349278 0.01346910 0.02100740 0.38039216 0.78823529 0.52549020
v 0.04249654 0.01409428 0.02146107 0.38039216 0.78823529 0.52549020
v 0.00496225 0.01277670 0.02471766 0.38039216 0.78823529 0.52549020
v 0.00457003 0.01230950 0.02494274 0.38039216 0.78823529 0.52549020
v 0.05801035 0.01419511 0.02001214 0.38039216 0.78823529 0.52549020
v 0.05934811 0.01383211 0.01992070 0.38039216 0.78823529 0.52549020
v 0.05840958 0.01467240 0.01960770 0.38039216 0.78823529 0.52549020
v 0.06126720 0.01474970 0.01839440 0.38039216 0.78823529 0.52549020
v 0.05934811 0.01448081 0.01948110 0.38039216 0.78823529 0.52549020
v 0.06194658 0.01492112 0.01743782 0.38039216 0.78823529 0.52549020
v 0.06260496 0.01477995 0.01713185 0.38039216 0.78823529 0.52549020
v 0.06280107 0.01490432 0.01647069 0.38039216 0.78823529 0.52549020
v 0.06376061 0.01462534 0.01517649 0.38039216 0.78823529 0.52549020
v 0.06259795 0.01477995 -0.00628321 0.38039216 0.78823529 0.52549020
v 0.06221273 0.01467576 -0.00988796 0.38039216 0.78823529 0.52549020
v 0.06383766 0.01470265 0.01258107 0.38039216 0.78823529 0.52549020
v 0.06412482 0.01397664 0.01517649 0.38039216 0.78823529 0.52549020
v 0.06413883 0.01409764 0.01387878 0.38039216 0.78823529 0.52549020
v 0.06412482 0.01405394 0.01258107 0.38039216 0.78823529 0.52549020
v 0.06009753 -0.01386050 -0.00988796 0.38039216 0.78823529 0.52549020
v 0.06133723 -0.01508732 0.00908183 0.38039216 0.78823529 0.52549020
v 0.06027963 -0.01411259 -0.00816120 0.38039216 0.78823529 0.52549020
v 0.06037769 -0.01426384 -0.00686349 0.38039216 0.78823529 0.52549020
v 0.06391470 -0.01247906 0.01053428 0.38039216 0.78823529 0.52549020
v 0.06135825 -0.01511421 0.00998917 0.38039216 0.78823529 0.52549020
v 0.06135125 -0.01511085 0.01128688 0.38039216 0.78823529 0.52549020
v 0.06133023 -0.01508396 0.01215905 0.38039216 0.78823529 0.52549020
v 0.06075591 -0.01553772 0.01258811 0.38039216 0.78823529 0.52549020
v 0.06048975 -0.01551083 0.01387878 0.38039216 0.78823529 0.52549020
v 0.06300418 -0.01284207 0.01517649 0.38039216 0.78823529 0.52549020
v 0.06020259 -0.01146063 0.01984685 0.38039216 0.78823529 0.52549020
v 0.06365555 -0.01201522 0.01517649 0.38039216 0.78823529 0.52549020
v 0.06419486 -0.01051278 0.01636518 0.38039216 0.78823529 0.52549020
v 0.06405478 -0.01008255 0.01736748 0.38039216 0.78823529 0.52549020
v 0.06328434 -0.01057665 0.01783874 0.38039216 0.78823529 0.52549020
v 0.06373260 -0.00921201 0.01822910 0.38039216 0.78823529 0.52549020
v 0.06308823 -0.00921201 0.01886565 0.38039216 0.78823529 0.52549020
v 0.06222674 -0.00921201 0.01951626 0.38039216 0.78823529 0.52549020
v 0.06145630 -0.00997500 0.01976948 0.38039216 0.78823529 0.52549020
v 0.00101201 0.00893490 0.02550543 0.38039216 0.78823529 0.52549020
v -0.00287520 0.00893490 0.02579381 0.38039216 0.78823529 0.52549020
v -0.00582387 0.00634344 0.02601888 0.38039216 0.78823529 0.52549020
v 0.04508802 0.00893490 0.02216444 0.38039216 0.78823529 0.52549020
v 0.05675664 0.00764085 0.02122896 0.38039216 0.78823529 0.52549020
v 0.06063684 -0.01044892 0.01996642 0.38039216 0.78823529 0.52549020
v 0.06064384 -0.00921201 0.02021611 0.38039216 0.78823529 0.52549020
v 0.05934811 -0.00921201 0.02048691 0.38039216 0.78823529 0.52549020
v 0.06064384 -0.00532315 0.02040954 0.38039216 0.78823529 0.52549020
v 0.06064384 -0.00272833 0.02049043 0.38039216 0.78823529 0.52549020
v 0.05826950 0.00115717 0.02096520 0.38039216 0.78823529 0.52549020
v 0.05787727 0.00634344 0.02109884 0.38039216 0.78823529 0.52549020
v -0.00582387 0.01152971 0.02576919 0.38039216 0.78823529 0.52549020
v 0.03601087 0.01152971 0.02273768 0.38039216 0.78823529 0.52549020
v 0.04508802 0.01152971 0.02203783 0.38039216 0.78823529 0.52549020
v 0.05286943 0.01152971 0.02141887 0.38039216 0.78823529 0.52549020
v 0.05298150 0.01295148 0.02117621 0.38039216 0.78823529 0.52549020
v 0.00360348 0.01152971 0.02515023 0.38039216 0.78823529 0.52549020
v 0.05618231 0.01222547 0.02102147 0.38039216 0.78823529 0.52549020
v 0.05667259 0.01272292 0.02081397 0.38039216 0.78823529 0.52549020
v 0.05805237 0.01282712 0.02058890 0.38039216 0.78823529 0.52549020
v 0.05934811 0.01282712 0.02032162 0.38039216 0.78823529 0.52549020
v 0.06015357 0.01361699 0.01978706 0.38039216 0.78823529 0.52549020
v 0.06070688 0.01418503 0.01909776 0.38039216 0.78823529 0.52549020
v 0.06158938 0.01388589 0.01868629 0.38039216 0.78823529 0.52549020
v 0.06199561 0.01424217 0.01807436 0.38039216 0.78823529 0.52549020
v 0.06245787 0.01325399 0.01828537 0.38039216 0.78823529 0.52549020
v 0.06281508 0.01412117 0.01735693 0.38039216 0.78823529 0.52549020
v 0.06401976 0.01372119 0.01605570 0.38039216 0.78823529 0.52549020
v 0.06348745 0.01412117 0.00221346 0.38039216 0.78823529 0.52549020
v 0.06271002 0.01385564 -0.00816120 0.38039216 0.78823529 0.52549020
v 0.06250690 0.01405058 -0.00988796 0.38039216 0.78823529 0.52549020
v 0.06244387 0.01426570 -0.00988796 0.38039216 0.78823529 0.52549020
v 0.06409680 0.01396319 0.01128688 0.38039216 0.78823529 0.52549020
v 0.06441898 0.01282712 0.01517649 0.38039216 0.78823529 0.52549020
v 0.06449603 0.01282712 0.01387878 0.38039216 0.78823529 0.52549020
v 0.06445400 0.01282712 0.01258107 0.38039216 0.78823529 0.52549020
v 0.06052478 -0.01313785 -0.00988796 0.38039216 0.78823529 0.52549020
v 0.06128821 -0.01244209 -0.00876258 0.38039216 0.78823529 0.52549020
v 0.06100104 -0.01301349 -0.00826318 0.38039216 0.78823529 0.52549020
v 0.06388668 -0.00855659 -0.00618474 0.38039216 0.78823529 0.52549020
v 0.06510537 -0.00967922 0.00998917 0.38039216 0.78823529 0.52549020
v 0.06516141 -0.00980022 0.01128688 0.38039216 0.78823529 0.52549020
v 0.06516841 -0.00981366 0.01258107 0.38039216 0.78823529 0.52549020
v 0.06391470 -0.01247906 0.01106180 0.38039216 0.78823529 0.52549020
v 0.06126019 -0.01500666 0.01302419 0.38039216 0.78823529 0.52549020
v 0.06388668 -0.01245217 0.01192694 0.38039216 0.78823529 0.52549020
v 0.06375361 -0.01224042 0.01387878 0.38039216 0.78823529 0.52549020
v 0.06453805 -0.01050942 0.01517649 0.38039216 0.78823529 0.52549020
v 0.06507035 -0.00942713 0.01517649 0.38039216 0.78823529 0.52549020
v 0.06486024 -0.00908765 0.01634760 0.38039216 0.78823529 0.52549020
v 0.06421587 -0.00921201 0.01758201 0.38039216 0.78823529 0.52549020
v 0.06274504 -0.00367282 0.01979409 0.38039216 0.78823529 0.52549020
v 0.06432093 -0.00791461 0.01765234 0.38039216 0.78823529 0.52549020
v 0.06394271 -0.00366274 0.01852452 0.38039216 0.78823529 0.52549020
v 0.06158238 -0.00921201 0.01985036 0.38039216 0.78823529 0.52549020
v 0.00101201 0.01023230 0.02547378 0.38039216 0.78823529 0.52549020
v -0.00547367 0.01023230 0.02592745 0.38039216 0.78823529 0.52549020
v -0.00582387 0.01023230 0.02594855 0.38039216 0.78823529 0.52549020
v 0.05286943 0.01023230 0.02148569 0.38039216 0.78823529 0.52549020
v 0.04508802 0.01023230 0.02212575 0.38039216 0.78823529 0.52549020
v 0.05784926 0.00764085 0.02109181 0.38039216 0.78823529 0.52549020
v 0.05752007 0.00985921 0.02104609 0.38039216 0.78823529 0.52549020
v 0.05675664 0.00893490 0.02117621 0.38039216 0.78823529 0.52549020
v 0.05416517 0.01023230 0.02136612 0.38039216 0.78823529 0.52549020
v 0.06207265 -0.00261069 0.02005786 0.38039216 0.78823529 0.52549020
v 0.06064384 0.00504603 0.02044119 0.38039216 0.78823529 0.52549020
v 0.05934811 0.00504603 0.02082453 0.38039216 0.78823529 0.52549020
v 0.05849362 0.00504603 0.02098630 0.38039216 0.78823529 0.52549020
v 0.05852864 0.00634344 0.02098278 0.38039216 0.78823529 0.52549020
v 0.05850063 0.00764085 0.02097927 0.38039216 0.78823529 0.52549020
v 0.05416517 0.01152971 0.02128523 0.38039216 0.78823529 0.52549020
v 0.05805237 0.01152971 0.02081749 0.38039216 0.78823529 0.52549020
v 0.05934811 0.01152971 0.02055725 0.38039216 0.78823529 0.52549020
v 0.06042672 0.01282712 0.01992773 0.38039216 0.78823529 0.52549020
v 0.06107109 0.01282712 0.01958660 0.38039216 0.78823529 0.52549020
v 0.06199561 0.01282376 0.01891137 0.38039216 0.78823529 0.52549020
v 0.06269601 0.01239017 0.01854913 0.38039216 0.78823529 0.52549020
v 0.06409680 0.01282712 0.01625265 0.38039216 0.78823529 0.52549020
v 0.06374660 0.01282712 0.01690326 0.38039216 0.78823529 0.52549020
v 0.06395672 0.01367413 0.00740078 0.38039216 0.78823529 0.52549020
v 0.06392871 0.01358674 0.00649696 0.38039216 0.78823529 0.52549020
v 0.06366256 0.01282712 0.00091574 0.38039216 0.78823529 0.52549020
v 0.06263297 0.01361699 -0.00988796 0.38039216 0.78823529 0.52549020
v 0.06453805 0.01152971 0.01517649 0.38039216 0.78823529 0.52549020
v 0.06464311 0.01152971 0.01387878 0.38039216 0.78823529 0.52549020
v 0.06437696 0.01282712 0.01128688 0.38039216 0.78823529 0.52549020
v 0.06482522 0.00893490 0.01258107 0.38039216 0.78823529 0.52549020
v 0.06292013 -0.00896329 -0.00988796 0.38039216 0.78823529 0.52549020
v 0.06309523 -0.00864398 -0.00988796 0.38039216 0.78823529 0.52549020
v 0.06352948 -0.00783730 -0.00988796 0.38039216 0.78823529 0.52549020
v 0.06383766 -0.00838853 -0.00686349 0.38039216 0.78823529 0.52549020
v 0.06404077 -0.00773983 -0.00686349 0.38039216 0.78823529 0.52549020
v 0.06452404 -0.00791461 -0.00167616 0.38039216 0.78823529 0.52549020
v 0.06537853 -0.00903051 0.00998917 0.38039216 0.78823529 0.52549020
v 0.06541355 -0.00915151 0.01128688 0.38039216 0.78823529 0.52549020
v 0.06538553 -0.00916496 0.01258107 0.38039216 0.78823529 0.52549020
v 0.06514039 -0.00970947 0.01387878 0.38039216 0.78823529 0.52549020
v 0.06473416 -0.01050942 0.01387878 0.38039216 0.78823529 0.52549020
v 0.06413182 -0.01159172 0.01387878 0.38039216 0.78823529 0.52549020
v 0.06532950 -0.00906412 0.01387878 0.38039216 0.78823529 0.52549020
v 0.06524545 -0.00877842 0.01517649 0.38039216 0.78823529 0.52549020
v 0.06518942 -0.00857339 0.01583062 0.38039216 0.78823529 0.52549020
v 0.06496530 -0.00791461 0.01658323 0.38039216 0.78823529 0.52549020
v 0.06502133 -0.00662056 0.01676962 0.38039216 0.78823529 0.52549020
v 0.06274504 -0.00296025 0.01979409 0.38039216 0.78823529 0.52549020
v 0.06394271 -0.00310815 0.01852452 0.38039216 0.78823529 0.52549020
v 0.06064384 0.00634344 0.02041657 0.38039216 0.78823529 0.52549020
v 0.05934811 0.00634344 0.02081397 0.38039216 0.78823529 0.52549020
v 0.05934811 0.00764085 0.02078936 0.38039216 0.78823529 0.52549020
v 0.06064384 0.01023230 0.02015633 0.38039216 0.78823529 0.52549020
v 0.06076991 0.01159021 0.01999807 0.38039216 0.78823529 0.52549020
v 0.06128121 0.01206414 0.01970617 0.38039216 0.78823529 0.52549020
v 0.06280807 0.01152971 0.01865112 0.38039216 0.78823529 0.52549020
v 0.06351547 0.01151291 0.01767345 0.38039216 0.78823529 0.52549020
v 0.06412482 0.01151291 0.01654454 0.38039216 0.78823529 0.52549020
v 0.06392170 0.01107259 0.01717757 0.38039216 0.78823529 0.52549020
v 0.06369758 0.00893490 -0.00297387 0.38039216 0.78823529 0.52549020
v 0.06308123 0.01152971 -0.00816120 0.38039216 0.78823529 0.52549020
v 0.06293414 0.01282712 -0.00816120 0.38039216 0.78823529 0.52549020
v 0.06441898 0.01152971 0.00998917 0.38039216 0.78823529 0.52549020
v 0.06436295 0.00893490 0.00610307 0.38039216 0.78823529 0.52549020
v 0.06274504 0.01306576 -0.00988796 0.38039216 0.78823529 0.52549020
v 0.06518942 0.00183612 0.01583414 0.38039216 0.78823529 0.52549020
v 0.06521744 0.00234366 0.01507099 0.38039216 0.78823529 0.52549020
v 0.06530148 0.00245458 0.01387878 0.38039216 0.78823529 0.52549020
v 0.06532950 0.00245458 0.01258107 0.38039216 0.78823529 0.52549020
v 0.06522444 0.00336881 0.01171593 0.38039216 0.78823529 0.52549020
v 0.06369057 -0.00729951 -0.00988796 0.38039216 0.78823529 0.52549020
v 0.06388668 -0.00726926 -0.00881181 0.38039216 0.78823529 0.52549020
v 0.06418085 -0.00662056 -0.00686349 0.38039216 0.78823529 0.52549020
v 0.06387268 -0.00651972 -0.00988796 0.38039216 0.78823529 0.52549020
v 0.06390770 -0.00625083 -0.00988796 0.38039216 0.78823529 0.52549020
v 0.06564468 -0.00791461 0.00998917 0.38039216 0.78823529 0.52549020
v 0.06572873 -0.00791461 0.01128688 0.38039216 0.78823529 0.52549020
v 0.06566569 -0.00791461 0.01258107 0.38039216 0.78823529 0.52549020
v 0.06554662 -0.00791461 0.01387878 0.38039216 0.78823529 0.52549020
v 0.06537153 -0.00791461 0.01517649 0.38039216 0.78823529 0.52549020
v 0.06549760 -0.00662056 0.01517649 0.38039216 0.78823529 0.52549020
v 0.06522444 -0.00791461 0.01593261 0.38039216 0.78823529 0.52549020
v 0.06528748 -0.00662056 0.01612252 0.38039216 0.78823529 0.52549020
v 0.06528048 -0.00532315 0.01608032 0.38039216 0.78823529 0.52549020
v 0.06497230 -0.00272833 0.01663246 0.38039216 0.78823529 0.52549020
v 0.06291313 0.01023230 0.01871794 0.38039216 0.78823529 0.52549020
v 0.06205865 0.01023230 0.01936504 0.38039216 0.78823529 0.52549020
v 0.06157537 0.00634344 0.01993477 0.38039216 0.78823529 0.52549020
v 0.06418085 0.00374862 0.01759959 0.38039216 0.78823529 0.52549020
v 0.06379563 0.00245458 0.01828537 0.38039216 0.78823529 0.52549020
v 0.06141428 0.01023230 0.01978003 0.38039216 0.78823529 0.52549020
v 0.06184152 0.01159021 0.01937911 0.38039216 0.78823529 0.52549020
v 0.06355749 0.01023230 0.01788797 0.38039216 0.78823529 0.52549020
v 0.06387268 0.00796016 -0.00167616 0.38039216 0.78823529 0.52549020
v 0.06411081 0.00245458 -0.00427158 0.38039216 0.78823529 0.52549020
v 0.06294115 0.01152971 -0.00988796 0.38039216 0.78823529 0.52549020
v 0.06289212 0.01195994 -0.00988796 0.38039216 0.78823529 0.52549020
v 0.06278706 0.01282712 -0.00988796 0.38039216 0.78823529 0.52549020
v 0.06545557 -0.00272833 0.01517649 0.38039216 0.78823529 0.52549020
v 0.06529448 0.00115717 0.01517649 0.38039216 0.78823529 0.52549020
v 0.06538553 0.00115717 0.01387878 0.38039216 0.78823529 0.52549020
v 0.06553261 -0.00143429 0.01387878 0.38039216 0.78823529 0.52549020
v 0.06560266 -0.00272833 0.01387878 0.38039216 0.78823529 0.52549020
v 0.06556764 -0.00272833 0.01258107 0.38039216 0.78823529 0.52549020
v 0.06553261 -0.00272833 0.01128688 0.38039216 0.78823529 0.52549020
v 0.06544156 -0.00272833 0.00998917 0.38039216 0.78823529 0.52549020
v 0.06382365 -0.00681551 -0.00988796 0.38039216 0.78823529 0.52549020
v 0.06396373 -0.00532315 -0.00988796 0.38039216 0.78823529 0.52549020
v 0.06396373 -0.00402574 -0.00988796 0.38039216 0.78823529 0.52549020
v 0.06564468 -0.00402574 0.01387878 0.38039216 0.78823529 0.52549020
v 0.06570071 -0.00662056 0.01258107 0.38039216 0.78823529 0.52549020
v 0.06563768 -0.00662056 0.01387878 0.38039216 0.78823529 0.52549020
v 0.06565869 -0.00532315 0.01387878 0.38039216 0.78823529 0.52549020
v 0.06550461 -0.00532315 0.01517649 0.38039216 0.78823529 0.52549020
v 0.06373960 0.00374862 0.01825021 0.38039216 0.78823529 0.52549020
v 0.06343142 0.00504603 -0.00988796 0.38039216 0.78823529 0.52549020
v 0.06334037 0.00634344 -0.00988796 0.38039216 0.78823529 0.52549020
f 1046 1047 1050
f 1046 1050 1058
f 1046 1058 1072
f 1046 1072 1086
f 1046 1086 1106
f 1046 1106 1131
f 1046 1131 1136
f 1046 1136 1170
f 1046 1170 1169
f 1046 1169 1166
f 1046 1166 1165
f 1046 1165 1209
f 1046 1209 1260
f 1046 1260 1316
f 1046 1316 1270
f 1046 1270 1215
f 1046 1215 1171
f 1046 1171 1137
f 1046 1137 1111
f 1046 1111 1092
f 1046 1092 1080
f 1046 1080 1065
f 1046 1065 1052
f 1046 1052 1048
f 1046 1048 1056
f 1046 1056 1069
f 1046 1069 1068
f 1046 1068 1082
f 1046 1082 1098
f 1046 1098 1120
f 1046 1120 1147
f 1046 1147 1188
f 1046 1188 1233
f 1046 1233 1290
f 1046 1290 1289
f 1046 1289 1341
f 1046 1341 1380
f 1046 1380 1413
f 1046 1413 1412
f 1046 1412 1411
f 1046 1411 1432
f 1046 1432 1431
f 1046 1431 1424
f 1046 1424 1423
f 1046 1423 1390
f 1046 1390 1389
f 1046 1389 1422
f 1046 1422 1386
f 1046 1386 1348
f 1046 1348 1347
f 1046 1347 1346
f 1046 1346 1295
f 1046 1295 1238
f 1046 1238 1193
f 1046 1193 1150
f 1046 1150 1123
f 1046 1123 1099
f 1046 1099 1085
f 1046 1085 1071
f 1046 1071 1057
f 1046 1057 1049
f 1046 1049 1047
f 1047 1049 1051
f 1047 1051 1050
f 1048 1052 1053
f 1048 1053 1054
f 1048 1054 1055
f 1048 1055 1056
f 1049 1057 1051
f 1050 1051 1059
f 1050 1059 1058
f 1051 1060 1061
f 1051 1061 1062
f 1051 1062 1059
f 1051 1057 1063
f 1051 1063 1064
f 1051 1064 1060
f 1052 1065 1066
f 1052 1066 1053
f 1053 1066 1054
f 1054 1066 1067
f 1054 1067 1055
f 1055 1067 1068
f 1055 1068 1069
f 1055 1069 1056
f 1057 1070 1063
f 1057 1071 1070
f 1058 1059 1073
f 1058 1073 1072
f 1059 1062 1074
f 1059 1074 1073
f 1060 1075 1061
f 1060 1064 1070
f 1060 1070 1075
f 1061 1075 1062
f 1062 1076 1077
f 1062 1077 1078
f 1062 1078 1072
f 1062 1072 1073
f 1062 1073 1074
f 1062 1075 1079
f 1062 1079 1076
f 1063 1070 1064
f 1065 1067 1066
f 1065 1080 1081
f 1065 1081 1067
f 1067 1081 1068
f 1068 1081 1082
f 1070 1083 1084
f 1070 1084 1079
f 1070 1079 1075
f 1070 1071 1083
f 1071 1085 1083
f 1072 1078 1077
f 1072 1077 1087
f 1072 1087 1088
f 1072 1088 1086
f 1076 1079 1089
f 1076 1089 1077
f 1077 1090 1088
f 1077 1088 1087
f 1077 1089 1091
f 1077 1091 1090
f 1079 1084 1089
f 1080 1092 1093
f 1080 1093 1081
f 1081 1093 1094
f 1081 1094 1095
f 1081 1095 1096
f 1081 1096 1082
f 1082 1096 1097
f 1082 1097 1098
f 1083 1085 1099
f 1083 1099 1100
f 1083 1100 1101
f 1083 1101 1102
f 1083 1102 1103
f 1083 1103 1084
f 1084 1091 1089
f 1084 1103 1104
f 1084 1104 1105
f 1084 1105 1091
f 1086 1088 1106
f 1088 1090 1107
f 1088 1107 1108
f 1088 1108 1106
f 1090 1091 1109
f 1090 1109 1110
f 1090 1110 1107
f 1091 1105 1109
f 1092 1111 1112
f 1092 1112 1093
f 1093 1112 1113
f 1093 1113 1114
f 1093 1114 1094
f 1094 1115 1116
f 1094 1116 1117
f 1094 1117 1118
f 1094 1118 1095
f 1094 1114 1113
f 1094 1113 1115
f 1095 1118 1117
f 1095 1117 1119
f 1095 1119 1096
f 1096 1119 1097
f 1097 1119 1098
f 1098 1119 1121
f 1098 1121 1122
f 1098 1122 1120
f 1099 1123 1102
f 1099 1102 1100
f 1100 1102 1101
f 1102 1123 1124
f 1102 1124 1125
f 1102 1125 1126
f 1102 1126 1103
f 1103 1126 1127
f 1103 1127 1128
f 1103 1128 1104
f 1104 1128 1129
f 1104 1129 1105
f 1105 1129 1130
f 1105 1130 1109
f 1106 1108 1131
f 1107 1132 1133
f 1107 1133 1134
f 1107 1134 1108
f 1107 1110 1130
f 1107 1130 1135
f 1107 1135 1132
f 1108 1134 1136
f 1108 1136 1131
f 1109 1130 1110
f 1111 1137 1112
f 1112 1137 1138
f 1112 1138 1113
f 1113 1138 1139
f 1113 1139 1140
f 1113 1140 1116
f 1113 1116 1115
f 1116 1140 1117
f 1117 1141 1181
f 1117 1181 1142
f 1117 1142 1143
f 1117 1143 1144
f 1117 1144 1119
f 1117 1140 1141
f 1119 1144 1143
f 1119 1143 1145
f 1119 1145 1146
f 1119 1146 1121
f 1120 1122 1147
f 1121 1146 1148
f 1121 1148 1122
f 1122 1148 1149
f 1122 1149 1147
f 1123 1150 1151
f 1123 1151 1152
f 1123 1152 1153
f 1123 1153 1124
f 1124 1153 1154
f 1124 1154 1125
f 1125 1154 1155
f 1125 1155 1126
f 1126 1155 1127
f 1127 1155 1156
f 1127 1156 1157
f 1127 1157 1128
f 1128 1157 1129
f 1129 1157 1158
f 1129 1158 1159
f 1129 1159 1160
f 1129 1160 1130
f 1130 1160 1159
f 1130 1159 1161
f 1130 1161 1135
f 1132 1135 1162
f 1132 1162 1133
f 1133 1163 1164
f 1133 1164 1165
f 1133 1165 1166
f 1133 1166 1134
f 1133 1162 1167
f 1133 1167 1168
f 1133 1168 1163
f 1134 1166 1169
f 1134 1169 1170
f 1134 1170 1136
f 1135 1161 1162
f 1137 1171 1172
f 1137 1172 1173
f 1137 1173 1174
f 1137 1174 1138
f 1138 1174 1175
f 1138 1175 1176
f 1138 1176 1177
f 1138 1177 1139
f 1139 1177 1140
f 1140 1177 1141
f 1141 1178 1179
f 1141 1179 1180
f 1141 1180 1181
f 1141 1177 1176
f 1141 1176 1175
f 1141 1175 1178
f 1142 1182 1183
f 1142 1183 1184
f 1142 1184 1143
f 1142 1181 1182
f 1143 1184 1185
f 1143 1185 1186
f 1143 1186 1145
f 1145 1186 1187
f 1145 1187 1148
f 1145 1148 1146
f 1147 1149 1189
f 1147 1189 1190
f 1147 1190 1191
f 1147 1191 1188
f 1148 1187 1192
f 1148 1192 1149
f 1149 1192 1189
f 1150 1193 1151
f 1151 1193 1152
f 1152 1193 1153
f 1153 1193 1194
f 1153 1194 1195
f 1153 1195 1154
f 1154 1195 1196
f 1154 1196 1155
f 1155 1196 1197
f 1155 1197 1156
f 1156 1198 1158
f 1156 1158 1157
f 1156 1197 1199
f 1156 1199 1198
f 1158 1198 1200
f 1158 1200 1201
f 1158 1201 1159
f 1159 1202 1203
f 1159 1203 1161
f 1159 1201 1204
f 1159 1204 1205
f 1159 1205 1206
f 1159 1206 1202
f 1161 1203 1207
f 1161 1207 1208
f 1161 1208 1162
f 1162 1208 1167
f 1163 1209 1164
f 1163 1168 1210
f 1163 1210 1209
f 1164 1209 1165
f 1167 1208 1207
f 1167 1207 1211
f 1167 1211 1212
f 1167 1212 1213
f 1167 1213 1168
f 1168 1213 1214
f 1168 1214 1210
f 1171 1215 1216
f 1171 1216 1172
f 1172 1216 1217
f 1172 1217 1173
f 1173 1218 1219
f 1173 1219 1220
f 1173 1220 1174
f 1173 1217 1221
f 1173 1221 1222
f 1173 1222 1218
f 1174 1220 1180
f 1174 1180 1179
f 1174 1179 1178
f 1174 1178 1175
f 1180 1219 1223
f 1180 1223 1224
f 1180 1224 1225
f 1180 1225 1183
f 1180 1183 1182
f 1180 1182 1181
f 1180 1220 1219
f 1183 1226 1184
f 1183 1225 1227
f 1183 1227 1226
f 1184 1226 1228
f 1184 1228 1185
f 1185 1228 1229
f 1185 1229 1230
f 1185 1230 1187
f 1185 1187 1186
f 1187 1230 1231
f 1187 1231 1192
f 1188 1191 1232
f 1188 1232 1233
f 1189 1192 1190
f 1190 1192 1191
f 1191 1192 1234
f 1191 1234 1232
f 1192 1231 1235
f 1192 1235 1236
f 1192 1236 1237
f 1192 1237 1234
f 1193 1238 1194
f 1194 1238 1195
f 1195 1239 1196
f 1195 1238 1240
f 1195 1240 1241
f 1195 1241 1242
f 1195 1242 1239
f 1196 1239 1197
f 1197 1239 1243
f 1197 1243 1244
f 1197 1244 1245
f 1197 1245 1246
f 1197 1246 1199
f 1198 1199 1247
f 1198 1247 1248
f 1198 1248 1200
f 1199 1246 1247
f 1200 1248 1204
f 1200 1204 1201
f 1202 1249 1203
f 1202 1206 1249
f 1203 1249 1207
f 1204 1248 1250
f 1204 1250 1251
f 1204 1251 1252
f 1204 1252 1253
f 1204 1253 1205
f 1205 1253 1206
f 1206 1253 1252
f 1206 1252 1254
f 1206 1254 1255
f 1206 1255 1256
f 1206 1256 1257
f 1206 1257 1249
f 1207 1249 1211
f 1209 1258 1259
f 1209 1259 1260
f 1209 1210 1261
f 1209 1261 1258
f 1210 1214 1262
f 1210 1262 1261
f 1211 1249 1263
f 1211 1263 1264
f 1211 1264 1265
f 1211 1265 1212
f 1212 1265 1213
f 1213 1265 1266
f 1213 1266 1267
f 1213 1267 1268
f 1213 1268 1214
f 1214 1268 1269
f 1214 1269 1262
f 1215 1270 1216
f 1216 1270 1222
f 1216 1222 1221
f 1216 1221 1217
f 1218 1271 1272
f 1218 1272 1273
f 1218 1273 1274
f 1218 1274 1219
f 1218 1222 1275
f 1218 1275 1271
f 1219 1274 1276
f 1219 1276 1277
f 1219 1277 1278
f 1219 1278 1223
f 1222 1270 1275
f 1223 1278 1224
f 1224 1227 1225
f 1224 1278 1279
f 1224 1279 1280
f 1224 1280 1227
f 1226 1227 1281
f 1226 1281 1282
f 1226 1282 1283
f 1226 1283 1229
f 1226 1229 1228
f 1227 1280 1281
f 1229 1231 1230
f 1229 1283 1284
f 1229 1284 1285
f 1229 1285 1286
f 1229 1286 1231
f 1231 1286 1235
f 1232 1234 1287
f 1232 1287 1288
f 1232 1288 1289
f 1232 1289 1290
f 1232 1290 1233
f 1234 1237 1291
f 1234 1291 1287
f 1235 1286 1292
f 1235 1292 1293
f 1235 1293 1236
f 1236 1293 1237
f 1237 1293 1294
f 1237 1294 1291
f 1238 1295 1296
f 1238 1296 1240
f 1239 1242 1243
f 1240 1296 1297
f 1240 1297 1241
f 1241 1297 1242
f 1242 1298 1299
f 1242 1299 1300
f 1242 1300 1301
f 1242 1301 1302
f 1242 1302 1243
f 1242 1297 1296
f 1242 1296 1298
f 1243 1302 1244
f 1244 1302 1245
f 1245 1303 1246
f 1245 1302 1304
f 1245 1304 1248
f 1245 1248 1303
f 1246 1303 1247
f 1247 1303 1248
f 1248 1304 1305
f 1248 1305 1250
f 1249 1257 1263
f 1250 1305 1306
f 1250 1306 1251
f 1251 1306 1307
f 1251 1307 1308
f 1251 1308 1252
f 1252 1308 1309
f 1252 1309 1254
f 1254 1310 1255
f 1254 1309 1311
f 1254 1311 1312
f 1254 1312 1310
f 1255 1310 1256
f 1256 1310 1313
f 1256 1313 1257
f 1257 1313 1264
f 1257 1264 1263
f 1258 1314 1259
f 1258 1261 1314
f 1259 1314 1315
f 1259 1315 1260
f 1260 1315 1316
f 1261 1262 1317
f 1261 1317 1318
f 1261 1318 1314
f 1262 1269 1319
f 1262 1319 1320
f 1262 1320 1321
f 1262 1321 1322
f 1262 1322 1317
f 1264 1266 1265
f 1264 1313 1310
f 1264 1310 1266
f 1266 1310 1323
f 1266 1323 1267
f 1267 1324 1325
f 1267 1325 1326
f 1267 1326 1268
f 1267 1323 1324
f 1268 1326 1269
f 1269 1326 1327
f 1269 1327 1328
f 1269 1328 1319
f 1270 1316 1315
f 1270 1315 1275
f 1271 1318 1272
f 1271 1275 1314
f 1271 1314 1318
f 1272 1318 1273
f 1273 1317 1322
f 1273 1322 1320
f 1273 1320 1329
f 1273 1329 1276
f 1273 1276 1274
f 1273 1318 1317
f 1275 1315 1314
f 1276 1329 1320
f 1276 1320 1330
f 1276 1330 1278
f 1276 1278 1277
f 1278 1330 1331
f 1278 1331 1279
f 1279 1331 1332
f 1279 1332 1280
f 1280 1332 1333
f 1280 1333 1282
f 1280 1282 1281
f 1282 1333 1334
f 1282 1334 1335
f 1282 1335 1284
f 1282 1284 1283
f 1284 1335 1285
f 1285 1335 1286
f 1286 1336 1292
f 1286 1335 1337
f 1286 1337 1336
f 1287 1291 1338
f 1287 1338 1339
f 1287 1339 1340
f 1287 1340 1341
f 1287 1341 1288
f 1288 1341 1289
f 1291 1294 1338
f 1292 1342 1343
f 1292 1343 1293
f 1292 1336 1342
f 1293 1343 1294
f 1294 1344 1339
f 1294 1339 1338
f 1294 1343 1345
f 1294 1345 1344
f 1295 1346 1296
f 1296 1346 1347
f 1296 1347 1348
f 1296 1348 1298
f 1298 1348 1349
f 1298 1349 1350
f 1298 1350 1351
f 1298 1351 1352
f 1298 1352 1299
f 1299 1352 1300
f 1300 1352 1353
f 1300 1353 1301
f 1301 1353 1354
f 1301 1354 1355
f 1301 1355 1304
f 1301 1304 1302
f 1304 1355 1356
f 1304 1356 1357
f 1304 1357 1305
f 1305 1357 1306
f 1306 1357 1356
f 1306 1356 1355
f 1306 1355 1307
f 1307 1355 1358
f 1307 1358 1359
f 1307 1359 1360
f 1307 1360 1308
f 1308 1360 1361
f 1308 1361 1309
f 1309 1361 1362
f 1309 1362 1311
f 1310 1312 1364
f 1310 1364 1363
f 1310 1363 1323
f 1311 1362 1312
f 1312 1362 1364
f 1319 1328 1320
f 1320 1328 1331
f 1320 1331 1330
f 1320 1322 1321
f 1323 1363 1365
f 1323 1365 1324
f 1324 1365 1367
f 1324 1367 1366
f 1324 1366 1325
f 1325 1366 1328
f 1325 1328 1327
f 1325 1327 1326
f 1328 1366 1367
f 1328 1367 1331
f 1331 1367 1365
f 1331 1365 1368
f 1331 1368 1369
f 1331 1369 1332
f 1332 1369 1370
f 1332 1370 1333
f 1333 1370 1334
f 1334 1370 1335
f 1335 1371 1372
f 1335 1372 1337
f 1335 1370 1371
f 1336 1373 1342
f 1336 1337 1374
f 1336 1374 1373
f 1337 1372 1374
f 1339 1344 1340
f 1340 1375 1376
f 1340 1376 1377
f 1340 1377 1341
f 1340 1344 1378
f 1340 1378 1345
f 1340 1345 1379
f 1340 1379 1375
f 1341 1377 1380
f 1342 1373 1381
f 1342 1381 1382
f 1342 1382 1343
f 1343 1382 1383
f 1343 1383 1384
f 1343 1384 1345
f 1344 1345 1378
f 1345 1384 1385
f 1345 1385 1379
f 1348 1386 1387
f 1348 1387 1349
f 1349 1387 1350
f 1350 1388 1351
f 1350 1387 1389
f 1350 1389 1390
f 1350 1390 1388
f 1351 1388 1391
f 1351 1391 1352
f 1352 1391 1392
f 1352 1392 1353
f 1353 1392 1354
f 1354 1392 1393
f 1354 1393 1358
f 1354 1358 1355
f 1358 1393 1394
f 1358 1394 1359
f 1359 1394 1360
f 1360 1394 1395
f 1360 1395 1396
f 1360 1396 1397
f 1360 1397 1361
f 1361 1397 1398
f 1361 1398 1362
f 1362 1398 1399
f 1362 1399 1381
f 1362 1381 1400
f 1362 1400 1364
f 1363 1401 1402
f 1363 1402 1403
f 1363 1403 1365
f 1363 1364 1401
f 1364 1400 1404
f 1364 1404 1405
f 1364 1405 1401
f 1365 1403 1406
f 1365 1406 1368
f 1368 1406 1369
f 1369 1406 1370
f 1370 1406 1402
f 1370 1402 1407
f 1370 1407 1371
f 1371 1407 1401
f 1371 1401 1408
f 1371 1408 1372
f 1372 1408 1374
f 1373 1374 1381
f 1374 1408 1404
f 1374 1404 1381
f 1375 1379 1409
f 1375 1409 1410
f 1375 1410 1376
f 1376 1411 1377
f 1376 1410 1411
f 1377 1411 1412
f 1377 1412 1413
f 1377 1413 1380
f 1379 1385 1409
f 1381 1404 1400
f 1381 1399 1414
f 1381 1414 1415
f 1381 1415 1382
f 1382 1415 1383
f 1383 1415 1416
f 1383 1416 1384
f 1384 1416 1417
f 1384 1417 1418
f 1384 1418 1419
f 1384 1419 1420
f 1384 1420 1385
f 1385 1420 1421
f 1385 1421 1410
f 1385 1410 1409
f 1386 1422 1387
f 1387 1422 1389
f 1388 1423 1391
f 1388 1390 1423
f 1391 1421 1420
f 1391 1420 1392
f 1391 1423 1424
f 1391 1424 1421
f 1392 1425 1426
f 1392 1426 1427
f 1392 1427 1393
f 1392 1420 1419
f 1392 1419 1418
f 1392 1418 1425
f 1393 1427 1394
f 1394 1427 1396
f 1394 1396 1395
f 1396 1427 1428
f 1396 1428 1429
f 1396 1429 1398
f 1396 1398 1397
f 1398 1429 1399
f 1399 1429 1414
f 1401 1407 1402
f 1401 1405 1430
f 1401 1430 1408
f 1402 1406 1403
f 1404 1408 1430
f 1404 1430 1405
f 1410 1421 1424
f 1410 1424 1431
f 1410 1431 1432
f 1410 1432 1411
f 1414 1429 1425
f 1414 1425 1418
f 1414 1418 1415
f 1415 1418 1417
f 1415 1417 1416
f 1425 1428 1426
f 1425 1429 1428
f 1426 1428 1427

