# https://github.com/mikedh/trimesh

o geometry_0
v -0.00829088 -0.00196640 -0.01542368 0.54509804 0.71372549 0.60000000
v -0.00827252 -0.00016923 -0.01541591 0.54509804 0.71372549 0.60000000
v -0.00570171 -0.00196997 -0.01542368 0.54509804 0.71372549 0.60000000
v -0.00889686 -0.00653778 -0.01465464 0.54509804 0.71372549 0.60000000
v -0.00917230 -0.00315739 -0.01521783 0.54509804 0.71372549 0.60000000
v -0.01209199 -0.00334638 -0.01512073 0.54509804 0.71372549 0.60000000
v -0.01528713 -0.00334638 -0.01497313 0.54509804 0.71372549 0.60000000
v -0.01209199 -0.00016923 -0.01530328 0.54509804 0.71372549 0.60000000
v -0.00759309 0.00153523 -0.01539261 0.54509804 0.71372549 0.60000000
v -0.00707893 0.00153523 -0.01539261 0.54509804 0.71372549 0.60000000
v -0.00588534 -0.00022985 -0.01541591 0.54509804 0.71372549 0.60000000
v -0.00570171 -0.00356746 -0.01514791 0.54509804 0.71372549 0.60000000
v -0.00397560 -0.00132455 -0.01539650 0.54509804 0.71372549 0.60000000
v -0.00397560 -0.00183090 -0.01539650 0.54509804 0.71372549 0.60000000
v -0.00889686 -0.00972919 -0.01371858 0.54509804 0.71372549 0.60000000
v -0.01209199 -0.00972919 -0.01373023 0.54509804 0.71372549 0.60000000
v -0.01209199 -0.00653778 -0.01461968 0.54509804 0.71372549 0.60000000
v -0.00570171 -0.00653778 -0.01458084 0.54509804 0.71372549 0.60000000
v -0.01528713 -0.00653778 -0.01451093 0.54509804 0.71372549 0.60000000
v -0.01528713 -0.00016923 -0.01512461 0.54509804 0.71372549 0.60000000
v -0.01846391 -0.00653778 -0.01417302 0.54509804 0.71372549 0.60000000
v -0.01846391 -0.00334638 -0.01461580 0.54509804 0.71372549 0.60000000
v -0.01209199 0.00303288 -0.01516734 0.54509804 0.71372549 0.60000000
v -0.00874995 0.00277257 -0.01527609 0.54509804 0.71372549 0.60000000
v -0.00588534 0.00277257 -0.01527609 0.54509804 0.71372549 0.60000000
v -0.00494883 0.00080067 -0.01536154 0.54509804 0.71372549 0.60000000
v -0.00250658 0.00303288 -0.01507412 0.54509804 0.71372549 0.60000000
v -0.00274529 -0.00022985 -0.01524890 0.54509804 0.71372549 0.60000000
v 0.00067020 -0.00016923 -0.01495371 0.54509804 0.71372549 0.60000000
v 0.00386534 -0.00016923 -0.01465464 0.54509804 0.71372549 0.60000000
v -0.00274529 -0.00307894 -0.01504305 0.54509804 0.71372549 0.60000000
v 0.00386534 -0.00334638 -0.01432450 0.54509804 0.71372549 0.60000000
v -0.00570171 -0.00972919 -0.01353603 0.54509804 0.71372549 0.60000000
v -0.00889686 -0.01205411 -0.01264270 0.54509804 0.71372549 0.60000000
v -0.01209199 -0.01209690 -0.01266212 0.54509804 0.71372549 0.60000000
v -0.01528713 -0.00972919 -0.01360595 0.54509804 0.71372549 0.60000000
v -0.00250658 -0.00653778 -0.01429731 0.54509804 0.71372549 0.60000000
v -0.01846391 -0.00972919 -0.01331076 0.54509804 0.71372549 0.60000000
v -0.01528713 0.00303288 -0.01497702 0.54509804 0.71372549 0.60000000
v -0.01846391 -0.00016923 -0.01470902 0.54509804 0.71372549 0.60000000
v -0.02165905 -0.00972919 -0.01285633 0.54509804 0.71372549 0.60000000
v -0.02165905 -0.00653778 -0.01366809 0.54509804 0.71372549 0.60000000
v -0.02165905 -0.00334638 -0.01411476 0.54509804 0.71372549 0.60000000
v -0.01209199 0.00622072 -0.01476340 0.54509804 0.71372549 0.60000000
v -0.00889686 0.00622072 -0.01487215 0.54509804 0.71372549 0.60000000
v -0.00570171 0.00622072 -0.01483719 0.54509804 0.71372549 0.60000000
v -0.00250658 0.00622072 -0.01467018 0.54509804 0.71372549 0.60000000
v 0.00067020 0.00303288 -0.01481777 0.54509804 0.71372549 0.60000000
v 0.00386534 0.00303288 -0.01454201 0.54509804 0.71372549 0.60000000
v 0.00704212 -0.00016923 -0.01421574 0.54509804 0.71372549 0.60000000
v 0.05809090 -0.00016210 -0.00647094 0.54509804 0.71372549 0.60000000
v 0.05809090 -0.00271166 -0.00616410 0.54509804 0.71372549 0.60000000
v 0.00386534 -0.00653778 -0.01347778 0.54509804 0.71372549 0.60000000
v 0.00067020 -0.00653778 -0.01389337 0.54509804 0.71372549 0.60000000
v 0.00067020 -0.00941184 -0.01282525 0.54509804 0.71372549 0.60000000
v -0.00228622 -0.01002516 -0.01297285 0.54509804 0.71372549 0.60000000
v -0.00316763 -0.01159055 -0.01233975 0.54509804 0.71372549 0.60000000
v -0.00570171 -0.01185442 -0.01250676 0.54509804 0.71372549 0.60000000
v -0.00889686 -0.01365160 -0.01135320 0.54509804 0.71372549 0.60000000
v -0.01209199 -0.01368725 -0.01144641 0.54509804 0.71372549 0.60000000
v -0.01528713 -0.01357671 -0.01141923 0.54509804 0.71372549 0.60000000
v -0.01528713 -0.01197923 -0.01258833 0.54509804 0.71372549 0.60000000
v -0.01846391 -0.01180094 -0.01247180 0.54509804 0.71372549 0.60000000
v -0.02165905 -0.01151924 -0.01230868 0.54509804 0.71372549 0.60000000
v -0.02327498 -0.01133025 -0.01219215 0.54509804 0.71372549 0.60000000
v -0.01528713 0.00622072 -0.01454977 0.54509804 0.71372549 0.60000000
v -0.01846391 0.00303288 -0.01454589 0.54509804 0.71372549 0.60000000
v -0.01846391 0.00622072 -0.01419632 0.54509804 0.71372549 0.60000000
v -0.02165905 -0.00016923 -0.01414583 0.54509804 0.71372549 0.60000000
v -0.02454202 -0.00953307 -0.01239412 0.54509804 0.71372549 0.60000000
v -0.02485418 -0.00653778 -0.01304664 0.54509804 0.71372549 0.60000000
v -0.02485418 -0.00334638 -0.01348166 0.54509804 0.71372549 0.60000000
v -0.02485418 -0.00016923 -0.01354768 0.54509804 0.71372549 0.60000000
v -0.01209199 0.00941570 -0.01395551 0.54509804 0.71372549 0.60000000
v -0.00889686 0.00941570 -0.01403708 0.54509804 0.71372549 0.60000000
v -0.00570171 0.00941570 -0.01392056 0.54509804 0.71372549 0.60000000
v -0.00250658 0.00941570 -0.01369917 0.54509804 0.71372549 0.60000000
v 0.00067020 0.00622072 -0.01440606 0.54509804 0.71372549 0.60000000
v 0.00386534 0.00622072 -0.01400989 0.54509804 0.71372549 0.60000000
v 0.00704212 0.00303288 -0.01408757 0.54509804 0.71372549 0.60000000
v 0.05989046 -0.00214826 -0.00594271 0.54509804 0.71372549 0.60000000
v 0.05996391 0.00189538 -0.00594660 0.54509804 0.71372549 0.60000000
v 0.06005572 -0.00016210 -0.00601263 0.54509804 0.71372549 0.60000000
v 0.12603351 -0.01498521 0.01358242 0.54509804 0.71372549 0.60000000
v 0.05809090 -0.00430915 -0.00557373 0.54509804 0.71372549 0.60000000
v 0.00386534 -0.00888053 -0.01257279 0.54509804 0.71372549 0.60000000
v -0.00105591 -0.01128389 -0.01216885 0.54509804 0.71372549 0.60000000
v -0.00570171 -0.01345191 -0.01119395 0.54509804 0.71372549 0.60000000
v -0.00570171 -0.01492459 -0.00959761 0.54509804 0.71372549 0.60000000
v -0.00889686 -0.01507079 -0.00975685 0.54509804 0.71372549 0.60000000
v -0.01209199 -0.01519203 -0.00985007 0.54509804 0.71372549 0.60000000
v -0.01528713 -0.01522056 -0.00982677 0.54509804 0.71372549 0.60000000
v -0.01846391 -0.01514211 -0.00971412 0.54509804 0.71372549 0.60000000
v -0.02165905 -0.01505653 -0.00960149 0.54509804 0.71372549 0.60000000
v -0.02485418 -0.01494599 -0.00945001 0.54509804 0.71372549 0.60000000
v -0.01846391 -0.01339486 -0.01131047 0.54509804 0.71372549 0.60000000
v -0.02165905 -0.01311672 -0.01119784 0.54509804 0.71372549 0.60000000
v -0.02804932 -0.01470708 -0.00918201 0.54509804 0.71372549 0.60000000
v -0.02454202 -0.01260681 -0.01113957 0.54509804 0.71372549 0.60000000
v -0.02968362 -0.01452879 -0.00900723 0.54509804 0.71372549 0.60000000
v -0.02804932 -0.01292060 -0.01026955 0.54509804 0.71372549 0.60000000
v -0.03093229 -0.01298479 -0.00957818 0.54509804 0.71372549 0.60000000
v -0.03361327 -0.01196140 -0.00934514 0.54509804 0.71372549 0.60000000
v -0.02538671 -0.01046732 -0.01196688 0.54509804 0.71372549 0.60000000
v -0.01528713 0.00941570 -0.01371858 0.54509804 0.71372549 0.60000000
v -0.01846391 0.00941570 -0.01340398 0.54509804 0.71372549 0.60000000
v -0.02165905 0.00303288 -0.01397493 0.54509804 0.71372549 0.60000000
v -0.02165905 0.00622072 -0.01366421 0.54509804 0.71372549 0.60000000
v -0.02184268 0.00966887 -0.01279418 0.54509804 0.71372549 0.60000000
v -0.02667212 -0.00833852 -0.01224653 0.54509804 0.71372549 0.60000000
v -0.02724136 -0.00653778 -0.01243685 0.54509804 0.71372549 0.60000000
v -0.02883892 -0.00653778 -0.01197853 0.54509804 0.71372549 0.60000000
v -0.02768206 -0.00334638 -0.01265047 0.54509804 0.71372549 0.60000000
v -0.02773715 -0.00016923 -0.01271262 0.54509804 0.71372549 0.60000000
v -0.02485418 0.00303288 -0.01337679 0.54509804 0.71372549 0.60000000
v -0.02773715 0.00303288 -0.01262328 0.54509804 0.71372549 0.60000000
v -0.01209199 0.01200092 -0.01281748 0.54509804 0.71372549 0.60000000
v -0.01528713 0.01189751 -0.01270096 0.54509804 0.71372549 0.60000000
v -0.00889686 0.01201875 -0.01283302 0.54509804 0.71372549 0.60000000
v -0.00570171 0.01196169 -0.01275534 0.54509804 0.71372549 0.60000000
v -0.00250658 0.01172635 -0.01261163 0.54509804 0.71372549 0.60000000
v 0.00067020 0.00941570 -0.01336513 0.54509804 0.71372549 0.60000000
v 0.05809090 0.00412758 -0.00565141 0.54509804 0.71372549 0.60000000
v 0.05809090 0.00253366 -0.00611361 0.54509804 0.71372549 0.60000000
v 0.11345495 0.01182263 0.01358242 0.54509804 0.71372549 0.60000000
v 0.05809090 -0.00653778 -0.00440463 0.54509804 0.71372549 0.60000000
v 0.13420499 -0.01498521 0.02425579 0.54509804 0.71372549 0.60000000
v -0.00889686 -0.01843693 0.00216330 0.54509804 0.71372549 0.60000000
v -0.00889686 -0.01821941 -0.00102162 0.54509804 0.71372549 0.60000000
v -0.00674840 -0.01776299 -0.00285877 0.54509804 0.71372549 0.60000000
v -0.00889686 -0.01745633 -0.00465321 0.54509804 0.71372549 0.60000000
v -0.00889686 -0.01641511 -0.00740700 0.54509804 0.71372549 0.60000000
v -0.00570171 -0.01617976 -0.00740700 0.54509804 0.71372549 0.60000000
v -0.01209199 -0.01656131 -0.00740700 0.54509804 0.71372549 0.60000000
v -0.01528713 -0.01661836 -0.00740700 0.54509804 0.71372549 0.60000000
v -0.01846391 -0.01656131 -0.00740700 0.54509804 0.71372549 0.60000000
v -0.02165905 -0.01646859 -0.00740700 0.54509804 0.71372549 0.60000000
v -0.02485418 -0.01627961 -0.00740700 0.54509804 0.71372549 0.60000000
v -0.02804932 -0.01589450 -0.00740700 0.54509804 0.71372549 0.60000000
v -0.03093229 -0.01533110 -0.00753906 0.54509804 0.71372549 0.60000000
v -0.03443961 -0.01526691 -0.00667680 0.54509804 0.71372549 0.60000000
v -0.03548629 -0.01512785 -0.00649425 0.54509804 0.71372549 0.60000000
v -0.03706550 -0.01491390 -0.00621460 0.54509804 0.71372549 0.60000000
v -0.03179535 -0.01409019 -0.00869262 0.54509804 0.71372549 0.60000000
v -0.03403562 -0.00972919 -0.00958984 0.54509804 0.71372549 0.60000000
v -0.03122611 -0.00972919 -0.01070456 0.54509804 0.71372549 0.60000000
v -0.02786570 -0.00953307 -0.01167169 0.54509804 0.71372549 0.60000000
v -0.03919559 -0.01450026 -0.00579900 0.54509804 0.71372549 0.60000000
v -0.04251927 -0.01144435 -0.00585726 0.54509804 0.71372549 0.60000000
v -0.01846391 0.01161224 -0.01251453 0.54509804 0.71372549 0.60000000
v -0.02090617 0.01127706 -0.01233586 0.54509804 0.71372549 0.60000000
v -0.02485418 0.00622072 -0.01297285 0.54509804 0.71372549 0.60000000
v -0.02667212 0.00800363 -0.01224653 0.54509804 0.71372549 0.60000000
v -0.02485418 0.00867401 -0.01246403 0.54509804 0.71372549 0.60000000
v -0.02485418 0.01026793 -0.01196688 0.54509804 0.71372549 0.60000000
v -0.02303627 0.01089551 -0.01215331 0.54509804 0.71372549 0.60000000
v -0.02927964 -0.00334638 -0.01204844 0.54509804 0.71372549 0.60000000
v -0.02933473 0.00303288 -0.01207951 0.54509804 0.71372549 0.60000000
v -0.02882057 0.00622072 -0.01198630 0.54509804 0.71372549 0.60000000
v -0.02722299 0.00622072 -0.01239801 0.54509804 0.71372549 0.60000000
v -0.01209199 0.01359840 -0.01170276 0.54509804 0.71372549 0.60000000
v -0.01528713 0.01349500 -0.01165227 0.54509804 0.71372549 0.60000000
v -0.01846391 0.01320973 -0.01148137 0.54509804 0.71372549 0.60000000
v -0.00889686 0.01361267 -0.01170276 0.54509804 0.71372549 0.60000000
v -0.00570171 0.01355918 -0.01165227 0.54509804 0.71372549 0.60000000
v -0.00250658 0.01332027 -0.01141923 0.54509804 0.71372549 0.60000000
v 0.00067020 0.01133411 -0.01239801 0.54509804 0.71372549 0.60000000
v 0.00250649 0.01108450 -0.01224653 0.54509804 0.71372549 0.60000000
v 0.00370008 0.00953694 -0.01279418 0.54509804 0.71372549 0.60000000
v 0.05809090 0.00622072 -0.00475419 0.54509804 0.71372549 0.60000000
v 0.11362021 0.01182263 0.01438642 0.54509804 0.71372549 0.60000000
v 0.06033117 0.00835308 -0.00303356 0.54509804 0.71372549 0.60000000
v 0.05809090 0.00875245 -0.00332486 0.54509804 0.71372549 0.60000000
v 0.05809090 0.01034994 -0.00192272 0.54509804 0.71372549 0.60000000
v 0.05809090 0.01172635 -0.00032637 0.54509804 0.71372549 0.60000000
v 0.05978028 0.01422599 0.00371693 0.54509804 0.71372549 0.60000000
v 0.05809090 0.01476443 0.00535211 0.54509804 0.71372549 0.60000000
v 0.05809090 0.01533496 0.00854092 0.54509804 0.71372549 0.60000000
v 0.11371203 0.01182263 0.01486804 0.54509804 0.71372549 0.60000000
v 0.11378548 0.01182263 0.01799470 0.54509804 0.71372549 0.60000000
v 0.11378548 0.01182263 0.02164959 0.54509804 0.71372549 0.60000000
v 0.11365694 0.01182263 0.02425579 0.54509804 0.71372549 0.60000000
v 0.11406092 -0.01498521 0.02425579 0.54509804 0.71372549 0.60000000
v -0.00889686 -0.01788066 0.00741843 0.54509804 0.71372549 0.60000000
v -0.00889686 -0.01819445 0.00534434 0.54509804 0.71372549 0.60000000
v -0.01209199 -0.01845119 0.00216330 0.54509804 0.71372549 0.60000000
v -0.01528713 -0.01829786 -0.00102162 0.54509804 0.71372549 0.60000000
v -0.01209199 -0.01827647 -0.00102162 0.54509804 0.71372549 0.60000000
v -0.01209199 -0.01784144 -0.00320834 0.54509804 0.71372549 0.60000000
v -0.00889686 -0.01780578 -0.00306074 0.54509804 0.71372549 0.60000000
v -0.01209199 -0.01748485 -0.00480857 0.54509804 0.71372549 0.60000000
v -0.01528713 -0.01751338 -0.00494063 0.54509804 0.71372549 0.60000000
v -0.01846391 -0.01753121 -0.00502996 0.54509804 0.71372549 0.60000000
v -0.02165905 -0.01752764 -0.00502607 0.54509804 0.71372549 0.60000000
v -0.02485418 -0.01744920 -0.00488625 0.54509804 0.71372549 0.60000000
v -0.02804932 -0.01730300 -0.00458718 0.54509804 0.71372549 0.60000000
v -0.03443961 -0.01669324 -0.00421431 0.54509804 0.71372549 0.60000000
v -0.03792855 -0.01570551 -0.00452892 0.54509804 0.71372549 0.60000000
v -0.04424538 -0.00972919 -0.00524747 0.54509804 0.71372549 0.60000000
v -0.04720180 -0.00653778 -0.00421431 0.54509804 0.71372549 0.60000000
v -0.04081152 -0.01523839 -0.00373269 0.54509804 0.71372549 0.60000000
v -0.04288653 -0.01478909 -0.00304909 0.54509804 0.71372549 0.60000000
v -0.04632038 -0.01197923 -0.00323553 0.54509804 0.71372549 0.60000000
v -0.04081152 -0.01379779 -0.00532515 0.54509804 0.71372549 0.60000000
v -0.04731198 -0.00971136 -0.00358509 0.54509804 0.71372549 0.60000000
v -0.04905644 -0.00863449 -0.00286266 0.54509804 0.71372549 0.60000000
v -0.04949716 -0.00653778 -0.00309959 0.54509804 0.71372549 0.60000000
v -0.02485418 0.01260354 -0.01074729 0.54509804 0.71372549 0.60000000
v -0.02184268 0.01244664 -0.01139592 0.54509804 0.71372549 0.60000000
v -0.03122611 0.00941570 -0.01051036 0.54509804 0.71372549 0.60000000
v -0.02784733 0.00920531 -0.01159012 0.54509804 0.71372549 0.60000000
v -0.03122611 0.01185828 -0.00949662 0.54509804 0.71372549 0.60000000
v -0.02808605 0.01282106 -0.00989668 0.54509804 0.71372549 0.60000000
v -0.04979096 -0.00334638 -0.00321611 0.54509804 0.71372549 0.60000000
v -0.04975424 -0.00016923 -0.00321999 0.54509804 0.71372549 0.60000000
v -0.04957061 0.00303288 -0.00320057 0.54509804 0.71372549 0.60000000
v -0.03122611 0.00622072 -0.01114346 0.54509804 0.71372549 0.60000000
v -0.01209199 0.01510675 -0.01010642 0.54509804 0.71372549 0.60000000
v -0.01528713 0.01508179 -0.01005592 0.54509804 0.71372549 0.60000000
v -0.01846391 0.01494628 -0.00988891 0.54509804 0.71372549 0.60000000
v -0.02707610 0.01435792 -0.00917036 0.54509804 0.71372549 0.60000000
v -0.02485418 0.01454335 -0.00937622 0.54509804 0.71372549 0.60000000
v -0.02165905 0.01475016 -0.00962868 0.54509804 0.71372549 0.60000000
v -0.00889686 0.01507465 -0.01010642 0.54509804 0.71372549 0.60000000
v -0.00570171 0.01496768 -0.01005592 0.54509804 0.71372549 0.60000000
v -0.00250658 0.01476443 -0.00982288 0.54509804 0.71372549 0.60000000
v 0.05809090 0.01332027 0.00198464 0.54509804 0.71372549 0.60000000
v -0.00068864 0.01742453 -0.00272672 0.54509804 0.71372549 0.60000000
v -0.00250658 0.01606239 -0.00740700 0.54509804 0.71372549 0.60000000
v -0.00570171 0.01639044 -0.00740700 0.54509804 0.71372549 0.60000000
v -0.00250658 0.01709291 -0.00460271 0.54509804 0.71372549 0.60000000
v -0.00250658 0.01774902 -0.00102162 0.54509804 0.71372549 0.60000000
v 0.05809090 0.01537418 0.01173361 0.54509804 0.71372549 0.60000000
v 0.10704630 0.01182263 0.02425579 0.54509804 0.71372549 0.60000000
v 0.05809090 0.01464676 0.01512439 0.54509804 0.71372549 0.60000000
v 0.05979864 0.01426878 0.01662751 0.54509804 0.71372549 0.60000000
v -0.01209199 -0.01785213 0.00732133 0.54509804 0.71372549 0.60000000
v 0.10691777 -0.00659840 0.02425579 0.54509804 0.71372549 0.60000000
v 0.05809090 -0.00016210 0.02355278 0.54509804 0.71372549 0.60000000
v 0.05809090 -0.00334638 0.02342849 0.54509804 0.71372549 0.60000000
v 0.05809090 -0.00535393 0.02301678 0.54509804 0.71372549 0.60000000
v 0.05623625 -0.00511502 0.02295464 0.54509804 0.71372549 0.60000000
v -0.00250658 -0.00956873 0.01717128 0.54509804 0.71372549 0.60000000
v -0.00570171 -0.01085956 0.01631679 0.54509804 0.71372549 0.60000000
v -0.00250658 -0.01116622 0.01643331 0.54509804 0.71372549 0.60000000
v -0.00072538 -0.01129816 0.01650323 0.54509804 0.71372549 0.60000000
v -0.00570171 -0.01292060 0.01479813 0.54509804 0.71372549 0.60000000
v -0.01209199 -0.01428275 0.01311633 0.54509804 0.71372549 0.60000000
v -0.00946610 -0.01442538 0.01323285 0.54509804 0.71372549 0.60000000
v -0.00570171 -0.01459297 0.01339987 0.54509804 0.71372549 0.60000000
v -0.01528713 -0.01553078 0.01134909 0.54509804 0.71372549 0.60000000
v -0.01846391 -0.01702486 0.00873124 0.54509804 0.71372549 0.60000000
v -0.02364223 -0.01772733 0.00697953 0.54509804 0.71372549 0.60000000
v -0.02165905 -0.01775229 0.00704167 0.54509804 0.71372549 0.60000000
v -0.01846391 -0.01778795 0.00713489 0.54509804 0.71372549 0.60000000
v -0.01209199 -0.01815879 0.00534434 0.54509804 0.71372549 0.60000000
v -0.02804932 -0.01832282 0.00216330 0.54509804 0.71372549 0.60000000
v -0.02165905 -0.01837987 0.00216330 0.54509804 0.71372549 0.60000000
v -0.01846391 -0.01840484 0.00216330 0.54509804 0.71372549 0.60000000
v -0.02485418 -0.01826577 -0.00102162 0.54509804 0.71372549 0.60000000
v -0.02165905 -0.01828716 -0.00102162 0.54509804 0.71372549 0.60000000
v -0.01846391 -0.01830143 -0.00102162 0.54509804 0.71372549 0.60000000
v -0.01846391 -0.01788779 -0.00343361 0.54509804 0.71372549 0.60000000
v -0.01528713 -0.01786996 -0.00334428 0.54509804 0.71372549 0.60000000
v -0.02165905 -0.01788423 -0.00342973 0.54509804 0.71372549 0.60000000
v -0.02485418 -0.01787709 -0.00329767 0.54509804 0.71372549 0.60000000
v -0.02804932 -0.01782004 -0.00299083 0.54509804 0.71372549 0.60000000
v -0.03006925 -0.01774872 -0.00273837 0.54509804 0.71372549 0.60000000
v -0.03117102 -0.01720315 -0.00396961 0.54509804 0.71372549 0.60000000
v -0.03443961 -0.01754191 -0.00193049 0.54509804 0.71372549 0.60000000
v -0.03774493 -0.01735648 -0.00093617 0.54509804 0.71372549 0.60000000
v -0.04081152 -0.01652208 -0.00102162 0.54509804 0.71372549 0.60000000
v -0.04396993 -0.01519560 -0.00091675 0.54509804 0.71372549 0.60000000
v -0.04584295 -0.01468212 0.00021739 0.54509804 0.71372549 0.60000000
v -0.04501661 -0.01410802 -0.00190718 0.54509804 0.71372549 0.60000000
v -0.04714671 -0.01291704 -0.00097501 0.54509804 0.71372549 0.60000000
v -0.04914827 -0.01172605 -0.00004284 0.54509804 0.71372549 0.60000000
v -0.04845047 -0.01075972 -0.00217130 0.54509804 0.71372549 0.60000000
v -0.04980933 -0.00971136 -0.00107600 0.54509804 0.71372549 0.60000000
v -0.05124163 -0.00684088 -0.00107600 0.54509804 0.71372549 0.60000000
v -0.05138853 -0.00334638 -0.00203924 0.54509804 0.71372549 0.60000000
v -0.03387035 0.00941570 -0.00947332 0.54509804 0.71372549 0.60000000
v -0.03317257 0.01125209 -0.00913929 0.54509804 0.71372549 0.60000000
v -0.02918782 0.01402630 -0.00881302 0.54509804 0.71372549 0.60000000
v -0.05133344 -0.00016923 -0.00201982 0.54509804 0.71372549 0.60000000
v -0.05116818 0.00303288 -0.00162365 0.54509804 0.71372549 0.60000000
v -0.04925844 0.00558601 -0.00299083 0.54509804 0.71372549 0.60000000
v -0.04257436 0.00810704 -0.00588057 0.54509804 0.71372549 0.60000000
v -0.03763475 0.00940856 -0.00784202 0.54509804 0.71372549 0.60000000
v -0.03548629 0.00941570 -0.00877418 0.54509804 0.71372549 0.60000000
v -0.01209199 0.01662935 -0.00740700 0.54509804 0.71372549 0.60000000
v -0.01528713 0.01658300 -0.00740700 0.54509804 0.71372549 0.60000000
v -0.01846391 0.01635835 -0.00740700 0.54509804 0.71372549 0.60000000
v -0.02485418 0.01569154 -0.00740700 0.54509804 0.71372549 0.60000000
v -0.02165905 0.01603743 -0.00740700 0.54509804 0.71372549 0.60000000
v -0.03374181 0.01443994 -0.00617575 0.54509804 0.71372549 0.60000000
v -0.03122611 0.01474303 -0.00674671 0.54509804 0.71372549 0.60000000
v -0.02808605 0.01501403 -0.00761285 0.54509804 0.71372549 0.60000000
v -0.00889686 0.01655447 -0.00740700 0.54509804 0.71372549 0.60000000
v -0.00570171 0.01722128 -0.00492509 0.54509804 0.71372549 0.60000000
v -0.00250658 0.01747445 -0.00300637 0.54509804 0.71372549 0.60000000
v -0.00250658 0.01768127 0.00216330 0.54509804 0.71372549 0.60000000
v -0.00570171 0.01752437 -0.00332874 0.54509804 0.71372549 0.60000000
v -0.00570171 0.01782747 -0.00102162 0.54509804 0.71372549 0.60000000
v -0.00570171 0.01772762 0.00216330 0.54509804 0.71372549 0.60000000
v -0.00250658 0.01740670 0.00381791 0.54509804 0.71372549 0.60000000
v -0.00570171 0.01742453 0.00388394 0.54509804 0.71372549 0.60000000
v 0.10269431 0.00583918 0.02425579 0.54509804 0.71372549 0.60000000
v 0.05915594 0.01426878 0.01662751 0.54509804 0.71372549 0.60000000
v -0.00889686 0.01456831 0.01054897 0.54509804 0.71372549 0.60000000
v -0.01209199 0.01443637 0.01037807 0.54509804 0.71372549 0.60000000
v -0.01468116 0.01430800 0.01024213 0.54509804 0.71372549 0.60000000
v -0.00889686 0.01280679 0.01214143 0.54509804 0.71372549 0.60000000
v -0.00889686 0.01121644 0.01347366 0.54509804 0.71372549 0.60000000
v -0.01102694 0.01108450 0.01337268 0.54509804 0.71372549 0.60000000
v 0.05809090 0.01125209 0.01990954 0.54509804 0.71372549 0.60000000
v 0.05809090 0.00940856 0.02094658 0.54509804 0.71372549 0.60000000
v 0.05803581 0.00601747 0.02242640 0.54509804 0.71372549 0.60000000
v 0.05906413 0.00481935 0.02297017 0.54509804 0.71372549 0.60000000
v 0.05803581 0.00316481 0.02313719 0.54509804 0.71372549 0.60000000
v -0.00889686 0.01742809 0.00389559 0.54509804 0.71372549 0.60000000
v -0.01528713 -0.01811244 0.00534434 0.54509804 0.71372549 0.60000000
v -0.02165905 -0.01801973 0.00534434 0.54509804 0.71372549 0.60000000
v 0.10269431 0.00386371 0.02425579 0.54509804 0.71372549 0.60000000
v 0.00067020 -0.00016923 0.01853458 0.54509804 0.71372549 0.60000000
v 0.00067020 -0.00334638 0.01867441 0.54509804 0.71372549 0.60000000
v -0.00250658 -0.00653778 0.01804908 0.54509804 0.71372549 0.60000000
v -0.00570171 -0.00926564 0.01698096 0.54509804 0.71372549 0.60000000
v -0.00889686 -0.01029973 0.01613424 0.54509804 0.71372549 0.60000000
v -0.01528713 -0.01240356 0.01397471 0.54509804 0.71372549 0.60000000
v -0.01209199 -0.01268526 0.01426601 0.54509804 0.71372549 0.60000000
v -0.00862141 -0.01318804 0.01429708 0.54509804 0.71372549 0.60000000
v -0.01528713 -0.01400105 0.01294155 0.54509804 0.71372549 0.60000000
v -0.01846391 -0.01543094 0.01111993 0.54509804 0.71372549 0.60000000
v -0.02165905 -0.01681448 0.00864190 0.54509804 0.71372549 0.60000000
v -0.02575397 -0.01766671 0.00676591 0.54509804 0.71372549 0.60000000
v -0.03122611 -0.01788423 0.00448597 0.54509804 0.71372549 0.60000000
v -0.02804932 -0.01794841 0.00489768 0.54509804 0.71372549 0.60000000
v -0.02476238 -0.01792345 0.00555797 0.54509804 0.71372549 0.60000000
v -0.03122611 -0.01821941 0.00216330 0.54509804 0.71372549 0.60000000
v -0.02804932 -0.01819802 -0.00102162 0.54509804 0.71372549 0.60000000
v -0.03117102 -0.01800190 -0.00120028 0.54509804 0.71372549 0.60000000
v -0.03219933 -0.01765245 -0.00238492 0.54509804 0.71372549 0.60000000
v -0.03443961 -0.01792702 -0.00033026 0.54509804 0.71372549 0.60000000
v -0.03548629 -0.01786996 -0.00009721 0.54509804 0.71372549 0.60000000
v -0.03675333 -0.01779865 0.00019409 0.54509804 0.71372549 0.60000000
v -0.04081152 -0.01696781 0.00216330 0.54509804 0.71372549 0.60000000
v -0.04400666 -0.01570907 0.00216330 0.54509804 0.71372549 0.60000000
v -0.04589803 -0.01471778 0.00216330 0.54509804 0.71372549 0.60000000
v -0.04749560 -0.01355889 0.00216330 0.54509804 0.71372549 0.60000000
v -0.04940535 -0.01196140 0.00216330 0.54509804 0.71372549 0.60000000
v -0.05197615 -0.00810675 0.00102528 0.54509804 0.71372549 0.60000000
v -0.05234339 -0.00597438 -0.00005061 0.54509804 0.71372549 0.60000000
v -0.05263721 -0.00334638 -0.00044678 0.54509804 0.71372549 0.60000000
v -0.05267393 -0.00016923 -0.00041959 0.54509804 0.71372549 0.60000000
v -0.03991173 0.01150170 -0.00616022 0.54509804 0.71372549 0.60000000
v -0.03763475 0.01213285 -0.00665738 0.54509804 0.71372549 0.60000000
v -0.03585355 0.01414398 -0.00571355 0.54509804 0.71372549 0.60000000
v -0.05239848 0.00303288 -0.00002730 0.54509804 0.71372549 0.60000000
v -0.05210469 0.00482649 0.00036110 0.54509804 0.71372549 0.60000000
v -0.04872592 0.00771123 -0.00254417 0.54509804 0.71372549 0.60000000
v -0.04202347 0.01023584 -0.00555042 0.54509804 0.71372549 0.60000000
v -0.04090334 0.00926950 -0.00637384 0.54509804 0.71372549 0.60000000
v -0.01209199 0.01732112 -0.00540283 0.54509804 0.71372549 0.60000000
v -0.01528713 0.01729973 -0.00536787 0.54509804 0.71372549 0.60000000
v -0.01846391 0.01720701 -0.00499889 0.54509804 0.71372549 0.60000000
v -0.02165905 0.01708578 -0.00450173 0.54509804 0.71372549 0.60000000
v -0.02804932 0.01647959 -0.00421431 0.54509804 0.71372549 0.60000000
v -0.02457874 0.01698950 -0.00391135 0.54509804 0.71372549 0.60000000
v -0.03548629 0.01440071 -0.00532126 0.54509804 0.71372549 0.60000000
v -0.03465995 0.01495698 -0.00447454 0.54509804 0.71372549 0.60000000
v -0.03122611 0.01585200 -0.00421431 0.54509804 0.71372549 0.60000000
v -0.00889686 0.01727833 -0.00517367 0.54509804 0.71372549 0.60000000
v -0.01209199 0.01793801 -0.00102162 0.54509804 0.71372549 0.60000000
v -0.01209199 0.01759925 -0.00380648 0.54509804 0.71372549 0.60000000
v -0.00889686 0.01774902 0.00216330 0.54509804 0.71372549 0.60000000
v -0.01528713 0.01797723 -0.00102162 0.54509804 0.71372549 0.60000000
v -0.00889686 0.01701446 0.00548417 0.54509804 0.71372549 0.60000000
v -0.01209199 0.01700376 0.00542979 0.54509804 0.71372549 0.60000000
v -0.01846391 0.01692888 0.00534434 0.54509804 0.71372549 0.60000000
v -0.00889686 0.01578425 0.00853703 0.54509804 0.71372549 0.60000000
v -0.01209199 0.01564162 0.00853703 0.54509804 0.71372549 0.60000000
v -0.01846391 0.01535992 0.00843216 0.54509804 0.71372549 0.60000000
v -0.02165905 0.01525294 0.00824573 0.54509804 0.71372549 0.60000000
v -0.02485418 0.01508892 0.00805930 0.54509804 0.71372549 0.60000000
v -0.01681125 0.01419390 0.01012173 0.54509804 0.71372549 0.60000000
v -0.01846391 0.01409762 0.01003239 0.54509804 0.71372549 0.60000000
v -0.01211035 0.01232897 0.01221523 0.54509804 0.71372549 0.60000000
v -0.02165905 0.01388010 0.00984207 0.54509804 0.71372549 0.60000000
v -0.01315704 0.01090264 0.01327169 0.54509804 0.71372549 0.60000000
v 0.00241468 0.00780751 0.01651099 0.54509804 0.71372549 0.60000000
v 0.00067020 0.00593902 0.01700815 0.54509804 0.71372549 0.60000000
v 0.00067020 0.00303288 0.01790148 0.54509804 0.71372549 0.60000000
v -0.01209199 0.01775258 0.00216330 0.54509804 0.71372549 0.60000000
v -0.01554421 0.01768483 0.00248180 0.54509804 0.71372549 0.60000000
v -0.01466279 0.01740313 0.00379461 0.54509804 0.71372549 0.60000000
v -0.01554421 0.01707151 0.00504916 0.54509804 0.71372549 0.60000000
v -0.00250658 -0.00016923 0.01820444 0.54509804 0.71372549 0.60000000
v -0.00250658 -0.00334638 0.01836757 0.54509804 0.71372549 0.60000000
v -0.00570171 -0.00653778 0.01763348 0.54509804 0.71372549 0.60000000
v -0.00889686 -0.00870580 0.01671685 0.54509804 0.71372549 0.60000000
v -0.01076986 -0.00826721 0.01656149 0.54509804 0.71372549 0.60000000
v -0.01194509 -0.00949028 0.01591285 0.54509804 0.71372549 0.60000000
v -0.01528713 -0.00972919 0.01522149 0.54509804 0.71372549 0.60000000
v -0.01846391 -0.01191861 0.01364456 0.54509804 0.71372549 0.60000000
v -0.04081152 -0.01292060 0.00900312 0.54509804 0.71372549 0.60000000
v -0.04081152 -0.01520629 0.00765924 0.54509804 0.71372549 0.60000000
v -0.01846391 -0.01351253 0.01270851 0.54509804 0.71372549 0.60000000
v -0.02165905 -0.01521699 0.01082086 0.54509804 0.71372549 0.60000000
v -0.03763475 -0.01553435 0.00788451 0.54509804 0.71372549 0.60000000
v -0.02804932 -0.01757757 0.00649014 0.54509804 0.71372549 0.60000000
v -0.03122611 -0.01743493 0.00608620 0.54509804 0.71372549 0.60000000
v -0.03368672 -0.01779151 0.00409368 0.54509804 0.71372549 0.60000000
v -0.03548629 -0.01775942 0.00323142 0.54509804 0.71372549 0.60000000
v -0.03460487 -0.01793415 0.00236528 0.54509804 0.71372549 0.60000000
v -0.03675333 -0.01779865 0.00144087 0.54509804 0.71372549 0.60000000
v -0.03774493 -0.01758826 0.00236916 0.54509804 0.71372549 0.60000000
v -0.04081152 -0.01637232 0.00534434 0.54509804 0.71372549 0.60000000
v -0.04406174 -0.01513854 0.00523947 0.54509804 0.71372549 0.60000000
v -0.04575113 -0.01462150 0.00410145 0.54509804 0.71372549 0.60000000
v -0.04927680 -0.01180807 0.00534434 0.54509804 0.71372549 0.60000000
v -0.05199450 -0.00815667 0.00384510 0.54509804 0.71372549 0.60000000
v -0.05118654 -0.00942610 0.00211669 0.54509804 0.71372549 0.60000000
v -0.05199450 -0.00815667 0.00315374 0.54509804 0.71372549 0.60000000
v -0.05241685 -0.00684088 0.00211669 0.54509804 0.71372549 0.60000000
v -0.05331662 -0.00334638 0.00216330 0.54509804 0.71372549 0.60000000
v -0.05339009 -0.00016923 0.00216330 0.54509804 0.71372549 0.60000000
v -0.03763475 0.01373034 -0.00517755 0.54509804 0.71372549 0.60000000
v -0.04556751 0.01097396 -0.00258689 0.54509804 0.71372549 0.60000000
v -0.04343741 0.01173348 -0.00342585 0.54509804 0.71372549 0.60000000
v -0.04082988 0.01268199 -0.00424538 0.54509804 0.71372549 0.60000000
v -0.03963630 0.01435436 -0.00293646 0.54509804 0.71372549 0.60000000
v -0.03763475 0.01461466 -0.00358121 0.54509804 0.71372549 0.60000000
v -0.05283919 0.00303288 0.00216330 0.54509804 0.71372549 0.60000000
v -0.05223323 0.00508679 0.00216330 0.54509804 0.71372549 0.60000000
v -0.05127836 0.00668428 0.00216330 0.54509804 0.71372549 0.60000000
v -0.04933189 0.00852781 -0.00041571 0.54509804 0.71372549 0.60000000
v -0.04751397 0.00975445 -0.00150324 0.54509804 0.71372549 0.60000000
v -0.01528713 0.01761708 -0.00377541 0.54509804 0.71372549 0.60000000
v -0.01846391 0.01756360 -0.00340254 0.54509804 0.71372549 0.60000000
v -0.02333007 0.01739957 -0.00264904 0.54509804 0.71372549 0.60000000
v -0.03443961 0.01608021 -0.00102162 0.54509804 0.71372549 0.60000000
v -0.03122611 0.01669354 -0.00102162 0.54509804 0.71372549 0.60000000
v -0.02547852 0.01731755 -0.00168191 0.54509804 0.71372549 0.60000000
v -0.01846391 0.01788452 -0.00102162 0.54509804 0.71372549 0.60000000
v -0.01846391 0.01771336 0.00204678 0.54509804 0.71372549 0.60000000
v -0.01679289 0.01739244 0.00375577 0.54509804 0.71372549 0.60000000
v -0.01846391 0.01736748 0.00363925 0.54509804 0.71372549 0.60000000
v -0.02165905 0.01729616 0.00325084 0.54509804 0.71372549 0.60000000
v -0.02165905 0.01675415 0.00534434 0.54509804 0.71372549 0.60000000
v -0.02485418 0.01649385 0.00534434 0.54509804 0.71372549 0.60000000
v -0.02804932 0.01622998 0.00534434 0.54509804 0.71372549 0.60000000
v -0.03548629 0.01455404 0.00739512 0.54509804 0.71372549 0.60000000
v -0.03763475 0.01444350 0.00725918 0.54509804 0.71372549 0.60000000
v -0.01528713 0.01063521 0.01313964 0.54509804 0.71372549 0.60000000
v -0.03763475 0.01260354 0.00859530 0.54509804 0.71372549 0.60000000
v 0.00067020 0.00753651 0.01640612 0.54509804 0.71372549 0.60000000
v -0.01528713 0.00903772 0.01385042 0.54509804 0.71372549 0.60000000
v -0.01846391 0.00858843 0.01366010 0.54509804 0.71372549 0.60000000
v -0.01528713 0.00622072 0.01495349 0.54509804 0.71372549 0.60000000
v -0.00729928 0.00462680 0.01651488 0.54509804 0.71372549 0.60000000
v -0.00250658 0.00303288 0.01752861 0.54509804 0.71372549 0.60000000
v -0.00570171 0.00303288 0.01712467 0.54509804 0.71372549 0.60000000
v -0.01121058 0.00197740 0.01664694 0.54509804 0.71372549 0.60000000
v -0.00570171 -0.00016923 0.01778885 0.54509804 0.71372549 0.60000000
v -0.00570171 -0.00334638 0.01792479 0.54509804 0.71372549 0.60000000
v -0.00889686 -0.00334638 0.01740044 0.54509804 0.71372549 0.60000000
v -0.00889686 -0.00653778 0.01709748 0.54509804 0.71372549 0.60000000
v -0.01141256 -0.00653778 0.01667412 0.54509804 0.71372549 0.60000000
v -0.01301014 -0.00653778 0.01639836 0.54509804 0.71372549 0.60000000
v -0.01528713 -0.00653778 0.01599830 0.54509804 0.71372549 0.60000000
v -0.04720180 -0.00653778 0.00968671 0.54509804 0.71372549 0.60000000
v -0.04720180 -0.00972919 0.00891379 0.54509804 0.71372549 0.60000000
v -0.04406174 -0.01309889 0.00816416 0.54509804 0.71372549 0.60000000
v -0.04305179 -0.01482119 0.00730967 0.54509804 0.71372549 0.60000000
v -0.03763475 -0.01701060 0.00534434 0.54509804 0.71372549 0.60000000
v -0.03548629 -0.01726377 0.00526278 0.54509804 0.71372549 0.60000000
v -0.03460487 -0.01736362 0.00523171 0.54509804 0.71372549 0.60000000
v -0.03581681 -0.01768811 0.00356933 0.54509804 0.71372549 0.60000000
v -0.04516352 -0.01427918 0.00622602 0.54509804 0.71372549 0.60000000
v -0.04696308 -0.01348400 0.00523947 0.54509804 0.71372549 0.60000000
v -0.04900136 -0.01152280 0.00714266 0.54509804 0.71372549 0.60000000
v -0.05096619 -0.00942610 0.00508023 0.54509804 0.71372549 0.60000000
v -0.05175579 -0.00757544 0.00596191 0.54509804 0.71372549 0.60000000
v -0.05228832 -0.00651996 0.00508023 0.54509804 0.71372549 0.60000000
v -0.05302284 -0.00334638 0.00534434 0.54509804 0.71372549 0.60000000
v -0.05309628 -0.00016923 0.00534434 0.54509804 0.71372549 0.60000000
v -0.05261884 0.00303288 0.00534434 0.54509804 0.71372549 0.60000000
v -0.04632038 0.01162651 -0.00045843 0.54509804 0.71372549 0.60000000
v -0.04404339 0.01274261 -0.00107211 0.54509804 0.71372549 0.60000000
v -0.04174803 0.01386228 -0.00168191 0.54509804 0.71372549 0.60000000
v -0.04073807 0.01453978 -0.00078081 0.54509804 0.71372549 0.60000000
v -0.03763475 0.01536705 -0.00102162 0.54509804 0.71372549 0.60000000
v -0.04250090 0.01423669 0.00044655 0.54509804 0.71372549 0.60000000
v -0.05215978 0.00499051 0.00534434 0.54509804 0.71372549 0.60000000
v -0.05120490 0.00658800 0.00534434 0.54509804 0.71372549 0.60000000
v -0.04968078 0.00890578 0.00216330 0.54509804 0.71372549 0.60000000
v -0.04828521 0.01049971 0.00216330 0.54509804 0.71372549 0.60000000
v -0.02165905 0.01766701 -0.00102162 0.54509804 0.71372549 0.60000000
v -0.03763475 0.01558100 0.00216330 0.54509804 0.71372549 0.60000000
v -0.03548629 0.01601603 0.00216330 0.54509804 0.71372549 0.60000000
v -0.03443961 0.01622641 0.00216330 0.54509804 0.71372549 0.60000000
v -0.03122611 0.01674346 0.00216330 0.54509804 0.71372549 0.60000000
v -0.02658029 0.01740313 0.00044655 0.54509804 0.71372549 0.60000000
v -0.02781061 0.01717849 -0.00077692 0.54509804 0.71372549 0.60000000
v -0.02457874 0.01746019 -0.00077692 0.54509804 0.71372549 0.60000000
v -0.02658029 0.01740313 0.00063687 0.54509804 0.71372549 0.60000000
v -0.02485418 0.01747445 0.00102528 0.54509804 0.71372549 0.60000000
v -0.02165905 0.01760639 0.00165838 0.54509804 0.71372549 0.60000000
v -0.02485418 0.01720345 0.00261774 0.54509804 0.71372549 0.60000000
v -0.03122611 0.01592332 0.00534434 0.54509804 0.71372549 0.60000000
v -0.03954448 0.01430800 0.00708440 0.54509804 0.71372549 0.60000000
v -0.01846391 0.01018235 0.01291824 0.54509804 0.71372549 0.60000000
v -0.04068298 0.01274974 0.00798161 0.54509804 0.71372549 0.60000000
v -0.04400666 0.00940856 0.00917013 0.54509804 0.71372549 0.60000000
v -0.02061237 0.00817479 0.01348532 0.54509804 0.71372549 0.60000000
v -0.01528713 0.00303288 0.01577691 0.54509804 0.71372549 0.60000000
v -0.01220217 0.00303288 0.01624299 0.54509804 0.71372549 0.60000000
v -0.00942938 0.00409906 0.01638282 0.54509804 0.71372549 0.60000000
v -0.01846391 0.00622072 0.01443691 0.54509804 0.71372549 0.60000000
v -0.00858468 0.00303288 0.01675569 0.54509804 0.71372549 0.60000000
v -0.01334067 0.00080424 0.01645273 0.54509804 0.71372549 0.60000000
v -0.00889686 -0.00016923 0.01731499 0.54509804 0.71372549 0.60000000
v -0.01390992 -0.00132099 0.01655372 0.54509804 0.71372549 0.60000000
v -0.01390992 -0.00247988 0.01655372 0.54509804 0.71372549 0.60000000
v -0.01356102 -0.00460868 0.01649546 0.54509804 0.71372549 0.60000000
v -0.04720180 -0.00334638 0.00983042 0.54509804 0.71372549 0.60000000
v -0.05037857 -0.00334638 0.00885941 0.54509804 0.71372549 0.60000000
v -0.05056221 -0.00651996 0.00805153 0.54509804 0.71372549 0.60000000
v -0.01508514 -0.00346405 0.01628572 0.54509804 0.71372549 0.60000000
v -0.04957061 -0.00972919 0.00759321 0.54509804 0.71372549 0.60000000
v -0.04720180 -0.01208977 0.00764370 0.54509804 0.71372549 0.60000000
v -0.05214141 -0.00544664 0.00714654 0.54509804 0.71372549 0.60000000
v -0.05232505 -0.00334638 0.00739512 0.54509804 0.71372549 0.60000000
v -0.05238014 -0.00016923 0.00746115 0.54509804 0.71372549 0.60000000
v -0.05215978 0.00303288 0.00719315 0.54509804 0.71372549 0.60000000
v -0.05201287 0.00470525 0.00699118 0.54509804 0.71372549 0.60000000
v -0.04668763 0.01189038 0.00216330 0.54509804 0.71372549 0.60000000
v -0.04374958 0.01361623 0.00222933 0.54509804 0.71372549 0.60000000
v -0.04250090 0.01423669 0.00120783 0.54509804 0.71372549 0.60000000
v -0.04108696 0.01464319 0.00222933 0.54509804 0.71372549 0.60000000
v -0.04960734 0.00873462 0.00534434 0.54509804 0.71372549 0.60000000
v -0.04922171 0.00829960 0.00732909 0.54509804 0.71372549 0.60000000
v -0.04806485 0.01033211 0.00534434 0.54509804 0.71372549 0.60000000
v -0.03763475 0.01506752 0.00534434 0.54509804 0.71372549 0.60000000
v -0.04022391 0.01452908 0.00534434 0.54509804 0.71372549 0.60000000
v -0.03548629 0.01537062 0.00534434 0.54509804 0.71372549 0.60000000
v -0.03443961 0.01551682 0.00534434 0.54509804 0.71372549 0.60000000
v -0.02781061 0.01711430 0.00187977 0.54509804 0.71372549 0.60000000
v -0.04182148 0.01396568 0.00534434 0.54509804 0.71372549 0.60000000
v -0.04400666 0.01299221 0.00534434 0.54509804 0.71372549 0.60000000
v -0.04602657 0.01127706 0.00729025 0.54509804 0.71372549 0.60000000
v -0.04400666 0.01179053 0.00775634 0.54509804 0.71372549 0.60000000
v -0.04712835 0.00938004 0.00795443 0.54509804 0.71372549 0.60000000
v -0.04720180 0.00622072 0.00937987 0.54509804 0.71372549 0.60000000
v -0.04720180 0.00303288 0.00983042 0.54509804 0.71372549 0.60000000
v -0.01508514 -0.00022985 0.01622746 0.54509804 0.71372549 0.60000000
v -0.01220217 -0.00022985 0.01675957 0.54509804 0.71372549 0.60000000
v -0.05037857 -0.00016923 0.00896428 0.54509804 0.71372549 0.60000000
v -0.05037857 0.00303288 0.00866909 0.54509804 0.71372549 0.60000000
v -0.05032348 0.00594615 0.00776411 0.54509804 0.71372549 0.60000000
v -0.04646729 0.01163007 0.00534434 0.54509804 0.71372549 0.60000000
v -0.04233564 0.01417607 0.00333240 0.54509804 0.71372549 0.60000000
f 1 2 3
f 1 3 4
f 1 4 5
f 1 5 6
f 1 6 7
f 1 7 8
f 1 8 2
f 2 9 10
f 2 10 11
f 2 11 3
f 2 8 9
f 3 12 4
f 3 11 13
f 3 13 14
f 3 14 12
f 4 15 16
f 4 16 17
f 4 17 5
f 4 12 18
f 4 18 15
f 5 17 6
f 6 17 19
f 6 19 7
f 7 20 8
f 7 19 21
f 7 21 22
f 7 22 20
f 8 23 9
f 8 20 23
f 9 23 24
f 9 24 25
f 9 25 10
f 10 25 26
f 10 26 11
f 11 26 13
f 12 14 18
f 13 27 28
f 13 28 29
f 13 29 30
f 13 30 14
f 13 26 27
f 14 31 18
f 14 30 32
f 14 32 31
f 15 18 33
f 15 33 34
f 15 34 35
f 15 35 16
f 16 35 36
f 16 36 19
f 16 19 17
f 18 31 37
f 18 37 33
f 19 36 38
f 19 38 21
f 20 39 23
f 20 22 40
f 20 40 39
f 21 38 41
f 21 41 42
f 21 42 43
f 21 43 22
f 22 43 40
f 23 44 45
f 23 45 24
f 23 39 44
f 24 45 25
f 25 45 46
f 25 46 27
f 25 27 26
f 27 46 47
f 27 47 48
f 27 48 28
f 28 48 29
f 29 48 49
f 29 49 30
f 30 49 50
f 30 50 32
f 31 32 37
f 32 50 51
f 32 51 52
f 32 52 53
f 32 53 54
f 32 54 37
f 33 37 54
f 33 54 55
f 33 55 56
f 33 56 57
f 33 57 58
f 33 58 34
f 34 58 59
f 34 59 60
f 34 60 35
f 35 60 61
f 35 61 62
f 35 62 36
f 36 62 63
f 36 63 64
f 36 64 38
f 38 64 65
f 38 65 41
f 39 66 44
f 39 40 67
f 39 67 68
f 39 68 66
f 40 43 69
f 40 69 67
f 41 65 42
f 42 65 70
f 42 70 71
f 42 71 43
f 43 71 72
f 43 72 73
f 43 73 69
f 44 74 45
f 44 66 74
f 45 74 75
f 45 75 46
f 46 76 47
f 46 75 76
f 47 77 78
f 47 78 48
f 47 76 77
f 48 78 49
f 49 79 80
f 49 80 50
f 49 78 79
f 50 80 51
f 51 81 52
f 51 80 82
f 51 82 83
f 51 83 81
f 52 81 84
f 52 84 85
f 52 85 53
f 53 86 55
f 53 55 54
f 53 85 86
f 55 87 57
f 55 57 56
f 55 86 87
f 57 88 58
f 57 87 84
f 57 84 88
f 58 88 59
f 59 88 89
f 59 89 90
f 59 90 91
f 59 91 60
f 60 91 92
f 60 92 61
f 61 92 93
f 61 93 94
f 61 94 95
f 61 95 96
f 61 96 62
f 62 96 63
f 63 96 97
f 63 97 64
f 64 97 98
f 64 98 99
f 64 99 65
f 65 99 98
f 65 98 100
f 65 100 101
f 65 101 102
f 65 102 103
f 65 103 104
f 65 104 70
f 66 105 74
f 66 68 106
f 66 106 105
f 67 69 107
f 67 107 108
f 67 108 68
f 68 108 109
f 68 109 106
f 69 73 115
f 69 115 107
f 70 104 110
f 70 110 71
f 71 110 111
f 71 111 72
f 72 111 112
f 72 112 113
f 72 113 114
f 72 114 73
f 73 114 116
f 73 116 115
f 74 117 75
f 74 105 118
f 74 118 117
f 75 119 120
f 75 120 76
f 75 117 119
f 76 120 77
f 77 121 122
f 77 122 78
f 77 120 121
f 78 122 79
f 79 122 123
f 79 123 124
f 79 124 82
f 79 82 80
f 81 83 84
f 82 125 84
f 82 84 83
f 82 124 123
f 82 123 125
f 84 87 126
f 84 126 85
f 84 125 127
f 84 127 128
f 84 128 129
f 84 129 130
f 84 130 131
f 84 131 132
f 84 132 133
f 84 133 89
f 84 89 88
f 85 126 87
f 85 87 86
f 89 133 90
f 90 133 132
f 90 132 91
f 91 132 134
f 91 134 135
f 91 135 92
f 92 135 136
f 92 136 137
f 92 137 93
f 93 137 94
f 94 137 138
f 94 138 95
f 95 138 139
f 95 139 98
f 95 98 97
f 95 97 96
f 98 139 140
f 98 140 100
f 100 140 141
f 100 141 142
f 100 142 143
f 100 143 144
f 100 144 102
f 100 102 101
f 102 144 103
f 103 145 146
f 103 146 147
f 103 147 104
f 103 144 148
f 103 148 149
f 103 149 145
f 104 147 110
f 105 106 150
f 105 150 118
f 106 151 150
f 106 109 151
f 107 115 108
f 108 115 152
f 108 152 153
f 108 153 154
f 108 154 109
f 109 154 155
f 109 155 156
f 109 156 151
f 110 147 146
f 110 146 111
f 111 146 112
f 112 146 145
f 112 145 157
f 112 157 113
f 113 157 114
f 114 157 158
f 114 158 116
f 115 116 159
f 115 159 160
f 115 160 152
f 116 158 159
f 117 161 119
f 117 118 162
f 117 162 161
f 118 150 163
f 118 163 162
f 119 164 165
f 119 165 120
f 119 161 164
f 120 165 121
f 121 166 167
f 121 167 122
f 121 165 166
f 122 167 168
f 122 168 169
f 122 169 123
f 123 169 170
f 123 170 125
f 125 171 127
f 125 170 172
f 125 172 173
f 125 173 174
f 125 174 175
f 125 175 176
f 125 176 177
f 125 177 178
f 125 178 171
f 127 171 179
f 127 179 180
f 127 180 181
f 127 181 182
f 127 182 234
f 127 234 308
f 127 308 324
f 127 324 238
f 127 238 183
f 127 183 184
f 127 184 185
f 127 185 128
f 128 185 186
f 128 186 187
f 128 187 188
f 128 188 129
f 129 188 189
f 129 189 190
f 129 190 130
f 130 190 131
f 131 190 189
f 131 189 191
f 131 191 134
f 131 134 132
f 134 191 192
f 134 192 135
f 135 192 193
f 135 193 194
f 135 194 136
f 136 194 137
f 137 194 195
f 137 195 138
f 138 195 196
f 138 196 139
f 139 196 197
f 139 197 141
f 139 141 140
f 141 197 198
f 141 198 142
f 142 198 143
f 143 198 148
f 143 148 144
f 145 149 199
f 145 199 200
f 145 200 157
f 148 198 201
f 148 201 202
f 148 202 203
f 148 203 204
f 148 204 149
f 149 204 203
f 149 203 205
f 149 205 206
f 149 206 207
f 149 207 199
f 150 151 163
f 151 156 208
f 151 208 209
f 151 209 163
f 152 160 153
f 153 155 154
f 153 160 159
f 153 159 210
f 153 210 211
f 153 211 155
f 155 211 212
f 155 212 213
f 155 213 156
f 156 213 208
f 157 200 214
f 157 214 158
f 158 214 215
f 158 215 216
f 158 216 217
f 158 217 159
f 159 217 210
f 161 218 164
f 161 162 219
f 161 219 218
f 162 163 220
f 162 220 219
f 163 209 221
f 163 221 222
f 163 222 223
f 163 223 220
f 164 224 165
f 164 218 224
f 165 225 226
f 165 226 166
f 165 224 225
f 166 226 174
f 166 174 173
f 166 173 168
f 166 168 167
f 168 173 170
f 168 170 169
f 170 173 172
f 171 178 179
f 174 226 175
f 175 227 176
f 175 226 227
f 176 228 177
f 176 227 226
f 176 226 229
f 176 229 230
f 176 230 231
f 176 231 228
f 177 228 178
f 178 228 232
f 178 232 233
f 178 233 179
f 179 233 180
f 180 233 181
f 181 233 182
f 182 233 235
f 182 235 236
f 182 236 309
f 182 309 234
f 183 237 184
f 183 238 239
f 183 239 240
f 183 240 241
f 183 241 242
f 183 242 243
f 183 243 244
f 183 244 245
f 183 245 246
f 183 246 247
f 183 247 248
f 183 248 249
f 183 249 250
f 183 250 251
f 183 251 252
f 183 252 253
f 183 253 254
f 183 254 255
f 183 255 237
f 184 237 256
f 184 256 185
f 185 256 257
f 185 257 258
f 185 258 259
f 185 259 186
f 186 259 260
f 186 260 261
f 186 261 262
f 186 262 187
f 187 262 263
f 187 263 188
f 188 263 264
f 188 264 189
f 189 264 191
f 191 264 192
f 192 264 263
f 192 263 193
f 193 263 265
f 193 265 194
f 194 265 266
f 194 266 195
f 195 266 267
f 195 267 268
f 195 268 196
f 196 268 269
f 196 269 197
f 197 270 271
f 197 271 198
f 197 269 270
f 198 271 272
f 198 272 201
f 199 207 200
f 200 207 214
f 201 272 202
f 202 272 273
f 202 273 274
f 202 274 275
f 202 275 203
f 203 275 276
f 203 276 277
f 203 277 278
f 203 278 206
f 203 206 205
f 206 278 279
f 206 279 280
f 206 280 207
f 207 280 281
f 207 281 214
f 208 221 209
f 208 213 221
f 210 217 282
f 210 282 283
f 210 283 212
f 210 212 211
f 212 284 213
f 212 283 284
f 213 284 221
f 214 281 215
f 215 281 285
f 215 285 216
f 216 285 286
f 216 286 287
f 216 287 288
f 216 288 217
f 217 288 289
f 217 289 290
f 217 290 282
f 218 291 224
f 218 219 292
f 218 292 291
f 219 220 293
f 219 293 292
f 220 223 294
f 220 294 295
f 220 295 293
f 221 294 222
f 221 284 296
f 221 296 297
f 221 297 298
f 221 298 294
f 222 294 223
f 224 299 225
f 224 291 299
f 225 230 229
f 225 229 226
f 225 299 230
f 228 231 300
f 228 300 301
f 228 301 232
f 230 300 231
f 230 299 300
f 232 302 233
f 232 301 303
f 232 303 304
f 232 304 302
f 233 302 305
f 233 305 306
f 233 306 307
f 233 307 235
f 234 309 310
f 234 310 311
f 234 311 312
f 234 312 313
f 234 313 314
f 234 314 315
f 234 315 316
f 234 316 317
f 234 317 318
f 234 318 319
f 234 319 320
f 234 320 239
f 234 239 308
f 235 309 236
f 235 307 321
f 235 321 309
f 237 322 256
f 237 255 323
f 237 323 322
f 238 324 239
f 239 320 325
f 239 325 326
f 239 326 240
f 239 324 308
f 240 326 327
f 240 327 242
f 240 242 241
f 242 327 243
f 243 327 328
f 243 328 244
f 244 328 329
f 244 329 330
f 244 330 331
f 244 331 248
f 244 248 332
f 244 332 245
f 245 332 247
f 245 247 246
f 247 332 248
f 248 331 333
f 248 333 334
f 248 334 251
f 248 251 249
f 249 251 250
f 251 334 252
f 252 334 335
f 252 335 253
f 253 336 337
f 253 337 338
f 253 338 339
f 253 339 323
f 253 323 254
f 253 335 336
f 254 323 255
f 256 322 257
f 257 338 340
f 257 340 341
f 257 341 260
f 257 260 258
f 257 322 323
f 257 323 338
f 258 260 259
f 260 341 266
f 260 266 265
f 260 265 261
f 261 265 262
f 262 265 263
f 266 341 267
f 267 341 342
f 267 342 268
f 268 342 343
f 268 343 269
f 269 343 270
f 270 343 344
f 270 344 345
f 270 345 346
f 270 346 271
f 271 346 272
f 272 347 348
f 272 348 274
f 272 274 273
f 272 346 347
f 274 349 350
f 274 350 351
f 274 351 277
f 274 277 276
f 274 276 275
f 274 348 349
f 277 351 352
f 277 352 279
f 277 279 278
f 279 352 353
f 279 353 280
f 280 353 281
f 281 353 354
f 281 354 355
f 281 355 285
f 282 290 356
f 282 356 283
f 283 356 357
f 283 357 284
f 284 357 358
f 284 358 296
f 285 355 286
f 286 355 359
f 286 359 360
f 286 360 287
f 287 360 361
f 287 361 362
f 287 362 288
f 288 362 363
f 288 363 289
f 289 363 356
f 289 356 290
f 291 364 299
f 291 292 365
f 291 365 364
f 292 293 366
f 292 366 365
f 293 295 367
f 293 367 366
f 294 298 368
f 294 368 369
f 294 369 295
f 295 369 367
f 296 358 370
f 296 370 371
f 296 371 372
f 296 372 297
f 297 372 298
f 298 372 368
f 299 373 300
f 299 364 373
f 300 303 301
f 300 373 303
f 302 304 374
f 302 374 305
f 303 373 364
f 303 364 375
f 303 375 304
f 304 375 374
f 305 376 307
f 305 307 306
f 305 374 377
f 305 377 376
f 307 376 321
f 309 321 378
f 309 378 379
f 309 379 380
f 309 380 381
f 309 381 382
f 309 382 310
f 310 382 383
f 310 383 384
f 310 384 311
f 311 384 312
f 312 384 385
f 312 385 386
f 312 386 313
f 313 386 387
f 313 387 388
f 313 388 315
f 313 315 314
f 315 388 387
f 315 387 389
f 315 389 390
f 315 390 316
f 316 391 317
f 316 390 391
f 317 391 318
f 318 391 319
f 319 391 392
f 319 392 393
f 319 393 325
f 319 325 320
f 321 376 394
f 321 394 395
f 321 395 396
f 321 396 397
f 321 397 379
f 321 379 378
f 323 339 338
f 325 393 398
f 325 398 399
f 325 399 326
f 326 399 327
f 327 399 400
f 327 400 401
f 327 401 328
f 328 401 329
f 329 401 402
f 329 402 403
f 329 403 404
f 329 404 405
f 329 405 330
f 330 333 331
f 330 405 406
f 330 406 407
f 330 407 408
f 330 408 333
f 333 408 407
f 333 407 409
f 333 409 334
f 334 409 410
f 334 410 335
f 335 410 336
f 336 411 337
f 336 410 411
f 337 412 413
f 337 413 340
f 337 340 338
f 337 411 412
f 340 413 414
f 340 414 415
f 340 415 416
f 340 416 346
f 340 346 345
f 340 345 344
f 340 344 341
f 341 344 342
f 342 344 343
f 346 416 347
f 347 417 418
f 347 418 419
f 347 419 348
f 347 416 417
f 348 419 420
f 348 420 349
f 349 420 350
f 350 421 351
f 350 420 421
f 351 421 422
f 351 422 423
f 351 423 352
f 352 423 424
f 352 424 425
f 352 425 426
f 352 426 353
f 353 426 354
f 354 426 427
f 354 427 355
f 355 427 359
f 356 428 358
f 356 358 357
f 356 363 362
f 356 362 429
f 356 429 430
f 356 430 431
f 356 431 428
f 358 428 432
f 358 432 433
f 358 433 370
f 359 427 434
f 359 434 360
f 360 434 435
f 360 435 436
f 360 436 437
f 360 437 361
f 361 437 438
f 361 438 429
f 361 429 362
f 364 365 439
f 364 439 375
f 365 366 440
f 365 440 439
f 366 367 441
f 366 441 440
f 367 369 441
f 368 372 442
f 368 442 443
f 368 443 444
f 368 444 369
f 369 444 441
f 370 433 371
f 371 433 372
f 372 433 442
f 374 375 377
f 375 439 377
f 376 377 394
f 377 439 445
f 377 445 446
f 377 446 394
f 379 397 380
f 380 383 382
f 380 382 381
f 380 397 447
f 380 447 448
f 380 448 449
f 380 449 450
f 380 450 383
f 383 450 384
f 384 450 451
f 384 451 385
f 385 451 452
f 385 452 453
f 385 453 386
f 386 453 387
f 387 453 454
f 387 454 389
f 389 454 390
f 390 455 391
f 390 454 456
f 390 456 455
f 391 457 392
f 391 455 458
f 391 458 459
f 391 459 457
f 392 457 460
f 392 460 461
f 392 461 393
f 393 461 462
f 393 462 398
f 394 446 395
f 395 446 447
f 395 447 396
f 396 447 397
f 398 462 463
f 398 463 464
f 398 464 465
f 398 465 399
f 399 465 466
f 399 466 400
f 400 466 467
f 400 467 468
f 400 468 402
f 400 402 401
f 402 469 470
f 402 470 471
f 402 471 472
f 402 472 473
f 402 473 404
f 402 404 403
f 402 468 469
f 404 473 406
f 404 406 405
f 406 473 474
f 406 474 407
f 407 474 475
f 407 475 418
f 407 418 476
f 407 476 410
f 407 410 409
f 410 476 412
f 410 412 411
f 412 476 477
f 412 477 478
f 412 478 413
f 413 478 477
f 413 477 476
f 413 476 479
f 413 479 414
f 414 479 416
f 414 416 415
f 416 479 417
f 417 479 476
f 417 476 418
f 418 475 419
f 419 480 420
f 419 475 480
f 420 480 481
f 420 481 421
f 421 481 482
f 421 482 483
f 421 483 422
f 422 483 484
f 422 484 485
f 422 485 426
f 422 426 425
f 422 425 424
f 422 424 423
f 426 486 487
f 426 487 427
f 426 485 486
f 427 487 488
f 427 488 434
f 428 431 432
f 429 438 489
f 429 489 490
f 429 490 491
f 429 491 432
f 429 432 430
f 430 432 431
f 432 492 493
f 432 493 433
f 432 491 494
f 432 494 492
f 433 493 442
f 434 488 495
f 434 495 435
f 435 495 496
f 435 496 436
f 436 496 497
f 436 497 437
f 437 498 489
f 437 489 438
f 437 497 498
f 439 440 445
f 440 441 445
f 441 444 499
f 441 499 445
f 442 493 500
f 442 500 501
f 442 501 502
f 442 502 443
f 443 503 504
f 443 504 505
f 443 505 444
f 443 502 503
f 444 504 506
f 444 506 499
f 444 505 504
f 445 499 504
f 445 504 507
f 445 507 508
f 445 508 509
f 445 509 446
f 446 448 447
f 446 509 449
f 446 449 448
f 449 509 510
f 449 510 450
f 450 510 451
f 451 510 452
f 452 503 511
f 452 511 454
f 452 454 453
f 452 510 503
f 454 512 456
f 454 511 512
f 455 456 513
f 455 513 459
f 455 459 458
f 456 512 514
f 456 514 515
f 456 515 513
f 457 459 460
f 459 513 515
f 459 515 516
f 459 516 460
f 460 517 518
f 460 518 519
f 460 519 461
f 460 516 520
f 460 520 517
f 461 519 462
f 462 519 463
f 463 519 521
f 463 521 464
f 464 519 518
f 464 518 517
f 464 517 522
f 464 522 523
f 464 523 465
f 464 521 519
f 465 523 466
f 466 523 524
f 466 524 467
f 467 525 526
f 467 526 469
f 467 469 468
f 467 524 525
f 469 526 470
f 470 526 471
f 471 526 472
f 472 527 528
f 472 528 529
f 472 529 473
f 472 526 530
f 472 530 527
f 473 529 531
f 473 531 482
f 473 482 532
f 473 532 474
f 474 532 475
f 475 532 482
f 475 482 480
f 480 482 481
f 482 531 533
f 482 533 484
f 482 484 483
f 484 533 485
f 485 533 486
f 486 533 534
f 486 534 535
f 486 535 487
f 487 535 536
f 487 536 537
f 487 537 488
f 488 537 495
f 489 538 494
f 489 494 490
f 489 498 538
f 490 494 491
f 492 494 493
f 493 494 500
f 494 539 540
f 494 540 541
f 494 541 500
f 494 538 539
f 495 537 496
f 496 542 497
f 496 537 543
f 496 543 542
f 497 542 498
f 498 544 538
f 498 542 544
f 499 506 504
f 500 545 501
f 500 541 546
f 500 546 545
f 501 545 502
f 502 545 503
f 503 545 547
f 503 547 548
f 503 548 511
f 503 510 549
f 503 549 507
f 503 507 504
f 507 549 508
f 508 549 509
f 509 549 510
f 511 548 512
f 512 546 550
f 512 550 551
f 512 551 552
f 512 552 553
f 512 553 514
f 512 548 547
f 512 547 545
f 512 545 546
f 514 553 515
f 515 553 552
f 515 552 554
f 515 554 555
f 515 555 517
f 515 517 520
f 515 520 516
f 517 555 556
f 517 556 522
f 522 556 557
f 522 557 524
f 522 524 558
f 522 558 523
f 523 558 524
f 524 557 556
f 524 556 527
f 524 527 525
f 525 527 530
f 525 530 526
f 527 556 559
f 527 559 528
f 528 559 535
f 528 535 534
f 528 534 533
f 528 533 529
f 529 533 531
f 535 559 560
f 535 560 536
f 536 560 537
f 537 560 561
f 537 561 543
f 538 544 562
f 538 562 539
f 539 551 563
f 539 563 540
f 539 562 551
f 540 563 541
f 541 563 546
f 542 543 544
f 543 555 554
f 543 554 552
f 543 552 544
f 543 561 555
f 544 552 562
f 546 563 550
f 550 563 551
f 551 562 552
f 555 561 560
f 555 560 556
f 556 560 559

o geometry_1
v 0.25445565 -0.03030053 0.07403201 0.54117647 0.42352941 0.64313725
v 0.25415413 -0.03030053 0.07403201 0.54117647 0.42352941 0.64313725
v 0.25445565 -0.03099879 0.07403201 0.54117647 0.42352941 0.64313725
v 0.26446307 -0.04544167 0.06817317 0.54117647 0.42352941 0.64313725
v 0.26774544 -0.03206455 0.06555190 0.54117647 0.42352941 0.64313725
v 0.26079139 0.02059868 0.06759797 0.54117647 0.42352941 0.64313725
v 0.25278012 0.02110400 0.06837038 0.54117647 0.42352941 0.64313725
v 0.25063130 0.02124181 0.06845256 0.54117647 0.42352941 0.64313725
v 0.24414289 -0.04607562 0.07091771 0.54117647 0.42352941 0.64313725
v 0.25415413 -0.03099879 0.07403201 0.54117647 0.42352941 0.64313725
v 0.24640620 -0.04665443 0.07096701 0.54117647 0.42352941 0.64313725
v 0.24958934 -0.04650743 0.07083554 0.54117647 0.42352941 0.64313725
v 0.25119999 -0.04641555 0.07076158 0.54117647 0.42352941 0.64313725
v 0.25915402 -0.04482610 0.06992343 0.54117647 0.42352941 0.64313725
v 0.26446307 -0.04702193 0.06817317 0.54117647 0.42352941 0.64313725
v 0.26823780 -0.03524345 0.06278271 0.54117647 0.42352941 0.64313725
v 0.26824925 -0.03206455 0.06278271 0.54117647 0.42352941 0.64313725
v 0.26846299 0.01578439 0.05960266 0.54117647 0.42352941 0.64313725
v 0.26767292 0.01578439 0.06184595 0.54117647 0.42352941 0.64313725
v 0.26766530 -0.02886727 0.06542042 0.54117647 0.42352941 0.64313725
v 0.26747064 -0.04482610 0.06482878 0.54117647 0.42352941 0.64313725
v 0.26818437 -0.04482610 0.06278271 0.54117647 0.42352941 0.64313725
v 0.26753552 0.01811804 0.06175556 0.54117647 0.42352941 0.64313725
v 0.26717676 0.04000286 0.05804140 0.54117647 0.42352941 0.64313725
v 0.25206639 0.04364114 0.05887134 0.54117647 0.42352941 0.64313725
v 0.24252079 0.01798022 0.06224859 0.54117647 0.42352941 0.64313725
v 0.24958934 0.04358602 0.05878095 0.54117647 0.42352941 0.64313725
v 0.24787182 0.04309908 0.05816466 0.54117647 0.42352941 0.64313725
v 0.24252079 0.03792647 0.05631580 0.54117647 0.42352941 0.64313725
v 0.24414289 -0.04659931 0.07091771 0.54117647 0.42352941 0.64313725
v 0.24252079 0.01575683 0.06238828 0.54117647 0.42352941 0.64313725
v 0.22960504 -0.01983587 0.01358651 0.54117647 0.42352941 0.64313725
v 0.24414289 -0.04718731 0.06968513 0.54117647 0.42352941 0.64313725
v 0.25915402 -0.04993440 0.06497669 0.54117647 0.42352941 0.64313725
v 0.26234861 -0.04891458 0.06646400 0.54117647 0.42352941 0.64313725
v 0.26234861 -0.04731594 0.06846077 0.54117647 0.42352941 0.64313725
v 0.26729506 -0.04680143 0.06464801 0.54117647 0.42352941 0.64313725
v 0.26419208 -0.04968633 0.06459049 0.54117647 0.42352941 0.64313725
v 0.26538671 -0.04796825 0.06568337 0.54117647 0.42352941 0.64313725
v 0.26859657 -0.03843154 0.05959445 0.54117647 0.42352941 0.64313725
v 0.26832559 0.04132587 0.05321792 0.54117647 0.42352941 0.64313725
v 0.26760804 0.04116968 0.05658696 0.54117647 0.42352941 0.64313725
v 0.26757751 -0.04711381 0.06278271 0.54117647 0.42352941 0.64313725
v 0.26755843 -0.04696681 0.06039151 0.54117647 0.42352941 0.64313725
v 0.26784468 -0.04488122 0.05943832 0.54117647 0.42352941 0.64313725
v 0.26840573 -0.04162882 0.05959445 0.54117647 0.42352941 0.64313725
v 0.26747446 0.04323689 0.05564199 0.54117647 0.42352941 0.64313725
v 0.26766147 0.04350333 0.05321792 0.54117647 0.42352941 0.64313725
v 0.24958934 0.04392595 0.05641440 0.54117647 0.42352941 0.64313725
v 0.24252079 0.04164744 0.05010362 0.54117647 0.42352941 0.64313725
v 0.24252079 0.04136262 0.05321792 0.54117647 0.42352941 0.64313725
v 0.24252079 0.04132587 0.05358770 0.54117647 0.42352941 0.64313725
v 0.23505530 0.02789362 0.01358651 0.54117647 0.42352941 0.64313725
v 0.22960504 -0.02591805 0.01358651 0.54117647 0.42352941 0.64313725
v 0.22960504 -0.01597709 0.00557477 0.54117647 0.42352941 0.64313725
v 0.24414289 -0.04738944 0.06915923 0.54117647 0.42352941 0.64313725
v 0.25668461 -0.04976902 0.06473018 0.54117647 0.42352941 0.64313725
v 0.25915402 -0.04993440 0.06391668 0.54117647 0.42352941 0.64313725
v 0.26234861 -0.04985171 0.06486987 0.54117647 0.42352941 0.64313725
v 0.26419208 -0.04968633 0.06413854 0.54117647 0.42352941 0.64313725
v 0.26777979 -0.03843154 0.05656231 0.54117647 0.42352941 0.64313725
v 0.26735232 0.01703390 0.04767133 0.54117647 0.42352941 0.64313725
v 0.26724927 0.03630945 0.04500075 0.54117647 0.42352941 0.64313725
v 0.26762331 0.03819290 0.04659488 0.54117647 0.42352941 0.64313725
v 0.26820344 0.03813778 0.05002966 0.54117647 0.42352941 0.64313725
v 0.26796680 0.04155556 0.04983245 0.54117647 0.42352941 0.64313725
v 0.26750499 0.04338389 0.05076099 0.54117647 0.42352941 0.64313725
v 0.26736759 -0.04386140 0.05763054 0.54117647 0.42352941 0.64313725
v 0.26554320 -0.04738944 0.05997244 0.54117647 0.42352941 0.64313725
v 0.23363930 -0.02570674 -0.00103183 0.54117647 0.42352941 0.64313725
v 0.23604383 -0.02454910 -0.00103183 0.54117647 0.42352941 0.64313725
v 0.23763922 -0.02353847 -0.00103183 0.54117647 0.42352941 0.64313725
v 0.23962390 -0.02193983 -0.00103183 0.54117647 0.42352941 0.64313725
v 0.24121547 -0.02046982 -0.00103183 0.54117647 0.42352941 0.64313725
v 0.24253224 -0.01888036 -0.00103183 0.54117647 0.42352941 0.64313725
v 0.24411617 -0.01654672 -0.00103183 0.54117647 0.42352941 0.64313725
v 0.24505127 -0.01495727 -0.00103183 0.54117647 0.42352941 0.64313725
v 0.26760041 -0.04162882 0.05707178 0.54117647 0.42352941 0.64313725
v 0.26647066 0.04338389 0.05076099 0.54117647 0.42352941 0.64313725
v 0.24783747 0.04303476 0.05104859 0.54117647 0.42352941 0.64313725
v 0.23505530 0.03118278 -0.00282318 0.54117647 0.42352941 0.64313725
v 0.23505530 0.03144003 -0.00102362 0.54117647 0.42352941 0.64313725
v 0.23505530 0.03123791 0.00216464 0.54117647 0.42352941 0.64313725
v 0.23505530 0.03064071 0.00536112 0.54117647 0.42352941 0.64313725
v 0.23505530 0.03020890 0.00702099 0.54117647 0.42352941 0.64313725
v 0.22960504 -0.02702975 0.00217286 0.54117647 0.42352941 0.64313725
v 0.22960504 -0.01427738 -0.00103183 0.54117647 0.42352941 0.64313725
v 0.24414289 -0.04753644 0.06597097 0.54117647 0.42352941 0.64313725
v 0.25668461 -0.04976902 0.06413854 0.54117647 0.42352941 0.64313725
v 0.22960504 -0.02688275 -0.00102362 0.54117647 0.42352941 0.64313725
v 0.26234861 -0.04985171 0.06391668 0.54117647 0.42352941 0.64313725
v 0.23044471 -0.02671737 -0.00103183 0.54117647 0.42352941 0.64313725
v 0.26739812 -0.03206455 0.05438476 0.54117647 0.42352941 0.64313725
v 0.24771915 0.00229702 -0.00403110 0.54117647 0.42352941 0.64313725
v 0.26394781 0.00461229 0.03886253 0.54117647 0.42352941 0.64313725
v 0.26724927 0.03717308 0.04500075 0.54117647 0.42352941 0.64313725
v 0.24766572 0.00622011 -0.00446661 0.54117647 0.42352941 0.64313725
v 0.26768055 0.04064599 0.04749877 0.54117647 0.42352941 0.64313725
v 0.24150173 0.02688299 -0.00560058 0.54117647 0.42352941 0.64313725
v 0.23551331 0.03026402 -0.00597857 0.54117647 0.42352941 0.64313725
v 0.23505530 0.03054884 -0.00554306 0.54117647 0.42352941 0.64313725
v 0.23505530 0.03095309 -0.00421188 0.54117647 0.42352941 0.64313725
v 0.24588713 -0.01291762 -0.00103183 0.54117647 0.42352941 0.64313725
v 0.24682604 -0.00972034 -0.00103183 0.54117647 0.42352941 0.64313725
v 0.24002466 0.00229702 -0.00965986 0.54117647 0.42352941 0.64313725
v 0.24266582 0.00229702 -0.00926544 0.54117647 0.42352941 0.64313725
v 0.24426503 0.00229702 -0.00883815 0.54117647 0.42352941 0.64313725
v 0.24608178 0.00229702 -0.00724402 0.54117647 0.42352941 0.64313725
v 0.22960504 -0.02386922 -0.00103183 0.54117647 0.42352941 0.64313725
v 0.23505530 0.03032833 -0.00608539 0.54117647 0.42352941 0.64313725
v 0.23505530 0.02747100 -0.00884637 0.54117647 0.42352941 0.64313725
v 0.23505530 0.02713106 -0.00909288 0.54117647 0.42352941 0.64313725
v 0.23505530 0.02528435 -0.00941335 0.54117647 0.42352941 0.64313725
v 0.23505530 0.02394296 -0.00960234 0.54117647 0.42352941 0.64313725
v 0.23505530 0.02216057 -0.00973382 0.54117647 0.42352941 0.64313725
v 0.23505530 0.02074568 -0.00981599 0.54117647 0.42352941 0.64313725
v 0.23505530 0.01754841 -0.00986529 0.54117647 0.42352941 0.64313725
v 0.23505530 0.01579358 -0.00988995 0.54117647 0.42352941 0.64313725
v 0.23505530 0.01259630 -0.00991459 0.54117647 0.42352941 0.64313725
v 0.25278393 -0.04858382 0.06278271 0.54117647 0.42352941 0.64313725
v 0.23505530 0.00798413 -0.00988173 0.54117647 0.42352941 0.64313725
v 0.23505530 0.00479604 -0.00985708 0.54117647 0.42352941 0.64313725
v 0.23505530 0.00229702 -0.00983243 0.54117647 0.42352941 0.64313725
v 0.23682626 0.00229702 -0.00981599 0.54117647 0.42352941 0.64313725
v 0.23755906 0.00229702 -0.00978312 0.54117647 0.42352941 0.64313725
v 0.24643673 0.00229702 -0.00655377 0.54117647 0.42352941 0.64313725
v 0.24751687 0.01259630 -0.00421188 0.54117647 0.42352941 0.64313725
v 0.24715428 0.01579358 -0.00421188 0.54117647 0.42352941 0.64313725
v 0.24582225 0.01579358 -0.00707145 0.54117647 0.42352941 0.64313725
v 0.24537569 0.01898167 -0.00659486 0.54117647 0.42352941 0.64313725
v 0.24608559 0.00302284 -0.00724402 0.54117647 0.42352941 0.64313725
v 0.24605506 0.00940821 -0.00722758 0.54117647 0.42352941 0.64313725
v 0.24601308 0.01259630 -0.00721115 0.54117647 0.42352941 0.64313725
v 0.24243301 0.02475147 -0.00662773 0.54117647 0.42352941 0.64313725
v 0.24499783 0.02103969 -0.00609361 0.54117647 0.42352941 0.64313725
v 0.23937200 0.02762718 -0.00649625 0.54117647 0.42352941 0.64313725
v 0.23654000 0.02840813 -0.00730154 0.54117647 0.42352941 0.64313725
v 0.23544461 0.02706674 -0.00906823 0.54117647 0.42352941 0.64313725
v 0.23682626 0.01259630 -0.00989816 0.54117647 0.42352941 0.64313725
v 0.24002466 0.01259630 -0.00972560 0.54117647 0.42352941 0.64313725
v 0.24002466 0.01579358 -0.00973382 0.54117647 0.42352941 0.64313725
v 0.24266964 0.00940821 -0.00928187 0.54117647 0.42352941 0.64313725
v 0.24265437 0.01259630 -0.00929009 0.54117647 0.42352941 0.64313725
v 0.24426503 0.00940821 -0.00882993 0.54117647 0.42352941 0.64313725
v 0.23663542 0.02519248 -0.00924900 0.54117647 0.42352941 0.64313725
v 0.23682626 0.02216057 -0.00965986 0.54117647 0.42352941 0.64313725
v 0.23682626 0.01898167 -0.00984064 0.54117647 0.42352941 0.64313725
v 0.23682626 0.01579358 -0.00989816 0.54117647 0.42352941 0.64313725
v 0.23682626 0.00302284 -0.00982421 0.54117647 0.42352941 0.64313725
v 0.24410091 0.01579358 -0.00866558 0.54117647 0.42352941 0.64313725
v 0.24361237 0.01898167 -0.00818899 0.54117647 0.42352941 0.64313725
v 0.24425357 0.01259630 -0.00881349 0.54117647 0.42352941 0.64313725
v 0.24084907 0.02275777 -0.00875598 0.54117647 0.42352941 0.64313725
v 0.24011626 0.02544973 -0.00762200 0.54117647 0.42352941 0.64313725
v 0.24310093 0.02189413 -0.00742479 0.54117647 0.42352941 0.64313725
v 0.23757051 0.02614798 -0.00862450 0.54117647 0.42352941 0.64313725
v 0.23872316 0.02401646 -0.00908466 0.54117647 0.42352941 0.64313725
v 0.24002466 0.01898167 -0.00955304 0.54117647 0.42352941 0.64313725
v 0.24251316 0.01579358 -0.00929009 0.54117647 0.42352941 0.64313725
v 0.23987581 0.02187576 -0.00919970 0.54117647 0.42352941 0.64313725
v 0.24201698 0.01898167 -0.00915040 0.54117647 0.42352941 0.64313725
v 0.24163913 0.02062625 -0.00901071 0.54117647 0.42352941 0.64313725
f 564 565 573
f 564 573 566
f 564 566 578
f 564 578 567
f 564 567 568
f 564 568 569
f 564 569 570
f 564 570 571
f 564 571 565
f 565 572 593
f 565 593 573
f 565 571 572
f 566 573 574
f 566 574 575
f 566 575 576
f 566 576 577
f 566 577 578
f 567 578 568
f 568 579 580
f 568 580 581
f 568 581 582
f 568 582 583
f 568 583 569
f 568 578 584
f 568 584 585
f 568 585 579
f 569 583 582
f 569 582 586
f 569 586 587
f 569 587 588
f 569 588 570
f 570 588 571
f 571 589 572
f 571 588 590
f 571 590 591
f 571 591 592
f 571 592 589
f 572 589 594
f 572 594 595
f 572 595 617
f 572 617 593
f 573 593 574
f 574 593 596
f 574 596 597
f 574 597 598
f 574 598 575
f 575 598 599
f 575 599 576
f 576 599 577
f 577 599 578
f 578 600 584
f 578 599 598
f 578 598 601
f 578 601 602
f 578 602 600
f 579 603 580
f 579 585 603
f 580 603 581
f 581 586 582
f 581 603 604
f 581 604 605
f 581 605 586
f 584 600 585
f 585 600 606
f 585 606 607
f 585 607 608
f 585 608 609
f 585 609 603
f 586 605 587
f 587 605 610
f 587 610 588
f 588 610 611
f 588 611 612
f 588 612 590
f 589 595 594
f 589 592 595
f 590 612 591
f 591 612 613
f 591 613 614
f 591 614 615
f 591 615 592
f 592 615 616
f 592 616 595
f 593 617 596
f 595 618 650
f 595 650 672
f 595 672 653
f 595 653 649
f 595 649 617
f 595 616 618
f 596 619 597
f 596 617 619
f 597 619 620
f 597 620 652
f 597 652 621
f 597 621 654
f 597 654 622
f 597 622 598
f 598 622 601
f 600 602 601
f 600 601 606
f 601 622 654
f 601 654 623
f 601 623 606
f 603 609 624
f 603 624 625
f 603 625 626
f 603 626 627
f 603 627 628
f 603 628 604
f 604 628 629
f 604 629 630
f 604 630 611
f 604 611 610
f 604 610 605
f 606 623 607
f 607 631 608
f 607 623 632
f 607 632 633
f 607 633 634
f 607 634 635
f 607 635 636
f 607 636 637
f 607 637 638
f 607 638 639
f 607 639 640
f 607 640 631
f 608 631 641
f 608 641 609
f 609 641 624
f 611 630 612
f 612 630 642
f 612 642 643
f 612 643 613
f 613 643 644
f 613 644 645
f 613 645 646
f 613 646 614
f 614 646 615
f 615 646 647
f 615 647 648
f 615 648 616
f 616 648 618
f 617 649 619
f 618 648 647
f 618 647 650
f 619 649 651
f 619 651 620
f 620 651 652
f 621 653 654
f 621 652 653
f 623 654 653
f 623 653 655
f 623 655 632
f 624 656 625
f 624 641 657
f 624 657 656
f 625 656 658
f 625 658 626
f 626 659 627
f 626 658 657
f 626 657 660
f 626 660 659
f 627 661 628
f 627 659 661
f 628 661 629
f 629 661 630
f 630 661 662
f 630 662 663
f 630 663 664
f 630 664 665
f 630 665 642
f 631 640 666
f 631 666 667
f 631 667 641
f 632 655 633
f 633 655 668
f 633 668 669
f 633 669 634
f 634 669 635
f 635 669 670
f 635 670 636
f 636 670 637
f 637 670 638
f 638 670 639
f 639 670 640
f 640 670 671
f 640 671 666
f 641 667 657
f 642 665 643
f 643 665 644
f 644 665 650
f 644 650 645
f 645 650 646
f 646 650 647
f 649 653 651
f 650 665 664
f 650 664 673
f 650 673 674
f 650 674 675
f 650 675 676
f 650 676 677
f 650 677 678
f 650 678 679
f 650 679 680
f 650 680 681
f 650 681 682
f 650 682 672
f 651 683 652
f 651 653 683
f 652 683 653
f 653 672 682
f 653 682 684
f 653 684 685
f 653 685 686
f 653 686 687
f 653 687 688
f 653 688 668
f 653 668 655
f 656 657 658
f 657 689 660
f 657 667 689
f 659 660 690
f 659 690 691
f 659 691 692
f 659 692 693
f 659 693 661
f 660 689 671
f 660 671 694
f 660 694 695
f 660 695 696
f 660 696 690
f 661 697 662
f 661 693 698
f 661 698 697
f 662 697 699
f 662 699 663
f 663 673 664
f 663 699 700
f 663 700 701
f 663 701 674
f 663 674 673
f 666 671 667
f 667 671 689
f 668 688 702
f 668 702 703
f 668 703 669
f 669 703 704
f 669 704 705
f 669 705 670
f 670 705 706
f 670 706 707
f 670 707 694
f 670 694 671
f 674 701 675
f 675 701 676
f 676 701 708
f 676 708 709
f 676 709 677
f 677 709 678
f 678 709 679
f 679 709 710
f 679 710 711
f 679 711 680
f 680 711 681
f 681 711 682
f 682 711 702
f 682 702 684
f 684 702 712
f 684 712 685
f 685 712 686
f 686 712 687
f 687 712 688
f 688 712 702
f 690 696 692
f 690 692 691
f 692 696 713
f 692 713 693
f 693 713 714
f 693 714 698
f 694 707 695
f 695 707 715
f 695 715 696
f 696 715 713
f 697 716 717
f 697 717 699
f 697 698 718
f 697 718 716
f 698 714 718
f 699 717 719
f 699 719 701
f 699 701 700
f 701 719 720
f 701 720 708
f 702 711 704
f 702 704 703
f 704 711 710
f 704 710 721
f 704 721 722
f 704 722 706
f 704 706 705
f 706 722 715
f 706 715 707
f 708 720 709
f 709 720 723
f 709 723 721
f 709 721 710
f 713 715 722
f 713 722 724
f 713 724 725
f 713 725 714
f 714 725 718
f 716 720 719
f 716 719 717
f 716 718 725
f 716 725 720
f 720 725 723
f 721 723 725
f 721 725 724
f 721 724 722

o geometry_2
v 0.14185985 0.01956267 0.05960229 0.43529412 0.89019608 0.96078431
v 0.14173329 0.01956267 0.05641258 0.43529412 0.89019608 0.96078431
v 0.14133128 0.01956267 0.06279200 0.43529412 0.89019608 0.96078431
v 0.16752896 0.00284067 0.06033106 0.43529412 0.89019608 0.96078431
v 0.16752896 0.00284067 0.05419457 0.43529412 0.89019608 0.96078431
v 0.14157696 0.01956267 0.05582639 0.43529412 0.89019608 0.96078431
v 0.14046771 0.01956267 0.06575990 0.43529412 0.89019608 0.96078431
v 0.14782301 0.01324041 0.06906051 0.43529412 0.89019608 0.96078431
v 0.14782301 0.01187510 0.07117290 0.43529412 0.89019608 0.96078431
v 0.15933986 -0.00119992 0.07108841 0.43529412 0.89019608 0.96078431
v 0.16752896 -0.00049266 0.06162490 0.43529412 0.89019608 0.96078431
v 0.14002847 0.01956267 0.06672632 0.43529412 0.89019608 0.96078431
v 0.14058682 0.01956267 0.05319647 0.43529412 0.89019608 0.96078431
v 0.16752896 0.00210881 0.05416817 0.43529412 0.89019608 0.96078431
v 0.16388109 -0.02070790 0.02426201 0.43529412 0.89019608 0.96078431
v 0.11520061 0.01584189 0.02426201 0.43529412 0.89019608 0.96078431
v 0.13378987 0.01134620 0.07492240 0.43529412 0.89019608 0.96078431
v 0.14782301 0.01169675 0.07129965 0.43529412 0.89019608 0.96078431
v 0.16388109 -0.03899202 0.07466891 0.43529412 0.89019608 0.96078431
v 0.16388109 -0.01916423 0.07141583 0.43529412 0.89019608 0.96078431
v 0.16388109 -0.04059103 0.07466891 0.43529412 0.89019608 0.96078431
v 0.16752896 -0.00239303 0.06129748 0.43529412 0.89019608 0.96078431
v 0.13895644 0.01956267 0.06672632 0.43529412 0.89019608 0.96078431
v 0.10463667 0.01200425 0.07738861 0.43529412 0.89019608 0.96078431
v 0.13780997 0.01956267 0.05324928 0.43529412 0.89019608 0.96078431
v 0.10232884 0.01584189 0.02426201 0.43529412 0.89019608 0.96078431
v 0.16752896 -0.00016671 0.05416289 0.43529412 0.89019608 0.96078431
v 0.16388109 -0.02621220 0.02426201 0.43529412 0.89019608 0.96078431
v 0.11534950 -0.01861073 0.02425673 0.43529412 0.89019608 0.96078431
v 0.12050119 -0.00136597 0.07727243 0.43529412 0.89019608 0.96078431
v 0.13393876 0.00941508 0.07506498 0.43529412 0.89019608 0.96078431
v 0.12053097 -0.00771898 0.07731996 0.43529412 0.89019608 0.96078431
v 0.16388109 -0.04092313 0.07236640 0.43529412 0.89019608 0.96078431
v 0.16752896 -0.00552341 0.05607460 0.43529412 0.89019608 0.96078431
v 0.16752896 -0.00532046 0.05652876 0.43529412 0.89019608 0.96078431
v 0.16752896 -0.00447175 0.05835070 0.43529412 0.89019608 0.96078431
v 0.12053097 -0.00837089 0.07731996 0.43529412 0.89019608 0.96078431
v 0.10279785 -0.02148281 0.07820716 0.43529412 0.89019608 0.96078431
v 0.16021832 -0.04062178 0.07479565 0.43529412 0.89019608 0.96078431
v 0.15702457 -0.04100309 0.07480621 0.43529412 0.89019608 0.96078431
v 0.15549098 -0.04326630 0.07100919 0.43529412 0.89019608 0.96078431
v 0.13868099 0.01956267 0.06636194 0.43529412 0.89019608 0.96078431
v 0.09960410 0.01584189 0.04989058 0.43529412 0.89019608 0.96078431
v 0.10045279 0.01584189 0.05088868 0.43529412 0.89019608 0.96078431
v 0.10244795 0.01584189 0.05322287 0.43529412 0.89019608 0.96078431
v 0.10429422 0.01200425 0.07738861 0.43529412 0.89019608 0.96078431
v 0.10279785 -0.01967469 0.07820716 0.43529412 0.89019608 0.96078431
v 0.13761641 0.01956267 0.05379322 0.43529412 0.89019608 0.96078431
v 0.10227672 0.01567584 0.02426201 0.43529412 0.89019608 0.96078431
v 0.10104091 0.01450732 0.02573012 0.43529412 0.89019608 0.96078431
v 0.10222461 0.01584189 0.02460000 0.43529412 0.89019608 0.96078431
v 0.13676028 0.01956267 0.05638089 0.43529412 0.89019608 0.96078431
v 0.16752896 -0.00335859 0.05417345 0.43529412 0.89019608 0.96078431
v 0.16752896 -0.00552341 0.05451671 0.43529412 0.89019608 0.96078431
v 0.16388109 -0.03855536 0.06282368 0.43529412 0.89019608 0.96078431
v 0.15903463 -0.03394282 0.04117169 0.43529412 0.89019608 0.96078431
v 0.15910908 -0.03075094 0.03169234 0.43529412 0.89019608 0.96078431
v 0.15991309 -0.02769436 0.02426201 0.43529412 0.89019608 0.96078431
v 0.11848370 -0.01973619 0.02426201 0.43529412 0.89019608 0.96078431
v 0.11675654 -0.02121835 0.02848151 0.43529412 0.89019608 0.96078431
v 0.11991307 -0.04032043 0.07325889 0.43529412 0.89019608 0.96078431
v 0.10120470 -0.01771897 0.05160161 0.43529412 0.89019608 0.96078431
v 0.10408577 -0.01485305 0.03799783 0.43529412 0.89019608 0.96078431
v 0.10719763 -0.01187642 0.02896736 0.43529412 0.89019608 0.96078431
v 0.10727952 -0.00842009 0.02546607 0.43529412 0.89019608 0.96078431
v 0.10694451 -0.00661812 0.02426201 0.43529412 0.89019608 0.96078431
v 0.10270851 0.00386158 0.02426201 0.43529412 0.89019608 0.96078431
v 0.15784348 -0.02781737 0.02426201 0.43529412 0.89019608 0.96078431
v 0.13148947 -0.02396743 0.02426201 0.43529412 0.89019608 0.96078431
v 0.16388109 -0.04041268 0.06957805 0.43529412 0.89019608 0.96078431
v 0.15549098 -0.04326630 0.06994244 0.43529412 0.89019608 0.96078431
v 0.09151922 0.00622320 0.07743086 0.43529412 0.89019608 0.96078431
v 0.10043045 -0.02124295 0.07799064 0.43529412 0.89019608 0.96078431
v 0.11881126 -0.03837086 0.07536600 0.43529412 0.89019608 0.96078431
v 0.12187845 -0.03846926 0.07543993 0.43529412 0.89019608 0.96078431
v 0.14744333 -0.04098463 0.07495408 0.43529412 0.89019608 0.96078431
v 0.15407650 -0.04114454 0.07470588 0.43529412 0.89019608 0.96078431
v 0.15407650 -0.04239915 0.07253540 0.43529412 0.89019608 0.96078431
v 0.15535698 -0.04326630 0.07100919 0.43529412 0.89019608 0.96078431
v 0.13847254 0.01956267 0.06576519 0.43529412 0.89019608 0.96078431
v 0.13777275 0.01956267 0.06358414 0.43529412 0.89019608 0.96078431
v 0.09880008 0.01584189 0.04685402 0.43529412 0.89019608 0.96078431
v 0.09156389 0.00787141 0.07734636 0.43529412 0.89019608 0.96078431
v 0.10110792 0.00450733 0.02578293 0.43529412 0.89019608 0.96078431
v 0.10104091 0.01399072 0.02573012 0.43529412 0.89019608 0.96078431
v 0.09786950 0.00503009 0.04115585 0.43529412 0.89019608 0.96078431
v 0.09467575 0.00530069 0.05737372 0.43529412 0.89019608 0.96078431
v 0.09152667 0.00509159 0.07352294 0.43529412 0.89019608 0.96078431
v 0.10072824 0.01493168 0.02770521 0.43529412 0.89019608 0.96078431
v 0.10129403 0.01584189 0.02770521 0.43529412 0.89019608 0.96078431
v 0.13671561 0.01956267 0.05738956 0.43529412 0.89019608 0.96078431
v 0.09943287 0.01584189 0.03733242 0.43529412 0.89019608 0.96078431
v 0.09920953 0.01584189 0.04051157 0.43529412 0.89019608 0.96078431
v 0.15702457 -0.04195635 0.06598699 0.43529412 0.89019608 0.96078431
v 0.15888573 -0.03701170 0.05100486 0.43529412 0.89019608 0.96078431
v 0.15801471 -0.03394282 0.04117169 0.43529412 0.89019608 0.96078431
v 0.15811149 -0.03075094 0.03169234 0.43529412 0.89019608 0.96078431
v 0.11991307 -0.04032043 0.07475869 0.43529412 0.89019608 0.96078431
v 0.10002844 -0.02145206 0.07556139 0.43529412 0.89019608 0.96078431
v 0.10014011 -0.02145206 0.07237168 0.43529412 0.89019608 0.96078431
v 0.10043045 -0.02131061 0.06918198 0.43529412 0.89019608 0.96078431
v 0.10084735 -0.02108305 0.06598699 0.43529412 0.89019608 0.96078431
v 0.10112281 -0.02092930 0.06417033 0.43529412 0.89019608 0.96078431
v 0.13276251 -0.03699940 0.05761664 0.43529412 0.89019608 0.96078431
v 0.13256150 -0.04021588 0.06699037 0.43529412 0.89019608 0.96078431
v 0.15535698 -0.04326630 0.06994244 0.43529412 0.89019608 0.96078431
v 0.10101858 -0.01794652 0.05322287 0.43529412 0.89019608 0.96078431
v 0.09413974 -0.00931799 0.06598699 0.43529412 0.89019608 0.96078431
v 0.09453430 -0.00865379 0.06279200 0.43529412 0.89019608 0.96078431
v 0.09476509 -0.00825403 0.06093309 0.43529412 0.89019608 0.96078431
v 0.09791417 -0.00523436 0.04482084 0.43529412 0.89019608 0.96078431
v 0.10105580 -0.00515441 0.03532565 0.43529412 0.89019608 0.96078431
v 0.10407088 -0.00553571 0.02876140 0.43529412 0.89019608 0.96078431
v 0.09147456 0.00618015 0.07570398 0.43529412 0.89019608 0.96078431
v 0.09148945 0.00447658 0.07556139 0.43529412 0.89019608 0.96078431
v 0.09154156 0.00454423 0.07732524 0.43529412 0.89019608 0.96078431
v 0.09442263 -0.00913964 0.07436790 0.43529412 0.89019608 0.96078431
v 0.09411740 -0.01001910 0.07258821 0.43529412 0.89019608 0.96078431
v 0.13148947 -0.04062793 0.07503858 0.43529412 0.89019608 0.96078431
v 0.13712506 0.01956267 0.06048949 0.43529412 0.89019608 0.96078431
v 0.09156389 0.00787141 0.07685523 0.43529412 0.89019608 0.96078431
v 0.09786950 0.00442738 0.04115585 0.43529412 0.89019608 0.96078431
v 0.09467575 0.00434743 0.05737372 0.43529412 0.89019608 0.96078431
v 0.09152667 0.00450733 0.07352294 0.43529412 0.89019608 0.96078431
v 0.09942543 0.01579269 0.03727961 0.43529412 0.89019608 0.96078431
v 0.15516342 -0.04022818 0.06076939 0.43529412 0.89019608 0.96078431
v 0.09469808 -0.01139671 0.07166932 0.43529412 0.89019608 0.96078431
v 0.09877030 -0.01931184 0.07237168 0.43529412 0.89019608 0.96078431
v 0.09905320 -0.01931184 0.06918198 0.43529412 0.89019608 0.96078431
v 0.10066868 -0.01838318 0.05641258 0.43529412 0.89019608 0.96078431
v 0.09400573 -0.01001295 0.06916613 0.43529412 0.89019608 0.96078431
v 0.09469808 -0.01139671 0.07022233 0.43529412 0.89019608 0.96078431
f 726 727 731
f 726 731 738
f 726 738 750
f 726 750 773
f 726 773 777
f 726 777 816
f 726 816 845
f 726 845 806
f 726 806 805
f 726 805 767
f 726 767 748
f 726 748 737
f 726 737 732
f 726 732 728
f 726 728 729
f 726 729 730
f 726 730 727
f 727 730 731
f 728 732 729
f 729 733 734
f 729 734 735
f 729 735 736
f 729 736 747
f 729 747 761
f 729 761 760
f 729 760 759
f 729 759 779
f 729 779 778
f 729 778 752
f 729 752 739
f 729 739 730
f 729 732 737
f 729 737 733
f 730 738 731
f 730 739 740
f 730 740 741
f 730 741 738
f 733 737 734
f 734 737 742
f 734 742 743
f 734 743 735
f 735 744 745
f 735 745 736
f 735 743 742
f 735 742 744
f 736 745 744
f 736 744 746
f 736 746 747
f 737 748 771
f 737 771 749
f 737 749 742
f 738 741 751
f 738 751 750
f 739 752 740
f 740 752 753
f 740 753 754
f 740 754 741
f 741 754 751
f 742 755 756
f 742 756 744
f 742 749 755
f 744 756 755
f 744 755 757
f 744 757 762
f 744 762 746
f 746 758 759
f 746 759 760
f 746 760 761
f 746 761 747
f 746 762 763
f 746 763 764
f 746 764 765
f 746 765 766
f 746 766 758
f 748 767 768
f 748 768 769
f 748 769 770
f 748 770 771
f 749 771 772
f 749 772 755
f 750 751 773
f 751 774 775
f 751 775 776
f 751 776 777
f 751 777 773
f 751 754 774
f 752 778 753
f 753 778 779
f 753 779 780
f 753 780 781
f 753 781 782
f 753 782 783
f 753 783 754
f 754 784 785
f 754 785 786
f 754 786 787
f 754 787 788
f 754 788 789
f 754 789 790
f 754 790 791
f 754 791 792
f 754 792 774
f 754 783 793
f 754 793 794
f 754 794 784
f 755 772 757
f 757 772 763
f 757 763 762
f 758 795 779
f 758 779 759
f 758 766 796
f 758 796 795
f 763 772 797
f 763 797 798
f 763 798 799
f 763 799 800
f 763 800 801
f 763 801 765
f 763 765 764
f 765 802 766
f 765 801 802
f 766 802 803
f 766 803 804
f 766 804 831
f 766 831 796
f 767 805 768
f 768 805 806
f 768 806 807
f 768 807 808
f 768 808 771
f 768 771 769
f 769 771 770
f 771 808 797
f 771 797 772
f 774 809 810
f 774 810 775
f 774 792 809
f 775 810 847
f 775 847 811
f 775 811 812
f 775 812 813
f 775 813 814
f 775 814 815
f 775 815 776
f 776 815 777
f 777 815 817
f 777 817 818
f 777 818 807
f 777 807 816
f 779 795 780
f 780 795 819
f 780 819 820
f 780 820 781
f 781 820 819
f 781 819 796
f 781 796 831
f 781 831 821
f 781 821 822
f 781 822 782
f 782 822 793
f 782 793 783
f 784 794 785
f 785 794 786
f 786 823 824
f 786 824 825
f 786 825 826
f 786 826 827
f 786 827 828
f 786 828 787
f 786 794 829
f 786 829 830
f 786 830 831
f 786 831 804
f 786 804 823
f 787 828 832
f 787 832 833
f 787 833 834
f 787 834 835
f 787 835 836
f 787 836 788
f 788 836 837
f 788 837 838
f 788 838 789
f 789 791 790
f 789 838 791
f 791 838 809
f 791 809 792
f 793 822 794
f 794 822 829
f 795 796 819
f 797 808 839
f 797 839 840
f 797 840 841
f 797 841 798
f 798 841 842
f 798 842 843
f 798 843 824
f 798 824 823
f 798 823 799
f 799 823 800
f 800 844 801
f 800 823 844
f 801 844 804
f 801 804 803
f 801 803 802
f 804 844 823
f 806 845 807
f 807 845 816
f 807 818 846
f 807 846 808
f 808 846 839
f 809 838 837
f 809 837 836
f 809 836 835
f 809 835 847
f 809 847 810
f 811 847 848
f 811 848 812
f 812 848 849
f 812 849 813
f 813 849 839
f 813 839 846
f 813 846 814
f 814 846 850
f 814 850 817
f 814 817 815
f 817 850 846
f 817 846 818
f 821 831 851
f 821 851 830
f 821 830 822
f 822 830 829
f 824 843 852
f 824 852 853
f 824 853 825
f 825 853 854
f 825 854 826
f 826 854 855
f 826 855 827
f 827 855 828
f 828 855 832
f 830 851 831
f 832 855 833
f 833 855 854
f 833 854 856
f 833 856 849
f 833 849 834
f 834 849 835
f 835 849 848
f 835 848 847
f 839 849 840
f 840 856 843
f 840 843 841
f 840 849 856
f 841 843 842
f 843 856 852
f 852 857 853
f 852 856 857
f 853 857 856
f 853 856 854

o geometry_3
v 0.22367385 0.03345393 -0.00271641 0.38039216 0.78823529 0.52549020
v 0.22405129 0.03344771 -0.00271641 0.38039216 0.78823529 0.52549020
v 0.22405129 0.03343528 -0.00294393 0.38039216 0.78823529 0.52549020
v 0.20809975 0.03342906 -0.00289709 0.38039216 0.78823529 0.52549020
v 0.20462061 0.03343528 -0.00271641 0.38039216 0.78823529 0.52549020
v 0.09801448 0.01388273 0.01358138 0.38039216 0.78823529 0.52549020
v 0.11362138 0.01388273 0.01358138 0.38039216 0.78823529 0.52549020
v 0.22592215 0.03341663 -0.00271641 0.38039216 0.78823529 0.52549020
v 0.22405129 0.03288818 -0.00453992 0.38039216 0.78823529 0.52549020
v 0.22605344 0.03340419 -0.00284021 0.38039216 0.78823529 0.52549020
v 0.20491601 0.03342284 -0.00288371 0.38039216 0.78823529 0.52549020
v 0.20171586 0.03342906 -0.00271641 0.38039216 0.78823529 0.52549020
v 0.09614362 0.01388273 0.01306277 0.38039216 0.78823529 0.52549020
v 0.08038901 0.01078043 0.01291890 0.38039216 0.78823529 0.52549020
v 0.08038901 0.01075556 0.01294901 0.38039216 0.78823529 0.52549020
v 0.08038901 0.01010899 0.01358138 0.38039216 0.78823529 0.52549020
v 0.11411371 -0.01498293 0.02425475 0.38039216 0.78823529 0.52549020
v 0.19096662 0.03337933 -0.00271641 0.38039216 0.78823529 0.52549020
v 0.18888243 0.03335446 -0.00271641 0.38039216 0.78823529 0.52549020
v 0.13423365 -0.01498293 0.02425475 0.38039216 0.78823529 0.52549020
v 0.22403488 -0.01801062 0.02425475 0.38039216 0.78823529 0.52549020
v 0.22606986 0.03341041 -0.00271641 0.38039216 0.78823529 0.52549020
v 0.22716939 0.03288196 -0.00403134 0.38039216 0.78823529 0.52549020
v 0.22723503 0.03124688 -0.00695564 0.38039216 0.78823529 0.52549020
v 0.22405129 0.03129662 -0.00693557 0.38039216 0.78823529 0.52549020
v 0.21766740 0.03285088 -0.00451984 0.38039216 0.78823529 0.52549020
v 0.20171586 0.03341663 -0.00285694 0.38039216 0.78823529 0.52549020
v 0.22618473 0.03339176 -0.00271641 0.38039216 0.78823529 0.52549020
v 0.23043518 0.03250894 -0.00271641 0.38039216 0.78823529 0.52549020
v 0.23043518 0.03227891 -0.00421871 0.38039216 0.78823529 0.52549020
v 0.09581540 0.01388273 0.01294232 0.38039216 0.78823529 0.52549020
v 0.08038901 0.01150161 0.01134968 0.38039216 0.78823529 0.52549020
v 0.08038901 -0.00850479 0.01358138 0.38039216 0.78823529 0.52549020
v 0.11424500 -0.01657449 0.02425475 0.38039216 0.78823529 0.52549020
v 0.20809975 0.03278871 -0.00448973 0.38039216 0.78823529 0.52549020
v 0.20491601 0.03276384 -0.00447969 0.38039216 0.78823529 0.52549020
v 0.20171586 0.03273897 -0.00445292 0.38039216 0.78823529 0.52549020
v 0.19853212 0.03270789 -0.00441277 0.38039216 0.78823529 0.52549020
v 0.19533197 0.03267058 -0.00437262 0.38039216 0.78823529 0.52549020
v 0.19214822 0.03262085 -0.00432912 0.38039216 0.78823529 0.52549020
v 0.18888243 0.03254624 -0.00425886 0.38039216 0.78823529 0.52549020
v 0.09450251 0.01388273 0.00365750 0.38039216 0.78823529 0.52549020
v 0.09199162 0.01388273 0.00624386 0.38039216 0.78823529 0.52549020
v 0.09077721 0.01388273 0.00784988 0.38039216 0.78823529 0.52549020
v 0.09066233 0.01388273 0.00858932 0.38039216 0.78823529 0.52549020
v 0.09066233 0.01388273 0.00893061 0.38039216 0.78823529 0.52549020
v 0.09113825 0.01388273 0.01057343 0.38039216 0.78823529 0.52549020
v 0.09204085 0.01388273 0.01113220 0.38039216 0.78823529 0.52549020
v 0.09415788 0.01388273 0.01215938 0.38039216 0.78823529 0.52549020
v 0.22772737 -0.01903022 0.02425475 0.38039216 0.78823529 0.52549020
v 0.23361893 0.03170073 -0.00271641 0.38039216 0.78823529 0.52549020
v 0.23043518 0.03098577 -0.00687200 0.38039216 0.78823529 0.52549020
v 0.22723503 0.02913931 -0.00854829 0.38039216 0.78823529 0.52549020
v 0.23043518 0.02917040 -0.00846798 0.38039216 0.78823529 0.52549020
v 0.22085114 0.03127797 -0.00691550 0.38039216 0.78823529 0.52549020
v 0.23361893 0.03145826 -0.00421871 0.38039216 0.78823529 0.52549020
v 0.23504669 0.03055679 -0.00555372 0.38039216 0.78823529 0.52549020
v 0.23361893 0.03055679 -0.00642365 0.38039216 0.78823529 0.52549020
v 0.08038901 0.01150782 0.01132291 0.38039216 0.78823529 0.52549020
v 0.08038901 -0.00920110 0.01173111 0.38039216 0.78823529 0.52549020
v 0.11536095 -0.01860124 0.02425475 0.38039216 0.78823529 0.52549020
v 0.21448365 0.03123445 -0.00686196 0.38039216 0.78823529 0.52549020
v 0.20491601 0.03116606 -0.00673482 0.38039216 0.78823529 0.52549020
v 0.20171586 0.03114119 -0.00668463 0.38039216 0.78823529 0.52549020
v 0.19853212 0.03111633 -0.00662775 0.38039216 0.78823529 0.52549020
v 0.19533197 0.03107903 -0.00656752 0.38039216 0.78823529 0.52549020
v 0.19214822 0.03101686 -0.00649726 0.38039216 0.78823529 0.52549020
v 0.18894807 0.03253381 -0.00428563 0.38039216 0.78823529 0.52549020
v 0.18888243 0.03252759 -0.00428563 0.38039216 0.78823529 0.52549020
v 0.08106186 0.00790195 0.00369764 0.38039216 0.78823529 0.52549020
v 0.08038901 0.00890289 0.00474825 0.38039216 0.78823529 0.52549020
v 0.08038901 0.00946864 0.00529363 0.38039216 0.78823529 0.52549020
v 0.08038901 0.00995978 0.00581893 0.38039216 0.78823529 0.52549020
v 0.08117674 0.01104776 0.00687958 0.38039216 0.78823529 0.52549020
v 0.08038901 0.01137105 0.00800714 0.38039216 0.78823529 0.52549020
v 0.08038901 0.01142700 0.00816440 0.38039216 0.78823529 0.52549020
v 0.08038901 0.01145809 0.00825474 0.38039216 0.78823529 0.52549020
v 0.18888243 0.03096712 -0.00638350 0.38039216 0.78823529 0.52549020
v 0.09642260 0.01388273 0.00303851 0.38039216 0.78823529 0.52549020
v 0.23028749 -0.02021767 0.02425475 0.38039216 0.78823529 0.52549020
v 0.23504669 0.03119715 -0.00271641 0.38039216 0.78823529 0.52549020
v 0.23437383 0.03143961 -0.00271641 0.38039216 0.78823529 0.52549020
v 0.23361893 0.02895902 -0.00801963 0.38039216 0.78823529 0.52549020
v 0.22405129 0.02751045 -0.00920742 0.38039216 0.78823529 0.52549020
v 0.22405129 0.02910201 -0.00853156 0.38039216 0.78823529 0.52549020
v 0.21766740 0.03125310 -0.00689207 0.38039216 0.78823529 0.52549020
v 0.23043518 0.02757262 -0.00923754 0.38039216 0.78823529 0.52549020
v 0.23504669 0.02747937 -0.00884607 0.38039216 0.78823529 0.52549020
v 0.23504669 0.02713743 -0.00909366 0.38039216 0.78823529 0.52549020
v 0.23361893 0.02736124 -0.00917396 0.38039216 0.78823529 0.52549020
v 0.23504669 0.03096090 -0.00421871 0.38039216 0.78823529 0.52549020
v 0.23504669 0.03033298 -0.00608906 0.38039216 0.78823529 0.52549020
v 0.24783089 0.00230662 -0.00327852 0.38039216 0.78823529 0.52549020
v 0.24769961 0.00230662 -0.00403804 0.38039216 0.78823529 0.52549020
v 0.08038901 -0.00930679 0.00853914 0.38039216 0.78823529 0.52549020
v 0.11879086 -0.02217603 0.00535720 0.38039216 0.78823529 0.52549020
v 0.12195819 -0.02318941 0.00535720 0.38039216 0.78823529 0.52549020
v 0.13152583 -0.02397275 0.02425475 0.38039216 0.78823529 0.52549020
v 0.11851187 -0.01972652 0.02425475 0.38039216 0.78823529 0.52549020
v 0.22085114 0.02905849 -0.00851148 0.38039216 0.78823529 0.52549020
v 0.20809975 0.03118471 -0.00678166 0.38039216 0.78823529 0.52549020
v 0.21766740 0.02899010 -0.00848806 0.38039216 0.78823529 0.52549020
v 0.21448365 0.02887820 -0.00845795 0.38039216 0.78823529 0.52549020
v 0.18888243 0.03093603 -0.00642030 0.38039216 0.78823529 0.52549020
v 0.09962276 0.01388273 0.00223550 0.38039216 0.78823529 0.52549020
v 0.08038901 0.00688235 0.00339986 0.38039216 0.78823529 0.52549020
v 0.23309378 -0.02152946 0.02425475 0.38039216 0.78823529 0.52549020
v 0.23504669 0.03118471 -0.00283352 0.38039216 0.78823529 0.52549020
v 0.24804424 0.00230662 -0.00104012 0.38039216 0.78823529 0.52549020
v 0.23043518 0.02536558 -0.00958216 0.38039216 0.78823529 0.52549020
v 0.22085114 0.02746693 -0.00918735 0.38039216 0.78823529 0.52549020
v 0.23361893 0.02536558 -0.00955874 0.38039216 0.78823529 0.52549020
v 0.24607491 0.00230662 -0.00725008 0.38039216 0.78823529 0.52549020
v 0.24466356 0.00230662 -0.00848136 0.38039216 0.78823529 0.52549020
v 0.24423687 0.00230662 -0.00884607 0.38039216 0.78823529 0.52549020
v 0.23504669 0.02529097 -0.00941487 0.38039216 0.78823529 0.52549020
v 0.24801141 0.00230662 -0.00168253 0.38039216 0.78823529 0.52549020
v 0.24797859 0.00163518 -0.00234167 0.38039216 0.78823529 0.52549020
v 0.24761755 -0.00015532 -0.00421871 0.38039216 0.78823529 0.52549020
v 0.08038901 -0.00854209 0.00633086 0.38039216 0.78823529 0.52549020
v 0.11646049 -0.02115644 0.00326268 0.38039216 0.78823529 0.52549020
v 0.12606095 -0.02429604 0.00309873 0.38039216 0.78823529 0.52549020
v 0.12450190 -0.02387328 0.00535720 0.38039216 0.78823529 0.52549020
v 0.12609377 -0.02427117 0.00535720 0.38039216 0.78823529 0.52549020
v 0.12834208 -0.02479340 0.00535720 0.38039216 0.78823529 0.52549020
v 0.13154224 -0.02539645 0.00535720 0.38039216 0.78823529 0.52549020
v 0.15784914 -0.02782109 0.02425475 0.38039216 0.78823529 0.52549020
v 0.21766740 0.02739233 -0.00915723 0.38039216 0.78823529 0.52549020
v 0.21448365 0.02728664 -0.00911374 0.38039216 0.78823529 0.52549020
v 0.21128350 0.02872899 -0.00841780 0.38039216 0.78823529 0.52549020
v 0.20491601 0.02855491 -0.00822708 0.38039216 0.78823529 0.52549020
v 0.19214822 0.02855491 -0.00766497 0.38039216 0.78823529 0.52549020
v 0.18888243 0.02859843 -0.00749433 0.38039216 0.78823529 0.52549020
v 0.10280650 0.01388273 0.00155628 0.38039216 0.78823529 0.52549020
v 0.08038901 0.00650933 0.00327941 0.38039216 0.78823529 0.52549020
v 0.23309378 -0.02989136 0.02425475 0.38039216 0.78823529 0.52549020
v 0.24794577 0.00009958 -0.00104012 0.38039216 0.78823529 0.52549020
v 0.22405129 0.02536558 -0.00946840 0.38039216 0.78823529 0.52549020
v 0.23361893 0.02217624 -0.00979965 0.38039216 0.78823529 0.52549020
v 0.23504669 0.02394810 -0.00960558 0.38039216 0.78823529 0.52549020
v 0.24605851 -0.00015532 -0.00725343 0.38039216 0.78823529 0.52549020
v 0.24423687 -0.00015532 -0.00884941 0.38039216 0.78823529 0.52549020
v 0.24302246 0.00230662 -0.00917062 0.38039216 0.78823529 0.52549020
v 0.24792936 -0.00006207 -0.00117730 0.38039216 0.78823529 0.52549020
v 0.24773243 -0.00311463 -0.00104012 0.38039216 0.78823529 0.52549020
v 0.24771602 -0.00334466 -0.00104012 0.38039216 0.78823529 0.52549020
v 0.24748627 -0.00334466 -0.00421871 0.38039216 0.78823529 0.52549020
v 0.24600927 -0.00334466 -0.00722331 0.38039216 0.78823529 0.52549020
v 0.08038901 -0.00693810 0.00473487 0.38039216 0.78823529 0.52549020
v 0.12021862 -0.02095750 0.00051906 0.38039216 0.78823529 0.52549020
v 0.12722613 -0.02389815 0.00096741 0.38039216 0.78823529 0.52549020
v 0.12830926 -0.02459446 0.00208828 0.38039216 0.78823529 0.52549020
v 0.13154224 -0.02529076 0.00216858 0.38039216 0.78823529 0.52549020
v 0.13470957 -0.02585651 0.00535720 0.38039216 0.78823529 0.52549020
v 0.13470957 -0.02575704 0.00216858 0.38039216 0.78823529 0.52549020
v 0.23040237 -0.03005922 0.02425475 0.38039216 0.78823529 0.52549020
v 0.14844561 -0.02732995 0.00394859 0.38039216 0.78823529 0.52549020
v 0.14844561 -0.02732995 0.00309539 0.38039216 0.78823529 0.52549020
v 0.15386126 -0.02760350 0.00216858 0.38039216 0.78823529 0.52549020
v 0.15704500 -0.02770919 0.00216858 0.38039216 0.78823529 0.52549020
v 0.21128350 0.02713743 -0.00906020 0.38039216 0.78823529 0.52549020
v 0.22085114 0.02536558 -0.00940817 0.38039216 0.78823529 0.52549020
v 0.18894807 0.02855491 -0.00751441 0.38039216 0.78823529 0.52549020
v 0.20937982 0.02701309 -0.00902005 0.38039216 0.78823529 0.52549020
v 0.18888243 0.02855491 -0.00751106 0.38039216 0.78823529 0.52549020
v 0.10599024 0.01388273 0.00109120 0.38039216 0.78823529 0.52549020
v 0.08038901 0.00302780 0.00266042 0.38039216 0.78823529 0.52549020
v 0.23361893 -0.02570731 -0.00104012 0.38039216 0.78823529 0.52549020
v 0.23571955 -0.02437686 -0.00358969 0.38039216 0.78823529 0.52549020
v 0.23601494 -0.02455715 -0.00104012 0.38039216 0.78823529 0.52549020
v 0.23762323 -0.02355000 -0.00104012 0.38039216 0.78823529 0.52549020
v 0.23960897 -0.02195222 -0.00104012 0.38039216 0.78823529 0.52549020
v 0.24120084 -0.02048500 -0.00104012 0.38039216 0.78823529 0.52549020
v 0.24251372 -0.01888723 -0.00104012 0.38039216 0.78823529 0.52549020
v 0.24410559 -0.01654962 -0.00104012 0.38039216 0.78823529 0.52549020
v 0.24504102 -0.01496428 -0.00104012 0.38039216 0.78823529 0.52549020
v 0.24586157 -0.01291266 -0.00104012 0.38039216 0.78823529 0.52549020
v 0.24681341 -0.00972333 -0.00104012 0.38039216 0.78823529 0.52549020
v 0.24738780 -0.00654021 -0.00104012 0.38039216 0.78823529 0.52549020
v 0.22608626 -0.02734860 -0.00282348 0.38039216 0.78823529 0.52549020
v 0.23041878 -0.02672690 -0.00104012 0.38039216 0.78823529 0.52549020
v 0.23504669 0.02217624 -0.00973942 0.38039216 0.78823529 0.52549020
v 0.23504669 0.02075876 -0.00981637 0.38039216 0.78823529 0.52549020
v 0.23504669 0.01756942 -0.00987325 0.38039216 0.78823529 0.52549020
v 0.23361893 0.01579757 -0.00989668 0.38039216 0.78823529 0.52549020
v 0.23043518 0.01260202 -0.00988664 0.38039216 0.78823529 0.52549020
v 0.23043518 0.01579757 -0.00983310 0.38039216 0.78823529 0.52549020
v 0.23043518 0.02217624 -0.00971934 0.38039216 0.78823529 0.52549020
v 0.21766740 0.02536558 -0.00933457 0.38039216 0.78823529 0.52549020
v 0.24418764 -0.00334466 -0.00881930 0.38039216 0.78823529 0.52549020
v 0.24259577 -0.00334466 -0.00925092 0.38039216 0.78823529 0.52549020
v 0.24264500 -0.00015532 -0.00926096 0.38039216 0.78823529 0.52549020
v 0.24264500 0.00230662 -0.00926430 0.38039216 0.78823529 0.52549020
v 0.24707599 -0.00654021 -0.00421871 0.38039216 0.78823529 0.52549020
v 0.24577951 -0.00654021 -0.00700918 0.38039216 0.78823529 0.52549020
v 0.08038901 -0.00534654 0.00356046 0.38039216 0.78823529 0.52549020
v 0.11383472 -0.01778681 0.00051906 0.38039216 0.78823529 0.52549020
v 0.12195819 -0.02132430 0.00023466 0.38039216 0.78823529 0.52549020
v 0.12935957 -0.02424630 0.00037853 0.38039216 0.78823529 0.52549020
v 0.13792613 -0.02614871 0.00216858 0.38039216 0.78823529 0.52549020
v 0.15161294 -0.02733617 0.00047221 0.38039216 0.78823529 0.52549020
v 0.14947951 -0.02724291 0.00096406 0.38039216 0.78823529 0.52549020
v 0.13154224 -0.02445768 0.00013428 0.38039216 0.78823529 0.52549020
v 0.21129991 -0.02774649 -0.00104012 0.38039216 0.78823529 0.52549020
v 0.22085114 -0.02770919 -0.00104012 0.38039216 0.78823529 0.52549020
v 0.22405129 -0.02762836 -0.00104012 0.38039216 0.78823529 0.52549020
v 0.16022874 -0.02779622 0.00216858 0.38039216 0.78823529 0.52549020
v 0.16341248 -0.02785218 0.00216858 0.38039216 0.78823529 0.52549020
v 0.17296371 -0.02795787 0.00216858 0.38039216 0.78823529 0.52549020
v 0.17614745 -0.02797030 0.00216858 0.38039216 0.78823529 0.52549020
v 0.15059546 -0.02741699 0.00208493 0.38039216 0.78823529 0.52549020
v 0.14109346 -0.02649687 0.00216858 0.38039216 0.78823529 0.52549020
v 0.14429362 -0.02682637 0.00216858 0.38039216 0.78823529 0.52549020
v 0.21448365 0.02536558 -0.00923419 0.38039216 0.78823529 0.52549020
v 0.21128350 0.02536558 -0.00911039 0.38039216 0.78823529 0.52549020
v 0.19853212 0.02217624 -0.00859847 0.38039216 0.78823529 0.52549020
v 0.19533197 0.02217624 -0.00846129 0.38039216 0.78823529 0.52549020
v 0.19214822 0.02217624 -0.00832411 0.38039216 0.78823529 0.52549020
v 0.18888243 0.02223219 -0.00816685 0.38039216 0.78823529 0.52549020
v 0.18888243 0.02536558 -0.00806313 0.38039216 0.78823529 0.52549020
v 0.15899791 0.01388273 -0.00578124 0.38039216 0.78823529 0.52549020
v 0.08038901 -0.00015532 0.00265373 0.38039216 0.78823529 0.52549020
v 0.23386509 -0.02488044 -0.00447969 0.38039216 0.78823529 0.52549020
v 0.23680268 -0.02341322 -0.00447969 0.38039216 0.78823529 0.52549020
v 0.23934638 -0.02167867 -0.00421871 0.38039216 0.78823529 0.52549020
v 0.23507951 -0.02404736 -0.00571432 0.38039216 0.78823529 0.52549020
v 0.24093826 -0.02020524 -0.00421871 0.38039216 0.78823529 0.52549020
v 0.24230037 -0.01861368 -0.00421871 0.38039216 0.78823529 0.52549020
v 0.24499179 -0.01484616 -0.00362649 0.38039216 0.78823529 0.52549020
v 0.24540206 -0.01320486 -0.00450311 0.38039216 0.78823529 0.52549020
v 0.24640313 -0.00972333 -0.00421871 0.38039216 0.78823529 0.52549020
v 0.22718580 -0.02662742 -0.00402131 0.38039216 0.78823529 0.52549020
v 0.23041878 -0.02596220 -0.00421871 0.38039216 0.78823529 0.52549020
v 0.22405129 -0.02741699 -0.00298408 0.38039216 0.78823529 0.52549020
v 0.22405129 -0.02663364 -0.00457672 0.38039216 0.78823529 0.52549020
v 0.24061003 0.00230662 -0.00957547 0.38039216 0.78823529 0.52549020
v 0.24000283 0.00230662 -0.00966246 0.38039216 0.78823529 0.52549020
v 0.23504669 0.01579757 -0.00990002 0.38039216 0.78823529 0.52549020
v 0.23361893 0.01260202 -0.00992679 0.38039216 0.78823529 0.52549020
v 0.23043518 0.00941268 -0.00989668 0.38039216 0.78823529 0.52549020
v 0.22723503 0.01260202 -0.00978961 0.38039216 0.78823529 0.52549020
v 0.22723503 0.01579757 -0.00974945 0.38039216 0.78823529 0.52549020
v 0.22405129 0.01579757 -0.00965243 0.38039216 0.78823529 0.52549020
v 0.21766740 0.02217624 -0.00937472 0.38039216 0.78823529 0.52549020
v 0.24387583 -0.00654021 -0.00860516 0.38039216 0.78823529 0.52549020
v 0.24187369 -0.00902080 -0.00910705 0.38039216 0.78823529 0.52549020
v 0.24228396 -0.00654021 -0.00920408 0.38039216 0.78823529 0.52549020
v 0.24000283 -0.00654021 -0.00954201 0.38039216 0.78823529 0.52549020
v 0.24000283 -0.00334466 -0.00962900 0.38039216 0.78823529 0.52549020
v 0.24000283 -0.00015532 -0.00964908 0.38039216 0.78823529 0.52549020
v 0.24507384 -0.01234070 -0.00618944 0.38039216 0.78823529 0.52549020
v 0.24540206 -0.00972333 -0.00660433 0.38039216 0.78823529 0.52549020
v 0.08038901 -0.00335087 0.00301843 0.38039216 0.78823529 0.52549020
v 0.12515834 -0.01930377 -0.00108362 0.38039216 0.78823529 0.52549020
v 0.12195819 -0.01930377 -0.00052486 0.38039216 0.78823529 0.52549020
v 0.11559070 -0.01817227 0.00031161 0.38039216 0.78823529 0.52549020
v 0.12515834 -0.02193357 -0.00015681 0.38039216 0.78823529 0.52549020
v 0.12830926 -0.02269826 -0.00031741 0.38039216 0.78823529 0.52549020
v 0.14345665 -0.02379868 -0.00252570 0.38039216 0.78823529 0.52549020
v 0.15386126 -0.02737347 0.00038188 0.38039216 0.78823529 0.52549020
v 0.13470957 -0.02471258 -0.00016016 0.38039216 0.78823529 0.52549020
v 0.13792613 -0.02494883 -0.00045460 0.38039216 0.78823529 0.52549020
v 0.14109346 -0.02515399 -0.00074234 0.38039216 0.78823529 0.52549020
v 0.14747736 -0.02570109 -0.00102005 0.38039216 0.78823529 0.52549020
v 0.15059546 -0.02626062 -0.00076241 0.38039216 0.78823529 0.52549020
v 0.15386126 -0.02621088 -0.00121745 0.38039216 0.78823529 0.52549020
v 0.15704500 -0.02637253 -0.00130780 0.38039216 0.78823529 0.52549020
v 0.16022874 -0.02651552 -0.00139813 0.38039216 0.78823529 0.52549020
v 0.16341248 -0.02662742 -0.00149182 0.38039216 0.78823529 0.52549020
v 0.19017890 -0.02729265 -0.00265284 0.38039216 0.78823529 0.52549020
v 0.14560650 -0.02412818 -0.00264615 0.38039216 0.78823529 0.52549020
v 0.22085114 -0.02745429 -0.00302758 0.38039216 0.78823529 0.52549020
v 0.20808335 -0.02774027 -0.00104012 0.38039216 0.78823529 0.52549020
v 0.16022874 -0.02745429 0.00019451 0.38039216 0.78823529 0.52549020
v 0.16976356 -0.02756619 -0.00008320 0.38039216 0.78823529 0.52549020
v 0.17296371 -0.02759106 -0.00018692 0.38039216 0.78823529 0.52549020
v 0.17614745 -0.02760972 -0.00029399 0.38039216 0.78823529 0.52549020
v 0.19213182 -0.02764702 -0.00104012 0.38039216 0.78823529 0.52549020
v 0.20488319 -0.02772784 -0.00102005 0.38039216 0.78823529 0.52549020
v 0.19533197 0.01898069 -0.00847133 0.38039216 0.78823529 0.52549020
v 0.19214822 0.01898069 -0.00832745 0.38039216 0.78823529 0.52549020
v 0.18888243 0.02217624 -0.00816685 0.38039216 0.78823529 0.52549020
v 0.17616387 0.01388273 -0.00718651 0.38039216 0.78823529 0.52549020
v 0.16341248 0.01388273 -0.00616936 0.38039216 0.78823529 0.52549020
v 0.16055696 0.01388273 -0.00592511 0.38039216 0.78823529 0.52549020
v 0.15069393 -0.01930377 -0.00398115 0.38039216 0.78823529 0.52549020
v 0.14747736 -0.01930377 -0.00368003 0.38039216 0.78823529 0.52549020
v 0.14429362 -0.01930377 -0.00334209 0.38039216 0.78823529 0.52549020
v 0.13902567 -0.02113779 -0.00267626 0.38039216 0.78823529 0.52549020
v 0.23885406 -0.02125591 -0.00618274 0.38039216 0.78823529 0.52549020
v 0.23681908 -0.02192735 -0.00664782 0.38039216 0.78823529 0.52549020
v 0.23296249 -0.02438308 -0.00606564 0.38039216 0.78823529 0.52549020
v 0.23386509 -0.02278530 -0.00696903 0.38039216 0.78823529 0.52549020
v 0.24192292 -0.01812253 -0.00618944 0.38039216 0.78823529 0.52549020
v 0.24477844 -0.01446692 -0.00575113 0.38039216 0.78823529 0.52549020
v 0.24405636 -0.01599009 -0.00450311 0.38039216 0.78823529 0.52549020
v 0.22723503 -0.02494261 -0.00658425 0.38039216 0.78823529 0.52549020
v 0.23041878 -0.02468149 -0.00633331 0.38039216 0.78823529 0.52549020
v 0.22405129 -0.02503586 -0.00668128 0.38039216 0.78823529 0.52549020
v 0.22085114 -0.02659634 -0.00462356 0.38039216 0.78823529 0.52549020
v 0.23754117 0.00230662 -0.00978626 0.38039216 0.78823529 0.52549020
v 0.23504669 0.01260202 -0.00991341 0.38039216 0.78823529 0.52549020
v 0.23361893 0.00941268 -0.00991675 0.38039216 0.78823529 0.52549020
v 0.23043518 0.00622335 -0.00986991 0.38039216 0.78823529 0.52549020
v 0.22723503 0.00622335 -0.00976619 0.38039216 0.78823529 0.52549020
v 0.22723503 0.00941268 -0.00978961 0.38039216 0.78823529 0.52549020
v 0.24351478 -0.01320486 -0.00720324 0.38039216 0.78823529 0.52549020
v 0.24305527 -0.00993471 -0.00834753 0.38039216 0.78823529 0.52549020
v 0.24146341 -0.01114703 -0.00898325 0.38039216 0.78823529 0.52549020
v 0.23939562 -0.01291266 -0.00917731 0.38039216 0.78823529 0.52549020
v 0.24024899 -0.00993471 -0.00927769 0.38039216 0.78823529 0.52549020
v 0.23681908 -0.01291266 -0.00937472 0.38039216 0.78823529 0.52549020
v 0.23681908 -0.00972333 -0.00954870 0.38039216 0.78823529 0.52549020
v 0.23681908 -0.00654021 -0.00968923 0.38039216 0.78823529 0.52549020
v 0.23681908 -0.00334466 -0.00976619 0.38039216 0.78823529 0.52549020
v 0.23681908 -0.00015532 -0.00979965 0.38039216 0.78823529 0.52549020
v 0.23681908 0.00230662 -0.00981972 0.38039216 0.78823529 0.52549020
v 0.14109346 -0.02324536 -0.00233833 0.38039216 0.78823529 0.52549020
v 0.13154224 -0.02249310 -0.00104012 0.38039216 0.78823529 0.52549020
v 0.14109346 -0.02165380 -0.00279337 0.38039216 0.78823529 0.52549020
v 0.14442491 -0.02262988 -0.00291716 0.38039216 0.78823529 0.52549020
v 0.14442491 -0.02512912 -0.00128772 0.38039216 0.78823529 0.52549020
v 0.15386126 -0.02461311 -0.00301085 0.38039216 0.78823529 0.52549020
v 0.15704500 -0.02478097 -0.00314803 0.38039216 0.78823529 0.52549020
v 0.16022874 -0.02491774 -0.00328186 0.38039216 0.78823529 0.52549020
v 0.14747736 -0.02424630 -0.00272979 0.38039216 0.78823529 0.52549020
v 0.15069393 -0.02443903 -0.00287367 0.38039216 0.78823529 0.52549020
v 0.16341248 -0.02502965 -0.00340566 0.38039216 0.78823529 0.52549020
v 0.16657982 -0.02512290 -0.00353281 0.38039216 0.78823529 0.52549020
v 0.19213182 -0.02731751 -0.00268630 0.38039216 0.78823529 0.52549020
v 0.16976356 -0.02519751 -0.00365660 0.38039216 0.78823529 0.52549020
v 0.17614745 -0.02535293 -0.00388412 0.38039216 0.78823529 0.52549020
v 0.19213182 -0.02586273 -0.00428563 0.38039216 0.78823529 0.52549020
v 0.20171586 -0.02459446 -0.00619278 0.38039216 0.78823529 0.52549020
v 0.20489960 -0.02468771 -0.00627643 0.38039216 0.78823529 0.52549020
v 0.20809975 -0.02476853 -0.00636008 0.38039216 0.78823529 0.52549020
v 0.21129991 -0.02484935 -0.00644038 0.38039216 0.78823529 0.52549020
v 0.21448365 -0.02491153 -0.00651733 0.38039216 0.78823529 0.52549020
v 0.21129991 -0.02644091 -0.00454326 0.38039216 0.78823529 0.52549020
v 0.21448365 -0.02650930 -0.00457003 0.38039216 0.78823529 0.52549020
v 0.14747736 -0.02249310 -0.00323837 0.38039216 0.78823529 0.52549020
v 0.15386126 -0.02249310 -0.00380382 0.38039216 0.78823529 0.52549020
v 0.15704500 -0.02249310 -0.00408153 0.38039216 0.78823529 0.52549020
v 0.16022874 -0.02249310 -0.00434920 0.38039216 0.78823529 0.52549020
v 0.16341248 -0.02249310 -0.00460684 0.38039216 0.78823529 0.52549020
v 0.18253135 -0.02349404 -0.00566413 0.38039216 0.78823529 0.52549020
v 0.18573151 -0.02388571 -0.00575113 0.38039216 0.78823529 0.52549020
v 0.18743825 -0.02406601 -0.00580132 0.38039216 0.78823529 0.52549020
v 0.21129991 -0.02743564 -0.00294728 0.38039216 0.78823529 0.52549020
v 0.19533197 -0.02734238 -0.00273314 0.38039216 0.78823529 0.52549020
v 0.20489960 -0.02740455 -0.00286698 0.38039216 0.78823529 0.52549020
v 0.22723503 -0.00015532 -0.00970930 0.38039216 0.78823529 0.52549020
v 0.22723503 -0.00334466 -0.00967585 0.38039216 0.78823529 0.52549020
v 0.18888243 0.01898069 -0.00815347 0.38039216 0.78823529 0.52549020
v 0.22405129 -0.00654021 -0.00947844 0.38039216 0.78823529 0.52549020
v 0.17808396 0.01388273 -0.00732704 0.38039216 0.78823529 0.52549020
v 0.19533197 -0.01291266 -0.00771851 0.38039216 0.78823529 0.52549020
v 0.19213182 -0.01291266 -0.00747426 0.38039216 0.78823529 0.52549020
v 0.16657982 -0.01930377 -0.00528605 0.38039216 0.78823529 0.52549020
v 0.16341248 -0.01930377 -0.00504180 0.38039216 0.78823529 0.52549020
v 0.15704500 -0.01930377 -0.00451984 0.38039216 0.78823529 0.52549020
v 0.15386126 -0.01930377 -0.00425552 0.38039216 0.78823529 0.52549020
v 0.23995360 -0.01923538 -0.00680508 0.38039216 0.78823529 0.52549020
v 0.23663857 -0.01906130 -0.00830069 0.38039216 0.78823529 0.52549020
v 0.23041878 -0.02248688 -0.00775531 0.38039216 0.78823529 0.52549020
v 0.23361893 -0.01962705 -0.00866539 0.38039216 0.78823529 0.52549020
v 0.24262860 -0.01610821 -0.00677162 0.38039216 0.78823529 0.52549020
v 0.22723503 -0.02248688 -0.00801629 0.38039216 0.78823529 0.52549020
v 0.22405129 -0.02248688 -0.00806313 0.38039216 0.78823529 0.52549020
v 0.22085114 -0.02499856 -0.00663444 0.38039216 0.78823529 0.52549020
v 0.23504669 0.00941268 -0.00989668 0.38039216 0.78823529 0.52549020
v 0.23504669 0.00799520 -0.00988664 0.38039216 0.78823529 0.52549020
v 0.23361893 0.00622335 -0.00988664 0.38039216 0.78823529 0.52549020
v 0.23361893 0.00230662 -0.00984314 0.38039216 0.78823529 0.52549020
v 0.23043518 0.00302780 -0.00983310 0.38039216 0.78823529 0.52549020
v 0.24098749 -0.01291266 -0.00886614 0.38039216 0.78823529 0.52549020
v 0.23878841 -0.01490211 -0.00909032 0.38039216 0.78823529 0.52549020
v 0.23663857 -0.01602117 -0.00914385 0.38039216 0.78823529 0.52549020
v 0.23545696 -0.01783655 -0.00904682 0.38039216 0.78823529 0.52549020
v 0.23361893 -0.01610821 -0.00923085 0.38039216 0.78823529 0.52549020
v 0.23361893 -0.01291266 -0.00940483 0.38039216 0.78823529 0.52549020
v 0.23361893 -0.00972333 -0.00956878 0.38039216 0.78823529 0.52549020
v 0.23041878 -0.00972333 -0.00957882 0.38039216 0.78823529 0.52549020
v 0.23361893 -0.00654021 -0.00969592 0.38039216 0.78823529 0.52549020
v 0.23041878 -0.00654021 -0.00969592 0.38039216 0.78823529 0.52549020
v 0.23361893 -0.00334466 -0.00976284 0.38039216 0.78823529 0.52549020
v 0.23361893 -0.00015532 -0.00980968 0.38039216 0.78823529 0.52549020
v 0.18888243 -0.02412818 -0.00584816 0.38039216 0.78823529 0.52549020
v 0.19213182 -0.02425874 -0.00593515 0.38039216 0.78823529 0.52549020
v 0.19533197 -0.02438308 -0.00602214 0.38039216 0.78823529 0.52549020
v 0.19853212 -0.02449498 -0.00610579 0.38039216 0.78823529 0.52549020
v 0.21448365 -0.02248688 -0.00771851 0.38039216 0.78823529 0.52549020
v 0.21766740 -0.02248688 -0.00784565 0.38039216 0.78823529 0.52549020
v 0.22085114 -0.02248688 -0.00796276 0.38039216 0.78823529 0.52549020
v 0.21766740 -0.02496126 -0.00658091 0.38039216 0.78823529 0.52549020
v 0.16657982 -0.02249310 -0.00484439 0.38039216 0.78823529 0.52549020
v 0.18253135 -0.02189627 -0.00602214 0.38039216 0.78823529 0.52549020
v 0.18573151 -0.02228794 -0.00614259 0.38039216 0.78823529 0.52549020
v 0.19213182 -0.02248688 -0.00651064 0.38039216 0.78823529 0.52549020
v 0.19853212 -0.02248688 -0.00692219 0.38039216 0.78823529 0.52549020
v 0.20171586 -0.02248688 -0.00710621 0.38039216 0.78823529 0.52549020
v 0.20489960 -0.02248688 -0.00726347 0.38039216 0.78823529 0.52549020
v 0.23041878 -0.00015532 -0.00979295 0.38039216 0.78823529 0.52549020
v 0.23041878 -0.00334466 -0.00975280 0.38039216 0.78823529 0.52549020
v 0.22723503 -0.00654021 -0.00962900 0.38039216 0.78823529 0.52549020
v 0.18128411 0.01388273 -0.00753448 0.38039216 0.78823529 0.52549020
v 0.17934761 0.01388273 -0.00741068 0.38039216 0.78823529 0.52549020
v 0.21609193 -0.00810068 -0.00900667 0.38039216 0.78823529 0.52549020
v 0.20489960 -0.00972333 -0.00835088 0.38039216 0.78823529 0.52549020
v 0.20171586 -0.00972333 -0.00817355 0.38039216 0.78823529 0.52549020
v 0.19853212 -0.01291266 -0.00791591 0.38039216 0.78823529 0.52549020
v 0.22405129 -0.00972333 -0.00936803 0.38039216 0.78823529 0.52549020
v 0.22085114 -0.00972333 -0.00920408 0.38039216 0.78823529 0.52549020
v 0.19853212 -0.01610821 -0.00776200 0.38039216 0.78823529 0.52549020
v 0.19533197 -0.01610821 -0.00755456 0.38039216 0.78823529 0.52549020
v 0.19853212 -0.01929755 -0.00755121 0.38039216 0.78823529 0.52549020
v 0.17746034 -0.02099480 -0.00582808 0.38039216 0.78823529 0.52549020
v 0.23992077 -0.01602117 -0.00839772 0.38039216 0.78823529 0.52549020
v 0.23759040 -0.01702833 -0.00884607 0.38039216 0.78823529 0.52549020
v 0.23041878 -0.01968301 -0.00883268 0.38039216 0.78823529 0.52549020
v 0.22726786 -0.01911104 -0.00885611 0.38039216 0.78823529 0.52549020
v 0.23361893 -0.01802927 -0.00907359 0.38039216 0.78823529 0.52549020
v 0.23041878 -0.01809145 -0.00905686 0.38039216 0.78823529 0.52549020
v 0.23041878 -0.01610821 -0.00920408 0.38039216 0.78823529 0.52549020
v 0.23041878 -0.01291266 -0.00939814 0.38039216 0.78823529 0.52549020
v 0.22723503 -0.00972333 -0.00951524 0.38039216 0.78823529 0.52549020
v 0.21129991 -0.02248688 -0.00757463 0.38039216 0.78823529 0.52549020
v 0.21129991 -0.01929755 -0.00818359 0.38039216 0.78823529 0.52549020
v 0.21448365 -0.01929755 -0.00832077 0.38039216 0.78823529 0.52549020
v 0.21766740 -0.01929755 -0.00845460 0.38039216 0.78823529 0.52549020
v 0.22405129 -0.01929755 -0.00870888 0.38039216 0.78823529 0.52549020
v 0.20171586 -0.01929755 -0.00773858 0.38039216 0.78823529 0.52549020
v 0.20489960 -0.01291266 -0.00825050 0.38039216 0.78823529 0.52549020
v 0.21888181 -0.01160709 -0.00902340 0.38039216 0.78823529 0.52549020
v 0.20171586 -0.01610821 -0.00792930 0.38039216 0.78823529 0.52549020
v 0.22835099 -0.01791737 -0.00902674 0.38039216 0.78823529 0.52549020
v 0.22723503 -0.01291266 -0.00931784 0.38039216 0.78823529 0.52549020
v 0.22375589 -0.01321730 -0.00914385 0.38039216 0.78823529 0.52549020
v 0.22085114 -0.01230961 -0.00907024 0.38039216 0.78823529 0.52549020
v 0.20489960 -0.01929755 -0.00788914 0.38039216 0.78823529 0.52549020
v 0.22726786 -0.01619525 -0.00910036 0.38039216 0.78823529 0.52549020
v 0.20809975 -0.01610821 -0.00823711 0.38039216 0.78823529 0.52549020
f 858 859 860
f 858 860 861
f 858 861 862
f 858 862 863
f 858 863 864
f 858 864 859
f 859 865 860
f 859 864 865
f 860 866 861
f 860 865 867
f 860 867 866
f 861 866 868
f 861 868 869
f 861 869 862
f 862 869 863
f 863 870 871
f 863 871 872
f 863 872 873
f 863 873 874
f 863 874 877
f 863 877 864
f 863 869 875
f 863 875 876
f 863 876 870
f 864 877 878
f 864 878 879
f 864 879 865
f 865 879 867
f 866 867 880
f 866 880 881
f 866 881 882
f 866 882 883
f 866 883 884
f 866 884 868
f 867 879 885
f 867 885 886
f 867 886 887
f 867 887 880
f 868 884 869
f 869 884 875
f 870 876 888
f 870 888 871
f 871 888 889
f 871 889 916
f 871 916 934
f 871 934 933
f 871 933 932
f 871 932 930
f 871 930 929
f 871 929 928
f 871 928 963
f 871 963 992
f 871 992 1024
f 871 1024 1079
f 871 1079 1110
f 871 1110 1053
f 871 1053 1006
f 871 1006 977
f 871 977 952
f 871 952 917
f 871 917 890
f 871 890 873
f 871 873 872
f 873 890 874
f 874 890 891
f 874 891 918
f 874 918 956
f 874 956 955
f 874 955 984
f 874 984 1013
f 874 1013 993
f 874 993 964
f 874 964 937
f 874 937 907
f 874 907 878
f 874 878 877
f 875 884 892
f 875 892 893
f 875 893 894
f 875 894 876
f 876 894 895
f 876 895 896
f 876 896 897
f 876 897 898
f 876 898 899
f 876 899 900
f 876 900 901
f 876 901 902
f 876 902 903
f 876 903 904
f 876 904 905
f 876 905 906
f 876 906 888
f 878 907 908
f 878 908 886
f 878 886 885
f 878 885 879
f 880 887 909
f 880 909 881
f 881 910 882
f 881 909 911
f 881 911 910
f 882 910 912
f 882 912 893
f 882 893 892
f 882 892 883
f 883 892 884
f 886 908 887
f 887 908 913
f 887 913 914
f 887 914 915
f 887 915 909
f 888 906 889
f 889 906 905
f 889 905 904
f 889 904 916
f 890 917 918
f 890 918 891
f 893 912 919
f 893 919 894
f 894 919 920
f 894 920 895
f 895 920 921
f 895 921 922
f 895 922 896
f 896 922 923
f 896 923 897
f 897 923 924
f 897 924 925
f 897 925 898
f 898 925 926
f 898 926 899
f 899 927 928
f 899 928 929
f 899 929 930
f 899 930 931
f 899 931 932
f 899 932 933
f 899 933 934
f 899 934 900
f 899 926 935
f 899 935 936
f 899 936 927
f 900 934 901
f 901 934 902
f 902 934 916
f 902 916 903
f 903 916 904
f 907 937 938
f 907 938 939
f 907 939 908
f 908 939 913
f 909 915 940
f 909 940 911
f 910 941 942
f 910 942 919
f 910 919 943
f 910 943 912
f 910 911 944
f 910 944 941
f 911 940 945
f 911 945 946
f 911 946 947
f 911 947 944
f 912 943 919
f 913 939 948
f 913 948 914
f 914 949 915
f 914 948 950
f 914 950 951
f 914 951 949
f 915 949 940
f 917 952 953
f 917 953 954
f 917 954 955
f 917 955 956
f 917 956 918
f 919 942 957
f 919 957 958
f 919 958 920
f 920 958 957
f 920 957 921
f 921 957 959
f 921 959 922
f 922 959 923
f 923 959 960
f 923 960 924
f 924 961 935
f 924 935 925
f 924 960 961
f 925 935 926
f 927 936 962
f 927 962 963
f 927 963 928
f 930 932 931
f 935 961 936
f 936 961 962
f 937 964 938
f 938 965 939
f 938 964 966
f 938 966 965
f 939 965 948
f 940 949 945
f 941 944 967
f 941 967 968
f 941 968 957
f 941 957 942
f 944 947 969
f 944 969 967
f 945 949 951
f 945 951 970
f 945 970 946
f 946 970 971
f 946 971 972
f 946 972 973
f 946 973 969
f 946 969 947
f 948 965 974
f 948 974 950
f 950 974 975
f 950 975 976
f 950 976 951
f 951 976 970
f 952 977 978
f 952 978 953
f 953 978 979
f 953 979 954
f 954 979 980
f 954 980 955
f 955 980 981
f 955 981 982
f 955 982 983
f 955 983 984
f 957 968 959
f 959 968 985
f 959 985 960
f 960 985 986
f 960 986 987
f 960 987 961
f 961 987 988
f 961 988 989
f 961 989 990
f 961 990 991
f 961 991 962
f 962 991 963
f 963 991 992
f 964 993 966
f 965 966 974
f 966 994 975
f 966 975 974
f 966 993 994
f 967 995 986
f 967 986 985
f 967 985 968
f 967 969 996
f 967 996 995
f 969 973 997
f 969 997 1039
f 969 1039 996
f 970 998 999
f 970 999 971
f 970 976 998
f 971 999 972
f 972 999 1000
f 972 1000 997
f 972 997 973
f 975 994 1001
f 975 1001 1002
f 975 1002 1003
f 975 1003 1004
f 975 1004 976
f 976 1004 1005
f 976 1005 998
f 977 1006 1007
f 977 1007 978
f 978 1007 1008
f 978 1008 979
f 979 1008 1009
f 979 1009 1010
f 979 1010 983
f 979 983 982
f 979 982 981
f 979 981 980
f 983 1011 984
f 983 1010 1012
f 983 1012 1011
f 984 1011 1014
f 984 1014 1015
f 984 1015 1016
f 984 1016 1017
f 984 1017 1013
f 986 1018 987
f 986 995 1019
f 986 1019 1018
f 987 1018 988
f 988 1018 989
f 989 1020 990
f 989 1018 1021
f 989 1021 1020
f 990 1020 1022
f 990 1022 991
f 991 1022 1023
f 991 1023 992
f 992 1023 1024
f 993 1025 1026
f 993 1026 1027
f 993 1027 1028
f 993 1028 1029
f 993 1029 1030
f 993 1030 1031
f 993 1031 1032
f 993 1032 1033
f 993 1033 1034
f 993 1034 1035
f 993 1035 1036
f 993 1036 1003
f 993 1003 1002
f 993 1002 994
f 993 1013 1037
f 993 1037 1038
f 993 1038 1025
f 994 1002 1001
f 995 996 1019
f 996 1039 1040
f 996 1040 1041
f 996 1041 1042
f 996 1042 1043
f 996 1043 1044
f 996 1044 1045
f 996 1045 1046
f 996 1046 1019
f 997 1000 1039
f 998 1005 1047
f 998 1047 999
f 999 1047 1048
f 999 1048 1049
f 999 1049 1000
f 1000 1049 1050
f 1000 1050 1039
f 1003 1036 1004
f 1004 1036 1051
f 1004 1051 1052
f 1004 1052 1005
f 1005 1052 1047
f 1006 1053 1007
f 1007 1053 1054
f 1007 1054 1055
f 1007 1055 1056
f 1007 1056 1008
f 1008 1056 1009
f 1009 1056 1010
f 1010 1056 1012
f 1011 1012 1057
f 1011 1057 1015
f 1011 1015 1014
f 1012 1058 1059
f 1012 1059 1057
f 1012 1056 1060
f 1012 1060 1058
f 1013 1061 1062
f 1013 1062 1063
f 1013 1063 1037
f 1013 1017 1064
f 1013 1064 1065
f 1013 1065 1066
f 1013 1066 1067
f 1013 1067 1061
f 1015 1059 1068
f 1015 1068 1016
f 1015 1057 1069
f 1015 1069 1070
f 1015 1070 1059
f 1016 1068 1058
f 1016 1058 1017
f 1017 1058 1064
f 1018 1019 1046
f 1018 1046 1021
f 1020 1021 1022
f 1021 1046 1071
f 1021 1071 1072
f 1021 1072 1073
f 1021 1073 1074
f 1021 1074 1075
f 1021 1075 1076
f 1021 1076 1077
f 1021 1077 1022
f 1022 1077 1023
f 1023 1077 1024
f 1024 1078 1079
f 1024 1077 1078
f 1025 1080 1026
f 1025 1038 1080
f 1026 1081 1082
f 1026 1082 1028
f 1026 1028 1027
f 1026 1080 1083
f 1026 1083 1081
f 1028 1082 1029
f 1029 1082 1030
f 1030 1082 1084
f 1030 1084 1085
f 1030 1085 1031
f 1031 1085 1086
f 1031 1086 1032
f 1032 1086 1033
f 1033 1086 1034
f 1034 1086 1087
f 1034 1087 1035
f 1035 1051 1036
f 1035 1087 1088
f 1035 1088 1051
f 1037 1089 1090
f 1037 1090 1038
f 1037 1063 1091
f 1037 1091 1092
f 1037 1092 1089
f 1038 1090 1080
f 1039 1050 1040
f 1040 1050 1093
f 1040 1093 1094
f 1040 1094 1041
f 1041 1095 1042
f 1041 1094 1095
f 1042 1095 1096
f 1042 1096 1043
f 1043 1096 1097
f 1043 1097 1098
f 1043 1098 1099
f 1043 1099 1044
f 1044 1099 1046
f 1044 1046 1045
f 1046 1099 1100
f 1046 1100 1101
f 1046 1101 1071
f 1047 1052 1102
f 1047 1102 1103
f 1047 1103 1104
f 1047 1104 1048
f 1048 1104 1105
f 1048 1105 1106
f 1048 1106 1107
f 1048 1107 1093
f 1048 1093 1049
f 1049 1093 1050
f 1051 1088 1108
f 1051 1108 1109
f 1051 1109 1052
f 1052 1109 1102
f 1053 1110 1054
f 1054 1111 1112
f 1054 1112 1113
f 1054 1113 1055
f 1054 1110 1111
f 1055 1112 1114
f 1055 1114 1056
f 1055 1113 1112
f 1056 1114 1115
f 1056 1115 1116
f 1056 1116 1060
f 1057 1059 1069
f 1058 1117 1064
f 1058 1068 1059
f 1058 1060 1118
f 1058 1118 1119
f 1058 1119 1120
f 1058 1120 1121
f 1058 1121 1122
f 1058 1122 1123
f 1058 1123 1124
f 1058 1124 1125
f 1058 1125 1126
f 1058 1126 1127
f 1058 1127 1117
f 1059 1070 1069
f 1060 1116 1128
f 1060 1128 1118
f 1061 1129 1062
f 1061 1067 1130
f 1061 1130 1129
f 1062 1129 1091
f 1062 1091 1063
f 1064 1117 1131
f 1064 1131 1065
f 1065 1131 1132
f 1065 1132 1133
f 1065 1133 1134
f 1065 1134 1066
f 1066 1134 1135
f 1066 1135 1136
f 1066 1136 1130
f 1066 1130 1067
f 1071 1101 1072
f 1072 1101 1100
f 1072 1100 1098
f 1072 1098 1073
f 1073 1137 1074
f 1073 1098 1137
f 1074 1137 1075
f 1075 1137 1138
f 1075 1138 1076
f 1076 1138 1139
f 1076 1139 1140
f 1076 1140 1141
f 1076 1141 1142
f 1076 1142 1077
f 1077 1142 1078
f 1078 1142 1143
f 1078 1143 1144
f 1078 1144 1079
f 1079 1144 1145
f 1079 1145 1146
f 1079 1146 1111
f 1079 1111 1110
f 1080 1090 1083
f 1081 1083 1147
f 1081 1147 1082
f 1082 1147 1084
f 1083 1148 1147
f 1083 1090 1149
f 1083 1149 1150
f 1083 1150 1148
f 1084 1147 1151
f 1084 1151 1085
f 1085 1151 1152
f 1085 1152 1153
f 1085 1153 1086
f 1086 1153 1152
f 1086 1152 1087
f 1087 1152 1088
f 1088 1152 1108
f 1089 1092 1154
f 1089 1154 1155
f 1089 1155 1090
f 1090 1155 1149
f 1091 1129 1092
f 1092 1156 1154
f 1092 1129 1157
f 1092 1157 1156
f 1093 1107 1094
f 1094 1107 1158
f 1094 1158 1159
f 1094 1159 1095
f 1095 1159 1096
f 1096 1159 1160
f 1096 1160 1097
f 1097 1160 1161
f 1097 1161 1162
f 1097 1162 1163
f 1097 1163 1098
f 1098 1163 1137
f 1098 1100 1099
f 1102 1164 1165
f 1102 1165 1166
f 1102 1166 1103
f 1102 1109 1164
f 1103 1166 1167
f 1103 1167 1168
f 1103 1168 1105
f 1103 1105 1104
f 1105 1168 1167
f 1105 1167 1169
f 1105 1169 1170
f 1105 1170 1171
f 1105 1171 1106
f 1106 1171 1172
f 1106 1172 1173
f 1106 1173 1174
f 1106 1174 1158
f 1106 1158 1107
f 1108 1152 1164
f 1108 1164 1109
f 1111 1114 1112
f 1111 1146 1175
f 1111 1175 1176
f 1111 1176 1114
f 1114 1176 1115
f 1115 1176 1116
f 1116 1176 1175
f 1116 1175 1146
f 1116 1146 1177
f 1116 1177 1178
f 1116 1178 1128
f 1117 1127 1131
f 1118 1128 1119
f 1119 1128 1120
f 1120 1128 1179
f 1120 1179 1121
f 1121 1128 1122
f 1121 1179 1128
f 1122 1128 1123
f 1123 1180 1181
f 1123 1181 1182
f 1123 1182 1124
f 1123 1128 1183
f 1123 1183 1184
f 1123 1184 1180
f 1124 1182 1125
f 1125 1182 1185
f 1125 1185 1186
f 1125 1186 1127
f 1125 1127 1126
f 1127 1187 1132
f 1127 1132 1131
f 1127 1186 1188
f 1127 1188 1189
f 1127 1189 1190
f 1127 1190 1191
f 1127 1191 1192
f 1127 1192 1193
f 1127 1193 1194
f 1127 1194 1195
f 1127 1195 1196
f 1127 1196 1197
f 1127 1197 1187
f 1128 1178 1198
f 1128 1198 1199
f 1128 1199 1200
f 1128 1200 1201
f 1128 1201 1202
f 1128 1202 1203
f 1128 1203 1204
f 1128 1204 1205
f 1128 1205 1183
f 1129 1130 1206
f 1129 1206 1157
f 1130 1136 1206
f 1132 1187 1133
f 1133 1187 1134
f 1134 1187 1135
f 1135 1187 1207
f 1135 1207 1208
f 1135 1208 1206
f 1135 1206 1136
f 1137 1163 1162
f 1137 1162 1209
f 1137 1209 1210
f 1137 1210 1138
f 1138 1211 1139
f 1138 1210 1212
f 1138 1212 1211
f 1139 1211 1140
f 1140 1211 1213
f 1140 1213 1214
f 1140 1214 1215
f 1140 1215 1216
f 1140 1216 1217
f 1140 1217 1141
f 1141 1217 1218
f 1141 1218 1219
f 1141 1219 1142
f 1142 1219 1143
f 1143 1198 1177
f 1143 1177 1146
f 1143 1146 1144
f 1143 1219 1200
f 1143 1200 1199
f 1143 1199 1198
f 1144 1146 1145
f 1147 1220 1151
f 1147 1148 1221
f 1147 1221 1220
f 1148 1150 1221
f 1149 1155 1150
f 1150 1155 1222
f 1150 1222 1223
f 1150 1223 1221
f 1151 1220 1224
f 1151 1224 1152
f 1152 1224 1164
f 1154 1225 1222
f 1154 1222 1155
f 1154 1156 1225
f 1156 1226 1225
f 1156 1157 1197
f 1156 1197 1227
f 1156 1227 1226
f 1157 1206 1208
f 1157 1208 1207
f 1157 1207 1187
f 1157 1187 1197
f 1158 1174 1159
f 1159 1228 1160
f 1159 1174 1228
f 1160 1228 1229
f 1160 1229 1174
f 1160 1174 1173
f 1160 1173 1230
f 1160 1230 1161
f 1161 1230 1231
f 1161 1231 1232
f 1161 1232 1210
f 1161 1210 1209
f 1161 1209 1162
f 1164 1224 1233
f 1164 1233 1165
f 1165 1233 1166
f 1166 1233 1234
f 1166 1234 1167
f 1167 1234 1169
f 1169 1235 1236
f 1169 1236 1237
f 1169 1237 1170
f 1169 1234 1235
f 1170 1237 1238
f 1170 1238 1239
f 1170 1239 1171
f 1171 1239 1240
f 1171 1240 1241
f 1171 1241 1172
f 1172 1241 1242
f 1172 1242 1243
f 1172 1243 1244
f 1172 1244 1231
f 1172 1231 1230
f 1172 1230 1173
f 1174 1229 1228
f 1177 1198 1178
f 1180 1184 1205
f 1180 1205 1181
f 1181 1205 1182
f 1182 1205 1185
f 1183 1205 1184
f 1185 1205 1245
f 1185 1245 1186
f 1186 1245 1246
f 1186 1246 1247
f 1186 1247 1188
f 1188 1247 1248
f 1188 1248 1189
f 1189 1248 1191
f 1189 1191 1190
f 1191 1248 1249
f 1191 1249 1192
f 1192 1249 1250
f 1192 1250 1193
f 1193 1250 1194
f 1194 1250 1251
f 1194 1251 1195
f 1195 1252 1196
f 1195 1251 1226
f 1195 1226 1252
f 1196 1252 1197
f 1197 1252 1227
f 1200 1219 1201
f 1201 1219 1218
f 1201 1218 1217
f 1201 1217 1202
f 1202 1217 1216
f 1202 1216 1253
f 1202 1253 1203
f 1203 1254 1255
f 1203 1255 1256
f 1203 1256 1257
f 1203 1257 1204
f 1203 1253 1254
f 1204 1257 1205
f 1205 1257 1258
f 1205 1258 1259
f 1205 1259 1245
f 1210 1232 1260
f 1210 1260 1261
f 1210 1261 1262
f 1210 1262 1212
f 1211 1263 1264
f 1211 1264 1213
f 1211 1212 1265
f 1211 1265 1266
f 1211 1266 1267
f 1211 1267 1268
f 1211 1268 1214
f 1211 1214 1263
f 1212 1262 1269
f 1212 1269 1270
f 1212 1270 1265
f 1213 1264 1214
f 1214 1268 1271
f 1214 1271 1272
f 1214 1272 1216
f 1214 1216 1215
f 1214 1264 1263
f 1216 1272 1273
f 1216 1273 1274
f 1216 1274 1253
f 1220 1221 1275
f 1220 1275 1224
f 1221 1236 1276
f 1221 1276 1275
f 1221 1223 1236
f 1222 1225 1223
f 1223 1225 1277
f 1223 1277 1236
f 1224 1275 1233
f 1225 1226 1277
f 1226 1227 1252
f 1226 1251 1278
f 1226 1278 1277
f 1231 1244 1261
f 1231 1261 1260
f 1231 1260 1232
f 1233 1275 1234
f 1234 1275 1276
f 1234 1276 1236
f 1234 1236 1235
f 1236 1277 1279
f 1236 1279 1237
f 1237 1279 1280
f 1237 1280 1281
f 1237 1281 1282
f 1237 1282 1240
f 1237 1240 1238
f 1238 1240 1239
f 1240 1282 1283
f 1240 1283 1242
f 1240 1242 1241
f 1242 1283 1262
f 1242 1262 1261
f 1242 1261 1243
f 1243 1261 1244
f 1245 1259 1284
f 1245 1284 1249
f 1245 1249 1246
f 1246 1249 1247
f 1247 1249 1248
f 1249 1284 1285
f 1249 1285 1286
f 1249 1286 1287
f 1249 1287 1250
f 1250 1287 1288
f 1250 1288 1251
f 1251 1288 1278
f 1253 1274 1273
f 1253 1273 1254
f 1254 1273 1257
f 1254 1257 1255
f 1255 1257 1256
f 1257 1273 1289
f 1257 1289 1258
f 1258 1289 1259
f 1259 1289 1284
f 1262 1283 1269
f 1265 1270 1268
f 1265 1268 1266
f 1266 1268 1267
f 1268 1270 1290
f 1268 1290 1292
f 1268 1292 1271
f 1269 1291 1270
f 1269 1283 1291
f 1270 1291 1290
f 1271 1292 1289
f 1271 1289 1273
f 1271 1273 1272
f 1277 1278 1280
f 1277 1280 1279
f 1278 1293 1280
f 1278 1288 1293
f 1280 1293 1281
f 1281 1293 1294
f 1281 1294 1283
f 1281 1283 1282
f 1283 1294 1295
f 1283 1295 1296
f 1283 1296 1291
f 1284 1289 1297
f 1284 1297 1285
f 1285 1296 1295
f 1285 1295 1298
f 1285 1298 1293
f 1285 1293 1286
f 1285 1297 1296
f 1286 1293 1287
f 1287 1293 1288
f 1289 1292 1299
f 1289 1299 1297
f 1290 1291 1292
f 1291 1296 1297
f 1291 1297 1299
f 1291 1299 1292
f 1293 1298 1294
f 1294 1298 1295

o geometry_4
v 0.18887667 0.02218401 -0.00816428 0.56470588 0.92549020 0.07058824
v 0.18887667 0.01899418 -0.00815159 0.56470588 0.92549020 0.07058824
v 0.18573388 0.02218401 -0.00798656 0.56470588 0.92549020 0.07058824
v 0.18887667 0.02223812 -0.00816428 0.56470588 0.92549020 0.07058824
v 0.23505159 0.01463078 -0.00271509 0.56470588 0.92549020 0.07058824
v 0.18887667 0.01388378 -0.00798656 0.56470588 0.92549020 0.07058824
v 0.18573388 0.01388378 -0.00780249 0.56470588 0.92549020 0.07058824
v 0.18254273 0.01580226 -0.00767554 0.56470588 0.92549020 0.07058824
v 0.18573388 0.01899418 -0.00796434 0.56470588 0.92549020 0.07058824
v 0.18254273 0.01899418 -0.00777075 0.56470588 0.92549020 0.07058824
v 0.18254273 0.02218401 -0.00778979 0.56470588 0.92549020 0.07058824
v 0.18254273 0.02536969 -0.00772949 0.56470588 0.92549020 0.07058824
v 0.18573388 0.02536969 -0.00790722 0.56470588 0.92549020 0.07058824
v 0.18887667 0.02536969 -0.00805955 0.56470588 0.92549020 0.07058824
v 0.23505159 0.03120421 -0.00271509 0.56470588 0.92549020 0.07058824
v 0.24912164 0.01386505 0.01358487 0.56470588 0.92549020 0.07058824
v 0.24905717 0.01261450 0.01358487 0.56470588 0.92549020 0.07058824
v 0.24141777 0.01261450 0.01358487 0.56470588 0.92549020 0.07058824
v 0.18254273 0.01388378 -0.00761206 0.56470588 0.92549020 0.07058824
v 0.18126949 0.01388378 -0.00753589 0.56470588 0.92549020 0.07058824
v 0.17936770 0.01580226 -0.00747877 0.56470588 0.92549020 0.07058824
v 0.17617655 0.01899418 -0.00737721 0.56470588 0.92549020 0.07058824
v 0.17936770 0.02218401 -0.00758985 0.56470588 0.92549020 0.07058824
v 0.18254273 0.02856161 -0.00716775 0.56470588 0.92549020 0.07058824
v 0.18573388 0.02856161 -0.00734865 0.56470588 0.92549020 0.07058824
v 0.17936770 0.02536969 -0.00752955 0.56470588 0.92549020 0.07058824
v 0.18887667 0.02856161 -0.00751051 0.56470588 0.92549020 0.07058824
v 0.23505159 0.03143517 -0.00102670 0.56470588 0.92549020 0.07058824
v 0.24965350 0.02584411 0.02425475 0.56470588 0.92549020 0.07058824
v 0.24989525 0.02553616 0.02425475 0.56470588 0.92549020 0.07058824
v 0.25521383 0.01596040 0.02425475 0.56470588 0.92549020 0.07058824
v 0.25529442 0.01580018 0.02425475 0.56470588 0.92549020 0.07058824
v 0.25460139 0.01483261 0.02251240 0.56470588 0.92549020 0.07058824
v 0.24889601 0.01556505 0.01358487 0.56470588 0.92549020 0.07058824
v 0.23361719 0.03170776 -0.00271509 0.56470588 0.92549020 0.07058824
v 0.23361719 0.03198034 -0.00102670 0.56470588 0.92549020 0.07058824
v 0.25460139 0.01356750 0.02251240 0.56470588 0.92549020 0.07058824
v 0.25365050 0.01261450 0.02147144 0.56470588 0.92549020 0.07058824
v 0.24143388 0.01261450 0.01368643 0.56470588 0.92549020 0.07058824
v 0.09066028 0.01388378 0.00893227 0.56470588 0.92549020 0.07058824
v 0.09066028 0.01388378 0.00859269 0.56470588 0.92549020 0.07058824
v 0.09077309 0.01388378 0.00785005 0.56470588 0.92549020 0.07058824
v 0.09201410 0.01388378 0.00623783 0.56470588 0.92549020 0.07058824
v 0.09285218 0.01388378 0.00535238 0.56470588 0.92549020 0.07058824
v 0.09451221 0.01388378 0.00365129 0.56470588 0.92549020 0.07058824
v 0.09641401 0.01388378 0.00303560 0.56470588 0.92549020 0.07058824
v 0.09962127 0.01388378 0.00223266 0.56470588 0.92549020 0.07058824
v 0.10281242 0.01388378 0.00155349 0.56470588 0.92549020 0.07058824
v 0.10598745 0.01388378 0.00109331 0.56470588 0.92549020 0.07058824
v 0.15711026 0.01388378 -0.00553648 0.56470588 0.92549020 0.07058824
v 0.15899594 0.01388378 -0.00577768 0.56470588 0.92549020 0.07058824
v 0.16055927 0.01388378 -0.00592685 0.56470588 0.92549020 0.07058824
v 0.16341196 0.01388378 -0.00616804 0.56470588 0.92549020 0.07058824
v 0.17488720 0.01388378 -0.00708523 0.56470588 0.92549020 0.07058824
v 0.17617655 0.01388378 -0.00718362 0.56470588 0.92549020 0.07058824
v 0.17807835 0.01388378 -0.00732643 0.56470588 0.92549020 0.07058824
v 0.17617655 0.01580226 -0.00726931 0.56470588 0.92549020 0.07058824
v 0.17617655 0.02218401 -0.00738038 0.56470588 0.92549020 0.07058824
v 0.17296929 0.01899418 -0.00714871 0.56470588 0.92549020 0.07058824
v 0.17296929 0.02218401 -0.00715506 0.56470588 0.92549020 0.07058824
v 0.17936770 0.02856161 -0.00696146 0.56470588 0.92549020 0.07058824
v 0.17111584 0.03018670 -0.00583481 0.56470588 0.92549020 0.07058824
v 0.17296929 0.03028450 -0.00590145 0.56470588 0.92549020 0.07058824
v 0.17617655 0.03043848 -0.00601254 0.56470588 0.92549020 0.07058824
v 0.17936770 0.03057997 -0.00612044 0.56470588 0.92549020 0.07058824
v 0.18254273 0.03071522 -0.00622834 0.56470588 0.92549020 0.07058824
v 0.17617655 0.02536969 -0.00730422 0.56470588 0.92549020 0.07058824
v 0.15838350 0.02706345 -0.00584116 0.56470588 0.92549020 0.07058824
v 0.16023694 0.02735060 -0.00592685 0.56470588 0.92549020 0.07058824
v 0.16341196 0.02777300 -0.00606331 0.56470588 0.92549020 0.07058824
v 0.18573388 0.03083383 -0.00632673 0.56470588 0.92549020 0.07058824
v 0.18887667 0.03093995 -0.00641876 0.56470588 0.92549020 0.07058824
v 0.22618729 0.03339527 -0.00271509 0.56470588 0.92549020 0.07058824
v 0.23042603 0.03251302 -0.00271509 0.56470588 0.92549020 0.07058824
v 0.24011230 0.03068609 0.02425475 0.56470588 0.92549020 0.07058824
v 0.24322286 0.02947716 0.02425475 0.56470588 0.92549020 0.07058824
v 0.24646236 0.02767312 0.02425475 0.56470588 0.92549020 0.07058824
v 0.25521383 0.01261450 0.02425475 0.56470588 0.92549020 0.07058824
v 0.25521383 0.01261450 0.02423253 0.56470588 0.92549020 0.07058824
v 0.23042603 0.03277312 -0.00102670 0.56470588 0.92549020 0.07058824
v 0.25519772 0.01261450 0.02420397 0.56470588 0.92549020 0.07058824
v 0.24728432 0.01261450 0.02411193 0.56470588 0.92549020 0.07058824
v 0.09114379 0.01388378 0.01057306 0.56470588 0.92549020 0.07058824
v 0.09146612 0.01425624 0.01023030 0.56470588 0.92549020 0.07058824
v 0.10756691 0.02378414 0.00697095 0.56470588 0.92549020 0.07058824
v 0.10756691 0.02378414 0.00691382 0.56470588 0.92549020 0.07058824
v 0.09165953 0.01419797 0.00707250 0.56470588 0.92549020 0.07058824
v 0.10801818 0.02349907 0.00478429 0.56470588 0.92549020 0.07058824
v 0.09475397 0.01424583 0.00372111 0.56470588 0.92549020 0.07058824
v 0.11398143 0.02376957 0.00056966 0.56470588 0.92549020 0.07058824
v 0.11072582 0.02062551 0.00055696 0.56470588 0.92549020 0.07058824
v 0.10598745 0.01580226 0.00107427 0.56470588 0.92549020 0.07058824
v 0.14428121 0.02218401 -0.00420037 0.56470588 0.92549020 0.07058824
v 0.15836737 0.01667411 -0.00585068 0.56470588 0.92549020 0.07058824
v 0.15881865 0.01454546 -0.00579672 0.56470588 0.92549020 0.07058824
v 0.16002742 0.01568573 -0.00597127 0.56470588 0.92549020 0.07058824
v 0.16341196 0.01580226 -0.00627595 0.56470588 0.92549020 0.07058824
v 0.17296929 0.01580226 -0.00702176 0.56470588 0.92549020 0.07058824
v 0.16979426 0.01899418 -0.00689164 0.56470588 0.92549020 0.07058824
v 0.16979426 0.02218401 -0.00690433 0.56470588 0.92549020 0.07058824
v 0.16660311 0.02536969 -0.00658697 0.56470588 0.92549020 0.07058824
v 0.16979426 0.02536969 -0.00683134 0.56470588 0.92549020 0.07058824
v 0.17617655 0.02856161 -0.00673613 0.56470588 0.92549020 0.07058824
v 0.16898841 0.02998903 -0.00574595 0.56470588 0.92549020 0.07058824
v 0.15385464 0.03082967 -0.00334665 0.56470588 0.92549020 0.07058824
v 0.15704579 0.03101069 -0.00356246 0.56470588 0.92549020 0.07058824
v 0.16023694 0.03118340 -0.00375923 0.56470588 0.92549020 0.07058824
v 0.16341196 0.03134154 -0.00391791 0.56470588 0.92549020 0.07058824
v 0.17296929 0.02856161 -0.00650763 0.56470588 0.92549020 0.07058824
v 0.16660311 0.03148303 -0.00405121 0.56470588 0.92549020 0.07058824
v 0.17296929 0.03176602 -0.00421624 0.56470588 0.92549020 0.07058824
v 0.15066349 0.02856161 -0.00430510 0.56470588 0.92549020 0.07058824
v 0.15385464 0.02856161 -0.00471768 0.56470588 0.92549020 0.07058824
v 0.15722308 0.02829944 -0.00523499 0.56470588 0.92549020 0.07058824
v 0.16023694 0.02894448 -0.00535558 0.56470588 0.92549020 0.07058824
v 0.16341196 0.02536969 -0.00633308 0.56470588 0.92549020 0.07058824
v 0.16023694 0.02536969 -0.00605696 0.56470588 0.92549020 0.07058824
v 0.15822233 0.02536969 -0.00586020 0.56470588 0.92549020 0.07058824
v 0.15385464 0.02536969 -0.00537145 0.56470588 0.92549020 0.07058824
v 0.15066349 0.02536969 -0.00500013 0.56470588 0.92549020 0.07058824
v 0.14747235 0.02536969 -0.00461612 0.56470588 0.92549020 0.07058824
v 0.14428121 0.02536969 -0.00420672 0.56470588 0.92549020 0.07058824
v 0.13548138 0.02722159 -0.00275000 0.56470588 0.92549020 0.07058824
v 0.16341196 0.02936896 -0.00551109 0.56470588 0.92549020 0.07058824
v 0.16660311 0.02972893 -0.00564756 0.56470588 0.92549020 0.07058824
v 0.16660311 0.02813297 -0.00618074 0.56470588 0.92549020 0.07058824
v 0.17617655 0.03195745 -0.00421624 0.56470588 0.92549020 0.07058824
v 0.17936770 0.03213224 -0.00421624 0.56470588 0.92549020 0.07058824
v 0.18887667 0.03096700 -0.00638385 0.56470588 0.92549020 0.07058824
v 0.22404374 0.03344937 -0.00271509 0.56470588 0.92549020 0.07058824
v 0.22591330 0.03342024 -0.00271509 0.56470588 0.92549020 0.07058824
v 0.22607448 0.03341192 -0.00271509 0.56470588 0.92549020 0.07058824
v 0.22789568 0.03321632 -0.00102670 0.56470588 0.92549020 0.07058824
v 0.23679221 0.03142685 0.02425475 0.56470588 0.92549020 0.07058824
v 0.24738102 0.01261450 0.02425475 0.56470588 0.92549020 0.07058824
v 0.22404374 0.03387177 0.02425475 0.56470588 0.92549020 0.07058824
v 0.09203021 0.01388378 0.01113163 0.56470588 0.92549020 0.07058824
v 0.11967070 0.02766480 0.02425158 0.56470588 0.92549020 0.07058824
v 0.11460999 0.02671804 0.00535238 0.56470588 0.92549020 0.07058824
v 0.11238586 0.02578377 0.00535238 0.56470588 0.92549020 0.07058824
v 0.10911413 0.02430850 0.00565070 0.56470588 0.92549020 0.07058824
v 0.10427906 0.02066921 0.00366398 0.56470588 0.92549020 0.07058824
v 0.11012949 0.02413163 0.00326410 0.56470588 0.92549020 0.07058824
v 0.11810736 0.02647667 0.00113140 0.56470588 0.92549020 0.07058824
v 0.12021867 0.02701351 0.00052523 0.56470588 0.92549020 0.07058824
v 0.11610886 0.02435011 0.00027133 0.56470588 0.92549020 0.07058824
v 0.13332171 0.02536969 -0.00258180 0.56470588 0.92549020 0.07058824
v 0.13491729 0.02536969 -0.00283252 0.56470588 0.92549020 0.07058824
v 0.13791503 0.02536969 -0.00328953 0.56470588 0.92549020 0.07058824
v 0.14109006 0.02536969 -0.00376240 0.56470588 0.92549020 0.07058824
v 0.14747235 0.02218401 -0.00460977 0.56470588 0.92549020 0.07058824
v 0.15066349 0.02218401 -0.00500648 0.56470588 0.92549020 0.07058824
v 0.15819009 0.01899418 -0.00586972 0.56470588 0.92549020 0.07058824
v 0.16023694 0.01899418 -0.00608236 0.56470588 0.92549020 0.07058824
v 0.16341196 0.01899418 -0.00637116 0.56470588 0.92549020 0.07058824
v 0.16660311 0.02218401 -0.00664092 0.56470588 0.92549020 0.07058824
v 0.14508705 0.03028034 -0.00274365 0.56470588 0.92549020 0.07058824
v 0.14747235 0.03044056 -0.00290869 0.56470588 0.92549020 0.07058824
v 0.15066349 0.03064031 -0.00312449 0.56470588 0.92549020 0.07058824
v 0.15066349 0.03177018 -0.00102670 0.56470588 0.92549020 0.07058824
v 0.15385464 0.03207189 -0.00102670 0.56470588 0.92549020 0.07058824
v 0.15704579 0.03235072 -0.00102670 0.56470588 0.92549020 0.07058824
v 0.16023694 0.03261498 -0.00102670 0.56470588 0.92549020 0.07058824
v 0.16979426 0.03318095 -0.00145197 0.56470588 0.92549020 0.07058824
v 0.17296929 0.03323713 -0.00184233 0.56470588 0.92549020 0.07058824
v 0.14747235 0.02856161 -0.00387983 0.56470588 0.92549020 0.07058824
v 0.16341196 0.02218401 -0.00636798 0.56470588 0.92549020 0.07058824
v 0.16023694 0.02218401 -0.00607283 0.56470588 0.92549020 0.07058824
v 0.15815786 0.02218401 -0.00586655 0.56470588 0.92549020 0.07058824
v 0.15656228 0.02218401 -0.00568882 0.56470588 0.92549020 0.07058824
v 0.15385464 0.02218401 -0.00538415 0.56470588 0.92549020 0.07058824
v 0.14109006 0.02816002 -0.00316575 0.56470588 0.92549020 0.07058824
v 0.12195930 0.02728401 0.00027768 0.56470588 0.92549020 0.07058824
v 0.12515044 0.02776259 -0.00012538 0.56470588 0.92549020 0.07058824
v 0.14295962 0.03007850 -0.00255324 0.56470588 0.92549020 0.07058824
v 0.18399325 0.03335157 -0.00262623 0.56470588 0.92549020 0.07058824
v 0.18276837 0.03250678 -0.00390204 0.56470588 0.92549020 0.07058824
v 0.18573388 0.03242979 -0.00424480 0.56470588 0.92549020 0.07058824
v 0.18887667 0.03253383 -0.00428289 0.56470588 0.92549020 0.07058824
v 0.22365693 0.03344937 -0.00271509 0.56470588 0.92549020 0.07058824
v 0.20808802 0.03353469 -0.00102670 0.56470588 0.92549020 0.07058824
v 0.21766146 0.03353260 -0.00102670 0.56470588 0.92549020 0.07058824
v 0.22404374 0.03353052 -0.00102670 0.56470588 0.92549020 0.07058824
v 0.18887667 0.03255255 -0.00425750 0.56470588 0.92549020 0.07058824
v 0.22630011 0.03343897 -0.00102670 0.56470588 0.92549020 0.07058824
v 0.21932149 0.01987435 0.02425475 0.56470588 0.92549020 0.07058824
v 0.11967070 0.02136003 0.02425158 0.56470588 0.92549020 0.07058824
v 0.09800958 0.01388378 0.01358487 0.56470588 0.92549020 0.07058824
v 0.09614002 0.01388378 0.01306439 0.56470588 0.92549020 0.07058824
v 0.09581768 0.01388378 0.01294062 0.56470588 0.92549020 0.07058824
v 0.09415764 0.01388378 0.01216307 0.56470588 0.92549020 0.07058824
v 0.20489687 0.03353260 -0.00102670 0.56470588 0.92549020 0.07058824
v 0.20170572 0.03352636 -0.00102670 0.56470588 0.92549020 0.07058824
v 0.17617655 0.03347226 -0.00044592 0.56470588 0.92549020 0.07058824
v 0.17296929 0.03345561 -0.00024598 0.56470588 0.92549020 0.07058824
v 0.17295317 0.03343689 0.00245799 0.56470588 0.92549020 0.07058824
v 0.16979426 0.03340360 0.00149637 0.56470588 0.92549020 0.07058824
v 0.22199691 0.03383640 0.02425475 0.56470588 0.92549020 0.07058824
v 0.21932149 0.02650372 0.02425475 0.56470588 0.92549020 0.07058824
v 0.22191632 0.03369074 0.02425475 0.56470588 0.92549020 0.07058824
v 0.13288656 0.03029907 0.02425158 0.56470588 0.92549020 0.07058824
v 0.12195930 0.02897153 0.00535238 0.56470588 0.92549020 0.07058824
v 0.11876815 0.02816002 0.00535238 0.56470588 0.92549020 0.07058824
v 0.11620557 0.02732355 0.00535238 0.56470588 0.92549020 0.07058824
v 0.11654402 0.02720494 0.00325458 0.56470588 0.92549020 0.07058824
v 0.11900991 0.02746296 0.00218188 0.56470588 0.92549020 0.07058824
v 0.13027562 0.03009099 0.00088067 0.56470588 0.92549020 0.07058824
v 0.13238693 0.03025537 0.00042049 0.56470588 0.92549020 0.07058824
v 0.14412004 0.03091290 -0.00130281 0.56470588 0.92549020 0.07058824
v 0.14747235 0.03144350 -0.00102670 0.56470588 0.92549020 0.07058824
v 0.14109006 0.03151424 0.00216601 0.56470588 0.92549020 0.07058824
v 0.14428121 0.03181596 0.00216601 0.56470588 0.92549020 0.07058824
v 0.14747235 0.03210935 0.00216601 0.56470588 0.92549020 0.07058824
v 0.16341196 0.03285219 -0.00102670 0.56470588 0.92549020 0.07058824
v 0.15066349 0.03236320 0.00216601 0.56470588 0.92549020 0.07058824
v 0.16676428 0.03311228 -0.00076963 0.56470588 0.92549020 0.07058824
v 0.16790858 0.03336198 0.00046810 0.56470588 0.92549020 0.07058824
v 0.16979426 0.03340360 0.00014438 0.56470588 0.92549020 0.07058824
v 0.14412004 0.02883212 -0.00329905 0.56470588 0.92549020 0.07058824
v 0.19095575 0.03338278 -0.00271509 0.56470588 0.92549020 0.07058824
v 0.18898949 0.03336198 -0.00271509 0.56470588 0.92549020 0.07058824
v 0.21413186 0.03344521 -0.00271509 0.56470588 0.92549020 0.07058824
v 0.20170572 0.03343065 -0.00271509 0.56470588 0.92549020 0.07058824
v 0.20489687 0.03343897 -0.00271509 0.56470588 0.92549020 0.07058824
v 0.20779791 0.03344105 -0.00271509 0.56470588 0.92549020 0.07058824
v 0.18887667 0.03348891 -0.00102670 0.56470588 0.92549020 0.07058824
v 0.18573388 0.03347642 -0.00102670 0.56470588 0.92549020 0.07058824
v 0.16979426 0.03330788 0.00308637 0.56470588 0.92549020 0.07058824
v 0.17185722 0.03334533 0.00371159 0.56470588 0.92549020 0.07058824
v 0.16790858 0.03336198 0.00078546 0.56470588 0.92549020 0.07058824
v 0.16341196 0.03306443 0.00216601 0.56470588 0.92549020 0.07058824
v 0.16023694 0.03290837 0.00216601 0.56470588 0.92549020 0.07058824
v 0.15704579 0.03273566 0.00216601 0.56470588 0.92549020 0.07058824
v 0.15385464 0.03255464 0.00216601 0.56470588 0.92549020 0.07058824
v 0.12893791 0.03026994 0.00439075 0.56470588 0.92549020 0.07058824
v 0.12515044 0.02957495 0.00535238 0.56470588 0.92549020 0.07058824
v 0.12893791 0.03026994 0.00300703 0.56470588 0.92549020 0.07058824
v 0.12806760 0.02988499 0.00203272 0.56470588 0.92549020 0.07058824
v 0.12515044 0.02916504 0.00216601 0.56470588 0.92549020 0.07058824
v 0.12195930 0.02829944 0.00216601 0.56470588 0.92549020 0.07058824
v 0.13140380 0.03043016 0.00203272 0.56470588 0.92549020 0.07058824
v 0.13470777 0.03084839 0.00216601 0.56470588 0.92549020 0.07058824
v 0.13791503 0.03119380 0.00216601 0.56470588 0.92549020 0.07058824
v 0.14109006 0.03082342 -0.00068077 0.56470588 0.92549020 0.07058824
f 1300 1301 1302
f 1300 1302 1303
f 1300 1303 1314
f 1300 1314 1304
f 1300 1304 1301
f 1301 1305 1306
f 1301 1306 1307
f 1301 1307 1308
f 1301 1308 1302
f 1301 1304 1305
f 1302 1308 1309
f 1302 1309 1310
f 1302 1310 1311
f 1302 1311 1303
f 1303 1311 1312
f 1303 1312 1313
f 1303 1313 1314
f 1304 1314 1315
f 1304 1315 1316
f 1304 1316 1305
f 1305 1316 1317
f 1305 1317 1306
f 1306 1317 1318
f 1306 1318 1307
f 1307 1318 1319
f 1307 1319 1320
f 1307 1320 1321
f 1307 1321 1309
f 1307 1309 1308
f 1309 1321 1310
f 1310 1322 1325
f 1310 1325 1311
f 1310 1321 1322
f 1311 1323 1324
f 1311 1324 1312
f 1311 1325 1323
f 1312 1324 1326
f 1312 1326 1313
f 1313 1326 1314
f 1314 1327 1328
f 1314 1328 1329
f 1314 1329 1330
f 1314 1330 1331
f 1314 1331 1332
f 1314 1332 1333
f 1314 1333 1315
f 1314 1326 1334
f 1314 1334 1335
f 1314 1335 1327
f 1315 1333 1332
f 1315 1332 1336
f 1315 1336 1316
f 1316 1336 1337
f 1316 1337 1380
f 1316 1380 1378
f 1316 1378 1377
f 1316 1377 1434
f 1316 1434 1381
f 1316 1381 1338
f 1316 1338 1317
f 1317 1338 1339
f 1317 1339 1340
f 1317 1340 1341
f 1317 1341 1342
f 1317 1342 1343
f 1317 1343 1344
f 1317 1344 1345
f 1317 1345 1346
f 1317 1346 1347
f 1317 1347 1348
f 1317 1348 1349
f 1317 1349 1350
f 1317 1350 1351
f 1317 1351 1352
f 1317 1352 1353
f 1317 1353 1354
f 1317 1354 1355
f 1317 1355 1319
f 1317 1319 1318
f 1319 1355 1356
f 1319 1356 1320
f 1320 1356 1321
f 1321 1357 1322
f 1321 1356 1358
f 1321 1358 1359
f 1321 1359 1357
f 1322 1357 1325
f 1323 1325 1360
f 1323 1360 1361
f 1323 1361 1362
f 1323 1362 1324
f 1324 1362 1363
f 1324 1363 1364
f 1324 1364 1365
f 1324 1365 1326
f 1325 1357 1359
f 1325 1359 1366
f 1325 1366 1367
f 1325 1367 1368
f 1325 1368 1369
f 1325 1369 1360
f 1326 1365 1370
f 1326 1370 1371
f 1326 1371 1372
f 1326 1372 1373
f 1326 1373 1334
f 1327 1374 1375
f 1327 1375 1376
f 1327 1376 1328
f 1327 1335 1374
f 1328 1376 1375
f 1328 1375 1374
f 1328 1374 1433
f 1328 1433 1435
f 1328 1435 1497
f 1328 1497 1499
f 1328 1499 1498
f 1328 1498 1485
f 1328 1485 1434
f 1328 1434 1377
f 1328 1377 1331
f 1328 1331 1330
f 1328 1330 1329
f 1331 1377 1378
f 1331 1378 1336
f 1331 1336 1332
f 1334 1373 1335
f 1335 1373 1379
f 1335 1379 1374
f 1336 1378 1380
f 1336 1380 1337
f 1338 1381 1382
f 1338 1382 1339
f 1339 1382 1383
f 1339 1383 1384
f 1339 1384 1385
f 1339 1385 1340
f 1340 1385 1341
f 1341 1386 1342
f 1341 1385 1387
f 1341 1387 1386
f 1342 1386 1388
f 1342 1388 1343
f 1343 1388 1344
f 1344 1388 1389
f 1344 1389 1390
f 1344 1390 1345
f 1345 1390 1346
f 1346 1390 1347
f 1347 1390 1391
f 1347 1391 1348
f 1348 1391 1392
f 1348 1392 1393
f 1348 1393 1394
f 1348 1394 1349
f 1349 1394 1350
f 1350 1394 1351
f 1351 1395 1396
f 1351 1396 1352
f 1351 1394 1395
f 1352 1396 1353
f 1353 1397 1356
f 1353 1356 1354
f 1353 1396 1397
f 1354 1356 1355
f 1356 1397 1358
f 1358 1397 1396
f 1358 1396 1398
f 1358 1398 1399
f 1358 1399 1359
f 1359 1399 1400
f 1359 1400 1401
f 1359 1401 1366
f 1360 1369 1402
f 1360 1402 1361
f 1361 1403 1404
f 1361 1404 1405
f 1361 1405 1406
f 1361 1406 1407
f 1361 1407 1362
f 1361 1402 1408
f 1361 1408 1403
f 1362 1407 1409
f 1362 1409 1363
f 1363 1409 1364
f 1364 1409 1365
f 1365 1409 1410
f 1365 1410 1370
f 1366 1401 1367
f 1367 1411 1412
f 1367 1412 1413
f 1367 1413 1414
f 1367 1414 1368
f 1367 1401 1400
f 1367 1400 1415
f 1367 1415 1416
f 1367 1416 1417
f 1367 1417 1418
f 1367 1418 1419
f 1367 1419 1420
f 1367 1420 1421
f 1367 1421 1422
f 1367 1422 1411
f 1368 1414 1423
f 1368 1423 1369
f 1369 1423 1424
f 1369 1424 1403
f 1369 1403 1425
f 1369 1425 1408
f 1369 1408 1402
f 1370 1410 1426
f 1370 1426 1371
f 1371 1426 1427
f 1371 1427 1428
f 1371 1428 1429
f 1371 1429 1430
f 1371 1430 1431
f 1371 1431 1372
f 1372 1431 1432
f 1372 1432 1379
f 1372 1379 1373
f 1374 1379 1433
f 1379 1432 1435
f 1379 1435 1433
f 1381 1434 1382
f 1382 1434 1436
f 1382 1436 1437
f 1382 1437 1383
f 1383 1437 1384
f 1384 1438 1385
f 1384 1437 1438
f 1385 1438 1439
f 1385 1439 1440
f 1385 1440 1387
f 1386 1387 1441
f 1386 1441 1388
f 1387 1440 1442
f 1387 1442 1441
f 1388 1441 1389
f 1389 1443 1444
f 1389 1444 1445
f 1389 1445 1390
f 1389 1441 1442
f 1389 1442 1443
f 1390 1445 1422
f 1390 1422 1446
f 1390 1446 1447
f 1390 1447 1448
f 1390 1448 1449
f 1390 1449 1391
f 1391 1449 1421
f 1391 1421 1392
f 1392 1421 1420
f 1392 1420 1450
f 1392 1450 1393
f 1393 1450 1451
f 1393 1451 1452
f 1393 1452 1453
f 1393 1453 1454
f 1393 1454 1395
f 1393 1395 1394
f 1395 1454 1396
f 1396 1454 1398
f 1398 1454 1399
f 1399 1454 1455
f 1399 1455 1415
f 1399 1415 1400
f 1403 1424 1456
f 1403 1456 1457
f 1403 1457 1458
f 1403 1458 1404
f 1403 1408 1425
f 1404 1458 1459
f 1404 1459 1460
f 1404 1460 1405
f 1405 1460 1461
f 1405 1461 1406
f 1406 1462 1463
f 1406 1463 1464
f 1406 1464 1407
f 1406 1461 1462
f 1407 1464 1409
f 1409 1464 1410
f 1410 1464 1426
f 1411 1465 1456
f 1411 1456 1412
f 1411 1422 1465
f 1412 1456 1414
f 1412 1414 1413
f 1414 1456 1423
f 1415 1455 1466
f 1415 1466 1416
f 1416 1466 1467
f 1416 1467 1417
f 1417 1468 1469
f 1417 1469 1418
f 1417 1467 1468
f 1418 1469 1470
f 1418 1470 1419
f 1419 1451 1420
f 1419 1470 1451
f 1420 1451 1450
f 1421 1449 1422
f 1422 1471 1465
f 1422 1449 1448
f 1422 1448 1447
f 1422 1447 1446
f 1422 1445 1444
f 1422 1444 1472
f 1422 1472 1473
f 1422 1473 1474
f 1422 1474 1471
f 1423 1456 1424
f 1426 1464 1427
f 1427 1464 1475
f 1427 1475 1476
f 1427 1476 1477
f 1427 1477 1428
f 1428 1477 1478
f 1428 1478 1429
f 1429 1479 1480
f 1429 1480 1481
f 1429 1481 1482
f 1429 1482 1430
f 1429 1478 1483
f 1429 1483 1479
f 1430 1484 1431
f 1430 1482 1484
f 1431 1484 1432
f 1432 1484 1435
f 1434 1485 1486
f 1434 1486 1487
f 1434 1487 1488
f 1434 1488 1489
f 1434 1489 1490
f 1434 1490 1436
f 1435 1484 1482
f 1435 1482 1481
f 1435 1481 1480
f 1435 1480 1491
f 1435 1491 1492
f 1435 1492 1493
f 1435 1493 1494
f 1435 1494 1495
f 1435 1495 1496
f 1435 1496 1497
f 1436 1490 1437
f 1437 1486 1485
f 1437 1485 1498
f 1437 1498 1499
f 1437 1499 1497
f 1437 1497 1500
f 1437 1500 1501
f 1437 1501 1502
f 1437 1502 1503
f 1437 1503 1438
f 1437 1490 1486
f 1438 1503 1504
f 1438 1504 1439
f 1439 1504 1440
f 1440 1504 1442
f 1442 1504 1443
f 1443 1504 1444
f 1444 1505 1506
f 1444 1506 1472
f 1444 1504 1505
f 1451 1470 1452
f 1452 1470 1469
f 1452 1469 1468
f 1452 1468 1453
f 1453 1467 1466
f 1453 1466 1454
f 1453 1468 1467
f 1454 1466 1455
f 1456 1474 1507
f 1456 1507 1508
f 1456 1508 1509
f 1456 1509 1457
f 1456 1465 1474
f 1457 1509 1459
f 1457 1459 1458
f 1459 1509 1507
f 1459 1507 1510
f 1459 1510 1511
f 1459 1511 1460
f 1460 1511 1512
f 1460 1512 1461
f 1461 1512 1462
f 1462 1513 1463
f 1462 1512 1514
f 1462 1514 1513
f 1463 1513 1515
f 1463 1515 1516
f 1463 1516 1517
f 1463 1517 1464
f 1464 1494 1475
f 1464 1517 1494
f 1465 1518 1474
f 1465 1471 1518
f 1471 1474 1518
f 1472 1506 1507
f 1472 1507 1473
f 1473 1507 1474
f 1475 1519 1520
f 1475 1520 1483
f 1475 1483 1477
f 1475 1477 1476
f 1475 1494 1493
f 1475 1493 1519
f 1477 1483 1478
f 1479 1483 1521
f 1479 1521 1480
f 1480 1521 1491
f 1483 1520 1519
f 1483 1519 1522
f 1483 1522 1523
f 1483 1523 1524
f 1483 1524 1521
f 1486 1490 1489
f 1486 1489 1488
f 1486 1488 1487
f 1491 1521 1524
f 1491 1524 1523
f 1491 1523 1492
f 1492 1523 1522
f 1492 1522 1525
f 1492 1525 1493
f 1493 1525 1526
f 1493 1526 1519
f 1494 1517 1496
f 1494 1496 1495
f 1496 1527 1528
f 1496 1528 1497
f 1496 1517 1516
f 1496 1516 1529
f 1496 1529 1527
f 1497 1528 1500
f 1500 1528 1527
f 1500 1527 1529
f 1500 1529 1530
f 1500 1530 1531
f 1500 1531 1532
f 1500 1532 1533
f 1500 1533 1514
f 1500 1514 1512
f 1500 1512 1511
f 1500 1511 1510
f 1500 1510 1534
f 1500 1534 1535
f 1500 1535 1501
f 1501 1535 1536
f 1501 1536 1537
f 1501 1537 1504
f 1501 1504 1502
f 1502 1504 1503
f 1504 1537 1538
f 1504 1538 1539
f 1504 1539 1505
f 1505 1539 1506
f 1506 1539 1538
f 1506 1538 1537
f 1506 1537 1536
f 1506 1536 1540
f 1506 1540 1541
f 1506 1541 1507
f 1507 1541 1542
f 1507 1542 1510
f 1507 1509 1543
f 1507 1543 1508
f 1508 1543 1509
f 1510 1542 1534
f 1513 1514 1516
f 1513 1516 1515
f 1514 1533 1516
f 1516 1533 1529
f 1519 1526 1522
f 1522 1526 1525
f 1529 1533 1532
f 1529 1532 1531
f 1529 1531 1530
f 1534 1536 1535
f 1534 1542 1536
f 1536 1542 1541
f 1536 1541 1540

o geometry_5
v 0.21306979 -0.04290392 0.07411742 0.08627451 0.01960784 0.83137255
v 0.21306979 -0.04352320 0.07411742 0.08627451 0.01960784 0.83137255
v 0.21306979 -0.04201412 0.07335246 0.08627451 0.01960784 0.83137255
v 0.21010057 -0.01940071 0.06916739 0.08627451 0.01960784 0.83137255
v 0.20936909 -0.01940071 0.07037158 0.08627451 0.01960784 0.83137255
v 0.20783876 -0.01940071 0.07129447 0.08627451 0.01960784 0.83137255
v 0.17619273 -0.03916544 0.07467510 0.08627451 0.01960784 0.83137255
v 0.17619273 -0.04082445 0.07467510 0.08627451 0.01960784 0.83137255
v 0.21128440 -0.04355580 0.07411248 0.08627451 0.01960784 0.83137255
v 0.21128440 -0.04450101 0.07237035 0.08627451 0.01960784 0.83137255
v 0.21306979 -0.04393714 0.07335246 0.08627451 0.01960784 0.83137255
v 0.21306979 -0.04041377 0.07158565 0.08627451 0.01960784 0.83137255
v 0.20426318 -0.01585453 0.06352149 0.08627451 0.01960784 0.83137255
v 0.20426318 -0.01655855 0.06665042 0.08627451 0.01960784 0.83137255
v 0.21306979 -0.03996073 0.07089965 0.08627451 0.01960784 0.83137255
v 0.21306979 -0.01940071 0.03926486 0.08627451 0.01960784 0.83137255
v 0.20426318 -0.01168255 0.04303537 0.08627451 0.01960784 0.83137255
v 0.20426318 -0.01740924 0.07004586 0.08627451 0.01960784 0.83137255
v 0.20364721 -0.01761132 0.07093914 0.08627451 0.01960784 0.83137255
v 0.19745852 -0.01733754 0.07099836 0.08627451 0.01960784 0.83137255
v 0.16391161 -0.03899922 0.07467016 0.08627451 0.01960784 0.83137255
v 0.16390680 -0.01916603 0.07141292 0.08627451 0.01960784 0.83137255
v 0.16391161 -0.04059956 0.07467016 0.08627451 0.01960784 0.83137255
v 0.16662096 -0.04080816 0.07465536 0.08627451 0.01960784 0.83137255
v 0.18257391 -0.04372202 0.07173864 0.08627451 0.01960784 0.83137255
v 0.18040354 -0.04373180 0.07156097 0.08627451 0.01960784 0.83137255
v 0.18257391 -0.04414900 0.06918220 0.08627451 0.01960784 0.83137255
v 0.21128440 -0.04481717 0.06916739 0.08627451 0.01960784 0.83137255
v 0.21306979 -0.04449449 0.07095394 0.08627451 0.01960784 0.83137255
v 0.21306979 -0.04435434 0.07237035 0.08627451 0.01960784 0.83137255
v 0.19454704 -0.01412055 0.06819515 0.08627451 0.01960784 0.83137255
v 0.21306979 -0.01940071 0.02854061 0.08627451 0.01960784 0.83137255
v 0.20426318 -0.01168255 0.03505017 0.08627451 0.01960784 0.83137255
v 0.18553832 -0.01151959 0.05108966 0.08627451 0.01960784 0.83137255
v 0.18483572 -0.01151959 0.05228892 0.08627451 0.01960784 0.83137255
v 0.19721309 -0.01168255 0.04886881 0.08627451 0.01960784 0.83137255
v 0.19639499 -0.01733754 0.07099836 0.08627451 0.01960784 0.83137255
v 0.17404161 -0.01765043 0.07087991 0.08627451 0.01960784 0.83137255
v 0.16390680 -0.01690730 0.06904894 0.08627451 0.01960784 0.83137255
v 0.16390680 -0.02147040 0.07137837 0.08627451 0.01960784 0.83137255
v 0.16390680 -0.02214835 0.06948324 0.08627451 0.01960784 0.83137255
v 0.16390680 -0.02225591 0.06917232 0.08627451 0.01960784 0.83137255
v 0.16391161 -0.04092549 0.07237035 0.08627451 0.01960784 0.83137255
v 0.17139482 -0.04324290 0.06767695 0.08627451 0.01960784 0.83137255
v 0.16662096 -0.04151544 0.07237035 0.08627451 0.01960784 0.83137255
v 0.16981155 -0.04199130 0.07237035 0.08627451 0.01960784 0.83137255
v 0.18003299 -0.04402840 0.06918220 0.08627451 0.01960784 0.83137255
v 0.18014367 -0.04387521 0.06598910 0.08627451 0.01960784 0.83137255
v 0.21306979 -0.04451730 0.06916739 0.08627451 0.01960784 0.83137255
v 0.18055272 -0.04352320 0.06383734 0.08627451 0.01960784 0.83137255
v 0.20910922 -0.04350691 0.06352149 0.08627451 0.01960784 0.83137255
v 0.21041818 -0.04350691 0.06352149 0.08627451 0.01960784 0.83137255
v 0.19561539 -0.01168255 0.04976208 0.08627451 0.01960784 0.83137255
v 0.17520139 -0.01151959 0.05911433 0.08627451 0.01960784 0.83137255
v 0.19342095 -0.01412055 0.06819515 0.08627451 0.01960784 0.83137255
v 0.21306979 -0.02059689 0.02426177 0.08627451 0.01960784 0.83137255
v 0.21141915 -0.02055452 0.02426177 0.08627451 0.01960784 0.83137255
v 0.19560095 -0.02047630 0.02426177 0.08627451 0.01960784 0.83137255
v 0.17361331 -0.02049585 0.02426177 0.08627451 0.01960784 0.83137255
v 0.17313207 -0.02049911 0.02426177 0.08627451 0.01960784 0.83137255
v 0.16726100 -0.02055778 0.02426177 0.08627451 0.01960784 0.83137255
v 0.20190514 -0.01168255 0.03508966 0.08627451 0.01960784 0.83137255
v 0.18553832 -0.01151959 0.03774974 0.08627451 0.01960784 0.83137255
v 0.17388761 -0.01151959 0.05911433 0.08627451 0.01960784 0.83137255
v 0.17326682 -0.01151959 0.05637035 0.08627451 0.01960784 0.83137255
v 0.17298289 -0.01151959 0.05462328 0.08627451 0.01960784 0.83137255
v 0.16390680 -0.01672804 0.06251964 0.08627451 0.01960784 0.83137255
v 0.16390680 -0.02261769 0.06649250 0.08627451 0.01960784 0.83137255
v 0.16390680 -0.02559674 0.03964980 0.08627451 0.01960784 0.83137255
v 0.16390680 -0.02559674 0.02426177 0.08627451 0.01960784 0.83137255
v 0.16391161 -0.04041377 0.06958195 0.08627451 0.01960784 0.83137255
v 0.17139482 -0.04324290 0.06757331 0.08627451 0.01960784 0.83137255
v 0.21306979 -0.04410337 0.06765721 0.08627451 0.01960784 0.83137255
v 0.17765569 -0.03693279 0.04506375 0.08627451 0.01960784 0.83137255
v 0.20921510 -0.04029318 0.05418898 0.08627451 0.01960784 0.83137255
v 0.21306979 -0.04370573 0.06630989 0.08627451 0.01960784 0.83137255
v 0.21030750 -0.04029318 0.05418898 0.08627451 0.01960784 0.83137255
v 0.21306979 -0.04152522 0.05959799 0.08627451 0.01960784 0.83137255
v 0.21306979 -0.02704390 0.02426177 0.08627451 0.01960784 0.83137255
v 0.20425837 -0.02729813 0.02425683 0.08627451 0.01960784 0.83137255
v 0.18554313 -0.02560000 0.02425683 0.08627451 0.01960784 0.83137255
v 0.16391161 -0.02560000 0.02425683 0.08627451 0.01960784 0.83137255
v 0.16681827 -0.02057082 0.02426177 0.08627451 0.01960784 0.83137255
v 0.18895027 -0.01168255 0.03692556 0.08627451 0.01960784 0.83137255
v 0.16390680 -0.02070771 0.02426177 0.08627451 0.01960784 0.83137255
v 0.18389731 -0.01151959 0.03858873 0.08627451 0.01960784 0.83137255
v 0.17298289 -0.01151959 0.05321674 0.08627451 0.01960784 0.83137255
v 0.16390680 -0.01705397 0.05911927 0.08627451 0.01960784 0.83137255
v 0.16391161 -0.02622254 0.02425683 0.08627451 0.01960784 0.83137255
v 0.16391161 -0.03856246 0.06283056 0.08627451 0.01960784 0.83137255
v 0.17725626 -0.03073675 0.02856035 0.08627451 0.01960784 0.83137255
v 0.17796849 -0.03693279 0.04506375 0.08627451 0.01960784 0.83137255
v 0.21306979 -0.03964457 0.05442587 0.08627451 0.01960784 0.83137255
v 0.21306979 -0.04053111 0.05675036 0.08627451 0.01960784 0.83137255
v 0.17823317 -0.03073675 0.02856035 0.08627451 0.01960784 0.83137255
v 0.20652498 -0.03048578 0.02928090 0.08627451 0.01960784 0.83137255
v 0.21306979 -0.03427641 0.04050853 0.08627451 0.01960784 0.83137255
v 0.21306979 -0.03550193 0.04366214 0.08627451 0.01960784 0.83137255
v 0.20772327 -0.02771207 0.02426177 0.08627451 0.01960784 0.83137255
v 0.20425837 -0.02738939 0.02425683 0.08627451 0.01960784 0.83137255
v 0.16390680 -0.01767651 0.05314765 0.08627451 0.01960784 0.83137255
v 0.17337750 -0.01151959 0.05167201 0.08627451 0.01960784 0.83137255
v 0.17377693 -0.01151959 0.05046782 0.08627451 0.01960784 0.83137255
v 0.17590399 -0.02837698 0.02425683 0.08627451 0.01960784 0.83137255
v 0.17956619 -0.02829549 0.02425683 0.08627451 0.01960784 0.83137255
f 1544 1545 1554
f 1544 1554 1573
f 1544 1573 1572
f 1544 1572 1592
f 1544 1592 1616
f 1544 1616 1619
f 1544 1619 1621
f 1544 1621 1637
f 1544 1637 1636
f 1544 1636 1641
f 1544 1641 1640
f 1544 1640 1622
f 1544 1622 1599
f 1544 1599 1575
f 1544 1575 1559
f 1544 1559 1558
f 1544 1558 1555
f 1544 1555 1546
f 1544 1546 1547
f 1544 1547 1548
f 1544 1548 1549
f 1544 1549 1550
f 1544 1550 1551
f 1544 1551 1545
f 1545 1551 1552
f 1545 1552 1553
f 1545 1553 1554
f 1546 1555 1547
f 1547 1556 1557
f 1547 1557 1548
f 1547 1555 1558
f 1547 1558 1559
f 1547 1559 1560
f 1547 1560 1556
f 1548 1557 1561
f 1548 1561 1562
f 1548 1562 1549
f 1549 1563 1550
f 1549 1562 1563
f 1550 1564 1566
f 1550 1566 1551
f 1550 1563 1565
f 1550 1565 1564
f 1551 1566 1567
f 1551 1567 1552
f 1552 1567 1568
f 1552 1568 1553
f 1553 1568 1569
f 1553 1569 1570
f 1553 1570 1571
f 1553 1571 1572
f 1553 1572 1573
f 1553 1573 1554
f 1556 1574 1557
f 1556 1560 1574
f 1557 1574 1561
f 1559 1575 1576
f 1559 1576 1560
f 1560 1576 1606
f 1560 1606 1577
f 1560 1577 1578
f 1560 1578 1579
f 1560 1579 1574
f 1561 1574 1562
f 1562 1574 1563
f 1563 1574 1598
f 1563 1598 1580
f 1563 1580 1565
f 1564 1565 1566
f 1565 1580 1581
f 1565 1581 1582
f 1565 1582 1610
f 1565 1610 1631
f 1565 1631 1644
f 1565 1644 1628
f 1565 1628 1613
f 1565 1613 1612
f 1565 1612 1611
f 1565 1611 1585
f 1565 1585 1584
f 1565 1584 1583
f 1565 1583 1566
f 1566 1583 1584
f 1566 1584 1585
f 1566 1585 1586
f 1566 1586 1587
f 1566 1587 1588
f 1566 1588 1589
f 1566 1589 1569
f 1566 1569 1567
f 1567 1569 1568
f 1569 1589 1587
f 1569 1587 1590
f 1569 1590 1570
f 1570 1590 1591
f 1570 1591 1571
f 1571 1592 1572
f 1571 1591 1593
f 1571 1593 1594
f 1571 1594 1595
f 1571 1595 1592
f 1574 1579 1596
f 1574 1596 1597
f 1574 1597 1607
f 1574 1607 1598
f 1575 1599 1576
f 1576 1599 1600
f 1576 1600 1601
f 1576 1601 1602
f 1576 1602 1603
f 1576 1603 1604
f 1576 1604 1605
f 1576 1605 1606
f 1577 1606 1629
f 1577 1629 1646
f 1577 1646 1645
f 1577 1645 1630
f 1577 1630 1609
f 1577 1609 1608
f 1577 1608 1607
f 1577 1607 1597
f 1577 1597 1578
f 1578 1597 1579
f 1579 1597 1596
f 1580 1598 1581
f 1581 1598 1582
f 1582 1598 1607
f 1582 1607 1608
f 1582 1608 1609
f 1582 1609 1610
f 1585 1611 1586
f 1586 1611 1612
f 1586 1612 1613
f 1586 1613 1614
f 1586 1614 1615
f 1586 1615 1587
f 1587 1615 1590
f 1587 1589 1588
f 1590 1615 1591
f 1591 1615 1593
f 1592 1595 1616
f 1593 1615 1617
f 1593 1617 1618
f 1593 1618 1594
f 1594 1618 1620
f 1594 1620 1595
f 1595 1619 1616
f 1595 1620 1621
f 1595 1621 1619
f 1599 1622 1643
f 1599 1643 1623
f 1599 1623 1624
f 1599 1624 1600
f 1600 1624 1601
f 1601 1624 1625
f 1601 1625 1602
f 1602 1625 1603
f 1603 1625 1604
f 1604 1625 1626
f 1604 1626 1605
f 1605 1627 1606
f 1605 1626 1628
f 1605 1628 1627
f 1606 1627 1628
f 1606 1628 1629
f 1609 1630 1610
f 1610 1630 1631
f 1613 1628 1625
f 1613 1625 1632
f 1613 1632 1633
f 1613 1633 1614
f 1614 1633 1615
f 1615 1633 1632
f 1615 1632 1617
f 1617 1632 1634
f 1617 1634 1638
f 1617 1638 1635
f 1617 1635 1620
f 1617 1620 1618
f 1620 1636 1637
f 1620 1637 1621
f 1620 1635 1638
f 1620 1638 1639
f 1620 1639 1640
f 1620 1640 1641
f 1620 1641 1636
f 1622 1639 1642
f 1622 1642 1643
f 1622 1640 1639
f 1623 1643 1648
f 1623 1648 1647
f 1623 1647 1632
f 1623 1632 1625
f 1623 1625 1624
f 1625 1628 1626
f 1628 1644 1630
f 1628 1630 1645
f 1628 1645 1646
f 1628 1646 1629
f 1630 1644 1631
f 1632 1647 1634
f 1634 1647 1638
f 1638 1647 1642
f 1638 1642 1639
f 1642 1647 1648
f 1642 1648 1643

o geometry_6
v 0.23889797 -0.03273144 0.07425101 0.77647059 0.86666667 0.97647059
v 0.23805649 -0.03273144 0.07425101 0.77647059 0.86666667 0.97647059
v 0.23889797 -0.03416676 0.07425101 0.77647059 0.86666667 0.97647059
v 0.24413633 -0.04608181 0.07093797 0.77647059 0.86666667 0.97647059
v 0.23847815 0.02389032 0.07400143 0.77647059 0.86666667 0.97647059
v 0.23805649 -0.03416676 0.07425101 0.77647059 0.86666667 0.97647059
v 0.23835927 0.02389032 0.07400143 0.77647059 0.86666667 0.97647059
v 0.23193577 0.03667944 0.07084499 0.77647059 0.86666667 0.97647059
v 0.24413633 -0.04660625 0.07093797 0.77647059 0.86666667 0.97647059
v 0.24413633 -0.00805488 0.06173779 0.77647059 0.86666667 0.97647059
v 0.24168804 0.04390207 0.06514381 0.77647059 0.86666667 0.97647059
v 0.24137411 0.04478535 0.06611766 0.77647059 0.86666667 0.97647059
v 0.24187380 0.01579361 0.06844707 0.77647059 0.86666667 0.97647059
v 0.23968558 0.04464734 0.06924474 0.77647059 0.86666667 0.97647059
v 0.23872335 0.04367205 0.07097712 0.77647059 0.86666667 0.97647059
v 0.23569179 -0.03782869 0.07145670 0.77647059 0.86666667 0.97647059
v 0.24158216 -0.04644064 0.07078626 0.77647059 0.86666667 0.97647059
v 0.24320569 -0.04657865 0.07091839 0.77647059 0.86666667 0.97647059
v 0.23193577 0.03642182 0.07084499 0.77647059 0.86666667 0.97647059
v 0.22515934 -0.02356744 0.06074436 0.77647059 0.86666667 0.97647059
v 0.23803419 0.04367205 0.07097712 0.77647059 0.86666667 0.97647059
v 0.23490418 0.04009294 0.07098690 0.77647059 0.86666667 0.97647059
v 0.23828497 0.04626668 0.06822685 0.77647059 0.86666667 0.97647059
v 0.22942619 0.03765472 0.06572127 0.77647059 0.86666667 0.97647059
v 0.24320569 -0.04742513 0.06918113 0.77647059 0.86666667 0.97647059
v 0.24413633 -0.04720430 0.06970475 0.77647059 0.86666667 0.97647059
v 0.24413633 0.00283888 0.04606322 0.77647059 0.86666667 0.97647059
v 0.24251653 0.04132585 0.05358975 0.77647059 0.86666667 0.97647059
v 0.24243293 0.04132585 0.05641343 0.77647059 0.86666667 0.97647059
v 0.24226203 0.04132585 0.05960413 0.77647059 0.86666667 0.97647059
v 0.24174934 0.04478535 0.06276547 0.77647059 0.86666667 0.97647059
v 0.24154129 0.04602746 0.06381272 0.77647059 0.86666667 0.97647059
v 0.23922861 0.04626668 0.06822685 0.77647059 0.86666667 0.97647059
v 0.23807506 -0.04681788 0.06804089 0.77647059 0.86666667 0.97647059
v 0.24031530 -0.04708470 0.06913708 0.77647059 0.86666667 0.97647059
v 0.22515934 0.00283888 0.04667004 0.77647059 0.86666667 0.97647059
v 0.22515934 -0.02356744 0.02426173 0.77647059 0.86666667 0.97647059
v 0.23569179 -0.04429685 0.06082755 0.77647059 0.86666667 0.97647059
v 0.23766640 -0.04703869 0.06599042 0.77647059 0.86666667 0.97647059
v 0.23824039 0.04633109 0.06598553 0.77647059 0.86666667 0.97647059
v 0.22942619 0.04049778 0.05960413 0.77647059 0.86666667 0.97647059
v 0.22942619 0.04047018 0.05978519 0.77647059 0.86666667 0.97647059
v 0.22942619 0.03993652 0.06236418 0.77647059 0.86666667 0.97647059
v 0.24001251 -0.04766435 0.06599042 0.77647059 0.86666667 0.97647059
v 0.24413633 -0.04754474 0.06599042 0.77647059 0.86666667 0.97647059
v 0.24413633 -0.04739752 0.06918113 0.77647059 0.86666667 0.97647059
v 0.24413633 0.00283888 0.04022013 0.77647059 0.86666667 0.97647059
v 0.24251653 0.04164787 0.05010543 0.77647059 0.86666667 0.97647059
v 0.24161560 0.04611947 0.06168395 0.77647059 0.86666667 0.97647059
v 0.23977474 0.04633109 0.06598553 0.77647059 0.86666667 0.97647059
v 0.22515934 0.00283888 0.03744539 0.77647059 0.86666667 0.97647059
v 0.22515934 -0.01849779 0.02426173 0.77647059 0.86666667 0.97647059
v 0.22942619 0.02233538 0.02425683 0.77647059 0.86666667 0.97647059
v 0.23569179 -0.02958476 0.02425683 0.77647059 0.86666667 0.97647059
v 0.23569179 -0.04034971 0.04776623 0.77647059 0.86666667 0.97647059
v 0.23569179 -0.04339517 0.05444615 0.77647059 0.86666667 0.97647059
v 0.23569179 -0.04356999 0.05512638 0.77647059 0.86666667 0.97647059
v 0.23569179 -0.04422324 0.05782771 0.77647059 0.86666667 0.97647059
v 0.23775556 -0.04684548 0.06348484 0.77647059 0.86666667 0.97647059
v 0.23828125 0.04627588 0.06279483 0.77647059 0.86666667 0.97647059
v 0.22942619 0.04014814 0.05641343 0.77647059 0.86666667 0.97647059
v 0.23832397 0.04622067 0.05960413 0.77647059 0.86666667 0.97647059
v 0.23836856 0.04616547 0.05737259 0.77647059 0.86666667 0.97647059
v 0.24001251 -0.04685468 0.06342612 0.77647059 0.86666667 0.97647059
v 0.24413633 -0.04675347 0.06320590 0.77647059 0.86666667 0.97647059
v 0.24413633 -0.00119108 0.02426173 0.77647059 0.86666667 0.97647059
v 0.24251653 0.04093942 0.04717409 0.77647059 0.86666667 0.97647059
v 0.24150229 0.04608266 0.05851283 0.77647059 0.86666667 0.97647059
v 0.24161560 0.04611947 0.06063670 0.77647059 0.86666667 0.97647059
v 0.24026886 0.04621147 0.05958945 0.77647059 0.86666667 0.97647059
v 0.22515934 -0.01427462 0.02586687 0.77647059 0.86666667 0.97647059
v 0.22942619 0.03825278 0.04685600 0.77647059 0.86666667 0.97647059
v 0.22942619 0.03759032 0.04366041 0.77647059 0.86666667 0.97647059
v 0.22942619 0.03620100 0.03935883 0.77647059 0.86666667 0.97647059
v 0.22942619 0.03542813 0.03722518 0.77647059 0.86666667 0.97647059
v 0.22942619 0.02937400 0.02425683 0.77647059 0.86666667 0.97647059
v 0.23682491 -0.02939155 0.02425683 0.77647059 0.86666667 0.97647059
v 0.24413633 -0.03389074 0.03529705 0.77647059 0.86666667 0.97647059
v 0.24413633 -0.03716623 0.04177144 0.77647059 0.86666667 0.97647059
v 0.24413633 -0.04341357 0.05451467 0.77647059 0.86666667 0.97647059
v 0.23615433 -0.04034971 0.04776623 0.77647059 0.86666667 0.97647059
v 0.23574195 -0.04339517 0.05444615 0.77647059 0.86666667 0.97647059
v 0.24413633 -0.04624743 0.06164970 0.77647059 0.86666667 0.97647059
v 0.23937351 0.04616547 0.05737259 0.77647059 0.86666667 0.97647059
v 0.23834812 0.04296359 0.04516767 0.77647059 0.86666667 0.97647059
v 0.23805834 0.04327642 0.04685600 0.77647059 0.86666667 0.97647059
v 0.24413633 -0.02356744 0.02425683 0.77647059 0.86666667 0.97647059
v 0.24251653 0.02975123 0.02425683 0.77647059 0.86666667 0.97647059
v 0.24251653 0.03029408 0.02487834 0.77647059 0.86666667 0.97647059
v 0.24251653 0.03077252 0.02577878 0.77647059 0.86666667 0.97647059
v 0.24251653 0.03729589 0.03872755 0.77647059 0.86666667 0.97647059
v 0.24251653 0.03949489 0.04374360 0.77647059 0.86666667 0.97647059
v 0.24134068 0.04272437 0.04897498 0.77647059 0.86666667 0.97647059
v 0.24179579 0.04312920 0.05108907 0.77647059 0.86666667 0.97647059
v 0.23908001 0.04327642 0.04685600 0.77647059 0.86666667 0.97647059
v 0.23850416 0.04296359 0.04516767 0.77647059 0.86666667 0.97647059
v 0.23478529 0.03385479 0.02849968 0.77647059 0.86666667 0.97647059
v 0.23362431 0.03122336 0.02425683 0.77647059 0.86666667 0.97647059
v 0.24032087 -0.02847147 0.02425683 0.77647059 0.86666667 0.97647059
v 0.24225275 -0.03078087 0.02874437 0.77647059 0.86666667 0.97647059
v 0.24413633 -0.03340310 0.03438193 0.77647059 0.86666667 0.97647059
v 0.24413633 -0.04350559 0.05472510 0.77647059 0.86666667 0.97647059
v 0.24413633 -0.02732137 0.02425683 0.77647059 0.86666667 0.97647059
v 0.24012954 0.03068051 0.02425683 0.77647059 0.86666667 0.97647059
v 0.24224532 0.03059771 0.02510834 0.77647059 0.86666667 0.97647059
v 0.24001437 0.03070812 0.02425683 0.77647059 0.86666667 0.97647059
v 0.23680634 0.03142578 0.02425683 0.77647059 0.86666667 0.97647059
v 0.23622863 0.03385479 0.02849968 0.77647059 0.86666667 0.97647059
v 0.24320569 -0.02760659 0.02425683 0.77647059 0.86666667 0.97647059
v 0.24413633 -0.02787341 0.02515238 0.77647059 0.86666667 0.97647059
f 1649 1650 1654
f 1649 1654 1651
f 1649 1651 1657
f 1649 1657 1652
f 1649 1652 1653
f 1649 1653 1655
f 1649 1655 1650
f 1650 1655 1656
f 1650 1656 1667
f 1650 1667 1654
f 1651 1654 1657
f 1652 1657 1674
f 1652 1674 1694
f 1652 1694 1693
f 1652 1693 1713
f 1652 1713 1731
f 1652 1731 1750
f 1652 1750 1728
f 1652 1728 1727
f 1652 1727 1726
f 1652 1726 1749
f 1652 1749 1758
f 1652 1758 1751
f 1652 1751 1735
f 1652 1735 1714
f 1652 1714 1695
f 1652 1695 1675
f 1652 1675 1658
f 1652 1658 1659
f 1652 1659 1660
f 1652 1660 1661
f 1652 1661 1653
f 1653 1661 1660
f 1653 1660 1662
f 1653 1662 1663
f 1653 1663 1669
f 1653 1669 1655
f 1654 1664 1665
f 1654 1665 1666
f 1654 1666 1657
f 1654 1667 1668
f 1654 1668 1664
f 1655 1669 1670
f 1655 1670 1656
f 1656 1670 1671
f 1656 1671 1672
f 1656 1672 1668
f 1656 1668 1667
f 1657 1666 1673
f 1657 1673 1674
f 1658 1675 1676
f 1658 1676 1677
f 1658 1677 1678
f 1658 1678 1659
f 1659 1678 1679
f 1659 1679 1680
f 1659 1680 1660
f 1660 1680 1681
f 1660 1681 1662
f 1662 1681 1663
f 1663 1681 1671
f 1663 1671 1669
f 1664 1682 1665
f 1664 1668 1682
f 1665 1682 1683
f 1665 1683 1673
f 1665 1673 1666
f 1668 1684 1699
f 1668 1699 1719
f 1668 1719 1700
f 1668 1700 1685
f 1668 1685 1686
f 1668 1686 1687
f 1668 1687 1682
f 1668 1672 1684
f 1669 1671 1670
f 1671 1681 1698
f 1671 1698 1688
f 1671 1688 1689
f 1671 1689 1690
f 1671 1690 1691
f 1671 1691 1672
f 1672 1691 1684
f 1673 1692 1693
f 1673 1693 1694
f 1673 1694 1674
f 1673 1683 1692
f 1675 1695 1696
f 1675 1696 1676
f 1676 1696 1697
f 1676 1697 1677
f 1677 1697 1679
f 1677 1679 1678
f 1679 1697 1680
f 1680 1697 1698
f 1680 1698 1681
f 1682 1687 1692
f 1682 1692 1683
f 1684 1691 1690
f 1684 1690 1689
f 1684 1689 1699
f 1685 1700 1724
f 1685 1724 1701
f 1685 1701 1702
f 1685 1702 1703
f 1685 1703 1704
f 1685 1704 1705
f 1685 1705 1706
f 1685 1706 1686
f 1686 1706 1687
f 1687 1706 1707
f 1687 1707 1692
f 1688 1698 1710
f 1688 1710 1708
f 1688 1708 1689
f 1689 1709 1699
f 1689 1708 1710
f 1689 1710 1711
f 1689 1711 1709
f 1692 1712 1713
f 1692 1713 1693
f 1692 1707 1712
f 1695 1714 1715
f 1695 1715 1696
f 1696 1715 1716
f 1696 1716 1717
f 1696 1717 1697
f 1697 1717 1698
f 1698 1718 1710
f 1698 1717 1718
f 1699 1709 1720
f 1699 1720 1721
f 1699 1721 1722
f 1699 1722 1723
f 1699 1723 1724
f 1699 1724 1719
f 1700 1719 1724
f 1701 1724 1746
f 1701 1746 1755
f 1701 1755 1754
f 1701 1754 1752
f 1701 1752 1736
f 1701 1736 1735
f 1701 1735 1751
f 1701 1751 1757
f 1701 1757 1747
f 1701 1747 1725
f 1701 1725 1702
f 1702 1725 1726
f 1702 1726 1727
f 1702 1727 1728
f 1702 1728 1729
f 1702 1729 1703
f 1703 1729 1730
f 1703 1730 1704
f 1704 1730 1731
f 1704 1731 1707
f 1704 1707 1705
f 1705 1707 1706
f 1707 1731 1712
f 1709 1711 1720
f 1710 1718 1732
f 1710 1732 1711
f 1711 1732 1744
f 1711 1744 1733
f 1711 1733 1734
f 1711 1734 1721
f 1711 1721 1720
f 1712 1731 1713
f 1714 1735 1736
f 1714 1736 1737
f 1714 1737 1738
f 1714 1738 1739
f 1714 1739 1740
f 1714 1740 1715
f 1715 1740 1741
f 1715 1741 1742
f 1715 1742 1716
f 1716 1732 1718
f 1716 1718 1717
f 1716 1742 1741
f 1716 1741 1743
f 1716 1743 1744
f 1716 1744 1732
f 1721 1734 1733
f 1721 1733 1722
f 1722 1733 1723
f 1723 1733 1745
f 1723 1745 1724
f 1724 1745 1746
f 1725 1747 1748
f 1725 1748 1726
f 1726 1748 1749
f 1728 1730 1729
f 1728 1750 1730
f 1730 1750 1731
f 1733 1744 1756
f 1733 1756 1745
f 1736 1752 1737
f 1737 1752 1753
f 1737 1753 1738
f 1738 1753 1744
f 1738 1744 1739
f 1739 1744 1741
f 1739 1741 1740
f 1741 1744 1743
f 1744 1753 1752
f 1744 1752 1754
f 1744 1754 1755
f 1744 1755 1756
f 1745 1756 1755
f 1745 1755 1746
f 1747 1757 1748
f 1748 1757 1751
f 1748 1751 1758
f 1748 1758 1749

o geometry_7
v 0.09295582 0.01182430 0.01358628 0.79607843 0.45882353 0.78039216
v 0.09673143 0.01714842 0.05960624 0.79607843 0.45882353 0.78039216
v 0.09457088 0.02041411 0.07478411 0.79607843 0.45882353 0.78039216
v 0.09431419 0.02019408 0.07236500 0.79607843 0.45882353 0.78039216
v 0.09408957 0.01991905 0.06917531 0.79607843 0.45882353 0.78039216
v 0.09408957 0.02186746 0.06917531 0.79607843 0.45882353 0.78039216
v 0.09461367 0.03669915 0.07439882 0.79607843 0.45882353 0.78039216
v 0.09461367 0.03669915 0.07341981 0.79607843 0.45882353 0.78039216
v 0.09772614 0.03036174 0.05089618 0.79607843 0.45882353 0.78039216
v 0.09800423 0.02699471 0.04200926 0.79607843 0.45882353 0.78039216
v 0.10726677 0.02401564 0.01905612 0.79607843 0.45882353 0.78039216
v 0.10661433 0.02128554 0.01358628 0.79607843 0.45882353 0.78039216
v 0.11345962 0.01182430 0.01358628 0.79607843 0.45882353 0.78039216
v 0.10706355 0.01182430 0.02426069 0.79607843 0.45882353 0.78039216
v 0.09705231 0.01735976 0.06131794 0.79607843 0.45882353 0.78039216
v 0.10244298 0.01584851 0.05322055 0.79607843 0.45882353 0.78039216
v 0.10279594 0.01584851 0.05342898 0.79607843 0.45882353 0.78039216
v 0.12832675 0.01584851 0.06822156 0.79607843 0.45882353 0.78039216
v 0.09446393 0.02290102 0.07811276 0.79607843 0.45882353 0.78039216
v 0.09435697 0.02197458 0.07573154 0.79607843 0.45882353 0.78039216
v 0.09641056 0.01956584 0.07236500 0.79607843 0.45882353 0.78039216
v 0.09633569 0.02021724 0.07573154 0.79607843 0.45882353 0.78039216
v 0.09522333 0.02077311 0.07691267 0.79607843 0.45882353 0.78039216
v 0.09446393 0.02401274 0.07811276 0.79607843 0.45882353 0.78039216
v 0.10919201 0.04000248 0.07184707 0.79607843 0.45882353 0.78039216
v 0.10739512 0.03995905 0.07127861 0.79607843 0.45882353 0.78039216
v 0.12014448 0.03986061 0.07420933 0.79607843 0.45882353 0.78039216
v 0.10739512 0.03995905 0.07008484 0.79607843 0.45882353 0.78039216
v 0.11007976 0.03993878 0.06654776 0.79607843 0.45882353 0.78039216
v 0.11052898 0.03672231 0.05433851 0.79607843 0.45882353 0.78039216
v 0.11555599 0.02611170 0.01358628 0.79607843 0.45882353 0.78039216
v 0.11234726 0.02453386 0.01358628 0.79607843 0.45882353 0.78039216
v 0.11372702 0.01182430 0.01487479 0.79607843 0.45882353 0.78039216
v 0.11965248 0.02103656 0.01358628 0.79607843 0.45882353 0.78039216
v 0.20222385 0.02139266 0.02426700 0.79607843 0.45882353 0.78039216
v 0.11366284 0.01182430 0.02426069 0.79607843 0.45882353 0.78039216
v 0.12963163 0.01584851 0.06817735 0.79607843 0.45882353 0.78039216
v 0.11098890 0.02043148 0.07737376 0.79607843 0.45882353 0.78039216
v 0.11031507 0.02043148 0.07737376 0.79607843 0.45882353 0.78039216
v 0.09735179 0.02050386 0.07729797 0.79607843 0.45882353 0.78039216
v 0.09633569 0.02197458 0.07791695 0.79607843 0.45882353 0.78039216
v 0.20051253 0.03297024 0.07417144 0.79607843 0.45882353 0.78039216
v 0.19851242 0.03848543 0.07438619 0.79607843 0.45882353 0.78039216
v 0.19851242 0.04015013 0.07438619 0.79607843 0.45882353 0.78039216
v 0.10908505 0.04007486 0.06908057 0.79607843 0.45882353 0.78039216
v 0.18895040 0.04140082 0.06917531 0.79607843 0.45882353 0.78039216
v 0.18895040 0.04094049 0.07237132 0.79607843 0.45882353 0.78039216
v 0.18730325 0.03975639 0.05473012 0.79607843 0.45882353 0.78039216
v 0.13287245 0.03030094 0.02426700 0.79607843 0.45882353 0.78039216
v 0.11688227 0.02640121 0.01358628 0.79607843 0.45882353 0.78039216
v 0.11380189 0.01182430 0.01800132 0.79607843 0.45882353 0.78039216
v 0.11965248 0.02651412 0.01358628 0.79607843 0.45882353 0.78039216
v 0.20222385 0.03110578 0.02426700 0.79607843 0.45882353 0.78039216
v 0.20222385 0.02139266 0.05952413 0.79607843 0.45882353 0.78039216
v 0.11379119 0.01182430 0.02166472 0.79607843 0.45882353 0.78039216
v 0.17684278 0.01956295 0.06851842 0.79607843 0.45882353 0.78039216
v 0.17638286 0.01956295 0.06931427 0.79607843 0.45882353 0.78039216
v 0.13036964 0.01584851 0.06813945 0.79607843 0.45882353 0.78039216
v 0.17532398 0.02287786 0.07165758 0.79607843 0.45882353 0.78039216
v 0.20222385 0.02974218 0.07145546 0.79607843 0.45882353 0.78039216
v 0.20222385 0.03195984 0.07220709 0.79607843 0.45882353 0.78039216
v 0.20051253 0.03397195 0.07417144 0.79607843 0.45882353 0.78039216
v 0.20044835 0.03909341 0.07422197 0.79607843 0.45882353 0.78039216
v 0.20044835 0.04004301 0.07422197 0.79607843 0.45882353 0.78039216
v 0.19851242 0.04078995 0.07237132 0.79607843 0.45882353 0.78039216
v 0.20184949 0.04063940 0.06910583 0.79607843 0.45882353 0.78039216
v 0.20188159 0.04048017 0.06597930 0.79607843 0.45882353 0.78039216
v 0.18738881 0.03975639 0.05473012 0.79607843 0.45882353 0.78039216
v 0.20187089 0.03113763 0.02426700 0.79607843 0.45882353 0.78039216
v 0.18722838 0.03338713 0.03228860 0.79607843 0.45882353 0.78039216
v 0.11885029 0.02649675 0.01358628 0.79607843 0.45882353 0.78039216
v 0.11380189 0.01182430 0.02131101 0.79607843 0.45882353 0.78039216
v 0.20039487 0.03986641 0.06057262 0.79607843 0.45882353 0.78039216
v 0.20222385 0.04042806 0.06606142 0.79607843 0.45882353 0.78039216
v 0.20096175 0.02139266 0.06124214 0.79607843 0.45882353 0.78039216
v 0.20222385 0.04056124 0.06901740 0.79607843 0.45882353 0.78039216
v 0.20092966 0.04047438 0.07237132 0.79607843 0.45882353 0.78039216
v 0.20222385 0.04056124 0.06882160 0.79607843 0.45882353 0.78039216
v 0.20092966 0.04014145 0.06278962 0.79607843 0.45882353 0.78039216
f 1759 1760 1761
f 1759 1761 1762
f 1759 1762 1763
f 1759 1763 1764
f 1759 1764 1765
f 1759 1765 1766
f 1759 1766 1767
f 1759 1767 1768
f 1759 1768 1769
f 1759 1769 1770
f 1759 1770 1790
f 1759 1790 1789
f 1759 1789 1808
f 1759 1808 1829
f 1759 1829 1810
f 1759 1810 1792
f 1759 1792 1771
f 1759 1771 1791
f 1759 1791 1809
f 1759 1809 1830
f 1759 1830 1813
f 1759 1813 1794
f 1759 1794 1772
f 1759 1772 1760
f 1760 1773 1761
f 1760 1772 1774
f 1760 1774 1775
f 1760 1775 1776
f 1760 1776 1773
f 1761 1777 1778
f 1761 1778 1762
f 1761 1773 1779
f 1761 1779 1780
f 1761 1780 1781
f 1761 1781 1777
f 1762 1778 1763
f 1763 1778 1764
f 1764 1778 1782
f 1764 1782 1765
f 1765 1783 1784
f 1765 1784 1786
f 1765 1786 1766
f 1765 1782 1785
f 1765 1785 1783
f 1766 1786 1787
f 1766 1787 1788
f 1766 1788 1789
f 1766 1789 1769
f 1766 1769 1767
f 1767 1769 1768
f 1769 1789 1790
f 1769 1790 1770
f 1771 1792 1793
f 1771 1793 1791
f 1772 1794 1776
f 1772 1776 1775
f 1772 1775 1774
f 1773 1780 1779
f 1773 1776 1780
f 1776 1795 1796
f 1776 1796 1797
f 1776 1797 1798
f 1776 1798 1780
f 1776 1794 1795
f 1777 1782 1778
f 1777 1781 1798
f 1777 1798 1799
f 1777 1799 1796
f 1777 1796 1800
f 1777 1800 1801
f 1777 1801 1802
f 1777 1802 1782
f 1780 1798 1781
f 1782 1802 1785
f 1783 1803 1784
f 1783 1785 1804
f 1783 1804 1803
f 1784 1803 1786
f 1785 1802 1805
f 1785 1805 1804
f 1786 1803 1787
f 1787 1803 1804
f 1787 1804 1806
f 1787 1806 1807
f 1787 1807 1808
f 1787 1808 1788
f 1788 1808 1789
f 1791 1793 1809
f 1792 1810 1811
f 1792 1811 1793
f 1793 1811 1832
f 1793 1832 1836
f 1793 1836 1834
f 1793 1834 1819
f 1793 1819 1818
f 1793 1818 1812
f 1793 1812 1830
f 1793 1830 1809
f 1794 1813 1812
f 1794 1812 1814
f 1794 1814 1815
f 1794 1815 1816
f 1794 1816 1795
f 1795 1816 1796
f 1796 1799 1797
f 1796 1816 1815
f 1796 1815 1817
f 1796 1817 1800
f 1797 1799 1798
f 1800 1817 1815
f 1800 1815 1818
f 1800 1818 1819
f 1800 1819 1820
f 1800 1820 1822
f 1800 1822 1821
f 1800 1821 1801
f 1801 1821 1822
f 1801 1822 1802
f 1802 1822 1823
f 1802 1823 1805
f 1804 1805 1823
f 1804 1823 1824
f 1804 1824 1825
f 1804 1825 1826
f 1804 1826 1806
f 1806 1826 1827
f 1806 1827 1828
f 1806 1828 1807
f 1807 1828 1827
f 1807 1827 1810
f 1807 1810 1829
f 1807 1829 1808
f 1810 1827 1811
f 1811 1827 1826
f 1811 1826 1831
f 1811 1831 1832
f 1812 1818 1833
f 1812 1833 1815
f 1812 1815 1814
f 1812 1813 1830
f 1815 1833 1818
f 1819 1834 1822
f 1819 1822 1820
f 1822 1835 1823
f 1822 1834 1835
f 1823 1835 1824
f 1824 1835 1834
f 1824 1834 1836
f 1824 1836 1832
f 1824 1832 1825
f 1825 1832 1837
f 1825 1837 1826
f 1826 1837 1831
f 1831 1837 1832

o geometry_8
v 0.22305380 0.03040080 0.07724098 0.11764706 0.63921569 0.14117647
v 0.22887727 0.02701647 0.07402511 0.11764706 0.63921569 0.14117647
v 0.22942097 0.03765293 0.06572088 0.11764706 0.63921569 0.14117647
v 0.22570024 0.04294480 0.06441379 0.11764706 0.63921569 0.14117647
v 0.20977576 0.04294480 0.07400436 0.11764706 0.63921569 0.14117647
v 0.22235616 0.03040080 0.07724098 0.11764706 0.63921569 0.14117647
v 0.22305380 0.03004039 0.07724098 0.11764706 0.63921569 0.14117647
v 0.23275522 -0.03844613 0.07428445 0.11764706 0.63921569 0.14117647
v 0.23568661 -0.03652102 0.07145241 0.11764706 0.63921569 0.14117647
v 0.23568661 -0.03624851 0.07142647 0.11764706 0.63921569 0.14117647
v 0.22942097 0.03993846 0.06236496 0.11764706 0.63921569 0.14117647
v 0.22609327 0.04311182 0.06279547 0.11764706 0.63921569 0.14117647
v 0.22915567 0.04029008 0.06215749 0.11764706 0.63921569 0.14117647
v 0.22638478 0.04327005 0.05960035 0.11764706 0.63921569 0.14117647
v 0.20955631 0.04298875 0.07237049 0.11764706 0.63921569 0.14117647
v 0.20964147 0.04294480 0.07400436 0.11764706 0.63921569 0.14117647
v 0.20635635 0.03024257 0.07400955 0.11764706 0.63921569 0.14117647
v 0.22235616 0.03004039 0.07724098 0.11764706 0.63921569 0.14117647
v 0.21449218 -0.04349186 0.07412884 0.11764706 0.63921569 0.14117647
v 0.23263076 -0.04087230 0.07423777 0.11764706 0.63921569 0.14117647
v 0.23568661 -0.03783080 0.07145241 0.11764706 0.63921569 0.14117647
v 0.23568661 -0.02356387 0.02740528 0.11764706 0.63921569 0.14117647
v 0.22942097 0.04046589 0.05978708 0.11764706 0.63921569 0.14117647
v 0.22937185 0.04056258 0.05960035 0.11764706 0.63921569 0.14117647
v 0.22798312 0.04215366 0.05960035 0.11764706 0.63921569 0.14117647
v 0.22616860 0.04331400 0.05322046 0.11764706 0.63921569 0.14117647
v 0.22499278 0.04327005 0.05960035 0.11764706 0.63921569 0.14117647
v 0.20956614 0.04297116 0.07003638 0.11764706 0.63921569 0.14117647
v 0.20222947 0.04055379 0.06882265 0.11764706 0.63921569 0.14117647
v 0.20222947 0.04055379 0.06901456 0.11764706 0.63921569 0.14117647
v 0.22480281 0.04331400 0.05322046 0.11764706 0.63921569 0.14117647
v 0.20222947 0.03195671 0.07220450 0.11764706 0.63921569 0.14117647
v 0.20635635 0.03005797 0.07400955 0.11764706 0.63921569 0.14117647
v 0.21307397 -0.04351823 0.07412365 0.11764706 0.63921569 0.14117647
v 0.21952958 -0.04648940 0.07089222 0.11764706 0.63921569 0.14117647
v 0.21662767 -0.04337758 0.07406141 0.11764706 0.63921569 0.14117647
v 0.23043631 -0.04401049 0.07162876 0.11764706 0.63921569 0.14117647
v 0.23205104 -0.04326330 0.07093890 0.11764706 0.63921569 0.14117647
v 0.23298450 -0.04182167 0.07214745 0.11764706 0.63921569 0.14117647
v 0.23568661 -0.04401928 0.06169067 0.11764706 0.63921569 0.14117647
v 0.23568661 -0.02356387 0.02426202 0.11764706 0.63921569 0.14117647
v 0.22942097 0.04049225 0.05960035 0.11764706 0.63921569 0.14117647
v 0.22942097 0.04014064 0.05641041 0.11764706 0.63921569 0.14117647
v 0.22927359 0.04033403 0.05641041 0.11764706 0.63921569 0.14117647
v 0.22785538 0.04192510 0.05641041 0.11764706 0.63921569 0.14117647
v 0.22597209 0.04318213 0.05075669 0.11764706 0.63921569 0.14117647
v 0.22507138 0.04318213 0.05075669 0.11764706 0.63921569 0.14117647
v 0.21129222 0.04145042 0.05960035 0.11764706 0.63921569 0.14117647
v 0.20222947 0.04042193 0.06605803 0.11764706 0.63921569 0.14117647
v 0.20222947 0.02973272 0.07145241 0.11764706 0.63921569 0.14117647
v 0.20426999 -0.01939719 0.07125012 0.11764706 0.63921569 0.14117647
v 0.21307397 -0.04393138 0.07334562 0.11764706 0.63921569 0.14117647
v 0.21917585 -0.04648940 0.07089222 0.11764706 0.63921569 0.14117647
v 0.21952958 -0.04648940 0.07062769 0.11764706 0.63921569 0.14117647
v 0.22572971 -0.04645424 0.06821578 0.11764706 0.63921569 0.14117647
v 0.23568661 -0.04430058 0.06081927 0.11764706 0.63921569 0.14117647
v 0.21744977 0.02807133 0.02426202 0.11764706 0.63921569 0.14117647
v 0.22942097 0.02936352 0.02426721 0.11764706 0.63921569 0.14117647
v 0.22942097 0.03542016 0.03722926 0.11764706 0.63921569 0.14117647
v 0.22942097 0.03620251 0.03936108 0.11764706 0.63921569 0.14117647
v 0.22942097 0.03759140 0.04366101 0.11764706 0.63921569 0.14117647
v 0.22942097 0.03825068 0.04685096 0.11764706 0.63921569 0.14117647
v 0.23568661 -0.02957655 0.02426202 0.11764706 0.63921569 0.14117647
v 0.22804207 0.03895392 0.04366101 0.11764706 0.63921569 0.14117647
v 0.22599501 0.03994724 0.04145140 0.11764706 0.63921569 0.14117647
v 0.22589021 0.03669477 0.03204755 0.11764706 0.63921569 0.14117647
v 0.22532685 0.03669477 0.03204755 0.11764706 0.63921569 0.14117647
v 0.22200898 0.03382908 0.02426721 0.11764706 0.63921569 0.14117647
v 0.20222947 0.03110404 0.02426202 0.11764706 0.63921569 0.14117647
v 0.20940237 0.03994724 0.05432527 0.11764706 0.63921569 0.14117647
v 0.20899951 0.04026370 0.05641041 0.11764706 0.63921569 0.14117647
v 0.20222947 0.00439860 0.05523298 0.11764706 0.63921569 0.14117647
v 0.20426999 -0.01939719 0.02921032 0.11764706 0.63921569 0.14117647
v 0.21307397 -0.04451155 0.06917017 0.11764706 0.63921569 0.14117647
v 0.21307397 -0.04449397 0.07095446 0.11764706 0.63921569 0.14117647
v 0.21307397 -0.04435332 0.07237049 0.11764706 0.63921569 0.14117647
v 0.20222947 0.00284269 0.05416448 0.11764706 0.63921569 0.14117647
v 0.21917585 -0.04648940 0.07062769 0.11764706 0.63921569 0.14117647
v 0.22572971 -0.04645424 0.06743256 0.11764706 0.63921569 0.14117647
v 0.23568661 -0.04422146 0.05782124 0.11764706 0.63921569 0.14117647
v 0.21708949 0.02852843 0.02426202 0.11764706 0.63921569 0.14117647
v 0.22439995 0.03367085 0.02426721 0.11764706 0.63921569 0.14117647
v 0.22583125 0.03357416 0.02558468 0.11764706 0.63921569 0.14117647
v 0.22849407 0.03613218 0.03673651 0.11764706 0.63921569 0.14117647
v 0.23568661 -0.04035366 0.04776904 0.11764706 0.63921569 0.14117647
v 0.23386228 -0.02987542 0.02426202 0.11764706 0.63921569 0.14117647
v 0.22636513 0.03704639 0.03408600 0.11764706 0.63921569 0.14117647
v 0.22405277 0.03386424 0.02426721 0.11764706 0.63921569 0.14117647
v 0.20394246 0.03094581 0.02426202 0.11764706 0.63921569 0.14117647
v 0.20222947 0.02136420 0.02426202 0.11764706 0.63921569 0.14117647
v 0.21307397 -0.02703611 0.02426202 0.11764706 0.63921569 0.14117647
v 0.21307397 -0.03427945 0.04050738 0.11764706 0.63921569 0.14117647
v 0.21307397 -0.03964163 0.05442383 0.11764706 0.63921569 0.14117647
v 0.21307397 -0.04052947 0.05675274 0.11764706 0.63921569 0.14117647
v 0.21307397 -0.04152279 0.05960035 0.11764706 0.63921569 0.14117647
v 0.21307397 -0.04370283 0.06631738 0.11764706 0.63921569 0.14117647
v 0.21307397 -0.04410719 0.06765560 0.11764706 0.63921569 0.14117647
v 0.20222947 0.00284269 0.04622334 0.11764706 0.63921569 0.14117647
v 0.20222947 0.00346681 0.04426269 0.11764706 0.63921569 0.14117647
v 0.20222947 0.00362504 0.04380625 0.11764706 0.63921569 0.14117647
v 0.20222947 0.00366020 0.04371807 0.11764706 0.63921569 0.14117647
v 0.22221532 -0.03696054 0.04179373 0.11764706 0.63921569 0.14117647
v 0.22405604 -0.04459066 0.06279547 0.11764706 0.63921569 0.14117647
v 0.22552337 -0.04645424 0.06743256 0.11764706 0.63921569 0.14117647
v 0.23568661 -0.04357098 0.05511887 0.11764706 0.63921569 0.14117647
v 0.21448563 0.02925804 0.02426202 0.11764706 0.63921569 0.14117647
v 0.23568661 -0.04339516 0.05444457 0.11764706 0.63921569 0.14117647
v 0.23239494 -0.03376081 0.03223947 0.11764706 0.63921569 0.14117647
v 0.23300087 -0.03064899 0.02575066 0.11764706 0.63921569 0.14117647
v 0.23043631 -0.03071931 0.02559505 0.11764706 0.63921569 0.14117647
v 0.23043631 -0.03006002 0.02426202 0.11764706 0.63921569 0.14117647
v 0.21743339 -0.02841621 0.02426202 0.11764706 0.63921569 0.14117647
v 0.21886797 -0.03076326 0.02839079 0.11764706 0.63921569 0.14117647
v 0.22824514 -0.03063141 0.02577659 0.11764706 0.63921569 0.14117647
v 0.23174971 -0.03376081 0.03223947 0.11764706 0.63921569 0.14117647
v 0.23503156 -0.04339516 0.05444457 0.11764706 0.63921569 0.14117647
v 0.22721343 -0.02973478 0.02426202 0.11764706 0.63921569 0.14117647
v 0.22066611 -0.02906670 0.02426202 0.11764706 0.63921569 0.14117647
f 1838 1839 1840
f 1838 1840 1841
f 1838 1841 1842
f 1838 1842 1853
f 1838 1853 1843
f 1838 1843 1855
f 1838 1855 1844
f 1838 1844 1845
f 1838 1845 1839
f 1839 1845 1846
f 1839 1846 1847
f 1839 1847 1840
f 1840 1848 1841
f 1840 1847 1848
f 1841 1849 1842
f 1841 1848 1850
f 1841 1850 1849
f 1842 1849 1851
f 1842 1851 1852
f 1842 1852 1853
f 1843 1854 1870
f 1843 1870 1855
f 1843 1853 1854
f 1844 1855 1856
f 1844 1856 1857
f 1844 1857 1845
f 1845 1857 1858
f 1845 1858 1846
f 1846 1858 1877
f 1846 1877 1893
f 1846 1893 1917
f 1846 1917 1942
f 1846 1942 1944
f 1846 1944 1922
f 1846 1922 1900
f 1846 1900 1878
f 1846 1878 1859
f 1846 1859 1847
f 1847 1859 1848
f 1848 1859 1860
f 1848 1860 1861
f 1848 1861 1850
f 1849 1850 1862
f 1849 1862 1851
f 1850 1861 1862
f 1851 1863 1868
f 1851 1868 1864
f 1851 1864 1852
f 1851 1862 1863
f 1852 1865 1866
f 1852 1866 1867
f 1852 1867 1853
f 1852 1864 1868
f 1852 1868 1865
f 1853 1867 1869
f 1853 1869 1854
f 1854 1869 1870
f 1855 1870 1871
f 1855 1871 1856
f 1856 1871 1872
f 1856 1872 1873
f 1856 1873 1857
f 1857 1873 1872
f 1857 1872 1874
f 1857 1874 1875
f 1857 1875 1876
f 1857 1876 1858
f 1858 1876 1877
f 1859 1878 1879
f 1859 1879 1860
f 1860 1879 1861
f 1861 1879 1880
f 1861 1880 1881
f 1861 1881 1862
f 1862 1881 1882
f 1862 1882 1863
f 1863 1882 1883
f 1863 1883 1884
f 1863 1884 1868
f 1865 1868 1884
f 1865 1884 1885
f 1865 1885 1886
f 1865 1886 1866
f 1866 1886 1906
f 1866 1906 1927
f 1866 1927 1938
f 1866 1938 1937
f 1866 1937 1936
f 1866 1936 1935
f 1866 1935 1914
f 1866 1914 1909
f 1866 1909 1887
f 1866 1887 1869
f 1866 1869 1867
f 1869 1887 1888
f 1869 1888 1870
f 1870 1888 1871
f 1871 1888 1889
f 1871 1889 1890
f 1871 1890 1872
f 1872 1890 1915
f 1872 1915 1891
f 1872 1891 1916
f 1872 1916 1892
f 1872 1892 1874
f 1874 1892 1893
f 1874 1893 1875
f 1875 1893 1877
f 1875 1877 1876
f 1878 1894 1895
f 1878 1895 1896
f 1878 1896 1897
f 1878 1897 1898
f 1878 1898 1899
f 1878 1899 1880
f 1878 1880 1879
f 1878 1900 1923
f 1878 1923 1948
f 1878 1948 1954
f 1878 1954 1955
f 1878 1955 1949
f 1878 1949 1928
f 1878 1928 1927
f 1878 1927 1906
f 1878 1906 1926
f 1878 1926 1943
f 1878 1943 1918
f 1878 1918 1894
f 1880 1899 1881
f 1881 1883 1882
f 1881 1899 1883
f 1883 1899 1898
f 1883 1898 1901
f 1883 1901 1902
f 1883 1902 1903
f 1883 1903 1904
f 1883 1904 1884
f 1884 1904 1905
f 1884 1905 1906
f 1884 1906 1907
f 1884 1907 1908
f 1884 1908 1885
f 1885 1908 1886
f 1886 1908 1907
f 1886 1907 1906
f 1887 1909 1888
f 1888 1910 1911
f 1888 1911 1912
f 1888 1912 1913
f 1888 1913 1889
f 1888 1909 1914
f 1888 1914 1935
f 1888 1935 1910
f 1889 1913 1890
f 1890 1913 1912
f 1890 1912 1911
f 1890 1911 1915
f 1891 1915 1941
f 1891 1941 1916
f 1892 1916 1893
f 1893 1916 1917
f 1894 1918 1895
f 1895 1918 1919
f 1895 1919 1920
f 1895 1920 1903
f 1895 1903 1896
f 1896 1903 1921
f 1896 1921 1897
f 1897 1901 1898
f 1897 1921 1901
f 1900 1922 1923
f 1901 1921 1924
f 1901 1924 1902
f 1902 1924 1903
f 1903 1924 1921
f 1903 1920 1925
f 1903 1925 1904
f 1904 1925 1905
f 1905 1925 1906
f 1906 1925 1926
f 1910 1928 1929
f 1910 1929 1930
f 1910 1930 1931
f 1910 1931 1932
f 1910 1932 1933
f 1910 1933 1934
f 1910 1934 1911
f 1910 1935 1936
f 1910 1936 1937
f 1910 1937 1938
f 1910 1938 1927
f 1910 1927 1928
f 1911 1934 1915
f 1915 1934 1933
f 1915 1933 1932
f 1915 1932 1931
f 1915 1931 1939
f 1915 1939 1940
f 1915 1940 1941
f 1916 1941 1917
f 1917 1941 1942
f 1918 1943 1925
f 1918 1925 1919
f 1919 1925 1920
f 1922 1944 1945
f 1922 1945 1923
f 1923 1945 1946
f 1923 1946 1947
f 1923 1947 1948
f 1925 1943 1926
f 1928 1949 1950
f 1928 1950 1929
f 1929 1950 1939
f 1929 1939 1930
f 1930 1939 1931
f 1939 1950 1951
f 1939 1951 1952
f 1939 1952 1953
f 1939 1953 1941
f 1939 1941 1940
f 1941 1953 1942
f 1942 1953 1944
f 1944 1953 1952
f 1944 1952 1945
f 1945 1952 1947
f 1945 1947 1946
f 1947 1951 1948
f 1947 1952 1951
f 1948 1951 1954
f 1949 1955 1950
f 1950 1955 1951
f 1951 1955 1954

o geometry_9
v 0.20212771 0.02138882 0.02425684 0.94117647 0.52156863 0.41176471
v 0.20222162 0.02138882 0.02425684 0.94117647 0.52156863 0.41176471
v 0.20222162 0.02136293 0.02425684 0.94117647 0.52156863 0.41176471
v 0.20190674 -0.01167867 0.03508441 0.94117647 0.52156863 0.41176471
v 0.18894134 -0.01167867 0.03691912 0.94117647 0.52156863 0.41176471
v 0.18575385 -0.01167867 0.03762336 0.94117647 0.52156863 0.41176471
v 0.18717358 0.00760315 0.03240184 0.94117647 0.52156863 0.41176471
v 0.15453082 0.01956001 0.04439696 0.94117647 0.52156863 0.41176471
v 0.18219072 0.02138882 0.03304584 0.94117647 0.52156863 0.41176471
v 0.20222162 0.02138882 0.05952870 0.94117647 0.52156863 0.41176471
v 0.20426559 0.00284500 0.04516143 0.94117647 0.52156863 0.41176471
v 0.20426559 -0.00396529 0.03816080 0.94117647 0.52156863 0.41176471
v 0.20426559 -0.01167867 0.03504272 0.94117647 0.52156863 0.41176471
v 0.18553841 -0.01167867 0.03775308 0.94117647 0.52156863 0.41176471
v 0.18389218 -0.01151359 0.03859168 0.94117647 0.52156863 0.41176471
v 0.15505010 0.01673426 0.04491587 0.94117647 0.52156863 0.41176471
v 0.15317738 0.01956001 0.04685251 0.94117647 0.52156863 0.41176471
v 0.18111348 0.02138882 0.03368058 0.94117647 0.52156863 0.41176471
v 0.20426559 -0.00388113 0.05930631 0.94117647 0.52156863 0.41176471
v 0.20426559 0.00284500 0.04893741 0.94117647 0.52156863 0.41176471
v 0.20097314 0.02138882 0.06124758 0.94117647 0.52156863 0.41176471
v 0.20076874 0.02132409 0.06167846 0.94117647 0.52156863 0.41176471
v 0.19702883 0.01769236 0.07085665 0.94117647 0.52156863 0.41176471
v 0.20073008 0.00851270 0.07158868 0.94117647 0.52156863 0.41176471
v 0.20426559 -0.01167867 0.04303483 0.94117647 0.52156863 0.41176471
v 0.18553841 -0.01167867 0.05113814 0.94117647 0.52156863 0.41176471
v 0.17298732 -0.01151359 0.05322767 0.94117647 0.52156863 0.41176471
v 0.17337954 -0.01151359 0.05168484 0.94117647 0.52156863 0.41176471
v 0.17378281 -0.01151359 0.05047097 0.94117647 0.52156863 0.41176471
v 0.15511639 0.01388584 0.04780693 0.94117647 0.52156863 0.41176471
v 0.15453635 0.01571789 0.04678301 0.94117647 0.52156863 0.41176471
v 0.15229350 0.01956001 0.05006326 0.94117647 0.52156863 0.41176471
v 0.14782992 0.01272706 0.06406914 0.94117647 0.52156863 0.41176471
v 0.18111348 0.02138882 0.05322304 0.94117647 0.52156863 0.41176471
v 0.15189023 0.01956001 0.05343153 0.94117647 0.52156863 0.41176471
v 0.15159745 0.01956001 0.05640598 0.94117647 0.52156863 0.41176471
v 0.15135991 0.01956001 0.05960283 0.94117647 0.52156863 0.41176471
v 0.15133229 0.01956001 0.06022830 0.94117647 0.52156863 0.41176471
v 0.20426559 -0.00574879 0.05930631 0.94117647 0.52156863 0.41176471
v 0.19970809 0.02138882 0.06124758 0.94117647 0.52156863 0.41176471
v 0.19413413 0.02067348 0.07101418 0.94117647 0.52156863 0.41176471
v 0.19525003 0.01884791 0.07111147 0.94117647 0.52156863 0.41176471
v 0.19949265 0.00851270 0.07158868 0.94117647 0.52156863 0.41176471
v 0.20073008 0.00723739 0.07158868 0.94117647 0.52156863 0.41176471
v 0.19238294 0.01882849 0.07136166 0.94117647 0.52156863 0.41176471
v 0.20013347 -0.00495576 0.07078252 0.94117647 0.52156863 0.41176471
v 0.19851485 -0.00590739 0.06917483 0.94117647 0.52156863 0.41176471
v 0.19721114 -0.01167867 0.04887255 0.94117647 0.52156863 0.41176471
v 0.17520807 -0.01151359 0.05911635 0.94117647 0.52156863 0.41176471
v 0.17388225 -0.01151359 0.05911635 0.94117647 0.52156863 0.41176471
v 0.17327458 -0.01151359 0.05636892 0.94117647 0.52156863 0.41176471
v 0.17298732 -0.01151359 0.05462224 0.94117647 0.52156863 0.41176471
v 0.19560910 -0.01167867 0.04977137 0.94117647 0.52156863 0.41176471
v 0.14782992 0.01006962 0.06917483 0.94117647 0.52156863 0.41176471
v 0.14782992 0.01039330 0.06637180 0.94117647 0.52156863 0.41176471
v 0.15845304 0.00284500 0.05736967 0.94117647 0.52156863 0.41176471
v 0.14782992 0.01291479 0.06416181 0.94117647 0.52156863 0.41176471
v 0.14782992 0.01354921 0.06598262 0.94117647 0.52156863 0.41176471
v 0.15136543 0.01956001 0.06340198 0.94117647 0.52156863 0.41176471
v 0.15166374 0.01956001 0.06495407 0.94117647 0.52156863 0.41176471
v 0.19360933 0.02067348 0.07101418 0.94117647 0.52156863 0.41176471
v 0.19896785 0.02138882 0.06120588 0.94117647 0.52156863 0.41176471
v 0.14782992 0.01354921 0.06672392 0.94117647 0.52156863 0.41176471
v 0.20034891 -0.00335029 0.07103734 0.94117647 0.52156863 0.41176471
v 0.15065833 0.01080114 0.07131996 0.94117647 0.52156863 0.41176471
v 0.17937887 -0.00553839 0.07142652 0.94117647 0.52156863 0.41176471
v 0.15065833 0.01192109 0.07131996 0.94117647 0.52156863 0.41176471
v 0.19614496 0.00409766 0.07155162 0.94117647 0.52156863 0.41176471
v 0.19752602 0.00409766 0.07155162 0.94117647 0.52156863 0.41176471
v 0.19610628 -0.00540245 0.07142189 0.94117647 0.52156863 0.41176471
v 0.19841542 -0.00317874 0.07137092 0.94117647 0.52156863 0.41176471
v 0.19851485 -0.00529887 0.07126900 0.94117647 0.52156863 0.41176471
v 0.17445677 0.01812933 0.07094005 0.94117647 0.52156863 0.41176471
v 0.14782992 0.01169451 0.07129216 0.94117647 0.52156863 0.41176471
v 0.17428552 -0.00525355 0.07112537 0.94117647 0.52156863 0.41176471
v 0.14782992 0.01058104 0.07129216 0.94117647 0.52156863 0.41176471
v 0.14782992 0.01008256 0.06942039 0.94117647 0.52156863 0.41176471
v 0.17618034 -0.00548013 0.07138019 0.94117647 0.52156863 0.41176471
v 0.14782992 0.01323848 0.06905900 0.94117647 0.52156863 0.41176471
v 0.17407007 0.01956001 0.06939259 0.94117647 0.52156863 0.41176471
v 0.14782992 0.01187577 0.07116707 0.94117647 0.52156863 0.41176471
f 1956 1957 1958
f 1956 1958 1959
f 1956 1959 1960
f 1956 1960 1961
f 1956 1961 1962
f 1956 1962 1963
f 1956 1963 1964
f 1956 1964 1973
f 1956 1973 1989
f 1956 1989 2017
f 1956 2017 1995
f 1956 1995 1976
f 1956 1976 1965
f 1956 1965 1957
f 1957 1965 1975
f 1957 1975 1966
f 1957 1966 1967
f 1957 1967 1968
f 1957 1968 1958
f 1958 1968 1959
f 1959 1968 1980
f 1959 1980 2003
f 1959 2003 2008
f 1959 2008 1981
f 1959 1981 1969
f 1959 1969 1961
f 1959 1961 1960
f 1961 1969 1970
f 1961 1970 1971
f 1961 1971 1963
f 1961 1963 1962
f 1963 1971 1972
f 1963 1972 1973
f 1963 1973 1964
f 1965 1974 1975
f 1965 1976 1977
f 1965 1977 1978
f 1965 1978 1979
f 1965 1979 1974
f 1966 1975 1974
f 1966 1974 1994
f 1966 1994 1980
f 1966 1980 1968
f 1966 1968 1967
f 1969 1981 2007
f 1969 2007 1982
f 1969 1982 1983
f 1969 1983 1984
f 1969 1984 1970
f 1970 1984 1971
f 1971 1985 1986
f 1971 1986 1972
f 1971 1984 1985
f 1972 1987 1973
f 1972 1986 1988
f 1972 1988 1987
f 1973 1987 1990
f 1973 1990 1991
f 1973 1991 1992
f 1973 1992 1993
f 1973 1993 1989
f 1974 1979 1999
f 1974 1999 1994
f 1976 1995 2016
f 1976 2016 1996
f 1976 1996 1977
f 1977 1996 1978
f 1978 1996 1997
f 1978 1997 1979
f 1979 1998 1999
f 1979 1997 2000
f 1979 2000 1998
f 1980 1994 2001
f 1980 2001 2002
f 1980 2002 2003
f 1981 2004 2005
f 1981 2005 2006
f 1981 2006 2007
f 1981 2008 2004
f 1982 2007 2009
f 1982 2009 2010
f 1982 2010 1983
f 1983 2010 1984
f 1984 2010 2011
f 1984 2011 1985
f 1985 2011 2010
f 1985 2010 1986
f 1986 2010 1988
f 1987 1988 2012
f 1987 2012 2013
f 1987 2013 1990
f 1988 2010 2009
f 1988 2009 2032
f 1988 2032 2031
f 1988 2031 2029
f 1988 2029 2036
f 1988 2036 2034
f 1988 2034 2018
f 1988 2018 2013
f 1988 2013 2012
f 1989 1993 2014
f 1989 2014 2015
f 1989 2015 2016
f 1989 2016 2017
f 1990 2013 1991
f 1991 2013 1992
f 1992 2013 1993
f 1993 2013 2018
f 1993 2018 2014
f 1994 1999 2019
f 1994 2019 2001
f 1995 2017 2016
f 1996 2016 2000
f 1996 2000 1997
f 1998 2020 2021
f 1998 2021 1999
f 1998 2000 2022
f 1998 2022 2020
f 1999 2021 2023
f 1999 2023 2024
f 1999 2024 2025
f 1999 2025 2026
f 1999 2026 2027
f 1999 2027 2019
f 2000 2016 2028
f 2000 2028 2029
f 2000 2029 2022
f 2001 2019 2027
f 2001 2027 2002
f 2002 2008 2003
f 2002 2027 2004
f 2002 2004 2008
f 2004 2027 2025
f 2004 2025 2021
f 2004 2021 2005
f 2005 2030 2031
f 2005 2031 2032
f 2005 2032 2006
f 2005 2021 2033
f 2005 2033 2030
f 2006 2032 2007
f 2007 2032 2009
f 2014 2018 2034
f 2014 2034 2015
f 2015 2035 2016
f 2015 2034 2036
f 2015 2036 2028
f 2015 2028 2035
f 2016 2035 2028
f 2020 2022 2029
f 2020 2029 2031
f 2020 2031 2021
f 2021 2031 2033
f 2021 2025 2024
f 2021 2024 2023
f 2025 2027 2026
f 2028 2036 2029
f 2030 2033 2031

