# https://github.com/mikedh/trimesh
v -0.00362749 0.01735364 -0.00112175 0.54117647 0.42352941 0.64313725
v -0.00362749 0.01726500 0.00104525 0.54117647 0.42352941 0.64313725
v -0.00145364 0.01731670 -0.00112175 0.54117647 0.42352941 0.64313725
v -0.00145364 0.01726130 -0.00329244 0.54117647 0.42352941 0.64313725
v -0.00579314 0.01734625 -0.00112175 0.54117647 0.42352941 0.64313725
v -0.02097728 0.01722067 0.00104525 0.54117647 0.42352941 0.64313725
v -0.01880343 0.01722806 0.00104525 0.54117647 0.42352941 0.64313725
v -0.00362749 0.01716896 0.00321593 0.54117647 0.42352941 0.64313725
v -0.00145364 0.01716896 0.00104525 0.54117647 0.42352941 0.64313725
v 0.00071201 0.01707293 -0.00112175 0.54117647 0.42352941 0.64313725
v 0.00071201 0.01705446 -0.00329244 0.54117647 0.42352941 0.64313725
v -0.00145364 0.01685501 -0.00546313 0.54117647 0.42352941 0.64313725
v -0.00362749 0.01685501 -0.00546313 0.54117647 0.42352941 0.64313725
v -0.00362749 0.01725022 -0.00329244 0.54117647 0.42352941 0.64313725
v -0.00796699 0.01733148 -0.00112175 0.54117647 0.42352941 0.64313725
v -0.02314293 0.01721329 0.00104525 0.54117647 0.42352941 0.64313725
v -0.00579314 0.01716158 0.00321593 0.54117647 0.42352941 0.64313725
v -0.02531678 0.01664448 0.00538662 0.54117647 0.42352941 0.64313725
v -0.02097728 0.01665925 0.00538662 0.54117647 0.42352941 0.64313725
v -0.01880343 0.01666664 0.00538662 0.54117647 0.42352941 0.64313725
v -0.01447214 0.01667772 0.00538662 0.54117647 0.42352941 0.64313725
v -0.01013264 0.01668880 0.00538662 0.54117647 0.42352941 0.64313725
v -0.00796699 0.01669250 0.00538662 0.54117647 0.42352941 0.64313725
v -0.00579314 0.01669619 0.00538662 0.54117647 0.42352941 0.64313725
v -0.00362749 0.01669250 0.00538662 0.54117647 0.42352941 0.64313725
v -0.00145364 0.01701014 0.00321593 0.54117647 0.42352941 0.64313725
v 0.02633883 0.01294355 0.00104525 0.54117647 0.42352941 0.64313725
v 0.02633883 0.01301742 -0.00069794 0.54117647 0.42352941 0.64313725
v 0.02633883 0.01303219 -0.00112175 0.54117647 0.42352941 0.64313725
v 0.02633883 0.01303219 -0.00286862 0.54117647 0.42352941 0.64313725
v 0.00071201 0.01662601 -0.00546313 0.54117647 0.42352941 0.64313725
v 0.02633883 0.01302850 -0.00329244 0.54117647 0.42352941 0.64313725
v 0.02633883 0.01295463 -0.00503931 0.54117647 0.42352941 0.64313725
v 0.02633883 0.01292508 -0.00546313 0.54117647 0.42352941 0.64313725
v -0.00145364 0.01627143 -0.00763013 0.54117647 0.42352941 0.64313725
v -0.00362749 0.01631206 -0.00763013 0.54117647 0.42352941 0.64313725
v -0.01230649 0.01712464 -0.00329244 0.54117647 0.42352941 0.64313725
v -0.00796699 0.01719851 -0.00329244 0.54117647 0.42352941 0.64313725
v -0.00579314 0.01722806 -0.00329244 0.54117647 0.42352941 0.64313725
v -0.01230649 0.01669988 -0.00546313 0.54117647 0.42352941 0.64313725
v -0.02749063 0.01686609 -0.00329244 0.54117647 0.42352941 0.64313725
v -0.01230649 0.01729454 -0.00112175 0.54117647 0.42352941 0.64313725
v -0.02097728 0.01721329 -0.00112175 0.54117647 0.42352941 0.64313725
v -0.02531678 0.01719851 0.00104525 0.54117647 0.42352941 0.64313725
v -0.01013264 0.01713572 0.00321593 0.54117647 0.42352941 0.64313725
v -0.02965627 0.01662232 0.00538662 0.54117647 0.42352941 0.64313725
v -0.02749063 0.01663340 0.00538662 0.54117647 0.42352941 0.64313725
v -0.03399577 0.01606459 0.00717771 0.54117647 0.42352941 0.64313725
v -0.03183012 0.01607198 0.00718508 0.54117647 0.42352941 0.64313725
v -0.02965627 0.01607567 0.00718508 0.54117647 0.42352941 0.64313725
v -0.02749063 0.01607567 0.00718139 0.54117647 0.42352941 0.64313725
v -0.01230649 0.01603874 0.00710400 0.54117647 0.42352941 0.64313725
v -0.01013264 0.01603135 0.00708926 0.54117647 0.42352941 0.64313725
v -0.00796699 0.01602396 0.00707452 0.54117647 0.42352941 0.64313725
v -0.00579314 0.01601658 0.00705609 0.54117647 0.42352941 0.64313725
v -0.00362749 0.01600919 0.00703766 0.54117647 0.42352941 0.64313725
v -0.00145364 0.01647088 0.00538662 0.54117647 0.42352941 0.64313725
v -0.02314293 0.01606829 0.00717402 0.54117647 0.42352941 0.64313725
v -0.02097728 0.01606459 0.00716665 0.54117647 0.42352941 0.64313725
v 0.02633883 0.01254464 0.00321593 0.54117647 0.42352941 0.64313725
v -0.00019855 0.01578758 -0.00879839 0.54117647 0.42352941 0.64313725
v 0.02633883 0.01250771 -0.00720999 0.54117647 0.42352941 0.64313725
v 0.02633883 0.01239690 -0.00763013 0.54117647 0.42352941 0.64313725
v -0.00145364 0.01585775 -0.00891632 0.54117647 0.42352941 0.64313725
v -0.01663778 0.01661124 -0.00546313 0.54117647 0.42352941 0.64313725
v -0.00362749 0.01588361 -0.00895686 0.54117647 0.42352941 0.64313725
v -0.03721143 0.01575064 -0.00654294 0.54117647 0.42352941 0.64313725
v -0.02965627 0.01630098 -0.00546313 0.54117647 0.42352941 0.64313725
v -0.02749063 0.01635638 -0.00546313 0.54117647 0.42352941 0.64313725
v -0.02097728 0.01651151 -0.00546313 0.54117647 0.42352941 0.64313725
v -0.03833527 0.01695104 -0.00112175 0.54117647 0.42352941 0.64313725
v -0.02531678 0.01716158 -0.00112175 0.54117647 0.42352941 0.64313725
v -0.02314293 0.01719112 -0.00112175 0.54117647 0.42352941 0.64313725
v -0.03183012 0.01678114 -0.00329244 0.54117647 0.42352941 0.64313725
v -0.02965627 0.01682546 -0.00329244 0.54117647 0.42352941 0.64313725
v -0.03833527 0.01707662 0.00104525 0.54117647 0.42352941 0.64313725
v -0.03833527 0.01693996 0.00321593 0.54117647 0.42352941 0.64313725
v -0.01447214 0.01710617 0.00321593 0.54117647 0.42352941 0.64313725
v -0.01230649 0.01712095 0.00321593 0.54117647 0.42352941 0.64313725
v -0.03183012 0.01660754 0.00538662 0.54117647 0.42352941 0.64313725
v -0.03616962 0.01605351 0.00716665 0.54117647 0.42352941 0.64313725
v -0.03833527 0.01555488 0.00823910 0.54117647 0.42352941 0.64313725
v -0.03616962 0.01555858 0.00825015 0.54117647 0.42352941 0.64313725
v -0.03399577 0.01555858 0.00826121 0.54117647 0.42352941 0.64313725
v -0.02965627 0.01556227 0.00826858 0.54117647 0.42352941 0.64313725
v -0.02531678 0.01556596 0.00826489 0.54117647 0.42352941 0.64313725
v -0.02314293 0.01556596 0.00826121 0.54117647 0.42352941 0.64313725
v -0.02097728 0.01556596 0.00825015 0.54117647 0.42352941 0.64313725
v -0.00796699 0.01553272 0.00815802 0.54117647 0.42352941 0.64313725
v -0.00579314 0.01552534 0.00814328 0.54117647 0.42352941 0.64313725
v -0.00362749 0.01551425 0.00812485 0.54117647 0.42352941 0.64313725
v -0.00145364 0.01588361 0.00676126 0.54117647 0.42352941 0.64313725
v 0.02633883 0.01181702 0.00513970 0.54117647 0.42352941 0.64313725
v -0.01663778 0.01555488 0.00822067 0.54117647 0.42352941 0.64313725
v -0.01230649 0.01554380 0.00819119 0.54117647 0.42352941 0.64313725
v -0.00145364 0.01525940 -0.01000351 0.54117647 0.42352941 0.64313725
v 0.02633883 0.01168036 -0.00924432 0.54117647 0.42352941 0.64313725
v 0.02633883 0.01107461 -0.01032782 0.54117647 0.42352941 0.64313725
v -0.03616962 0.01668511 -0.00329244 0.54117647 0.42352941 0.64313725
v -0.00362749 0.01523724 -0.01004405 0.54117647 0.42352941 0.64313725
v -0.00579314 0.01584298 -0.00888315 0.54117647 0.42352941 0.64313725
v -0.03833527 0.01573217 -0.00649134 0.54117647 0.42352941 0.64313725
v -0.03833527 0.01606829 -0.00540416 0.54117647 0.42352941 0.64313725
v -0.03399577 0.01617909 -0.00546313 0.54117647 0.42352941 0.64313725
v -0.03183012 0.01624188 -0.00546313 0.54117647 0.42352941 0.64313725
v -0.00953380 0.01576911 -0.00875048 0.54117647 0.42352941 0.64313725
v -0.03833527 0.01663340 -0.00329244 0.54117647 0.42352941 0.64313725
v -0.04050912 0.01636377 -0.00329244 0.54117647 0.42352941 0.64313725
v -0.04050912 0.01666295 -0.00112175 0.54117647 0.42352941 0.64313725
v -0.04050912 0.01676637 0.00104525 0.54117647 0.42352941 0.64313725
v -0.04050912 0.01664079 0.00321593 0.54117647 0.42352941 0.64313725
v -0.04050912 0.01627143 0.00538662 0.54117647 0.42352941 0.64313725
v -0.03833527 0.01653737 0.00538662 0.54117647 0.42352941 0.64313725
v -0.03616962 0.01656322 0.00538662 0.54117647 0.42352941 0.64313725
v -0.03833527 0.01603874 0.00715191 0.54117647 0.42352941 0.64313725
v -0.04050912 0.01591316 0.00686077 0.54117647 0.42352941 0.64313725
v -0.04050912 0.01542561 0.00794427 0.54117647 0.42352941 0.64313725
v -0.04012357 0.01374874 0.01109526 0.54117647 0.42352941 0.64313725
v -0.03833527 0.01472384 0.00972430 0.54117647 0.42352941 0.64313725
v -0.03183012 0.01555858 0.00826858 0.54117647 0.42352941 0.64313725
v -0.03616962 0.01472753 0.00972430 0.54117647 0.42352941 0.64313725
v -0.02749063 0.01473861 0.00972430 0.54117647 0.42352941 0.64313725
v -0.02314293 0.01474230 0.00972430 0.54117647 0.42352941 0.64313725
v -0.02097728 0.01474230 0.00972430 0.54117647 0.42352941 0.64313725
v -0.01880343 0.01473122 0.00972430 0.54117647 0.42352941 0.64313725
v -0.01880343 0.01555858 0.00823910 0.54117647 0.42352941 0.64313725
v -0.01663778 0.01470906 0.00972430 0.54117647 0.42352941 0.64313725
v -0.01013264 0.01462042 0.00972430 0.54117647 0.42352941 0.64313725
v -0.00579314 0.01455393 0.00972430 0.54117647 0.42352941 0.64313725
v -0.00362749 0.01450961 0.00972430 0.54117647 0.42352941 0.64313725
v -0.00157669 0.01416980 0.00982749 0.54117647 0.42352941 0.64313725
v -0.00145364 0.01537021 0.00784845 0.54117647 0.42352941 0.64313725
v 0.02633883 0.01171360 0.00535345 0.54117647 0.42352941 0.64313725
v 0.00071201 0.01404792 -0.01149977 0.54117647 0.42352941 0.64313725
v -0.00145364 0.01417719 -0.01166561 0.54117647 0.42352941 0.64313725
v 0.02633883 0.00998871 -0.01174300 0.54117647 0.42352941 0.64313725
v -0.01663778 0.01481248 -0.00980081 0.54117647 0.42352941 0.64313725
v -0.01230649 0.01500455 -0.00980081 0.54117647 0.42352941 0.64313725
v -0.01020647 0.01521877 -0.00960549 0.54117647 0.42352941 0.64313725
v -0.00362749 0.01415134 -0.01163613 0.54117647 0.42352941 0.64313725
v -0.00796699 0.01405531 -0.01151819 0.54117647 0.42352941 0.64313725
v -0.01013264 0.01400729 -0.01145554 0.54117647 0.42352941 0.64313725
v -0.01447214 0.01390756 -0.01133024 0.54117647 0.42352941 0.64313725
v -0.01880343 0.01380784 -0.01120125 0.54117647 0.42352941 0.64313725
v -0.02531678 0.01365640 -0.01099487 0.54117647 0.42352941 0.64313725
v -0.03833527 0.01511535 -0.00763013 0.54117647 0.42352941 0.64313725
v -0.04050912 0.01487527 -0.00763013 0.54117647 0.42352941 0.64313725
v -0.04050912 0.01561767 -0.00608964 0.54117647 0.42352941 0.64313725
v -0.01097757 0.01573956 -0.00869151 0.54117647 0.42352941 0.64313725
v -0.04050912 0.01593532 -0.00500245 0.54117647 0.42352941 0.64313725
v -0.02314293 0.01452069 -0.00980081 0.54117647 0.42352941 0.64313725
v -0.04171500 0.01579866 -0.00456389 0.54117647 0.42352941 0.64313725
v -0.04210054 0.01593532 -0.00329244 0.54117647 0.42352941 0.64313725
v -0.04248609 0.01607198 -0.00112175 0.54117647 0.42352941 0.64313725
v -0.04255993 0.01610891 0.00104525 0.54117647 0.42352941 0.64313725
v -0.04242867 0.01604982 0.00321593 0.54117647 0.42352941 0.64313725
v -0.04200211 0.01588361 0.00538662 0.54117647 0.42352941 0.64313725
v -0.04167397 0.01577650 0.00654014 0.54117647 0.42352941 0.64313725
v -0.04251070 0.01507103 0.00738040 0.54117647 0.42352941 0.64313725
v -0.04267477 0.01398882 0.00935208 0.54117647 0.42352941 0.64313725
v -0.04157553 0.01357514 0.01080043 0.54117647 0.42352941 0.64313725
v -0.04071420 0.01428800 0.00993805 0.54117647 0.42352941 0.64313725
v -0.04071420 0.01309129 0.01184708 0.54117647 0.42352941 0.64313725
v -0.03833527 0.01309129 0.01231880 0.54117647 0.42352941 0.64313725
v -0.03833527 0.01383369 0.01123530 0.54117647 0.42352941 0.64313725
v -0.02097728 0.01384477 0.01114317 0.54117647 0.42352941 0.64313725
v -0.03616962 0.01383369 0.01122793 0.54117647 0.42352941 0.64313725
v -0.01880343 0.01383739 0.01112474 0.54117647 0.42352941 0.64313725
v -0.01663778 0.01381892 0.01109526 0.54117647 0.42352941 0.64313725
v -0.01230649 0.01377460 0.01102892 0.54117647 0.42352941 0.64313725
v -0.01013264 0.01374874 0.01099575 0.54117647 0.42352941 0.64313725
v -0.00796699 0.01372289 0.01096259 0.54117647 0.42352941 0.64313725
v -0.00579314 0.01369334 0.01092942 0.54117647 0.42352941 0.64313725
v -0.00362749 0.01366379 0.01089625 0.54117647 0.42352941 0.64313725
v -0.00238061 0.01362316 0.01085571 0.54117647 0.42352941 0.64313725
v 0.02633883 0.01127407 0.00622688 0.54117647 0.42352941 0.64313725
v 0.00071201 0.01314669 -0.01258327 0.54117647 0.42352941 0.64313725
v -0.00145364 0.01330182 -0.01274911 0.54117647 0.42352941 0.64313725
v -0.00362749 0.01328705 -0.01271963 0.54117647 0.42352941 0.64313725
v 0.02633883 0.00898037 -0.01283019 0.54117647 0.42352941 0.64313725
v -0.00145364 0.01221961 -0.01394686 0.54117647 0.42352941 0.64313725
v -0.00579314 0.01324272 -0.01266066 0.54117647 0.42352941 0.64313725
v -0.00796699 0.01319471 -0.01260169 0.54117647 0.42352941 0.64313725
v -0.01230649 0.01309868 -0.01248008 0.54117647 0.42352941 0.64313725
v -0.01663778 0.01300264 -0.01235109 0.54117647 0.42352941 0.64313725
v -0.02097728 0.01290661 -0.01221842 0.54117647 0.42352941 0.64313725
v -0.02314293 0.01285860 -0.01214839 0.54117647 0.42352941 0.64313725
v -0.02856525 0.01357884 -0.01088800 0.54117647 0.42352941 0.64313725
v -0.03833527 0.01404792 -0.00944701 0.54117647 0.42352941 0.64313725
v -0.04050912 0.01392234 -0.00925169 0.54117647 0.42352941 0.64313725
v -0.04194468 0.01374135 -0.00896792 0.54117647 0.42352941 0.64313725
v -0.04266657 0.01414764 -0.00765961 0.54117647 0.42352941 0.64313725
v -0.04253531 0.01521877 -0.00535625 0.54117647 0.42352941 0.64313725
v -0.03616962 0.01409963 -0.00952441 0.54117647 0.42352941 0.64313725
v -0.02965627 0.01425106 -0.00976027 0.54117647 0.42352941 0.64313725
v -0.04319157 0.01553642 -0.00329244 0.54117647 0.42352941 0.64313725
v -0.04844983 0.01371550 -0.00255905 0.54117647 0.42352941 0.64313725
v -0.04484862 0.01521877 -0.00112175 0.54117647 0.42352941 0.64313725
v -0.04365095 0.01571001 0.00104525 0.54117647 0.42352941 0.64313725
v -0.04701426 0.01442096 0.00321593 0.54117647 0.42352941 0.64313725
v -0.04484862 0.01520030 0.00321593 0.54117647 0.42352941 0.64313725
v -0.04308493 0.01551056 0.00538662 0.54117647 0.42352941 0.64313725
v -0.04484862 0.01487527 0.00538662 0.54117647 0.42352941 0.64313725
v -0.04836779 0.01372658 0.00474905 0.54117647 0.42352941 0.64313725
v -0.04708809 0.01402576 0.00543821 0.54117647 0.42352941 0.64313725
v -0.04785919 0.01347542 0.00619371 0.54117647 0.42352941 0.64313725
v -0.04641543 0.01377829 0.00685339 0.54117647 0.42352941 0.64313725
v -0.04480760 0.01407008 0.00756836 0.54117647 0.42352941 0.64313725
v -0.04406111 0.01370442 0.00887298 0.54117647 0.42352941 0.64313725
v -0.04267477 0.01337569 0.01043558 0.54117647 0.42352941 0.64313725
v -0.04630879 0.01158063 0.01111737 0.54117647 0.42352941 0.64313725
v -0.04484862 0.01187981 0.01157804 0.54117647 0.42352941 0.64313725
v -0.04374938 0.01140334 0.01297112 0.54117647 0.42352941 0.64313725
v -0.04229742 0.01164342 0.01321066 0.54117647 0.42352941 0.64313725
v -0.04050912 0.01188719 0.01343179 0.54117647 0.42352941 0.64313725
v -0.03833527 0.01200908 0.01352761 0.54117647 0.42352941 0.64313725
v -0.03616962 0.01307282 0.01231143 0.54117647 0.42352941 0.64313725
v -0.02097728 0.01286598 0.01223035 0.54117647 0.42352941 0.64313725
v -0.01880343 0.01283274 0.01221193 0.54117647 0.42352941 0.64313725
v -0.00362749 0.01151784 0.01309273 0.54117647 0.42352941 0.64313725
v -0.00214271 0.01146982 0.01304482 0.54117647 0.42352941 0.64313725
v -0.01663778 0.01279950 0.01218244 0.54117647 0.42352941 0.64313725
v -0.00069074 0.01135902 0.01292321 0.54117647 0.42352941 0.64313725
v 0.02633883 0.00931649 0.00871451 0.54117647 0.42352941 0.64313725
v 0.02633883 0.01006997 0.00779317 0.54117647 0.42352941 0.64313725
v 0.02633883 0.01026573 0.00755362 0.54117647 0.42352941 0.64313725
v 0.02633883 0.01109308 0.00646643 0.54117647 0.42352941 0.64313725
v -0.00362749 0.01220484 -0.01395054 0.54117647 0.42352941 0.64313725
v 0.02633883 0.00789447 -0.01365940 0.54117647 0.42352941 0.64313725
v -0.00145364 0.01117434 -0.01503036 0.54117647 0.42352941 0.64313725
v -0.00362749 0.01118173 -0.01503404 0.54117647 0.42352941 0.64313725
v -0.02097728 0.01182440 -0.01347513 0.54117647 0.42352941 0.64313725
v -0.02314293 0.01177269 -0.01341985 0.54117647 0.42352941 0.64313725
v -0.02531678 0.01171729 -0.01336088 0.54117647 0.42352941 0.64313725
v -0.02749063 0.01165819 -0.01330192 0.54117647 0.42352941 0.64313725
v -0.02965627 0.01159910 -0.01323926 0.54117647 0.42352941 0.64313725
v -0.03183012 0.01153631 -0.01318030 0.54117647 0.42352941 0.64313725
v -0.03833527 0.01226763 -0.01190884 0.54117647 0.42352941 0.64313725
v -0.02531678 0.01280319 -0.01207837 0.54117647 0.42352941 0.64313725
v -0.03183012 0.01350497 -0.01077006 0.54117647 0.42352941 0.64313725
v -0.03833527 0.01335353 -0.01053420 0.54117647 0.42352941 0.64313725
v -0.04050912 0.01322426 -0.01033519 0.54117647 0.42352941 0.64313725
v -0.04267477 0.01179116 -0.01135604 0.54117647 0.42352941 0.64313725
v -0.04266657 0.01291769 -0.00973447 0.54117647 0.42352941 0.64313725
v -0.04540644 0.01117065 -0.01047523 0.54117647 0.42352941 0.64313725
v -0.04338844 0.01340893 -0.00840037 0.54117647 0.42352941 0.64313725
v -0.04417596 0.01379306 -0.00695202 0.54117647 0.42352941 0.64313725
v -0.04487322 0.01412918 -0.00549261 0.54117647 0.42352941 0.64313725
v -0.04634981 0.01378198 -0.00478870 0.54117647 0.42352941 0.64313725
v -0.04917991 0.01298048 -0.00328507 0.54117647 0.42352941 0.64313725
v -0.04972132 0.01327597 -0.00112175 0.54117647 0.42352941 0.64313725
v -0.04863850 0.01380045 -0.00112175 0.54117647 0.42352941 0.64313725
v -0.04701426 0.01442096 -0.00112175 0.54117647 0.42352941 0.64313725
v -0.04779357 0.01342001 -0.00400740 0.54117647 0.42352941 0.64313725
v -0.04484862 0.01526679 0.00104525 0.54117647 0.42352941 0.64313725
v -0.04701426 0.01445421 0.00104525 0.54117647 0.42352941 0.64313725
v -0.04861389 0.01381153 0.00104525 0.54117647 0.42352941 0.64313725
v -0.04853186 0.01380414 0.00321593 0.54117647 0.42352941 0.64313725
v -0.04961468 0.01310976 0.00321593 0.54117647 0.42352941 0.64313725
v -0.05056625 0.01172468 0.00538662 0.54117647 0.42352941 0.64313725
v -0.04913069 0.01289923 0.00543821 0.54117647 0.42352941 0.64313725
v -0.04776076 0.01121127 0.01050929 0.54117647 0.42352941 0.64313725
v -0.04703067 0.01197584 0.00976115 0.54117647 0.42352941 0.64313725
v -0.04708809 0.01311345 0.00756836 0.54117647 0.42352941 0.64313725
v -0.04913889 0.01194629 0.00738409 0.54117647 0.42352941 0.64313725
v -0.04839240 0.01163603 0.00906462 0.54117647 0.42352941 0.64313725
v -0.04551308 0.01340524 0.00830175 0.54117647 0.42352941 0.64313725
v -0.04713731 0.01043563 0.01199449 0.54117647 0.42352941 0.64313725
v -0.04484862 0.01117803 0.01266154 0.54117647 0.42352941 0.64313725
v -0.04652207 0.00965999 0.01329911 0.54117647 0.42352941 0.64313725
v -0.04484862 0.01009213 0.01367871 0.54117647 0.42352941 0.64313725
v -0.04200211 0.00941252 0.01529659 0.54117647 0.42352941 0.64313725
v -0.04050912 0.01069418 0.01451897 0.54117647 0.42352941 0.64313725
v -0.03833527 0.01079021 0.01461111 0.54117647 0.42352941 0.64313725
v -0.03616962 0.01198692 0.01350549 0.54117647 0.42352941 0.64313725
v -0.02531678 0.01184287 0.01339125 0.54117647 0.42352941 0.64313725
v -0.03399577 0.01195737 0.01348338 0.54117647 0.42352941 0.64313725
v -0.02965627 0.01190197 0.01343547 0.54117647 0.42352941 0.64313725
v -0.02314293 0.01181332 0.01336545 0.54117647 0.42352941 0.64313725
v -0.01447214 0.01168405 0.01324752 0.54117647 0.42352941 0.64313725
v -0.01230649 0.01165081 0.01321804 0.54117647 0.42352941 0.64313725
v -0.02097728 0.01057599 0.01441947 0.54117647 0.42352941 0.64313725
v -0.01880343 0.01053166 0.01438998 0.54117647 0.42352941 0.64313725
v -0.02097728 0.00949008 0.01533344 0.54117647 0.42352941 0.64313725
v -0.01880343 0.00944945 0.01530027 0.54117647 0.42352941 0.64313725
v -0.00362749 0.01032482 0.01405093 0.54117647 0.42352941 0.64313725
v -0.00142903 0.01051320 0.01375242 0.54117647 0.42352941 0.64313725
v 0.00071201 0.01006628 0.01370082 0.54117647 0.42352941 0.64313725
v 0.02633883 0.00907641 0.00890246 0.54117647 0.42352941 0.64313725
v 0.02633883 0.00595536 -0.01465445 0.54117647 0.42352941 0.64313725
v 0.00010497 0.00720009 -0.01747376 0.54117647 0.42352941 0.64313725
v -0.00145364 0.01009213 -0.01578217 0.54117647 0.42352941 0.64313725
v -0.00362749 0.01009582 -0.01578586 0.54117647 0.42352941 0.64313725
v -0.00579314 0.01001826 -0.01575638 0.54117647 0.42352941 0.64313725
v -0.00796699 0.00994070 -0.01570847 0.54117647 0.42352941 0.64313725
v -0.02843400 0.00922784 -0.01522200 0.54117647 0.42352941 0.64313725
v -0.03399577 0.01032482 -0.01406110 0.54117647 0.42352941 0.64313725
v -0.03833527 0.01025834 -0.01387683 0.54117647 0.42352941 0.64313725
v -0.03616962 0.01052797 -0.01377733 0.54117647 0.42352941 0.64313725
v -0.03689971 0.01138857 -0.01303657 0.54117647 0.42352941 0.64313725
v -0.03545594 0.01143289 -0.01307711 0.54117647 0.42352941 0.64313725
v -0.03833527 0.01134055 -0.01299234 0.54117647 0.42352941 0.64313725
v -0.04050912 0.01214205 -0.01176143 0.54117647 0.42352941 0.64313725
v -0.04050912 0.01118911 -0.01284861 0.54117647 0.42352941 0.64313725
v -0.04267477 0.01081237 -0.01243954 0.54117647 0.42352941 0.64313725
v -0.04701426 0.00971170 -0.01141132 0.54117647 0.42352941 0.64313725
v -0.04396267 0.01149937 -0.01100593 0.54117647 0.42352941 0.64313725
v -0.04700606 0.01079760 -0.00977133 0.54117647 0.42352941 0.64313725
v -0.04828576 0.00938297 -0.01105752 0.54117647 0.42352941 0.64313725
v -0.04627598 0.01158802 -0.00903057 0.54117647 0.42352941 0.64313725
v -0.04487322 0.01305435 -0.00765961 0.54117647 0.42352941 0.64313725
v -0.04771974 0.01121127 -0.00833772 0.54117647 0.42352941 0.64313725
v -0.04561972 0.01341632 -0.00623705 0.54117647 0.42352941 0.64313725
v -0.04704707 0.01305805 -0.00549261 0.54117647 0.42352941 0.64313725
v -0.04839240 0.01159171 -0.00688936 0.54117647 0.42352941 0.64313725
v -0.05036117 0.01149937 -0.00453441 0.54117647 0.42352941 0.64313725
v -0.05068110 0.01186503 -0.00329244 0.54117647 0.42352941 0.64313725
v -0.04969671 0.01322426 0.00104525 0.54117647 0.42352941 0.64313725
v -0.05098462 0.01219006 -0.00112175 0.54117647 0.42352941 0.64313725
v -0.05096821 0.01213836 0.00104525 0.54117647 0.42352941 0.64313725
v -0.05085337 0.01202386 0.00321593 0.54117647 0.42352941 0.64313725
v -0.05193619 0.01084192 0.00321593 0.54117647 0.42352941 0.64313725
v -0.05291237 0.00975602 0.00321593 0.54117647 0.42352941 0.64313725
v -0.05266628 0.00950855 0.00487435 0.54117647 0.42352941 0.64313725
v -0.05177212 0.01026942 0.00551192 0.54117647 0.42352941 0.64313725
v -0.05032016 0.01145874 0.00654382 0.54117647 0.42352941 0.64313725
v -0.04923733 0.01037284 0.00979801 0.54117647 0.42352941 0.64313725
v -0.04863850 0.00976341 0.01142326 0.54117647 0.42352941 0.64313725
v -0.04796584 0.00907271 0.01286793 0.54117647 0.42352941 0.64313725
v -0.04983617 0.01098228 0.00799218 0.54117647 0.42352941 0.64313725
v -0.04715372 0.00827121 0.01372293 0.54117647 0.42352941 0.64313725
v -0.04496346 0.00824905 0.01479538 0.54117647 0.42352941 0.64313725
v -0.04345407 0.00903578 0.01503861 0.54117647 0.42352941 0.64313725
v -0.04270757 0.00824905 0.01573515 0.54117647 0.42352941 0.64313725
v -0.04050912 0.00677902 0.01717613 0.54117647 0.42352941 0.64313725
v -0.04050912 0.00815302 0.01640588 0.54117647 0.42352941 0.64313725
v -0.04050912 0.00960828 0.01546611 0.54117647 0.42352941 0.64313725
v -0.03833527 0.00970431 0.01554719 0.54117647 0.42352941 0.64313725
v -0.02965627 0.01068679 0.01452266 0.54117647 0.42352941 0.64313725
v -0.02531678 0.01063139 0.01447475 0.54117647 0.42352941 0.64313725
v -0.02314293 0.01060553 0.01444895 0.54117647 0.42352941 0.64313725
v -0.02314293 0.00951963 0.01535924 0.54117647 0.42352941 0.64313725
v -0.03833527 0.00815302 0.01656436 0.54117647 0.42352941 0.64313725
v -0.03833527 0.00692676 0.01725352 0.54117647 0.42352941 0.64313725
v -0.01447214 0.00934604 0.01522288 0.54117647 0.42352941 0.64313725
v -0.00362749 0.00898776 0.01502755 0.54117647 0.42352941 0.64313725
v -0.00145364 0.00891020 0.01497964 0.54117647 0.42352941 0.64313725
v -0.01096937 0.00925370 0.01516023 0.54117647 0.42352941 0.64313725
v -0.00951740 0.00920568 0.01513075 0.54117647 0.42352941 0.64313725
v -0.00796699 0.00914658 0.01510495 0.54117647 0.42352941 0.64313725
v 0.00071201 0.00862949 0.01478800 0.54117647 0.42352941 0.64313725
v 0.02633883 0.00790186 0.00975010 0.54117647 0.42352941 0.64313725
v 0.02633883 0.00389067 -0.01510775 0.54117647 0.42352941 0.64313725
v 0.02532163 0.00440777 -0.01518514 0.54117647 0.42352941 0.64313725
v 0.02386966 0.00500612 -0.01526991 0.54117647 0.42352941 0.64313725
v 0.00288586 0.00563402 -0.01777227 0.54117647 0.42352941 0.64313725
v 0.00078583 0.00615851 -0.01786072 0.54117647 0.42352941 0.64313725
v -0.00145364 0.00598491 -0.01806710 0.54117647 0.42352941 0.64313725
v -0.00145364 0.00726657 -0.01751061 0.54117647 0.42352941 0.64313725
v -0.00145364 0.00834878 -0.01686936 0.54117647 0.42352941 0.64313725
v -0.00362749 0.00834878 -0.01687304 0.54117647 0.42352941 0.64313725
v -0.00579314 0.00834508 -0.01684356 0.54117647 0.42352941 0.64313725
v -0.00796699 0.00722963 -0.01749956 0.54117647 0.42352941 0.64313725
v -0.00796699 0.00831554 -0.01679565 0.54117647 0.42352941 0.64313725
v -0.01013264 0.00825275 -0.01674037 0.54117647 0.42352941 0.64313725
v -0.03183012 0.00909118 -0.01513723 0.54117647 0.42352941 0.64313725
v -0.01013264 0.00716684 -0.01746270 0.54117647 0.42352941 0.64313725
v -0.01321704 0.00705604 -0.01738899 0.54117647 0.42352941 0.64313725
v -0.03399577 0.00899515 -0.01508564 0.54117647 0.42352941 0.64313725
v -0.03616962 0.00889173 -0.01502667 0.54117647 0.42352941 0.64313725
v -0.03833527 0.00876245 -0.01496402 0.54117647 0.42352941 0.64313725
v -0.04050912 0.01010691 -0.01374785 0.54117647 0.42352941 0.64313725
v -0.04267477 0.00972647 -0.01344196 0.54117647 0.42352941 0.64313725
v -0.04405291 0.00939036 -0.01317293 0.54117647 0.42352941 0.64313725
v -0.04549668 0.00894344 -0.01286336 0.54117647 0.42352941 0.64313725
v -0.04908148 0.00794618 -0.01134867 0.54117647 0.42352941 0.64313725
v -0.05028735 0.00708559 -0.01089905 0.54117647 0.42352941 0.64313725
v -0.04981976 0.00865165 -0.00980081 0.54117647 0.42352941 0.64313725
v -0.05020532 0.00916136 -0.00860675 0.54117647 0.42352941 0.64313725
v -0.04707989 0.00819365 -0.01252799 0.54117647 0.42352941 0.64313725
v -0.04784279 0.00673839 -0.01292601 0.54117647 0.42352941 0.64313725
v -0.05063188 0.00961566 -0.00715840 0.54117647 0.42352941 0.64313725
v -0.05122251 0.01018447 -0.00523463 0.54117647 0.42352941 0.64313725
v -0.05251042 0.00930541 -0.00448650 0.54117647 0.42352941 0.64313725
v -0.05176392 0.01067202 -0.00329244 0.54117647 0.42352941 0.64313725
v -0.05207564 0.01097119 -0.00112175 0.54117647 0.42352941 0.64313725
v -0.05205924 0.01098966 0.00104525 0.54117647 0.42352941 0.64313725
v -0.05302722 0.00990376 0.00104525 0.54117647 0.42352941 0.64313725
v -0.05399520 0.00841157 0.00321593 0.54117647 0.42352941 0.64313725
v -0.05464325 0.00712622 0.00442842 0.54117647 0.42352941 0.64313725
v -0.05355222 0.00814933 0.00537556 0.54117647 0.42352941 0.64313725
v -0.05304362 0.00778736 0.00755362 0.54117647 0.42352941 0.64313725
v -0.05238737 0.00916875 0.00631902 0.54117647 0.42352941 0.64313725
v -0.05141939 0.00821212 0.00981643 0.54117647 0.42352941 0.64313725
v -0.05057446 0.00953441 0.00908673 0.54117647 0.42352941 0.64313725
v -0.05270729 0.00737368 0.00909779 0.54117647 0.42352941 0.64313725
v -0.05008226 0.00904686 0.01053508 0.54117647 0.42352941 0.64313725
v -0.05225611 0.00679380 0.01054614 0.54117647 0.42352941 0.64313725
v -0.05269909 0.00534593 0.01105841 0.54117647 0.42352941 0.64313725
v -0.05132094 0.00593320 0.01187656 0.54117647 0.42352941 0.64313725
v -0.04990999 0.00652047 0.01269840 0.54117647 0.42352941 0.64313725
v -0.04846623 0.00762854 0.01324752 0.54117647 0.42352941 0.64313725
v -0.04789201 0.00467739 0.01504230 0.54117647 0.42352941 0.64313725
v -0.04711271 0.00609941 0.01476958 0.54117647 0.42352941 0.64313725
v -0.04576738 0.00690091 0.01507546 0.54117647 0.42352941 0.64313725
v -0.04432361 0.00759160 0.01541083 0.54117647 0.42352941 0.64313725
v -0.04202671 0.00530530 0.01752255 0.54117647 0.42352941 0.64313725
v -0.04050912 0.00569312 0.01770314 0.54117647 0.42352941 0.64313725
v -0.02531678 0.00954918 0.01538503 0.54117647 0.42352941 0.64313725
v -0.03833527 0.00584086 0.01776210 0.54117647 0.42352941 0.64313725
v -0.02965627 0.00552322 0.01761468 0.54117647 0.42352941 0.64313725
v -0.01880343 0.00621022 0.01691446 0.54117647 0.42352941 0.64313725
v -0.01880343 0.00815302 0.01597838 0.54117647 0.42352941 0.64313725
v -0.00362749 0.00790555 0.01555825 0.54117647 0.42352941 0.64313725
v -0.00145364 0.00782430 0.01551771 0.54117647 0.42352941 0.64313725
v 0.00071201 0.00754359 0.01539609 0.54117647 0.42352941 0.64313725
v -0.00796699 0.00806438 0.01563564 0.54117647 0.42352941 0.64313725
v 0.02633883 0.00655741 0.01057931 0.54117647 0.42352941 0.64313725
v 0.02633883 0.00345114 -0.01514460 0.54117647 0.42352941 0.64313725
v 0.00288586 0.00381311 -0.01821452 0.54117647 0.42352941 0.64313725
v 0.00071201 0.00381311 -0.01848355 0.54117647 0.42352941 0.64313725
v -0.00145364 0.00381311 -0.01855357 0.54117647 0.42352941 0.64313725
v -0.00579314 0.00598491 -0.01806710 0.54117647 0.42352941 0.64313725
v -0.00362749 0.00726657 -0.01751061 0.54117647 0.42352941 0.64313725
v -0.00579314 0.00725918 -0.01751061 0.54117647 0.42352941 0.64313725
v -0.00796699 0.00598491 -0.01805236 0.54117647 0.42352941 0.64313725
v -0.01013264 0.00598491 -0.01800445 0.54117647 0.42352941 0.64313725
v -0.01447214 0.00700063 -0.01735951 0.54117647 0.42352941 0.64313725
v -0.01241313 0.00619175 -0.01781650 0.54117647 0.42352941 0.64313725
v -0.01447214 0.00591473 -0.01785704 0.54117647 0.42352941 0.64313725
v -0.01663778 0.00581870 -0.01780913 0.54117647 0.42352941 0.64313725
v -0.01663778 0.00690091 -0.01730792 0.54117647 0.42352941 0.64313725
v -0.01880343 0.00679749 -0.01725264 0.54117647 0.42352941 0.64313725
v -0.03833527 0.00768025 -0.01553894 0.54117647 0.42352941 0.64313725
v -0.04050912 0.00746971 -0.01543575 0.54117647 0.42352941 0.64313725
v -0.04050912 0.00855562 -0.01483503 0.54117647 0.42352941 0.64313725
v -0.02097728 0.00667191 -0.01718630 0.54117647 0.42352941 0.64313725
v -0.04183804 0.00724441 -0.01532519 0.54117647 0.42352941 0.64313725
v -0.04260914 0.00804221 -0.01455126 0.54117647 0.42352941 0.64313725
v -0.04480760 0.00819365 -0.01358937 0.54117647 0.42352941 0.64313725
v -0.04639902 0.00749557 -0.01329823 0.54117647 0.42352941 0.64313725
v -0.04913889 0.00600338 -0.01237689 0.54117647 0.42352941 0.64313725
v -0.05220689 0.00669776 -0.00835614 0.54117647 0.42352941 0.64313725
v -0.05460223 0.00703018 -0.00432066 0.54117647 0.42352941 0.64313725
v -0.05268268 0.00737368 -0.00690779 0.54117647 0.42352941 0.64313725
v -0.05064829 0.00756575 -0.00980081 0.54117647 0.42352941 0.64313725
v -0.04983617 0.00431912 -0.01276754 0.54117647 0.42352941 0.64313725
v -0.05062368 0.00598491 -0.01121968 0.54117647 0.42352941 0.64313725
v -0.05261706 0.00301530 -0.01105752 0.54117647 0.42352941 0.64313725
v -0.05217408 0.00446317 -0.01050840 0.54117647 0.42352941 0.64313725
v -0.05266628 0.00525359 -0.00906374 0.54117647 0.42352941 0.64313725
v -0.05208384 0.00882155 -0.00593485 0.54117647 0.42352941 0.64313725
v -0.04412673 0.00526098 -0.01541364 0.54117647 0.42352941 0.64313725
v -0.04557050 0.00442993 -0.01503773 0.54117647 0.42352941 0.64313725
v -0.04691583 0.00375032 -0.01461022 0.54117647 0.42352941 0.64313725
v -0.04913889 0.00368383 -0.01345670 0.54117647 0.42352941 0.64313725
v -0.05035297 0.00287125 -0.01311765 0.54117647 0.42352941 0.64313725
v -0.05273190 0.00958612 -0.00329244 0.54117647 0.42352941 0.64313725
v -0.05396238 0.00804221 -0.00347302 0.54117647 0.42352941 0.64313725
v -0.05296159 0.00988529 -0.00112175 0.54117647 0.42352941 0.64313725
v -0.05411004 0.00854454 0.00104525 0.54117647 0.42352941 0.64313725
v -0.05475810 0.00732567 0.00321593 0.54117647 0.42352941 0.64313725
v -0.05528310 0.00598491 0.00321593 0.54117647 0.42352941 0.64313725
v -0.05602959 0.00381311 0.00321593 0.54117647 0.42352941 0.64313725
v -0.05485653 0.00594797 0.00524657 0.54117647 0.42352941 0.64313725
v -0.05471708 0.00519818 0.00691236 0.54117647 0.42352941 0.64313725
v -0.05442996 0.00664236 0.00587677 0.54117647 0.42352941 0.64313725
v -0.05418387 0.00594797 0.00760153 0.54117647 0.42352941 0.64313725
v -0.05315027 0.00603662 0.00978327 0.54117647 0.42352941 0.64313725
v -0.05454481 0.00446686 0.00835703 0.54117647 0.42352941 0.64313725
v -0.05410184 0.00377248 0.00956951 0.54117647 0.42352941 0.64313725
v -0.05294519 0.00381311 0.01137535 0.54117647 0.42352941 0.64313725
v -0.05034477 0.00072161 0.01523025 0.54117647 0.42352941 0.64313725
v -0.04990179 0.00216948 0.01488382 0.54117647 0.42352941 0.64313725
v -0.05038578 0.00507260 0.01306694 0.54117647 0.42352941 0.64313725
v -0.04845803 0.00322953 0.01537398 0.54117647 0.42352941 0.64313725
v -0.04711271 0.00389806 0.01577200 0.54117647 0.42352941 0.64313725
v -0.04644824 0.00545304 0.01539609 0.54117647 0.42352941 0.64313725
v -0.04347868 0.00459983 0.01718718 0.54117647 0.42352941 0.64313725
v -0.04272399 0.00385373 0.01781370 0.54117647 0.42352941 0.64313725
v -0.04050912 0.00381311 0.01840336 0.54117647 0.42352941 0.64313725
v -0.04415955 0.00315196 0.01750044 0.54117647 0.42352941 0.64313725
v -0.03833527 0.00381311 0.01849181 0.54117647 0.42352941 0.64313725
v -0.01318423 0.00491748 0.01732723 0.54117647 0.42352941 0.64313725
v -0.01447214 0.00605139 0.01683707 0.54117647 0.42352941 0.64313725
v -0.00145364 0.00598491 0.01638008 0.54117647 0.42352941 0.64313725
v 0.00071201 0.00598491 0.01616633 0.54117647 0.42352941 0.64313725
v 0.02633883 0.00634688 0.01068250 0.54117647 0.42352941 0.64313725
v 0.02633883 0.00240217 -0.01518514 0.54117647 0.42352941 0.64313725
v 0.02582203 0.00296359 -0.01524779 0.54117647 0.42352941 0.64313725
v 0.00288586 0.00164499 -0.01832508 0.54117647 0.42352941 0.64313725
v 0.02241769 0.00164499 -0.01577111 0.54117647 0.42352941 0.64313725
v 0.01078554 -0.00105129 -0.01743690 0.54117647 0.42352941 0.64313725
v 0.00288586 -0.00269123 -0.01853883 0.54117647 0.42352941 0.64313725
v 0.00071201 0.00164499 -0.01857568 0.54117647 0.42352941 0.64313725
v -0.00145364 0.00164499 -0.01864571 0.54117647 0.42352941 0.64313725
v -0.00579314 0.00381311 -0.01855357 0.54117647 0.42352941 0.64313725
v -0.00796699 0.00381311 -0.01854989 0.54117647 0.42352941 0.64313725
v -0.01013264 0.00381311 -0.01852041 0.54117647 0.42352941 0.64313725
v -0.01230649 0.00381311 -0.01844670 0.54117647 0.42352941 0.64313725
v -0.01880343 0.00571159 -0.01776122 0.54117647 0.42352941 0.64313725
v -0.02097728 0.00558970 -0.01770962 0.54117647 0.42352941 0.64313725
v -0.02749063 0.00625454 -0.01697992 0.54117647 0.42352941 0.64313725
v -0.02965627 0.00611418 -0.01690990 0.54117647 0.42352941 0.64313725
v -0.03179731 0.00579285 -0.01693201 0.54117647 0.42352941 0.64313725
v -0.03616962 0.00598491 -0.01654504 0.54117647 0.42352941 0.64313725
v -0.03833527 0.00598491 -0.01640131 0.54117647 0.42352941 0.64313725
v -0.04050912 0.00598491 -0.01622073 0.54117647 0.42352941 0.64313725
v -0.02314293 0.00653525 -0.01711996 0.54117647 0.42352941 0.64313725
v -0.02531678 0.00530899 -0.01759169 0.54117647 0.42352941 0.64313725
v -0.04260914 0.00598491 -0.01569372 0.54117647 0.42352941 0.64313725
v -0.04329001 0.00670884 -0.01503773 0.54117647 0.42352941 0.64313725
v -0.05303542 0.00376878 -0.00979344 0.54117647 0.42352941 0.64313725
v -0.05454481 0.00461830 -0.00636236 0.54117647 0.42352941 0.64313725
v -0.05477450 0.00558231 -0.00491769 0.54117647 0.42352941 0.64313725
v -0.05561123 0.00381311 -0.00329244 0.54117647 0.42352941 0.64313725
v -0.05692373 0.00105403 -0.00051735 0.54117647 0.42352941 0.64313725
v -0.05499599 0.00617697 -0.00347302 0.54117647 0.42352941 0.64313725
v -0.05472528 0.00724810 -0.00287231 0.54117647 0.42352941 0.64313725
v -0.05126353 0.00366906 -0.01191253 0.54117647 0.42352941 0.64313725
v -0.05283854 0.00164499 -0.01135972 0.54117647 0.42352941 0.64313725
v -0.05378191 0.00164499 -0.00980081 0.54117647 0.42352941 0.64313725
v -0.05177212 0.00164499 -0.01244691 0.54117647 0.42352941 0.64313725
v -0.04484862 0.00375032 -0.01566424 0.54117647 0.42352941 0.64313725
v -0.04267477 0.00381311 -0.01656716 0.54117647 0.42352941 0.64313725
v -0.04612831 0.00298206 -0.01532519 0.54117647 0.42352941 0.64313725
v -0.04918811 0.00164499 -0.01421957 0.54117647 0.42352941 0.64313725
v -0.05068931 0.00164499 -0.01336825 0.54117647 0.42352941 0.64313725
v -0.05404441 0.00845958 -0.00112175 0.54117647 0.42352941 0.64313725
v -0.05479911 0.00737368 -0.00112175 0.54117647 0.42352941 0.64313725
v -0.05483192 0.00745863 0.00104525 0.54117647 0.42352941 0.64313725
v -0.05544716 0.00598491 0.00104525 0.54117647 0.42352941 0.64313725
v -0.05623467 0.00381311 0.00104525 0.54117647 0.42352941 0.64313725
v -0.05670225 0.00246496 0.00104525 0.54117647 0.42352941 0.64313725
v -0.05659561 0.00210669 0.00321593 0.54117647 0.42352941 0.64313725
v -0.05553740 0.00381311 0.00538662 0.54117647 0.42352941 0.64313725
v -0.05678428 0.00057756 0.00431049 0.54117647 0.42352941 0.64313725
v -0.05465965 0.00301899 0.00874399 0.54117647 0.42352941 0.64313725
v -0.05423309 0.00164499 0.01003756 0.54117647 0.42352941 0.64313725
v -0.05314206 0.00164499 0.01168123 0.54117647 0.42352941 0.64313725
v -0.05224791 0.00164499 0.01276842 0.54117647 0.42352941 0.64313725
v -0.05238737 0.00024145 0.01291215 0.54117647 0.42352941 0.64313725
v -0.05169009 -0.00049726 0.01389983 0.54117647 0.42352941 0.64313725
v -0.05045141 -0.00052681 0.01532607 0.54117647 0.42352941 0.64313725
v -0.04918811 -0.00052681 0.01617002 0.54117647 0.42352941 0.64313725
v -0.04917991 0.00152680 0.01565775 0.54117647 0.42352941 0.64313725
v -0.04691583 0.00156004 0.01681496 0.54117647 0.42352941 0.64313725
v -0.04486502 0.00385373 0.01685918 0.54117647 0.42352941 0.64313725
v -0.04267477 0.00164499 0.01830754 0.54117647 0.42352941 0.64313725
v -0.04612831 0.00078071 0.01737882 0.54117647 0.42352941 0.64313725
v -0.04050912 0.00164499 0.01872767 0.54117647 0.42352941 0.64313725
v -0.03833527 0.00164499 0.01877558 0.54117647 0.42352941 0.64313725
v -0.00362749 0.00322953 0.01746359 0.54117647 0.42352941 0.64313725
v -0.01013264 0.00364320 0.01757415 0.54117647 0.42352941 0.64313725
v -0.01239673 0.00399409 0.01755572 0.54117647 0.42352941 0.64313725
v -0.01174047 0.00483252 0.01730143 0.54117647 0.42352941 0.64313725
v -0.00362749 0.00431173 0.01713927 0.54117647 0.42352941 0.64313725
v -0.00137981 0.00376878 0.01711716 0.54117647 0.42352941 0.64313725
v -0.00579314 0.00444840 0.01718350 0.54117647 0.42352941 0.64313725
v 0.00071201 0.00381311 0.01682233 0.54117647 0.42352941 0.64313725
v 0.02633883 0.00547151 0.01106578 0.54117647 0.42352941 0.64313725
v 0.02633883 0.00164499 -0.01520725 0.54117647 0.42352941 0.64313725
v 0.02593687 0.00164499 -0.01526991 0.54117647 0.42352941 0.64313725
v 0.02458334 0.00164499 -0.01547260 0.54117647 0.42352941 0.64313725
v 0.00505971 -0.00269123 -0.01826243 0.54117647 0.42352941 0.64313725
v 0.01590435 -0.00052681 -0.01672563 0.54117647 0.42352941 0.64313725
v 0.00722535 -0.00269123 -0.01797497 0.54117647 0.42352941 0.64313725
v 0.01373870 -0.00052681 -0.01702046 0.54117647 0.42352941 0.64313725
v 0.00288586 -0.00486303 -0.01843564 0.54117647 0.42352941 0.64313725
v 0.00071201 -0.00486303 -0.01870836 0.54117647 0.42352941 0.64313725
v 0.00071201 -0.00269123 -0.01875627 0.54117647 0.42352941 0.64313725
v -0.00145364 -0.00269123 -0.01882629 0.54117647 0.42352941 0.64313725
v -0.00362749 0.00164499 -0.01864571 0.54117647 0.42352941 0.64313725
v -0.00796699 0.00164499 -0.01863834 0.54117647 0.42352941 0.64313725
v -0.00796699 -0.00269123 -0.01880049 0.54117647 0.42352941 0.64313725
v -0.01013264 -0.00269123 -0.01875258 0.54117647 0.42352941 0.64313725
v -0.01013264 -0.00486303 -0.01882629 0.54117647 0.42352941 0.64313725
v -0.01447214 0.00164499 -0.01842827 0.54117647 0.42352941 0.64313725
v -0.01663778 0.00381311 -0.01826243 0.54117647 0.42352941 0.64313725
v -0.03105082 0.00493964 -0.01741479 0.54117647 0.42352941 0.64313725
v -0.04050912 0.00381311 -0.01703520 0.54117647 0.42352941 0.64313725
v -0.02749063 0.00516864 -0.01752535 0.54117647 0.42352941 0.64313725
v -0.02965627 0.00502828 -0.01745902 0.54117647 0.42352941 0.64313725
v -0.05419208 0.00386112 -0.00758590 0.54117647 0.42352941 0.64313725
v -0.05447098 0.00164499 -0.00829349 0.54117647 0.42352941 0.64313725
v -0.05470067 0.00317043 -0.00683408 0.54117647 0.42352941 0.64313725
v -0.05493856 0.00386112 -0.00557000 0.54117647 0.42352941 0.64313725
v -0.05603779 0.00164499 -0.00329244 0.54117647 0.42352941 0.64313725
v -0.05705499 -0.00052681 -0.00086378 0.54117647 0.42352941 0.64313725
v -0.05746515 -0.00052681 0.00104525 0.54117647 0.42352941 0.64313725
v -0.05703859 0.00137906 0.00104525 0.54117647 0.42352941 0.64313725
v -0.05606240 0.00381311 -0.00112175 0.54117647 0.42352941 0.64313725
v -0.05536513 0.00598491 -0.00112175 0.54117647 0.42352941 0.64313725
v -0.05203463 -0.00052681 -0.01257958 0.54117647 0.42352941 0.64313725
v -0.05289597 -0.00052681 -0.01149608 0.54117647 0.42352941 0.64313725
v -0.05389675 -0.00052681 -0.00980081 0.54117647 0.42352941 0.64313725
v -0.05452840 -0.00052681 -0.00847776 0.54117647 0.42352941 0.64313725
v -0.05095180 -0.00052681 -0.01362254 0.54117647 0.42352941 0.64313725
v -0.04484862 0.00164499 -0.01626496 0.54117647 0.42352941 0.64313725
v -0.04267477 0.00164499 -0.01700572 0.54117647 0.42352941 0.64313725
v -0.04655489 0.00164499 -0.01550208 0.54117647 0.42352941 0.64313725
v -0.04801505 0.00035595 -0.01518883 0.54117647 0.42352941 0.64313725
v -0.04763771 0.00164499 -0.01499350 0.54117647 0.42352941 0.64313725
v -0.04908148 -0.00043078 -0.01479081 0.54117647 0.42352941 0.64313725
v -0.05694015 0.00102079 0.00321593 0.54117647 0.42352941 0.64313725
v -0.05726007 -0.00052681 0.00321593 0.54117647 0.42352941 0.64313725
v -0.05685812 -0.00052681 0.00447264 0.54117647 0.42352941 0.64313725
v -0.05532412 0.00164499 0.00755362 0.54117647 0.42352941 0.64313725
v -0.05474168 0.00164499 0.00895406 0.54117647 0.42352941 0.64313725
v -0.05452020 -0.00232926 0.01060511 0.54117647 0.42352941 0.64313725
v -0.05251042 -0.00120273 0.01306325 0.54117647 0.42352941 0.64313725
v -0.05461043 -0.00377343 0.01081149 0.54117647 0.42352941 0.64313725
v -0.05317488 -0.00049726 0.01207188 0.54117647 0.42352941 0.64313725
v -0.05044320 -0.00205963 0.01530396 0.54117647 0.42352941 0.64313725
v -0.05257604 -0.00269123 0.01311484 0.54117647 0.42352941 0.64313725
v -0.04932757 -0.00274663 0.01583097 0.54117647 0.42352941 0.64313725
v -0.04723575 -0.00269123 0.01696975 0.54117647 0.42352941 0.64313725
v -0.04734239 -0.00052681 0.01707662 0.54117647 0.42352941 0.64313725
v -0.04267477 -0.00052681 0.01837387 0.54117647 0.42352941 0.64313725
v -0.04625957 -0.00052681 0.01741199 0.54117647 0.42352941 0.64313725
v -0.04484862 -0.00052681 0.01779527 0.54117647 0.42352941 0.64313725
v -0.04267477 -0.00269123 0.01839230 0.54117647 0.42352941 0.64313725
v -0.04050912 -0.00269123 0.01874241 0.54117647 0.42352941 0.64313725
v -0.03833527 -0.00052681 0.01877189 0.54117647 0.42352941 0.64313725
v -0.03399577 -0.00269123 0.01862448 0.54117647 0.42352941 0.64313725
v -0.02965627 -0.00052681 0.01848075 0.54117647 0.42352941 0.64313725
v -0.02314293 0.00164499 0.01826331 0.54117647 0.42352941 0.64313725
v -0.04050912 -0.00486303 0.01874978 0.54117647 0.42352941 0.64313725
v -0.01230649 0.00164499 0.01789478 0.54117647 0.42352941 0.64313725
v -0.01013264 0.00164499 0.01781370 0.54117647 0.42352941 0.64313725
v -0.00362749 0.00164499 0.01753361 0.54117647 0.42352941 0.64313725
v -0.00205248 0.00301899 0.01740462 0.54117647 0.42352941 0.64313725
v -0.01880343 0.00164499 0.01811590 0.54117647 0.42352941 0.64313725
v 0.00071201 0.00164499 0.01700291 0.54117647 0.42352941 0.64313725
v 0.02458334 0.00381311 0.01171072 0.54117647 0.42352941 0.64313725
v 0.02633883 0.00509477 0.01115791 0.54117647 0.42352941 0.64313725
v 0.02633883 -0.00013160 -0.01514092 0.54117647 0.42352941 0.64313725
v 0.02587125 0.00031901 -0.01526253 0.54117647 0.42352941 0.64313725
v 0.00939920 -0.00269123 -0.01765434 0.54117647 0.42352941 0.64313725
v 0.01057226 -0.00384361 -0.01741479 0.54117647 0.42352941 0.64313725
v 0.00505971 -0.00486303 -0.01810027 0.54117647 0.42352941 0.64313725
v 0.00071201 -0.00703114 -0.01819609 0.54117647 0.42352941 0.64313725
v -0.00145364 -0.00486303 -0.01881523 0.54117647 0.42352941 0.64313725
v -0.00362749 -0.00269123 -0.01881892 0.54117647 0.42352941 0.64313725
v -0.00796699 -0.00486303 -0.01887420 0.54117647 0.42352941 0.64313725
v -0.00579314 -0.00269123 -0.01881155 0.54117647 0.42352941 0.64313725
v -0.01013264 -0.00703114 -0.01833245 0.54117647 0.42352941 0.64313725
v -0.01230649 -0.00703114 -0.01827717 0.54117647 0.42352941 0.64313725
v -0.01447214 -0.00703114 -0.01822189 0.54117647 0.42352941 0.64313725
v -0.01663778 -0.00703114 -0.01815924 0.54117647 0.42352941 0.64313725
v -0.01880343 -0.00703114 -0.01808553 0.54117647 0.42352941 0.64313725
v -0.03833527 -0.00645495 -0.01753272 0.54117647 0.42352941 0.64313725
v -0.04050912 -0.00619640 -0.01746639 0.54117647 0.42352941 0.64313725
v -0.01230649 -0.00486303 -0.01873416 0.54117647 0.42352941 0.64313725
v -0.02314293 -0.00269123 -0.01820346 0.54117647 0.42352941 0.64313725
v -0.02749063 -0.00269123 -0.01801919 0.54117647 0.42352941 0.64313725
v -0.01663778 0.00164499 -0.01833614 0.54117647 0.42352941 0.64313725
v -0.02965627 -0.00269123 -0.01792706 0.54117647 0.42352941 0.64313725
v -0.02965627 -0.00052681 -0.01785335 0.54117647 0.42352941 0.64313725
v -0.02749063 0.00164499 -0.01787178 0.54117647 0.42352941 0.64313725
v -0.03616962 0.00164499 -0.01749956 0.54117647 0.42352941 0.64313725
v -0.03788409 0.00164499 -0.01742585 0.54117647 0.42352941 0.64313725
v -0.03738370 0.00276414 -0.01740374 0.54117647 0.42352941 0.64313725
v -0.01880343 0.00381311 -0.01816661 0.54117647 0.42352941 0.64313725
v -0.03249458 0.00470694 -0.01737057 0.54117647 0.42352941 0.64313725
v -0.02097728 0.00381311 -0.01806710 0.54117647 0.42352941 0.64313725
v -0.02314293 0.00381311 -0.01796391 0.54117647 0.42352941 0.64313725
v -0.04050912 0.00164499 -0.01730792 0.54117647 0.42352941 0.64313725
v -0.05490575 -0.00052681 -0.00739058 0.54117647 0.42352941 0.64313725
v -0.05556201 -0.00052681 -0.00546313 0.54117647 0.42352941 0.64313725
v -0.05483192 0.00164499 -0.00720631 0.54117647 0.42352941 0.64313725
v -0.05538153 0.00164499 -0.00546313 0.54117647 0.42352941 0.64313725
v -0.05671045 -0.00269123 -0.00183303 0.54117647 0.42352941 0.64313725
v -0.05698116 -0.00269123 -0.00074953 0.54117647 0.42352941 0.64313725
v -0.05627569 -0.00052681 -0.00329244 0.54117647 0.42352941 0.64313725
v -0.05626748 -0.00269123 -0.00329244 0.54117647 0.42352941 0.64313725
v -0.05730929 -0.00269123 0.00104525 0.54117647 0.42352941 0.64313725
v -0.05080415 -0.00269123 -0.01354884 0.54117647 0.42352941 0.64313725
v -0.05188697 -0.00269123 -0.01238426 0.54117647 0.42352941 0.64313725
v -0.05275651 -0.00269123 -0.01129707 0.54117647 0.42352941 0.64313725
v -0.05348659 -0.00486303 -0.00980081 0.54117647 0.42352941 0.64313725
v -0.05443817 -0.00486303 -0.00828244 0.54117647 0.42352941 0.64313725
v -0.05449559 -0.00269123 -0.00838563 0.54117647 0.42352941 0.64313725
v -0.05551279 -0.00269123 -0.00546313 0.54117647 0.42352941 0.64313725
v -0.04828576 -0.00108823 -0.01532519 0.54117647 0.42352941 0.64313725
v -0.04936039 -0.00269123 -0.01463602 0.54117647 0.42352941 0.64313725
v -0.04484862 -0.00052681 -0.01665929 0.54117647 0.42352941 0.64313725
v -0.04717833 -0.00043078 -0.01569004 0.54117647 0.42352941 0.64313725
v -0.04267477 -0.00052681 -0.01720104 0.54117647 0.42352941 0.64313725
v -0.04484862 -0.00269123 -0.01691727 0.54117647 0.42352941 0.64313725
v -0.05709601 -0.00273555 0.00326384 0.54117647 0.42352941 0.64313725
v -0.05687452 -0.00204116 0.00451687 0.54117647 0.42352941 0.64313725
v -0.05487294 -0.00052681 0.00926363 0.54117647 0.42352941 0.64313725
v -0.05461043 -0.00377713 0.01081149 0.54117647 0.42352941 0.64313725
v -0.05014789 -0.00350381 0.01505704 0.54117647 0.42352941 0.64313725
v -0.04836779 -0.00651404 0.01532975 0.54117647 0.42352941 0.64313725
v -0.04874514 -0.00486303 0.01558404 0.54117647 0.42352941 0.64313725
v -0.05255143 -0.00405414 0.01307431 0.54117647 0.42352941 0.64313725
v -0.04682559 -0.00469313 0.01669703 0.54117647 0.42352941 0.64313725
v -0.04598066 -0.00385839 0.01734197 0.54117647 0.42352941 0.64313725
v -0.04614473 -0.00269123 0.01738619 0.54117647 0.42352941 0.64313725
v -0.04484862 -0.00269123 0.01777684 0.54117647 0.42352941 0.64313725
v -0.04267477 -0.00486303 0.01833702 0.54117647 0.42352941 0.64313725
v -0.03833527 -0.00486303 0.01876452 0.54117647 0.42352941 0.64313725
v -0.03183012 -0.00269123 0.01855077 0.54117647 0.42352941 0.64313725
v -0.02314293 -0.00052681 0.01825963 0.54117647 0.42352941 0.64313725
v -0.04050912 -0.00703114 0.01843652 0.54117647 0.42352941 0.64313725
v -0.02097728 -0.00052681 0.01818592 0.54117647 0.42352941 0.64313725
v -0.03616962 -0.00486303 0.01867976 0.54117647 0.42352941 0.64313725
v -0.01663778 -0.00052681 0.01800902 0.54117647 0.42352941 0.64313725
v -0.00375054 -0.00051204 0.01737882 0.54117647 0.42352941 0.64313725
v -0.00311890 -0.00122858 0.01729037 0.54117647 0.42352941 0.64313725
v -0.00216732 0.00021929 0.01734565 0.54117647 0.42352941 0.64313725
v -0.00189662 0.00164499 0.01740093 0.54117647 0.42352941 0.64313725
v -0.03183012 -0.00486303 0.01849181 0.54117647 0.42352941 0.64313725
v -0.02097728 -0.00269123 0.01810853 0.54117647 0.42352941 0.64313725
v -0.01230649 -0.00052681 0.01782107 0.54117647 0.42352941 0.64313725
v -0.01013264 -0.00052681 0.01771419 0.54117647 0.42352941 0.64313725
v -0.00796699 -0.00052681 0.01760363 0.54117647 0.42352941 0.64313725
v -0.00080559 0.00164499 0.01727195 0.54117647 0.42352941 0.64313725
v 0.00071201 -0.00052681 0.01701766 0.54117647 0.42352941 0.64313725
v 0.00288586 -0.00269123 0.01663438 0.54117647 0.42352941 0.64313725
v 0.00505971 -0.00269123 0.01620319 0.54117647 0.42352941 0.64313725
v 0.00898084 -0.00052681 0.01530027 0.54117647 0.42352941 0.64313725
v 0.01590435 0.00164499 0.01371556 0.54117647 0.42352941 0.64313725
v 0.02633883 0.00381311 0.01132007 0.54117647 0.42352941 0.64313725
v 0.02633883 -0.00224800 -0.01494559 0.54117647 0.42352941 0.64313725
v 0.02633883 -0.00269123 -0.01489768 0.54117647 0.42352941 0.64313725
v 0.02633883 -0.00444566 -0.01466919 0.54117647 0.42352941 0.64313725
v 0.02633883 -0.00486303 -0.01459917 0.54117647 0.42352941 0.64313725
v 0.00939920 -0.00426837 -0.01752167 0.54117647 0.42352941 0.64313725
v 0.00732379 -0.00499600 -0.01769857 0.54117647 0.42352941 0.64313725
v 0.00811130 -0.00580858 -0.01735951 0.54117647 0.42352941 0.64313725
v 0.00665933 -0.00617424 -0.01749219 0.54117647 0.42352941 0.64313725
v 0.00071201 -0.00849378 -0.01758801 0.54117647 0.42352941 0.64313725
v -0.00145364 -0.00703114 -0.01829560 0.54117647 0.42352941 0.64313725
v 0.02633883 -0.00703114 -0.01398002 0.54117647 0.42352941 0.64313725
v -0.00796699 -0.00703114 -0.01833245 0.54117647 0.42352941 0.64313725
v -0.00145364 -0.00972004 -0.01716050 0.54117647 0.42352941 0.64313725
v -0.01663778 -0.00839037 -0.01756589 0.54117647 0.42352941 0.64313725
v -0.01880343 -0.00835343 -0.01753641 0.54117647 0.42352941 0.64313725
v -0.02097728 -0.00830172 -0.01750324 0.54117647 0.42352941 0.64313725
v -0.02531678 -0.00818722 -0.01743322 0.54117647 0.42352941 0.64313725
v -0.02679335 -0.00814290 -0.01741111 0.54117647 0.42352941 0.64313725
v -0.02824532 -0.00808750 -0.01738531 0.54117647 0.42352941 0.64313725
v -0.02965627 -0.00802470 -0.01736320 0.54117647 0.42352941 0.64313725
v -0.03183012 -0.00792129 -0.01733003 0.54117647 0.42352941 0.64313725
v -0.03399577 -0.00780679 -0.01729686 0.54117647 0.42352941 0.64313725
v -0.03616962 -0.00768121 -0.01726001 0.54117647 0.42352941 0.64313725
v -0.03833527 -0.00754085 -0.01722684 0.54117647 0.42352941 0.64313725
v -0.03399577 -0.00672088 -0.01762486 0.54117647 0.42352941 0.64313725
v -0.03616962 -0.00659530 -0.01757695 0.54117647 0.42352941 0.64313725
v -0.04165757 -0.00599326 -0.01741479 0.54117647 0.42352941 0.64313725
v -0.03833527 -0.00486303 -0.01762854 0.54117647 0.42352941 0.64313725
v -0.03616962 -0.00486303 -0.01772068 0.54117647 0.42352941 0.64313725
v -0.03833527 -0.00269123 -0.01755484 0.54117647 0.42352941 0.64313725
v -0.03940989 0.00054432 -0.01739637 0.54117647 0.42352941 0.64313725
v -0.03896692 0.00164499 -0.01737794 0.54117647 0.42352941 0.64313725
v -0.04055834 -0.00277248 -0.01744428 0.54117647 0.42352941 0.64313725
v -0.04132124 -0.00210026 -0.01738162 0.54117647 0.42352941 0.64313725
v -0.04251890 -0.00277248 -0.01732266 0.54117647 0.42352941 0.64313725
v -0.05543896 -0.00486303 -0.00546313 0.54117647 0.42352941 0.64313725
v -0.05475810 -0.00703114 -0.00696676 0.54117647 0.42352941 0.64313725
v -0.05603779 -0.00486303 -0.00329244 0.54117647 0.42352941 0.64313725
v -0.05683350 -0.00389532 -0.00036257 0.54117647 0.42352941 0.64313725
v -0.05484013 -0.00486303 -0.00719894 0.54117647 0.42352941 0.64313725
v -0.05689093 -0.00405045 0.00104525 0.54117647 0.42352941 0.64313725
v -0.05687452 -0.00402090 0.00257468 0.54117647 0.42352941 0.64313725
v -0.05055805 -0.00486303 -0.01332771 0.54117647 0.42352941 0.64313725
v -0.05037758 -0.00641432 -0.01316187 0.54117647 0.42352941 0.64313725
v -0.05164087 -0.00486303 -0.01213365 0.54117647 0.42352941 0.64313725
v -0.05257604 -0.00486303 -0.01105015 0.54117647 0.42352941 0.64313725
v -0.05308464 -0.00685016 -0.00991506 0.54117647 0.42352941 0.64313725
v -0.05432332 -0.00703114 -0.00805026 0.54117647 0.42352941 0.64313725
v -0.04701426 -0.00269123 -0.01601066 0.54117647 0.42352941 0.64313725
v -0.04827756 -0.00269123 -0.01532519 0.54117647 0.42352941 0.64313725
v -0.04815451 -0.00396181 -0.01525885 0.54117647 0.42352941 0.64313725
v -0.04899944 -0.00475592 -0.01451809 0.54117647 0.42352941 0.64313725
v -0.04484862 -0.00486303 -0.01672194 0.54117647 0.42352941 0.64313725
v -0.05672687 -0.00348534 0.00402303 0.54117647 0.42352941 0.64313725
v -0.05543076 -0.00486303 0.00755362 0.54117647 0.42352941 0.64313725
v -0.05482371 -0.00464511 0.00965428 0.54117647 0.42352941 0.64313725
v -0.05442176 -0.00522500 0.01033239 0.54117647 0.42352941 0.64313725
v -0.05348659 -0.00463772 0.01180654 0.54117647 0.42352941 0.64313725
v -0.04983617 -0.00486303 0.01482486 0.54117647 0.42352941 0.64313725
v -0.04801505 -0.00796191 0.01509757 0.54117647 0.42352941 0.64313725
v -0.05145220 -0.00481132 0.01364554 0.54117647 0.42352941 0.64313725
v -0.04662051 -0.00920295 0.01554719 0.54117647 0.42352941 0.64313725
v -0.04718654 -0.00715672 0.01580885 0.54117647 0.42352941 0.64313725
v -0.05223971 -0.00550201 0.01280159 0.54117647 0.42352941 0.64313725
v -0.04484862 -0.00720843 0.01699186 0.54117647 0.42352941 0.64313725
v -0.04557871 -0.00530626 0.01715033 0.54117647 0.42352941 0.64313725
v -0.04412673 -0.00660638 0.01749675 0.54117647 0.42352941 0.64313725
v -0.04286344 -0.00720843 0.01785055 0.54117647 0.42352941 0.64313725
v -0.04484862 -0.00469313 0.01759626 0.54117647 0.42352941 0.64313725
v -0.03833527 -0.00703114 0.01844758 0.54117647 0.42352941 0.64313725
v -0.04226461 -0.00852703 0.01756678 0.54117647 0.42352941 0.64313725
v -0.04050912 -0.00882990 0.01771788 0.54117647 0.42352941 0.64313725
v -0.03833527 -0.00888530 0.01772525 0.54117647 0.42352941 0.64313725
v -0.03616962 -0.00703114 0.01835545 0.54117647 0.42352941 0.64313725
v -0.00362749 -0.00486303 0.01702871 0.54117647 0.42352941 0.64313725
v -0.00145364 -0.00269123 0.01706557 0.54117647 0.42352941 0.64313725
v -0.00144544 -0.00051204 0.01723878 0.54117647 0.42352941 0.64313725
v -0.02965627 -0.00486303 0.01839599 0.54117647 0.42352941 0.64313725
v -0.01880343 -0.00269123 0.01800165 0.54117647 0.42352941 0.64313725
v -0.02749063 -0.00486303 0.01828911 0.54117647 0.42352941 0.64313725
v -0.02314293 -0.00486303 0.01806062 0.54117647 0.42352941 0.64313725
v -0.02097728 -0.00486303 0.01794637 0.54117647 0.42352941 0.64313725
v 0.00071201 -0.00269123 0.01689972 0.54117647 0.42352941 0.64313725
v 0.00288586 -0.00486303 0.01645379 0.54117647 0.42352941 0.64313725
v 0.00505971 -0.00486303 0.01605209 0.54117647 0.42352941 0.64313725
v 0.00722535 -0.00269123 0.01569092 0.54117647 0.42352941 0.64313725
v 0.01373870 -0.00052681 0.01420571 0.54117647 0.42352941 0.64313725
v 0.01805359 0.00164499 0.01322909 0.54117647 0.42352941 0.64313725
v 0.01006366 -0.00052681 0.01505704 0.54117647 0.42352941 0.64313725
v 0.02633883 0.00339204 0.01131270 0.54117647 0.42352941 0.64313725
v 0.02241769 0.00164499 0.01220456 0.54117647 0.42352941 0.64313725
v 0.02633883 -0.00661008 -0.01410901 0.54117647 0.42352941 0.64313725
v 0.00071201 -0.00957599 -0.01704994 0.54117647 0.42352941 0.64313725
v 0.02633883 -0.00818722 -0.01345302 0.54117647 0.42352941 0.64313725
v 0.02633883 -0.00846793 -0.01331666 0.54117647 0.42352941 0.64313725
v -0.00145364 -0.01137106 -0.01621336 0.54117647 0.42352941 0.64313725
v -0.03616962 -0.01210238 -0.01502667 0.54117647 0.42352941 0.64313725
v -0.03833527 -0.01204697 -0.01500456 0.54117647 0.42352941 0.64313725
v -0.03833527 -0.01096477 -0.01557948 0.54117647 0.42352941 0.64313725
v -0.03616962 -0.00920295 -0.01656347 0.54117647 0.42352941 0.64313725
v -0.03833527 -0.00920295 -0.01649345 0.54117647 0.42352941 0.64313725
v -0.04050912 -0.00728230 -0.01707205 0.54117647 0.42352941 0.64313725
v -0.04171500 -0.00486303 -0.01741479 0.54117647 0.42352941 0.64313725
v -0.04050912 -0.00486303 -0.01750693 0.54117647 0.42352941 0.64313725
v -0.04050912 -0.00920295 -0.01619125 0.54117647 0.42352941 0.64313725
v -0.04174780 -0.01038488 -0.01527728 0.54117647 0.42352941 0.64313725
v -0.04250250 -0.00684277 -0.01676248 0.54117647 0.42352941 0.64313725
v -0.04496346 -0.00717519 -0.01581534 0.54117647 0.42352941 0.64313725
v -0.04169038 -0.00354813 -0.01740374 0.54117647 0.42352941 0.64313725
v -0.05466786 -0.00822785 -0.00670878 0.54117647 0.42352941 0.64313725
v -0.05473348 -0.00837928 -0.00546313 0.54117647 0.42352941 0.64313725
v -0.05542255 -0.00703114 -0.00329244 0.54117647 0.42352941 0.64313725
v -0.05462684 -0.01031840 0.00434734 0.54117647 0.42352941 0.64313725
v -0.05557841 -0.00703114 -0.00112175 0.54117647 0.42352941 0.64313725
v -0.05572607 -0.00703114 0.00104525 0.54117647 0.42352941 0.64313725
v -0.05458583 -0.01021128 0.00264101 0.54117647 0.42352941 0.64313725
v -0.05462684 -0.01031840 0.00408568 0.54117647 0.42352941 0.64313725
v -0.05019711 -0.00786219 -0.01298866 0.54117647 0.42352941 0.64313725
v -0.05133736 -0.00693511 -0.01194570 0.54117647 0.42352941 0.64313725
v -0.05245299 -0.00600434 -0.01090274 0.54117647 0.42352941 0.64313725
v -0.05228893 -0.00745221 -0.01071110 0.54117647 0.42352941 0.64313725
v -0.05292057 -0.00883359 -0.00926275 0.54117647 0.42352941 0.64313725
v -0.04712911 -0.00475592 -0.01571952 0.54117647 0.42352941 0.64313725
v -0.04792482 -0.00540598 -0.01513355 0.54117647 0.42352941 0.64313725
v -0.04936039 -0.00709763 -0.01375522 0.54117647 0.42352941 0.64313725
v -0.04648105 -0.00655098 -0.01550946 0.54117647 0.42352941 0.64313725
v -0.05599678 -0.00486303 0.00538662 0.54117647 0.42352941 0.64313725
v -0.05484013 -0.00695727 0.00743937 0.54117647 0.42352941 0.64313725
v -0.05468427 -0.00618532 0.00888772 0.54117647 0.42352941 0.64313725
v -0.05442996 -0.00763319 0.00808431 0.54117647 0.42352941 0.64313725
v -0.05369988 -0.00714933 0.00984592 0.54117647 0.42352941 0.64313725
v -0.05297800 -0.00666548 0.01135692 0.54117647 0.42352941 0.64313725
v -0.04913069 -0.00715672 0.01454846 0.54117647 0.42352941 0.64313725
v -0.05076313 -0.00703114 0.01335439 0.54117647 0.42352941 0.64313725
v -0.04771154 -0.00920295 0.01482486 0.54117647 0.42352941 0.64313725
v -0.04621035 -0.01060649 0.01531870 0.54117647 0.42352941 0.64313725
v -0.04371658 -0.00805056 0.01730143 0.54117647 0.42352941 0.64313725
v -0.05040219 -0.00829433 0.01310010 0.54117647 0.42352941 0.64313725
v -0.03616962 -0.00880774 0.01768471 0.54117647 0.42352941 0.64313725
v -0.01763037 -0.00812443 0.01732354 0.54117647 0.42352941 0.64313725
v -0.04276500 -0.01154835 0.01577200 0.54117647 0.42352941 0.64313725
v -0.04050912 -0.00991580 0.01710610 0.54117647 0.42352941 0.64313725
v -0.04484862 -0.01102017 0.01558036 0.54117647 0.42352941 0.64313725
v -0.03833527 -0.01137106 0.01640220 0.54117647 0.42352941 0.64313725
v -0.03833527 -0.00997120 0.01715401 0.54117647 0.42352941 0.64313725
v -0.01618661 -0.00796930 0.01729406 0.54117647 0.42352941 0.64313725
v -0.01447214 -0.00772922 0.01726089 0.54117647 0.42352941 0.64313725
v -0.00362749 -0.00703114 0.01682233 0.54117647 0.42352941 0.64313725
v -0.00145364 -0.00486303 0.01688867 0.54117647 0.42352941 0.64313725
v -0.00963224 -0.00555742 0.01729037 0.54117647 0.42352941 0.64313725
v -0.01108421 -0.00601172 0.01732723 0.54117647 0.42352941 0.64313725
v -0.01230649 -0.00734879 0.01722035 0.54117647 0.42352941 0.64313725
v -0.01230649 -0.00626288 0.01736040 0.54117647 0.42352941 0.64313725
v 0.00071201 -0.00486303 0.01670440 0.54117647 0.42352941 0.64313725
v -0.00145364 -0.00703114 0.01662332 0.54117647 0.42352941 0.64313725
v 0.00071201 -0.00703114 0.01632112 0.54117647 0.42352941 0.64313725
v 0.00288586 -0.00703114 0.01595627 0.54117647 0.42352941 0.64313725
v 0.00682339 -0.00640693 0.01532607 0.54117647 0.42352941 0.64313725
v 0.00826716 -0.00585659 0.01513812 0.54117647 0.42352941 0.64313725
v 0.00742223 -0.00502555 0.01545506 0.54117647 0.42352941 0.64313725
v 0.00860349 -0.00440872 0.01522288 0.54117647 0.42352941 0.64313725
v 0.00998984 -0.00269123 0.01503124 0.54117647 0.42352941 0.64313725
v 0.00890701 -0.00269123 0.01529290 0.54117647 0.42352941 0.64313725
v 0.02458334 0.00164499 0.01167386 0.54117647 0.42352941 0.64313725
v 0.02633883 0.00157482 0.01122425 0.54117647 0.42352941 0.64313725
v 0.01788132 -0.00052681 0.01320698 0.54117647 0.42352941 0.64313725
v 0.00288586 -0.01111251 -0.01579691 0.54117647 0.42352941 0.64313725
v 0.00076943 -0.01155204 -0.01586325 0.54117647 0.42352941 0.64313725
v 0.02633883 -0.00955383 -0.01237689 0.54117647 0.42352941 0.64313725
v 0.00152412 -0.01239417 -0.01517409 0.54117647 0.42352941 0.64313725
v 0.00007216 -0.01255299 -0.01530307 0.54117647 0.42352941 0.64313725
v -0.00145364 -0.01261947 -0.01536573 0.54117647 0.42352941 0.64313725
v -0.03833527 -0.01349115 -0.01391737 0.54117647 0.42352941 0.64313725
v -0.04050912 -0.01329909 -0.01375890 0.54117647 0.42352941 0.64313725
v -0.04050912 -0.01176627 -0.01484609 0.54117647 0.42352941 0.64313725
v -0.04050912 -0.01068036 -0.01543206 0.54117647 0.42352941 0.64313725
v -0.04255172 -0.01121223 -0.01450335 0.54117647 0.42352941 0.64313725
v -0.04319157 -0.00991949 -0.01504141 0.54117647 0.42352941 0.64313725
v -0.04431540 -0.00847532 -0.01540626 0.54117647 0.42352941 0.64313725
v -0.04255172 -0.00919925 -0.01561265 0.54117647 0.42352941 0.64313725
v -0.04575917 -0.00799516 -0.01517040 0.54117647 0.42352941 0.64313725
v -0.05357683 -0.00925466 -0.00770752 0.54117647 0.42352941 0.64313725
v -0.05278933 -0.01072838 -0.00726159 0.54117647 0.42352941 0.64313725
v -0.05306003 -0.01109404 -0.00546313 0.54117647 0.42352941 0.64313725
v -0.05414285 -0.00946519 -0.00546313 0.54117647 0.42352941 0.64313725
v -0.05432332 -0.00968311 -0.00329244 0.54117647 0.42352941 0.64313725
v -0.05480731 -0.00859720 -0.00329244 0.54117647 0.42352941 0.64313725
v -0.05444637 -0.00988994 -0.00112175 0.54117647 0.42352941 0.64313725
v -0.05488114 -0.00880774 -0.00112175 0.54117647 0.42352941 0.64313725
v -0.05416746 -0.01117530 0.00330438 0.54117647 0.42352941 0.64313725
v -0.05299440 -0.01308486 0.00321593 0.54117647 0.42352941 0.64313725
v -0.05280573 -0.01281893 0.00538662 0.54117647 0.42352941 0.64313725
v -0.05391317 -0.01117530 0.00519866 0.54117647 0.42352941 0.64313725
v -0.05441356 -0.00970896 0.00579569 0.54117647 0.42352941 0.64313725
v -0.05465965 -0.00826479 0.00663596 0.54117647 0.42352941 0.64313725
v -0.05534873 -0.00703114 0.00538662 0.54117647 0.42352941 0.64313725
v -0.05495498 -0.00899611 0.00104525 0.54117647 0.42352941 0.64313725
v -0.05452840 -0.01007832 0.00104525 0.54117647 0.42352941 0.64313725
v -0.04875334 -0.00881512 -0.01348618 0.54117647 0.42352941 0.64313725
v -0.04936039 -0.00940240 -0.01265329 0.54117647 0.42352941 0.64313725
v -0.05038578 -0.01042920 -0.01102435 0.54117647 0.42352941 0.64313725
v -0.05078774 -0.00920295 -0.01148134 0.54117647 0.42352941 0.64313725
v -0.05243658 -0.01028146 -0.00870994 0.54117647 0.42352941 0.64313725
v -0.04712911 -0.00717519 -0.01496033 0.54117647 0.42352941 0.64313725
v -0.05397058 -0.00907367 0.00743937 0.54117647 0.42352941 0.64313725
v -0.05282214 -0.01118638 0.00738777 0.54117647 0.42352941 0.64313725
v -0.05287956 -0.00920295 0.00921572 0.54117647 0.42352941 0.64313725
v -0.05243658 -0.00811335 0.01080780 0.54117647 0.42352941 0.64313725
v -0.04841701 -0.01066928 0.01332123 0.54117647 0.42352941 0.64313725
v -0.04698966 -0.01136367 0.01406936 0.54117647 0.42352941 0.64313725
v -0.04632519 -0.01275244 0.01337282 0.54117647 0.42352941 0.64313725
v -0.04484862 -0.01210607 0.01486540 0.54117647 0.42352941 0.64313725
v -0.04986078 -0.00973851 0.01247359 0.54117647 0.42352941 0.64313725
v -0.03616962 -0.00989364 0.01711348 0.54117647 0.42352941 0.64313725
v -0.02097728 -0.00933222 0.01681864 0.54117647 0.42352941 0.64313725
v -0.01880343 -0.00925096 0.01677442 0.54117647 0.42352941 0.64313725
v -0.01680185 -0.00898872 0.01682602 0.54117647 0.42352941 0.64313725
v -0.01447214 -0.00920295 0.01659752 0.54117647 0.42352941 0.64313725
v -0.01230649 -0.00920295 0.01648696 0.54117647 0.42352941 0.64313725
v -0.00362749 -0.00920295 0.01600786 0.54117647 0.42352941 0.64313725
v -0.04210054 -0.01258993 0.01524868 0.54117647 0.42352941 0.64313725
v -0.04050912 -0.01281154 0.01539609 0.54117647 0.42352941 0.64313725
v -0.04050912 -0.01137106 0.01626953 0.54117647 0.42352941 0.64313725
v -0.04355251 -0.01239047 0.01510126 0.54117647 0.42352941 0.64313725
v -0.03833527 -0.01295928 0.01548454 0.54117647 0.42352941 0.64313725
v -0.03616962 -0.01291865 0.01545506 0.54117647 0.42352941 0.64313725
v -0.03616962 -0.01137106 0.01633217 0.54117647 0.42352941 0.64313725
v -0.00579314 -0.00703114 0.01693658 0.54117647 0.42352941 0.64313725
v -0.00796699 -0.00703114 0.01704714 0.54117647 0.42352941 0.64313725
v -0.01026389 -0.00685385 0.01718350 0.54117647 0.42352941 0.64313725
v -0.00135520 -0.00939870 0.01570198 0.54117647 0.42352941 0.64313725
v 0.00071201 -0.00899611 0.01559510 0.54117647 0.42352941 0.64313725
v 0.00288586 -0.00859720 0.01537766 0.54117647 0.42352941 0.64313725
v 0.00427220 -0.00827956 0.01523025 0.54117647 0.42352941 0.64313725
v 0.00501869 -0.00709024 0.01549928 0.54117647 0.42352941 0.64313725
v 0.00572417 -0.00785480 0.01503861 0.54117647 0.42352941 0.64313725
v 0.02633883 -0.00700159 0.01011495 0.54117647 0.42352941 0.64313725
v 0.02633883 -0.00523977 0.01056088 0.54117647 0.42352941 0.64313725
v 0.02633883 -0.00486303 0.01064564 0.54117647 0.42352941 0.64313725
v 0.01590435 -0.00269123 0.01353129 0.54117647 0.42352941 0.64313725
v 0.01156485 -0.00269123 0.01463322 0.54117647 0.42352941 0.64313725
v 0.01752858 -0.00269123 0.01311853 0.54117647 0.42352941 0.64313725
v 0.01897235 -0.00052681 0.01293058 0.54117647 0.42352941 0.64313725
v 0.02241769 -0.00052681 0.01205714 0.54117647 0.42352941 0.64313725
v 0.02633883 0.00102079 0.01118002 0.54117647 0.42352941 0.64313725
v 0.02633883 -0.01065451 -0.01128970 0.54117647 0.42352941 0.64313725
v 0.00179483 -0.01462507 -0.01305500 0.54117647 0.42352941 0.64313725
v 0.00093349 -0.01359088 -0.01417904 0.54117647 0.42352941 0.64313725
v 0.00035107 -0.01473587 -0.01318030 0.54117647 0.42352941 0.64313725
v -0.00145364 -0.01370538 -0.01431171 0.54117647 0.42352941 0.64313725
v -0.03833527 -0.01457336 -0.01300709 0.54117647 0.42352941 0.64313725
v -0.04050912 -0.01438499 -0.01281545 0.54117647 0.42352941 0.64313725
v -0.04267477 -0.01282631 -0.01337562 0.54117647 0.42352941 0.64313725
v -0.04662051 -0.01066559 -0.01334614 0.54117647 0.42352941 0.64313725
v -0.04721114 -0.00940240 -0.01388789 0.54117647 0.42352941 0.64313725
v -0.04496346 -0.00919925 -0.01482397 0.54117647 0.42352941 0.64313725
v -0.05075492 -0.01305531 -0.00763013 0.54117647 0.42352941 0.64313725
v -0.05018070 -0.01452534 -0.00623337 0.54117647 0.42352941 0.64313725
v -0.05263346 -0.01270812 -0.00112175 0.54117647 0.42352941 0.64313725
v -0.05282214 -0.01296297 0.00104525 0.54117647 0.42352941 0.64313725
v -0.05310925 -0.01153727 -0.00328138 0.54117647 0.42352941 0.64313725
v -0.05222330 -0.01217994 -0.00546313 0.54117647 0.42352941 0.64313725
v -0.05037758 -0.01476173 -0.00478870 0.54117647 0.42352941 0.64313725
v -0.05053344 -0.01496857 -0.00329244 0.54117647 0.42352941 0.64313725
v -0.05237917 -0.01236831 -0.00400003 0.54117647 0.42352941 0.64313725
v -0.05354402 -0.01137106 -0.00112175 0.54117647 0.42352941 0.64313725
v -0.05382293 -0.01137106 0.00104525 0.54117647 0.42352941 0.64313725
v -0.05193619 -0.01417076 0.00321593 0.54117647 0.42352941 0.64313725
v -0.05196900 -0.01404888 0.00104525 0.54117647 0.42352941 0.64313725
v -0.04981156 -0.01628347 -0.00112175 0.54117647 0.42352941 0.64313725
v -0.05088618 -0.01523450 0.00104525 0.54117647 0.42352941 0.64313725
v -0.05059907 -0.01488362 0.00491857 0.54117647 0.42352941 0.64313725
v -0.05133736 -0.01401933 0.00554140 0.54117647 0.42352941 0.64313725
v -0.05251042 -0.01252344 0.00655119 0.54117647 0.42352941 0.64313725
v -0.04806428 -0.01026299 -0.01303657 0.54117647 0.42352941 0.64313725
v -0.04900765 -0.01124178 -0.01141500 0.54117647 0.42352941 0.64313725
v -0.04960648 -0.01187707 -0.01033150 0.54117647 0.42352941 0.64313725
v -0.05041040 -0.01263425 -0.00888315 0.54117647 0.42352941 0.64313725
v -0.05085337 -0.01124178 -0.00968656 0.54117647 0.42352941 0.64313725
v -0.05248580 -0.01034056 0.00868871 0.54117647 0.42352941 0.64313725
v -0.05045141 -0.01051785 0.01102524 0.54117647 0.42352941 0.64313725
v -0.04776896 -0.01211715 0.01259521 0.54117647 0.42352941 0.64313725
v -0.04838420 -0.01270073 0.01114685 0.54117647 0.42352941 0.64313725
v -0.04692403 -0.01345052 0.01177705 0.54117647 0.42352941 0.64313725
v -0.04607910 -0.01473587 0.01095890 0.54117647 0.42352941 0.64313725
v -0.04484862 -0.01423355 0.01245148 0.54117647 0.42352941 0.64313725
v -0.04484862 -0.01314765 0.01377821 0.54117647 0.42352941 0.64313725
v -0.04207593 -0.01483191 0.01318487 0.54117647 0.42352941 0.64313725
v -0.03399577 -0.01137106 0.01624741 0.54117647 0.42352941 0.64313725
v -0.03183012 -0.01137106 0.01615896 0.54117647 0.42352941 0.64313725
v -0.03183012 -0.01276352 0.01536661 0.54117647 0.42352941 0.64313725
v -0.02965627 -0.01267118 0.01530764 0.54117647 0.42352941 0.64313725
v -0.00200326 -0.01038119 0.01520077 0.54117647 0.42352941 0.64313725
v -0.04050912 -0.01389744 0.01452634 0.54117647 0.42352941 0.64313725
v -0.03833527 -0.01404518 0.01467376 0.54117647 0.42352941 0.64313725
v -0.04050912 -0.01510892 0.01344284 0.54117647 0.42352941 0.64313725
v -0.03616962 -0.01400086 0.01462953 0.54117647 0.42352941 0.64313725
v -0.03399577 -0.01284109 0.01541452 0.54117647 0.42352941 0.64313725
v -0.00055949 -0.01025561 0.01513443 0.54117647 0.42352941 0.64313725
v 0.00071201 -0.01008201 0.01504966 0.54117647 0.42352941 0.64313725
v 0.00288586 -0.00968311 0.01484329 0.54117647 0.42352941 0.64313725
v 0.02633883 -0.00885206 0.00914938 0.54117647 0.42352941 0.64313725
v 0.02633883 -0.00052681 0.01104366 0.54117647 0.42352941 0.64313725
v 0.02024384 -0.00269123 0.01241831 0.54117647 0.42352941 0.64313725
v 0.02633883 -0.01202481 -0.00932540 0.54117647 0.42352941 0.64313725
v -0.00092864 -0.01671192 -0.01072584 0.54117647 0.42352941 0.64313725
v -0.00238061 -0.01682273 -0.01091748 0.54117647 0.42352941 0.64313725
v -0.00145364 -0.01478020 -0.01322821 0.54117647 0.42352941 0.64313725
v -0.03833527 -0.01676733 -0.01084746 0.54117647 0.42352941 0.64313725
v -0.03833527 -0.01568142 -0.01191990 0.54117647 0.42352941 0.64313725
v -0.04050912 -0.01547458 -0.01173195 0.54117647 0.42352941 0.64313725
v -0.04267477 -0.01501658 -0.01128233 0.54117647 0.42352941 0.64313725
v -0.04267477 -0.01391221 -0.01236583 0.54117647 0.42352941 0.64313725
v -0.04386423 -0.01251236 -0.01310659 0.54117647 0.42352941 0.64313725
v -0.04976234 -0.01414121 -0.00763013 0.54117647 0.42352941 0.64313725
v -0.04867952 -0.01507937 -0.00763013 0.54117647 0.42352941 0.64313725
v -0.04824475 -0.01689660 -0.00460812 0.54117647 0.42352941 0.64313725
v -0.04852366 -0.01714037 -0.00329244 0.54117647 0.42352941 0.64313725
v -0.04960648 -0.01605447 -0.00329244 0.54117647 0.42352941 0.64313725
v -0.05102563 -0.01369799 -0.00549261 0.54117647 0.42352941 0.64313725
v -0.05181314 -0.01379402 -0.00112175 0.54117647 0.42352941 0.64313725
v -0.05073032 -0.01519757 -0.00112175 0.54117647 0.42352941 0.64313725
v -0.04969671 -0.01632041 0.00104525 0.54117647 0.42352941 0.64313725
v -0.05085337 -0.01509415 0.00321593 0.54117647 0.42352941 0.64313725
v -0.04872874 -0.01729919 -0.00112175 0.54117647 0.42352941 0.64313725
v -0.04822013 -0.01689290 0.00459057 0.54117647 0.42352941 0.64313725
v -0.04790841 -0.01663436 0.00603893 0.54117647 0.42352941 0.64313725
v -0.05021352 -0.01457705 0.00636693 0.54117647 0.42352941 0.64313725
v -0.04646465 -0.01723271 0.00707820 0.54117647 0.42352941 0.64313725
v -0.04863850 -0.01507568 0.00755362 0.54117647 0.42352941 0.64313725
v -0.04972132 -0.01416338 0.00755362 0.54117647 0.42352941 0.64313725
v -0.04899124 -0.01338034 0.00949581 0.54117647 0.42352941 0.64313725
v -0.04816271 -0.01249759 -0.01092485 0.54117647 0.42352941 0.64313725
v -0.04530800 -0.01211346 -0.01274174 0.54117647 0.42352941 0.64313725
v -0.04721114 -0.01138214 -0.01244322 0.54117647 0.42352941 0.64313725
v -0.04701426 -0.01281893 -0.01121968 0.54117647 0.42352941 0.64313725
v -0.04823655 -0.01471741 -0.00881313 0.54117647 0.42352941 0.64313725
v -0.04814631 -0.01466570 0.00869608 0.54117647 0.42352941 0.64313725
v -0.04712091 -0.01623915 0.00770472 0.54117647 0.42352941 0.64313725
v -0.04752286 -0.01414491 0.01014075 0.54117647 0.42352941 0.64313725
v -0.04689121 -0.01510154 0.00954003 0.54117647 0.42352941 0.64313725
v -0.04576738 -0.01671562 0.00852655 0.54117647 0.42352941 0.64313725
v -0.04484862 -0.01504244 0.01136798 0.54117647 0.42352941 0.64313725
v -0.04315055 -0.01651616 0.01043558 0.54117647 0.42352941 0.64313725
v -0.04170679 -0.01684489 0.01087782 0.54117647 0.42352941 0.64313725
v -0.04351970 -0.01453273 0.01284950 0.54117647 0.42352941 0.64313725
v -0.04050912 -0.01619483 0.01224141 0.54117647 0.42352941 0.64313725
v -0.00145364 -0.01291126 0.01340967 0.54117647 0.42352941 0.64313725
v -0.00135520 -0.01121223 0.01461479 0.54117647 0.42352941 0.64313725
v -0.03833527 -0.01525297 0.01359026 0.54117647 0.42352941 0.64313725
v -0.03833527 -0.01633887 0.01244042 0.54117647 0.42352941 0.64313725
v -0.03616962 -0.01518649 0.01354235 0.54117647 0.42352941 0.64313725
v 0.00071201 -0.01137106 0.01420203 0.54117647 0.42352941 0.64313725
v 0.00287765 -0.01152249 0.01365291 0.54117647 0.42352941 0.64313725
v 0.00505971 -0.01096107 0.01345758 0.54117647 0.42352941 0.64313725
v 0.02633883 -0.00906259 0.00899091 0.54117647 0.42352941 0.64313725
v 0.00359953 -0.01234615 0.01289004 0.54117647 0.42352941 0.64313725
v 0.02633883 -0.01251605 -0.00763013 0.54117647 0.42352941 0.64313725
v 0.02579742 -0.01248281 -0.00876522 0.54117647 0.42352941 0.64313725
v -0.00157669 -0.01719208 -0.00992243 0.54117647 0.42352941 0.64313725
v 0.00071201 -0.01655310 -0.01042732 0.54117647 0.42352941 0.64313725
v 0.00071201 -0.01711452 -0.00934382 0.54117647 0.42352941 0.64313725
v -0.00145364 -0.01817457 -0.00763013 0.54117647 0.42352941 0.64313725
v -0.00362749 -0.01824105 -0.00763013 0.54117647 0.42352941 0.64313725
v -0.03833527 -0.01912381 -0.00686725 0.54117647 0.42352941 0.64313725
v -0.03833527 -0.01856239 -0.00795075 0.54117647 0.42352941 0.64313725
v -0.00274975 -0.01682273 -0.01091748 0.54117647 0.42352941 0.64313725
v -0.03616962 -0.01677471 -0.01085851 0.54117647 0.42352941 0.64313725
v -0.03833527 -0.01747649 -0.00976396 0.54117647 0.42352941 0.64313725
v -0.04050912 -0.01733244 -0.00951704 0.54117647 0.42352941 0.64313725
v -0.04050912 -0.01656049 -0.01060422 0.54117647 0.42352941 0.64313725
v -0.04287164 -0.01622807 -0.00980818 0.54117647 0.42352941 0.64313725
v -0.04701426 -0.01499812 -0.00913007 0.54117647 0.42352941 0.64313725
v -0.04393806 -0.01471371 -0.01097276 0.54117647 0.42352941 0.64313725
v -0.04538183 -0.01434436 -0.01061896 0.54117647 0.42352941 0.64313725
v -0.04701426 -0.01390483 -0.01021357 0.54117647 0.42352941 0.64313725
v -0.04756388 -0.01658634 -0.00605647 0.54117647 0.42352941 0.64313725
v -0.04690763 -0.01712560 -0.00538205 0.54117647 0.42352941 0.64313725
v -0.04701426 -0.01783845 -0.00329244 0.54117647 0.42352941 0.64313725
v -0.04701426 -0.01817087 -0.00112175 0.54117647 0.42352941 0.64313725
v -0.04861389 -0.01718470 0.00104525 0.54117647 0.42352941 0.64313725
v -0.04948343 -0.01618005 0.00321593 0.54117647 0.42352941 0.64313725
v -0.04701426 -0.01810439 0.00104525 0.54117647 0.42352941 0.64313725
v -0.04701426 -0.01793449 0.00321593 0.54117647 0.42352941 0.64313725
v -0.04839240 -0.01702587 0.00321593 0.54117647 0.42352941 0.64313725
v -0.04712091 -0.01747649 0.00534239 0.54117647 0.42352941 0.64313725
v -0.04486502 -0.01868058 0.00545295 0.54117647 0.42352941 0.64313725
v -0.04496346 -0.01760207 0.00770472 0.54117647 0.42352941 0.64313725
v -0.04371658 -0.01677841 -0.00868783 0.54117647 0.42352941 0.64313725
v -0.04484862 -0.01654571 -0.00826032 0.54117647 0.42352941 0.64313725
v -0.04690763 -0.01609879 -0.00750114 0.54117647 0.42352941 0.64313725
v -0.04432361 -0.01705173 0.00898723 0.54117647 0.42352941 0.64313725
v -0.04252711 -0.01725118 0.00971693 0.54117647 0.42352941 0.64313725
v -0.04050912 -0.01701849 0.01115423 0.54117647 0.42352941 0.64313725
v -0.00145364 -0.01399717 0.01232617 0.54117647 0.42352941 0.64313725
v 0.00071201 -0.01382357 0.01222298 0.54117647 0.42352941 0.64313725
v 0.00071201 -0.01274136 0.01321804 0.54117647 0.42352941 0.64313725
v -0.03833527 -0.01714407 0.01135692 0.54117647 0.42352941 0.64313725
v -0.03616962 -0.01708866 0.01126479 0.54117647 0.42352941 0.64313725
v -0.00145364 -0.01497965 0.01124267 0.54117647 0.42352941 0.64313725
v 0.00215577 -0.01255299 0.01306325 0.54117647 0.42352941 0.64313725
v 0.02633883 -0.00993796 0.00830912 0.54117647 0.42352941 0.64313725
v 0.00290226 -0.01354655 0.01191710 0.54117647 0.42352941 0.64313725
v 0.02633883 -0.01272659 -0.00546313 0.54117647 0.42352941 0.64313725
v 0.02458334 -0.01318828 -0.00546313 0.54117647 0.42352941 0.64313725
v 0.02241769 -0.01372015 -0.00546313 0.54117647 0.42352941 0.64313725
v 0.00269718 -0.01868797 -0.00311554 0.54117647 0.42352941 0.64313725
v 0.00288586 -0.01820781 -0.00546313 0.54117647 0.42352941 0.64313725
v 0.00071201 -0.01790124 -0.00763013 0.54117647 0.42352941 0.64313725
v -0.00145364 -0.01878400 -0.00576901 0.54117647 0.42352941 0.64313725
v -0.00362749 -0.01881355 -0.00590537 0.54117647 0.42352941 0.64313725
v -0.03833527 -0.01946361 -0.00546313 0.54117647 0.42352941 0.64313725
v -0.03982826 -0.01907948 -0.00677512 0.54117647 0.42352941 0.64313725
v -0.04053373 -0.01847005 -0.00755273 0.54117647 0.42352941 0.64313725
v -0.04227281 -0.01704803 -0.00909322 0.54117647 0.42352941 0.64313725
v -0.04611191 -0.01686705 -0.00669404 0.54117647 0.42352941 0.64313725
v -0.04484862 -0.01786431 -0.00546313 0.54117647 0.42352941 0.64313725
v -0.04267477 -0.01862887 -0.00546681 0.54117647 0.42352941 0.64313725
v -0.04195288 -0.01905732 -0.00474816 0.54117647 0.42352941 0.64313725
v -0.04339665 -0.01887264 -0.00370520 0.54117647 0.42352941 0.64313725
v -0.04465174 -0.01859932 -0.00310817 0.54117647 0.42352941 0.64313725
v -0.04513573 -0.01875445 -0.00112175 0.54117647 0.42352941 0.64313725
v -0.04432361 -0.01914597 0.00104525 0.54117647 0.42352941 0.64313725
v -0.04540644 -0.01880247 0.00104525 0.54117647 0.42352941 0.64313725
v -0.04543925 -0.01879139 0.00321593 0.54117647 0.42352941 0.64313725
v -0.04415134 -0.01909795 0.00477116 0.54117647 0.42352941 0.64313725
v -0.04324079 -0.01889481 0.00621951 0.54117647 0.42352941 0.64313725
v -0.04258453 -0.01848113 0.00737672 0.54117647 0.42352941 0.64313725
v -0.04287164 -0.01753558 -0.00782914 0.54117647 0.42352941 0.64313725
v -0.04484862 -0.01711082 -0.00717682 0.54117647 0.42352941 0.64313725
v -0.04050912 -0.01776458 0.00972430 0.54117647 0.42352941 0.64313725
v 0.00071201 -0.01489100 0.01113580 0.54117647 0.42352941 0.64313725
v 0.00221319 -0.01473957 0.01094047 0.54117647 0.42352941 0.64313725
v -0.03833527 -0.01793818 0.00972430 0.54117647 0.42352941 0.64313725
v -0.00157669 -0.01856608 0.00520972 0.54117647 0.42352941 0.64313725
v -0.00362749 -0.01751342 0.00755362 0.54117647 0.42352941 0.64313725
v -0.00165872 -0.01731397 0.00773788 0.54117647 0.42352941 0.64313725
v -0.00107629 -0.01675994 0.00858183 0.54117647 0.42352941 0.64313725
v -0.00165872 -0.01619113 0.00950686 0.54117647 0.42352941 0.64313725
v 0.02633883 -0.01090198 0.00722562 0.54117647 0.42352941 0.64313725
v 0.00365696 -0.01453642 0.01069355 0.54117647 0.42352941 0.64313725
v 0.02633883 -0.01283370 -0.00392264 0.54117647 0.42352941 0.64313725
v 0.02241769 -0.01394176 -0.00329244 0.54117647 0.42352941 0.64313725
v 0.00185225 -0.01897606 -0.00227528 0.54117647 0.42352941 0.64313725
v 0.00121240 -0.01887634 -0.00371994 0.54117647 0.42352941 0.64313725
v 0.00058075 -0.01867689 -0.00530097 0.54117647 0.42352941 0.64313725
v -0.00023136 -0.01898715 -0.00446807 0.54117647 0.42352941 0.64313725
v -0.00145364 -0.01903147 -0.00468551 0.54117647 0.42352941 0.64313725
v -0.00362749 -0.01906840 -0.00482187 0.54117647 0.42352941 0.64313725
v -0.03833527 -0.01979234 -0.00329244 0.54117647 0.42352941 0.64313725
v -0.04050912 -0.01959658 -0.00329244 0.54117647 0.42352941 0.64313725
v -0.04053373 -0.01922723 -0.00546681 0.54117647 0.42352941 0.64313725
v -0.04128022 -0.01886895 -0.00619283 0.54117647 0.42352941 0.64313725
v -0.04267477 -0.01913858 -0.00310817 0.54117647 0.42352941 0.64313725
v -0.04379040 -0.01897606 -0.00226054 0.54117647 0.42352941 0.64313725
v -0.04405291 -0.01904993 -0.00112175 0.54117647 0.42352941 0.64313725
v -0.04267477 -0.01963721 0.00104525 0.54117647 0.42352941 0.64313725
v -0.04434822 -0.01916444 0.00321593 0.54117647 0.42352941 0.64313725
v -0.04267477 -0.01968892 0.00321593 0.54117647 0.42352941 0.64313725
v -0.04050912 -0.02019493 0.00321593 0.54117647 0.42352941 0.64313725
v -0.04258453 -0.01925677 0.00545295 0.54117647 0.42352941 0.64313725
v -0.04050912 -0.01962613 0.00538662 0.54117647 0.42352941 0.64313725
v -0.04179703 -0.01899453 0.00653645 0.54117647 0.42352941 0.64313725
v -0.04050912 -0.01862887 0.00781896 0.54117647 0.42352941 0.64313725
v 0.00071201 -0.01585502 0.00972430 0.54117647 0.42352941 0.64313725
v 0.00291867 -0.01530468 0.00987172 0.54117647 0.42352941 0.64313725
v -0.04050912 -0.01907579 0.00673178 0.54117647 0.42352941 0.64313725
v -0.03833527 -0.01971108 0.00538662 0.54117647 0.42352941 0.64313725
v -0.00238061 -0.01899084 0.00436945 0.54117647 0.42352941 0.64313725
v -0.00374234 -0.01865842 0.00520972 0.54117647 0.42352941 0.64313725
v 0.00071201 -0.01814502 0.00538662 0.54117647 0.42352941 0.64313725
v 0.00071201 -0.01731028 0.00735829 0.54117647 0.42352941 0.64313725
v 0.00071201 -0.01667499 0.00844548 0.54117647 0.42352941 0.64313725
v 0.02633883 -0.01111251 0.00693816 0.54117647 0.42352941 0.64313725
v 0.02633883 -0.01287064 -0.00336246 0.54117647 0.42352941 0.64313725
v 0.02633883 -0.01297036 -0.00154189 0.54117647 0.42352941 0.64313725
v 0.02633883 -0.01298883 -0.00112175 0.54117647 0.42352941 0.64313725
v 0.02241769 -0.01401563 -0.00112175 0.54117647 0.42352941 0.64313725
v 0.00298429 -0.01877292 -0.00112175 0.54117647 0.42352941 0.64313725
v 0.00190147 -0.01898715 -0.00112175 0.54117647 0.42352941 0.64313725
v 0.00071201 -0.01910903 -0.00112175 0.54117647 0.42352941 0.64313725
v -0.00145364 -0.01915705 -0.00329244 0.54117647 0.42352941 0.64313725
v 0.00058075 -0.01902408 -0.00311554 0.54117647 0.42352941 0.64313725
v -0.00362749 -0.01922353 -0.00329244 0.54117647 0.42352941 0.64313725
v -0.03833527 -0.02037961 0.00104525 0.54117647 0.42352941 0.64313725
v -0.04050912 -0.01989206 -0.00112175 0.54117647 0.42352941 0.64313725
v -0.04267477 -0.01940452 -0.00112175 0.54117647 0.42352941 0.64313725
v -0.04050912 -0.02017647 0.00104525 0.54117647 0.42352941 0.64313725
v -0.03833527 -0.02033898 0.00321593 0.54117647 0.42352941 0.64313725
v 0.00288586 -0.01647554 0.00807694 0.54117647 0.42352941 0.64313725
v -0.00157669 -0.01912381 0.00321962 0.54117647 0.42352941 0.64313725
v -0.00092864 -0.01888373 0.00394195 0.54117647 0.42352941 0.64313725
v 0.00288586 -0.01707758 0.00698975 0.54117647 0.42352941 0.64313725
v 0.00073661 -0.01872121 0.00321962 0.54117647 0.42352941 0.64313725
v 0.02633063 -0.01257515 0.00453898 0.54117647 0.42352941 0.64313725
v 0.02633883 -0.01206175 0.00545295 0.54117647 0.42352941 0.64313725
v 0.02633883 -0.01300730 0.00104525 0.54117647 0.42352941 0.64313725
v 0.02458334 -0.01343575 0.00104525 0.54117647 0.42352941 0.64313725
v 0.02241769 -0.01396392 0.00104525 0.54117647 0.42352941 0.64313725
v 0.00188506 -0.01898345 0.00010547 0.54117647 0.42352941 0.64313725
v -0.00145364 -0.01931218 0.00104525 0.54117647 0.42352941 0.64313725
v -0.00145364 -0.01925677 -0.00112175 0.54117647 0.42352941 0.64313725
v -0.00362749 -0.01932326 -0.00112175 0.54117647 0.42352941 0.64313725
v -0.03616962 -0.02032790 0.00104525 0.54117647 0.42352941 0.64313725
v -0.00362749 -0.01938235 0.00104525 0.54117647 0.42352941 0.64313725
v 0.02633883 -0.01222057 0.00517655 0.54117647 0.42352941 0.64313725
v 0.00003114 -0.01905363 0.00249728 0.54117647 0.42352941 0.64313725
v 0.02633883 -0.01257146 0.00454267 0.54117647 0.42352941 0.64313725
v 0.02633883 -0.01282631 0.00331912 0.54117647 0.42352941 0.64313725
v 0.02633883 -0.01257515 0.00452792 0.54117647 0.42352941 0.64313725
v 0.02633883 -0.01288541 0.00276263 0.54117647 0.42352941 0.64313725
v 0.00272179 -0.01869905 0.00091626 0.54117647 0.42352941 0.64313725
v 0.00148311 -0.01889850 0.00155383 0.54117647 0.42352941 0.64313725
v 0.00073661 -0.01908687 0.00091626 0.54117647 0.42352941 0.64313725
f 1 2 3
f 1 3 4
f 1 4 5
f 1 5 16
f 1 16 6
f 1 6 7
f 1 7 2
f 2 8 3
f 2 7 8
f 3 8 9
f 3 9 10
f 3 10 11
f 3 11 4
f 4 12 13
f 4 13 14
f 4 14 5
f 4 11 12
f 5 14 15
f 5 15 44
f 5 44 16
f 6 16 17
f 6 17 8
f 6 8 7
f 8 17 18
f 8 18 19
f 8 19 20
f 8 20 21
f 8 21 22
f 8 22 23
f 8 23 24
f 8 24 25
f 8 25 26
f 8 26 9
f 9 26 10
f 10 26 27
f 10 27 28
f 10 28 29
f 10 29 30
f 10 30 11
f 11 31 12
f 11 30 32
f 11 32 33
f 11 33 34
f 11 34 31
f 12 35 36
f 12 36 13
f 12 31 35
f 13 37 38
f 13 38 39
f 13 39 14
f 13 36 40
f 13 40 41
f 13 41 37
f 14 42 15
f 14 39 73
f 14 73 43
f 14 43 42
f 15 42 44
f 16 44 79
f 16 79 45
f 16 45 17
f 17 45 46
f 17 46 47
f 17 47 18
f 18 47 48
f 18 48 49
f 18 49 19
f 19 49 20
f 20 49 21
f 21 49 22
f 22 49 23
f 23 49 50
f 23 50 24
f 24 50 51
f 24 51 25
f 25 52 53
f 25 53 54
f 25 54 55
f 25 55 56
f 25 56 57
f 25 57 26
f 25 51 58
f 25 58 59
f 25 59 52
f 26 57 60
f 26 60 27
f 27 60 93
f 27 93 133
f 27 133 176
f 27 176 227
f 27 227 226
f 27 226 225
f 27 225 224
f 27 224 289
f 27 289 352
f 27 352 418
f 27 418 488
f 27 488 561
f 27 561 636
f 27 636 726
f 27 726 816
f 27 816 891
f 27 891 971
f 27 971 1029
f 27 1029 965
f 27 965 964
f 27 964 963
f 27 963 1028
f 27 1028 1082
f 27 1082 1128
f 27 1128 1166
f 27 1166 1200
f 27 1200 1222
f 27 1222 1232
f 27 1232 1234
f 27 1234 1236
f 27 1236 1235
f 27 1235 1237
f 27 1237 1223
f 27 1223 1203
f 27 1203 1202
f 27 1202 1201
f 27 1201 1168
f 27 1168 1130
f 27 1130 1084
f 27 1084 1031
f 27 1031 972
f 27 972 895
f 27 895 821
f 27 821 820
f 27 820 737
f 27 737 818
f 27 818 730
f 27 730 729
f 27 729 728
f 27 728 727
f 27 727 637
f 27 637 562
f 27 562 489
f 27 489 419
f 27 419 353
f 27 353 290
f 27 290 229
f 27 229 180
f 27 180 136
f 27 136 98
f 27 98 97
f 27 97 63
f 27 63 62
f 27 62 34
f 27 34 33
f 27 33 32
f 27 32 30
f 27 30 29
f 27 29 28
f 31 61 35
f 31 34 62
f 31 62 63
f 31 63 61
f 35 61 64
f 35 64 36
f 36 65 40
f 36 64 66
f 36 66 67
f 36 67 68
f 36 68 69
f 36 69 70
f 36 70 65
f 37 41 71
f 37 71 38
f 38 71 72
f 38 72 73
f 38 73 39
f 40 65 74
f 40 74 75
f 40 75 41
f 41 75 71
f 42 43 76
f 42 76 44
f 43 73 76
f 44 76 77
f 44 77 78
f 44 78 79
f 45 79 80
f 45 80 46
f 46 80 81
f 46 81 48
f 46 48 47
f 48 81 82
f 48 82 49
f 49 82 83
f 49 83 84
f 49 84 50
f 50 84 85
f 50 85 86
f 50 86 87
f 50 87 51
f 51 87 88
f 51 88 58
f 52 89 90
f 52 90 53
f 52 59 89
f 53 90 54
f 54 90 55
f 55 90 56
f 56 90 91
f 56 91 92
f 56 92 57
f 57 92 93
f 57 93 60
f 58 88 59
f 59 88 94
f 59 94 95
f 59 95 89
f 61 96 64
f 61 63 97
f 61 97 98
f 61 98 96
f 64 96 66
f 65 70 99
f 65 99 74
f 66 96 100
f 66 100 101
f 66 101 67
f 67 102 103
f 67 103 104
f 67 104 105
f 67 105 68
f 67 101 106
f 67 106 102
f 68 105 107
f 68 107 69
f 69 107 99
f 69 99 70
f 71 75 74
f 71 74 99
f 71 99 107
f 71 107 108
f 71 108 109
f 71 109 76
f 71 76 72
f 72 76 73
f 76 109 110
f 76 110 111
f 76 111 77
f 77 111 112
f 77 112 113
f 77 113 114
f 77 114 80
f 77 80 78
f 78 80 79
f 80 114 115
f 80 115 81
f 81 115 82
f 82 115 116
f 82 116 117
f 82 117 118
f 82 118 119
f 82 119 83
f 83 119 84
f 84 119 120
f 84 120 85
f 85 120 121
f 85 121 122
f 85 122 123
f 85 123 86
f 86 123 124
f 86 124 87
f 87 124 88
f 88 124 125
f 88 125 126
f 88 126 94
f 89 95 125
f 89 125 90
f 90 125 91
f 91 125 127
f 91 127 128
f 91 128 129
f 91 129 130
f 91 130 131
f 91 131 132
f 91 132 92
f 92 132 93
f 93 132 133
f 94 126 95
f 95 126 125
f 96 134 135
f 96 135 100
f 96 98 134
f 98 136 134
f 100 137 138
f 100 138 139
f 100 139 106
f 100 106 101
f 100 135 140
f 100 140 141
f 100 141 142
f 100 142 143
f 100 143 144
f 100 144 145
f 100 145 137
f 102 146 147
f 102 147 148
f 102 148 103
f 102 106 149
f 102 149 146
f 103 148 150
f 103 150 107
f 103 107 104
f 104 107 105
f 106 139 137
f 106 137 151
f 106 151 149
f 107 150 108
f 108 150 152
f 108 152 153
f 108 153 109
f 109 153 154
f 109 154 110
f 110 154 155
f 110 155 156
f 110 156 111
f 111 156 157
f 111 157 158
f 111 158 112
f 112 158 116
f 112 116 113
f 113 116 115
f 113 115 114
f 116 158 117
f 117 158 159
f 117 159 160
f 117 160 161
f 117 161 162
f 117 162 118
f 118 162 161
f 118 161 163
f 118 163 164
f 118 164 165
f 118 165 119
f 119 165 121
f 119 121 120
f 121 165 122
f 122 165 123
f 123 165 124
f 124 166 125
f 124 165 167
f 124 167 166
f 125 166 168
f 125 168 127
f 127 168 128
f 128 168 129
f 129 168 169
f 129 169 130
f 130 169 170
f 130 170 171
f 130 171 172
f 130 172 173
f 130 173 174
f 130 174 175
f 130 175 131
f 131 175 176
f 131 176 132
f 132 176 133
f 134 177 178
f 134 178 135
f 134 136 177
f 135 178 179
f 135 179 140
f 136 180 181
f 136 181 177
f 137 139 138
f 137 145 151
f 140 179 182
f 140 182 183
f 140 183 141
f 141 183 184
f 141 184 142
f 142 184 185
f 142 185 143
f 143 185 186
f 143 186 144
f 144 186 187
f 144 187 145
f 145 187 188
f 145 188 151
f 146 189 147
f 146 149 189
f 147 190 191
f 147 191 192
f 147 192 148
f 147 189 190
f 148 192 193
f 148 193 152
f 148 152 150
f 149 151 194
f 149 194 189
f 151 188 195
f 151 195 194
f 152 196 153
f 152 193 197
f 152 197 196
f 153 196 197
f 153 197 198
f 153 198 154
f 154 198 155
f 155 198 199
f 155 199 200
f 155 200 201
f 155 201 156
f 156 201 202
f 156 202 157
f 157 202 158
f 158 202 203
f 158 203 204
f 158 204 205
f 158 205 206
f 158 206 207
f 158 207 159
f 159 207 208
f 159 208 209
f 159 209 160
f 160 210 161
f 160 209 211
f 160 211 210
f 161 210 212
f 161 212 213
f 161 213 163
f 163 213 214
f 163 214 215
f 163 215 164
f 164 167 165
f 164 215 216
f 164 216 217
f 164 217 168
f 164 168 166
f 164 166 167
f 168 217 216
f 168 216 218
f 168 218 169
f 169 218 219
f 169 219 170
f 170 219 171
f 171 219 172
f 172 219 173
f 173 219 174
f 174 220 221
f 174 221 175
f 174 219 222
f 174 222 220
f 175 221 223
f 175 223 224
f 175 224 225
f 175 225 226
f 175 226 227
f 175 227 176
f 177 181 178
f 178 181 228
f 178 228 179
f 179 228 182
f 180 229 230
f 180 230 181
f 181 230 231
f 181 231 228
f 182 228 183
f 183 228 232
f 183 232 233
f 183 233 184
f 184 233 185
f 185 233 186
f 186 233 234
f 186 234 187
f 187 234 235
f 187 235 236
f 187 236 237
f 187 237 238
f 187 238 239
f 187 239 188
f 188 240 195
f 188 239 240
f 189 241 190
f 189 194 241
f 190 242 191
f 190 241 242
f 191 243 244
f 191 244 245
f 191 245 246
f 191 246 192
f 191 242 243
f 192 246 247
f 192 247 248
f 192 248 193
f 193 248 249
f 193 249 197
f 194 195 240
f 194 240 241
f 197 250 251
f 197 251 252
f 197 252 253
f 197 253 198
f 197 249 254
f 197 254 250
f 198 253 199
f 199 253 255
f 199 255 200
f 200 255 256
f 200 256 257
f 200 257 258
f 200 258 204
f 200 204 201
f 201 204 202
f 202 204 203
f 204 258 259
f 204 259 260
f 204 260 261
f 204 261 206
f 204 206 205
f 206 262 263
f 206 263 264
f 206 264 207
f 206 261 265
f 206 265 266
f 206 266 262
f 207 264 267
f 207 267 208
f 208 267 209
f 209 267 211
f 210 211 212
f 211 267 264
f 211 264 263
f 211 263 262
f 211 262 268
f 211 268 269
f 211 269 212
f 212 269 213
f 213 269 270
f 213 270 271
f 213 271 272
f 213 272 214
f 214 272 273
f 214 273 215
f 215 273 216
f 216 273 274
f 216 274 275
f 216 275 218
f 218 276 219
f 218 275 277
f 218 277 278
f 218 278 276
f 219 276 279
f 219 279 280
f 219 280 281
f 219 281 222
f 220 281 282
f 220 282 283
f 220 283 284
f 220 284 285
f 220 285 286
f 220 286 221
f 220 222 281
f 221 287 223
f 221 286 287
f 223 287 288
f 223 288 224
f 224 288 289
f 228 231 232
f 229 290 291
f 229 291 292
f 229 292 230
f 230 292 231
f 231 292 293
f 231 293 294
f 231 294 295
f 231 295 296
f 231 296 297
f 231 297 298
f 231 298 299
f 231 299 300
f 231 300 301
f 231 301 237
f 231 237 235
f 231 235 234
f 231 234 233
f 231 233 232
f 235 237 236
f 237 301 238
f 238 301 300
f 238 300 302
f 238 302 303
f 238 303 241
f 238 241 240
f 238 240 239
f 241 303 242
f 242 303 243
f 243 303 304
f 243 304 305
f 243 305 306
f 243 306 307
f 243 307 244
f 244 307 245
f 245 308 246
f 245 307 309
f 245 309 308
f 246 308 310
f 246 310 311
f 246 311 247
f 247 311 312
f 247 312 313
f 247 313 249
f 247 249 248
f 249 313 314
f 249 314 254
f 250 254 315
f 250 315 316
f 250 316 317
f 250 317 251
f 251 318 258
f 251 258 257
f 251 257 252
f 251 317 319
f 251 319 320
f 251 320 318
f 252 257 256
f 252 256 253
f 253 256 255
f 254 314 312
f 254 312 315
f 258 318 259
f 259 318 320
f 259 320 321
f 259 321 260
f 260 321 322
f 260 322 323
f 260 323 324
f 260 324 325
f 260 325 326
f 260 326 261
f 261 326 265
f 262 266 327
f 262 327 328
f 262 328 329
f 262 329 268
f 265 326 266
f 266 326 330
f 266 330 327
f 268 270 269
f 268 329 270
f 270 329 331
f 270 331 332
f 270 332 333
f 270 333 271
f 271 333 272
f 272 333 334
f 272 334 335
f 272 335 336
f 272 336 337
f 272 337 273
f 273 337 274
f 274 337 338
f 274 338 339
f 274 339 275
f 275 339 277
f 276 340 341
f 276 341 279
f 276 278 277
f 276 277 339
f 276 339 340
f 279 341 282
f 279 282 280
f 280 282 281
f 282 341 284
f 282 284 283
f 284 341 342
f 284 342 343
f 284 343 285
f 285 343 344
f 285 344 345
f 285 345 286
f 286 346 347
f 286 347 287
f 286 345 348
f 286 348 349
f 286 349 350
f 286 350 346
f 287 347 288
f 288 347 351
f 288 351 289
f 289 351 352
f 290 353 354
f 290 354 355
f 290 355 356
f 290 356 357
f 290 357 291
f 291 357 358
f 291 358 359
f 291 359 360
f 291 360 292
f 292 360 293
f 293 360 361
f 293 361 362
f 293 362 363
f 293 363 364
f 293 364 294
f 294 364 365
f 294 365 295
f 295 365 296
f 296 366 298
f 296 298 297
f 296 365 367
f 296 367 368
f 296 368 366
f 298 302 300
f 298 300 299
f 298 366 369
f 298 369 370
f 298 370 371
f 298 371 372
f 298 372 302
f 302 372 304
f 302 304 303
f 304 372 373
f 304 373 305
f 305 373 374
f 305 374 306
f 306 374 375
f 306 375 309
f 306 309 307
f 308 312 310
f 308 309 312
f 309 376 377
f 309 377 378
f 309 378 379
f 309 379 316
f 309 316 315
f 309 315 312
f 309 375 380
f 309 380 381
f 309 381 376
f 310 312 311
f 312 314 313
f 316 379 382
f 316 382 383
f 316 383 384
f 316 384 317
f 317 385 319
f 317 384 385
f 319 385 386
f 319 386 387
f 319 387 320
f 320 387 321
f 321 387 322
f 322 387 323
f 323 387 388
f 323 388 389
f 323 389 324
f 324 389 390
f 324 390 391
f 324 391 392
f 324 392 393
f 324 393 325
f 325 393 326
f 326 394 395
f 326 395 330
f 326 393 392
f 326 392 396
f 326 396 394
f 327 330 395
f 327 395 397
f 327 397 328
f 328 397 398
f 328 398 329
f 329 398 399
f 329 399 400
f 329 400 401
f 329 401 402
f 329 402 403
f 329 403 331
f 331 403 404
f 331 404 405
f 331 405 332
f 332 406 333
f 332 405 406
f 333 406 407
f 333 407 334
f 334 407 335
f 335 407 408
f 335 408 344
f 335 344 336
f 336 344 343
f 336 343 337
f 337 343 338
f 338 343 409
f 338 409 341
f 338 341 340
f 338 340 339
f 341 409 342
f 342 409 343
f 344 408 410
f 344 410 411
f 344 411 412
f 344 412 413
f 344 413 348
f 344 348 345
f 346 414 415
f 346 415 347
f 346 350 348
f 346 348 414
f 347 415 416
f 347 416 351
f 348 417 414
f 348 350 349
f 348 413 417
f 351 416 418
f 351 418 352
f 353 419 420
f 353 420 354
f 354 420 355
f 355 420 356
f 356 420 421
f 356 421 357
f 357 421 358
f 358 421 422
f 358 422 497
f 358 497 423
f 358 423 424
f 358 424 359
f 359 424 361
f 359 361 360
f 361 424 425
f 361 425 363
f 361 363 362
f 363 426 427
f 363 427 367
f 363 367 364
f 363 425 426
f 364 367 365
f 366 368 428
f 366 428 369
f 367 427 368
f 368 427 429
f 368 429 430
f 368 430 431
f 368 431 428
f 369 428 432
f 369 432 433
f 369 433 370
f 370 433 371
f 371 434 435
f 371 435 436
f 371 436 372
f 371 433 437
f 371 437 434
f 372 436 373
f 373 436 438
f 373 438 439
f 373 439 374
f 374 440 375
f 374 439 440
f 375 441 380
f 375 440 441
f 376 381 442
f 376 442 377
f 377 443 444
f 377 444 445
f 377 445 446
f 377 446 378
f 377 442 447
f 377 447 448
f 377 448 449
f 377 449 450
f 377 450 451
f 377 451 443
f 378 446 445
f 378 445 379
f 379 452 384
f 379 384 382
f 379 445 444
f 379 444 452
f 380 441 381
f 381 441 453
f 381 453 454
f 381 454 455
f 381 455 456
f 381 456 457
f 381 457 447
f 381 447 442
f 382 384 383
f 384 444 458
f 384 458 385
f 384 452 444
f 385 458 386
f 386 458 459
f 386 459 460
f 386 460 388
f 386 388 387
f 388 460 461
f 388 461 389
f 389 461 462
f 389 462 390
f 390 462 463
f 390 463 464
f 390 464 465
f 390 465 466
f 390 466 467
f 390 467 392
f 390 392 391
f 392 467 396
f 394 398 397
f 394 397 395
f 394 396 398
f 396 467 468
f 396 468 469
f 396 469 398
f 398 469 399
f 399 469 470
f 399 470 471
f 399 471 472
f 399 472 473
f 399 473 474
f 399 474 475
f 399 475 400
f 400 475 401
f 401 475 402
f 402 476 403
f 402 475 474
f 402 474 476
f 403 477 478
f 403 478 405
f 403 405 404
f 403 476 477
f 405 478 479
f 405 479 407
f 405 407 406
f 407 480 481
f 407 481 408
f 407 479 482
f 407 482 480
f 408 481 410
f 410 481 483
f 410 483 411
f 411 483 484
f 411 484 412
f 412 484 485
f 412 485 413
f 413 485 414
f 413 414 417
f 414 485 415
f 415 486 487
f 415 487 416
f 415 485 484
f 415 484 486
f 416 487 418
f 418 487 488
f 419 489 490
f 419 490 420
f 420 491 421
f 420 490 492
f 420 492 493
f 420 493 491
f 421 491 494
f 421 494 495
f 421 495 496
f 421 496 422
f 422 496 573
f 422 573 497
f 423 425 424
f 423 497 498
f 423 498 426
f 423 426 425
f 426 498 499
f 426 499 427
f 427 499 500
f 427 500 501
f 427 501 431
f 427 431 430
f 427 430 429
f 428 431 501
f 428 501 432
f 432 501 433
f 433 501 502
f 433 502 437
f 434 503 504
f 434 504 505
f 434 505 506
f 434 506 507
f 434 507 508
f 434 508 435
f 434 437 509
f 434 509 503
f 435 508 438
f 435 438 436
f 437 502 510
f 437 510 509
f 438 511 512
f 438 512 440
f 438 440 439
f 438 508 511
f 440 512 441
f 441 512 453
f 443 451 444
f 444 451 513
f 444 513 514
f 444 514 515
f 444 515 516
f 444 516 517
f 444 517 518
f 444 518 519
f 444 519 459
f 444 459 458
f 447 457 448
f 448 457 520
f 448 520 449
f 449 521 522
f 449 522 513
f 449 513 450
f 449 520 457
f 449 457 523
f 449 523 521
f 450 513 451
f 453 524 454
f 453 512 511
f 453 511 525
f 453 525 524
f 454 526 455
f 454 524 526
f 455 526 527
f 455 527 456
f 456 527 457
f 457 527 528
f 457 528 523
f 459 519 460
f 460 519 529
f 460 529 461
f 461 529 530
f 461 530 531
f 461 531 462
f 462 531 532
f 462 532 463
f 463 532 533
f 463 533 534
f 463 534 464
f 464 534 535
f 464 535 536
f 464 536 465
f 465 536 466
f 466 536 470
f 466 470 468
f 466 468 467
f 468 470 469
f 470 536 537
f 470 537 538
f 470 538 471
f 471 538 539
f 471 539 472
f 472 539 540
f 472 540 541
f 472 541 473
f 473 541 542
f 473 542 543
f 473 543 544
f 473 544 545
f 473 545 546
f 473 546 474
f 474 546 476
f 476 546 547
f 476 547 477
f 477 547 482
f 477 482 548
f 477 548 479
f 477 479 478
f 479 548 482
f 480 549 481
f 480 482 550
f 480 550 549
f 481 549 551
f 481 551 483
f 482 547 550
f 483 551 552
f 483 552 553
f 483 553 554
f 483 554 555
f 483 555 556
f 483 556 484
f 484 556 486
f 486 557 558
f 486 558 487
f 486 556 559
f 486 559 557
f 487 558 560
f 487 560 561
f 487 561 488
f 489 562 563
f 489 563 490
f 490 563 564
f 490 564 492
f 491 493 565
f 491 565 494
f 492 564 566
f 492 566 567
f 492 567 568
f 492 568 493
f 493 568 567
f 493 567 565
f 494 569 570
f 494 570 571
f 494 571 495
f 494 565 569
f 495 571 572
f 495 572 496
f 496 572 573
f 497 573 498
f 498 574 499
f 498 573 574
f 499 575 576
f 499 576 500
f 499 574 575
f 500 576 577
f 500 577 578
f 500 578 657
f 500 657 579
f 500 579 510
f 500 510 502
f 500 502 501
f 503 580 504
f 503 509 580
f 504 580 505
f 505 580 506
f 506 580 507
f 507 580 508
f 508 581 525
f 508 525 511
f 508 580 581
f 509 510 582
f 509 582 583
f 509 583 580
f 510 579 582
f 513 522 584
f 513 584 514
f 514 584 585
f 514 585 586
f 514 586 587
f 514 587 515
f 515 587 516
f 516 587 588
f 516 588 517
f 517 589 590
f 517 590 591
f 517 591 592
f 517 592 518
f 517 588 589
f 518 592 593
f 518 593 519
f 519 593 530
f 519 530 529
f 521 523 594
f 521 594 595
f 521 595 522
f 522 596 597
f 522 597 585
f 522 585 584
f 522 595 596
f 523 528 598
f 523 598 594
f 524 525 599
f 524 599 526
f 525 581 600
f 525 600 599
f 526 601 602
f 526 602 603
f 526 603 527
f 526 599 601
f 527 602 604
f 527 604 528
f 527 603 602
f 528 604 598
f 530 593 532
f 530 532 531
f 532 593 533
f 533 593 534
f 534 591 605
f 534 605 535
f 534 593 592
f 534 592 591
f 535 605 536
f 536 605 537
f 537 605 606
f 537 606 607
f 537 607 608
f 537 608 538
f 538 608 609
f 538 609 610
f 538 610 539
f 539 610 540
f 540 611 542
f 540 542 541
f 540 610 612
f 540 612 613
f 540 613 611
f 542 611 543
f 543 611 544
f 544 614 545
f 544 611 615
f 544 615 614
f 545 614 616
f 545 616 617
f 545 617 618
f 545 618 550
f 545 550 547
f 545 547 546
f 549 619 551
f 549 550 620
f 549 620 621
f 549 621 619
f 550 618 620
f 551 619 622
f 551 622 623
f 551 623 552
f 552 624 625
f 552 625 626
f 552 626 627
f 552 627 553
f 552 623 628
f 552 628 624
f 553 629 630
f 553 630 631
f 553 631 632
f 553 632 557
f 553 557 559
f 553 559 556
f 553 556 555
f 553 555 554
f 553 627 633
f 553 633 629
f 557 632 558
f 558 632 560
f 560 632 634
f 560 634 635
f 560 635 636
f 560 636 561
f 562 637 638
f 562 638 563
f 563 638 564
f 564 638 566
f 565 567 569
f 566 639 567
f 566 638 639
f 567 639 640
f 567 640 569
f 569 640 641
f 569 641 642
f 569 642 570
f 570 642 643
f 570 643 571
f 571 643 572
f 572 644 574
f 572 574 573
f 572 643 645
f 572 645 644
f 574 646 575
f 574 644 646
f 575 645 577
f 575 577 576
f 575 646 645
f 577 647 648
f 577 648 649
f 577 649 650
f 577 650 651
f 577 651 652
f 577 652 653
f 577 653 654
f 577 654 656
f 577 656 655
f 577 655 578
f 577 645 647
f 578 655 656
f 578 656 658
f 578 658 657
f 579 657 658
f 579 658 659
f 579 659 660
f 579 660 661
f 579 661 662
f 579 662 663
f 579 663 664
f 579 664 580
f 579 580 583
f 579 583 582
f 580 663 665
f 580 665 581
f 580 664 666
f 580 666 667
f 580 667 663
f 581 668 600
f 581 665 663
f 581 663 668
f 585 597 669
f 585 669 670
f 585 670 671
f 585 671 586
f 586 671 672
f 586 672 588
f 586 588 587
f 588 672 589
f 589 673 674
f 589 674 590
f 589 672 671
f 589 671 675
f 589 675 676
f 589 676 673
f 590 677 606
f 590 606 605
f 590 605 591
f 590 674 677
f 594 598 678
f 594 678 679
f 594 679 680
f 594 680 595
f 595 680 681
f 595 681 682
f 595 682 596
f 596 682 683
f 596 683 597
f 597 683 684
f 597 684 676
f 597 676 669
f 598 604 685
f 598 685 686
f 598 686 678
f 599 687 688
f 599 688 602
f 599 602 601
f 599 600 687
f 600 668 689
f 600 689 690
f 600 690 687
f 602 685 604
f 602 688 685
f 606 677 691
f 606 691 692
f 606 692 607
f 607 693 608
f 607 692 612
f 607 612 693
f 608 693 609
f 609 693 612
f 609 612 610
f 611 613 612
f 611 612 615
f 612 692 694
f 612 694 615
f 614 695 696
f 614 696 697
f 614 697 616
f 614 615 698
f 614 698 695
f 615 694 698
f 616 697 699
f 616 699 617
f 617 699 700
f 617 700 701
f 617 701 618
f 618 701 620
f 619 621 622
f 620 701 702
f 620 702 622
f 620 622 621
f 622 703 628
f 622 628 623
f 622 702 703
f 624 704 625
f 624 628 704
f 625 705 708
f 625 708 706
f 625 706 627
f 625 627 626
f 625 704 705
f 627 706 633
f 628 703 707
f 628 707 704
f 629 633 706
f 629 706 708
f 629 708 630
f 630 708 704
f 630 704 709
f 630 709 710
f 630 710 631
f 631 711 712
f 631 712 713
f 631 713 714
f 631 714 632
f 631 710 709
f 631 709 715
f 631 715 716
f 631 716 804
f 631 804 717
f 631 717 718
f 631 718 719
f 631 719 711
f 632 714 720
f 632 720 634
f 634 720 721
f 634 721 722
f 634 722 723
f 634 723 724
f 634 724 725
f 634 725 635
f 635 725 726
f 635 726 636
f 637 727 638
f 638 727 640
f 638 640 639
f 640 727 728
f 640 728 729
f 640 729 730
f 640 730 731
f 640 731 641
f 641 731 732
f 641 732 733
f 641 733 734
f 641 734 642
f 642 735 736
f 642 736 643
f 642 734 737
f 642 737 735
f 643 736 645
f 644 645 646
f 645 738 647
f 645 736 738
f 647 738 739
f 647 739 740
f 647 740 741
f 647 741 648
f 648 741 649
f 649 741 742
f 649 742 743
f 649 743 744
f 649 744 650
f 650 744 745
f 650 745 746
f 650 746 747
f 650 747 748
f 650 748 651
f 651 748 749
f 651 749 750
f 651 750 751
f 651 751 652
f 652 751 752
f 652 752 750
f 652 750 653
f 653 750 753
f 653 753 754
f 653 754 755
f 653 755 654
f 654 755 656
f 656 755 754
f 656 754 658
f 658 754 756
f 658 756 659
f 659 756 661
f 659 661 660
f 661 756 662
f 662 756 757
f 662 757 758
f 662 758 663
f 663 667 666
f 663 666 664
f 663 758 668
f 668 758 757
f 668 757 754
f 668 754 759
f 668 759 760
f 668 760 761
f 668 761 689
f 669 676 670
f 670 676 675
f 670 675 671
f 673 676 762
f 673 762 763
f 673 763 764
f 673 764 674
f 674 764 765
f 674 765 677
f 676 684 766
f 676 766 762
f 677 767 768
f 677 768 691
f 677 765 767
f 678 769 679
f 678 686 769
f 679 769 770
f 679 770 771
f 679 771 772
f 679 772 680
f 680 772 773
f 680 773 681
f 681 774 682
f 681 773 774
f 682 774 763
f 682 763 766
f 682 766 683
f 683 766 684
f 685 688 687
f 685 687 690
f 685 690 775
f 685 775 776
f 685 776 686
f 686 776 777
f 686 777 778
f 686 778 769
f 689 761 690
f 690 761 753
f 690 753 779
f 690 779 775
f 691 768 780
f 691 780 692
f 692 780 781
f 692 781 782
f 692 782 694
f 694 782 783
f 694 783 784
f 694 784 698
f 695 785 786
f 695 786 696
f 695 698 787
f 695 787 785
f 696 786 788
f 696 788 789
f 696 789 697
f 697 789 699
f 698 784 790
f 698 790 787
f 699 788 791
f 699 791 792
f 699 792 700
f 699 789 788
f 700 792 793
f 700 793 794
f 700 794 795
f 700 795 703
f 700 703 701
f 701 703 702
f 703 795 794
f 703 794 707
f 704 708 705
f 704 707 796
f 704 796 709
f 707 794 797
f 707 797 798
f 707 798 799
f 707 799 796
f 709 796 800
f 709 800 715
f 711 719 712
f 712 801 802
f 712 802 713
f 712 719 801
f 713 802 803
f 713 803 714
f 714 803 721
f 714 721 720
f 715 800 804
f 715 804 716
f 717 804 718
f 718 804 805
f 718 805 719
f 719 805 806
f 719 806 807
f 719 807 808
f 719 808 801
f 721 803 809
f 721 809 722
f 722 809 810
f 722 810 811
f 722 811 723
f 723 811 812
f 723 812 813
f 723 813 814
f 723 814 815
f 723 815 724
f 724 815 725
f 725 815 814
f 725 814 726
f 726 814 817
f 726 817 816
f 730 818 733
f 730 733 732
f 730 732 731
f 733 818 734
f 734 818 737
f 735 819 739
f 735 739 736
f 735 737 820
f 735 820 821
f 735 821 819
f 736 739 738
f 739 819 822
f 739 822 823
f 739 823 740
f 740 823 741
f 741 823 824
f 741 824 742
f 742 824 825
f 742 825 743
f 743 825 744
f 744 826 827
f 744 827 745
f 744 825 826
f 745 827 746
f 746 827 747
f 747 827 748
f 748 827 749
f 749 827 750
f 750 752 751
f 750 827 828
f 750 828 753
f 753 761 829
f 753 829 830
f 753 830 754
f 753 828 831
f 753 831 832
f 753 832 833
f 753 833 834
f 753 834 779
f 754 830 835
f 754 835 759
f 754 757 756
f 759 835 760
f 760 835 761
f 761 835 829
f 762 766 763
f 763 836 764
f 763 774 836
f 764 836 765
f 765 836 837
f 765 837 838
f 765 838 767
f 767 839 768
f 767 838 840
f 767 840 841
f 767 841 842
f 767 842 843
f 767 843 839
f 768 839 780
f 769 778 770
f 770 844 845
f 770 845 771
f 770 778 844
f 771 845 846
f 771 846 772
f 772 846 773
f 773 846 847
f 773 847 848
f 773 848 774
f 774 848 836
f 775 779 849
f 775 849 777
f 775 777 776
f 777 850 778
f 777 849 850
f 778 850 851
f 778 851 844
f 779 834 852
f 779 852 849
f 780 839 853
f 780 853 781
f 781 854 855
f 781 855 782
f 781 853 854
f 782 855 783
f 783 856 857
f 783 857 858
f 783 858 784
f 783 855 856
f 784 858 790
f 785 787 786
f 786 787 859
f 786 859 790
f 786 790 860
f 786 860 861
f 786 861 862
f 786 862 788
f 787 790 859
f 788 862 863
f 788 863 791
f 790 864 860
f 790 858 864
f 791 863 793
f 791 793 792
f 793 863 794
f 794 863 797
f 796 799 865
f 796 865 866
f 796 866 800
f 797 867 868
f 797 868 798
f 797 863 862
f 797 862 869
f 797 869 867
f 798 868 870
f 798 870 871
f 798 871 799
f 799 871 940
f 799 940 865
f 800 866 872
f 800 872 873
f 800 873 804
f 801 874 875
f 801 875 802
f 801 808 876
f 801 876 877
f 801 877 874
f 802 875 809
f 802 809 803
f 804 806 805
f 804 873 878
f 804 878 879
f 804 879 806
f 806 879 877
f 806 877 876
f 806 876 807
f 807 876 808
f 809 875 880
f 809 880 810
f 810 880 881
f 810 881 882
f 810 882 883
f 810 883 811
f 811 884 885
f 811 885 886
f 811 886 887
f 811 887 888
f 811 888 889
f 811 889 812
f 811 883 884
f 812 889 813
f 813 889 817
f 813 817 814
f 816 817 890
f 816 890 891
f 817 889 888
f 817 888 892
f 817 892 890
f 819 893 894
f 819 894 822
f 819 821 893
f 821 895 896
f 821 896 893
f 822 894 897
f 822 897 898
f 822 898 823
f 823 899 824
f 823 898 899
f 824 899 900
f 824 900 901
f 824 901 902
f 824 902 825
f 825 827 826
f 825 902 827
f 827 902 831
f 827 831 828
f 829 835 830
f 831 902 832
f 832 903 904
f 832 904 905
f 832 905 906
f 832 906 833
f 832 902 901
f 832 901 903
f 833 906 905
f 833 905 834
f 834 905 907
f 834 907 852
f 836 848 908
f 836 908 909
f 836 909 910
f 836 910 911
f 836 911 912
f 836 912 837
f 837 913 838
f 837 912 914
f 837 914 913
f 838 913 915
f 838 915 840
f 839 916 917
f 839 917 918
f 839 918 919
f 839 919 920
f 839 920 921
f 839 921 922
f 839 922 853
f 839 843 916
f 840 915 923
f 840 923 841
f 841 923 842
f 842 924 916
f 842 916 843
f 842 923 915
f 842 915 924
f 844 847 845
f 844 851 925
f 844 925 926
f 844 926 927
f 844 927 928
f 844 928 848
f 844 848 847
f 845 847 846
f 848 929 908
f 848 928 927
f 848 927 929
f 849 852 850
f 850 852 930
f 850 930 851
f 851 930 925
f 852 907 930
f 853 922 921
f 853 921 854
f 854 921 855
f 855 921 856
f 856 920 931
f 856 931 932
f 856 932 857
f 856 921 920
f 857 932 933
f 857 933 858
f 858 933 934
f 858 934 864
f 860 864 861
f 861 864 862
f 862 864 935
f 862 935 936
f 862 936 937
f 862 937 938
f 862 938 869
f 864 934 939
f 864 939 935
f 865 940 941
f 865 941 866
f 866 941 942
f 866 942 943
f 866 943 944
f 866 944 945
f 866 945 946
f 866 946 872
f 867 947 948
f 867 948 949
f 867 949 868
f 867 869 950
f 867 950 947
f 868 949 870
f 869 938 950
f 870 951 952
f 870 952 953
f 870 953 871
f 870 949 951
f 871 953 940
f 872 946 874
f 872 874 873
f 873 874 878
f 874 946 881
f 874 881 880
f 874 880 875
f 874 877 954
f 874 954 878
f 877 879 954
f 878 954 955
f 878 955 956
f 878 956 879
f 879 956 955
f 879 955 954
f 881 946 957
f 881 957 958
f 881 958 882
f 882 958 959
f 882 959 883
f 883 959 960
f 883 960 961
f 883 961 884
f 884 961 960
f 884 960 962
f 884 962 963
f 884 963 885
f 885 963 964
f 885 964 965
f 885 965 886
f 886 965 887
f 887 966 967
f 887 967 888
f 887 965 968
f 887 968 966
f 888 967 892
f 890 892 891
f 891 892 969
f 891 969 970
f 891 970 971
f 892 967 969
f 893 896 894
f 894 896 897
f 895 972 973
f 895 973 896
f 896 973 974
f 896 974 897
f 897 975 898
f 897 974 975
f 898 975 976
f 898 976 977
f 898 977 899
f 899 977 900
f 900 978 979
f 900 979 901
f 900 977 978
f 901 979 903
f 903 979 980
f 903 980 981
f 903 981 904
f 904 981 982
f 904 982 905
f 905 982 907
f 907 981 930
f 907 982 981
f 908 929 909
f 909 929 983
f 909 983 984
f 909 984 910
f 910 985 986
f 910 986 987
f 910 987 911
f 910 984 988
f 910 988 989
f 910 989 990
f 910 990 991
f 910 991 985
f 911 987 992
f 911 992 912
f 912 992 993
f 912 993 914
f 913 914 915
f 914 993 916
f 914 916 924
f 914 924 915
f 916 993 917
f 917 994 918
f 917 993 986
f 917 986 995
f 917 995 996
f 917 996 997
f 917 997 994
f 918 994 998
f 918 998 999
f 918 999 1000
f 918 1000 919
f 919 1000 931
f 919 931 920
f 925 1001 926
f 925 930 981
f 925 981 1001
f 926 1001 927
f 927 1001 1002
f 927 1002 1003
f 927 1003 1004
f 927 1004 1005
f 927 1005 929
f 929 1005 1004
f 929 1004 983
f 931 1000 932
f 932 1000 933
f 933 1000 1006
f 933 1006 934
f 934 1006 939
f 935 939 1007
f 935 1007 1000
f 935 1000 1008
f 935 1008 936
f 936 1008 937
f 937 1008 1009
f 937 1009 1010
f 937 1010 1011
f 937 1011 1012
f 937 1012 1013
f 937 1013 938
f 938 1013 1014
f 938 1014 950
f 939 1006 1007
f 940 953 941
f 941 953 1015
f 941 1015 942
f 942 1015 1016
f 942 1016 1017
f 942 1017 944
f 942 944 943
f 944 1017 945
f 945 1017 1018
f 945 1018 1019
f 945 1019 946
f 946 1019 957
f 947 1020 948
f 947 950 1020
f 948 1020 1021
f 948 1021 951
f 948 951 949
f 950 1014 1022
f 950 1022 1020
f 951 1021 952
f 952 1023 1024
f 952 1024 953
f 952 1021 1023
f 953 1024 1015
f 957 1025 1026
f 957 1026 958
f 957 1019 1025
f 958 1026 1027
f 958 1027 959
f 959 1027 960
f 960 1027 1028
f 960 1028 963
f 960 963 962
f 965 1029 970
f 965 970 1030
f 965 1030 968
f 966 968 970
f 966 970 967
f 967 970 969
f 968 1030 970
f 970 1029 971
f 972 1031 973
f 973 1032 1033
f 973 1033 975
f 973 975 974
f 973 1031 1032
f 975 1033 1034
f 975 1034 976
f 976 1034 1035
f 976 1035 1036
f 976 1036 977
f 977 1036 978
f 978 1036 1035
f 978 1035 1037
f 978 1037 1038
f 978 1038 1039
f 978 1039 979
f 979 1039 1040
f 979 1040 1001
f 979 1001 980
f 980 1001 981
f 983 1004 1041
f 983 1041 984
f 984 1041 1042
f 984 1042 1043
f 984 1043 1044
f 984 1044 1045
f 984 1045 989
f 984 989 1046
f 984 1046 988
f 985 991 1047
f 985 1047 986
f 986 993 992
f 986 992 987
f 986 1047 1048
f 986 1048 995
f 988 1046 989
f 989 1045 990
f 990 1045 996
f 990 996 1048
f 990 1048 1047
f 990 1047 991
f 994 997 1049
f 994 1049 1050
f 994 1050 998
f 995 1048 996
f 996 1045 1044
f 996 1044 1051
f 996 1051 997
f 997 1051 1049
f 998 1050 1052
f 998 1052 1053
f 998 1053 999
f 999 1053 1054
f 999 1054 1000
f 1000 1007 1006
f 1000 1054 1055
f 1000 1055 1056
f 1000 1056 1057
f 1000 1057 1058
f 1000 1058 1009
f 1000 1009 1008
f 1001 1059 1002
f 1001 1040 1060
f 1001 1060 1061
f 1001 1061 1062
f 1001 1062 1059
f 1002 1059 1063
f 1002 1063 1003
f 1003 1063 1004
f 1004 1063 1041
f 1009 1058 1056
f 1009 1056 1064
f 1009 1064 1065
f 1009 1065 1066
f 1009 1066 1010
f 1010 1066 1067
f 1010 1067 1011
f 1011 1068 1012
f 1011 1067 1055
f 1011 1055 1068
f 1012 1069 1070
f 1012 1070 1071
f 1012 1071 1072
f 1012 1072 1013
f 1012 1068 1069
f 1013 1072 1014
f 1014 1071 1073
f 1014 1073 1022
f 1014 1072 1071
f 1015 1024 1016
f 1016 1024 1017
f 1017 1024 1023
f 1017 1023 1074
f 1017 1074 1018
f 1018 1074 1075
f 1018 1075 1019
f 1019 1075 1025
f 1020 1022 1021
f 1021 1076 1023
f 1021 1022 1076
f 1022 1073 1077
f 1022 1077 1076
f 1023 1076 1078
f 1023 1078 1074
f 1025 1075 1079
f 1025 1079 1026
f 1026 1079 1080
f 1026 1080 1027
f 1027 1080 1081
f 1027 1081 1028
f 1028 1081 1083
f 1028 1083 1082
f 1031 1084 1085
f 1031 1085 1032
f 1032 1086 1033
f 1032 1085 1087
f 1032 1087 1088
f 1032 1088 1086
f 1033 1086 1089
f 1033 1089 1090
f 1033 1090 1091
f 1033 1091 1092
f 1033 1092 1093
f 1033 1093 1034
f 1034 1093 1094
f 1034 1094 1035
f 1035 1094 1095
f 1035 1095 1096
f 1035 1096 1097
f 1035 1097 1037
f 1037 1097 1038
f 1038 1097 1098
f 1038 1098 1099
f 1038 1099 1100
f 1038 1100 1039
f 1039 1100 1101
f 1039 1101 1040
f 1040 1101 1102
f 1040 1102 1060
f 1041 1063 1042
f 1042 1063 1103
f 1042 1103 1043
f 1043 1103 1104
f 1043 1104 1105
f 1043 1105 1044
f 1044 1105 1106
f 1044 1106 1051
f 1049 1051 1107
f 1049 1107 1050
f 1050 1107 1108
f 1050 1108 1052
f 1051 1106 1109
f 1051 1109 1110
f 1051 1110 1107
f 1052 1108 1111
f 1052 1111 1110
f 1052 1110 1112
f 1052 1112 1053
f 1053 1112 1055
f 1053 1055 1054
f 1055 1067 1065
f 1055 1065 1056
f 1055 1112 1113
f 1055 1113 1114
f 1055 1114 1068
f 1056 1058 1057
f 1056 1065 1064
f 1059 1062 1102
f 1059 1102 1063
f 1060 1102 1062
f 1060 1062 1061
f 1063 1102 1101
f 1063 1101 1100
f 1063 1100 1099
f 1063 1099 1115
f 1063 1115 1116
f 1063 1116 1117
f 1063 1117 1103
f 1065 1067 1066
f 1068 1114 1118
f 1068 1118 1069
f 1069 1118 1070
f 1070 1118 1071
f 1071 1119 1120
f 1071 1120 1073
f 1071 1118 1114
f 1071 1114 1119
f 1073 1120 1077
f 1074 1121 1122
f 1074 1122 1123
f 1074 1123 1079
f 1074 1079 1075
f 1074 1078 1121
f 1076 1077 1078
f 1077 1120 1124
f 1077 1124 1125
f 1077 1125 1126
f 1077 1126 1121
f 1077 1121 1078
f 1079 1123 1127
f 1079 1127 1080
f 1080 1127 1083
f 1080 1083 1081
f 1082 1083 1128
f 1083 1127 1122
f 1083 1122 1129
f 1083 1129 1128
f 1084 1130 1131
f 1084 1131 1132
f 1084 1132 1133
f 1084 1133 1085
f 1085 1133 1134
f 1085 1134 1135
f 1085 1135 1088
f 1085 1088 1087
f 1086 1088 1135
f 1086 1135 1089
f 1089 1136 1137
f 1089 1137 1090
f 1089 1135 1136
f 1090 1137 1091
f 1091 1138 1139
f 1091 1139 1092
f 1091 1137 1138
f 1092 1139 1095
f 1092 1095 1093
f 1093 1095 1094
f 1095 1139 1096
f 1096 1140 1141
f 1096 1141 1097
f 1096 1139 1140
f 1097 1141 1098
f 1098 1115 1099
f 1098 1141 1115
f 1103 1117 1142
f 1103 1142 1104
f 1104 1142 1143
f 1104 1143 1105
f 1105 1143 1144
f 1105 1144 1145
f 1105 1145 1146
f 1105 1146 1147
f 1105 1147 1148
f 1105 1148 1106
f 1106 1148 1149
f 1106 1149 1150
f 1106 1150 1151
f 1106 1151 1109
f 1107 1110 1111
f 1107 1111 1108
f 1109 1151 1110
f 1110 1151 1112
f 1112 1151 1113
f 1113 1152 1153
f 1113 1153 1114
f 1113 1151 1152
f 1114 1153 1154
f 1114 1154 1119
f 1115 1141 1155
f 1115 1155 1156
f 1115 1156 1142
f 1115 1142 1116
f 1116 1142 1117
f 1119 1154 1120
f 1120 1157 1124
f 1120 1154 1157
f 1121 1126 1158
f 1121 1158 1122
f 1122 1158 1159
f 1122 1159 1129
f 1122 1127 1123
f 1124 1160 1161
f 1124 1161 1162
f 1124 1162 1125
f 1124 1157 1160
f 1125 1162 1163
f 1125 1163 1164
f 1125 1164 1165
f 1125 1165 1126
f 1126 1165 1158
f 1128 1129 1159
f 1128 1159 1167
f 1128 1167 1166
f 1130 1168 1169
f 1130 1169 1131
f 1131 1169 1132
f 1132 1169 1133
f 1133 1170 1171
f 1133 1171 1134
f 1133 1169 1170
f 1134 1171 1172
f 1134 1172 1135
f 1135 1172 1136
f 1136 1172 1173
f 1136 1173 1174
f 1136 1174 1175
f 1136 1175 1137
f 1137 1175 1138
f 1138 1176 1177
f 1138 1177 1178
f 1138 1178 1139
f 1138 1175 1176
f 1139 1178 1179
f 1139 1179 1140
f 1140 1179 1155
f 1140 1155 1141
f 1142 1156 1179
f 1142 1179 1143
f 1143 1179 1144
f 1144 1179 1145
f 1145 1179 1178
f 1145 1178 1177
f 1145 1177 1180
f 1145 1180 1146
f 1146 1181 1147
f 1146 1180 1181
f 1147 1181 1148
f 1148 1181 1182
f 1148 1182 1183
f 1148 1183 1149
f 1149 1184 1150
f 1149 1183 1185
f 1149 1185 1184
f 1150 1184 1151
f 1151 1184 1152
f 1152 1184 1185
f 1152 1185 1186
f 1152 1186 1187
f 1152 1187 1153
f 1153 1187 1188
f 1153 1188 1189
f 1153 1189 1154
f 1154 1189 1157
f 1155 1179 1156
f 1157 1189 1190
f 1157 1190 1160
f 1158 1165 1191
f 1158 1191 1159
f 1159 1191 1192
f 1159 1192 1167
f 1160 1190 1193
f 1160 1193 1188
f 1160 1188 1194
f 1160 1194 1195
f 1160 1195 1196
f 1160 1196 1161
f 1161 1163 1162
f 1161 1196 1195
f 1161 1195 1197
f 1161 1197 1198
f 1161 1198 1163
f 1163 1198 1199
f 1163 1199 1164
f 1164 1199 1191
f 1164 1191 1165
f 1166 1167 1200
f 1167 1192 1200
f 1168 1201 1169
f 1169 1201 1202
f 1169 1202 1203
f 1169 1203 1204
f 1169 1204 1205
f 1169 1205 1170
f 1170 1205 1206
f 1170 1206 1207
f 1170 1207 1208
f 1170 1208 1209
f 1170 1209 1173
f 1170 1173 1171
f 1171 1173 1172
f 1173 1209 1208
f 1173 1208 1174
f 1174 1208 1210
f 1174 1210 1175
f 1175 1210 1211
f 1175 1211 1176
f 1176 1211 1212
f 1176 1212 1177
f 1177 1212 1180
f 1180 1212 1213
f 1180 1213 1181
f 1181 1213 1182
f 1182 1213 1183
f 1183 1213 1214
f 1183 1214 1185
f 1185 1214 1186
f 1186 1214 1211
f 1186 1211 1215
f 1186 1215 1188
f 1186 1188 1187
f 1188 1215 1194
f 1188 1193 1189
f 1189 1193 1190
f 1191 1199 1216
f 1191 1216 1192
f 1192 1216 1200
f 1194 1215 1195
f 1195 1217 1218
f 1195 1218 1197
f 1195 1215 1217
f 1197 1219 1198
f 1197 1218 1220
f 1197 1220 1221
f 1197 1221 1219
f 1198 1219 1216
f 1198 1216 1199
f 1200 1216 1222
f 1203 1223 1204
f 1204 1223 1205
f 1205 1223 1224
f 1205 1224 1225
f 1205 1225 1226
f 1205 1226 1206
f 1206 1226 1207
f 1207 1226 1227
f 1207 1227 1228
f 1207 1228 1208
f 1208 1228 1229
f 1208 1229 1210
f 1210 1229 1230
f 1210 1230 1211
f 1211 1230 1215
f 1211 1214 1212
f 1212 1214 1213
f 1215 1230 1231
f 1215 1231 1227
f 1215 1227 1217
f 1216 1219 1232
f 1216 1232 1222
f 1217 1227 1233
f 1217 1233 1218
f 1218 1233 1220
f 1219 1221 1234
f 1219 1234 1232
f 1220 1233 1221
f 1221 1235 1236
f 1221 1236 1234
f 1221 1233 1235
f 1223 1237 1224
f 1224 1237 1225
f 1225 1237 1226
f 1226 1238 1239
f 1226 1239 1233
f 1226 1233 1240
f 1226 1240 1227
f 1226 1237 1238
f 1227 1240 1233
f 1227 1231 1228
f 1228 1231 1229
f 1229 1231 1230
f 1233 1239 1235
f 1235 1239 1238
f 1235 1238 1237

