# https://github.com/mikedh/trimesh

o geometry_0
v 0.14610643 0.00743486 -0.00763240 0.54509804 0.71372549 0.60000000
v 0.14610643 0.00714872 -0.00881870 0.54509804 0.71372549 0.60000000
v 0.14394097 0.00711879 -0.00877935 0.54509804 0.71372549 0.60000000
v 0.14394097 0.00737021 -0.00763240 0.54509804 0.71372549 0.60000000
v 0.12950137 0.00708167 -0.00658383 0.54509804 0.71372549 0.60000000
v 0.12950137 0.00708167 -0.00642412 0.54509804 0.71372549 0.60000000
v 0.13090988 0.00710562 -0.00620885 0.54509804 0.71372549 0.60000000
v 0.13308492 0.00714154 -0.00594381 0.54509804 0.71372549 0.60000000
v 0.13525038 0.00717745 -0.00575979 0.54509804 0.71372549 0.60000000
v 0.13742542 0.00721337 -0.00565331 0.54509804 0.71372549 0.60000000
v 0.13960046 0.00725048 -0.00559892 0.54509804 0.71372549 0.60000000
v 0.14394097 0.00732232 -0.00553642 0.54509804 0.71372549 0.60000000
v 0.14610643 0.00735465 -0.00552253 0.54509804 0.71372549 0.60000000
v 0.14828147 0.00737141 -0.00565100 0.54509804 0.71372549 0.60000000
v 0.14828147 0.00742289 -0.00763240 0.54509804 0.71372549 0.60000000
v 0.14610643 0.00598620 -0.00959992 0.54509804 0.71372549 0.60000000
v 0.14394097 0.00598620 -0.00955247 0.54509804 0.71372549 0.60000000
v 0.14828147 0.00712118 -0.00878514 0.54509804 0.71372549 0.60000000
v 0.13525038 0.00573118 -0.00931868 0.54509804 0.71372549 0.60000000
v 0.12874442 0.00549892 -0.00916938 0.54509804 0.71372549 0.60000000
v 0.12440392 0.00534926 -0.00906522 0.54509804 0.71372549 0.60000000
v 0.12006341 0.00520200 -0.00895643 0.54509804 0.71372549 0.60000000
v 0.11356703 0.00498650 -0.00878861 0.54509804 0.71372549 0.60000000
v 0.11195731 0.00493382 -0.00874463 0.54509804 0.71372549 0.60000000
v 0.14264744 0.00708287 -0.00873306 0.54509804 0.71372549 0.60000000
v 0.06665510 0.00491466 -0.00440683 0.54509804 0.71372549 0.60000000
v 0.06665510 0.00491466 -0.00420661 0.54509804 0.71372549 0.60000000
v 0.06799654 0.00495058 -0.00394157 0.54509804 0.71372549 0.60000000
v 0.06301407 0.00475064 -0.00329460 0.54509804 0.71372549 0.60000000
v 0.12440392 0.00684103 -0.00546235 0.54509804 0.71372549 0.60000000
v 0.12657896 0.00690448 -0.00546235 0.54509804 0.71372549 0.60000000
v 0.13090988 0.00698230 -0.00512440 0.54509804 0.71372549 0.60000000
v 0.13308492 0.00700146 -0.00485936 0.54509804 0.71372549 0.60000000
v 0.13525038 0.00701942 -0.00467534 0.54509804 0.71372549 0.60000000
v 0.13742542 0.00703019 -0.00456886 0.54509804 0.71372549 0.60000000
v 0.13960046 0.00703498 -0.00451447 0.54509804 0.71372549 0.60000000
v 0.14176593 0.00703618 -0.00447974 0.54509804 0.71372549 0.60000000
v 0.14394097 0.00703498 -0.00445313 0.54509804 0.71372549 0.60000000
v 0.14610643 0.00702660 -0.00443924 0.54509804 0.71372549 0.60000000
v 0.15044693 0.00734626 -0.00591372 0.54509804 0.71372549 0.60000000
v 0.15261239 0.00726725 -0.00741019 0.54509804 0.71372549 0.60000000
v 0.15046609 0.00730197 -0.00781642 0.54509804 0.71372549 0.60000000
v 0.14974746 0.00708766 -0.00874116 0.54509804 0.71372549 0.60000000
v 0.14828147 0.00598620 -0.00954206 0.54509804 0.71372549 0.60000000
v 0.14610643 0.00381559 -0.01018092 0.54509804 0.71372549 0.60000000
v 0.14394097 0.00381559 -0.01020870 0.54509804 0.71372549 0.60000000
v 0.14176593 0.00381559 -0.01020870 0.54509804 0.71372549 0.60000000
v 0.13960046 0.00381559 -0.01019134 0.54509804 0.71372549 0.60000000
v 0.13742542 0.00381559 -0.01015546 0.54509804 0.71372549 0.60000000
v 0.13525038 0.00381559 -0.01010801 0.54509804 0.71372549 0.60000000
v 0.13308492 0.00381559 -0.01005708 0.54509804 0.71372549 0.60000000
v 0.13090988 0.00381559 -0.00999690 0.54509804 0.71372549 0.60000000
v 0.12874442 0.00381559 -0.00991588 0.54509804 0.71372549 0.60000000
v 0.09064764 0.00274167 -0.00872380 0.54509804 0.71372549 0.60000000
v 0.11052006 0.00487515 -0.00870412 0.54509804 0.71372549 0.60000000
v 0.06301407 0.00329120 -0.00708497 0.54509804 0.71372549 0.60000000
v 0.08370092 0.00493382 -0.00659425 0.54509804 0.71372549 0.60000000
v 0.08225409 0.00488952 -0.00651671 0.54509804 0.71372549 0.60000000
v 0.06301407 0.00426336 -0.00546235 0.54509804 0.71372549 0.60000000
v 0.06301407 0.00463690 -0.00235019 0.54509804 0.71372549 0.60000000
v 0.07372639 0.00489551 -0.00227149 0.54509804 0.71372549 0.60000000
v 0.07517322 0.00490748 -0.00219511 0.54509804 0.71372549 0.60000000
v 0.06301407 0.00429449 -0.00112455 0.54509804 0.71372549 0.60000000
v 0.06301407 0.00400476 -0.00043129 0.54509804 0.71372549 0.60000000
v 0.06301407 0.00334747 0.00052701 0.54509804 0.71372549 0.60000000
v 0.14828147 0.00683025 -0.00456655 0.54509804 0.71372549 0.60000000
v 0.15478743 0.00714752 -0.00640676 0.54509804 0.71372549 0.60000000
v 0.15261239 0.00726725 -0.00616602 0.54509804 0.71372549 0.60000000
v 0.12223845 0.00501763 -0.00210483 0.54509804 0.71372549 0.60000000
v 0.12440392 0.00499488 -0.00212798 0.54509804 0.71372549 0.60000000
v 0.12657896 0.00496255 -0.00215807 0.54509804 0.71372549 0.60000000
v 0.12874442 0.00492185 -0.00219279 0.54509804 0.71372549 0.60000000
v 0.12983673 0.00490030 -0.00221015 0.54509804 0.71372549 0.60000000
v 0.13128356 0.00485839 -0.00223330 0.54509804 0.71372549 0.60000000
v 0.13308492 0.00478656 -0.00226223 0.54509804 0.71372549 0.60000000
v 0.13525038 0.00462493 -0.00230390 0.54509804 0.71372549 0.60000000
v 0.15261239 0.00699428 -0.00849464 0.54509804 0.71372549 0.60000000
v 0.15120388 0.00704815 -0.00866246 0.54509804 0.71372549 0.60000000
v 0.15478743 0.00714752 -0.00695766 0.54509804 0.71372549 0.60000000
v 0.15478743 0.00689730 -0.00804327 0.54509804 0.71372549 0.60000000
v 0.15478743 0.00581260 -0.00925156 0.54509804 0.71372549 0.60000000
v 0.15261239 0.00590957 -0.00933489 0.54509804 0.71372549 0.60000000
v 0.15046609 0.00618973 -0.00928975 0.54509804 0.71372549 0.60000000
v 0.15044693 0.00381559 -0.01002005 0.54509804 0.71372549 0.60000000
v 0.14828147 0.00381559 -0.01011958 0.54509804 0.71372549 0.60000000
v 0.13960046 0.00164499 -0.01014388 0.54509804 0.71372549 0.60000000
v 0.13742542 0.00164499 -0.01019712 0.54509804 0.71372549 0.60000000
v 0.13525038 0.00164499 -0.01024110 0.54509804 0.71372549 0.60000000
v 0.13308492 0.00164499 -0.01027235 0.54509804 0.71372549 0.60000000
v 0.13090988 0.00164499 -0.01027698 0.54509804 0.71372549 0.60000000
v 0.12874442 0.00164499 -0.01025036 0.54509804 0.71372549 0.60000000
v 0.12657896 0.00164499 -0.01018786 0.54509804 0.71372549 0.60000000
v 0.06301407 0.00164619 -0.00786735 0.54509804 0.71372549 0.60000000
v 0.06301407 0.00222206 -0.00765671 0.54509804 0.71372549 0.60000000
v 0.06301407 0.00164619 0.00132907 0.54509804 0.71372549 0.60000000
v 0.09723984 0.00272251 -0.00004010 0.54509804 0.71372549 0.60000000
v 0.12006341 0.00381559 -0.00130278 0.54509804 0.71372549 0.60000000
v 0.14610643 0.00594190 -0.00396356 0.54509804 0.71372549 0.60000000
v 0.14828147 0.00574555 -0.00410939 0.54509804 0.71372549 0.60000000
v 0.15044693 0.00530616 -0.00425637 0.54509804 0.71372549 0.60000000
v 0.15176920 0.00500326 -0.00434781 0.54509804 0.71372549 0.60000000
v 0.15677084 0.00613106 -0.00592992 0.54509804 0.71372549 0.60000000
v 0.15593723 0.00707928 -0.00653175 0.54509804 0.71372549 0.60000000
v 0.12223845 0.00381559 -0.00136759 0.54509804 0.71372549 0.60000000
v 0.12440392 0.00381559 -0.00144051 0.54509804 0.71372549 0.60000000
v 0.12657896 0.00381559 -0.00152268 0.54509804 0.71372549 0.60000000
v 0.12874442 0.00381559 -0.00160832 0.54509804 0.71372549 0.60000000
v 0.13308492 0.00370066 -0.00182359 0.54509804 0.71372549 0.60000000
v 0.13525038 0.00353903 -0.00196132 0.54509804 0.71372549 0.60000000
v 0.13742542 0.00425019 -0.00238029 0.54509804 0.71372549 0.60000000
v 0.15695290 0.00569287 -0.00916244 0.54509804 0.71372549 0.60000000
v 0.15593723 0.00707928 -0.00661277 0.54509804 0.71372549 0.60000000
v 0.15677084 0.00676560 -0.00745533 0.54509804 0.71372549 0.60000000
v 0.15044693 0.00164499 -0.00971450 0.54509804 0.71372549 0.60000000
v 0.15261239 0.00381559 -0.00989274 0.54509804 0.71372549 0.60000000
v 0.15478743 0.00164499 -0.00950502 0.54509804 0.71372549 0.60000000
v 0.15261239 0.00164499 -0.00961265 0.54509804 0.71372549 0.60000000
v 0.14828147 0.00164499 -0.00980941 0.54509804 0.71372549 0.60000000
v 0.14610643 0.00164499 -0.00990084 0.54509804 0.71372549 0.60000000
v 0.14394097 0.00164499 -0.00998995 0.54509804 0.71372549 0.60000000
v 0.14176593 0.00164499 -0.01007328 0.54509804 0.71372549 0.60000000
v 0.13960046 -0.00052202 -0.00979205 0.54509804 0.71372549 0.60000000
v 0.13742542 -0.00052202 -0.00985454 0.54509804 0.71372549 0.60000000
v 0.13525038 -0.00052202 -0.00990547 0.54509804 0.71372549 0.60000000
v 0.13308492 -0.00052202 -0.00993093 0.54509804 0.71372549 0.60000000
v 0.13090988 -0.00052202 -0.00993672 0.54509804 0.71372549 0.60000000
v 0.12874442 -0.00052202 -0.00992861 0.54509804 0.71372549 0.60000000
v 0.12657896 -0.00052202 -0.00988811 0.54509804 0.71372549 0.60000000
v 0.11356703 -0.00052202 -0.00951891 0.54509804 0.71372549 0.60000000
v 0.06301407 -0.00052202 -0.00808262 0.54509804 0.71372549 0.60000000
v 0.06301407 0.00026577 -0.00802244 0.54509804 0.71372549 0.60000000
v 0.06301407 -0.00052202 0.00154665 0.54509804 0.71372549 0.60000000
v 0.11790753 0.00164499 -0.00051924 0.54509804 0.71372549 0.60000000
v 0.10273015 0.00217058 -0.00009912 0.54509804 0.71372549 0.60000000
v 0.10055510 0.00243397 -0.00007597 0.54509804 0.71372549 0.60000000
v 0.09838006 0.00263152 -0.00005283 0.54509804 0.71372549 0.60000000
v 0.14176593 0.00381559 -0.00277263 0.54509804 0.71372549 0.60000000
v 0.14394097 0.00381559 -0.00305619 0.54509804 0.71372549 0.60000000
v 0.14610643 0.00381559 -0.00334437 0.54509804 0.71372549 0.60000000
v 0.15321603 0.00454352 -0.00444502 0.54509804 0.71372549 0.60000000
v 0.15695290 0.00381559 -0.00482117 0.54509804 0.71372549 0.60000000
v 0.15912794 0.00542589 -0.00614519 0.54509804 0.71372549 0.60000000
v 0.16026815 0.00499727 -0.00646925 0.54509804 0.71372549 0.60000000
v 0.15912794 0.00580541 -0.00763240 0.54509804 0.71372549 0.60000000
v 0.12006341 0.00164499 -0.00059332 0.54509804 0.71372549 0.60000000
v 0.12223845 0.00164499 -0.00068128 0.54509804 0.71372549 0.60000000
v 0.12874442 0.00164499 -0.00097640 0.54509804 0.71372549 0.60000000
v 0.13090988 0.00164499 -0.00111760 0.54509804 0.71372549 0.60000000
v 0.13742542 0.00316429 -0.00210252 0.54509804 0.71372549 0.60000000
v 0.13308492 0.00164499 -0.00133519 0.54509804 0.71372549 0.60000000
v 0.13949507 0.00366713 -0.00246825 0.54509804 0.71372549 0.60000000
v 0.15695290 0.00381559 -0.00957678 0.54509804 0.71372549 0.60000000
v 0.15478743 0.00381559 -0.00975617 0.54509804 0.71372549 0.60000000
v 0.15912794 0.00527982 -0.00892981 0.54509804 0.71372549 0.60000000
v 0.14394097 -0.00052202 -0.00960571 0.54509804 0.71372549 0.60000000
v 0.14176593 -0.00052202 -0.00970756 0.54509804 0.71372549 0.60000000
v 0.15695290 0.00164499 -0.00933720 0.54509804 0.71372549 0.60000000
v 0.15766193 -0.00146904 -0.00868676 0.54509804 0.71372549 0.60000000
v 0.15621510 -0.00165821 -0.00874000 0.54509804 0.71372549 0.60000000
v 0.15478743 -0.00052202 -0.00906175 0.54509804 0.71372549 0.60000000
v 0.15261239 -0.00052202 -0.00917170 0.54509804 0.71372549 0.60000000
v 0.14828147 -0.00052202 -0.00939044 0.54509804 0.71372549 0.60000000
v 0.14610643 -0.00052202 -0.00949923 0.54509804 0.71372549 0.60000000
v 0.14610643 -0.00234183 -0.00899694 0.54509804 0.71372549 0.60000000
v 0.14394097 -0.00236697 -0.00905249 0.54509804 0.71372549 0.60000000
v 0.14176593 -0.00237655 -0.00910689 0.54509804 0.71372549 0.60000000
v 0.13960046 -0.00237057 -0.00914624 0.54509804 0.71372549 0.60000000
v 0.13742542 -0.00235021 -0.00916475 0.54509804 0.71372549 0.60000000
v 0.13525038 -0.00233106 -0.00917054 0.54509804 0.71372549 0.60000000
v 0.12874442 -0.00224964 -0.00914276 0.54509804 0.71372549 0.60000000
v 0.12657896 -0.00221971 -0.00912425 0.54509804 0.71372549 0.60000000
v 0.11356703 -0.00204252 -0.00898768 0.54509804 0.71372549 0.60000000
v 0.11140157 -0.00201019 -0.00896453 0.54509804 0.71372549 0.60000000
v 0.13308492 -0.00230711 -0.00916475 0.54509804 0.71372549 0.60000000
v 0.13090988 -0.00227838 -0.00915434 0.54509804 0.71372549 0.60000000
v 0.10922653 -0.00197188 -0.00893791 0.54509804 0.71372549 0.60000000
v 0.10706106 -0.00192998 -0.00890898 0.54509804 0.71372549 0.60000000
v 0.10273015 -0.00183899 -0.00884995 0.54509804 0.71372549 0.60000000
v 0.10055510 -0.00179110 -0.00882102 0.54509804 0.71372549 0.60000000
v 0.09838006 -0.00174081 -0.00879208 0.54509804 0.71372549 0.60000000
v 0.09444199 -0.00164264 -0.00873769 0.54509804 0.71372549 0.60000000
v 0.09298557 -0.00160193 -0.00871685 0.54509804 0.71372549 0.60000000
v 0.06301407 -0.00249987 -0.00733265 0.54509804 0.71372549 0.60000000
v 0.06301407 -0.00141876 0.00125384 0.54509804 0.71372549 0.60000000
v 0.09522769 -0.00161510 -0.00003662 0.54509804 0.71372549 0.60000000
v 0.09667452 -0.00147622 -0.00006440 0.54509804 0.71372549 0.60000000
v 0.12006341 -0.00052202 -0.00081900 0.54509804 0.71372549 0.60000000
v 0.10445485 0.00042739 -0.00001695 0.54509804 0.71372549 0.60000000
v 0.13869978 0.00284343 -0.00218469 0.54509804 0.71372549 0.60000000
v 0.14015620 0.00231784 -0.00227844 0.54509804 0.71372549 0.60000000
v 0.14828147 0.00164499 -0.00324252 0.54509804 0.71372549 0.60000000
v 0.15044693 0.00164499 -0.00353418 0.54509804 0.71372549 0.60000000
v 0.15807395 0.00059381 -0.00437211 0.54509804 0.71372549 0.60000000
v 0.14828147 0.00381559 -0.00363950 0.54509804 0.71372549 0.60000000
v 0.15487367 0.00176471 -0.00415453 0.54509804 0.71372549 0.60000000
v 0.15893630 0.00144744 -0.00474015 0.54509804 0.71372549 0.60000000
v 0.15912794 0.00381559 -0.00537439 0.54509804 0.71372549 0.60000000
v 0.16055561 0.00381559 -0.00616255 0.54509804 0.71372549 0.60000000
v 0.16067059 0.00381559 -0.00763240 0.54509804 0.71372549 0.60000000
v 0.16026815 0.00498889 -0.00763240 0.54509804 0.71372549 0.60000000
v 0.16022983 0.00492065 -0.00873537 0.54509804 0.71372549 0.60000000
v 0.12657896 -0.00052202 -0.00110024 0.54509804 0.71372549 0.60000000
v 0.12874442 -0.00052202 -0.00119862 0.54509804 0.71372549 0.60000000
v 0.13090988 -0.00052202 -0.00131320 0.54509804 0.71372549 0.60000000
v 0.13308492 -0.00052202 -0.00146365 0.54509804 0.71372549 0.60000000
v 0.14131559 -0.00171088 -0.00216502 0.54509804 0.71372549 0.60000000
v 0.14144973 -0.00052202 -0.00213840 0.54509804 0.71372549 0.60000000
v 0.14254204 -0.00052202 -0.00224719 0.54509804 0.71372549 0.60000000
v 0.14107604 0.00087397 -0.00215923 0.54509804 0.71372549 0.60000000
v 0.13949507 0.00161506 -0.00208516 0.54509804 0.71372549 0.60000000
v 0.15912794 0.00381559 -0.00919600 0.54509804 0.71372549 0.60000000
v 0.15912794 0.00164499 -0.00906754 0.54509804 0.71372549 0.60000000
v 0.14828147 -0.00222809 -0.00894370 0.54509804 0.71372549 0.60000000
v 0.15912794 0.00010055 -0.00880250 0.54509804 0.71372549 0.60000000
v 0.16022983 0.00053036 -0.00872611 0.54509804 0.71372549 0.60000000
v 0.15912794 -0.00098416 -0.00828053 0.54509804 0.71372549 0.60000000
v 0.15912794 -0.00208323 -0.00719492 0.54509804 0.71372549 0.60000000
v 0.15694331 -0.00235141 -0.00783031 0.54509804 0.71372549 0.60000000
v 0.14828147 -0.00331280 -0.00830252 0.54509804 0.71372549 0.60000000
v 0.14610643 -0.00342534 -0.00841941 0.54509804 0.71372549 0.60000000
v 0.14394097 -0.00345287 -0.00841363 0.54509804 0.71372549 0.60000000
v 0.14176593 -0.00346125 -0.00839048 0.54509804 0.71372549 0.60000000
v 0.13960046 -0.00345647 -0.00836964 0.54509804 0.71372549 0.60000000
v 0.13525038 -0.00341576 -0.00833145 0.54509804 0.71372549 0.60000000
v 0.13308492 -0.00339181 -0.00830946 0.54509804 0.71372549 0.60000000
v 0.13090988 -0.00336428 -0.00828631 0.54509804 0.71372549 0.60000000
v 0.12223845 -0.00324575 -0.00819951 0.54509804 0.71372549 0.60000000
v 0.12006341 -0.00321702 -0.00817637 0.54509804 0.71372549 0.60000000
v 0.11573249 -0.00315715 -0.00812776 0.54509804 0.71372549 0.60000000
v 0.11356703 -0.00312842 -0.00810114 0.54509804 0.71372549 0.60000000
v 0.11140157 -0.00309490 -0.00807567 0.54509804 0.71372549 0.60000000
v 0.09621460 -0.00168933 -0.00876083 0.54509804 0.71372549 0.60000000
v 0.07529778 -0.00378451 -0.00655606 0.54509804 0.71372549 0.60000000
v 0.07385095 -0.00376655 -0.00652944 0.54509804 0.71372549 0.60000000
v 0.07233704 -0.00374500 -0.00649819 0.54509804 0.71372549 0.60000000
v 0.06301407 -0.00326371 -0.00656647 0.54509804 0.71372549 0.60000000
v 0.06301407 -0.00262558 0.00077700 0.54509804 0.71372549 0.60000000
v 0.12440392 -0.00052202 -0.00100418 0.54509804 0.71372549 0.60000000
v 0.12223845 -0.00052202 -0.00090928 0.54509804 0.71372549 0.60000000
v 0.12874442 -0.00229634 -0.00184790 0.54509804 0.71372549 0.60000000
v 0.13090988 -0.00221612 -0.00189882 0.54509804 0.71372549 0.60000000
v 0.13308492 -0.00212992 -0.00195090 0.54509804 0.71372549 0.60000000
v 0.13525038 -0.00203893 -0.00200183 0.54509804 0.71372549 0.60000000
v 0.13742542 -0.00193716 -0.00205622 0.54509804 0.71372549 0.60000000
v 0.13960046 -0.00182342 -0.00211294 0.54509804 0.71372549 0.60000000
v 0.14178509 0.00161506 -0.00237566 0.54509804 0.71372549 0.60000000
v 0.14394097 0.00164499 -0.00266500 0.54509804 0.71372549 0.60000000
v 0.15044693 -0.00052202 -0.00323789 0.54509804 0.71372549 0.60000000
v 0.15261239 -0.00052202 -0.00353997 0.54509804 0.71372549 0.60000000
v 0.15478743 -0.00052202 -0.00386750 0.54509804 0.71372549 0.60000000
v 0.15807395 0.00008139 -0.00437211 0.54509804 0.71372549 0.60000000
v 0.15802604 -0.00136608 -0.00438253 0.54509804 0.71372549 0.60000000
v 0.15893630 -0.00059505 -0.00483968 0.54509804 0.71372549 0.60000000
v 0.16077599 0.00164499 -0.00581766 0.54509804 0.71372549 0.60000000
v 0.16089097 0.00164499 -0.00763240 0.54509804 0.71372549 0.60000000
v 0.16032565 0.00381559 -0.00882102 0.54509804 0.71372549 0.60000000
v 0.14394097 -0.00269262 -0.00296823 0.54509804 0.71372549 0.60000000
v 0.14610643 -0.00269262 -0.00312447 0.54509804 0.71372549 0.60000000
v 0.14828147 -0.00269262 -0.00334206 0.54509804 0.71372549 0.60000000
v 0.15657921 -0.00187491 -0.00425406 0.54509804 0.71372549 0.60000000
v 0.14828147 -0.00052202 -0.00295318 0.54509804 0.71372549 0.60000000
v 0.14610643 -0.00052202 -0.00267426 0.54509804 0.71372549 0.60000000
v 0.14394097 -0.00052202 -0.00241153 0.54509804 0.71372549 0.60000000
v 0.16032565 0.00164499 -0.00881407 0.54509804 0.71372549 0.60000000
v 0.16046938 -0.00032448 -0.00751898 0.54509804 0.71372549 0.60000000
v 0.16028732 -0.00168933 -0.00671924 0.54509804 0.71372549 0.60000000
v 0.15912794 -0.00208323 -0.00590214 0.54509804 0.71372549 0.60000000
v 0.15478743 -0.00321223 -0.00546235 0.54509804 0.71372549 0.60000000
v 0.15217164 -0.00384796 -0.00674471 0.54509804 0.71372549 0.60000000
v 0.15044693 -0.00393895 -0.00697618 0.54509804 0.71372549 0.60000000
v 0.14828147 -0.00405389 -0.00721807 0.54509804 0.71372549 0.60000000
v 0.14610643 -0.00412213 -0.00733380 0.54509804 0.71372549 0.60000000
v 0.14394097 -0.00413530 -0.00732802 0.54509804 0.71372549 0.60000000
v 0.13525038 -0.00415087 -0.00724584 0.54509804 0.71372549 0.60000000
v 0.13308492 -0.00415087 -0.00722501 0.54509804 0.71372549 0.60000000
v 0.13090988 -0.00414727 -0.00720187 0.54509804 0.71372549 0.60000000
v 0.12440392 -0.00413171 -0.00713590 0.54509804 0.71372549 0.60000000
v 0.12223845 -0.00412453 -0.00711390 0.54509804 0.71372549 0.60000000
v 0.12006341 -0.00411615 -0.00709076 0.54509804 0.71372549 0.60000000
v 0.11790753 -0.00410537 -0.00706761 0.54509804 0.71372549 0.60000000
v 0.11573249 -0.00409460 -0.00704215 0.54509804 0.71372549 0.60000000
v 0.10055510 -0.00399642 -0.00686391 0.54509804 0.71372549 0.60000000
v 0.09621460 -0.00396529 -0.00681415 0.54509804 0.71372549 0.60000000
v 0.09187410 -0.00393177 -0.00676091 0.54509804 0.71372549 0.60000000
v 0.08319309 -0.00385754 -0.00665443 0.54509804 0.71372549 0.60000000
v 0.08102763 -0.00383839 -0.00662781 0.54509804 0.71372549 0.60000000
v 0.07667755 -0.00379888 -0.00657457 0.54509804 0.71372549 0.60000000
v 0.06301407 -0.00434362 -0.00513366 0.54509804 0.71372549 0.60000000
v 0.07017159 -0.00369352 -0.00644032 0.54509804 0.71372549 0.60000000
v 0.06301407 -0.00401797 -0.00053661 0.54509804 0.71372549 0.60000000
v 0.11261845 -0.00378092 -0.00220552 0.54509804 0.71372549 0.60000000
v 0.11407486 -0.00375458 -0.00224372 0.54509804 0.71372549 0.60000000
v 0.12223845 -0.00357379 -0.00245089 0.54509804 0.71372549 0.60000000
v 0.12440392 -0.00351752 -0.00249949 0.54509804 0.71372549 0.60000000
v 0.12657896 -0.00345407 -0.00254926 0.54509804 0.71372549 0.60000000
v 0.12657896 -0.00236817 -0.00179813 0.54509804 0.71372549 0.60000000
v 0.12874442 -0.00338104 -0.00259671 0.54509804 0.71372549 0.60000000
v 0.13090988 -0.00330202 -0.00264532 0.54509804 0.71372549 0.60000000
v 0.13308492 -0.00321582 -0.00269509 0.54509804 0.71372549 0.60000000
v 0.13525038 -0.00312483 -0.00274138 0.54509804 0.71372549 0.60000000
v 0.13742542 -0.00302187 -0.00278652 0.54509804 0.71372549 0.60000000
v 0.13960046 -0.00290693 -0.00282703 0.54509804 0.71372549 0.60000000
v 0.16028732 -0.00168933 -0.00640676 0.54509804 0.71372549 0.60000000
v 0.16052686 -0.00052202 -0.00603756 0.54509804 0.71372549 0.60000000
v 0.15716369 -0.00248191 -0.00524823 0.54509804 0.71372549 0.60000000
v 0.14828147 -0.00397367 -0.00410244 0.54509804 0.71372549 0.60000000
v 0.15044693 -0.00385874 -0.00426679 0.54509804 0.71372549 0.60000000
v 0.15157757 -0.00378451 -0.00436979 0.54509804 0.71372549 0.60000000
v 0.15044693 -0.00269262 -0.00364760 0.54509804 0.71372549 0.60000000
v 0.15478743 -0.00219816 -0.00409781 0.54509804 0.71372549 0.60000000
v 0.15313938 -0.00361929 -0.00546235 0.54509804 0.71372549 0.60000000
v 0.15205665 -0.00383599 -0.00546235 0.54509804 0.71372549 0.60000000
v 0.15044693 -0.00401917 -0.00546235 0.54509804 0.71372549 0.60000000
v 0.14828147 -0.00425024 -0.00546235 0.54509804 0.71372549 0.60000000
v 0.14610643 -0.00437236 -0.00546235 0.54509804 0.71372549 0.60000000
v 0.14394097 -0.00439989 -0.00546235 0.54509804 0.71372549 0.60000000
v 0.13960046 -0.00443581 -0.00546235 0.54509804 0.71372549 0.60000000
v 0.13742542 -0.00445377 -0.00546235 0.54509804 0.71372549 0.60000000
v 0.13525038 -0.00447053 -0.00546235 0.54509804 0.71372549 0.60000000
v 0.13308492 -0.00448370 -0.00546235 0.54509804 0.71372549 0.60000000
v 0.13090988 -0.00449328 -0.00546235 0.54509804 0.71372549 0.60000000
v 0.12874442 -0.00449926 -0.00546235 0.54509804 0.71372549 0.60000000
v 0.12657896 -0.00450405 -0.00546235 0.54509804 0.71372549 0.60000000
v 0.12440392 -0.00450765 -0.00546235 0.54509804 0.71372549 0.60000000
v 0.12223845 -0.00451004 -0.00546235 0.54509804 0.71372549 0.60000000
v 0.12006341 -0.00451004 -0.00546235 0.54509804 0.71372549 0.60000000
v 0.13960046 -0.00414368 -0.00728520 0.54509804 0.71372549 0.60000000
v 0.11790753 -0.00450765 -0.00546235 0.54509804 0.71372549 0.60000000
v 0.11573249 -0.00450166 -0.00546235 0.54509804 0.71372549 0.60000000
v 0.11356703 -0.00449448 -0.00546235 0.54509804 0.71372549 0.60000000
v 0.06301407 -0.00466448 -0.00393463 0.54509804 0.71372549 0.60000000
v 0.12874442 -0.00414249 -0.00717872 0.54509804 0.71372549 0.60000000
v 0.06301407 -0.00444419 -0.00124028 0.54509804 0.71372549 0.60000000
v 0.14610643 -0.00402635 -0.00402027 0.54509804 0.71372549 0.60000000
v 0.15243034 -0.00278721 -0.00400291 0.54509804 0.71372549 0.60000000
v 0.06301407 -0.00479618 -0.00329460 0.54509804 0.71372549 0.60000000
f 1 2 3
f 1 3 4
f 1 4 5
f 1 5 6
f 1 6 7
f 1 7 8
f 1 8 9
f 1 9 10
f 1 10 11
f 1 11 12
f 1 12 13
f 1 13 14
f 1 14 15
f 1 15 2
f 2 16 17
f 2 17 3
f 2 15 18
f 2 18 16
f 3 17 19
f 3 19 20
f 3 20 21
f 3 21 22
f 3 22 23
f 3 23 24
f 3 24 25
f 3 25 4
f 4 25 5
f 5 25 26
f 5 26 27
f 5 27 6
f 6 27 28
f 6 28 29
f 6 29 30
f 6 30 7
f 7 30 31
f 7 31 8
f 8 31 32
f 8 32 9
f 9 32 33
f 9 33 10
f 10 33 34
f 10 34 11
f 11 34 12
f 12 34 13
f 13 34 35
f 13 35 36
f 13 36 37
f 13 37 38
f 13 38 39
f 13 39 14
f 14 40 15
f 14 39 40
f 15 40 41
f 15 41 42
f 15 42 43
f 15 43 18
f 16 18 44
f 16 44 45
f 16 45 46
f 16 46 47
f 16 47 48
f 16 48 49
f 16 49 50
f 16 50 17
f 17 50 51
f 17 51 52
f 17 52 53
f 17 53 21
f 17 21 20
f 17 20 19
f 18 43 44
f 21 53 22
f 22 53 23
f 23 53 24
f 24 53 54
f 24 54 55
f 24 55 56
f 24 56 25
f 25 56 57
f 25 57 26
f 26 57 58
f 26 58 59
f 26 59 29
f 26 29 27
f 27 29 28
f 29 59 56
f 29 56 94
f 29 94 93
f 29 93 131
f 29 131 130
f 29 130 183
f 29 183 236
f 29 236 288
f 29 288 331
f 29 331 336
f 29 336 333
f 29 333 290
f 29 290 237
f 29 237 184
f 29 184 132
f 29 132 95
f 29 95 65
f 29 65 64
f 29 64 63
f 29 63 60
f 29 60 30
f 30 60 31
f 31 60 32
f 32 60 33
f 33 60 34
f 34 60 61
f 34 61 62
f 34 62 63
f 34 63 35
f 35 63 64
f 35 64 36
f 36 64 37
f 37 64 38
f 38 64 65
f 38 65 39
f 39 66 67
f 39 67 68
f 39 68 40
f 39 65 69
f 39 69 70
f 39 70 71
f 39 71 72
f 39 72 73
f 39 73 74
f 39 74 75
f 39 75 76
f 39 76 66
f 40 68 41
f 41 77 78
f 41 78 42
f 41 68 67
f 41 67 79
f 41 79 80
f 41 80 77
f 42 78 43
f 43 78 81
f 43 81 82
f 43 82 83
f 43 83 44
f 44 84 85
f 44 85 45
f 44 83 82
f 44 82 81
f 44 81 84
f 45 85 86
f 45 86 87
f 45 87 88
f 45 88 89
f 45 89 46
f 46 89 90
f 46 90 47
f 47 90 48
f 48 90 91
f 48 91 49
f 49 91 50
f 50 91 51
f 51 91 52
f 52 91 92
f 52 92 54
f 52 54 53
f 54 93 94
f 54 94 55
f 54 92 93
f 55 94 56
f 56 59 58
f 56 58 57
f 60 63 61
f 61 63 62
f 65 95 96
f 65 96 97
f 65 97 72
f 65 72 71
f 65 71 70
f 65 70 69
f 66 76 98
f 66 98 99
f 66 99 100
f 66 100 101
f 66 101 102
f 66 102 103
f 66 103 67
f 67 103 112
f 67 112 79
f 72 97 73
f 73 97 104
f 73 104 74
f 74 104 105
f 74 105 75
f 75 105 106
f 75 106 107
f 75 107 76
f 76 107 108
f 76 108 109
f 76 109 110
f 76 110 99
f 76 99 98
f 77 80 111
f 77 111 78
f 78 111 81
f 79 112 80
f 80 112 113
f 80 113 111
f 81 111 84
f 84 114 85
f 84 111 115
f 84 115 116
f 84 116 117
f 84 117 114
f 85 118 119
f 85 119 120
f 85 120 121
f 85 121 86
f 85 114 118
f 86 121 122
f 86 122 123
f 86 123 87
f 87 123 124
f 87 124 88
f 88 124 89
f 89 125 126
f 89 126 90
f 89 124 125
f 90 126 127
f 90 127 91
f 91 127 128
f 91 128 129
f 91 129 130
f 91 130 92
f 92 130 131
f 92 131 93
f 95 132 133
f 95 133 134
f 95 134 135
f 95 135 136
f 95 136 96
f 96 136 106
f 96 106 105
f 96 105 104
f 96 104 97
f 99 110 137
f 99 137 100
f 100 137 101
f 101 137 138
f 101 138 139
f 101 139 140
f 101 140 141
f 101 141 102
f 102 141 142
f 102 142 103
f 103 142 143
f 103 143 144
f 103 144 113
f 103 113 112
f 106 136 135
f 106 135 145
f 106 145 107
f 107 145 146
f 107 146 147
f 107 147 108
f 108 147 148
f 108 148 109
f 109 149 110
f 109 148 150
f 109 150 149
f 110 149 151
f 110 151 137
f 111 152 153
f 111 153 115
f 111 113 154
f 111 154 152
f 113 144 154
f 114 117 155
f 114 155 156
f 114 156 118
f 115 153 116
f 116 153 157
f 116 157 158
f 116 158 159
f 116 159 160
f 116 160 161
f 116 161 162
f 116 162 163
f 116 163 117
f 117 163 155
f 118 156 119
f 119 156 120
f 120 156 122
f 120 122 121
f 122 156 164
f 122 164 165
f 122 165 123
f 123 165 166
f 123 166 124
f 124 166 167
f 124 167 125
f 125 167 168
f 125 168 126
f 126 168 169
f 126 169 127
f 127 170 171
f 127 171 172
f 127 172 173
f 127 173 128
f 127 169 174
f 127 174 175
f 127 175 170
f 128 173 176
f 128 176 177
f 128 177 178
f 128 178 179
f 128 179 180
f 128 180 181
f 128 181 182
f 128 182 129
f 129 182 130
f 130 182 183
f 132 184 185
f 132 185 186
f 132 186 187
f 132 187 188
f 132 188 145
f 132 145 133
f 133 145 134
f 134 145 135
f 137 151 149
f 137 149 189
f 137 189 138
f 138 189 190
f 138 190 139
f 139 191 192
f 139 192 193
f 139 193 194
f 139 194 140
f 139 190 191
f 140 195 193
f 140 193 141
f 140 194 195
f 141 193 196
f 141 196 197
f 141 197 142
f 142 197 143
f 143 198 199
f 143 199 200
f 143 200 144
f 143 197 198
f 144 200 201
f 144 201 154
f 145 188 146
f 146 188 202
f 146 202 147
f 147 202 203
f 147 203 204
f 147 204 148
f 148 204 205
f 148 205 206
f 148 206 207
f 148 207 208
f 148 208 150
f 149 150 189
f 150 208 209
f 150 209 210
f 150 210 189
f 152 157 153
f 152 154 211
f 152 211 212
f 152 212 157
f 154 201 211
f 155 163 159
f 155 159 156
f 156 159 213
f 156 213 164
f 157 212 214
f 157 214 158
f 158 214 215
f 158 215 216
f 158 216 217
f 158 217 218
f 158 218 159
f 159 218 219
f 159 219 220
f 159 220 213
f 159 163 162
f 159 162 161
f 159 161 160
f 164 213 220
f 164 220 165
f 165 220 166
f 166 220 167
f 167 220 221
f 167 221 168
f 168 221 169
f 169 221 222
f 169 222 174
f 170 175 223
f 170 223 224
f 170 224 225
f 170 225 171
f 171 225 226
f 171 226 227
f 171 227 228
f 171 228 172
f 172 228 229
f 172 229 173
f 173 229 230
f 173 230 231
f 173 231 183
f 173 183 176
f 174 222 223
f 174 223 175
f 176 183 177
f 177 183 178
f 178 183 179
f 179 183 180
f 180 183 232
f 180 232 181
f 181 232 183
f 181 183 182
f 183 233 234
f 183 234 235
f 183 235 236
f 183 231 233
f 184 237 185
f 185 238 239
f 185 239 186
f 185 237 240
f 185 240 241
f 185 241 242
f 185 242 243
f 185 243 244
f 185 244 245
f 185 245 202
f 185 202 238
f 186 239 187
f 187 239 188
f 188 239 238
f 188 238 202
f 189 210 209
f 189 209 190
f 190 209 246
f 190 246 247
f 190 247 191
f 191 193 192
f 191 247 193
f 193 248 249
f 193 249 250
f 193 250 251
f 193 251 196
f 193 195 194
f 193 247 209
f 193 209 248
f 196 251 252
f 196 252 253
f 196 253 254
f 196 254 198
f 196 198 197
f 198 254 199
f 199 254 255
f 199 255 256
f 199 256 201
f 199 201 200
f 201 256 211
f 202 245 203
f 203 245 206
f 203 206 204
f 204 206 205
f 206 257 258
f 206 258 259
f 206 259 260
f 206 260 248
f 206 248 261
f 206 261 262
f 206 262 263
f 206 263 208
f 206 208 207
f 206 245 257
f 208 263 209
f 209 263 262
f 209 262 261
f 209 261 248
f 209 247 246
f 211 256 264
f 211 264 212
f 212 264 215
f 212 215 214
f 215 264 255
f 215 255 265
f 215 265 266
f 215 266 216
f 216 266 217
f 217 266 303
f 217 303 267
f 217 267 268
f 217 268 269
f 217 269 218
f 218 269 219
f 219 269 270
f 219 270 271
f 219 271 220
f 220 271 272
f 220 272 221
f 221 273 222
f 221 272 273
f 222 273 274
f 222 274 275
f 222 275 223
f 223 275 276
f 223 276 277
f 223 277 278
f 223 278 279
f 223 279 280
f 223 280 281
f 223 281 282
f 223 282 283
f 223 283 224
f 224 283 284
f 224 284 285
f 224 285 286
f 224 286 287
f 224 287 225
f 225 287 226
f 226 287 227
f 227 287 228
f 228 287 233
f 228 233 229
f 229 233 230
f 230 233 231
f 233 287 288
f 233 288 234
f 234 288 235
f 235 288 289
f 235 289 236
f 236 289 288
f 237 290 291
f 237 291 292
f 237 292 293
f 237 293 294
f 237 294 295
f 237 295 296
f 237 296 240
f 240 296 297
f 240 297 298
f 240 298 241
f 241 298 299
f 241 299 300
f 241 300 242
f 242 300 243
f 243 300 301
f 243 301 302
f 243 302 244
f 244 302 245
f 245 302 257
f 248 260 252
f 248 252 249
f 249 252 250
f 250 252 251
f 252 267 303
f 252 303 304
f 252 304 253
f 252 260 305
f 252 305 267
f 253 304 254
f 254 304 255
f 255 304 266
f 255 266 265
f 255 264 256
f 257 302 306
f 257 306 258
f 258 306 259
f 259 306 307
f 259 307 308
f 259 308 309
f 259 309 310
f 259 310 260
f 260 310 308
f 260 308 305
f 266 304 303
f 267 305 268
f 268 305 308
f 268 308 311
f 268 311 269
f 269 311 312
f 269 312 313
f 269 313 314
f 269 314 270
f 270 314 271
f 271 314 315
f 271 315 272
f 272 315 316
f 272 316 317
f 272 317 318
f 272 318 319
f 272 319 320
f 272 320 273
f 273 320 321
f 273 321 322
f 273 322 323
f 273 323 324
f 273 324 325
f 273 325 326
f 273 326 327
f 273 327 274
f 274 327 326
f 274 326 328
f 274 328 275
f 275 328 329
f 275 329 330
f 275 330 331
f 275 331 276
f 276 332 277
f 276 331 332
f 277 331 288
f 277 288 278
f 277 332 331
f 278 288 279
f 279 288 280
f 280 288 281
f 281 288 282
f 282 288 283
f 283 288 284
f 284 288 285
f 285 288 286
f 286 288 287
f 290 333 291
f 291 333 334
f 291 334 292
f 292 334 293
f 293 334 294
f 294 334 295
f 295 334 297
f 295 297 296
f 297 334 298
f 298 334 299
f 299 334 300
f 300 334 306
f 300 306 301
f 301 306 302
f 306 314 307
f 306 334 315
f 306 315 314
f 307 314 308
f 308 312 311
f 308 310 335
f 308 335 309
f 308 314 313
f 308 313 312
f 309 335 310
f 315 334 333
f 315 333 316
f 316 333 336
f 316 336 317
f 317 336 318
f 318 336 319
f 319 336 320
f 320 336 321
f 321 336 322
f 322 336 323
f 323 336 324
f 324 336 325
f 325 336 326
f 326 336 328
f 328 336 329
f 329 336 331
f 329 331 330

o geometry_1
v -0.00362749 0.01735364 -0.00112175 0.54117647 0.42352941 0.64313725
v -0.00362749 0.01726500 0.00104525 0.54117647 0.42352941 0.64313725
v -0.00145364 0.01731670 -0.00112175 0.54117647 0.42352941 0.64313725
v -0.00145364 0.01726130 -0.00329244 0.54117647 0.42352941 0.64313725
v -0.00579314 0.01734625 -0.00112175 0.54117647 0.42352941 0.64313725
v -0.02097728 0.01722067 0.00104525 0.54117647 0.42352941 0.64313725
v -0.01880343 0.01722806 0.00104525 0.54117647 0.42352941 0.64313725
v -0.00362749 0.01716896 0.00321593 0.54117647 0.42352941 0.64313725
v -0.00145364 0.01716896 0.00104525 0.54117647 0.42352941 0.64313725
v 0.00071201 0.01707293 -0.00112175 0.54117647 0.42352941 0.64313725
v 0.00071201 0.01705446 -0.00329244 0.54117647 0.42352941 0.64313725
v -0.00145364 0.01685501 -0.00546313 0.54117647 0.42352941 0.64313725
v -0.00362749 0.01685501 -0.00546313 0.54117647 0.42352941 0.64313725
v -0.00362749 0.01725022 -0.00329244 0.54117647 0.42352941 0.64313725
v -0.00796699 0.01733148 -0.00112175 0.54117647 0.42352941 0.64313725
v -0.02314293 0.01721329 0.00104525 0.54117647 0.42352941 0.64313725
v -0.00579314 0.01716158 0.00321593 0.54117647 0.42352941 0.64313725
v -0.02531678 0.01664448 0.00538662 0.54117647 0.42352941 0.64313725
v -0.02097728 0.01665925 0.00538662 0.54117647 0.42352941 0.64313725
v -0.01880343 0.01666664 0.00538662 0.54117647 0.42352941 0.64313725
v -0.01447214 0.01667772 0.00538662 0.54117647 0.42352941 0.64313725
v -0.01013264 0.01668880 0.00538662 0.54117647 0.42352941 0.64313725
v -0.00796699 0.01669250 0.00538662 0.54117647 0.42352941 0.64313725
v -0.00579314 0.01669619 0.00538662 0.54117647 0.42352941 0.64313725
v -0.00362749 0.01669250 0.00538662 0.54117647 0.42352941 0.64313725
v -0.00145364 0.01701014 0.00321593 0.54117647 0.42352941 0.64313725
v 0.02633883 0.01294355 0.00104525 0.54117647 0.42352941 0.64313725
v 0.02633883 0.01301742 -0.00069794 0.54117647 0.42352941 0.64313725
v 0.02633883 0.01303219 -0.00112175 0.54117647 0.42352941 0.64313725
v 0.02633883 0.01303219 -0.00286862 0.54117647 0.42352941 0.64313725
v 0.00071201 0.01662601 -0.00546313 0.54117647 0.42352941 0.64313725
v 0.02633883 0.01302850 -0.00329244 0.54117647 0.42352941 0.64313725
v 0.02633883 0.01295463 -0.00503931 0.54117647 0.42352941 0.64313725
v 0.02633883 0.01292508 -0.00546313 0.54117647 0.42352941 0.64313725
v -0.00145364 0.01627143 -0.00763013 0.54117647 0.42352941 0.64313725
v -0.00362749 0.01631206 -0.00763013 0.54117647 0.42352941 0.64313725
v -0.01230649 0.01712464 -0.00329244 0.54117647 0.42352941 0.64313725
v -0.00796699 0.01719851 -0.00329244 0.54117647 0.42352941 0.64313725
v -0.00579314 0.01722806 -0.00329244 0.54117647 0.42352941 0.64313725
v -0.01230649 0.01669988 -0.00546313 0.54117647 0.42352941 0.64313725
v -0.02749063 0.01686609 -0.00329244 0.54117647 0.42352941 0.64313725
v -0.01230649 0.01729454 -0.00112175 0.54117647 0.42352941 0.64313725
v -0.02097728 0.01721329 -0.00112175 0.54117647 0.42352941 0.64313725
v -0.02531678 0.01719851 0.00104525 0.54117647 0.42352941 0.64313725
v -0.01013264 0.01713572 0.00321593 0.54117647 0.42352941 0.64313725
v -0.02965627 0.01662232 0.00538662 0.54117647 0.42352941 0.64313725
v -0.02749063 0.01663340 0.00538662 0.54117647 0.42352941 0.64313725
v -0.03399577 0.01606459 0.00717771 0.54117647 0.42352941 0.64313725
v -0.03183012 0.01607198 0.00718508 0.54117647 0.42352941 0.64313725
v -0.02965627 0.01607567 0.00718508 0.54117647 0.42352941 0.64313725
v -0.02749063 0.01607567 0.00718139 0.54117647 0.42352941 0.64313725
v -0.01230649 0.01603874 0.00710400 0.54117647 0.42352941 0.64313725
v -0.01013264 0.01603135 0.00708926 0.54117647 0.42352941 0.64313725
v -0.00796699 0.01602396 0.00707452 0.54117647 0.42352941 0.64313725
v -0.00579314 0.01601658 0.00705609 0.54117647 0.42352941 0.64313725
v -0.00362749 0.01600919 0.00703766 0.54117647 0.42352941 0.64313725
v -0.00145364 0.01647088 0.00538662 0.54117647 0.42352941 0.64313725
v -0.02314293 0.01606829 0.00717402 0.54117647 0.42352941 0.64313725
v -0.02097728 0.01606459 0.00716665 0.54117647 0.42352941 0.64313725
v 0.02633883 0.01254464 0.00321593 0.54117647 0.42352941 0.64313725
v -0.00019855 0.01578758 -0.00879839 0.54117647 0.42352941 0.64313725
v 0.02633883 0.01250771 -0.00720999 0.54117647 0.42352941 0.64313725
v 0.02633883 0.01239690 -0.00763013 0.54117647 0.42352941 0.64313725
v -0.00145364 0.01585775 -0.00891632 0.54117647 0.42352941 0.64313725
v -0.01663778 0.01661124 -0.00546313 0.54117647 0.42352941 0.64313725
v -0.00362749 0.01588361 -0.00895686 0.54117647 0.42352941 0.64313725
v -0.03721143 0.01575064 -0.00654294 0.54117647 0.42352941 0.64313725
v -0.02965627 0.01630098 -0.00546313 0.54117647 0.42352941 0.64313725
v -0.02749063 0.01635638 -0.00546313 0.54117647 0.42352941 0.64313725
v -0.02097728 0.01651151 -0.00546313 0.54117647 0.42352941 0.64313725
v -0.03833527 0.01695104 -0.00112175 0.54117647 0.42352941 0.64313725
v -0.02531678 0.01716158 -0.00112175 0.54117647 0.42352941 0.64313725
v -0.02314293 0.01719112 -0.00112175 0.54117647 0.42352941 0.64313725
v -0.03183012 0.01678114 -0.00329244 0.54117647 0.42352941 0.64313725
v -0.02965627 0.01682546 -0.00329244 0.54117647 0.42352941 0.64313725
v -0.03833527 0.01707662 0.00104525 0.54117647 0.42352941 0.64313725
v -0.03833527 0.01693996 0.00321593 0.54117647 0.42352941 0.64313725
v -0.01447214 0.01710617 0.00321593 0.54117647 0.42352941 0.64313725
v -0.01230649 0.01712095 0.00321593 0.54117647 0.42352941 0.64313725
v -0.03183012 0.01660754 0.00538662 0.54117647 0.42352941 0.64313725
v -0.03616962 0.01605351 0.00716665 0.54117647 0.42352941 0.64313725
v -0.03833527 0.01555488 0.00823910 0.54117647 0.42352941 0.64313725
v -0.03616962 0.01555858 0.00825015 0.54117647 0.42352941 0.64313725
v -0.03399577 0.01555858 0.00826121 0.54117647 0.42352941 0.64313725
v -0.02965627 0.01556227 0.00826858 0.54117647 0.42352941 0.64313725
v -0.02531678 0.01556596 0.00826489 0.54117647 0.42352941 0.64313725
v -0.02314293 0.01556596 0.00826121 0.54117647 0.42352941 0.64313725
v -0.02097728 0.01556596 0.00825015 0.54117647 0.42352941 0.64313725
v -0.00796699 0.01553272 0.00815802 0.54117647 0.42352941 0.64313725
v -0.00579314 0.01552534 0.00814328 0.54117647 0.42352941 0.64313725
v -0.00362749 0.01551425 0.00812485 0.54117647 0.42352941 0.64313725
v -0.00145364 0.01588361 0.00676126 0.54117647 0.42352941 0.64313725
v 0.02633883 0.01181702 0.00513970 0.54117647 0.42352941 0.64313725
v -0.01663778 0.01555488 0.00822067 0.54117647 0.42352941 0.64313725
v -0.01230649 0.01554380 0.00819119 0.54117647 0.42352941 0.64313725
v -0.00145364 0.01525940 -0.01000351 0.54117647 0.42352941 0.64313725
v 0.02633883 0.01168036 -0.00924432 0.54117647 0.42352941 0.64313725
v 0.02633883 0.01107461 -0.01032782 0.54117647 0.42352941 0.64313725
v -0.03616962 0.01668511 -0.00329244 0.54117647 0.42352941 0.64313725
v -0.00362749 0.01523724 -0.01004405 0.54117647 0.42352941 0.64313725
v -0.00579314 0.01584298 -0.00888315 0.54117647 0.42352941 0.64313725
v -0.03833527 0.01573217 -0.00649134 0.54117647 0.42352941 0.64313725
v -0.03833527 0.01606829 -0.00540416 0.54117647 0.42352941 0.64313725
v -0.03399577 0.01617909 -0.00546313 0.54117647 0.42352941 0.64313725
v -0.03183012 0.01624188 -0.00546313 0.54117647 0.42352941 0.64313725
v -0.00953380 0.01576911 -0.00875048 0.54117647 0.42352941 0.64313725
v -0.03833527 0.01663340 -0.00329244 0.54117647 0.42352941 0.64313725
v -0.04050912 0.01636377 -0.00329244 0.54117647 0.42352941 0.64313725
v -0.04050912 0.01666295 -0.00112175 0.54117647 0.42352941 0.64313725
v -0.04050912 0.01676637 0.00104525 0.54117647 0.42352941 0.64313725
v -0.04050912 0.01664079 0.00321593 0.54117647 0.42352941 0.64313725
v -0.04050912 0.01627143 0.00538662 0.54117647 0.42352941 0.64313725
v -0.03833527 0.01653737 0.00538662 0.54117647 0.42352941 0.64313725
v -0.03616962 0.01656322 0.00538662 0.54117647 0.42352941 0.64313725
v -0.03833527 0.01603874 0.00715191 0.54117647 0.42352941 0.64313725
v -0.04050912 0.01591316 0.00686077 0.54117647 0.42352941 0.64313725
v -0.04050912 0.01542561 0.00794427 0.54117647 0.42352941 0.64313725
v -0.04012357 0.01374874 0.01109526 0.54117647 0.42352941 0.64313725
v -0.03833527 0.01472384 0.00972430 0.54117647 0.42352941 0.64313725
v -0.03183012 0.01555858 0.00826858 0.54117647 0.42352941 0.64313725
v -0.03616962 0.01472753 0.00972430 0.54117647 0.42352941 0.64313725
v -0.02749063 0.01473861 0.00972430 0.54117647 0.42352941 0.64313725
v -0.02314293 0.01474230 0.00972430 0.54117647 0.42352941 0.64313725
v -0.02097728 0.01474230 0.00972430 0.54117647 0.42352941 0.64313725
v -0.01880343 0.01473122 0.00972430 0.54117647 0.42352941 0.64313725
v -0.01880343 0.01555858 0.00823910 0.54117647 0.42352941 0.64313725
v -0.01663778 0.01470906 0.00972430 0.54117647 0.42352941 0.64313725
v -0.01013264 0.01462042 0.00972430 0.54117647 0.42352941 0.64313725
v -0.00579314 0.01455393 0.00972430 0.54117647 0.42352941 0.64313725
v -0.00362749 0.01450961 0.00972430 0.54117647 0.42352941 0.64313725
v -0.00157669 0.01416980 0.00982749 0.54117647 0.42352941 0.64313725
v -0.00145364 0.01537021 0.00784845 0.54117647 0.42352941 0.64313725
v 0.02633883 0.01171360 0.00535345 0.54117647 0.42352941 0.64313725
v 0.00071201 0.01404792 -0.01149977 0.54117647 0.42352941 0.64313725
v -0.00145364 0.01417719 -0.01166561 0.54117647 0.42352941 0.64313725
v 0.02633883 0.00998871 -0.01174300 0.54117647 0.42352941 0.64313725
v -0.01663778 0.01481248 -0.00980081 0.54117647 0.42352941 0.64313725
v -0.01230649 0.01500455 -0.00980081 0.54117647 0.42352941 0.64313725
v -0.01020647 0.01521877 -0.00960549 0.54117647 0.42352941 0.64313725
v -0.00362749 0.01415134 -0.01163613 0.54117647 0.42352941 0.64313725
v -0.00796699 0.01405531 -0.01151819 0.54117647 0.42352941 0.64313725
v -0.01013264 0.01400729 -0.01145554 0.54117647 0.42352941 0.64313725
v -0.01447214 0.01390756 -0.01133024 0.54117647 0.42352941 0.64313725
v -0.01880343 0.01380784 -0.01120125 0.54117647 0.42352941 0.64313725
v -0.02531678 0.01365640 -0.01099487 0.54117647 0.42352941 0.64313725
v -0.03833527 0.01511535 -0.00763013 0.54117647 0.42352941 0.64313725
v -0.04050912 0.01487527 -0.00763013 0.54117647 0.42352941 0.64313725
v -0.04050912 0.01561767 -0.00608964 0.54117647 0.42352941 0.64313725
v -0.01097757 0.01573956 -0.00869151 0.54117647 0.42352941 0.64313725
v -0.04050912 0.01593532 -0.00500245 0.54117647 0.42352941 0.64313725
v -0.02314293 0.01452069 -0.00980081 0.54117647 0.42352941 0.64313725
v -0.04171500 0.01579866 -0.00456389 0.54117647 0.42352941 0.64313725
v -0.04210054 0.01593532 -0.00329244 0.54117647 0.42352941 0.64313725
v -0.04248609 0.01607198 -0.00112175 0.54117647 0.42352941 0.64313725
v -0.04255993 0.01610891 0.00104525 0.54117647 0.42352941 0.64313725
v -0.04242867 0.01604982 0.00321593 0.54117647 0.42352941 0.64313725
v -0.04200211 0.01588361 0.00538662 0.54117647 0.42352941 0.64313725
v -0.04167397 0.01577650 0.00654014 0.54117647 0.42352941 0.64313725
v -0.04251070 0.01507103 0.00738040 0.54117647 0.42352941 0.64313725
v -0.04267477 0.01398882 0.00935208 0.54117647 0.42352941 0.64313725
v -0.04157553 0.01357514 0.01080043 0.54117647 0.42352941 0.64313725
v -0.04071420 0.01428800 0.00993805 0.54117647 0.42352941 0.64313725
v -0.04071420 0.01309129 0.01184708 0.54117647 0.42352941 0.64313725
v -0.03833527 0.01309129 0.01231880 0.54117647 0.42352941 0.64313725
v -0.03833527 0.01383369 0.01123530 0.54117647 0.42352941 0.64313725
v -0.02097728 0.01384477 0.01114317 0.54117647 0.42352941 0.64313725
v -0.03616962 0.01383369 0.01122793 0.54117647 0.42352941 0.64313725
v -0.01880343 0.01383739 0.01112474 0.54117647 0.42352941 0.64313725
v -0.01663778 0.01381892 0.01109526 0.54117647 0.42352941 0.64313725
v -0.01230649 0.01377460 0.01102892 0.54117647 0.42352941 0.64313725
v -0.01013264 0.01374874 0.01099575 0.54117647 0.42352941 0.64313725
v -0.00796699 0.01372289 0.01096259 0.54117647 0.42352941 0.64313725
v -0.00579314 0.01369334 0.01092942 0.54117647 0.42352941 0.64313725
v -0.00362749 0.01366379 0.01089625 0.54117647 0.42352941 0.64313725
v -0.00238061 0.01362316 0.01085571 0.54117647 0.42352941 0.64313725
v 0.02633883 0.01127407 0.00622688 0.54117647 0.42352941 0.64313725
v 0.00071201 0.01314669 -0.01258327 0.54117647 0.42352941 0.64313725
v -0.00145364 0.01330182 -0.01274911 0.54117647 0.42352941 0.64313725
v -0.00362749 0.01328705 -0.01271963 0.54117647 0.42352941 0.64313725
v 0.02633883 0.00898037 -0.01283019 0.54117647 0.42352941 0.64313725
v -0.00145364 0.01221961 -0.01394686 0.54117647 0.42352941 0.64313725
v -0.00579314 0.01324272 -0.01266066 0.54117647 0.42352941 0.64313725
v -0.00796699 0.01319471 -0.01260169 0.54117647 0.42352941 0.64313725
v -0.01230649 0.01309868 -0.01248008 0.54117647 0.42352941 0.64313725
v -0.01663778 0.01300264 -0.01235109 0.54117647 0.42352941 0.64313725
v -0.02097728 0.01290661 -0.01221842 0.54117647 0.42352941 0.64313725
v -0.02314293 0.01285860 -0.01214839 0.54117647 0.42352941 0.64313725
v -0.02856525 0.01357884 -0.01088800 0.54117647 0.42352941 0.64313725
v -0.03833527 0.01404792 -0.00944701 0.54117647 0.42352941 0.64313725
v -0.04050912 0.01392234 -0.00925169 0.54117647 0.42352941 0.64313725
v -0.04194468 0.01374135 -0.00896792 0.54117647 0.42352941 0.64313725
v -0.04266657 0.01414764 -0.00765961 0.54117647 0.42352941 0.64313725
v -0.04253531 0.01521877 -0.00535625 0.54117647 0.42352941 0.64313725
v -0.03616962 0.01409963 -0.00952441 0.54117647 0.42352941 0.64313725
v -0.02965627 0.01425106 -0.00976027 0.54117647 0.42352941 0.64313725
v -0.04319157 0.01553642 -0.00329244 0.54117647 0.42352941 0.64313725
v -0.04844983 0.01371550 -0.00255905 0.54117647 0.42352941 0.64313725
v -0.04484862 0.01521877 -0.00112175 0.54117647 0.42352941 0.64313725
v -0.04365095 0.01571001 0.00104525 0.54117647 0.42352941 0.64313725
v -0.04701426 0.01442096 0.00321593 0.54117647 0.42352941 0.64313725
v -0.04484862 0.01520030 0.00321593 0.54117647 0.42352941 0.64313725
v -0.04308493 0.01551056 0.00538662 0.54117647 0.42352941 0.64313725
v -0.04484862 0.01487527 0.00538662 0.54117647 0.42352941 0.64313725
v -0.04836779 0.01372658 0.00474905 0.54117647 0.42352941 0.64313725
v -0.04708809 0.01402576 0.00543821 0.54117647 0.42352941 0.64313725
v -0.04785919 0.01347542 0.00619371 0.54117647 0.42352941 0.64313725
v -0.04641543 0.01377829 0.00685339 0.54117647 0.42352941 0.64313725
v -0.04480760 0.01407008 0.00756836 0.54117647 0.42352941 0.64313725
v -0.04406111 0.01370442 0.00887298 0.54117647 0.42352941 0.64313725
v -0.04267477 0.01337569 0.01043558 0.54117647 0.42352941 0.64313725
v -0.04630879 0.01158063 0.01111737 0.54117647 0.42352941 0.64313725
v -0.04484862 0.01187981 0.01157804 0.54117647 0.42352941 0.64313725
v -0.04374938 0.01140334 0.01297112 0.54117647 0.42352941 0.64313725
v -0.04229742 0.01164342 0.01321066 0.54117647 0.42352941 0.64313725
v -0.04050912 0.01188719 0.01343179 0.54117647 0.42352941 0.64313725
v -0.03833527 0.01200908 0.01352761 0.54117647 0.42352941 0.64313725
v -0.03616962 0.01307282 0.01231143 0.54117647 0.42352941 0.64313725
v -0.02097728 0.01286598 0.01223035 0.54117647 0.42352941 0.64313725
v -0.01880343 0.01283274 0.01221193 0.54117647 0.42352941 0.64313725
v -0.00362749 0.01151784 0.01309273 0.54117647 0.42352941 0.64313725
v -0.00214271 0.01146982 0.01304482 0.54117647 0.42352941 0.64313725
v -0.01663778 0.01279950 0.01218244 0.54117647 0.42352941 0.64313725
v -0.00069074 0.01135902 0.01292321 0.54117647 0.42352941 0.64313725
v 0.02633883 0.00931649 0.00871451 0.54117647 0.42352941 0.64313725
v 0.02633883 0.01006997 0.00779317 0.54117647 0.42352941 0.64313725
v 0.02633883 0.01026573 0.00755362 0.54117647 0.42352941 0.64313725
v 0.02633883 0.01109308 0.00646643 0.54117647 0.42352941 0.64313725
v -0.00362749 0.01220484 -0.01395054 0.54117647 0.42352941 0.64313725
v 0.02633883 0.00789447 -0.01365940 0.54117647 0.42352941 0.64313725
v -0.00145364 0.01117434 -0.01503036 0.54117647 0.42352941 0.64313725
v -0.00362749 0.01118173 -0.01503404 0.54117647 0.42352941 0.64313725
v -0.02097728 0.01182440 -0.01347513 0.54117647 0.42352941 0.64313725
v -0.02314293 0.01177269 -0.01341985 0.54117647 0.42352941 0.64313725
v -0.02531678 0.01171729 -0.01336088 0.54117647 0.42352941 0.64313725
v -0.02749063 0.01165819 -0.01330192 0.54117647 0.42352941 0.64313725
v -0.02965627 0.01159910 -0.01323926 0.54117647 0.42352941 0.64313725
v -0.03183012 0.01153631 -0.01318030 0.54117647 0.42352941 0.64313725
v -0.03833527 0.01226763 -0.01190884 0.54117647 0.42352941 0.64313725
v -0.02531678 0.01280319 -0.01207837 0.54117647 0.42352941 0.64313725
v -0.03183012 0.01350497 -0.01077006 0.54117647 0.42352941 0.64313725
v -0.03833527 0.01335353 -0.01053420 0.54117647 0.42352941 0.64313725
v -0.04050912 0.01322426 -0.01033519 0.54117647 0.42352941 0.64313725
v -0.04267477 0.01179116 -0.01135604 0.54117647 0.42352941 0.64313725
v -0.04266657 0.01291769 -0.00973447 0.54117647 0.42352941 0.64313725
v -0.04540644 0.01117065 -0.01047523 0.54117647 0.42352941 0.64313725
v -0.04338844 0.01340893 -0.00840037 0.54117647 0.42352941 0.64313725
v -0.04417596 0.01379306 -0.00695202 0.54117647 0.42352941 0.64313725
v -0.04487322 0.01412918 -0.00549261 0.54117647 0.42352941 0.64313725
v -0.04634981 0.01378198 -0.00478870 0.54117647 0.42352941 0.64313725
v -0.04917991 0.01298048 -0.00328507 0.54117647 0.42352941 0.64313725
v -0.04972132 0.01327597 -0.00112175 0.54117647 0.42352941 0.64313725
v -0.04863850 0.01380045 -0.00112175 0.54117647 0.42352941 0.64313725
v -0.04701426 0.01442096 -0.00112175 0.54117647 0.42352941 0.64313725
v -0.04779357 0.01342001 -0.00400740 0.54117647 0.42352941 0.64313725
v -0.04484862 0.01526679 0.00104525 0.54117647 0.42352941 0.64313725
v -0.04701426 0.01445421 0.00104525 0.54117647 0.42352941 0.64313725
v -0.04861389 0.01381153 0.00104525 0.54117647 0.42352941 0.64313725
v -0.04853186 0.01380414 0.00321593 0.54117647 0.42352941 0.64313725
v -0.04961468 0.01310976 0.00321593 0.54117647 0.42352941 0.64313725
v -0.05056625 0.01172468 0.00538662 0.54117647 0.42352941 0.64313725
v -0.04913069 0.01289923 0.00543821 0.54117647 0.42352941 0.64313725
v -0.04776076 0.01121127 0.01050929 0.54117647 0.42352941 0.64313725
v -0.04703067 0.01197584 0.00976115 0.54117647 0.42352941 0.64313725
v -0.04708809 0.01311345 0.00756836 0.54117647 0.42352941 0.64313725
v -0.04913889 0.01194629 0.00738409 0.54117647 0.42352941 0.64313725
v -0.04839240 0.01163603 0.00906462 0.54117647 0.42352941 0.64313725
v -0.04551308 0.01340524 0.00830175 0.54117647 0.42352941 0.64313725
v -0.04713731 0.01043563 0.01199449 0.54117647 0.42352941 0.64313725
v -0.04484862 0.01117803 0.01266154 0.54117647 0.42352941 0.64313725
v -0.04652207 0.00965999 0.01329911 0.54117647 0.42352941 0.64313725
v -0.04484862 0.01009213 0.01367871 0.54117647 0.42352941 0.64313725
v -0.04200211 0.00941252 0.01529659 0.54117647 0.42352941 0.64313725
v -0.04050912 0.01069418 0.01451897 0.54117647 0.42352941 0.64313725
v -0.03833527 0.01079021 0.01461111 0.54117647 0.42352941 0.64313725
v -0.03616962 0.01198692 0.01350549 0.54117647 0.42352941 0.64313725
v -0.02531678 0.01184287 0.01339125 0.54117647 0.42352941 0.64313725
v -0.03399577 0.01195737 0.01348338 0.54117647 0.42352941 0.64313725
v -0.02965627 0.01190197 0.01343547 0.54117647 0.42352941 0.64313725
v -0.02314293 0.01181332 0.01336545 0.54117647 0.42352941 0.64313725
v -0.01447214 0.01168405 0.01324752 0.54117647 0.42352941 0.64313725
v -0.01230649 0.01165081 0.01321804 0.54117647 0.42352941 0.64313725
v -0.02097728 0.01057599 0.01441947 0.54117647 0.42352941 0.64313725
v -0.01880343 0.01053166 0.01438998 0.54117647 0.42352941 0.64313725
v -0.02097728 0.00949008 0.01533344 0.54117647 0.42352941 0.64313725
v -0.01880343 0.00944945 0.01530027 0.54117647 0.42352941 0.64313725
v -0.00362749 0.01032482 0.01405093 0.54117647 0.42352941 0.64313725
v -0.00142903 0.01051320 0.01375242 0.54117647 0.42352941 0.64313725
v 0.00071201 0.01006628 0.01370082 0.54117647 0.42352941 0.64313725
v 0.02633883 0.00907641 0.00890246 0.54117647 0.42352941 0.64313725
v 0.02633883 0.00595536 -0.01465445 0.54117647 0.42352941 0.64313725
v 0.00010497 0.00720009 -0.01747376 0.54117647 0.42352941 0.64313725
v -0.00145364 0.01009213 -0.01578217 0.54117647 0.42352941 0.64313725
v -0.00362749 0.01009582 -0.01578586 0.54117647 0.42352941 0.64313725
v -0.00579314 0.01001826 -0.01575638 0.54117647 0.42352941 0.64313725
v -0.00796699 0.00994070 -0.01570847 0.54117647 0.42352941 0.64313725
v -0.02843400 0.00922784 -0.01522200 0.54117647 0.42352941 0.64313725
v -0.03399577 0.01032482 -0.01406110 0.54117647 0.42352941 0.64313725
v -0.03833527 0.01025834 -0.01387683 0.54117647 0.42352941 0.64313725
v -0.03616962 0.01052797 -0.01377733 0.54117647 0.42352941 0.64313725
v -0.03689971 0.01138857 -0.01303657 0.54117647 0.42352941 0.64313725
v -0.03545594 0.01143289 -0.01307711 0.54117647 0.42352941 0.64313725
v -0.03833527 0.01134055 -0.01299234 0.54117647 0.42352941 0.64313725
v -0.04050912 0.01214205 -0.01176143 0.54117647 0.42352941 0.64313725
v -0.04050912 0.01118911 -0.01284861 0.54117647 0.42352941 0.64313725
v -0.04267477 0.01081237 -0.01243954 0.54117647 0.42352941 0.64313725
v -0.04701426 0.00971170 -0.01141132 0.54117647 0.42352941 0.64313725
v -0.04396267 0.01149937 -0.01100593 0.54117647 0.42352941 0.64313725
v -0.04700606 0.01079760 -0.00977133 0.54117647 0.42352941 0.64313725
v -0.04828576 0.00938297 -0.01105752 0.54117647 0.42352941 0.64313725
v -0.04627598 0.01158802 -0.00903057 0.54117647 0.42352941 0.64313725
v -0.04487322 0.01305435 -0.00765961 0.54117647 0.42352941 0.64313725
v -0.04771974 0.01121127 -0.00833772 0.54117647 0.42352941 0.64313725
v -0.04561972 0.01341632 -0.00623705 0.54117647 0.42352941 0.64313725
v -0.04704707 0.01305805 -0.00549261 0.54117647 0.42352941 0.64313725
v -0.04839240 0.01159171 -0.00688936 0.54117647 0.42352941 0.64313725
v -0.05036117 0.01149937 -0.00453441 0.54117647 0.42352941 0.64313725
v -0.05068110 0.01186503 -0.00329244 0.54117647 0.42352941 0.64313725
v -0.04969671 0.01322426 0.00104525 0.54117647 0.42352941 0.64313725
v -0.05098462 0.01219006 -0.00112175 0.54117647 0.42352941 0.64313725
v -0.05096821 0.01213836 0.00104525 0.54117647 0.42352941 0.64313725
v -0.05085337 0.01202386 0.00321593 0.54117647 0.42352941 0.64313725
v -0.05193619 0.01084192 0.00321593 0.54117647 0.42352941 0.64313725
v -0.05291237 0.00975602 0.00321593 0.54117647 0.42352941 0.64313725
v -0.05266628 0.00950855 0.00487435 0.54117647 0.42352941 0.64313725
v -0.05177212 0.01026942 0.00551192 0.54117647 0.42352941 0.64313725
v -0.05032016 0.01145874 0.00654382 0.54117647 0.42352941 0.64313725
v -0.04923733 0.01037284 0.00979801 0.54117647 0.42352941 0.64313725
v -0.04863850 0.00976341 0.01142326 0.54117647 0.42352941 0.64313725
v -0.04796584 0.00907271 0.01286793 0.54117647 0.42352941 0.64313725
v -0.04983617 0.01098228 0.00799218 0.54117647 0.42352941 0.64313725
v -0.04715372 0.00827121 0.01372293 0.54117647 0.42352941 0.64313725
v -0.04496346 0.00824905 0.01479538 0.54117647 0.42352941 0.64313725
v -0.04345407 0.00903578 0.01503861 0.54117647 0.42352941 0.64313725
v -0.04270757 0.00824905 0.01573515 0.54117647 0.42352941 0.64313725
v -0.04050912 0.00677902 0.01717613 0.54117647 0.42352941 0.64313725
v -0.04050912 0.00815302 0.01640588 0.54117647 0.42352941 0.64313725
v -0.04050912 0.00960828 0.01546611 0.54117647 0.42352941 0.64313725
v -0.03833527 0.00970431 0.01554719 0.54117647 0.42352941 0.64313725
v -0.02965627 0.01068679 0.01452266 0.54117647 0.42352941 0.64313725
v -0.02531678 0.01063139 0.01447475 0.54117647 0.42352941 0.64313725
v -0.02314293 0.01060553 0.01444895 0.54117647 0.42352941 0.64313725
v -0.02314293 0.00951963 0.01535924 0.54117647 0.42352941 0.64313725
v -0.03833527 0.00815302 0.01656436 0.54117647 0.42352941 0.64313725
v -0.03833527 0.00692676 0.01725352 0.54117647 0.42352941 0.64313725
v -0.01447214 0.00934604 0.01522288 0.54117647 0.42352941 0.64313725
v -0.00362749 0.00898776 0.01502755 0.54117647 0.42352941 0.64313725
v -0.00145364 0.00891020 0.01497964 0.54117647 0.42352941 0.64313725
v -0.01096937 0.00925370 0.01516023 0.54117647 0.42352941 0.64313725
v -0.00951740 0.00920568 0.01513075 0.54117647 0.42352941 0.64313725
v -0.00796699 0.00914658 0.01510495 0.54117647 0.42352941 0.64313725
v 0.00071201 0.00862949 0.01478800 0.54117647 0.42352941 0.64313725
v 0.02633883 0.00790186 0.00975010 0.54117647 0.42352941 0.64313725
v 0.02633883 0.00389067 -0.01510775 0.54117647 0.42352941 0.64313725
v 0.02532163 0.00440777 -0.01518514 0.54117647 0.42352941 0.64313725
v 0.02386966 0.00500612 -0.01526991 0.54117647 0.42352941 0.64313725
v 0.00288586 0.00563402 -0.01777227 0.54117647 0.42352941 0.64313725
v 0.00078583 0.00615851 -0.01786072 0.54117647 0.42352941 0.64313725
v -0.00145364 0.00598491 -0.01806710 0.54117647 0.42352941 0.64313725
v -0.00145364 0.00726657 -0.01751061 0.54117647 0.42352941 0.64313725
v -0.00145364 0.00834878 -0.01686936 0.54117647 0.42352941 0.64313725
v -0.00362749 0.00834878 -0.01687304 0.54117647 0.42352941 0.64313725
v -0.00579314 0.00834508 -0.01684356 0.54117647 0.42352941 0.64313725
v -0.00796699 0.00722963 -0.01749956 0.54117647 0.42352941 0.64313725
v -0.00796699 0.00831554 -0.01679565 0.54117647 0.42352941 0.64313725
v -0.01013264 0.00825275 -0.01674037 0.54117647 0.42352941 0.64313725
v -0.03183012 0.00909118 -0.01513723 0.54117647 0.42352941 0.64313725
v -0.01013264 0.00716684 -0.01746270 0.54117647 0.42352941 0.64313725
v -0.01321704 0.00705604 -0.01738899 0.54117647 0.42352941 0.64313725
v -0.03399577 0.00899515 -0.01508564 0.54117647 0.42352941 0.64313725
v -0.03616962 0.00889173 -0.01502667 0.54117647 0.42352941 0.64313725
v -0.03833527 0.00876245 -0.01496402 0.54117647 0.42352941 0.64313725
v -0.04050912 0.01010691 -0.01374785 0.54117647 0.42352941 0.64313725
v -0.04267477 0.00972647 -0.01344196 0.54117647 0.42352941 0.64313725
v -0.04405291 0.00939036 -0.01317293 0.54117647 0.42352941 0.64313725
v -0.04549668 0.00894344 -0.01286336 0.54117647 0.42352941 0.64313725
v -0.04908148 0.00794618 -0.01134867 0.54117647 0.42352941 0.64313725
v -0.05028735 0.00708559 -0.01089905 0.54117647 0.42352941 0.64313725
v -0.04981976 0.00865165 -0.00980081 0.54117647 0.42352941 0.64313725
v -0.05020532 0.00916136 -0.00860675 0.54117647 0.42352941 0.64313725
v -0.04707989 0.00819365 -0.01252799 0.54117647 0.42352941 0.64313725
v -0.04784279 0.00673839 -0.01292601 0.54117647 0.42352941 0.64313725
v -0.05063188 0.00961566 -0.00715840 0.54117647 0.42352941 0.64313725
v -0.05122251 0.01018447 -0.00523463 0.54117647 0.42352941 0.64313725
v -0.05251042 0.00930541 -0.00448650 0.54117647 0.42352941 0.64313725
v -0.05176392 0.01067202 -0.00329244 0.54117647 0.42352941 0.64313725
v -0.05207564 0.01097119 -0.00112175 0.54117647 0.42352941 0.64313725
v -0.05205924 0.01098966 0.00104525 0.54117647 0.42352941 0.64313725
v -0.05302722 0.00990376 0.00104525 0.54117647 0.42352941 0.64313725
v -0.05399520 0.00841157 0.00321593 0.54117647 0.42352941 0.64313725
v -0.05464325 0.00712622 0.00442842 0.54117647 0.42352941 0.64313725
v -0.05355222 0.00814933 0.00537556 0.54117647 0.42352941 0.64313725
v -0.05304362 0.00778736 0.00755362 0.54117647 0.42352941 0.64313725
v -0.05238737 0.00916875 0.00631902 0.54117647 0.42352941 0.64313725
v -0.05141939 0.00821212 0.00981643 0.54117647 0.42352941 0.64313725
v -0.05057446 0.00953441 0.00908673 0.54117647 0.42352941 0.64313725
v -0.05270729 0.00737368 0.00909779 0.54117647 0.42352941 0.64313725
v -0.05008226 0.00904686 0.01053508 0.54117647 0.42352941 0.64313725
v -0.05225611 0.00679380 0.01054614 0.54117647 0.42352941 0.64313725
v -0.05269909 0.00534593 0.01105841 0.54117647 0.42352941 0.64313725
v -0.05132094 0.00593320 0.01187656 0.54117647 0.42352941 0.64313725
v -0.04990999 0.00652047 0.01269840 0.54117647 0.42352941 0.64313725
v -0.04846623 0.00762854 0.01324752 0.54117647 0.42352941 0.64313725
v -0.04789201 0.00467739 0.01504230 0.54117647 0.42352941 0.64313725
v -0.04711271 0.00609941 0.01476958 0.54117647 0.42352941 0.64313725
v -0.04576738 0.00690091 0.01507546 0.54117647 0.42352941 0.64313725
v -0.04432361 0.00759160 0.01541083 0.54117647 0.42352941 0.64313725
v -0.04202671 0.00530530 0.01752255 0.54117647 0.42352941 0.64313725
v -0.04050912 0.00569312 0.01770314 0.54117647 0.42352941 0.64313725
v -0.02531678 0.00954918 0.01538503 0.54117647 0.42352941 0.64313725
v -0.03833527 0.00584086 0.01776210 0.54117647 0.42352941 0.64313725
v -0.02965627 0.00552322 0.01761468 0.54117647 0.42352941 0.64313725
v -0.01880343 0.00621022 0.01691446 0.54117647 0.42352941 0.64313725
v -0.01880343 0.00815302 0.01597838 0.54117647 0.42352941 0.64313725
v -0.00362749 0.00790555 0.01555825 0.54117647 0.42352941 0.64313725
v -0.00145364 0.00782430 0.01551771 0.54117647 0.42352941 0.64313725
v 0.00071201 0.00754359 0.01539609 0.54117647 0.42352941 0.64313725
v -0.00796699 0.00806438 0.01563564 0.54117647 0.42352941 0.64313725
v 0.02633883 0.00655741 0.01057931 0.54117647 0.42352941 0.64313725
v 0.02633883 0.00345114 -0.01514460 0.54117647 0.42352941 0.64313725
v 0.00288586 0.00381311 -0.01821452 0.54117647 0.42352941 0.64313725
v 0.00071201 0.00381311 -0.01848355 0.54117647 0.42352941 0.64313725
v -0.00145364 0.00381311 -0.01855357 0.54117647 0.42352941 0.64313725
v -0.00579314 0.00598491 -0.01806710 0.54117647 0.42352941 0.64313725
v -0.00362749 0.00726657 -0.01751061 0.54117647 0.42352941 0.64313725
v -0.00579314 0.00725918 -0.01751061 0.54117647 0.42352941 0.64313725
v -0.00796699 0.00598491 -0.01805236 0.54117647 0.42352941 0.64313725
v -0.01013264 0.00598491 -0.01800445 0.54117647 0.42352941 0.64313725
v -0.01447214 0.00700063 -0.01735951 0.54117647 0.42352941 0.64313725
v -0.01241313 0.00619175 -0.01781650 0.54117647 0.42352941 0.64313725
v -0.01447214 0.00591473 -0.01785704 0.54117647 0.42352941 0.64313725
v -0.01663778 0.00581870 -0.01780913 0.54117647 0.42352941 0.64313725
v -0.01663778 0.00690091 -0.01730792 0.54117647 0.42352941 0.64313725
v -0.01880343 0.00679749 -0.01725264 0.54117647 0.42352941 0.64313725
v -0.03833527 0.00768025 -0.01553894 0.54117647 0.42352941 0.64313725
v -0.04050912 0.00746971 -0.01543575 0.54117647 0.42352941 0.64313725
v -0.04050912 0.00855562 -0.01483503 0.54117647 0.42352941 0.64313725
v -0.02097728 0.00667191 -0.01718630 0.54117647 0.42352941 0.64313725
v -0.04183804 0.00724441 -0.01532519 0.54117647 0.42352941 0.64313725
v -0.04260914 0.00804221 -0.01455126 0.54117647 0.42352941 0.64313725
v -0.04480760 0.00819365 -0.01358937 0.54117647 0.42352941 0.64313725
v -0.04639902 0.00749557 -0.01329823 0.54117647 0.42352941 0.64313725
v -0.04913889 0.00600338 -0.01237689 0.54117647 0.42352941 0.64313725
v -0.05220689 0.00669776 -0.00835614 0.54117647 0.42352941 0.64313725
v -0.05460223 0.00703018 -0.00432066 0.54117647 0.42352941 0.64313725
v -0.05268268 0.00737368 -0.00690779 0.54117647 0.42352941 0.64313725
v -0.05064829 0.00756575 -0.00980081 0.54117647 0.42352941 0.64313725
v -0.04983617 0.00431912 -0.01276754 0.54117647 0.42352941 0.64313725
v -0.05062368 0.00598491 -0.01121968 0.54117647 0.42352941 0.64313725
v -0.05261706 0.00301530 -0.01105752 0.54117647 0.42352941 0.64313725
v -0.05217408 0.00446317 -0.01050840 0.54117647 0.42352941 0.64313725
v -0.05266628 0.00525359 -0.00906374 0.54117647 0.42352941 0.64313725
v -0.05208384 0.00882155 -0.00593485 0.54117647 0.42352941 0.64313725
v -0.04412673 0.00526098 -0.01541364 0.54117647 0.42352941 0.64313725
v -0.04557050 0.00442993 -0.01503773 0.54117647 0.42352941 0.64313725
v -0.04691583 0.00375032 -0.01461022 0.54117647 0.42352941 0.64313725
v -0.04913889 0.00368383 -0.01345670 0.54117647 0.42352941 0.64313725
v -0.05035297 0.00287125 -0.01311765 0.54117647 0.42352941 0.64313725
v -0.05273190 0.00958612 -0.00329244 0.54117647 0.42352941 0.64313725
v -0.05396238 0.00804221 -0.00347302 0.54117647 0.42352941 0.64313725
v -0.05296159 0.00988529 -0.00112175 0.54117647 0.42352941 0.64313725
v -0.05411004 0.00854454 0.00104525 0.54117647 0.42352941 0.64313725
v -0.05475810 0.00732567 0.00321593 0.54117647 0.42352941 0.64313725
v -0.05528310 0.00598491 0.00321593 0.54117647 0.42352941 0.64313725
v -0.05602959 0.00381311 0.00321593 0.54117647 0.42352941 0.64313725
v -0.05485653 0.00594797 0.00524657 0.54117647 0.42352941 0.64313725
v -0.05471708 0.00519818 0.00691236 0.54117647 0.42352941 0.64313725
v -0.05442996 0.00664236 0.00587677 0.54117647 0.42352941 0.64313725
v -0.05418387 0.00594797 0.00760153 0.54117647 0.42352941 0.64313725
v -0.05315027 0.00603662 0.00978327 0.54117647 0.42352941 0.64313725
v -0.05454481 0.00446686 0.00835703 0.54117647 0.42352941 0.64313725
v -0.05410184 0.00377248 0.00956951 0.54117647 0.42352941 0.64313725
v -0.05294519 0.00381311 0.01137535 0.54117647 0.42352941 0.64313725
v -0.05034477 0.00072161 0.01523025 0.54117647 0.42352941 0.64313725
v -0.04990179 0.00216948 0.01488382 0.54117647 0.42352941 0.64313725
v -0.05038578 0.00507260 0.01306694 0.54117647 0.42352941 0.64313725
v -0.04845803 0.00322953 0.01537398 0.54117647 0.42352941 0.64313725
v -0.04711271 0.00389806 0.01577200 0.54117647 0.42352941 0.64313725
v -0.04644824 0.00545304 0.01539609 0.54117647 0.42352941 0.64313725
v -0.04347868 0.00459983 0.01718718 0.54117647 0.42352941 0.64313725
v -0.04272399 0.00385373 0.01781370 0.54117647 0.42352941 0.64313725
v -0.04050912 0.00381311 0.01840336 0.54117647 0.42352941 0.64313725
v -0.04415955 0.00315196 0.01750044 0.54117647 0.42352941 0.64313725
v -0.03833527 0.00381311 0.01849181 0.54117647 0.42352941 0.64313725
v -0.01318423 0.00491748 0.01732723 0.54117647 0.42352941 0.64313725
v -0.01447214 0.00605139 0.01683707 0.54117647 0.42352941 0.64313725
v -0.00145364 0.00598491 0.01638008 0.54117647 0.42352941 0.64313725
v 0.00071201 0.00598491 0.01616633 0.54117647 0.42352941 0.64313725
v 0.02633883 0.00634688 0.01068250 0.54117647 0.42352941 0.64313725
v 0.02633883 0.00240217 -0.01518514 0.54117647 0.42352941 0.64313725
v 0.02582203 0.00296359 -0.01524779 0.54117647 0.42352941 0.64313725
v 0.00288586 0.00164499 -0.01832508 0.54117647 0.42352941 0.64313725
v 0.02241769 0.00164499 -0.01577111 0.54117647 0.42352941 0.64313725
v 0.01078554 -0.00105129 -0.01743690 0.54117647 0.42352941 0.64313725
v 0.00288586 -0.00269123 -0.01853883 0.54117647 0.42352941 0.64313725
v 0.00071201 0.00164499 -0.01857568 0.54117647 0.42352941 0.64313725
v -0.00145364 0.00164499 -0.01864571 0.54117647 0.42352941 0.64313725
v -0.00579314 0.00381311 -0.01855357 0.54117647 0.42352941 0.64313725
v -0.00796699 0.00381311 -0.01854989 0.54117647 0.42352941 0.64313725
v -0.01013264 0.00381311 -0.01852041 0.54117647 0.42352941 0.64313725
v -0.01230649 0.00381311 -0.01844670 0.54117647 0.42352941 0.64313725
v -0.01880343 0.00571159 -0.01776122 0.54117647 0.42352941 0.64313725
v -0.02097728 0.00558970 -0.01770962 0.54117647 0.42352941 0.64313725
v -0.02749063 0.00625454 -0.01697992 0.54117647 0.42352941 0.64313725
v -0.02965627 0.00611418 -0.01690990 0.54117647 0.42352941 0.64313725
v -0.03179731 0.00579285 -0.01693201 0.54117647 0.42352941 0.64313725
v -0.03616962 0.00598491 -0.01654504 0.54117647 0.42352941 0.64313725
v -0.03833527 0.00598491 -0.01640131 0.54117647 0.42352941 0.64313725
v -0.04050912 0.00598491 -0.01622073 0.54117647 0.42352941 0.64313725
v -0.02314293 0.00653525 -0.01711996 0.54117647 0.42352941 0.64313725
v -0.02531678 0.00530899 -0.01759169 0.54117647 0.42352941 0.64313725
v -0.04260914 0.00598491 -0.01569372 0.54117647 0.42352941 0.64313725
v -0.04329001 0.00670884 -0.01503773 0.54117647 0.42352941 0.64313725
v -0.05303542 0.00376878 -0.00979344 0.54117647 0.42352941 0.64313725
v -0.05454481 0.00461830 -0.00636236 0.54117647 0.42352941 0.64313725
v -0.05477450 0.00558231 -0.00491769 0.54117647 0.42352941 0.64313725
v -0.05561123 0.00381311 -0.00329244 0.54117647 0.42352941 0.64313725
v -0.05692373 0.00105403 -0.00051735 0.54117647 0.42352941 0.64313725
v -0.05499599 0.00617697 -0.00347302 0.54117647 0.42352941 0.64313725
v -0.05472528 0.00724810 -0.00287231 0.54117647 0.42352941 0.64313725
v -0.05126353 0.00366906 -0.01191253 0.54117647 0.42352941 0.64313725
v -0.05283854 0.00164499 -0.01135972 0.54117647 0.42352941 0.64313725
v -0.05378191 0.00164499 -0.00980081 0.54117647 0.42352941 0.64313725
v -0.05177212 0.00164499 -0.01244691 0.54117647 0.42352941 0.64313725
v -0.04484862 0.00375032 -0.01566424 0.54117647 0.42352941 0.64313725
v -0.04267477 0.00381311 -0.01656716 0.54117647 0.42352941 0.64313725
v -0.04612831 0.00298206 -0.01532519 0.54117647 0.42352941 0.64313725
v -0.04918811 0.00164499 -0.01421957 0.54117647 0.42352941 0.64313725
v -0.05068931 0.00164499 -0.01336825 0.54117647 0.42352941 0.64313725
v -0.05404441 0.00845958 -0.00112175 0.54117647 0.42352941 0.64313725
v -0.05479911 0.00737368 -0.00112175 0.54117647 0.42352941 0.64313725
v -0.05483192 0.00745863 0.00104525 0.54117647 0.42352941 0.64313725
v -0.05544716 0.00598491 0.00104525 0.54117647 0.42352941 0.64313725
v -0.05623467 0.00381311 0.00104525 0.54117647 0.42352941 0.64313725
v -0.05670225 0.00246496 0.00104525 0.54117647 0.42352941 0.64313725
v -0.05659561 0.00210669 0.00321593 0.54117647 0.42352941 0.64313725
v -0.05553740 0.00381311 0.00538662 0.54117647 0.42352941 0.64313725
v -0.05678428 0.00057756 0.00431049 0.54117647 0.42352941 0.64313725
v -0.05465965 0.00301899 0.00874399 0.54117647 0.42352941 0.64313725
v -0.05423309 0.00164499 0.01003756 0.54117647 0.42352941 0.64313725
v -0.05314206 0.00164499 0.01168123 0.54117647 0.42352941 0.64313725
v -0.05224791 0.00164499 0.01276842 0.54117647 0.42352941 0.64313725
v -0.05238737 0.00024145 0.01291215 0.54117647 0.42352941 0.64313725
v -0.05169009 -0.00049726 0.01389983 0.54117647 0.42352941 0.64313725
v -0.05045141 -0.00052681 0.01532607 0.54117647 0.42352941 0.64313725
v -0.04918811 -0.00052681 0.01617002 0.54117647 0.42352941 0.64313725
v -0.04917991 0.00152680 0.01565775 0.54117647 0.42352941 0.64313725
v -0.04691583 0.00156004 0.01681496 0.54117647 0.42352941 0.64313725
v -0.04486502 0.00385373 0.01685918 0.54117647 0.42352941 0.64313725
v -0.04267477 0.00164499 0.01830754 0.54117647 0.42352941 0.64313725
v -0.04612831 0.00078071 0.01737882 0.54117647 0.42352941 0.64313725
v -0.04050912 0.00164499 0.01872767 0.54117647 0.42352941 0.64313725
v -0.03833527 0.00164499 0.01877558 0.54117647 0.42352941 0.64313725
v -0.00362749 0.00322953 0.01746359 0.54117647 0.42352941 0.64313725
v -0.01013264 0.00364320 0.01757415 0.54117647 0.42352941 0.64313725
v -0.01239673 0.00399409 0.01755572 0.54117647 0.42352941 0.64313725
v -0.01174047 0.00483252 0.01730143 0.54117647 0.42352941 0.64313725
v -0.00362749 0.00431173 0.01713927 0.54117647 0.42352941 0.64313725
v -0.00137981 0.00376878 0.01711716 0.54117647 0.42352941 0.64313725
v -0.00579314 0.00444840 0.01718350 0.54117647 0.42352941 0.64313725
v 0.00071201 0.00381311 0.01682233 0.54117647 0.42352941 0.64313725
v 0.02633883 0.00547151 0.01106578 0.54117647 0.42352941 0.64313725
v 0.02633883 0.00164499 -0.01520725 0.54117647 0.42352941 0.64313725
v 0.02593687 0.00164499 -0.01526991 0.54117647 0.42352941 0.64313725
v 0.02458334 0.00164499 -0.01547260 0.54117647 0.42352941 0.64313725
v 0.00505971 -0.00269123 -0.01826243 0.54117647 0.42352941 0.64313725
v 0.01590435 -0.00052681 -0.01672563 0.54117647 0.42352941 0.64313725
v 0.00722535 -0.00269123 -0.01797497 0.54117647 0.42352941 0.64313725
v 0.01373870 -0.00052681 -0.01702046 0.54117647 0.42352941 0.64313725
v 0.00288586 -0.00486303 -0.01843564 0.54117647 0.42352941 0.64313725
v 0.00071201 -0.00486303 -0.01870836 0.54117647 0.42352941 0.64313725
v 0.00071201 -0.00269123 -0.01875627 0.54117647 0.42352941 0.64313725
v -0.00145364 -0.00269123 -0.01882629 0.54117647 0.42352941 0.64313725
v -0.00362749 0.00164499 -0.01864571 0.54117647 0.42352941 0.64313725
v -0.00796699 0.00164499 -0.01863834 0.54117647 0.42352941 0.64313725
v -0.00796699 -0.00269123 -0.01880049 0.54117647 0.42352941 0.64313725
v -0.01013264 -0.00269123 -0.01875258 0.54117647 0.42352941 0.64313725
v -0.01013264 -0.00486303 -0.01882629 0.54117647 0.42352941 0.64313725
v -0.01447214 0.00164499 -0.01842827 0.54117647 0.42352941 0.64313725
v -0.01663778 0.00381311 -0.01826243 0.54117647 0.42352941 0.64313725
v -0.03105082 0.00493964 -0.01741479 0.54117647 0.42352941 0.64313725
v -0.04050912 0.00381311 -0.01703520 0.54117647 0.42352941 0.64313725
v -0.02749063 0.00516864 -0.01752535 0.54117647 0.42352941 0.64313725
v -0.02965627 0.00502828 -0.01745902 0.54117647 0.42352941 0.64313725
v -0.05419208 0.00386112 -0.00758590 0.54117647 0.42352941 0.64313725
v -0.05447098 0.00164499 -0.00829349 0.54117647 0.42352941 0.64313725
v -0.05470067 0.00317043 -0.00683408 0.54117647 0.42352941 0.64313725
v -0.05493856 0.00386112 -0.00557000 0.54117647 0.42352941 0.64313725
v -0.05603779 0.00164499 -0.00329244 0.54117647 0.42352941 0.64313725
v -0.05705499 -0.00052681 -0.00086378 0.54117647 0.42352941 0.64313725
v -0.05746515 -0.00052681 0.00104525 0.54117647 0.42352941 0.64313725
v -0.05703859 0.00137906 0.00104525 0.54117647 0.42352941 0.64313725
v -0.05606240 0.00381311 -0.00112175 0.54117647 0.42352941 0.64313725
v -0.05536513 0.00598491 -0.00112175 0.54117647 0.42352941 0.64313725
v -0.05203463 -0.00052681 -0.01257958 0.54117647 0.42352941 0.64313725
v -0.05289597 -0.00052681 -0.01149608 0.54117647 0.42352941 0.64313725
v -0.05389675 -0.00052681 -0.00980081 0.54117647 0.42352941 0.64313725
v -0.05452840 -0.00052681 -0.00847776 0.54117647 0.42352941 0.64313725
v -0.05095180 -0.00052681 -0.01362254 0.54117647 0.42352941 0.64313725
v -0.04484862 0.00164499 -0.01626496 0.54117647 0.42352941 0.64313725
v -0.04267477 0.00164499 -0.01700572 0.54117647 0.42352941 0.64313725
v -0.04655489 0.00164499 -0.01550208 0.54117647 0.42352941 0.64313725
v -0.04801505 0.00035595 -0.01518883 0.54117647 0.42352941 0.64313725
v -0.04763771 0.00164499 -0.01499350 0.54117647 0.42352941 0.64313725
v -0.04908148 -0.00043078 -0.01479081 0.54117647 0.42352941 0.64313725
v -0.05694015 0.00102079 0.00321593 0.54117647 0.42352941 0.64313725
v -0.05726007 -0.00052681 0.00321593 0.54117647 0.42352941 0.64313725
v -0.05685812 -0.00052681 0.00447264 0.54117647 0.42352941 0.64313725
v -0.05532412 0.00164499 0.00755362 0.54117647 0.42352941 0.64313725
v -0.05474168 0.00164499 0.00895406 0.54117647 0.42352941 0.64313725
v -0.05452020 -0.00232926 0.01060511 0.54117647 0.42352941 0.64313725
v -0.05251042 -0.00120273 0.01306325 0.54117647 0.42352941 0.64313725
v -0.05461043 -0.00377343 0.01081149 0.54117647 0.42352941 0.64313725
v -0.05317488 -0.00049726 0.01207188 0.54117647 0.42352941 0.64313725
v -0.05044320 -0.00205963 0.01530396 0.54117647 0.42352941 0.64313725
v -0.05257604 -0.00269123 0.01311484 0.54117647 0.42352941 0.64313725
v -0.04932757 -0.00274663 0.01583097 0.54117647 0.42352941 0.64313725
v -0.04723575 -0.00269123 0.01696975 0.54117647 0.42352941 0.64313725
v -0.04734239 -0.00052681 0.01707662 0.54117647 0.42352941 0.64313725
v -0.04267477 -0.00052681 0.01837387 0.54117647 0.42352941 0.64313725
v -0.04625957 -0.00052681 0.01741199 0.54117647 0.42352941 0.64313725
v -0.04484862 -0.00052681 0.01779527 0.54117647 0.42352941 0.64313725
v -0.04267477 -0.00269123 0.01839230 0.54117647 0.42352941 0.64313725
v -0.04050912 -0.00269123 0.01874241 0.54117647 0.42352941 0.64313725
v -0.03833527 -0.00052681 0.01877189 0.54117647 0.42352941 0.64313725
v -0.03399577 -0.00269123 0.01862448 0.54117647 0.42352941 0.64313725
v -0.02965627 -0.00052681 0.01848075 0.54117647 0.42352941 0.64313725
v -0.02314293 0.00164499 0.01826331 0.54117647 0.42352941 0.64313725
v -0.04050912 -0.00486303 0.01874978 0.54117647 0.42352941 0.64313725
v -0.01230649 0.00164499 0.01789478 0.54117647 0.42352941 0.64313725
v -0.01013264 0.00164499 0.01781370 0.54117647 0.42352941 0.64313725
v -0.00362749 0.00164499 0.01753361 0.54117647 0.42352941 0.64313725
v -0.00205248 0.00301899 0.01740462 0.54117647 0.42352941 0.64313725
v -0.01880343 0.00164499 0.01811590 0.54117647 0.42352941 0.64313725
v 0.00071201 0.00164499 0.01700291 0.54117647 0.42352941 0.64313725
v 0.02458334 0.00381311 0.01171072 0.54117647 0.42352941 0.64313725
v 0.02633883 0.00509477 0.01115791 0.54117647 0.42352941 0.64313725
v 0.02633883 -0.00013160 -0.01514092 0.54117647 0.42352941 0.64313725
v 0.02587125 0.00031901 -0.01526253 0.54117647 0.42352941 0.64313725
v 0.00939920 -0.00269123 -0.01765434 0.54117647 0.42352941 0.64313725
v 0.01057226 -0.00384361 -0.01741479 0.54117647 0.42352941 0.64313725
v 0.00505971 -0.00486303 -0.01810027 0.54117647 0.42352941 0.64313725
v 0.00071201 -0.00703114 -0.01819609 0.54117647 0.42352941 0.64313725
v -0.00145364 -0.00486303 -0.01881523 0.54117647 0.42352941 0.64313725
v -0.00362749 -0.00269123 -0.01881892 0.54117647 0.42352941 0.64313725
v -0.00796699 -0.00486303 -0.01887420 0.54117647 0.42352941 0.64313725
v -0.00579314 -0.00269123 -0.01881155 0.54117647 0.42352941 0.64313725
v -0.01013264 -0.00703114 -0.01833245 0.54117647 0.42352941 0.64313725
v -0.01230649 -0.00703114 -0.01827717 0.54117647 0.42352941 0.64313725
v -0.01447214 -0.00703114 -0.01822189 0.54117647 0.42352941 0.64313725
v -0.01663778 -0.00703114 -0.01815924 0.54117647 0.42352941 0.64313725
v -0.01880343 -0.00703114 -0.01808553 0.54117647 0.42352941 0.64313725
v -0.03833527 -0.00645495 -0.01753272 0.54117647 0.42352941 0.64313725
v -0.04050912 -0.00619640 -0.01746639 0.54117647 0.42352941 0.64313725
v -0.01230649 -0.00486303 -0.01873416 0.54117647 0.42352941 0.64313725
v -0.02314293 -0.00269123 -0.01820346 0.54117647 0.42352941 0.64313725
v -0.02749063 -0.00269123 -0.01801919 0.54117647 0.42352941 0.64313725
v -0.01663778 0.00164499 -0.01833614 0.54117647 0.42352941 0.64313725
v -0.02965627 -0.00269123 -0.01792706 0.54117647 0.42352941 0.64313725
v -0.02965627 -0.00052681 -0.01785335 0.54117647 0.42352941 0.64313725
v -0.02749063 0.00164499 -0.01787178 0.54117647 0.42352941 0.64313725
v -0.03616962 0.00164499 -0.01749956 0.54117647 0.42352941 0.64313725
v -0.03788409 0.00164499 -0.01742585 0.54117647 0.42352941 0.64313725
v -0.03738370 0.00276414 -0.01740374 0.54117647 0.42352941 0.64313725
v -0.01880343 0.00381311 -0.01816661 0.54117647 0.42352941 0.64313725
v -0.03249458 0.00470694 -0.01737057 0.54117647 0.42352941 0.64313725
v -0.02097728 0.00381311 -0.01806710 0.54117647 0.42352941 0.64313725
v -0.02314293 0.00381311 -0.01796391 0.54117647 0.42352941 0.64313725
v -0.04050912 0.00164499 -0.01730792 0.54117647 0.42352941 0.64313725
v -0.05490575 -0.00052681 -0.00739058 0.54117647 0.42352941 0.64313725
v -0.05556201 -0.00052681 -0.00546313 0.54117647 0.42352941 0.64313725
v -0.05483192 0.00164499 -0.00720631 0.54117647 0.42352941 0.64313725
v -0.05538153 0.00164499 -0.00546313 0.54117647 0.42352941 0.64313725
v -0.05671045 -0.00269123 -0.00183303 0.54117647 0.42352941 0.64313725
v -0.05698116 -0.00269123 -0.00074953 0.54117647 0.42352941 0.64313725
v -0.05627569 -0.00052681 -0.00329244 0.54117647 0.42352941 0.64313725
v -0.05626748 -0.00269123 -0.00329244 0.54117647 0.42352941 0.64313725
v -0.05730929 -0.00269123 0.00104525 0.54117647 0.42352941 0.64313725
v -0.05080415 -0.00269123 -0.01354884 0.54117647 0.42352941 0.64313725
v -0.05188697 -0.00269123 -0.01238426 0.54117647 0.42352941 0.64313725
v -0.05275651 -0.00269123 -0.01129707 0.54117647 0.42352941 0.64313725
v -0.05348659 -0.00486303 -0.00980081 0.54117647 0.42352941 0.64313725
v -0.05443817 -0.00486303 -0.00828244 0.54117647 0.42352941 0.64313725
v -0.05449559 -0.00269123 -0.00838563 0.54117647 0.42352941 0.64313725
v -0.05551279 -0.00269123 -0.00546313 0.54117647 0.42352941 0.64313725
v -0.04828576 -0.00108823 -0.01532519 0.54117647 0.42352941 0.64313725
v -0.04936039 -0.00269123 -0.01463602 0.54117647 0.42352941 0.64313725
v -0.04484862 -0.00052681 -0.01665929 0.54117647 0.42352941 0.64313725
v -0.04717833 -0.00043078 -0.01569004 0.54117647 0.42352941 0.64313725
v -0.04267477 -0.00052681 -0.01720104 0.54117647 0.42352941 0.64313725
v -0.04484862 -0.00269123 -0.01691727 0.54117647 0.42352941 0.64313725
v -0.05709601 -0.00273555 0.00326384 0.54117647 0.42352941 0.64313725
v -0.05687452 -0.00204116 0.00451687 0.54117647 0.42352941 0.64313725
v -0.05487294 -0.00052681 0.00926363 0.54117647 0.42352941 0.64313725
v -0.05461043 -0.00377713 0.01081149 0.54117647 0.42352941 0.64313725
v -0.05014789 -0.00350381 0.01505704 0.54117647 0.42352941 0.64313725
v -0.04836779 -0.00651404 0.01532975 0.54117647 0.42352941 0.64313725
v -0.04874514 -0.00486303 0.01558404 0.54117647 0.42352941 0.64313725
v -0.05255143 -0.00405414 0.01307431 0.54117647 0.42352941 0.64313725
v -0.04682559 -0.00469313 0.01669703 0.54117647 0.42352941 0.64313725
v -0.04598066 -0.00385839 0.01734197 0.54117647 0.42352941 0.64313725
v -0.04614473 -0.00269123 0.01738619 0.54117647 0.42352941 0.64313725
v -0.04484862 -0.00269123 0.01777684 0.54117647 0.42352941 0.64313725
v -0.04267477 -0.00486303 0.01833702 0.54117647 0.42352941 0.64313725
v -0.03833527 -0.00486303 0.01876452 0.54117647 0.42352941 0.64313725
v -0.03183012 -0.00269123 0.01855077 0.54117647 0.42352941 0.64313725
v -0.02314293 -0.00052681 0.01825963 0.54117647 0.42352941 0.64313725
v -0.04050912 -0.00703114 0.01843652 0.54117647 0.42352941 0.64313725
v -0.02097728 -0.00052681 0.01818592 0.54117647 0.42352941 0.64313725
v -0.03616962 -0.00486303 0.01867976 0.54117647 0.42352941 0.64313725
v -0.01663778 -0.00052681 0.01800902 0.54117647 0.42352941 0.64313725
v -0.00375054 -0.00051204 0.01737882 0.54117647 0.42352941 0.64313725
v -0.00311890 -0.00122858 0.01729037 0.54117647 0.42352941 0.64313725
v -0.00216732 0.00021929 0.01734565 0.54117647 0.42352941 0.64313725
v -0.00189662 0.00164499 0.01740093 0.54117647 0.42352941 0.64313725
v -0.03183012 -0.00486303 0.01849181 0.54117647 0.42352941 0.64313725
v -0.02097728 -0.00269123 0.01810853 0.54117647 0.42352941 0.64313725
v -0.01230649 -0.00052681 0.01782107 0.54117647 0.42352941 0.64313725
v -0.01013264 -0.00052681 0.01771419 0.54117647 0.42352941 0.64313725
v -0.00796699 -0.00052681 0.01760363 0.54117647 0.42352941 0.64313725
v -0.00080559 0.00164499 0.01727195 0.54117647 0.42352941 0.64313725
v 0.00071201 -0.00052681 0.01701766 0.54117647 0.42352941 0.64313725
v 0.00288586 -0.00269123 0.01663438 0.54117647 0.42352941 0.64313725
v 0.00505971 -0.00269123 0.01620319 0.54117647 0.42352941 0.64313725
v 0.00898084 -0.00052681 0.01530027 0.54117647 0.42352941 0.64313725
v 0.01590435 0.00164499 0.01371556 0.54117647 0.42352941 0.64313725
v 0.02633883 0.00381311 0.01132007 0.54117647 0.42352941 0.64313725
v 0.02633883 -0.00224800 -0.01494559 0.54117647 0.42352941 0.64313725
v 0.02633883 -0.00269123 -0.01489768 0.54117647 0.42352941 0.64313725
v 0.02633883 -0.00444566 -0.01466919 0.54117647 0.42352941 0.64313725
v 0.02633883 -0.00486303 -0.01459917 0.54117647 0.42352941 0.64313725
v 0.00939920 -0.00426837 -0.01752167 0.54117647 0.42352941 0.64313725
v 0.00732379 -0.00499600 -0.01769857 0.54117647 0.42352941 0.64313725
v 0.00811130 -0.00580858 -0.01735951 0.54117647 0.42352941 0.64313725
v 0.00665933 -0.00617424 -0.01749219 0.54117647 0.42352941 0.64313725
v 0.00071201 -0.00849378 -0.01758801 0.54117647 0.42352941 0.64313725
v -0.00145364 -0.00703114 -0.01829560 0.54117647 0.42352941 0.64313725
v 0.02633883 -0.00703114 -0.01398002 0.54117647 0.42352941 0.64313725
v -0.00796699 -0.00703114 -0.01833245 0.54117647 0.42352941 0.64313725
v -0.00145364 -0.00972004 -0.01716050 0.54117647 0.42352941 0.64313725
v -0.01663778 -0.00839037 -0.01756589 0.54117647 0.42352941 0.64313725
v -0.01880343 -0.00835343 -0.01753641 0.54117647 0.42352941 0.64313725
v -0.02097728 -0.00830172 -0.01750324 0.54117647 0.42352941 0.64313725
v -0.02531678 -0.00818722 -0.01743322 0.54117647 0.42352941 0.64313725
v -0.02679335 -0.00814290 -0.01741111 0.54117647 0.42352941 0.64313725
v -0.02824532 -0.00808750 -0.01738531 0.54117647 0.42352941 0.64313725
v -0.02965627 -0.00802470 -0.01736320 0.54117647 0.42352941 0.64313725
v -0.03183012 -0.00792129 -0.01733003 0.54117647 0.42352941 0.64313725
v -0.03399577 -0.00780679 -0.01729686 0.54117647 0.42352941 0.64313725
v -0.03616962 -0.00768121 -0.01726001 0.54117647 0.42352941 0.64313725
v -0.03833527 -0.00754085 -0.01722684 0.54117647 0.42352941 0.64313725
v -0.03399577 -0.00672088 -0.01762486 0.54117647 0.42352941 0.64313725
v -0.03616962 -0.00659530 -0.01757695 0.54117647 0.42352941 0.64313725
v -0.04165757 -0.00599326 -0.01741479 0.54117647 0.42352941 0.64313725
v -0.03833527 -0.00486303 -0.01762854 0.54117647 0.42352941 0.64313725
v -0.03616962 -0.00486303 -0.01772068 0.54117647 0.42352941 0.64313725
v -0.03833527 -0.00269123 -0.01755484 0.54117647 0.42352941 0.64313725
v -0.03940989 0.00054432 -0.01739637 0.54117647 0.42352941 0.64313725
v -0.03896692 0.00164499 -0.01737794 0.54117647 0.42352941 0.64313725
v -0.04055834 -0.00277248 -0.01744428 0.54117647 0.42352941 0.64313725
v -0.04132124 -0.00210026 -0.01738162 0.54117647 0.42352941 0.64313725
v -0.04251890 -0.00277248 -0.01732266 0.54117647 0.42352941 0.64313725
v -0.05543896 -0.00486303 -0.00546313 0.54117647 0.42352941 0.64313725
v -0.05475810 -0.00703114 -0.00696676 0.54117647 0.42352941 0.64313725
v -0.05603779 -0.00486303 -0.00329244 0.54117647 0.42352941 0.64313725
v -0.05683350 -0.00389532 -0.00036257 0.54117647 0.42352941 0.64313725
v -0.05484013 -0.00486303 -0.00719894 0.54117647 0.42352941 0.64313725
v -0.05689093 -0.00405045 0.00104525 0.54117647 0.42352941 0.64313725
v -0.05687452 -0.00402090 0.00257468 0.54117647 0.42352941 0.64313725
v -0.05055805 -0.00486303 -0.01332771 0.54117647 0.42352941 0.64313725
v -0.05037758 -0.00641432 -0.01316187 0.54117647 0.42352941 0.64313725
v -0.05164087 -0.00486303 -0.01213365 0.54117647 0.42352941 0.64313725
v -0.05257604 -0.00486303 -0.01105015 0.54117647 0.42352941 0.64313725
v -0.05308464 -0.00685016 -0.00991506 0.54117647 0.42352941 0.64313725
v -0.05432332 -0.00703114 -0.00805026 0.54117647 0.42352941 0.64313725
v -0.04701426 -0.00269123 -0.01601066 0.54117647 0.42352941 0.64313725
v -0.04827756 -0.00269123 -0.01532519 0.54117647 0.42352941 0.64313725
v -0.04815451 -0.00396181 -0.01525885 0.54117647 0.42352941 0.64313725
v -0.04899944 -0.00475592 -0.01451809 0.54117647 0.42352941 0.64313725
v -0.04484862 -0.00486303 -0.01672194 0.54117647 0.42352941 0.64313725
v -0.05672687 -0.00348534 0.00402303 0.54117647 0.42352941 0.64313725
v -0.05543076 -0.00486303 0.00755362 0.54117647 0.42352941 0.64313725
v -0.05482371 -0.00464511 0.00965428 0.54117647 0.42352941 0.64313725
v -0.05442176 -0.00522500 0.01033239 0.54117647 0.42352941 0.64313725
v -0.05348659 -0.00463772 0.01180654 0.54117647 0.42352941 0.64313725
v -0.04983617 -0.00486303 0.01482486 0.54117647 0.42352941 0.64313725
v -0.04801505 -0.00796191 0.01509757 0.54117647 0.42352941 0.64313725
v -0.05145220 -0.00481132 0.01364554 0.54117647 0.42352941 0.64313725
v -0.04662051 -0.00920295 0.01554719 0.54117647 0.42352941 0.64313725
v -0.04718654 -0.00715672 0.01580885 0.54117647 0.42352941 0.64313725
v -0.05223971 -0.00550201 0.01280159 0.54117647 0.42352941 0.64313725
v -0.04484862 -0.00720843 0.01699186 0.54117647 0.42352941 0.64313725
v -0.04557871 -0.00530626 0.01715033 0.54117647 0.42352941 0.64313725
v -0.04412673 -0.00660638 0.01749675 0.54117647 0.42352941 0.64313725
v -0.04286344 -0.00720843 0.01785055 0.54117647 0.42352941 0.64313725
v -0.04484862 -0.00469313 0.01759626 0.54117647 0.42352941 0.64313725
v -0.03833527 -0.00703114 0.01844758 0.54117647 0.42352941 0.64313725
v -0.04226461 -0.00852703 0.01756678 0.54117647 0.42352941 0.64313725
v -0.04050912 -0.00882990 0.01771788 0.54117647 0.42352941 0.64313725
v -0.03833527 -0.00888530 0.01772525 0.54117647 0.42352941 0.64313725
v -0.03616962 -0.00703114 0.01835545 0.54117647 0.42352941 0.64313725
v -0.00362749 -0.00486303 0.01702871 0.54117647 0.42352941 0.64313725
v -0.00145364 -0.00269123 0.01706557 0.54117647 0.42352941 0.64313725
v -0.00144544 -0.00051204 0.01723878 0.54117647 0.42352941 0.64313725
v -0.02965627 -0.00486303 0.01839599 0.54117647 0.42352941 0.64313725
v -0.01880343 -0.00269123 0.01800165 0.54117647 0.42352941 0.64313725
v -0.02749063 -0.00486303 0.01828911 0.54117647 0.42352941 0.64313725
v -0.02314293 -0.00486303 0.01806062 0.54117647 0.42352941 0.64313725
v -0.02097728 -0.00486303 0.01794637 0.54117647 0.42352941 0.64313725
v 0.00071201 -0.00269123 0.01689972 0.54117647 0.42352941 0.64313725
v 0.00288586 -0.00486303 0.01645379 0.54117647 0.42352941 0.64313725
v 0.00505971 -0.00486303 0.01605209 0.54117647 0.42352941 0.64313725
v 0.00722535 -0.00269123 0.01569092 0.54117647 0.42352941 0.64313725
v 0.01373870 -0.00052681 0.01420571 0.54117647 0.42352941 0.64313725
v 0.01805359 0.00164499 0.01322909 0.54117647 0.42352941 0.64313725
v 0.01006366 -0.00052681 0.01505704 0.54117647 0.42352941 0.64313725
v 0.02633883 0.00339204 0.01131270 0.54117647 0.42352941 0.64313725
v 0.02241769 0.00164499 0.01220456 0.54117647 0.42352941 0.64313725
v 0.02633883 -0.00661008 -0.01410901 0.54117647 0.42352941 0.64313725
v 0.00071201 -0.00957599 -0.01704994 0.54117647 0.42352941 0.64313725
v 0.02633883 -0.00818722 -0.01345302 0.54117647 0.42352941 0.64313725
v 0.02633883 -0.00846793 -0.01331666 0.54117647 0.42352941 0.64313725
v -0.00145364 -0.01137106 -0.01621336 0.54117647 0.42352941 0.64313725
v -0.03616962 -0.01210238 -0.01502667 0.54117647 0.42352941 0.64313725
v -0.03833527 -0.01204697 -0.01500456 0.54117647 0.42352941 0.64313725
v -0.03833527 -0.01096477 -0.01557948 0.54117647 0.42352941 0.64313725
v -0.03616962 -0.00920295 -0.01656347 0.54117647 0.42352941 0.64313725
v -0.03833527 -0.00920295 -0.01649345 0.54117647 0.42352941 0.64313725
v -0.04050912 -0.00728230 -0.01707205 0.54117647 0.42352941 0.64313725
v -0.04171500 -0.00486303 -0.01741479 0.54117647 0.42352941 0.64313725
v -0.04050912 -0.00486303 -0.01750693 0.54117647 0.42352941 0.64313725
v -0.04050912 -0.00920295 -0.01619125 0.54117647 0.42352941 0.64313725
v -0.04174780 -0.01038488 -0.01527728 0.54117647 0.42352941 0.64313725
v -0.04250250 -0.00684277 -0.01676248 0.54117647 0.42352941 0.64313725
v -0.04496346 -0.00717519 -0.01581534 0.54117647 0.42352941 0.64313725
v -0.04169038 -0.00354813 -0.01740374 0.54117647 0.42352941 0.64313725
v -0.05466786 -0.00822785 -0.00670878 0.54117647 0.42352941 0.64313725
v -0.05473348 -0.00837928 -0.00546313 0.54117647 0.42352941 0.64313725
v -0.05542255 -0.00703114 -0.00329244 0.54117647 0.42352941 0.64313725
v -0.05462684 -0.01031840 0.00434734 0.54117647 0.42352941 0.64313725
v -0.05557841 -0.00703114 -0.00112175 0.54117647 0.42352941 0.64313725
v -0.05572607 -0.00703114 0.00104525 0.54117647 0.42352941 0.64313725
v -0.05458583 -0.01021128 0.00264101 0.54117647 0.42352941 0.64313725
v -0.05462684 -0.01031840 0.00408568 0.54117647 0.42352941 0.64313725
v -0.05019711 -0.00786219 -0.01298866 0.54117647 0.42352941 0.64313725
v -0.05133736 -0.00693511 -0.01194570 0.54117647 0.42352941 0.64313725
v -0.05245299 -0.00600434 -0.01090274 0.54117647 0.42352941 0.64313725
v -0.05228893 -0.00745221 -0.01071110 0.54117647 0.42352941 0.64313725
v -0.05292057 -0.00883359 -0.00926275 0.54117647 0.42352941 0.64313725
v -0.04712911 -0.00475592 -0.01571952 0.54117647 0.42352941 0.64313725
v -0.04792482 -0.00540598 -0.01513355 0.54117647 0.42352941 0.64313725
v -0.04936039 -0.00709763 -0.01375522 0.54117647 0.42352941 0.64313725
v -0.04648105 -0.00655098 -0.01550946 0.54117647 0.42352941 0.64313725
v -0.05599678 -0.00486303 0.00538662 0.54117647 0.42352941 0.64313725
v -0.05484013 -0.00695727 0.00743937 0.54117647 0.42352941 0.64313725
v -0.05468427 -0.00618532 0.00888772 0.54117647 0.42352941 0.64313725
v -0.05442996 -0.00763319 0.00808431 0.54117647 0.42352941 0.64313725
v -0.05369988 -0.00714933 0.00984592 0.54117647 0.42352941 0.64313725
v -0.05297800 -0.00666548 0.01135692 0.54117647 0.42352941 0.64313725
v -0.04913069 -0.00715672 0.01454846 0.54117647 0.42352941 0.64313725
v -0.05076313 -0.00703114 0.01335439 0.54117647 0.42352941 0.64313725
v -0.04771154 -0.00920295 0.01482486 0.54117647 0.42352941 0.64313725
v -0.04621035 -0.01060649 0.01531870 0.54117647 0.42352941 0.64313725
v -0.04371658 -0.00805056 0.01730143 0.54117647 0.42352941 0.64313725
v -0.05040219 -0.00829433 0.01310010 0.54117647 0.42352941 0.64313725
v -0.03616962 -0.00880774 0.01768471 0.54117647 0.42352941 0.64313725
v -0.01763037 -0.00812443 0.01732354 0.54117647 0.42352941 0.64313725
v -0.04276500 -0.01154835 0.01577200 0.54117647 0.42352941 0.64313725
v -0.04050912 -0.00991580 0.01710610 0.54117647 0.42352941 0.64313725
v -0.04484862 -0.01102017 0.01558036 0.54117647 0.42352941 0.64313725
v -0.03833527 -0.01137106 0.01640220 0.54117647 0.42352941 0.64313725
v -0.03833527 -0.00997120 0.01715401 0.54117647 0.42352941 0.64313725
v -0.01618661 -0.00796930 0.01729406 0.54117647 0.42352941 0.64313725
v -0.01447214 -0.00772922 0.01726089 0.54117647 0.42352941 0.64313725
v -0.00362749 -0.00703114 0.01682233 0.54117647 0.42352941 0.64313725
v -0.00145364 -0.00486303 0.01688867 0.54117647 0.42352941 0.64313725
v -0.00963224 -0.00555742 0.01729037 0.54117647 0.42352941 0.64313725
v -0.01108421 -0.00601172 0.01732723 0.54117647 0.42352941 0.64313725
v -0.01230649 -0.00734879 0.01722035 0.54117647 0.42352941 0.64313725
v -0.01230649 -0.00626288 0.01736040 0.54117647 0.42352941 0.64313725
v 0.00071201 -0.00486303 0.01670440 0.54117647 0.42352941 0.64313725
v -0.00145364 -0.00703114 0.01662332 0.54117647 0.42352941 0.64313725
v 0.00071201 -0.00703114 0.01632112 0.54117647 0.42352941 0.64313725
v 0.00288586 -0.00703114 0.01595627 0.54117647 0.42352941 0.64313725
v 0.00682339 -0.00640693 0.01532607 0.54117647 0.42352941 0.64313725
v 0.00826716 -0.00585659 0.01513812 0.54117647 0.42352941 0.64313725
v 0.00742223 -0.00502555 0.01545506 0.54117647 0.42352941 0.64313725
v 0.00860349 -0.00440872 0.01522288 0.54117647 0.42352941 0.64313725
v 0.00998984 -0.00269123 0.01503124 0.54117647 0.42352941 0.64313725
v 0.00890701 -0.00269123 0.01529290 0.54117647 0.42352941 0.64313725
v 0.02458334 0.00164499 0.01167386 0.54117647 0.42352941 0.64313725
v 0.02633883 0.00157482 0.01122425 0.54117647 0.42352941 0.64313725
v 0.01788132 -0.00052681 0.01320698 0.54117647 0.42352941 0.64313725
v 0.00288586 -0.01111251 -0.01579691 0.54117647 0.42352941 0.64313725
v 0.00076943 -0.01155204 -0.01586325 0.54117647 0.42352941 0.64313725
v 0.02633883 -0.00955383 -0.01237689 0.54117647 0.42352941 0.64313725
v 0.00152412 -0.01239417 -0.01517409 0.54117647 0.42352941 0.64313725
v 0.00007216 -0.01255299 -0.01530307 0.54117647 0.42352941 0.64313725
v -0.00145364 -0.01261947 -0.01536573 0.54117647 0.42352941 0.64313725
v -0.03833527 -0.01349115 -0.01391737 0.54117647 0.42352941 0.64313725
v -0.04050912 -0.01329909 -0.01375890 0.54117647 0.42352941 0.64313725
v -0.04050912 -0.01176627 -0.01484609 0.54117647 0.42352941 0.64313725
v -0.04050912 -0.01068036 -0.01543206 0.54117647 0.42352941 0.64313725
v -0.04255172 -0.01121223 -0.01450335 0.54117647 0.42352941 0.64313725
v -0.04319157 -0.00991949 -0.01504141 0.54117647 0.42352941 0.64313725
v -0.04431540 -0.00847532 -0.01540626 0.54117647 0.42352941 0.64313725
v -0.04255172 -0.00919925 -0.01561265 0.54117647 0.42352941 0.64313725
v -0.04575917 -0.00799516 -0.01517040 0.54117647 0.42352941 0.64313725
v -0.05357683 -0.00925466 -0.00770752 0.54117647 0.42352941 0.64313725
v -0.05278933 -0.01072838 -0.00726159 0.54117647 0.42352941 0.64313725
v -0.05306003 -0.01109404 -0.00546313 0.54117647 0.42352941 0.64313725
v -0.05414285 -0.00946519 -0.00546313 0.54117647 0.42352941 0.64313725
v -0.05432332 -0.00968311 -0.00329244 0.54117647 0.42352941 0.64313725
v -0.05480731 -0.00859720 -0.00329244 0.54117647 0.42352941 0.64313725
v -0.05444637 -0.00988994 -0.00112175 0.54117647 0.42352941 0.64313725
v -0.05488114 -0.00880774 -0.00112175 0.54117647 0.42352941 0.64313725
v -0.05416746 -0.01117530 0.00330438 0.54117647 0.42352941 0.64313725
v -0.05299440 -0.01308486 0.00321593 0.54117647 0.42352941 0.64313725
v -0.05280573 -0.01281893 0.00538662 0.54117647 0.42352941 0.64313725
v -0.05391317 -0.01117530 0.00519866 0.54117647 0.42352941 0.64313725
v -0.05441356 -0.00970896 0.00579569 0.54117647 0.42352941 0.64313725
v -0.05465965 -0.00826479 0.00663596 0.54117647 0.42352941 0.64313725
v -0.05534873 -0.00703114 0.00538662 0.54117647 0.42352941 0.64313725
v -0.05495498 -0.00899611 0.00104525 0.54117647 0.42352941 0.64313725
v -0.05452840 -0.01007832 0.00104525 0.54117647 0.42352941 0.64313725
v -0.04875334 -0.00881512 -0.01348618 0.54117647 0.42352941 0.64313725
v -0.04936039 -0.00940240 -0.01265329 0.54117647 0.42352941 0.64313725
v -0.05038578 -0.01042920 -0.01102435 0.54117647 0.42352941 0.64313725
v -0.05078774 -0.00920295 -0.01148134 0.54117647 0.42352941 0.64313725
v -0.05243658 -0.01028146 -0.00870994 0.54117647 0.42352941 0.64313725
v -0.04712911 -0.00717519 -0.01496033 0.54117647 0.42352941 0.64313725
v -0.05397058 -0.00907367 0.00743937 0.54117647 0.42352941 0.64313725
v -0.05282214 -0.01118638 0.00738777 0.54117647 0.42352941 0.64313725
v -0.05287956 -0.00920295 0.00921572 0.54117647 0.42352941 0.64313725
v -0.05243658 -0.00811335 0.01080780 0.54117647 0.42352941 0.64313725
v -0.04841701 -0.01066928 0.01332123 0.54117647 0.42352941 0.64313725
v -0.04698966 -0.01136367 0.01406936 0.54117647 0.42352941 0.64313725
v -0.04632519 -0.01275244 0.01337282 0.54117647 0.42352941 0.64313725
v -0.04484862 -0.01210607 0.01486540 0.54117647 0.42352941 0.64313725
v -0.04986078 -0.00973851 0.01247359 0.54117647 0.42352941 0.64313725
v -0.03616962 -0.00989364 0.01711348 0.54117647 0.42352941 0.64313725
v -0.02097728 -0.00933222 0.01681864 0.54117647 0.42352941 0.64313725
v -0.01880343 -0.00925096 0.01677442 0.54117647 0.42352941 0.64313725
v -0.01680185 -0.00898872 0.01682602 0.54117647 0.42352941 0.64313725
v -0.01447214 -0.00920295 0.01659752 0.54117647 0.42352941 0.64313725
v -0.01230649 -0.00920295 0.01648696 0.54117647 0.42352941 0.64313725
v -0.00362749 -0.00920295 0.01600786 0.54117647 0.42352941 0.64313725
v -0.04210054 -0.01258993 0.01524868 0.54117647 0.42352941 0.64313725
v -0.04050912 -0.01281154 0.01539609 0.54117647 0.42352941 0.64313725
v -0.04050912 -0.01137106 0.01626953 0.54117647 0.42352941 0.64313725
v -0.04355251 -0.01239047 0.01510126 0.54117647 0.42352941 0.64313725
v -0.03833527 -0.01295928 0.01548454 0.54117647 0.42352941 0.64313725
v -0.03616962 -0.01291865 0.01545506 0.54117647 0.42352941 0.64313725
v -0.03616962 -0.01137106 0.01633217 0.54117647 0.42352941 0.64313725
v -0.00579314 -0.00703114 0.01693658 0.54117647 0.42352941 0.64313725
v -0.00796699 -0.00703114 0.01704714 0.54117647 0.42352941 0.64313725
v -0.01026389 -0.00685385 0.01718350 0.54117647 0.42352941 0.64313725
v -0.00135520 -0.00939870 0.01570198 0.54117647 0.42352941 0.64313725
v 0.00071201 -0.00899611 0.01559510 0.54117647 0.42352941 0.64313725
v 0.00288586 -0.00859720 0.01537766 0.54117647 0.42352941 0.64313725
v 0.00427220 -0.00827956 0.01523025 0.54117647 0.42352941 0.64313725
v 0.00501869 -0.00709024 0.01549928 0.54117647 0.42352941 0.64313725
v 0.00572417 -0.00785480 0.01503861 0.54117647 0.42352941 0.64313725
v 0.02633883 -0.00700159 0.01011495 0.54117647 0.42352941 0.64313725
v 0.02633883 -0.00523977 0.01056088 0.54117647 0.42352941 0.64313725
v 0.02633883 -0.00486303 0.01064564 0.54117647 0.42352941 0.64313725
v 0.01590435 -0.00269123 0.01353129 0.54117647 0.42352941 0.64313725
v 0.01156485 -0.00269123 0.01463322 0.54117647 0.42352941 0.64313725
v 0.01752858 -0.00269123 0.01311853 0.54117647 0.42352941 0.64313725
v 0.01897235 -0.00052681 0.01293058 0.54117647 0.42352941 0.64313725
v 0.02241769 -0.00052681 0.01205714 0.54117647 0.42352941 0.64313725
v 0.02633883 0.00102079 0.01118002 0.54117647 0.42352941 0.64313725
v 0.02633883 -0.01065451 -0.01128970 0.54117647 0.42352941 0.64313725
v 0.00179483 -0.01462507 -0.01305500 0.54117647 0.42352941 0.64313725
v 0.00093349 -0.01359088 -0.01417904 0.54117647 0.42352941 0.64313725
v 0.00035107 -0.01473587 -0.01318030 0.54117647 0.42352941 0.64313725
v -0.00145364 -0.01370538 -0.01431171 0.54117647 0.42352941 0.64313725
v -0.03833527 -0.01457336 -0.01300709 0.54117647 0.42352941 0.64313725
v -0.04050912 -0.01438499 -0.01281545 0.54117647 0.42352941 0.64313725
v -0.04267477 -0.01282631 -0.01337562 0.54117647 0.42352941 0.64313725
v -0.04662051 -0.01066559 -0.01334614 0.54117647 0.42352941 0.64313725
v -0.04721114 -0.00940240 -0.01388789 0.54117647 0.42352941 0.64313725
v -0.04496346 -0.00919925 -0.01482397 0.54117647 0.42352941 0.64313725
v -0.05075492 -0.01305531 -0.00763013 0.54117647 0.42352941 0.64313725
v -0.05018070 -0.01452534 -0.00623337 0.54117647 0.42352941 0.64313725
v -0.05263346 -0.01270812 -0.00112175 0.54117647 0.42352941 0.64313725
v -0.05282214 -0.01296297 0.00104525 0.54117647 0.42352941 0.64313725
v -0.05310925 -0.01153727 -0.00328138 0.54117647 0.42352941 0.64313725
v -0.05222330 -0.01217994 -0.00546313 0.54117647 0.42352941 0.64313725
v -0.05037758 -0.01476173 -0.00478870 0.54117647 0.42352941 0.64313725
v -0.05053344 -0.01496857 -0.00329244 0.54117647 0.42352941 0.64313725
v -0.05237917 -0.01236831 -0.00400003 0.54117647 0.42352941 0.64313725
v -0.05354402 -0.01137106 -0.00112175 0.54117647 0.42352941 0.64313725
v -0.05382293 -0.01137106 0.00104525 0.54117647 0.42352941 0.64313725
v -0.05193619 -0.01417076 0.00321593 0.54117647 0.42352941 0.64313725
v -0.05196900 -0.01404888 0.00104525 0.54117647 0.42352941 0.64313725
v -0.04981156 -0.01628347 -0.00112175 0.54117647 0.42352941 0.64313725
v -0.05088618 -0.01523450 0.00104525 0.54117647 0.42352941 0.64313725
v -0.05059907 -0.01488362 0.00491857 0.54117647 0.42352941 0.64313725
v -0.05133736 -0.01401933 0.00554140 0.54117647 0.42352941 0.64313725
v -0.05251042 -0.01252344 0.00655119 0.54117647 0.42352941 0.64313725
v -0.04806428 -0.01026299 -0.01303657 0.54117647 0.42352941 0.64313725
v -0.04900765 -0.01124178 -0.01141500 0.54117647 0.42352941 0.64313725
v -0.04960648 -0.01187707 -0.01033150 0.54117647 0.42352941 0.64313725
v -0.05041040 -0.01263425 -0.00888315 0.54117647 0.42352941 0.64313725
v -0.05085337 -0.01124178 -0.00968656 0.54117647 0.42352941 0.64313725
v -0.05248580 -0.01034056 0.00868871 0.54117647 0.42352941 0.64313725
v -0.05045141 -0.01051785 0.01102524 0.54117647 0.42352941 0.64313725
v -0.04776896 -0.01211715 0.01259521 0.54117647 0.42352941 0.64313725
v -0.04838420 -0.01270073 0.01114685 0.54117647 0.42352941 0.64313725
v -0.04692403 -0.01345052 0.01177705 0.54117647 0.42352941 0.64313725
v -0.04607910 -0.01473587 0.01095890 0.54117647 0.42352941 0.64313725
v -0.04484862 -0.01423355 0.01245148 0.54117647 0.42352941 0.64313725
v -0.04484862 -0.01314765 0.01377821 0.54117647 0.42352941 0.64313725
v -0.04207593 -0.01483191 0.01318487 0.54117647 0.42352941 0.64313725
v -0.03399577 -0.01137106 0.01624741 0.54117647 0.42352941 0.64313725
v -0.03183012 -0.01137106 0.01615896 0.54117647 0.42352941 0.64313725
v -0.03183012 -0.01276352 0.01536661 0.54117647 0.42352941 0.64313725
v -0.02965627 -0.01267118 0.01530764 0.54117647 0.42352941 0.64313725
v -0.00200326 -0.01038119 0.01520077 0.54117647 0.42352941 0.64313725
v -0.04050912 -0.01389744 0.01452634 0.54117647 0.42352941 0.64313725
v -0.03833527 -0.01404518 0.01467376 0.54117647 0.42352941 0.64313725
v -0.04050912 -0.01510892 0.01344284 0.54117647 0.42352941 0.64313725
v -0.03616962 -0.01400086 0.01462953 0.54117647 0.42352941 0.64313725
v -0.03399577 -0.01284109 0.01541452 0.54117647 0.42352941 0.64313725
v -0.00055949 -0.01025561 0.01513443 0.54117647 0.42352941 0.64313725
v 0.00071201 -0.01008201 0.01504966 0.54117647 0.42352941 0.64313725
v 0.00288586 -0.00968311 0.01484329 0.54117647 0.42352941 0.64313725
v 0.02633883 -0.00885206 0.00914938 0.54117647 0.42352941 0.64313725
v 0.02633883 -0.00052681 0.01104366 0.54117647 0.42352941 0.64313725
v 0.02024384 -0.00269123 0.01241831 0.54117647 0.42352941 0.64313725
v 0.02633883 -0.01202481 -0.00932540 0.54117647 0.42352941 0.64313725
v -0.00092864 -0.01671192 -0.01072584 0.54117647 0.42352941 0.64313725
v -0.00238061 -0.01682273 -0.01091748 0.54117647 0.42352941 0.64313725
v -0.00145364 -0.01478020 -0.01322821 0.54117647 0.42352941 0.64313725
v -0.03833527 -0.01676733 -0.01084746 0.54117647 0.42352941 0.64313725
v -0.03833527 -0.01568142 -0.01191990 0.54117647 0.42352941 0.64313725
v -0.04050912 -0.01547458 -0.01173195 0.54117647 0.42352941 0.64313725
v -0.04267477 -0.01501658 -0.01128233 0.54117647 0.42352941 0.64313725
v -0.04267477 -0.01391221 -0.01236583 0.54117647 0.42352941 0.64313725
v -0.04386423 -0.01251236 -0.01310659 0.54117647 0.42352941 0.64313725
v -0.04976234 -0.01414121 -0.00763013 0.54117647 0.42352941 0.64313725
v -0.04867952 -0.01507937 -0.00763013 0.54117647 0.42352941 0.64313725
v -0.04824475 -0.01689660 -0.00460812 0.54117647 0.42352941 0.64313725
v -0.04852366 -0.01714037 -0.00329244 0.54117647 0.42352941 0.64313725
v -0.04960648 -0.01605447 -0.00329244 0.54117647 0.42352941 0.64313725
v -0.05102563 -0.01369799 -0.00549261 0.54117647 0.42352941 0.64313725
v -0.05181314 -0.01379402 -0.00112175 0.54117647 0.42352941 0.64313725
v -0.05073032 -0.01519757 -0.00112175 0.54117647 0.42352941 0.64313725
v -0.04969671 -0.01632041 0.00104525 0.54117647 0.42352941 0.64313725
v -0.05085337 -0.01509415 0.00321593 0.54117647 0.42352941 0.64313725
v -0.04872874 -0.01729919 -0.00112175 0.54117647 0.42352941 0.64313725
v -0.04822013 -0.01689290 0.00459057 0.54117647 0.42352941 0.64313725
v -0.04790841 -0.01663436 0.00603893 0.54117647 0.42352941 0.64313725
v -0.05021352 -0.01457705 0.00636693 0.54117647 0.42352941 0.64313725
v -0.04646465 -0.01723271 0.00707820 0.54117647 0.42352941 0.64313725
v -0.04863850 -0.01507568 0.00755362 0.54117647 0.42352941 0.64313725
v -0.04972132 -0.01416338 0.00755362 0.54117647 0.42352941 0.64313725
v -0.04899124 -0.01338034 0.00949581 0.54117647 0.42352941 0.64313725
v -0.04816271 -0.01249759 -0.01092485 0.54117647 0.42352941 0.64313725
v -0.04530800 -0.01211346 -0.01274174 0.54117647 0.42352941 0.64313725
v -0.04721114 -0.01138214 -0.01244322 0.54117647 0.42352941 0.64313725
v -0.04701426 -0.01281893 -0.01121968 0.54117647 0.42352941 0.64313725
v -0.04823655 -0.01471741 -0.00881313 0.54117647 0.42352941 0.64313725
v -0.04814631 -0.01466570 0.00869608 0.54117647 0.42352941 0.64313725
v -0.04712091 -0.01623915 0.00770472 0.54117647 0.42352941 0.64313725
v -0.04752286 -0.01414491 0.01014075 0.54117647 0.42352941 0.64313725
v -0.04689121 -0.01510154 0.00954003 0.54117647 0.42352941 0.64313725
v -0.04576738 -0.01671562 0.00852655 0.54117647 0.42352941 0.64313725
v -0.04484862 -0.01504244 0.01136798 0.54117647 0.42352941 0.64313725
v -0.04315055 -0.01651616 0.01043558 0.54117647 0.42352941 0.64313725
v -0.04170679 -0.01684489 0.01087782 0.54117647 0.42352941 0.64313725
v -0.04351970 -0.01453273 0.01284950 0.54117647 0.42352941 0.64313725
v -0.04050912 -0.01619483 0.01224141 0.54117647 0.42352941 0.64313725
v -0.00145364 -0.01291126 0.01340967 0.54117647 0.42352941 0.64313725
v -0.00135520 -0.01121223 0.01461479 0.54117647 0.42352941 0.64313725
v -0.03833527 -0.01525297 0.01359026 0.54117647 0.42352941 0.64313725
v -0.03833527 -0.01633887 0.01244042 0.54117647 0.42352941 0.64313725
v -0.03616962 -0.01518649 0.01354235 0.54117647 0.42352941 0.64313725
v 0.00071201 -0.01137106 0.01420203 0.54117647 0.42352941 0.64313725
v 0.00287765 -0.01152249 0.01365291 0.54117647 0.42352941 0.64313725
v 0.00505971 -0.01096107 0.01345758 0.54117647 0.42352941 0.64313725
v 0.02633883 -0.00906259 0.00899091 0.54117647 0.42352941 0.64313725
v 0.00359953 -0.01234615 0.01289004 0.54117647 0.42352941 0.64313725
v 0.02633883 -0.01251605 -0.00763013 0.54117647 0.42352941 0.64313725
v 0.02579742 -0.01248281 -0.00876522 0.54117647 0.42352941 0.64313725
v -0.00157669 -0.01719208 -0.00992243 0.54117647 0.42352941 0.64313725
v 0.00071201 -0.01655310 -0.01042732 0.54117647 0.42352941 0.64313725
v 0.00071201 -0.01711452 -0.00934382 0.54117647 0.42352941 0.64313725
v -0.00145364 -0.01817457 -0.00763013 0.54117647 0.42352941 0.64313725
v -0.00362749 -0.01824105 -0.00763013 0.54117647 0.42352941 0.64313725
v -0.03833527 -0.01912381 -0.00686725 0.54117647 0.42352941 0.64313725
v -0.03833527 -0.01856239 -0.00795075 0.54117647 0.42352941 0.64313725
v -0.00274975 -0.01682273 -0.01091748 0.54117647 0.42352941 0.64313725
v -0.03616962 -0.01677471 -0.01085851 0.54117647 0.42352941 0.64313725
v -0.03833527 -0.01747649 -0.00976396 0.54117647 0.42352941 0.64313725
v -0.04050912 -0.01733244 -0.00951704 0.54117647 0.42352941 0.64313725
v -0.04050912 -0.01656049 -0.01060422 0.54117647 0.42352941 0.64313725
v -0.04287164 -0.01622807 -0.00980818 0.54117647 0.42352941 0.64313725
v -0.04701426 -0.01499812 -0.00913007 0.54117647 0.42352941 0.64313725
v -0.04393806 -0.01471371 -0.01097276 0.54117647 0.42352941 0.64313725
v -0.04538183 -0.01434436 -0.01061896 0.54117647 0.42352941 0.64313725
v -0.04701426 -0.01390483 -0.01021357 0.54117647 0.42352941 0.64313725
v -0.04756388 -0.01658634 -0.00605647 0.54117647 0.42352941 0.64313725
v -0.04690763 -0.01712560 -0.00538205 0.54117647 0.42352941 0.64313725
v -0.04701426 -0.01783845 -0.00329244 0.54117647 0.42352941 0.64313725
v -0.04701426 -0.01817087 -0.00112175 0.54117647 0.42352941 0.64313725
v -0.04861389 -0.01718470 0.00104525 0.54117647 0.42352941 0.64313725
v -0.04948343 -0.01618005 0.00321593 0.54117647 0.42352941 0.64313725
v -0.04701426 -0.01810439 0.00104525 0.54117647 0.42352941 0.64313725
v -0.04701426 -0.01793449 0.00321593 0.54117647 0.42352941 0.64313725
v -0.04839240 -0.01702587 0.00321593 0.54117647 0.42352941 0.64313725
v -0.04712091 -0.01747649 0.00534239 0.54117647 0.42352941 0.64313725
v -0.04486502 -0.01868058 0.00545295 0.54117647 0.42352941 0.64313725
v -0.04496346 -0.01760207 0.00770472 0.54117647 0.42352941 0.64313725
v -0.04371658 -0.01677841 -0.00868783 0.54117647 0.42352941 0.64313725
v -0.04484862 -0.01654571 -0.00826032 0.54117647 0.42352941 0.64313725
v -0.04690763 -0.01609879 -0.00750114 0.54117647 0.42352941 0.64313725
v -0.04432361 -0.01705173 0.00898723 0.54117647 0.42352941 0.64313725
v -0.04252711 -0.01725118 0.00971693 0.54117647 0.42352941 0.64313725
v -0.04050912 -0.01701849 0.01115423 0.54117647 0.42352941 0.64313725
v -0.00145364 -0.01399717 0.01232617 0.54117647 0.42352941 0.64313725
v 0.00071201 -0.01382357 0.01222298 0.54117647 0.42352941 0.64313725
v 0.00071201 -0.01274136 0.01321804 0.54117647 0.42352941 0.64313725
v -0.03833527 -0.01714407 0.01135692 0.54117647 0.42352941 0.64313725
v -0.03616962 -0.01708866 0.01126479 0.54117647 0.42352941 0.64313725
v -0.00145364 -0.01497965 0.01124267 0.54117647 0.42352941 0.64313725
v 0.00215577 -0.01255299 0.01306325 0.54117647 0.42352941 0.64313725
v 0.02633883 -0.00993796 0.00830912 0.54117647 0.42352941 0.64313725
v 0.00290226 -0.01354655 0.01191710 0.54117647 0.42352941 0.64313725
v 0.02633883 -0.01272659 -0.00546313 0.54117647 0.42352941 0.64313725
v 0.02458334 -0.01318828 -0.00546313 0.54117647 0.42352941 0.64313725
v 0.02241769 -0.01372015 -0.00546313 0.54117647 0.42352941 0.64313725
v 0.00269718 -0.01868797 -0.00311554 0.54117647 0.42352941 0.64313725
v 0.00288586 -0.01820781 -0.00546313 0.54117647 0.42352941 0.64313725
v 0.00071201 -0.01790124 -0.00763013 0.54117647 0.42352941 0.64313725
v -0.00145364 -0.01878400 -0.00576901 0.54117647 0.42352941 0.64313725
v -0.00362749 -0.01881355 -0.00590537 0.54117647 0.42352941 0.64313725
v -0.03833527 -0.01946361 -0.00546313 0.54117647 0.42352941 0.64313725
v -0.03982826 -0.01907948 -0.00677512 0.54117647 0.42352941 0.64313725
v -0.04053373 -0.01847005 -0.00755273 0.54117647 0.42352941 0.64313725
v -0.04227281 -0.01704803 -0.00909322 0.54117647 0.42352941 0.64313725
v -0.04611191 -0.01686705 -0.00669404 0.54117647 0.42352941 0.64313725
v -0.04484862 -0.01786431 -0.00546313 0.54117647 0.42352941 0.64313725
v -0.04267477 -0.01862887 -0.00546681 0.54117647 0.42352941 0.64313725
v -0.04195288 -0.01905732 -0.00474816 0.54117647 0.42352941 0.64313725
v -0.04339665 -0.01887264 -0.00370520 0.54117647 0.42352941 0.64313725
v -0.04465174 -0.01859932 -0.00310817 0.54117647 0.42352941 0.64313725
v -0.04513573 -0.01875445 -0.00112175 0.54117647 0.42352941 0.64313725
v -0.04432361 -0.01914597 0.00104525 0.54117647 0.42352941 0.64313725
v -0.04540644 -0.01880247 0.00104525 0.54117647 0.42352941 0.64313725
v -0.04543925 -0.01879139 0.00321593 0.54117647 0.42352941 0.64313725
v -0.04415134 -0.01909795 0.00477116 0.54117647 0.42352941 0.64313725
v -0.04324079 -0.01889481 0.00621951 0.54117647 0.42352941 0.64313725
v -0.04258453 -0.01848113 0.00737672 0.54117647 0.42352941 0.64313725
v -0.04287164 -0.01753558 -0.00782914 0.54117647 0.42352941 0.64313725
v -0.04484862 -0.01711082 -0.00717682 0.54117647 0.42352941 0.64313725
v -0.04050912 -0.01776458 0.00972430 0.54117647 0.42352941 0.64313725
v 0.00071201 -0.01489100 0.01113580 0.54117647 0.42352941 0.64313725
v 0.00221319 -0.01473957 0.01094047 0.54117647 0.42352941 0.64313725
v -0.03833527 -0.01793818 0.00972430 0.54117647 0.42352941 0.64313725
v -0.00157669 -0.01856608 0.00520972 0.54117647 0.42352941 0.64313725
v -0.00362749 -0.01751342 0.00755362 0.54117647 0.42352941 0.64313725
v -0.00165872 -0.01731397 0.00773788 0.54117647 0.42352941 0.64313725
v -0.00107629 -0.01675994 0.00858183 0.54117647 0.42352941 0.64313725
v -0.00165872 -0.01619113 0.00950686 0.54117647 0.42352941 0.64313725
v 0.02633883 -0.01090198 0.00722562 0.54117647 0.42352941 0.64313725
v 0.00365696 -0.01453642 0.01069355 0.54117647 0.42352941 0.64313725
v 0.02633883 -0.01283370 -0.00392264 0.54117647 0.42352941 0.64313725
v 0.02241769 -0.01394176 -0.00329244 0.54117647 0.42352941 0.64313725
v 0.00185225 -0.01897606 -0.00227528 0.54117647 0.42352941 0.64313725
v 0.00121240 -0.01887634 -0.00371994 0.54117647 0.42352941 0.64313725
v 0.00058075 -0.01867689 -0.00530097 0.54117647 0.42352941 0.64313725
v -0.00023136 -0.01898715 -0.00446807 0.54117647 0.42352941 0.64313725
v -0.00145364 -0.01903147 -0.00468551 0.54117647 0.42352941 0.64313725
v -0.00362749 -0.01906840 -0.00482187 0.54117647 0.42352941 0.64313725
v -0.03833527 -0.01979234 -0.00329244 0.54117647 0.42352941 0.64313725
v -0.04050912 -0.01959658 -0.00329244 0.54117647 0.42352941 0.64313725
v -0.04053373 -0.01922723 -0.00546681 0.54117647 0.42352941 0.64313725
v -0.04128022 -0.01886895 -0.00619283 0.54117647 0.42352941 0.64313725
v -0.04267477 -0.01913858 -0.00310817 0.54117647 0.42352941 0.64313725
v -0.04379040 -0.01897606 -0.00226054 0.54117647 0.42352941 0.64313725
v -0.04405291 -0.01904993 -0.00112175 0.54117647 0.42352941 0.64313725
v -0.04267477 -0.01963721 0.00104525 0.54117647 0.42352941 0.64313725
v -0.04434822 -0.01916444 0.00321593 0.54117647 0.42352941 0.64313725
v -0.04267477 -0.01968892 0.00321593 0.54117647 0.42352941 0.64313725
v -0.04050912 -0.02019493 0.00321593 0.54117647 0.42352941 0.64313725
v -0.04258453 -0.01925677 0.00545295 0.54117647 0.42352941 0.64313725
v -0.04050912 -0.01962613 0.00538662 0.54117647 0.42352941 0.64313725
v -0.04179703 -0.01899453 0.00653645 0.54117647 0.42352941 0.64313725
v -0.04050912 -0.01862887 0.00781896 0.54117647 0.42352941 0.64313725
v 0.00071201 -0.01585502 0.00972430 0.54117647 0.42352941 0.64313725
v 0.00291867 -0.01530468 0.00987172 0.54117647 0.42352941 0.64313725
v -0.04050912 -0.01907579 0.00673178 0.54117647 0.42352941 0.64313725
v -0.03833527 -0.01971108 0.00538662 0.54117647 0.42352941 0.64313725
v -0.00238061 -0.01899084 0.00436945 0.54117647 0.42352941 0.64313725
v -0.00374234 -0.01865842 0.00520972 0.54117647 0.42352941 0.64313725
v 0.00071201 -0.01814502 0.00538662 0.54117647 0.42352941 0.64313725
v 0.00071201 -0.01731028 0.00735829 0.54117647 0.42352941 0.64313725
v 0.00071201 -0.01667499 0.00844548 0.54117647 0.42352941 0.64313725
v 0.02633883 -0.01111251 0.00693816 0.54117647 0.42352941 0.64313725
v 0.02633883 -0.01287064 -0.00336246 0.54117647 0.42352941 0.64313725
v 0.02633883 -0.01297036 -0.00154189 0.54117647 0.42352941 0.64313725
v 0.02633883 -0.01298883 -0.00112175 0.54117647 0.42352941 0.64313725
v 0.02241769 -0.01401563 -0.00112175 0.54117647 0.42352941 0.64313725
v 0.00298429 -0.01877292 -0.00112175 0.54117647 0.42352941 0.64313725
v 0.00190147 -0.01898715 -0.00112175 0.54117647 0.42352941 0.64313725
v 0.00071201 -0.01910903 -0.00112175 0.54117647 0.42352941 0.64313725
v -0.00145364 -0.01915705 -0.00329244 0.54117647 0.42352941 0.64313725
v 0.00058075 -0.01902408 -0.00311554 0.54117647 0.42352941 0.64313725
v -0.00362749 -0.01922353 -0.00329244 0.54117647 0.42352941 0.64313725
v -0.03833527 -0.02037961 0.00104525 0.54117647 0.42352941 0.64313725
v -0.04050912 -0.01989206 -0.00112175 0.54117647 0.42352941 0.64313725
v -0.04267477 -0.01940452 -0.00112175 0.54117647 0.42352941 0.64313725
v -0.04050912 -0.02017647 0.00104525 0.54117647 0.42352941 0.64313725
v -0.03833527 -0.02033898 0.00321593 0.54117647 0.42352941 0.64313725
v 0.00288586 -0.01647554 0.00807694 0.54117647 0.42352941 0.64313725
v -0.00157669 -0.01912381 0.00321962 0.54117647 0.42352941 0.64313725
v -0.00092864 -0.01888373 0.00394195 0.54117647 0.42352941 0.64313725
v 0.00288586 -0.01707758 0.00698975 0.54117647 0.42352941 0.64313725
v 0.00073661 -0.01872121 0.00321962 0.54117647 0.42352941 0.64313725
v 0.02633063 -0.01257515 0.00453898 0.54117647 0.42352941 0.64313725
v 0.02633883 -0.01206175 0.00545295 0.54117647 0.42352941 0.64313725
v 0.02633883 -0.01300730 0.00104525 0.54117647 0.42352941 0.64313725
v 0.02458334 -0.01343575 0.00104525 0.54117647 0.42352941 0.64313725
v 0.02241769 -0.01396392 0.00104525 0.54117647 0.42352941 0.64313725
v 0.00188506 -0.01898345 0.00010547 0.54117647 0.42352941 0.64313725
v -0.00145364 -0.01931218 0.00104525 0.54117647 0.42352941 0.64313725
v -0.00145364 -0.01925677 -0.00112175 0.54117647 0.42352941 0.64313725
v -0.00362749 -0.01932326 -0.00112175 0.54117647 0.42352941 0.64313725
v -0.03616962 -0.02032790 0.00104525 0.54117647 0.42352941 0.64313725
v -0.00362749 -0.01938235 0.00104525 0.54117647 0.42352941 0.64313725
v 0.02633883 -0.01222057 0.00517655 0.54117647 0.42352941 0.64313725
v 0.00003114 -0.01905363 0.00249728 0.54117647 0.42352941 0.64313725
v 0.02633883 -0.01257146 0.00454267 0.54117647 0.42352941 0.64313725
v 0.02633883 -0.01282631 0.00331912 0.54117647 0.42352941 0.64313725
v 0.02633883 -0.01257515 0.00452792 0.54117647 0.42352941 0.64313725
v 0.02633883 -0.01288541 0.00276263 0.54117647 0.42352941 0.64313725
v 0.00272179 -0.01869905 0.00091626 0.54117647 0.42352941 0.64313725
v 0.00148311 -0.01889850 0.00155383 0.54117647 0.42352941 0.64313725
v 0.00073661 -0.01908687 0.00091626 0.54117647 0.42352941 0.64313725
f 337 338 339
f 337 339 340
f 337 340 341
f 337 341 352
f 337 352 342
f 337 342 343
f 337 343 338
f 338 344 339
f 338 343 344
f 339 344 345
f 339 345 346
f 339 346 347
f 339 347 340
f 340 348 349
f 340 349 350
f 340 350 341
f 340 347 348
f 341 350 351
f 341 351 380
f 341 380 352
f 342 352 353
f 342 353 344
f 342 344 343
f 344 353 354
f 344 354 355
f 344 355 356
f 344 356 357
f 344 357 358
f 344 358 359
f 344 359 360
f 344 360 361
f 344 361 362
f 344 362 345
f 345 362 346
f 346 362 363
f 346 363 364
f 346 364 365
f 346 365 366
f 346 366 347
f 347 367 348
f 347 366 368
f 347 368 369
f 347 369 370
f 347 370 367
f 348 371 372
f 348 372 349
f 348 367 371
f 349 373 374
f 349 374 375
f 349 375 350
f 349 372 376
f 349 376 377
f 349 377 373
f 350 378 351
f 350 375 409
f 350 409 379
f 350 379 378
f 351 378 380
f 352 380 415
f 352 415 381
f 352 381 353
f 353 381 382
f 353 382 383
f 353 383 354
f 354 383 384
f 354 384 385
f 354 385 355
f 355 385 356
f 356 385 357
f 357 385 358
f 358 385 359
f 359 385 386
f 359 386 360
f 360 386 387
f 360 387 361
f 361 388 389
f 361 389 390
f 361 390 391
f 361 391 392
f 361 392 393
f 361 393 362
f 361 387 394
f 361 394 395
f 361 395 388
f 362 393 396
f 362 396 363
f 363 396 429
f 363 429 469
f 363 469 512
f 363 512 563
f 363 563 562
f 363 562 561
f 363 561 560
f 363 560 625
f 363 625 688
f 363 688 754
f 363 754 824
f 363 824 897
f 363 897 972
f 363 972 1062
f 363 1062 1152
f 363 1152 1227
f 363 1227 1307
f 363 1307 1365
f 363 1365 1301
f 363 1301 1300
f 363 1300 1299
f 363 1299 1364
f 363 1364 1418
f 363 1418 1464
f 363 1464 1502
f 363 1502 1536
f 363 1536 1558
f 363 1558 1568
f 363 1568 1570
f 363 1570 1572
f 363 1572 1571
f 363 1571 1573
f 363 1573 1559
f 363 1559 1539
f 363 1539 1538
f 363 1538 1537
f 363 1537 1504
f 363 1504 1466
f 363 1466 1420
f 363 1420 1367
f 363 1367 1308
f 363 1308 1231
f 363 1231 1157
f 363 1157 1156
f 363 1156 1073
f 363 1073 1154
f 363 1154 1066
f 363 1066 1065
f 363 1065 1064
f 363 1064 1063
f 363 1063 973
f 363 973 898
f 363 898 825
f 363 825 755
f 363 755 689
f 363 689 626
f 363 626 565
f 363 565 516
f 363 516 472
f 363 472 434
f 363 434 433
f 363 433 399
f 363 399 398
f 363 398 370
f 363 370 369
f 363 369 368
f 363 368 366
f 363 366 365
f 363 365 364
f 367 397 371
f 367 370 398
f 367 398 399
f 367 399 397
f 371 397 400
f 371 400 372
f 372 401 376
f 372 400 402
f 372 402 403
f 372 403 404
f 372 404 405
f 372 405 406
f 372 406 401
f 373 377 407
f 373 407 374
f 374 407 408
f 374 408 409
f 374 409 375
f 376 401 410
f 376 410 411
f 376 411 377
f 377 411 407
f 378 379 412
f 378 412 380
f 379 409 412
f 380 412 413
f 380 413 414
f 380 414 415
f 381 415 416
f 381 416 382
f 382 416 417
f 382 417 384
f 382 384 383
f 384 417 418
f 384 418 385
f 385 418 419
f 385 419 420
f 385 420 386
f 386 420 421
f 386 421 422
f 386 422 423
f 386 423 387
f 387 423 424
f 387 424 394
f 388 425 426
f 388 426 389
f 388 395 425
f 389 426 390
f 390 426 391
f 391 426 392
f 392 426 427
f 392 427 428
f 392 428 393
f 393 428 429
f 393 429 396
f 394 424 395
f 395 424 430
f 395 430 431
f 395 431 425
f 397 432 400
f 397 399 433
f 397 433 434
f 397 434 432
f 400 432 402
f 401 406 435
f 401 435 410
f 402 432 436
f 402 436 437
f 402 437 403
f 403 438 439
f 403 439 440
f 403 440 441
f 403 441 404
f 403 437 442
f 403 442 438
f 404 441 443
f 404 443 405
f 405 443 435
f 405 435 406
f 407 411 410
f 407 410 435
f 407 435 443
f 407 443 444
f 407 444 445
f 407 445 412
f 407 412 408
f 408 412 409
f 412 445 446
f 412 446 447
f 412 447 413
f 413 447 448
f 413 448 449
f 413 449 450
f 413 450 416
f 413 416 414
f 414 416 415
f 416 450 451
f 416 451 417
f 417 451 418
f 418 451 452
f 418 452 453
f 418 453 454
f 418 454 455
f 418 455 419
f 419 455 420
f 420 455 456
f 420 456 421
f 421 456 457
f 421 457 458
f 421 458 459
f 421 459 422
f 422 459 460
f 422 460 423
f 423 460 424
f 424 460 461
f 424 461 462
f 424 462 430
f 425 431 461
f 425 461 426
f 426 461 427
f 427 461 463
f 427 463 464
f 427 464 465
f 427 465 466
f 427 466 467
f 427 467 468
f 427 468 428
f 428 468 429
f 429 468 469
f 430 462 431
f 431 462 461
f 432 470 471
f 432 471 436
f 432 434 470
f 434 472 470
f 436 473 474
f 436 474 475
f 436 475 442
f 436 442 437
f 436 471 476
f 436 476 477
f 436 477 478
f 436 478 479
f 436 479 480
f 436 480 481
f 436 481 473
f 438 482 483
f 438 483 484
f 438 484 439
f 438 442 485
f 438 485 482
f 439 484 486
f 439 486 443
f 439 443 440
f 440 443 441
f 442 475 473
f 442 473 487
f 442 487 485
f 443 486 444
f 444 486 488
f 444 488 489
f 444 489 445
f 445 489 490
f 445 490 446
f 446 490 491
f 446 491 492
f 446 492 447
f 447 492 493
f 447 493 494
f 447 494 448
f 448 494 452
f 448 452 449
f 449 452 451
f 449 451 450
f 452 494 453
f 453 494 495
f 453 495 496
f 453 496 497
f 453 497 498
f 453 498 454
f 454 498 497
f 454 497 499
f 454 499 500
f 454 500 501
f 454 501 455
f 455 501 457
f 455 457 456
f 457 501 458
f 458 501 459
f 459 501 460
f 460 502 461
f 460 501 503
f 460 503 502
f 461 502 504
f 461 504 463
f 463 504 464
f 464 504 465
f 465 504 505
f 465 505 466
f 466 505 506
f 466 506 507
f 466 507 508
f 466 508 509
f 466 509 510
f 466 510 511
f 466 511 467
f 467 511 512
f 467 512 468
f 468 512 469
f 470 513 514
f 470 514 471
f 470 472 513
f 471 514 515
f 471 515 476
f 472 516 517
f 472 517 513
f 473 475 474
f 473 481 487
f 476 515 518
f 476 518 519
f 476 519 477
f 477 519 520
f 477 520 478
f 478 520 521
f 478 521 479
f 479 521 522
f 479 522 480
f 480 522 523
f 480 523 481
f 481 523 524
f 481 524 487
f 482 525 483
f 482 485 525
f 483 526 527
f 483 527 528
f 483 528 484
f 483 525 526
f 484 528 529
f 484 529 488
f 484 488 486
f 485 487 530
f 485 530 525
f 487 524 531
f 487 531 530
f 488 532 489
f 488 529 533
f 488 533 532
f 489 532 533
f 489 533 534
f 489 534 490
f 490 534 491
f 491 534 535
f 491 535 536
f 491 536 537
f 491 537 492
f 492 537 538
f 492 538 493
f 493 538 494
f 494 538 539
f 494 539 540
f 494 540 541
f 494 541 542
f 494 542 543
f 494 543 495
f 495 543 544
f 495 544 545
f 495 545 496
f 496 546 497
f 496 545 547
f 496 547 546
f 497 546 548
f 497 548 549
f 497 549 499
f 499 549 550
f 499 550 551
f 499 551 500
f 500 503 501
f 500 551 552
f 500 552 553
f 500 553 504
f 500 504 502
f 500 502 503
f 504 553 552
f 504 552 554
f 504 554 505
f 505 554 555
f 505 555 506
f 506 555 507
f 507 555 508
f 508 555 509
f 509 555 510
f 510 556 557
f 510 557 511
f 510 555 558
f 510 558 556
f 511 557 559
f 511 559 560
f 511 560 561
f 511 561 562
f 511 562 563
f 511 563 512
f 513 517 514
f 514 517 564
f 514 564 515
f 515 564 518
f 516 565 566
f 516 566 517
f 517 566 567
f 517 567 564
f 518 564 519
f 519 564 568
f 519 568 569
f 519 569 520
f 520 569 521
f 521 569 522
f 522 569 570
f 522 570 523
f 523 570 571
f 523 571 572
f 523 572 573
f 523 573 574
f 523 574 575
f 523 575 524
f 524 576 531
f 524 575 576
f 525 577 526
f 525 530 577
f 526 578 527
f 526 577 578
f 527 579 580
f 527 580 581
f 527 581 582
f 527 582 528
f 527 578 579
f 528 582 583
f 528 583 584
f 528 584 529
f 529 584 585
f 529 585 533
f 530 531 576
f 530 576 577
f 533 586 587
f 533 587 588
f 533 588 589
f 533 589 534
f 533 585 590
f 533 590 586
f 534 589 535
f 535 589 591
f 535 591 536
f 536 591 592
f 536 592 593
f 536 593 594
f 536 594 540
f 536 540 537
f 537 540 538
f 538 540 539
f 540 594 595
f 540 595 596
f 540 596 597
f 540 597 542
f 540 542 541
f 542 598 599
f 542 599 600
f 542 600 543
f 542 597 601
f 542 601 602
f 542 602 598
f 543 600 603
f 543 603 544
f 544 603 545
f 545 603 547
f 546 547 548
f 547 603 600
f 547 600 599
f 547 599 598
f 547 598 604
f 547 604 605
f 547 605 548
f 548 605 549
f 549 605 606
f 549 606 607
f 549 607 608
f 549 608 550
f 550 608 609
f 550 609 551
f 551 609 552
f 552 609 610
f 552 610 611
f 552 611 554
f 554 612 555
f 554 611 613
f 554 613 614
f 554 614 612
f 555 612 615
f 555 615 616
f 555 616 617
f 555 617 558
f 556 617 618
f 556 618 619
f 556 619 620
f 556 620 621
f 556 621 622
f 556 622 557
f 556 558 617
f 557 623 559
f 557 622 623
f 559 623 624
f 559 624 560
f 560 624 625
f 564 567 568
f 565 626 627
f 565 627 628
f 565 628 566
f 566 628 567
f 567 628 629
f 567 629 630
f 567 630 631
f 567 631 632
f 567 632 633
f 567 633 634
f 567 634 635
f 567 635 636
f 567 636 637
f 567 637 573
f 567 573 571
f 567 571 570
f 567 570 569
f 567 569 568
f 571 573 572
f 573 637 574
f 574 637 636
f 574 636 638
f 574 638 639
f 574 639 577
f 574 577 576
f 574 576 575
f 577 639 578
f 578 639 579
f 579 639 640
f 579 640 641
f 579 641 642
f 579 642 643
f 579 643 580
f 580 643 581
f 581 644 582
f 581 643 645
f 581 645 644
f 582 644 646
f 582 646 647
f 582 647 583
f 583 647 648
f 583 648 649
f 583 649 585
f 583 585 584
f 585 649 650
f 585 650 590
f 586 590 651
f 586 651 652
f 586 652 653
f 586 653 587
f 587 654 594
f 587 594 593
f 587 593 588
f 587 653 655
f 587 655 656
f 587 656 654
f 588 593 592
f 588 592 589
f 589 592 591
f 590 650 648
f 590 648 651
f 594 654 595
f 595 654 656
f 595 656 657
f 595 657 596
f 596 657 658
f 596 658 659
f 596 659 660
f 596 660 661
f 596 661 662
f 596 662 597
f 597 662 601
f 598 602 663
f 598 663 664
f 598 664 665
f 598 665 604
f 601 662 602
f 602 662 666
f 602 666 663
f 604 606 605
f 604 665 606
f 606 665 667
f 606 667 668
f 606 668 669
f 606 669 607
f 607 669 608
f 608 669 670
f 608 670 671
f 608 671 672
f 608 672 673
f 608 673 609
f 609 673 610
f 610 673 674
f 610 674 675
f 610 675 611
f 611 675 613
f 612 676 677
f 612 677 615
f 612 614 613
f 612 613 675
f 612 675 676
f 615 677 618
f 615 618 616
f 616 618 617
f 618 677 620
f 618 620 619
f 620 677 678
f 620 678 679
f 620 679 621
f 621 679 680
f 621 680 681
f 621 681 622
f 622 682 683
f 622 683 623
f 622 681 684
f 622 684 685
f 622 685 686
f 622 686 682
f 623 683 624
f 624 683 687
f 624 687 625
f 625 687 688
f 626 689 690
f 626 690 691
f 626 691 692
f 626 692 693
f 626 693 627
f 627 693 694
f 627 694 695
f 627 695 696
f 627 696 628
f 628 696 629
f 629 696 697
f 629 697 698
f 629 698 699
f 629 699 700
f 629 700 630
f 630 700 701
f 630 701 631
f 631 701 632
f 632 702 634
f 632 634 633
f 632 701 703
f 632 703 704
f 632 704 702
f 634 638 636
f 634 636 635
f 634 702 705
f 634 705 706
f 634 706 707
f 634 707 708
f 634 708 638
f 638 708 640
f 638 640 639
f 640 708 709
f 640 709 641
f 641 709 710
f 641 710 642
f 642 710 711
f 642 711 645
f 642 645 643
f 644 648 646
f 644 645 648
f 645 712 713
f 645 713 714
f 645 714 715
f 645 715 652
f 645 652 651
f 645 651 648
f 645 711 716
f 645 716 717
f 645 717 712
f 646 648 647
f 648 650 649
f 652 715 718
f 652 718 719
f 652 719 720
f 652 720 653
f 653 721 655
f 653 720 721
f 655 721 722
f 655 722 723
f 655 723 656
f 656 723 657
f 657 723 658
f 658 723 659
f 659 723 724
f 659 724 725
f 659 725 660
f 660 725 726
f 660 726 727
f 660 727 728
f 660 728 729
f 660 729 661
f 661 729 662
f 662 730 731
f 662 731 666
f 662 729 728
f 662 728 732
f 662 732 730
f 663 666 731
f 663 731 733
f 663 733 664
f 664 733 734
f 664 734 665
f 665 734 735
f 665 735 736
f 665 736 737
f 665 737 738
f 665 738 739
f 665 739 667
f 667 739 740
f 667 740 741
f 667 741 668
f 668 742 669
f 668 741 742
f 669 742 743
f 669 743 670
f 670 743 671
f 671 743 744
f 671 744 680
f 671 680 672
f 672 680 679
f 672 679 673
f 673 679 674
f 674 679 745
f 674 745 677
f 674 677 676
f 674 676 675
f 677 745 678
f 678 745 679
f 680 744 746
f 680 746 747
f 680 747 748
f 680 748 749
f 680 749 684
f 680 684 681
f 682 750 751
f 682 751 683
f 682 686 684
f 682 684 750
f 683 751 752
f 683 752 687
f 684 753 750
f 684 686 685
f 684 749 753
f 687 752 754
f 687 754 688
f 689 755 756
f 689 756 690
f 690 756 691
f 691 756 692
f 692 756 757
f 692 757 693
f 693 757 694
f 694 757 758
f 694 758 833
f 694 833 759
f 694 759 760
f 694 760 695
f 695 760 697
f 695 697 696
f 697 760 761
f 697 761 699
f 697 699 698
f 699 762 763
f 699 763 703
f 699 703 700
f 699 761 762
f 700 703 701
f 702 704 764
f 702 764 705
f 703 763 704
f 704 763 765
f 704 765 766
f 704 766 767
f 704 767 764
f 705 764 768
f 705 768 769
f 705 769 706
f 706 769 707
f 707 770 771
f 707 771 772
f 707 772 708
f 707 769 773
f 707 773 770
f 708 772 709
f 709 772 774
f 709 774 775
f 709 775 710
f 710 776 711
f 710 775 776
f 711 777 716
f 711 776 777
f 712 717 778
f 712 778 713
f 713 779 780
f 713 780 781
f 713 781 782
f 713 782 714
f 713 778 783
f 713 783 784
f 713 784 785
f 713 785 786
f 713 786 787
f 713 787 779
f 714 782 781
f 714 781 715
f 715 788 720
f 715 720 718
f 715 781 780
f 715 780 788
f 716 777 717
f 717 777 789
f 717 789 790
f 717 790 791
f 717 791 792
f 717 792 793
f 717 793 783
f 717 783 778
f 718 720 719
f 720 780 794
f 720 794 721
f 720 788 780
f 721 794 722
f 722 794 795
f 722 795 796
f 722 796 724
f 722 724 723
f 724 796 797
f 724 797 725
f 725 797 798
f 725 798 726
f 726 798 799
f 726 799 800
f 726 800 801
f 726 801 802
f 726 802 803
f 726 803 728
f 726 728 727
f 728 803 732
f 730 734 733
f 730 733 731
f 730 732 734
f 732 803 804
f 732 804 805
f 732 805 734
f 734 805 735
f 735 805 806
f 735 806 807
f 735 807 808
f 735 808 809
f 735 809 810
f 735 810 811
f 735 811 736
f 736 811 737
f 737 811 738
f 738 812 739
f 738 811 810
f 738 810 812
f 739 813 814
f 739 814 741
f 739 741 740
f 739 812 813
f 741 814 815
f 741 815 743
f 741 743 742
f 743 816 817
f 743 817 744
f 743 815 818
f 743 818 816
f 744 817 746
f 746 817 819
f 746 819 747
f 747 819 820
f 747 820 748
f 748 820 821
f 748 821 749
f 749 821 750
f 749 750 753
f 750 821 751
f 751 822 823
f 751 823 752
f 751 821 820
f 751 820 822
f 752 823 754
f 754 823 824
f 755 825 826
f 755 826 756
f 756 827 757
f 756 826 828
f 756 828 829
f 756 829 827
f 757 827 830
f 757 830 831
f 757 831 832
f 757 832 758
f 758 832 909
f 758 909 833
f 759 761 760
f 759 833 834
f 759 834 762
f 759 762 761
f 762 834 835
f 762 835 763
f 763 835 836
f 763 836 837
f 763 837 767
f 763 767 766
f 763 766 765
f 764 767 837
f 764 837 768
f 768 837 769
f 769 837 838
f 769 838 773
f 770 839 840
f 770 840 841
f 770 841 842
f 770 842 843
f 770 843 844
f 770 844 771
f 770 773 845
f 770 845 839
f 771 844 774
f 771 774 772
f 773 838 846
f 773 846 845
f 774 847 848
f 774 848 776
f 774 776 775
f 774 844 847
f 776 848 777
f 777 848 789
f 779 787 780
f 780 787 849
f 780 849 850
f 780 850 851
f 780 851 852
f 780 852 853
f 780 853 854
f 780 854 855
f 780 855 795
f 780 795 794
f 783 793 784
f 784 793 856
f 784 856 785
f 785 857 858
f 785 858 849
f 785 849 786
f 785 856 793
f 785 793 859
f 785 859 857
f 786 849 787
f 789 860 790
f 789 848 847
f 789 847 861
f 789 861 860
f 790 862 791
f 790 860 862
f 791 862 863
f 791 863 792
f 792 863 793
f 793 863 864
f 793 864 859
f 795 855 796
f 796 855 865
f 796 865 797
f 797 865 866
f 797 866 867
f 797 867 798
f 798 867 868
f 798 868 799
f 799 868 869
f 799 869 870
f 799 870 800
f 800 870 871
f 800 871 872
f 800 872 801
f 801 872 802
f 802 872 806
f 802 806 804
f 802 804 803
f 804 806 805
f 806 872 873
f 806 873 874
f 806 874 807
f 807 874 875
f 807 875 808
f 808 875 876
f 808 876 877
f 808 877 809
f 809 877 878
f 809 878 879
f 809 879 880
f 809 880 881
f 809 881 882
f 809 882 810
f 810 882 812
f 812 882 883
f 812 883 813
f 813 883 818
f 813 818 884
f 813 884 815
f 813 815 814
f 815 884 818
f 816 885 817
f 816 818 886
f 816 886 885
f 817 885 887
f 817 887 819
f 818 883 886
f 819 887 888
f 819 888 889
f 819 889 890
f 819 890 891
f 819 891 892
f 819 892 820
f 820 892 822
f 822 893 894
f 822 894 823
f 822 892 895
f 822 895 893
f 823 894 896
f 823 896 897
f 823 897 824
f 825 898 899
f 825 899 826
f 826 899 900
f 826 900 828
f 827 829 901
f 827 901 830
f 828 900 902
f 828 902 903
f 828 903 904
f 828 904 829
f 829 904 903
f 829 903 901
f 830 905 906
f 830 906 907
f 830 907 831
f 830 901 905
f 831 907 908
f 831 908 832
f 832 908 909
f 833 909 834
f 834 910 835
f 834 909 910
f 835 911 912
f 835 912 836
f 835 910 911
f 836 912 913
f 836 913 914
f 836 914 993
f 836 993 915
f 836 915 846
f 836 846 838
f 836 838 837
f 839 916 840
f 839 845 916
f 840 916 841
f 841 916 842
f 842 916 843
f 843 916 844
f 844 917 861
f 844 861 847
f 844 916 917
f 845 846 918
f 845 918 919
f 845 919 916
f 846 915 918
f 849 858 920
f 849 920 850
f 850 920 921
f 850 921 922
f 850 922 923
f 850 923 851
f 851 923 852
f 852 923 924
f 852 924 853
f 853 925 926
f 853 926 927
f 853 927 928
f 853 928 854
f 853 924 925
f 854 928 929
f 854 929 855
f 855 929 866
f 855 866 865
f 857 859 930
f 857 930 931
f 857 931 858
f 858 932 933
f 858 933 921
f 858 921 920
f 858 931 932
f 859 864 934
f 859 934 930
f 860 861 935
f 860 935 862
f 861 917 936
f 861 936 935
f 862 937 938
f 862 938 939
f 862 939 863
f 862 935 937
f 863 938 940
f 863 940 864
f 863 939 938
f 864 940 934
f 866 929 868
f 866 868 867
f 868 929 869
f 869 929 870
f 870 927 941
f 870 941 871
f 870 929 928
f 870 928 927
f 871 941 872
f 872 941 873
f 873 941 942
f 873 942 943
f 873 943 944
f 873 944 874
f 874 944 945
f 874 945 946
f 874 946 875
f 875 946 876
f 876 947 878
f 876 878 877
f 876 946 948
f 876 948 949
f 876 949 947
f 878 947 879
f 879 947 880
f 880 950 881
f 880 947 951
f 880 951 950
f 881 950 952
f 881 952 953
f 881 953 954
f 881 954 886
f 881 886 883
f 881 883 882
f 885 955 887
f 885 886 956
f 885 956 957
f 885 957 955
f 886 954 956
f 887 955 958
f 887 958 959
f 887 959 888
f 888 960 961
f 888 961 962
f 888 962 963
f 888 963 889
f 888 959 964
f 888 964 960
f 889 965 966
f 889 966 967
f 889 967 968
f 889 968 893
f 889 893 895
f 889 895 892
f 889 892 891
f 889 891 890
f 889 963 969
f 889 969 965
f 893 968 894
f 894 968 896
f 896 968 970
f 896 970 971
f 896 971 972
f 896 972 897
f 898 973 974
f 898 974 899
f 899 974 900
f 900 974 902
f 901 903 905
f 902 975 903
f 902 974 975
f 903 975 976
f 903 976 905
f 905 976 977
f 905 977 978
f 905 978 906
f 906 978 979
f 906 979 907
f 907 979 908
f 908 980 910
f 908 910 909
f 908 979 981
f 908 981 980
f 910 982 911
f 910 980 982
f 911 981 913
f 911 913 912
f 911 982 981
f 913 983 984
f 913 984 985
f 913 985 986
f 913 986 987
f 913 987 988
f 913 988 989
f 913 989 990
f 913 990 992
f 913 992 991
f 913 991 914
f 913 981 983
f 914 991 992
f 914 992 994
f 914 994 993
f 915 993 994
f 915 994 995
f 915 995 996
f 915 996 997
f 915 997 998
f 915 998 999
f 915 999 1000
f 915 1000 916
f 915 916 919
f 915 919 918
f 916 999 1001
f 916 1001 917
f 916 1000 1002
f 916 1002 1003
f 916 1003 999
f 917 1004 936
f 917 1001 999
f 917 999 1004
f 921 933 1005
f 921 1005 1006
f 921 1006 1007
f 921 1007 922
f 922 1007 1008
f 922 1008 924
f 922 924 923
f 924 1008 925
f 925 1009 1010
f 925 1010 926
f 925 1008 1007
f 925 1007 1011
f 925 1011 1012
f 925 1012 1009
f 926 1013 942
f 926 942 941
f 926 941 927
f 926 1010 1013
f 930 934 1014
f 930 1014 1015
f 930 1015 1016
f 930 1016 931
f 931 1016 1017
f 931 1017 1018
f 931 1018 932
f 932 1018 1019
f 932 1019 933
f 933 1019 1020
f 933 1020 1012
f 933 1012 1005
f 934 940 1021
f 934 1021 1022
f 934 1022 1014
f 935 1023 1024
f 935 1024 938
f 935 938 937
f 935 936 1023
f 936 1004 1025
f 936 1025 1026
f 936 1026 1023
f 938 1021 940
f 938 1024 1021
f 942 1013 1027
f 942 1027 1028
f 942 1028 943
f 943 1029 944
f 943 1028 948
f 943 948 1029
f 944 1029 945
f 945 1029 948
f 945 948 946
f 947 949 948
f 947 948 951
f 948 1028 1030
f 948 1030 951
f 950 1031 1032
f 950 1032 1033
f 950 1033 952
f 950 951 1034
f 950 1034 1031
f 951 1030 1034
f 952 1033 1035
f 952 1035 953
f 953 1035 1036
f 953 1036 1037
f 953 1037 954
f 954 1037 956
f 955 957 958
f 956 1037 1038
f 956 1038 958
f 956 958 957
f 958 1039 964
f 958 964 959
f 958 1038 1039
f 960 1040 961
f 960 964 1040
f 961 1041 1044
f 961 1044 1042
f 961 1042 963
f 961 963 962
f 961 1040 1041
f 963 1042 969
f 964 1039 1043
f 964 1043 1040
f 965 969 1042
f 965 1042 1044
f 965 1044 966
f 966 1044 1040
f 966 1040 1045
f 966 1045 1046
f 966 1046 967
f 967 1047 1048
f 967 1048 1049
f 967 1049 1050
f 967 1050 968
f 967 1046 1045
f 967 1045 1051
f 967 1051 1052
f 967 1052 1140
f 967 1140 1053
f 967 1053 1054
f 967 1054 1055
f 967 1055 1047
f 968 1050 1056
f 968 1056 970
f 970 1056 1057
f 970 1057 1058
f 970 1058 1059
f 970 1059 1060
f 970 1060 1061
f 970 1061 971
f 971 1061 1062
f 971 1062 972
f 973 1063 974
f 974 1063 976
f 974 976 975
f 976 1063 1064
f 976 1064 1065
f 976 1065 1066
f 976 1066 1067
f 976 1067 977
f 977 1067 1068
f 977 1068 1069
f 977 1069 1070
f 977 1070 978
f 978 1071 1072
f 978 1072 979
f 978 1070 1073
f 978 1073 1071
f 979 1072 981
f 980 981 982
f 981 1074 983
f 981 1072 1074
f 983 1074 1075
f 983 1075 1076
f 983 1076 1077
f 983 1077 984
f 984 1077 985
f 985 1077 1078
f 985 1078 1079
f 985 1079 1080
f 985 1080 986
f 986 1080 1081
f 986 1081 1082
f 986 1082 1083
f 986 1083 1084
f 986 1084 987
f 987 1084 1085
f 987 1085 1086
f 987 1086 1087
f 987 1087 988
f 988 1087 1088
f 988 1088 1086
f 988 1086 989
f 989 1086 1089
f 989 1089 1090
f 989 1090 1091
f 989 1091 990
f 990 1091 992
f 992 1091 1090
f 992 1090 994
f 994 1090 1092
f 994 1092 995
f 995 1092 997
f 995 997 996
f 997 1092 998
f 998 1092 1093
f 998 1093 1094
f 998 1094 999
f 999 1003 1002
f 999 1002 1000
f 999 1094 1004
f 1004 1094 1093
f 1004 1093 1090
f 1004 1090 1095
f 1004 1095 1096
f 1004 1096 1097
f 1004 1097 1025
f 1005 1012 1006
f 1006 1012 1011
f 1006 1011 1007
f 1009 1012 1098
f 1009 1098 1099
f 1009 1099 1100
f 1009 1100 1010
f 1010 1100 1101
f 1010 1101 1013
f 1012 1020 1102
f 1012 1102 1098
f 1013 1103 1104
f 1013 1104 1027
f 1013 1101 1103
f 1014 1105 1015
f 1014 1022 1105
f 1015 1105 1106
f 1015 1106 1107
f 1015 1107 1108
f 1015 1108 1016
f 1016 1108 1109
f 1016 1109 1017
f 1017 1110 1018
f 1017 1109 1110
f 1018 1110 1099
f 1018 1099 1102
f 1018 1102 1019
f 1019 1102 1020
f 1021 1024 1023
f 1021 1023 1026
f 1021 1026 1111
f 1021 1111 1112
f 1021 1112 1022
f 1022 1112 1113
f 1022 1113 1114
f 1022 1114 1105
f 1025 1097 1026
f 1026 1097 1089
f 1026 1089 1115
f 1026 1115 1111
f 1027 1104 1116
f 1027 1116 1028
f 1028 1116 1117
f 1028 1117 1118
f 1028 1118 1030
f 1030 1118 1119
f 1030 1119 1120
f 1030 1120 1034
f 1031 1121 1122
f 1031 1122 1032
f 1031 1034 1123
f 1031 1123 1121
f 1032 1122 1124
f 1032 1124 1125
f 1032 1125 1033
f 1033 1125 1035
f 1034 1120 1126
f 1034 1126 1123
f 1035 1124 1127
f 1035 1127 1128
f 1035 1128 1036
f 1035 1125 1124
f 1036 1128 1129
f 1036 1129 1130
f 1036 1130 1131
f 1036 1131 1039
f 1036 1039 1037
f 1037 1039 1038
f 1039 1131 1130
f 1039 1130 1043
f 1040 1044 1041
f 1040 1043 1132
f 1040 1132 1045
f 1043 1130 1133
f 1043 1133 1134
f 1043 1134 1135
f 1043 1135 1132
f 1045 1132 1136
f 1045 1136 1051
f 1047 1055 1048
f 1048 1137 1138
f 1048 1138 1049
f 1048 1055 1137
f 1049 1138 1139
f 1049 1139 1050
f 1050 1139 1057
f 1050 1057 1056
f 1051 1136 1140
f 1051 1140 1052
f 1053 1140 1054
f 1054 1140 1141
f 1054 1141 1055
f 1055 1141 1142
f 1055 1142 1143
f 1055 1143 1144
f 1055 1144 1137
f 1057 1139 1145
f 1057 1145 1058
f 1058 1145 1146
f 1058 1146 1147
f 1058 1147 1059
f 1059 1147 1148
f 1059 1148 1149
f 1059 1149 1150
f 1059 1150 1151
f 1059 1151 1060
f 1060 1151 1061
f 1061 1151 1150
f 1061 1150 1062
f 1062 1150 1153
f 1062 1153 1152
f 1066 1154 1069
f 1066 1069 1068
f 1066 1068 1067
f 1069 1154 1070
f 1070 1154 1073
f 1071 1155 1075
f 1071 1075 1072
f 1071 1073 1156
f 1071 1156 1157
f 1071 1157 1155
f 1072 1075 1074
f 1075 1155 1158
f 1075 1158 1159
f 1075 1159 1076
f 1076 1159 1077
f 1077 1159 1160
f 1077 1160 1078
f 1078 1160 1161
f 1078 1161 1079
f 1079 1161 1080
f 1080 1162 1163
f 1080 1163 1081
f 1080 1161 1162
f 1081 1163 1082
f 1082 1163 1083
f 1083 1163 1084
f 1084 1163 1085
f 1085 1163 1086
f 1086 1088 1087
f 1086 1163 1164
f 1086 1164 1089
f 1089 1097 1165
f 1089 1165 1166
f 1089 1166 1090
f 1089 1164 1167
f 1089 1167 1168
f 1089 1168 1169
f 1089 1169 1170
f 1089 1170 1115
f 1090 1166 1171
f 1090 1171 1095
f 1090 1093 1092
f 1095 1171 1096
f 1096 1171 1097
f 1097 1171 1165
f 1098 1102 1099
f 1099 1172 1100
f 1099 1110 1172
f 1100 1172 1101
f 1101 1172 1173
f 1101 1173 1174
f 1101 1174 1103
f 1103 1175 1104
f 1103 1174 1176
f 1103 1176 1177
f 1103 1177 1178
f 1103 1178 1179
f 1103 1179 1175
f 1104 1175 1116
f 1105 1114 1106
f 1106 1180 1181
f 1106 1181 1107
f 1106 1114 1180
f 1107 1181 1182
f 1107 1182 1108
f 1108 1182 1109
f 1109 1182 1183
f 1109 1183 1184
f 1109 1184 1110
f 1110 1184 1172
f 1111 1115 1185
f 1111 1185 1113
f 1111 1113 1112
f 1113 1186 1114
f 1113 1185 1186
f 1114 1186 1187
f 1114 1187 1180
f 1115 1170 1188
f 1115 1188 1185
f 1116 1175 1189
f 1116 1189 1117
f 1117 1190 1191
f 1117 1191 1118
f 1117 1189 1190
f 1118 1191 1119
f 1119 1192 1193
f 1119 1193 1194
f 1119 1194 1120
f 1119 1191 1192
f 1120 1194 1126
f 1121 1123 1122
f 1122 1123 1195
f 1122 1195 1126
f 1122 1126 1196
f 1122 1196 1197
f 1122 1197 1198
f 1122 1198 1124
f 1123 1126 1195
f 1124 1198 1199
f 1124 1199 1127
f 1126 1200 1196
f 1126 1194 1200
f 1127 1199 1129
f 1127 1129 1128
f 1129 1199 1130
f 1130 1199 1133
f 1132 1135 1201
f 1132 1201 1202
f 1132 1202 1136
f 1133 1203 1204
f 1133 1204 1134
f 1133 1199 1198
f 1133 1198 1205
f 1133 1205 1203
f 1134 1204 1206
f 1134 1206 1207
f 1134 1207 1135
f 1135 1207 1276
f 1135 1276 1201
f 1136 1202 1208
f 1136 1208 1209
f 1136 1209 1140
f 1137 1210 1211
f 1137 1211 1138
f 1137 1144 1212
f 1137 1212 1213
f 1137 1213 1210
f 1138 1211 1145
f 1138 1145 1139
f 1140 1142 1141
f 1140 1209 1214
f 1140 1214 1215
f 1140 1215 1142
f 1142 1215 1213
f 1142 1213 1212
f 1142 1212 1143
f 1143 1212 1144
f 1145 1211 1216
f 1145 1216 1146
f 1146 1216 1217
f 1146 1217 1218
f 1146 1218 1219
f 1146 1219 1147
f 1147 1220 1221
f 1147 1221 1222
f 1147 1222 1223
f 1147 1223 1224
f 1147 1224 1225
f 1147 1225 1148
f 1147 1219 1220
f 1148 1225 1149
f 1149 1225 1153
f 1149 1153 1150
f 1152 1153 1226
f 1152 1226 1227
f 1153 1225 1224
f 1153 1224 1228
f 1153 1228 1226
f 1155 1229 1230
f 1155 1230 1158
f 1155 1157 1229
f 1157 1231 1232
f 1157 1232 1229
f 1158 1230 1233
f 1158 1233 1234
f 1158 1234 1159
f 1159 1235 1160
f 1159 1234 1235
f 1160 1235 1236
f 1160 1236 1237
f 1160 1237 1238
f 1160 1238 1161
f 1161 1163 1162
f 1161 1238 1163
f 1163 1238 1167
f 1163 1167 1164
f 1165 1171 1166
f 1167 1238 1168
f 1168 1239 1240
f 1168 1240 1241
f 1168 1241 1242
f 1168 1242 1169
f 1168 1238 1237
f 1168 1237 1239
f 1169 1242 1241
f 1169 1241 1170
f 1170 1241 1243
f 1170 1243 1188
f 1172 1184 1244
f 1172 1244 1245
f 1172 1245 1246
f 1172 1246 1247
f 1172 1247 1248
f 1172 1248 1173
f 1173 1249 1174
f 1173 1248 1250
f 1173 1250 1249
f 1174 1249 1251
f 1174 1251 1176
f 1175 1252 1253
f 1175 1253 1254
f 1175 1254 1255
f 1175 1255 1256
f 1175 1256 1257
f 1175 1257 1258
f 1175 1258 1189
f 1175 1179 1252
f 1176 1251 1259
f 1176 1259 1177
f 1177 1259 1178
f 1178 1260 1252
f 1178 1252 1179
f 1178 1259 1251
f 1178 1251 1260
f 1180 1183 1181
f 1180 1187 1261
f 1180 1261 1262
f 1180 1262 1263
f 1180 1263 1264
f 1180 1264 1184
f 1180 1184 1183
f 1181 1183 1182
f 1184 1265 1244
f 1184 1264 1263
f 1184 1263 1265
f 1185 1188 1186
f 1186 1188 1266
f 1186 1266 1187
f 1187 1266 1261
f 1188 1243 1266
f 1189 1258 1257
f 1189 1257 1190
f 1190 1257 1191
f 1191 1257 1192
f 1192 1256 1267
f 1192 1267 1268
f 1192 1268 1193
f 1192 1257 1256
f 1193 1268 1269
f 1193 1269 1194
f 1194 1269 1270
f 1194 1270 1200
f 1196 1200 1197
f 1197 1200 1198
f 1198 1200 1271
f 1198 1271 1272
f 1198 1272 1273
f 1198 1273 1274
f 1198 1274 1205
f 1200 1270 1275
f 1200 1275 1271
f 1201 1276 1277
f 1201 1277 1202
f 1202 1277 1278
f 1202 1278 1279
f 1202 1279 1280
f 1202 1280 1281
f 1202 1281 1282
f 1202 1282 1208
f 1203 1283 1284
f 1203 1284 1285
f 1203 1285 1204
f 1203 1205 1286
f 1203 1286 1283
f 1204 1285 1206
f 1205 1274 1286
f 1206 1287 1288
f 1206 1288 1289
f 1206 1289 1207
f 1206 1285 1287
f 1207 1289 1276
f 1208 1282 1210
f 1208 1210 1209
f 1209 1210 1214
f 1210 1282 1217
f 1210 1217 1216
f 1210 1216 1211
f 1210 1213 1290
f 1210 1290 1214
f 1213 1215 1290
f 1214 1290 1291
f 1214 1291 1292
f 1214 1292 1215
f 1215 1292 1291
f 1215 1291 1290
f 1217 1282 1293
f 1217 1293 1294
f 1217 1294 1218
f 1218 1294 1295
f 1218 1295 1219
f 1219 1295 1296
f 1219 1296 1297
f 1219 1297 1220
f 1220 1297 1296
f 1220 1296 1298
f 1220 1298 1299
f 1220 1299 1221
f 1221 1299 1300
f 1221 1300 1301
f 1221 1301 1222
f 1222 1301 1223
f 1223 1302 1303
f 1223 1303 1224
f 1223 1301 1304
f 1223 1304 1302
f 1224 1303 1228
f 1226 1228 1227
f 1227 1228 1305
f 1227 1305 1306
f 1227 1306 1307
f 1228 1303 1305
f 1229 1232 1230
f 1230 1232 1233
f 1231 1308 1309
f 1231 1309 1232
f 1232 1309 1310
f 1232 1310 1233
f 1233 1311 1234
f 1233 1310 1311
f 1234 1311 1312
f 1234 1312 1313
f 1234 1313 1235
f 1235 1313 1236
f 1236 1314 1315
f 1236 1315 1237
f 1236 1313 1314
f 1237 1315 1239
f 1239 1315 1316
f 1239 1316 1317
f 1239 1317 1240
f 1240 1317 1318
f 1240 1318 1241
f 1241 1318 1243
f 1243 1317 1266
f 1243 1318 1317
f 1244 1265 1245
f 1245 1265 1319
f 1245 1319 1320
f 1245 1320 1246
f 1246 1321 1322
f 1246 1322 1323
f 1246 1323 1247
f 1246 1320 1324
f 1246 1324 1325
f 1246 1325 1326
f 1246 1326 1327
f 1246 1327 1321
f 1247 1323 1328
f 1247 1328 1248
f 1248 1328 1329
f 1248 1329 1250
f 1249 1250 1251
f 1250 1329 1252
f 1250 1252 1260
f 1250 1260 1251
f 1252 1329 1253
f 1253 1330 1254
f 1253 1329 1322
f 1253 1322 1331
f 1253 1331 1332
f 1253 1332 1333
f 1253 1333 1330
f 1254 1330 1334
f 1254 1334 1335
f 1254 1335 1336
f 1254 1336 1255
f 1255 1336 1267
f 1255 1267 1256
f 1261 1337 1262
f 1261 1266 1317
f 1261 1317 1337
f 1262 1337 1263
f 1263 1337 1338
f 1263 1338 1339
f 1263 1339 1340
f 1263 1340 1341
f 1263 1341 1265
f 1265 1341 1340
f 1265 1340 1319
f 1267 1336 1268
f 1268 1336 1269
f 1269 1336 1342
f 1269 1342 1270
f 1270 1342 1275
f 1271 1275 1343
f 1271 1343 1336
f 1271 1336 1344
f 1271 1344 1272
f 1272 1344 1273
f 1273 1344 1345
f 1273 1345 1346
f 1273 1346 1347
f 1273 1347 1348
f 1273 1348 1349
f 1273 1349 1274
f 1274 1349 1350
f 1274 1350 1286
f 1275 1342 1343
f 1276 1289 1277
f 1277 1289 1351
f 1277 1351 1278
f 1278 1351 1352
f 1278 1352 1353
f 1278 1353 1280
f 1278 1280 1279
f 1280 1353 1281
f 1281 1353 1354
f 1281 1354 1355
f 1281 1355 1282
f 1282 1355 1293
f 1283 1356 1284
f 1283 1286 1356
f 1284 1356 1357
f 1284 1357 1287
f 1284 1287 1285
f 1286 1350 1358
f 1286 1358 1356
f 1287 1357 1288
f 1288 1359 1360
f 1288 1360 1289
f 1288 1357 1359
f 1289 1360 1351
f 1293 1361 1362
f 1293 1362 1294
f 1293 1355 1361
f 1294 1362 1363
f 1294 1363 1295
f 1295 1363 1296
f 1296 1363 1364
f 1296 1364 1299
f 1296 1299 1298
f 1301 1365 1306
f 1301 1306 1366
f 1301 1366 1304
f 1302 1304 1306
f 1302 1306 1303
f 1303 1306 1305
f 1304 1366 1306
f 1306 1365 1307
f 1308 1367 1309
f 1309 1368 1369
f 1309 1369 1311
f 1309 1311 1310
f 1309 1367 1368
f 1311 1369 1370
f 1311 1370 1312
f 1312 1370 1371
f 1312 1371 1372
f 1312 1372 1313
f 1313 1372 1314
f 1314 1372 1371
f 1314 1371 1373
f 1314 1373 1374
f 1314 1374 1375
f 1314 1375 1315
f 1315 1375 1376
f 1315 1376 1337
f 1315 1337 1316
f 1316 1337 1317
f 1319 1340 1377
f 1319 1377 1320
f 1320 1377 1378
f 1320 1378 1379
f 1320 1379 1380
f 1320 1380 1381
f 1320 1381 1325
f 1320 1325 1382
f 1320 1382 1324
f 1321 1327 1383
f 1321 1383 1322
f 1322 1329 1328
f 1322 1328 1323
f 1322 1383 1384
f 1322 1384 1331
f 1324 1382 1325
f 1325 1381 1326
f 1326 1381 1332
f 1326 1332 1384
f 1326 1384 1383
f 1326 1383 1327
f 1330 1333 1385
f 1330 1385 1386
f 1330 1386 1334
f 1331 1384 1332
f 1332 1381 1380
f 1332 1380 1387
f 1332 1387 1333
f 1333 1387 1385
f 1334 1386 1388
f 1334 1388 1389
f 1334 1389 1335
f 1335 1389 1390
f 1335 1390 1336
f 1336 1343 1342
f 1336 1390 1391
f 1336 1391 1392
f 1336 1392 1393
f 1336 1393 1394
f 1336 1394 1345
f 1336 1345 1344
f 1337 1395 1338
f 1337 1376 1396
f 1337 1396 1397
f 1337 1397 1398
f 1337 1398 1395
f 1338 1395 1399
f 1338 1399 1339
f 1339 1399 1340
f 1340 1399 1377
f 1345 1394 1392
f 1345 1392 1400
f 1345 1400 1401
f 1345 1401 1402
f 1345 1402 1346
f 1346 1402 1403
f 1346 1403 1347
f 1347 1404 1348
f 1347 1403 1391
f 1347 1391 1404
f 1348 1405 1406
f 1348 1406 1407
f 1348 1407 1408
f 1348 1408 1349
f 1348 1404 1405
f 1349 1408 1350
f 1350 1407 1409
f 1350 1409 1358
f 1350 1408 1407
f 1351 1360 1352
f 1352 1360 1353
f 1353 1360 1359
f 1353 1359 1410
f 1353 1410 1354
f 1354 1410 1411
f 1354 1411 1355
f 1355 1411 1361
f 1356 1358 1357
f 1357 1412 1359
f 1357 1358 1412
f 1358 1409 1413
f 1358 1413 1412
f 1359 1412 1414
f 1359 1414 1410
f 1361 1411 1415
f 1361 1415 1362
f 1362 1415 1416
f 1362 1416 1363
f 1363 1416 1417
f 1363 1417 1364
f 1364 1417 1419
f 1364 1419 1418
f 1367 1420 1421
f 1367 1421 1368
f 1368 1422 1369
f 1368 1421 1423
f 1368 1423 1424
f 1368 1424 1422
f 1369 1422 1425
f 1369 1425 1426
f 1369 1426 1427
f 1369 1427 1428
f 1369 1428 1429
f 1369 1429 1370
f 1370 1429 1430
f 1370 1430 1371
f 1371 1430 1431
f 1371 1431 1432
f 1371 1432 1433
f 1371 1433 1373
f 1373 1433 1374
f 1374 1433 1434
f 1374 1434 1435
f 1374 1435 1436
f 1374 1436 1375
f 1375 1436 1437
f 1375 1437 1376
f 1376 1437 1438
f 1376 1438 1396
f 1377 1399 1378
f 1378 1399 1439
f 1378 1439 1379
f 1379 1439 1440
f 1379 1440 1441
f 1379 1441 1380
f 1380 1441 1442
f 1380 1442 1387
f 1385 1387 1443
f 1385 1443 1386
f 1386 1443 1444
f 1386 1444 1388
f 1387 1442 1445
f 1387 1445 1446
f 1387 1446 1443
f 1388 1444 1447
f 1388 1447 1446
f 1388 1446 1448
f 1388 1448 1389
f 1389 1448 1391
f 1389 1391 1390
f 1391 1403 1401
f 1391 1401 1392
f 1391 1448 1449
f 1391 1449 1450
f 1391 1450 1404
f 1392 1394 1393
f 1392 1401 1400
f 1395 1398 1438
f 1395 1438 1399
f 1396 1438 1398
f 1396 1398 1397
f 1399 1438 1437
f 1399 1437 1436
f 1399 1436 1435
f 1399 1435 1451
f 1399 1451 1452
f 1399 1452 1453
f 1399 1453 1439
f 1401 1403 1402
f 1404 1450 1454
f 1404 1454 1405
f 1405 1454 1406
f 1406 1454 1407
f 1407 1455 1456
f 1407 1456 1409
f 1407 1454 1450
f 1407 1450 1455
f 1409 1456 1413
f 1410 1457 1458
f 1410 1458 1459
f 1410 1459 1415
f 1410 1415 1411
f 1410 1414 1457
f 1412 1413 1414
f 1413 1456 1460
f 1413 1460 1461
f 1413 1461 1462
f 1413 1462 1457
f 1413 1457 1414
f 1415 1459 1463
f 1415 1463 1416
f 1416 1463 1419
f 1416 1419 1417
f 1418 1419 1464
f 1419 1463 1458
f 1419 1458 1465
f 1419 1465 1464
f 1420 1466 1467
f 1420 1467 1468
f 1420 1468 1469
f 1420 1469 1421
f 1421 1469 1470
f 1421 1470 1471
f 1421 1471 1424
f 1421 1424 1423
f 1422 1424 1471
f 1422 1471 1425
f 1425 1472 1473
f 1425 1473 1426
f 1425 1471 1472
f 1426 1473 1427
f 1427 1474 1475
f 1427 1475 1428
f 1427 1473 1474
f 1428 1475 1431
f 1428 1431 1429
f 1429 1431 1430
f 1431 1475 1432
f 1432 1476 1477
f 1432 1477 1433
f 1432 1475 1476
f 1433 1477 1434
f 1434 1451 1435
f 1434 1477 1451
f 1439 1453 1478
f 1439 1478 1440
f 1440 1478 1479
f 1440 1479 1441
f 1441 1479 1480
f 1441 1480 1481
f 1441 1481 1482
f 1441 1482 1483
f 1441 1483 1484
f 1441 1484 1442
f 1442 1484 1485
f 1442 1485 1486
f 1442 1486 1487
f 1442 1487 1445
f 1443 1446 1447
f 1443 1447 1444
f 1445 1487 1446
f 1446 1487 1448
f 1448 1487 1449
f 1449 1488 1489
f 1449 1489 1450
f 1449 1487 1488
f 1450 1489 1490
f 1450 1490 1455
f 1451 1477 1491
f 1451 1491 1492
f 1451 1492 1478
f 1451 1478 1452
f 1452 1478 1453
f 1455 1490 1456
f 1456 1493 1460
f 1456 1490 1493
f 1457 1462 1494
f 1457 1494 1458
f 1458 1494 1495
f 1458 1495 1465
f 1458 1463 1459
f 1460 1496 1497
f 1460 1497 1498
f 1460 1498 1461
f 1460 1493 1496
f 1461 1498 1499
f 1461 1499 1500
f 1461 1500 1501
f 1461 1501 1462
f 1462 1501 1494
f 1464 1465 1495
f 1464 1495 1503
f 1464 1503 1502
f 1466 1504 1505
f 1466 1505 1467
f 1467 1505 1468
f 1468 1505 1469
f 1469 1506 1507
f 1469 1507 1470
f 1469 1505 1506
f 1470 1507 1508
f 1470 1508 1471
f 1471 1508 1472
f 1472 1508 1509
f 1472 1509 1510
f 1472 1510 1511
f 1472 1511 1473
f 1473 1511 1474
f 1474 1512 1513
f 1474 1513 1514
f 1474 1514 1475
f 1474 1511 1512
f 1475 1514 1515
f 1475 1515 1476
f 1476 1515 1491
f 1476 1491 1477
f 1478 1492 1515
f 1478 1515 1479
f 1479 1515 1480
f 1480 1515 1481
f 1481 1515 1514
f 1481 1514 1513
f 1481 1513 1516
f 1481 1516 1482
f 1482 1517 1483
f 1482 1516 1517
f 1483 1517 1484
f 1484 1517 1518
f 1484 1518 1519
f 1484 1519 1485
f 1485 1520 1486
f 1485 1519 1521
f 1485 1521 1520
f 1486 1520 1487
f 1487 1520 1488
f 1488 1520 1521
f 1488 1521 1522
f 1488 1522 1523
f 1488 1523 1489
f 1489 1523 1524
f 1489 1524 1525
f 1489 1525 1490
f 1490 1525 1493
f 1491 1515 1492
f 1493 1525 1526
f 1493 1526 1496
f 1494 1501 1527
f 1494 1527 1495
f 1495 1527 1528
f 1495 1528 1503
f 1496 1526 1529
f 1496 1529 1524
f 1496 1524 1530
f 1496 1530 1531
f 1496 1531 1532
f 1496 1532 1497
f 1497 1499 1498
f 1497 1532 1531
f 1497 1531 1533
f 1497 1533 1534
f 1497 1534 1499
f 1499 1534 1535
f 1499 1535 1500
f 1500 1535 1527
f 1500 1527 1501
f 1502 1503 1536
f 1503 1528 1536
f 1504 1537 1505
f 1505 1537 1538
f 1505 1538 1539
f 1505 1539 1540
f 1505 1540 1541
f 1505 1541 1506
f 1506 1541 1542
f 1506 1542 1543
f 1506 1543 1544
f 1506 1544 1545
f 1506 1545 1509
f 1506 1509 1507
f 1507 1509 1508
f 1509 1545 1544
f 1509 1544 1510
f 1510 1544 1546
f 1510 1546 1511
f 1511 1546 1547
f 1511 1547 1512
f 1512 1547 1548
f 1512 1548 1513
f 1513 1548 1516
f 1516 1548 1549
f 1516 1549 1517
f 1517 1549 1518
f 1518 1549 1519
f 1519 1549 1550
f 1519 1550 1521
f 1521 1550 1522
f 1522 1550 1547
f 1522 1547 1551
f 1522 1551 1524
f 1522 1524 1523
f 1524 1551 1530
f 1524 1529 1525
f 1525 1529 1526
f 1527 1535 1552
f 1527 1552 1528
f 1528 1552 1536
f 1530 1551 1531
f 1531 1553 1554
f 1531 1554 1533
f 1531 1551 1553
f 1533 1555 1534
f 1533 1554 1556
f 1533 1556 1557
f 1533 1557 1555
f 1534 1555 1552
f 1534 1552 1535
f 1536 1552 1558
f 1539 1559 1540
f 1540 1559 1541
f 1541 1559 1560
f 1541 1560 1561
f 1541 1561 1562
f 1541 1562 1542
f 1542 1562 1543
f 1543 1562 1563
f 1543 1563 1564
f 1543 1564 1544
f 1544 1564 1565
f 1544 1565 1546
f 1546 1565 1566
f 1546 1566 1547
f 1547 1566 1551
f 1547 1550 1548
f 1548 1550 1549
f 1551 1566 1567
f 1551 1567 1563
f 1551 1563 1553
f 1552 1555 1568
f 1552 1568 1558
f 1553 1563 1569
f 1553 1569 1554
f 1554 1569 1556
f 1555 1557 1570
f 1555 1570 1568
f 1556 1569 1557
f 1557 1571 1572
f 1557 1572 1570
f 1557 1569 1571
f 1559 1573 1560
f 1560 1573 1561
f 1561 1573 1562
f 1562 1574 1575
f 1562 1575 1569
f 1562 1569 1576
f 1562 1576 1563
f 1562 1573 1574
f 1563 1576 1569
f 1563 1567 1564
f 1564 1567 1565
f 1565 1567 1566
f 1569 1575 1571
f 1571 1575 1574
f 1571 1574 1573

o geometry_2
v 0.04845810 -0.00052241 -0.01876116 0.43529412 0.89019608 0.96078431
v 0.04845810 -0.00269185 -0.01851191 0.43529412 0.89019608 0.96078431
v 0.04629032 -0.00269185 -0.01819722 0.43529412 0.89019608 0.96078431
v 0.04629032 -0.00052241 -0.01841532 0.43529412 0.89019608 0.96078431
v 0.02633883 0.00164392 -0.01520923 0.43529412 0.89019608 0.96078431
v 0.04845810 0.00164392 -0.01872066 0.43529412 0.89019608 0.96078431
v 0.05062947 0.00164392 -0.01850256 0.43529412 0.89019608 0.96078431
v 0.05062947 -0.00052241 -0.01848075 0.43529412 0.89019608 0.96078431
v 0.05062947 -0.00269185 -0.01834366 0.43529412 0.89019608 0.96078431
v 0.04845810 -0.00486130 -0.01807882 0.43529412 0.89019608 0.96078431
v 0.04615034 -0.00499825 -0.01771739 0.43529412 0.89019608 0.96078431
v 0.05062947 -0.00486130 -0.01794484 0.43529412 0.89019608 0.96078431
v 0.02633883 -0.00486130 -0.01459855 0.43529412 0.89019608 0.96078431
v 0.02633883 -0.00444733 -0.01467021 0.43529412 0.89019608 0.96078431
v 0.02633883 -0.00269185 -0.01490077 0.43529412 0.89019608 0.96078431
v 0.02633883 -0.00224676 -0.01494439 0.43529412 0.89019608 0.96078431
v 0.02633883 -0.00012712 -0.01514380 0.43529412 0.89019608 0.96078431
v 0.02633883 0.00240027 -0.01518742 0.43529412 0.89019608 0.96078431
v 0.04845810 0.00381648 -0.01833742 0.43529412 0.89019608 0.96078431
v 0.05062947 0.00381648 -0.01819099 0.43529412 0.89019608 0.96078431
v 0.02633883 0.00345231 -0.01514380 0.43529412 0.89019608 0.96078431
v 0.02633883 0.00389118 -0.01510641 0.43529412 0.89019608 0.96078431
v 0.05205073 0.00381648 -0.01761146 0.43529412 0.89019608 0.96078431
v 0.05233426 0.00164392 -0.01779217 0.43529412 0.89019608 0.96078431
v 0.05234862 -0.00052241 -0.01779217 0.43529412 0.89019608 0.96078431
v 0.05229478 -0.00269185 -0.01776725 0.43529412 0.89019608 0.96078431
v 0.05197895 -0.00486130 -0.01757095 0.43529412 0.89019608 0.96078431
v 0.04845810 -0.00635221 -0.01761146 0.43529412 0.89019608 0.96078431
v 0.04678202 -0.00617168 -0.01752110 0.43529412 0.89019608 0.96078431
v 0.05172054 -0.00595691 -0.01740271 0.43529412 0.89019608 0.96078431
v 0.05062947 -0.00619035 -0.01752110 0.43529412 0.89019608 0.96078431
v 0.02633883 -0.00661055 -0.01410938 0.43529412 0.89019608 0.96078431
v 0.04862678 0.00599837 -0.01767377 0.43529412 0.89019608 0.96078431
v 0.04946303 0.00709710 -0.01741205 0.43529412 0.89019608 0.96078431
v 0.04958865 0.00709710 -0.01741205 0.43529412 0.89019608 0.96078431
v 0.02633883 0.00595479 -0.01465775 0.43529412 0.89019608 0.96078431
v 0.05043925 0.00579917 -0.01760523 0.43529412 0.89019608 0.96078431
v 0.05174925 0.00495255 -0.01741828 0.43529412 0.89019608 0.96078431
v 0.05313462 0.00381648 -0.01691354 0.43529412 0.89019608 0.96078431
v 0.05609558 0.00283602 -0.01525908 0.43529412 0.89019608 0.96078431
v 0.05342174 0.00164392 -0.01708802 0.43529412 0.89019608 0.96078431
v 0.05496862 -0.00052241 -0.01613149 0.43529412 0.89019608 0.96078431
v 0.05343251 -0.00052241 -0.01710671 0.43529412 0.89019608 0.96078431
v 0.05617813 -0.00208491 -0.01532763 0.43529412 0.89019608 0.96078431
v 0.05338226 -0.00269185 -0.01706309 0.43529412 0.89019608 0.96078431
v 0.05514089 -0.00276344 -0.01588846 0.43529412 0.89019608 0.96078431
v 0.05597714 -0.00353224 -0.01516873 0.43529412 0.89019608 0.96078431
v 0.05306284 -0.00486130 -0.01680449 0.43529412 0.89019608 0.96078431
v 0.05062947 -0.00727663 -0.01696027 0.43529412 0.89019608 0.96078431
v 0.04988654 -0.01042030 -0.01533698 0.43529412 0.89019608 0.96078431
v 0.04914002 -0.01042030 -0.01533698 0.43529412 0.89019608 0.96078431
v 0.04845810 -0.00743537 -0.01699143 0.43529412 0.89019608 0.96078431
v 0.02633883 -0.00846874 -0.01331798 0.43529412 0.89019608 0.96078431
v 0.02633883 -0.00818861 -0.01345196 0.43529412 0.89019608 0.96078431
v 0.02633883 -0.00703385 -0.01398163 0.43529412 0.89019608 0.96078431
v 0.05455947 -0.00486130 -0.01572021 0.43529412 0.89019608 0.96078431
v 0.05413955 -0.00632108 -0.01542733 0.43529412 0.89019608 0.96078431
v 0.05267522 -0.00686266 -0.01622184 0.43529412 0.89019608 0.96078431
v 0.05217993 -0.00863370 -0.01557377 0.43529412 0.89019608 0.96078431
v 0.05133292 -0.01007792 -0.01507526 0.43529412 0.89019608 0.96078431
v 0.05061870 -0.00929356 -0.01581057 0.43529412 0.89019608 0.96078431
v 0.04845810 0.00965561 -0.01556131 0.43529412 0.89019608 0.96078431
v 0.02633883 0.00789391 -0.01366071 0.43529412 0.89019608 0.96078431
v 0.05062947 0.00957779 -0.01550834 0.43529412 0.89019608 0.96078431
v 0.05182462 0.00934435 -0.01531205 0.43529412 0.89019608 0.96078431
v 0.05103503 0.00639989 -0.01712541 0.43529412 0.89019608 0.96078431
v 0.05231273 0.00815536 -0.01562986 0.43529412 0.89019608 0.96078431
v 0.05280084 0.00598592 -0.01631843 0.43529412 0.89019608 0.96078431
v 0.05432977 0.00556884 -0.01551457 0.43529412 0.89019608 0.96078431
v 0.05501887 0.00366085 -0.01572644 0.43529412 0.89019608 0.96078431
v 0.05618531 -0.00052241 -0.01533698 0.43529412 0.89019608 0.96078431
v 0.05496862 0.00164392 -0.01605983 0.43529412 0.89019608 0.96078431
v 0.05577615 0.00428336 -0.01500359 0.43529412 0.89019608 0.96078431
v 0.06300449 0.00222285 -0.00765670 0.43529412 0.89019608 0.96078431
v 0.06300449 0.00164392 -0.00786545 0.43529412 0.89019608 0.96078431
v 0.06300449 0.00026506 -0.00802124 0.43529412 0.89019608 0.96078431
v 0.06300449 -0.00052241 -0.00808356 0.43529412 0.89019608 0.96078431
v 0.05715794 -0.00267940 -0.01413742 0.43529412 0.89019608 0.96078431
v 0.05826336 -0.00182657 -0.01310611 0.43529412 0.89019608 0.96078431
v 0.05564336 -0.00486130 -0.01489454 0.43529412 0.89019608 0.96078431
v 0.05813774 -0.00327390 -0.01291917 0.43529412 0.89019608 0.96078431
v 0.05678827 -0.00486130 -0.01381027 0.43529412 0.89019608 0.96078431
v 0.04988654 -0.01256796 -0.01317777 0.43529412 0.89019608 0.96078431
v 0.05061152 -0.01136963 -0.01412496 0.43529412 0.89019608 0.96078431
v 0.04915796 -0.01256796 -0.01317777 0.43529412 0.89019608 0.96078431
v 0.02633883 -0.01065686 -0.01128964 0.43529412 0.89019608 0.96078431
v 0.02633883 -0.00955502 -0.01237703 0.43529412 0.89019608 0.96078431
v 0.05639347 -0.00657009 -0.01339276 0.43529412 0.89019608 0.96078431
v 0.05598432 -0.00801742 -0.01299395 0.43529412 0.89019608 0.96078431
v 0.05362632 -0.00776841 -0.01502229 0.43529412 0.89019608 0.96078431
v 0.05300541 -0.00943051 -0.01432436 0.43529412 0.89019608 0.96078431
v 0.05238451 -0.01087162 -0.01362956 0.43529412 0.89019608 0.96078431
v 0.05133292 -0.01231895 -0.01287866 0.43529412 0.89019608 0.96078431
v 0.04845810 0.01073877 -0.01465463 0.43529412 0.89019608 0.96078431
v 0.02633883 0.00810556 -0.01349869 0.43529412 0.89019608 0.96078431
v 0.02633883 0.00898019 -0.01282881 0.43529412 0.89019608 0.96078431
v 0.05062947 0.01066407 -0.01452065 0.43529412 0.89019608 0.96078431
v 0.05384884 0.00701617 -0.01519988 0.43529412 0.89019608 0.96078431
v 0.05062947 0.01178770 -0.01343638 0.43529412 0.89019608 0.96078431
v 0.05183898 0.01152314 -0.01317154 0.43529412 0.89019608 0.96078431
v 0.05255678 0.01009759 -0.01391620 0.43529412 0.89019608 0.96078431
v 0.05405700 0.00940038 -0.01321205 0.43529412 0.89019608 0.96078431
v 0.05613506 0.00717802 -0.01313727 0.43529412 0.89019608 0.96078431
v 0.05642577 0.00598592 -0.01349246 0.43529412 0.89019608 0.96078431
v 0.05501887 0.00616956 -0.01469202 0.43529412 0.89019608 0.96078431
v 0.06300449 0.00329046 -0.00708341 0.43529412 0.89019608 0.96078431
v 0.06300449 -0.00249888 -0.00733266 0.43529412 0.89019608 0.96078431
v 0.05787216 -0.00486130 -0.01254528 0.43529412 0.89019608 0.96078431
v 0.05061870 -0.01310332 -0.01208104 0.43529412 0.89019608 0.96078431
v 0.05023826 -0.01484323 -0.00916471 0.43529412 0.89019608 0.96078431
v 0.04885648 -0.01484323 -0.00916471 0.43529412 0.89019608 0.96078431
v 0.04844374 -0.01310020 -0.01210908 0.43529412 0.89019608 0.96078431
v 0.02633883 -0.01202638 -0.00932362 0.43529412 0.89019608 0.96078431
v 0.02633883 -0.01178982 -0.00966323 0.43529412 0.89019608 0.96078431
v 0.05722613 -0.00713657 -0.01202807 0.43529412 0.89019608 0.96078431
v 0.05599509 -0.01022732 -0.01081605 0.43529412 0.89019608 0.96078431
v 0.05526651 -0.00950521 -0.01227421 0.43529412 0.89019608 0.96078431
v 0.05383448 -0.01023044 -0.01300329 0.43529412 0.89019608 0.96078431
v 0.05453794 -0.00878310 -0.01357659 0.43529412 0.89019608 0.96078431
v 0.05805520 -0.00769994 -0.01051071 0.43529412 0.89019608 0.96078431
v 0.05660881 -0.00877999 -0.01154513 0.43529412 0.89019608 0.96078431
v 0.05303772 -0.01158751 -0.01221813 0.43529412 0.89019608 0.96078431
v 0.05224454 -0.01283564 -0.01143297 0.43529412 0.89019608 0.96078431
v 0.04845810 0.01190598 -0.01357036 0.43529412 0.89019608 0.96078431
v 0.02633883 0.00998865 -0.01174454 0.43529412 0.89019608 0.96078431
v 0.05002651 0.01375794 -0.01117436 0.43529412 0.89019608 0.96078431
v 0.05070125 0.01294557 -0.01192837 0.43529412 0.89019608 0.96078431
v 0.05147289 0.01346848 -0.01068207 0.43529412 0.89019608 0.96078431
v 0.05265728 0.01188108 -0.01180685 0.43529412 0.89019608 0.96078431
v 0.05396369 0.01147022 -0.01097184 0.43529412 0.89019608 0.96078431
v 0.05619248 0.00939104 -0.01105908 0.43529412 0.89019608 0.96078431
v 0.05550339 0.00862536 -0.01250478 0.43529412 0.89019608 0.96078431
v 0.05655498 0.00800285 -0.01185671 0.43529412 0.89019608 0.96078431
v 0.06300449 0.00426157 -0.00546323 0.43529412 0.89019608 0.96078431
v 0.05655139 0.00982057 -0.00980344 0.43529412 0.89019608 0.96078431
v 0.06300449 -0.00326456 -0.00656619 0.43529412 0.89019608 0.96078431
v 0.05083045 -0.01433277 -0.00985329 0.43529412 0.89019608 0.96078431
v 0.05168465 -0.01461601 -0.00869112 0.43529412 0.89019608 0.96078431
v 0.05083045 -0.01514515 -0.00783430 0.43529412 0.89019608 0.96078431
v 0.05062947 -0.01576766 -0.00546323 0.43529412 0.89019608 0.96078431
v 0.04826429 -0.01511713 -0.00782495 0.43529412 0.89019608 0.96078431
v 0.02633883 -0.01251505 -0.00763177 0.43529412 0.89019608 0.96078431
v 0.05454511 -0.01085606 -0.01155759 0.43529412 0.89019608 0.96078431
v 0.05729073 -0.00931224 -0.00994053 0.43529412 0.89019608 0.96078431
v 0.05652268 -0.01071599 -0.00937035 0.43529412 0.89019608 0.96078431
v 0.05369092 -0.01230339 -0.01061976 0.43529412 0.89019608 0.96078431
v 0.05835309 -0.00839715 -0.00906501 0.43529412 0.89019608 0.96078431
v 0.05290133 -0.01324649 -0.00985952 0.43529412 0.89019608 0.96078431
v 0.04845810 0.01299226 -0.01225552 0.43529412 0.89019608 0.96078431
v 0.02633883 0.01107493 -0.01033000 0.43529412 0.89019608 0.96078431
v 0.05062947 0.01502163 -0.00763177 0.43529412 0.89019608 0.96078431
v 0.05070125 0.01413767 -0.00989691 0.43529412 0.89019608 0.96078431
v 0.04845810 0.01375483 -0.01117124 0.43529412 0.89019608 0.96078431
v 0.04845810 0.01439913 -0.00980344 0.43529412 0.89019608 0.96078431
v 0.05208662 0.01382953 -0.00923638 0.43529412 0.89019608 0.96078431
v 0.05280802 0.01295491 -0.00989691 0.43529412 0.89019608 0.96078431
v 0.05439078 0.01180015 -0.00980344 0.43529412 0.89019608 0.96078431
v 0.05593048 0.01131148 -0.00851976 0.43529412 0.89019608 0.96078431
v 0.05547826 0.01090685 -0.00980344 0.43529412 0.89019608 0.96078431
v 0.06300449 0.00475024 -0.00329156 0.43529412 0.89019608 0.96078431
v 0.05630374 0.01164452 -0.00707406 0.43529412 0.89019608 0.96078431
v 0.05654421 0.01184995 -0.00546323 0.43529412 0.89019608 0.96078431
v 0.06300449 -0.00434462 -0.00513296 0.43529412 0.89019608 0.96078431
v 0.05212251 -0.01485879 -0.00724231 0.43529412 0.89019608 0.96078431
v 0.05420774 -0.01268624 -0.00917406 0.43529412 0.89019608 0.96078431
v 0.05282596 -0.01419582 -0.00783430 0.43529412 0.89019608 0.96078431
v 0.05062947 -0.01596686 -0.00329156 0.43529412 0.89019608 0.96078431
v 0.04845810 -0.01562448 -0.00546323 0.43529412 0.89019608 0.96078431
v 0.05247783 -0.01508912 -0.00546323 0.43529412 0.89019608 0.96078431
v 0.02633883 -0.01272670 -0.00546323 0.43529412 0.89019608 0.96078431
v 0.05800495 -0.00991296 -0.00763177 0.43529412 0.89019608 0.96078431
v 0.05692106 -0.01112996 -0.00763177 0.43529412 0.89019608 0.96078431
v 0.05572232 -0.01221313 -0.00763177 0.43529412 0.89019608 0.96078431
v 0.02633883 0.01168187 -0.00924572 0.43529412 0.89019608 0.96078431
v 0.04845810 0.01515236 -0.00763177 0.43529412 0.89019608 0.96078431
v 0.04972144 0.01580288 -0.00498340 0.43529412 0.89019608 0.96078431
v 0.05051821 0.01546984 -0.00560967 0.43529412 0.89019608 0.96078431
v 0.05251013 0.01410966 -0.00763177 0.43529412 0.89019608 0.96078431
v 0.02633883 0.01239465 -0.00763177 0.43529412 0.89019608 0.96078431
v 0.05359761 0.01336576 -0.00763177 0.43529412 0.89019608 0.96078431
v 0.05511218 0.01224525 -0.00773148 0.43529412 0.89019608 0.96078431
v 0.06300449 0.00463819 -0.00235061 0.43529412 0.89019608 0.96078431
v 0.05667342 0.01194022 -0.00329156 0.43529412 0.89019608 0.96078431
v 0.05772859 0.01069520 -0.00112613 0.43529412 0.89019608 0.96078431
v 0.05385243 0.01355874 -0.00643845 0.43529412 0.89019608 0.96078431
v 0.05486095 0.01305139 -0.00561278 0.43529412 0.89019608 0.96078431
v 0.05406777 0.01370503 -0.00498964 0.43529412 0.89019608 0.96078431
v 0.05526651 0.01302338 -0.00329156 0.43529412 0.89019608 0.96078431
v 0.06300449 -0.00466521 -0.00393340 0.43529412 0.89019608 0.96078431
v 0.05818799 -0.01022732 -0.00633563 0.43529412 0.89019608 0.96078431
v 0.05356531 -0.01441370 -0.00546323 0.43529412 0.89019608 0.96078431
v 0.05463843 -0.01301305 -0.00763177 0.43529412 0.89019608 0.96078431
v 0.05260703 -0.01518872 -0.00329156 0.43529412 0.89019608 0.96078431
v 0.05062947 -0.01588904 -0.00112613 0.43529412 0.89019608 0.96078431
v 0.04845810 -0.01577077 -0.00112613 0.43529412 0.89019608 0.96078431
v 0.04845810 -0.01578944 -0.00329156 0.43529412 0.89019608 0.96078431
v 0.02633883 -0.01283252 -0.00392094 0.43529412 0.89019608 0.96078431
v 0.05629298 -0.01263955 -0.00500521 0.43529412 0.89019608 0.96078431
v 0.05601662 -0.01242478 -0.00645091 0.43529412 0.89019608 0.96078431
v 0.04936254 0.01580288 -0.00498340 0.43529412 0.89019608 0.96078431
v 0.02633883 0.01250981 -0.00721115 0.43529412 0.89019608 0.96078431
v 0.02633883 0.01292689 -0.00546323 0.43529412 0.89019608 0.96078431
v 0.04984706 0.01583090 -0.00329156 0.43529412 0.89019608 0.96078431
v 0.05093095 0.01550408 -0.00329156 0.43529412 0.89019608 0.96078431
v 0.05280084 0.01462946 -0.00329156 0.43529412 0.89019608 0.96078431
v 0.05299824 0.01424661 -0.00561278 0.43529412 0.89019608 0.96078431
v 0.06300449 0.00429269 -0.00112613 0.43529412 0.89019608 0.96078431
v 0.05645090 0.01173479 0.00104553 0.43529412 0.89019608 0.96078431
v 0.05764964 0.01023765 0.00113901 0.43529412 0.89019608 0.96078431
v 0.05664111 0.01189042 -0.00112613 0.43529412 0.89019608 0.96078431
v 0.05418262 0.01378907 -0.00329156 0.43529412 0.89019608 0.96078431
v 0.05412878 0.01375483 -0.00112613 0.43529412 0.89019608 0.96078431
v 0.05521268 0.01297669 -0.00112613 0.43529412 0.89019608 0.96078431
v 0.06300449 -0.00479594 -0.00329156 0.43529412 0.89019608 0.96078431
v 0.05830284 -0.01041408 -0.00488993 0.43529412 0.89019608 0.96078431
v 0.05369451 -0.01450085 -0.00329156 0.43529412 0.89019608 0.96078431
v 0.05516243 -0.01326517 -0.00562213 0.43529412 0.89019608 0.96078431
v 0.05360837 -0.01444171 -0.00112613 0.43529412 0.89019608 0.96078431
v 0.05252089 -0.01512647 -0.00112613 0.43529412 0.89019608 0.96078431
v 0.05225172 -0.01495839 0.00104553 0.43529412 0.89019608 0.96078431
v 0.05062947 -0.01557156 0.00104553 0.43529412 0.89019608 0.96078431
v 0.04845810 -0.01552176 0.00104553 0.43529412 0.89019608 0.96078431
v 0.02633883 -0.01282630 0.00331690 0.43529412 0.89019608 0.96078431
v 0.02633883 -0.01288544 0.00276230 0.43529412 0.89019608 0.96078431
v 0.02633883 -0.01300683 0.00104553 0.43529412 0.89019608 0.96078431
v 0.02633883 -0.01300371 0.00062180 0.43529412 0.89019608 0.96078431
v 0.02633883 -0.01298815 -0.00112613 0.43529412 0.89019608 0.96078431
v 0.02633883 -0.01297259 -0.00154675 0.43529412 0.89019608 0.96078431
v 0.02633883 -0.01286988 -0.00336322 0.43529412 0.89019608 0.96078431
v 0.05744147 -0.01151592 -0.00329156 0.43529412 0.89019608 0.96078431
v 0.05635758 -0.01269246 -0.00329156 0.43529412 0.89019608 0.96078431
v 0.05496862 -0.01365424 -0.00329156 0.43529412 0.89019608 0.96078431
v 0.04926922 0.01583090 -0.00329156 0.43529412 0.89019608 0.96078431
v 0.02633883 0.01295491 -0.00503949 0.43529412 0.89019608 0.96078431
v 0.02633883 0.01302650 -0.00329156 0.43529412 0.89019608 0.96078431
v 0.04987218 0.01582778 -0.00112613 0.43529412 0.89019608 0.96078431
v 0.05095966 0.01553209 -0.00112613 0.43529412 0.89019608 0.96078431
v 0.05280084 0.01462012 -0.00112613 0.43529412 0.89019608 0.96078431
v 0.06300449 0.00400634 -0.00043132 0.43529412 0.89019608 0.96078431
v 0.05481788 0.01289888 0.00099880 0.43529412 0.89019608 0.96078431
v 0.05622479 0.01155115 0.00238530 0.43529412 0.89019608 0.96078431
v 0.05399599 0.01365523 0.00024168 0.43529412 0.89019608 0.96078431
v 0.06300449 -0.00444422 -0.00124141 0.43529412 0.89019608 0.96078431
v 0.05821670 -0.01027090 -0.00016960 0.43529412 0.89019608 0.96078431
v 0.05333561 -0.01424873 0.00104553 0.43529412 0.89019608 0.96078431
v 0.05496862 -0.01350795 -0.00112613 0.43529412 0.89019608 0.96078431
v 0.05613865 -0.01252438 0.00017001 0.43529412 0.89019608 0.96078431
v 0.05193229 -0.01476541 0.00255355 0.43529412 0.89019608 0.96078431
v 0.05056845 -0.01494905 0.00325147 0.43529412 0.89019608 0.96078431
v 0.04980399 -0.01467826 0.00438248 0.43529412 0.89019608 0.96078431
v 0.04935177 -0.01467826 0.00438248 0.43529412 0.89019608 0.96078431
v 0.04856218 -0.01495217 0.00321720 0.43529412 0.89019608 0.96078431
v 0.02633883 -0.01257730 0.00452892 0.43529412 0.89019608 0.96078431
v 0.05749890 -0.01119221 -0.00098592 0.43529412 0.89019608 0.96078431
v 0.05623914 -0.01260842 -0.00112613 0.43529412 0.89019608 0.96078431
v 0.04927999 0.01582778 -0.00112613 0.43529412 0.89019608 0.96078431
v 0.02633883 0.01302961 -0.00287094 0.43529412 0.89019608 0.96078431
v 0.02633883 0.01303272 -0.00112613 0.43529412 0.89019608 0.96078431
v 0.04975733 0.01580288 0.00020117 0.43529412 0.89019608 0.96078431
v 0.05053974 0.01537646 0.00097076 0.43529412 0.89019608 0.96078431
v 0.05290851 0.01418436 0.00099880 0.43529412 0.89019608 0.96078431
v 0.06300449 0.00334648 0.00052521 0.43529412 0.89019608 0.96078431
v 0.05796188 0.00881522 0.00321408 0.43529412 0.89019608 0.96078431
v 0.05370528 0.01346225 0.00169049 0.43529412 0.89019608 0.96078431
v 0.05424722 0.01172545 0.00474702 0.43529412 0.89019608 0.96078431
v 0.05569361 0.01108427 0.00383411 0.43529412 0.89019608 0.96078431
v 0.05647243 0.00963693 0.00480622 0.43529412 0.89019608 0.96078431
v 0.05681339 0.01034659 0.00315177 0.43529412 0.89019608 0.96078431
v 0.05229120 0.01395403 0.00321408 0.43529412 0.89019608 0.96078431
v 0.05194306 0.01371748 0.00455073 0.43529412 0.89019608 0.96078431
v 0.06300449 -0.00401780 -0.00053726 0.43529412 0.89019608 0.96078431
v 0.05823106 -0.00812636 0.00431082 0.43529412 0.89019608 0.96078431
v 0.05766758 -0.00956435 0.00321408 0.43529412 0.89019608 0.96078431
v 0.05809468 -0.01008726 0.00104553 0.43529412 0.89019608 0.96078431
v 0.05504758 -0.01306285 0.00095206 0.43529412 0.89019608 0.96078431
v 0.05582281 -0.01226604 0.00161571 0.43529412 0.89019608 0.96078431
v 0.05686722 -0.01147546 0.00095206 0.43529412 0.89019608 0.96078431
v 0.05125037 -0.01451019 0.00400236 0.43529412 0.89019608 0.96078431
v 0.05271470 -0.01393748 0.00325147 0.43529412 0.89019608 0.96078431
v 0.05056845 -0.01389079 0.00521750 0.43529412 0.89019608 0.96078431
v 0.05062947 -0.01270802 0.00682210 0.43529412 0.89019608 0.96078431
v 0.05062947 -0.01187075 0.00790637 0.43529412 0.89019608 0.96078431
v 0.04845810 -0.01269868 0.00680652 0.43529412 0.89019608 0.96078431
v 0.02633883 -0.01089963 0.00722403 0.43529412 0.89019608 0.96078431
v 0.02633883 -0.01111129 0.00693738 0.43529412 0.89019608 0.96078431
v 0.02633883 -0.01206373 0.00545429 0.43529412 0.89019608 0.96078431
v 0.02633883 -0.01222247 0.00517699 0.43529412 0.89019608 0.96078431
v 0.02633883 -0.01257107 0.00454450 0.43529412 0.89019608 0.96078431
v 0.04937330 0.01580288 0.00020117 0.43529412 0.89019608 0.96078431
v 0.02633883 0.01301716 -0.00070239 0.43529412 0.89019608 0.96078431
v 0.04845810 0.01469171 0.00321408 0.43529412 0.89019608 0.96078431
v 0.05062947 0.01464813 0.00321408 0.43529412 0.89019608 0.96078431
v 0.06300449 0.00164392 0.00132907 0.43529412 0.89019608 0.96078431
v 0.05833514 0.00731498 0.00450711 0.43529412 0.89019608 0.96078431
v 0.05794753 0.00598592 0.00605875 0.43529412 0.89019608 0.96078431
v 0.05820594 0.00484984 0.00643575 0.43529412 0.89019608 0.96078431
v 0.05845358 0.00340251 0.00683456 0.43529412 0.89019608 0.96078431
v 0.05280084 0.01249114 0.00537328 0.43529412 0.89019608 0.96078431
v 0.05221583 0.01181260 0.00705266 0.43529412 0.89019608 0.96078431
v 0.05366221 0.01120566 0.00619584 0.43529412 0.89019608 0.96078431
v 0.05587306 0.00902376 0.00625192 0.43529412 0.89019608 0.96078431
v 0.05717229 0.00816781 0.00537952 0.43529412 0.89019608 0.96078431
v 0.05062947 0.01391357 0.00490592 0.43529412 0.89019608 0.96078431
v 0.05062947 0.01325371 0.00599020 0.43529412 0.89019608 0.96078431
v 0.06300449 -0.00262338 0.00077758 0.43529412 0.89019608 0.96078431
v 0.05848947 -0.00703385 0.00477195 0.43529412 0.89019608 0.96078431
v 0.05816287 -0.00575149 0.00636720 0.43529412 0.89019608 0.96078431
v 0.05780755 -0.00703385 0.00585934 0.43529412 0.89019608 0.96078431
v 0.05628580 -0.00836291 0.00671305 0.43529412 0.89019608 0.96078431
v 0.05696772 -0.00896986 0.00512091 0.43529412 0.89019608 0.96078431
v 0.05619966 -0.01042653 0.00448219 0.43529412 0.89019608 0.96078431
v 0.05658369 -0.01079070 0.00321408 0.43529412 0.89019608 0.96078431
v 0.05538136 -0.01187697 0.00321408 0.43529412 0.89019608 0.96078431
v 0.05429747 -0.01277027 0.00321408 0.43529412 0.89019608 0.96078431
v 0.05394215 -0.01250259 0.00437313 0.43529412 0.89019608 0.96078431
v 0.05263933 -0.01288855 0.00521127 0.43529412 0.89019608 0.96078431
v 0.05181026 -0.01252438 0.00655726 0.43529412 0.89019608 0.96078431
v 0.05203637 -0.01052924 0.00885044 0.43529412 0.89019608 0.96078431
v 0.05062947 -0.01078447 0.00906854 0.43529412 0.89019608 0.96078431
v 0.02633883 -0.00993786 0.00830830 0.43529412 0.89019608 0.96078431
v 0.02633883 0.01294557 0.00104553 0.43529412 0.89019608 0.96078431
v 0.02633883 0.01254405 0.00321408 0.43529412 0.89019608 0.96078431
v 0.04845810 0.01391357 0.00489658 0.43529412 0.89019608 0.96078431
v 0.02633883 0.01181883 0.00514272 0.43529412 0.89019608 0.96078431
v 0.06300449 -0.00052241 0.00154717 0.43529412 0.89019608 0.96078431
v 0.05778602 0.00164392 0.00811824 0.43529412 0.89019608 0.96078431
v 0.05642577 0.00757643 0.00689065 0.43529412 0.89019608 0.96078431
v 0.05677032 0.00589565 0.00758857 0.43529412 0.89019608 0.96078431
v 0.05616736 0.00511129 0.00874451 0.43529412 0.89019608 0.96078431
v 0.05764605 0.00400323 0.00755741 0.43529412 0.89019608 0.96078431
v 0.05223377 0.00982057 0.00905919 0.43529412 0.89019608 0.96078431
v 0.05294799 0.01051467 0.00775059 0.43529412 0.89019608 0.96078431
v 0.05062947 0.01217054 0.00740162 0.43529412 0.89019608 0.96078431
v 0.05062947 0.01125857 0.00848590 0.43529412 0.89019608 0.96078431
v 0.05442667 0.00975832 0.00700593 0.43529412 0.89019608 0.96078431
v 0.05368015 0.00900197 0.00845163 0.43529412 0.89019608 0.96078431
v 0.05507988 0.00828920 0.00766958 0.43529412 0.89019608 0.96078431
v 0.04845810 0.01328484 0.00598397 0.43529412 0.89019608 0.96078431
v 0.06300449 -0.00141882 0.00125429 0.43529412 0.89019608 0.96078431
v 0.05838180 -0.00430415 0.00673797 0.43529412 0.89019608 0.96078431
v 0.05754555 -0.00496090 0.00749821 0.43529412 0.89019608 0.96078431
v 0.05607046 -0.00596936 0.00865415 0.43529412 0.89019608 0.96078431
v 0.05659805 -0.00682843 0.00748263 0.43529412 0.89019608 0.96078431
v 0.05416109 -0.01054792 0.00679094 0.43529412 0.89019608 0.96078431
v 0.05560747 -0.00981024 0.00592788 0.43529412 0.89019608 0.96078431
v 0.05556081 -0.00741670 0.00815875 0.43529412 0.89019608 0.96078431
v 0.05411084 -0.00839092 0.00881617 0.43529412 0.89019608 0.96078431
v 0.05348276 -0.00983826 0.00823976 0.43529412 0.89019608 0.96078431
v 0.05477481 -0.01121089 0.00514895 0.43529412 0.89019608 0.96078431
v 0.05325665 -0.01199525 0.00581883 0.43529412 0.89019608 0.96078431
v 0.05264651 -0.01126380 0.00739851 0.43529412 0.89019608 0.96078431
v 0.05141906 -0.00794894 0.01071676 0.43529412 0.89019608 0.96078431
v 0.05066895 -0.00910992 0.01022759 0.43529412 0.89019608 0.96078431
v 0.05277572 -0.00915038 0.00924925 0.43529412 0.89019608 0.96078431
v 0.04997267 -0.00832556 0.01093175 0.43529412 0.89019608 0.96078431
v 0.04927281 -0.00832556 0.01093175 0.43529412 0.89019608 0.96078431
v 0.02633883 -0.00906323 0.00899376 0.43529412 0.89019608 0.96078431
v 0.02633883 0.01127724 0.00622699 0.43529412 0.89019608 0.96078431
v 0.05784344 -0.00052241 0.00815563 0.43529412 0.89019608 0.96078431
v 0.05776090 -0.00269185 0.00806528 0.43529412 0.89019608 0.96078431
v 0.05856125 -0.00269185 0.00698100 0.43529412 0.89019608 0.96078431
v 0.05643295 0.00381648 0.00894080 0.43529412 0.89019608 0.96078431
v 0.05670213 0.00164392 0.00918694 0.43529412 0.89019608 0.96078431
v 0.05675596 -0.00052241 0.00926795 0.43529412 0.89019608 0.96078431
v 0.05573668 0.00655863 0.00833634 0.43529412 0.89019608 0.96078431
v 0.05499733 0.00589565 0.00929911 0.43529412 0.89019608 0.96078431
v 0.05380936 0.00473779 0.01076038 0.43529412 0.89019608 0.96078431
v 0.05409648 0.00329357 0.01099095 0.43529412 0.89019608 0.96078431
v 0.05276495 0.00812735 0.00973219 0.43529412 0.89019608 0.96078431
v 0.05429029 0.00755775 0.00895949 0.43529412 0.89019608 0.96078431
v 0.05062947 0.01017229 0.00939881 0.43529412 0.89019608 0.96078431
v 0.05062947 0.00865959 0.01048308 0.43529412 0.89019608 0.96078431
v 0.05185333 0.00724961 0.01089747 0.43529412 0.89019608 0.96078431
v 0.04845810 0.01220167 0.00736112 0.43529412 0.89019608 0.96078431
v 0.04845810 0.01116208 0.00844540 0.43529412 0.89019608 0.96078431
v 0.02633883 0.01026567 0.00755430 0.43529412 0.89019608 0.96078431
v 0.05633963 -0.00486130 0.00888160 0.43529412 0.89019608 0.96078431
v 0.05488966 -0.00682843 0.00909347 0.43529412 0.89019608 0.96078431
v 0.05408213 -0.00414541 0.01096290 0.43529412 0.89019608 0.96078431
v 0.05365862 -0.00558963 0.01065133 0.43529412 0.89019608 0.96078431
v 0.05287980 -0.00714902 0.01033041 0.43529412 0.89019608 0.96078431
v 0.05066895 -0.00714902 0.01130875 0.43529412 0.89019608 0.96078431
v 0.05221224 -0.00650161 0.01110623 0.43529412 0.89019608 0.96078431
v 0.05062947 -0.00486130 0.01227463 0.43529412 0.89019608 0.96078431
v 0.04845810 -0.00486130 0.01221543 0.43529412 0.89019608 0.96078431
v 0.02633883 -0.00699962 0.01011543 0.43529412 0.89019608 0.96078431
v 0.02633883 -0.00885158 0.00914643 0.43529412 0.89019608 0.96078431
v 0.05667700 -0.00269185 0.00917448 0.43529412 0.89019608 0.96078431
v 0.05537059 0.00164392 0.01027121 0.43529412 0.89019608 0.96078431
v 0.05545314 -0.00052241 0.01035222 0.43529412 0.89019608 0.96078431
v 0.05338944 0.00598592 0.01047062 0.43529412 0.89019608 0.96078431
v 0.05230196 0.00598592 0.01117477 0.43529412 0.89019608 0.96078431
v 0.05296952 0.00393475 0.01155178 0.43529412 0.89019608 0.96078431
v 0.05428670 0.00164392 0.01112492 0.43529412 0.89019608 0.96078431
v 0.05280084 0.00164392 0.01212196 0.43529412 0.89019608 0.96078431
v 0.02633883 0.00931634 0.00871335 0.43529412 0.89019608 0.96078431
v 0.02633883 0.00907668 0.00890341 0.43529412 0.89019608 0.96078431
v 0.02633883 0.00815536 0.00956706 0.43529412 0.89019608 0.96078431
v 0.02633883 0.00790013 0.00975089 0.43529412 0.89019608 0.96078431
v 0.04883136 0.00756087 0.01105326 0.43529412 0.89019608 0.96078431
v 0.05062947 0.00757332 0.01105638 0.43529412 0.89019608 0.96078431
v 0.02633883 0.00655863 0.01057967 0.43529412 0.89019608 0.96078431
v 0.05062947 0.00598592 0.01178234 0.43529412 0.89019608 0.96078431
v 0.05062947 0.00381648 0.01256439 0.43529412 0.89019608 0.96078431
v 0.02633883 0.01007269 0.00779421 0.43529412 0.89019608 0.96078431
v 0.05280084 -0.00269185 0.01205964 0.43529412 0.89019608 0.96078431
v 0.05287980 -0.00486441 0.01142715 0.43529412 0.89019608 0.96078431
v 0.05535983 -0.00269185 0.01025875 0.43529412 0.89019608 0.96078431
v 0.05427235 -0.00269185 0.01111246 0.43529412 0.89019608 0.96078431
v 0.05065818 -0.00267629 0.01283546 0.43529412 0.89019608 0.96078431
v 0.04995473 -0.00193862 0.01302552 0.43529412 0.89019608 0.96078431
v 0.04928717 -0.00193862 0.01302552 0.43529412 0.89019608 0.96078431
v 0.04852270 -0.00267629 0.01278872 0.43529412 0.89019608 0.96078431
v 0.02633883 -0.00524103 0.01056098 0.43529412 0.89019608 0.96078431
v 0.05436566 -0.00052241 0.01117789 0.43529412 0.89019608 0.96078431
v 0.05067254 0.00183378 0.01290712 0.43529412 0.89019608 0.96078431
v 0.05126114 -0.00052241 0.01291335 0.43529412 0.89019608 0.96078431
v 0.05280084 -0.00052241 0.01219673 0.43529412 0.89019608 0.96078431
v 0.02633883 0.00634697 0.01068560 0.43529412 0.89019608 0.96078431
v 0.02633883 0.00547235 0.01106572 0.43529412 0.89019608 0.96078431
v 0.04916873 0.00123618 0.01305045 0.43529412 0.89019608 0.96078431
v 0.04997626 0.00123618 0.01305045 0.43529412 0.89019608 0.96078431
v 0.02633883 0.00509262 0.01115920 0.43529412 0.89019608 0.96078431
v 0.05017725 -0.00052241 0.01306914 0.43529412 0.89019608 0.96078431
v 0.04906824 -0.00052241 0.01306914 0.43529412 0.89019608 0.96078431
v 0.02633883 0.00339317 0.01131187 0.43529412 0.89019608 0.96078431
v 0.02633883 0.00157544 0.01122463 0.43529412 0.89019608 0.96078431
v 0.02633883 0.00102141 0.01118101 0.43529412 0.89019608 0.96078431
v 0.02633883 -0.00052241 0.01104391 0.43529412 0.89019608 0.96078431
v 0.02633883 -0.00486130 0.01064510 0.43529412 0.89019608 0.96078431
v 0.02633883 0.00381648 0.01131810 0.43529412 0.89019608 0.96078431
f 1577 1578 1579
f 1577 1579 1580
f 1577 1580 1581
f 1577 1581 1582
f 1577 1582 1583
f 1577 1583 1584
f 1577 1584 1585
f 1577 1585 1578
f 1578 1586 1587
f 1578 1587 1579
f 1578 1585 1588
f 1578 1588 1586
f 1579 1587 1589
f 1579 1589 1590
f 1579 1590 1591
f 1579 1591 1580
f 1580 1591 1592
f 1580 1592 1593
f 1580 1593 1581
f 1581 1593 1592
f 1581 1592 1591
f 1581 1591 1590
f 1581 1590 1589
f 1581 1589 1608
f 1581 1608 1631
f 1581 1631 1630
f 1581 1630 1629
f 1581 1629 1663
f 1581 1663 1662
f 1581 1662 1690
f 1581 1690 1689
f 1581 1689 1718
f 1581 1718 1746
f 1581 1746 1773
f 1581 1773 1805
f 1581 1805 1804
f 1581 1804 1803
f 1581 1803 1802
f 1581 1802 1801
f 1581 1801 1800
f 1581 1800 1799
f 1581 1799 1829
f 1581 1829 1864
f 1581 1864 1863
f 1581 1863 1862
f 1581 1862 1861
f 1581 1861 1860
f 1581 1860 1896
f 1581 1896 1933
f 1581 1933 1963
f 1581 1963 1962
f 1581 1962 1990
f 1581 1990 2006
f 1581 2006 2005
f 1581 2005 2004
f 1581 2004 2003
f 1581 2003 2002
f 1581 2002 2007
f 1581 2007 1999
f 1581 1999 1996
f 1581 1996 1995
f 1581 1995 1978
f 1581 1978 1975
f 1581 1975 1974
f 1581 1974 1973
f 1581 1973 1972
f 1581 1972 1981
f 1581 1981 1952
f 1581 1952 1934
f 1581 1934 1900
f 1581 1900 1898
f 1581 1898 1897
f 1581 1897 1866
f 1581 1866 1834
f 1581 1834 1833
f 1581 1833 1811
f 1581 1811 1810
f 1581 1810 1778
f 1581 1778 1777
f 1581 1777 1755
f 1581 1755 1750
f 1581 1750 1726
f 1581 1726 1701
f 1581 1701 1672
f 1581 1672 1671
f 1581 1671 1639
f 1581 1639 1612
f 1581 1612 1598
f 1581 1598 1597
f 1581 1597 1594
f 1581 1594 1582
f 1582 1595 1596
f 1582 1596 1583
f 1582 1594 1597
f 1582 1597 1598
f 1582 1598 1595
f 1583 1596 1599
f 1583 1599 1600
f 1583 1600 1601
f 1583 1601 1584
f 1584 1601 1602
f 1584 1602 1585
f 1585 1602 1603
f 1585 1603 1588
f 1586 1604 1605
f 1586 1605 1587
f 1586 1588 1604
f 1587 1605 1589
f 1588 1603 1606
f 1588 1606 1607
f 1588 1607 1604
f 1589 1605 1608
f 1595 1609 1610
f 1595 1610 1611
f 1595 1611 1596
f 1595 1598 1612
f 1595 1612 1609
f 1596 1611 1613
f 1596 1613 1614
f 1596 1614 1599
f 1599 1614 1615
f 1599 1615 1616
f 1599 1616 1600
f 1600 1617 1618
f 1600 1618 1619
f 1600 1619 1601
f 1600 1616 1617
f 1601 1619 1602
f 1602 1619 1620
f 1602 1620 1621
f 1602 1621 1603
f 1603 1621 1622
f 1603 1622 1623
f 1603 1623 1624
f 1603 1624 1606
f 1604 1607 1625
f 1604 1625 1626
f 1604 1626 1627
f 1604 1627 1628
f 1604 1628 1605
f 1605 1628 1627
f 1605 1627 1629
f 1605 1629 1630
f 1605 1630 1631
f 1605 1631 1608
f 1606 1624 1623
f 1606 1623 1632
f 1606 1632 1633
f 1606 1633 1634
f 1606 1634 1635
f 1606 1635 1636
f 1606 1636 1637
f 1606 1637 1625
f 1606 1625 1607
f 1609 1612 1610
f 1610 1638 1611
f 1610 1612 1639
f 1610 1639 1638
f 1611 1638 1640
f 1611 1640 1641
f 1611 1641 1642
f 1611 1642 1613
f 1613 1642 1614
f 1614 1642 1643
f 1614 1643 1644
f 1614 1644 1645
f 1614 1645 1615
f 1615 1645 1646
f 1615 1646 1616
f 1616 1647 1648
f 1616 1648 1617
f 1616 1646 1649
f 1616 1649 1650
f 1616 1650 1651
f 1616 1651 1652
f 1616 1652 1653
f 1616 1653 1647
f 1617 1648 1647
f 1617 1647 1618
f 1618 1647 1620
f 1618 1620 1619
f 1620 1654 1623
f 1620 1623 1622
f 1620 1622 1621
f 1620 1647 1653
f 1620 1653 1655
f 1620 1655 1654
f 1623 1656 1632
f 1623 1654 1657
f 1623 1657 1658
f 1623 1658 1656
f 1625 1637 1626
f 1626 1659 1661
f 1626 1661 1627
f 1626 1637 1636
f 1626 1636 1660
f 1626 1660 1659
f 1627 1661 1662
f 1627 1662 1663
f 1627 1663 1629
f 1632 1656 1633
f 1633 1656 1664
f 1633 1664 1665
f 1633 1665 1666
f 1633 1666 1634
f 1634 1666 1635
f 1635 1666 1665
f 1635 1665 1667
f 1635 1667 1636
f 1636 1667 1668
f 1636 1668 1669
f 1636 1669 1660
f 1638 1670 1640
f 1638 1639 1671
f 1638 1671 1672
f 1638 1672 1670
f 1640 1673 1641
f 1640 1670 1673
f 1641 1674 1643
f 1641 1643 1642
f 1641 1673 1675
f 1641 1675 1676
f 1641 1676 1677
f 1641 1677 1678
f 1641 1678 1679
f 1641 1679 1674
f 1643 1674 1644
f 1644 1674 1645
f 1645 1649 1646
f 1645 1674 1649
f 1649 1679 1680
f 1649 1680 1650
f 1649 1674 1681
f 1649 1681 1679
f 1650 1682 1710
f 1650 1710 1736
f 1650 1736 1758
f 1650 1758 1783
f 1650 1783 1815
f 1650 1815 1838
f 1650 1838 1869
f 1650 1869 1901
f 1650 1901 1915
f 1650 1915 1881
f 1650 1881 1847
f 1650 1847 1819
f 1650 1819 1790
f 1650 1790 1765
f 1650 1765 1739
f 1650 1739 1712
f 1650 1712 1683
f 1650 1683 1653
f 1650 1653 1652
f 1650 1652 1651
f 1650 1680 1682
f 1653 1683 1657
f 1653 1657 1655
f 1654 1655 1657
f 1656 1658 1664
f 1657 1684 1658
f 1657 1683 1684
f 1658 1684 1664
f 1659 1660 1669
f 1659 1669 1685
f 1659 1685 1686
f 1659 1686 1687
f 1659 1687 1661
f 1661 1687 1688
f 1661 1688 1689
f 1661 1689 1690
f 1661 1690 1662
f 1664 1684 1691
f 1664 1691 1665
f 1665 1692 1693
f 1665 1693 1694
f 1665 1694 1695
f 1665 1695 1667
f 1665 1691 1696
f 1665 1696 1697
f 1665 1697 1692
f 1667 1694 1668
f 1667 1695 1694
f 1668 1694 1698
f 1668 1698 1669
f 1669 1698 1699
f 1669 1699 1685
f 1670 1700 1673
f 1670 1672 1700
f 1672 1701 1700
f 1673 1700 1675
f 1674 1679 1681
f 1675 1700 1702
f 1675 1702 1703
f 1675 1703 1676
f 1676 1678 1677
f 1676 1703 1704
f 1676 1704 1705
f 1676 1705 1706
f 1676 1706 1707
f 1676 1707 1678
f 1678 1707 1708
f 1678 1708 1679
f 1679 1708 1707
f 1679 1707 1709
f 1679 1709 1682
f 1679 1682 1680
f 1682 1709 1707
f 1682 1707 1711
f 1682 1711 1710
f 1683 1712 1696
f 1683 1696 1691
f 1683 1691 1684
f 1685 1699 1713
f 1685 1713 1686
f 1686 1713 1714
f 1686 1714 1715
f 1686 1715 1716
f 1686 1716 1687
f 1687 1716 1717
f 1687 1717 1718
f 1687 1718 1689
f 1687 1689 1688
f 1692 1719 1694
f 1692 1694 1693
f 1692 1697 1720
f 1692 1720 1721
f 1692 1721 1722
f 1692 1722 1719
f 1694 1719 1698
f 1696 1720 1697
f 1696 1712 1723
f 1696 1723 1720
f 1698 1719 1722
f 1698 1722 1699
f 1699 1722 1724
f 1699 1724 1714
f 1699 1714 1713
f 1700 1725 1702
f 1700 1701 1725
f 1701 1726 1725
f 1702 1727 1728
f 1702 1728 1704
f 1702 1704 1703
f 1702 1725 1729
f 1702 1729 1730
f 1702 1730 1727
f 1704 1731 1732
f 1704 1732 1706
f 1704 1706 1705
f 1704 1728 1731
f 1706 1732 1733
f 1706 1733 1734
f 1706 1734 1735
f 1706 1735 1707
f 1707 1735 1734
f 1707 1734 1711
f 1710 1711 1734
f 1710 1734 1737
f 1710 1737 1738
f 1710 1738 1736
f 1712 1739 1723
f 1714 1740 1715
f 1714 1724 1741
f 1714 1741 1742
f 1714 1742 1740
f 1715 1740 1716
f 1716 1743 1744
f 1716 1744 1717
f 1716 1740 1745
f 1716 1745 1743
f 1717 1744 1718
f 1718 1744 1746
f 1720 1723 1747
f 1720 1747 1721
f 1721 1747 1748
f 1721 1748 1749
f 1721 1749 1741
f 1721 1741 1722
f 1722 1741 1724
f 1723 1739 1747
f 1725 1726 1729
f 1726 1750 1729
f 1727 1730 1751
f 1727 1751 1752
f 1727 1752 1753
f 1727 1753 1754
f 1727 1754 1731
f 1727 1731 1728
f 1729 1750 1730
f 1730 1750 1755
f 1730 1755 1751
f 1731 1754 1756
f 1731 1756 1757
f 1731 1757 1734
f 1731 1734 1732
f 1732 1734 1733
f 1734 1757 1737
f 1736 1738 1759
f 1736 1759 1760
f 1736 1760 1758
f 1737 1757 1756
f 1737 1756 1761
f 1737 1761 1762
f 1737 1762 1738
f 1738 1762 1763
f 1738 1763 1764
f 1738 1764 1759
f 1739 1765 1766
f 1739 1766 1747
f 1740 1742 1767
f 1740 1767 1745
f 1741 1749 1768
f 1741 1768 1742
f 1742 1768 1767
f 1743 1745 1769
f 1743 1769 1770
f 1743 1770 1771
f 1743 1771 1772
f 1743 1772 1744
f 1744 1772 1746
f 1745 1767 1769
f 1746 1772 1773
f 1747 1766 1748
f 1748 1774 1775
f 1748 1775 1749
f 1748 1766 1774
f 1749 1775 1768
f 1751 1776 1752
f 1751 1755 1777
f 1751 1777 1778
f 1751 1778 1776
f 1752 1776 1809
f 1752 1809 1779
f 1752 1779 1780
f 1752 1780 1753
f 1753 1780 1781
f 1753 1781 1782
f 1753 1782 1754
f 1754 1782 1761
f 1754 1761 1756
f 1758 1760 1784
f 1758 1784 1785
f 1758 1785 1783
f 1759 1764 1786
f 1759 1786 1760
f 1760 1786 1784
f 1761 1782 1763
f 1761 1763 1762
f 1763 1782 1781
f 1763 1781 1787
f 1763 1787 1764
f 1764 1787 1788
f 1764 1788 1789
f 1764 1789 1786
f 1765 1790 1791
f 1765 1791 1766
f 1766 1791 1774
f 1767 1792 1769
f 1767 1768 1775
f 1767 1775 1793
f 1767 1793 1774
f 1767 1774 1792
f 1769 1792 1794
f 1769 1794 1795
f 1769 1795 1770
f 1770 1795 1796
f 1770 1796 1797
f 1770 1797 1798
f 1770 1798 1771
f 1771 1798 1799
f 1771 1799 1800
f 1771 1800 1801
f 1771 1801 1772
f 1772 1801 1802
f 1772 1802 1803
f 1772 1803 1804
f 1772 1804 1805
f 1772 1805 1773
f 1774 1806 1807
f 1774 1807 1808
f 1774 1808 1792
f 1774 1793 1775
f 1774 1791 1806
f 1776 1778 1810
f 1776 1810 1811
f 1776 1811 1809
f 1779 1809 1832
f 1779 1832 1812
f 1779 1812 1813
f 1779 1813 1780
f 1780 1813 1781
f 1781 1814 1787
f 1781 1813 1814
f 1783 1785 1815
f 1784 1816 1817
f 1784 1817 1785
f 1784 1786 1789
f 1784 1789 1818
f 1784 1818 1816
f 1785 1817 1815
f 1787 1814 1788
f 1788 1814 1818
f 1788 1818 1789
f 1790 1819 1820
f 1790 1820 1806
f 1790 1806 1791
f 1792 1808 1794
f 1794 1821 1796
f 1794 1796 1795
f 1794 1808 1822
f 1794 1822 1823
f 1794 1823 1821
f 1796 1821 1824
f 1796 1824 1797
f 1797 1825 1826
f 1797 1826 1827
f 1797 1827 1798
f 1797 1824 1825
f 1798 1827 1828
f 1798 1828 1829
f 1798 1829 1799
f 1806 1830 1831
f 1806 1831 1807
f 1806 1820 1830
f 1807 1831 1822
f 1807 1822 1808
f 1809 1811 1833
f 1809 1833 1834
f 1809 1834 1832
f 1812 1832 1865
f 1812 1865 1835
f 1812 1835 1813
f 1813 1836 1814
f 1813 1835 1836
f 1814 1836 1837
f 1814 1837 1818
f 1815 1817 1839
f 1815 1839 1838
f 1816 1818 1837
f 1816 1837 1840
f 1816 1840 1817
f 1817 1841 1842
f 1817 1842 1843
f 1817 1843 1844
f 1817 1844 1839
f 1817 1840 1845
f 1817 1845 1846
f 1817 1846 1841
f 1819 1847 1848
f 1819 1848 1849
f 1819 1849 1850
f 1819 1850 1820
f 1820 1850 1823
f 1820 1823 1830
f 1821 1823 1851
f 1821 1851 1824
f 1822 1831 1823
f 1823 1852 1851
f 1823 1831 1830
f 1823 1850 1853
f 1823 1853 1852
f 1824 1854 1825
f 1824 1851 1852
f 1824 1852 1855
f 1824 1855 1854
f 1825 1854 1826
f 1826 1854 1856
f 1826 1856 1857
f 1826 1857 1858
f 1826 1858 1827
f 1827 1858 1859
f 1827 1859 1860
f 1827 1860 1861
f 1827 1861 1862
f 1827 1862 1863
f 1827 1863 1864
f 1827 1864 1829
f 1827 1829 1828
f 1832 1834 1865
f 1834 1866 1865
f 1835 1865 1867
f 1835 1867 1868
f 1835 1868 1836
f 1836 1868 1846
f 1836 1846 1845
f 1836 1845 1837
f 1837 1845 1840
f 1838 1839 1870
f 1838 1870 1871
f 1838 1871 1872
f 1838 1872 1873
f 1838 1873 1869
f 1839 1844 1843
f 1839 1843 1870
f 1841 1846 1874
f 1841 1874 1875
f 1841 1875 1876
f 1841 1876 1842
f 1842 1876 1843
f 1843 1877 1878
f 1843 1878 1870
f 1843 1876 1877
f 1846 1868 1879
f 1846 1879 1880
f 1846 1880 1875
f 1846 1875 1874
f 1847 1881 1848
f 1848 1881 1882
f 1848 1882 1883
f 1848 1883 1884
f 1848 1884 1885
f 1848 1885 1886
f 1848 1886 1887
f 1848 1887 1849
f 1849 1887 1888
f 1849 1888 1850
f 1850 1888 1853
f 1852 1889 1890
f 1852 1890 1855
f 1852 1853 1888
f 1852 1888 1889
f 1854 1855 1891
f 1854 1891 1892
f 1854 1892 1893
f 1854 1893 1856
f 1855 1890 1891
f 1856 1893 1857
f 1857 1893 1858
f 1858 1893 1894
f 1858 1894 1895
f 1858 1895 1896
f 1858 1896 1860
f 1858 1860 1859
f 1865 1866 1897
f 1865 1897 1898
f 1865 1898 1867
f 1867 1899 1879
f 1867 1879 1868
f 1867 1898 1900
f 1867 1900 1899
f 1869 1873 1902
f 1869 1902 1901
f 1870 1878 1903
f 1870 1903 1871
f 1871 1903 1904
f 1871 1904 1872
f 1872 1904 1905
f 1872 1905 1906
f 1872 1906 1873
f 1873 1906 1902
f 1875 1907 1908
f 1875 1908 1876
f 1875 1880 1909
f 1875 1909 1910
f 1875 1910 1907
f 1876 1908 1911
f 1876 1911 1877
f 1877 1911 1912
f 1877 1912 1913
f 1877 1913 1903
f 1877 1903 1878
f 1879 1899 1914
f 1879 1914 1880
f 1880 1914 1909
f 1881 1915 1916
f 1881 1916 1883
f 1881 1883 1882
f 1883 1917 1918
f 1883 1918 1919
f 1883 1919 1884
f 1883 1916 1917
f 1884 1919 1885
f 1885 1920 1921
f 1885 1921 1887
f 1885 1887 1886
f 1885 1919 1922
f 1885 1922 1923
f 1885 1923 1924
f 1885 1924 1920
f 1887 1921 1920
f 1887 1920 1925
f 1887 1925 1891
f 1887 1891 1889
f 1887 1889 1888
f 1889 1891 1890
f 1891 1926 1892
f 1891 1925 1920
f 1891 1920 1926
f 1892 1926 1893
f 1893 1926 1927
f 1893 1927 1894
f 1894 1928 1929
f 1894 1929 1895
f 1894 1927 1920
f 1894 1920 1924
f 1894 1924 1923
f 1894 1923 1930
f 1894 1930 1928
f 1895 1929 1931
f 1895 1931 1932
f 1895 1932 1896
f 1896 1932 1933
f 1899 1900 1934
f 1899 1934 1914
f 1901 1935 1936
f 1901 1936 1937
f 1901 1937 1916
f 1901 1916 1915
f 1901 1902 1935
f 1902 1906 1938
f 1902 1938 1939
f 1902 1939 1940
f 1902 1940 1935
f 1903 1913 1941
f 1903 1941 1904
f 1904 1941 1905
f 1905 1938 1906
f 1905 1941 1942
f 1905 1942 1943
f 1905 1943 1944
f 1905 1944 1938
f 1907 1945 1946
f 1907 1946 1912
f 1907 1912 1908
f 1907 1910 1947
f 1907 1947 1948
f 1907 1948 1949
f 1907 1949 1945
f 1908 1912 1911
f 1909 1914 1950
f 1909 1950 1910
f 1910 1950 1951
f 1910 1951 1947
f 1912 1946 1913
f 1913 1946 1941
f 1914 1934 1952
f 1914 1952 1950
f 1916 1937 1936
f 1916 1936 1917
f 1917 1936 1953
f 1917 1953 1918
f 1918 1954 1923
f 1918 1923 1922
f 1918 1922 1919
f 1918 1953 1955
f 1918 1955 1956
f 1918 1956 1954
f 1920 1927 1926
f 1923 1954 1956
f 1923 1956 1957
f 1923 1957 1930
f 1928 1958 1931
f 1928 1931 1929
f 1928 1930 1959
f 1928 1959 1958
f 1930 1957 1959
f 1931 1958 1960
f 1931 1960 1932
f 1932 1960 1961
f 1932 1961 1962
f 1932 1962 1963
f 1932 1963 1933
f 1935 1940 1964
f 1935 1964 1936
f 1936 1964 1953
f 1938 1944 1939
f 1939 1944 1965
f 1939 1965 1966
f 1939 1966 1940
f 1940 1966 1964
f 1941 1946 1942
f 1942 1946 1967
f 1942 1967 1943
f 1943 1967 1949
f 1943 1949 1968
f 1943 1968 1969
f 1943 1969 1944
f 1944 1970 1965
f 1944 1969 1971
f 1944 1971 1970
f 1945 1949 1946
f 1946 1949 1967
f 1947 1951 1972
f 1947 1972 1973
f 1947 1973 1974
f 1947 1974 1975
f 1947 1975 1948
f 1948 1976 1977
f 1948 1977 1949
f 1948 1975 1978
f 1948 1978 1976
f 1949 1977 1979
f 1949 1979 1980
f 1949 1980 1968
f 1950 1952 1981
f 1950 1981 1972
f 1950 1972 1951
f 1953 1964 1955
f 1955 1982 1983
f 1955 1983 1956
f 1955 1964 1984
f 1955 1984 1985
f 1955 1985 1982
f 1956 1983 1959
f 1956 1959 1957
f 1958 1959 1960
f 1959 1983 1960
f 1960 1983 1982
f 1960 1982 1986
f 1960 1986 1987
f 1960 1987 1988
f 1960 1988 1961
f 1961 1988 1989
f 1961 1989 1962
f 1962 1989 1990
f 1964 1966 1984
f 1965 1970 1966
f 1966 1970 1991
f 1966 1991 1985
f 1966 1985 1984
f 1968 1980 1969
f 1969 1980 1971
f 1970 1971 1991
f 1971 1980 1992
f 1971 1992 1993
f 1971 1993 1994
f 1971 1994 1991
f 1976 1979 1977
f 1976 1978 1995
f 1976 1995 1996
f 1976 1996 1979
f 1979 1996 1980
f 1980 1997 1998
f 1980 1998 1992
f 1980 1996 1999
f 1980 1999 1997
f 1982 1985 1994
f 1982 1994 1993
f 1982 1993 1986
f 1985 1991 1994
f 1986 1993 1987
f 1987 1993 2000
f 1987 2000 2001
f 1987 2001 1988
f 1988 2001 2002
f 1988 2002 2003
f 1988 2003 2004
f 1988 2004 2005
f 1988 2005 2006
f 1988 2006 1990
f 1988 1990 1989
f 1992 1998 1993
f 1993 1998 2000
f 1997 2001 2000
f 1997 2000 1998
f 1997 1999 2007
f 1997 2007 2001
f 2001 2007 2002

