# https://github.com/mikedh/trimesh

o geometry_0
v -0.06739162 0.01797107 0.00313129 0.54509804 0.71372549 0.60000000
v -0.06739162 0.01771868 0.00079495 0.54509804 0.71372549 0.60000000
v -0.06972931 0.01785266 0.00313129 0.54509804 0.71372549 0.60000000
v -0.06739162 0.01794614 0.00546763 0.54509804 0.71372549 0.60000000
v 0.04246750 0.01226895 0.00079495 0.54509804 0.71372549 0.60000000
v -0.06739162 0.01742890 -0.00074379 0.54509804 0.71372549 0.60000000
v -0.06909288 0.01742578 -0.00071679 0.54509804 0.71372549 0.60000000
v -0.06981499 0.01757847 0.00070906 0.54509804 0.71372549 0.60000000
v 0.04246750 0.01193244 -0.00154138 0.54509804 0.71372549 0.60000000
v -0.07107562 0.01743202 0.00143058 0.54509804 0.71372549 0.60000000
v -0.07116130 0.01748810 0.00313129 0.54509804 0.71372549 0.60000000
v -0.07107562 0.01743825 0.00496208 0.54509804 0.71372549 0.60000000
v -0.06992514 0.01767194 0.00563206 0.54509804 0.71372549 0.60000000
v -0.06927646 0.01752238 0.00740640 0.54509804 0.71372549 0.60000000
v -0.06739162 0.01759093 0.00760028 0.54509804 0.71372549 0.60000000
v 0.05058209 0.01115657 0.00546763 0.54509804 0.71372549 0.60000000
v 0.05058209 0.01152425 0.00313129 0.54509804 0.71372549 0.60000000
v 0.05058209 0.01145258 0.00079495 0.54509804 0.71372549 0.60000000
v -0.06739162 0.01708927 -0.00191441 0.54509804 0.71372549 0.60000000
v -0.06981499 0.01698956 -0.00151439 0.54509804 0.71372549 0.60000000
v -0.07064725 0.01726999 -0.00012780 0.54509804 0.71372549 0.60000000
v 0.05058209 0.01125317 -0.00031186 0.54509804 0.71372549 0.60000000
v 0.05058209 0.01102259 -0.00154138 0.54509804 0.71372549 0.60000000
v 0.05058209 0.01075150 -0.00240769 0.54509804 0.71372549 0.60000000
v 0.05058209 0.01051781 -0.00314885 0.54509804 0.71372549 0.60000000
v 0.04246750 0.01095404 -0.00362495 0.54509804 0.71372549 0.60000000
v -0.06739162 0.01618877 -0.00388018 0.54509804 0.71372549 0.60000000
v -0.07221387 0.01573073 -0.00153648 0.54509804 0.71372549 0.60000000
v -0.07194461 0.01655956 0.00070906 0.54509804 0.71372549 0.60000000
v -0.07342555 0.01524153 0.00079495 0.54509804 0.71372549 0.60000000
v -0.07233626 0.01647543 0.00313129 0.54509804 0.71372549 0.60000000
v -0.07083084 0.01730115 0.00652046 0.54509804 0.71372549 0.60000000
v -0.07194461 0.01649413 0.00563206 0.54509804 0.71372549 0.60000000
v -0.06992514 0.01712977 0.00803466 0.54509804 0.71372549 0.60000000
v -0.06739162 0.01726064 0.00876845 0.54509804 0.71372549 0.60000000
v 0.05058209 0.01090419 0.00623823 0.54509804 0.71372549 0.60000000
v -0.06970483 0.01569022 -0.00399307 0.54509804 0.71372549 0.60000000
v -0.07154072 0.01539733 -0.00329118 0.54509804 0.71372549 0.60000000
v 0.05058209 0.01023115 -0.00370103 0.54509804 0.71372549 0.60000000
v 0.05058209 0.00981362 -0.00431701 0.54509804 0.71372549 0.60000000
v 0.04246750 0.01005042 -0.00479312 0.54509804 0.71372549 0.60000000
v 0.02844137 0.01052404 -0.00531585 0.54509804 0.71372549 0.60000000
v -0.06505393 0.01522907 -0.00533548 0.54509804 0.71372549 0.60000000
v -0.06739162 0.01525711 -0.00535020 0.54509804 0.71372549 0.60000000
v -0.06890929 0.01510443 -0.00516615 0.54509804 0.71372549 0.60000000
v -0.07309510 0.01483335 -0.00231198 0.54509804 0.71372549 0.60000000
v -0.07331539 0.01509197 -0.00075361 0.54509804 0.71372549 0.60000000
v -0.07368257 0.01396089 -0.00153648 0.54509804 0.71372549 0.60000000
v -0.07398855 0.01382068 0.00079495 0.54509804 0.71372549 0.60000000
v -0.07346227 0.01530697 0.00313129 0.54509804 0.71372549 0.60000000
v -0.07333989 0.01513559 0.00546763 0.54509804 0.71372549 0.60000000
v -0.07324196 0.01499538 0.00665298 0.54509804 0.71372549 0.60000000
v -0.07209148 0.01573385 0.00758064 0.54509804 0.71372549 0.60000000
v -0.07133265 0.01546588 0.00956359 0.54509804 0.71372549 0.60000000
v -0.06980274 0.01591457 0.01026302 0.54509804 0.71372549 0.60000000
v -0.06739162 0.01653775 0.01014522 0.54509804 0.71372549 0.60000000
v 0.05058209 0.01058013 0.00715608 0.54509804 0.71372549 0.60000000
v -0.07046367 0.01483646 -0.00484956 0.54509804 0.71372549 0.60000000
v -0.07238522 0.01405437 -0.00416240 0.54509804 0.71372549 0.60000000
v 0.05058209 0.00864515 -0.00561525 0.54509804 0.71372549 0.60000000
v 0.02610368 0.00943971 -0.00655273 0.54509804 0.71372549 0.60000000
v 0.02376599 0.00952072 -0.00659691 0.54509804 0.71372549 0.60000000
v -0.06494378 0.01360879 -0.00667544 0.54509804 0.71372549 0.60000000
v 0.02376599 0.00835225 -0.00763746 0.54509804 0.71372549 0.60000000
v -0.06637577 0.01268960 -0.00740923 0.54509804 0.71372549 0.60000000
v -0.06725700 0.01360879 -0.00663372 0.54509804 0.71372549 0.60000000
v -0.06970483 0.01396089 -0.00585085 0.54509804 0.71372549 0.60000000
v -0.07322972 0.01261794 -0.00503117 0.54509804 0.71372549 0.60000000
v -0.07353570 0.01327539 -0.00347279 0.54509804 0.71372549 0.60000000
v -0.07414766 0.01148063 -0.00154138 0.54509804 0.71372549 0.60000000
v -0.07423334 0.01148063 0.00079495 0.54509804 0.71372549 0.60000000
v -0.07402527 0.01382068 0.00313129 0.54509804 0.71372549 0.60000000
v -0.07380497 0.01382068 0.00546763 0.54509804 0.71372549 0.60000000
v -0.07293598 0.01382068 0.00829971 0.54509804 0.71372549 0.60000000
v -0.07343779 0.01382068 0.00713154 0.54509804 0.71372549 0.60000000
v -0.07174878 0.01387676 0.01026302 0.54509804 0.71372549 0.60000000
v -0.07062278 0.01469625 0.01112442 0.54509804 0.71372549 0.60000000
v -0.06906839 0.01527892 0.01153671 0.54509804 0.71372549 0.60000000
v -0.06739162 0.01543472 0.01173795 0.54509804 0.71372549 0.60000000
v 0.02844137 0.00986970 0.01059923 0.54509804 0.71372549 0.60000000
v 0.05058209 0.00992267 0.00832425 0.54509804 0.71372549 0.60000000
v -0.07167535 0.01327851 -0.00558580 0.54509804 0.71372549 0.60000000
v 0.05058209 0.00766364 -0.00620670 0.54509804 0.71372549 0.60000000
v 0.02610368 0.00827124 -0.00758838 0.54509804 0.71372549 0.60000000
v -0.06564142 0.01268960 -0.00740923 0.54509804 0.71372549 0.60000000
v 0.02610368 0.00680676 -0.00813074 0.54509804 0.71372549 0.60000000
v 0.02376599 0.00680676 -0.00820682 0.54509804 0.71372549 0.60000000
v -0.06739162 0.00747980 -0.00962531 0.54509804 0.71372549 0.60000000
v -0.06739162 0.00914370 -0.00898969 0.54509804 0.71372549 0.60000000
v -0.06972931 0.00914370 -0.00883508 0.54509804 0.71372549 0.60000000
v -0.06972931 0.01105686 -0.00782643 0.54509804 0.71372549 0.60000000
v -0.06794239 0.01248707 -0.00728897 0.54509804 0.71372549 0.60000000
v -0.06972931 0.01222533 -0.00713191 0.54509804 0.71372549 0.60000000
v -0.07167535 0.00914370 -0.00799577 0.54509804 0.71372549 0.60000000
v -0.07316853 0.00772596 -0.00723989 0.54509804 0.71372549 0.60000000
v -0.07335212 0.00616800 -0.00753684 0.54509804 0.71372549 0.60000000
v -0.07340107 0.01105998 -0.00533057 0.54509804 0.71372549 0.60000000
v -0.07368257 0.01169563 -0.00410350 0.54509804 0.71372549 0.60000000
v -0.07122249 0.01068919 -0.00761538 0.54509804 0.71372549 0.60000000
v -0.07427005 0.00446983 -0.00388018 0.54509804 0.71372549 0.60000000
v -0.07438022 0.00212978 -0.00388018 0.54509804 0.71372549 0.60000000
v -0.07391512 0.00446983 -0.00621652 0.54509804 0.71372549 0.60000000
v -0.07419662 0.01148063 0.00313129 0.54509804 0.71372549 0.60000000
v -0.07440469 -0.00020404 -0.00154138 0.54509804 0.71372549 0.60000000
v -0.07397632 0.01148063 0.00546763 0.54509804 0.71372549 0.60000000
v -0.07353570 0.01148063 0.00754874 0.54509804 0.71372549 0.60000000
v -0.07315629 0.01148063 0.00871691 0.54509804 0.71372549 0.60000000
v -0.07242194 0.01148063 0.01014522 0.54509804 0.71372549 0.60000000
v -0.07116130 0.01313829 0.01153181 0.54509804 0.71372549 0.60000000
v -0.06980274 0.01387676 0.01193919 0.54509804 0.71372549 0.60000000
v -0.06739162 0.01382068 0.01273924 0.54509804 0.71372549 0.60000000
v -0.06505393 0.01382068 0.01277605 0.54509804 0.71372549 0.60000000
v 0.02142830 0.00767610 0.01346076 0.54509804 0.71372549 0.60000000
v 0.02376599 0.00758574 0.01340922 0.54509804 0.71372549 0.60000000
v 0.02610368 0.00879160 0.01217234 0.54509804 0.71372549 0.60000000
v 0.02376599 0.01003485 0.01080784 0.54509804 0.71372549 0.60000000
v 0.05058209 0.00930884 0.00915866 0.54509804 0.71372549 0.60000000
v 0.05058209 0.00680676 -0.00669507 0.54509804 0.71372549 0.60000000
v 0.02610368 0.00446983 -0.00861421 0.54509804 0.71372549 0.60000000
v 0.01909061 0.00446983 -0.00888416 0.54509804 0.71372549 0.60000000
v 0.05058209 0.00501511 -0.00727916 0.54509804 0.71372549 0.60000000
v 0.05058209 0.00442309 -0.00743622 0.54509804 0.71372549 0.60000000
v -0.06739162 0.00631133 -0.00982410 0.54509804 0.71372549 0.60000000
v -0.06972931 0.00617423 -0.00979710 0.54509804 0.71372549 0.60000000
v -0.06972931 0.00734270 -0.00956396 0.54509804 0.71372549 0.60000000
v 0.01675292 0.00446983 -0.00892098 0.54509804 0.71372549 0.60000000
v -0.07204252 0.00671329 -0.00853322 0.54509804 0.71372549 0.60000000
v -0.07092875 0.00570373 -0.00973821 0.54509804 0.71372549 0.60000000
v -0.07215267 0.00446983 -0.00881545 0.54509804 0.71372549 0.60000000
v -0.07341332 0.00446983 -0.00764728 0.54509804 0.71372549 0.60000000
v -0.07362139 0.00689089 -0.00636377 0.54509804 0.71372549 0.60000000
v -0.07352346 0.00914370 -0.00573550 0.54509804 0.71372549 0.60000000
v -0.07440469 -0.00020404 -0.00388018 0.54509804 0.71372549 0.60000000
v -0.07401304 0.00212978 -0.00621652 0.54509804 0.71372549 0.60000000
v -0.07442917 -0.00254097 -0.00154138 0.54509804 0.71372549 0.60000000
v -0.07438022 -0.00488102 0.00079495 0.54509804 0.71372549 0.60000000
v -0.07429454 -0.00721795 0.00313129 0.54509804 0.71372549 0.60000000
v -0.07413542 -0.00721795 0.00546763 0.54509804 0.71372549 0.60000000
v -0.07369482 -0.00488102 0.00780643 0.54509804 0.71372549 0.60000000
v -0.07331539 -0.00488102 0.00917093 0.54509804 0.71372549 0.60000000
v -0.07285031 -0.00254097 0.01020903 0.54509804 0.71372549 0.60000000
v -0.07158967 0.00212978 0.01224351 0.54509804 0.71372549 0.60000000
v -0.07138161 0.00914370 0.01189011 0.54509804 0.71372549 0.60000000
v -0.07133265 0.01148063 0.01173795 0.54509804 0.71372549 0.60000000
v -0.07002305 0.00914370 0.01305828 0.54509804 0.71372549 0.60000000
v -0.06886033 0.00914370 0.01382152 0.54509804 0.71372549 0.60000000
v -0.06952124 0.01128744 0.01294784 0.54509804 0.71372549 0.60000000
v -0.06860330 0.01038071 0.01366936 0.54509804 0.71372549 0.60000000
v -0.06739162 0.01201033 0.01348285 0.54509804 0.71372549 0.60000000
v -0.06505393 0.01238113 0.01357365 0.54509804 0.71372549 0.60000000
v 0.01909061 0.00773530 0.01350493 0.54509804 0.71372549 0.60000000
v 0.02142830 0.00650764 0.01406693 0.54509804 0.71372549 0.60000000
v 0.02376599 0.00641727 0.01402766 0.54509804 0.71372549 0.60000000
v 0.02610368 0.00630510 0.01398104 0.54509804 0.71372549 0.60000000
v 0.02610368 0.00747357 0.01334051 0.54509804 0.71372549 0.60000000
v 0.05058209 0.00875421 0.00979428 0.54509804 0.71372549 0.60000000
v 0.01909061 0.00212978 -0.00923511 0.54509804 0.71372549 0.60000000
v 0.05058209 0.00390897 -0.00751475 0.54509804 0.71372549 0.60000000
v 0.05058209 0.00223884 -0.00776753 0.54509804 0.71372549 0.60000000
v -0.06739162 0.00446983 -0.00999343 0.54509804 0.71372549 0.60000000
v -0.06972931 0.00446983 -0.00992226 0.54509804 0.71372549 0.60000000
v -0.07098995 0.00446983 -0.00976765 0.54509804 0.71372549 0.60000000
v -0.07217716 0.00212978 -0.00887680 0.54509804 0.71372549 0.60000000
v -0.07346227 0.00212978 -0.00770863 0.54509804 0.71372549 0.60000000
v -0.07440469 -0.00488102 -0.00154138 0.54509804 0.71372549 0.60000000
v -0.07396409 -0.00020404 -0.00621652 0.54509804 0.71372549 0.60000000
v -0.07433125 -0.00254097 -0.00388018 0.54509804 0.71372549 0.60000000
v -0.07434349 -0.00721795 0.00079495 0.54509804 0.71372549 0.60000000
v -0.07396409 -0.00955488 0.00313129 0.54509804 0.71372549 0.60000000
v -0.07381720 -0.00955488 0.00546763 0.54509804 0.71372549 0.60000000
v -0.07346227 -0.00955488 0.00732051 0.54509804 0.71372549 0.60000000
v -0.07359690 -0.00744853 0.00803957 0.54509804 0.71372549 0.60000000
v -0.07331539 -0.00682535 0.00915375 0.54509804 0.71372549 0.60000000
v -0.07278911 -0.00488102 0.01033910 0.54509804 0.71372549 0.60000000
v -0.07165087 -0.00020404 0.01225087 0.54509804 0.71372549 0.60000000
v -0.07062278 0.00212978 0.01341168 0.54509804 0.71372549 0.60000000
v -0.07053710 0.00446983 0.01330860 0.54509804 0.71372549 0.60000000
v -0.07037799 0.00680676 0.01317853 0.54509804 0.71372549 0.60000000
v -0.06920303 0.00680676 0.01404484 0.54509804 0.71372549 0.60000000
v -0.06739162 0.00680676 0.01454303 0.54509804 0.71372549 0.60000000
v -0.06739162 0.00914370 0.01420682 0.54509804 0.71372549 0.60000000
v -0.06739162 0.01084187 0.01380679 0.54509804 0.71372549 0.60000000
v -0.06505393 0.01121266 0.01389514 0.54509804 0.71372549 0.60000000
v 0.01207755 0.00446983 0.01481544 0.54509804 0.71372549 0.60000000
v 0.01909061 0.00446983 0.01471973 0.54509804 0.71372549 0.60000000
v 0.01909061 0.00656684 0.01409147 0.54509804 0.71372549 0.60000000
v 0.02376599 0.00446983 0.01462157 0.54509804 0.71372549 0.60000000
v 0.02610368 0.00446983 0.01454058 0.54509804 0.71372549 0.60000000
v 0.05058209 0.00623032 0.01158334 0.54509804 0.71372549 0.60000000
v 0.05058209 0.00678495 0.01130848 0.54509804 0.71372549 0.60000000
v 0.05058209 0.00739879 0.01096490 0.54509804 0.71372549 0.60000000
v 0.05058209 -0.00020404 -0.00798349 0.54509804 0.71372549 0.60000000
v 0.02376599 -0.00020404 -0.00918602 0.54509804 0.71372549 0.60000000
v 0.02142830 -0.00020404 -0.00927928 0.54509804 0.71372549 0.60000000
v 0.01909061 -0.00020404 -0.00933327 0.54509804 0.71372549 0.60000000
v -0.06739162 0.00212978 -0.01002288 0.54509804 0.71372549 0.60000000
v -0.06972931 0.00212978 -0.00993944 0.54509804 0.71372549 0.60000000
v -0.07100219 0.00212978 -0.00977747 0.54509804 0.71372549 0.60000000
v -0.07095323 0.00071516 -0.00975293 0.54509804 0.71372549 0.60000000
v -0.07187117 -0.00011991 -0.00893816 0.54509804 0.71372549 0.60000000
v -0.07341332 -0.00020404 -0.00762274 0.54509804 0.71372549 0.60000000
v -0.07415990 -0.00488102 -0.00388018 0.54509804 0.71372549 0.60000000
v -0.07423334 -0.00721795 -0.00154138 0.54509804 0.71372549 0.60000000
v -0.07365809 -0.00256901 -0.00638831 0.54509804 0.71372549 0.60000000
v -0.07391512 -0.00955488 0.00079495 0.54509804 0.71372549 0.60000000
v -0.07343779 -0.01106610 0.00313129 0.54509804 0.71372549 0.60000000
v -0.07337659 -0.01095393 0.00546763 0.54509804 0.71372549 0.60000000
v -0.07327869 -0.01079813 0.00676833 0.54509804 0.71372549 0.60000000
v -0.07324196 -0.00838330 0.00897459 0.54509804 0.71372549 0.60000000
v -0.07267896 -0.00744853 0.01001760 0.54509804 0.71372549 0.60000000
v -0.07162639 -0.00488102 0.01200545 0.54509804 0.71372549 0.60000000
v -0.07168758 -0.00254097 0.01217724 0.54509804 0.71372549 0.60000000
v -0.07054934 -0.00020404 0.01341904 0.54509804 0.71372549 0.60000000
v -0.06946004 0.00212978 0.01413565 0.54509804 0.71372549 0.60000000
v -0.06936214 0.00446983 0.01413074 0.54509804 0.71372549 0.60000000
v -0.06505393 0.00914370 0.01427062 0.54509804 0.71372549 0.60000000
v -0.06739162 0.00446983 0.01463384 0.54509804 0.71372549 0.60000000
v 0.01675292 0.00212978 0.01500441 0.54509804 0.71372549 0.60000000
v 0.00973986 0.00446983 0.01483262 0.54509804 0.71372549 0.60000000
v 0.02376599 0.00212978 0.01487925 0.54509804 0.71372549 0.60000000
v 0.02610368 0.00212978 0.01477863 0.54509804 0.71372549 0.60000000
v 0.05058209 0.00212978 0.01249383 0.54509804 0.71372549 0.60000000
v 0.05058209 0.00323905 0.01233676 0.54509804 0.71372549 0.60000000
v 0.05058209 0.00446983 0.01209380 0.54509804 0.71372549 0.60000000
v 0.05058209 -0.00131018 -0.00800068 0.54509804 0.71372549 0.60000000
v 0.02376599 -0.00254097 -0.00926946 0.54509804 0.71372549 0.60000000
v -0.06271624 -0.00169032 -0.00975293 0.54509804 0.71372549 0.60000000
v -0.06715908 -0.00043773 -0.00983637 0.54509804 0.71372549 0.60000000
v -0.06872570 -0.00144417 -0.00974066 0.54509804 0.71372549 0.60000000
v -0.06959468 -0.00011991 -0.00980692 0.54509804 0.71372549 0.60000000
v 0.02142830 -0.00254097 -0.00928664 0.54509804 0.71372549 0.60000000
v -0.07029231 -0.00084280 -0.00965967 0.54509804 0.71372549 0.60000000
v -0.07165087 -0.00488102 -0.00788533 0.54509804 0.71372549 0.60000000
v -0.07226282 -0.00256901 -0.00814547 0.54509804 0.71372549 0.60000000
v -0.07316853 -0.00336357 -0.00728161 0.54509804 0.71372549 0.60000000
v -0.07330316 -0.00180561 -0.00746813 0.54509804 0.71372549 0.60000000
v -0.07358466 -0.00488102 -0.00576741 0.54509804 0.71372549 0.60000000
v -0.07341332 -0.00656361 -0.00533303 0.54509804 0.71372549 0.60000000
v -0.07369482 -0.00729273 -0.00397589 0.54509804 0.71372549 0.60000000
v -0.07346227 -0.00890989 -0.00325928 0.54509804 0.71372549 0.60000000
v -0.07362139 -0.00963590 -0.00150457 0.54509804 0.71372549 0.60000000
v -0.07331539 -0.01084175 -0.00070207 0.54509804 0.71372549 0.60000000
v -0.07340107 -0.01098197 0.00079495 0.54509804 0.71372549 0.60000000
v -0.07254433 -0.01223457 0.00313129 0.54509804 0.71372549 0.60000000
v -0.07240970 -0.01212239 0.00546763 0.54509804 0.71372549 0.60000000
v -0.07299718 -0.00955488 0.00848868 0.54509804 0.71372549 0.60000000
v -0.07105114 -0.01314753 0.00680759 0.54509804 0.71372549 0.60000000
v -0.07198132 -0.01172356 0.00756837 0.54509804 0.71372549 0.60000000
v -0.07135712 -0.01108791 0.00937953 0.54509804 0.71372549 0.60000000
v -0.07176102 -0.00947075 0.01015258 0.54509804 0.71372549 0.60000000
v -0.07110010 -0.00863569 0.01145327 0.54509804 0.71372549 0.60000000
v -0.07136937 -0.00721795 0.01170114 0.54509804 0.71372549 0.60000000
v -0.07012097 -0.00254097 0.01334787 0.54509804 0.71372549 0.60000000
v -0.06937438 -0.00020404 0.01403993 0.54509804 0.71372549 0.60000000
v -0.06739162 0.00212978 0.01460439 0.54509804 0.71372549 0.60000000
v 0.01675292 -0.00020404 0.01504859 0.54509804 0.71372549 0.60000000
v 0.02376599 -0.00020404 0.01490134 0.54509804 0.71372549 0.60000000
v 0.03311674 -0.00020404 0.01427799 0.54509804 0.71372549 0.60000000
v 0.05058209 0.00090211 0.01260181 0.54509804 0.71372549 0.60000000
v 0.05058209 -0.00254097 -0.00800313 0.54509804 0.71372549 0.60000000
v 0.02376599 -0.00488102 -0.00894797 0.54509804 0.71372549 0.60000000
v 0.05058209 -0.00365023 -0.00799577 0.54509804 0.71372549 0.60000000
v 0.05058209 -0.00498073 -0.00788042 0.54509804 0.71372549 0.60000000
v -0.06271624 -0.00286191 -0.00965231 0.54509804 0.71372549 0.60000000
v -0.06505393 -0.00488102 -0.00917375 0.54509804 0.71372549 0.60000000
v -0.06739162 -0.00488102 -0.00894061 0.54509804 0.71372549 0.60000000
v -0.06959468 -0.00235090 -0.00940199 0.54509804 0.71372549 0.60000000
v -0.06271624 -0.00488102 -0.00930382 0.54509804 0.71372549 0.60000000
v -0.06972931 -0.00488102 -0.00859703 0.54509804 0.71372549 0.60000000
v -0.07281359 -0.00488102 -0.00693558 0.54509804 0.71372549 0.60000000
v -0.07118578 -0.00636731 -0.00758102 0.54509804 0.71372549 0.60000000
v -0.07310733 -0.00812156 -0.00481766 0.54509804 0.71372549 0.60000000
v -0.07307061 -0.01046784 -0.00226045 0.54509804 0.71372549 0.60000000
v -0.07200581 -0.01178587 -0.00134751 0.54509804 0.71372549 0.60000000
v -0.07094099 -0.01308833 -0.00043457 0.54509804 0.71372549 0.60000000
v -0.07117354 -0.01323166 0.00079495 0.54509804 0.71372549 0.60000000
v -0.07233626 -0.01215044 0.00079495 0.54509804 0.71372549 0.60000000
v -0.07136937 -0.01335941 0.00313129 0.54509804 0.71372549 0.60000000
v -0.07124697 -0.01327528 0.00546763 0.54509804 0.71372549 0.60000000
v -0.06972931 -0.01357752 0.00546763 0.54509804 0.71372549 0.60000000
v -0.06972931 -0.01322542 0.00702846 0.54509804 0.71372549 0.60000000
v -0.06972931 -0.01260847 0.00819663 0.54509804 0.71372549 0.60000000
v -0.06972931 -0.01144001 0.00979918 0.54509804 0.71372549 0.60000000
v -0.06972931 -0.01024038 0.01096735 0.54509804 0.71372549 0.60000000
v -0.06972931 -0.00907192 0.01172323 0.54509804 0.71372549 0.60000000
v -0.06972931 -0.00721795 0.01248401 0.54509804 0.71372549 0.60000000
v -0.06953349 -0.00468783 0.01318344 0.54509804 0.71372549 0.60000000
v -0.06894600 -0.00254097 0.01380679 0.54509804 0.71372549 0.60000000
v -0.06739162 -0.00020404 0.01438842 0.54509804 0.71372549 0.60000000
v 0.01441523 -0.00254097 0.01487925 0.54509804 0.71372549 0.60000000
v 0.00038910 -0.00020404 0.01494797 0.54509804 0.71372549 0.60000000
v 0.01675292 -0.00254097 0.01488907 0.54509804 0.71372549 0.60000000
v 0.02142830 -0.00254097 0.01484489 0.54509804 0.71372549 0.60000000
v 0.02376599 -0.00254097 0.01480317 0.54509804 0.71372549 0.60000000
v 0.03077905 -0.00254097 0.01432216 0.54509804 0.71372549 0.60000000
v 0.03311674 -0.00254097 0.01412338 0.54509804 0.71372549 0.60000000
v 0.05058209 -0.00020404 0.01263862 0.54509804 0.71372549 0.60000000
v 0.05058209 -0.00673498 -0.00759083 0.54509804 0.71372549 0.60000000
v 0.02376599 -0.00721795 -0.00811111 0.54509804 0.71372549 0.60000000
v -0.06037856 -0.00721795 -0.00864611 0.54509804 0.71372549 0.60000000
v -0.06271624 -0.00721795 -0.00858476 0.54509804 0.71372549 0.60000000
v -0.06505393 -0.00721795 -0.00830253 0.54509804 0.71372549 0.60000000
v -0.06972931 -0.00672252 -0.00777980 0.54509804 0.71372549 0.60000000
v -0.07215267 -0.00724599 -0.00621406 0.54509804 0.71372549 0.60000000
v -0.06972931 -0.00789099 -0.00707301 0.54509804 0.71372549 0.60000000
v -0.07154072 -0.00898779 -0.00553672 0.54509804 0.71372549 0.60000000
v -0.07231178 -0.00972937 -0.00405933 0.54509804 0.71372549 0.60000000
v -0.07151623 -0.01117204 -0.00330100 0.54509804 0.71372549 0.60000000
v -0.06972931 -0.01270195 -0.00191687 0.54509804 0.71372549 0.60000000
v -0.06972931 -0.01320361 -0.00074870 0.54509804 0.71372549 0.60000000
v -0.06972931 -0.01356194 0.00079495 0.54509804 0.71372549 0.60000000
v -0.06972931 -0.01377382 0.00313129 0.54509804 0.71372549 0.60000000
v -0.06739162 -0.01386107 0.00313129 0.54509804 0.71372549 0.60000000
v -0.06739162 -0.01362738 0.00546763 0.54509804 0.71372549 0.60000000
v -0.06739162 -0.01323789 0.00710945 0.54509804 0.71372549 0.60000000
v -0.06739162 -0.01276739 0.00828007 0.54509804 0.71372549 0.60000000
v -0.06739162 -0.01159892 0.01005932 0.54509804 0.71372549 0.60000000
v -0.06739162 -0.01061429 0.01122749 0.54509804 0.71372549 0.60000000
v -0.06739162 -0.00944583 0.01195392 0.54509804 0.71372549 0.60000000
v -0.06739162 -0.00721795 0.01295766 0.54509804 0.71372549 0.60000000
v -0.06861554 -0.00378110 0.01366445 0.54509804 0.71372549 0.60000000
v -0.06739162 -0.00254097 0.01398349 0.54509804 0.71372549 0.60000000
v -0.00896165 -0.00254097 0.01465838 0.54509804 0.71372549 0.60000000
v 0.01207755 -0.00488102 0.01441296 0.54509804 0.71372549 0.60000000
v 0.01441523 -0.00488102 0.01442033 0.54509804 0.71372549 0.60000000
v 0.02142830 -0.00488102 0.01438842 0.54509804 0.71372549 0.60000000
v 0.02376599 -0.00488102 0.01434670 0.54509804 0.71372549 0.60000000
v 0.03077905 -0.00453827 0.01392459 0.54509804 0.71372549 0.60000000
v 0.03311674 -0.00415813 0.01379697 0.54509804 0.71372549 0.60000000
v 0.05058209 -0.00254097 0.01229259 0.54509804 0.71372549 0.60000000
v 0.05058209 -0.00724599 -0.00737978 0.54509804 0.71372549 0.60000000
v 0.02610368 -0.00721795 -0.00804976 0.54509804 0.71372549 0.60000000
v 0.02972648 -0.00840511 -0.00740186 0.54509804 0.71372549 0.60000000
v 0.02610368 -0.00846431 -0.00745095 0.54509804 0.71372549 0.60000000
v 0.02376599 -0.00850171 -0.00748040 0.54509804 0.71372549 0.60000000
v -0.05804087 -0.00914670 -0.00783134 0.54509804 0.71372549 0.60000000
v -0.06037856 -0.00912177 -0.00783379 0.54509804 0.71372549 0.60000000
v -0.06271624 -0.00895663 -0.00776262 0.54509804 0.71372549 0.60000000
v -0.06505393 -0.00863881 -0.00756384 0.54509804 0.71372549 0.60000000
v -0.06972931 -0.00942090 -0.00590239 0.54509804 0.71372549 0.60000000
v -0.06972931 -0.01059248 -0.00490601 0.54509804 0.71372549 0.60000000
v -0.06972931 -0.01153349 -0.00373784 0.54509804 0.71372549 0.60000000
v -0.06739162 -0.01287333 -0.00225554 0.54509804 0.71372549 0.60000000
v -0.06739162 -0.01330955 -0.00108491 0.54509804 0.71372549 0.60000000
v -0.06739162 -0.01371774 0.00079495 0.54509804 0.71372549 0.60000000
v -0.05102780 -0.01355571 0.00079495 0.54509804 0.71372549 0.60000000
v -0.03933936 -0.01334071 0.00079495 0.54509804 0.71372549 0.60000000
v -0.05102780 -0.01355260 0.00313129 0.54509804 0.71372549 0.60000000
v -0.03741780 -0.01311948 0.00452034 0.54509804 0.71372549 0.60000000
v 0.04014205 -0.01104117 0.00560752 0.54509804 0.71372549 0.60000000
v 0.03937098 -0.01078878 0.00673888 0.54509804 0.71372549 0.60000000
v -0.06271624 -0.01155530 0.01014522 0.54509804 0.71372549 0.60000000
v -0.06511513 -0.01144001 0.01036118 0.54509804 0.71372549 0.60000000
v 0.02142830 -0.00964524 0.01014522 0.54509804 0.71372549 0.60000000
v 0.02142830 -0.00872294 0.01174777 0.54509804 0.71372549 0.60000000
v -0.06438078 -0.01076697 0.01135020 0.54509804 0.71372549 0.60000000
v -0.06593516 -0.01069219 0.01128639 0.54509804 0.71372549 0.60000000
v -0.06511513 -0.00976988 0.01186311 0.54509804 0.71372549 0.60000000
v -0.06505393 -0.00721795 0.01298956 0.54509804 0.71372549 0.60000000
v -0.06739162 -0.00520507 0.01348775 0.54509804 0.71372549 0.60000000
v -0.06739162 -0.00403661 0.01370863 0.54509804 0.71372549 0.60000000
v 0.01207755 -0.00641716 0.01387060 0.54509804 0.71372549 0.60000000
v 0.01441523 -0.00642028 0.01387060 0.54509804 0.71372549 0.60000000
v 0.02142830 -0.00632992 0.01382642 0.54509804 0.71372549 0.60000000
v 0.02376599 -0.00628941 0.01380925 0.54509804 0.71372549 0.60000000
v 0.02610368 -0.00617724 0.01373317 0.54509804 0.71372549 0.60000000
v 0.02756014 -0.00609311 0.01367918 0.54509804 0.71372549 0.60000000
v 0.03077905 -0.00570985 0.01351966 0.54509804 0.71372549 0.60000000
v 0.03311674 -0.00532659 0.01339204 0.54509804 0.71372549 0.60000000
v 0.05058209 -0.00453204 0.01163733 0.54509804 0.71372549 0.60000000
v 0.05058209 -0.00776323 -0.00710737 0.54509804 0.71372549 0.60000000
v 0.02029006 -0.01072647 -0.00505080 0.54509804 0.71372549 0.60000000
v 0.05058209 -0.00899714 -0.00597110 0.54509804 0.71372549 0.60000000
v -0.05804087 -0.01031516 -0.00701902 0.54509804 0.71372549 0.60000000
v -0.06037856 -0.01029024 -0.00699448 0.54509804 0.71372549 0.60000000
v -0.06271624 -0.01012509 -0.00684968 0.54509804 0.71372549 0.60000000
v -0.06856659 -0.01072335 -0.00504835 0.54509804 0.71372549 0.60000000
v -0.06505393 -0.01104429 -0.00541647 0.54509804 0.71372549 0.60000000
v -0.06271624 -0.01121878 -0.00568151 0.54509804 0.71372549 0.60000000
v -0.06762416 -0.01158334 -0.00411332 0.54509804 0.71372549 0.60000000
v -0.06505393 -0.01293876 -0.00235125 0.54509804 0.71372549 0.60000000
v -0.06271624 -0.01228130 -0.00388018 0.54509804 0.71372549 0.60000000
v -0.06505393 -0.01330332 -0.00118308 0.54509804 0.71372549 0.60000000
v -0.05336549 -0.01326593 -0.00126652 0.54509804 0.71372549 0.60000000
v -0.05102780 -0.01325658 -0.00120762 0.54509804 0.71372549 0.60000000
v -0.03933936 -0.01317869 -0.00081005 0.54509804 0.71372549 0.60000000
v -0.03700167 -0.01315064 -0.00070943 0.54509804 0.71372549 0.60000000
v -0.00662396 -0.01270507 0.00079495 0.54509804 0.71372549 0.60000000
v 0.04012981 -0.01153972 0.00313129 0.54509804 0.71372549 0.60000000
v 0.04246750 -0.01136523 0.00313129 0.54509804 0.71372549 0.60000000
v 0.04246750 -0.01097574 0.00501853 0.54509804 0.71372549 0.60000000
v 0.04092536 -0.01066415 0.00647874 0.54509804 0.71372549 0.60000000
v 0.05058209 -0.00873851 0.00747266 0.54509804 0.71372549 0.60000000
v 0.05058209 -0.00811845 0.00854267 0.54509804 0.71372549 0.60000000
v 0.04246750 -0.00863881 0.00927155 0.54509804 0.71372549 0.60000000
v 0.03311674 -0.00828359 0.01118086 0.54509804 0.71372549 0.60000000
v 0.03011814 -0.00844562 0.01138701 0.54509804 0.71372549 0.60000000
v 0.02844137 -0.00853598 0.01149009 0.54509804 0.71372549 0.60000000
v 0.02610368 -0.00861699 0.01159807 0.54509804 0.71372549 0.60000000
v 0.02610368 -0.00947387 0.01014522 0.54509804 0.71372549 0.60000000
v 0.02376599 -0.00956735 0.01014522 0.54509804 0.71372549 0.60000000
v -0.06271624 -0.01076697 0.01135020 0.54509804 0.71372549 0.60000000
v 0.02376599 -0.00866996 0.01168151 0.54509804 0.71372549 0.60000000
v 0.02376599 -0.00745788 0.01284968 0.54509804 0.71372549 0.60000000
v 0.02142830 -0.00749838 0.01291839 0.54509804 0.71372549 0.60000000
v 0.01441523 -0.00759186 0.01297975 0.54509804 0.71372549 0.60000000
v 0.02610368 -0.00734882 0.01276624 0.54509804 0.71372549 0.60000000
v 0.02838017 -0.00700918 0.01282514 0.54509804 0.71372549 0.60000000
v 0.03311674 -0.00711512 0.01222387 0.54509804 0.71372549 0.60000000
v 0.05058209 -0.00570362 0.01111951 0.54509804 0.71372549 0.60000000
v 0.05058209 -0.00961409 -0.00489619 0.54509804 0.71372549 0.60000000
v 0.02610368 -0.01061118 -0.00480048 0.54509804 0.71372549 0.60000000
v 0.04012981 -0.01084487 -0.00298687 0.54509804 0.71372549 0.60000000
v 0.02610368 -0.01108791 -0.00363231 0.54509804 0.71372549 0.60000000
v -0.05102780 -0.01297304 -0.00237825 0.54509804 0.71372549 0.60000000
v -0.05336549 -0.01299485 -0.00243714 0.54509804 0.71372549 0.60000000
v -0.05336549 -0.01240594 -0.00388018 0.54509804 0.71372549 0.60000000
v -0.05336549 -0.01130602 -0.00577477 0.54509804 0.71372549 0.60000000
v -0.05570318 -0.01129979 -0.00581895 0.54509804 0.71372549 0.60000000
v -0.05804087 -0.01129044 -0.00585085 0.54509804 0.71372549 0.60000000
v -0.06037856 -0.01127487 -0.00582385 0.54509804 0.71372549 0.60000000
v -0.06037856 -0.01231558 -0.00388018 0.54509804 0.71372549 0.60000000
v -0.03700167 -0.01285463 -0.00187760 0.54509804 0.71372549 0.60000000
v 0.02610368 -0.01166435 -0.00154138 0.54509804 0.71372549 0.60000000
v 0.04012981 -0.01158022 0.00079495 0.54509804 0.71372549 0.60000000
v 0.04246750 -0.01141820 0.00079495 0.54509804 0.71372549 0.60000000
v 0.04394844 -0.01084799 0.00464059 0.54509804 0.71372549 0.60000000
v 0.05058209 -0.01035256 0.00079495 0.54509804 0.71372549 0.60000000
v 0.05058209 -0.01008459 0.00313375 0.54509804 0.71372549 0.60000000
v 0.04246750 -0.01054574 0.00618915 0.54509804 0.71372549 0.60000000
v 0.05058209 -0.00953619 0.00546763 0.54509804 0.71372549 0.60000000
v 0.05058209 -0.00705904 0.00986545 0.54509804 0.71372549 0.60000000
v 0.04427890 -0.00851105 0.00912430 0.54509804 0.71372549 0.60000000
v 0.03545443 -0.00811845 0.01101398 0.54509804 0.71372549 0.60000000
v 0.05058209 -0.00637042 0.01050352 0.54509804 0.71372549 0.60000000
v 0.05058209 -0.01003473 -0.00393662 0.54509804 0.71372549 0.60000000
v 0.04195345 -0.01078878 -0.00286907 0.54509804 0.71372549 0.60000000
v 0.04012981 -0.01123436 -0.00154138 0.54509804 0.71372549 0.60000000
v 0.05058209 -0.01036502 -0.00154138 0.54509804 0.71372549 0.60000000
v 0.04262660 -0.01100690 -0.00174262 0.54509804 0.71372549 0.60000000
f 1 2 3
f 1 3 4
f 1 4 5
f 1 5 2
f 2 6 7
f 2 7 8
f 2 8 3
f 2 5 9
f 2 9 6
f 3 8 10
f 3 10 11
f 3 11 12
f 3 12 13
f 3 13 4
f 4 13 14
f 4 14 15
f 4 15 16
f 4 16 17
f 4 17 5
f 5 17 18
f 5 18 9
f 6 19 7
f 6 9 19
f 7 20 21
f 7 21 8
f 7 19 20
f 8 21 10
f 9 18 22
f 9 22 23
f 9 23 24
f 9 24 25
f 9 25 26
f 9 26 27
f 9 27 19
f 10 21 28
f 10 28 29
f 10 29 30
f 10 30 31
f 10 31 11
f 11 31 12
f 12 32 13
f 12 31 33
f 12 33 32
f 13 32 14
f 14 32 34
f 14 34 35
f 14 35 15
f 15 35 16
f 16 36 57
f 16 57 81
f 16 81 117
f 16 117 156
f 16 156 191
f 16 191 190
f 16 190 189
f 16 189 224
f 16 224 223
f 16 223 222
f 16 222 259
f 16 259 297
f 16 297 330
f 16 330 370
f 16 370 410
f 16 410 435
f 16 435 432
f 16 432 394
f 16 394 393
f 16 393 431
f 16 431 429
f 16 429 428
f 16 428 439
f 16 439 436
f 16 436 411
f 16 411 373
f 16 373 371
f 16 371 331
f 16 331 298
f 16 298 263
f 16 263 262
f 16 262 260
f 16 260 225
f 16 225 192
f 16 192 159
f 16 159 158
f 16 158 122
f 16 122 121
f 16 121 118
f 16 118 83
f 16 83 60
f 16 60 40
f 16 40 39
f 16 39 25
f 16 25 24
f 16 24 23
f 16 23 22
f 16 22 18
f 16 18 17
f 16 35 36
f 19 27 20
f 20 27 37
f 20 37 38
f 20 38 21
f 21 38 28
f 25 39 26
f 26 39 40
f 26 40 41
f 26 41 42
f 26 42 43
f 26 43 27
f 27 43 44
f 27 44 45
f 27 45 37
f 28 38 46
f 28 46 29
f 29 46 47
f 29 47 30
f 30 48 49
f 30 49 50
f 30 50 31
f 30 47 48
f 31 50 51
f 31 51 33
f 32 33 52
f 32 52 53
f 32 53 54
f 32 54 34
f 33 51 52
f 34 54 55
f 34 55 56
f 34 56 35
f 35 56 57
f 35 57 36
f 37 45 58
f 37 58 38
f 38 59 46
f 38 58 59
f 40 60 41
f 41 60 42
f 42 60 61
f 42 61 62
f 42 62 43
f 43 63 44
f 43 62 64
f 43 64 63
f 44 65 66
f 44 66 45
f 44 63 65
f 45 67 58
f 45 66 67
f 46 68 69
f 46 69 48
f 46 48 47
f 46 59 68
f 48 69 70
f 48 70 49
f 49 70 71
f 49 71 72
f 49 72 50
f 50 72 51
f 51 72 73
f 51 73 52
f 52 74 54
f 52 54 53
f 52 73 75
f 52 75 74
f 54 74 76
f 54 76 77
f 54 77 55
f 55 77 78
f 55 78 56
f 56 78 79
f 56 79 80
f 56 80 81
f 56 81 57
f 58 67 82
f 58 82 59
f 59 82 68
f 60 83 84
f 60 84 61
f 61 84 64
f 61 64 62
f 63 85 65
f 63 64 85
f 64 84 86
f 64 86 87
f 64 87 88
f 64 88 89
f 64 89 85
f 65 85 89
f 65 89 90
f 65 90 91
f 65 91 92
f 65 92 66
f 66 92 93
f 66 93 67
f 67 93 82
f 68 94 95
f 68 95 96
f 68 96 97
f 68 97 98
f 68 98 69
f 68 82 99
f 68 99 94
f 69 98 70
f 70 100 101
f 70 101 71
f 70 98 102
f 70 102 100
f 71 103 72
f 71 101 104
f 71 104 103
f 72 103 105
f 72 105 73
f 73 105 106
f 73 106 75
f 74 75 107
f 74 107 108
f 74 108 76
f 75 106 107
f 76 108 109
f 76 109 77
f 77 109 110
f 77 110 78
f 78 110 111
f 78 111 79
f 79 111 112
f 79 112 113
f 79 113 114
f 79 114 115
f 79 115 116
f 79 116 80
f 80 116 115
f 80 115 117
f 80 117 81
f 82 93 99
f 83 118 84
f 84 118 86
f 86 119 120
f 86 120 87
f 86 118 121
f 86 121 122
f 86 122 119
f 87 120 88
f 88 123 124
f 88 124 125
f 88 125 89
f 88 120 126
f 88 126 123
f 89 125 90
f 90 125 99
f 90 99 91
f 91 99 93
f 91 93 92
f 94 127 95
f 94 99 128
f 94 128 127
f 95 127 96
f 96 127 128
f 96 128 129
f 96 129 130
f 96 130 102
f 96 102 131
f 96 131 97
f 97 131 132
f 97 132 98
f 98 132 131
f 98 131 102
f 99 125 128
f 100 102 101
f 101 133 104
f 101 102 134
f 101 134 133
f 102 130 134
f 103 104 135
f 103 135 136
f 103 136 137
f 103 137 138
f 103 138 105
f 104 133 135
f 105 138 139
f 105 139 106
f 106 139 140
f 106 140 107
f 107 140 141
f 107 141 108
f 108 142 143
f 108 143 144
f 108 144 109
f 108 141 142
f 109 145 146
f 109 146 147
f 109 147 110
f 109 144 145
f 110 147 148
f 110 148 149
f 110 149 111
f 111 149 150
f 111 150 112
f 112 150 151
f 112 151 113
f 113 151 152
f 113 152 153
f 113 153 114
f 114 153 154
f 114 154 155
f 114 155 115
f 115 155 156
f 115 156 117
f 119 157 120
f 119 122 158
f 119 158 159
f 119 159 157
f 120 157 126
f 123 160 124
f 123 126 157
f 123 157 160
f 124 161 128
f 124 128 125
f 124 160 161
f 128 162 129
f 128 161 162
f 129 163 164
f 129 164 130
f 129 162 163
f 130 164 134
f 133 165 135
f 133 134 166
f 133 166 167
f 133 167 165
f 134 164 166
f 135 165 136
f 136 165 168
f 136 168 137
f 137 168 169
f 137 169 170
f 137 170 138
f 138 170 171
f 138 171 172
f 138 172 139
f 139 172 173
f 139 173 140
f 140 173 174
f 140 174 141
f 141 174 175
f 141 175 142
f 142 175 176
f 142 176 143
f 143 176 177
f 143 177 144
f 144 177 178
f 144 178 179
f 144 179 145
f 145 179 146
f 146 148 147
f 146 179 180
f 146 180 181
f 146 181 148
f 148 181 182
f 148 182 149
f 149 182 150
f 150 182 183
f 150 183 184
f 150 184 185
f 150 185 186
f 150 186 152
f 150 152 151
f 152 186 185
f 152 185 187
f 152 187 153
f 153 187 154
f 154 187 188
f 154 188 189
f 154 189 190
f 154 190 155
f 155 190 191
f 155 191 156
f 157 159 192
f 157 192 193
f 157 193 194
f 157 194 195
f 157 195 160
f 160 196 161
f 160 195 196
f 161 197 162
f 161 196 197
f 162 197 198
f 162 198 163
f 163 198 199
f 163 199 200
f 163 200 201
f 163 201 164
f 164 201 166
f 165 167 202
f 165 202 203
f 165 203 168
f 166 202 167
f 166 201 204
f 166 204 202
f 168 203 205
f 168 205 169
f 169 206 207
f 169 207 170
f 169 205 206
f 170 207 208
f 170 208 171
f 171 208 209
f 171 209 172
f 172 209 173
f 173 209 174
f 174 209 210
f 174 210 211
f 174 211 212
f 174 212 175
f 175 212 176
f 176 213 214
f 176 214 215
f 176 215 177
f 176 212 213
f 177 215 179
f 177 179 178
f 179 215 180
f 180 216 181
f 180 215 217
f 180 217 218
f 180 218 219
f 180 219 216
f 181 216 183
f 181 183 182
f 183 216 219
f 183 219 184
f 184 219 218
f 184 218 185
f 185 220 187
f 185 218 220
f 187 220 188
f 188 220 221
f 188 221 222
f 188 222 223
f 188 223 224
f 188 224 189
f 192 225 226
f 192 226 193
f 193 226 194
f 194 226 195
f 195 226 196
f 196 227 228
f 196 228 229
f 196 229 230
f 196 230 197
f 196 226 231
f 196 231 227
f 197 230 199
f 197 199 198
f 199 230 232
f 199 232 233
f 199 233 234
f 199 234 200
f 200 234 235
f 200 235 236
f 200 236 201
f 201 236 204
f 202 204 237
f 202 237 238
f 202 238 239
f 202 239 203
f 203 239 240
f 203 240 241
f 203 241 205
f 204 236 235
f 204 235 237
f 205 241 242
f 205 242 243
f 205 243 206
f 206 244 207
f 206 243 244
f 207 244 245
f 207 245 208
f 208 246 209
f 208 245 247
f 208 247 248
f 208 248 249
f 208 249 246
f 209 246 250
f 209 250 251
f 209 251 252
f 209 252 210
f 210 252 211
f 211 252 253
f 211 253 213
f 211 213 212
f 213 253 254
f 213 254 214
f 214 254 255
f 214 255 217
f 214 217 215
f 217 255 256
f 217 256 218
f 218 256 220
f 220 257 221
f 220 256 257
f 221 257 258
f 221 258 259
f 221 259 222
f 225 260 226
f 226 261 231
f 226 260 262
f 226 262 263
f 226 263 261
f 227 264 228
f 227 231 264
f 228 264 229
f 229 265 266
f 229 266 267
f 229 267 232
f 229 232 230
f 229 264 268
f 229 268 265
f 231 261 264
f 232 267 269
f 232 269 233
f 233 270 235
f 233 235 234
f 233 269 271
f 233 271 270
f 235 270 238
f 235 238 237
f 238 240 239
f 238 270 272
f 238 272 240
f 240 272 273
f 240 273 241
f 241 273 242
f 242 273 274
f 242 274 275
f 242 275 276
f 242 276 277
f 242 277 243
f 243 277 244
f 244 277 278
f 244 278 279
f 244 279 245
f 245 279 247
f 246 249 250
f 247 279 280
f 247 280 281
f 247 281 282
f 247 282 283
f 247 283 249
f 247 249 248
f 249 283 284
f 249 284 251
f 249 251 250
f 251 284 285
f 251 285 286
f 251 286 252
f 252 286 287
f 252 287 253
f 253 287 288
f 253 288 254
f 254 288 289
f 254 289 255
f 255 289 290
f 255 290 291
f 255 291 256
f 256 291 290
f 256 290 292
f 256 292 293
f 256 293 294
f 256 294 257
f 257 294 258
f 258 294 295
f 258 295 296
f 258 296 297
f 258 297 259
f 261 263 298
f 261 298 299
f 261 299 300
f 261 300 268
f 261 268 264
f 265 268 301
f 265 301 266
f 266 301 302
f 266 302 269
f 266 269 267
f 268 300 301
f 269 303 271
f 269 302 303
f 270 271 304
f 270 304 272
f 271 303 305
f 271 305 306
f 271 306 304
f 272 304 306
f 272 306 307
f 272 307 273
f 273 307 308
f 273 308 274
f 274 308 275
f 275 309 310
f 275 310 311
f 275 311 276
f 275 308 309
f 276 311 312
f 276 312 278
f 276 278 277
f 278 312 279
f 279 312 280
f 280 312 313
f 280 313 314
f 280 314 281
f 281 314 315
f 281 315 316
f 281 316 282
f 282 316 317
f 282 317 283
f 283 317 318
f 283 318 284
f 284 318 285
f 285 318 319
f 285 319 320
f 285 320 286
f 286 320 321
f 286 321 287
f 287 321 288
f 288 321 289
f 289 321 322
f 289 322 323
f 289 323 290
f 290 324 292
f 290 323 324
f 292 324 325
f 292 325 326
f 292 326 293
f 293 326 327
f 293 327 294
f 294 327 295
f 295 328 296
f 295 327 328
f 296 328 329
f 296 329 330
f 296 330 297
f 298 331 332
f 298 332 299
f 299 332 333
f 299 333 334
f 299 334 335
f 299 335 336
f 299 336 300
f 300 336 337
f 300 337 301
f 301 337 338
f 301 338 302
f 302 339 303
f 302 338 339
f 303 339 305
f 305 340 306
f 305 339 340
f 306 308 307
f 306 340 341
f 306 341 308
f 308 341 342
f 308 342 309
f 309 342 343
f 309 343 310
f 310 343 344
f 310 344 311
f 311 344 345
f 311 345 312
f 312 345 313
f 313 346 347
f 313 347 348
f 313 348 314
f 313 345 346
f 314 348 349
f 314 349 350
f 314 350 315
f 315 350 351
f 315 351 316
f 316 352 353
f 316 353 317
f 316 351 354
f 316 354 355
f 316 355 352
f 317 353 356
f 317 356 357
f 317 357 318
f 318 357 319
f 319 357 356
f 319 356 358
f 319 358 320
f 320 358 359
f 320 359 360
f 320 360 321
f 321 360 361
f 321 361 322
f 322 361 323
f 323 361 360
f 323 360 324
f 324 362 325
f 324 360 359
f 324 359 362
f 325 362 363
f 325 363 326
f 326 364 365
f 326 365 327
f 326 363 364
f 327 365 366
f 327 366 367
f 327 367 328
f 328 368 329
f 328 367 368
f 329 368 369
f 329 369 370
f 329 370 330
f 331 371 333
f 331 333 332
f 333 372 334
f 333 371 373
f 333 373 372
f 334 372 335
f 335 372 374
f 335 374 336
f 336 374 337
f 337 374 375
f 337 375 338
f 338 375 376
f 338 376 339
f 339 376 340
f 340 376 341
f 341 376 377
f 341 377 342
f 342 377 378
f 342 378 379
f 342 379 380
f 342 380 343
f 343 381 344
f 343 380 379
f 343 379 382
f 343 382 381
f 344 381 383
f 344 383 345
f 345 383 384
f 345 384 385
f 345 385 346
f 346 385 386
f 346 386 387
f 346 387 347
f 347 388 348
f 347 387 388
f 348 388 389
f 348 389 349
f 349 389 350
f 350 389 390
f 350 390 391
f 350 391 351
f 351 391 392
f 351 392 393
f 351 393 394
f 351 394 395
f 351 395 396
f 351 396 397
f 351 397 398
f 351 398 399
f 351 399 400
f 351 400 401
f 351 401 354
f 352 402 353
f 352 355 402
f 353 402 356
f 354 401 355
f 355 401 403
f 355 403 404
f 355 404 405
f 355 405 406
f 355 406 402
f 356 402 363
f 356 363 362
f 356 362 358
f 358 362 359
f 363 402 406
f 363 406 364
f 364 405 365
f 364 406 405
f 365 405 404
f 365 404 366
f 366 407 367
f 366 404 407
f 367 407 408
f 367 408 409
f 367 409 410
f 367 410 368
f 368 410 370
f 368 370 369
f 372 373 411
f 372 411 412
f 372 412 413
f 372 413 414
f 372 414 415
f 372 415 416
f 372 416 417
f 372 417 418
f 372 418 374
f 374 418 419
f 374 419 420
f 374 420 421
f 374 421 375
f 375 421 379
f 375 379 376
f 376 379 378
f 376 378 377
f 379 421 382
f 381 382 422
f 381 422 417
f 381 417 416
f 381 416 383
f 382 421 422
f 383 416 384
f 384 416 385
f 385 416 386
f 386 423 424
f 386 424 387
f 386 416 415
f 386 415 423
f 387 424 388
f 388 424 425
f 388 425 389
f 389 425 426
f 389 426 390
f 390 427 391
f 390 426 428
f 390 428 429
f 390 429 427
f 391 430 392
f 391 427 431
f 391 431 430
f 392 430 393
f 393 430 431
f 394 432 433
f 394 433 395
f 395 433 432
f 395 432 434
f 395 434 396
f 396 434 409
f 396 409 397
f 397 409 398
f 398 409 408
f 398 408 407
f 398 407 404
f 398 404 399
f 399 404 403
f 399 403 400
f 400 403 401
f 409 434 410
f 410 434 435
f 411 436 412
f 412 436 413
f 413 436 437
f 413 437 438
f 413 438 424
f 413 424 414
f 414 424 423
f 414 423 415
f 417 422 421
f 417 421 420
f 417 420 419
f 417 419 418
f 424 438 425
f 425 438 426
f 426 439 428
f 426 438 440
f 426 440 436
f 426 436 439
f 427 429 431
f 432 435 434
f 436 440 438
f 436 438 437

o geometry_1
v 0.09858329 0.02492944 0.01289720 0.54117647 0.42352941 0.64313725
v 0.08222317 0.02250736 -0.00621729 0.54117647 0.42352941 0.64313725
v 0.07754422 0.02254148 -0.00621729 0.54117647 0.42352941 0.64313725
v 0.07521015 0.02255122 -0.00621729 0.54117647 0.42352941 0.64313725
v 0.09177558 0.02488071 0.01289720 0.54117647 0.42352941 0.64313725
v 0.11494341 0.02440311 0.01289720 0.54117647 0.42352941 0.64313725
v 0.08836092 0.02206876 -0.00747546 0.54117647 0.42352941 0.64313725
v 0.08222317 0.02216135 -0.00759644 0.54117647 0.42352941 0.64313725
v 0.08222317 0.02472963 0.01289720 0.54117647 0.42352941 0.64313725
v 0.08455724 0.02477349 0.01289720 0.54117647 0.42352941 0.64313725
v 0.07521015 0.02210774 -0.00752143 0.54117647 0.42352941 0.64313725
v 0.07134164 0.02207363 -0.00747546 0.54117647 0.42352941 0.64313725
v 0.07286527 0.02248299 -0.00621729 0.54117647 0.42352941 0.64313725
v 0.11564579 0.02435438 0.01289720 0.54117647 0.42352941 0.64313725
v 0.14244440 0.01972466 -0.00552772 0.54117647 0.42352941 0.64313725
v 0.13363760 0.02021199 -0.00621729 0.54117647 0.42352941 0.64313725
v 0.10559631 0.01924706 -0.00949579 0.54117647 0.42352941 0.64313725
v 0.13766820 0.01971491 -0.00745852 0.54117647 0.42352941 0.64313725
v 0.13363760 0.01986111 -0.00762547 0.54117647 0.42352941 0.64313725
v 0.11494341 0.02028997 -0.00811906 0.54117647 0.42352941 0.64313725
v 0.10793038 0.01921295 -0.00943772 0.54117647 0.42352941 0.64313725
v 0.08222317 0.02083091 -0.00872879 0.54117647 0.42352941 0.64313725
v 0.07521015 0.02083091 -0.00864653 0.54117647 0.42352941 0.64313725
v 0.07055281 0.02224907 -0.00625842 0.54117647 0.42352941 0.64313725
v 0.06896434 0.02211262 -0.00550594 0.54117647 0.42352941 0.64313725
v 0.07988910 0.02444697 0.01289720 0.54117647 0.42352941 0.64313725
v 0.07286527 0.02083091 -0.00858846 0.54117647 0.42352941 0.64313725
v 0.07286527 0.01945662 -0.00965306 0.54117647 0.42352941 0.64313725
v 0.07055281 0.02100148 -0.00821343 0.54117647 0.42352941 0.64313725
v 0.06819712 0.02044104 -0.00807793 0.54117647 0.42352941 0.64313725
v 0.06978559 0.02188844 -0.00706414 0.54117647 0.42352941 0.64313725
v 0.11727748 0.02423742 0.01289720 0.54117647 0.42352941 0.64313725
v 0.14532957 0.01939326 -0.00621729 0.54117647 0.42352941 0.64313725
v 0.14065062 0.01959794 -0.00704478 0.54117647 0.42352941 0.64313725
v 0.08923619 0.01948098 -0.00965548 0.54117647 0.42352941 0.64313725
v 0.11026445 0.01797510 -0.01002083 0.54117647 0.42352941 0.64313725
v 0.10793038 0.01804333 -0.01004261 0.54117647 0.42352941 0.64313725
v 0.15234260 0.01786789 -0.00788679 0.54117647 0.42352941 0.64313725
v 0.14532957 0.01824801 -0.00819649 0.54117647 0.42352941 0.64313725
v 0.14299550 0.01834548 -0.00830779 0.54117647 0.42352941 0.64313725
v 0.14065062 0.01842833 -0.00837312 0.54117647 0.42352941 0.64313725
v 0.13598248 0.01849656 -0.00857394 0.54117647 0.42352941 0.64313725
v 0.11026445 0.01914472 -0.00939175 0.54117647 0.42352941 0.64313725
v 0.12429050 0.01747802 -0.00980791 0.54117647 0.42352941 0.64313725
v 0.08222317 0.01954434 -0.00968694 0.54117647 0.42352941 0.64313725
v 0.07988910 0.01955896 -0.00968452 0.54117647 0.42352941 0.64313725
v 0.07521015 0.01953459 -0.00967968 0.54117647 0.42352941 0.64313725
v 0.06818632 0.02162040 -0.00625842 0.54117647 0.42352941 0.64313725
v 0.06585224 0.02095275 -0.00388000 0.54117647 0.42352941 0.64313725
v 0.06896434 0.02211262 -0.00430826 0.54117647 0.42352941 0.64313725
v 0.07738213 0.02405223 0.01289720 0.54117647 0.42352941 0.64313725
v 0.07286527 0.01829187 -0.01001841 0.54117647 0.42352941 0.64313725
v 0.07053119 0.01797510 -0.00993373 0.54117647 0.42352941 0.64313725
v 0.07053119 0.01914472 -0.00952241 0.54117647 0.42352941 0.64313725
v 0.06806745 0.01842833 -0.00932400 0.54117647 0.42352941 0.64313725
v 0.06636012 0.02003168 -0.00772952 0.54117647 0.42352941 0.64313725
v 0.11822840 0.02414482 0.01289720 0.54117647 0.42352941 0.64313725
v 0.14766365 0.01917396 -0.00621729 0.54117647 0.42352941 0.64313725
v 0.15234260 0.01871586 -0.00621729 0.54117647 0.42352941 0.64313725
v 0.10793038 0.01615733 -0.01065960 0.54117647 0.42352941 0.64313725
v 0.15832906 0.01740004 -0.00746094 0.54117647 0.42352941 0.64313725
v 0.15234260 0.01615733 -0.00886913 0.54117647 0.42352941 0.64313725
v 0.15000852 0.01615733 -0.00909898 0.54117647 0.42352941 0.64313725
v 0.14299550 0.01652771 -0.00947643 0.54117647 0.42352941 0.64313725
v 0.14065062 0.01671289 -0.00954176 0.54117647 0.42352941 0.64313725
v 0.13363760 0.01849656 -0.00869250 0.54117647 0.42352941 0.64313725
v 0.12662457 0.01738542 -0.00975952 0.54117647 0.42352941 0.64313725
v 0.12429050 0.01615733 -0.01019988 0.54117647 0.42352941 0.64313725
v 0.13831655 0.01682011 -0.00958048 0.54117647 0.42352941 0.64313725
v 0.07988910 0.01838934 -0.01006923 0.54117647 0.42352941 0.64313725
v 0.07754422 0.01837472 -0.01005955 0.54117647 0.42352941 0.64313725
v 0.07521015 0.01836498 -0.01003293 0.54117647 0.42352941 0.64313725
v 0.06569016 0.02043617 -0.00636731 0.54117647 0.42352941 0.64313725
v 0.06818632 0.02180559 -0.00366950 0.54117647 0.42352941 0.64313725
v 0.06432861 0.01991471 -0.00568983 0.54117647 0.42352941 0.64313725
v 0.06414491 0.02002193 -0.00388000 0.54117647 0.42352941 0.64313725
v 0.06471763 0.01964668 0.00400775 0.54117647 0.42352941 0.64313725
v 0.06603595 0.02019737 0.00546916 0.54117647 0.42352941 0.64313725
v 0.06819712 0.02117693 0.00546916 0.54117647 0.42352941 0.64313725
v 0.07521015 0.02336996 0.01289720 0.54117647 0.42352941 0.64313725
v 0.07709037 0.02396451 0.01289720 0.54117647 0.42352941 0.64313725
v 0.07286527 0.01615733 -0.01056281 0.54117647 0.42352941 0.64313725
v 0.07053119 0.01615733 -0.01042974 0.54117647 0.42352941 0.64313725
v 0.06876983 0.01760473 -0.00981759 0.54117647 0.42352941 0.64313725
v 0.06721378 0.01720023 -0.00969419 0.54117647 0.42352941 0.64313725
v 0.06569016 0.01867687 -0.00831989 0.54117647 0.42352941 0.64313725
v 0.06480407 0.01957845 -0.00724802 0.54117647 0.42352941 0.64313725
v 0.11961155 0.02400349 0.01289720 0.54117647 0.42352941 0.64313725
v 0.15467667 0.01854042 -0.00388000 0.54117647 0.42352941 0.64313725
v 0.15467667 0.01835036 -0.00621729 0.54117647 0.42352941 0.64313725
v 0.12175112 0.02376957 0.01289720 0.54117647 0.42352941 0.64313725
v 0.13130353 0.02266818 0.01289720 0.54117647 0.42352941 0.64313725
v 0.13598248 0.02208338 0.01289720 0.54117647 0.42352941 0.64313725
v 0.14065062 0.01554328 -0.00986598 0.54117647 0.42352941 0.64313725
v 0.11026445 0.01381810 -0.01096930 0.54117647 0.42352941 0.64313725
v 0.10793038 0.01381810 -0.01100317 0.54117647 0.42352941 0.64313725
v 0.09391514 0.01381810 -0.01098866 0.54117647 0.42352941 0.64313725
v 0.07754422 0.01615733 -0.01062330 0.54117647 0.42352941 0.64313725
v 0.15702155 0.01795074 -0.00621729 0.54117647 0.42352941 0.64313725
v 0.15866404 0.01755112 -0.00621729 0.54117647 0.42352941 0.64313725
v 0.15989591 0.01616220 -0.00631407 0.54117647 0.42352941 0.64313725
v 0.16041460 0.01453449 -0.00715608 0.54117647 0.42352941 0.64313725
v 0.15879371 0.01615733 -0.00771984 0.54117647 0.42352941 0.64313725
v 0.15702155 0.01615733 -0.00824004 0.54117647 0.42352941 0.64313725
v 0.15467667 0.01615733 -0.00859088 0.54117647 0.42352941 0.64313725
v 0.14872262 0.01493411 -0.00972323 0.54117647 0.42352941 0.64313725
v 0.05060513 0.01051881 -0.00314688 0.54117647 0.42352941 0.64313725
v 0.05060513 0.01075273 -0.00240649 0.54117647 0.42352941 0.64313725
v 0.05060513 0.01102077 -0.00154271 0.54117647 0.42352941 0.64313725
v 0.05060513 0.01125469 -0.00031116 0.54117647 0.42352941 0.64313725
v 0.05060513 0.01144963 0.00079216 0.54117647 0.42352941 0.64313725
v 0.05060513 0.01152273 0.00313187 0.54117647 0.42352941 0.64313725
v 0.06486891 0.01954434 0.00546916 0.54117647 0.42352941 0.64313725
v 0.06640334 0.02001219 0.00780645 0.54117647 0.42352941 0.64313725
v 0.07220611 0.02204926 0.01289720 0.54117647 0.42352941 0.64313725
v 0.07286527 0.01381810 -0.01089429 0.54117647 0.42352941 0.64313725
v 0.07053119 0.01381810 -0.01085800 0.54117647 0.42352941 0.64313725
v 0.06819712 0.01381810 -0.01059185 0.54117647 0.42352941 0.64313725
v 0.06806745 0.01631328 -0.01004503 0.54117647 0.42352941 0.64313725
v 0.06637093 0.01564075 -0.00986840 0.54117647 0.42352941 0.64313725
v 0.06480407 0.01483664 -0.00969661 0.54117647 0.42352941 0.64313725
v 0.06569016 0.01631328 -0.00950305 0.54117647 0.42352941 0.64313725
v 0.06351817 0.01615733 -0.00861991 0.54117647 0.42352941 0.64313725
v 0.06351817 0.01787276 -0.00775613 0.54117647 0.42352941 0.64313725
v 0.06231872 0.01736106 -0.00741255 0.54117647 0.42352941 0.64313725
v 0.05060513 0.00981216 -0.00431794 0.54117647 0.42352941 0.64313725
v 0.05060513 0.01023128 -0.00370095 0.54117647 0.42352941 0.64313725
v 0.15000852 0.01978313 0.01289720 0.54117647 0.42352941 0.64313725
v 0.15702155 0.01813593 -0.00388000 0.54117647 0.42352941 0.64313725
v 0.13814366 0.02173737 0.01289720 0.54117647 0.42352941 0.64313725
v 0.12429050 0.01381810 -0.01057733 0.54117647 0.42352941 0.64313725
v 0.11259853 0.01147887 -0.01105640 0.54117647 0.42352941 0.64313725
v 0.10326224 0.00680528 -0.01156451 0.54117647 0.42352941 0.64313725
v 0.10092817 0.00914451 -0.01146289 0.54117647 0.42352941 0.64313725
v 0.09858329 0.00914451 -0.01146531 0.54117647 0.42352941 0.64313725
v 0.07754422 0.01381810 -0.01095478 0.54117647 0.42352941 0.64313725
v 0.15885855 0.01762909 -0.00388000 0.54117647 0.42352941 0.64313725
v 0.16002559 0.01665929 -0.00388000 0.54117647 0.42352941 0.64313725
v 0.16066314 0.01538733 -0.00559789 0.54117647 0.42352941 0.64313725
v 0.16074958 0.01377911 -0.00631407 0.54117647 0.42352941 0.64313725
v 0.16057669 0.01297500 -0.00743917 0.54117647 0.42352941 0.64313725
v 0.15952852 0.01377911 -0.00795695 0.54117647 0.42352941 0.64313725
v 0.15702155 0.01381810 -0.00894413 0.54117647 0.42352941 0.64313725
v 0.14766365 0.00914451 -0.01011762 0.54117647 0.42352941 0.64313725
v 0.14532957 0.01147887 -0.01006681 0.54117647 0.42352941 0.64313725
v 0.14065062 0.01381810 -0.01006923 0.54117647 0.42352941 0.64313725
v 0.15467667 0.01381810 -0.00924900 0.54117647 0.42352941 0.64313725
v 0.15702155 0.01147887 -0.00934820 0.54117647 0.42352941 0.64313725
v 0.15702155 0.00948565 -0.00964096 0.54117647 0.42352941 0.64313725
v 0.15818858 0.00798951 -0.00972565 0.54117647 0.42352941 0.64313725
v 0.05060513 0.01115722 0.00546916 0.54117647 0.42352941 0.64313725
v 0.06675994 0.01981237 0.00944933 0.54117647 0.42352941 0.64313725
v 0.07055281 0.02114281 0.01289720 0.54117647 0.42352941 0.64313725
v 0.07053119 0.01147887 -0.01103463 0.54117647 0.42352941 0.64313725
v 0.06819712 0.01147887 -0.01088704 0.54117647 0.42352941 0.64313725
v 0.06585224 0.01147887 -0.01045394 0.54117647 0.42352941 0.64313725
v 0.06569016 0.01395943 -0.01004987 0.54117647 0.42352941 0.64313725
v 0.06430700 0.01327715 -0.00983211 0.54117647 0.42352941 0.64313725
v 0.05060513 0.00442219 -0.00743433 0.54117647 0.42352941 0.64313725
v 0.05060513 0.00501187 -0.00727948 0.54117647 0.42352941 0.64313725
v 0.05060513 0.00680528 -0.00669395 0.54117647 0.42352941 0.64313725
v 0.05060513 0.00766300 -0.00620519 0.54117647 0.42352941 0.64313725
v 0.05060513 0.00864255 -0.00561724 0.54117647 0.42352941 0.64313725
v 0.15204004 0.01941763 0.01289720 0.54117647 0.42352941 0.64313725
v 0.15249388 0.01930554 0.01289720 0.54117647 0.42352941 0.64313725
v 0.15423363 0.01884257 0.01289720 0.54117647 0.42352941 0.64313725
v 0.12896945 0.01147887 -0.01056281 0.54117647 0.42352941 0.64313725
v 0.11494341 0.00914451 -0.01110722 0.54117647 0.42352941 0.64313725
v 0.10559631 0.00680528 -0.01150644 0.54117647 0.42352941 0.64313725
v 0.10793038 0.00446605 -0.01152096 0.54117647 0.42352941 0.64313725
v 0.09391514 0.00446605 -0.01182098 0.54117647 0.42352941 0.64313725
v 0.07521015 0.00680528 -0.01142902 0.54117647 0.42352941 0.64313725
v 0.15469828 0.01870611 0.01289720 0.54117647 0.42352941 0.64313725
v 0.15699994 0.01792637 0.01289720 0.54117647 0.42352941 0.64313725
v 0.15774554 0.01764371 0.01289720 0.54117647 0.42352941 0.64313725
v 0.15904225 0.01663005 0.01289720 0.54117647 0.42352941 0.64313725
v 0.15948529 0.01617195 0.01289720 0.54117647 0.42352941 0.64313725
v 0.15970141 0.01581131 0.01289720 0.54117647 0.42352941 0.64313725
v 0.16069555 0.01548967 -0.00388000 0.54117647 0.42352941 0.64313725
v 0.16090086 0.01381810 -0.00388000 0.54117647 0.42352941 0.64313725
v 0.16087925 0.01147887 -0.00621729 0.54117647 0.42352941 0.64313725
v 0.16061992 0.00914451 -0.00752869 0.54117647 0.42352941 0.64313725
v 0.15702155 0.00680528 -0.00981275 0.54117647 0.42352941 0.64313725
v 0.15467667 0.00446605 -0.00993615 0.54117647 0.42352941 0.64313725
v 0.11259853 0.00213169 -0.01140482 0.54117647 0.42352941 0.64313725
v 0.16063072 0.00733648 -0.00753595 0.54117647 0.42352941 0.64313725
v 0.15818858 0.00560642 -0.00972565 0.54117647 0.42352941 0.64313725
v 0.15708638 0.00468535 -0.00981275 0.54117647 0.42352941 0.64313725
v 0.05060513 0.01090381 0.00623858 0.54117647 0.42352941 0.64313725
v 0.06873742 0.02007554 0.01289720 0.54117647 0.42352941 0.64313725
v 0.06819712 0.00914451 -0.01102495 0.54117647 0.42352941 0.64313725
v 0.06585224 0.00680528 -0.01083623 0.54117647 0.42352941 0.64313725
v 0.06585224 0.00914451 -0.01067895 0.54117647 0.42352941 0.64313725
v 0.05060513 0.00223891 -0.00776823 0.54117647 0.42352941 0.64313725
v 0.06234033 0.01033849 -0.00972807 0.54117647 0.42352941 0.64313725
v 0.06352898 0.01126444 -0.00990953 0.54117647 0.42352941 0.64313725
v 0.05060513 0.00390561 -0.00751417 0.54117647 0.42352941 0.64313725
v 0.09624922 0.00213169 -0.01177259 0.54117647 0.42352941 0.64313725
v 0.08222317 -0.00488113 -0.01166129 0.54117647 0.42352941 0.64313725
v 0.08222317 0.00213169 -0.01163952 0.54117647 0.42352941 0.64313725
v 0.07521015 0.00446605 -0.01144353 0.54117647 0.42352941 0.64313725
v 0.06819712 0.00680528 -0.01109996 0.54117647 0.42352941 0.64313725
v 0.16032815 0.01381810 0.01289720 0.54117647 0.42352941 0.64313725
v 0.16098731 0.01147887 -0.00388000 0.54117647 0.42352941 0.64313725
v 0.16091167 0.00914451 -0.00621729 0.54117647 0.42352941 0.64313725
v 0.15467667 0.00213169 -0.00992405 0.54117647 0.42352941 0.64313725
v 0.14766365 0.00213169 -0.01018294 0.54117647 0.42352941 0.64313725
v 0.15000852 -0.00020266 -0.01008132 0.54117647 0.42352941 0.64313725
v 0.15000852 -0.00721548 -0.00992889 0.54117647 0.42352941 0.64313725
v 0.14695046 -0.01549051 -0.00973775 0.54117647 0.42352941 0.64313725
v 0.09157027 -0.00955471 -0.01147257 0.54117647 0.42352941 0.64313725
v 0.15921515 0.00213169 -0.00844812 0.54117647 0.42352941 0.64313725
v 0.16076039 0.00665420 -0.00637456 0.54117647 0.42352941 0.64313725
v 0.16050104 0.00446605 -0.00726738 0.54117647 0.42352941 0.64313725
v 0.15828584 -0.01583165 -0.00747062 0.54117647 0.42352941 0.64313725
v 0.15838309 -0.01422830 -0.00756015 0.54117647 0.42352941 0.64313725
v 0.15877210 -0.00721548 -0.00792066 0.54117647 0.42352941 0.64313725
v 0.15739975 -0.00020266 -0.00951999 0.54117647 0.42352941 0.64313725
v 0.15585451 -0.00371638 -0.00972565 0.54117647 0.42352941 0.64313725
v 0.15598418 -0.00254189 -0.00975468 0.54117647 0.42352941 0.64313725
v 0.15623272 -0.00020266 -0.00979340 0.54117647 0.42352941 0.64313725
v 0.15647045 0.00213169 -0.00981759 0.54117647 0.42352941 0.64313725
v 0.15467667 -0.00020266 -0.00990228 0.54117647 0.42352941 0.64313725
v 0.05060513 0.01057729 0.00715559 0.54117647 0.42352941 0.64313725
v 0.06777569 0.01935915 0.01289720 0.54117647 0.42352941 0.64313725
v 0.05060513 0.00991938 0.00832424 0.54117647 0.42352941 0.64313725
v 0.06585224 0.00446605 -0.01089913 0.54117647 0.42352941 0.64313725
v 0.05060513 -0.00020266 -0.00798357 0.54117647 0.42352941 0.64313725
v 0.08455724 -0.00721548 -0.01157419 0.54117647 0.42352941 0.64313725
v 0.08222317 -0.00721548 -0.01152580 0.54117647 0.42352941 0.64313725
v 0.07988910 -0.00488113 -0.01158871 0.54117647 0.42352941 0.64313725
v 0.06819712 0.00446605 -0.01110479 0.54117647 0.42352941 0.64313725
v 0.16036057 0.01159096 0.01289720 0.54117647 0.42352941 0.64313725
v 0.16096570 0.00914451 -0.00388000 0.54117647 0.42352941 0.64313725
v 0.16037137 0.00903242 0.01289720 0.54117647 0.42352941 0.64313725
v 0.16037137 0.00873027 0.01289720 0.54117647 0.42352941 0.64313725
v 0.16058749 0.00213169 -0.00561482 0.54117647 0.42352941 0.64313725
v 0.15234260 -0.00020266 -0.00999664 0.54117647 0.42352941 0.64313725
v 0.15234260 -0.00254189 -0.00994341 0.54117647 0.42352941 0.64313725
v 0.15467667 -0.00254189 -0.00983937 0.54117647 0.42352941 0.64313725
v 0.15155377 -0.00886269 -0.00976678 0.54117647 0.42352941 0.64313725
v 0.14856054 -0.01422830 -0.00971597 0.54117647 0.42352941 0.64313725
v 0.15000852 -0.01656753 -0.00925867 0.54117647 0.42352941 0.64313725
v 0.14770687 -0.01638722 -0.00953934 0.54117647 0.42352941 0.64313725
v 0.10092817 -0.01422830 -0.01071283 0.54117647 0.42352941 0.64313725
v 0.09391514 -0.01189394 -0.01118706 0.54117647 0.42352941 0.64313725
v 0.09157027 -0.01189394 -0.01119190 0.54117647 0.42352941 0.64313725
v 0.08923619 -0.00955471 -0.01144595 0.54117647 0.42352941 0.64313725
v 0.15950691 -0.01422830 -0.00388000 0.54117647 0.42352941 0.64313725
v 0.15929078 -0.01189394 -0.00621729 0.54117647 0.42352941 0.64313725
v 0.15906387 -0.01422830 -0.00621729 0.54117647 0.42352941 0.64313725
v 0.15804811 -0.01739113 -0.00688751 0.54117647 0.42352941 0.64313725
v 0.15649206 -0.01826347 -0.00765209 0.54117647 0.42352941 0.64313725
v 0.15717283 -0.01659677 -0.00780936 0.54117647 0.42352941 0.64313725
v 0.15702155 -0.01422830 -0.00813600 0.54117647 0.42352941 0.64313725
v 0.15715122 -0.00254189 -0.00936755 0.54117647 0.42352941 0.64313725
v 0.15851277 -0.01659677 -0.00615196 0.54117647 0.42352941 0.64313725
v 0.15467667 -0.01656753 -0.00848442 0.54117647 0.42352941 0.64313725
v 0.15000852 -0.01422830 -0.00951999 0.54117647 0.42352941 0.64313725
v 0.06632771 0.01798485 0.01289720 0.54117647 0.42352941 0.64313725
v 0.05060513 0.00930533 0.00915898 0.54117647 0.42352941 0.64313725
v 0.05060513 0.00875464 0.00979533 0.54117647 0.42352941 0.64313725
v 0.05060513 0.00739983 0.01096397 0.54117647 0.42352941 0.64313725
v 0.05060513 0.00678091 0.01130755 0.54117647 0.42352941 0.64313725
v 0.05060513 0.00623022 0.01158338 0.54117647 0.42352941 0.64313725
v 0.06819712 0.00213169 -0.01103221 0.54117647 0.42352941 0.64313725
v 0.06819712 -0.00721548 -0.01066928 0.54117647 0.42352941 0.64313725
v 0.06585224 0.00213169 -0.01079267 0.54117647 0.42352941 0.64313725
v 0.05060513 -0.00364816 -0.00799567 0.54117647 0.42352941 0.64313725
v 0.05060513 -0.00254189 -0.00800292 0.54117647 0.42352941 0.64313725
v 0.05060513 -0.00130893 -0.00800051 0.54117647 0.42352941 0.64313725
v 0.08690212 -0.00955471 -0.01141208 0.54117647 0.42352941 0.64313725
v 0.07754422 -0.01189394 -0.01083623 0.54117647 0.42352941 0.64313725
v 0.07521015 -0.01189394 -0.01072734 0.54117647 0.42352941 0.64313725
v 0.07053119 -0.00955471 -0.01069589 0.54117647 0.42352941 0.64313725
v 0.07053119 -0.00721548 -0.01086042 0.54117647 0.42352941 0.64313725
v 0.16058749 0.00213169 -0.00452844 0.54117647 0.42352941 0.64313725
v 0.16032815 0.00721952 0.01289720 0.54117647 0.42352941 0.64313725
v 0.16052266 0.00094746 -0.00505591 0.54117647 0.42352941 0.64313725
v 0.15967980 -0.01189394 -0.00388000 0.54117647 0.42352941 0.64313725
v 0.15000852 -0.01890676 -0.00840457 0.54117647 0.42352941 0.64313725
v 0.15448217 -0.01898961 -0.00778274 0.54117647 0.42352941 0.64313725
v 0.15234260 -0.01890676 -0.00814810 0.54117647 0.42352941 0.64313725
v 0.14766365 -0.01890676 -0.00858846 0.54117647 0.42352941 0.64313725
v 0.14532957 -0.01890676 -0.00868282 0.54117647 0.42352941 0.64313725
v 0.12896945 -0.01711822 -0.00961193 0.54117647 0.42352941 0.64313725
v 0.10559631 -0.01634335 -0.01006923 0.54117647 0.42352941 0.64313725
v 0.09858329 -0.01422830 -0.01072976 0.54117647 0.42352941 0.64313725
v 0.08455724 -0.01422830 -0.01061846 0.54117647 0.42352941 0.64313725
v 0.15906387 -0.01422830 0.01289720 0.54117647 0.42352941 0.64313725
v 0.15900983 -0.01464254 0.01289720 0.54117647 0.42352941 0.64313725
v 0.15875049 -0.01656753 0.01289720 0.54117647 0.42352941 0.64313725
v 0.15882613 -0.01656753 -0.00388000 0.54117647 0.42352941 0.64313725
v 0.15822100 -0.01780537 -0.00532932 0.54117647 0.42352941 0.64313725
v 0.15616788 -0.02030055 -0.00555191 0.54117647 0.42352941 0.64313725
v 0.15514133 -0.01982296 -0.00711011 0.54117647 0.42352941 0.64313725
v 0.15357447 -0.02008612 -0.00740046 0.54117647 0.42352941 0.64313725
v 0.06536598 0.01700042 0.01289720 0.54117647 0.42352941 0.64313725
v 0.05060513 0.00446605 0.01209390 0.54117647 0.42352941 0.64313725
v 0.06819712 -0.00955471 -0.01047329 0.54117647 0.42352941 0.64313725
v 0.06585224 -0.00955471 -0.01015149 0.54117647 0.42352941 0.64313725
v 0.06585224 -0.00721548 -0.01029666 0.54117647 0.42352941 0.64313725
v 0.05060513 -0.00497859 -0.00788195 0.54117647 0.42352941 0.64313725
v 0.06406927 -0.00955471 -0.00984905 0.54117647 0.42352941 0.64313725
v 0.08222317 -0.01422830 -0.01055314 0.54117647 0.42352941 0.64313725
v 0.07754422 -0.01422830 -0.01039829 0.54117647 0.42352941 0.64313725
v 0.07521015 -0.01422830 -0.01031360 0.54117647 0.42352941 0.64313725
v 0.07286527 -0.01189394 -0.01055798 0.54117647 0.42352941 0.64313725
v 0.07053119 -0.01189394 -0.01038377 0.54117647 0.42352941 0.64313725
v 0.06819712 -0.01189394 -0.01016843 0.54117647 0.42352941 0.64313725
v 0.16052266 0.00094746 -0.00503655 0.54117647 0.42352941 0.64313725
v 0.15234260 -0.02018359 -0.00749482 0.54117647 0.42352941 0.64313725
v 0.15000852 -0.02027618 -0.00758676 0.54117647 0.42352941 0.64313725
v 0.14532957 -0.02038827 -0.00771016 0.54117647 0.42352941 0.64313725
v 0.11259853 -0.01750809 -0.00966032 0.54117647 0.42352941 0.64313725
v 0.10326224 -0.01629462 -0.01008858 0.54117647 0.42352941 0.64313725
v 0.10092817 -0.01622639 -0.01011278 0.54117647 0.42352941 0.64313725
v 0.09858329 -0.01621665 -0.01010068 0.54117647 0.42352941 0.64313725
v 0.08455724 -0.01606070 -0.01003293 0.54117647 0.42352941 0.64313725
v 0.08222317 -0.01606557 -0.01000148 0.54117647 0.42352941 0.64313725
v 0.15830745 -0.01802955 0.01289720 0.54117647 0.42352941 0.64313725
v 0.15777796 -0.01919916 0.01289720 0.54117647 0.42352941 0.64313725
v 0.15824261 -0.01782487 -0.00388000 0.54117647 0.42352941 0.64313725
v 0.15760507 -0.01951593 0.01289720 0.54117647 0.42352941 0.64313725
v 0.15629755 -0.02166510 0.01289720 0.54117647 0.42352941 0.64313725
v 0.15738895 -0.01899448 -0.00388000 0.54117647 0.42352941 0.64313725
v 0.15547631 -0.02238149 0.01289720 0.54117647 0.42352941 0.64313725
v 0.15467667 -0.02285908 0.01289720 0.54117647 0.42352941 0.64313725
v 0.15463345 -0.02287858 0.01289720 0.54117647 0.42352941 0.64313725
v 0.15449297 -0.02292731 0.01289720 0.54117647 0.42352941 0.64313725
v 0.15250469 -0.02354623 0.01289720 0.54117647 0.42352941 0.64313725
v 0.15467667 -0.02076353 -0.00388000 0.54117647 0.42352941 0.64313725
v 0.15234260 -0.02108030 -0.00388000 0.54117647 0.42352941 0.64313725
v 0.15234260 -0.02069042 -0.00621729 0.54117647 0.42352941 0.64313725
v 0.15448217 -0.02039315 -0.00628504 0.54117647 0.42352941 0.64313725
v 0.05060513 0.00323795 0.01233586 0.54117647 0.42352941 0.64313725
v 0.05060513 0.00213169 0.01249313 0.54117647 0.42352941 0.64313725
v 0.05505716 0.00441244 0.01289720 0.54117647 0.42352941 0.64313725
v 0.06583063 -0.01191344 -0.00988534 0.54117647 0.42352941 0.64313725
v 0.06447990 -0.01114831 -0.00977646 0.54117647 0.42352941 0.64313725
v 0.05060513 -0.00673302 -0.00759160 0.54117647 0.42352941 0.64313725
v 0.06504180 -0.01270293 -0.00967242 0.54117647 0.42352941 0.64313725
v 0.07521015 -0.01570494 -0.00987566 0.54117647 0.42352941 0.64313725
v 0.07338395 -0.01554412 -0.00980066 0.54117647 0.42352941 0.64313725
v 0.07053119 -0.01517861 -0.00966274 0.54117647 0.42352941 0.64313725
v 0.07053119 -0.01400900 -0.00996035 0.54117647 0.42352941 0.64313725
v 0.06819712 -0.01358988 -0.00985872 0.54117647 0.42352941 0.64313725
v 0.06659785 -0.01322438 -0.00977888 0.54117647 0.42352941 0.64313725
v 0.15000852 -0.02089023 -0.00621729 0.54117647 0.42352941 0.64313725
v 0.14766365 -0.02097795 -0.00621729 0.54117647 0.42352941 0.64313725
v 0.14532957 -0.02105106 -0.00621729 0.54117647 0.42352941 0.64313725
v 0.14299550 -0.02103643 -0.00621729 0.54117647 0.42352941 0.64313725
v 0.13363760 -0.02095846 -0.00621729 0.54117647 0.42352941 0.64313725
v 0.13130353 -0.02030055 -0.00763031 0.54117647 0.42352941 0.64313725
v 0.10559631 -0.01751297 -0.00961677 0.54117647 0.42352941 0.64313725
v 0.08222317 -0.01723519 -0.00943530 0.54117647 0.42352941 0.64313725
v 0.15041915 -0.02378503 0.01289720 0.54117647 0.42352941 0.64313725
v 0.15000852 -0.02129960 -0.00388000 0.54117647 0.42352941 0.64313725
v 0.05060513 0.00089872 0.01260201 0.54117647 0.42352941 0.64313725
v 0.05409544 0.00213169 0.01289720 0.54117647 0.42352941 0.64313725
v 0.05060513 -0.00724472 -0.00737868 0.54117647 0.42352941 0.64313725
v 0.06819712 -0.01475463 -0.00949579 0.54117647 0.42352941 0.64313725
v 0.06583063 -0.01409672 -0.00926351 0.54117647 0.42352941 0.64313725
v 0.07521015 -0.01687455 -0.00915947 0.54117647 0.42352941 0.64313725
v 0.07988910 -0.01711335 -0.00936997 0.54117647 0.42352941 0.64313725
v 0.07053119 -0.01656753 -0.00880622 0.54117647 0.42352941 0.64313725
v 0.13598248 -0.02469148 0.01289720 0.54117647 0.42352941 0.64313725
v 0.13075243 -0.02482306 0.01289720 0.54117647 0.42352941 0.64313725
v 0.12896945 -0.02485718 0.01289720 0.54117647 0.42352941 0.64313725
v 0.12195643 -0.02481819 0.01289720 0.54117647 0.42352941 0.64313725
v 0.13130353 -0.02093409 -0.00621729 0.54117647 0.42352941 0.64313725
v 0.12896945 -0.02028106 -0.00761822 0.54117647 0.42352941 0.64313725
v 0.11333333 -0.02013486 -0.00746578 0.54117647 0.42352941 0.64313725
v 0.08222317 -0.01841942 -0.00826666 0.54117647 0.42352941 0.64313725
v 0.07988910 -0.01839018 -0.00820133 0.54117647 0.42352941 0.64313725
v 0.07521015 -0.01824398 -0.00799083 0.54117647 0.42352941 0.64313725
v 0.13831655 -0.02456477 0.01289720 0.54117647 0.42352941 0.64313725
v 0.13728999 -0.02462813 0.01289720 0.54117647 0.42352941 0.64313725
v 0.05060513 -0.00020266 0.01263831 0.54117647 0.42352941 0.64313725
v 0.05407382 0.00203422 0.01289720 0.54117647 0.42352941 0.64313725
v 0.05060513 -0.00776130 -0.00710769 0.54117647 0.42352941 0.64313725
v 0.06811067 -0.01674297 -0.00823762 0.54117647 0.42352941 0.64313725
v 0.06585224 -0.01616791 -0.00801744 0.54117647 0.42352941 0.64313725
v 0.06411250 -0.01573418 -0.00768838 0.54117647 0.42352941 0.64313725
v 0.06341011 -0.01435988 -0.00822068 0.54117647 0.42352941 0.64313725
v 0.07286527 -0.01814651 -0.00784807 0.54117647 0.42352941 0.64313725
v 0.07053119 -0.01802468 -0.00770048 0.54117647 0.42352941 0.64313725
v 0.06883467 -0.01789797 -0.00755289 0.54117647 0.42352941 0.64313725
v 0.12896945 -0.02088049 -0.00621729 0.54117647 0.42352941 0.64313725
v 0.10557470 -0.02442832 0.01289720 0.54117647 0.42352941 0.64313725
v 0.11494341 -0.02048574 -0.00621729 0.54117647 0.42352941 0.64313725
v 0.07988910 -0.01931125 -0.00621729 0.54117647 0.42352941 0.64313725
v 0.07754422 -0.01832683 -0.00808519 0.54117647 0.42352941 0.64313725
v 0.07754422 -0.01918942 -0.00621729 0.54117647 0.42352941 0.64313725
v 0.07521015 -0.01903834 -0.00621729 0.54117647 0.42352941 0.64313725
v 0.05467895 -0.00017342 0.01289720 0.54117647 0.42352941 0.64313725
v 0.05452767 0.00017746 0.01289720 0.54117647 0.42352941 0.64313725
v 0.05060513 -0.00254189 0.01229231 0.54117647 0.42352941 0.64313725
v 0.06874822 -0.01681120 0.01289720 0.54117647 0.42352941 0.64313725
v 0.06630609 -0.01427216 0.01289720 0.54117647 0.42352941 0.64313725
v 0.06611158 -0.01406260 0.01289720 0.54117647 0.42352941 0.64313725
v 0.06491213 -0.01264445 0.01289720 0.54117647 0.42352941 0.64313725
v 0.05060513 -0.00899915 -0.00597050 0.54117647 0.42352941 0.64313725
v 0.06726781 -0.01764455 -0.00714882 0.54117647 0.42352941 0.64313725
v 0.06255645 -0.01522735 -0.00706172 0.54117647 0.42352941 0.64313725
v 0.07286527 -0.01885315 -0.00621729 0.54117647 0.42352941 0.64313725
v 0.07053119 -0.01860461 -0.00621729 0.54117647 0.42352941 0.64313725
v 0.06811067 -0.01812214 -0.00630924 0.54117647 0.42352941 0.64313725
v 0.09858329 -0.02417003 0.01289720 0.54117647 0.42352941 0.64313725
v 0.09624922 -0.02399458 0.01289720 0.54117647 0.42352941 0.64313725
v 0.05060513 -0.00453024 0.01163661 0.54117647 0.42352941 0.64313725
v 0.06956947 -0.01759094 0.01289720 0.54117647 0.42352941 0.64313725
v 0.05060513 -0.00961319 -0.00489622 0.54117647 0.42352941 0.64313725
v 0.06664107 -0.01787847 -0.00559063 0.54117647 0.42352941 0.64313725
v 0.06586305 -0.01731803 -0.00630924 0.54117647 0.42352941 0.64313725
v 0.06341011 -0.01606070 -0.00625601 0.54117647 0.42352941 0.64313725
v 0.09448786 -0.02383864 0.01289720 0.54117647 0.42352941 0.64313725
v 0.09205653 -0.02360959 0.01289720 0.54117647 0.42352941 0.64313725
v 0.09154865 -0.02355598 0.01289720 0.54117647 0.42352941 0.64313725
v 0.08455724 -0.02271288 0.01289720 0.54117647 0.42352941 0.64313725
v 0.08429790 -0.02267390 0.01289720 0.54117647 0.42352941 0.64313725
v 0.08222317 -0.02233763 0.01289720 0.54117647 0.42352941 0.64313725
v 0.08071034 -0.02204523 0.01289720 0.54117647 0.42352941 0.64313725
v 0.05060513 -0.00569986 0.01111882 0.54117647 0.42352941 0.64313725
v 0.07076892 -0.01837068 0.01289720 0.54117647 0.42352941 0.64313725
v 0.05060513 -0.00636751 0.01050426 0.54117647 0.42352941 0.64313725
v 0.05060513 -0.00705953 0.00986549 0.54117647 0.42352941 0.64313725
v 0.05060513 -0.00811706 0.00854200 0.54117647 0.42352941 0.64313725
v 0.05060513 -0.01003231 -0.00393807 0.54117647 0.42352941 0.64313725
v 0.06664107 -0.01787847 -0.00428649 0.54117647 0.42352941 0.64313725
v 0.06351817 -0.01644569 -0.00388000 0.54117647 0.42352941 0.64313725
v 0.05060513 -0.01036370 -0.00154271 0.54117647 0.42352941 0.64313725
v 0.08028892 -0.02195751 0.01289720 0.54117647 0.42352941 0.64313725
v 0.07999715 -0.02188928 0.01289720 0.54117647 0.42352941 0.64313725
v 0.07754422 -0.02123137 0.01289720 0.54117647 0.42352941 0.64313725
v 0.07119036 -0.01857537 0.01289720 0.54117647 0.42352941 0.64313725
v 0.05060513 -0.00873598 0.00747255 0.54117647 0.42352941 0.64313725
v 0.05060513 -0.00953522 0.00546916 0.54117647 0.42352941 0.64313725
v 0.05060513 -0.01008591 0.00313429 0.54117647 0.42352941 0.64313725
v 0.07537223 -0.02040777 0.01289720 0.54117647 0.42352941 0.64313725
v 0.07302736 -0.01944283 0.01289720 0.54117647 0.42352941 0.64313725
v 0.05060513 -0.01034908 0.00079216 0.54117647 0.42352941 0.64313725
f 441 442 443
f 441 443 444
f 441 444 445
f 441 445 450
f 441 450 449
f 441 449 466
f 441 466 491
f 441 491 521
f 441 521 520
f 441 520 555
f 441 555 593
f 441 593 630
f 441 630 665
f 441 665 700
f 441 700 738
f 441 738 778
f 441 778 800
f 441 800 820
f 441 820 837
f 441 837 836
f 441 836 842
f 441 842 841
f 441 841 840
f 441 840 839
f 441 839 852
f 441 852 865
f 441 865 876
f 441 876 881
f 441 881 880
f 441 880 875
f 441 875 874
f 441 874 873
f 441 873 863
f 441 863 862
f 441 862 861
f 441 861 860
f 441 860 859
f 441 859 858
f 441 858 857
f 441 857 850
f 441 850 849
f 441 849 830
f 441 830 810
f 441 810 809
f 441 809 808
f 441 808 807
f 441 807 818
f 441 818 817
f 441 817 797
f 441 797 771
f 441 771 770
f 441 770 769
f 441 769 768
f 441 768 767
f 441 767 765
f 441 765 764
f 441 764 762
f 441 762 761
f 441 761 732
f 441 732 731
f 441 731 730
f 441 730 718
f 441 718 676
f 441 676 675
f 441 675 673
f 441 673 643
f 441 643 618
f 441 618 617
f 441 617 616
f 441 616 615
f 441 615 614
f 441 614 613
f 441 613 606
f 441 606 605
f 441 605 604
f 441 604 568
f 441 568 570
f 441 570 533
f 441 533 532
f 441 532 531
f 441 531 528
f 441 528 497
f 441 497 472
f 441 472 454
f 441 454 446
f 441 446 442
f 442 447 448
f 442 448 443
f 442 446 447
f 443 448 444
f 444 449 450
f 444 450 445
f 444 448 451
f 444 451 452
f 444 452 453
f 444 453 449
f 446 454 455
f 446 455 456
f 446 456 447
f 447 457 448
f 447 456 458
f 447 458 459
f 447 459 460
f 447 460 461
f 447 461 457
f 448 462 463
f 448 463 451
f 448 457 462
f 449 453 464
f 449 464 465
f 449 465 466
f 451 463 452
f 452 467 468
f 452 468 469
f 452 469 470
f 452 470 471
f 452 471 464
f 452 464 453
f 452 463 467
f 454 472 455
f 455 473 474
f 455 474 456
f 455 472 473
f 456 474 458
f 457 475 462
f 457 461 476
f 457 476 477
f 457 477 475
f 458 474 478
f 458 478 479
f 458 479 480
f 458 480 459
f 459 480 481
f 459 481 482
f 459 482 483
f 459 483 460
f 460 483 461
f 461 483 484
f 461 484 476
f 462 475 485
f 462 485 486
f 462 486 487
f 462 487 463
f 463 487 467
f 464 471 465
f 465 471 488
f 465 488 489
f 465 489 490
f 465 490 491
f 465 491 466
f 467 487 468
f 468 492 493
f 468 493 494
f 468 494 469
f 468 487 492
f 469 494 470
f 470 494 495
f 470 495 496
f 470 496 471
f 471 496 488
f 472 497 498
f 472 498 473
f 473 498 474
f 474 498 499
f 474 499 478
f 475 477 485
f 476 500 477
f 476 484 500
f 477 500 485
f 478 499 501
f 478 501 502
f 478 502 503
f 478 503 504
f 478 504 479
f 479 504 505
f 479 505 480
f 480 505 482
f 480 482 481
f 482 506 483
f 482 505 506
f 483 506 505
f 483 505 507
f 483 507 484
f 484 508 500
f 484 507 505
f 484 505 509
f 484 509 508
f 485 510 486
f 485 500 510
f 486 510 487
f 487 511 512
f 487 512 492
f 487 510 511
f 488 496 513
f 488 513 489
f 489 514 490
f 489 513 515
f 489 515 516
f 489 516 517
f 489 517 518
f 489 518 519
f 489 519 520
f 489 520 514
f 490 514 520
f 490 520 521
f 490 521 491
f 492 522 523
f 492 523 493
f 492 512 522
f 493 523 524
f 493 524 494
f 494 524 525
f 494 525 495
f 495 525 526
f 495 526 496
f 496 526 527
f 496 527 513
f 497 528 499
f 497 499 498
f 499 529 530
f 499 530 501
f 499 528 531
f 499 531 532
f 499 532 533
f 499 533 529
f 500 508 534
f 500 534 535
f 500 535 536
f 500 536 537
f 500 537 538
f 500 538 510
f 501 530 539
f 501 539 540
f 501 540 541
f 501 541 542
f 501 542 543
f 501 543 544
f 501 544 545
f 501 545 502
f 502 546 503
f 502 545 546
f 503 546 504
f 504 546 505
f 505 546 534
f 505 534 508
f 505 508 509
f 510 538 511
f 511 538 512
f 512 538 522
f 513 527 515
f 515 527 547
f 515 547 548
f 515 548 549
f 515 549 550
f 515 550 551
f 515 551 516
f 516 551 552
f 516 552 517
f 517 553 518
f 517 552 553
f 518 554 555
f 518 555 519
f 518 553 554
f 519 555 520
f 522 556 557
f 522 557 523
f 522 538 576
f 522 576 556
f 523 557 558
f 523 558 559
f 523 559 524
f 524 559 525
f 525 560 561
f 525 561 562
f 525 562 526
f 525 559 560
f 526 562 563
f 526 563 564
f 526 564 527
f 527 564 565
f 527 565 566
f 527 566 567
f 527 567 547
f 529 568 569
f 529 569 539
f 529 539 530
f 529 533 570
f 529 570 568
f 534 546 571
f 534 571 535
f 535 571 572
f 535 572 573
f 535 573 574
f 535 574 536
f 536 574 575
f 536 575 537
f 537 575 576
f 537 576 538
f 539 569 540
f 540 569 577
f 540 577 578
f 540 578 541
f 541 578 579
f 541 579 542
f 542 579 580
f 542 580 581
f 542 581 582
f 542 582 543
f 543 583 544
f 543 582 583
f 544 583 545
f 545 583 546
f 546 584 585
f 546 585 586
f 546 586 571
f 546 583 587
f 546 587 588
f 546 588 589
f 546 589 590
f 546 590 584
f 547 567 566
f 547 566 603
f 547 603 602
f 547 602 601
f 547 601 600
f 547 600 599
f 547 599 637
f 547 637 634
f 547 634 668
f 547 668 711
f 547 711 710
f 547 710 709
f 547 709 743
f 547 743 781
f 547 781 801
f 547 801 821
f 547 821 843
f 547 843 853
f 547 853 869
f 547 869 872
f 547 872 882
f 547 882 879
f 547 879 878
f 547 878 877
f 547 877 868
f 547 868 867
f 547 867 866
f 547 866 864
f 547 864 851
f 547 851 838
f 547 838 819
f 547 819 799
f 547 799 777
f 547 777 776
f 547 776 739
f 547 739 705
f 547 705 704
f 547 704 703
f 547 703 702
f 547 702 701
f 547 701 666
f 547 666 664
f 547 664 629
f 547 629 591
f 547 591 552
f 547 552 551
f 547 551 550
f 547 550 549
f 547 549 548
f 552 591 553
f 553 591 554
f 554 592 593
f 554 593 555
f 554 591 592
f 556 594 557
f 556 576 594
f 557 594 595
f 557 595 558
f 558 595 596
f 558 596 597
f 558 597 560
f 558 560 559
f 560 597 561
f 561 597 598
f 561 598 599
f 561 599 600
f 561 600 601
f 561 601 562
f 562 601 563
f 563 565 564
f 563 601 565
f 565 601 602
f 565 602 603
f 565 603 566
f 568 604 569
f 569 604 605
f 569 605 606
f 569 606 577
f 571 607 572
f 571 586 585
f 571 585 607
f 572 607 608
f 572 608 609
f 572 609 573
f 573 609 610
f 573 610 611
f 573 611 574
f 574 611 575
f 575 611 576
f 576 611 612
f 576 612 594
f 577 606 613
f 577 613 614
f 577 614 615
f 577 615 616
f 577 616 578
f 578 616 617
f 578 617 618
f 578 618 619
f 578 619 579
f 579 619 620
f 579 620 580
f 580 620 621
f 580 621 581
f 581 621 622
f 581 622 590
f 581 590 582
f 582 590 583
f 583 588 587
f 583 590 588
f 584 590 623
f 584 623 624
f 584 624 625
f 584 625 610
f 584 610 609
f 584 609 608
f 584 608 607
f 584 607 585
f 588 590 589
f 590 622 626
f 590 626 627
f 590 627 628
f 590 628 623
f 591 629 630
f 591 630 592
f 592 630 593
f 594 631 595
f 594 612 631
f 595 631 632
f 595 632 633
f 595 633 596
f 596 633 634
f 596 634 635
f 596 635 636
f 596 636 598
f 596 598 597
f 598 636 635
f 598 635 634
f 598 634 637
f 598 637 599
f 610 625 638
f 610 638 611
f 611 638 639
f 611 639 640
f 611 640 612
f 612 640 641
f 612 641 642
f 612 642 631
f 618 643 619
f 619 643 620
f 620 644 621
f 620 643 644
f 621 644 645
f 621 645 622
f 622 645 626
f 623 628 624
f 624 628 646
f 624 646 647
f 624 647 625
f 625 647 648
f 625 648 649
f 625 649 650
f 625 650 651
f 625 651 638
f 626 652 627
f 626 645 653
f 626 653 654
f 626 654 655
f 626 655 656
f 626 656 657
f 626 657 652
f 627 657 656
f 627 656 655
f 627 655 658
f 627 658 659
f 627 659 660
f 627 660 661
f 627 661 628
f 627 652 657
f 628 661 662
f 628 662 663
f 628 663 646
f 629 664 630
f 630 664 666
f 630 666 665
f 631 642 632
f 632 642 667
f 632 667 668
f 632 668 633
f 633 668 634
f 638 651 639
f 639 669 670
f 639 670 671
f 639 671 641
f 639 641 640
f 639 651 669
f 641 671 672
f 641 672 642
f 642 672 667
f 643 673 644
f 644 674 645
f 644 673 675
f 644 675 676
f 644 676 674
f 645 674 677
f 645 677 653
f 646 663 678
f 646 678 647
f 647 678 648
f 648 678 649
f 649 678 679
f 649 679 663
f 649 663 680
f 649 680 659
f 649 659 681
f 649 681 682
f 649 682 650
f 650 682 683
f 650 683 684
f 650 684 685
f 650 685 686
f 650 686 651
f 651 686 687
f 651 687 688
f 651 688 669
f 653 677 654
f 654 677 689
f 654 689 690
f 654 690 691
f 654 691 655
f 655 692 693
f 655 693 694
f 655 694 695
f 655 695 696
f 655 696 658
f 655 691 697
f 655 697 692
f 658 696 659
f 659 680 660
f 659 696 695
f 659 695 694
f 659 694 698
f 659 698 683
f 659 683 699
f 659 699 682
f 659 682 681
f 660 680 663
f 660 663 661
f 661 663 662
f 663 679 678
f 665 666 701
f 665 701 702
f 665 702 703
f 665 703 704
f 665 704 705
f 665 705 700
f 667 672 706
f 667 706 707
f 667 707 708
f 667 708 709
f 667 709 710
f 667 710 711
f 667 711 668
f 669 688 712
f 669 712 670
f 670 713 714
f 670 714 715
f 670 715 671
f 670 712 713
f 671 715 716
f 671 716 706
f 671 706 672
f 674 717 677
f 674 676 718
f 674 718 717
f 677 717 751
f 677 751 719
f 677 719 720
f 677 720 689
f 682 699 683
f 683 721 684
f 683 698 722
f 683 722 723
f 683 723 721
f 684 721 724
f 684 724 725
f 684 725 726
f 684 726 685
f 685 727 728
f 685 728 686
f 685 726 727
f 686 728 687
f 687 728 729
f 687 729 713
f 687 713 712
f 687 712 688
f 689 720 730
f 689 730 731
f 689 731 732
f 689 732 733
f 689 733 697
f 689 697 691
f 689 691 690
f 692 697 734
f 692 734 735
f 692 735 693
f 693 735 736
f 693 736 737
f 693 737 722
f 693 722 698
f 693 698 694
f 697 733 734
f 700 705 738
f 705 739 738
f 706 716 707
f 707 716 715
f 707 715 740
f 707 740 741
f 707 741 742
f 707 742 708
f 708 742 709
f 709 742 741
f 709 741 744
f 709 744 743
f 713 729 745
f 713 745 746
f 713 746 747
f 713 747 714
f 714 747 748
f 714 748 715
f 715 748 749
f 715 749 750
f 715 750 740
f 717 718 730
f 717 730 720
f 717 720 751
f 719 751 720
f 721 723 752
f 721 752 724
f 722 737 723
f 723 737 752
f 724 752 753
f 724 753 754
f 724 754 725
f 725 754 755
f 725 755 726
f 726 755 727
f 727 756 728
f 727 755 756
f 728 756 757
f 728 757 758
f 728 758 729
f 729 759 760
f 729 760 745
f 729 758 759
f 732 761 733
f 733 761 762
f 733 762 763
f 733 763 734
f 734 763 764
f 734 764 765
f 734 765 766
f 734 766 735
f 735 766 765
f 735 765 767
f 735 767 768
f 735 768 769
f 735 769 770
f 735 770 771
f 735 771 772
f 735 772 773
f 735 773 774
f 735 774 775
f 735 775 736
f 736 775 737
f 737 775 774
f 737 774 752
f 738 739 776
f 738 776 777
f 738 777 778
f 740 750 779
f 740 779 741
f 741 779 780
f 741 780 744
f 743 744 780
f 743 780 782
f 743 782 781
f 745 760 746
f 746 783 747
f 746 760 783
f 747 783 784
f 747 784 785
f 747 785 786
f 747 786 787
f 747 787 749
f 747 749 748
f 749 787 788
f 749 788 750
f 750 788 779
f 752 774 789
f 752 789 753
f 753 789 790
f 753 790 754
f 754 790 791
f 754 791 792
f 754 792 793
f 754 793 794
f 754 794 795
f 754 795 755
f 755 795 757
f 755 757 756
f 757 795 758
f 758 795 759
f 759 795 760
f 760 795 796
f 760 796 783
f 762 764 763
f 771 797 773
f 771 773 772
f 773 797 798
f 773 798 774
f 774 798 789
f 777 799 778
f 778 799 800
f 779 782 780
f 779 788 782
f 781 782 801
f 782 788 802
f 782 802 803
f 782 803 801
f 783 804 784
f 783 796 805
f 783 805 804
f 784 806 785
f 784 804 806
f 785 806 802
f 785 802 788
f 785 788 787
f 785 787 786
f 789 798 790
f 790 798 807
f 790 807 791
f 791 807 808
f 791 808 809
f 791 809 810
f 791 810 792
f 792 810 793
f 793 810 811
f 793 811 794
f 794 811 812
f 794 812 795
f 795 812 813
f 795 813 796
f 796 814 815
f 796 815 816
f 796 816 805
f 796 813 814
f 797 817 798
f 798 817 818
f 798 818 807
f 799 819 800
f 800 819 820
f 801 803 821
f 802 806 822
f 802 822 823
f 802 823 803
f 803 823 824
f 803 824 825
f 803 825 821
f 804 816 826
f 804 826 827
f 804 827 806
f 804 805 816
f 806 827 828
f 806 828 822
f 810 829 811
f 810 830 829
f 811 829 813
f 811 813 812
f 813 829 831
f 813 831 832
f 813 832 815
f 813 815 814
f 815 832 833
f 815 833 816
f 816 833 834
f 816 834 835
f 816 835 826
f 819 836 837
f 819 837 820
f 819 838 839
f 819 839 840
f 819 840 841
f 819 841 842
f 819 842 836
f 821 825 824
f 821 824 843
f 822 828 823
f 823 828 844
f 823 844 824
f 824 845 843
f 824 844 845
f 826 835 846
f 826 846 827
f 827 846 847
f 827 847 828
f 828 847 848
f 828 848 844
f 829 830 831
f 830 849 832
f 830 832 831
f 832 849 834
f 832 834 833
f 834 849 835
f 835 849 850
f 835 850 846
f 838 851 852
f 838 852 839
f 843 845 853
f 844 854 855
f 844 855 845
f 844 848 854
f 845 855 856
f 845 856 853
f 846 850 857
f 846 857 858
f 846 858 859
f 846 859 847
f 847 859 860
f 847 860 861
f 847 861 862
f 847 862 863
f 847 863 848
f 848 863 854
f 851 864 852
f 852 864 866
f 852 866 867
f 852 867 868
f 852 868 865
f 853 856 869
f 854 870 871
f 854 871 872
f 854 872 869
f 854 869 855
f 854 863 873
f 854 873 874
f 854 874 875
f 854 875 870
f 855 869 856
f 865 868 877
f 865 877 878
f 865 878 879
f 865 879 876
f 870 875 880
f 870 880 881
f 870 881 882
f 870 882 871
f 871 882 872
f 876 879 881
f 879 882 881

o geometry_2
v 0.08454648 0.02721972 0.01949756 0.43529412 0.89019608 0.96078431
v 0.08454648 0.02707037 0.01716092 0.43529412 0.89019608 0.96078431
v 0.08454648 0.02689528 0.02174366 0.43529412 0.89019608 0.96078431
v 0.09157053 0.02714762 0.01949756 0.43529412 0.89019608 0.96078431
v 0.09390685 0.02708582 0.01716092 0.43529412 0.89019608 0.96078431
v 0.09157053 0.02710127 0.01716092 0.43529412 0.89019608 0.96078431
v 0.08454648 0.02677168 0.01580075 0.43529412 0.89019608 0.96078431
v 0.09157053 0.02680773 0.01571237 0.43529412 0.89019608 0.96078431
v 0.08454648 0.02686953 0.02190964 0.43529412 0.89019608 0.96078431
v 0.09157053 0.02685923 0.02129530 0.43529412 0.89019608 0.96078431
v 0.09390685 0.02708582 0.01949756 0.43529412 0.89019608 0.96078431
v 0.09390685 0.02681288 0.01570591 0.43529412 0.89019608 0.96078431
v 0.09624317 0.02702403 0.01716092 0.43529412 0.89019608 0.96078431
v 0.09624317 0.02678713 0.01576195 0.43529412 0.89019608 0.96078431
v 0.08454648 0.02604040 0.01463243 0.43529412 0.89019608 0.96078431
v 0.09157053 0.02614340 0.01454405 0.43529412 0.89019608 0.96078431
v 0.08454648 0.02638544 0.02395959 0.43529412 0.89019608 0.96078431
v 0.09624317 0.02566446 0.02650963 0.43529412 0.89019608 0.96078431
v 0.09858703 0.02560781 0.02650963 0.43529412 0.89019608 0.96078431
v 0.09390685 0.02681288 0.02116813 0.43529412 0.89019608 0.96078431
v 0.09578345 0.02675108 0.02095688 0.43529412 0.89019608 0.96078431
v 0.11261252 0.02605070 0.01949756 0.43529412 0.89019608 0.96078431
v 0.11261252 0.02626700 0.01716092 0.43529412 0.89019608 0.96078431
v 0.09390685 0.02614340 0.01453759 0.43529412 0.89019608 0.96078431
v 0.09858703 0.02612795 0.01471003 0.43529412 0.89019608 0.96078431
v 0.09983056 0.02668414 0.01596889 0.43529412 0.89019608 0.96078431
v 0.09858703 0.02672533 0.01587835 0.43529412 0.89019608 0.96078431
v 0.11494884 0.02550482 0.01482212 0.43529412 0.89019608 0.96078431
v 0.11261252 0.02561296 0.01482212 0.43529412 0.89019608 0.96078431
v 0.11494884 0.02467569 0.01322700 0.43529412 0.89019608 0.96078431
v 0.08454648 0.02487138 0.01302869 0.43529412 0.89019608 0.96078431
v 0.09858703 0.02495893 0.01293600 0.43529412 0.89019608 0.96078431
v 0.09157053 0.02497438 0.01300282 0.43529412 0.89019608 0.96078431
v 0.08454648 0.02477353 0.01289935 0.43529412 0.89019608 0.96078431
v 0.08454648 0.02572626 0.02650963 0.43529412 0.89019608 0.96078431
v 0.08455402 0.02572626 0.02650963 0.43529412 0.89019608 0.96078431
v 0.08689788 0.02572111 0.02650963 0.43529412 0.89019608 0.96078431
v 0.09157053 0.02490743 0.02867598 0.43529412 0.89019608 0.96078431
v 0.09858703 0.02488683 0.02851000 0.43529412 0.89019608 0.96078431
v 0.10092336 0.02477869 0.02840654 0.43529412 0.89019608 0.96078431
v 0.10325968 0.02464994 0.02822978 0.43529412 0.89019608 0.96078431
v 0.10092336 0.02540182 0.02650963 0.43529412 0.89019608 0.96078431
v 0.11494884 0.02582411 0.01949756 0.43529412 0.89019608 0.96078431
v 0.13035350 0.02436155 0.01848659 0.43529412 0.89019608 0.96078431
v 0.11494884 0.02603010 0.01716092 0.43529412 0.89019608 0.96078431
v 0.13002190 0.02433065 0.01621893 0.43529412 0.89019608 0.96078431
v 0.11962149 0.02505163 0.01482212 0.43529412 0.89019608 0.96078431
v 0.12117401 0.02438729 0.01358267 0.43529412 0.89019608 0.96078431
v 0.11962149 0.02446969 0.01346627 0.43529412 0.89019608 0.96078431
v 0.11728516 0.02458299 0.01331322 0.43529412 0.89019608 0.96078431
v 0.11565727 0.02435640 0.01289935 0.43529412 0.89019608 0.96078431
v 0.11494884 0.02440274 0.01289935 0.43529412 0.89019608 0.96078431
v 0.09866240 0.02492803 0.01289935 0.43529412 0.89019608 0.96078431
v 0.09858703 0.02492803 0.01289935 0.43529412 0.89019608 0.96078431
v 0.09157053 0.02487653 0.01289935 0.43529412 0.89019608 0.96078431
v 0.08454648 -0.02270825 0.01289935 0.43529412 0.89019608 0.96078431
v 0.08454648 0.02486623 0.02843456 0.43529412 0.89019608 0.96078431
v 0.08455402 0.02486623 0.02843671 0.43529412 0.89019608 0.96078431
v 0.08689788 0.02490228 0.02856389 0.43529412 0.89019608 0.96078431
v 0.08923420 0.02489198 0.02866520 0.43529412 0.89019608 0.96078431
v 0.09157053 0.02413495 0.02984430 0.43529412 0.89019608 0.96078431
v 0.08923420 0.02415555 0.02983352 0.43529412 0.89019608 0.96078431
v 0.09858703 0.02383626 0.02967832 0.43529412 0.89019608 0.96078431
v 0.10092336 0.02375901 0.02957701 0.43529412 0.89019608 0.96078431
v 0.10325968 0.02369721 0.02940025 0.43529412 0.89019608 0.96078431
v 0.10559601 0.02369721 0.02915021 0.43529412 0.89019608 0.96078431
v 0.11425548 0.02208015 0.03007279 0.43529412 0.89019608 0.96078431
v 0.12196535 0.02242004 0.02848413 0.43529412 0.89019608 0.96078431
v 0.10559601 0.02449029 0.02798189 0.43529412 0.89019608 0.96078431
v 0.13000682 0.02199261 0.02758311 0.43529412 0.89019608 0.96078431
v 0.10717114 0.02438729 0.02778789 0.43529412 0.89019608 0.96078431
v 0.12736150 0.02429460 0.02045679 0.43529412 0.89019608 0.96078431
v 0.12429414 0.02446454 0.02100430 0.43529412 0.89019608 0.96078431
v 0.12896678 0.02423280 0.02004292 0.43529412 0.89019608 0.96078431
v 0.12196535 0.02507738 0.01949756 0.43529412 0.89019608 0.96078431
v 0.13120514 0.02410920 0.01935745 0.43529412 0.89019608 0.96078431
v 0.13364697 0.02373326 0.01949756 0.43529412 0.89019608 0.96078431
v 0.13598329 0.02335732 0.01949756 0.43529412 0.89019608 0.96078431
v 0.13364697 0.02391351 0.01716092 0.43529412 0.89019608 0.96078431
v 0.13035350 0.02436155 0.01777741 0.43529412 0.89019608 0.96078431
v 0.11962149 0.02553571 0.01716092 0.43529412 0.89019608 0.96078431
v 0.13120514 0.02422765 0.01706392 0.43529412 0.89019608 0.96078431
v 0.13598329 0.02302773 0.01482212 0.43529412 0.89019608 0.96078431
v 0.13364697 0.02337277 0.01482212 0.43529412 0.89019608 0.96078431
v 0.13130311 0.02371266 0.01482212 0.43529412 0.89019608 0.96078431
v 0.12846184 0.02439759 0.01583955 0.43529412 0.89019608 0.96078431
v 0.12195781 0.02472204 0.01465830 0.43529412 0.89019608 0.96078431
v 0.12273407 0.02428430 0.01377020 0.43529412 0.89019608 0.96078431
v 0.12176187 0.02376931 0.01289935 0.43529412 0.89019608 0.96078431
v 0.13773930 0.02217285 0.01338005 0.43529412 0.89019608 0.96078431
v 0.13598329 0.02230160 0.01319682 0.43529412 0.89019608 0.96078431
v 0.13130311 0.02266724 0.01289935 0.43529412 0.89019608 0.96078431
v 0.12130213 0.02382081 0.01289935 0.43529412 0.89019608 0.96078431
v 0.11962149 0.02400105 0.01289935 0.43529412 0.89019608 0.96078431
v 0.11728516 0.02423795 0.01289935 0.43529412 0.89019608 0.96078431
v 0.08454648 -0.02275460 0.01298126 0.43529412 0.89019608 0.96078431
v 0.08455402 -0.02271340 0.01289935 0.43529412 0.89019608 0.96078431
v 0.08454648 0.02380536 0.02960719 0.43529412 0.89019608 0.96078431
v 0.08455402 0.02381051 0.02960503 0.43529412 0.89019608 0.96078431
v 0.08689788 0.02397531 0.02973437 0.43529412 0.89019608 0.96078431
v 0.09157053 0.02296593 0.03051899 0.43529412 0.89019608 0.96078431
v 0.10559601 0.02252819 0.03037888 0.43529412 0.89019608 0.96078431
v 0.08923420 0.02298653 0.03056642 0.43529412 0.89019608 0.96078431
v 0.12856735 0.01986571 0.03012453 0.43529412 0.89019608 0.96078431
v 0.12196535 0.02152912 0.02965245 0.43529412 0.89019608 0.96078431
v 0.14299227 0.01997386 0.02819529 0.43529412 0.89019608 0.96078431
v 0.14476335 0.01981936 0.02793231 0.43529412 0.89019608 0.96078431
v 0.14299227 0.02047855 0.02650963 0.43529412 0.89019608 0.96078431
v 0.13598329 0.02275994 0.02183635 0.43529412 0.89019608 0.96078431
v 0.14511003 0.02177116 0.01928200 0.43529412 0.89019608 0.96078431
v 0.14418303 0.02200291 0.01835942 0.43529412 0.89019608 0.96078431
v 0.14533612 0.02124588 0.02183635 0.43529412 0.89019608 0.96078431
v 0.15243553 0.01999446 0.02197431 0.43529412 0.89019608 0.96078431
v 0.15408603 0.01983996 0.02128668 0.43529412 0.89019608 0.96078431
v 0.15234510 0.02045280 0.01949756 0.43529412 0.89019608 0.96078431
v 0.13598329 0.02350152 0.01716092 0.43529412 0.89019608 0.96078431
v 0.15401067 0.01982966 0.01551622 0.43529412 0.89019608 0.96078431
v 0.15232248 0.01998931 0.01477039 0.43529412 0.89019608 0.96078431
v 0.15152362 0.01974726 0.01344471 0.43529412 0.89019608 0.96078431
v 0.13814628 0.02173511 0.01289935 0.43529412 0.89019608 0.96078431
v 0.13598329 0.02208530 0.01289935 0.43529412 0.89019608 0.96078431
v 0.15000878 0.01988631 0.01313862 0.43529412 0.89019608 0.96078431
v 0.15000878 0.01978331 0.01289935 0.43529412 0.89019608 0.96078431
v 0.08454648 -0.02365582 0.01481781 0.43529412 0.89019608 0.96078431
v 0.08689788 -0.02299664 0.01289935 0.43529412 0.89019608 0.96078431
v 0.08689788 -0.02395451 0.01482212 0.43529412 0.89019608 0.96078431
v 0.08455402 -0.02366097 0.01482212 0.43529412 0.89019608 0.96078431
v 0.08454648 0.02264149 0.03033577 0.43529412 0.89019608 0.96078431
v 0.10559601 0.02083389 0.03081862 0.43529412 0.89019608 0.96078431
v 0.12196535 0.02036010 0.03028404 0.43529412 0.89019608 0.96078431
v 0.08455402 0.02083389 0.03082077 0.43529412 0.89019608 0.96078431
v 0.08454648 0.02082359 0.03082293 0.43529412 0.89019608 0.96078431
v 0.09236186 0.00572417 0.03476547 0.43529412 0.89019608 0.96078431
v 0.09304015 0.00572417 0.03476547 0.43529412 0.89019608 0.96078431
v 0.13598329 0.01849585 0.02975161 0.43529412 0.89019608 0.96078431
v 0.14299227 0.01849585 0.02916530 0.43529412 0.89019608 0.96078431
v 0.09385409 0.00450365 0.03491636 0.43529412 0.89019608 0.96078431
v 0.15234510 0.01780576 0.02808104 0.43529412 0.89019608 0.96078431
v 0.15701774 0.01715173 0.02754862 0.43529412 0.89019608 0.96078431
v 0.15701774 0.01781091 0.02638030 0.43529412 0.89019608 0.96078431
v 0.15884159 0.01760492 0.02595134 0.43529412 0.89019608 0.96078431
v 0.15234510 0.01875849 0.02650963 0.43529412 0.89019608 0.96078431
v 0.15243553 0.01946402 0.02425275 0.43529412 0.89019608 0.96078431
v 0.15234510 0.02045795 0.01716092 0.43529412 0.89019608 0.96078431
v 0.14418303 0.02200291 0.01828828 0.43529412 0.89019608 0.96078431
v 0.15171203 0.01976271 0.02352848 0.43529412 0.89019608 0.96078431
v 0.15701774 0.01855764 0.02417084 0.43529412 0.89019608 0.96078431
v 0.15936161 0.01854220 0.02183635 0.43529412 0.89019608 0.96078431
v 0.15449301 0.01997901 0.01949756 0.43529412 0.89019608 0.96078431
v 0.15444025 0.01996871 0.01716092 0.43529412 0.89019608 0.96078431
v 0.15701774 0.01920653 0.01716092 0.43529412 0.89019608 0.96078431
v 0.15701774 0.01864519 0.01482212 0.43529412 0.89019608 0.96078431
v 0.15423676 0.01884604 0.01289935 0.43529412 0.89019608 0.96078431
v 0.15308368 0.01955672 0.01395774 0.43529412 0.89019608 0.96078431
v 0.15203610 0.01941767 0.01289935 0.43529412 0.89019608 0.96078431
v 0.08454648 -0.02447980 0.01720403 0.43529412 0.89019608 0.96078431
v 0.09154792 -0.02355282 0.01289935 0.43529412 0.89019608 0.96078431
v 0.08689788 -0.02463945 0.01658322 0.43529412 0.89019608 0.96078431
v 0.09205287 -0.02360947 0.01289935 0.43529412 0.89019608 0.96078431
v 0.09624317 -0.02457765 0.01416683 0.43529412 0.89019608 0.96078431
v 0.08454648 0.01848555 0.03117213 0.43529412 0.89019608 0.96078431
v 0.08797560 0.00102749 0.03473745 0.43529412 0.89019608 0.96078431
v 0.09219606 0.00446761 0.03486247 0.43529412 0.89019608 0.96078431
v 0.09566286 0.00374662 0.03483876 0.43529412 0.89019608 0.96078431
v 0.15701774 0.00446761 0.02932696 0.43529412 0.89019608 0.96078431
v 0.15866824 0.01555012 0.02786980 0.43529412 0.89019608 0.96078431
v 0.09390685 0.00289690 0.03491852 0.43529412 0.89019608 0.96078431
v 0.15953495 0.01633805 0.02663897 0.43529412 0.89019608 0.96078431
v 0.16040165 0.01712598 0.02512575 0.43529412 0.89019608 0.96078431
v 0.15951988 0.01785726 0.02427646 0.43529412 0.89019608 0.96078431
v 0.16069557 0.01750192 0.02356943 0.43529412 0.89019608 0.96078431
v 0.16096688 0.01780061 0.02183635 0.43529412 0.89019608 0.96078431
v 0.15936161 0.01871729 0.01949756 0.43529412 0.89019608 0.96078431
v 0.15936161 0.01836710 0.01716092 0.43529412 0.89019608 0.96078431
v 0.15932392 0.01775942 0.01495577 0.43529412 0.89019608 0.96078431
v 0.15851752 0.01750707 0.01330029 0.43529412 0.89019608 0.96078431
v 0.15699514 0.01792421 0.01289935 0.43529412 0.89019608 0.96078431
v 0.15469649 0.01870184 0.01289935 0.43529412 0.89019608 0.96078431
v 0.15249583 0.01930438 0.01289935 0.43529412 0.89019608 0.96078431
v 0.08454648 -0.02449525 0.01725361 0.43529412 0.89019608 0.96078431
v 0.08459924 -0.02450555 0.01725576 0.43529412 0.89019608 0.96078431
v 0.08923420 -0.02470640 0.01621247 0.43529412 0.89019608 0.96078431
v 0.08689788 -0.02485059 0.01775154 0.43529412 0.89019608 0.96078431
v 0.08541318 -0.02478879 0.01810075 0.43529412 0.89019608 0.96078431
v 0.09448716 -0.02384122 0.01289935 0.43529412 0.89019608 0.96078431
v 0.09624317 -0.02399571 0.01289935 0.43529412 0.89019608 0.96078431
v 0.09858703 -0.02417081 0.01289935 0.43529412 0.89019608 0.96078431
v 0.09858703 -0.02466005 0.01399438 0.43529412 0.89019608 0.96078431
v 0.09624317 -0.02494844 0.01533730 0.43529412 0.89019608 0.96078431
v 0.08454648 0.00904584 0.03211412 0.43529412 0.89019608 0.96078431
v 0.08454648 0.00049191 0.03229734 0.43529412 0.89019608 0.96078431
v 0.08797560 0.00085755 0.03473745 0.43529412 0.89019608 0.96078431
v 0.09566286 0.00297929 0.03483876 0.43529412 0.89019608 0.96078431
v 0.15701774 -0.00254136 0.02954252 0.43529412 0.89019608 0.96078431
v 0.15701774 -0.00020332 0.02954037 0.43529412 0.89019608 0.96078431
v 0.15701774 0.00212957 0.02949941 0.43529412 0.89019608 0.96078431
v 0.15886419 0.01381977 0.02796464 0.43529412 0.89019608 0.96078431
v 0.16003236 0.01381977 0.02696446 0.43529412 0.89019608 0.96078431
v 0.16068050 0.01556557 0.02576811 0.43529412 0.89019608 0.96078431
v 0.08813387 0.00085755 0.03473745 0.43529412 0.89019608 0.96078431
v 0.15468142 -0.01890765 0.02821684 0.43529412 0.89019608 0.96078431
v 0.16087645 0.01627110 0.02427646 0.43529412 0.89019608 0.96078431
v 0.16143415 0.01615781 0.02183635 0.43529412 0.89019608 0.96078431
v 0.16153966 0.01615781 0.01949756 0.43529412 0.89019608 0.96078431
v 0.16101211 0.01786241 0.01949756 0.43529412 0.89019608 0.96078431
v 0.16074834 0.01757402 0.01716092 0.43529412 0.89019608 0.96078431
v 0.16059760 0.01740407 0.01582446 0.43529412 0.89019608 0.96078431
v 0.15904507 0.01663159 0.01289935 0.43529412 0.89019608 0.96078431
v 0.15774879 0.01764097 0.01289935 0.43529412 0.89019608 0.96078431
v 0.08454648 -0.02473729 0.01854695 0.43529412 0.89019608 0.96078431
v 0.08923420 -0.02491754 0.01738079 0.43529412 0.89019608 0.96078431
v 0.08689788 -0.02497419 0.01949756 0.43529412 0.89019608 0.96078431
v 0.09624317 -0.02523168 0.01716092 0.43529412 0.89019608 0.96078431
v 0.08923420 -0.02510809 0.01949756 0.43529412 0.89019608 0.96078431
v 0.08454648 -0.02481969 0.01964414 0.43529412 0.89019608 0.96078431
v 0.08454648 -0.02481454 0.01956438 0.43529412 0.89019608 0.96078431
v 0.09928040 -0.02419656 0.01289935 0.43529412 0.89019608 0.96078431
v 0.10604820 -0.02479394 0.01355680 0.43529412 0.89019608 0.96078431
v 0.10325968 -0.02501539 0.01490188 0.43529412 0.89019608 0.96078431
v 0.08454648 -0.00020332 0.03224130 0.43529412 0.89019608 0.96078431
v 0.08454648 -0.02111694 0.02984430 0.43529412 0.89019608 0.96078431
v 0.09390685 -0.02032901 0.03006201 0.43529412 0.89019608 0.96078431
v 0.12129460 -0.00175858 0.03253876 0.43529412 0.89019608 0.96078431
v 0.15701774 -0.00487940 0.02934205 0.43529412 0.89019608 0.96078431
v 0.15821605 -0.01562203 0.02770382 0.43529412 0.89019608 0.96078431
v 0.15869839 -0.00254136 0.02850569 0.43529412 0.89019608 0.96078431
v 0.15893202 0.00212957 0.02862856 0.43529412 0.89019608 0.96078431
v 0.15896217 0.00446761 0.02856605 0.43529412 0.89019608 0.96078431
v 0.16068050 0.01381977 0.02579614 0.43529412 0.89019608 0.96078431
v 0.16099704 0.01381977 0.02417084 0.43529412 0.89019608 0.96078431
v 0.09557996 -0.02031871 0.03006201 0.43529412 0.89019608 0.96078431
v 0.11261252 -0.02124053 0.02929032 0.43529412 0.89019608 0.96078431
v 0.15602292 -0.02022086 0.02777926 0.43529412 0.89019608 0.96078431
v 0.15648265 -0.01890765 0.02800775 0.43529412 0.89019608 0.96078431
v 0.16132110 0.01381977 0.02183635 0.43529412 0.89019608 0.96078431
v 0.16148691 0.01381977 0.01949756 0.43529412 0.89019608 0.96078431
v 0.16138894 0.01381977 0.01716092 0.43529412 0.89019608 0.96078431
v 0.16120052 0.01615781 0.01716092 0.43529412 0.89019608 0.96078431
v 0.16074834 0.01598786 0.01495577 0.43529412 0.89019608 0.96078431
v 0.16056746 0.01509693 0.01355249 0.43529412 0.89019608 0.96078431
v 0.16007758 0.01665734 0.01426383 0.43529412 0.89019608 0.96078431
v 0.15948219 0.01617326 0.01289935 0.43529412 0.89019608 0.96078431
v 0.08454648 -0.02485574 0.02182773 0.43529412 0.89019608 0.96078431
v 0.09858703 -0.02529863 0.01949756 0.43529412 0.89019608 0.96078431
v 0.10325968 -0.02536558 0.01716092 0.43529412 0.89019608 0.96078431
v 0.08923420 -0.02505144 0.02183635 0.43529412 0.89019608 0.96078431
v 0.08689788 -0.02495874 0.02183635 0.43529412 0.89019608 0.96078431
v 0.10557339 -0.02442830 0.01289935 0.43529412 0.89019608 0.96078431
v 0.12196535 -0.02481454 0.01289935 0.43529412 0.89019608 0.96078431
v 0.12196535 -0.02493814 0.01317742 0.43529412 0.89019608 0.96078431
v 0.12196535 -0.02522138 0.01482212 0.43529412 0.89019608 0.96078431
v 0.08454648 -0.02299149 0.02879238 0.43529412 0.89019608 0.96078431
v 0.08455402 -0.02320778 0.02867167 0.43529412 0.89019608 0.96078431
v 0.09390685 -0.02149803 0.02977748 0.43529412 0.89019608 0.96078431
v 0.15719109 -0.01646661 0.02804224 0.43529412 0.89019608 0.96078431
v 0.15808040 -0.01718244 0.02731150 0.43529412 0.89019608 0.96078431
v 0.15840447 -0.01646661 0.02652257 0.43529412 0.89019608 0.96078431
v 0.15864564 -0.01423156 0.02650963 0.43529412 0.89019608 0.96078431
v 0.15977611 0.00212957 0.02650963 0.43529412 0.89019608 0.96078431
v 0.15901493 -0.01423156 0.02417084 0.43529412 0.89019608 0.96078431
v 0.09631854 -0.02115814 0.02983783 0.43529412 0.89019608 0.96078431
v 0.09858703 -0.02124053 0.02974299 0.43529412 0.89019608 0.96078431
v 0.11494884 -0.02305844 0.02841947 0.43529412 0.89019608 0.96078431
v 0.15379965 -0.02246620 0.02543185 0.43529412 0.89019608 0.96078431
v 0.15535971 -0.02228081 0.02471404 0.43529412 0.89019608 0.96078431
v 0.15636207 -0.02066890 0.02650963 0.43529412 0.89019608 0.96078431
v 0.15759053 -0.01876860 0.02652257 0.43529412 0.89019608 0.96078431
v 0.13130311 -0.02252285 0.02775340 0.43529412 0.89019608 0.96078431
v 0.16126081 0.00914369 0.01949756 0.43529412 0.89019608 0.96078431
v 0.15930132 -0.01423156 0.02183635 0.43529412 0.89019608 0.96078431
v 0.16132110 0.01148173 0.01716092 0.43529412 0.89019608 0.96078431
v 0.16124573 0.00914369 0.01716092 0.43529412 0.89019608 0.96078431
v 0.16077848 0.00891194 0.01459794 0.43529412 0.89019608 0.96078431
v 0.16093674 0.01381977 0.01482212 0.43529412 0.89019608 0.96078431
v 0.16037904 0.00903039 0.01289935 0.43529412 0.89019608 0.96078431
v 0.16036396 0.01158987 0.01289935 0.43529412 0.89019608 0.96078431
v 0.16033382 0.01381977 0.01289935 0.43529412 0.89019608 0.96078431
v 0.15970828 0.01581276 0.01289935 0.43529412 0.89019608 0.96078431
v 0.08454648 -0.02479394 0.02355219 0.43529412 0.89019608 0.96078431
v 0.10325968 -0.02537073 0.01949756 0.43529412 0.89019608 0.96078431
v 0.12896678 -0.02526258 0.01482212 0.43529412 0.89019608 0.96078431
v 0.13598329 -0.02539133 0.01716092 0.43529412 0.89019608 0.96078431
v 0.08689788 -0.02483514 0.02383026 0.43529412 0.89019608 0.96078431
v 0.08455402 -0.02479394 0.02356081 0.43529412 0.89019608 0.96078431
v 0.10325968 -0.02520593 0.02183635 0.43529412 0.89019608 0.96078431
v 0.12896678 -0.02485574 0.01289935 0.43529412 0.89019608 0.96078431
v 0.12896678 -0.02495359 0.01313431 0.43529412 0.89019608 0.96078431
v 0.08454648 -0.02321294 0.02866520 0.43529412 0.89019608 0.96078431
v 0.10092336 -0.02323868 0.02862640 0.43529412 0.89019608 0.96078431
v 0.15826127 -0.01789827 0.02575303 0.43529412 0.89019608 0.96078431
v 0.15868332 -0.01656960 0.02417084 0.43529412 0.89019608 0.96078431
v 0.10331997 -0.02443860 0.02635443 0.43529412 0.89019608 0.96078431
v 0.11494884 -0.02395967 0.02650963 0.43529412 0.89019608 0.96078431
v 0.13130311 -0.02336743 0.02650963 0.43529412 0.89019608 0.96078431
v 0.15234510 -0.02411416 0.02183635 0.43529412 0.89019608 0.96078431
v 0.13831962 -0.02300179 0.02630485 0.43529412 0.89019608 0.96078431
v 0.13831962 -0.02403176 0.02417084 0.43529412 0.89019608 0.96078431
v 0.15355848 -0.02477334 0.01848659 0.43529412 0.89019608 0.96078431
v 0.15468142 -0.02336228 0.02183635 0.43529412 0.89019608 0.96078431
v 0.15587973 -0.02244045 0.02315772 0.43529412 0.89019608 0.96078431
v 0.15649019 -0.02140018 0.02403072 0.43529412 0.89019608 0.96078431
v 0.15955756 -0.01423156 0.01949756 0.43529412 0.89019608 0.96078431
v 0.16070311 0.00703739 0.01477470 0.43529412 0.89019608 0.96078431
v 0.15953495 -0.01423156 0.01716092 0.43529412 0.89019608 0.96078431
v 0.15932392 -0.01423156 0.01482212 0.43529412 0.89019608 0.96078431
v 0.15906768 -0.01423156 0.01289935 0.43529412 0.89019608 0.96078431
v 0.16052976 0.00797467 0.01365380 0.43529412 0.89019608 0.96078431
v 0.16037904 0.00873170 0.01289935 0.43529412 0.89019608 0.96078431
v 0.08454648 -0.02470125 0.02472051 0.43529412 0.89019608 0.96078431
v 0.13130311 -0.02525743 0.01482212 0.43529412 0.89019608 0.96078431
v 0.13598329 -0.02521623 0.01482212 0.43529412 0.89019608 0.96078431
v 0.13831962 -0.02532438 0.01716092 0.43529412 0.89019608 0.96078431
v 0.13831962 -0.02516988 0.01949756 0.43529412 0.89019608 0.96078431
v 0.08689788 -0.02471155 0.02499858 0.43529412 0.89019608 0.96078431
v 0.08455402 -0.02470125 0.02472913 0.43529412 0.89019608 0.96078431
v 0.10331997 -0.02491239 0.02434113 0.43529412 0.89019608 0.96078431
v 0.10258140 -0.02478364 0.02547280 0.43529412 0.89019608 0.96078431
v 0.10169962 -0.02478364 0.02547280 0.43529412 0.89019608 0.96078431
v 0.13130311 -0.02480939 0.01289935 0.43529412 0.89019608 0.96078431
v 0.13130311 -0.02493299 0.01318820 0.43529412 0.89019608 0.96078431
v 0.08454648 -0.02433560 0.02650101 0.43529412 0.89019608 0.96078431
v 0.10092336 -0.02445920 0.02635443 0.43529412 0.89019608 0.96078431
v 0.15779401 -0.01915999 0.02417084 0.43529412 0.89019608 0.96078431
v 0.15848737 -0.01838751 0.01716092 0.43529412 0.89019608 0.96078431
v 0.15906768 -0.01656960 0.01949756 0.43529412 0.89019608 0.96078431
v 0.13130311 -0.02434591 0.02417084 0.43529412 0.89019608 0.96078431
v 0.13831962 -0.02461370 0.02243345 0.43529412 0.89019608 0.96078431
v 0.14428854 -0.02475789 0.02069821 0.43529412 0.89019608 0.96078431
v 0.15355848 -0.02477334 0.01787226 0.43529412 0.89019608 0.96078431
v 0.15447793 -0.02407296 0.01711996 0.43529412 0.89019608 0.96078431
v 0.15609075 -0.02274430 0.01716092 0.43529412 0.89019608 0.96078431
v 0.15447793 -0.02398027 0.01935745 0.43529412 0.89019608 0.96078431
v 0.13831962 -0.02488664 0.02126513 0.43529412 0.89019608 0.96078431
v 0.15594003 -0.02253830 0.02183635 0.43529412 0.89019608 0.96078431
v 0.15674643 -0.02124053 0.02183635 0.43529412 0.89019608 0.96078431
v 0.15603800 -0.02268250 0.01949756 0.43529412 0.89019608 0.96078431
v 0.15914305 -0.01656960 0.01716092 0.43529412 0.89019608 0.96078431
v 0.15899231 -0.01656960 0.01482212 0.43529412 0.89019608 0.96078431
v 0.15875115 -0.01656960 0.01289935 0.43529412 0.89019608 0.96078431
v 0.16032628 0.00721764 0.01289935 0.43529412 0.89019608 0.96078431
v 0.13598329 -0.02488149 0.01333047 0.43529412 0.89019608 0.96078431
v 0.13831962 -0.02482484 0.01347489 0.43529412 0.89019608 0.96078431
v 0.13831962 -0.02511839 0.01482212 0.43529412 0.89019608 0.96078431
v 0.13598329 -0.02469610 0.01289935 0.43529412 0.89019608 0.96078431
v 0.15794473 -0.01955653 0.01716092 0.43529412 0.89019608 0.96078431
v 0.15689716 -0.02124053 0.01949756 0.43529412 0.89019608 0.96078431
v 0.15842708 -0.01827421 0.01482212 0.43529412 0.89019608 0.96078431
v 0.15790706 -0.01944323 0.01482212 0.43529412 0.89019608 0.96078431
v 0.15234510 -0.02447980 0.01482212 0.43529412 0.89019608 0.96078431
v 0.15468142 -0.02363522 0.01482212 0.43529412 0.89019608 0.96078431
v 0.15602292 -0.02263615 0.01482212 0.43529412 0.89019608 0.96078431
v 0.15701021 -0.02124053 0.01716092 0.43529412 0.89019608 0.96078431
v 0.15690470 -0.02124053 0.01482212 0.43529412 0.89019608 0.96078431
v 0.15831403 -0.01802702 0.01289935 0.43529412 0.89019608 0.96078431
v 0.13729465 -0.02462915 0.01289935 0.43529412 0.89019608 0.96078431
v 0.15042328 -0.02378457 0.01289935 0.43529412 0.89019608 0.96078431
v 0.15760560 -0.01951533 0.01289935 0.43529412 0.89019608 0.96078431
v 0.15777893 -0.01919604 0.01289935 0.43529412 0.89019608 0.96078431
v 0.15251090 -0.02354768 0.01289935 0.43529412 0.89019608 0.96078431
v 0.15449301 -0.02292969 0.01289935 0.43529412 0.89019608 0.96078431
v 0.15468142 -0.02289879 0.01296186 0.43529412 0.89019608 0.96078431
v 0.15591741 -0.02249195 0.01350507 0.43529412 0.89019608 0.96078431
v 0.15652787 -0.02129203 0.01289935 0.43529412 0.89019608 0.96078431
v 0.15463620 -0.02287819 0.01289935 0.43529412 0.89019608 0.96078431
v 0.15468142 -0.02285759 0.01289935 0.43529412 0.89019608 0.96078431
v 0.15548029 -0.02238381 0.01289935 0.43529412 0.89019608 0.96078431
v 0.15630177 -0.02166282 0.01289935 0.43529412 0.89019608 0.96078431
f 883 884 889
f 883 889 897
f 883 897 913
f 883 913 916
f 883 916 938
f 883 938 978
f 883 978 1006
f 883 1006 1038
f 883 1038 1062
f 883 1062 1092
f 883 1092 1098
f 883 1098 1097
f 883 1097 1125
f 883 1125 1161
f 883 1161 1191
f 883 1191 1203
f 883 1203 1170
f 883 1170 1134
f 883 1134 1103
f 883 1103 1102
f 883 1102 1073
f 883 1073 1072
f 883 1072 1043
f 883 1043 1014
f 883 1014 1010
f 883 1010 980
f 883 980 939
f 883 939 917
f 883 917 899
f 883 899 891
f 883 891 885
f 883 885 886
f 883 886 887
f 883 887 888
f 883 888 884
f 884 888 890
f 884 890 889
f 885 891 886
f 886 892 893
f 886 893 895
f 886 895 887
f 886 891 892
f 887 894 888
f 887 895 896
f 887 896 894
f 888 894 890
f 889 890 898
f 889 898 897
f 890 894 898
f 891 899 900
f 891 900 892
f 892 900 901
f 892 901 902
f 892 902 893
f 893 902 903
f 893 903 904
f 893 904 905
f 893 905 895
f 894 906 898
f 894 896 907
f 894 907 906
f 895 908 909
f 895 909 896
f 895 905 908
f 896 909 910
f 896 910 911
f 896 911 912
f 896 912 907
f 897 898 913
f 898 906 914
f 898 914 915
f 898 915 916
f 898 916 913
f 899 917 918
f 899 918 919
f 899 919 900
f 900 920 921
f 900 921 901
f 900 919 920
f 901 903 902
f 901 921 922
f 901 922 923
f 901 923 924
f 901 924 904
f 901 904 903
f 904 924 925
f 904 925 905
f 905 925 926
f 905 926 927
f 905 927 928
f 905 928 929
f 905 929 910
f 905 910 908
f 906 907 914
f 907 912 914
f 908 910 909
f 910 912 911
f 910 929 930
f 910 930 931
f 910 931 932
f 910 932 912
f 912 932 933
f 912 933 934
f 912 934 935
f 912 935 914
f 914 935 936
f 914 936 915
f 915 936 937
f 915 937 916
f 916 937 936
f 916 936 935
f 916 935 934
f 916 934 933
f 916 933 977
f 916 977 976
f 916 976 975
f 916 975 971
f 916 971 974
f 916 974 1003
f 916 1003 1002
f 916 1002 1005
f 916 1005 1037
f 916 1037 1061
f 916 1061 1035
f 916 1035 1060
f 916 1060 1059
f 916 1059 1091
f 916 1091 1090
f 916 1090 1124
f 916 1124 1160
f 916 1160 1159
f 916 1159 1158
f 916 1158 1157
f 916 1157 1190
f 916 1190 1222
f 916 1222 1188
f 916 1188 1221
f 916 1221 1236
f 916 1236 1240
f 916 1240 1239
f 916 1239 1245
f 916 1245 1249
f 916 1249 1248
f 916 1248 1247
f 916 1247 1246
f 916 1246 1242
f 916 1242 1241
f 916 1241 1238
f 916 1238 1237
f 916 1237 1226
f 916 1226 1201
f 916 1201 1168
f 916 1168 1131
f 916 1131 1130
f 916 1130 1099
f 916 1099 1069
f 916 1069 1068
f 916 1068 1067
f 916 1067 1041
f 916 1041 1039
f 916 1039 1007
f 916 1007 979
f 916 979 938
f 917 939 940
f 917 940 941
f 917 941 942
f 917 942 920
f 917 920 918
f 918 920 919
f 920 943 921
f 920 942 944
f 920 944 943
f 921 943 945
f 921 945 946
f 921 946 922
f 922 946 947
f 922 947 948
f 922 948 949
f 922 949 950
f 922 950 923
f 923 951 924
f 923 950 952
f 923 952 951
f 924 951 953
f 924 953 954
f 924 954 955
f 924 955 925
f 925 955 954
f 925 954 956
f 925 956 957
f 925 957 926
f 926 957 956
f 926 956 958
f 926 958 959
f 926 959 960
f 926 960 961
f 926 961 962
f 926 962 963
f 926 963 927
f 927 963 928
f 928 962 964
f 928 964 961
f 928 961 965
f 928 965 966
f 928 966 967
f 928 967 968
f 928 968 929
f 928 963 962
f 929 969 970
f 929 970 930
f 929 968 967
f 929 967 969
f 930 971 931
f 930 970 972
f 930 972 973
f 930 973 974
f 930 974 971
f 931 971 975
f 931 975 976
f 931 976 932
f 932 976 977
f 932 977 933
f 938 979 978
f 939 980 981
f 939 981 940
f 940 981 982
f 940 982 944
f 940 944 941
f 941 944 942
f 943 983 984
f 943 984 945
f 943 944 985
f 943 985 983
f 944 982 985
f 945 984 946
f 946 984 949
f 946 949 947
f 947 949 948
f 949 984 986
f 949 986 987
f 949 987 950
f 950 987 988
f 950 988 952
f 951 952 953
f 952 988 989
f 952 989 990
f 952 990 991
f 952 991 956
f 952 956 954
f 952 954 953
f 956 991 959
f 956 959 958
f 959 991 990
f 959 990 960
f 960 992 993
f 960 993 961
f 960 990 994
f 960 994 995
f 960 995 996
f 960 996 997
f 960 997 992
f 961 993 998
f 961 998 965
f 961 964 962
f 965 972 966
f 965 998 999
f 965 999 1000
f 965 1000 1001
f 965 1001 972
f 966 972 967
f 967 970 969
f 967 972 970
f 972 1002 1003
f 972 1003 973
f 972 1001 1004
f 972 1004 1005
f 972 1005 1002
f 973 1003 974
f 978 979 1007
f 978 1007 1008
f 978 1008 1009
f 978 1009 1006
f 980 1010 981
f 981 1010 982
f 982 1010 985
f 983 985 984
f 984 985 1011
f 984 1011 1012
f 984 1012 986
f 985 1010 1013
f 985 1013 1014
f 985 1014 1015
f 985 1015 1016
f 985 1016 1011
f 986 1017 1018
f 986 1018 988
f 986 988 987
f 986 1012 1016
f 986 1016 1019
f 986 1019 1017
f 988 1018 1020
f 988 1020 989
f 989 1020 1021
f 989 1021 1022
f 989 1022 1023
f 989 1023 1024
f 989 1024 1025
f 989 1025 990
f 990 1025 994
f 992 997 993
f 993 997 1026
f 993 1026 1027
f 993 1027 998
f 994 1025 1028
f 994 1028 995
f 995 1028 1025
f 995 1025 996
f 996 1025 1029
f 996 1029 1030
f 996 1030 1031
f 996 1031 997
f 997 1031 1026
f 998 1027 1026
f 998 1026 999
f 999 1026 1032
f 999 1032 1033
f 999 1033 1034
f 999 1034 1035
f 999 1035 1036
f 999 1036 1000
f 1000 1036 1001
f 1001 1036 1037
f 1001 1037 1005
f 1001 1005 1004
f 1006 1009 1038
f 1007 1039 1008
f 1008 1040 1009
f 1008 1039 1041
f 1008 1041 1042
f 1008 1042 1040
f 1009 1040 1038
f 1010 1014 1013
f 1011 1016 1012
f 1014 1043 1044
f 1014 1044 1015
f 1015 1045 1019
f 1015 1019 1016
f 1015 1044 1045
f 1017 1019 1018
f 1018 1019 1046
f 1018 1046 1047
f 1018 1047 1048
f 1018 1048 1020
f 1019 1045 1044
f 1019 1044 1049
f 1019 1049 1046
f 1020 1048 1021
f 1021 1048 1050
f 1021 1050 1023
f 1021 1023 1022
f 1023 1030 1029
f 1023 1029 1024
f 1023 1050 1051
f 1023 1051 1052
f 1023 1052 1030
f 1024 1029 1025
f 1026 1031 1032
f 1030 1052 1053
f 1030 1053 1054
f 1030 1054 1055
f 1030 1055 1031
f 1031 1055 1032
f 1032 1055 1033
f 1033 1055 1056
f 1033 1056 1034
f 1034 1056 1057
f 1034 1057 1058
f 1034 1058 1059
f 1034 1059 1060
f 1034 1060 1035
f 1035 1061 1036
f 1036 1061 1037
f 1038 1040 1063
f 1038 1063 1062
f 1040 1042 1064
f 1040 1064 1093
f 1040 1093 1065
f 1040 1065 1066
f 1040 1066 1063
f 1041 1067 1042
f 1042 1067 1068
f 1042 1068 1069
f 1042 1069 1070
f 1042 1070 1071
f 1042 1071 1064
f 1043 1072 1044
f 1044 1072 1073
f 1044 1073 1074
f 1044 1074 1049
f 1046 1049 1075
f 1046 1075 1076
f 1046 1076 1077
f 1046 1077 1078
f 1046 1078 1047
f 1047 1078 1079
f 1047 1079 1048
f 1048 1079 1080
f 1048 1080 1081
f 1048 1081 1050
f 1049 1074 1082
f 1049 1082 1083
f 1049 1083 1075
f 1050 1081 1051
f 1051 1081 1084
f 1051 1084 1053
f 1051 1053 1052
f 1053 1084 1085
f 1053 1085 1054
f 1054 1085 1086
f 1054 1086 1087
f 1054 1087 1055
f 1055 1087 1056
f 1056 1087 1088
f 1056 1088 1089
f 1056 1089 1057
f 1057 1089 1058
f 1058 1089 1090
f 1058 1090 1091
f 1058 1091 1059
f 1062 1063 1092
f 1063 1066 1092
f 1064 1071 1093
f 1065 1094 1066
f 1065 1093 1095
f 1065 1095 1096
f 1065 1096 1094
f 1066 1094 1097
f 1066 1097 1098
f 1066 1098 1092
f 1069 1099 1100
f 1069 1100 1070
f 1070 1100 1071
f 1071 1095 1093
f 1071 1100 1101
f 1071 1101 1095
f 1073 1102 1074
f 1074 1102 1103
f 1074 1103 1104
f 1074 1104 1082
f 1075 1105 1076
f 1075 1083 1105
f 1076 1106 1107
f 1076 1107 1108
f 1076 1108 1109
f 1076 1109 1077
f 1076 1105 1106
f 1077 1109 1078
f 1078 1109 1110
f 1078 1110 1079
f 1079 1110 1080
f 1080 1111 1081
f 1080 1110 1109
f 1080 1109 1111
f 1081 1111 1112
f 1081 1112 1085
f 1081 1085 1084
f 1082 1104 1113
f 1082 1113 1114
f 1082 1114 1083
f 1083 1115 1116
f 1083 1116 1106
f 1083 1106 1105
f 1083 1114 1115
f 1085 1117 1151
f 1085 1151 1118
f 1085 1118 1086
f 1085 1112 1117
f 1086 1118 1119
f 1086 1119 1120
f 1086 1120 1087
f 1087 1120 1088
f 1088 1120 1089
f 1089 1120 1121
f 1089 1121 1122
f 1089 1122 1123
f 1089 1123 1124
f 1089 1124 1090
f 1094 1096 1125
f 1094 1125 1097
f 1095 1126 1096
f 1095 1101 1127
f 1095 1127 1126
f 1096 1126 1128
f 1096 1128 1129
f 1096 1129 1125
f 1099 1130 1100
f 1100 1130 1131
f 1100 1131 1132
f 1100 1132 1101
f 1101 1132 1133
f 1101 1133 1127
f 1103 1134 1135
f 1103 1135 1136
f 1103 1136 1104
f 1104 1136 1113
f 1106 1116 1137
f 1106 1137 1107
f 1107 1137 1116
f 1107 1116 1138
f 1107 1138 1139
f 1107 1139 1140
f 1107 1140 1141
f 1107 1141 1108
f 1108 1141 1109
f 1109 1141 1111
f 1111 1141 1112
f 1112 1141 1140
f 1112 1140 1142
f 1112 1142 1117
f 1113 1136 1143
f 1113 1143 1114
f 1114 1143 1144
f 1114 1144 1145
f 1114 1145 1115
f 1115 1146 1147
f 1115 1147 1148
f 1115 1148 1149
f 1115 1149 1138
f 1115 1138 1116
f 1115 1145 1150
f 1115 1150 1146
f 1117 1142 1152
f 1117 1152 1151
f 1118 1153 1119
f 1118 1151 1154
f 1118 1154 1153
f 1119 1153 1155
f 1119 1155 1156
f 1119 1156 1120
f 1120 1156 1122
f 1120 1122 1121
f 1122 1157 1158
f 1122 1158 1159
f 1122 1159 1160
f 1122 1160 1123
f 1122 1156 1157
f 1123 1160 1124
f 1125 1129 1161
f 1126 1162 1128
f 1126 1127 1162
f 1127 1133 1163
f 1127 1163 1164
f 1127 1164 1162
f 1128 1165 1166
f 1128 1166 1129
f 1128 1162 1167
f 1128 1167 1165
f 1129 1166 1161
f 1131 1168 1132
f 1132 1168 1169
f 1132 1169 1163
f 1132 1163 1133
f 1134 1170 1135
f 1135 1170 1171
f 1135 1171 1136
f 1136 1171 1145
f 1136 1145 1144
f 1136 1144 1143
f 1138 1149 1172
f 1138 1172 1139
f 1139 1172 1173
f 1139 1173 1142
f 1139 1142 1140
f 1142 1173 1152
f 1145 1171 1174
f 1145 1174 1175
f 1145 1175 1176
f 1145 1176 1150
f 1146 1177 1147
f 1146 1150 1178
f 1146 1178 1176
f 1146 1176 1179
f 1146 1179 1177
f 1147 1177 1180
f 1147 1180 1181
f 1147 1181 1182
f 1147 1182 1148
f 1148 1183 1149
f 1148 1182 1183
f 1149 1183 1172
f 1150 1176 1178
f 1151 1152 1184
f 1151 1184 1154
f 1152 1173 1184
f 1153 1154 1155
f 1154 1185 1155
f 1154 1184 1186
f 1154 1186 1187
f 1154 1187 1188
f 1154 1188 1185
f 1155 1185 1188
f 1155 1188 1189
f 1155 1189 1190
f 1155 1190 1156
f 1156 1190 1157
f 1161 1166 1197
f 1161 1197 1191
f 1162 1164 1167
f 1163 1169 1192
f 1163 1192 1164
f 1164 1192 1193
f 1164 1193 1194
f 1164 1194 1195
f 1164 1195 1167
f 1165 1196 1197
f 1165 1197 1166
f 1165 1167 1196
f 1167 1198 1199
f 1167 1199 1200
f 1167 1200 1196
f 1167 1195 1198
f 1168 1201 1202
f 1168 1202 1169
f 1169 1202 1193
f 1169 1193 1192
f 1170 1203 1204
f 1170 1204 1171
f 1171 1204 1174
f 1172 1183 1205
f 1172 1205 1206
f 1172 1206 1207
f 1172 1207 1173
f 1173 1207 1184
f 1174 1199 1208
f 1174 1208 1175
f 1174 1204 1199
f 1175 1208 1176
f 1176 1208 1179
f 1177 1179 1209
f 1177 1209 1210
f 1177 1210 1180
f 1179 1208 1209
f 1180 1211 1212
f 1180 1212 1213
f 1180 1213 1214
f 1180 1214 1182
f 1180 1182 1181
f 1180 1210 1215
f 1180 1215 1195
f 1180 1195 1194
f 1180 1194 1211
f 1182 1214 1216
f 1182 1216 1183
f 1183 1217 1205
f 1183 1216 1218
f 1183 1218 1217
f 1184 1207 1219
f 1184 1219 1186
f 1186 1219 1220
f 1186 1220 1187
f 1187 1220 1221
f 1187 1221 1188
f 1188 1222 1189
f 1189 1222 1190
f 1191 1197 1203
f 1193 1223 1224
f 1193 1224 1225
f 1193 1225 1211
f 1193 1211 1194
f 1193 1202 1223
f 1195 1215 1199
f 1195 1199 1198
f 1196 1203 1197
f 1196 1200 1203
f 1199 1204 1200
f 1199 1215 1209
f 1199 1209 1208
f 1200 1204 1203
f 1201 1226 1223
f 1201 1223 1202
f 1205 1227 1206
f 1205 1217 1228
f 1205 1228 1227
f 1206 1229 1219
f 1206 1219 1207
f 1206 1227 1230
f 1206 1230 1229
f 1209 1215 1210
f 1211 1231 1232
f 1211 1232 1212
f 1211 1225 1231
f 1212 1232 1233
f 1212 1233 1213
f 1213 1234 1218
f 1213 1218 1214
f 1213 1233 1235
f 1213 1235 1234
f 1214 1218 1216
f 1217 1218 1228
f 1218 1234 1228
f 1219 1229 1220
f 1220 1229 1236
f 1220 1236 1221
f 1223 1226 1224
f 1224 1226 1237
f 1224 1237 1238
f 1224 1238 1231
f 1224 1231 1225
f 1227 1228 1234
f 1227 1234 1230
f 1229 1230 1236
f 1230 1234 1235
f 1230 1235 1239
f 1230 1239 1240
f 1230 1240 1236
f 1231 1238 1241
f 1231 1241 1242
f 1231 1242 1243
f 1231 1243 1232
f 1232 1243 1244
f 1232 1244 1233
f 1233 1244 1235
f 1235 1244 1239
f 1239 1244 1245
f 1242 1246 1243
f 1243 1247 1248
f 1243 1248 1244
f 1243 1246 1247
f 1244 1248 1249
f 1244 1249 1245

o geometry_3
v 0.05406723 0.00203296 0.01289720 0.38039216 0.78823529 0.52549020
v 0.05452669 0.00018197 0.01289720 0.38039216 0.78823529 0.52549020
v 0.06600712 -0.01422931 0.01839323 0.38039216 0.78823529 0.52549020
v 0.06549993 -0.01189015 0.01839323 0.38039216 0.78823529 0.52549020
v 0.06384708 -0.00261994 0.01839323 0.38039216 0.78823529 0.52549020
v 0.06359945 -0.00022993 0.01839323 0.38039216 0.78823529 0.52549020
v 0.06350100 0.00212958 0.01839323 0.38039216 0.78823529 0.52549020
v 0.06353680 0.00325339 0.01839323 0.38039216 0.78823529 0.52549020
v 0.06358752 0.00452468 0.01839323 0.38039216 0.78823529 0.52549020
v 0.06373371 0.00578071 0.01839323 0.38039216 0.78823529 0.52549020
v 0.06520755 0.01502040 0.01839323 0.38039216 0.78823529 0.52549020
v 0.05409110 0.00212958 0.01289720 0.38039216 0.78823529 0.52549020
v 0.05467288 -0.00016890 0.01289720 0.38039216 0.78823529 0.52549020
v 0.06671719 -0.01625319 0.01839323 0.38039216 0.78823529 0.52549020
v 0.06555065 0.01615439 0.01839323 0.38039216 0.78823529 0.52549020
v 0.06609961 0.01747144 0.01839323 0.38039216 0.78823529 0.52549020
v 0.05505178 0.00441281 0.01289720 0.38039216 0.78823529 0.52549020
v 0.06490622 -0.01264275 0.01289720 0.38039216 0.78823529 0.52549020
v 0.06903237 -0.02050945 0.01839323 0.38039216 0.78823529 0.52549020
v 0.06804484 -0.01889238 0.01839323 0.38039216 0.78823529 0.52549020
v 0.06720648 -0.01736684 0.01839323 0.38039216 0.78823529 0.52549020
v 0.06707223 -0.01710241 0.01839323 0.38039216 0.78823529 0.52549020
v 0.06650537 0.01837659 0.01839323 0.38039216 0.78823529 0.52549020
v 0.06536269 0.01700361 0.01289720 0.38039216 0.78823529 0.52549020
v 0.06717068 0.01947498 0.01839323 0.38039216 0.78823529 0.52549020
v 0.06610558 -0.01406150 0.01289720 0.38039216 0.78823529 0.52549020
v 0.06835512 -0.01640575 0.01289720 0.38039216 0.78823529 0.52549020
v 0.06874596 -0.01681256 0.01289720 0.38039216 0.78823529 0.52549020
v 0.06956642 -0.01759058 0.01289720 0.38039216 0.78823529 0.52549020
v 0.07075683 -0.01837370 0.01289720 0.38039216 0.78823529 0.52549020
v 0.06965592 -0.02089592 0.01839323 0.38039216 0.78823529 0.52549020
v 0.06630547 -0.01426999 0.01289720 0.38039216 0.78823529 0.52549020
v 0.06632337 0.01798504 0.01289720 0.38039216 0.78823529 0.52549020
v 0.06826860 0.02042590 0.01839323 0.38039216 0.78823529 0.52549020
v 0.06777036 0.01935802 0.01289720 0.38039216 0.78823529 0.52549020
v 0.07118048 -0.01857710 0.01289720 0.38039216 0.78823529 0.52549020
v 0.07058378 -0.02141461 0.01839323 0.38039216 0.78823529 0.52549020
v 0.07362395 0.02490082 0.01839323 0.38039216 0.78823529 0.52549020
v 0.07510078 0.02608058 0.01839323 0.38039216 0.78823529 0.52549020
v 0.06873403 0.02007503 0.01289720 0.38039216 0.78823529 0.52549020
v 0.07301830 -0.01944157 0.01289720 0.38039216 0.78823529 0.52549020
v 0.07347478 -0.02274183 0.01839323 0.38039216 0.78823529 0.52549020
v 0.07616588 0.02674673 0.01839323 0.38039216 0.78823529 0.52549020
v 0.07620168 0.02673656 0.01810325 0.38039216 0.78823529 0.52549020
v 0.07533349 0.02594836 0.01725808 0.38039216 0.78823529 0.52549020
v 0.07054798 0.02114291 0.01289720 0.38039216 0.78823529 0.52549020
v 0.07536929 -0.02040775 0.01289720 0.38039216 0.78823529 0.52549020
v 0.07530962 -0.02338764 0.01839323 0.38039216 0.78823529 0.52549020
v 0.07753828 -0.02123154 0.01289720 0.38039216 0.78823529 0.52549020
v 0.07764568 0.02696030 0.01839323 0.38039216 0.78823529 0.52549020
v 0.07867499 0.02668571 0.01597661 0.38039216 0.78823529 0.52549020
v 0.07711761 0.02649247 0.01654472 0.38039216 0.78823529 0.52549020
v 0.07775309 0.02684335 0.01725808 0.38039216 0.78823529 0.52549020
v 0.07220083 0.02204806 0.01289720 0.38039216 0.78823529 0.52549020
v 0.08027711 -0.02195872 0.01289720 0.38039216 0.78823529 0.52549020
v 0.08221339 -0.02323000 0.01482156 0.38039216 0.78823529 0.52549020
v 0.08454648 -0.02365715 0.01481672 0.38039216 0.78823529 0.52549020
v 0.08454648 -0.02449620 0.01725324 0.38039216 0.78823529 0.52549020
v 0.08454648 -0.02470978 0.01839323 0.38039216 0.78823529 0.52549020
v 0.07998772 -0.02188753 0.01289720 0.38039216 0.78823529 0.52549020
v 0.07864217 0.02708743 0.01839323 0.38039216 0.78823529 0.52549020
v 0.07755320 0.02551104 0.01482371 0.38039216 0.78823529 0.52549020
v 0.07987733 0.02710269 0.01715856 0.38039216 0.78823529 0.52549020
v 0.07987733 0.02675181 0.01586202 0.38039216 0.78823529 0.52549020
v 0.07987733 0.02587717 0.01469352 0.38039216 0.78823529 0.52549020
v 0.07737120 0.02405161 0.01289720 0.38039216 0.78823529 0.52549020
v 0.07520221 0.02337020 0.01289720 0.38039216 0.78823529 0.52549020
v 0.08070674 -0.02204517 0.01289720 0.38039216 0.78823529 0.52549020
v 0.08221339 -0.02233502 0.01289720 0.38039216 0.78823529 0.52549020
v 0.08429288 -0.02267064 0.01289720 0.38039216 0.78823529 0.52549020
v 0.08454648 -0.02271132 0.01289720 0.38039216 0.78823529 0.52549020
v 0.08454648 0.02714845 0.01839323 0.38039216 0.78823529 0.52549020
v 0.07987733 0.02720439 0.01839323 0.38039216 0.78823529 0.52549020
v 0.07643141 0.02432620 0.01366974 0.38039216 0.78823529 0.52549020
v 0.07708777 0.02396516 0.01289720 0.38039216 0.78823529 0.52549020
v 0.08221339 0.02681283 0.01574151 0.38039216 0.78823529 0.52549020
v 0.08221339 0.02716879 0.01715856 0.38039216 0.78823529 0.52549020
v 0.08221339 0.02601955 0.01457355 0.38039216 0.78823529 0.52549020
v 0.08221339 0.02473301 0.01289720 0.38039216 0.78823529 0.52549020
v 0.07987733 0.02444825 0.01289720 0.38039216 0.78823529 0.52549020
v 0.08454648 0.02474827 0.01289720 0.38039216 0.78823529 0.52549020
v 0.08454648 0.02707218 0.01715856 0.38039216 0.78823529 0.52549020
v 0.08221339 0.02723999 0.01839323 0.38039216 0.78823529 0.52549020
v 0.08098122 0.02723490 0.01839323 0.38039216 0.78823529 0.52549020
v 0.08454648 0.02677215 0.01579908 0.38039216 0.78823529 0.52549020
v 0.08454648 0.02603989 0.01463058 0.38039216 0.78823529 0.52549020
v 0.08454648 0.02487540 0.01302739 0.38039216 0.78823529 0.52549020
v 0.08251771 0.02473810 0.01289720 0.38039216 0.78823529 0.52549020
v 0.08454648 0.02477369 0.01289774 0.38039216 0.78823529 0.52549020
f 1250 1251 1252
f 1250 1252 1253
f 1250 1253 1254
f 1250 1254 1255
f 1250 1255 1256
f 1250 1256 1257
f 1250 1257 1258
f 1250 1258 1259
f 1250 1259 1260
f 1250 1260 1261
f 1250 1261 1266
f 1250 1266 1273
f 1250 1273 1282
f 1250 1282 1284
f 1250 1284 1289
f 1250 1289 1295
f 1250 1295 1303
f 1250 1303 1316
f 1250 1316 1324
f 1250 1324 1315
f 1250 1315 1329
f 1250 1329 1328
f 1250 1328 1337
f 1250 1337 1330
f 1250 1330 1320
f 1250 1320 1319
f 1250 1319 1318
f 1250 1318 1317
f 1250 1317 1304
f 1250 1304 1309
f 1250 1309 1298
f 1250 1298 1296
f 1250 1296 1290
f 1250 1290 1285
f 1250 1285 1279
f 1250 1279 1278
f 1250 1278 1277
f 1250 1277 1276
f 1250 1276 1281
f 1250 1281 1275
f 1250 1275 1267
f 1250 1267 1262
f 1250 1262 1251
f 1251 1262 1263
f 1251 1263 1252
f 1252 1263 1271
f 1252 1271 1270
f 1252 1270 1269
f 1252 1269 1268
f 1252 1268 1280
f 1252 1280 1286
f 1252 1286 1291
f 1252 1291 1297
f 1252 1297 1308
f 1252 1308 1321
f 1252 1321 1332
f 1252 1332 1333
f 1252 1333 1322
f 1252 1322 1310
f 1252 1310 1299
f 1252 1299 1292
f 1252 1292 1288
f 1252 1288 1287
f 1252 1287 1283
f 1252 1283 1274
f 1252 1274 1272
f 1252 1272 1265
f 1252 1265 1264
f 1252 1264 1260
f 1252 1260 1259
f 1252 1259 1258
f 1252 1258 1257
f 1252 1257 1256
f 1252 1256 1255
f 1252 1255 1254
f 1252 1254 1253
f 1260 1264 1261
f 1261 1264 1265
f 1261 1265 1266
f 1262 1267 1268
f 1262 1268 1269
f 1262 1269 1270
f 1262 1270 1271
f 1262 1271 1263
f 1265 1272 1266
f 1266 1272 1274
f 1266 1274 1273
f 1267 1275 1268
f 1268 1276 1277
f 1268 1277 1278
f 1268 1278 1279
f 1268 1279 1280
f 1268 1275 1281
f 1268 1281 1276
f 1273 1274 1282
f 1274 1283 1284
f 1274 1284 1282
f 1279 1285 1286
f 1279 1286 1280
f 1283 1287 1284
f 1284 1287 1288
f 1284 1288 1289
f 1285 1290 1286
f 1286 1290 1291
f 1288 1292 1293
f 1288 1293 1294
f 1288 1294 1289
f 1289 1294 1295
f 1290 1296 1291
f 1291 1296 1298
f 1291 1298 1297
f 1292 1299 1293
f 1293 1300 1301
f 1293 1301 1294
f 1293 1299 1302
f 1293 1302 1300
f 1294 1301 1303
f 1294 1303 1295
f 1297 1304 1305
f 1297 1305 1306
f 1297 1306 1307
f 1297 1307 1308
f 1297 1298 1309
f 1297 1309 1304
f 1299 1310 1302
f 1300 1311 1301
f 1300 1302 1312
f 1300 1312 1313
f 1300 1313 1314
f 1300 1314 1315
f 1300 1315 1311
f 1301 1311 1316
f 1301 1316 1303
f 1302 1310 1312
f 1304 1317 1305
f 1305 1317 1318
f 1305 1318 1306
f 1306 1318 1319
f 1306 1319 1320
f 1306 1320 1330
f 1306 1330 1338
f 1306 1338 1336
f 1306 1336 1335
f 1306 1335 1334
f 1306 1334 1331
f 1306 1331 1321
f 1306 1321 1308
f 1306 1308 1307
f 1310 1322 1312
f 1311 1323 1316
f 1311 1315 1324
f 1311 1324 1323
f 1312 1325 1313
f 1312 1322 1326
f 1312 1326 1325
f 1313 1325 1327
f 1313 1327 1314
f 1314 1327 1328
f 1314 1328 1329
f 1314 1329 1315
f 1316 1323 1324
f 1321 1331 1326
f 1321 1326 1332
f 1322 1333 1326
f 1325 1326 1334
f 1325 1334 1335
f 1325 1335 1327
f 1326 1331 1334
f 1326 1333 1332
f 1327 1336 1328
f 1327 1335 1336
f 1328 1336 1338
f 1328 1338 1337
f 1330 1337 1338

o geometry_4
v 0.06274759 0.01382051 0.03352174 0.56470588 0.92549020 0.07058824
v 0.06373137 0.00577926 0.01839323 0.56470588 0.92549020 0.07058824
v 0.06358625 0.00452474 0.01839323 0.56470588 0.92549020 0.07058824
v 0.06353717 0.00325480 0.01839323 0.56470588 0.92549020 0.07058824
v 0.06350089 0.00212882 0.01839323 0.56470588 0.92549020 0.07058824
v 0.06359906 -0.00023111 0.01839323 0.56470588 0.92549020 0.07058824
v 0.06284575 0.01148114 0.03352174 0.56470588 0.92549020 0.07058824
v 0.06365027 -0.00487900 0.03585942 0.56470588 0.92549020 0.07058824
v 0.06341980 0.00212882 0.03585942 0.56470588 0.92549020 0.07058824
v 0.06323628 0.01148114 0.03585942 0.56470588 0.92549020 0.07058824
v 0.06338566 0.01382051 0.03585942 0.56470588 0.92549020 0.07058824
v 0.06327682 0.01615474 0.03352174 0.56470588 0.92549020 0.07058824
v 0.06350943 0.01615474 0.03118406 0.56470588 0.92549020 0.07058824
v 0.06383593 0.01615474 0.02884639 0.56470588 0.92549020 0.07058824
v 0.06417097 0.01615474 0.02651072 0.56470588 0.92549020 0.07058824
v 0.06520810 0.01502361 0.01839323 0.56470588 0.92549020 0.07058824
v 0.06384660 -0.00262189 0.01839323 0.56470588 0.92549020 0.07058824
v 0.06414536 -0.00955259 0.03352174 0.56470588 0.92549020 0.07058824
v 0.06442705 -0.01196394 0.03343523 0.56470588 0.92549020 0.07058824
v 0.06446120 -0.01123385 0.03500643 0.56470588 0.92549020 0.07058824
v 0.06419018 -0.00487900 0.03770622 0.56470588 0.92549020 0.07058824
v 0.06408135 0.00212882 0.03797178 0.56470588 0.92549020 0.07058824
v 0.06408561 0.00446819 0.03789130 0.56470588 0.92549020 0.07058824
v 0.06426487 0.01148114 0.03729582 0.56470588 0.92549020 0.07058824
v 0.06442279 0.01382051 0.03716908 0.56470588 0.92549020 0.07058824
v 0.06454656 0.01518814 0.03709263 0.56470588 0.92549020 0.07058824
v 0.06402799 0.01604162 0.03589764 0.56470588 0.92549020 0.07058824
v 0.06439504 0.01769717 0.03514322 0.56470588 0.92549020 0.07058824
v 0.06422432 0.01797481 0.03352174 0.56470588 0.92549020 0.07058824
v 0.06425633 0.01807250 0.03118406 0.56470588 0.92549020 0.07058824
v 0.06435236 0.01803137 0.02884639 0.56470588 0.92549020 0.07058824
v 0.06449961 0.01774859 0.02651072 0.56470588 0.92549020 0.07058824
v 0.06463405 0.01745038 0.02512260 0.56470588 0.92549020 0.07058824
v 0.06554954 0.01615474 0.01839323 0.56470588 0.92549020 0.07058824
v 0.06549832 -0.01189196 0.01839323 0.56470588 0.92549020 0.07058824
v 0.06645649 -0.02124428 0.02417304 0.56470588 0.92549020 0.07058824
v 0.06462978 -0.01316704 0.03187410 0.56470588 0.92549020 0.07058824
v 0.06462978 -0.01316704 0.03259632 0.56470588 0.92549020 0.07058824
v 0.06582696 -0.01196394 0.03533233 0.56470588 0.92549020 0.07058824
v 0.06480050 -0.00828779 0.03693974 0.56470588 0.92549020 0.07058824
v 0.06442919 -0.00672992 0.03736824 0.56470588 0.92549020 0.07058824
v 0.06675312 -0.02286899 0.02651072 0.56470588 0.92549020 0.07058824
v 0.06694305 -0.02254507 0.02777612 0.56470588 0.92549020 0.07058824
v 0.06659094 -0.01331100 0.03485353 0.56470588 0.92549020 0.07058824
v 0.06585257 -0.00487900 0.03855318 0.56470588 0.92549020 0.07058824
v 0.06585257 0.00212882 0.03894346 0.56470588 0.92549020 0.07058824
v 0.06585257 0.00446819 0.03882477 0.56470588 0.92549020 0.07058824
v 0.06585257 0.01527555 0.03712281 0.56470588 0.92549020 0.07058824
v 0.06585257 0.01644266 0.03658365 0.56470588 0.92549020 0.07058824
v 0.06585257 0.01804165 0.03541481 0.56470588 0.92549020 0.07058824
v 0.06585470 0.01913164 0.03354990 0.56470588 0.92549020 0.07058824
v 0.06630285 0.02009824 0.03118406 0.56470588 0.92549020 0.07058824
v 0.06513341 0.01923962 0.03118406 0.56470588 0.92549020 0.07058824
v 0.06499043 0.01919848 0.02884639 0.56470588 0.92549020 0.07058824
v 0.06510994 0.01891570 0.02651072 0.56470588 0.92549020 0.07058824
v 0.06650558 0.01837585 0.01839323 0.56470588 0.92549020 0.07058824
v 0.06610012 0.01747095 0.01839323 0.56470588 0.92549020 0.07058824
v 0.06600622 -0.01423132 0.01839323 0.56470588 0.92549020 0.07058824
v 0.06676379 -0.02284842 0.02417304 0.56470588 0.92549020 0.07058824
v 0.06639888 -0.02124428 0.02651072 0.56470588 0.92549020 0.07058824
v 0.06635833 -0.00882250 0.03723748 0.56470588 0.92549020 0.07058824
v 0.06568825 -0.00958344 0.03658566 0.56470588 0.92549020 0.07058824
v 0.06568825 -0.00739317 0.03768208 0.56470588 0.92549020 0.07058824
v 0.06830241 -0.02404638 0.02641416 0.56470588 0.92549020 0.07058824
v 0.06915815 -0.02481246 0.02508438 0.56470588 0.92549020 0.07058824
v 0.06915815 -0.02481246 0.02556921 0.56470588 0.92549020 0.07058824
v 0.06819144 -0.02293068 0.02810002 0.56470588 0.92549020 0.07058824
v 0.07052818 -0.02324945 0.02837362 0.56470588 0.92549020 0.07058824
v 0.07520166 -0.02342426 0.02854663 0.56470588 0.92549020 0.07058824
v 0.07754053 -0.02331629 0.02861704 0.56470588 0.92549020 0.07058824
v 0.06734851 -0.01331100 0.03485353 0.56470588 0.92549020 0.07058824
v 0.06767501 -0.00882250 0.03723748 0.56470588 0.92549020 0.07058824
v 0.06834936 -0.00736232 0.03758551 0.56470588 0.92549020 0.07058824
v 0.06819144 -0.00487900 0.03810858 0.56470588 0.92549020 0.07058824
v 0.08454647 0.00049383 0.03229657 0.56470588 0.92549020 0.07058824
v 0.08454647 0.00904409 0.03211350 0.56470588 0.92549020 0.07058824
v 0.07430111 0.01790798 0.03487767 0.56470588 0.92549020 0.07058824
v 0.06715432 0.01516758 0.03709062 0.56470588 0.92549020 0.07058824
v 0.07206680 0.01972805 0.03475697 0.56470588 0.92549020 0.07058824
v 0.07134124 0.01972805 0.03475697 0.56470588 0.92549020 0.07058824
v 0.06819144 0.01941957 0.03432846 0.56470588 0.92549020 0.07058824
v 0.06663575 0.01984117 0.03278744 0.56470588 0.92549020 0.07058824
v 0.06615987 0.02032447 0.02884639 0.56470588 0.92549020 0.07058824
v 0.07610221 0.02676672 0.02088380 0.56470588 0.92549020 0.07058824
v 0.06627937 0.02029362 0.02651072 0.56470588 0.92549020 0.07058824
v 0.06694945 0.01974348 0.02029234 0.56470588 0.92549020 0.07058824
v 0.06711163 0.01954296 0.01873322 0.56470588 0.92549020 0.07058824
v 0.06717139 0.01947612 0.01839323 0.56470588 0.92549020 0.07058824
v 0.06671471 -0.01625192 0.01839323 0.56470588 0.92549020 0.07058824
v 0.06695585 -0.02251936 0.02288953 0.56470588 0.92549020 0.07058824
v 0.06830241 -0.02407723 0.02425150 0.56470588 0.92549020 0.07058824
v 0.07052818 -0.02442171 0.02695733 0.56470588 0.92549020 0.07058824
v 0.07005443 -0.02460166 0.02352525 0.56470588 0.92549020 0.07058824
v 0.07161439 -0.02476618 0.02297000 0.56470588 0.92549020 0.07058824
v 0.07286705 -0.02488444 0.02257972 0.56470588 0.92549020 0.07058824
v 0.07286705 -0.02515694 0.02417304 0.56470588 0.92549020 0.07058824
v 0.07052818 -0.02489986 0.02578849 0.56470588 0.92549020 0.07058824
v 0.07286705 -0.02450397 0.02723898 0.56470588 0.92549020 0.07058824
v 0.07520166 -0.02459137 0.02730939 0.56470588 0.92549020 0.07058824
v 0.08454647 -0.02321346 0.02866734 0.56470588 0.92549020 0.07058824
v 0.08221400 -0.02137282 0.02981606 0.56470588 0.92549020 0.07058824
v 0.08448032 -0.02111574 0.02985026 0.56470588 0.92549020 0.07058824
v 0.08454647 -0.02111574 0.02984422 0.56470588 0.92549020 0.07058824
v 0.08454647 -0.00020541 0.03224024 0.56470588 0.92549020 0.07058824
v 0.08454647 0.01848896 0.03117199 0.56470588 0.92549020 0.07058824
v 0.08454647 0.02082319 0.03082396 0.56470588 0.92549020 0.07058824
v 0.08454647 0.02263812 0.03033509 0.56470588 0.92549020 0.07058824
v 0.07362463 0.01946584 0.03454573 0.56470588 0.92549020 0.07058824
v 0.07285425 0.01860721 0.03499637 0.56470588 0.92549020 0.07058824
v 0.08454647 0.02380524 0.02960683 0.56470588 0.92549020 0.07058824
v 0.08454647 0.02486438 0.02843800 0.56470588 0.92549020 0.07058824
v 0.06819144 0.02004683 0.03315962 0.56470588 0.92549020 0.07058824
v 0.08221400 0.02467929 0.02816238 0.56470588 0.92549020 0.07058824
v 0.06819144 0.02084375 0.03118406 0.56470588 0.92549020 0.07058824
v 0.07487302 0.02621144 0.01949769 0.56470588 0.92549020 0.07058824
v 0.08221400 0.02543508 0.02651072 0.56470588 0.92549020 0.07058824
v 0.07754053 0.02687469 0.02117551 0.56470588 0.92549020 0.07058824
v 0.07754053 0.02707521 0.01949769 0.56470588 0.92549020 0.07058824
v 0.07604246 0.02678729 0.01949769 0.56470588 0.92549020 0.07058824
v 0.06801005 0.02047357 0.01950775 0.56470588 0.92549020 0.07058824
v 0.07362676 0.02490037 0.01839323 0.56470588 0.92549020 0.07058824
v 0.06826827 0.02042215 0.01839323 0.56470588 0.92549020 0.07058824
v 0.06707109 -0.01710540 0.01839323 0.56470588 0.92549020 0.07058824
v 0.06919016 -0.02252451 0.02051766 0.56470588 0.92549020 0.07058824
v 0.06832375 -0.02292554 0.02200033 0.56470588 0.92549020 0.07058824
v 0.06720553 -0.01736762 0.01839323 0.56470588 0.92549020 0.07058824
v 0.06804206 -0.01889463 0.01839323 0.56470588 0.92549020 0.07058824
v 0.06903011 -0.02050905 0.01839323 0.56470588 0.92549020 0.07058824
v 0.07286705 -0.02501812 0.02607014 0.56470588 0.92549020 0.07058824
v 0.07286705 -0.02437029 0.02141088 0.56470588 0.92549020 0.07058824
v 0.07071171 -0.02401553 0.02204861 0.56470588 0.92549020 0.07058824
v 0.07520166 -0.02496156 0.02221961 0.56470588 0.92549020 0.07058824
v 0.07520166 -0.02463765 0.02105078 0.56470588 0.92549020 0.07058824
v 0.08454647 -0.02470963 0.01839323 0.56470588 0.92549020 0.07058824
v 0.07520166 -0.02522377 0.02417304 0.56470588 0.92549020 0.07058824
v 0.08454647 -0.02433430 0.02650267 0.56470588 0.92549020 0.07058824
v 0.07520166 -0.02501297 0.02614055 0.56470588 0.92549020 0.07058824
v 0.08454647 -0.02299238 0.02879408 0.56470588 0.92549020 0.07058824
v 0.08454647 0.02572300 0.02651072 0.56470588 0.92549020 0.07058824
v 0.07616836 0.02674615 0.01839323 0.56470588 0.92549020 0.07058824
v 0.07509923 0.02608290 0.01839323 0.56470588 0.92549020 0.07058824
v 0.07987727 0.02694667 0.02145514 0.56470588 0.92549020 0.07058824
v 0.07987727 0.02729629 0.01949769 0.56470588 0.92549020 0.07058824
v 0.08454647 0.02574871 0.02642623 0.56470588 0.92549020 0.07058824
v 0.07987727 0.02720374 0.01839323 0.56470588 0.92549020 0.07058824
v 0.07864381 0.02708549 0.01839323 0.56470588 0.92549020 0.07058824
v 0.07764510 0.02696210 0.01839323 0.56470588 0.92549020 0.07058824
v 0.06965751 -0.02089980 0.01839323 0.56470588 0.92549020 0.07058824
v 0.07058793 -0.02141395 0.01839323 0.56470588 0.92549020 0.07058824
v 0.07347738 -0.02274045 0.01839323 0.56470588 0.92549020 0.07058824
v 0.07531049 -0.02338827 0.01839323 0.56470588 0.92549020 0.07058824
v 0.07520166 -0.02394869 0.01949769 0.56470588 0.92549020 0.07058824
v 0.08454647 -0.02473534 0.01854612 0.56470588 0.92549020 0.07058824
v 0.08454647 0.02714719 0.01839323 0.56470588 0.92549020 0.07058824
v 0.08454647 -0.02481760 0.01961236 0.56470588 0.92549020 0.07058824
v 0.08454647 -0.02485359 0.02182732 0.56470588 0.92549020 0.07058824
v 0.08454647 -0.02479189 0.02355342 0.56470588 0.92549020 0.07058824
v 0.08454647 -0.02470449 0.02472226 0.56470588 0.92549020 0.07058824
v 0.08244235 0.02689012 0.02195607 0.56470588 0.92549020 0.07058824
v 0.08337277 0.02667932 0.02300823 0.56470588 0.92549020 0.07058824
v 0.08221400 0.02730143 0.01949769 0.56470588 0.92549020 0.07058824
v 0.08221400 0.02723974 0.01839323 0.56470588 0.92549020 0.07058824
v 0.08098055 0.02723460 0.01839323 0.56470588 0.92549020 0.07058824
v 0.08454647 0.02638111 0.02396181 0.56470588 0.92549020 0.07058824
v 0.08432668 0.02639654 0.02394169 0.56470588 0.92549020 0.07058824
v 0.08339625 0.02667932 0.02300823 0.56470588 0.92549020 0.07058824
v 0.08454647 0.02721917 0.01949769 0.56470588 0.92549020 0.07058824
v 0.08432668 0.02686955 0.02195406 0.56470588 0.92549020 0.07058824
v 0.08454647 0.02689526 0.02174282 0.56470588 0.92549020 0.07058824
v 0.08454647 0.02686955 0.02190980 0.56470588 0.92549020 0.07058824
f 1339 1340 1341
f 1339 1341 1342
f 1339 1342 1343
f 1339 1343 1344
f 1339 1344 1345
f 1339 1345 1346
f 1339 1346 1347
f 1339 1347 1348
f 1339 1348 1349
f 1339 1349 1350
f 1339 1350 1351
f 1339 1351 1352
f 1339 1352 1353
f 1339 1353 1340
f 1340 1353 1354
f 1340 1354 1372
f 1340 1372 1395
f 1340 1395 1394
f 1340 1394 1426
f 1340 1426 1460
f 1340 1460 1459
f 1340 1459 1479
f 1340 1479 1478
f 1340 1478 1485
f 1340 1485 1484
f 1340 1484 1483
f 1340 1483 1501
f 1340 1501 1500
f 1340 1500 1492
f 1340 1492 1472
f 1340 1472 1489
f 1340 1489 1488
f 1340 1488 1487
f 1340 1487 1486
f 1340 1486 1466
f 1340 1466 1465
f 1340 1465 1464
f 1340 1464 1461
f 1340 1461 1427
f 1340 1427 1396
f 1340 1396 1373
f 1340 1373 1355
f 1340 1355 1344
f 1340 1344 1343
f 1340 1343 1342
f 1340 1342 1341
f 1344 1355 1356
f 1344 1356 1346
f 1344 1346 1345
f 1346 1356 1357
f 1346 1357 1358
f 1346 1358 1359
f 1346 1359 1347
f 1347 1360 1348
f 1347 1359 1360
f 1348 1360 1361
f 1348 1361 1349
f 1349 1361 1362
f 1349 1362 1363
f 1349 1363 1364
f 1349 1364 1365
f 1349 1365 1350
f 1350 1365 1366
f 1350 1366 1367
f 1350 1367 1368
f 1350 1368 1369
f 1350 1369 1351
f 1351 1369 1370
f 1351 1370 1352
f 1352 1370 1371
f 1352 1371 1353
f 1353 1371 1354
f 1354 1371 1372
f 1355 1357 1356
f 1355 1373 1374
f 1355 1374 1375
f 1355 1375 1357
f 1357 1375 1376
f 1357 1376 1358
f 1358 1377 1378
f 1358 1378 1379
f 1358 1379 1359
f 1358 1376 1380
f 1358 1380 1381
f 1358 1381 1382
f 1358 1382 1377
f 1359 1379 1383
f 1359 1383 1384
f 1359 1384 1360
f 1360 1384 1361
f 1361 1384 1385
f 1361 1385 1363
f 1361 1363 1362
f 1363 1385 1364
f 1364 1386 1387
f 1364 1387 1388
f 1364 1388 1366
f 1364 1366 1365
f 1364 1385 1386
f 1366 1388 1389
f 1366 1389 1390
f 1366 1390 1391
f 1366 1391 1367
f 1367 1391 1392
f 1367 1392 1368
f 1368 1392 1369
f 1369 1392 1393
f 1369 1393 1370
f 1370 1394 1371
f 1370 1393 1394
f 1371 1394 1395
f 1371 1395 1372
f 1373 1396 1397
f 1373 1397 1374
f 1374 1397 1375
f 1375 1397 1398
f 1375 1398 1380
f 1375 1380 1376
f 1377 1399 1400
f 1377 1400 1378
f 1377 1382 1399
f 1378 1399 1401
f 1378 1401 1379
f 1378 1400 1399
f 1379 1401 1383
f 1380 1402 1381
f 1380 1398 1397
f 1380 1397 1403
f 1380 1403 1404
f 1380 1404 1402
f 1381 1402 1405
f 1381 1405 1382
f 1382 1405 1406
f 1382 1406 1407
f 1382 1407 1408
f 1382 1408 1409
f 1382 1409 1410
f 1382 1410 1399
f 1383 1401 1399
f 1383 1399 1410
f 1383 1410 1411
f 1383 1411 1412
f 1383 1412 1384
f 1384 1413 1414
f 1384 1414 1385
f 1384 1412 1413
f 1385 1414 1415
f 1385 1415 1416
f 1385 1416 1386
f 1386 1417 1387
f 1386 1416 1417
f 1387 1417 1418
f 1387 1418 1388
f 1388 1418 1419
f 1388 1419 1420
f 1388 1420 1389
f 1389 1420 1390
f 1390 1421 1391
f 1390 1420 1422
f 1390 1422 1421
f 1391 1421 1392
f 1392 1421 1423
f 1392 1423 1393
f 1393 1423 1424
f 1393 1424 1425
f 1393 1425 1394
f 1394 1425 1426
f 1396 1427 1428
f 1396 1428 1397
f 1397 1428 1429
f 1397 1429 1403
f 1402 1404 1430
f 1402 1430 1405
f 1403 1431 1432
f 1403 1432 1433
f 1403 1433 1434
f 1403 1434 1404
f 1403 1429 1431
f 1404 1434 1435
f 1404 1435 1430
f 1405 1430 1406
f 1406 1430 1436
f 1406 1436 1407
f 1407 1436 1437
f 1407 1437 1438
f 1407 1438 1408
f 1408 1438 1439
f 1408 1439 1409
f 1409 1439 1440
f 1409 1440 1410
f 1410 1440 1441
f 1410 1441 1411
f 1411 1441 1412
f 1412 1441 1442
f 1412 1442 1413
f 1413 1442 1441
f 1413 1441 1476
f 1413 1476 1438
f 1413 1438 1474
f 1413 1474 1496
f 1413 1496 1495
f 1413 1495 1494
f 1413 1494 1493
f 1413 1493 1491
f 1413 1491 1472
f 1413 1472 1492
f 1413 1492 1505
f 1413 1505 1507
f 1413 1507 1508
f 1413 1508 1502
f 1413 1502 1482
f 1413 1482 1477
f 1413 1477 1449
f 1413 1449 1448
f 1413 1448 1445
f 1413 1445 1444
f 1413 1444 1443
f 1413 1443 1414
f 1414 1443 1415
f 1415 1443 1444
f 1415 1444 1445
f 1415 1445 1446
f 1415 1446 1447
f 1415 1447 1416
f 1416 1447 1417
f 1417 1447 1446
f 1417 1446 1445
f 1417 1445 1448
f 1417 1448 1449
f 1417 1449 1418
f 1418 1450 1419
f 1418 1449 1451
f 1418 1451 1450
f 1419 1450 1420
f 1420 1450 1452
f 1420 1452 1422
f 1421 1422 1453
f 1421 1453 1423
f 1422 1454 1455
f 1422 1455 1456
f 1422 1456 1457
f 1422 1457 1453
f 1422 1452 1450
f 1422 1450 1454
f 1423 1453 1424
f 1424 1453 1458
f 1424 1458 1425
f 1425 1458 1453
f 1425 1453 1459
f 1425 1459 1460
f 1425 1460 1426
f 1427 1461 1428
f 1428 1462 1463
f 1428 1463 1429
f 1428 1461 1464
f 1428 1464 1465
f 1428 1465 1466
f 1428 1466 1462
f 1429 1463 1431
f 1430 1435 1467
f 1430 1467 1436
f 1431 1468 1432
f 1431 1463 1462
f 1431 1462 1469
f 1431 1469 1468
f 1432 1468 1433
f 1433 1470 1434
f 1433 1468 1471
f 1433 1471 1472
f 1433 1472 1470
f 1434 1470 1473
f 1434 1473 1467
f 1434 1467 1435
f 1436 1467 1437
f 1437 1474 1438
f 1437 1467 1475
f 1437 1475 1474
f 1438 1476 1439
f 1439 1476 1440
f 1440 1476 1441
f 1449 1477 1454
f 1449 1454 1451
f 1450 1451 1454
f 1453 1457 1478
f 1453 1478 1479
f 1453 1479 1459
f 1454 1477 1455
f 1455 1480 1481
f 1455 1481 1456
f 1455 1477 1482
f 1455 1482 1480
f 1456 1481 1483
f 1456 1483 1484
f 1456 1484 1485
f 1456 1485 1478
f 1456 1478 1457
f 1462 1466 1486
f 1462 1486 1487
f 1462 1487 1488
f 1462 1488 1469
f 1467 1473 1475
f 1468 1469 1489
f 1468 1489 1490
f 1468 1490 1471
f 1469 1488 1489
f 1470 1472 1491
f 1470 1491 1473
f 1471 1490 1472
f 1472 1490 1489
f 1473 1491 1493
f 1473 1493 1494
f 1473 1494 1495
f 1473 1495 1496
f 1473 1496 1475
f 1474 1475 1496
f 1480 1497 1481
f 1480 1482 1498
f 1480 1498 1497
f 1481 1499 1500
f 1481 1500 1501
f 1481 1501 1483
f 1481 1497 1499
f 1482 1502 1503
f 1482 1503 1504
f 1482 1504 1498
f 1492 1500 1505
f 1497 1498 1504
f 1497 1504 1506
f 1497 1506 1499
f 1499 1505 1500
f 1499 1506 1507
f 1499 1507 1505
f 1502 1508 1504
f 1502 1504 1503
f 1504 1508 1506
f 1506 1508 1507

