# https://github.com/mikedh/trimesh
mtllib material.mtl

o geometry_0
usemtl material_0
v 0.17337095 0.01654631 0.00098892
v 0.14328889 0.01644638 0.00110127
v 0.17415383 0.01652819 -0.00144538
v 0.14237243 0.01645387 -0.00146941
v 0.17941453 0.01637216 0.00075248
v 0.17989955 0.01631699 -0.00146825
v 0.13780256 0.01610772 -0.00178049
v 0.13716621 0.01620588 0.00148452
v 0.17937020 0.01668434 0.00142030
v 0.13819435 0.01655810 0.00166307
v 0.16308615 0.01662641 -0.00190125
v 0.17993318 0.01659522 -0.00193519
v 0.14141042 0.01660610 -0.00194843
v 0.13629257 0.01593153 -0.00205106
v 0.13671252 0.01546031 -0.00137453
v 0.18101570 0.01565300 -0.00197379
v 0.18007084 0.01565067 0.00096165
v 0.14247780 -0.01728846 0.00127004
v 0.17832871 -0.01735405 0.00100109
v 0.16745600 -0.01724681 -0.00090377
v 0.14280646 -0.01721575 -0.00017915
v 0.18016485 -0.01727724 -0.00024725
v 0.18491503 -0.01726094 -0.00185432
v 0.13751714 -0.01712173 0.00151989
v 0.18509024 -0.01705675 0.00068480
v 0.14320531 -0.01733480 -0.00177418
v 0.16709674 -0.01740457 -0.00194265
v 0.13758686 -0.01685699 -0.00013835
v 0.13750880 -0.01696997 -0.00190168
v 0.14444061 -0.01751694 0.00160265
v 0.14497628 -0.01755441 -0.00197688
v 0.18294315 -0.01760811 0.00147200
v 0.18650475 -0.01711973 0.00143956
v 0.13668886 -0.01642728 0.00094215
v 0.13633609 -0.01643032 -0.00187037
v 0.13614805 -0.01665860 0.00177536
v 0.18630348 -0.01637931 -0.00125259
v 0.18626641 -0.01649158 0.00100000
v 0.18669364 -0.01667352 -0.00197653
v 0.01465532 0.01005856 0.00197464
v 0.01603849 0.01022469 0.00130747
v -0.01209182 0.01039575 0.00214218
v -0.01088239 0.01062208 0.00076246
v 0.01516149 0.01037742 0.00011681
v 0.02629126 0.01011433 0.00031581
v -0.02594289 0.01077724 0.00200241
v -0.02459706 0.01091674 0.00091207
v -0.04666139 0.01112001 0.00193027
v 0.03711702 0.00947410 0.00160599
v 0.05346987 0.00913115 0.00098408
v 0.04426517 0.00956254 0.00024011
v 0.05375542 0.00920832 0.00016736
v 0.06665710 0.00883289 0.00010202
v 0.06669787 0.00860936 0.00144267
v 0.07523516 0.00885749 0.00031091
v 0.07475250 0.00847468 0.00168153
v 0.03187315 0.00934408 0.00220608
v 0.08178364 0.00940446 0.00043394
v 0.05007369 0.00872607 0.00232439
v 0.05731200 0.00857863 0.00195054
v 0.08154580 0.00868127 0.00212223
v -0.03565758 0.01057120 0.00274524
v -0.04956518 0.01113693 0.00247720
v -0.06832568 0.01246802 0.00103886
v -0.06334991 0.01197752 0.00228541
v -0.07976473 0.01294488 0.00206502
v -0.05380801 0.01112557 0.00298008
v -0.06664563 0.01187109 0.00285621
v -0.08061208 0.01245896 0.00299302
v -0.08556340 0.01293714 0.00147690
v -0.08193197 0.01310686 0.00019336
v -0.08534311 0.01218750 0.00289901
v -0.01404287 0.01006910 0.00268943
v 0.01441125 0.00961449 0.00265778
v -0.02501341 0.01011868 0.00301155
v -0.05077339 0.01053489 0.00330135
v 0.06245536 0.00779135 0.00245476
v 0.07880513 0.00790103 0.00245614
v 0.08593809 0.00990857 0.00119150
v 0.08658148 0.01028277 0.00027976
v 0.03662714 0.00871031 0.00255047
v 0.08574850 0.00911339 0.00223585
v -0.08775147 0.01225409 0.00184872
v 0.09043798 0.01083800 0.00153342
v -0.08559011 0.01293652 -0.00074532
v -0.06050778 0.01195879 -0.00014230
v -0.04273111 0.01104603 -0.00011598
v -0.05106146 0.01133164 0.00010204
v -0.07503317 0.01265839 -0.00102153
v 0.03069827 0.00989765 -0.00058334
v -0.02437736 0.01068708 -0.00089467
v -0.00126960 0.01030631 -0.00083635
v 0.01644536 0.01021839 -0.00054924
v -0.03971050 0.01076604 -0.00137685
v 0.04887729 0.00923263 -0.00087130
v 0.05322689 0.00906143 -0.00067935
v -0.05173788 0.01097716 -0.00207871
v -0.06337364 0.01177698 -0.00187648
v -0.08194288 0.01268576 -0.00199028
v 0.07012073 0.00853286 -0.00071083
v -0.08503672 0.01258123 -0.00206321
v 0.02071233 0.00987955 -0.00133121
v 0.07544041 0.00842347 -0.00103646
v 0.05871110 0.00834949 -0.00140872
v 0.08155972 0.00900703 -0.00095288
v -0.07002395 0.01180007 -0.00268332
v -0.05568996 0.01103189 -0.00265519
v -0.03423531 0.01013336 -0.00259973
v -0.01675020 0.01017054 -0.00183804
v -0.08971185 0.01169093 -0.00078510
v 0.03897508 0.00912912 -0.00159033
v -0.08746653 0.01190550 -0.00249499
v -0.00042454 0.00934144 -0.00250903
v -0.06554099 0.01107985 -0.00326924
v -0.05136382 0.01020511 -0.00329844
v -0.08002928 0.01185312 -0.00319085
v -0.09000534 0.01141448 0.00150956
v 0.02580344 0.00915687 -0.00219539
v 0.01419033 0.00925942 -0.00235992
v -0.08969656 0.01093355 -0.00264124
v -0.08555792 0.01161516 -0.00324712
v -0.01837544 0.00904877 -0.00316738
v 0.04571576 0.00807730 -0.00233798
v 0.05966530 0.00791542 -0.00177654
v 0.03060104 0.00836082 -0.00264740
v 0.07702736 0.00712955 -0.00186256
v -0.03669233 0.00933627 -0.00337664
v -0.09181368 0.01018670 0.00152277
v -0.09210738 0.01000687 -0.00080259
v -0.09211266 0.00939638 -0.00223388
v 0.20495718 -0.00194192 0.00045318
v 0.20490872 -0.02452061 -0.00061185
v 0.20490425 0.02465253 -0.00061196
v 0.20485598 -0.00006222 -0.00134225
v 0.20489272 -0.02666791 0.00030859
v 0.20488106 0.02365959 0.00033346
v 0.20477647 -0.02677241 -0.00129224
v 0.20468688 0.02380267 -0.00154319
v 0.20439758 0.02700826 0.00068672
v 0.20434828 0.02700901 -0.00137607
v 0.20399933 0.02790444 0.00003058
v 0.20395817 -0.02881661 0.00054931
v 0.20389687 -0.02886320 -0.00135196
v 0.20451952 -0.02686694 0.00093213
v 0.20453293 -0.00353442 0.00112578
v 0.20447279 0.02344219 0.00097362
v 0.20450208 0.00346506 -0.00170896
v 0.20447287 -0.02513559 -0.00167846
v 0.00787891 -0.00844101 0.00278861
v -0.00017430 -0.00904681 0.00267324
v 0.00334835 -0.00919705 0.00191117
v 0.02197534 -0.00825844 0.00196511
v 0.02312597 -0.00754361 0.00289606
v 0.03596310 -0.00757126 0.00244897
v 0.03597385 -0.00787725 0.00187294
v 0.05878900 -0.00756446 0.00210303
v 0.00064627 -0.00856089 0.00306861
v -0.01080110 -0.00981295 0.00168348
v -0.01762716 -0.00951225 0.00285229
v -0.02429369 -0.01045139 0.00153163
v -0.03000491 -0.01035266 0.00231124
v -0.03595609 -0.00980678 0.00312560
v 0.02452953 -0.00839804 0.00112564
v 0.00009956 -0.00950786 0.00107840
v 0.03544047 -0.00805362 0.00114069
v 0.05791689 -0.00797531 0.00053373
v 0.06411763 -0.00809034 0.00099443
v 0.06921378 -0.00813666 0.00177798
v 0.07390680 -0.00865811 0.00111630
v 0.07457227 -0.00837741 0.00215633
v -0.02880643 -0.01074388 0.00039254
v -0.04419531 -0.01094994 0.00228054
v -0.04149670 -0.01048987 0.00287308
v -0.05819139 -0.01057623 0.00321827
v 0.07514492 -0.00763898 0.00281191
v -0.04483384 -0.01126729 0.00064025
v -0.05467056 -0.01129973 0.00169154
v -0.06551179 -0.01123685 0.00262028
v -0.06320956 -0.01157168 0.00153227
v -0.08051821 -0.01151398 0.00236170
v -0.08140013 -0.01182747 0.00075723
v -0.08613142 -0.01129727 0.00159893
v 0.07992674 -0.00936700 0.00143260
v 0.08037034 -0.00905328 0.00220749
v -0.08613330 -0.01060584 0.00287936
v -0.08596097 -0.01146391 0.00026961
v 0.08663565 -0.01077862 0.00134782
v 0.08713321 -0.01035368 0.00222311
v -0.07792688 -0.01074661 0.00329727
v -0.08913480 -0.01022918 0.00196740
v -0.08944286 -0.01042623 0.00068207
v -0.06766846 -0.01018021 0.00370367
v -0.08035760 -0.01021582 0.00362898
v -0.01812247 -0.00823164 0.00355689
v 0.03102198 -0.00683414 0.00310839
v 0.05712518 -0.00660533 0.00294374
v 0.06746698 -0.00684792 0.00295808
v -0.05254665 -0.00978813 0.00363690
v -0.09061809 -0.00861635 0.00291750
v -0.04540334 -0.00935611 0.00374084
v -0.09150755 -0.00909260 0.00142281
v -0.09218358 -0.00854176 -0.00083695
v -0.08930107 -0.01021148 -0.00155151
v -0.09090123 -0.00859454 -0.00250571
v 0.17529619 0.00396350 0.00046221
v 0.15123317 0.00383418 0.00053186
v 0.16579429 0.00384019 -0.00060268
v 0.14313269 0.00383967 0.00012038
v 0.14430250 0.00384305 -0.00141572
v 0.13726897 0.00365615 -0.00131950
v 0.13754763 0.00367489 0.00020217
v 0.18067584 0.00384154 -0.00039176
v 0.16939907 0.00392465 -0.00139622
v 0.18158145 0.00388405 -0.00177365
v 0.15823794 0.00399296 -0.00179924
v 0.18253864 0.00364933 0.00102482
v 0.13704371 0.00393232 -0.00191637
v 0.18068820 0.00413191 0.00111570
v 0.16615773 0.00421166 0.00124126
v 0.15127791 0.00411985 0.00136867
v 0.14369226 0.00431947 0.00146718
v 0.13727227 0.00396685 0.00158398
v 0.18295308 0.00459890 0.00146342
v 0.15975222 0.00967244 0.00009964
v 0.17419052 0.00943676 -0.00141623
v 0.14346489 0.00945081 -0.00140436
v 0.14317128 0.00953387 -0.00050809
v 0.17119311 0.00955602 -0.00008968
v 0.17820261 0.00964918 0.00004330
v 0.13855163 0.00974850 -0.00125966
v 0.13691140 0.00992145 0.00116688
v 0.18018095 0.00972698 -0.00175497
v 0.14271280 0.00944861 0.00079420
v 0.17296697 0.00925539 -0.00179626
v 0.13655476 0.00962579 -0.00188086
v 0.14582453 0.00929422 -0.00176829
v 0.17957414 0.00990973 0.00003327
v 0.16499320 0.00925283 0.00138185
v 0.14803533 0.00930289 0.00121690
v 0.17520402 0.00924618 0.00118119
v 0.17958275 0.00941400 0.00127045
v 0.13684717 0.01012273 -0.00133627
v 0.14286421 0.00897493 0.00147682
v 0.13649289 0.00962144 0.00168414
v 0.18054053 0.00894574 0.00144891
v 0.18004046 0.01057158 0.00087032
v 0.13714015 -0.00157886 0.00148396
v 0.13705753 -0.00345711 -0.00174130
v 0.13726897 0.00365615 -0.00131950
v 0.13727227 0.00396685 0.00158398
v 0.13745106 -0.00462253 0.00040850
v 0.13741859 -0.00488799 0.00159526
v 0.13704371 0.00393232 -0.00191637
v 0.13756631 -0.00464725 -0.00112937
v 0.13723209 -0.00487791 -0.00192887
v 0.16509920 -0.01065800 0.00017803
v 0.14419281 -0.01059773 0.00001532
v 0.17366356 -0.01062862 -0.00138140
v 0.14262258 -0.01051027 -0.00140044
v 0.17619189 -0.01074842 0.00015872
v 0.13835843 -0.01071479 -0.00113680
v 0.13701299 -0.01081828 0.00101396
v 0.18355689 -0.01122682 -0.00124645
v 0.18406008 -0.01105094 0.00083935
v 0.14288758 -0.01034179 0.00125597
v 0.15553097 -0.01034471 0.00140140
v 0.17522076 -0.01044037 0.00103146
v 0.13693358 -0.01103076 -0.00136906
v 0.13818975 -0.01052979 0.00140523
v 0.13642949 -0.01101373 0.00167959
v 0.17430571 -0.01044209 -0.00178831
v 0.13830685 -0.01036304 -0.00180973
v 0.18347900 -0.01101726 -0.00181031
v 0.13636862 -0.01093323 -0.00200823
v 0.17460846 -0.01012767 0.00142362
v 0.18578888 -0.01092888 0.00145341
v 0.18545473 -0.01188304 -0.00172650
v 0.18571665 -0.01205005 0.00022060
v 0.15387149 -0.00480518 0.00047435
v 0.17373590 -0.00490543 -0.00055110
v 0.15483172 -0.00475930 -0.00128768
v 0.17964072 -0.00503789 0.00039693
v 0.17769872 -0.00499152 -0.00138064
v 0.14215934 -0.00493396 0.00039566
v 0.14139642 -0.00490007 -0.00125207
v 0.18220565 -0.00488197 -0.00021293
v 0.13745106 -0.00462253 0.00040850
v 0.13756631 -0.00464725 -0.00112937
v 0.18156067 -0.00509619 -0.00184958
v 0.15936053 -0.00502680 -0.00188359
v 0.15262297 -0.00500136 0.00121208
v 0.16901322 -0.00522270 0.00131861
v 0.18172831 -0.00529485 0.00115416
v 0.14124620 -0.00529372 0.00145466
v 0.13741859 -0.00488799 0.00159526
v 0.13723209 -0.00487791 -0.00192887
v 0.14317330 -0.00518034 -0.00190833
v 0.18320326 -0.00459915 -0.00178068
v 0.18313423 -0.00474558 0.00096047
v 0.15204078 -0.00528626 0.00150874
v -0.07164165 -0.00578662 -0.00013904
v -0.07057207 -0.00501927 -0.00027523
v -0.07062396 -0.00527347 -0.00180098
v -0.06841017 -0.00343239 0.00339984
v -0.07033191 -0.00460830 0.00360902
v -0.06771464 -0.00306808 -0.00312041
v -0.07112388 -0.00544576 -0.00292514
v -0.06743600 -0.00250844 0.00095322
v -0.06768278 -0.00321330 0.00384687
v -0.06906502 -0.00465922 -0.00398869
v -0.06679710 -0.00233658 -0.00399582
v -0.07274247 -0.00615234 -0.00393644
v -0.06700283 -0.00106501 0.00372281
v -0.07171576 -0.00748536 -0.00099014
v -0.06655845 -0.00071078 -0.00292977
v -0.07192630 -0.00778515 -0.00206874
v -0.07356440 -0.00848052 -0.00105319
v -0.07415878 -0.00875756 -0.00219731
v -0.06668150 -0.00012549 0.00172611
v -0.07247777 -0.00782494 -0.00291484
v -0.07293575 -0.00734314 0.00008910
v -0.07317918 -0.00552972 0.00100135
v -0.07215897 -0.00522622 0.00376869
v -0.06671312 0.00069397 -0.00364237
v -0.06696692 0.00017535 0.00324914
v -0.06745821 0.00160967 0.00312184
v -0.06754243 0.00222355 0.00378862
v 0.03568368 -0.00782845 -0.00061107
v 0.03334361 -0.00741833 -0.00139203
v 0.04298807 -0.00730208 -0.00134348
v 0.02451640 -0.00791794 -0.00125574
v 0.06194575 -0.00773691 -0.00058303
v 0.05885453 -0.00728325 -0.00122412
v 0.07115059 -0.00744652 -0.00156847
v 0.02204357 -0.00723690 -0.00220661
v 0.03553265 -0.00806522 0.00026405
v 0.02683694 -0.00830594 0.00017480
v 0.01768936 -0.00846052 -0.00058189
v 0.01244574 -0.00811442 -0.00173272
v 0.00586105 -0.00920488 0.00018208
v 0.00523348 -0.00894092 -0.00097433
v 0.00075193 -0.00817642 -0.00244100
v -0.00755734 -0.00981980 -0.00018520
v -0.00556056 -0.00916851 -0.00170945
v -0.01724788 -0.01011931 -0.00053670
v -0.02285485 -0.00993634 -0.00186730
v -0.02883108 -0.01060096 -0.00076610
v -0.03379206 -0.01002871 -0.00243308
v -0.04368479 -0.01067358 -0.00218235
v -0.04506531 -0.01110953 -0.00112128
v -0.06117894 -0.01100397 -0.00236532
v -0.06123845 -0.01128738 -0.00169676
v -0.07468460 -0.01163220 -0.00088173
v -0.08166486 -0.01108033 -0.00256020
v -0.08201384 -0.01161012 -0.00114408
v -0.06336840 -0.01164260 -0.00018698
v -0.05160167 -0.01137313 -0.00009729
v 0.05791689 -0.00797531 0.00053373
v 0.06855962 -0.00828566 0.00019370
v -0.08607480 -0.01099999 -0.00186842
v 0.07094833 -0.00811939 -0.00090989
v 0.07837898 -0.00874058 -0.00098139
v 0.07852592 -0.00916028 -0.00018316
v -0.02880643 -0.01074388 0.00039254
v -0.01709063 -0.01022026 0.00041302
v -0.04483384 -0.01126729 0.00064025
v -0.08140013 -0.01182747 0.00075723
v -0.08596097 -0.01146391 0.00026961
v 0.00009956 -0.00950786 0.00107840
v 0.02452953 -0.00839804 0.00112564
v 0.03544047 -0.00805362 0.00114069
v -0.06320956 -0.01157168 0.00153227
v -0.05467056 -0.01129973 0.00169154
v -0.02429369 -0.01045139 0.00153163
v -0.01080110 -0.00981295 0.00168348
v 0.06411763 -0.00809034 0.00099443
v 0.07390680 -0.00865811 0.00111630
v 0.07992674 -0.00936700 0.00143260
v 0.08545595 -0.01056786 0.00014532
v 0.08379929 -0.00988080 -0.00084744
v -0.04563199 -0.01007495 -0.00309520
v -0.08930107 -0.01021148 -0.00155151
v -0.01546720 -0.00911674 -0.00243928
v -0.05995732 -0.01029724 -0.00323464
v 0.01206818 -0.00735679 -0.00244273
v -0.08621868 -0.01006449 -0.00308445
v -0.02459363 -0.00893663 -0.00306063
v 0.08328549 -0.00871464 -0.00161799
v -0.08944286 -0.01042623 0.00068207
v -0.03715252 -0.00931352 -0.00322267
v -0.08168076 -0.01017239 -0.00336488
v 0.05909639 -0.00661419 -0.00175074
v -0.09090123 -0.00859454 -0.00250571
v 0.04063437 -0.00606120 -0.00221316
v 0.02763086 -0.00637144 -0.00257195
v 0.09071559 -0.01111428 -0.00156270
v 0.08955266 -0.01152080 -0.00084919
v 0.09434714 -0.01327026 -0.00095987
v 0.09891711 -0.01458101 -0.00156625
v 0.09896928 -0.01518137 -0.00092147
v 0.10408222 -0.01702971 -0.00153567
v -0.01440123 -0.00784234 -0.00319956
v -0.08989938 -0.00811327 -0.00328051
v -0.09256078 -0.00675609 -0.00255290
v 0.14258861 0.02969999 -0.00106162
v 0.15036573 0.02975153 -0.00138603
v 0.13855552 0.02912497 -0.00165906
v 0.15184559 0.02941599 -0.00170495
v 0.20010112 0.02959537 -0.00128803
v 0.19967556 0.02910333 -0.00175765
v 0.20257237 0.02861569 -0.00156729
v 0.14113811 0.02870667 -0.00191165
v 0.19187618 0.02864835 -0.00190678
v 0.16410638 0.02870754 -0.00192174
v 0.13155203 0.02808966 -0.00166384
v 0.13240920 0.02730217 -0.00192975
v 0.12489145 0.02644809 -0.00149768
v 0.20180520 0.02742015 -0.00197480
v 0.12510834 0.02538831 -0.00190736
v 0.11967679 0.02419179 -0.00167279
v 0.20359784 0.02554676 -0.00185034
v 0.20434828 0.02700901 -0.00137607
v 0.09041772 0.00452498 -0.00227625
v 0.07850352 -0.00189029 -0.00239337
v 0.07819021 0.00397956 -0.00236753
v 0.08910132 0.00091602 -0.00233510
v 0.09323699 -0.00717130 -0.00216443
v 0.09653458 -0.00172465 -0.00221885
v 0.09900552 0.00849627 -0.00213803
v 0.09236849 0.00792266 -0.00217996
v 0.11611532 0.00084663 -0.00212897
v 0.11128453 -0.01323932 -0.00211452
v 0.10350001 -0.01164780 -0.00213571
v 0.12572707 -0.00921351 -0.00211668
v 0.11792397 -0.01992381 -0.00205343
v 0.13512681 -0.01697394 -0.00213808
v 0.13565029 -0.00717909 -0.00215505
v 0.13275949 0.01205483 -0.00209567
v 0.13521316 -0.00272926 -0.00210047
v 0.13596014 0.01726573 -0.00214855
v 0.12419321 0.01886301 -0.00210007
v 0.10508105 0.01282051 -0.00207513
v 0.13641596 0.00479052 -0.00214032
v 0.13607394 0.00868414 -0.00207867
v 0.11352069 0.01731328 -0.00203652
v 0.14390343 0.00482388 -0.00212256
v 0.14323633 0.00768578 -0.00216469
v 0.12566287 0.02383016 -0.00206868
v 0.14431101 0.01917548 -0.00219348
v 0.11837734 0.02067064 -0.00202917
v 0.13604188 -0.01835444 -0.00218810
v 0.12712750 -0.02392895 -0.00207791
v 0.14177602 -0.02684002 -0.00217981
v 0.15756112 0.00638276 -0.00214069
v 0.06754521 -0.00151413 -0.00267491
v 0.06811978 0.00372732 -0.00264148
v 0.10555731 -0.01611874 -0.00194716
v 0.15828650 0.00794839 -0.00210155
v 0.17896462 0.00784504 -0.00210207
v 0.17421643 0.00583049 -0.00214828
v 0.18384972 0.00488042 -0.00201647
v 0.18222502 0.00866716 -0.00204893
v 0.19373692 -0.00035461 -0.00200276
v 0.18527996 -0.00323475 -0.00197586
v 0.20152242 -0.00169364 -0.00194603
v 0.19929922 0.02151781 -0.00200148
v 0.18337291 0.01703130 -0.00203537
v 0.19419844 -0.01706985 -0.00203537
v 0.18757615 -0.01046920 -0.00203979
v 0.20218584 -0.02348344 -0.00197090
v 0.18669364 -0.01667352 -0.00197653
v 0.18396150 -0.00574059 -0.00204165
v 0.18076866 -0.00887250 -0.00215322
v 0.15139619 -0.01942731 -0.00214545
v 0.15286527 -0.02790952 -0.00208507
v 0.20149405 -0.02895197 -0.00193528
v 0.18668595 -0.02836285 -0.00204700
v 0.18338571 -0.01834656 -0.00209523
v 0.16660426 -0.02849624 -0.00207999
v 0.16642977 -0.01823717 -0.00212536
v 0.17384378 0.01739653 -0.00212990
v 0.18317250 0.02746187 -0.00199152
v 0.16819509 0.02757929 -0.00201396
v 0.16590781 0.01736954 -0.00210090
v 0.14381043 0.02739586 -0.00206769
v 0.14403566 0.01712592 -0.00213667
v 0.05508232 0.00400432 -0.00282550
v 0.05520939 -0.00077985 -0.00282771
v 0.03358211 -0.00063982 -0.00324559
v 0.03905694 0.00403112 -0.00322187
v 0.02300397 0.00470766 -0.00343736
v 0.01230057 -0.00183042 -0.00353993
v 0.16551501 -0.00589705 -0.00209978
v 0.16838995 -0.00885212 -0.00213676
v 0.15405549 -0.00884232 -0.00213608
v 0.15067348 -0.00586925 -0.00210208
v 0.14203641 -0.00698566 -0.00218796
v 0.00962833 0.00389255 -0.00370633
v -0.00966362 -0.00168324 -0.00389795
v -0.00868170 0.00371590 -0.00399839
v -0.02390500 0.00345087 -0.00415177
v -0.02891729 -0.00032399 -0.00417893
v -0.04637617 0.00498710 -0.00432308
v -0.04483218 -0.00099918 -0.00435171
v -0.06125421 0.00023920 -0.00427390
v -0.06485084 -0.00509703 -0.00426435
v -0.06330903 0.00812972 -0.00426195
v -0.06582331 0.00401691 -0.00427152
v -0.04602158 -0.00491492 -0.00425208
v -0.06319425 -0.00758674 -0.00417358
v -0.02740877 -0.00473088 -0.00399785
v -0.00486087 -0.00433826 -0.00367717
v -0.07385041 0.00810945 -0.00413274
v -0.07551606 0.00608989 -0.00409893
v -0.08490770 0.00787612 -0.00411921
v -0.08196234 0.00456215 -0.00406710
v -0.08673942 0.00142191 -0.00408010
v -0.02530355 0.00659324 -0.00404042
v -0.03522077 0.00728713 -0.00403281
v -0.04606784 0.00762668 -0.00418016
v 0.13717828 -0.00961864 -0.00207576
v -0.08293882 -0.00012415 -0.00391869
v 0.19466238 -0.02976269 -0.00193925
v 0.18101570 0.01565300 -0.00197379
v 0.17993318 0.01659522 -0.00193519
v 0.15167309 -0.02965214 -0.00200404
v 0.16482998 -0.02973286 -0.00199580
v 0.20354666 -0.02617777 -0.00186942
v 0.05042092 -0.00362922 -0.00273161
v 0.13636862 -0.01093323 -0.00200823
v -0.08963039 0.00622892 -0.00396566
v -0.09051604 -0.00110396 -0.00400563
v -0.08636520 -0.00561645 -0.00406268
v -0.08283792 -0.00537153 -0.00405423
v 0.14982650 0.00478654 -0.00209357
v 0.16555444 0.00476765 -0.00207062
v 0.08774469 0.00762671 -0.00209306
v 0.08241217 0.00569723 -0.00215410
v -0.06563136 -0.00007587 -0.00412904
v -0.07222659 -0.00811536 -0.00401381
v -0.00234653 0.00639151 -0.00373883
v 0.09923105 0.01214379 -0.00197128
v 0.09516372 0.01075816 -0.00193005
v 0.09814365 -0.01181142 -0.00202261
v 0.08995959 -0.00902460 -0.00198634
v 0.08277950 -0.00566928 -0.00216387
v 0.06582010 -0.00454376 -0.00240816
v 0.02931349 -0.00389863 -0.00311897
v 0.13620882 0.01253202 -0.00190824
v 0.13602194 -0.02795631 -0.00201513
v 0.14302671 -0.02923467 -0.00198267
v -0.07274247 -0.00615234 -0.00393644
v -0.07876454 -0.00579238 -0.00396585
v -0.08534966 -0.00849360 -0.00384379
v 0.03674269 0.00654065 -0.00307996
v 0.04954317 0.00593011 -0.00281106
v 0.02704335 0.00704668 -0.00317280
v 0.13629257 0.01593153 -0.00205106
v 0.14141042 0.01660610 -0.00194843
v 0.10580810 0.01622716 -0.00187584
v 0.11021817 0.01879000 -0.00182713
v -0.08173318 -0.00328046 -0.00386813
v -0.04484871 -0.00751799 -0.00403426
v -0.01408360 0.00731255 -0.00375524
v 0.02122357 -0.00471551 -0.00311727
v 0.03389641 -0.00457841 -0.00290382
v 0.18373770 -0.01027398 -0.00203172
v 0.18650292 -0.01308707 -0.00180039
v -0.09020055 -0.00571369 -0.00383275
v -0.02667665 -0.00740040 -0.00372162
v -0.01719579 -0.00653450 -0.00364583
v -0.00131065 -0.00558621 -0.00346112
v 0.11679519 -0.02188016 -0.00185081
v 0.12472625 -0.02493381 -0.00189843
v 0.11031032 -0.01900598 -0.00184800
v 0.18078300 0.00914520 -0.00194017
v 0.13723209 -0.00487791 -0.00192887
v 0.13704371 0.00393232 -0.00191637
v 0.15816927 -0.00995999 -0.00199194
v 0.05995374 0.00657693 -0.00238059
v 0.18252244 0.00408971 -0.00191511
v 0.18354277 0.00091257 -0.00180335
v 0.07702736 0.00712955 -0.00186256
v -0.09240823 0.00254448 -0.00378546
v -0.08438446 0.01016734 -0.00385692
v 0.06788222 0.00565565 -0.00242057
v -0.08958673 0.00847260 -0.00378350
v 0.18367084 -0.00297182 -0.00184028
v 0.11635977 0.02201388 -0.00180043
v -0.06906502 -0.00465922 -0.00398869
v -0.06679710 -0.00233658 -0.00399582
v 0.15339526 0.00888253 -0.00194609
v -0.06686162 0.01007212 -0.00386646
v 0.09573518 -0.01212394 -0.00185426
v 0.08027382 -0.00748952 -0.00182449
v 0.13750880 -0.01696997 -0.00190168
v -0.06577718 -0.00917983 -0.00388993
v -0.03185147 0.00822667 -0.00383714
v -0.04870488 0.00901562 -0.00392158
v -0.07759288 0.00460269 -0.00391906
v -0.08000962 0.00374619 -0.00386760
v -0.07180033 0.00454981 -0.00398001
v -0.08199375 0.00203390 -0.00384625
v 0.04520577 -0.00513745 -0.00251671
v 0.20450208 0.00346506 -0.00170896
v 0.09056645 0.00989569 -0.00174434
v 0.07120168 -0.00623018 -0.00202733
v -0.04369058 -0.00863348 -0.00380849
v -0.09227692 -0.00400242 -0.00360298
v 0.14497628 -0.01755441 -0.00197688
v 0.13104440 -0.02708779 -0.00187382
v 0.13830685 -0.01036304 -0.00180973
v -0.06677946 0.00185000 -0.00401999
v -0.06960029 0.00355415 -0.00386430
v 0.00582424 -0.00654496 -0.00308169
v 0.16709674 -0.01740457 -0.00194265
v 0.18491503 -0.01726094 -0.00185432
v 0.08026296 0.00781086 -0.00167206
v 0.09880014 0.01353190 -0.00164593
v 0.20447287 -0.02513559 -0.00167846
v 0.00084013 0.00810807 -0.00326209
v 0.01948238 0.00789567 -0.00305913
v 0.15936053 -0.00502680 -0.00188359
v 0.18156067 -0.00509619 -0.00184958
v 0.18320326 -0.00459915 -0.00178068
v 0.01997344 -0.00589029 -0.00284270
v 0.16308615 0.01662641 -0.00190125
v 0.14317330 -0.00518034 -0.00190833
v 0.15823794 0.00399296 -0.00179924
v 0.13633609 -0.01643032 -0.00187037
v 0.13620580 -0.01345116 -0.00179954
v 0.10615395 0.01774382 -0.00154914
v 0.11041676 0.02014000 -0.00151652
v -0.09232891 0.00751129 -0.00327633
v 0.04571576 0.00807730 -0.00233798
v 0.03060104 0.00836082 -0.00264740
v 0.11397680 0.02185774 -0.00152119
v 0.14835507 -0.03036253 -0.00171255
v 0.20389687 -0.02886320 -0.00135196
v 0.20219915 -0.02999071 -0.00156078
v 0.19993614 -0.03056375 -0.00159379
v 0.20468688 0.02380267 -0.00154319
v -0.08555792 0.01161516 -0.00324712
v -0.08979011 0.01007039 -0.00322756
v -0.01837544 0.00904877 -0.00316738
v -0.09395874 0.00152304 -0.00328631
v 0.16579602 -0.03042180 -0.00173953
v 0.18275595 -0.03041743 -0.00167819
v -0.08002928 0.01185312 -0.00319085
v 0.11051458 -0.01998596 -0.00154417
v 0.13655476 0.00962579 -0.00188086
v 0.14582453 0.00929422 -0.00176829
v 0.11935674 -0.02386860 -0.00148995
v 0.17296697 0.00925539 -0.00179626
v 0.18018095 0.00972698 -0.00175497
v 0.17430571 -0.01044209 -0.00178831
v 0.13925443 -0.02950637 -0.00159177
v 0.13359342 -0.02858424 -0.00149172
v 0.05966530 0.00791542 -0.00177654
v 0.12589223 -0.02624147 -0.00151058
v -0.06671312 0.00069397 -0.00364237
v 0.18019827 0.01074981 -0.00128872
v -0.03669233 0.00933627 -0.00337664
v 0.20477647 -0.02677241 -0.00129224
v -0.06554099 0.01107985 -0.00326924
v -0.05136382 0.01020511 -0.00329844
v 0.07544041 0.00842347 -0.00103646
v 0.01419033 0.00925942 -0.00235992
v 0.02580344 0.00915687 -0.00219539
v -0.00042454 0.00934144 -0.00250903
v 0.08155972 0.00900703 -0.00095288
v 0.18158145 0.00388405 -0.00177365
v -0.09389648 -0.00370393 -0.00274482
v 0.18277685 0.00303617 -0.00114946
v -0.08969656 0.01093355 -0.00264124
v -0.06787174 0.00227400 -0.00346558
v -0.09211266 0.00939638 -0.00223388
v -0.07525803 0.00453276 0.00354465
v -0.07659820 0.00453094 0.00152612
v -0.07303850 0.00430538 -0.00332873
v -0.07645225 0.00447408 -0.00319531
v -0.07235668 0.00419403 0.00324319
v -0.06990970 0.00395144 0.00383375
v -0.07791793 0.00434476 0.00338496
v -0.07024457 0.00354823 -0.00295821
v -0.07036459 0.00362223 0.00328958
v -0.06960029 0.00355415 -0.00386430
v -0.07180033 0.00454981 -0.00398001
v -0.07759288 0.00460269 -0.00391906
v -0.07902109 0.00385347 -0.00292711
v -0.07983324 0.00371772 0.00372979
v -0.07673383 0.00485115 0.00380455
v -0.08000962 0.00374619 -0.00386760
v -0.06854992 0.00261091 0.00276536
v -0.06754243 0.00222355 0.00378862
v -0.06787174 0.00227400 -0.00346558
v -0.06677946 0.00185000 -0.00401999
v -0.06745821 0.00160967 0.00312184
v -0.07087762 0.00497180 0.00407332
v -0.06671312 0.00069397 -0.00364237
v -0.09493554 -0.00076029 0.00151737
v -0.09494914 0.00394210 0.00075044
v -0.09514258 -0.00031211 -0.00020180
v -0.09485962 -0.00348053 0.00036471
v -0.09479489 0.00484709 -0.00111753
v -0.09490805 -0.00111567 -0.00194491
v -0.09468472 0.00323400 -0.00223268
v -0.09413450 -0.00523965 -0.00144532
v -0.09459943 0.00239659 0.00215601
v -0.09347761 0.00850329 0.00020581
v -0.09421474 0.00608936 0.00154131
v -0.09377898 0.00677223 -0.00228081
v -0.09327131 0.00800541 0.00183432
v -0.09450344 -0.00148104 0.00228117
v -0.09408715 -0.00529427 0.00149217
v -0.09366144 -0.00659816 -0.00028473
v -0.09389648 -0.00370393 -0.00274482
v -0.09395874 0.00152304 -0.00328631
v -0.09288984 -0.00745175 0.00170878
v -0.09211266 0.00939638 -0.00223388
v -0.09210738 0.01000687 -0.00080259
v -0.09181368 0.01018670 0.00152277
v -0.09301997 0.00621885 0.00287237
v -0.09320211 -0.00440265 0.00295487
v -0.09218358 -0.00854176 -0.00083695
v -0.09256078 -0.00675609 -0.00255290
v -0.09150755 -0.00909260 0.00142281
v -0.09350011 0.00160405 0.00302976
v -0.09232891 0.00751129 -0.00327633
v -0.09090123 -0.00859454 -0.00250571
v -0.09061809 -0.00861635 0.00291750
v -0.07917577 -0.00486823 0.00369625
v -0.07899875 -0.00500192 -0.00343643
v -0.08043983 -0.00399234 -0.00302783
v -0.08036124 -0.00396499 0.00340681
v -0.08173318 -0.00328046 -0.00386813
v -0.07792296 -0.00543263 0.00009050
v -0.07748470 -0.00580389 -0.00048769
v -0.07756764 -0.00557158 -0.00283929
v -0.08154140 -0.00284308 -0.00300559
v -0.08158297 -0.00253426 0.00335342
v -0.08179448 -0.00336797 0.00394697
v -0.07639045 -0.00761700 -0.00097544
v -0.07613119 -0.00770889 -0.00269940
v -0.07415878 -0.00875756 -0.00219731
v -0.07460697 -0.00851024 -0.00112926
v -0.08207505 -0.00182741 -0.00339848
v -0.07632637 -0.00555175 0.00369211
v -0.07599714 -0.00585663 0.00043377
v -0.07574844 -0.00583019 -0.00362723
v -0.07530505 -0.00733694 0.00012156
v -0.07435382 -0.00817446 -0.00303832
v -0.07876454 -0.00579238 -0.00396585
v -0.07554755 -0.00613627 -0.00337365
v -0.07274247 -0.00615234 -0.00393644
v -0.07356440 -0.00848052 -0.00105319
v -0.07317918 -0.00552972 0.00100135
v -0.07215897 -0.00522622 0.00376869
v -0.07293974 -0.00573961 -0.00348396
v -0.07112388 -0.00544576 -0.00292514
v 0.11559216 -0.02243578 0.00050860
v 0.11110455 -0.02039041 0.00068217
v 0.11500698 -0.02229347 -0.00099535
v 0.11872034 -0.02384241 -0.00066398
v 0.11901338 -0.02379800 0.00051854
v 0.10761982 -0.01886314 0.00058683
v 0.10444048 -0.01750459 -0.00067144
v 0.10409997 -0.01735842 0.00018560
v 0.09936805 -0.01547281 0.00041529
v 0.12276216 -0.02520257 0.00045426
v 0.12507617 -0.02616197 -0.00072073
v 0.09896928 -0.01518137 -0.00092147
v 0.09324812 -0.01302200 0.00017747
v 0.12731738 -0.02661670 0.00058606
v 0.12999981 -0.02773131 -0.00097407
v 0.09658531 -0.01406125 0.00130903
v 0.09274059 -0.01267058 0.00128574
v 0.08663565 -0.01077862 0.00134782
v 0.08545595 -0.01056786 0.00014532
v 0.09434714 -0.01327026 -0.00095987
v 0.08955266 -0.01152080 -0.00084919
v 0.13338129 -0.02835563 0.00047703
v 0.13359342 -0.02858424 -0.00149172
v 0.07992674 -0.00936700 0.00143260
v 0.12589223 -0.02624147 -0.00151058
v 0.11935674 -0.02386860 -0.00148995
v 0.07852592 -0.00916028 -0.00018316
v 0.13944190 -0.02966286 -0.00021830
v 0.10074938 -0.01567555 0.00134068
v 0.10567897 -0.01754042 0.00134699
v 0.08379929 -0.00988080 -0.00084744
v 0.10408222 -0.01702971 -0.00153567
v 0.11051458 -0.01998596 -0.00154417
v 0.14013745 -0.02924357 0.00086138
v 0.14552940 -0.03012241 0.00061986
v 0.08713321 -0.01035368 0.00222311
v 0.11394234 -0.02111229 0.00132379
v 0.11943507 -0.02335173 0.00131907
v 0.09374335 -0.01218276 0.00225203
v 0.12448268 -0.02490739 0.00138318
v 0.09931940 -0.01413020 0.00217694
v 0.12926472 -0.02642356 0.00134273
v 0.13629930 -0.02809445 0.00135731
v 0.14533108 -0.02898231 0.00142698
v 0.15362785 -0.02978490 0.00122095
v 0.18004046 0.01057158 0.00087032
v 0.18016460 0.01515828 -0.00125875
v 0.18019827 0.01074981 -0.00128872
v 0.18007084 0.01565067 0.00096165
v 0.17989955 0.01631699 -0.00146825
v 0.18054053 0.00894574 0.00144891
v 0.17957414 0.00990973 0.00003327
v 0.18018095 0.00972698 -0.00175497
v 0.17958275 0.00941400 0.00127045
v 0.18101570 0.01565300 -0.00197379
v -0.08130637 0.00223921 -0.00281976
v -0.08210227 0.00079343 -0.00334104
v -0.08199375 0.00203390 -0.00384625
v -0.08293882 -0.00012415 -0.00391869
v -0.08138247 0.00246043 0.00367364
v -0.08219116 0.00054350 0.00351632
v -0.08230709 -0.00053580 -0.00305359
v -0.08216980 -0.00096928 0.00358284
v -0.08207505 -0.00182741 -0.00339848
v -0.08158297 -0.00253426 0.00335342
v -0.08173318 -0.00328046 -0.00386813
v -0.08179448 -0.00336797 0.00394697
v -0.08000962 0.00374619 -0.00386760
v -0.07983324 0.00371772 0.00372979
v -0.07902109 0.00385347 -0.00292711
v 0.18372407 -0.00190500 0.00135517
v 0.18311746 0.00160167 0.00082513
v 0.18339201 -0.00117924 -0.00003060
v 0.18277685 0.00303617 -0.00114946
v 0.18253864 0.00364933 0.00102482
v 0.18295308 0.00459890 0.00146342
v 0.18313423 -0.00474558 0.00096047
v 0.18320326 -0.00459915 -0.00178068
v 0.18329406 -0.00553865 0.00144198
v 0.18354277 0.00091257 -0.00180335
v 0.18367084 -0.00297182 -0.00184028
v 0.18252244 0.00408971 -0.00191511
v 0.18158145 0.00388405 -0.00177365
v 0.13671252 0.01546031 -0.00137453
v 0.13657775 0.01237761 0.00096661
v 0.13620882 0.01253202 -0.00190824
v 0.13664917 0.01542335 0.00120334
v 0.13684717 0.01012273 -0.00133627
v 0.13691140 0.00992145 0.00116688
v 0.13655476 0.00962579 -0.00188086
v 0.13629257 0.01593153 -0.00205106
v 0.13716621 0.01620588 0.00148452
v 0.13609908 0.01450284 0.00173835
v 0.13649289 0.00962144 0.00168414
v 0.13642539 -0.01331968 0.00091016
v 0.13668886 -0.01642728 0.00094215
v 0.13620580 -0.01345116 -0.00179954
v 0.13633609 -0.01643032 -0.00187037
v 0.13701299 -0.01081828 0.00101396
v 0.13693358 -0.01103076 -0.00136906
v 0.13636862 -0.01093323 -0.00200823
v 0.13614805 -0.01665860 0.00177536
v 0.13642949 -0.01101373 0.00167959
v 0.18626327 -0.01316825 0.00021960
v 0.18650292 -0.01308707 -0.00180039
v 0.18630348 -0.01637931 -0.00125259
v 0.18626641 -0.01649158 0.00100000
v 0.18669364 -0.01667352 -0.00197653
v 0.18677064 -0.01304377 0.00144838
v 0.18650475 -0.01711973 0.00143956
v 0.18571665 -0.01205005 0.00022060
v 0.18545473 -0.01188304 -0.00172650
v 0.18578888 -0.01092888 0.00145341
v 0.18373770 -0.01027398 -0.00203172
v 0.20010112 0.02959537 -0.00128803
v 0.20274003 0.02900728 0.00037622
v 0.20257237 0.02861569 -0.00156729
v 0.20021566 0.02971140 0.00031389
v 0.20399933 0.02790444 0.00003058
v 0.20434828 0.02700901 -0.00137607
v 0.20439758 0.02700826 0.00068672
v 0.20287317 0.02778865 0.00126226
v 0.14770923 0.02988769 -0.00004440
v 0.17003070 0.02985347 0.00005943
v 0.15134356 0.02994928 -0.00063572
v 0.17516390 0.02990483 -0.00062599
v 0.19736377 0.02981006 -0.00056120
v 0.19164399 0.02973626 0.00059597
v 0.14258861 0.02969999 -0.00106162
v 0.13581331 0.02920773 -0.00051457
v 0.15036573 0.02975153 -0.00138603
v 0.13777674 0.02908203 0.00053813
v 0.15231440 0.02974180 0.00041076
v 0.12995664 0.02798515 0.00034011
v 0.14967572 0.02939620 0.00084169
v 0.17150435 0.02934267 0.00093114
v 0.19359591 0.02898698 0.00129146
v 0.20058232 0.02899097 0.00119180
v 0.13855552 0.02912497 -0.00165906
v 0.13155203 0.02808966 -0.00166384
v 0.13237186 0.02860464 -0.00102783
v 0.12841991 0.02776672 -0.00103121
v 0.13581331 0.02920773 -0.00051457
v 0.14258861 0.02969999 -0.00106162
v 0.12489145 0.02644809 -0.00149768
v 0.11427471 0.02243739 0.00004476
v 0.11719865 0.02371975 0.00042688
v 0.11579362 0.02314791 -0.00103253
v 0.11906428 0.02455590 -0.00100769
v 0.12029736 0.02510840 -0.00043891
v 0.11074991 0.02068704 -0.00073617
v 0.11226517 0.02134955 0.00049917
v 0.10693388 0.01853124 0.00038987
v 0.10491498 0.01752152 -0.00099583
v 0.10363389 0.01680230 0.00051514
v 0.10061532 0.01536432 0.00039389
v 0.10068084 0.01529017 -0.00106743
v 0.09664818 0.01354269 0.00040732
v 0.09648787 0.01333540 -0.00097330
v 0.09141423 0.01159301 0.00016441
v 0.09310785 0.01197597 -0.00096422
v 0.09008724 0.01097057 -0.00095519
v 0.12497571 0.02679801 -0.00053650
v 0.08658148 0.01028277 0.00027976
v 0.08627897 0.00991756 -0.00090190
v 0.08178364 0.00940446 0.00043394
v 0.08155972 0.00900703 -0.00095288
v 0.12995664 0.02798515 0.00034011
v 0.09183759 0.01155346 0.00095142
v 0.12178045 0.02541703 0.00044063
v 0.12621285 0.02671571 0.00070404
v 0.09043798 0.01083800 0.00153342
v 0.09535040 0.01241346 0.00150683
v 0.09969346 0.01420332 0.00143126
v 0.11397680 0.02185774 -0.00152119
v 0.11041676 0.02014000 -0.00151652
v 0.10615395 0.01774382 -0.00154914
v 0.09094220 0.01007886 0.00227049
v 0.08574850 0.00911339 0.00223585
v 0.11967679 0.02419179 -0.00167279
v 0.09880014 0.01353190 -0.00164593
v 0.09056645 0.00989569 -0.00174434
v -0.07247777 -0.00782494 -0.00291484
v -0.07293974 -0.00573961 -0.00348396
v -0.07400855 -0.00717789 -0.00345557
v -0.07112388 -0.00544576 -0.00292514
v -0.07435382 -0.00817446 -0.00303832
v -0.07554755 -0.00613627 -0.00337365
v -0.07574844 -0.00583019 -0.00362723
v -0.07613119 -0.00770889 -0.00269940
v -0.07415878 -0.00875756 -0.00219731
v -0.09000534 0.01141448 0.00150956
v -0.08880683 0.01103888 0.00290708
v -0.08775147 0.01225409 0.00184872
v -0.09107747 0.00950250 0.00286643
v -0.09181368 0.01018670 0.00152277
v -0.08534311 0.01218750 0.00289901
v -0.09327131 0.00800541 0.00183432
v -0.09301997 0.00621885 0.00287237
v -0.08552679 0.01082207 0.00366119
v -0.08943042 0.00856258 0.00365081
v -0.09181917 0.00487330 0.00347147
v -0.09350011 0.00160405 0.00302976
v -0.09204032 -0.00023694 0.00354827
v -0.09320211 -0.00440265 0.00295487
v -0.09031552 -0.00535901 0.00369666
v -0.09061809 -0.00861635 0.00291750
v -0.08898785 -0.00809854 0.00351178
v -0.08061208 0.01245896 0.00299302
v -0.07952032 0.01109606 0.00371638
v -0.06637631 0.01084147 0.00365243
v -0.09450344 -0.00148104 0.00228117
v -0.06664563 0.01187109 0.00285621
v -0.05380801 0.01112557 0.00298008
v -0.05077339 0.01053489 0.00330135
v 0.10896982 0.01946704 0.00062282
v 0.11226517 0.02134955 0.00049917
v 0.10693388 0.01853124 0.00038987
v 0.10629054 0.01722147 0.00137137
v 0.10363389 0.01680230 0.00051514
v 0.10319543 0.01571822 0.00145717
v 0.10061532 0.01536432 0.00039389
v 0.11221924 0.02027752 0.00134128
v 0.11719865 0.02371975 0.00042688
v 0.11816316 0.02286851 0.00136903
v 0.12178045 0.02541703 0.00044063
v 0.12512763 0.02540607 0.00132695
v 0.12621285 0.02671571 0.00070404
v 0.13212913 0.02715234 0.00135390
v 0.12995664 0.02798515 0.00034011
v 0.13777674 0.02908203 0.00053813
v 0.11075755 0.01831348 0.00175323
v 0.14238834 0.02824736 0.00137894
v 0.10639630 0.01521918 0.00201498
v 0.10201492 0.01338868 0.00213448
v 0.11609724 0.02033491 0.00180334
v 0.09969346 0.01420332 0.00143126
v 0.12293681 0.02276796 0.00178734
v 0.09743795 0.01186126 0.00222093
v 0.13371885 0.02617211 0.00167378
v 0.14294243 0.02761735 0.00155306
v 0.12834031 0.02379347 0.00182212
v 0.09963680 0.01073051 0.00252816
v 0.09015073 0.00855499 0.00265892
v 0.09094220 0.01007886 0.00227049
v 0.08574850 0.00911339 0.00223585
v 0.07880513 0.00790103 0.00245614
v 0.08398310 0.00682181 0.00295635
v 0.17031850 0.02874542 0.00132895
v 0.06656097 0.00654874 0.00295175
v 0.06245536 0.00779135 0.00245476
v 0.04806031 0.00725215 0.00310473
v 0.14967572 0.02939620 0.00084169
v 0.03654957 0.00808489 0.00298037
v 0.05007369 0.00872607 0.00232439
v 0.09535040 0.01241346 0.00150683
v 0.17150435 0.02934267 0.00093114
v 0.19359591 0.02898698 0.00129146
v 0.03662714 0.00871031 0.00255047
v 0.01420082 0.00921803 0.00300033
v 0.08154580 0.00868127 0.00212223
v 0.01441125 0.00961449 0.00265778
v 0.03187315 0.00934408 0.00220608
v -0.01598511 0.00952724 0.00319049
v -0.01404287 0.01006910 0.00268943
v -0.02501341 0.01011868 0.00301155
v 0.08715751 -0.00782224 0.00323108
v 0.08898796 -0.00264473 0.00324047
v 0.07698852 -0.00597909 0.00330059
v 0.07694368 -0.00086540 0.00337571
v 0.06626806 -0.00078517 0.00355113
v 0.09367111 -0.00875928 0.00314775
v 0.09649425 0.00011919 0.00297676
v 0.10749970 -0.00522294 0.00260754
v 0.09887850 -0.00822476 0.00294769
v 0.10843488 0.00214981 0.00259527
v 0.09527941 0.00531258 0.00290898
v 0.08278385 0.00437548 0.00320996
v 0.10705600 0.01104372 0.00242405
v 0.11887204 0.00302489 0.00239647
v 0.11608798 0.01354117 0.00219121
v 0.09473336 0.00767700 0.00281684
v 0.11026548 0.01480170 0.00216636
v 0.12938314 0.01846101 0.00196860
v 0.11987066 0.01950171 0.00198351
v 0.14274640 0.02615404 0.00177466
v 0.13394866 0.01420871 0.00194398
v 0.13654524 0.01709347 0.00187875
v 0.14958989 0.01721892 0.00179840
v 0.15320573 0.02623440 0.00165306
v 0.17268636 0.01801136 0.00169529
v 0.16436120 0.02606860 0.00163297
v 0.18183894 0.02398900 0.00161930
v 0.13537585 -0.01073318 0.00194882
v 0.13537840 -0.00615474 0.00198039
v 0.12355904 -0.00865870 0.00224888
v 0.13180124 -0.02384780 0.00191858
v 0.13531321 0.00918134 0.00196129
v 0.18175147 0.01713897 0.00158284
v 0.12550887 -0.02110544 0.00202585
v 0.11320429 -0.01674748 0.00222482
v 0.10772200 -0.01321706 0.00246353
v 0.18687961 0.02749739 0.00151537
v 0.19800959 0.02535061 0.00151331
v 0.20186356 0.02734135 0.00144313
v 0.20285959 0.01463737 0.00145909
v 0.19252700 0.01112279 0.00160041
v 0.20222374 -0.00925317 0.00152198
v 0.19114348 0.00021775 0.00163682
v 0.19469987 -0.01700774 0.00157414
v 0.19838505 -0.02818214 0.00150356
v 0.20205895 -0.02803056 0.00145374
v 0.17936960 -0.02522893 0.00161581
v 0.18402624 -0.00678638 0.00164525
v 0.18523639 -0.00336847 0.00161611
v 0.18172169 0.00833203 0.00156221
v 0.18370528 0.00540872 0.00158583
v 0.18758812 -0.01793767 0.00157756
v 0.18720218 -0.01006496 0.00159896
v 0.17391233 -0.01820607 0.00173447
v 0.16973927 0.00791489 0.00169162
v 0.16962865 -0.00688204 0.00172661
v 0.15395053 -0.02726527 0.00167239
v 0.13817967 -0.01817940 0.00189839
v 0.13417593 -0.01772676 0.00195672
v 0.15651397 -0.01813001 0.00176169
v 0.15270723 0.00559850 0.00167010
v 0.15531052 0.00802213 0.00167630
v 0.13862589 0.00787175 0.00176929
v 0.13839540 0.00515323 0.00173397
v 0.16365395 -0.00913001 0.00168992
v 0.13967073 -0.00792039 0.00176309
v 0.13813454 -0.00916504 0.00172483
v 0.14018056 -0.00664817 0.00174128
v 0.13646131 -0.00568401 0.00188980
v -0.00700794 -0.00068897 0.00409365
v 0.00781399 0.00434107 0.00389893
v -0.02298944 0.00391254 0.00408889
v 0.01080213 -0.00041646 0.00394164
v 0.03458904 0.00356240 0.00370056
v 0.03599100 0.00005838 0.00377020
v 0.06643012 0.00324802 0.00344681
v 0.03427965 -0.00413697 0.00369423
v 0.05961316 -0.00458924 0.00344855
v -0.03217217 -0.00140336 0.00411380
v -0.03396414 0.00598870 0.00407500
v -0.04548775 -0.00113268 0.00419114
v -0.04553086 0.00522677 0.00418078
v -0.03553406 -0.00518467 0.00403933
v -0.05191535 -0.00640751 0.00408921
v -0.00092013 -0.00486665 0.00391061
v -0.01756034 -0.00550545 0.00395051
v 0.01443580 -0.00389846 0.00380891
v -0.06045451 0.00470276 0.00416131
v -0.05343018 -0.00021341 0.00417521
v -0.06412518 -0.00656940 0.00415691
v -0.05558061 0.00817895 0.00405687
v -0.01295229 0.00627068 0.00393702
v -0.02695099 0.00738777 0.00397120
v -0.04445443 0.00820663 0.00403791
v -0.06984826 0.00816165 0.00414281
v -0.06636523 0.00417899 0.00414788
v -0.06505794 -0.00102591 0.00408746
v -0.06673830 -0.00419143 0.00413057
v -0.07248561 -0.00619067 0.00407683
v -0.08167026 -0.00725385 0.00402609
v -0.07087762 0.00497180 0.00407332
v -0.07893980 0.00557977 0.00403743
v -0.08571833 0.00702223 0.00403262
v -0.08347120 0.00229661 0.00400289
v -0.08584175 -0.00639885 0.00399289
v 0.17128891 -0.02864162 0.00149234
v -0.04614411 -0.00757413 0.00400456
v -0.03295662 -0.00761726 0.00386047
v 0.09917157 -0.01160677 0.00280647
v -0.07599284 0.00977457 0.00400327
v 0.11950361 -0.02077655 0.00203326
v -0.07828868 -0.00619718 0.00401034
v -0.08179448 -0.00336797 0.00394697
v -0.08324627 -0.00003626 0.00393213
v 0.13862283 -0.02715586 0.00172173
v 0.13614646 0.00428885 0.00191986
v -0.06616833 0.00103651 0.00398570
v -0.08942832 0.00165116 0.00386632
v -0.06899408 -0.00892711 0.00399018
v 0.02074040 0.00652180 0.00362610
v 0.00610382 0.00748922 0.00363532
v 0.03649348 0.00641153 0.00344140
v 0.05764852 0.00497594 0.00337641
v 0.12324804 -0.02320058 0.00183575
v 0.13111636 -0.02552477 0.00177276
v 0.11280778 0.01791202 0.00196919
v 0.11206115 -0.01803841 0.00209872
v 0.10522305 -0.01576403 0.00214789
v 0.20411269 -0.00498040 0.00135061
v 0.01669613 -0.00554502 0.00364217
v 0.00252753 -0.00682742 0.00366686
v 0.13609908 0.01450284 0.00173835
v -0.04540334 -0.00935611 0.00374084
v -0.08407377 -0.00943601 0.00375075
v 0.13614805 -0.01665860 0.00177536
v 0.20378240 0.02527154 0.00125707
v 0.10289548 -0.01361801 0.00250156
v 0.20387037 -0.02607340 0.00126270
v 0.19717459 -0.03015620 0.00126262
v -0.01428058 0.00837563 0.00364952
v -0.03855195 -0.00908485 0.00362144
v 0.14533108 -0.02898231 0.00142698
v 0.02732409 -0.00586589 0.00348721
v -0.01812247 -0.00823164 0.00355689
v 0.16781327 -0.00568010 0.00154270
v 0.15204078 -0.00528626 0.00150874
v 0.18329406 -0.00553865 0.00144198
v 0.15767777 0.00466802 0.00151936
v 0.14369226 0.00431947 0.00146718
v 0.18295308 0.00459890 0.00146342
v 0.13727227 0.00396685 0.00158398
v 0.20237797 -0.02918953 0.00126596
v -0.05145530 0.00988003 0.00374401
v 0.20058232 0.02899097 0.00119180
v 0.09177287 -0.01025367 0.00288228
v 0.09701546 -0.01221943 0.00264757
v 0.18372407 -0.00190500 0.00135517
v -0.06754243 0.00222355 0.00378862
v 0.18650475 -0.01711973 0.00143956
v 0.18294315 -0.01760811 0.00147200
v -0.03235119 0.00930235 0.00369091
v 0.08227935 -0.00831986 0.00296864
v -0.08138247 0.00246043 0.00367364
v 0.01930641 0.00780193 0.00341191
v 0.16807398 -0.02964362 0.00130388
v 0.06027254 -0.00568328 0.00324859
v 0.20287317 0.02778865 0.00126226
v 0.11718395 -0.02134484 0.00180400
v 0.18054053 0.00894574 0.00144891
v 0.18074946 0.01616873 0.00142861
v 0.17937020 0.01668434 0.00142030
v -0.08035760 -0.01021582 0.00362898
v 0.01220767 -0.00741180 0.00328632
v 0.14124620 -0.00529372 0.00145466
v 0.13741859 -0.00488799 0.00159526
v 0.11208724 -0.01917217 0.00186937
v 0.10742638 -0.01717667 0.00191427
v 0.16499320 0.00925283 0.00138185
v 0.14286421 0.00897493 0.00147682
v 0.13649289 0.00962144 0.00168414
v 0.00036520 -0.00769066 0.00348941
v -0.06766846 -0.01018021 0.00370367
v -0.05254665 -0.00978813 0.00363690
v 0.09931940 -0.01413020 0.00217694
v -0.06700283 -0.00106501 0.00372281
v 0.15553097 -0.01034471 0.00140140
v 0.17460846 -0.01012767 0.00142362
v 0.18578888 -0.01092888 0.00145341
v 0.18677064 -0.01304377 0.00144838
v 0.13818975 -0.01052979 0.00140523
v 0.07514492 -0.00763898 0.00281191
v -0.06768278 -0.00321330 0.00384687
v -0.07215897 -0.00522622 0.00376869
v 0.13629930 -0.02809445 0.00135731
v 0.06746698 -0.00684792 0.00295808
v 0.05712518 -0.00660533 0.00294374
v 0.03102198 -0.00683414 0.00310839
v 0.15362785 -0.02978490 0.00122095
v 0.13642949 -0.01101373 0.00167959
v 0.13714015 -0.00157886 0.00148396
v 0.13819435 0.01655810 0.00166307
v -0.07983324 0.00371772 0.00372979
v -0.07673383 0.00485115 0.00380455
v 0.15127791 0.00411985 0.00136867
v 0.12926472 -0.02642356 0.00134273
v 0.12448268 -0.02490739 0.00138318
v 0.14444061 -0.01751694 0.00160265
v 0.13751714 -0.01712173 0.00151989
v 0.11943507 -0.02335173 0.00131907
v 0.20451952 -0.02686694 0.00093213
v 0.16615773 0.00421166 0.00124126
v 0.09374335 -0.01218276 0.00225203
v 0.13716621 0.01620588 0.00148452
v 0.16901322 -0.00522270 0.00131861
v 0.18172831 -0.00529485 0.00115416
v 0.00064627 -0.00856089 0.00306861
v 0.00787891 -0.00844101 0.00278861
v 0.02312597 -0.00754361 0.00289606
v 0.08713321 -0.01035368 0.00222311
v 0.08037034 -0.00905328 0.00220749
v -0.08613330 -0.01060584 0.00287936
v 0.11394234 -0.02111229 0.00132379
v 0.20447279 0.02344219 0.00097362
v 0.10567897 -0.01754042 0.00134699
v -0.03595609 -0.00980678 0.00312560
v 0.10074938 -0.01567555 0.00134068
v 0.20439758 0.02700826 0.00068672
v 0.20453293 -0.00353442 0.00112578
v 0.18313423 -0.00474558 0.00096047
v -0.07917577 -0.00486823 0.00369625
v -0.07632637 -0.00555175 0.00369211
v -0.08216980 -0.00096928 0.00358284
v -0.08219116 0.00054350 0.00351632
v 0.18007084 0.01565067 0.00096165
v 0.15731859 -0.03026834 0.00089282
v 0.18536613 -0.03044099 0.00090145
v 0.19988645 -0.03064374 0.00059366
v 0.20395817 -0.02881661 0.00054931
v 0.20164035 -0.03056344 -0.00021622
v 0.19993614 -0.03056375 -0.00159379
v 0.20219915 -0.02999071 -0.00156078
v 0.19833089 -0.03087184 -0.00102406
v 0.20389687 -0.02886320 -0.00135196
v 0.20258896 -0.02996663 0.00055774
v 0.20395817 -0.02881661 0.00054931
v 0.20237797 -0.02918953 0.00126596
v 0.15529003 -0.03088562 -0.00043911
v 0.17250869 -0.03081176 0.00003256
v 0.15258756 -0.03068012 0.00018373
v 0.14853090 -0.03065241 -0.00092724
v 0.17446219 -0.03067134 -0.00136075
v 0.15782657 -0.03077619 -0.00144478
v 0.18937074 -0.03093567 -0.00054892
v 0.19517911 -0.03088940 0.00044930
v 0.19988645 -0.03064374 0.00059366
v 0.14552940 -0.03012241 0.00061986
v 0.14340766 -0.03018108 -0.00112205
v 0.13944190 -0.02966286 -0.00021830
v 0.13925443 -0.02950637 -0.00159177
v 0.13359342 -0.02858424 -0.00149172
v 0.15731859 -0.03026834 0.00089282
v 0.18536613 -0.03044099 0.00090145
v 0.19717459 -0.03015620 0.00126262
v 0.15362785 -0.02978490 0.00122095
v 0.18275595 -0.03041743 -0.00167819
v 0.16579602 -0.03042180 -0.00173953
v 0.14835507 -0.03036253 -0.00171255
v -0.07382238 -0.00585793 0.00060107
v -0.07530505 -0.00733694 0.00012156
v -0.07599714 -0.00585663 0.00043377
v -0.07293575 -0.00734314 0.00008910
v -0.07164165 -0.00578662 -0.00013904
v -0.07356440 -0.00848052 -0.00105319
v -0.07460697 -0.00851024 -0.00112926
v -0.07317918 -0.00552972 0.00100135
v -0.07057207 -0.00501927 -0.00027523
v 0.18373770 -0.01027398 -0.00203172
v 0.18545473 -0.01188304 -0.00172650
v 0.18347900 -0.01101726 -0.00181031
v 0.17430571 -0.01044209 -0.00178831
v 0.18016460 0.01515828 -0.00125875
v 0.17989955 0.01631699 -0.00146825
v 0.18101570 0.01565300 -0.00197379
vt 0.44140902 0.55755502
vt 0.54162240 0.55463958
vt 0.43887982 0.58434486
vt 0.54468709 0.58274001
vt 0.42112514 0.56056088
vt 0.41970024 0.58488601
vt 0.55991966 0.58651078
vt 0.56205159 0.55084532
vt 0.42148256 0.55292058
vt 0.55854422 0.54787236
vt 0.47575277 0.58871508
vt 0.41965517 0.59042555
vt 0.54783326 0.58817458
vt 0.56481481 0.59042555
vt 0.56433725 0.58203322
vt 0.41471735 0.58747226
vt 0.41749758 0.55877846
vt 0.55219340 0.82962018
vt 0.43232334 0.82875919
vt 0.46859384 0.80667239
vt 0.55106872 0.81326854
vt 0.42612633 0.81480020
vt 0.41023430 0.79683936
vt 0.56875467 0.83232784
vt 0.40955842 0.82553786
vt 0.54965603 0.79526830
vt 0.46975607 0.79487491
vt 0.56865191 0.81349319
vt 0.56873250 0.79360223
vt 0.54563016 0.83384764
vt 0.54370767 0.79255319
vt 0.41694030 0.83486563
vt 0.40532106 0.83510637
vt 0.57234949 0.82529724
vt 0.57317716 0.79381591
vt 0.57358676 0.83510637
vt 0.40460581 0.80380547
vt 0.40495220 0.82830894
vt 0.40399611 0.79504657
vt 0.37618935 0.86073804
vt 0.38082775 0.86825448
vt 0.28687823 0.86137289
vt 0.29097694 0.87677646
vt 0.37794641 0.88163388
vt 0.41514018 0.87876648
vt 0.24070966 0.86416620
vt 0.24523906 0.87622714
vt 0.17163841 0.86661768
vt 0.45135763 0.86351204
vt 0.50607520 0.87009954
vt 0.47526842 0.87868524
vt 0.50704378 0.87922555
vt 0.55037093 0.87943053
vt 0.55049342 0.86421472
vt 0.57928622 0.87675720
vt 0.57765901 0.86094201
vt 0.43382677 0.85665631
vt 0.60132670 0.87667358
vt 0.49475241 0.85461628
vt 0.51898408 0.85847610
vt 0.60051334 0.85687929
vt 0.20832099 0.85602880
vt 0.16195507 0.86071187
vt 0.09961665 0.87799335
vt 0.11612677 0.86375487
vt 0.06173251 0.86759281
vt 0.14788385 0.85506272
vt 0.10524211 0.85717636
vt 0.05884553 0.85655415
vt 0.04285828 0.87520230
vt 0.05480203 0.88838273
vt 0.04296813 0.85821939
vt 0.28036261 0.85466236
vt 0.37538269 0.85215884
vt 0.24379453 0.85166478
vt 0.15801816 0.85000002
vt 0.53628474 0.85055792
vt 0.59118879 0.85032147
vt 0.61552286 0.87004167
vt 0.61759079 0.88079244
vt 0.44980839 0.85091847
vt 0.61461955 0.85651809
vt 0.03517957 0.87125647
vt 0.63109159 0.86924934
vt 0.04310968 0.89899123
vt 0.12563956 0.89051068
vt 0.18484792 0.88908482
vt 0.15707475 0.88722032
vt 0.07759267 0.90118712
vt 0.42992112 0.88856637
vt 0.24608287 0.89635056
vt 0.32315633 0.89385271
vt 0.38228086 0.88904983
vt 0.19500573 0.90303588
vt 0.49076080 0.89094353
vt 0.50532234 0.88879561
vt 0.15500385 0.91166836
vt 0.11630168 0.91009790
vt 0.05491071 0.91242242
vt 0.56203902 0.88876069
vt 0.04479764 0.91334432
vt 0.39659667 0.89776671
vt 0.57983607 0.89228141
vt 0.52382267 0.89806336
vt 0.60026479 0.89230841
vt 0.09437671 0.91992021
vt 0.14192869 0.91840023
vt 0.21336648 0.91700983
vt 0.27160016 0.90678304
vt 0.02908829 0.90089697
vt 0.45771447 0.90028930
vt 0.03662803 0.91895902
vt 0.32614276 0.91423589
vt 0.10940980 0.92728436
vt 0.15646969 0.92673218
vt 0.06132343 0.92738408
vt 0.02700966 0.87597299
vt 0.41372481 0.90846986
vt 0.37492397 0.91132569
vt 0.02837967 0.92230231
vt 0.04272863 0.92872339
vt 0.26637229 0.92488110
vt 0.48045817 0.91096848
vt 0.52708292 0.90352094
vt 0.42990875 0.91576380
vt 0.58529258 0.90680754
vt 0.20534797 0.92872339
vt 0.01919865 0.87709028
vt 0.01882184 0.90308803
vt 0.01803119 0.91998339
vt 0.54545838 0.36828011
vt 0.63771778 0.38057256
vt 0.43677402 0.37997311
vt 0.53776467 0.38851225
vt 0.64649904 0.37020409
vt 0.44083813 0.36930740
vt 0.64691496 0.38826084
vt 0.44024038 0.39046282
vt 0.42715621 0.36520129
vt 0.42713884 0.38848317
vt 0.42348927 0.37253511
vt 0.65528083 0.36736405
vt 0.65545809 0.38882089
vt 0.64731652 0.36310720
vt 0.55197054 0.36063826
vt 0.44173077 0.36201751
vt 0.52334785 0.39255321
vt 0.64022332 0.39255321
vt 0.61655277 0.03742284
vt 0.64351505 0.03918105
vt 0.63183457 0.04823428
vt 0.56956857 0.04805529
vt 0.56556004 0.03608447
vt 0.52273434 0.04323745
vt 0.52278638 0.05025303
vt 0.44651750 0.05207086
vt 0.64066178 0.03324956
vt 0.67906296 0.05020112
vt 0.70168245 0.03588939
vt 0.72406751 0.05154544
vt 0.74301499 0.04217327
vt 0.76265889 0.03045905
vt 0.56110799 0.05783832
vt 0.64273798 0.05755866
vt 0.52465379 0.05851626
vt 0.44970676 0.06981742
vt 0.42894873 0.06687236
vt 0.41171637 0.06020957
vt 0.39620528 0.07049662
vt 0.39365438 0.05896676
vt 0.73915631 0.06399804
vt 0.79024678 0.04230183
vt 0.78119415 0.03509486
vt 0.83654600 0.02863914
vt 0.39171529 0.04915100
vt 0.79248703 0.06072891
vt 0.82507038 0.04778177
vt 0.86094147 0.03584045
vt 0.85344779 0.04874426
vt 0.91067296 0.03627598
vt 0.91393447 0.05401713
vt 0.92935085 0.04179907
vt 0.37594977 0.07170987
vt 0.37425372 0.06281954
vt 0.92924148 0.02631301
vt 0.92938977 0.05669111
vt 0.35322013 0.07978725
vt 0.35136452 0.06947613
vt 0.90196383 0.02436960
vt 0.93963093 0.03433120
vt 0.94135457 0.04833859
vt 0.86787158 0.01998711
vt 0.90997803 0.01808512
vt 0.70306277 0.02184600
vt 0.53907567 0.03200042
vt 0.45191374 0.03894728
vt 0.41739213 0.04189414
vt 0.81768888 0.02177751
vt 0.94581521 0.01872998
vt 0.79391533 0.02000999
vt 0.94903368 0.03578532
vt 0.95467836 0.05894530
vt 0.94405752 0.07281530
vt 0.95323837 0.07978725
vt 0.63287008 0.49550408
vt 0.55266869 0.49691302
vt 0.60115916 0.48356974
vt 0.52569109 0.49250275
vt 0.52955019 0.47488111
vt 0.50610900 0.47638452
vt 0.50714523 0.49364769
vt 0.65076417 0.48538721
vt 0.61314058 0.47435224
vt 0.65358877 0.46957433
vt 0.57598174 0.47004282
vt 0.65728933 0.50019228
vt 0.50536060 0.46914893
vt 0.65096551 0.50301772
vt 0.60241312 0.50497156
vt 0.55283421 0.50681812
vt 0.52759957 0.50847393
vt 0.50622815 0.50957447
vt 0.65838206 0.50957447
vt 0.83220506 0.08717316
vt 0.78397280 0.07026833
vt 0.88654852 0.06934947
vt 0.88756430 0.07966101
vt 0.79397625 0.08559799
vt 0.77049875 0.08671701
vt 0.90308052 0.07077819
vt 0.90857571 0.09869689
vt 0.76405591 0.06593531
vt 0.88910276 0.09466749
vt 0.78806859 0.06571054
vt 0.90957993 0.06276596
vt 0.87864494 0.06519771
vt 0.76583791 0.08622980
vt 0.81475365 0.10248750
vt 0.87130767 0.09981394
vt 0.78051877 0.10067058
vt 0.76584262 0.10066593
vt 0.90898210 0.07029641
vt 0.88852340 0.10362750
vt 0.90984404 0.10531914
vt 0.76267058 0.10531914
vt 0.76436239 0.08922231
vt 0.04338463 0.85309440
vt 0.05038076 0.81644130
vt 0.02125770 0.82393414
vt 0.02062714 0.85638297
vt 0.05566431 0.83998930
vt 0.05701754 0.85309440
vt 0.01998051 0.81735891
vt 0.05542877 0.82287574
vt 0.05618418 0.81382978
vt 0.65490407 0.09172714
vt 0.58523583 0.08902586
vt 0.68347883 0.07483250
vt 0.58001608 0.07324916
vt 0.69187772 0.09193993
vt 0.56568152 0.07633340
vt 0.56125790 0.10027349
vt 0.71648055 0.07643652
vt 0.71821713 0.09965277
vt 0.58090907 0.10299522
vt 0.62300569 0.10511446
vt 0.68858129 0.10184193
vt 0.56073928 0.07402623
vt 0.56525701 0.10498780
vt 0.55902952 0.10744679
vt 0.68559515 0.07001919
vt 0.56567186 0.06827086
vt 0.71597320 0.07007968
vt 0.55896688 0.06702125
vt 0.68649417 0.10683644
vt 0.72371590 0.10744679
vt 0.72308332 0.07051128
vt 0.72465885 0.09133852
vt 0.79716903 0.12073183
vt 0.73022741 0.13297957
vt 0.79397178 0.14073288
vt 0.71029967 0.12239438
vt 0.71688634 0.14247280
vt 0.83665156 0.12117231
vt 0.83926046 0.13981587
vt 0.70166838 0.12944877
vt 0.85252601 0.12099016
vt 0.85217160 0.13839650
vt 0.70387697 0.14787233
vt 0.77871567 0.14752811
vt 0.80135947 0.11225849
vt 0.74610293 0.11152327
vt 0.70324290 0.11378998
vt 0.83970267 0.10900801
vt 0.85260642 0.10744679
vt 0.85331386 0.14734560
vt 0.83328241 0.14719552
vt 0.69834310 0.14734560
vt 0.69851321 0.11624897
vt 0.80331266 0.10876667
vt 0.97733444 0.13445038
vt 0.97668731 0.12439424
vt 0.96895140 0.12618494
vt 0.99572420 0.10362458
vt 0.99652857 0.12158275
vt 0.96236432 0.09664589
vt 0.96321267 0.12945139
vt 0.98323202 0.09242803
vt 0.99853802 0.09913301
vt 0.95760232 0.11343050
vt 0.95785034 0.08738965
vt 0.95840245 0.14318371
vt 0.99747711 0.07992852
vt 0.97224903 0.14664751
vt 0.96370202 0.07391787
vt 0.96743828 0.14948094
vt 0.97260642 0.16166031
vt 0.96698481 0.16702127
vt 0.98742616 0.07080990
vt 0.96325952 0.15225190
vt 0.97828966 0.15091616
vt 0.98323143 0.14419895
vt 0.99728990 0.13613921
vt 0.96037900 0.06101048
vt 0.99517143 0.06870574
vt 0.99495351 0.05526656
vt 0.99853802 0.05000001
vt 0.43085825 0.74789470
vt 0.42302245 0.73903418
vt 0.45524406 0.73838580
vt 0.39359465 0.74331975
vt 0.51872754 0.74791443
vt 0.50841868 0.73949844
vt 0.54978782 0.73891264
vt 0.38528633 0.73162168
vt 0.43041590 0.75764018
vt 0.40150109 0.75874037
vt 0.37098721 0.75304431
vt 0.35340276 0.74112654
vt 0.33181381 0.76543486
vt 0.32951999 0.75282621
vt 0.31448674 0.73629844
vt 0.28724626 0.76610810
vt 0.29361194 0.74825591
vt 0.25511044 0.76546437
vt 0.23633890 0.75242847
vt 0.21674246 0.76660544
vt 0.20019537 0.74872631
vt 0.16759853 0.75470525
vt 0.16313756 0.76682144
vt 0.11041275 0.75406796
vt 0.11021936 0.76158071
vt 0.06653894 0.76868415
vt 0.04444941 0.74898279
vt 0.04286822 0.76410025
vt 0.10324363 0.77781659
vt 0.14177048 0.77838540
vt 0.50518894 0.75983369
vt 0.54069024 0.75944138
vt 0.03020284 0.75234234
vt 0.54900271 0.74831152
vt 0.57389766 0.75292468
vt 0.57402271 0.76227450
vt 0.21701968 0.77920318
vt 0.25582150 0.77574021
vt 0.16407576 0.78580123
vt 0.04421866 0.78488988
vt 0.02900361 0.77572995
vt 0.31289610 0.77713037
vt 0.39402309 0.76970541
vt 0.43019304 0.76720023
vt 0.10368859 0.79624933
vt 0.13175513 0.79779547
vt 0.23223135 0.79015869
vt 0.27696714 0.78745931
vt 0.52569652 0.76643872
vt 0.55804902 0.77287626
vt 0.57788992 0.78071249
vt 0.59671640 0.77592593
vt 0.59188473 0.76247644
vt 0.16118939 0.74374849
vt 0.01898167 0.74915266
vt 0.26073357 0.74250400
vt 0.11443894 0.74310488
vt 0.35211268 0.73093081
vt 0.03043596 0.73771596
vt 0.23050551 0.73708618
vt 0.59052247 0.74910057
vt 0.01609540 0.77369243
vt 0.18912138 0.73827058
vt 0.04465789 0.73787957
vt 0.50926542 0.73120439
vt 0.01418657 0.73001969
vt 0.44737768 0.72386515
vt 0.40392900 0.72348344
vt 0.61542583 0.76989865
vt 0.61091632 0.77681470
vt 0.62693763 0.79160041
vt 0.64292097 0.80003297
vt 0.64226854 0.80873084
vt 0.66023308 0.82142502
vt 0.26427111 0.72874576
vt 0.01842484 0.72228110
vt 0.00816528 0.71340269
vt 0.78859890 0.40531915
vt 0.81470793 0.40692550
vt 0.77515727 0.41416556
vt 0.81968653 0.41141164
vt 0.98142970 0.40645623
vt 0.97983456 0.41303289
vt 0.98976368 0.41674954
vt 0.78384608 0.41842401
vt 0.95371938 0.41748011
vt 0.86074972 0.41772854
vt 0.75169098 0.42359841
vt 0.75463307 0.43099385
vt 0.72928023 0.43774194
vt 0.98695475 0.42797983
vt 0.73020709 0.44799483
vt 0.71196234 0.45840091
vt 0.99302334 0.44429195
vt 0.99608511 0.43084288
vt 0.61434543 0.63196862
vt 0.57446271 0.68843746
vt 0.57341516 0.63695133
vt 0.60996741 0.66363060
vt 0.62393630 0.73451734
vt 0.63491172 0.68663639
vt 0.64305311 0.59693372
vt 0.62085342 0.60215706
vt 0.70046538 0.66358316
vt 0.68448591 0.78725821
vt 0.65839052 0.77349144
vt 0.73280281 0.75157160
vt 0.70682412 0.84571975
vt 0.76439416 0.81937313
vt 0.76601166 0.73348230
vt 0.75605559 0.56483722
vt 0.76447886 0.69445229
vt 0.76669610 0.51902765
vt 0.72725922 0.50534582
vt 0.66333812 0.55885607
vt 0.76842552 0.62848264
vt 0.76722306 0.59430701
vt 0.69153214 0.51921302
vt 0.79352659 0.62787396
vt 0.79123122 0.60282826
vt 0.73210686 0.46173757
vt 0.79463148 0.50200969
vt 0.70775014 0.48963535
vt 0.76748723 0.83151102
vt 0.73771107 0.88062632
vt 0.78680420 0.90574354
vt 0.83917093 0.61376226
vt 0.53770083 0.68499202
vt 0.53974509 0.63910520
vt 0.66533792 0.81269950
vt 0.84157038 0.60001099
vt 0.91074419 0.60026300
vt 0.89488536 0.61803353
vt 0.92716193 0.62615526
vt 0.92166817 0.59295285
vt 0.96036422 0.67179888
vt 0.93207920 0.69729155
vt 0.98647141 0.68332076
vt 0.97866422 0.47980070
vt 0.92542785 0.51960111
vt 0.96218348 0.81844884
vt 0.93986171 0.76075363
vt 0.98904508 0.87446213
vt 0.93705899 0.81523401
vt 0.92767513 0.71929687
vt 0.91703326 0.74685109
vt 0.81890070 0.84051412
vt 0.82394749 0.91485620
vt 0.98680508 0.92239225
vt 0.93723112 0.91769278
vt 0.92598766 0.82996774
vt 0.86997586 0.91960645
vt 0.86920565 0.82965094
vt 0.89353585 0.51663786
vt 0.92459881 0.42815065
vt 0.87445849 0.42755765
vt 0.86697567 0.51715511
vt 0.79281807 0.42993677
vt 0.79374534 0.51998925
vt 0.49623856 0.63579959
vt 0.49641165 0.67767137
vt 0.42417014 0.67368793
vt 0.44276729 0.63370025
vt 0.38944024 0.62540674
vt 0.35328683 0.68048650
vt 0.86594707 0.72142786
vt 0.87562394 0.74719942
vt 0.82765967 0.74760705
vt 0.81629378 0.72162724
vt 0.78741068 0.73167771
vt 0.34494260 0.63027275
vt 0.28045332 0.67531496
vt 0.28420550 0.62867361
vt 0.23386303 0.62840700
vt 0.21698529 0.66016454
vt 0.15999925 0.61167496
vt 0.16459067 0.66333616
vt 0.11098029 0.65062314
vt 0.09896519 0.69578987
vt 0.10466948 0.58268672
vt 0.09624750 0.61775237
vt 0.16035782 0.69677436
vt 0.10417867 0.71707904
vt 0.22154179 0.69850063
vt 0.29611051 0.69925719
vt 0.07008672 0.58222300
vt 0.06461230 0.59950596
vt 0.03384663 0.58454680
vt 0.04356376 0.61271900
vt 0.02815187 0.63982290
vt 0.22954653 0.60101372
vt 0.19692604 0.59340638
vt 0.16121572 0.58895504
vt 0.77118689 0.75488645
vt 0.04057562 0.65260839
vt 0.96397632 0.92970544
vt 0.91759837 0.53179562
vt 0.91393554 0.52370298
vt 0.81997943 0.93020570
vt 0.86405438 0.93056601
vt 0.99367720 0.89807689
vt 0.48024878 0.70224237
vt 0.76847970 0.76638895
vt 0.01846683 0.59899825
vt 0.01603345 0.66181165
vt 0.02984793 0.69921088
vt 0.04115249 0.69685632
vt 0.81333202 0.62802762
vt 0.86593223 0.62766719
vt 0.60537541 0.60472625
vt 0.58754945 0.62169307
vt 0.09661426 0.65291095
vt 0.07509484 0.72065622
vt 0.30546260 0.60647672
vt 0.64375639 0.56490260
vt 0.63015634 0.57709241
vt 0.64044607 0.77511764
vt 0.61297470 0.75095123
vt 0.58883494 0.72167331
vt 0.53187180 0.71173257
vt 0.40968958 0.70146406
vt 0.76762050 0.56054252
vt 0.76754808 0.91575873
vt 0.79102129 0.92679518
vt 0.07350862 0.70409805
vt 0.05426050 0.70060295
vt 0.03323211 0.72288907
vt 0.43527943 0.61145788
vt 0.47789052 0.61826682
vt 0.40308377 0.60558343
vt 0.76781768 0.53076667
vt 0.78496462 0.52507859
vt 0.66570145 0.52888364
vt 0.68042135 0.50625736
vt 0.04472771 0.67913830
vt 0.16395555 0.71940333
vt 0.26669556 0.59643900
vt 0.38268876 0.70731783
vt 0.42493197 0.70832586
vt 0.92700142 0.75903827
vt 0.93616802 0.78379792
vt 0.01750841 0.70097429
vt 0.22371235 0.72185063
vt 0.25511259 0.71613824
vt 0.30777982 0.71086687
vt 0.70304126 0.86302358
vt 0.72965634 0.88961011
vt 0.68127948 0.83798176
vt 0.91679704 0.58869147
vt 0.77130699 0.71316469
vt 0.77064627 0.63622934
vt 0.84144753 0.75742114
vt 0.51265365 0.61342537
vt 0.92270547 0.63314271
vt 0.92597663 0.66097701
vt 0.56957793 0.60885721
vt 0.00942890 0.63081092
vt 0.03543774 0.56462580
vt 0.53902417 0.62208492
vt 0.01846242 0.57966024
vt 0.92667156 0.69498366
vt 0.70092720 0.47776949
vt 0.08534986 0.69170368
vt 0.09273748 0.67220372
vt 0.82519615 0.59179568
vt 0.09307498 0.56513977
vt 0.63235450 0.77807271
vt 0.58043367 0.73812991
vt 0.77242339 0.81909347
vt 0.09569759 0.73051149
vt 0.20811470 0.58559144
vt 0.15267177 0.57626349
vt 0.05781963 0.61233598
vt 0.04998400 0.61968619
vt 0.07668164 0.61306405
vt 0.04365852 0.63433623
vt 0.46271762 0.71531045
vt 0.99650574 0.63797671
vt 0.61475426 0.58442074
vt 0.54996371 0.72708011
vt 0.16763900 0.72944343
vt 0.01035815 0.68711859
vt 0.79738098 0.82397085
vt 0.75083774 0.90843171
vt 0.77501512 0.76186675
vt 0.09300797 0.63631588
vt 0.08378203 0.62194115
vt 0.33137801 0.72090805
vt 0.87142533 0.82207412
vt 0.93102324 0.81988639
vt 0.58031523 0.60209751
vt 0.64218432 0.55231470
vt 0.99697638 0.88898557
vt 0.31623927 0.59139466
vt 0.37809160 0.59654254
vt 0.84534407 0.71363497
vt 0.91961396 0.71346122
vt 0.92502213 0.70904773
vt 0.37845710 0.71786296
vt 0.85754615 0.52414072
vt 0.79119653 0.71533757
vt 0.84147453 0.63535392
vt 0.76861429 0.81447625
vt 0.76850957 0.78858733
vt 0.66668648 0.51505136
vt 0.68092108 0.49389887
vt 0.00897343 0.58740425
vt 0.46537733 0.59800375
vt 0.41508353 0.59364319
vt 0.69281060 0.47870463
vt 0.80886215 0.93723404
vt 0.99540180 0.92231810
vt 0.98938066 0.93216246
vt 0.98173118 0.93723404
vt 0.99709773 0.45948362
vt 0.03131240 0.55079055
vt 0.01735560 0.56489736
vt 0.25274587 0.57914138
vt 0.00374139 0.63979024
vt 0.86730367 0.93719965
vt 0.92410797 0.93672055
vt 0.04971989 0.54817051
vt 0.68180573 0.84725291
vt 0.76891065 0.58585161
vt 0.79985678 0.58789247
vt 0.71143496 0.88134158
vt 0.89065939 0.58742374
vt 0.91450971 0.58384216
vt 0.89543945 0.76195073
vt 0.77829134 0.93051827
vt 0.75921452 0.92275727
vt 0.51186734 0.59996837
vt 0.73336619 0.90214586
vt 0.09231174 0.64652061
vt 0.91321039 0.57444352
vt 0.19232710 0.57363945
vt 0.99853802 0.90389663
vt 0.09749190 0.55447847
vt 0.14409418 0.56345278
vt 0.56406391 0.59489393
vt 0.36076742 0.58108711
vt 0.39931250 0.58385766
vt 0.31227985 0.57759345
vt 0.58434242 0.58857697
vt 0.91956186 0.63554776
vt 0.00341131 0.68614841
vt 0.92358118 0.64560497
vt 0.01683632 0.55508018
vt 0.08858339 0.63345361
vt 0.00783326 0.56723154
vt 0.64864904 0.92947561
vt 0.65882820 0.93968070
vt 0.68373197 0.91471887
vt 0.68275207 0.93987268
vt 0.65022916 0.90797204
vt 0.64682543 0.89027357
vt 0.64936882 0.94905764
vt 0.68201602 0.89299005
vt 0.65019792 0.89224315
vt 0.68668658 0.88901877
vt 0.68762183 0.90668082
vt 0.68643016 0.94823790
vt 0.68107784 0.95934314
vt 0.64762408 0.96394765
vt 0.64698756 0.94005406
vt 0.68556809 0.96702129
vt 0.65327173 0.87652004
vt 0.64842963 0.86837381
vt 0.68471491 0.87249464
vt 0.68762183 0.86414808
vt 0.65185922 0.86470526
vt 0.64376217 0.89942724
vt 0.68573451 0.85638297
vt 0.36707965 0.44820291
vt 0.38617557 0.45404935
vt 0.36955562 0.46672559
vt 0.35674882 0.46287715
vt 0.39031446 0.47357154
vt 0.36701155 0.48617637
vt 0.38441104 0.48666751
vt 0.35019135 0.48379493
vt 0.37967294 0.43924433
vt 0.40514585 0.45765591
vt 0.39482048 0.44421875
vt 0.39880556 0.48536974
vt 0.40319526 0.43935156
vt 0.36368331 0.43960583
vt 0.34865141 0.45220077
vt 0.34405148 0.47233409
vt 0.35654518 0.49804366
vt 0.37822101 0.50106382
vt 0.33918032 0.45142001
vt 0.41079235 0.48484540
vt 0.41298929 0.46840835
vt 0.41374269 0.44199514
vt 0.39574283 0.42697847
vt 0.35050458 0.43349409
vt 0.33492261 0.48010588
vt 0.34295255 0.49858618
vt 0.33103719 0.45486110
vt 0.37635002 0.42659575
vt 0.40342531 0.49847531
vt 0.33343235 0.50106382
vt 0.33089668 0.43587697
vt 0.74021739 0.96706134
vt 0.70298177 0.96178693
vt 0.70500237 0.97604585
vt 0.73869044 0.97902238
vt 0.70049661 0.98667848
vt 0.72163695 0.95429093
vt 0.71853566 0.94883883
vt 0.70611471 0.94979650
vt 0.70500344 0.98922509
vt 0.73802209 0.99477631
vt 0.74220270 0.99031138
vt 0.71588653 0.93166661
vt 0.70781893 0.92904288
vt 0.71065462 0.91335601
vt 0.71572751 0.91765296
vt 0.70296550 0.99893618
vt 0.74075395 0.94524229
vt 0.72425127 0.94043797
vt 0.70114434 0.93868083
vt 0.72184658 0.92805803
vt 0.70622301 0.91627169
vt 0.69931775 0.95782167
vt 0.70192206 0.93644881
vt 0.69991469 0.91927510
vt 0.71646667 0.91054612
vt 0.72787434 0.92023283
vt 0.74220276 0.91486782
vt 0.70236862 0.92086703
vt 0.70533711 0.90957445
vt 0.55301255 0.43119752
vt 0.53599668 0.43359071
vt 0.55093968 0.41439104
vt 0.56474978 0.41763401
vt 0.56562674 0.43100381
vt 0.52287096 0.43270844
vt 0.51090580 0.41875213
vt 0.50964570 0.42846549
vt 0.49211812 0.43112183
vt 0.57932788 0.42995948
vt 0.58789110 0.41655844
vt 0.49039286 0.41602445
vt 0.46936861 0.42856455
vt 0.59549767 0.43142998
vt 0.60536456 0.41384804
vt 0.48128414 0.44158757
vt 0.46721485 0.44120109
vt 0.44539878 0.44128907
vt 0.44146681 0.42756128
vt 0.47316369 0.41567069
vt 0.45570031 0.41634750
vt 0.61669755 0.43029326
vt 0.61779237 0.40822279
vt 0.42225510 0.44140124
vt 0.59051746 0.40744680
vt 0.56666964 0.40807366
vt 0.41764131 0.42296356
vt 0.63755792 0.42390370
vt 0.49664667 0.44186425
vt 0.51469982 0.44210422
vt 0.43535718 0.41612005
vt 0.50894237 0.40871060
vt 0.53337586 0.40818304
vt 0.63923776 0.43714803
vt 0.65759557 0.43674815
vt 0.44630802 0.45231962
vt 0.54574901 0.44181144
vt 0.56620580 0.44133383
vt 0.46954221 0.45417356
vt 0.58423120 0.44270879
vt 0.48970649 0.45425534
vt 0.60134435 0.44217682
vt 0.62569243 0.44319659
vt 0.65585989 0.45000243
vt 0.68372321 0.45425534
vt 0.31814548 0.94370449
vt 0.32741854 0.98618144
vt 0.32900116 0.94719648
vt 0.31604472 0.98857111
vt 0.32808438 0.99680853
vt 0.31530213 0.92872339
vt 0.32257611 0.93750173
vt 0.33187133 0.93884826
vt 0.31637639 0.93266970
vt 0.33187133 0.99135029
vt 0.64229387 0.13145596
vt 0.63972402 0.14571828
vt 0.63699675 0.13547999
vt 0.63596493 0.15418184
vt 0.67502600 0.12994093
vt 0.67425823 0.14772624
vt 0.64137149 0.15734911
vt 0.67461210 0.16093814
vt 0.63973790 0.16870207
vt 0.67350900 0.17528600
vt 0.63833362 0.18191493
vt 0.67690057 0.18191493
vt 0.63694447 0.11546993
vt 0.67525297 0.11420316
vt 0.64183348 0.10957444
vt 0.07361986 0.97184008
vt 0.05932368 0.96563381
vt 0.07077732 0.95628732
vt 0.05365185 0.94347841
vt 0.05077001 0.96703351
vt 0.04727095 0.97340423
vt 0.08515225 0.96769875
vt 0.08479863 0.93756771
vt 0.08820663 0.97340423
vt 0.06253199 0.93622494
vt 0.07813065 0.93637258
vt 0.04933542 0.93510640
vt 0.04861698 0.93600303
vt 0.49234131 0.97858250
vt 0.50551867 0.95298046
vt 0.50436574 0.98561919
vt 0.49295104 0.94933414
vt 0.51444876 0.97979498
vt 0.51572675 0.95142978
vt 0.51640671 0.98617023
vt 0.49026620 0.98617023
vt 0.48976609 0.94583178
vt 0.49685171 0.94361705
vt 0.51705652 0.94570398
vt 0.43482649 0.96425515
vt 0.43477762 0.99216890
vt 0.42046249 0.96486658
vt 0.41986141 0.99165201
vt 0.43566662 0.94148934
vt 0.42304277 0.94285339
vt 0.41959065 0.94204986
vt 0.43908381 0.99468082
vt 0.43908381 0.94365442
vt 0.70039678 0.38676298
vt 0.68973392 0.38640702
vt 0.69248646 0.41569114
vt 0.70445651 0.41650701
vt 0.68876153 0.41875827
vt 0.70711499 0.38605666
vt 0.70686054 0.42234039
vt 0.70024383 0.37620580
vt 0.68979692 0.37458706
vt 0.70686054 0.36613995
vt 0.68762183 0.35851061
vt 0.28327474 0.51178718
vt 0.27499595 0.53070146
vt 0.27424765 0.50957447
vt 0.28313860 0.52963543
vt 0.26913968 0.52812594
vt 0.26559454 0.51208448
vt 0.26628199 0.53786099
vt 0.27246249 0.54361701
vt 0.45855284 0.52649683
vt 0.38384768 0.52751178
vt 0.44637477 0.51964539
vt 0.36669174 0.51964891
vt 0.29246393 0.51995075
vt 0.31150454 0.53331363
vt 0.47585547 0.51519924
vt 0.49875662 0.52214164
vt 0.44967532 0.51093185
vt 0.49212170 0.53429437
vt 0.44314033 0.53187722
vt 0.51900584 0.53406346
vt 0.45199153 0.53770715
vt 0.37891203 0.53867340
vt 0.30493537 0.54361701
vt 0.28144339 0.54102969
vt 0.34331888 0.84787232
vt 0.31939819 0.84609717
vt 0.32263190 0.83837795
vt 0.30908489 0.83751935
vt 0.33451408 0.83344442
vt 0.35721248 0.84249276
vt 0.29620194 0.84292096
vt 0.25735271 0.82422501
vt 0.26836979 0.81989175
vt 0.26314428 0.83624279
vt 0.27535665 0.83623862
vt 0.28006506 0.82999378
vt 0.24372792 0.83318096
vt 0.24936843 0.81914878
vt 0.22836207 0.82072687
vt 0.22058341 0.83639276
vt 0.21542338 0.81951261
vt 0.20391333 0.82102978
vt 0.20394503 0.83742738
vt 0.18883325 0.82048750
vt 0.18786424 0.83616656
vt 0.16958851 0.82217258
vt 0.17524214 0.83564222
vt 0.16430140 0.83439153
vt 0.29704639 0.83174235
vt 0.15278211 0.81898350
vt 0.15094163 0.83213896
vt 0.13683850 0.81323636
vt 0.13499026 0.82856619
vt 0.31438974 0.82229221
vt 0.17098428 0.81325608
vt 0.28515658 0.82001501
vt 0.30091098 0.81734878
vt 0.16578719 0.80586326
vt 0.18310654 0.80694860
vt 0.19908564 0.80800807
vt 0.25534633 0.84263968
vt 0.24165073 0.84242517
vt 0.22455738 0.84333420
vt 0.16636987 0.79468083
vt 0.14891694 0.79803389
vt 0.27651194 0.84528244
vt 0.19499007 0.84639150
vt 0.16397476 0.84787232
vt 0.13011695 0.25213671
vt 0.12362386 0.23794919
vt 0.12375117 0.25266230
vt 0.12917508 0.22872341
vt 0.12529315 0.26217473
vt 0.11709721 0.25173032
vt 0.11549708 0.24934536
vt 0.11905944 0.26759225
vt 0.12917508 0.26914895
vt 0.98628408 0.17702848
vt 0.97961551 0.18727136
vt 0.97816664 0.17017591
vt 0.98678941 0.20048141
vt 0.99227220 0.18908882
vt 0.96850586 0.17529833
vt 0.99652725 0.20977873
vt 0.99350667 0.22844172
vt 0.96840590 0.18986213
vt 0.98076439 0.20965266
vt 0.98877501 0.24075323
vt 0.99488145 0.26888400
vt 0.98935360 0.28469944
vt 0.99373543 0.32110727
vt 0.98339921 0.32862771
vt 0.98509049 0.35798758
vt 0.97912836 0.35226834
vt 0.95257145 0.17221510
vt 0.94876158 0.18620950
vt 0.90533680 0.18655431
vt 0.99951267 0.29602790
vt 0.90624344 0.17414725
vt 0.86376745 0.17984867
vt 0.85373259 0.18598354
vt 0.32283226 0.08972675
vt 0.31192490 0.07299489
vt 0.33003446 0.09631509
vt 0.33091596 0.11255240
vt 0.34086281 0.11168712
vt 0.34117860 0.12593091
vt 0.35122618 0.12263221
vt 0.31112701 0.08599526
vt 0.29549643 0.05199921
vt 0.29137194 0.06336486
vt 0.28017062 0.03700131
vt 0.26825887 0.04072171
vt 0.26505286 0.02684021
vt 0.24498214 0.02519315
vt 0.25277385 0.01350313
vt 0.22648567 0.00458831
vt 0.31577948 0.10397506
vt 0.21092062 0.01492226
vt 0.33024102 0.13143343
vt 0.34481174 0.14781350
vt 0.29802796 0.08624852
vt 0.35288712 0.13872540
vt 0.27535331 0.06460845
vt 0.36003619 0.16141206
vt 0.23960938 0.03413892
vt 0.20903590 0.02063686
vt 0.25740317 0.05531543
vt 0.35263804 0.17160535
vt 0.38420233 0.19121826
vt 0.38164395 0.17717993
vt 0.39895865 0.18534380
vt 0.42206106 0.19670773
vt 0.40472120 0.20708954
vt 0.11803942 0.00796336
vt 0.46284986 0.21066529
vt 0.47657943 0.19867969
vt 0.52460825 0.20649922
vt 0.18676883 0.00241756
vt 0.56302136 0.19975793
vt 0.51790071 0.19109809
vt 0.36739138 0.15392232
vt 0.11413879 0.00106382
vt 0.04060067 0.00369102
vt 0.56275201 0.19255513
vt 0.63757360 0.19175756
vt 0.41301841 0.18845439
vt 0.63686460 0.18667012
vt 0.57859010 0.18573874
vt 0.73809493 0.19174874
vt 0.73162508 0.18454760
vt 0.76812989 0.18646038
vt 0.39343157 0.33492869
vt 0.38759798 0.28953868
vt 0.42744064 0.31980705
vt 0.42786098 0.27510738
vt 0.46348608 0.27542299
vt 0.37168095 0.34249938
vt 0.36267781 0.26470697
vt 0.32567218 0.31045079
vt 0.35433528 0.33737826
vt 0.32290122 0.24592340
vt 0.36696821 0.21941626
vt 0.40863091 0.22873336
vt 0.32788137 0.16824353
vt 0.28812069 0.23740947
vt 0.29782537 0.14571506
vt 0.36888668 0.19877416
vt 0.31728438 0.13504088
vt 0.25370654 0.10177833
vt 0.28542620 0.09339702
vt 0.20960818 0.03359312
vt 0.23833658 0.13853371
vt 0.22976394 0.11317790
vt 0.18636535 0.11071932
vt 0.17482828 0.03181195
vt 0.10961613 0.10163927
vt 0.13771960 0.03218853
vt 0.07947603 0.04866701
vt 0.23244245 0.35616535
vt 0.23262987 0.31618565
vt 0.27193192 0.33906692
vt 0.24368559 0.47093266
vt 0.23356457 0.18226308
vt 0.07941368 0.10844511
vt 0.26479220 0.44757521
vt 0.30602911 0.41067708
vt 0.32454050 0.38033062
vt 0.06288499 0.01753658
vt 0.02570445 0.03513634
vt 0.01297073 0.01738274
vt 0.00896013 0.12812316
vt 0.04315823 0.15983504
vt 0.00969622 0.33665538
vt 0.04714772 0.25513560
vt 0.03432553 0.40514326
vt 0.02139354 0.50235695
vt 0.00916162 0.50061709
vt 0.08496162 0.47856808
vt 0.07047030 0.31700563
vt 0.06661524 0.28703386
vt 0.07896588 0.18533015
vt 0.07220445 0.21062541
vt 0.05797185 0.41400987
vt 0.05971002 0.34531623
vt 0.10354149 0.41777319
vt 0.11880524 0.19012272
vt 0.11842168 0.31931150
vt 0.16962832 0.49876428
vt 0.22269556 0.42078966
vt 0.23608872 0.41727436
vt 0.16154832 0.41868162
vt 0.17536207 0.21187121
vt 0.16682130 0.19048744
vt 0.22236943 0.19337237
vt 0.22297467 0.21716374
vt 0.13819671 0.33951956
vt 0.21814035 0.33131528
vt 0.22319913 0.34235555
vt 0.21649601 0.32015646
vt 0.22899590 0.31197512
vt 0.70772058 0.28159600
vt 0.65864193 0.23629773
vt 0.76113182 0.24302673
vt 0.64843923 0.27754450
vt 0.56936717 0.24046469
vt 0.56450862 0.27094895
vt 0.46314842 0.24014539
vt 0.56998640 0.30777144
vt 0.48547250 0.30934423
vt 0.79137743 0.29020834
vt 0.79771233 0.22603136
vt 0.83560681 0.28905940
vt 0.83607411 0.23378891
vt 0.80236024 0.32345641
vt 0.85667831 0.33547366
vt 0.68723845 0.31747472
vt 0.74257064 0.32461733
vt 0.63614511 0.30763280
vt 0.88549197 0.23970568
vt 0.86198527 0.28178018
vt 0.89712763 0.33783466
vt 0.86954850 0.20902401
vt 0.72786605 0.22143108
vt 0.77448702 0.21313381
vt 0.83266062 0.20774925
vt 0.91671163 0.21073234
vt 0.90501684 0.24479651
vt 0.90045702 0.28981531
vt 0.90585029 0.31738651
vt 0.92474115 0.33497667
vt 0.95500326 0.34447742
vt 0.91989309 0.23829406
vt 0.94636744 0.23416758
vt 0.96861506 0.22251225
vt 0.96107274 0.26277119
vt 0.96867585 0.33725750
vt 0.11171938 0.50924093
vt 0.83748525 0.34515226
vt 0.79366690 0.34449899
vt 0.35316560 0.36688799
vt 0.93703586 0.19747585
vt 0.28481284 0.44525546
vt 0.94390708 0.33514941
vt 0.95553517 0.31119418
vt 0.96024990 0.28275484
vt 0.22075734 0.49923462
vt 0.23054181 0.22495657
vt 0.90428352 0.27209550
vt 0.98064142 0.26850939
vt 0.91315514 0.35862327
vt 0.61567622 0.21592605
vt 0.66448480 0.20882261
vt 0.56315601 0.21524221
vt 0.49252510 0.22579664
vt 0.27222294 0.46618760
vt 0.24587995 0.48573440
vt 0.30889264 0.10765654
vt 0.30975702 0.42216194
vt 0.33273152 0.40318793
vt 0.00358177 0.29916561
vt 0.62851810 0.32190716
vt 0.67565000 0.33440983
vt 0.23116435 0.13581264
vt 0.83495152 0.36084324
vt 0.96290672 0.36347514
vt 0.22955981 0.40775400
vt 0.00641503 0.03524470
vt 0.34062904 0.38429838
vt 0.00316728 0.48335713
vt 0.02529342 0.51996273
vt 0.73239112 0.20290840
vt 0.81217641 0.35815251
vt 0.19828460 0.51486486
vt 0.59307015 0.32379156
vt 0.74428332 0.34882176
vt 0.12453113 0.30881608
vt 0.17707609 0.30690229
vt 0.07302696 0.30604082
vt 0.15877073 0.21965718
vt 0.20528634 0.22420704
vt 0.07469410 0.21783012
vt 0.22649013 0.22786868
vt 0.00792621 0.51087326
vt 0.85598475 0.19344890
vt 0.01729530 0.00277746
vt 0.37791282 0.35608315
vt 0.36029842 0.37270963
vt 0.07188945 0.27444792
vt 0.90894592 0.26200640
vt 0.06164692 0.40688670
vt 0.07346283 0.41123194
vt 0.79251796 0.19666475
vt 0.40969279 0.34018838
vt 0.95408916 0.26148462
vt 0.62051177 0.20462966
vt 0.12238537 0.51857567
vt 0.48320770 0.31907922
vt 0.00951878 0.01321918
vt 0.29254115 0.45073438
vt 0.08292228 0.18002355
vt 0.08283834 0.11729527
vt 0.08727454 0.11257148
vt 0.95067286 0.37058842
vt 0.64334244 0.33922684
vt 0.21297522 0.30794257
vt 0.22561662 0.30475676
vt 0.30964079 0.43237400
vt 0.32531428 0.41566008
vt 0.13465780 0.17838597
vt 0.20829807 0.18299675
vt 0.22948360 0.17814797
vt 0.68278992 0.34242761
vt 0.90873015 0.36985016
vt 0.85860133 0.36543238
vt 0.35254028 0.38991034
vt 0.90736562 0.29017651
vt 0.16518313 0.35138273
vt 0.10165597 0.34767056
vt 0.06439688 0.35306740
vt 0.06111383 0.37134129
vt 0.22281387 0.35471642
vt 0.43352687 0.33537197
vt 0.90917206 0.30879498
vt 0.92377853 0.32602036
vt 0.22850078 0.50839025
vt 0.45915052 0.32904184
vt 0.49363828 0.32816416
vt 0.58066362 0.33268851
vt 0.17056519 0.52141291
vt 0.22872530 0.35864514
vt 0.22628525 0.27602673
vt 0.22418745 0.11785305
vt 0.94911814 0.25061673
vt 0.93909419 0.24066621
vt 0.18003136 0.22537237
vt 0.25211388 0.49470174
vt 0.26815265 0.48195082
vt 0.20183055 0.41391826
vt 0.22477199 0.41055942
vt 0.28513306 0.46920586
vt 0.00048733 0.49038661
vt 0.13052963 0.22373974
vt 0.37133843 0.37427717
vt 0.22733840 0.12154913
vt 0.12056363 0.30402994
vt 0.07825478 0.30237162
vt 0.68176210 0.35124779
vt 0.65762705 0.35058326
vt 0.60690576 0.34055853
vt 0.39362383 0.36018270
vt 0.41626218 0.35004938
vt 0.97018808 0.37612998
vt 0.30362880 0.45055783
vt 0.00351128 0.05104929
vt 0.33143482 0.42105544
vt 0.80343992 0.36590165
vt 0.34809518 0.40652597
vt 0.00344053 0.01948833
vt 0.00186270 0.28649247
vt 0.07352789 0.29735196
vt 0.94667155 0.32309026
vt 0.93746865 0.32859123
vt 0.95625490 0.29045403
vt 0.95624226 0.27793670
vt 0.08578255 0.12248564
vt 0.15822300 0.52659577
vt 0.06466205 0.52535111
vt 0.01588892 0.52659577
vt 0.00139672 0.50849319
vt 0.62117654 0.13171113
vt 0.61586493 0.11622572
vt 0.62385780 0.11701447
vt 0.61039793 0.12277776
vt 0.63109159 0.11981040
vt 0.62481534 0.13985527
vt 0.63106942 0.14081305
vt 0.62574631 0.14982021
vt 0.46648321 0.12918866
vt 0.52410674 0.13451129
vt 0.45742834 0.13598096
vt 0.44386253 0.12346268
vt 0.53064752 0.11893088
vt 0.47497129 0.11823070
vt 0.58050287 0.12804937
vt 0.59994477 0.13903332
vt 0.61561614 0.14105386
vt 0.43362588 0.14121938
vt 0.42643952 0.12165201
vt 0.41281176 0.13187438
vt 0.41206583 0.11628801
vt 0.39230019 0.11737406
vt 0.47324124 0.14496654
vt 0.56711656 0.14497954
vt 0.60662615 0.14999998
vt 0.46076834 0.14982021
vt 0.55839473 0.11482155
vt 0.50165576 0.11382979
vt 0.44319621 0.11425501
vt 0.31876826 0.47611600
vt 0.32602340 0.46585780
vt 0.32591635 0.47978723
vt 0.31821129 0.46029365
vt 0.31134361 0.46645647
vt 0.32198572 0.44574469
vt 0.32546303 0.44732594
vt 0.31616613 0.47978723
vt 0.30653021 0.46836174
vt 0.98109114 0.01170212
vt 0.98781675 0.02446806
vt 0.98070037 0.01902407
vt 0.94980508 0.02446806
vt 0.57651073 0.94329250
vt 0.58138400 0.93723404
vt 0.58138400 0.94999999
f 1265/1265 1268/1268 1266/1266
f 1265/1265 1280/1280 1268/1268
f 1265/1265 1281/1281 1280/1280
f 1280/1280 1279/1279 1268/1268
f 1268/1268 1277/1277 1266/1266
f 1279/1279 1277/1277 1268/1268
f 1280/1280 1274/1274 1279/1279
f 1279/1279 1274/1274 1277/1277
f 1274/1274 1273/1273 1277/1277
f 1273/1273 1278/1278 1277/1277
f 1273/1273 1274/1274 1275/1275
f 1273/1273 1276/1276 1278/1278
f 1270/1270 1281/1281 1265/1265
f 1270/1270 1272/1272 1281/1281
f 1265/1265 1266/1266 1267/1267
f 1178/1178 1165/1165 1263/1263
f 1289/1289 1280/1280 1281/1281
f 1289/1289 1288/1288 1280/1280
f 1288/1288 1274/1274 1280/1280
f 1262/1262 1165/1165 1191/1191
f 1277/1277 1292/1292 1291/1291
f 1288/1288 1287/1287 1274/1274
f 1262/1262 1191/1191 1261/1261
f 1261/1261 1191/1191 1224/1224
f 1287/1287 1275/1275 1274/1274
f 1287/1287 1282/1282 1275/1275
f 1287/1287 1290/1290 1282/1282
f 1275/1275 1276/1276 1273/1273
f 805/805 804/804 795/795
f 1275/1275 1282/1282 1276/1276
f 1276/1276 1283/1283 1293/1293
f 1282/1282 1283/1283 1276/1276
f 1283/1283 1285/1285 1293/1293
f 1282/1282 1284/1284 1283/1283
f 1283/1283 1284/1284 1285/1285
f 1271/1271 1272/1272 1270/1270
f 1178/1178 1072/1072 1165/1165
f 1165/1165 1072/1072 1071/1071
f 1165/1165 1071/1071 1132/1132
f 1165/1165 1132/1132 1191/1191
f 1132/1132 1168/1168 1191/1191
f 1191/1191 1168/1168 1224/1224
f 804/804 803/803 794/794
f 795/795 804/804 794/794
f 794/794 788/788 795/795
f 794/794 782/782 788/788
f 794/794 803/803 782/782
f 1284/1284 1286/1286 1285/1285
f 782/782 783/783 788/788
f 1264/1264 1236/1236 1178/1178
f 1132/1132 1083/1083 1168/1168
f 1168/1168 1083/1083 1141/1141
f 1168/1168 1141/1141 1220/1220
f 803/803 802/802 782/782
f 782/782 775/775 783/783
f 775/775 785/785 783/783
f 1178/1178 1164/1164 1072/1072
f 1071/1071 1073/1073 1132/1132
f 1132/1132 1073/1073 1083/1083
f 1141/1141 1151/1151 1220/1220
f 1220/1220 1151/1151 1231/1231
f 802/802 774/774 782/782
f 782/782 774/774 775/775
f 774/774 771/771 775/775
f 775/775 771/771 785/785
f 1083/1083 1057/1057 1141/1141
f 1057/1057 1151/1151 1141/1141
f 802/802 800/800 774/774
f 774/774 770/770 771/771
f 774/774 800/800 770/770
f 1072/1072 1068/1068 1071/1071
f 1071/1071 1070/1070 1073/1073
f 1231/1231 1151/1151 1232/1232
f 770/770 764/764 771/771
f 764/764 786/786 785/785
f 771/771 764/764 785/785
f 1057/1057 1150/1150 1151/1151
f 1151/1151 1150/1150 1232/1232
f 798/798 770/770 800/800
f 1232/1232 1150/1150 1235/1235
f 798/798 765/765 770/770
f 770/770 765/765 764/764
f 1057/1057 1060/1060 1150/1150
f 798/798 761/761 765/765
f 798/798 797/797 761/761
f 761/761 763/763 764/764
f 765/765 761/761 764/764
f 764/764 763/763 786/786
f 786/786 763/763 793/793
f 1073/1073 1080/1080 1083/1083
f 1080/1080 1086/1086 1083/1083
f 1086/1086 1084/1084 1083/1083
f 1150/1150 1060/1060 1137/1137
f 1137/1137 1194/1194 1150/1150
f 1150/1150 1194/1194 1235/1235
f 1194/1194 1248/1248 1235/1235
f 1164/1164 1155/1155 1072/1072
f 1070/1070 1078/1078 1073/1073
f 1083/1083 1084/1084 1057/1057
f 1084/1084 1085/1085 1057/1057
f 797/797 762/762 761/761
f 761/761 762/762 763/763
f 1073/1073 1078/1078 1080/1080
f 1137/1137 1153/1153 1194/1194
f 1194/1194 1153/1153 1202/1202
f 1194/1194 1202/1202 1248/1248
f 766/766 767/767 763/763
f 762/762 766/766 763/763
f 763/763 767/767 793/793
f 797/797 790/790 762/762
f 1248/1248 1202/1202 1250/1250
f 762/762 790/790 766/766
f 1236/1236 1155/1155 1164/1164
f 1155/1155 1068/1068 1072/1072
f 1185/1185 1186/1186 1078/1078
f 1078/1078 1186/1186 1080/1080
f 1080/1080 1186/1186 1086/1086
f 1086/1086 1186/1186 1233/1233
f 1086/1086 1233/1233 1084/1084
f 1084/1084 1233/1233 1234/1234
f 1084/1084 1234/1234 1161/1161
f 1084/1084 1161/1161 1085/1085
f 1060/1060 1061/1061 1137/1137
f 1137/1137 1061/1061 1153/1153
f 1153/1153 1203/1203 1202/1202
f 1202/1202 1203/1203 1250/1250
f 766/766 768/768 767/767
f 767/767 792/792 793/793
f 1068/1068 1070/1070 1071/1071
f 33/33 38/38 25/25
f 18/18 20/20 21/21
f 30/30 18/18 24/24
f 24/24 21/21 28/28
f 766/766 790/790 768/768
f 1061/1061 1154/1154 1153/1153
f 1153/1153 1154/1154 1203/1203
f 1203/1203 1154/1154 1250/1250
f 1250/1250 1154/1154 1252/1252
f 790/790 789/789 768/768
f 789/789 769/769 768/768
f 768/768 769/769 767/767
f 767/767 772/772 792/792
f 769/769 772/772 767/767
f 1079/1079 1215/1215 1185/1185
f 1078/1078 1079/1079 1185/1185
f 870/870 869/869 867/867
f 869/869 864/864 867/867
f 867/867 864/864 866/866
f 866/866 865/865 868/868
f 1060/1060 1056/1056 1061/1061
f 1061/1061 1062/1062 1154/1154
f 1062/1062 1163/1163 1154/1154
f 1252/1252 1154/1154 1210/1210
f 1070/1070 1079/1079 1078/1078
f 864/864 865/865 866/866
f 1161/1161 1054/1054 1085/1085
f 1057/1057 1056/1056 1060/1060
f 1154/1154 1163/1163 1210/1210
f 776/776 769/769 789/789
f 789/789 801/801 776/776
f 776/776 773/773 769/769
f 769/769 773/773 772/772
f 773/773 780/780 772/772
f 1161/1161 1225/1225 1054/1054
f 1163/1163 1182/1182 1210/1210
f 1182/1182 1238/1238 1210/1210
f 801/801 799/799 776/776
f 776/776 799/799 777/777
f 398/398 396/396 399/399
f 776/776 777/777 773/773
f 1079/1079 1214/1214 1215/1215
f 869/869 873/873 871/871
f 869/869 871/871 864/864
f 864/864 871/871 872/872
f 864/864 872/872 865/865
f 1085/1085 1054/1054 1057/1057
f 1061/1061 1056/1056 1034/1034
f 1061/1061 1034/1034 1062/1062
f 1062/1062 1135/1135 1163/1163
f 1163/1163 1135/1135 1182/1182
f 773/773 781/781 780/780
f 276/276 264/264 278/278
f 264/264 263/263 278/278
f 278/278 263/263 277/277
f 277/277 263/263 273/273
f 1135/1135 1062/1062 1035/1035
f 1182/1182 1135/1135 1032/1032
f 1032/1032 1181/1181 1182/1182
f 1182/1182 1181/1181 1238/1238
f 799/799 796/796 777/777
f 1238/1238 1181/1181 1245/1245
f 796/796 778/778 777/777
f 777/777 778/778 773/773
f 778/778 779/779 773/773
f 773/773 779/779 781/781
f 357/357 352/352 350/350
f 357/357 356/356 352/352
f 357/357 373/373 372/372
f 372/372 356/356 357/357
f 356/356 353/353 352/352
f 352/352 353/353 351/351
f 372/372 367/367 356/356
f 356/356 367/367 353/353
f 180/180 181/181 179/179
f 353/353 355/355 354/354
f 353/353 354/354 351/351
f 367/367 355/355 353/353
f 180/180 185/185 182/182
f 180/180 182/182 181/181
f 367/367 368/368 355/355
f 355/355 360/360 354/354
f 182/182 186/186 181/181
f 368/368 360/360 355/355
f 1236/1236 1254/1254 1155/1155
f 1070/1070 1074/1074 1079/1079
f 276/276 275/275 264/264
f 1214/1214 1079/1079 1213/1213
f 264/264 260/260 263/263
f 263/263 271/271 273/273
f 275/275 267/267 264/264
f 267/267 260/260 264/264
f 260/260 258/258 263/263
f 263/263 258/258 271/271
f 260/260 256/256 258/258
f 267/267 256/256 260/260
f 275/275 266/266 267/267
f 267/267 266/266 256/256
f 257/257 259/259 258/258
f 256/256 257/257 258/258
f 258/258 259/259 271/271
f 259/259 272/272 271/271
f 266/266 265/265 256/256
f 265/265 257/257 256/256
f 265/265 262/262 257/257
f 257/257 262/262 261/261
f 257/257 261/261 259/259
f 265/265 269/269 262/262
f 259/259 261/261 272/272
f 262/262 268/268 261/261
f 261/261 268/268 272/272
f 269/269 270/270 262/262
f 1216/1216 1093/1093 1225/1225
f 268/268 274/274 272/272
f 1225/1225 1093/1093 1054/1054
f 1054/1054 1056/1056 1057/1057
f 779/779 791/791 781/781
f 365/365 347/347 345/345
f 345/345 347/347 346/346
f 374/374 364/364 365/365
f 365/365 364/364 347/347
f 347/347 348/348 346/346
f 161/161 171/171 160/160
f 161/161 173/173 172/172
f 161/161 172/172 171/171
f 364/364 350/350 347/347
f 364/364 366/366 350/350
f 347/347 349/349 348/348
f 349/349 381/381 348/348
f 172/172 176/176 171/171
f 347/347 350/350 349/349
f 173/173 162/162 200/200
f 173/173 200/200 198/198
f 350/350 351/351 349/349
f 349/349 351/351 381/381
f 173/173 174/174 172/172
f 173/173 198/198 174/174
f 172/172 177/177 176/176
f 373/373 357/357 366/366
f 366/366 357/357 350/350
f 351/351 384/384 381/381
f 174/174 178/178 172/172
f 172/172 178/178 177/177
f 178/178 179/179 177/177
f 198/198 192/192 174/174
f 174/174 189/189 178/178
f 174/174 192/192 189/189
f 178/178 180/180 179/179
f 189/189 180/180 178/178
f 189/189 192/192 193/193
f 351/351 354/354 384/384
f 354/354 391/391 384/384
f 189/189 185/185 180/180
f 189/189 193/193 185/185
f 1198/1198 1160/1160 1247/1247
f 354/354 386/386 391/391
f 354/354 360/360 386/386
f 182/182 191/191 186/186
f 368/368 389/389 382/382
f 368/368 382/382 360/360
f 185/185 190/190 182/182
f 182/182 190/190 191/191
f 360/360 382/382 386/386
f 1079/1079 1091/1091 1213/1213
f 1213/1213 1091/1091 1212/1212
f 1212/1212 1091/1091 1093/1093
f 266/266 269/269 265/265
f 1212/1212 1093/1093 1216/1216
f 1054/1054 1055/1055 1056/1056
f 1062/1062 1034/1034 1035/1035
f 1035/1035 1032/1032 1135/1135
f 1032/1032 1027/1027 1181/1181
f 1027/1027 1188/1188 1181/1181
f 1181/1181 1188/1188 1245/1245
f 188/188 184/184 187/187
f 1245/1245 1188/1188 1246/1246
f 184/184 183/183 187/187
f 778/778 784/784 779/779
f 784/784 787/787 779/779
f 379/379 363/363 362/362
f 379/379 362/362 380/380
f 378/378 377/377 363/363
f 340/340 343/343 341/341
f 151/151 158/158 164/164
f 343/343 344/344 341/341
f 369/369 343/343 340/340
f 151/151 150/150 158/158
f 150/150 157/157 194/194
f 150/150 159/159 158/158
f 369/369 365/365 343/343
f 365/365 345/345 343/343
f 343/343 345/345 344/344
f 150/150 194/194 159/159
f 375/375 365/365 369/369
f 345/345 346/346 344/344
f 344/344 346/346 383/383
f 159/159 160/160 158/158
f 375/375 374/374 365/365
f 159/159 161/161 160/160
f 346/346 387/387 383/383
f 159/159 162/162 161/161
f 159/159 194/194 162/162
f 346/346 348/348 387/387
f 387/387 348/348 390/390
f 162/162 173/173 161/161
f 1170/1170 1167/1167 1251/1251
f 348/348 381/381 390/390
f 1251/1251 1167/1167 1159/1159
f 1159/1159 1145/1145 1209/1209
f 1209/1209 1145/1145 1208/1208
f 1145/1145 1160/1160 1198/1198
f 1208/1208 1145/1145 1198/1198
f 1160/1160 968/968 1247/1247
f 199/199 190/190 185/185
f 1247/1247 968/968 967/967
f 382/382 393/393 386/386
f 199/199 201/201 190/190
f 190/190 201/201 191/191
f 191/191 201/201 202/202
f 191/191 202/202 203/203
f 203/203 202/202 204/204
f 1079/1079 1074/1074 1082/1082
f 1079/1079 1082/1082 1091/1091
f 1082/1082 1092/1092 1091/1091
f 1091/1091 1092/1092 1093/1093
f 1092/1092 1095/1095 1093/1093
f 1093/1093 1095/1095 1054/1054
f 1054/1054 1095/1095 1055/1055
f 1188/1188 1217/1217 1246/1246
f 184/184 170/170 183/183
f 170/170 169/169 183/183
f 184/184 175/175 170/170
f 170/170 168/168 169/169
f 377/377 359/359 363/363
f 363/363 359/359 361/361
f 363/363 361/361 362/362
f 377/377 376/376 359/359
f 359/359 332/332 361/361
f 338/338 339/339 331/331
f 152/152 153/153 149/149
f 370/370 340/340 337/337
f 337/337 340/340 338/338
f 152/152 164/164 163/163
f 370/370 369/369 340/340
f 338/338 341/341 339/339
f 149/149 151/151 152/152
f 152/152 151/151 164/164
f 340/340 341/341 338/338
f 1243/1243 1199/1199 1207/1207
f 149/149 150/150 151/151
f 149/149 157/157 150/150
f 1243/1243 1207/1207 1242/1242
f 341/341 342/342 339/339
f 341/341 344/344 342/342
f 1242/1242 1207/1207 1170/1170
f 383/383 387/387 402/402
f 1170/1170 1134/1134 1167/1167
f 1167/1167 1134/1134 1133/1133
f 1167/1167 1133/1133 1159/1159
f 1133/1133 1110/1110 1159/1159
f 1159/1159 1110/1110 1145/1145
f 1110/1110 1116/1116 1145/1145
f 1145/1145 1116/1116 1126/1126
f 1145/1145 1126/1126 1160/1160
f 1160/1160 1126/1126 1131/1131
f 1160/1160 1131/1131 968/968
f 727/727 731/731 719/719
f 727/727 719/719 725/725
f 1082/1082 1094/1094 1092/1092
f 1092/1092 1094/1094 1095/1095
f 1027/1027 1029/1029 1188/1188
f 388/388 334/334 595/595
f 1188/1188 1029/1029 1217/1217
f 1217/1217 1029/1029 1221/1221
f 175/175 168/168 170/170
f 168/168 167/167 169/169
f 175/175 156/156 168/168
f 175/175 197/197 156/156
f 361/361 332/332 334/334
f 168/168 156/156 167/167
f 376/376 358/358 359/359
f 359/359 358/358 332/332
f 332/332 333/333 334/334
f 156/156 166/166 167/167
f 358/358 336/336 332/332
f 332/332 330/330 333/333
f 156/156 165/165 166/166
f 358/358 371/371 336/336
f 156/156 155/155 165/165
f 336/336 328/328 332/332
f 332/332 328/328 330/330
f 328/328 329/329 330/330
f 156/156 154/154 155/155
f 155/155 163/163 165/165
f 371/371 370/370 337/337
f 371/371 337/337 336/336
f 336/336 337/337 331/331
f 336/336 331/331 328/328
f 328/328 331/331 329/329
f 154/154 153/153 152/152
f 154/154 152/152 155/155
f 155/155 152/152 163/163
f 329/329 331/331 335/335
f 1244/1244 1223/1223 1199/1199
f 331/331 385/385 335/335
f 331/331 339/339 385/385
f 1199/1199 1243/1243 1244/1244
f 1199/1199 1157/1157 1207/1207
f 342/342 402/402 615/615
f 1157/1157 1170/1170 1207/1207
f 1157/1157 1112/1112 1170/1170
f 1170/1170 1112/1112 1134/1134
f 1116/1116 1124/1124 1125/1125
f 321/321 301/301 314/314
f 1116/1116 1125/1125 1126/1126
f 943/943 945/945 947/947
f 947/947 945/945 950/950
f 1125/1125 1138/1138 1126/1126
f 968/968 966/966 967/967
f 719/719 716/716 725/725
f 716/716 708/708 725/725
f 725/725 726/726 730/730
f 725/725 708/708 726/726
f 1173/1173 1171/1171 1074/1074
f 1074/1074 1171/1171 1082/1082
f 1082/1082 1171/1171 1094/1094
f 1171/1171 1172/1172 1094/1094
f 1094/1094 1172/1172 1200/1200
f 1200/1200 1201/1201 1094/1094
f 1094/1094 1201/1201 1095/1095
f 1221/1221 1029/1029 1192/1192
f 333/333 392/392 334/334
f 1221/1221 1192/1192 1222/1222
f 196/196 156/156 197/197
f 196/196 195/195 156/156
f 1222/1222 1192/1192 1223/1223
f 330/330 394/394 392/392
f 195/195 154/154 156/156
f 1223/1223 1192/1192 1169/1169
f 195/195 153/153 154/154
f 1223/1223 1169/1169 1199/1199
f 1169/1169 1156/1156 1199/1199
f 1199/1199 1156/1156 1157/1157
f 1111/1111 1112/1112 1157/1157
f 1134/1134 1112/1112 1109/1109
f 1134/1134 1109/1109 1133/1133
f 1109/1109 1110/1110 1133/1133
f 314/314 301/301 303/303
f 314/314 303/303 307/307
f 946/946 944/944 943/943
f 943/943 944/944 945/945
f 945/945 944/944 948/948
f 945/945 948/948 950/950
f 744/744 754/754 739/739
f 1131/1131 966/966 968/968
f 966/966 965/965 967/967
f 731/731 724/724 719/719
f 404/404 609/609 403/403
f 719/719 724/724 715/715
f 719/719 715/715 716/716
f 1075/1075 1173/1173 1074/1074
f 1173/1173 1255/1255 1241/1241
f 1171/1171 1240/1240 1172/1172
f 1035/1035 1033/1033 1032/1032
f 1032/1032 1028/1028 1027/1027
f 1029/1029 1104/1104 1192/1192
f 1104/1104 1103/1103 1169/1169
f 1192/1192 1104/1104 1169/1169
f 1169/1169 1103/1103 1156/1156
f 626/626 615/615 565/565
f 1156/1156 1113/1113 1157/1157
f 1157/1157 1113/1113 1111/1111
f 1124/1124 1219/1219 1125/1125
f 301/301 302/302 303/303
f 1219/1219 1257/1257 1138/1138
f 1125/1125 1219/1219 1138/1138
f 754/754 750/750 739/739
f 1257/1257 1256/1256 1138/1138
f 1138/1138 1256/1256 1139/1139
f 708/708 717/717 726/726
f 715/715 704/704 716/716
f 716/716 704/704 708/708
f 1074/1074 1069/1069 1075/1075
f 1056/1056 1055/1055 1040/1040
f 1056/1056 1040/1040 1034/1034
f 1034/1034 1033/1033 1035/1035
f 1103/1103 1113/1113 1156/1156
f 1109/1109 1107/1107 1110/1110
f 1110/1110 1115/1115 1116/1116
f 309/309 305/305 323/323
f 1124/1124 1218/1218 1219/1219
f 1138/1138 1139/1139 1126/1126
f 1126/1126 1139/1139 1131/1131
f 724/724 714/714 715/715
f 1068/1068 1069/1069 1070/1070
f 1070/1070 1069/1069 1074/1074
f 1075/1075 1183/1183 1173/1173
f 839/839 831/831 837/837
f 831/831 833/833 837/837
f 837/837 833/833 838/838
f 838/838 833/833 841/841
f 1201/1201 1226/1226 1095/1095
f 1033/1033 1028/1028 1032/1032
f 1027/1027 1028/1028 1029/1029
f 1028/1028 1030/1030 1029/1029
f 1029/1029 1030/1030 1031/1031
f 1029/1029 1031/1031 1104/1104
f 1031/1031 1103/1103 1104/1104
f 1111/1111 1096/1096 1112/1112
f 1112/1112 1105/1105 1109/1109
f 1109/1109 1105/1105 1107/1107
f 1116/1116 1123/1123 1124/1124
f 304/304 308/308 306/306
f 306/306 311/311 310/310
f 715/715 714/714 704/704
f 704/704 706/706 708/708
f 708/708 706/706 717/717
f 566/566 548/548 489/489
f 1103/1103 1099/1099 1113/1113
f 1113/1113 1099/1099 1111/1111
f 1099/1099 1096/1096 1111/1111
f 1112/1112 1096/1096 1105/1105
f 1110/1110 1107/1107 1115/1115
f 309/309 313/313 304/304
f 304/304 313/313 308/308
f 1139/1139 1140/1140 1131/1131
f 966/966 964/964 965/965
f 714/714 701/701 704/704
f 833/833 840/840 841/841
f 1034/1034 1036/1036 1033/1033
f 1103/1103 1031/1031 1101/1101
f 1103/1103 1101/1101 1099/1099
f 1123/1123 1143/1143 1124/1124
f 1124/1124 1143/1143 1211/1211
f 1124/1124 1211/1211 1218/1218
f 313/313 319/319 308/308
f 308/308 315/315 306/306
f 306/306 315/315 311/311
f 1139/1139 1258/1258 1140/1140
f 1130/1130 1129/1129 1131/1131
f 1140/1140 1130/1130 1131/1131
f 1129/1129 1144/1144 1131/1131
f 1131/1131 1144/1144 966/966
f 673/673 646/646 609/609
f 701/701 703/703 704/704
f 704/704 703/703 706/706
f 1095/1095 1142/1142 1055/1055
f 1028/1028 1038/1038 1030/1030
f 1116/1116 1114/1114 1123/1123
f 315/315 319/319 324/324
f 591/591 661/661 539/539
f 313/313 325/325 319/319
f 315/315 324/324 311/311
f 964/964 963/963 965/965
f 965/965 963/963 972/972
f 706/706 718/718 717/717
f 1075/1075 1077/1077 1183/1183
f 1183/1183 1077/1077 1176/1176
f 831/831 836/836 832/832
f 831/831 832/832 833/833
f 1226/1226 1142/1142 1095/1095
f 1034/1034 1040/1040 1036/1036
f 1105/1105 1098/1098 1106/1106
f 1105/1105 1106/1106 1107/1107
f 1115/1115 1114/1114 1116/1116
f 661/661 613/613 539/539
f 1143/1143 1184/1184 1211/1211
f 313/313 327/327 326/326
f 313/313 326/326 325/325
f 325/325 326/326 319/319
f 1258/1258 1259/1259 1140/1140
f 966/966 1144/1144 964/964
f 714/714 709/709 701/701
f 701/701 702/702 703/703
f 706/706 707/707 718/718
f 832/832 834/834 833/833
f 833/833 834/834 840/840
f 1055/1055 1142/1142 1058/1058
f 1055/1055 1058/1058 1040/1040
f 1033/1033 1037/1037 1028/1028
f 1037/1037 1038/1038 1028/1028
f 1030/1030 1102/1102 1031/1031
f 1031/1031 1102/1102 1101/1101
f 1101/1101 1100/1100 1099/1099
f 1100/1100 1097/1097 1099/1099
f 1099/1099 1097/1097 1096/1096
f 1096/1096 1098/1098 1105/1105
f 1123/1123 1114/1114 1122/1122
f 1123/1123 1122/1122 1143/1143
f 319/319 326/326 324/324
f 700/700 698/698 696/696
f 661/661 676/676 613/613
f 1259/1259 1189/1189 1140/1140
f 817/817 819/819 818/818
f 728/728 709/709 714/714
f 709/709 702/702 701/701
f 1155/1155 1066/1066 1068/1068
f 836/836 835/835 832/832
f 832/832 835/835 834/834
f 834/834 842/842 840/840
f 1226/1226 1177/1177 1142/1142
f 1030/1030 1038/1038 1102/1102
f 1101/1101 1102/1102 1100/1100
f 1096/1096 1097/1097 1098/1098
f 1143/1143 1122/1122 1184/1184
f 695/695 694/694 698/698
f 694/694 696/696 698/698
f 1189/1189 1130/1130 1140/1140
f 964/964 962/962 963/963
f 702/702 705/705 703/703
f 703/703 705/705 706/706
f 706/706 705/705 707/707
f 835/835 843/843 834/834
f 674/674 672/672 581/581
f 1106/1106 1108/1108 1107/1107
f 1107/1107 1108/1108 1114/1114
f 1107/1107 1114/1114 1115/1115
f 683/683 686/686 695/695
f 695/695 686/686 694/694
f 694/694 686/686 685/685
f 694/694 685/685 696/696
f 696/696 685/685 687/687
f 686/686 682/682 685/685
f 829/829 816/816 830/830
f 830/830 816/816 828/828
f 1228/1228 1130/1130 1189/1189
f 961/961 962/962 964/964
f 1144/1144 961/961 964/964
f 962/962 959/959 963/963
f 728/728 723/723 709/709
f 218/218 212/212 216/216
f 216/216 212/212 214/214
f 218/218 205/205 212/212
f 212/212 213/213 214/214
f 218/218 219/219 205/205
f 205/205 207/207 212/212
f 212/212 207/207 213/213
f 213/213 215/215 214/214
f 219/219 220/220 206/206
f 219/219 206/206 205/205
f 205/205 206/206 207/207
f 207/207 209/209 213/213
f 213/213 209/209 215/215
f 1230/1230 1174/1174 1175/1175
f 206/206 208/208 207/207
f 207/207 208/208 209/209
f 221/221 208/208 206/206
f 220/220 221/221 206/206
f 209/209 217/217 215/215
f 208/208 210/210 209/209
f 209/209 210/210 217/217
f 1175/1175 1090/1090 1177/1177
f 221/221 222/222 211/211
f 221/221 211/211 208/208
f 208/208 211/211 210/210
f 1036/1036 1037/1037 1033/1033
f 1038/1038 1149/1149 1102/1102
f 1102/1102 1149/1149 1100/1100
f 1100/1100 1146/1146 1097/1097
f 1097/1097 1118/1118 1098/1098
f 1122/1122 1127/1127 1184/1184
f 695/695 699/699 683/683
f 683/683 682/682 686/686
f 682/682 680/680 685/685
f 685/685 680/680 687/687
f 687/687 680/680 688/688
f 683/683 678/678 682/682
f 683/683 699/699 678/678
f 678/678 699/699 692/692
f 682/682 678/678 680/680
f 680/680 681/681 688/688
f 678/678 679/679 680/680
f 679/679 681/681 680/680
f 681/681 689/689 688/688
f 679/679 684/684 681/681
f 681/681 684/684 690/690
f 681/681 690/690 689/689
f 692/692 691/691 684/684
f 684/684 691/691 690/690
f 690/690 693/693 689/689
f 1228/1228 1128/1128 1130/1130
f 709/709 711/711 702/702
f 1254/1254 1249/1249 1155/1155
f 1068/1068 1067/1067 1069/1069
f 1067/1067 1075/1075 1069/1069
f 223/223 218/218 216/216
f 223/223 219/219 218/218
f 1176/1176 1174/1174 1237/1237
f 1176/1176 1077/1077 1174/1174
f 1174/1174 1077/1077 1087/1087
f 1174/1174 1230/1230 1237/1237
f 1174/1174 1087/1087 1175/1175
f 1087/1087 1090/1090 1175/1175
f 1177/1177 1090/1090 1142/1142
f 1040/1040 1039/1039 1036/1036
f 1037/1037 1042/1042 1038/1038
f 1008/1008 1010/1010 1038/1038
f 1038/1038 1010/1010 1149/1149
f 1149/1149 1148/1148 1100/1100
f 1148/1148 1146/1146 1100/1100
f 1118/1118 1119/1119 1098/1098
f 1119/1119 1106/1106 1098/1098
f 1127/1127 1128/1128 1229/1229
f 692/692 684/684 678/678
f 1229/1229 1128/1128 1228/1228
f 1129/1129 961/961 1144/1144
f 705/705 712/712 707/707
f 707/707 712/712 718/718
f 1081/1081 1088/1088 1087/1087
f 1077/1077 1081/1081 1087/1087
f 1087/1087 1088/1088 1089/1089
f 1087/1087 1089/1089 1090/1090
f 1090/1090 1089/1089 1142/1142
f 1036/1036 1039/1039 1037/1037
f 1042/1042 1008/1008 1038/1038
f 1149/1149 1010/1010 1012/1012
f 1149/1149 1012/1012 1148/1148
f 1097/1097 1146/1146 1147/1147
f 1097/1097 1147/1147 1118/1118
f 1106/1106 1120/1120 1108/1108
f 1108/1108 1120/1120 1117/1117
f 1108/1108 1117/1117 1114/1114
f 1117/1117 1121/1121 1114/1114
f 1114/1114 1121/1121 1122/1122
f 1122/1122 1121/1121 1127/1127
f 1127/1127 1121/1121 1128/1128
f 1128/1128 1121/1121 1129/1129
f 1128/1128 1129/1129 1130/1130
f 962/962 961/961 959/959
f 723/723 713/713 711/711
f 711/711 710/710 702/702
f 702/702 710/710 705/705
f 1077/1077 1076/1076 1081/1081
f 1089/1089 1058/1058 1142/1142
f 1040/1040 1041/1041 1039/1039
f 1042/1042 1004/1004 1008/1008
f 1004/1004 1007/1007 1008/1008
f 1008/1008 1007/1007 1010/1010
f 1010/1010 1007/1007 1011/1011
f 1010/1010 1011/1011 1012/1012
f 1012/1012 1011/1011 1014/1014
f 1012/1012 1014/1014 1148/1148
f 1014/1014 1190/1190 1148/1148
f 1148/1148 1190/1190 1146/1146
f 1146/1146 1190/1190 1147/1147
f 1118/1118 1147/1147 1166/1166
f 1118/1118 1166/1166 1119/1119
f 1106/1106 1119/1119 1120/1120
f 961/961 955/955 959/959
f 711/711 713/713 710/710
f 705/705 710/710 712/712
f 1068/1068 1066/1066 1064/1064
f 1068/1068 1064/1064 1067/1067
f 1076/1076 1195/1195 1081/1081
f 1195/1195 1204/1204 1081/1081
f 1204/1204 1205/1205 1088/1088
f 1081/1081 1204/1204 1088/1088
f 1088/1088 1205/1205 1089/1089
f 1089/1089 1205/1205 1206/1206
f 1089/1089 1206/1206 1058/1058
f 1037/1037 1003/1003 1042/1042
f 1004/1004 1006/1006 1007/1007
f 1006/1006 1021/1021 1007/1007
f 56/56 55/55 54/54
f 1011/1011 1015/1015 1014/1014
f 1015/1015 1019/1019 1014/1014
f 1190/1190 1014/1014 1020/1020
f 1190/1190 1020/1020 1147/1147
f 1020/1020 1166/1166 1147/1147
f 1166/1166 1187/1187 1119/1119
f 1119/1119 1187/1187 1120/1120
f 1121/1121 1136/1136 1129/1129
f 959/959 955/955 958/958
f 710/710 720/720 712/712
f 712/712 720/720 729/729
f 1075/1075 1067/1067 1077/1077
f 1077/1077 1067/1067 1076/1076
f 239/239 233/233 243/243
f 1047/1047 1040/1040 1058/1058
f 1042/1042 1003/1003 1004/1004
f 1004/1004 1005/1005 1006/1006
f 82/82 79/79 61/61
f 96/96 51/51 52/52
f 52/52 51/51 50/50
f 1023/1023 1022/1022 1019/1019
f 1019/1019 1022/1022 1020/1020
f 1020/1020 1024/1024 1166/1166
f 1166/1166 1024/1024 1187/1187
f 1024/1024 1026/1026 1187/1187
f 1026/1026 975/975 1187/1187
f 1187/1187 1179/1179 1120/1120
f 1120/1120 1179/1179 1117/1117
f 1117/1117 1179/1179 1136/1136
f 1117/1117 1136/1136 1121/1121
f 1136/1136 960/960 1129/1129
f 960/960 961/961 1129/1129
f 955/955 956/956 958/958
f 713/713 722/722 710/710
f 710/710 721/721 720/720
f 245/245 246/246 241/241
f 814/814 806/806 812/812
f 812/812 806/806 808/808
f 812/812 808/808 813/813
f 1037/1037 1039/1039 1003/1003
f 1003/1003 999/999 1004/1004
f 1004/1004 999/999 1005/1005
f 932/932 929/929 924/924
f 84/84 80/80 79/79
f 44/44 43/43 41/41
f 41/41 43/43 42/42
f 73/73 42/42 75/75
f 42/42 62/62 75/75
f 75/75 62/62 76/76
f 1187/1187 975/975 1179/1179
f 1179/1179 971/971 1136/1136
f 971/971 970/970 1136/1136
f 970/970 960/960 1136/1136
f 961/961 960/960 953/953
f 961/961 953/953 955/955
f 955/955 952/952 956/956
f 677/677 675/675 644/644
f 677/677 644/644 634/634
f 710/710 722/722 721/721
f 1249/1249 1162/1162 1155/1155
f 655/655 662/662 576/576
f 995/995 999/999 1003/1003
f 999/999 1016/1016 1005/1005
f 938/938 933/933 932/932
f 975/975 974/974 971/971
f 974/974 973/973 971/971
f 960/960 957/957 953/953
f 675/675 643/643 644/644
f 1076/1076 1196/1196 1195/1195
f 1195/1195 1196/1196 1260/1260
f 662/662 524/524 576/576
f 811/811 809/809 806/806
f 1206/1206 1158/1158 1058/1058
f 1058/1058 1158/1158 1047/1047
f 1041/1041 1043/1043 1039/1039
f 1039/1039 995/995 1003/1003
f 973/973 969/969 971/971
f 960/960 969/969 957/957
f 957/957 954/954 953/953
f 1067/1067 1059/1059 1076/1076
f 1076/1076 1059/1059 1196/1196
f 1039/1039 1043/1043 994/994
f 1039/1039 994/994 995/995
f 995/995 997/997 999/999
f 999/999 997/997 1016/1016
f 1067/1067 1053/1053 1059/1059
f 808/808 807/807 815/815
f 806/806 809/809 807/807
f 806/806 807/807 808/808
f 1047/1047 1044/1044 1040/1040
f 995/995 994/994 981/981
f 981/981 997/997 995/995
f 934/934 916/916 918/918
f 1307/1307 1308/1308 1309/1309
f 1239/1239 1048/1048 1158/1158
f 1158/1158 1048/1048 1047/1047
f 1048/1048 1044/1044 1047/1047
f 1044/1044 1041/1041 1040/1040
f 917/917 937/937 941/941
f 6/6 12/12 16/16
f 17/17 9/9 5/5
f 807/807 809/809 810/810
f 17/17 5/5 6/6
f 1239/1239 1227/1227 1048/1048
f 852/852 847/847 844/844
f 8/8 15/15 7/7
f 15/15 14/14 7/7
f 1041/1041 1045/1045 1043/1043
f 1043/1043 1152/1152 992/992
f 1043/1043 992/992 994/994
f 994/994 992/992 979/979
f 994/994 979/979 981/981
f 979/979 980/980 981/981
f 981/981 980/980 982/982
f 1196/1196 1197/1197 1260/1260
f 1196/1196 1059/1059 1197/1197
f 5/5 3/3 6/6
f 5/5 1/1 3/3
f 6/6 3/3 12/12
f 9/9 1/1 5/5
f 3/3 11/11 12/12
f 2/2 4/4 3/3
f 1/1 2/2 3/3
f 9/9 2/2 1/1
f 3/3 4/4 11/11
f 9/9 10/10 2/2
f 1197/1197 1059/1059 1227/1227
f 1227/1227 1059/1059 1049/1049
f 4/4 13/13 11/11
f 1227/1227 1049/1049 1048/1048
f 10/10 8/8 2/2
f 2/2 7/7 4/4
f 2/2 8/8 7/7
f 1045/1045 1152/1152 1043/1043
f 979/979 978/978 980/980
f 1051/1051 1049/1049 1059/1059
f 1044/1044 1045/1045 1041/1041
f 992/992 983/983 979/979
f 979/979 976/976 978/978
f 1053/1053 1051/1051 1059/1059
f 1045/1045 996/996 1152/1152
f 1152/1152 996/996 992/992
f 1064/1064 1053/1053 1067/1067
f 1049/1049 1046/1046 1048/1048
f 1044/1044 1002/1002 1045/1045
f 996/996 983/983 992/992
f 983/983 977/977 976/976
f 1066/1066 1065/1065 1064/1064
f 1051/1051 1052/1052 1050/1050
f 1051/1051 1050/1050 1049/1049
f 1049/1049 1050/1050 1046/1046
f 1048/1048 1046/1046 1044/1044
f 998/998 996/996 1045/1045
f 1162/1162 1065/1065 1066/1066
f 1044/1044 1046/1046 1002/1002
f 1002/1002 998/998 1045/1045
f 998/998 985/985 996/996
f 996/996 985/985 983/983
f 985/985 984/984 983/983
f 983/983 984/984 977/977
f 1051/1051 1053/1053 1052/1052
f 998/998 987/987 985/985
f 1053/1053 1064/1064 1063/1063
f 1002/1002 987/987 998/998
f 987/987 986/986 985/985
f 985/985 986/986 984/984
f 907/907 909/909 908/908
f 1249/1249 1253/1253 1162/1162
f 1046/1046 1000/1000 1002/1002
f 1000/1000 987/987 1002/1002
f 987/987 988/988 986/986
f 1253/1253 1193/1193 1162/1162
f 1162/1162 1193/1193 1065/1065
f 1064/1064 1065/1065 1063/1063
f 1053/1053 1063/1063 1052/1052
f 1000/1000 989/989 987/987
f 1052/1052 1063/1063 1001/1001
f 1052/1052 1001/1001 1050/1050
f 1050/1050 1001/1001 1046/1046
f 1046/1046 1001/1001 1000/1000
f 1000/1000 1001/1001 989/989
f 989/989 988/988 987/987
f 931/931 928/928 923/923
f 931/931 923/923 930/930
f 881/881 876/876 882/882
f 1065/1065 1193/1193 1180/1180
f 1180/1180 1018/1018 1065/1065
f 1065/1065 1018/1018 1063/1063
f 1018/1018 1009/1009 1063/1063
f 1063/1063 1009/1009 1001/1001
f 1001/1001 1009/1009 993/993
f 993/993 991/991 989/989
f 989/989 991/991 990/990
f 989/989 990/990 988/988
f 882/882 876/876 898/898
f 1018/1018 1017/1017 1009/1009
f 1009/1009 1017/1017 1013/1013
f 1009/1009 1013/1013 993/993
f 1013/1013 991/991 993/993
f 888/888 884/884 893/893
f 893/893 884/884 883/883
f 883/883 885/885 889/889
f 1266/1266 1277/1277 1291/1291
f 1277/1277 1278/1278 1292/1292
f 1292/1292 1278/1278 1293/1293
f 1278/1278 1276/1276 1293/1293
f 1270/1270 1265/1265 1269/1269
f 1271/1271 1270/1270 1269/1269
f 1269/1269 1265/1265 1267/1267
f 640/640 641/641 523/523
f 476/476 640/640 523/523
f 641/641 648/648 523/523
f 523/523 648/648 527/527
f 648/648 647/647 527/527
f 527/527 647/647 638/638
f 527/527 638/638 526/526
f 526/526 638/638 551/551
f 551/551 638/638 657/657
f 639/639 640/640 476/476
f 476/476 523/523 477/477
f 477/477 523/523 479/479
f 479/479 523/523 527/527
f 479/479 527/527 526/526
f 551/551 657/657 550/550
f 657/657 658/658 550/550
f 144/144 142/142 135/135
f 142/142 143/143 137/137
f 135/135 142/142 137/137
f 528/528 639/639 476/476
f 475/475 479/479 526/526
f 526/526 551/551 453/453
f 475/475 526/526 453/453
f 453/453 551/551 550/550
f 550/550 658/658 611/611
f 611/611 658/658 660/660
f 664/664 639/639 620/620
f 1178/1178 1236/1236 1164/1164
f 620/620 639/639 528/528
f 476/476 477/477 468/468
f 135/135 137/137 132/132
f 470/470 528/528 476/476
f 550/550 611/611 574/574
f 611/611 660/660 574/574
f 470/470 476/476 468/468
f 453/453 550/550 452/452
f 452/452 550/550 574/574
f 574/574 660/660 653/653
f 478/478 477/477 479/479
f 480/480 479/479 475/475
f 478/478 468/468 477/477
f 478/478 479/479 480/480
f 474/474 475/475 453/453
f 451/451 453/453 452/452
f 452/452 574/574 573/573
f 574/574 653/653 573/573
f 653/653 650/650 573/573
f 480/480 475/475 474/474
f 474/474 453/453 451/451
f 451/451 452/452 435/435
f 452/452 573/573 435/435
f 451/451 435/435 436/436
f 435/435 573/573 575/575
f 573/573 650/650 575/575
f 480/480 474/474 451/451
f 468/468 478/478 471/471
f 471/471 478/478 617/617
f 617/617 478/478 616/616
f 616/616 478/478 480/480
f 616/616 480/480 610/610
f 610/610 480/480 451/451
f 610/610 451/451 596/596
f 596/596 451/451 436/436
f 435/435 575/575 457/457
f 575/575 650/650 401/401
f 32/32 33/33 25/25
f 32/32 25/25 19/19
f 19/19 25/25 22/22
f 30/30 32/32 19/19
f 30/30 19/19 18/18
f 26/26 27/27 31/31
f 31/31 29/29 26/26
f 596/596 436/436 630/630
f 38/38 37/37 25/25
f 25/25 37/37 23/23
f 23/23 37/37 39/39
f 22/22 25/25 23/23
f 22/22 23/23 20/20
f 20/20 23/23 27/27
f 19/19 22/22 20/20
f 20/20 27/27 26/26
f 18/18 19/19 20/20
f 21/21 20/20 26/26
f 28/28 21/21 26/26
f 24/24 18/18 21/21
f 28/28 26/26 29/29
f 36/36 24/24 34/34
f 24/24 28/28 34/34
f 34/34 28/28 29/29
f 34/34 29/29 35/35
f 432/432 435/435 457/457
f 575/575 401/401 457/457
f 457/457 401/401 399/399
f 401/401 400/400 399/399
f 469/469 471/471 568/568
f 862/862 856/856 855/855
f 856/856 858/858 857/857
f 855/855 856/856 857/857
f 434/434 436/436 435/435
f 432/432 434/434 435/435
f 144/144 135/135 131/131
f 131/131 135/135 132/132
f 468/468 471/471 469/469
f 631/631 630/630 436/436
f 432/432 457/457 433/433
f 457/457 399/399 594/594
f 399/399 400/400 398/398
f 137/137 148/148 147/147
f 605/605 620/620 528/528
f 863/863 862/862 855/855
f 631/631 436/436 530/530
f 530/530 436/436 437/437
f 436/436 434/434 437/437
f 433/433 457/457 544/544
f 544/544 457/457 594/594
f 594/594 399/399 396/396
f 605/605 528/528 421/421
f 421/421 528/528 470/470
f 863/863 855/855 859/859
f 859/859 855/855 857/857
f 859/859 857/857 860/860
f 860/860 857/857 861/861
f 396/396 398/398 397/397
f 865/865 872/872 874/874
f 469/469 568/568 567/567
f 1303/1303 1304/1304 1305/1305
f 350/350 352/352 351/351
f 145/145 144/144 131/131
f 465/465 470/470 468/468
f 1305/1305 1306/1306 1303/1303
f 567/567 656/656 579/579
f 579/579 656/656 612/612
f 579/579 612/612 521/521
f 612/612 530/530 521/521
f 521/521 530/530 437/437
f 544/544 594/594 545/545
f 545/545 594/594 396/396
f 396/396 397/397 380/380
f 396/396 380/380 388/388
f 381/381 384/384 597/597
f 597/597 384/384 391/391
f 421/421 470/470 465/465
f 469/469 567/567 473/473
f 473/473 567/567 494/494
f 567/567 579/579 494/494
f 494/494 579/579 495/495
f 495/495 579/579 521/521
f 433/433 544/544 427/427
f 427/427 544/544 545/545
f 545/545 396/396 388/388
f 388/388 380/380 362/362
f 342/342 344/344 383/383
f 387/387 390/390 608/608
f 608/608 390/390 381/381
f 608/608 381/381 597/597
f 597/597 391/391 554/554
f 554/554 391/391 386/386
f 554/554 386/386 403/403
f 403/403 386/386 393/393
f 132/132 137/137 134/134
f 134/134 137/137 147/147
f 494/494 495/495 493/493
f 495/495 521/521 497/497
f 497/497 521/521 437/437
f 432/432 433/433 428/428
f 545/545 388/388 595/595
f 388/388 362/362 334/334
f 334/334 362/362 361/361
f 337/337 338/338 331/331
f 385/385 339/339 342/342
f 402/402 342/342 383/383
f 402/402 387/387 570/570
f 570/570 387/387 608/608
f 608/608 597/597 563/563
f 563/563 597/597 510/510
f 510/510 597/597 540/540
f 540/540 597/597 554/554
f 469/469 473/473 472/472
f 472/472 473/473 493/493
f 473/473 494/494 493/493
f 493/493 495/495 496/496
f 495/495 497/497 496/496
f 431/431 434/434 432/432
f 428/428 433/433 427/427
f 427/427 545/545 546/546
f 545/545 595/595 546/546
f 595/595 334/334 607/607
f 333/333 330/330 392/392
f 330/330 329/329 335/335
f 330/330 335/335 394/394
f 394/394 335/335 395/395
f 335/335 385/385 615/615
f 615/615 385/385 342/342
f 615/615 402/402 571/571
f 571/571 402/402 570/570
f 570/570 608/608 563/563
f 321/321 314/314 317/317
f 317/317 314/314 316/316
f 317/317 316/316 318/318
f 318/318 316/316 320/320
f 951/951 943/943 947/947
f 1295/1295 1297/1297 1299/1299
f 1295/1295 1299/1299 1300/1300
f 1297/1297 1295/1295 1294/1294
f 746/746 756/756 745/745
f 751/751 746/746 743/743
f 1294/1294 1295/1295 1296/1296
f 749/749 751/751 743/743
f 749/749 743/743 738/738
f 743/743 746/746 745/745
f 743/743 745/745 744/744
f 744/744 745/745 752/752
f 540/540 554/554 553/553
f 553/553 554/554 534/534
f 534/534 554/554 533/533
f 533/533 554/554 569/569
f 554/554 403/403 569/569
f 403/403 393/393 404/404
f 464/464 469/469 472/472
f 496/496 497/497 577/577
f 497/497 437/437 577/577
f 577/577 437/437 439/439
f 439/439 437/437 434/434
f 546/546 595/595 607/607
f 607/607 334/334 392/392
f 395/395 335/335 626/626
f 335/335 615/615 626/626
f 615/615 571/571 572/572
f 509/509 563/563 510/510
f 506/506 510/510 540/540
f 506/506 540/540 552/552
f 314/314 307/307 316/316
f 316/316 307/307 320/320
f 1298/1298 1297/1297 1294/1294
f 552/552 540/540 553/553
f 743/743 744/744 739/739
f 738/738 743/743 739/739
f 569/569 403/403 609/609
f 463/463 468/468 469/469
f 464/464 472/472 588/588
f 588/588 472/472 625/625
f 625/625 472/472 624/624
f 1171/1171 1173/1173 1241/1241
f 1171/1171 1241/1241 1240/1240
f 624/624 472/472 493/493
f 624/624 493/493 623/623
f 493/493 496/496 623/623
f 623/623 496/496 628/628
f 628/628 496/496 577/577
f 546/546 607/607 547/547
f 547/547 607/607 392/392
f 547/547 392/392 604/604
f 392/392 394/394 604/604
f 566/566 604/604 394/394
f 394/394 395/395 566/566
f 566/566 395/395 565/565
f 395/395 626/626 565/565
f 565/565 615/615 572/572
f 512/512 572/572 571/571
f 571/571 570/570 511/511
f 511/511 570/570 563/563
f 563/563 509/509 511/511
f 509/509 510/510 506/506
f 590/590 506/506 552/552
f 1302/1302 1298/1298 1301/1301
f 1298/1298 1294/1294 1301/1301
f 948/948 944/944 949/949
f 750/750 759/759 755/755
f 748/748 757/757 749/749
f 1296/1296 1301/1301 1294/1294
f 750/750 755/755 753/753
f 748/748 749/749 737/737
f 737/737 749/749 738/738
f 750/750 753/753 733/733
f 609/609 404/404 673/673
f 465/465 468/468 463/463
f 469/469 464/464 463/463
f 293/293 299/299 286/286
f 299/299 298/298 286/286
f 286/286 298/298 289/289
f 293/293 286/286 282/282
f 282/282 286/286 283/283
f 286/286 289/289 283/283
f 282/282 283/283 280/280
f 292/292 293/293 282/282
f 283/283 289/289 290/290
f 292/292 282/282 279/279
f 291/291 292/292 279/279
f 279/279 282/282 280/280
f 279/279 280/280 281/281
f 281/281 280/280 283/283
f 300/300 292/292 291/291
f 281/281 283/283 290/290
f 281/281 290/290 297/297
f 291/291 279/279 284/284
f 284/284 279/279 281/281
f 300/300 291/291 294/294
f 294/294 291/291 284/284
f 284/284 281/281 285/285
f 285/285 281/281 297/297
f 294/294 284/284 287/287
f 287/287 284/284 285/285
f 287/287 285/285 288/288
f 295/295 294/294 287/287
f 288/288 285/285 296/296
f 285/285 297/297 296/296
f 251/251 254/254 248/248
f 248/248 254/254 255/255
f 424/424 546/546 547/547
f 529/529 547/547 604/604
f 529/529 604/604 566/566
f 566/566 565/565 548/548
f 565/565 572/572 512/512
f 512/512 571/571 511/511
f 307/307 310/310 312/312
f 323/323 305/305 322/322
f 305/305 302/302 322/322
f 759/759 760/760 755/755
f 748/748 758/758 757/757
f 732/732 748/748 737/737
f 738/738 739/739 733/733
f 739/739 750/750 733/733
f 737/737 738/738 733/733
f 732/732 737/737 733/733
f 732/732 733/733 734/734
f 553/553 534/534 562/562
f 247/247 252/252 251/251
f 428/428 427/427 426/426
f 427/427 546/546 424/424
f 424/424 547/547 455/455
f 455/455 547/547 529/529
f 548/548 565/565 492/492
f 565/565 512/512 492/492
f 499/499 512/512 511/511
f 504/504 511/511 509/509
f 504/504 509/509 506/506
f 506/506 590/590 591/591
f 305/305 309/309 304/304
f 305/305 304/304 302/302
f 302/302 304/304 303/303
f 303/303 304/304 306/306
f 303/303 306/306 307/307
f 307/307 306/306 310/310
f 742/742 732/732 735/735
f 742/742 735/735 741/741
f 741/741 735/735 740/740
f 735/735 732/732 734/734
f 740/740 735/735 734/734
f 734/734 733/733 736/736
f 740/740 734/734 736/736
f 736/736 733/733 753/753
f 533/533 569/569 532/532
f 532/532 569/569 609/609
f 131/131 132/132 133/133
f 133/133 132/132 134/134
f 247/247 251/251 248/248
f 248/248 255/255 253/253
f 578/578 577/577 439/439
f 488/488 455/455 529/529
f 529/529 566/566 489/489
f 512/512 499/499 492/492
f 502/502 499/499 511/511
f 502/502 511/511 504/504
f 504/504 506/506 505/505
f 505/505 506/506 539/539
f 539/539 506/506 591/591
f 827/827 825/825 823/823
f 741/741 740/740 747/747
f 740/740 736/736 747/747
f 562/562 534/534 522/522
f 534/534 533/533 517/517
f 517/517 533/533 532/532
f 438/438 434/434 431/431
f 427/427 424/424 426/426
f 488/488 529/529 489/489
f 489/489 548/548 492/492
f 825/825 824/824 823/823
f 823/823 824/824 822/822
f 819/819 824/824 826/826
f 522/522 534/534 517/517
f 532/532 609/609 584/584
f 464/464 588/588 461/461
f 461/461 588/588 582/582
f 431/431 432/432 428/428
f 319/319 315/315 308/308
f 821/821 823/823 822/822
f 822/822 824/824 817/817
f 817/817 824/824 819/819
f 584/584 609/609 646/646
f 463/463 464/464 461/461
f 249/249 248/248 253/253
f 439/439 434/434 438/438
f 489/489 492/492 491/491
f 498/498 492/492 499/499
f 498/498 499/499 500/500
f 500/500 499/499 501/501
f 501/501 499/499 502/502
f 821/821 822/822 817/817
f 247/247 248/248 249/249
f 250/250 247/247 249/249
f 423/423 428/428 426/426
f 424/424 455/455 425/425
f 425/425 455/455 456/456
f 456/456 455/455 487/487
f 455/455 488/488 487/487
f 487/487 488/488 489/489
f 487/487 489/489 490/490
f 490/490 489/489 491/491
f 491/491 492/492 498/498
f 508/508 505/505 539/539
f 820/820 821/821 817/817
f 820/820 817/817 816/816
f 816/816 817/817 818/818
f 517/517 532/532 531/531
f 461/461 582/582 581/581
f 578/578 439/439 443/443
f 429/429 428/428 423/423
f 426/426 424/424 423/423
f 423/423 424/424 425/425
f 502/502 504/504 503/503
f 503/503 504/504 505/505
f 539/539 613/613 508/508
f 697/697 696/696 687/687
f 829/829 820/820 816/816
f 816/816 818/818 828/828
f 531/531 532/532 584/584
f 463/463 461/461 462/462
f 211/211 222/222 210/210
f 501/501 502/502 503/503
f 503/503 505/505 508/508
f 613/613 614/614 508/508
f 508/508 614/614 602/602
f 601/601 603/603 516/516
f 603/603 522/522 516/516
f 516/516 522/522 517/517
f 421/421 465/465 418/418
f 672/672 629/629 581/581
f 581/581 629/629 536/536
f 536/536 629/629 535/535
f 535/535 629/629 446/446
f 446/446 629/629 578/578
f 446/446 578/578 443/443
f 423/423 425/425 538/538
f 425/425 456/456 586/586
f 586/586 456/456 487/487
f 556/556 487/487 490/490
f 541/541 498/498 500/500
f 500/500 501/501 518/518
f 508/508 602/602 514/514
f 514/514 602/602 600/600
f 678/678 684/684 679/679
f 600/600 601/601 516/516
f 515/515 517/517 531/531
f 584/584 646/646 634/634
f 146/146 145/145 131/131
f 465/465 463/463 462/462
f 461/461 581/581 460/460
f 460/460 581/581 536/536
f 454/454 536/536 535/535
f 443/443 439/439 438/438
f 429/429 423/423 430/430
f 537/537 423/423 538/538
f 538/538 425/425 583/583
f 583/583 425/425 586/586
f 580/580 586/586 487/487
f 580/580 487/487 556/556
f 556/556 490/490 555/555
f 555/555 490/490 491/491
f 491/491 498/498 541/541
f 518/518 501/501 519/519
f 519/519 501/501 503/503
f 507/507 503/503 508/508
f 508/508 514/514 513/513
f 600/600 516/516 514/514
f 514/514 516/516 515/515
f 515/515 516/516 517/517
f 709/709 723/723 711/711
f 729/729 718/718 712/712
f 462/462 461/461 459/459
f 459/459 461/461 460/460
f 460/460 536/536 454/454
f 454/454 535/535 446/446
f 454/454 446/446 447/447
f 446/446 443/443 444/444
f 447/447 446/446 444/444
f 431/431 428/428 429/429
f 430/430 423/423 537/537
f 537/537 538/538 583/583
f 583/583 586/586 580/580
f 580/580 556/556 555/555
f 555/555 491/491 557/557
f 557/557 491/491 541/541
f 564/564 541/541 500/500
f 564/564 500/500 518/518
f 519/519 503/503 520/520
f 520/520 503/503 507/507
f 507/507 508/508 513/513
f 587/587 531/531 584/584
f 587/587 584/584 634/634
f 418/418 465/465 466/466
f 459/459 460/460 458/458
f 458/458 460/460 454/454
f 458/458 454/454 447/447
f 438/438 431/431 442/442
f 442/442 431/431 429/429
f 537/537 583/583 618/618
f 583/583 580/580 659/659
f 659/659 580/580 635/635
f 580/580 555/555 635/635
f 635/635 555/555 636/636
f 555/555 557/557 636/636
f 622/622 557/557 541/541
f 622/622 541/541 621/621
f 541/541 564/564 621/621
f 564/564 518/518 598/598
f 598/598 518/518 519/519
f 513/513 514/514 515/515
f 462/462 459/459 576/576
f 576/576 459/459 458/458
f 576/576 458/458 592/592
f 592/592 458/458 447/447
f 592/592 447/447 444/444
f 429/429 430/430 543/543
f 606/606 430/430 537/537
f 606/606 537/537 618/618
f 671/671 618/618 667/667
f 78/78 61/61 56/56
f 667/667 618/618 583/583
f 77/77 78/78 56/56
f 104/104 103/103 126/126
f 77/77 56/56 54/54
f 104/104 126/126 124/124
f 77/77 54/54 60/60
f 77/77 60/60 59/59
f 622/622 636/636 557/557
f 621/621 564/564 645/645
f 645/645 564/564 598/598
f 598/598 519/519 599/599
f 519/519 520/520 599/599
f 520/520 507/507 599/599
f 515/515 531/531 587/587
f 245/245 241/241 240/240
f 655/655 576/576 654/654
f 238/238 245/245 240/240
f 576/576 592/592 654/654
f 654/654 592/592 652/652
f 243/243 238/238 239/239
f 652/652 592/592 444/444
f 652/652 444/444 651/651
f 444/444 443/443 438/438
f 542/542 429/429 543/543
f 543/543 430/430 606/606
f 671/671 606/606 618/618
f 942/942 927/927 925/925
f 61/61 79/79 58/58
f 58/58 105/105 103/103
f 56/56 61/61 58/58
f 56/56 58/58 55/55
f 55/55 58/58 103/103
f 55/55 103/103 100/100
f 53/53 55/55 100/100
f 100/100 103/103 104/104
f 54/54 55/55 53/53
f 60/60 54/54 50/50
f 50/50 54/54 53/53
f 53/53 100/100 96/96
f 96/96 100/100 104/104
f 50/50 53/53 52/52
f 52/52 53/53 96/96
f 59/59 60/60 50/50
f 95/95 96/96 104/104
f 104/104 124/124 123/123
f 111/111 104/104 123/123
f 95/95 104/104 111/111
f 59/59 50/50 49/49
f 81/81 59/59 49/49
f 111/111 123/123 125/125
f 111/111 125/125 118/118
f 81/81 49/49 57/57
f 669/669 636/636 622/622
f 1020/1020 1014/1014 1019/1019
f 669/669 622/622 668/668
f 668/668 622/622 621/621
f 670/670 668/668 621/621
f 645/645 670/670 621/621
f 645/645 598/598 663/663
f 663/663 598/598 599/599
f 663/663 599/599 666/666
f 593/593 599/599 507/507
f 507/507 513/513 593/593
f 593/593 513/513 585/585
f 513/513 515/515 585/585
f 585/585 515/515 587/587
f 587/587 634/634 644/644
f 241/241 237/237 229/229
f 229/229 237/237 232/232
f 229/229 232/232 225/225
f 225/225 232/232 234/234
f 240/240 241/241 229/229
f 240/240 229/229 228/228
f 228/228 229/229 225/225
f 238/238 240/240 228/228
f 238/238 228/228 224/224
f 224/224 228/228 225/225
f 225/225 234/234 236/236
f 239/239 238/238 224/224
f 224/224 225/225 226/226
f 226/226 225/225 236/236
f 227/227 224/224 226/226
f 233/233 239/239 224/224
f 233/233 224/224 227/227
f 226/226 236/236 235/235
f 231/231 233/233 227/227
f 227/227 226/226 230/230
f 230/230 226/226 235/235
f 244/244 243/243 233/233
f 244/244 233/233 231/231
f 231/231 227/227 230/230
f 231/231 230/230 242/242
f 242/242 230/230 235/235
f 651/651 444/444 549/549
f 549/549 444/444 438/438
f 442/442 429/429 542/542
f 922/922 942/942 925/925
f 938/938 932/932 939/939
f 82/82 84/84 79/79
f 79/79 80/80 58/58
f 926/926 924/924 925/925
f 926/926 925/925 927/927
f 51/51 96/96 95/95
f 49/49 50/50 51/51
f 51/51 95/95 90/90
f 90/90 95/95 111/111
f 90/90 111/111 102/102
f 102/102 111/111 118/118
f 57/57 49/49 41/41
f 49/49 51/51 45/45
f 41/41 49/49 45/45
f 45/45 51/51 90/90
f 40/40 57/57 41/41
f 45/45 90/90 93/93
f 93/93 90/90 102/102
f 74/74 57/57 40/40
f 102/102 118/118 119/119
f 41/41 45/45 44/44
f 44/44 45/45 93/93
f 92/92 93/93 102/102
f 44/44 93/93 92/92
f 102/102 119/119 113/113
f 92/92 102/102 113/113
f 40/40 41/41 42/42
f 1024/1024 1020/1020 1022/1022
f 1024/1024 1022/1022 1025/1025
f 73/73 74/74 40/40
f 73/73 40/40 42/42
f 109/109 92/92 113/113
f 109/109 113/113 122/122
f 1024/1024 1025/1025 1026/1026
f 109/109 122/122 108/108
f 108/108 122/122 127/127
f 115/115 108/108 127/127
f 666/666 599/599 593/593
f 666/666 593/593 665/665
f 643/643 585/585 587/587
f 643/643 587/587 644/644
f 1066/1066 1155/1155 1162/1162
f 466/466 465/465 462/462
f 854/854 849/849 845/845
f 849/849 848/848 845/845
f 845/845 848/848 846/846
f 846/846 848/848 850/850
f 921/921 942/942 922/922
f 929/929 920/920 924/924
f 924/924 920/920 922/922
f 924/924 922/922 925/925
f 43/43 44/44 92/92
f 43/43 92/92 91/91
f 91/91 92/92 109/109
f 46/46 42/42 43/43
f 47/47 43/43 91/91
f 62/62 42/42 46/46
f 91/91 109/109 108/108
f 46/46 43/43 47/47
f 47/47 91/91 87/87
f 87/87 91/91 94/94
f 94/94 91/91 108/108
f 62/62 46/46 48/48
f 48/48 46/46 47/47
f 48/48 47/47 87/87
f 94/94 108/108 97/97
f 76/76 62/62 63/63
f 63/63 62/62 48/48
f 97/97 108/108 115/115
f 48/48 87/87 88/88
f 88/88 87/87 94/94
f 88/88 94/94 97/97
f 76/76 63/63 67/67
f 97/97 115/115 107/107
f 1179/1179 975/975 971/971
f 114/114 107/107 115/115
f 665/665 593/593 649/649
f 593/593 585/585 649/649
f 649/649 585/585 643/643
f 955/955 953/953 952/952
f 128/128 117/117 110/110
f 128/128 110/110 129/129
f 110/110 120/120 130/130
f 129/129 110/110 130/130
f 462/462 576/576 524/524
f 853/853 854/854 845/845
f 441/441 438/438 442/442
f 619/619 542/542 543/543
f 543/543 606/606 619/619
f 919/919 941/941 921/921
f 921/921 941/941 942/942
f 932/932 933/933 929/929
f 920/920 921/921 922/922
f 48/48 88/88 86/86
f 63/63 48/48 64/64
f 64/64 48/48 86/86
f 86/86 88/88 97/97
f 86/86 97/97 98/98
f 98/98 97/97 107/107
f 67/67 63/63 65/65
f 65/65 63/63 64/64
f 68/68 67/67 65/65
f 98/98 107/107 114/114
f 98/98 114/114 106/106
f 106/106 114/114 116/116
f 970/970 971/971 969/969
f 960/960 970/970 969/969
f 120/120 112/112 121/121
f 952/952 953/953 954/954
f 117/117 83/83 110/110
f 110/110 112/112 120/120
f 549/549 438/438 558/558
f 441/441 442/442 445/445
f 933/933 918/918 929/929
f 929/929 918/918 920/920
f 920/920 918/918 919/919
f 920/920 919/919 921/921
f 89/89 86/86 98/98
f 64/64 86/86 89/89
f 68/68 65/65 66/66
f 66/66 65/65 64/64
f 89/89 98/98 106/106
f 89/89 106/106 99/99
f 71/71 64/64 89/89
f 99/99 106/106 116/116
f 69/69 68/68 66/66
f 66/66 64/64 71/71
f 71/71 89/89 99/99
f 66/66 71/71 70/70
f 101/101 99/99 116/116
f 69/69 66/66 70/70
f 72/72 69/69 70/70
f 85/85 71/71 99/99
f 85/85 99/99 101/101
f 101/101 116/116 121/121
f 70/70 71/71 85/85
f 83/83 72/72 70/70
f 85/85 101/101 112/112
f 101/101 121/121 112/112
f 83/83 70/70 110/110
f 110/110 70/70 85/85
f 110/110 85/85 112/112
f 146/146 131/131 136/136
f 136/136 131/131 133/133
f 467/467 462/462 524/524
f 853/853 845/845 847/847
f 847/847 845/845 844/844
f 844/844 845/845 846/846
f 844/844 846/846 851/851
f 560/560 442/442 542/542
f 560/560 542/542 619/619
f 917/917 941/941 919/919
f 933/933 934/934 918/918
f 133/133 134/134 138/138
f 138/138 134/134 147/147
f 852/852 853/853 847/847
f 440/440 558/558 438/438
f 560/560 445/445 442/442
f 560/560 619/619 632/632
f 997/997 981/981 982/982
f 918/918 916/916 917/917
f 918/918 917/917 919/919
f 466/466 462/462 467/467
f 4/4 7/7 13/13
f 13/13 7/7 14/14
f 440/440 438/438 441/441
f 467/467 524/524 525/525
f 467/467 525/525 481/481
f 481/481 525/525 484/484
f 484/484 525/525 627/627
f 484/484 627/627 486/486
f 486/486 627/627 559/559
f 486/486 559/559 440/440
f 440/440 559/559 558/558
f 561/561 445/445 560/560
f 561/561 560/560 632/632
f 916/916 915/915 914/914
f 914/914 937/937 917/917
f 916/916 914/914 917/917
f 484/484 486/486 449/449
f 486/486 440/440 449/449
f 441/441 445/445 450/450
f 915/915 913/913 914/914
f 642/642 605/605 421/421
f 440/440 441/441 448/448
f 450/450 445/445 561/561
f 633/633 561/561 632/632
f 979/979 983/983 976/976
f 481/481 484/484 483/483
f 589/589 450/450 561/561
f 589/589 561/561 633/633
f 913/913 911/911 914/914
f 911/911 936/936 937/937
f 914/914 911/911 937/937
f 466/466 467/467 481/481
f 637/637 589/589 633/633
f 976/976 977/977 978/978
f 913/913 912/912 911/911
f 483/483 484/484 449/449
f 449/449 440/440 448/448
f 448/448 441/441 450/450
f 912/912 906/906 911/911
f 911/911 935/935 936/936
f 466/466 481/481 482/482
f 483/483 449/449 485/485
f 485/485 449/449 448/448
f 448/448 450/450 420/420
f 450/450 589/589 420/420
f 420/420 589/589 637/637
f 912/912 907/907 906/906
f 906/906 908/908 911/911
f 911/911 908/908 935/935
f 419/419 448/448 420/420
f 909/909 940/940 908/908
f 908/908 940/940 935/935
f 906/906 907/907 908/908
f 139/139 146/146 136/136
f 139/139 136/136 133/133
f 133/133 138/138 140/140
f 418/418 466/466 482/482
f 482/482 481/481 483/483
f 417/417 419/419 420/420
f 905/905 940/940 909/909
f 907/907 930/930 910/910
f 907/907 910/910 909/909
f 139/139 133/133 140/140
f 422/422 642/642 421/421
f 485/485 448/448 416/416
f 448/448 419/419 416/416
f 416/416 419/419 417/417
f 910/910 905/905 909/909
f 141/141 139/139 140/140
f 422/422 421/421 411/411
f 411/411 421/421 418/418
f 415/415 416/416 417/417
f 930/930 923/923 910/910
f 910/910 923/923 905/905
f 876/876 881/881 879/879
f 411/411 418/418 410/410
f 410/410 418/418 413/413
f 413/413 418/418 482/482
f 413/413 482/482 483/483
f 413/413 483/483 414/414
f 483/483 485/485 414/414
f 414/414 485/485 412/412
f 412/412 485/485 416/416
f 989/989 1001/1001 993/993
f 412/412 416/416 415/415
f 902/902 900/900 905/905
f 923/923 928/928 902/902
f 923/923 902/902 905/905
f 879/879 880/880 877/877
f 876/876 879/879 877/877
f 410/410 413/413 408/408
f 408/408 413/413 414/414
f 414/414 412/412 408/408
f 408/408 412/412 407/407
f 407/407 412/412 415/415
f 899/899 900/900 901/901
f 894/894 892/892 890/890
f 928/928 903/903 901/901
f 902/902 901/901 900/900
f 928/928 901/901 902/902
f 898/898 876/876 878/878
f 878/878 876/876 875/875
f 875/875 876/876 877/877
f 410/410 409/409 411/411
f 897/897 898/898 878/878
f 897/897 878/878 888/888
f 896/896 897/897 888/888
f 409/409 410/410 408/408
f 406/406 409/409 408/408
f 896/896 888/888 893/893
f 895/895 896/896 893/893
f 895/895 893/893 883/883
f 406/406 408/408 407/407
f 405/405 406/406 407/407
f 892/892 895/895 883/883
f 883/883 889/889 890/890
f 892/892 883/883 890/890
f 903/903 904/904 899/899
f 903/903 899/899 901/901
f 878/878 875/875 887/887
f 888/888 878/878 887/887
f 884/884 888/888 887/887
f 884/884 887/887 886/886
f 886/886 887/887 875/875
f 886/886 875/875 891/891
f 884/884 886/886 885/885
f 885/885 886/886 891/891
f 883/883 884/884 885/885
f 889/889 885/885 891/891