# https://github.com/mikedh/trimesh

o geometry_0
v 0.10407892 -0.01428939 0.00240615 0.54509804 0.71372549 0.60000000
v 0.10407892 -0.01369315 0.00528637 0.54509804 0.71372549 0.60000000
v 0.10407892 -0.01407896 -0.00069008 0.54509804 0.71372549 0.60000000
v 0.11035219 -0.04305791 -0.00362569 0.54509804 0.71372549 0.60000000
v 0.11032900 -0.04305791 -0.00065131 0.54509804 0.71372549 0.60000000
v 0.10407892 -0.01253575 0.00770685 0.54509804 0.71372549 0.60000000
v 0.11062468 -0.04305791 0.00231199 0.54509804 0.71372549 0.60000000
v 0.10407892 -0.01293909 -0.00368108 0.54509804 0.71372549 0.60000000
v 0.11057251 -0.04305791 -0.00659453 0.54509804 0.71372549 0.60000000
v 0.11101314 -0.04510091 -0.00659453 0.54509804 0.71372549 0.60000000
v 0.11093777 -0.04524997 -0.00362569 0.54509804 0.71372549 0.60000000
v 0.11093777 -0.04525874 -0.00065131 0.54509804 0.71372549 0.60000000
v 0.11109431 -0.04502199 0.00231199 0.54509804 0.71372549 0.60000000
v 0.10407892 -0.01104515 0.00917466 0.54509804 0.71372549 0.60000000
v 0.11125665 -0.04473264 0.00423952 0.54509804 0.71372549 0.60000000
v 0.10407892 -0.01199212 -0.00522643 0.54509804 0.71372549 0.60000000
v 0.11115809 -0.04485539 -0.00867161 0.54509804 0.71372549 0.60000000
v 0.11308297 -0.04675810 -0.00660561 0.54509804 0.71372549 0.60000000
v 0.11260755 -0.04674056 -0.00362569 0.54509804 0.71372549 0.60000000
v 0.11250899 -0.04674056 -0.00065131 0.54509804 0.71372549 0.60000000
v 0.11254958 -0.04651258 0.00231199 0.54509804 0.71372549 0.60000000
v 0.11281627 -0.04610925 0.00534729 0.54509804 0.71372549 0.60000000
v 0.10407892 -0.01099254 0.00920789 0.54509804 0.71372549 0.60000000
v 0.11145958 -0.04305791 0.00628890 0.54509804 0.71372549 0.60000000
v 0.11212053 -0.04305791 0.00825520 0.54509804 0.71372549 0.60000000
v 0.11330909 -0.04571468 0.00825520 0.54509804 0.71372549 0.60000000
v 0.11384249 -0.04515351 0.01067015 0.54509804 0.71372549 0.60000000
v 0.10407892 -0.01028232 -0.00660007 0.54509804 0.71372549 0.60000000
v 0.11147117 -0.04305791 -0.01071545 0.54509804 0.71372549 0.60000000
v 0.11213213 -0.04305791 -0.01253774 0.54509804 0.71372549 0.60000000
v 0.11383090 -0.04514475 -0.01480315 0.54509804 0.71372549 0.60000000
v 0.11332069 -0.04563577 -0.01253774 0.54509804 0.71372549 0.60000000
v 0.11263074 -0.04581990 -0.00962429 0.54509804 0.71372549 0.60000000
v 0.10407892 -0.00807273 -0.00791832 0.54509804 0.71372549 0.60000000
v 0.11609205 -0.04718774 -0.01263744 0.54509804 0.71372549 0.60000000
v 0.11423675 -0.04753847 -0.00561415 0.54509804 0.71372549 0.60000000
v 0.11409179 -0.04759108 -0.00362569 0.54509804 0.71372549 0.60000000
v 0.11399323 -0.04763492 -0.00065131 0.54509804 0.71372549 0.60000000
v 0.11403961 -0.04762615 0.00231199 0.54509804 0.71372549 0.60000000
v 0.11416717 -0.04758231 0.00447215 0.54509804 0.71372549 0.60000000
v 0.10407892 -0.00958086 0.01008857 0.54509804 0.71372549 0.60000000
v 0.11435270 -0.04439944 0.01264753 0.54509804 0.71372549 0.60000000
v 0.11696752 -0.04762615 0.01059815 0.54509804 0.71372549 0.60000000
v 0.11565722 -0.04631969 0.01162284 0.54509804 0.71372549 0.60000000
v 0.11631817 -0.04559193 0.01419842 0.54509804 0.71372549 0.60000000
v 0.11365116 -0.04282117 -0.01567829 0.54509804 0.71372549 0.60000000
v 0.10407892 -0.00509153 -0.00902056 0.54509804 0.71372549 0.60000000
v 0.11449185 -0.04365415 -0.01678606 0.54509804 0.71372549 0.60000000
v 0.11726322 -0.04458358 -0.01999861 0.54509804 0.71372549 0.60000000
v 0.11665445 -0.04517105 -0.01848096 0.54509804 0.71372549 0.60000000
v 0.11886342 -0.04680194 -0.01861389 0.54509804 0.71372549 0.60000000
v 0.11587754 -0.04623201 -0.01543458 0.54509804 0.71372549 0.60000000
v 0.11792997 -0.04731926 -0.01606601 0.54509804 0.71372549 0.60000000
v 0.11726901 -0.04752094 -0.01408309 0.54509804 0.71372549 0.60000000
v 0.11991283 -0.04759108 -0.01771106 0.54509804 0.71372549 0.60000000
v 0.11467158 -0.04763492 -0.00065131 0.54509804 0.71372549 0.60000000
v 0.10407892 -0.00739757 0.01073108 0.54509804 0.71372549 0.60000000
v 0.11497887 -0.04326834 0.01407656 0.54509804 0.71372549 0.60000000
v 0.11660807 -0.04305791 0.01658568 0.54509804 0.71372549 0.60000000
v 0.11695013 -0.04496938 0.01615364 0.54509804 0.71372549 0.60000000
v 0.11758790 -0.04762615 0.01059815 0.54509804 0.71372549 0.60000000
v 0.12769934 -0.04688086 0.02014163 0.54509804 0.71372549 0.60000000
v 0.12175075 -0.04696853 0.01717280 0.54509804 0.71372549 0.60000000
v 0.11878225 -0.04700360 0.01419842 0.54509804 0.71372549 0.60000000
v 0.11875327 -0.04565330 0.01715618 0.54509804 0.71372549 0.60000000
v 0.11430632 -0.04167254 -0.01701870 0.54509804 0.71372549 0.60000000
v 0.10407892 -0.00164562 -0.00981262 0.54509804 0.71372549 0.60000000
v 0.11718205 -0.04305791 -0.02007616 0.54509804 0.71372549 0.60000000
v 0.11878225 -0.04305791 -0.02142764 0.54509804 0.71372549 0.60000000
v 0.12051001 -0.04305791 -0.02280683 0.54509804 0.71372549 0.60000000
v 0.12244069 -0.04524997 -0.02324993 0.54509804 0.71372549 0.60000000
v 0.11878225 -0.04527627 -0.02065774 0.54509804 0.71372549 0.60000000
v 0.12066655 -0.04745955 -0.01969398 0.54509804 0.71372549 0.60000000
v 0.11329170 -0.02522336 -0.01817078 0.54509804 0.71372549 0.60000000
v 0.11466579 -0.02522336 -0.01965520 0.54509804 0.71372549 0.60000000
v 0.11450344 -0.02225093 -0.01980475 0.54509804 0.71372549 0.60000000
v 0.12264941 -0.04755601 -0.02026448 0.54509804 0.71372549 0.60000000
v 0.12472504 -0.04756478 -0.02054142 0.54509804 0.71372549 0.60000000
v 0.13957912 -0.04754724 -0.02301730 0.54509804 0.71372549 0.60000000
v 0.11758790 -0.04762615 0.00919127 0.54509804 0.71372549 0.60000000
v 0.10407892 -0.00442515 0.01122958 0.54509804 0.71372549 0.60000000
v 0.11779662 -0.04305791 0.01807010 0.54509804 0.71372549 0.60000000
v 0.11928087 -0.04305791 0.01960990 0.54509804 0.71372549 0.60000000
v 0.11972151 -0.04503952 0.01917233 0.54509804 0.71372549 0.60000000
v 0.13957912 -0.04754724 -0.02282898 0.54509804 0.71372549 0.60000000
v 0.14157938 -0.04752970 -0.02286775 0.54509804 0.71372549 0.60000000
v 0.14552191 -0.04635476 0.02014163 0.54509804 0.71372549 0.60000000
v 0.13660483 -0.04657397 0.02311601 0.54509804 0.71372549 0.60000000
v 0.13364213 -0.04660904 0.02311601 0.54509804 0.71372549 0.60000000
v 0.13066784 -0.04631969 0.02311601 0.54509804 0.71372549 0.60000000
v 0.12472504 -0.04656520 0.02014163 0.54509804 0.71372549 0.60000000
v 0.12182032 -0.04552178 0.02015271 0.54509804 0.71372549 0.60000000
v 0.11180745 -0.02522336 -0.01625987 0.54509804 0.71372549 0.60000000
v 0.10407892 -0.00146149 -0.00984031 0.54509804 0.71372549 0.60000000
v 0.11615583 -0.02522336 -0.02086822 0.54509804 0.71372549 0.60000000
v 0.12185511 -0.04008548 -0.02367089 0.54509804 0.71372549 0.60000000
v 0.12199426 -0.04305791 -0.02352134 0.54509804 0.71372549 0.60000000
v 0.11598769 -0.02225093 -0.02098453 0.54509804 0.71372549 0.60000000
v 0.11797636 -0.02225093 -0.02247449 0.54509804 0.71372549 0.60000000
v 0.11946640 -0.02225093 -0.02344933 0.54509804 0.71372549 0.60000000
v 0.12175075 -0.02225093 -0.02467896 0.54509804 0.71372549 0.60000000
v 0.12472504 -0.04577606 -0.02371520 0.54509804 0.71372549 0.60000000
v 0.12472504 -0.04725789 -0.02202584 0.54509804 0.71372549 0.60000000
v 0.12155362 -0.04635476 -0.02154950 0.54509804 0.71372549 0.60000000
v 0.12472504 -0.04305791 -0.02469558 0.54509804 0.71372549 0.60000000
v 0.12884151 -0.04473264 -0.02603599 0.54509804 0.71372549 0.60000000
v 0.12700359 -0.04745955 -0.02241910 0.54509804 0.71372549 0.60000000
v 0.11316994 -0.02225093 -0.01831479 0.54509804 0.71372549 0.60000000
v 0.11427153 -0.01528020 -0.02002077 0.54509804 0.71372549 0.60000000
v 0.11723423 -0.00612618 -0.02298961 0.54509804 0.71372549 0.60000000
v 0.12898066 -0.04752094 -0.02295637 0.54509804 0.71372549 0.60000000
v 0.14157938 -0.04752970 -0.02298407 0.54509804 0.71372549 0.60000000
v 0.13676136 -0.04686331 -0.02416385 0.54509804 0.71372549 0.60000000
v 0.13957912 -0.04667918 -0.02450172 0.54509804 0.71372549 0.60000000
v 0.11904316 -0.04008548 0.01984807 0.54509804 0.71372549 0.60000000
v 0.12064336 -0.04008548 0.02133250 0.54509804 0.71372549 0.60000000
v 0.10407892 -0.00146149 0.01162838 0.54509804 0.71372549 0.60000000
v 0.12095065 -0.04305791 0.02109432 0.54509804 0.71372549 0.60000000
v 0.12285814 -0.04482032 0.02186423 0.54509804 0.71372549 0.60000000
v 0.15740748 -0.04616186 -0.00956891 0.54509804 0.71372549 0.60000000
v 0.15443898 -0.04617939 0.01122958 0.54509804 0.71372549 0.60000000
v 0.15443898 -0.04589882 0.01419842 0.54509804 0.71372549 0.60000000
v 0.15146469 -0.04594266 0.01717280 0.54509804 0.71372549 0.60000000
v 0.14849040 -0.04596896 0.02014163 0.54509804 0.71372549 0.60000000
v 0.14254761 -0.04609172 0.02311601 0.54509804 0.71372549 0.60000000
v 0.13957912 -0.04639860 0.02311601 0.54509804 0.71372549 0.60000000
v 0.13957912 -0.04532888 0.02551988 0.54509804 0.71372549 0.60000000
v 0.13660483 -0.04543410 0.02561405 0.54509804 0.71372549 0.60000000
v 0.13364213 -0.04539903 0.02548111 0.54509804 0.71372549 0.60000000
v 0.13066784 -0.04508337 0.02512109 0.54509804 0.71372549 0.60000000
v 0.12773992 -0.04553054 0.02326556 0.54509804 0.71372549 0.60000000
v 0.12472504 -0.04523242 0.02236826 0.54509804 0.71372549 0.60000000
v 0.10407892 0.00130050 -0.00999540 0.54509804 0.71372549 0.60000000
v 0.12472504 -0.04008548 -0.02493929 0.54509804 0.71372549 0.60000000
v 0.11878225 -0.00442515 -0.02397552 0.54509804 0.71372549 0.60000000
v 0.12175075 -0.01630608 -0.02495037 0.54509804 0.71372549 0.60000000
v 0.12412207 -0.02225093 -0.02565381 0.54509804 0.71372549 0.60000000
v 0.12791965 -0.04610048 -0.02429678 0.54509804 0.71372549 0.60000000
v 0.12706158 -0.04305791 -0.02559842 0.54509804 0.71372549 0.60000000
v 0.13066784 -0.04498692 -0.02620215 0.54509804 0.71372549 0.60000000
v 0.12854582 -0.04305791 -0.02611353 0.54509804 0.71372549 0.60000000
v 0.13066784 -0.04305791 -0.02654557 0.54509804 0.71372549 0.60000000
v 0.11421935 -0.01333366 -0.02005954 0.54509804 0.71372549 0.60000000
v 0.11719364 -0.00442515 -0.02301730 0.54509804 0.71372549 0.60000000
v 0.13364213 -0.04519735 -0.02636278 0.54509804 0.71372549 0.60000000
v 0.13660483 -0.04526750 -0.02645695 0.54509804 0.71372549 0.60000000
v 0.14255921 -0.04655643 -0.02415831 0.54509804 0.71372549 0.60000000
v 0.14849040 -0.04544287 -0.02385921 0.54509804 0.71372549 0.60000000
v 0.14849040 -0.04668795 -0.02145534 0.54509804 0.71372549 0.60000000
v 0.15146469 -0.04660027 -0.01848096 0.54509804 0.71372549 0.60000000
v 0.15740748 -0.04615309 -0.01253774 0.54509804 0.71372549 0.60000000
v 0.13957912 -0.04519735 -0.02641817 0.54509804 0.71372549 0.60000000
v 0.12212761 -0.04008548 0.02242919 0.54509804 0.71372549 0.60000000
v 0.12017953 -0.03324628 0.02169252 0.54509804 0.71372549 0.60000000
v 0.10407892 0.00151093 0.01184994 0.54509804 0.71372549 0.60000000
v 0.12243489 -0.04305791 0.02216886 0.54509804 0.71372549 0.60000000
v 0.12876034 -0.04473264 0.02477214 0.54509804 0.71372549 0.60000000
v 0.12677747 -0.04370676 0.02436226 0.54509804 0.71372549 0.60000000
v 0.12498015 -0.04284747 0.02370313 0.54509804 0.71372549 0.60000000
v 0.16038178 -0.04576729 -0.00659453 0.54509804 0.71372549 0.60000000
v 0.15740748 -0.04596019 0.00528637 0.54509804 0.71372549 0.60000000
v 0.15740748 -0.04591635 0.00825520 0.54509804 0.71372549 0.60000000
v 0.15752924 -0.04536395 0.01127389 0.54509804 0.71372549 0.60000000
v 0.15661318 -0.04504829 0.01419842 0.54509804 0.71372549 0.60000000
v 0.15614356 -0.04472387 0.01592101 0.54509804 0.71372549 0.60000000
v 0.15427085 -0.04507460 0.01701771 0.54509804 0.71372549 0.60000000
v 0.15130236 -0.04509214 0.01998101 0.54509804 0.71372549 0.60000000
v 0.14849040 -0.04504829 0.02241258 0.54509804 0.71372549 0.60000000
v 0.14567845 -0.04539025 0.02333757 0.54509804 0.71372549 0.60000000
v 0.14254761 -0.04507460 0.02519309 0.54509804 0.71372549 0.60000000
v 0.13976465 -0.04295269 0.02710401 0.54509804 0.71372549 0.60000000
v 0.13640190 -0.04295269 0.02718155 0.54509804 0.71372549 0.60000000
v 0.13364213 -0.04305791 0.02679383 0.54509804 0.71372549 0.60000000
v 0.13066784 -0.04305791 0.02607931 0.54509804 0.71372549 0.60000000
v 0.10407892 0.00151093 -0.00999540 0.54509804 0.71372549 0.60000000
v 0.11108852 0.03122642 -0.01730672 0.54509804 0.71372549 0.60000000
v 0.11411499 -0.00146149 -0.02018694 0.54509804 0.71372549 0.60000000
v 0.11722263 -0.00202266 -0.02300069 0.54509804 0.71372549 0.60000000
v 0.11914172 0.02528157 -0.02361550 0.54509804 0.71372549 0.60000000
v 0.12175075 0.02528157 -0.02487836 0.54509804 0.71372549 0.60000000
v 0.12175075 -0.00442515 -0.02536025 0.54509804 0.71372549 0.60000000
v 0.12380898 -0.01630608 -0.02577566 0.54509804 0.71372549 0.60000000
v 0.12561211 -0.02225093 -0.02607476 0.54509804 0.71372549 0.60000000
v 0.13364213 -0.04305791 -0.02687790 0.54509804 0.71372549 0.60000000
v 0.12769934 -0.02225093 -0.02656218 0.54509804 0.71372549 0.60000000
v 0.13066784 -0.02225093 -0.02706622 0.54509804 0.71372549 0.60000000
v 0.11270611 0.03122642 -0.01879668 0.54509804 0.71372549 0.60000000
v 0.11420776 0.03419885 -0.02005954 0.54509804 0.71372549 0.60000000
v 0.13660483 -0.04305791 -0.02702191 0.54509804 0.71372549 0.60000000
v 0.13957912 -0.04305791 -0.02697760 0.54509804 0.71372549 0.60000000
v 0.14254761 -0.04484663 -0.02614123 0.54509804 0.71372549 0.60000000
v 0.14527840 -0.04560946 -0.02462912 0.54509804 0.71372549 0.60000000
v 0.15146469 -0.04592512 -0.02145534 0.54509804 0.71372549 0.60000000
v 0.14413043 -0.04456604 -0.02592521 0.54509804 0.71372549 0.60000000
v 0.15297793 -0.04456604 -0.02296191 0.54509804 0.71372549 0.60000000
v 0.15146469 -0.04487293 -0.02324993 0.54509804 0.71372549 0.60000000
v 0.15443898 -0.04614432 -0.01848096 0.54509804 0.71372549 0.60000000
v 0.15740748 -0.04589005 -0.01551212 0.54509804 0.71372549 0.60000000
v 0.16038178 -0.04566207 -0.00956891 0.54509804 0.71372549 0.60000000
v 0.12444095 -0.04008548 0.02391915 0.54509804 0.71372549 0.60000000
v 0.12415685 -0.03711306 0.02405209 0.54509804 0.71372549 0.60000000
v 0.12149565 -0.03420201 0.02250674 0.54509804 0.71372549 0.60000000
v 0.12342633 -0.02522336 0.02448412 0.54509804 0.71372549 0.60000000
v 0.12329298 -0.02283840 0.02456720 0.54509804 0.71372549 0.60000000
v 0.12175075 -0.02522336 0.02334311 0.54509804 0.71372549 0.60000000
v 0.11979687 -0.02522336 0.02197500 0.54509804 0.71372549 0.60000000
v 0.11816768 0.02231791 0.02102232 0.54509804 0.71372549 0.60000000
v 0.11823725 0.02528157 0.02100570 0.54509804 0.71372549 0.60000000
v 0.11628338 0.02825400 0.01942712 0.54509804 0.71372549 0.60000000
v 0.11641093 0.03122642 0.01934404 0.54509804 0.71372549 0.60000000
v 0.10407892 0.00448336 0.01166715 0.54509804 0.71372549 0.60000000
v 0.11969251 -0.02225093 0.02205809 0.54509804 0.71372549 0.60000000
v 0.12204644 -0.02200542 0.02373637 0.54509804 0.71372549 0.60000000
v 0.12323500 -0.02085679 0.02460597 0.54509804 0.71372549 0.60000000
v 0.12147245 -0.00442515 0.02381391 0.54509804 0.71372549 0.60000000
v 0.12614552 -0.04172514 0.02463367 0.54509804 0.71372549 0.60000000
v 0.12773992 -0.04284747 0.02502139 0.54509804 0.71372549 0.60000000
v 0.16038178 -0.04570591 -0.00362569 0.54509804 0.71372549 0.60000000
v 0.16228347 -0.04492554 -0.00659453 0.54509804 0.71372549 0.60000000
v 0.16225448 -0.04488170 -0.00362569 0.54509804 0.71372549 0.60000000
v 0.16038178 -0.04552178 -0.00065131 0.54509804 0.71372549 0.60000000
v 0.16000492 -0.04521489 0.00528637 0.54509804 0.71372549 0.60000000
v 0.15955849 -0.04505706 0.00825520 0.54509804 0.71372549 0.60000000
v 0.15918742 -0.04482909 0.01031567 0.54509804 0.71372549 0.60000000
v 0.15317506 -0.04472387 0.01887877 0.54509804 0.71372549 0.60000000
v 0.15860184 -0.04384705 0.01229858 0.54509804 0.71372549 0.60000000
v 0.15898450 -0.04186543 0.01286355 0.54509804 0.71372549 0.60000000
v 0.15641026 -0.04305791 0.01625334 0.54509804 0.71372549 0.60000000
v 0.15504197 -0.04305791 0.01773776 0.54509804 0.71372549 0.60000000
v 0.15355771 -0.04305791 0.01932188 0.54509804 0.71372549 0.60000000
v 0.15211405 -0.04305791 0.02081184 0.54509804 0.71372549 0.60000000
v 0.15020077 -0.04471510 0.02181438 0.54509804 0.71372549 0.60000000
v 0.14676844 -0.04425916 0.02447304 0.54509804 0.71372549 0.60000000
v 0.14479138 -0.04479402 0.02485522 0.54509804 0.71372549 0.60000000
v 0.14254761 -0.04305791 0.02638395 0.54509804 0.71372549 0.60000000
v 0.14087783 -0.04110260 0.02754158 0.54509804 0.71372549 0.60000000
v 0.13890077 -0.04190051 0.02769113 0.54509804 0.71372549 0.60000000
v 0.13725418 -0.04190051 0.02769113 0.54509804 0.71372549 0.60000000
v 0.13527712 -0.04075187 0.02755265 0.54509804 0.71372549 0.60000000
v 0.13066784 -0.04008548 0.02662766 0.54509804 0.71372549 0.60000000
v 0.12769934 -0.04008548 0.02556420 0.54509804 0.71372549 0.60000000
v 0.10407892 0.00427292 -0.00965753 0.54509804 0.71372549 0.60000000
v 0.11115229 0.03419885 -0.01724025 0.54509804 0.71372549 0.60000000
v 0.11271770 0.03419885 -0.01872467 0.54509804 0.71372549 0.60000000
v 0.11765167 0.02528157 -0.02269605 0.54509804 0.71372549 0.60000000
v 0.11932725 0.03419885 -0.02351026 0.54509804 0.71372549 0.60000000
v 0.12175075 0.03419885 -0.02467896 0.54509804 0.71372549 0.60000000
v 0.12404089 0.02528157 -0.02569258 0.54509804 0.71372549 0.60000000
v 0.12340894 -0.00442515 -0.02589198 0.54509804 0.71372549 0.60000000
v 0.12544977 -0.01927851 -0.02610799 0.54509804 0.71372549 0.60000000
v 0.13066784 -0.01927851 -0.02713823 0.54509804 0.71372549 0.60000000
v 0.13364213 -0.02225093 -0.02730993 0.54509804 0.71372549 0.60000000
v 0.12769934 -0.01927851 -0.02662865 0.54509804 0.71372549 0.60000000
v 0.11426573 0.03587357 -0.02001523 0.54509804 0.71372549 0.60000000
v 0.11580796 0.03419885 -0.02117285 0.54509804 0.71372549 0.60000000
v 0.13364213 -0.01927851 -0.02737086 0.54509804 0.71372549 0.60000000
v 0.13660483 -0.02225093 -0.02743179 0.54509804 0.71372549 0.60000000
v 0.13957912 -0.02225093 -0.02747610 0.54509804 0.71372549 0.60000000
v 0.14254761 -0.04008548 -0.02671173 0.54509804 0.71372549 0.60000000
v 0.14254761 -0.04305791 -0.02654557 0.54509804 0.71372549 0.60000000
v 0.14254761 -0.02225093 -0.02723793 0.54509804 0.71372549 0.60000000
v 0.15415489 -0.04507460 -0.02134456 0.54509804 0.71372549 0.60000000
v 0.15628850 -0.04481155 -0.02028110 0.54509804 0.71372549 0.60000000
v 0.14617126 -0.04305791 -0.02575351 0.54509804 0.71372549 0.60000000
v 0.14849040 -0.04305791 -0.02501684 0.54509804 0.71372549 0.60000000
v 0.15146469 -0.04305791 -0.02379274 0.54509804 0.71372549 0.60000000
v 0.15314607 -0.04305791 -0.02304500 0.54509804 0.71372549 0.60000000
v 0.15463032 -0.04305791 -0.02213662 0.54509804 0.71372549 0.60000000
v 0.15678132 -0.04305791 -0.02064666 0.54509804 0.71372549 0.60000000
v 0.15733211 -0.04515351 -0.01835357 0.54509804 0.71372549 0.60000000
v 0.15910046 -0.04472387 -0.01727348 0.54509804 0.71372549 0.60000000
v 0.15959327 -0.04499569 -0.01551212 0.54509804 0.71372549 0.60000000
v 0.16052093 -0.04519735 -0.01251559 0.54509804 0.71372549 0.60000000
v 0.16201096 -0.04468003 -0.01151305 0.54509804 0.71372549 0.60000000
v 0.16217332 -0.04483786 -0.00956891 0.54509804 0.71372549 0.60000000
v 0.12593100 -0.04008548 0.02474998 0.54509804 0.71372549 0.60000000
v 0.12564690 -0.03711306 0.02491615 0.54509804 0.71372549 0.60000000
v 0.12544397 -0.03414064 0.02503800 0.54509804 0.71372549 0.60000000
v 0.12395973 -0.03414064 0.02416286 0.54509804 0.71372549 0.60000000
v 0.12491057 -0.02522336 0.02536480 0.54509804 0.71372549 0.60000000
v 0.12445835 -0.02200542 0.02528725 0.54509804 0.71372549 0.60000000
v 0.12472504 -0.01927851 0.02554758 0.54509804 0.71372549 0.60000000
v 0.11972151 0.02528157 0.02196393 0.54509804 0.71372549 0.60000000
v 0.11999401 0.03122642 0.02179776 0.54509804 0.71372549 0.60000000
v 0.11850975 0.03122642 0.02082846 0.54509804 0.71372549 0.60000000
v 0.11965193 0.02231791 0.02201932 0.54509804 0.71372549 0.60000000
v 0.12009836 0.03326941 0.02173683 0.54509804 0.71372549 0.60000000
v 0.11664864 0.03419885 0.01916125 0.54509804 0.71372549 0.60000000
v 0.11492669 0.03122642 0.01809225 0.54509804 0.71372549 0.60000000
v 0.10407892 0.00462365 0.01162284 0.54509804 0.71372549 0.60000000
v 0.11516440 0.03419885 0.01788731 0.54509804 0.71372549 0.60000000
v 0.11371494 0.03419885 0.01640289 0.54509804 0.71372549 0.60000000
v 0.11131464 0.03579466 0.01276939 0.54509804 0.71372549 0.60000000
v 0.12472504 -0.01630608 0.02563620 0.54509804 0.71372549 0.60000000
v 0.12320601 -0.01927851 0.02462259 0.54509804 0.71372549 0.60000000
v 0.12295670 -0.00442515 0.02476106 0.54509804 0.71372549 0.60000000
v 0.16304299 -0.04305791 -0.00659453 0.54509804 0.71372549 0.60000000
v 0.16303139 -0.04305791 -0.00362569 0.54509804 0.71372549 0.60000000
v 0.16206315 -0.04470633 -0.00065131 0.54509804 0.71372549 0.60000000
v 0.16189502 -0.04456604 0.00112113 0.54509804 0.71372549 0.60000000
v 0.16176166 -0.04429423 0.00310405 0.54509804 0.71372549 0.60000000
v 0.16150656 -0.04320697 0.00536945 0.54509804 0.71372549 0.60000000
v 0.16063108 -0.04305791 0.00825520 0.54509804 0.71372549 0.60000000
v 0.15944832 -0.04293515 0.01127389 0.54509804 0.71372549 0.60000000
v 0.16098475 -0.04008548 0.00825520 0.54509804 0.71372549 0.60000000
v 0.15980779 -0.04008548 0.01122958 0.54509804 0.71372549 0.60000000
v 0.15901929 -0.04008548 0.01293002 0.54509804 0.71372549 0.60000000
v 0.15805684 -0.04008548 0.01441444 0.54509804 0.71372549 0.60000000
v 0.15657259 -0.04008548 0.01650259 0.54509804 0.71372549 0.60000000
v 0.15535505 -0.04008548 0.01798701 0.54509804 0.71372549 0.60000000
v 0.15387080 -0.04008548 0.01972622 0.54509804 0.71372549 0.60000000
v 0.15250831 -0.04008548 0.02121064 0.54509804 0.71372549 0.60000000
v 0.15062981 -0.04305791 0.02214671 0.54509804 0.71372549 0.60000000
v 0.14837445 -0.04318067 0.02374745 0.54509804 0.71372549 0.60000000
v 0.14730764 -0.04227754 0.02479429 0.54509804 0.71372549 0.60000000
v 0.14567845 -0.04318067 0.02524294 0.54509804 0.71372549 0.60000000
v 0.14552191 -0.04008548 0.02597408 0.54509804 0.71372549 0.60000000
v 0.14232150 -0.04010302 0.02718155 0.54509804 0.71372549 0.60000000
v 0.14289548 -0.03711306 0.02724248 0.54509804 0.71372549 0.60000000
v 0.14219394 -0.03116821 0.02791822 0.54509804 0.71372549 0.60000000
v 0.13957912 -0.03116821 0.02840010 0.54509804 0.71372549 0.60000000
v 0.13660483 -0.03116821 0.02841672 0.54509804 0.71372549 0.60000000
v 0.13391463 -0.03989258 0.02734218 0.54509804 0.71372549 0.60000000
v 0.13364213 -0.03116821 0.02798469 0.54509804 0.71372549 0.60000000
v 0.13212889 -0.03272018 0.02758035 0.54509804 0.71372549 0.60000000
v 0.13066784 -0.03711306 0.02684922 0.54509804 0.71372549 0.60000000
v 0.12769934 -0.03414064 0.02608485 0.54509804 0.71372549 0.60000000
v 0.12769934 -0.03711306 0.02585222 0.54509804 0.71372549 0.60000000
v 0.10407892 0.00448336 -0.00962983 0.54509804 0.71372549 0.60000000
v 0.11013188 0.03419885 -0.01551212 0.54509804 0.71372549 0.60000000
v 0.11126825 0.03603140 -0.01710178 0.54509804 0.71372549 0.60000000
v 0.11784301 0.03419885 -0.02256865 0.54509804 0.71372549 0.60000000
v 0.11954177 0.03717127 -0.02337179 0.54509804 0.71372549 0.60000000
v 0.12175075 0.03717127 -0.02439094 0.54509804 0.71372549 0.60000000
v 0.12587882 0.03640844 -0.02601383 0.54509804 0.71372549 0.60000000
v 0.12434818 0.03419885 -0.02559288 0.54509804 0.71372549 0.60000000
v 0.12552515 0.02528157 -0.02610245 0.54509804 0.71372549 0.60000000
v 0.12769934 -0.01333366 -0.02663973 0.54509804 0.71372549 0.60000000
v 0.12769934 -0.01630608 -0.02664527 0.54509804 0.71372549 0.60000000
v 0.12529903 -0.01630608 -0.02612461 0.54509804 0.71372549 0.60000000
v 0.12769934 0.02528157 -0.02656218 0.54509804 0.71372549 0.60000000
v 0.13066784 -0.01630608 -0.02712715 0.54509804 0.71372549 0.60000000
v 0.11292064 0.03694330 -0.01840341 0.54509804 0.71372549 0.60000000
v 0.11464840 0.03785519 -0.01971059 0.54509804 0.71372549 0.60000000
v 0.11570940 0.03698714 -0.02074082 0.54509804 0.71372549 0.60000000
v 0.11805752 0.03717127 -0.02238587 0.54509804 0.71372549 0.60000000
v 0.13660483 -0.01927851 -0.02748718 0.54509804 0.71372549 0.60000000
v 0.13066784 0.03717127 -0.02692775 0.54509804 0.71372549 0.60000000
v 0.13364213 0.03717127 -0.02708838 0.54509804 0.71372549 0.60000000
v 0.13957912 -0.01927851 -0.02753149 0.54509804 0.71372549 0.60000000
v 0.14510446 -0.04008548 -0.02616892 0.54509804 0.71372549 0.60000000
v 0.14552191 -0.02225093 -0.02663419 0.54509804 0.71372549 0.60000000
v 0.14254761 -0.01927851 -0.02724900 0.54509804 0.71372549 0.60000000
v 0.15826556 -0.04305791 -0.01926748 0.54509804 0.71372549 0.60000000
v 0.14659451 -0.04008548 -0.02581443 0.54509804 0.71372549 0.60000000
v 0.14849040 -0.04008548 -0.02522731 0.54509804 0.71372549 0.60000000
v 0.15146469 -0.04008548 -0.02403092 0.54509804 0.71372549 0.60000000
v 0.15332580 -0.04008548 -0.02313362 0.54509804 0.71372549 0.60000000
v 0.15481005 -0.04008548 -0.02236371 0.54509804 0.71372549 0.60000000
v 0.15716977 -0.04008548 -0.02087376 0.54509804 0.71372549 0.60000000
v 0.15865402 -0.04008548 -0.01973274 0.54509804 0.71372549 0.60000000
v 0.15952370 -0.04305791 -0.01778306 0.54509804 0.71372549 0.60000000
v 0.16102534 -0.04306668 -0.01542350 0.54509804 0.71372549 0.60000000
v 0.16160512 -0.04406625 -0.01349597 0.54509804 0.71372549 0.60000000
v 0.16227187 -0.04306668 -0.01251559 0.54509804 0.71372549 0.60000000
v 0.16281687 -0.04305791 -0.00956891 0.54509804 0.71372549 0.60000000
v 0.12769934 -0.02225093 0.02688245 0.54509804 0.71372549 0.60000000
v 0.12762976 -0.01630608 0.02706523 0.54509804 0.71372549 0.60000000
v 0.12175075 0.02528157 0.02315479 0.54509804 0.71372549 0.60000000
v 0.12175075 0.02231791 0.02327110 0.54509804 0.71372549 0.60000000
v 0.12175075 0.03122642 0.02278922 0.54509804 0.71372549 0.60000000
v 0.12155362 0.03423392 0.02233503 0.54509804 0.71372549 0.60000000
v 0.12042304 0.03525103 0.02153743 0.54509804 0.71372549 0.60000000
v 0.11897938 0.03423392 0.02078968 0.54509804 0.71372549 0.60000000
v 0.11696752 0.03620677 0.01891200 0.54509804 0.71372549 0.60000000
v 0.10407892 0.00769253 0.01063138 0.54509804 0.71372549 0.60000000
v 0.11398743 0.03644351 0.01608164 0.54509804 0.71372549 0.60000000
v 0.11285685 0.03710989 0.01414303 0.54509804 0.71372549 0.60000000
v 0.11172048 0.03777628 0.01216565 0.54509804 0.71372549 0.60000000
v 0.11082761 0.03694330 0.01119635 0.54509804 0.71372549 0.60000000
v 0.10827076 0.03597879 0.00699788 0.54509804 0.71372549 0.60000000
v 0.12472504 -0.00442515 0.02571928 0.54509804 0.71372549 0.60000000
v 0.12375100 0.02231791 0.02436780 0.54509804 0.71372549 0.60000000
v 0.16308936 -0.04008548 -0.00956891 0.54509804 0.71372549 0.60000000
v 0.16327490 -0.04008548 -0.00659453 0.54509804 0.71372549 0.60000000
v 0.16330390 -0.04008548 -0.00362569 0.54509804 0.71372549 0.60000000
v 0.16307778 -0.04008548 -0.00065131 0.54509804 0.71372549 0.60000000
v 0.16271832 -0.04305791 -0.00065131 0.54509804 0.71372549 0.60000000
v 0.16220230 -0.04320697 0.00219013 0.54509804 0.71372549 0.60000000
v 0.16203996 -0.04231262 0.00443892 0.54509804 0.71372549 0.60000000
v 0.16168629 -0.04008548 0.00611720 0.54509804 0.71372549 0.60000000
v 0.16175587 -0.03116821 0.00638860 0.54509804 0.71372549 0.60000000
v 0.16118188 -0.02819578 0.00825520 0.54509804 0.71372549 0.60000000
v 0.16004550 -0.02819578 0.01122958 0.54509804 0.71372549 0.60000000
v 0.15915264 -0.02819578 0.01317927 0.54509804 0.71372549 0.60000000
v 0.15828296 -0.02819578 0.01466922 0.54509804 0.71372549 0.60000000
v 0.15823658 -0.03116821 0.01459722 0.54509804 0.71372549 0.60000000
v 0.15674653 -0.03116821 0.01684600 0.54509804 0.71372549 0.60000000
v 0.15557536 -0.03414064 0.01821965 0.54509804 0.71372549 0.60000000
v 0.15567393 -0.03116821 0.01833596 0.54509804 0.71372549 0.60000000
v 0.15409112 -0.03414064 0.01998655 0.54509804 0.71372549 0.60000000
v 0.15279240 -0.03414064 0.02147650 0.54509804 0.71372549 0.60000000
v 0.15102406 -0.04008548 0.02244027 0.54509804 0.71372549 0.60000000
v 0.14903540 -0.04008548 0.02393023 0.54509804 0.71372549 0.60000000
v 0.14755115 -0.04008548 0.02495492 0.54509804 0.71372549 0.60000000
v 0.14552191 -0.03711306 0.02621224 0.54509804 0.71372549 0.60000000
v 0.14368399 -0.03116821 0.02745295 0.54509804 0.71372549 0.60000000
v 0.14330713 -0.03414064 0.02734772 0.54509804 0.71372549 0.60000000
v 0.14390431 -0.02819578 0.02753050 0.54509804 0.71372549 0.60000000
v 0.14242006 -0.02819578 0.02796253 0.54509804 0.71372549 0.60000000
v 0.13957912 -0.01927851 0.02882660 0.54509804 0.71372549 0.60000000
v 0.13660483 -0.01927851 0.02905369 0.54509804 0.71372549 0.60000000
v 0.13364213 -0.01927851 0.02873797 0.54509804 0.71372549 0.60000000
v 0.13095193 -0.03388636 0.02716493 0.54509804 0.71372549 0.60000000
v 0.13087655 -0.02225093 0.02793483 0.54509804 0.71372549 0.60000000
v 0.12939231 -0.02225093 0.02751388 0.54509804 0.71372549 0.60000000
v 0.10407892 0.00720151 -0.00873807 0.54509804 0.71372549 0.60000000
v 0.10837512 0.03573329 -0.01108102 0.54509804 0.71372549 0.60000000
v 0.10885055 0.03419885 -0.01266514 0.54509804 0.71372549 0.60000000
v 0.10906506 0.03689946 -0.01225526 0.54509804 0.71372549 0.60000000
v 0.11067687 0.03708359 -0.01563398 0.54509804 0.71372549 0.60000000
v 0.11157553 0.03801302 -0.01670852 0.54509804 0.71372549 0.60000000
v 0.11993602 0.03892491 -0.02313916 0.54509804 0.71372549 0.60000000
v 0.12634264 0.03839005 -0.02585875 0.54509804 0.71372549 0.60000000
v 0.12482361 0.03730279 -0.02550980 0.54509804 0.71372549 0.60000000
v 0.12769934 0.03419885 -0.02645141 0.54509804 0.71372549 0.60000000
v 0.12747902 0.03730279 -0.02631847 0.54509804 0.71372549 0.60000000
v 0.11355840 0.03921427 -0.01772767 0.54509804 0.71372549 0.60000000
v 0.11663125 0.03911781 -0.02046942 0.54509804 0.71372549 0.60000000
v 0.12832550 0.03905644 -0.02616892 0.54509804 0.71372549 0.60000000
v 0.13066784 0.03937209 -0.02638494 0.54509804 0.71372549 0.60000000
v 0.13364213 0.03951239 -0.02648464 0.54509804 0.71372549 0.60000000
v 0.13660483 0.03945977 -0.02642371 0.54509804 0.71372549 0.60000000
v 0.13660483 0.03717127 -0.02694991 0.54509804 0.71372549 0.60000000
v 0.14552191 -0.01927851 -0.02662311 0.54509804 0.71372549 0.60000000
v 0.14765551 -0.01927851 -0.02608030 0.54509804 0.71372549 0.60000000
v 0.14758014 -0.02225093 -0.02608030 0.54509804 0.71372549 0.60000000
v 0.13957912 0.03717127 -0.02656218 0.54509804 0.71372549 0.60000000
v 0.14186926 0.03717127 -0.02610799 0.54509804 0.71372549 0.60000000
v 0.15997014 -0.04008548 -0.01824833 0.54509804 0.71372549 0.60000000
v 0.14907019 -0.02225093 -0.02561503 0.54509804 0.71372549 0.60000000
v 0.14913976 -0.01927851 -0.02567596 0.54509804 0.71372549 0.60000000
v 0.15146469 -0.03414064 -0.02420816 0.54509804 0.71372549 0.60000000
v 0.15146469 -0.01927851 -0.02458480 0.54509804 0.71372549 0.60000000
v 0.15492601 -0.03414064 -0.02242464 0.54509804 0.71372549 0.60000000
v 0.15740748 -0.02819578 -0.02114516 0.54509804 0.71372549 0.60000000
v 0.15740748 -0.03116821 -0.02105100 0.54509804 0.71372549 0.60000000
v 0.15731471 -0.03711306 -0.02090699 0.54509804 0.71372549 0.60000000
v 0.15887434 -0.03526297 -0.01995430 0.54509804 0.71372549 0.60000000
v 0.15879897 -0.03711306 -0.01988784 0.54509804 0.71372549 0.60000000
v 0.16013826 -0.03711306 -0.01840341 0.54509804 0.71372549 0.60000000
v 0.16145438 -0.04008548 -0.01618786 0.54509804 0.71372549 0.60000000
v 0.16202257 -0.04208464 -0.01437665 0.54509804 0.71372549 0.60000000
v 0.16266033 -0.04008548 -0.01253774 0.54509804 0.71372549 0.60000000
v 0.12921258 -0.02036577 0.02756373 0.54509804 0.71372549 0.60000000
v 0.12797184 -0.01933988 0.02711508 0.54509804 0.71372549 0.60000000
v 0.12914300 -0.01838415 0.02758589 0.54509804 0.71372549 0.60000000
v 0.12911981 -0.01630608 0.02759143 0.54509804 0.71372549 0.60000000
v 0.12914300 -0.00569654 0.02758589 0.54509804 0.71372549 0.60000000
v 0.12797184 -0.00459174 0.02711508 0.54509804 0.71372549 0.60000000
v 0.12392494 0.02528157 0.02430133 0.54509804 0.71372549 0.60000000
v 0.12486419 0.03149823 0.02420163 0.54509804 0.71372549 0.60000000
v 0.12419744 0.02825400 0.02419609 0.54509804 0.71372549 0.60000000
v 0.12472504 0.03419885 0.02380837 0.54509804 0.71372549 0.60000000
v 0.12255085 0.03717127 0.02200824 0.54509804 0.71372549 0.60000000
v 0.12106660 0.03717127 0.02109986 0.54509804 0.71372549 0.60000000
v 0.11872428 0.03718881 0.01957667 0.54509804 0.71372549 0.60000000
v 0.11769805 0.03818839 0.01836366 0.54509804 0.71372549 0.60000000
v 0.11572679 0.03731156 0.01722265 0.54509804 0.71372549 0.60000000
v 0.10407892 0.00779775 0.01058153 0.54509804 0.71372549 0.60000000
v 0.11448605 0.03841636 0.01551667 0.54509804 0.71372549 0.60000000
v 0.11110011 0.03894245 0.01018827 0.54509804 0.71372549 0.60000000
v 0.10872300 0.03796041 0.00593995 0.54509804 0.71372549 0.60000000
v 0.10800406 0.03704852 0.00508143 0.54509804 0.71372549 0.60000000
v 0.10746486 0.03419885 0.00528637 0.54509804 0.71372549 0.60000000
v 0.12523526 0.02231791 0.02502139 0.54509804 0.71372549 0.60000000
v 0.16262554 -0.03711306 -0.01253774 0.54509804 0.71372549 0.60000000
v 0.16246899 -0.02819578 -0.01253774 0.54509804 0.71372549 0.60000000
v 0.16197038 0.00151093 -0.01177892 0.54509804 0.71372549 0.60000000
v 0.16226027 -0.00146149 -0.00956891 0.54509804 0.71372549 0.60000000
v 0.16246320 -0.00146149 -0.00659453 0.54509804 0.71372549 0.60000000
v 0.16252699 -0.00146149 -0.00362569 0.54509804 0.71372549 0.60000000
v 0.16267193 -0.00739757 -0.00065131 0.54509804 0.71372549 0.60000000
v 0.16259075 -0.01037000 0.00231199 0.54509804 0.71372549 0.60000000
v 0.16259656 -0.04008548 0.00231199 0.54509804 0.71372549 0.60000000
v 0.16271251 -0.02819578 0.00231199 0.54509804 0.71372549 0.60000000
v 0.16209214 -0.04008548 0.00463278 0.54509804 0.71372549 0.60000000
v 0.16217332 -0.03116821 0.00489864 0.54509804 0.71372549 0.60000000
v 0.16177905 -0.02819578 0.00646615 0.54509804 0.71372549 0.60000000
v 0.16118188 -0.02522336 0.00825520 0.54509804 0.71372549 0.60000000
v 0.16006290 -0.02522336 0.01122958 0.54509804 0.71372549 0.60000000
v 0.15915844 -0.02522336 0.01320142 0.54509804 0.71372549 0.60000000
v 0.15831195 -0.02522336 0.01468584 0.54509804 0.71372549 0.60000000
v 0.15683350 -0.01927851 0.01708417 0.54509804 0.71372549 0.60000000
v 0.15585366 -0.01927851 0.01856859 0.54509804 0.71372549 0.60000000
v 0.15679871 -0.02819578 0.01690693 0.54509804 0.71372549 0.60000000
v 0.15418968 -0.03116821 0.02010287 0.54509804 0.71372549 0.60000000
v 0.15290836 -0.03116821 0.02158728 0.54509804 0.71372549 0.60000000
v 0.15130236 -0.03414064 0.02267844 0.54509804 0.71372549 0.60000000
v 0.14920354 -0.03711306 0.02404655 0.54509804 0.71372549 0.60000000
v 0.14934269 -0.03414064 0.02416286 0.54509804 0.71372549 0.60000000
v 0.14771349 -0.03711306 0.02505462 0.54509804 0.71372549 0.60000000
v 0.14552191 -0.03414064 0.02638949 0.54509804 0.71372549 0.60000000
v 0.14552191 -0.02819578 0.02671074 0.54509804 0.71372549 0.60000000
v 0.14400287 -0.02642460 0.02756373 0.54509804 0.71372549 0.60000000
v 0.14552191 -0.03116821 0.02656120 0.54509804 0.71372549 0.60000000
v 0.14418261 -0.02225093 0.02763574 0.54509804 0.71372549 0.60000000
v 0.14254761 -0.02225093 0.02810100 0.54509804 0.71372549 0.60000000
v 0.13660483 -0.01630608 0.02897061 0.54509804 0.71372549 0.60000000
v 0.14254761 -0.01927851 0.02813423 0.54509804 0.71372549 0.60000000
v 0.13851231 0.00745578 0.02770774 0.54509804 0.71372549 0.60000000
v 0.13660483 0.00745578 0.02796807 0.54509804 0.71372549 0.60000000
v 0.13660483 0.00448336 0.02809547 0.54509804 0.71372549 0.60000000
v 0.13364213 -0.01630608 0.02869920 0.54509804 0.71372549 0.60000000
v 0.13066784 -0.01630608 0.02802346 0.54509804 0.71372549 0.60000000
v 0.13038954 -0.01933988 0.02793483 0.54509804 0.71372549 0.60000000
v 0.10407892 0.00860442 -0.00800140 0.54509804 0.71372549 0.60000000
v 0.10738949 0.03717127 -0.00362569 0.54509804 0.71372549 0.60000000
v 0.10824177 0.03641721 -0.00956891 0.54509804 0.71372549 0.60000000
v 0.10839832 0.03859172 -0.00799033 0.54509804 0.71372549 0.60000000
v 0.10854326 0.03789903 -0.00956891 0.54509804 0.71372549 0.60000000
v 0.11096097 0.03909151 -0.01472560 0.54509804 0.71372549 0.60000000
v 0.11888081 0.03952115 -0.02145534 0.54509804 0.71372549 0.60000000
v 0.12175075 0.03931949 -0.02352134 0.54509804 0.71372549 0.60000000
v 0.11267712 0.03967898 -0.01563398 0.54509804 0.71372549 0.60000000
v 0.11570940 0.03968775 -0.01862497 0.54509804 0.71372549 0.60000000
v 0.12472504 0.03967021 -0.02408076 0.54509804 0.71372549 0.60000000
v 0.12747902 0.03985435 -0.02469558 0.54509804 0.71372549 0.60000000
v 0.13066784 0.04067856 -0.02442418 0.54509804 0.71372549 0.60000000
v 0.13364213 0.04088899 -0.02442418 0.54509804 0.71372549 0.60000000
v 0.13681934 0.04105559 -0.02414723 0.54509804 0.71372549 0.60000000
v 0.13957912 0.03921427 -0.02621877 0.54509804 0.71372549 0.60000000
v 0.13957912 0.04069609 -0.02451834 0.54509804 0.71372549 0.60000000
v 0.14156777 0.03890738 -0.02603045 0.54509804 0.71372549 0.60000000
v 0.14335931 0.03717127 -0.02573689 0.54509804 0.71372549 0.60000000
v 0.16162252 -0.03711306 -0.01637619 0.54509804 0.71372549 0.60000000
v 0.14552191 0.03717127 -0.02498914 0.54509804 0.71372549 0.60000000
v 0.14849040 0.03717127 -0.02373182 0.54509804 0.71372549 0.60000000
v 0.15006742 0.03717127 -0.02299515 0.54509804 0.71372549 0.60000000
v 0.15506516 -0.01630608 -0.02250773 0.54509804 0.71372549 0.60000000
v 0.15514632 -0.01927851 -0.02252988 0.54509804 0.71372549 0.60000000
v 0.15512893 -0.02225093 -0.02253542 0.54509804 0.71372549 0.60000000
v 0.15497239 -0.03116821 -0.02245787 0.54509804 0.71372549 0.60000000
v 0.15740748 -0.02522336 -0.02120609 0.54509804 0.71372549 0.60000000
v 0.15905987 -0.02819578 -0.02011493 0.54509804 0.71372549 0.60000000
v 0.15898450 -0.03116821 -0.02004846 0.54509804 0.71372549 0.60000000
v 0.15994694 -0.03421955 -0.01876898 0.54509804 0.71372549 0.60000000
v 0.16030641 -0.03116821 -0.01848096 0.54509804 0.71372549 0.60000000
v 0.16212114 -0.04008548 -0.01469791 0.54509804 0.71372549 0.60000000
v 0.16213272 -0.03711306 -0.01489177 0.54509804 0.71372549 0.60000000
v 0.16208054 -0.02819578 -0.01495823 0.54509804 0.71372549 0.60000000
v 0.13048810 -0.00459174 0.02782960 0.54509804 0.71372549 0.60000000
v 0.13167086 0.00448336 0.02771328 0.54509804 0.71372549 0.60000000
v 0.13066784 0.01637306 0.02694892 0.54509804 0.71372549 0.60000000
v 0.12769934 0.02231791 0.02591314 0.54509804 0.71372549 0.60000000
v 0.12540918 0.02528157 0.02493277 0.54509804 0.71372549 0.60000000
v 0.12622668 0.03267318 0.02459489 0.54509804 0.71372549 0.60000000
v 0.12568748 0.02825400 0.02481091 0.54509804 0.71372549 0.60000000
v 0.12594838 0.03069156 0.02470013 0.54509804 0.71372549 0.60000000
v 0.12674849 0.03419885 0.02448412 0.54509804 0.71372549 0.60000000
v 0.12472504 0.03717127 0.02300524 0.54509804 0.71372549 0.60000000
v 0.12315383 0.03871448 0.02168144 0.54509804 0.71372549 0.60000000
v 0.11968092 0.03900383 0.01903386 0.54509804 0.71372549 0.60000000
v 0.11646891 0.03917043 0.01638074 0.54509804 0.71372549 0.60000000
v 0.10407892 0.01045451 0.00847676 0.54509804 0.71372549 0.60000000
v 0.10681551 0.03419885 0.00231199 0.54509804 0.71372549 0.60000000
v 0.11370334 0.03915289 0.01353375 0.54509804 0.71372549 0.60000000
v 0.10832294 0.03872325 0.00395703 0.54509804 0.71372549 0.60000000
v 0.11276409 0.03953869 0.01119635 0.54509804 0.71372549 0.60000000
v 0.11067687 0.03926687 0.00825520 0.54509804 0.71372549 0.60000000
v 0.10734311 0.03717127 0.00231199 0.54509804 0.71372549 0.60000000
v 0.16198778 -0.01927851 -0.01460375 0.54509804 0.71372549 0.60000000
v 0.16187762 -0.00861636 -0.01407755 0.54509804 0.71372549 0.60000000
v 0.16176166 0.00151093 -0.01326334 0.54509804 0.71372549 0.60000000
v 0.16122247 0.01340064 -0.01253774 0.54509804 0.71372549 0.60000000
v 0.16141379 0.01637306 -0.00956891 0.54509804 0.71372549 0.60000000
v 0.16219071 0.00151093 -0.00956891 0.54509804 0.71372549 0.60000000
v 0.16237623 0.00151093 -0.00659453 0.54509804 0.71372549 0.60000000
v 0.16244581 0.00151093 -0.00362569 0.54509804 0.71372549 0.60000000
v 0.16253857 -0.00739757 0.00231199 0.54509804 0.71372549 0.60000000
v 0.16246899 -0.00146149 -0.00065131 0.54509804 0.71372549 0.60000000
v 0.16216172 -0.01037000 0.00476571 0.54509804 0.71372549 0.60000000
v 0.16219071 -0.02819578 0.00497619 0.54509804 0.71372549 0.60000000
v 0.16170369 -0.01037000 0.00625567 0.54509804 0.71372549 0.60000000
v 0.16106012 -0.01333366 0.00825520 0.54509804 0.71372549 0.60000000
v 0.15913524 -0.02225093 0.01316819 0.54509804 0.71372549 0.60000000
v 0.15983678 -0.01333366 0.01122958 0.54509804 0.71372549 0.60000000
v 0.15831774 -0.01927851 0.01458614 0.54509804 0.71372549 0.60000000
v 0.15831774 -0.02225093 0.01465261 0.54509804 0.71372549 0.60000000
v 0.15826556 -0.01630608 0.01451414 0.54509804 0.71372549 0.60000000
v 0.15678132 -0.01630608 0.01697340 0.54509804 0.71372549 0.60000000
v 0.15296634 -0.01770900 0.02164267 0.54509804 0.71372549 0.60000000
v 0.15441580 -0.01927851 0.02014163 0.54509804 0.71372549 0.60000000
v 0.15299533 -0.02225093 0.02167590 0.54509804 0.71372549 0.60000000
v 0.15296634 -0.02741541 0.02164267 0.54509804 0.71372549 0.60000000
v 0.15294315 -0.02939703 0.02162052 0.54509804 0.71372549 0.60000000
v 0.15576089 -0.01630608 0.01845782 0.54509804 0.71372549 0.60000000
v 0.15141831 -0.03116821 0.02277260 0.54509804 0.71372549 0.60000000
v 0.15176039 -0.02831854 0.02260090 0.54509804 0.71372549 0.60000000
v 0.14946443 -0.03116821 0.02425702 0.54509804 0.71372549 0.60000000
v 0.14785264 -0.03414064 0.02512663 0.54509804 0.71372549 0.60000000
v 0.14525520 -0.02534611 0.02697107 0.54509804 0.71372549 0.60000000
v 0.14797440 -0.03116821 0.02519309 0.54509804 0.71372549 0.60000000
v 0.14807296 -0.02819578 0.02527064 0.54509804 0.71372549 0.60000000
v 0.14566685 -0.02225093 0.02688799 0.54509804 0.71372549 0.60000000
v 0.14417681 -0.01927851 0.02763574 0.54509804 0.71372549 0.60000000
v 0.13549163 0.01582943 0.02761912 0.54509804 0.71372549 0.60000000
v 0.13468574 0.01582943 0.02761912 0.54509804 0.71372549 0.60000000
v 0.13364213 0.00448336 0.02802346 0.54509804 0.71372549 0.60000000
v 0.13364213 -0.00442515 0.02831702 0.54509804 0.71372549 0.60000000
v 0.14408404 -0.01769146 0.02759697 0.54509804 0.71372549 0.60000000
v 0.14112714 -0.00281180 0.02759697 0.54509804 0.71372549 0.60000000
v 0.13957912 0.01340064 0.02690461 0.54509804 0.71372549 0.60000000
v 0.13957912 0.01637306 0.02667751 0.54509804 0.71372549 0.60000000
v 0.13823981 0.00962153 0.02762466 0.54509804 0.71372549 0.60000000
v 0.10407892 0.01025285 -0.00645052 0.54509804 0.71372549 0.60000000
v 0.10709380 0.03717127 -0.00065131 0.54509804 0.71372549 0.60000000
v 0.10804465 0.03904767 -0.00362569 0.54509804 0.71372549 0.60000000
v 0.10824757 0.03882847 -0.00600741 0.54509804 0.71372549 0.60000000
v 0.10407892 0.01162946 -0.00477778 0.54509804 0.71372549 0.60000000
v 0.11003331 0.03965268 -0.00956891 0.54509804 0.71372549 0.60000000
v 0.11046815 0.03946855 -0.01253774 0.54509804 0.71372549 0.60000000
v 0.12175075 0.04042428 -0.02145534 0.54509804 0.71372549 0.60000000
v 0.11283946 0.04058210 -0.01253774 0.54509804 0.71372549 0.60000000
v 0.11580796 0.04069609 -0.01551212 0.54509804 0.71372549 0.60000000
v 0.11878225 0.04060842 -0.01848096 0.54509804 0.71372549 0.60000000
v 0.12472504 0.04081008 -0.02145534 0.54509804 0.71372549 0.60000000
v 0.13794992 0.04164306 -0.02297299 0.54509804 0.71372549 0.60000000
v 0.13957912 0.04166060 -0.02302838 0.54509804 0.71372549 0.60000000
v 0.14153879 0.04166937 -0.02302838 0.54509804 0.71372549 0.60000000
v 0.14254182 0.04024014 -0.02440756 0.54509804 0.71372549 0.60000000
v 0.14552191 0.03992449 -0.02393676 0.54509804 0.71372549 0.60000000
v 0.14849040 0.03923180 -0.02329978 0.54509804 0.71372549 0.60000000
v 0.14999204 0.03867941 -0.02295083 0.54509804 0.71372549 0.60000000
v 0.16039917 -0.02819578 -0.01848096 0.54509804 0.71372549 0.60000000
v 0.16167470 -0.03414064 -0.01641496 0.54509804 0.71372549 0.60000000
v 0.15889753 -0.00887063 -0.01997092 0.54509804 0.71372549 0.60000000
v 0.15740748 -0.01037000 -0.02096238 0.54509804 0.71372549 0.60000000
v 0.15740748 -0.01333366 -0.02108977 0.54509804 0.71372549 0.60000000
v 0.15740748 -0.01630608 -0.02118393 0.54509804 0.71372549 0.60000000
v 0.15740748 -0.01927851 -0.02123932 0.54509804 0.71372549 0.60000000
v 0.15740748 -0.02225093 -0.02123378 0.54509804 0.71372549 0.60000000
v 0.15908306 -0.02522336 -0.02014816 0.54509804 0.71372549 0.60000000
v 0.16170369 -0.03116821 -0.01643711 0.54509804 0.71372549 0.60000000
v 0.16172108 -0.02819578 -0.01644265 0.54509804 0.71372549 0.60000000
v 0.16166311 -0.01927851 -0.01608816 0.54509804 0.71372549 0.60000000
v 0.13279564 0.01340064 0.02749727 0.54509804 0.71372549 0.60000000
v 0.13066784 0.02231791 0.02667197 0.54509804 0.71372549 0.60000000
v 0.12769934 0.02528157 0.02573590 0.54509804 0.71372549 0.60000000
v 0.12769934 0.02825400 0.02546450 0.54509804 0.71372549 0.60000000
v 0.12740944 0.03149823 0.02503246 0.54509804 0.71372549 0.60000000
v 0.12823274 0.03419885 0.02482753 0.54509804 0.71372549 0.60000000
v 0.12888790 0.03587357 0.02466136 0.54509804 0.71372549 0.60000000
v 0.12782109 0.03698714 0.02402439 0.54509804 0.71372549 0.60000000
v 0.12472504 0.03904767 0.02203593 0.54509804 0.71372549 0.60000000
v 0.12200006 0.03928441 0.02007517 0.54509804 0.71372549 0.60000000
v 0.11872428 0.03958253 0.01729465 0.54509804 0.71372549 0.60000000
v 0.11561084 0.03966145 0.01439782 0.54509804 0.71372549 0.60000000
v 0.10407892 0.01055097 0.00837152 0.54509804 0.71372549 0.60000000
v 0.10407892 0.01234845 0.00546361 0.54509804 0.71372549 0.60000000
v 0.10407892 0.01067372 0.00822197 0.54509804 0.71372549 0.60000000
v 0.10407892 0.01058604 0.00833275 0.54509804 0.71372549 0.60000000
v 0.10977241 0.03938086 0.00508143 0.54509804 0.71372549 0.60000000
v 0.10811422 0.03894245 0.00231199 0.54509804 0.71372549 0.60000000
v 0.11283946 0.04031906 0.00825520 0.54509804 0.71372549 0.60000000
v 0.10792289 0.03915289 -0.00065131 0.54509804 0.71372549 0.60000000
v 0.16153555 -0.01037000 -0.01560628 0.54509804 0.71372549 0.60000000
v 0.16114709 0.00151093 -0.01551212 0.54509804 0.71372549 0.60000000
v 0.16049773 0.01042821 -0.01551212 0.54509804 0.71372549 0.60000000
v 0.16099635 0.01637306 -0.01253774 0.54509804 0.71372549 0.60000000
v 0.16118768 0.01934549 -0.00956891 0.54509804 0.71372549 0.60000000
v 0.16154714 0.01637306 -0.00659453 0.54509804 0.71372549 0.60000000
v 0.16177326 0.01323404 -0.00638959 0.54509804 0.71372549 0.60000000
v 0.16187183 0.01213801 -0.00525966 0.54509804 0.71372549 0.60000000
v 0.16235884 0.00151093 -0.00065131 0.54509804 0.71372549 0.60000000
v 0.16187183 0.01213801 -0.00503256 0.54509804 0.71372549 0.60000000
v 0.16210374 -0.00739757 0.00451646 0.54509804 0.71372549 0.60000000
v 0.16202836 0.00123912 0.00227322 0.54509804 0.71372549 0.60000000
v 0.16187183 0.00006418 0.00380748 0.54509804 0.71372549 0.60000000
v 0.16161092 -0.00739757 0.00600088 0.54509804 0.71372549 0.60000000
v 0.16096156 -0.01037000 0.00825520 0.54509804 0.71372549 0.60000000
v 0.15905407 -0.01630608 0.01302972 0.54509804 0.71372549 0.60000000
v 0.15895550 -0.01124682 0.01281370 0.54509804 0.71372549 0.60000000
v 0.15901349 -0.01333366 0.01293002 0.54509804 0.71372549 0.60000000
v 0.15874679 -0.00442515 0.01238721 0.54509804 0.71372549 0.60000000
v 0.15576670 0.00745578 0.01544467 0.54509804 0.71372549 0.60000000
v 0.14958619 -0.01927851 0.02431795 0.54509804 0.71372549 0.60000000
v 0.14969055 -0.02225093 0.02439549 0.54509804 0.71372549 0.60000000
v 0.15299533 -0.01927851 0.02167036 0.54509804 0.71372549 0.60000000
v 0.15296054 0.00900776 0.01866829 0.54509804 0.71372549 0.60000000
v 0.14984130 0.01042821 0.02150974 0.54509804 0.71372549 0.60000000
v 0.14994566 0.00863949 0.02159836 0.54509804 0.71372549 0.60000000
v 0.14835125 0.01042821 0.02272275 0.54509804 0.71372549 0.60000000
v 0.15146469 -0.02225093 0.02295539 0.54509804 0.71372549 0.60000000
v 0.15146469 -0.02522336 0.02291107 0.54509804 0.71372549 0.60000000
v 0.15436362 0.00745578 0.01717280 0.54509804 0.71372549 0.60000000
v 0.14964997 -0.02522336 0.02437334 0.54509804 0.71372549 0.60000000
v 0.14955720 -0.02819578 0.02431795 0.54509804 0.71372549 0.60000000
v 0.14815993 -0.02522336 0.02534264 0.54509804 0.71372549 0.60000000
v 0.14820051 -0.02225093 0.02540357 0.54509804 0.71372549 0.60000000
v 0.14566685 -0.01927851 0.02686030 0.54509804 0.71372549 0.60000000
v 0.13746290 0.01340064 0.02749173 0.54509804 0.71372549 0.60000000
v 0.13652945 0.01664488 0.02741418 0.54509804 0.71372549 0.60000000
v 0.13660483 0.01934549 0.02714278 0.54509804 0.71372549 0.60000000
v 0.13364213 0.02825400 0.02647811 0.54509804 0.71372549 0.60000000
v 0.13364213 0.02528157 0.02678829 0.54509804 0.71372549 0.60000000
v 0.13364213 0.02231791 0.02704308 0.54509804 0.71372549 0.60000000
v 0.13364213 0.01934549 0.02728125 0.54509804 0.71372549 0.60000000
v 0.13367691 0.01664488 0.02746403 0.54509804 0.71372549 0.60000000
v 0.14464064 0.01340064 0.02493277 0.54509804 0.71372549 0.60000000
v 0.14441452 0.01637306 0.02482753 0.54509804 0.71372549 0.60000000
v 0.14254761 0.01637306 0.02561405 0.54509804 0.71372549 0.60000000
v 0.13787455 0.01160315 0.02754711 0.54509804 0.71372549 0.60000000
v 0.13957912 0.02528157 0.02568605 0.54509804 0.71372549 0.60000000
v 0.13660483 0.02825400 0.02619009 0.54509804 0.71372549 0.60000000
v 0.13660483 0.02528157 0.02651134 0.54509804 0.71372549 0.60000000
v 0.10407892 0.01171714 -0.00462823 0.54509804 0.71372549 0.60000000
v 0.10407892 0.01231338 -0.00316596 0.54509804 0.71372549 0.60000000
v 0.10407892 0.01278686 -0.00083963 0.54509804 0.71372549 0.60000000
v 0.10407892 0.01282193 -0.00065131 0.54509804 0.71372549 0.60000000
v 0.10407892 0.01290085 0.00213474 0.54509804 0.71372549 0.60000000
v 0.10407892 0.01290085 0.00231199 0.54509804 0.71372549 0.60000000
v 0.10986517 0.04008232 -0.00362569 0.54509804 0.71372549 0.60000000
v 0.11283946 0.04073993 -0.00956891 0.54509804 0.71372549 0.60000000
v 0.13794992 0.04164306 -0.02284560 0.54509804 0.71372549 0.60000000
v 0.14849040 0.04194118 -0.01848096 0.54509804 0.71372549 0.60000000
v 0.14552191 0.04178335 -0.02081837 0.54509804 0.71372549 0.60000000
v 0.14849040 0.04173074 -0.02034202 0.54509804 0.71372549 0.60000000
v 0.14352165 0.04158169 -0.02262404 0.54509804 0.71372549 0.60000000
v 0.14552191 0.04140632 -0.02230279 0.54509804 0.71372549 0.60000000
v 0.14849040 0.04072240 -0.02182644 0.54509804 0.71372549 0.60000000
v 0.15002104 0.04164306 -0.02000415 0.54509804 0.71372549 0.60000000
v 0.15100087 0.03987188 -0.02111747 0.54509804 0.71372549 0.60000000
v 0.15326783 0.03909151 -0.02024786 0.54509804 0.71372549 0.60000000
v 0.15358671 0.03717127 -0.02049711 0.54509804 0.71372549 0.60000000
v 0.15155166 0.03717127 -0.02198153 0.54509804 0.71372549 0.60000000
v 0.15910046 -0.01927851 -0.02015924 0.54509804 0.71372549 0.60000000
v 0.16038178 -0.01927851 -0.01848096 0.54509804 0.71372549 0.60000000
v 0.16009188 -0.01037000 -0.01848096 0.54509804 0.71372549 0.60000000
v 0.15893811 -0.01037000 -0.02001523 0.54509804 0.71372549 0.60000000
v 0.15380122 0.03419885 -0.02063558 0.54509804 0.71372549 0.60000000
v 0.15572611 0.02528157 -0.01979921 0.54509804 0.71372549 0.60000000
v 0.15559276 0.02825400 -0.01966074 0.54509804 0.71372549 0.60000000
v 0.15715238 0.02528157 -0.01831479 0.54509804 0.71372549 0.60000000
v 0.15976720 0.00151093 -0.01796585 0.54509804 0.71372549 0.60000000
v 0.15900189 -0.01333366 -0.02007616 0.54509804 0.71372549 0.60000000
v 0.15905987 -0.01630608 -0.02012601 0.54509804 0.71372549 0.60000000
v 0.16030061 -0.01630608 -0.01848096 0.54509804 0.71372549 0.60000000
v 0.13066784 0.02528157 0.02647258 0.54509804 0.71372549 0.60000000
v 0.13066784 0.02825400 0.02617348 0.54509804 0.71372549 0.60000000
v 0.13066784 0.03122642 0.02579129 0.54509804 0.71372549 0.60000000
v 0.13066784 0.03419885 0.02533156 0.54509804 0.71372549 0.60000000
v 0.13066784 0.03633829 0.02483860 0.54509804 0.71372549 0.60000000
v 0.13066784 0.03782888 0.02426810 0.54509804 0.71372549 0.60000000
v 0.12769934 0.03949485 0.02250674 0.54509804 0.71372549 0.60000000
v 0.12472504 0.04014370 0.02014163 0.54509804 0.71372549 0.60000000
v 0.12175075 0.04050319 0.01717280 0.54509804 0.71372549 0.60000000
v 0.11878225 0.04056457 0.01419842 0.54509804 0.71372549 0.60000000
v 0.11580796 0.04053826 0.01122958 0.54509804 0.71372549 0.60000000
v 0.10986517 0.03989818 0.00231199 0.54509804 0.71372549 0.60000000
v 0.11283946 0.04056457 0.00528637 0.54509804 0.71372549 0.60000000
v 0.10986517 0.04017000 -0.00065131 0.54509804 0.71372549 0.60000000
v 0.15934976 0.01042821 -0.01748396 0.54509804 0.71372549 0.60000000
v 0.16024843 0.01340064 -0.01551212 0.54509804 0.71372549 0.60000000
v 0.15937875 0.02528157 -0.01507455 0.54509804 0.71372549 0.60000000
v 0.16045135 0.02231791 -0.01253774 0.54509804 0.71372549 0.60000000
v 0.16090938 0.02231791 -0.00956891 0.54509804 0.71372549 0.60000000
v 0.16072385 0.02528157 -0.00659453 0.54509804 0.71372549 0.60000000
v 0.16169789 0.01323404 -0.00387494 0.54509804 0.71372549 0.60000000
v 0.16110651 0.01637306 -0.00065131 0.54509804 0.71372549 0.60000000
v 0.16056151 0.02528157 -0.00362569 0.54509804 0.71372549 0.60000000
v 0.16139060 0.01637306 -0.00362569 0.54509804 0.71372549 0.60000000
v 0.16072965 0.01637306 0.00231199 0.54509804 0.71372549 0.60000000
v 0.15996433 0.02528157 0.00231199 0.54509804 0.71372549 0.60000000
v 0.15930338 0.02528157 0.00487095 0.54509804 0.71372549 0.60000000
v 0.15873519 0.02528157 0.00636091 0.54509804 0.71372549 0.60000000
v 0.16074705 -0.00739757 0.00825520 0.54509804 0.71372549 0.60000000
v 0.15937875 -0.00442515 0.01090279 0.54509804 0.71372549 0.60000000
v 0.15792929 0.02528157 0.00825520 0.54509804 0.71372549 0.60000000
v 0.15649142 0.02526403 0.01146221 0.54509804 0.71372549 0.60000000
v 0.15587106 0.02623730 0.01261430 0.54509804 0.71372549 0.60000000
v 0.15595803 0.02425569 0.01277493 0.54509804 0.71372549 0.60000000
v 0.15604499 0.02231791 0.01291894 0.54509804 0.71372549 0.60000000
v 0.15513473 0.01934549 0.01460830 0.54509804 0.71372549 0.60000000
v 0.15348815 0.02231791 0.01626996 0.54509804 0.71372549 0.60000000
v 0.14810195 -0.01927851 0.02537588 0.54509804 0.71372549 0.60000000
v 0.14634520 0.01042821 0.02420717 0.54509804 0.71372549 0.60000000
v 0.15331421 0.02528157 0.01608164 0.54509804 0.71372549 0.60000000
v 0.15184736 0.02528157 0.01756606 0.54509804 0.71372549 0.60000000
v 0.14990507 0.03189280 0.01859075 0.54509804 0.71372549 0.60000000
v 0.14961519 0.01340064 0.02131588 0.54509804 0.71372549 0.60000000
v 0.14813093 0.01340064 0.02253443 0.54509804 0.71372549 0.60000000
v 0.14612488 0.01340064 0.02402439 0.54509804 0.71372549 0.60000000
v 0.13364213 0.03122642 0.02606824 0.54509804 0.71372549 0.60000000
v 0.14421739 0.01879309 0.02471121 0.54509804 0.71372549 0.60000000
v 0.14402026 0.02077471 0.02459489 0.54509804 0.71372549 0.60000000
v 0.14142283 0.02760515 0.02475552 0.54509804 0.71372549 0.60000000
v 0.13982842 0.02846443 0.02519863 0.54509804 0.71372549 0.60000000
v 0.13660483 0.03122642 0.02574698 0.54509804 0.71372549 0.60000000
v 0.13364213 0.03419885 0.02563620 0.54509804 0.71372549 0.60000000
v 0.11580796 0.04066979 0.00825520 0.54509804 0.71372549 0.60000000
v 0.12769934 0.04106436 0.01717280 0.54509804 0.71372549 0.60000000
v 0.14849040 0.04175705 0.00825520 0.54509804 0.71372549 0.60000000
v 0.15146469 0.04180089 0.00528637 0.54509804 0.71372549 0.60000000
v 0.15146469 0.04193242 -0.01551212 0.54509804 0.71372549 0.60000000
v 0.15119219 0.04174828 -0.01822063 0.54509804 0.71372549 0.60000000
v 0.15300113 0.04165183 -0.01705747 0.54509804 0.71372549 0.60000000
v 0.15200389 0.04107312 -0.01904039 0.54509804 0.71372549 0.60000000
v 0.15615515 0.03897753 -0.01726795 0.54509804 0.71372549 0.60000000
v 0.15507675 0.03717127 -0.01908470 0.54509804 0.71372549 0.60000000
v 0.15412591 0.04002971 -0.01815417 0.54509804 0.71372549 0.60000000
v 0.15529127 0.03419885 -0.01935056 0.54509804 0.71372549 0.60000000
v 0.15698424 0.02825400 -0.01817632 0.54509804 0.71372549 0.60000000
v 0.13364213 0.03675040 0.02501031 0.54509804 0.71372549 0.60000000
v 0.13364213 0.03824099 0.02441211 0.54509804 0.71372549 0.60000000
v 0.13066784 0.03971405 0.02278368 0.54509804 0.71372549 0.60000000
v 0.12769934 0.04073116 0.02014163 0.54509804 0.71372549 0.60000000
v 0.12472504 0.04092406 0.01717280 0.54509804 0.71372549 0.60000000
v 0.15667695 0.03419885 -0.01786615 0.54509804 0.71372549 0.60000000
v 0.15863662 0.02528157 -0.01655897 0.54509804 0.71372549 0.60000000
v 0.15827136 0.03414624 -0.01528503 0.54509804 0.71372549 0.60000000
v 0.15893811 0.03312035 -0.01413848 0.54509804 0.71372549 0.60000000
v 0.16014987 0.02528157 -0.01253774 0.54509804 0.71372549 0.60000000
v 0.16059629 0.02528157 -0.00956891 0.54509804 0.71372549 0.60000000
v 0.16035279 0.02825400 -0.00659453 0.54509804 0.71372549 0.60000000
v 0.15955849 0.03419885 -0.00362569 0.54509804 0.71372549 0.60000000
v 0.16026582 0.02825400 -0.00362569 0.54509804 0.71372549 0.60000000
v 0.16006870 0.02825400 -0.00065131 0.54509804 0.71372549 0.60000000
v 0.15968023 0.02825400 0.00231199 0.54509804 0.71372549 0.60000000
v 0.15914104 0.02825400 0.00443892 0.54509804 0.71372549 0.60000000
v 0.15856126 0.02825400 0.00592888 0.54509804 0.71372549 0.60000000
v 0.15758142 0.02825400 0.00825520 0.54509804 0.71372549 0.60000000
v 0.15642765 0.02825400 0.01087509 0.54509804 0.71372549 0.60000000
v 0.15574930 0.02825400 0.01235951 0.54509804 0.71372549 0.60000000
v 0.15380122 0.03419885 0.01384393 0.54509804 0.71372549 0.60000000
v 0.15443319 0.02825400 0.01419842 0.54509804 0.71372549 0.60000000
v 0.15499559 0.02526403 0.01393809 0.54509804 0.71372549 0.60000000
v 0.15497239 0.02231791 0.01440336 0.54509804 0.71372549 0.60000000
v 0.15312288 0.02825400 0.01586562 0.54509804 0.71372549 0.60000000
v 0.14973114 0.03419885 0.01841905 0.54509804 0.71372549 0.60000000
v 0.14824110 0.03419885 0.01962098 0.54509804 0.71372549 0.60000000
v 0.14685541 0.02825400 0.02151528 0.54509804 0.71372549 0.60000000
v 0.14655392 0.03122642 0.02132696 0.54509804 0.71372549 0.60000000
v 0.14506967 0.03122642 0.02226302 0.54509804 0.71372549 0.60000000
v 0.14465803 0.03419885 0.02198054 0.54509804 0.71372549 0.60000000
v 0.14246644 0.02846443 0.02411855 0.54509804 0.71372549 0.60000000
v 0.14098800 0.02958676 0.02457274 0.54509804 0.71372549 0.60000000
v 0.13910369 0.03122642 0.02499923 0.54509804 0.71372549 0.60000000
v 0.13852391 0.03356753 0.02478322 0.54509804 0.71372549 0.60000000
v 0.13685413 0.03441805 0.02513770 0.54509804 0.71372549 0.60000000
v 0.13603084 0.03642597 0.02489399 0.54509804 0.71372549 0.60000000
v 0.13066784 0.04097668 0.02014163 0.54509804 0.71372549 0.60000000
v 0.13364213 0.04108189 0.02014163 0.54509804 0.71372549 0.60000000
v 0.13957912 0.04133617 0.01717280 0.54509804 0.71372549 0.60000000
v 0.14671626 0.04164306 0.01281370 0.54509804 0.71372549 0.60000000
v 0.14713950 0.04164306 0.01281370 0.54509804 0.71372549 0.60000000
v 0.14827588 0.04167813 0.01116865 0.54509804 0.71372549 0.60000000
v 0.15136613 0.04172197 0.00810012 0.54509804 0.71372549 0.60000000
v 0.15303012 0.04166060 0.00700896 0.54509804 0.71372549 0.60000000
v 0.15326783 0.04169567 0.00528637 0.54509804 0.71372549 0.60000000
v 0.15376644 0.04174828 -0.01253774 0.54509804 0.71372549 0.60000000
v 0.15338378 0.04173074 -0.01551212 0.54509804 0.71372549 0.60000000
v 0.15347075 0.04169567 0.00231199 0.54509804 0.71372549 0.60000000
v 0.15525068 0.04149400 -0.01253774 0.54509804 0.71372549 0.60000000
v 0.15486803 0.04102928 -0.01551212 0.54509804 0.71372549 0.60000000
v 0.15767418 0.03717127 -0.01551212 0.54509804 0.71372549 0.60000000
v 0.15643924 0.03717127 -0.01760028 0.54509804 0.71372549 0.60000000
v 0.15664217 0.03953869 -0.01551212 0.54509804 0.71372549 0.60000000
v 0.13685413 0.03732033 0.02429579 0.54509804 0.71372549 0.60000000
v 0.13957912 0.03949485 0.02231842 0.54509804 0.71372549 0.60000000
v 0.13660483 0.03977543 0.02275599 0.54509804 0.71372549 0.60000000
v 0.13364213 0.03981051 0.02292769 0.54509804 0.71372549 0.60000000
v 0.15831195 0.03122642 -0.01585553 0.54509804 0.71372549 0.60000000
v 0.15882796 0.03509321 -0.01361783 0.54509804 0.71372549 0.60000000
v 0.15910046 0.03414624 -0.01259313 0.54509804 0.71372549 0.60000000
v 0.15898450 0.03621554 -0.01163491 0.54509804 0.71372549 0.60000000
v 0.15946572 0.03419885 -0.00956891 0.54509804 0.71372549 0.60000000
v 0.15960487 0.03419885 -0.00659453 0.54509804 0.71372549 0.60000000
v 0.15937295 0.03419885 -0.00065131 0.54509804 0.71372549 0.60000000
v 0.15973822 0.03122642 -0.00065131 0.54509804 0.71372549 0.60000000
v 0.15920482 0.03717127 -0.00659453 0.54509804 0.71372549 0.60000000
v 0.15911785 0.03739925 -0.00354261 0.54509804 0.71372549 0.60000000
v 0.15907147 0.03419885 0.00165286 0.54509804 0.71372549 0.60000000
v 0.15925120 0.03139302 0.00252800 0.54509804 0.71372549 0.60000000
v 0.15886274 0.03248904 0.00366347 0.54509804 0.71372549 0.60000000
v 0.15899609 0.03050743 0.00406781 0.54509804 0.71372549 0.60000000
v 0.15805684 0.03419885 0.00528637 0.54509804 0.71372549 0.60000000
v 0.15681610 0.03419885 0.00825520 0.54509804 0.71372549 0.60000000
v 0.15623053 0.03122642 0.01043198 0.54509804 0.71372549 0.60000000
v 0.15602759 0.03419885 0.00997226 0.54509804 0.71372549 0.60000000
v 0.15592324 0.03568944 0.00974516 0.54509804 0.71372549 0.60000000
v 0.15552898 0.03122642 0.01192194 0.54509804 0.71372549 0.60000000
v 0.15264166 0.03419885 0.01532835 0.54509804 0.71372549 0.60000000
v 0.15283878 0.03199802 0.01555544 0.54509804 0.71372549 0.60000000
v 0.15384761 0.03109490 0.01441998 0.54509804 0.71372549 0.60000000
v 0.15528547 0.03419885 0.01145667 0.54509804 0.71372549 0.60000000
v 0.15348234 0.03717127 0.01341744 0.54509804 0.71372549 0.60000000
v 0.15298953 0.03001641 0.01572715 0.54509804 0.71372549 0.60000000
v 0.15115741 0.03419885 0.01693463 0.54509804 0.71372549 0.60000000
v 0.15078055 0.03717127 0.01653583 0.54509804 0.71372549 0.60000000
v 0.14930210 0.03717127 0.01802025 0.54509804 0.71372549 0.60000000
v 0.14781785 0.03717127 0.01927757 0.54509804 0.71372549 0.60000000
v 0.14614228 0.03419885 0.02111094 0.54509804 0.71372549 0.60000000
v 0.14429276 0.03620677 0.02177006 0.54509804 0.71372549 0.60000000
v 0.14254761 0.03122642 0.02354805 0.54509804 0.71372549 0.60000000
v 0.14254761 0.03419885 0.02296092 0.54509804 0.71372549 0.60000000
v 0.14058794 0.03122642 0.02440103 0.54509804 0.71372549 0.60000000
v 0.13953853 0.03441805 0.02417948 0.54509804 0.71372549 0.60000000
v 0.13800790 0.03554915 0.02457274 0.54509804 0.71372549 0.60000000
v 0.13660483 0.04108189 0.02014163 0.54509804 0.71372549 0.60000000
v 0.14254761 0.04135371 0.01717280 0.54509804 0.71372549 0.60000000
v 0.14912237 0.04155538 0.01212134 0.54509804 0.71372549 0.60000000
v 0.15031092 0.04167813 0.01014396 0.54509804 0.71372549 0.60000000
v 0.15229378 0.04149400 0.00899187 0.54509804 0.71372549 0.60000000
v 0.15475786 0.04109067 0.00528637 0.54509804 0.71372549 0.60000000
v 0.15495500 0.04145016 0.00231199 0.54509804 0.71372549 0.60000000
v 0.15496080 0.04157291 -0.00956891 0.54509804 0.71372549 0.60000000
v 0.15740748 0.04017000 -0.00659453 0.54509804 0.71372549 0.60000000
v 0.15765099 0.03982804 -0.00936951 0.54509804 0.71372549 0.60000000
v 0.15714659 0.04001217 -0.01253774 0.54509804 0.71372549 0.60000000
v 0.15864243 0.03719758 -0.01259313 0.54509804 0.71372549 0.60000000
v 0.15880476 0.03819715 -0.01022803 0.54509804 0.71372549 0.60000000
v 0.13957912 0.03717127 0.02345389 0.54509804 0.71372549 0.60000000
v 0.14174751 0.03906520 0.02191962 0.54509804 0.71372549 0.60000000
v 0.14266357 0.03992449 0.02035211 0.54509804 0.71372549 0.60000000
v 0.13957912 0.04082762 0.02014163 0.54509804 0.71372549 0.60000000
v 0.15906567 0.03719758 -0.00936951 0.54509804 0.71372549 0.60000000
v 0.15904247 0.03649612 -0.00065131 0.54509804 0.71372549 0.60000000
v 0.15894391 0.03589111 0.00107128 0.54509804 0.71372549 0.60000000
v 0.15890912 0.03869694 -0.00824511 0.54509804 0.71372549 0.60000000
v 0.15893232 0.03874955 -0.00659453 0.54509804 0.71372549 0.60000000
v 0.15892652 0.03874078 -0.00447868 0.54509804 0.71372549 0.60000000
v 0.15886854 0.03854788 -0.00249576 0.54509804 0.71372549 0.60000000
v 0.15875259 0.03419885 0.00313728 0.54509804 0.71372549 0.60000000
v 0.15757562 0.03717127 0.00528637 0.54509804 0.71372549 0.60000000
v 0.15636967 0.03688192 0.00829951 0.54509804 0.71372549 0.60000000
v 0.15567973 0.03767106 0.00931867 0.54509804 0.71372549 0.60000000
v 0.15501298 0.03688192 0.01093048 0.54509804 0.71372549 0.60000000
v 0.15226480 0.03717127 0.01490186 0.54509804 0.71372549 0.60000000
v 0.15316926 0.03896875 0.01300202 0.54509804 0.71372549 0.60000000
v 0.15035151 0.03910028 0.01607610 0.54509804 0.71372549 0.60000000
v 0.14735402 0.03899506 0.01892308 0.54509804 0.71372549 0.60000000
v 0.14537696 0.03718881 0.02084507 0.54509804 0.71372549 0.60000000
v 0.14373037 0.03818839 0.02147650 0.54509804 0.71372549 0.60000000
v 0.14266357 0.03718881 0.02221872 0.54509804 0.71372549 0.60000000
v 0.14552191 0.04091530 0.01717280 0.54509804 0.71372549 0.60000000
v 0.14827588 0.04119588 0.01396025 0.54509804 0.71372549 0.60000000
v 0.15136613 0.04109067 0.01116865 0.54509804 0.71372549 0.60000000
v 0.15367368 0.03952992 0.01122958 0.54509804 0.71372549 0.60000000
v 0.15435202 0.04028399 0.00816658 0.54509804 0.71372549 0.60000000
v 0.15659579 0.03960006 0.00528637 0.54509804 0.71372549 0.60000000
v 0.15694945 0.03996834 0.00231199 0.54509804 0.71372549 0.60000000
v 0.15720456 0.04002094 -0.00065131 0.54509804 0.71372549 0.60000000
v 0.15769158 0.03981927 -0.00354261 0.54509804 0.71372549 0.60000000
v 0.14552191 0.03952115 0.01948805 0.54509804 0.71372549 0.60000000
v 0.15868881 0.03798671 -0.00065131 0.54509804 0.71372549 0.60000000
v 0.15843370 0.03699590 0.00216244 0.54509804 0.71372549 0.60000000
v 0.15619574 0.03907397 0.00734129 0.54509804 0.71372549 0.60000000
v 0.15138933 0.03965268 0.01407656 0.54509804 0.71372549 0.60000000
v 0.14840343 0.03966145 0.01711187 0.54509804 0.71372549 0.60000000
f 1 2 6
f 1 6 14
f 1 14 23
f 1 23 41
f 1 41 57
f 1 57 81
f 1 81 117
f 1 117 155
f 1 155 211
f 1 211 290
f 1 290 376
f 1 376 470
f 1 470 565
f 1 565 659
f 1 659 662
f 1 662 661
f 1 661 660
f 1 660 722
f 1 722 721
f 1 721 720
f 1 720 719
f 1 719 718
f 1 718 717
f 1 717 620
f 1 620 616
f 1 616 517
f 1 517 417
f 1 417 329
f 1 329 242
f 1 242 175
f 1 175 133
f 1 133 94
f 1 94 67
f 1 67 47
f 1 47 34
f 1 34 28
f 1 28 16
f 1 16 8
f 1 8 3
f 1 3 4
f 1 4 5
f 1 5 2
f 2 5 7
f 2 7 6
f 3 8 9
f 3 9 4
f 4 9 10
f 4 10 11
f 4 11 5
f 5 11 12
f 5 12 13
f 5 13 7
f 6 7 15
f 6 15 14
f 7 13 15
f 8 16 17
f 8 17 9
f 9 17 10
f 10 17 18
f 10 18 19
f 10 19 11
f 11 19 20
f 11 20 12
f 12 20 21
f 12 21 13
f 13 21 22
f 13 22 15
f 14 15 24
f 14 24 25
f 14 25 23
f 15 22 26
f 15 26 27
f 15 27 25
f 15 25 24
f 16 28 17
f 17 29 30
f 17 30 31
f 17 31 32
f 17 32 33
f 17 33 18
f 17 28 34
f 17 34 29
f 18 33 32
f 18 32 35
f 18 35 36
f 18 36 19
f 19 36 37
f 19 37 38
f 19 38 20
f 20 38 39
f 20 39 40
f 20 40 21
f 21 40 22
f 22 40 26
f 23 25 41
f 25 27 42
f 25 42 41
f 26 40 43
f 26 43 44
f 26 44 27
f 27 44 45
f 27 45 42
f 29 34 30
f 30 46 31
f 30 34 47
f 30 47 46
f 31 46 48
f 31 48 49
f 31 49 50
f 31 50 51
f 31 51 52
f 31 52 32
f 32 52 53
f 32 53 54
f 32 54 35
f 35 54 36
f 36 54 37
f 37 54 55
f 37 55 38
f 38 55 56
f 38 56 61
f 38 61 43
f 38 43 39
f 39 43 40
f 41 42 58
f 41 58 59
f 41 59 57
f 42 45 60
f 42 60 59
f 42 59 58
f 43 61 62
f 43 62 63
f 43 63 64
f 43 64 65
f 43 65 45
f 43 45 44
f 45 65 60
f 46 66 48
f 46 47 66
f 47 67 66
f 48 66 49
f 49 68 69
f 49 69 70
f 49 70 71
f 49 71 72
f 49 72 73
f 49 73 50
f 49 66 74
f 49 74 75
f 49 75 76
f 49 76 68
f 50 73 51
f 51 73 53
f 51 53 52
f 53 73 54
f 54 73 55
f 55 77 78
f 55 78 79
f 55 79 56
f 55 73 77
f 56 79 80
f 56 80 61
f 57 59 82
f 57 82 83
f 57 83 81
f 59 60 82
f 60 65 84
f 60 84 82
f 61 80 79
f 61 79 85
f 61 85 86
f 61 86 87
f 61 87 88
f 61 88 62
f 62 88 89
f 62 89 90
f 62 90 91
f 62 91 63
f 63 91 92
f 63 92 65
f 63 65 64
f 65 92 84
f 66 93 74
f 66 67 94
f 66 94 93
f 68 76 69
f 69 76 95
f 69 95 70
f 70 96 97
f 70 97 71
f 70 95 98
f 70 98 99
f 70 99 100
f 70 100 101
f 70 101 96
f 71 102 103
f 71 103 104
f 71 104 72
f 71 97 105
f 71 105 106
f 71 106 102
f 72 104 73
f 73 104 103
f 73 103 107
f 73 107 77
f 74 108 76
f 74 76 75
f 74 93 94
f 74 94 108
f 76 109 110
f 76 110 98
f 76 98 95
f 76 108 94
f 76 94 109
f 77 107 111
f 77 111 78
f 78 111 79
f 79 112 86
f 79 86 85
f 79 111 113
f 79 113 114
f 79 114 112
f 81 83 115
f 81 115 116
f 81 116 117
f 82 84 83
f 83 84 118
f 83 118 116
f 83 116 115
f 84 92 119
f 84 119 118
f 86 112 120
f 86 120 121
f 86 121 87
f 87 121 122
f 87 122 123
f 87 123 124
f 87 124 125
f 87 125 126
f 87 126 88
f 88 126 127
f 88 127 128
f 88 128 89
f 89 128 129
f 89 129 90
f 90 129 130
f 90 130 131
f 90 131 91
f 91 131 132
f 91 132 92
f 92 132 119
f 94 133 109
f 96 134 97
f 96 101 134
f 97 134 105
f 98 110 99
f 99 110 100
f 100 110 135
f 100 135 101
f 101 135 136
f 101 136 137
f 101 137 134
f 102 138 103
f 102 106 138
f 103 111 107
f 103 138 111
f 105 134 139
f 105 139 106
f 106 140 138
f 106 139 141
f 106 141 142
f 106 142 140
f 109 143 110
f 109 133 143
f 110 143 144
f 110 144 135
f 111 138 140
f 111 140 145
f 111 145 146
f 111 146 113
f 112 114 147
f 112 147 148
f 112 148 149
f 112 149 150
f 112 150 151
f 112 151 120
f 113 146 114
f 114 146 152
f 114 152 147
f 116 118 153
f 116 153 154
f 116 154 117
f 117 154 155
f 118 156 153
f 118 119 156
f 119 132 157
f 119 157 158
f 119 158 159
f 119 159 156
f 120 151 160
f 120 160 161
f 120 161 121
f 121 161 162
f 121 162 122
f 122 162 163
f 122 163 164
f 122 164 165
f 122 165 166
f 122 166 123
f 123 166 124
f 124 166 167
f 124 167 168
f 124 168 169
f 124 169 125
f 125 169 170
f 125 170 127
f 125 127 126
f 127 170 171
f 127 171 128
f 128 171 172
f 128 172 129
f 129 172 173
f 129 173 130
f 130 157 131
f 130 173 174
f 130 174 157
f 131 157 132
f 133 175 176
f 133 176 177
f 133 177 143
f 134 137 139
f 135 144 178
f 135 178 179
f 135 179 180
f 135 180 181
f 135 181 136
f 136 181 182
f 136 182 137
f 137 182 183
f 137 183 141
f 137 141 139
f 140 142 184
f 140 184 145
f 141 183 185
f 141 185 142
f 142 185 186
f 142 186 184
f 143 177 144
f 144 177 187
f 144 187 188
f 144 188 178
f 145 184 189
f 145 189 146
f 146 189 190
f 146 190 152
f 147 152 191
f 147 191 192
f 147 192 148
f 148 193 149
f 148 192 191
f 148 191 194
f 148 194 195
f 148 195 196
f 148 196 193
f 149 193 197
f 149 197 150
f 150 197 151
f 151 197 198
f 151 198 199
f 151 199 160
f 152 190 191
f 153 156 200
f 153 200 201
f 153 201 202
f 153 202 154
f 154 202 203
f 154 203 204
f 154 204 205
f 154 205 206
f 154 206 155
f 155 207 208
f 155 208 209
f 155 209 210
f 155 210 211
f 155 206 212
f 155 212 213
f 155 213 214
f 155 214 215
f 155 215 207
f 156 159 216
f 156 216 200
f 157 174 158
f 158 174 217
f 158 217 216
f 158 216 159
f 160 218 162
f 160 162 161
f 160 199 219
f 160 219 220
f 160 220 218
f 162 218 221
f 162 221 222
f 162 222 223
f 162 223 163
f 163 223 224
f 163 224 164
f 164 224 165
f 165 225 167
f 165 167 166
f 165 224 226
f 165 226 227
f 165 227 228
f 165 228 229
f 165 229 230
f 165 230 231
f 165 231 225
f 167 225 232
f 167 232 168
f 168 232 233
f 168 233 234
f 168 234 169
f 169 234 170
f 170 234 171
f 171 235 236
f 171 236 237
f 171 237 172
f 171 234 235
f 172 237 238
f 172 238 173
f 173 238 239
f 173 239 240
f 173 240 174
f 174 240 241
f 174 241 217
f 175 242 243
f 175 243 176
f 176 243 244
f 176 244 187
f 176 187 177
f 178 188 245
f 178 245 179
f 179 245 246
f 179 246 180
f 180 246 247
f 180 247 248
f 180 248 181
f 181 248 249
f 181 249 182
f 182 249 250
f 182 250 183
f 183 250 185
f 184 186 251
f 184 251 252
f 184 252 189
f 185 250 253
f 185 253 251
f 185 251 186
f 187 244 188
f 188 244 254
f 188 254 255
f 188 255 245
f 189 252 256
f 189 256 257
f 189 257 258
f 189 258 190
f 190 259 260
f 190 260 191
f 190 258 261
f 190 261 259
f 191 260 194
f 193 196 195
f 193 195 262
f 193 262 263
f 193 263 197
f 194 260 264
f 194 264 265
f 194 265 195
f 195 263 262
f 195 265 266
f 195 266 267
f 195 267 268
f 195 268 269
f 195 269 263
f 197 263 270
f 197 270 198
f 198 270 271
f 198 271 272
f 198 272 273
f 198 273 199
f 199 273 274
f 199 274 275
f 199 275 219
f 200 216 276
f 200 276 277
f 200 277 201
f 201 277 278
f 201 278 279
f 201 279 202
f 202 279 203
f 203 280 204
f 203 279 280
f 204 281 282
f 204 282 214
f 204 214 213
f 204 213 206
f 204 206 205
f 204 280 281
f 206 213 212
f 207 215 208
f 208 283 284
f 208 284 285
f 208 285 210
f 208 210 209
f 208 215 286
f 208 286 283
f 210 285 287
f 210 287 288
f 210 288 289
f 210 289 211
f 211 289 291
f 211 291 292
f 211 292 293
f 211 293 290
f 214 282 294
f 214 294 295
f 214 295 215
f 215 295 296
f 215 296 286
f 216 241 276
f 216 217 241
f 218 220 221
f 219 275 297
f 219 297 298
f 219 298 220
f 220 299 222
f 220 222 221
f 220 298 299
f 222 299 300
f 222 300 223
f 223 300 301
f 223 301 224
f 224 301 302
f 224 302 303
f 224 303 304
f 224 304 226
f 225 231 232
f 226 304 227
f 227 304 303
f 227 303 305
f 227 305 306
f 227 306 307
f 227 307 308
f 227 308 309
f 227 309 228
f 228 309 310
f 228 310 311
f 228 311 312
f 228 312 229
f 229 312 230
f 230 312 231
f 231 312 313
f 231 313 232
f 232 313 314
f 232 314 233
f 233 314 315
f 233 315 316
f 233 316 235
f 233 235 234
f 235 316 236
f 236 316 317
f 236 317 318
f 236 318 319
f 236 319 320
f 236 320 321
f 236 321 237
f 237 322 238
f 237 321 322
f 238 322 239
f 239 323 240
f 239 322 324
f 239 324 325
f 239 325 323
f 240 323 325
f 240 325 326
f 240 326 327
f 240 327 328
f 240 328 241
f 241 328 277
f 241 277 276
f 242 329 243
f 243 330 331
f 243 331 254
f 243 254 244
f 243 329 330
f 245 255 332
f 245 332 246
f 246 332 333
f 246 333 247
f 247 333 334
f 247 334 335
f 247 335 336
f 247 336 248
f 248 336 335
f 248 335 337
f 248 337 249
f 249 338 339
f 249 339 253
f 249 253 340
f 249 340 250
f 249 337 341
f 249 341 338
f 250 340 253
f 251 256 252
f 251 253 339
f 251 339 338
f 251 338 341
f 251 341 342
f 251 342 256
f 254 331 343
f 254 343 344
f 254 344 345
f 254 345 346
f 254 346 333
f 254 333 332
f 254 332 255
f 256 347 257
f 256 342 348
f 256 348 349
f 256 349 347
f 257 347 350
f 257 350 258
f 258 350 261
f 259 351 260
f 259 261 352
f 259 352 351
f 260 351 264
f 261 350 353
f 261 353 352
f 263 271 270
f 263 269 354
f 263 354 271
f 264 351 355
f 264 355 356
f 264 356 265
f 265 356 357
f 265 357 266
f 266 357 267
f 267 357 358
f 267 358 359
f 267 359 268
f 268 359 360
f 268 360 269
f 269 360 361
f 269 361 354
f 271 274 272
f 271 354 362
f 271 362 363
f 271 363 364
f 271 364 274
f 272 274 273
f 274 364 365
f 274 365 366
f 274 366 275
f 275 366 297
f 277 328 327
f 277 327 278
f 278 327 367
f 278 367 280
f 278 280 279
f 280 367 282
f 280 282 281
f 282 367 368
f 282 368 294
f 283 369 284
f 283 286 370
f 283 370 369
f 284 287 285
f 284 369 287
f 286 296 370
f 287 369 371
f 287 371 372
f 287 372 373
f 287 373 374
f 287 374 288
f 288 374 375
f 288 375 291
f 288 291 289
f 290 293 376
f 291 375 377
f 291 377 292
f 292 377 293
f 293 377 378
f 293 378 379
f 293 379 380
f 293 380 381
f 293 381 376
f 294 368 382
f 294 382 296
f 294 296 295
f 296 382 383
f 296 383 370
f 297 366 384
f 297 384 385
f 297 385 386
f 297 386 298
f 298 386 387
f 298 387 388
f 298 388 299
f 299 301 300
f 299 388 301
f 301 389 390
f 301 390 302
f 301 388 389
f 302 390 303
f 303 390 305
f 305 390 391
f 305 391 392
f 305 392 393
f 305 393 394
f 305 394 306
f 306 394 395
f 306 395 307
f 307 395 396
f 307 396 397
f 307 397 308
f 308 397 398
f 308 398 309
f 309 399 310
f 309 398 400
f 309 400 399
f 310 399 401
f 310 401 311
f 311 401 402
f 311 402 312
f 312 403 313
f 312 402 403
f 313 403 315
f 313 315 314
f 315 403 404
f 315 404 405
f 315 405 317
f 315 317 316
f 317 405 406
f 317 406 407
f 317 407 408
f 317 408 319
f 317 319 318
f 319 408 320
f 320 408 407
f 320 407 409
f 320 409 410
f 320 410 411
f 320 411 321
f 321 411 412
f 321 412 322
f 322 412 413
f 322 413 324
f 324 413 325
f 325 414 326
f 325 413 415
f 325 415 416
f 325 416 414
f 326 414 416
f 326 416 327
f 327 416 367
f 329 417 418
f 329 418 419
f 329 419 330
f 330 419 420
f 330 420 421
f 330 421 331
f 331 421 422
f 331 422 343
f 333 346 423
f 333 423 334
f 334 423 424
f 334 424 425
f 334 425 335
f 335 426 337
f 335 425 424
f 335 424 427
f 335 427 426
f 337 426 341
f 341 426 348
f 341 348 342
f 343 422 344
f 344 422 428
f 344 428 429
f 344 429 423
f 344 423 346
f 344 346 345
f 347 349 350
f 348 426 427
f 348 427 430
f 348 430 431
f 348 431 349
f 349 431 432
f 349 432 433
f 349 433 434
f 349 434 350
f 350 434 353
f 351 352 355
f 352 353 435
f 352 435 436
f 352 436 437
f 352 437 355
f 353 434 438
f 353 438 439
f 353 439 435
f 354 361 440
f 354 440 362
f 355 437 356
f 356 437 441
f 356 441 357
f 357 441 442
f 357 442 443
f 357 443 358
f 358 443 444
f 358 444 359
f 359 445 446
f 359 446 447
f 359 447 448
f 359 448 360
f 359 444 445
f 360 448 449
f 360 449 450
f 360 450 361
f 361 450 451
f 361 451 440
f 362 440 452
f 362 452 453
f 362 453 363
f 363 453 364
f 364 453 365
f 365 453 454
f 365 454 366
f 366 454 384
f 367 416 455
f 367 455 456
f 367 456 368
f 368 456 455
f 368 455 457
f 368 457 458
f 368 458 459
f 368 459 460
f 368 460 382
f 369 461 371
f 369 370 383
f 369 383 461
f 371 462 372
f 371 461 463
f 371 463 462
f 372 464 465
f 372 465 373
f 372 462 464
f 373 466 375
f 373 375 374
f 373 465 466
f 375 466 467
f 375 467 468
f 375 468 469
f 375 469 377
f 376 381 470
f 377 469 471
f 377 471 378
f 378 471 379
f 379 471 472
f 379 472 380
f 380 472 381
f 381 472 473
f 381 473 474
f 381 474 475
f 381 475 470
f 382 460 476
f 382 476 383
f 383 476 461
f 384 454 477
f 384 477 478
f 384 478 479
f 384 479 480
f 384 480 481
f 384 481 385
f 385 481 482
f 385 482 386
f 386 482 483
f 386 483 484
f 386 484 387
f 387 485 390
f 387 390 388
f 387 484 486
f 387 486 485
f 388 390 389
f 390 485 487
f 390 487 391
f 391 487 488
f 391 488 392
f 392 488 489
f 392 489 393
f 393 489 490
f 393 490 491
f 393 491 394
f 394 491 395
f 395 491 492
f 395 492 493
f 395 493 396
f 396 493 494
f 396 494 495
f 396 495 496
f 396 496 398
f 396 398 397
f 398 496 400
f 399 400 497
f 399 497 401
f 400 496 495
f 400 495 497
f 401 497 498
f 401 498 402
f 402 499 403
f 402 498 499
f 403 499 500
f 403 500 404
f 404 500 405
f 405 500 501
f 405 501 502
f 405 502 406
f 406 502 503
f 406 503 409
f 406 409 407
f 409 504 505
f 409 505 410
f 409 503 506
f 409 506 504
f 410 505 507
f 410 507 508
f 410 508 411
f 411 509 412
f 411 508 510
f 411 510 511
f 411 511 512
f 411 512 513
f 411 513 509
f 412 509 514
f 412 514 413
f 413 514 459
f 413 459 515
f 413 515 516
f 413 516 415
f 415 516 455
f 415 455 416
f 417 517 418
f 418 518 519
f 418 519 520
f 418 520 521
f 418 521 420
f 418 420 419
f 418 517 518
f 420 521 522
f 420 522 421
f 421 522 422
f 422 522 428
f 423 429 523
f 423 523 524
f 423 524 430
f 423 430 424
f 424 430 427
f 428 522 525
f 428 525 526
f 428 526 429
f 429 526 523
f 430 524 527
f 430 527 528
f 430 528 529
f 430 529 431
f 431 529 530
f 431 530 432
f 432 530 531
f 432 531 433
f 433 532 434
f 433 531 533
f 433 533 532
f 434 532 534
f 434 534 438
f 435 439 535
f 435 535 436
f 436 442 437
f 436 535 442
f 437 442 441
f 438 534 439
f 439 534 535
f 440 451 536
f 440 536 452
f 442 444 443
f 442 535 537
f 442 537 538
f 442 538 539
f 442 539 444
f 444 540 541
f 444 541 542
f 444 542 543
f 444 543 445
f 444 539 540
f 445 543 544
f 445 544 446
f 446 544 545
f 446 545 447
f 447 545 448
f 448 545 546
f 448 546 449
f 449 451 450
f 449 546 451
f 451 547 548
f 451 548 536
f 451 546 545
f 451 545 547
f 452 549 453
f 452 536 549
f 453 549 454
f 454 549 550
f 454 550 551
f 454 551 477
f 455 516 457
f 457 516 458
f 458 516 515
f 458 515 459
f 459 552 553
f 459 553 554
f 459 554 555
f 459 555 476
f 459 476 460
f 459 514 552
f 461 556 463
f 461 476 556
f 462 557 464
f 462 463 558
f 462 558 559
f 462 559 557
f 463 556 558
f 464 557 560
f 464 560 561
f 464 561 465
f 465 561 562
f 465 562 466
f 466 562 467
f 467 562 468
f 468 562 563
f 468 563 564
f 468 564 471
f 468 471 469
f 470 475 566
f 470 566 565
f 471 564 567
f 471 567 472
f 472 568 473
f 472 567 569
f 472 569 570
f 472 570 568
f 473 568 474
f 474 571 475
f 474 568 571
f 475 571 566
f 476 555 556
f 477 551 572
f 477 572 478
f 478 572 573
f 478 573 479
f 479 574 575
f 479 575 576
f 479 576 577
f 479 577 480
f 479 573 574
f 480 577 481
f 481 577 578
f 481 578 579
f 481 579 482
f 482 579 483
f 483 580 484
f 483 579 581
f 483 581 580
f 484 580 582
f 484 582 486
f 485 486 583
f 485 583 488
f 485 488 487
f 486 582 583
f 488 583 489
f 489 583 582
f 489 582 584
f 489 584 490
f 490 584 585
f 490 585 491
f 491 586 492
f 491 585 587
f 491 587 586
f 492 586 588
f 492 588 589
f 492 589 493
f 493 589 494
f 494 589 588
f 494 588 590
f 494 590 591
f 494 591 495
f 495 592 593
f 495 593 594
f 495 594 595
f 495 595 596
f 495 596 497
f 495 591 597
f 495 597 592
f 497 596 498
f 498 598 499
f 498 596 599
f 498 599 598
f 499 501 500
f 499 598 600
f 499 600 501
f 501 600 502
f 502 600 601
f 502 601 504
f 502 504 506
f 502 506 503
f 504 602 505
f 504 601 603
f 504 603 604
f 504 604 605
f 504 605 602
f 505 602 605
f 505 605 507
f 507 605 606
f 507 606 510
f 507 510 508
f 509 513 607
f 509 607 608
f 509 608 609
f 509 609 610
f 509 610 514
f 510 606 611
f 510 611 612
f 510 612 511
f 511 612 613
f 511 613 614
f 511 614 615
f 511 615 512
f 512 615 607
f 512 607 513
f 514 610 552
f 517 616 518
f 518 617 618
f 518 618 619
f 518 619 520
f 518 520 519
f 518 616 620
f 518 620 617
f 520 619 621
f 520 621 622
f 520 622 522
f 520 522 521
f 522 622 525
f 523 526 623
f 523 623 524
f 524 623 527
f 525 622 624
f 525 624 625
f 525 625 526
f 526 625 626
f 526 626 623
f 527 623 529
f 527 529 528
f 529 627 628
f 529 628 530
f 529 623 627
f 530 628 629
f 530 629 531
f 531 629 630
f 531 630 533
f 532 533 630
f 532 630 631
f 532 631 534
f 534 631 632
f 534 632 633
f 534 633 634
f 534 634 537
f 534 537 535
f 536 550 549
f 536 548 635
f 536 635 636
f 536 636 550
f 537 634 538
f 538 634 539
f 539 634 637
f 539 637 638
f 539 638 639
f 539 639 540
f 540 639 640
f 540 640 541
f 541 641 542
f 541 640 641
f 542 641 642
f 542 642 544
f 542 544 543
f 544 643 545
f 544 642 643
f 545 635 548
f 545 548 547
f 545 643 635
f 550 636 644
f 550 644 645
f 550 645 551
f 551 645 646
f 551 646 572
f 552 610 609
f 552 609 553
f 553 609 647
f 553 647 648
f 553 648 554
f 554 648 555
f 555 648 649
f 555 649 556
f 556 649 558
f 557 559 650
f 557 650 651
f 557 651 652
f 557 652 560
f 558 649 559
f 559 649 650
f 560 652 653
f 560 653 654
f 560 654 561
f 561 655 562
f 561 654 655
f 562 655 656
f 562 656 563
f 563 656 657
f 563 657 564
f 564 657 658
f 564 658 567
f 565 566 659
f 566 571 617
f 566 617 660
f 566 660 661
f 566 661 662
f 566 662 659
f 567 658 569
f 568 570 663
f 568 663 664
f 568 664 571
f 569 658 665
f 569 665 570
f 570 665 663
f 571 664 666
f 571 666 617
f 572 646 573
f 573 646 667
f 573 667 574
f 574 668 575
f 574 667 668
f 575 669 670
f 575 670 671
f 575 671 576
f 575 668 669
f 576 671 672
f 576 672 673
f 576 673 578
f 576 578 577
f 578 673 674
f 578 674 579
f 579 675 581
f 579 674 676
f 579 676 675
f 580 677 582
f 580 581 675
f 580 675 678
f 580 678 679
f 580 679 677
f 582 677 584
f 584 677 680
f 584 680 681
f 584 681 585
f 585 681 587
f 586 587 682
f 586 682 588
f 587 683 684
f 587 684 682
f 587 681 685
f 587 685 683
f 588 682 590
f 590 682 684
f 590 684 683
f 590 683 591
f 591 683 685
f 591 685 686
f 591 686 597
f 592 687 688
f 592 688 689
f 592 689 593
f 592 597 690
f 592 690 691
f 592 691 692
f 592 692 693
f 592 693 687
f 593 689 594
f 594 689 694
f 594 694 595
f 595 695 596
f 595 694 695
f 596 695 599
f 597 686 696
f 597 696 690
f 598 599 697
f 598 697 698
f 598 698 600
f 599 695 697
f 600 603 601
f 600 698 699
f 600 699 604
f 600 604 603
f 604 699 605
f 605 700 701
f 605 701 606
f 605 699 700
f 606 701 611
f 607 615 702
f 607 702 703
f 607 703 704
f 607 704 705
f 607 705 706
f 607 706 608
f 608 706 707
f 608 707 708
f 608 708 709
f 608 709 609
f 609 709 647
f 611 701 710
f 611 710 711
f 611 711 712
f 611 712 612
f 612 712 614
f 612 614 613
f 614 704 702
f 614 702 713
f 614 713 615
f 614 712 714
f 614 714 715
f 614 715 716
f 614 716 704
f 615 713 702
f 617 666 618
f 617 620 717
f 617 717 718
f 617 718 719
f 617 719 720
f 617 720 721
f 617 721 722
f 617 722 660
f 618 666 723
f 618 723 621
f 618 621 619
f 621 723 624
f 621 624 622
f 623 626 627
f 624 723 724
f 624 724 625
f 625 724 628
f 625 628 627
f 625 627 626
f 628 725 726
f 628 726 629
f 628 724 725
f 629 726 630
f 630 726 727
f 630 727 728
f 630 728 729
f 630 729 631
f 631 729 730
f 631 730 632
f 632 730 731
f 632 731 633
f 633 731 634
f 634 731 732
f 634 732 733
f 634 733 734
f 634 734 735
f 634 735 736
f 634 736 637
f 635 645 644
f 635 644 636
f 635 643 737
f 635 737 738
f 635 738 645
f 637 739 740
f 637 740 638
f 637 736 741
f 637 741 742
f 637 742 743
f 637 743 744
f 637 744 745
f 637 745 739
f 638 740 639
f 639 746 640
f 639 740 746
f 640 747 737
f 640 737 641
f 640 746 747
f 641 737 642
f 642 737 643
f 645 738 748
f 645 748 646
f 646 748 739
f 646 739 668
f 646 668 667
f 647 709 648
f 648 709 708
f 648 708 749
f 648 749 649
f 649 749 650
f 650 750 651
f 650 749 750
f 651 751 652
f 651 750 751
f 652 751 752
f 652 752 653
f 653 753 654
f 653 752 753
f 654 753 754
f 654 754 655
f 655 754 755
f 655 755 756
f 655 756 656
f 656 756 657
f 657 756 757
f 657 757 658
f 658 757 758
f 658 758 759
f 658 759 665
f 663 665 760
f 663 760 664
f 664 760 666
f 665 759 761
f 665 761 762
f 665 762 760
f 666 760 762
f 666 762 723
f 668 745 669
f 668 739 745
f 669 763 764
f 669 764 670
f 669 745 763
f 670 764 765
f 670 765 766
f 670 766 671
f 671 766 767
f 671 767 768
f 671 768 672
f 672 676 674
f 672 674 673
f 672 768 676
f 675 676 769
f 675 769 770
f 675 770 678
f 676 768 771
f 676 771 772
f 676 772 769
f 677 679 680
f 678 770 773
f 678 773 679
f 679 773 774
f 679 774 775
f 679 775 776
f 679 776 777
f 679 777 680
f 680 777 681
f 681 777 685
f 685 778 779
f 685 779 780
f 685 780 781
f 685 781 782
f 685 782 783
f 685 783 686
f 685 777 778
f 686 783 782
f 686 782 781
f 686 781 784
f 686 784 785
f 686 785 696
f 687 786 688
f 687 693 787
f 687 787 786
f 688 694 689
f 688 786 700
f 688 700 697
f 688 697 695
f 688 695 694
f 690 696 785
f 690 785 788
f 690 788 789
f 690 789 790
f 690 790 691
f 691 791 792
f 691 792 693
f 691 693 692
f 691 790 791
f 693 792 793
f 693 793 787
f 697 700 699
f 697 699 698
f 700 786 701
f 701 786 787
f 701 787 710
f 702 704 703
f 704 716 705
f 705 750 706
f 705 716 715
f 705 715 794
f 705 794 751
f 705 751 750
f 706 750 749
f 706 749 707
f 707 749 708
f 710 787 711
f 711 787 795
f 711 795 712
f 712 795 796
f 712 796 714
f 714 797 798
f 714 798 715
f 714 796 797
f 715 798 799
f 715 799 800
f 715 800 794
f 723 762 724
f 724 801 802
f 724 802 725
f 724 762 761
f 724 761 801
f 725 802 726
f 726 803 804
f 726 804 805
f 726 805 806
f 726 806 732
f 726 732 728
f 726 728 727
f 726 802 803
f 728 732 729
f 729 732 730
f 730 732 731
f 732 806 807
f 732 807 808
f 732 808 734
f 732 734 733
f 734 809 810
f 734 810 735
f 734 808 811
f 734 811 809
f 735 810 812
f 735 812 741
f 735 741 736
f 737 747 738
f 738 747 748
f 739 748 746
f 739 746 740
f 741 812 743
f 741 743 742
f 743 812 744
f 744 812 813
f 744 813 763
f 744 763 745
f 746 748 747
f 751 794 800
f 751 800 752
f 752 800 753
f 753 814 754
f 753 800 814
f 754 815 755
f 754 814 815
f 755 816 817
f 755 817 756
f 755 815 816
f 756 817 757
f 757 817 818
f 757 818 758
f 758 818 759
f 759 818 801
f 759 801 761
f 763 813 819
f 763 819 820
f 763 820 764
f 764 820 765
f 765 820 821
f 765 821 822
f 765 822 766
f 766 822 823
f 766 823 767
f 767 823 824
f 767 824 768
f 768 824 825
f 768 825 826
f 768 826 827
f 768 827 771
f 769 772 828
f 769 828 770
f 770 828 774
f 770 774 773
f 771 827 828
f 771 828 772
f 774 828 829
f 774 829 830
f 774 830 775
f 775 830 776
f 776 830 831
f 776 831 832
f 776 832 779
f 776 779 778
f 776 778 777
f 779 832 833
f 779 833 781
f 779 781 780
f 781 833 834
f 781 834 835
f 781 835 836
f 781 836 837
f 781 837 838
f 781 838 784
f 784 838 788
f 784 788 785
f 787 793 795
f 788 838 837
f 788 837 836
f 788 836 839
f 788 839 789
f 789 839 790
f 790 839 840
f 790 840 792
f 790 792 791
f 792 840 841
f 792 841 842
f 792 842 793
f 793 842 796
f 793 796 795
f 796 842 843
f 796 843 844
f 796 844 845
f 796 845 846
f 796 846 797
f 797 846 847
f 797 847 848
f 797 848 798
f 798 848 799
f 799 848 849
f 799 849 850
f 799 850 800
f 800 850 851
f 800 851 814
f 801 818 802
f 802 818 852
f 802 852 853
f 802 853 854
f 802 854 855
f 802 855 803
f 803 855 856
f 803 856 857
f 803 857 804
f 804 857 858
f 804 858 859
f 804 859 860
f 804 860 805
f 805 861 862
f 805 862 807
f 805 807 806
f 805 860 863
f 805 863 861
f 807 862 864
f 807 864 865
f 807 865 809
f 807 809 811
f 807 811 808
f 809 866 867
f 809 867 810
f 809 865 868
f 809 868 866
f 810 867 819
f 810 819 812
f 812 819 813
f 814 851 815
f 815 851 869
f 815 869 870
f 815 870 871
f 815 871 872
f 815 872 816
f 816 872 852
f 816 852 817
f 817 852 818
f 819 867 821
f 819 821 873
f 819 873 820
f 820 873 821
f 821 867 866
f 821 866 822
f 822 866 874
f 822 874 823
f 823 874 875
f 823 875 824
f 824 875 876
f 824 876 877
f 824 877 878
f 824 878 825
f 825 878 826
f 826 879 880
f 826 880 827
f 826 878 881
f 826 881 882
f 826 882 879
f 827 880 828
f 828 880 829
f 829 880 883
f 829 883 884
f 829 884 885
f 829 885 886
f 829 886 830
f 830 886 887
f 830 887 831
f 831 887 888
f 831 888 832
f 832 888 833
f 833 888 889
f 833 889 834
f 834 889 890
f 834 890 891
f 834 891 892
f 834 892 835
f 835 893 894
f 835 894 895
f 835 895 836
f 835 892 896
f 835 896 897
f 835 897 893
f 836 898 839
f 836 895 894
f 836 894 898
f 839 898 840
f 840 898 894
f 840 894 899
f 840 899 900
f 840 900 901
f 840 901 902
f 840 902 841
f 841 902 903
f 841 903 843
f 841 843 842
f 843 903 844
f 844 903 845
f 845 903 904
f 845 904 846
f 846 904 905
f 846 905 847
f 847 905 906
f 847 906 907
f 847 907 849
f 847 849 848
f 849 907 906
f 849 906 908
f 849 908 909
f 849 909 850
f 850 909 851
f 851 909 869
f 852 872 853
f 853 872 910
f 853 910 911
f 853 911 854
f 854 911 855
f 855 911 856
f 856 912 913
f 856 913 857
f 856 911 912
f 857 913 858
f 858 913 859
f 859 913 914
f 859 914 915
f 859 915 916
f 859 916 860
f 860 916 863
f 861 917 864
f 861 864 862
f 861 863 917
f 863 916 917
f 864 918 919
f 864 919 920
f 864 920 865
f 864 917 916
f 864 916 918
f 865 920 868
f 866 868 921
f 866 921 874
f 868 920 922
f 868 922 921
f 869 923 924
f 869 924 870
f 869 909 923
f 870 925 926
f 870 926 871
f 870 924 925
f 871 926 910
f 871 910 872
f 874 876 875
f 874 921 876
f 876 921 922
f 876 922 927
f 876 927 877
f 877 927 881
f 877 881 878
f 879 882 928
f 879 928 929
f 879 929 880
f 880 929 883
f 881 927 930
f 881 930 931
f 881 931 932
f 881 932 882
f 882 932 933
f 882 933 928
f 883 929 934
f 883 934 884
f 884 934 885
f 885 934 935
f 885 935 887
f 885 887 886
f 887 936 888
f 887 935 936
f 888 936 891
f 888 891 890
f 888 890 889
f 891 936 937
f 891 937 938
f 891 938 896
f 891 896 892
f 893 899 894
f 893 897 939
f 893 939 900
f 893 900 899
f 896 938 897
f 897 940 939
f 897 938 940
f 900 939 941
f 900 941 901
f 901 941 942
f 901 942 902
f 902 942 943
f 902 943 903
f 903 943 904
f 904 909 906
f 904 906 905
f 904 943 944
f 904 944 945
f 904 945 909
f 906 909 908
f 909 945 923
f 910 926 911
f 911 926 946
f 911 946 912
f 912 914 913
f 912 946 947
f 912 947 948
f 912 948 914
f 914 948 949
f 914 949 950
f 914 950 915
f 915 950 951
f 915 951 952
f 915 952 916
f 916 952 953
f 916 953 918
f 918 953 954
f 918 954 932
f 918 932 931
f 918 931 919
f 919 931 930
f 919 930 920
f 920 930 922
f 922 930 927
f 923 945 944
f 923 944 924
f 924 944 942
f 924 942 955
f 924 955 925
f 925 955 946
f 925 946 926
f 928 933 929
f 929 933 956
f 929 956 957
f 929 957 934
f 932 954 953
f 932 953 952
f 932 952 933
f 933 952 951
f 933 951 956
f 934 957 935
f 935 951 958
f 935 958 936
f 935 957 951
f 936 958 937
f 937 958 940
f 937 940 938
f 939 940 941
f 940 958 949
f 940 949 959
f 940 959 941
f 941 959 960
f 941 960 942
f 942 944 943
f 942 960 955
f 946 955 960
f 946 960 947
f 947 960 948
f 948 960 959
f 948 959 949
f 949 958 950
f 950 958 951
f 951 957 956

o geometry_1
v -0.13082821 0.00151498 -0.01721697 0.54117647 0.42352941 0.64313725
v -0.13082821 -0.00027487 -0.01706970 0.54117647 0.42352941 0.64313725
v -0.13266763 -0.00028051 -0.01706657 0.54117647 0.42352941 0.64313725
v -0.13280912 0.00151498 -0.01711044 0.54117647 0.42352941 0.64313725
v -0.13262046 0.00335558 -0.01707910 0.54117647 0.42352941 0.64313725
v -0.13082821 0.00386294 -0.01714490 0.54117647 0.42352941 0.64313725
v -0.12785687 0.00427165 -0.01714177 0.54117647 0.42352941 0.64313725
v -0.12488553 0.00398414 -0.01708223 0.54117647 0.42352941 0.64313725
v -0.12488553 0.00240850 -0.01708223 0.54117647 0.42352941 0.64313725
v 0.09202267 0.00151498 -0.01087492 0.54117647 0.42352941 0.64313725
v -0.13082821 -0.00176032 -0.01670936 0.54117647 0.42352941 0.64313725
v 0.09202267 -0.00145308 -0.01059605 0.54117647 0.42352941 0.64313725
v -0.13370524 -0.00134315 -0.01658402 0.54117647 0.42352941 0.64313725
v -0.13429478 0.00151498 -0.01666549 0.54117647 0.42352941 0.64313725
v -0.13379957 -0.00442396 -0.01578813 0.54117647 0.42352941 0.64313725
v -0.13082821 0.00535120 -0.01685976 0.54117647 0.42352941 0.64313725
v -0.13368166 0.00440131 -0.01648062 0.54117647 0.42352941 0.64313725
v -0.12785687 0.00575709 -0.01696943 0.54117647 0.42352941 0.64313725
v -0.12488553 0.00546959 -0.01695690 0.54117647 0.42352941 0.64313725
v -0.12285747 0.00341759 -0.01703210 0.54117647 0.42352941 0.64313725
v -0.12285747 0.00278339 -0.01703210 0.54117647 0.42352941 0.64313725
v 0.08905132 0.00448587 -0.01049891 0.54117647 0.42352941 0.64313725
v 0.09202267 0.00448587 -0.01037671 0.54117647 0.42352941 0.64313725
v 0.10407312 0.00448587 -0.00963095 0.54117647 0.42352941 0.64313725
v 0.10407312 0.00427729 -0.00965915 0.54117647 0.42352941 0.64313725
v 0.10407312 0.00151498 -0.01000070 0.54117647 0.42352941 0.64313725
v 0.10407312 0.00130076 -0.00999756 0.54117647 0.42352941 0.64313725
v 0.10407312 -0.00145308 -0.00984089 0.54117647 0.42352941 0.64313725
v -0.13082821 -0.00442396 -0.01587273 0.54117647 0.42352941 0.64313725
v 0.10407312 -0.00164193 -0.00981582 0.54117647 0.42352941 0.64313725
v 0.10407312 -0.00509481 -0.00902307 0.54117647 0.42352941 0.64313725
v -0.13596912 -0.00442396 -0.01480737 0.54117647 0.42352941 0.64313725
v -0.13603986 -0.00145308 -0.01511131 0.54117647 0.42352941 0.64313725
v -0.13606346 0.00151498 -0.01518025 0.54117647 0.42352941 0.64313725
v -0.13603986 0.00448587 -0.01498597 0.54117647 0.42352941 0.64313725
v -0.13379957 -0.00682830 -0.01467576 0.54117647 0.42352941 0.64313725
v -0.13568614 -0.00646187 -0.01441882 0.54117647 0.42352941 0.64313725
v -0.13082821 0.00745957 -0.01609207 0.54117647 0.42352941 0.64313725
v -0.12785687 0.00745957 -0.01636155 0.54117647 0.42352941 0.64313725
v -0.13575689 0.00696348 -0.01456296 0.54117647 0.42352941 0.64313725
v -0.13410613 0.00775553 -0.01508624 0.54117647 0.42352941 0.64313725
v -0.12488553 0.00745957 -0.01634275 0.54117647 0.42352941 0.64313725
v 0.08905132 0.00745957 -0.00941161 0.54117647 0.42352941 0.64313725
v 0.10407312 0.00720025 -0.00873793 0.54117647 0.42352941 0.64313725
v -0.13082821 -0.00684803 -0.01467576 0.54117647 0.42352941 0.64313725
v 0.10407312 -0.00807133 -0.00792010 0.54117647 0.42352941 0.64313725
v -0.13667658 -0.00442396 -0.01254190 0.54117647 0.42352941 0.64313725
v -0.13677092 -0.00145308 -0.01254190 0.54117647 0.42352941 0.64313725
v -0.13684166 0.00151498 -0.01254190 0.54117647 0.42352941 0.64313725
v -0.13681809 0.00448587 -0.01254190 0.54117647 0.42352941 0.64313725
v -0.13618135 0.00775553 -0.01283958 0.54117647 0.42352941 0.64313725
v -0.13082821 -0.00833629 -0.01357280 0.54117647 0.42352941 0.64313725
v -0.13379957 -0.00831374 -0.01346313 0.54117647 0.42352941 0.64313725
v -0.13561538 -0.00939329 -0.01157054 0.54117647 0.42352941 0.64313725
v -0.13601629 -0.00743149 -0.01255130 0.54117647 0.42352941 0.64313725
v -0.13082821 0.00974552 -0.01474470 0.54117647 0.42352941 0.64313725
v -0.13330435 0.00940164 -0.01442509 0.54117647 0.42352941 0.64313725
v -0.12785687 0.00990336 -0.01490450 0.54117647 0.42352941 0.64313725
v -0.12488553 0.00990900 -0.01489824 0.54117647 0.42352941 0.64313725
v -0.13528524 0.00894501 -0.01402715 0.54117647 0.42352941 0.64313725
v 0.08607998 0.00938754 -0.00842772 0.54117647 0.42352941 0.64313725
v 0.08905132 0.00928044 -0.00835252 0.54117647 0.42352941 0.64313725
v 0.09718715 0.00900139 -0.00812691 0.54117647 0.42352941 0.64313725
v 0.10407312 0.00860959 -0.00800471 0.54117647 0.42352941 0.64313725
v -0.12488553 -0.00818972 -0.01356653 0.54117647 0.42352941 0.64313725
v 0.10407312 -0.01028399 -0.00660093 0.54117647 0.42352941 0.64313725
v -0.13648792 -0.00739767 -0.00956828 0.54117647 0.42352941 0.64313725
v -0.13662943 -0.00442396 -0.00956828 0.54117647 0.42352941 0.64313725
v -0.13674732 0.00151498 -0.00956828 0.54117647 0.42352941 0.64313725
v -0.13679449 0.00448587 -0.00956828 0.54117647 0.42352941 0.64313725
v -0.13677092 0.00745957 -0.00956828 0.54117647 0.42352941 0.64313725
v -0.13596912 0.01059958 -0.00960589 0.54117647 0.42352941 0.64313725
v -0.13575689 0.00972297 -0.01204682 0.54117647 0.42352941 0.64313725
v -0.13082821 -0.00994293 -0.01208756 0.54117647 0.42352941 0.64313725
v -0.12488553 -0.01004158 -0.01208129 0.54117647 0.42352941 0.64313725
v -0.13379957 -0.00981327 -0.01197789 0.54117647 0.42352941 0.64313725
v -0.13379957 -0.01129871 -0.01017930 0.54117647 0.42352941 0.64313725
v -0.13537957 -0.01194701 -0.00830238 0.54117647 0.42352941 0.64313725
v -0.13578046 -0.01037701 -0.00940221 0.54117647 0.42352941 0.64313725
v -0.13082821 0.01123096 -0.01290225 0.54117647 0.42352941 0.64313725
v -0.12785687 0.01139162 -0.01308085 0.54117647 0.42352941 0.64313725
v -0.13269121 0.01200609 -0.01122273 0.54117647 0.42352941 0.64313725
v -0.13398823 0.01055166 -0.01262651 0.54117647 0.42352941 0.64313725
v -0.12488553 0.01139444 -0.01311219 0.54117647 0.42352941 0.64313725
v 0.04327846 0.01194408 -0.00811438 0.54117647 0.42352941 0.64313725
v -0.13467210 0.01170450 -0.01061798 0.54117647 0.42352941 0.64313725
v 0.10407312 0.01025570 -0.00645366 0.54117647 0.42352941 0.64313725
v -0.12191419 -0.01000776 -0.01204369 0.54117647 0.42352941 0.64313725
v 0.10407312 -0.01199493 -0.00522849 0.54117647 0.42352941 0.64313725
v -0.13639360 -0.00739767 -0.00659780 0.54117647 0.42352941 0.64313725
v -0.13599270 -0.01036855 -0.00659780 0.54117647 0.42352941 0.64313725
v -0.13606346 -0.00739767 -0.00065683 0.54117647 0.42352941 0.64313725
v -0.13662943 0.00448587 -0.00659780 0.54117647 0.42352941 0.64313725
v -0.13651152 0.00745957 -0.00362731 0.54117647 0.42352941 0.64313725
v -0.13665300 0.00745957 -0.00659780 0.54117647 0.42352941 0.64313725
v -0.13632286 0.01043046 -0.00362731 0.54117647 0.42352941 0.64313725
v -0.13634643 0.01043046 -0.00659780 0.54117647 0.42352941 0.64313725
v -0.13566255 0.01232742 -0.00659780 0.54117647 0.42352941 0.64313725
v -0.13547389 0.01211884 -0.00863766 0.54117647 0.42352941 0.64313725
v -0.13082821 -0.01142837 -0.01042057 0.54117647 0.42352941 0.64313725
v -0.12488553 -0.01152703 -0.01058038 0.54117647 0.42352941 0.64313725
v -0.13082821 -0.01229089 -0.00893533 0.54117647 0.42352941 0.64313725
v -0.13379957 -0.01215277 -0.00869406 0.54117647 0.42352941 0.64313725
v -0.13547389 -0.01203721 -0.00659780 0.54117647 0.42352941 0.64313725
v -0.13379957 -0.01267987 -0.00659780 0.54117647 0.42352941 0.64313725
v -0.13379957 -0.01295328 -0.00362731 0.54117647 0.42352941 0.64313725
v -0.13082821 0.01209347 -0.01141700 0.54117647 0.42352941 0.64313725
v -0.12785687 0.01216394 -0.01159248 0.54117647 0.42352941 0.64313725
v -0.12488553 0.01217522 -0.01162381 0.54117647 0.42352941 0.64313725
v -0.13082821 0.01274741 -0.00956828 0.54117647 0.42352941 0.64313725
v -0.13372881 0.01235279 -0.00960589 0.54117647 0.42352941 0.64313725
v 0.04150980 0.01254164 -0.00659780 0.54117647 0.42352941 0.64313725
v 0.07122326 0.01238380 -0.00580818 0.54117647 0.42352941 0.64313725
v 0.10407312 0.01163403 -0.00477728 0.54117647 0.42352941 0.64313725
v 0.10407312 -0.01293918 -0.00368371 0.54117647 0.42352941 0.64313725
v -0.13589838 -0.01036855 -0.00362731 0.54117647 0.42352941 0.64313725
v -0.13575689 -0.01036855 -0.00065683 0.54117647 0.42352941 0.64313725
v -0.13547389 -0.01206257 -0.00362731 0.54117647 0.42352941 0.64313725
v -0.13540315 -0.01199211 -0.00065683 0.54117647 0.42352941 0.64313725
v -0.13582763 -0.00739767 0.00231366 0.54117647 0.42352941 0.64313725
v -0.13589838 -0.00442396 0.00231366 0.54117647 0.42352941 0.64313725
v -0.13629927 0.00745957 -0.00065683 0.54117647 0.42352941 0.64313725
v -0.13606346 0.01043046 -0.00065683 0.54117647 0.42352941 0.64313725
v -0.13556823 0.01226541 -0.00065683 0.54117647 0.42352941 0.64313725
v -0.13568614 0.01239789 -0.00362731 0.54117647 0.42352941 0.64313725
v -0.13379957 0.01326322 -0.00362731 0.54117647 0.42352941 0.64313725
v -0.13379957 0.01308001 -0.00659780 0.54117647 0.42352941 0.64313725
v -0.12488553 -0.01235572 -0.00909514 0.54117647 0.42352941 0.64313725
v -0.13082821 -0.01311958 -0.00659780 0.54117647 0.42352941 0.64313725
v -0.12191419 -0.01331125 -0.00659780 0.54117647 0.42352941 0.64313725
v -0.13082821 -0.01363258 -0.00362731 0.54117647 0.42352941 0.64313725
v -0.13379957 -0.01288563 -0.00065683 0.54117647 0.42352941 0.64313725
v -0.13082821 -0.01364385 -0.00065683 0.54117647 0.42352941 0.64313725
v -0.12785687 0.01282351 -0.00956828 0.54117647 0.42352941 0.64313725
v -0.12488553 0.01284606 -0.00956828 0.54117647 0.42352941 0.64313725
v 0.02368173 0.01365784 -0.00362731 0.54117647 0.42352941 0.64313725
v -0.13082821 0.01340416 -0.00659780 0.54117647 0.42352941 0.64313725
v 0.07122326 0.01317866 -0.00362731 0.54117647 0.42352941 0.64313725
v 0.10407312 0.01231897 -0.00316670 0.54117647 0.42352941 0.64313725
v 0.10407312 0.01171859 -0.00463001 0.54117647 0.42352941 0.64313725
v 0.10407312 -0.01408356 -0.00069443 0.54117647 0.42352941 0.64313725
v -0.11300016 -0.01329715 -0.00659780 0.54117647 0.42352941 0.64313725
v -0.13533241 -0.01191037 0.00107909 0.54117647 0.42352941 0.64313725
v -0.13552106 -0.01033191 0.00216639 0.54117647 0.42352941 0.64313725
v -0.13540315 -0.00931719 0.00421565 0.54117647 0.42352941 0.64313725
v -0.13549749 -0.00739767 0.00483293 0.54117647 0.42352941 0.64313725
v -0.13552106 -0.00467483 0.00556615 0.54117647 0.42352941 0.64313725
v -0.13563898 -0.00145308 0.00528415 0.54117647 0.42352941 0.64313725
v -0.13601629 0.00448587 0.00231366 0.54117647 0.42352941 0.64313725
v -0.13599270 0.00745957 0.00231366 0.54117647 0.42352941 0.64313725
v -0.13561538 0.01033744 0.00221026 0.54117647 0.42352941 0.64313725
v -0.13542673 0.01208502 0.00115116 0.54117647 0.42352941 0.64313725
v -0.13379957 0.01308283 -0.00065683 0.54117647 0.42352941 0.64313725
v -0.13082821 0.01350563 -0.00065683 0.54117647 0.42352941 0.64313725
v -0.13082821 0.01360992 -0.00362731 0.54117647 0.42352941 0.64313725
v -0.11894284 -0.01330843 -0.00659780 0.54117647 0.42352941 0.64313725
v -0.12191419 -0.01388344 -0.00362731 0.54117647 0.42352941 0.64313725
v -0.05654459 -0.01392854 -0.00362731 0.54117647 0.42352941 0.64313725
v -0.11300016 -0.01395109 -0.00362731 0.54117647 0.42352941 0.64313725
v -0.11894284 -0.01393981 -0.00362731 0.54117647 0.42352941 0.64313725
v -0.12191419 -0.01398209 -0.00065683 0.54117647 0.42352941 0.64313725
v -0.13391747 -0.01241209 0.00216639 0.54117647 0.42352941 0.64313725
v -0.13082821 -0.01316186 0.00231366 0.54117647 0.42352941 0.64313725
v -0.12191419 -0.01372559 0.00231366 0.54117647 0.42352941 0.64313725
v -0.12488553 -0.01357057 0.00231366 0.54117647 0.42352941 0.64313725
v 0.02071038 0.01367193 -0.00362731 0.54117647 0.42352941 0.64313725
v 0.02071038 0.01411164 -0.00065683 0.54117647 0.42352941 0.64313725
v 0.07122326 0.01377340 -0.00065683 0.54117647 0.42352941 0.64313725
v 0.01773904 0.01410883 -0.00065683 0.54117647 0.42352941 0.64313725
v 0.07419460 0.01374240 -0.00065683 0.54117647 0.42352941 0.64313725
v 0.08310863 0.01360710 -0.00065683 0.54117647 0.42352941 0.64313725
v 0.09202267 0.01334497 -0.00065683 0.54117647 0.42352941 0.64313725
v 0.09499401 0.01322940 -0.00065683 0.54117647 0.42352941 0.64313725
v 0.10407312 0.01279250 -0.00084483 0.54117647 0.42352941 0.64313725
v 0.10407312 -0.01429497 0.00240453 0.54117647 0.42352941 0.64313725
v 0.00288231 -0.01466703 0.00231366 0.54117647 0.42352941 0.64313725
v -0.05357325 -0.01452046 -0.00065683 0.54117647 0.42352941 0.64313725
v -0.13299778 -0.01216969 0.00443499 0.54117647 0.42352941 0.64313725
v -0.13497867 -0.01129871 0.00305941 0.54117647 0.42352941 0.64313725
v -0.13401181 -0.01045311 0.00531548 0.54117647 0.42352941 0.64313725
v -0.13509658 -0.00739767 0.00631818 0.54117647 0.42352941 0.64313725
v -0.13528524 -0.00583048 0.00674119 0.54117647 0.42352941 0.64313725
v -0.13535598 -0.00384895 0.00693859 0.54117647 0.42352941 0.64313725
v -0.13537957 -0.00145308 0.00701379 0.54117647 0.42352941 0.64313725
v -0.13556823 0.00448587 0.00518388 0.54117647 0.42352941 0.64313725
v -0.13554464 0.00745957 0.00476086 0.54117647 0.42352941 0.64313725
v -0.13542673 0.00928325 0.00418431 0.54117647 0.42352941 0.64313725
v -0.13450703 0.01126478 0.00313148 0.54117647 0.42352941 0.64313725
v -0.13252613 0.01200046 0.00393991 0.54117647 0.42352941 0.64313725
v -0.13363449 0.01236970 0.00221026 0.54117647 0.42352941 0.64313725
v -0.13082821 0.01275304 0.00231366 0.54117647 0.42352941 0.64313725
v 0.03556711 0.01374522 0.00528415 0.54117647 0.42352941 0.64313725
v 0.05339518 0.01389743 0.00528415 0.54117647 0.42352941 0.64313725
v 0.01773904 0.01403272 0.00231366 0.54117647 0.42352941 0.64313725
v 0.02071038 0.01404963 0.00231366 0.54117647 0.42352941 0.64313725
v -0.05654459 -0.01450355 -0.00065683 0.54117647 0.42352941 0.64313725
v -0.11002880 -0.01391163 0.00231366 0.54117647 0.42352941 0.64313725
v -0.05357325 -0.01443308 0.00231366 0.54117647 0.42352941 0.64313725
v -0.13082821 -0.01232471 0.00480160 0.54117647 0.42352941 0.64313725
v -0.12507419 -0.01247410 0.00555989 0.54117647 0.42352941 0.64313725
v -0.12191419 -0.01277288 0.00528415 0.54117647 0.42352941 0.64313725
v 0.07122326 0.01412292 0.00231366 0.54117647 0.42352941 0.64313725
v 0.07419460 0.01411446 0.00231366 0.54117647 0.42352941 0.64313725
v 0.05339518 0.01410037 0.00231366 0.54117647 0.42352941 0.64313725
v 0.08310863 0.01391434 0.00231366 0.54117647 0.42352941 0.64313725
v 0.08607998 0.01382696 0.00231366 0.54117647 0.42352941 0.64313725
v 0.09499401 0.01351127 0.00231366 0.54117647 0.42352941 0.64313725
v 0.10407312 0.01282915 -0.00065683 0.54117647 0.42352941 0.64313725
v 0.10407312 -0.01369459 0.00528415 0.54117647 0.42352941 0.64313725
v 0.08607998 -0.01412303 0.00528415 0.54117647 0.42352941 0.64313725
v 0.07419460 -0.01439926 0.00528415 0.54117647 0.42352941 0.64313725
v 0.07122326 -0.01443872 0.00528415 0.54117647 0.42352941 0.64313725
v -0.00008903 -0.01467267 0.00231366 0.54117647 0.42352941 0.64313725
v -0.04465921 -0.01447536 0.00231366 0.54117647 0.42352941 0.64313725
v -0.13082821 -0.01151293 0.00628684 0.54117647 0.42352941 0.64313725
v -0.13306852 -0.00960751 0.00729894 0.54117647 0.42352941 0.64313725
v -0.13342226 -0.00717217 0.00827656 0.54117647 0.42352941 0.64313725
v -0.13243181 -0.00603061 0.00979941 0.54117647 0.42352941 0.64313725
v -0.13441270 -0.00467483 0.00806036 0.54117647 0.42352941 0.64313725
v -0.13443629 -0.00145308 0.00850217 0.54117647 0.42352941 0.64313725
v -0.13533241 0.00088924 0.00692606 0.54117647 0.42352941 0.64313725
v -0.13526166 0.00448587 0.00666912 0.54117647 0.42352941 0.64313725
v -0.13493152 0.00745957 0.00624611 0.54117647 0.42352941 0.64313725
v -0.13285629 0.00930862 0.00706393 0.54117647 0.42352941 0.64313725
v -0.13082821 0.01098855 0.00547215 0.54117647 0.42352941 0.64313725
v -0.13082821 0.01202301 0.00398691 0.54117647 0.42352941 0.64313725
v 0.05339518 0.01308846 0.00825776 0.54117647 0.42352941 0.64313725
v 0.07122326 0.01393689 0.00528415 0.54117647 0.42352941 0.64313725
v -0.05357325 -0.01369459 0.00528415 0.54117647 0.42352941 0.64313725
v -0.00603172 -0.01432315 0.00528415 0.54117647 0.42352941 0.64313725
v 0.00288231 -0.01438235 0.00528415 0.54117647 0.42352941 0.64313725
v -0.12618255 -0.01182862 0.00673179 0.54117647 0.42352941 0.64313725
v -0.12420164 -0.01193292 0.00686026 0.54117647 0.42352941 0.64313725
v -0.12191419 -0.01196110 0.00689472 0.54117647 0.42352941 0.64313725
v 0.00288231 -0.01307166 0.00825776 0.54117647 0.42352941 0.64313725
v 0.07419460 0.01393407 0.00528415 0.54117647 0.42352941 0.64313725
v 0.08310863 0.01372267 0.00528415 0.54117647 0.42352941 0.64313725
v 0.09202267 0.01349436 0.00528415 0.54117647 0.42352941 0.64313725
v 0.09499401 0.01337879 0.00528415 0.54117647 0.42352941 0.64313725
v 0.09796535 0.01332523 0.00231366 0.54117647 0.42352941 0.64313725
v 0.10407312 0.01290525 0.00213505 0.54117647 0.42352941 0.64313725
v 0.10407312 -0.01253611 0.00770942 0.54117647 0.42352941 0.64313725
v 0.09499401 -0.01286308 0.00825776 0.54117647 0.42352941 0.64313725
v 0.08905132 -0.01318723 0.00825776 0.54117647 0.42352941 0.64313725
v 0.08607998 -0.01331970 0.00825776 0.54117647 0.42352941 0.64313725
v 0.07716594 -0.01357620 0.00825776 0.54117647 0.42352941 0.64313725
v 0.07122326 -0.01371714 0.00825776 0.54117647 0.42352941 0.64313725
v 0.06825191 -0.01377915 0.00825776 0.54117647 0.42352941 0.64313725
v -0.13082821 -0.01002749 0.00764048 0.54117647 0.42352941 0.64313725
v -0.13271478 -0.00442396 0.00994041 0.54117647 0.42352941 0.64313725
v -0.13082821 -0.00770772 0.00912572 0.54117647 0.42352941 0.64313725
v -0.13082821 -0.00622228 0.00988088 0.54117647 0.42352941 0.64313725
v -0.13082821 -0.00442396 0.01025062 0.54117647 0.42352941 0.64313725
v -0.13448344 0.00173202 0.00805409 0.54117647 0.42352941 0.64313725
v -0.13295061 -0.00145308 0.01006575 0.54117647 0.42352941 0.64313725
v -0.13280912 0.00151498 0.00998428 0.54117647 0.42352941 0.64313725
v -0.13252613 0.00332739 0.00984641 0.54117647 0.42352941 0.64313725
v -0.13344584 0.00745957 0.00755901 0.54117647 0.42352941 0.64313725
v -0.13082821 0.00745957 0.00842384 0.54117647 0.42352941 0.64313725
v -0.13082821 0.00950311 0.00722373 0.54117647 0.42352941 0.64313725
v -0.12488553 0.00965250 0.00743994 0.54117647 0.42352941 0.64313725
v 0.03556711 0.01203146 0.00989968 0.54117647 0.42352941 0.64313725
v 0.05339518 0.01223159 0.01014409 0.54117647 0.42352941 0.64313725
v 0.07419460 0.01307155 0.00825776 0.54117647 0.42352941 0.64313725
v 0.06528056 -0.01375378 0.00825776 0.54117647 0.42352941 0.64313725
v 0.05933788 -0.01370023 0.00825776 0.54117647 0.42352941 0.64313725
v 0.05636653 -0.01367204 0.00825776 0.54117647 0.42352941 0.64313725
v 0.05339518 -0.01364103 0.00825776 0.54117647 0.42352941 0.64313725
v -0.12507419 -0.01065042 0.00777522 0.54117647 0.42352941 0.64313725
v -0.04465921 -0.01138609 0.00932940 0.54117647 0.42352941 0.64313725
v -0.12191419 -0.01036855 0.00812303 0.54117647 0.42352941 0.64313725
v 0.05042384 -0.01249383 0.01045743 0.54117647 0.42352941 0.64313725
v 0.04745249 -0.01245719 0.01042923 0.54117647 0.42352941 0.64313725
v 0.08310863 0.01289680 0.00825776 0.54117647 0.42352941 0.64313725
v 0.08607998 0.01280378 0.00825776 0.54117647 0.42352941 0.64313725
v 0.09202267 0.01262057 0.00814496 0.54117647 0.42352941 0.64313725
v 0.09499401 0.01255855 0.00795069 0.54117647 0.42352941 0.64313725
v 0.09796535 0.01241198 0.00767808 0.54117647 0.42352941 0.64313725
v 0.09796535 0.01313920 0.00528415 0.54117647 0.42352941 0.64313725
v 0.10407312 0.01290243 0.00231366 0.54117647 0.42352941 0.64313725
v 0.10407312 -0.01104785 0.00917586 0.54117647 0.42352941 0.64313725
v 0.09895581 -0.01174970 0.00962394 0.54117647 0.42352941 0.64313725
v 0.09697492 -0.01192446 0.00982448 0.54117647 0.42352941 0.64313725
v 0.08905132 -0.01221197 0.01017542 0.54117647 0.42352941 0.64313725
v 0.08607998 -0.01228807 0.01026942 0.54117647 0.42352941 0.64313725
v 0.07716594 -0.01242336 0.01042296 0.54117647 0.42352941 0.64313725
v 0.06825191 -0.01253047 0.01062037 0.54117647 0.42352941 0.64313725
v 0.06528056 -0.01252202 0.01062977 0.54117647 0.42352941 0.64313725
v -0.12785687 -0.01020789 0.00780968 0.54117647 0.42352941 0.64313725
v -0.12488553 -0.00820663 0.00944220 0.54117647 0.42352941 0.64313725
v -0.12785687 -0.00796986 0.00929493 0.54117647 0.42352941 0.64313725
v -0.13082821 -0.00145308 0.01049190 0.54117647 0.42352941 0.64313725
v -0.12785687 -0.00648442 0.00997488 0.54117647 0.42352941 0.64313725
v -0.12488553 -0.00442396 0.01065170 0.54117647 0.42352941 0.64313725
v -0.12785687 -0.00442396 0.01045743 0.54117647 0.42352941 0.64313725
v -0.12488553 -0.00145308 0.01097758 0.54117647 0.42352941 0.64313725
v -0.13082821 0.00151498 0.01031329 0.54117647 0.42352941 0.64313725
v -0.13082821 0.00364027 0.00993415 0.54117647 0.42352941 0.64313725
v -0.13082821 0.00512853 0.00945787 0.54117647 0.42352941 0.64313725
v -0.12580524 0.00581910 0.00969914 0.54117647 0.42352941 0.64313725
v -0.12382433 0.00604741 0.00977434 0.54117647 0.42352941 0.64313725
v -0.12483836 0.00720589 0.00906305 0.54117647 0.42352941 0.64313725
v -0.12191419 0.00759205 0.00893458 0.54117647 0.42352941 0.64313725
v 0.03556711 0.00878153 0.01265082 0.54117647 0.42352941 0.64313725
v 0.03556711 0.01043046 0.01132225 0.54117647 0.42352941 0.64313725
v 0.05339518 0.01058548 0.01162933 0.54117647 0.42352941 0.64313725
v 0.05636653 0.01060239 0.01160739 0.54117647 0.42352941 0.64313725
v 0.06528056 0.01058548 0.01158546 0.54117647 0.42352941 0.64313725
v 0.07419460 0.01219213 0.01008768 0.54117647 0.42352941 0.64313725
v 0.08310863 0.01211039 0.00997488 0.54117647 0.42352941 0.64313725
v -0.04168787 -0.00992884 0.01042609 0.54117647 0.42352941 0.64313725
v -0.04465921 -0.00990065 0.01038223 0.54117647 0.42352941 0.64313725
v -0.04763056 -0.00983864 0.01036029 0.54117647 0.42352941 0.64313725
v 0.06528056 -0.01074907 0.01211501 0.54117647 0.42352941 0.64313725
v -0.11300016 -0.00854487 0.00955813 0.54117647 0.42352941 0.64313725
v -0.12191419 -0.00830246 0.00948607 0.54117647 0.42352941 0.64313725
v 0.06825191 -0.01081954 0.01210561 0.54117647 0.42352941 0.64313725
v 0.08607998 0.01205401 0.00990595 0.54117647 0.42352941 0.64313725
v 0.08846178 0.01198073 0.00982134 0.54117647 0.42352941 0.64313725
v 0.09044267 0.01190744 0.00973047 0.54117647 0.42352941 0.64313725
v 0.09202267 0.01183134 0.00963020 0.54117647 0.42352941 0.64313725
v 0.09499401 0.01168476 0.00943593 0.54117647 0.42352941 0.64313725
v 0.09796535 0.01149028 0.00916332 0.54117647 0.42352941 0.64313725
v 0.10093671 0.01218931 0.00728327 0.54117647 0.42352941 0.64313725
v 0.10407312 0.01234715 0.00546275 0.54117647 0.42352941 0.64313725
v 0.10407312 -0.01099993 0.00921033 0.54117647 0.42352941 0.64313725
v 0.09796535 -0.01060250 0.01055770 0.54117647 0.42352941 0.64313725
v 0.09499401 -0.01036855 0.01101204 0.54117647 0.42352941 0.64313725
v 0.08740058 -0.00886338 0.01271036 0.54117647 0.42352941 0.64313725
v 0.08905132 -0.01036855 0.01156666 0.54117647 0.42352941 0.64313725
v 0.08626863 -0.01010078 0.01194267 0.54117647 0.42352941 0.64313725
v 0.07716594 -0.01063351 0.01190820 0.54117647 0.42352941 0.64313725
v -0.12488553 -0.00672119 0.01005322 0.54117647 0.42352941 0.64313725
v -0.11300016 -0.00705661 0.01029762 0.54117647 0.42352941 0.64313725
v -0.12488553 0.00151498 0.01080210 0.54117647 0.42352941 0.64313725
v -0.12191419 -0.00145308 0.01113738 0.54117647 0.42352941 0.64313725
v -0.11300016 -0.00442396 0.01111231 0.54117647 0.42352941 0.64313725
v -0.12191419 0.00151498 0.01102458 0.54117647 0.42352941 0.64313725
v -0.12191419 0.00448587 0.01036029 0.54117647 0.42352941 0.64313725
v -0.12483836 0.00469163 0.01010022 0.54117647 0.42352941 0.64313725
v -0.11597150 0.00448587 0.01065483 0.54117647 0.42352941 0.64313725
v -0.11300016 0.00448587 0.01076450 0.54117647 0.42352941 0.64313725
v -0.11300016 0.00634338 0.00999368 0.54117647 0.42352941 0.64313725
v 0.03556711 0.00729609 0.01317411 0.54117647 0.42352941 0.64313725
v 0.05339518 0.00745957 0.01349372 0.54117647 0.42352941 0.64313725
v 0.05339518 0.00910004 0.01281376 0.54117647 0.42352941 0.64313725
v -0.01791710 0.00557951 0.01262576 0.54117647 0.42352941 0.64313725
v 0.05636653 0.00911695 0.01282943 0.54117647 0.42352941 0.64313725
v 0.06825191 0.00911413 0.01282630 0.54117647 0.42352941 0.64313725
v 0.07122326 0.01055166 0.01156979 0.54117647 0.42352941 0.64313725
v 0.06825191 0.01059958 0.01155099 0.54117647 0.42352941 0.64313725
v 0.07419460 0.01050938 0.01157293 0.54117647 0.42352941 0.64313725
v 0.07716594 0.01049528 0.01151966 0.54117647 0.42352941 0.64313725
v 0.08310863 0.01043046 0.01140685 0.54117647 0.42352941 0.64313725
v 0.08607998 0.01043046 0.01131599 0.54117647 0.42352941 0.64313725
v -0.02683114 -0.00758370 0.01208054 0.54117647 0.42352941 0.64313725
v 0.06825191 -0.00933410 0.01291090 0.54117647 0.42352941 0.64313725
v -0.02980248 -0.00747941 0.01206801 0.54117647 0.42352941 0.64313725
v 0.07419460 -0.00922417 0.01289210 0.54117647 0.42352941 0.64313725
v 0.07122326 -0.00929182 0.01291403 0.54117647 0.42352941 0.64313725
v 0.08541968 -0.00893103 0.01274169 0.54117647 0.42352941 0.64313725
v 0.08310863 -0.00899304 0.01277303 0.54117647 0.42352941 0.64313725
v 0.08928715 0.01072360 0.01084597 0.54117647 0.42352941 0.64313725
v 0.09499401 0.01019932 0.01077077 0.54117647 0.42352941 0.64313725
v 0.09796535 0.01000483 0.01061410 0.54117647 0.42352941 0.64313725
v 0.10093671 0.00969196 0.01034776 0.54117647 0.42352941 0.64313725
v 0.10093671 0.01117740 0.00876851 0.54117647 0.42352941 0.64313725
v 0.10303552 0.01201737 0.00696053 0.54117647 0.42352941 0.64313725
v 0.10407312 0.01067850 0.00822330 0.54117647 0.42352941 0.64313725
v 0.10407312 -0.00958778 0.01009082 0.54117647 0.42352941 0.64313725
v 0.10093671 -0.00999367 0.01042609 0.54117647 0.42352941 0.64313725
v 0.09796535 -0.00739767 0.01200847 0.54117647 0.42352941 0.64313725
v 0.09499401 -0.00721727 0.01238135 0.54117647 0.42352941 0.64313725
v 0.08905132 -0.00706788 0.01301744 0.54117647 0.42352941 0.64313725
v 0.08905132 -0.00442396 0.01365979 0.54117647 0.42352941 0.64313725
v 0.08607998 -0.00442396 0.01387286 0.54117647 0.42352941 0.64313725
v 0.08626863 -0.00768235 0.01306757 0.54117647 0.42352941 0.64313725
v 0.08310863 -0.00739767 0.01327124 0.54117647 0.42352941 0.64313725
v 0.07419460 -0.00739767 0.01356578 0.54117647 0.42352941 0.64313725
v -0.02683114 -0.00609826 0.01279810 0.54117647 0.42352941 0.64313725
v -0.11597150 0.00151498 0.01131285 0.54117647 0.42352941 0.64313725
v -0.11300016 -0.00145308 0.01146952 0.54117647 0.42352941 0.64313725
v -0.11300016 0.00151498 0.01142566 0.54117647 0.42352941 0.64313725
v -0.03260876 -0.00468046 0.01303310 0.54117647 0.42352941 0.64313725
v -0.03574518 -0.00409982 0.01302997 0.54117647 0.42352941 0.64313725
v -0.03574518 0.00328793 0.01278556 0.54117647 0.42352941 0.64313725
v 0.05339518 0.00448587 0.01432721 0.54117647 0.42352941 0.64313725
v 0.05636653 0.00448587 0.01437421 0.54117647 0.42352941 0.64313725
v 0.05636653 0.00745957 0.01352505 0.54117647 0.42352941 0.64313725
v 0.06825191 0.00745957 0.01356578 0.54117647 0.42352941 0.64313725
v 0.07716594 0.00745957 0.01345298 0.54117647 0.42352941 0.64313725
v 0.07716594 0.00900984 0.01275736 0.54117647 0.42352941 0.64313725
v 0.07914684 0.00898166 0.01274169 0.54117647 0.42352941 0.64313725
v 0.08607998 0.00877589 0.01264142 0.54117647 0.42352941 0.64313725
v 0.07122326 -0.00739767 0.01360965 0.54117647 0.42352941 0.64313725
v 0.06825191 -0.00739767 0.01359085 0.54117647 0.42352941 0.64313725
v 0.08905132 0.00858140 0.01254742 0.54117647 0.42352941 0.64313725
v 0.09801252 0.00727354 0.01219021 0.54117647 0.42352941 0.64313725
v 0.09499401 0.00791901 0.01225601 0.54117647 0.42352941 0.64313725
v 0.10093671 0.00745957 0.01159799 0.54117647 0.42352941 0.64313725
v 0.10324775 0.00931144 0.01003442 0.54117647 0.42352941 0.64313725
v 0.10407312 0.01045864 0.00847710 0.54117647 0.42352941 0.64313725
v 0.10407312 0.01058830 0.00833297 0.54117647 0.42352941 0.64313725
v 0.10407312 -0.00739767 0.01073317 0.54117647 0.42352941 0.64313725
v 0.10093671 -0.00739767 0.01146639 0.54117647 0.42352941 0.64313725
v 0.09796535 -0.00501589 0.01253802 0.54117647 0.42352941 0.64313725
v 0.09598446 -0.00569237 0.01266336 0.54117647 0.42352941 0.64313725
v 0.09400357 -0.00610671 0.01276676 0.54117647 0.42352941 0.64313725
v 0.09202267 -0.00648442 0.01287016 0.54117647 0.42352941 0.64313725
v 0.09202267 -0.00442396 0.01338405 0.54117647 0.42352941 0.64313725
v 0.09202267 -0.00145308 0.01392299 0.54117647 0.42352941 0.64313725
v 0.08905132 -0.00145308 0.01416114 0.54117647 0.42352941 0.64313725
v 0.08607998 -0.00145308 0.01432721 0.54117647 0.42352941 0.64313725
v 0.08310863 -0.00442396 0.01402013 0.54117647 0.42352941 0.64313725
v 0.08013729 -0.00442396 0.01412353 0.54117647 0.42352941 0.64313725
v 0.07419460 -0.00442396 0.01428334 0.54117647 0.42352941 0.64313725
v 0.07122326 -0.00442396 0.01435854 0.54117647 0.42352941 0.64313725
v 0.06825191 -0.00442396 0.01437421 0.54117647 0.42352941 0.64313725
v -0.05248847 -0.00307100 0.01274169 0.54117647 0.42352941 0.64313725
v -0.03277383 -0.00145308 0.01338405 0.54117647 0.42352941 0.64313725
v -0.03277383 0.00151498 0.01309577 0.54117647 0.42352941 0.64313725
v -0.02683114 -0.00442396 0.01315217 0.54117647 0.42352941 0.64313725
v 0.06528056 0.00151498 0.01478782 0.54117647 0.42352941 0.64313725
v 0.06528056 0.00448587 0.01445254 0.54117647 0.42352941 0.64313725
v 0.07122326 0.00448587 0.01446194 0.54117647 0.42352941 0.64313725
v 0.07419460 0.00448587 0.01446194 0.54117647 0.42352941 0.64313725
v 0.07716594 0.00448587 0.01442748 0.54117647 0.42352941 0.64313725
v 0.08607998 0.00729045 0.01321797 0.54117647 0.42352941 0.64313725
v 0.08905132 0.00709596 0.01314591 0.54117647 0.42352941 0.64313725
v 0.09202267 0.00677181 0.01303624 0.54117647 0.42352941 0.64313725
v 0.09499401 0.00643075 0.01289836 0.54117647 0.42352941 0.64313725
v 0.09905014 0.00569508 0.01266336 0.54117647 0.42352941 0.64313725
v 0.09706924 0.00616016 0.01278556 0.54117647 0.42352941 0.64313725
v 0.10407312 0.00462398 0.01162619 0.54117647 0.42352941 0.64313725
v 0.10407312 0.00769634 0.01063290 0.54117647 0.42352941 0.64313725
v 0.10407312 0.00779781 0.01057963 0.54117647 0.42352941 0.64313725
v 0.10407312 -0.00442396 0.01123138 0.54117647 0.42352941 0.64313725
v 0.09947461 -0.00295543 0.01271663 0.54117647 0.42352941 0.64313725
v 0.09796535 -0.00353044 0.01285450 0.54117647 0.42352941 0.64313725
v 0.09499401 -0.00459027 0.01302997 0.54117647 0.42352941 0.64313725
v 0.09499401 -0.00145308 0.01362219 0.54117647 0.42352941 0.64313725
v 0.09202267 0.00151498 0.01404833 0.54117647 0.42352941 0.64313725
v 0.09499401 0.00151498 0.01376319 0.54117647 0.42352941 0.64313725
v 0.08905132 0.00151498 0.01424260 0.54117647 0.42352941 0.64313725
v 0.08013729 0.00151498 0.01470948 0.54117647 0.42352941 0.64313725
v 0.08310863 -0.00145308 0.01447134 0.54117647 0.42352941 0.64313725
v 0.08013729 -0.00145308 0.01460921 0.54117647 0.42352941 0.64313725
v 0.06825191 -0.00145308 0.01477215 0.54117647 0.42352941 0.64313725
v 0.07716594 -0.00145308 0.01465935 0.54117647 0.42352941 0.64313725
v 0.06825191 0.00151498 0.01479409 0.54117647 0.42352941 0.64313725
v 0.07716594 0.00151498 0.01478782 0.54117647 0.42352941 0.64313725
v 0.08013729 0.00448587 0.01431781 0.54117647 0.42352941 0.64313725
v 0.08905132 0.00448587 0.01387286 0.54117647 0.42352941 0.64313725
v 0.09202267 0.00448587 0.01367232 0.54117647 0.42352941 0.64313725
v 0.09499401 0.00448587 0.01339345 0.54117647 0.42352941 0.64313725
v 0.09801252 0.00461835 0.01299550 0.54117647 0.42352941 0.64313725
v 0.09996984 0.00371355 0.01283883 0.54117647 0.42352941 0.64313725
v 0.10096029 0.00461835 0.01245655 0.54117647 0.42352941 0.64313725
v 0.10407312 0.00448587 0.01166693 0.54117647 0.42352941 0.64313725
v 0.10407312 -0.00145308 0.01162933 0.54117647 0.42352941 0.64313725
v 0.10131403 -0.00145308 0.01240328 0.54117647 0.42352941 0.64313725
v 0.09982835 -0.00145308 0.01281690 0.54117647 0.42352941 0.64313725
v 0.09796535 -0.00145308 0.01318977 0.54117647 0.42352941 0.64313725
v 0.09796535 0.00151498 0.01334958 0.54117647 0.42352941 0.64313725
v 0.10020566 0.00151498 0.01291090 0.54117647 0.42352941 0.64313725
v 0.10169134 0.00151498 0.01252235 0.54117647 0.42352941 0.64313725
v 0.10407312 0.00151498 0.01185180 0.54117647 0.42352941 0.64313725
f 961 962 963
f 961 963 964
f 961 964 965
f 961 965 966
f 961 966 967
f 961 967 968
f 961 968 969
f 961 969 970
f 961 970 962
f 962 971 963
f 962 970 972
f 962 972 971
f 963 973 974
f 963 974 964
f 963 971 975
f 963 975 973
f 964 974 965
f 965 976 966
f 965 974 977
f 965 977 976
f 966 976 978
f 966 978 967
f 967 978 979
f 967 979 968
f 968 980 981
f 968 981 969
f 968 979 970
f 968 970 980
f 969 981 970
f 970 982 983
f 970 983 984
f 970 984 985
f 970 985 986
f 970 986 987
f 970 987 988
f 970 988 972
f 970 981 980
f 970 979 982
f 971 989 975
f 971 972 989
f 972 988 990
f 972 990 991
f 972 991 989
f 973 975 992
f 973 992 974
f 974 992 993
f 974 993 994
f 974 994 995
f 974 995 977
f 975 996 997
f 975 997 992
f 975 989 996
f 976 998 999
f 976 999 978
f 976 977 998
f 977 995 1000
f 977 1000 1001
f 977 1001 998
f 978 999 1002
f 978 1002 982
f 978 982 979
f 982 1003 983
f 982 1002 1003
f 983 1003 1004
f 983 1004 984
f 984 1004 1024
f 984 1024 1047
f 984 1047 1074
f 984 1074 1100
f 984 1100 1099
f 984 1099 1134
f 984 1134 1168
f 984 1168 1201
f 984 1201 1240
f 984 1240 1285
f 984 1285 1329
f 984 1329 1363
f 984 1363 1362
f 984 1362 1396
f 984 1396 1395
f 984 1395 1394
f 984 1394 1419
f 984 1419 1427
f 984 1427 1420
f 984 1420 1397
f 984 1397 1364
f 984 1364 1330
f 984 1330 1286
f 984 1286 1241
f 984 1241 1202
f 984 1202 1169
f 984 1169 1135
f 984 1135 1101
f 984 1101 1075
f 984 1075 1049
f 984 1049 1026
f 984 1026 1006
f 984 1006 991
f 984 991 990
f 984 990 988
f 984 988 987
f 984 987 986
f 984 986 985
f 989 1005 996
f 989 991 1006
f 989 1006 1005
f 992 1007 993
f 992 997 1007
f 993 1007 1008
f 993 1008 1009
f 993 1009 994
f 994 1009 1010
f 994 1010 995
f 995 1010 1011
f 995 1011 1000
f 996 1005 1012
f 996 1012 1013
f 996 1013 997
f 997 1013 1014
f 997 1014 1015
f 997 1015 1007
f 998 1016 999
f 998 1001 1017
f 998 1017 1016
f 999 1018 1019
f 999 1019 1002
f 999 1016 1018
f 1000 1011 1020
f 1000 1020 1001
f 1001 1020 1017
f 1002 1019 1021
f 1002 1021 1003
f 1003 1021 1022
f 1003 1022 1023
f 1003 1023 1024
f 1003 1024 1004
f 1005 1025 1012
f 1005 1006 1026
f 1005 1026 1025
f 1007 1027 1028
f 1007 1028 1008
f 1007 1015 1027
f 1008 1028 1009
f 1009 1028 1029
f 1009 1029 1030
f 1009 1030 1031
f 1009 1031 1010
f 1010 1031 1011
f 1011 1032 1033
f 1011 1033 1020
f 1011 1031 1032
f 1012 1034 1013
f 1012 1025 1035
f 1012 1035 1034
f 1013 1034 1036
f 1013 1036 1014
f 1014 1036 1037
f 1014 1037 1038
f 1014 1038 1039
f 1014 1039 1015
f 1015 1039 1027
f 1016 1040 1041
f 1016 1041 1018
f 1016 1017 1040
f 1017 1042 1040
f 1017 1020 1043
f 1017 1043 1042
f 1018 1041 1044
f 1018 1044 1019
f 1019 1044 1045
f 1019 1045 1021
f 1020 1033 1046
f 1020 1046 1043
f 1021 1045 1047
f 1021 1047 1022
f 1022 1047 1023
f 1023 1047 1024
f 1025 1048 1035
f 1025 1026 1048
f 1026 1049 1048
f 1027 1050 1028
f 1027 1039 1051
f 1027 1051 1076
f 1027 1076 1050
f 1028 1050 1052
f 1028 1052 1029
f 1029 1053 1030
f 1029 1052 1053
f 1030 1053 1054
f 1030 1054 1055
f 1030 1055 1031
f 1031 1055 1056
f 1031 1056 1057
f 1031 1057 1032
f 1032 1057 1058
f 1032 1058 1059
f 1032 1059 1033
f 1033 1059 1046
f 1034 1060 1036
f 1034 1035 1061
f 1034 1061 1060
f 1035 1048 1049
f 1035 1049 1061
f 1036 1060 1037
f 1037 1060 1062
f 1037 1062 1063
f 1037 1063 1038
f 1038 1064 1051
f 1038 1051 1039
f 1038 1063 1065
f 1038 1065 1066
f 1038 1066 1064
f 1040 1042 1067
f 1040 1067 1041
f 1041 1068 1069
f 1041 1069 1044
f 1041 1067 1068
f 1042 1070 1067
f 1042 1043 1046
f 1042 1046 1071
f 1042 1071 1070
f 1044 1069 1045
f 1045 1072 1073
f 1045 1073 1074
f 1045 1074 1047
f 1045 1069 1072
f 1046 1059 1071
f 1049 1075 1061
f 1050 1076 1077
f 1050 1077 1052
f 1051 1064 1078
f 1051 1078 1079
f 1051 1079 1076
f 1052 1080 1081
f 1052 1081 1082
f 1052 1082 1054
f 1052 1054 1053
f 1052 1077 1080
f 1054 1082 1056
f 1054 1056 1055
f 1056 1082 1083
f 1056 1083 1084
f 1056 1084 1085
f 1056 1085 1057
f 1057 1085 1058
f 1058 1085 1086
f 1058 1086 1087
f 1058 1087 1059
f 1059 1087 1071
f 1060 1061 1062
f 1061 1088 1062
f 1061 1075 1088
f 1062 1089 1063
f 1062 1088 1090
f 1062 1090 1089
f 1063 1089 1065
f 1064 1066 1078
f 1065 1089 1091
f 1065 1091 1066
f 1066 1092 1078
f 1066 1091 1093
f 1066 1093 1092
f 1067 1070 1068
f 1068 1094 1095
f 1068 1095 1069
f 1068 1070 1094
f 1069 1095 1096
f 1069 1096 1072
f 1070 1071 1087
f 1070 1087 1097
f 1070 1097 1094
f 1072 1096 1098
f 1072 1098 1073
f 1073 1098 1099
f 1073 1099 1100
f 1073 1100 1074
f 1075 1101 1102
f 1075 1102 1088
f 1076 1079 1077
f 1077 1079 1103
f 1077 1103 1104
f 1077 1104 1080
f 1078 1092 1079
f 1079 1092 1103
f 1080 1104 1105
f 1080 1105 1106
f 1080 1106 1107
f 1080 1107 1108
f 1080 1108 1081
f 1081 1108 1109
f 1081 1109 1082
f 1082 1109 1110
f 1082 1110 1083
f 1083 1110 1111
f 1083 1111 1112
f 1083 1112 1084
f 1084 1112 1113
f 1084 1113 1085
f 1085 1113 1086
f 1086 1113 1114
f 1086 1114 1115
f 1086 1115 1087
f 1087 1115 1097
f 1088 1102 1116
f 1088 1116 1090
f 1089 1090 1117
f 1089 1117 1091
f 1090 1116 1118
f 1090 1118 1119
f 1090 1119 1120
f 1090 1120 1117
f 1091 1117 1121
f 1091 1121 1093
f 1092 1093 1122
f 1092 1122 1103
f 1093 1123 1122
f 1093 1121 1124
f 1093 1124 1125
f 1093 1125 1123
f 1094 1097 1095
f 1095 1097 1126
f 1095 1126 1096
f 1096 1126 1127
f 1096 1127 1128
f 1096 1128 1098
f 1097 1115 1129
f 1097 1129 1127
f 1097 1127 1126
f 1098 1128 1130
f 1098 1130 1131
f 1098 1131 1132
f 1098 1132 1099
f 1099 1132 1133
f 1099 1133 1134
f 1101 1135 1136
f 1101 1136 1137
f 1101 1137 1118
f 1101 1118 1102
f 1102 1118 1116
f 1103 1122 1138
f 1103 1138 1139
f 1103 1139 1105
f 1103 1105 1104
f 1105 1139 1140
f 1105 1140 1141
f 1105 1141 1142
f 1105 1142 1106
f 1106 1142 1143
f 1106 1143 1107
f 1107 1143 1108
f 1108 1143 1144
f 1108 1144 1110
f 1108 1110 1109
f 1110 1144 1145
f 1110 1145 1146
f 1110 1146 1147
f 1110 1147 1111
f 1111 1147 1112
f 1112 1147 1148
f 1112 1148 1149
f 1112 1149 1150
f 1112 1150 1113
f 1113 1150 1151
f 1113 1151 1114
f 1114 1151 1152
f 1114 1152 1153
f 1114 1153 1154
f 1114 1154 1155
f 1114 1155 1115
f 1115 1155 1129
f 1117 1120 1121
f 1118 1137 1119
f 1119 1137 1120
f 1120 1137 1156
f 1120 1156 1121
f 1121 1157 1124
f 1121 1156 1158
f 1121 1158 1157
f 1122 1123 1138
f 1123 1159 1138
f 1123 1125 1160
f 1123 1160 1159
f 1124 1161 1125
f 1124 1157 1161
f 1125 1161 1160
f 1127 1129 1162
f 1127 1162 1163
f 1127 1163 1128
f 1128 1163 1130
f 1129 1155 1164
f 1129 1164 1162
f 1130 1163 1131
f 1131 1165 1166
f 1131 1166 1132
f 1131 1163 1165
f 1132 1166 1167
f 1132 1167 1133
f 1133 1167 1168
f 1133 1168 1134
f 1135 1169 1170
f 1135 1170 1171
f 1135 1171 1172
f 1135 1172 1136
f 1136 1172 1173
f 1136 1173 1137
f 1137 1174 1158
f 1137 1158 1156
f 1137 1173 1174
f 1138 1159 1175
f 1138 1175 1176
f 1138 1176 1140
f 1138 1140 1139
f 1140 1176 1141
f 1141 1176 1177
f 1141 1177 1142
f 1142 1177 1178
f 1142 1178 1179
f 1142 1179 1180
f 1142 1180 1143
f 1143 1180 1144
f 1144 1180 1181
f 1144 1181 1145
f 1145 1181 1182
f 1145 1182 1146
f 1146 1182 1183
f 1146 1183 1147
f 1147 1183 1184
f 1147 1184 1148
f 1148 1184 1149
f 1149 1184 1185
f 1149 1185 1186
f 1149 1186 1151
f 1149 1151 1150
f 1151 1186 1187
f 1151 1187 1152
f 1152 1187 1153
f 1153 1187 1188
f 1153 1188 1155
f 1153 1155 1154
f 1155 1188 1164
f 1157 1189 1161
f 1157 1158 1190
f 1157 1190 1189
f 1158 1174 1191
f 1158 1191 1190
f 1159 1160 1192
f 1159 1192 1175
f 1160 1161 1193
f 1160 1193 1192
f 1161 1194 1193
f 1161 1189 1195
f 1161 1195 1194
f 1162 1164 1188
f 1162 1188 1196
f 1162 1196 1163
f 1163 1196 1165
f 1165 1197 1198
f 1165 1198 1166
f 1165 1196 1197
f 1166 1198 1167
f 1167 1198 1199
f 1167 1199 1200
f 1167 1200 1168
f 1168 1200 1201
f 1169 1202 1203
f 1169 1203 1204
f 1169 1204 1205
f 1169 1205 1206
f 1169 1206 1170
f 1170 1206 1207
f 1170 1207 1171
f 1171 1207 1208
f 1171 1208 1172
f 1172 1208 1191
f 1172 1191 1173
f 1173 1191 1174
f 1175 1209 1176
f 1175 1192 1209
f 1176 1209 1178
f 1176 1178 1177
f 1178 1210 1179
f 1178 1209 1211
f 1178 1211 1212
f 1178 1212 1213
f 1178 1213 1210
f 1179 1210 1180
f 1180 1214 1182
f 1180 1182 1181
f 1180 1210 1215
f 1180 1215 1216
f 1180 1216 1214
f 1182 1214 1216
f 1182 1216 1217
f 1182 1217 1183
f 1183 1217 1218
f 1183 1218 1184
f 1184 1218 1217
f 1184 1217 1219
f 1184 1219 1220
f 1184 1220 1185
f 1185 1220 1221
f 1185 1221 1222
f 1185 1222 1186
f 1186 1222 1223
f 1186 1223 1187
f 1187 1223 1224
f 1187 1224 1188
f 1188 1224 1196
f 1189 1190 1195
f 1190 1191 1208
f 1190 1208 1225
f 1190 1225 1226
f 1190 1226 1227
f 1190 1227 1228
f 1190 1228 1195
f 1192 1193 1229
f 1192 1229 1209
f 1193 1194 1230
f 1193 1230 1231
f 1193 1231 1229
f 1194 1195 1232
f 1194 1232 1233
f 1194 1233 1230
f 1195 1228 1232
f 1196 1224 1234
f 1196 1234 1197
f 1197 1234 1198
f 1198 1234 1235
f 1198 1235 1236
f 1198 1236 1199
f 1199 1236 1237
f 1199 1237 1238
f 1199 1238 1239
f 1199 1239 1240
f 1199 1240 1200
f 1200 1240 1201
f 1202 1241 1242
f 1202 1242 1243
f 1202 1243 1203
f 1203 1243 1244
f 1203 1244 1204
f 1204 1244 1205
f 1205 1244 1245
f 1205 1245 1206
f 1206 1246 1247
f 1206 1247 1207
f 1206 1245 1246
f 1207 1247 1208
f 1208 1247 1248
f 1208 1248 1232
f 1208 1232 1225
f 1209 1229 1249
f 1209 1249 1250
f 1209 1250 1251
f 1209 1251 1211
f 1210 1213 1252
f 1210 1252 1215
f 1211 1251 1212
f 1212 1251 1250
f 1212 1250 1253
f 1212 1253 1254
f 1212 1254 1255
f 1212 1255 1213
f 1213 1255 1256
f 1213 1256 1252
f 1215 1252 1216
f 1216 1252 1257
f 1216 1257 1217
f 1217 1257 1258
f 1217 1258 1259
f 1217 1259 1219
f 1219 1259 1260
f 1219 1260 1261
f 1219 1261 1262
f 1219 1262 1220
f 1220 1262 1221
f 1221 1262 1263
f 1221 1263 1264
f 1221 1264 1265
f 1221 1265 1222
f 1222 1265 1266
f 1222 1266 1223
f 1223 1266 1267
f 1223 1267 1268
f 1223 1268 1269
f 1223 1269 1224
f 1224 1269 1270
f 1224 1270 1234
f 1225 1232 1226
f 1226 1232 1227
f 1227 1232 1228
f 1229 1250 1249
f 1229 1231 1250
f 1230 1271 1272
f 1230 1272 1273
f 1230 1273 1231
f 1230 1233 1274
f 1230 1274 1271
f 1231 1275 1276
f 1231 1276 1250
f 1231 1273 1275
f 1232 1248 1277
f 1232 1277 1274
f 1232 1274 1233
f 1234 1270 1278
f 1234 1278 1235
f 1235 1278 1236
f 1236 1278 1279
f 1236 1279 1237
f 1237 1279 1280
f 1237 1280 1281
f 1237 1281 1282
f 1237 1282 1238
f 1238 1282 1283
f 1238 1283 1284
f 1238 1284 1239
f 1239 1284 1285
f 1239 1285 1240
f 1241 1286 1242
f 1242 1287 1243
f 1242 1286 1287
f 1243 1287 1288
f 1243 1288 1289
f 1243 1289 1290
f 1243 1290 1244
f 1244 1290 1291
f 1244 1291 1245
f 1245 1291 1292
f 1245 1292 1277
f 1245 1277 1247
f 1245 1247 1246
f 1247 1277 1248
f 1250 1293 1253
f 1250 1276 1294
f 1250 1294 1293
f 1252 1256 1295
f 1252 1295 1257
f 1253 1293 1254
f 1254 1296 1256
f 1254 1256 1255
f 1254 1293 1297
f 1254 1297 1296
f 1256 1296 1298
f 1256 1298 1295
f 1257 1295 1258
f 1258 1295 1298
f 1258 1298 1299
f 1258 1299 1300
f 1258 1300 1260
f 1258 1260 1259
f 1260 1300 1261
f 1261 1300 1299
f 1261 1299 1301
f 1261 1301 1302
f 1261 1302 1303
f 1261 1303 1262
f 1262 1303 1263
f 1263 1303 1264
f 1264 1304 1305
f 1264 1305 1306
f 1264 1306 1266
f 1264 1266 1265
f 1264 1303 1302
f 1264 1302 1307
f 1264 1307 1304
f 1266 1306 1308
f 1266 1308 1309
f 1266 1309 1267
f 1267 1309 1268
f 1268 1309 1310
f 1268 1310 1311
f 1268 1311 1269
f 1269 1311 1310
f 1269 1310 1312
f 1269 1312 1270
f 1270 1313 1314
f 1270 1314 1315
f 1270 1315 1278
f 1270 1312 1313
f 1271 1273 1272
f 1271 1274 1273
f 1273 1274 1316
f 1273 1316 1276
f 1273 1276 1275
f 1274 1277 1317
f 1274 1317 1316
f 1276 1316 1318
f 1276 1318 1294
f 1277 1319 1320
f 1277 1320 1317
f 1277 1292 1291
f 1277 1291 1321
f 1277 1321 1322
f 1277 1322 1319
f 1278 1315 1279
f 1279 1315 1323
f 1279 1323 1280
f 1280 1323 1324
f 1280 1324 1281
f 1281 1324 1282
f 1282 1324 1325
f 1282 1325 1283
f 1283 1325 1326
f 1283 1326 1327
f 1283 1327 1328
f 1283 1328 1284
f 1284 1328 1285
f 1285 1328 1329
f 1286 1330 1331
f 1286 1331 1287
f 1287 1331 1332
f 1287 1332 1289
f 1287 1289 1288
f 1289 1321 1291
f 1289 1291 1290
f 1289 1332 1333
f 1289 1333 1334
f 1289 1334 1335
f 1289 1335 1336
f 1289 1336 1337
f 1289 1337 1338
f 1289 1338 1339
f 1289 1339 1321
f 1293 1294 1297
f 1294 1318 1340
f 1294 1340 1297
f 1296 1341 1298
f 1296 1297 1342
f 1296 1342 1343
f 1296 1343 1341
f 1297 1340 1344
f 1297 1344 1345
f 1297 1345 1342
f 1298 1341 1301
f 1298 1301 1299
f 1301 1341 1343
f 1301 1343 1302
f 1302 1343 1346
f 1302 1346 1307
f 1304 1307 1305
f 1305 1347 1348
f 1305 1348 1349
f 1305 1349 1306
f 1305 1307 1347
f 1306 1349 1308
f 1307 1346 1347
f 1308 1349 1350
f 1308 1350 1309
f 1309 1312 1310
f 1309 1350 1351
f 1309 1351 1352
f 1309 1352 1312
f 1312 1352 1353
f 1312 1353 1313
f 1313 1353 1314
f 1314 1353 1315
f 1315 1353 1354
f 1315 1354 1323
f 1316 1340 1318
f 1316 1317 1340
f 1317 1320 1355
f 1317 1355 1356
f 1317 1356 1340
f 1319 1339 1320
f 1319 1322 1339
f 1320 1339 1355
f 1321 1339 1322
f 1323 1354 1357
f 1323 1357 1324
f 1324 1357 1325
f 1325 1358 1326
f 1325 1357 1359
f 1325 1359 1358
f 1326 1360 1361
f 1326 1361 1327
f 1326 1358 1360
f 1327 1361 1362
f 1327 1362 1363
f 1327 1363 1329
f 1327 1329 1328
f 1330 1364 1365
f 1330 1365 1332
f 1330 1332 1331
f 1332 1365 1366
f 1332 1366 1367
f 1332 1367 1333
f 1333 1367 1368
f 1333 1368 1369
f 1333 1369 1334
f 1334 1369 1370
f 1334 1370 1335
f 1335 1370 1371
f 1335 1371 1372
f 1335 1372 1336
f 1336 1372 1373
f 1336 1373 1374
f 1336 1374 1337
f 1337 1374 1338
f 1338 1374 1375
f 1338 1375 1339
f 1339 1376 1377
f 1339 1377 1355
f 1339 1375 1376
f 1340 1356 1378
f 1340 1378 1344
f 1342 1345 1379
f 1342 1379 1380
f 1342 1380 1343
f 1343 1380 1381
f 1343 1381 1346
f 1344 1378 1382
f 1344 1382 1380
f 1344 1380 1345
f 1345 1380 1379
f 1346 1381 1347
f 1347 1383 1348
f 1347 1381 1380
f 1347 1380 1383
f 1348 1383 1384
f 1348 1384 1349
f 1349 1384 1350
f 1350 1384 1385
f 1350 1385 1386
f 1350 1386 1387
f 1350 1387 1351
f 1351 1353 1352
f 1351 1387 1388
f 1351 1388 1354
f 1351 1354 1353
f 1354 1388 1389
f 1354 1389 1357
f 1355 1377 1378
f 1355 1378 1356
f 1357 1389 1390
f 1357 1390 1391
f 1357 1391 1359
f 1358 1392 1360
f 1358 1359 1393
f 1358 1393 1392
f 1359 1391 1393
f 1360 1392 1394
f 1360 1394 1395
f 1360 1395 1361
f 1361 1395 1396
f 1361 1396 1362
f 1364 1397 1398
f 1364 1398 1365
f 1365 1398 1366
f 1366 1399 1367
f 1366 1398 1399
f 1367 1400 1370
f 1367 1370 1368
f 1367 1399 1400
f 1368 1370 1369
f 1370 1400 1401
f 1370 1401 1371
f 1371 1402 1372
f 1371 1401 1403
f 1371 1403 1402
f 1372 1402 1404
f 1372 1404 1373
f 1373 1404 1405
f 1373 1405 1406
f 1373 1406 1374
f 1374 1406 1407
f 1374 1407 1375
f 1375 1407 1376
f 1376 1407 1377
f 1377 1408 1378
f 1377 1407 1409
f 1377 1409 1408
f 1378 1408 1382
f 1380 1382 1408
f 1380 1408 1383
f 1383 1408 1410
f 1383 1410 1384
f 1384 1410 1385
f 1385 1410 1386
f 1386 1410 1411
f 1386 1411 1387
f 1387 1411 1405
f 1387 1405 1412
f 1387 1412 1388
f 1388 1412 1389
f 1389 1413 1390
f 1389 1412 1413
f 1390 1413 1414
f 1390 1414 1391
f 1391 1414 1393
f 1392 1393 1415
f 1392 1415 1416
f 1392 1416 1417
f 1392 1417 1418
f 1392 1418 1419
f 1392 1419 1394
f 1393 1414 1415
f 1397 1420 1421
f 1397 1421 1398
f 1398 1422 1423
f 1398 1423 1399
f 1398 1421 1422
f 1399 1423 1401
f 1399 1401 1400
f 1401 1423 1424
f 1401 1424 1403
f 1402 1414 1413
f 1402 1413 1404
f 1402 1403 1415
f 1402 1415 1414
f 1403 1424 1417
f 1403 1417 1416
f 1403 1416 1415
f 1404 1413 1405
f 1405 1411 1407
f 1405 1407 1406
f 1405 1413 1412
f 1407 1411 1409
f 1408 1409 1411
f 1408 1411 1410
f 1417 1424 1425
f 1417 1425 1426
f 1417 1426 1419
f 1417 1419 1418
f 1419 1426 1427
f 1420 1427 1426
f 1420 1426 1421
f 1421 1426 1422
f 1422 1425 1423
f 1422 1426 1425
f 1423 1425 1424

