# https://github.com/mikedh/trimesh
mtllib material.mtl

o geometry_0
usemtl material_0
v 0.01962011 0.01251099 0.00370365
v 0.01023281 0.01280659 0.00343946
v 0.01481453 0.01257804 0.00392317
v 0.01593858 0.01305304 0.00133271
v 0.00754478 0.01316683 0.00181848
v 0.00482325 0.01281440 0.00390180
v 0.01231124 0.01338554 -0.00023156
v 0.00645586 0.01349482 -0.00044109
v 0.01993909 0.01314447 -0.00014910
v 0.03219408 0.01285174 0.00001460
v 0.02264296 0.01243169 0.00366896
v 0.03193995 0.01223146 0.00363767
v 0.03558149 0.01279680 -0.00014367
v 0.04253942 0.01216853 0.00353669
v 0.04256303 0.01268714 -0.00019105
v 0.04747190 0.01216788 0.00351487
v 0.04848756 0.01254278 0.00015981
v 0.00304073 0.01338514 0.00155049
v 0.00019115 0.01303335 0.00363909
v 0.05289421 0.01220242 0.00361260
v -0.00334390 0.01409820 -0.00071058
v -0.00177968 0.01358784 0.00190361
v -0.01141177 0.01409612 0.00200795
v -0.01050712 0.01454541 -0.00129040
v -0.01544825 0.01478588 -0.00139285
v -0.01852811 0.01436032 0.00199054
v -0.02414952 0.01462465 0.00216362
v -0.02361117 0.01516248 -0.00159662
v -0.02834899 0.01488298 0.00214207
v -0.02702728 0.01534597 -0.00160510
v -0.03143453 0.01506490 0.00191745
v -0.03202433 0.01545783 -0.00124588
v -0.03139607 0.01550225 -0.00164550
v -0.00302843 0.01286715 0.00453426
v -0.03206581 0.01491502 0.00251574
v 0.02385521 0.01305641 -0.00032602
v -0.00967225 0.01313014 0.00466449
v 0.05351081 0.01251018 0.00014261
v 0.05939885 0.01243687 0.00020076
v 0.06179511 0.01208441 0.00363624
v 0.06180515 0.01153347 0.00560872
v 0.06373604 0.01169867 0.00499208
v 0.06369196 0.01204062 0.00314636
v 0.06368057 0.01119467 0.00697033
v 0.06360660 0.01225747 0.00048041
v 0.05951898 0.01108610 0.00715867
v 0.05297296 0.01113223 0.00705540
v 0.03944758 0.01153847 0.00531273
v -0.01933888 0.01336349 0.00493160
v -0.02744270 0.01359696 0.00538757
v -0.03031240 0.01389360 0.00503096
v 0.04565876 0.01101567 0.00701998
v 0.02257827 0.01210258 0.00449571
v 0.03383823 0.01095086 0.00677974
v 0.03956673 0.01091406 0.00688948
v -0.03204984 0.01398709 0.00485063
v 0.02854666 0.01095560 0.00697548
v 0.02140238 0.01099588 0.00708090
v 0.01376770 0.01118671 0.00703555
v 0.00465792 0.01196773 0.00576290
v 0.06372010 0.01016382 0.00911357
v 0.00401095 0.01122830 0.00726789
v -0.00338461 0.01145789 0.00716114
v -0.00834227 0.01183406 0.00676669
v 0.05882291 0.01045184 0.00833481
v 0.06370420 0.00881346 0.01152184
v -0.03162439 0.01321242 0.00621491
v -0.01827741 0.01203757 0.00698846
v -0.02477949 0.01234808 0.00699369
v 0.05820072 0.00861437 0.01135816
v 0.05356812 0.01005849 0.00877599
v 0.04510560 0.00959907 0.00902175
v 0.03761557 0.00986584 0.00827765
v 0.03466771 0.01052877 0.00737776
v 0.04961864 0.00845581 0.01102249
v -0.00858614 0.01072885 0.00839748
v -0.02245614 0.01097978 0.00872551
v -0.01464413 0.01088781 0.00846834
v -0.03075199 0.01138312 0.00869886
v -0.03198716 0.01240999 0.00736278
v -0.02678287 0.01106800 0.00884519
v 0.04086119 0.00838607 0.01038918
v 0.03631530 0.00838854 0.01013311
v 0.03078063 0.00950423 0.00872653
v 0.02169626 0.00978904 0.00865350
v 0.00659833 0.01013046 0.00862057
v 0.01308070 0.01000548 0.00858452
v -0.00240469 0.01034063 0.00852785
v -0.01985352 0.01502705 -0.00154809
v 0.02895907 0.00820380 0.01025528
v -0.03215796 0.01149320 0.00842794
v 0.01413121 0.00839856 0.01030097
v 0.02235503 0.00826714 0.01026670
v -0.00412101 0.00883806 0.01005752
v 0.05361844 0.00826297 0.01144628
v -0.03200671 0.01060136 0.00934622
v 0.04183348 0.00781442 0.01102963
v 0.03592255 0.00792148 0.01054448
v -0.01698555 0.01061186 0.00882174
v -0.01176260 0.00851851 0.01040617
v 0.00012052 0.00841284 0.01040378
v 0.06202520 0.00778613 0.01233055
v 0.06382317 0.00549434 0.01454681
v -0.02563819 0.00881010 0.01051466
v 0.06114837 0.00460739 0.01488431
v 0.05717622 0.00646795 0.01304327
v 0.05535006 0.00435467 0.01452025
v 0.04882761 0.00607002 0.01275752
v 0.03975264 0.00696812 0.01150292
v -0.03032779 0.00852583 0.01082391
v -0.03196218 0.00926075 0.01035188
v 0.03028044 0.00691897 0.01113632
v 0.01981213 0.00723639 0.01099872
v 0.03597913 0.00647506 0.01154760
v 0.04614995 0.00378463 0.01408260
v 0.04127541 0.00539946 0.01264728
v 0.00056975 0.00760259 0.01091215
v -0.02043941 0.00813654 0.01081764
v -0.01017173 0.00677140 0.01143110
v 0.00239137 0.00674183 0.01141279
v 0.05334892 0.00389275 0.01463351
v 0.06384756 0.00411323 0.01538498
v 0.03555967 0.00491769 0.01244949
v 0.04139369 0.00386792 0.01357558
v 0.02964531 0.00564623 0.01185301
v 0.01619545 0.00606105 0.01169373
v -0.03208582 0.00720149 0.01152776
v -0.02714698 0.00708558 0.01151665
v -0.01793417 0.00692247 0.01145047
v 0.06012420 0.00358771 0.01526823
v 0.03539141 0.00344715 0.01319023
v 0.03189803 0.00316692 0.01308345
v 0.00211462 0.00585239 0.01185955
v 0.02877296 0.00350472 0.01286755
v 0.06382242 0.00231075 0.01626523
v 0.01632407 0.00479771 0.01229378
v 0.02481094 0.00368519 0.01278394
v 0.00409144 0.00482790 0.01229874
v -0.00931128 0.00524786 0.01212585
v -0.01932871 0.00581267 0.01195506
v -0.02808440 0.00629706 0.01190150
v 0.04456790 0.00335693 0.01412377
v -0.03208683 0.00505628 0.01244783
v 0.00743731 0.00393903 0.01263915
v -0.00161254 0.00360909 0.01273717
v -0.01694103 0.00351676 0.01273924
v -0.02799908 0.00436174 0.01263330
v -0.02096164 0.00415332 0.01258252
v 0.03925790 0.00277700 0.01382019
v 0.05827745 0.00139212 0.01591015
v 0.05224450 0.00149336 0.01532473
v 0.06385152 0.00025232 0.01700142
v 0.06067226 -0.00147581 0.01714207
v 0.06328940 -0.00148127 0.01752066
v 0.05630290 -0.00001356 0.01615304
v -0.03214802 0.00400719 0.01276150
v -0.02656206 0.00326783 0.01287889
v 0.04591204 0.00068429 0.01502406
v 0.06381008 -0.00129638 0.01744029
v 0.00787563 0.00345945 0.01277146
v 0.02037768 0.00341964 0.01281762
v -0.03220701 0.00817721 0.01083895
v 0.06372626 0.00901602 0.01119194
v 0.05152605 -0.00156316 0.01606510
v 0.04515991 -0.00142476 0.01548566
v 0.05708343 -0.00155859 0.01667433
v 0.03517428 0.00228833 0.01347189
v 0.04124760 -0.00119467 0.01500031
v -0.03226778 0.00236381 0.01302847
v 0.03050454 0.00152797 0.01331012
v 0.03719085 -0.00098404 0.01441827
v -0.03217225 0.01279262 0.00649292
v 0.02357280 0.00001985 0.01342146
v 0.03430543 -0.00085964 0.01393978
v -0.00292741 0.00045288 0.01318877
v -0.00712044 0.00295124 0.01283646
v -0.00886531 0.00049598 0.01315387
v -0.01799746 0.00266887 0.01288499
v -0.01844280 0.00048613 0.01316294
v -0.02714534 0.00144170 0.01309695
v -0.03211166 0.00043301 0.01326778
v 0.00714664 0.00041420 0.01322993
v 0.01664014 0.00033297 0.01330783
v -0.02763194 0.00052013 0.01323807
v 0.03093607 -0.00060346 0.01365611
v 0.02799283 -0.00032232 0.01351744
v -0.02880820 -0.00237622 0.01286670
v -0.01685289 -0.00203737 0.01280285
v -0.00809098 -0.00259037 0.01269477
v 0.00174767 -0.00254700 0.01272219
v 0.01590620 -0.00213793 0.01285869
v -0.03210540 -0.00293792 0.01277702
v 0.02086417 -0.00284052 0.01280622
v 0.01362865 -0.00295730 0.01266852
v -0.01773608 -0.00262399 0.01268225
v -0.03225952 -0.00186122 0.01286593
v 0.02798573 -0.00288206 0.01292148
v -0.00002320 -0.00303472 0.01259383
v 0.03027660 -0.00311844 0.01295074
v 0.02461017 -0.00346143 0.01265405
v 0.06378133 -0.00380612 0.01685879
v -0.03031440 -0.00381030 0.01248791
v 0.03435352 -0.00287165 0.01334557
v 0.03772634 -0.00286435 0.01388928
v -0.02580192 -0.00437723 0.01216659
v 0.04307352 -0.00251716 0.01482190
v 0.06114741 -0.00395936 0.01638420
v -0.03224062 -0.00433842 0.01227558
v 0.05737204 -0.00354806 0.01601049
v 0.05152012 -0.00339171 0.01540331
v 0.03420728 -0.00450790 0.01274098
v 0.02887108 -0.00409909 0.01250457
v -0.01858144 -0.00420872 0.01210004
v -0.00843544 -0.00418235 0.01208847
v 0.03707098 -0.00469189 0.01309312
v 0.04438632 -0.00483404 0.01405944
v 0.06370696 -0.00618706 0.01589682
v 0.05787416 -0.00613921 0.01494280
v -0.00098446 -0.00422816 0.01207281
v 0.02187204 -0.00476580 0.01193284
v 0.00958681 -0.00423537 0.01209132
v 0.05077563 -0.00560434 0.01435713
v -0.03220664 -0.00559666 0.01172330
v -0.02909174 -0.00610868 0.01147985
v -0.01876367 -0.00583804 0.01134110
v 0.02513356 -0.00584511 0.01139432
v 0.01238906 -0.00583682 0.01128551
v -0.00281633 -0.00588724 0.01125740
v 0.03040091 -0.00577227 0.01166959
v 0.03442958 -0.00580272 0.01200400
v -0.03221740 -0.00705451 0.01092130
v 0.04802586 -0.00856428 0.01227696
v 0.04399265 -0.00762336 0.01234912
v 0.06375527 -0.00677137 0.01555789
v -0.03144258 -0.00258874 -0.00220319
v -0.03145302 -0.00239359 -0.00058159
v -0.03146530 -0.00091142 -0.00165415
v -0.03146530 -0.00100738 0.00011478
v -0.03145155 -0.00260233 0.00113360
v -0.03144442 -0.00413583 0.00011178
v -0.03145899 -0.00376053 0.00180836
v -0.03144967 -0.00301968 0.00275813
v -0.03144264 -0.00165288 0.00217402
v -0.03145174 -0.00243074 0.00376749
v -0.03144739 -0.00364564 0.00429201
v -0.03144571 -0.00312048 0.00535867
v -0.03143546 -0.00421819 -0.00145608
v -0.03142125 -0.00625336 -0.00089143
v -0.03142260 -0.00535229 -0.00173290
v -0.03139556 -0.00703939 -0.00256117
v -0.03141054 -0.00770926 -0.00087746
v -0.03138554 -0.00836982 -0.00202518
v -0.03141109 -0.00558532 -0.00285118
v -0.03143211 -0.00400762 -0.00289523
v -0.03142106 -0.00486520 -0.00434556
v -0.03144196 -0.00315521 -0.00380085
v -0.03144261 -0.00136499 -0.00313276
v -0.03145040 -0.00240846 -0.00474482
v -0.03144502 -0.00114055 -0.00466622
v -0.03145743 -0.00176737 -0.00572714
v -0.03145117 -0.00409301 -0.00537456
v -0.03137991 -0.00649498 -0.00476689
v -0.03139353 -0.00730312 -0.00368709
v -0.03148510 0.00065909 -0.00291558
v -0.03146094 0.00009274 -0.00444793
v -0.03145688 -0.00033846 -0.00340868
v -0.03149817 0.00129140 -0.00408995
v -0.03152138 0.00187742 -0.00250134
v -0.03150025 0.00102433 -0.00124810
v -0.03154346 0.00271084 -0.00381084
v -0.03152110 0.00213048 -0.00539384
v -0.03156650 0.00352460 -0.00517660
v -0.03154500 0.00294989 -0.00675399
v -0.03149865 0.00157542 -0.00691497
v -0.03147486 0.00073070 -0.00561670
v -0.03145765 0.00024093 -0.00714363
v -0.03142776 -0.00067473 -0.00584516
v -0.03143069 -0.00091330 -0.00750015
v -0.03144655 -0.00017790 -0.00867075
v -0.03142484 -0.00126684 -0.00903307
v -0.03141776 -0.00188726 -0.00798453
v -0.03141577 -0.00237651 -0.00917203
v -0.03141021 -0.00173537 -0.01044394
v -0.03141531 -0.00325169 -0.00766450
v -0.03141933 -0.00350690 -0.00908761
v -0.03142819 -0.00494050 -0.00787921
v -0.03143247 -0.00553363 -0.00915438
v -0.03144277 -0.00637326 -0.00803369
v -0.03143678 -0.00603617 -0.00681874
v -0.03143442 -0.00446029 -0.00661927
v -0.03145212 -0.00715644 -0.00708322
v -0.03145906 -0.00754997 -0.00812795
v -0.03145693 -0.00686805 -0.00919903
v -0.03144130 -0.00303736 -0.00625540
v -0.03144388 -0.00274041 -0.01098523
v -0.03143533 -0.00057142 -0.01013600
v -0.03146582 0.00063249 -0.00989574
v -0.03144924 0.00019900 -0.01129332
v -0.03150167 0.00187639 -0.00972316
v -0.03148229 0.00109130 -0.00843629
v -0.03152339 0.00240048 -0.00826951
v -0.03156985 0.00374964 -0.00817040
v -0.03158369 0.00435976 -0.00687648
v -0.03160866 0.00513420 -0.00835476
v -0.03161473 0.00580504 -0.00728243
v -0.03164139 0.00584792 -0.00961146
v -0.03160498 0.00447282 -0.00943805
v -0.03169326 0.00753704 -0.00865208
v -0.03159362 0.00610116 -0.00555382
v -0.03163630 0.00804260 -0.00705925
v -0.03161420 0.00801626 -0.00547775
v -0.03157805 0.00673626 -0.00442560
v -0.03155841 0.00314898 -0.00947528
v -0.03160371 0.00382090 -0.01053228
v -0.03154686 0.00257363 -0.01071829
v -0.03153520 0.00202359 -0.01189942
v -0.03157461 0.00402054 -0.00352256
v -0.03158392 0.00494875 -0.00465184
v -0.03159163 0.00522049 -0.00322512
v -0.03159590 0.00464587 -0.00182142
v -0.03156570 0.00331652 -0.00216596
v -0.03159890 0.00588083 -0.00164784
v -0.03158147 0.00632604 -0.00309865
v -0.03157471 0.00702138 -0.00164523
v -0.03160165 0.00677324 -0.00032503
v -0.03163035 0.00540061 -0.00007317
v -0.03164423 0.00631752 0.00112389
v -0.03167461 0.00489844 0.00157358
v -0.03170244 0.00565420 0.00270154
v -0.03168230 0.00735064 0.00242701
v -0.03176299 0.00728594 0.00461422
v -0.03176412 0.00897528 0.00443093
v -0.03180423 0.00831090 0.00604046
v -0.03159988 0.00789774 0.00074330
v -0.03150759 0.00007413 0.00003473
v -0.03142262 -0.00554139 -0.00565340
v -0.03142573 -0.00680478 -0.00596286
v -0.03160528 0.00375791 -0.00058355
v -0.03156192 0.00229915 -0.00097520
v -0.03164707 0.00386591 0.00083588
v -0.03161980 0.00255660 0.00048846
v -0.03169105 0.00364050 0.00209236
v -0.03155909 0.00126212 0.00015930
v -0.03155723 0.00020544 0.00123753
v -0.03146518 -0.00199371 0.00483646
v -0.03142652 -0.00430949 0.00328147
v -0.03140323 -0.00408544 -0.01045737
v -0.03140586 -0.00748434 0.00019128
v -0.03148577 -0.00239134 0.00651349
v -0.03138659 -0.00659258 0.00064184
v -0.03137151 -0.00769509 0.00118103
v -0.03137615 -0.00643356 0.00251248
v -0.03140512 -0.00837501 -0.00373320
v -0.03142320 -0.00426270 0.00580095
v -0.03142455 -0.00372209 0.00694754
v -0.03146087 -0.00305673 0.00815966
v -0.03141853 -0.00441183 0.00853871
v -0.03142092 -0.00488865 0.00733483
v -0.03139767 -0.00542036 0.00616330
v -0.03136831 -0.00602467 0.00502398
v -0.03140607 -0.00486277 0.00473312
v -0.03137316 -0.00552229 0.00374406
v -0.03133409 -0.00713134 0.00516460
v -0.03136701 -0.00582930 0.00163592
v -0.03139972 -0.00503737 0.00239611
v -0.03134175 -0.00650959 0.00637193
v -0.03129348 -0.00697705 0.00778790
v -0.03134179 -0.00858768 0.00606999
v -0.03147343 0.00089285 -0.01230187
v -0.03147702 -0.00037108 -0.01274990
v -0.03138827 -0.00794909 0.00215747
v -0.03137204 -0.00875015 0.00144774
v -0.03136923 -0.00945543 0.00311470
v -0.03137837 -0.00824662 0.00378712
v -0.03137993 -0.00723933 0.00322955
v -0.03139048 -0.00398988 0.00977495
v -0.03140191 -0.00849139 -0.00732799
v -0.03142483 -0.00850458 0.00028423
v -0.03146592 -0.00945428 -0.00018307
v -0.03144054 -0.00552351 0.00889365
v -0.03146050 -0.00788318 -0.00630296
v -0.03143585 0.00045597 -0.01371286
v -0.03145696 0.00150974 -0.01359758
v -0.03151519 0.00268420 -0.01352275
v -0.03187581 0.01027455 0.00593858
v -0.03148048 -0.00247850 0.01034468
v -0.03175327 0.00591488 0.00538502
v -0.03171399 0.00427604 0.00356358
v -0.03172674 0.00364115 0.00507639
v -0.03170771 0.00193587 0.00392576
v -0.03171605 0.00234104 0.00540776
v -0.03168034 0.00028671 0.00542705
v -0.03166724 0.00042963 0.00680539
v -0.03175020 0.00430636 0.00625783
v -0.03178282 0.00618266 0.00797725
v -0.03177389 0.00737222 0.00756858
v -0.03175380 0.00246038 0.00723266
v -0.03181699 0.00416630 0.00858786
v -0.03177559 0.00188049 0.00849234
v -0.03169039 0.00031860 0.00864107
v -0.03156757 -0.00145821 0.00775648
v -0.03157103 -0.00105507 0.00600666
v -0.03159929 -0.00132769 0.00967841
v -0.03156931 -0.00068179 0.00427463
v -0.03172879 0.00124486 0.00278666
v -0.03168126 0.00519010 -0.01075533
v -0.03166807 0.00373840 -0.01226223
v -0.03134666 -0.00907150 -0.00295489
v -0.03135187 -0.01010990 -0.00159289
v -0.03144133 -0.00763277 -0.00530322
v -0.03148417 -0.00890547 -0.00590280
v -0.03148357 -0.00852016 -0.00483982
v -0.03140556 -0.00981862 -0.00434019
v -0.03145345 -0.00940554 0.00509749
v -0.03151873 0.00820793 -0.00281824
v -0.03151575 0.00892726 -0.00043692
v -0.03158970 0.00989509 -0.00238040
v -0.03159416 0.01122505 -0.00102752
v -0.03154835 0.01041425 0.00092317
v -0.03160060 0.00922578 0.00146882
v -0.03165355 0.00936535 0.00274000
v -0.03156517 0.01129315 0.00219681
v -0.03149287 0.01192843 0.00124807
v -0.03147576 0.01295013 0.00046645
v -0.03145449 0.01242090 0.00235458
v -0.03151802 -0.00863442 -0.00930216
v -0.03147926 -0.00752053 -0.01031478
v -0.03149463 -0.00646604 -0.01019474
v -0.03146929 -0.00532101 -0.01024227
v -0.03169265 0.01104430 0.00331268
v -0.03142629 -0.01032288 0.00365547
v -0.03154595 -0.00176819 -0.01324353
v -0.03151820 -0.00240042 -0.01205439
v -0.03159844 -0.00369769 -0.01247572
v -0.03124933 -0.01046968 -0.00310629
v -0.03134959 -0.01048725 -0.00424670
v -0.03130303 -0.00979679 0.00190151
v -0.03150842 -0.01031307 -0.00656562
v -0.03148378 -0.01046602 -0.00507445
v -0.03156242 -0.00033838 0.00256039
v -0.03196992 0.01134663 0.00484345
v -0.03174981 -0.00004636 0.01093408
v -0.03194772 0.00837235 0.00801028
v -0.03179867 0.00590146 -0.01212224
v -0.03180613 0.00802640 -0.01028956
v -0.03180209 0.00872060 -0.00928554
v -0.03174873 0.00659193 -0.01067442
v -0.03180512 0.00931963 -0.00797410
v -0.03146240 0.00896026 -0.00359218
v -0.03136700 -0.00498734 -0.01177379
v -0.03188259 0.00286248 0.00960328
v -0.03197961 0.00227120 0.01102349
v -0.03191435 0.00385587 0.01055368
v -0.03195283 0.00583990 0.00979747
v -0.03157217 -0.00634395 -0.01111505
v -0.03180855 0.00970574 -0.00642227
v -0.03162825 0.00926990 -0.00494839
v -0.03194935 0.01128612 -0.00796433
v -0.03194173 0.01219149 -0.00636954
v -0.03174313 0.01058307 -0.00468149
v -0.03195844 0.01308320 -0.00403001
v -0.03179095 0.01179776 -0.00311208
v -0.03195387 0.01010887 -0.00938161
v -0.03128616 -0.01004100 -0.00755307
v -0.03195201 0.01334983 -0.00171405
v -0.03149577 -0.01040667 -0.00574298
v -0.03155919 -0.01105774 -0.00583589
v -0.03144806 -0.01124707 -0.00455882
v -0.03199535 0.00882104 -0.01074391
v -0.03192697 0.00491131 -0.01346237
v -0.03202974 0.00750755 -0.01211437
v -0.03197593 0.00608109 -0.01291054
v -0.03211496 0.00847586 -0.01289176
v -0.03206957 0.00488092 -0.01456294
v -0.03212306 0.01011945 -0.01034892
v -0.03207556 0.01132584 -0.01134862
v -0.03216048 0.01222471 -0.00929397
v -0.03211740 0.01263580 -0.00727508
v -0.03212137 0.01395598 -0.00612738
v -0.03210295 0.01382540 -0.00383464
v -0.03211974 0.01493322 -0.00369609
v -0.03217192 0.01508719 -0.00052784
v -0.03216615 0.01428558 0.00324597
v -0.03190600 0.00672873 -0.01527581
v -0.03193316 0.00974556 -0.01328618
v -0.03205969 0.00523007 -0.01523526
v -0.03206174 0.00317241 -0.01594315
v -0.03210817 -0.00190476 -0.01502466
v -0.03206346 -0.00320167 -0.01568089
v -0.03214591 -0.00665888 -0.01413050
v -0.03213493 -0.00447277 -0.01300300
v -0.03216496 -0.00688127 -0.01208201
v -0.03221245 -0.00867880 -0.01265917
v -0.03217499 -0.00902619 -0.01025163
v -0.03222033 -0.01126496 -0.01038009
v -0.03215346 -0.01139446 -0.00793674
v -0.03217427 -0.01293220 -0.00788337
v -0.03217297 -0.01248059 -0.00535418
v -0.03221401 -0.01357870 -0.00584762
v -0.03216378 -0.01280636 -0.00008804
v -0.03219784 -0.01407033 0.00059497
v -0.03223587 -0.01344953 0.00267902
v -0.03216531 -0.01202314 0.00280422
v -0.03220588 -0.01273196 0.00446619
v -0.03217924 -0.01039605 0.00589092
v -0.03219266 -0.01192817 0.00588447
v -0.03218294 -0.00527147 0.01064519
v -0.03221740 -0.00705451 0.01092130
v -0.03220664 -0.00559666 0.01172330
v -0.03217448 -0.00748578 0.00890857
v -0.03220424 -0.01000727 0.00848832
v -0.03217448 -0.00908593 0.00740888
v -0.03224062 -0.00433842 0.01227558
v -0.03204768 -0.00080945 0.01120091
v -0.03225952 -0.00186122 0.01286593
v -0.03215610 -0.01409499 -0.00404365
v -0.03212333 0.00180254 0.01165296
v -0.03226778 0.00236381 0.01302847
v -0.03223287 0.00481481 0.01232039
v -0.03216334 0.00499604 0.01104009
v -0.03215854 0.00737863 0.00959630
v -0.03220701 0.00817721 0.01083895
v -0.03220411 0.00974046 0.00858269
v -0.03215796 0.01149320 0.00842794
v -0.03217225 0.01279262 0.00649292
v -0.03212176 0.01046825 0.00683561
v -0.03213272 0.01218975 0.00480183
v -0.03215147 0.01333870 0.00362416
v -0.03198548 0.01340423 0.00060750
v -0.03205096 0.01386458 -0.00775943
v -0.03195633 0.00249786 -0.01409875
v -0.03192311 0.00067414 -0.01417060
v -0.03197546 -0.00194348 -0.01355294
v -0.03141208 -0.01142514 -0.00255321
v -0.03197810 0.01282897 -0.00974471
v -0.03192876 0.01218490 0.00359452
v -0.03123196 -0.01074296 -0.00006659
v -0.03111866 -0.01140220 -0.00088474
v -0.03111130 -0.01137241 0.00086803
v -0.03152122 -0.01133852 -0.00336797
v -0.03163741 -0.01099673 0.00254190
v -0.03196440 0.01288471 0.00252398
v -0.03198879 -0.01070861 -0.00715816
v -0.03199332 -0.00993078 -0.00825408
v -0.03200207 -0.00355511 -0.01276606
v -0.03197073 0.00113388 -0.01628368
v -0.03198048 -0.00842304 0.00678923
v -0.03196373 -0.00746423 0.00791469
v -0.03199954 -0.01175241 -0.00416946
v -0.03199942 -0.01133712 -0.00603270
v -0.03206581 0.01491502 0.00251574
v -0.03196436 -0.00520220 0.00953661
v -0.03196147 -0.00308971 0.01060788
v -0.03200466 -0.01080750 0.00359063
v -0.03196823 -0.00956201 0.00555479
v -0.03198558 -0.00553512 -0.01188703
v -0.03201126 -0.00704916 -0.01097918
v -0.03199659 -0.00810840 -0.01015301
v -0.03198611 -0.00923336 -0.00894617
v -0.03194242 -0.00669534 0.00847607
v -0.03192059 -0.01183155 -0.00079073
v -0.03201769 -0.01205048 0.00101270
v -0.03204984 0.01398709 0.00485063
v -0.03187750 0.00562368 -0.01565978
v -0.03202433 0.01545783 -0.00124588
v -0.03193462 0.01488095 -0.00549236
v -0.03211166 0.00043301 0.01326778
v -0.03214802 0.00400719 0.01276150
v -0.03195400 -0.00185789 -0.01602062
v -0.03189285 0.00351943 -0.01618378
v -0.03208582 0.00720149 0.01152776
v -0.03209203 -0.01380701 -0.00576971
v -0.03206465 -0.01426967 -0.00166471
v -0.03209221 -0.00815478 -0.01324249
v -0.03189554 0.01166286 -0.01139656
v -0.03208683 0.00505628 0.01244783
v -0.03206530 -0.01003764 -0.01172384
v -0.03210540 -0.00293792 0.01277702
v -0.03210635 -0.00829360 0.01004956
v -0.03151720 -0.01149966 0.00098118
v -0.03197895 -0.00505245 -0.01499569
v -0.03196218 0.00926075 0.01035188
v -0.03200671 0.01060136 0.00934622
v 0.02089524 -0.01186870 0.00395431
v 0.01943740 -0.01103944 0.00565406
v 0.01039933 -0.01092158 0.00560309
v 0.01052228 -0.01165591 0.00404855
v 0.00459986 -0.01049416 0.00645261
v 0.02796443 -0.01095663 0.00632718
v 0.02948610 -0.01197726 0.00439810
v 0.02277177 -0.01040435 0.00701296
v 0.01067664 -0.01017627 0.00702558
v 0.03238303 -0.01100131 0.00677911
v 0.03505069 -0.01217380 0.00470961
v 0.00532346 -0.01166249 0.00410374
v -0.00727387 -0.01049638 0.00681394
v -0.00378048 -0.01164055 0.00448110
v -0.00133533 -0.01017059 0.00712267
v -0.01747939 -0.01181001 0.00493231
v -0.01844636 -0.01076310 0.00678122
v 0.02789449 -0.01047272 0.00713926
v -0.02337113 -0.01214577 0.00486233
v -0.02363572 -0.01103642 0.00676573
v -0.02981104 -0.01135312 0.00667660
v -0.03219266 -0.01192817 0.00588447
v -0.01797666 -0.01205344 0.00445006
v -0.01047875 -0.01176942 0.00464138
v -0.03220588 -0.01273196 0.00446619
v -0.02636079 -0.01255766 0.00423613
v -0.03215103 -0.01307812 0.00361618
v -0.02937195 -0.01340534 0.00258410
v -0.03213587 -0.01052829 0.00786833
v -0.03223587 -0.01344953 0.00267902
v -0.02450034 -0.01313774 0.00250096
v -0.01109520 -0.01009943 0.00743588
v -0.02381582 -0.01029805 0.00772970
v -0.01828104 -0.01007122 0.00764824
v -0.00517672 -0.00876959 0.00888518
v 0.00960681 -0.00878185 0.00874503
v 0.01607222 -0.00885108 0.00875669
v 0.02764802 -0.00978354 0.00790977
v 0.03410167 -0.00966581 0.00859319
v 0.03464878 -0.01136968 0.00651386
v -0.01834783 -0.00894767 0.00892960
v -0.03220424 -0.01000727 0.00848832
v 0.02694395 -0.00885147 0.00896463
v 0.03594114 -0.00999139 0.00860230
v 0.03724898 -0.01172043 0.00668462
v 0.03999321 -0.01205595 0.00684409
v 0.03785777 -0.00822112 0.01103696
v 0.04360666 -0.00928141 0.01093300
v 0.04576030 -0.01154780 0.00853207
v 0.04354827 -0.01240707 0.00701075
v 0.04801085 -0.01268873 0.00738452
v 0.04811704 -0.01029687 0.01040271
v 0.05184879 -0.01281516 0.00758088
v 0.05398584 -0.01071873 0.01051037
v 0.05649457 -0.01166940 0.00957995
v 0.05564486 -0.01282641 0.00791957
v 0.05896759 -0.01258457 0.00862352
v 0.06038158 -0.01306350 0.00757825
v 0.06040056 -0.01141822 0.01049633
v 0.06194950 -0.01255603 0.00913889
v 0.06361839 -0.01254719 0.00955918
v 0.06364390 -0.01116447 0.01164744
v -0.01762529 -0.01281157 0.00233459
v -0.00466410 -0.01238383 0.00225182
v -0.01110104 -0.01256315 0.00247368
v 0.00084570 -0.01224853 0.00236039
v 0.06369188 -0.01340191 0.00698420
v 0.05587009 -0.01340673 0.00612208
v 0.06247216 -0.01386730 0.00506945
v 0.06363917 -0.01399739 0.00483926
v 0.03458420 -0.01241241 0.00382392
v -0.03219784 -0.01407033 0.00059497
v 0.05725130 -0.00954934 0.01250497
v 0.05366517 -0.01371300 0.00475660
v 0.04807235 -0.01348879 0.00448862
v 0.06017797 -0.00975887 0.01271995
v 0.06361136 -0.01017280 0.01301028
v 0.00900730 -0.01213813 0.00224398
v 0.04387642 -0.01305995 0.00488381
v 0.01753917 -0.01213630 0.00249755
v 0.02288587 -0.01233656 0.00198854
v 0.03090219 -0.01251451 0.00233220
v 0.03496365 -0.01281253 0.00198609
v 0.06133746 -0.01403538 0.00400839
v 0.04153972 -0.01326615 0.00301392
v 0.04583397 -0.01354950 0.00338337
v 0.01251743 -0.01253396 0.00046387
v 0.00749457 -0.01256618 0.00035635
v 0.00344332 -0.01265301 0.00037440
v -0.00302559 -0.01256314 0.00119475
v -0.00254058 -0.01274629 0.00046461
v -0.00877669 -0.01292386 0.00035732
v -0.03041114 -0.01410177 -0.00010435
v 0.01843450 -0.01252983 0.00048947
v -0.01603832 -0.01314329 0.00029218
v -0.02144402 -0.01340934 0.00014277
v -0.02676665 -0.01379836 -0.00034380
v 0.05433408 -0.01396816 0.00332181
v 0.02359961 -0.01260975 0.00030788
v 0.03408628 -0.01301269 0.00039881
v 0.03721233 -0.01318763 0.00061245
v 0.04230251 -0.01359856 0.00084543
v 0.04618390 -0.01384045 0.00120712
v 0.06362604 -0.01433201 0.00131675
v 0.05240952 -0.01407860 0.00126296
v 0.06051403 -0.01424660 0.00121110
v -0.03206465 -0.01426967 -0.00166471
v -0.03080684 -0.01422591 -0.00141417
v -0.01479547 -0.01322888 -0.00189887
v -0.00877525 -0.01302573 -0.00198980
v -0.01905119 -0.01337582 -0.00146609
v -0.02556963 -0.01372202 -0.00110969
v 0.05273317 -0.00917350 0.01226598
v 0.01690646 -0.01251693 -0.00032508
v -0.00061841 -0.01271115 -0.00210944
v 0.00832886 -0.01245585 -0.00212574
v 0.02302467 -0.01239140 -0.00203277
v 0.00329909 -0.01255882 -0.00227760
v -0.03124486 -0.01413514 -0.00383941
v -0.01806035 -0.01319794 -0.00367192
v -0.03215610 -0.01409499 -0.00404365
v -0.02857693 -0.01384896 -0.00365767
v -0.02482755 -0.01348770 -0.00373636
v 0.02869998 -0.01277874 0.00014786
v 0.03928874 -0.01312226 -0.00129537
v 0.03632450 -0.01287712 -0.00170067
v 0.05318688 -0.01395118 -0.00008240
v -0.01267694 -0.01296472 -0.00334790
v 0.02985452 -0.01260691 -0.00158597
v 0.04672248 -0.01346920 -0.00199830
v 0.06358097 -0.01405041 -0.00084583
v 0.05983350 -0.01384642 -0.00189328
v 0.05236736 -0.01363233 -0.00203273
v -0.00809971 -0.01267617 -0.00377857
v 0.04438780 -0.00855090 0.01188398
v 0.03458391 -0.00786475 0.01072072
v 0.03228172 -0.00773185 0.01054527
v 0.02789196 -0.00758870 0.01033385
v 0.00167318 -0.00791736 0.00974527
v -0.01066666 -0.00793226 0.00979810
v 0.01400843 -0.00763241 0.01002448
v -0.02744414 -0.00943354 0.00882739
v 0.02341380 -0.00761965 0.01013471
v -0.01897944 -0.00798172 0.00986562
v -0.03210635 -0.00829360 0.01004956
v -0.02813977 -0.00791377 0.01025530
v 0.04292140 -0.01317024 -0.00238142
v 0.01364409 -0.01229081 -0.00297810
v -0.03209203 -0.01380701 -0.00576971
v 0.00786964 -0.01225889 -0.00321045
v -0.00480609 -0.01258128 -0.00352674
v 0.03066924 -0.01225041 -0.00341335
v 0.02584954 -0.01218864 -0.00337433
v 0.01915170 -0.01201658 -0.00374941
v -0.03095131 -0.01371118 -0.00578884
v -0.02792037 -0.01329939 -0.00576241
v -0.02545641 -0.01301173 -0.00586478
v 0.05647266 -0.01333810 -0.00365977
v 0.06363277 -0.01348425 -0.00319071
v 0.06227378 -0.01336056 -0.00372653
v -0.01878537 -0.01263367 -0.00584195
v -0.01502313 -0.01252856 -0.00553762
v 0.03490905 -0.01233857 -0.00367358
v 0.03876699 -0.01246822 -0.00386641
v 0.00335426 -0.01219675 -0.00400636
v 0.00821668 -0.01168236 -0.00528449
v 0.05210413 -0.01316273 -0.00369229
v 0.04873516 -0.01300049 -0.00375972
v 0.04649225 -0.01288654 -0.00389624
v 0.01327487 -0.01176371 -0.00492615
v -0.00742073 -0.01209264 -0.00551738
v -0.01186538 -0.01224660 -0.00580603
v 0.04240094 -0.01263125 -0.00412826
v 0.00166961 -0.01166515 -0.00584369
v 0.02199321 -0.01175942 -0.00450600
v 0.01829332 -0.01147115 -0.00529939
v -0.01583027 -0.01234031 -0.00615576
v 0.04802586 -0.00856428 0.01227696
v 0.06359459 -0.01264431 -0.00526522
v 0.06357846 -0.01241164 -0.00589575
v -0.03125885 -0.01269558 -0.00833243
v -0.03217427 -0.01293220 -0.00788337
v 0.00793567 -0.00729964 0.01028994
v -0.00750029 -0.01184373 -0.00610656
v 0.05790752 -0.01265944 -0.00511314
v -0.02840953 -0.01234666 -0.00813812
v -0.02599218 -0.01209407 -0.00803676
v -0.02437377 -0.01185862 -0.00821926
v 0.02448891 -0.01118495 -0.00565422
v 0.03067646 -0.01089874 -0.00609747
v 0.03133163 -0.01146258 -0.00496156
v 0.03439757 -0.01071098 -0.00658668
v 0.05180878 -0.01232942 -0.00533326
v 0.04770521 -0.01172038 -0.00624140
v 0.04446746 -0.01188755 -0.00568946
v -0.01777831 -0.01140895 -0.00812791
v 0.01300008 -0.01062164 -0.00696521
v 0.03906761 -0.01111119 -0.00637373
v 0.04197407 -0.01142375 -0.00628083
v -0.01189565 -0.01103343 -0.00810210
v -0.00721134 -0.01055572 -0.00837938
v 0.05766204 -0.01163186 -0.00698714
v 0.05286371 -0.01127671 -0.00723689
v 0.00522164 -0.01044663 -0.00774301
v -0.00315562 -0.01038300 -0.00836197
v 0.06324468 -0.01174832 -0.00701365
v 0.03014883 -0.01058964 -0.00658839
v 0.02312057 -0.01013982 -0.00734278
v 0.00859716 -0.01010824 -0.00804143
v 0.04661809 -0.01103238 -0.00713263
v -0.03222033 -0.01126496 -0.01038009
v -0.02447478 -0.01062458 -0.01002386
v -0.02923920 -0.01063509 -0.01069128
v -0.02066632 -0.01021472 -0.01011145
v -0.03150603 -0.01083553 -0.01093494
v -0.01509416 -0.01002663 -0.00976013
v 0.05739174 -0.01093305 -0.00793001
v 0.06363602 -0.01052878 -0.00867700
v 0.06359439 -0.01140248 -0.00732990
v 0.04293222 -0.01038095 -0.00773353
v 0.03833011 -0.01070163 -0.00686337
v 0.02402175 -0.00952387 -0.00812691
v 0.01459978 -0.00961621 -0.00841211
v -0.00704001 -0.00970420 -0.00944255
v 0.02982546 -0.00878186 -0.00875676
v 0.05330044 -0.00948888 -0.00941233
v 0.05703052 -0.00962198 -0.00947154
v 0.06354481 -0.00979930 -0.00957450
v 0.03500150 -0.00868245 -0.00896384
v 0.03978809 -0.00895783 -0.00896868
v 0.04330038 -0.00983973 -0.00831351
v 0.04526294 -0.00935685 -0.00890258
v -0.00395824 -0.00869740 -0.01031259
v 0.00271930 -0.00860821 -0.00997495
v 0.00036680 -0.00832862 -0.01044171
v 0.00891662 -0.00808303 -0.01010682
v -0.03206530 -0.01003764 -0.01172384
v -0.00865612 -0.00764630 -0.01168684
v -0.01600380 -0.00807718 -0.01179512
v 0.01451433 -0.00845832 -0.00953913
v -0.02499435 -0.00856181 -0.01215867
v -0.03107131 -0.00906055 -0.01247392
v 0.02389118 -0.00796730 -0.00961586
v 0.06362159 -0.00924174 -0.01010102
v -0.00223201 -0.00740620 -0.01138775
v -0.01883805 -0.00755785 -0.01243893
v 0.01486769 -0.00733061 -0.01049537
v 0.04575125 -0.00679221 -0.01109933
v 0.03478887 -0.00690263 -0.01043943
v 0.05164397 -0.00811879 -0.01037933
v 0.04980735 -0.00926022 -0.00929919
v 0.05420839 -0.00826827 -0.01046308
v 0.06353650 -0.00842813 -0.01076796
v 0.03008621 -0.00651068 -0.01065205
v -0.02504314 -0.00773239 -0.01284360
v -0.03209221 -0.00815478 -0.01324249
v 0.02110995 -0.00655516 -0.01086432
v 0.02513710 -0.00626764 -0.01090041
v 0.05214503 -0.00670598 -0.01150150
v 0.00871336 -0.00615291 -0.01158873
v 0.05879005 -0.00705685 -0.01158764
v 0.03623253 -0.00600372 -0.01109883
v 0.06358568 -0.00697192 -0.01179828
v 0.01255113 -0.00551577 -0.01177857
v -0.00009587 -0.00565797 -0.01241575
v -0.01648700 -0.00625580 -0.01311817
v -0.03058690 -0.00669108 -0.01407548
v -0.02501173 -0.00628725 -0.01381829
v -0.00488638 -0.00552275 -0.01275302
v 0.02857499 -0.00489227 -0.01161177
v 0.02296272 -0.00515053 -0.01162444
v 0.05028180 -0.00614921 -0.01171731
v -0.03214591 -0.00665888 -0.01413050
v -0.01286819 -0.00514311 -0.01350416
v -0.00294275 -0.00708111 0.01039771
v -0.03197895 -0.00505245 -0.01499569
v -0.01694616 -0.00508253 -0.01377994
v 0.05473250 -0.00551091 -0.01225245
v 0.03835759 -0.00510405 -0.01168389
v 0.03505773 -0.00472001 -0.01176737
v 0.06348198 -0.00550637 -0.01254994
v -0.01923965 -0.00642026 0.01097784
v -0.00281633 -0.00588724 0.01125740
v 0.05932594 -0.00682499 0.01470541
v 0.06366537 -0.00868947 0.01411963
v 0.06375527 -0.00677137 0.01555789
v -0.02909174 -0.00610868 0.01147985
v -0.03221740 -0.00705451 0.01092130
v 0.05245114 -0.00750706 0.01335029
v 0.02513356 -0.00584511 0.01139432
v 0.01238906 -0.00583682 0.01128551
v 0.03040091 -0.00577227 0.01166959
v 0.03442958 -0.00580272 0.01200400
v -0.01876367 -0.00583804 0.01134110
v 0.03707098 -0.00469189 0.01309312
v 0.05787416 -0.00613921 0.01494280
v 0.05077563 -0.00560434 0.01435713
v 0.06370696 -0.00618706 0.01589682
v 0.04399265 -0.00762336 0.01234912
v 0.06368006 -0.01407861 0.00307344
v 0.06361946 -0.00786228 -0.01105420
v 0.02139596 0.00042279 -0.01324617
v 0.00867498 0.00058855 -0.01377438
v 0.01528974 0.00310562 -0.01320247
v 0.02663780 0.00291558 -0.01274434
v 0.02757159 0.00046647 -0.01299879
v 0.00940817 0.00329961 -0.01339804
v 0.03325952 0.00277302 -0.01259388
v 0.03301863 0.00048184 -0.01288898
v 0.00295810 0.00058718 -0.01406958
v -0.00314451 0.00362241 -0.01392662
v -0.00427974 0.00058489 -0.01437953
v -0.00839931 0.00389205 -0.01426866
v -0.01045788 0.00059262 -0.01477376
v -0.01307072 0.00391163 -0.01465965
v -0.02218892 0.00407356 -0.01533328
v -0.02661397 0.00092888 -0.01596791
v -0.02969838 0.00439959 -0.01588836
v -0.01861463 0.00086669 -0.01538417
v -0.03189285 0.00351943 -0.01618378
v -0.03063815 0.00113935 -0.01631237
v 0.03979946 0.00070801 -0.01295146
v 0.04190884 0.00259742 -0.01268352
v 0.04325448 0.00023338 -0.01306953
v 0.05179696 -0.00005028 -0.01325525
v 0.05381769 0.00167812 -0.01300926
v 0.05950301 0.00027118 -0.01325417
v 0.06363769 0.00214269 -0.01294465
v 0.06360436 0.00063523 -0.01321513
v 0.06060927 -0.00130174 -0.01337076
v 0.06355996 -0.00116246 -0.01335808
v 0.05407429 0.00278734 -0.01277807
v -0.03187750 0.00562368 -0.01565978
v -0.03197073 0.00113388 -0.01628368
v 0.05368099 -0.00116029 -0.01330305
v -0.00199852 0.00475527 -0.01354176
v 0.06342047 0.00277024 -0.01276646
v 0.00153353 0.00362716 -0.01366390
v 0.00532814 0.00410838 -0.01333181
v -0.02186864 0.00618000 -0.01468116
v -0.01738910 0.00644166 -0.01421949
v -0.01154389 0.00638409 -0.01375265
v 0.03873717 0.00347802 -0.01236588
v 0.03212443 0.00435032 -0.01207849
v 0.04960403 0.00429665 -0.01210483
v 0.05441523 0.00471915 -0.01198583
v 0.04609624 0.00496813 -0.01179771
v 0.02079866 0.00365199 -0.01275374
v 0.00828776 0.00533965 -0.01271139
v 0.02385581 0.00491899 -0.01220757
v 0.03326939 0.00494016 -0.01184092
v -0.00797903 0.00649129 -0.01335114
v -0.02837935 0.00725222 -0.01481767
v -0.03190600 0.00672873 -0.01527581
v -0.01736522 0.00693237 -0.01401426
v -0.00223864 0.00631615 -0.01287519
v 0.06349894 0.00464414 -0.01195006
v 0.01644730 0.00563391 -0.01221043
v 0.00613460 0.00619626 -0.01240251
v -0.03150606 0.00783846 -0.01467703
v 0.02569621 0.00594356 -0.01155955
v 0.02122591 0.00679927 -0.01127850
v 0.01155173 0.00713047 -0.01160394
v 0.03292837 0.00628284 -0.01105889
v 0.00506990 0.00723780 -0.01180914
v -0.00643095 0.00834446 -0.01202523
v -0.01557010 0.00873750 -0.01264747
v -0.02399054 0.00877293 -0.01341528
v -0.03152650 0.00961992 -0.01349033
v 0.02231518 0.00762812 -0.01068505
v 0.03235871 0.00734746 -0.01035652
v 0.05454897 0.00598741 -0.01115983
v 0.06353192 0.00609917 -0.01098166
v 0.04198286 0.00721916 -0.01036210
v 0.04673318 0.00716551 -0.01031305
v 0.05127849 0.00709540 -0.01036389
v 0.05499592 0.00715022 -0.01033595
v 0.06194798 0.00683110 -0.01047393
v 0.00601795 0.00834088 -0.01100832
v 0.00056426 0.00856174 -0.01126140
v -0.01244980 0.00939327 -0.01187848
v -0.02858364 0.01020626 -0.01279083
v -0.00578595 0.00894862 -0.01151837
v -0.01670878 0.00988945 -0.01187906
v -0.02471233 0.01033743 -0.01227895
v 0.01493054 0.00828264 -0.01054160
v 0.00627541 0.00876517 -0.01061791
v -0.03193316 0.00974556 -0.01328618
v -0.00018683 0.00979214 -0.01013033
v -0.00969184 0.01010882 -0.01076585
v 0.04207351 0.00942846 -0.00838282
v 0.03065740 0.00945999 -0.00857843
v 0.02862422 0.00903581 -0.00904416
v 0.02066398 0.00881051 -0.00968909
v 0.06341820 0.00812082 -0.00917787
v 0.05874170 0.00844285 -0.00902768
v -0.03147512 0.01114365 -0.01206787
v 0.04703504 0.00923824 -0.00837129
v 0.05023222 0.00936728 -0.00817343
v 0.02703255 0.01004262 -0.00808807
v 0.01768623 0.01042966 -0.00816010
v 0.01143883 0.00983981 -0.00912032
v 0.00661500 0.01105060 -0.00809267
v 0.00275747 0.01090902 -0.00863779
v -0.00392440 0.01159488 -0.00850954
v 0.05957814 0.00931461 -0.00806811
v 0.03462663 0.00973879 -0.00811391
v -0.02864568 0.01095784 -0.01193334
v 0.02108230 0.01056750 -0.00780280
v -0.00966196 0.01191058 -0.00866456
v -0.01521819 0.01206754 -0.00911973
v -0.01729307 0.01234081 -0.00898638
v -0.03073421 0.01271939 -0.01003969
v -0.02378939 0.01254928 -0.00945644
v 0.06354818 0.00951648 -0.00748090
v 0.00581418 0.01115175 -0.00800279
v -0.03189554 0.01166286 -0.01139656
v 0.02778716 0.01083663 -0.00695803
v 0.03287551 0.01108744 -0.00632118
v 0.04331575 0.01101196 -0.00616978
v 0.04609746 0.01091485 -0.00610693
v 0.04883671 0.01077866 -0.00622811
v 0.05309025 0.01080396 -0.00606252
v 0.06346856 0.01052685 -0.00608828
v 0.06090431 0.01067574 -0.00597878
v -0.03197810 0.01282897 -0.00974471
v 0.01282174 0.01206141 -0.00592495
v 0.02381918 0.01152922 -0.00596199
v 0.01887804 0.01168093 -0.00612167
v 0.02864174 0.01134438 -0.00603507
v -0.03160121 0.01364157 -0.00843659
v -0.00590398 0.01332341 -0.00576143
v -0.01182494 0.01361164 -0.00588138
v 0.00623264 0.01246608 -0.00558103
v 0.00040100 0.01293488 -0.00551419
v -0.01523025 0.01393825 -0.00573748
v -0.02527289 0.01359771 -0.00755088
v -0.02571370 0.01444393 -0.00582213
v -0.03042217 0.01467331 -0.00598367
v 0.05113058 0.01167266 -0.00421219
v 0.06356905 0.00361798 -0.01218776
v 0.03717179 0.01221792 -0.00361498
v 0.03118134 0.01240262 -0.00341658
v 0.04405217 0.01207871 -0.00365243
v 0.04528409 0.01223407 -0.00312388
v 0.04878407 0.01213083 -0.00325969
v 0.06084611 0.01160651 -0.00380371
v 0.06342370 0.01132056 -0.00421415
v -0.03205096 0.01386458 -0.00775943
v -0.03193462 0.01488095 -0.00549236
v 0.01681226 0.01280908 -0.00360210
v 0.01937456 0.01274108 -0.00338556
v 0.05294870 0.01199402 -0.00326578
v 0.02515220 0.01253069 -0.00337558
v 0.00647230 0.01292814 -0.00431523
v 0.01153650 0.01303225 -0.00349560
v -0.01124035 0.01383037 -0.00510648
v 0.03606589 0.01238743 -0.00313415
v -0.00252423 0.01370792 -0.00367641
v 0.06359526 0.01172658 -0.00290470
v 0.00512004 0.01324379 -0.00345023
v 0.05960184 0.01212987 -0.00205273
v -0.02046954 0.01461253 -0.00407976
v -0.01683648 0.01452552 -0.00358118
v -0.01244771 0.01433282 -0.00316177
v 0.06353609 0.01204998 -0.00147818
v 0.05416695 0.01224312 -0.00196499
v 0.05085597 0.01227188 -0.00193851
v -0.02387999 0.01487674 -0.00337896
v -0.03019125 0.01515325 -0.00350841
v -0.02702728 0.01534597 -0.00160510
v -0.02361117 0.01516248 -0.00159662
v -0.01985352 0.01502705 -0.00154809
v -0.00634348 0.01402993 -0.00296375
v -0.01544825 0.01478588 -0.00139285
v -0.01050712 0.01454541 -0.00129040
v -0.03139607 0.01550225 -0.00164550
v 0.02385521 0.01305641 -0.00032602
v 0.03558149 0.01279680 -0.00014367
v 0.04256303 0.01268714 -0.00019105
v 0.05939885 0.01243687 0.00020076
v 0.05351081 0.01251018 0.00014261
v 0.04848756 0.01254278 0.00015981
v 0.06360660 0.01225747 0.00048041
v -0.00334390 0.01409820 -0.00071058
v 0.00645586 0.01349482 -0.00044109
v 0.01993909 0.01314447 -0.00014910
v 0.01723225 0.01319822 -0.00023466
v 0.01231124 0.01338554 -0.00023156
v -0.03202433 0.01545783 -0.00124588
v 0.06352618 0.01083595 -0.00495782
v 0.04756757 -0.00146916 -0.01314283
v 0.04050388 -0.00174363 -0.01287988
v 0.03535152 -0.00194581 -0.01271380
v 0.03128448 -0.00199320 -0.01265271
v -0.03168462 -0.00044237 -0.01619642
v 0.06348293 -0.00371622 -0.01312549
v 0.05791810 -0.00269726 -0.01317163
v 0.02571094 -0.00193363 -0.01277356
v 0.01658152 -0.00199304 -0.01312088
v 0.00925465 -0.00224367 -0.01335043
v -0.03195400 -0.00185789 -0.01602062
v -0.02112051 -0.00137613 -0.01524062
v -0.00873220 -0.00269213 -0.01416249
v -0.01700972 -0.00226269 -0.01481350
v -0.02411520 -0.00248893 -0.01528051
v -0.00187092 -0.00248721 -0.01384685
v 0.04992951 -0.00256724 -0.01302324
v 0.05340356 -0.00332811 -0.01297066
v 0.06364772 -0.00430969 -0.01296867
v 0.04096814 -0.00292874 -0.01261379
v 0.04853164 -0.00422188 -0.01255604
v -0.03206346 -0.00320167 -0.01568089
v 0.05480450 -0.00453314 -0.01265336
v -0.01284651 -0.00307461 -0.01431972
v 0.02830390 -0.00367176 -0.01214194
v 0.03417305 -0.00372786 -0.01215925
v -0.02554482 -0.00324985 -0.01515129
v 0.04092442 -0.00415597 -0.01222545
v 0.00331164 -0.00293330 -0.01343136
v 0.02277838 -0.00412289 -0.01210886
v 0.06348198 -0.00550637 -0.01254994
v 0.01297510 -0.00423607 -0.01241430
v -0.01694616 -0.00508253 -0.01377994
v -0.03197895 -0.00505245 -0.01499569
v -0.02530934 -0.00537006 -0.01430406
v -0.00500802 -0.00450919 -0.01324497
v 0.00573226 -0.00436926 -0.01272290
v -0.01286819 -0.00514311 -0.01350416
v 0.05473250 -0.00551091 -0.01225245
v 0.02857499 -0.00489227 -0.01161177
v 0.03505773 -0.00472001 -0.01176737
v 0.03835759 -0.00510405 -0.01168389
v 0.02296272 -0.00515053 -0.01162444
v 0.05028180 -0.00614921 -0.01171731
v -0.00488638 -0.00552275 -0.01275302
v -0.00009587 -0.00565797 -0.01241575
v 0.01255113 -0.00551577 -0.01177857
v -0.03058690 -0.00669108 -0.01407548
v -0.02501173 -0.00628725 -0.01381829
v 0.07129602 0.01032059 0.00035815
v 0.07180859 0.01001654 -0.00194110
v 0.06716583 0.01034732 0.00021553
v 0.06815500 0.01004416 -0.00203397
v 0.07679660 0.01012822 0.00024292
v 0.07641776 0.00987228 -0.00175855
v 0.06362677 0.01028498 -0.00128030
v 0.06333418 0.01021898 -0.00188975
v 0.06341942 0.01046057 0.00038260
v 0.07662971 0.00951075 -0.00291739
v 0.06441268 0.00949808 -0.00396801
v 0.07292867 0.00933372 -0.00388163
v 0.06874061 0.00940775 -0.00388171
v 0.06333795 0.00961001 -0.00394330
v 0.07667878 0.00924267 -0.00369326
v 0.07688534 0.00961793 -0.00236553
v 0.06600993 0.00888205 -0.00495942
v 0.07430860 0.00874212 -0.00485394
v 0.07667441 0.00806487 -0.00574158
v 0.06335631 0.00818314 -0.00633236
v 0.07496549 0.00777290 -0.00629696
v 0.06643209 0.00770649 -0.00667926
v 0.07687242 0.01005901 0.00011244
v 0.06336258 0.00728379 -0.00740637
v 0.07675247 0.00650862 -0.00758671
v 0.07459363 0.00660422 -0.00767225
v 0.06704961 0.00642264 -0.00808072
v 0.06331282 0.00604951 -0.00866110
v 0.07179188 0.00553035 -0.00870101
v 0.07666719 0.00500673 -0.00884534
v 0.07417369 0.00454888 -0.00936853
v 0.06639745 0.00469679 -0.00956955
v 0.06330442 0.00535401 -0.00925608
v 0.06334677 0.00410274 -0.01005659
v 0.07669659 0.00374791 -0.00964175
v 0.07690801 0.00904437 -0.00342510
v 0.06815867 0.00273779 -0.01049585
v 0.07512669 0.00273779 -0.01025413
v 0.06336438 0.00251742 -0.01080493
v 0.07657368 0.00210938 -0.01042461
v 0.07687312 0.00703988 -0.00677664
v 0.07687343 0.00818222 -0.00520946
v 0.07589985 0.00996027 0.00248459
v 0.07206574 0.01008158 0.00242261
v 0.06780200 0.01010174 0.00245951
v 0.06386619 0.01020977 0.00242474
v 0.06343405 0.01044192 0.00145373
v 0.07688133 0.00965159 0.00334218
v 0.06345432 0.01020378 0.00302802
v 0.07689218 0.00313763 -0.00977426
v 0.06901136 0.00078943 -0.01093069
v 0.06474843 0.00134029 -0.01099793
v 0.06332187 0.00127596 -0.01113789
v 0.07679581 0.00026162 -0.01075862
v 0.07696108 0.00152838 -0.01033678
v 0.06433964 -0.00102333 -0.01129668
v 0.06334908 -0.00108980 -0.01142134
v 0.06809438 -0.00119201 -0.01112724
v 0.07608693 -0.00100717 -0.01086780
v 0.07235296 -0.00994087 0.00566250
v 0.06482452 -0.01007691 0.00554442
v 0.07023045 -0.01053449 0.00449657
v 0.06450847 -0.01052860 0.00466601
v 0.06476344 -0.00935137 0.00678740
v 0.07433192 -0.00937299 0.00660276
v 0.07666918 -0.01040059 0.00443696
v 0.07678178 -0.00919063 0.00660707
v 0.06363539 -0.01013974 0.00568627
v 0.06357640 -0.01079164 0.00426183
v 0.06357128 -0.00917337 0.00719531
v 0.07662344 -0.00827181 0.00787760
v 0.07183841 -0.00857363 0.00769354
v 0.06364583 -0.00822940 0.00827470
v 0.07383841 -0.00766480 0.00870553
v 0.06345402 -0.00751594 0.00910807
v 0.06816810 -0.00760015 0.00881290
v 0.07656780 -0.00757479 0.00862875
v 0.06464300 -0.00729028 0.00913866
v 0.06349797 -0.01046347 0.00565819
v 0.06407563 -0.01130757 0.00251819
v 0.07339728 -0.01113341 0.00244161
v 0.07681825 -0.01073350 0.00335336
v 0.07666646 -0.01098281 0.00251377
v 0.06345531 -0.01139640 0.00279562
v 0.07467069 -0.00584744 0.01011182
v 0.07693515 -0.00682163 0.00915713
v 0.07698777 -0.00577746 0.00994626
v 0.06887767 -0.00579352 0.01013467
v 0.06443818 -0.00598732 0.01010865
v 0.06338533 -0.00627229 0.01005865
v 0.07694796 -0.00833574 0.00757645
v 0.07668108 -0.00483599 0.01054579
v 0.07047149 -0.01147602 0.00049848
v 0.06419414 -0.01163097 0.00072050
v 0.06353996 -0.01170773 0.00065572
v 0.07591064 -0.01129434 0.00037710
v 0.07693219 -0.01119423 0.00054806
v 0.06337150 -0.00489552 0.01078257
v 0.07660713 -0.00381185 0.01105751
v 0.06437967 -0.00413573 0.01103223
v 0.07004825 -0.00395547 0.01104120
v 0.07697831 -0.01070326 0.00298019
v 0.06345605 -0.00300843 0.01146827
v 0.06691231 -0.00338688 0.01126492
v 0.07309440 -0.00317336 0.01128963
v 0.07698721 -0.00447221 0.01054450
v 0.07700281 -0.00323405 0.01109496
v 0.07612830 -0.00150367 0.01161472
v 0.07215202 -0.00141685 0.01168457
v 0.06453116 -0.00278537 0.01145428
v 0.06355763 -0.00158433 0.01172310
v 0.07693553 -0.00087778 0.01163867
v 0.06285643 -0.00415414 0.01155758
v 0.06245433 -0.00162433 0.01202817
v 0.06059805 -0.00341716 0.01218404
v 0.06331694 -0.00573246 0.01079047
v 0.07319583 0.00212951 0.01134866
v 0.06984231 0.00306384 0.01104026
v 0.06454629 0.00195135 0.01141714
v 0.06393202 0.00369848 0.01074033
v 0.07666664 0.00251385 0.01119070
v 0.07684990 0.00381785 0.01063202
v 0.07189193 0.00485667 0.01010825
v 0.06409946 0.00535121 0.00979639
v 0.07669763 0.00539920 0.00966037
v 0.06338596 0.00288490 0.01120148
v 0.07137520 0.00621439 0.00911741
v 0.06370694 0.00667349 0.00873885
v 0.07682329 0.00646035 0.00879124
v 0.06345205 0.00400868 0.01071853
v 0.06343984 0.00541127 0.00986436
v 0.06348400 0.00116618 0.01164123
v 0.07262641 0.00736015 0.00796617
v 0.07697996 0.00447840 0.01016062
v 0.06369393 0.00751108 0.00786985
v 0.07685465 0.00755623 0.00758519
v 0.07299393 0.00840670 0.00659569
v 0.06687485 0.00838239 0.00669009
v 0.06360375 0.00827236 0.00691130
v 0.07660577 0.00853279 0.00617625
v 0.06362635 0.00913850 0.00541347
v 0.07696584 0.00666003 0.00848968
v 0.06796064 0.00949326 0.00460880
v 0.07279547 0.00946698 0.00460330
v 0.06361268 0.00969298 0.00426133
v 0.07645987 0.00946426 0.00421202
v 0.07697705 0.00894284 0.00505530
v 0.06348470 0.00591369 0.00972314
v 0.07330471 0.00013254 0.01170456
v 0.07689459 0.00038830 0.01161653
v 0.06556525 0.00016025 0.01175840
v 0.06352181 0.00021004 0.01173822
v 0.07693238 0.00243408 0.01113538
v 0.07700550 0.00285938 0.01073942
v 0.07688133 0.00965159 0.00334218
v 0.07696204 0.00557378 0.00925364
v 0.06386619 0.01020977 0.00242474
v 0.06780200 0.01010174 0.00245951
v 0.07206574 0.01008158 0.00242261
v 0.07589985 0.00996027 0.00248459
v 0.07695972 0.00799435 0.00663860
v 0.06345432 0.01020378 0.00302802
v 0.06350232 0.00798549 0.00762358
v 0.07693553 -0.00087778 0.01163867
v 0.06355763 -0.00158433 0.01172310
v 0.06272044 0.00119540 0.01201879
v 0.06321475 0.00188670 0.01163489
v 0.07215202 -0.00141685 0.01168457
v 0.07612830 -0.00150367 0.01161472
v 0.06245433 -0.00162433 0.01202817
v 0.06059805 -0.00341716 0.01218404
v 0.06035522 0.00031931 0.01244678
v 0.05999854 -0.00190796 0.01258387
v 0.06031106 -0.00408586 0.01242301
v 0.06298232 -0.00484996 0.01163716
v 0.06285643 -0.00415414 0.01155758
v 0.06033482 0.00114398 0.01261937
v 0.06352209 0.00938851 0.00549403
v 0.06001137 0.00014932 0.01271981
v 0.09135594 -0.00434245 0.00057260
v 0.09135730 -0.00119589 -0.00047192
v 0.09134785 -0.00103424 0.00343253
v 0.09137638 -0.00437542 0.00415685
v 0.09134338 -0.00276325 -0.00245798
v 0.09139078 -0.00481395 -0.00256668
v 0.09130829 -0.00536884 0.00259371
v 0.09145301 -0.00146967 0.00484766
v 0.09134655 -0.00347264 0.00515188
v 0.09153570 -0.00110812 0.00541897
v 0.09142472 -0.00061343 0.00102845
v 0.09145059 -0.00375578 -0.00307360
v 0.09141015 -0.00369771 -0.00395174
v 0.09118974 -0.00601271 0.00011157
v 0.09139715 -0.00192086 -0.00175216
v 0.09129448 -0.00161995 0.00612660
v 0.09149738 -0.00054039 0.00316535
v 0.09147515 -0.00033142 0.00566340
v 0.09127141 0.00096125 0.00604481
v 0.09131061 0.00271596 0.00509439
v 0.09145211 0.00101233 0.00482748
v 0.09146541 0.00180358 0.00383338
v 0.09143367 0.00250868 0.00263750
v 0.09140379 0.00399059 0.00246945
v 0.09145392 0.00275684 0.00141957
v 0.09145751 0.00284744 0.00029161
v 0.09131705 0.00442275 0.00289062
v 0.09137853 0.00470609 0.00019284
v 0.09142387 0.00407847 -0.00228730
v 0.09141873 0.00223700 -0.00148099
v 0.09144502 0.00167220 -0.00248221
v 0.09135742 0.00312244 -0.00385218
v 0.09142092 0.00206423 -0.00459944
v 0.09146453 0.00054759 -0.00392696
v 0.09148932 -0.00071136 -0.00460746
v 0.09127933 0.00102565 -0.00536436
v 0.09147916 -0.00184879 -0.00498443
v 0.09110826 0.00497988 0.00229197
v 0.09109707 0.00531570 0.00037381
v 0.09101047 0.00398860 0.00443075
v 0.09104598 -0.00124917 -0.00584508
v 0.09101226 -0.00594896 -0.00132306
v 0.09094673 0.00009575 0.00668556
v 0.09098697 -0.00600743 0.00226664
v 0.09100863 -0.00122765 0.00661117
v 0.09102745 -0.00499774 0.00425019
v 0.09099117 0.00203363 0.00603674
v 0.09104442 -0.00332848 0.00575191
v 0.09097319 0.00496217 -0.00171415
v 0.09114960 -0.00302807 -0.00518870
v 0.09154980 -0.00270187 -0.00454460
v 0.09105580 0.00378877 -0.00365339
v 0.09110646 -0.00488894 -0.00333062
v 0.09093173 -0.00394396 -0.00462968
v 0.09178224 -0.00000939 0.00537488
v 0.09175280 -0.00151296 -0.00478503
v 0.09071686 0.00326066 0.00538960
v 0.09069705 0.00055764 -0.00591340
v 0.09057542 0.00119499 0.00659349
v 0.09031764 0.00552808 0.00034890
v 0.09019122 0.00515018 -0.00173905
v 0.08314509 0.00580997 -0.00128048
v 0.08343497 0.00608123 0.00028104
v 0.08315759 0.00623295 0.00082550
v 0.08337020 0.00545696 -0.00224001
v 0.09097319 0.00496217 -0.00171415
v 0.09109707 0.00531570 0.00037381
v 0.09023877 0.00459696 -0.00283183
v 0.08322001 0.00443907 -0.00404298
v 0.08986231 0.00406297 -0.00379152
v 0.08313118 0.00550628 -0.00242827
v 0.09105580 0.00378877 -0.00365339
v 0.08787962 0.00350844 -0.00458055
v 0.08341486 0.00363563 -0.00487309
v 0.09072034 0.00258570 -0.00502252
v 0.08770240 0.00246875 -0.00548932
v 0.08323156 0.00279707 -0.00557217
v 0.08328912 0.00179630 -0.00609594
v 0.08765874 0.00157141 -0.00592109
v 0.09001614 0.00075530 -0.00600695
v 0.09069705 0.00055764 -0.00591340
v 0.08321269 0.00043244 -0.00657939
v 0.09127933 0.00102565 -0.00536436
v 0.09135742 0.00312244 -0.00385218
v 0.08978641 0.00012346 -0.00616937
v 0.09142092 0.00206423 -0.00459944
v 0.08690109 0.00559572 0.00218356
v 0.08324901 0.00586900 0.00200364
v 0.09065022 0.00518120 0.00243168
v 0.09110826 0.00497988 0.00229197
v 0.08626735 0.00547980 0.00268909
v 0.08316105 0.00554467 0.00335019
v 0.08342003 0.00550229 0.00305588
v 0.08657407 0.00481945 0.00402265
v 0.09059425 0.00436108 0.00412307
v 0.09101047 0.00398860 0.00443075
v 0.08328232 0.00457890 0.00467594
v 0.08867476 0.00421689 0.00462798
v 0.08318868 0.00431009 0.00507829
v 0.09071686 0.00326066 0.00538960
v 0.08755099 0.00346815 0.00556550
v 0.08317022 0.00349991 0.00591336
v 0.08241691 0.00810004 -0.00192727
v 0.07713886 0.00838461 -0.00172038
v 0.08259978 0.00840573 0.00024095
v 0.07705431 0.00864474 -0.00022748
v 0.07702054 0.00871344 0.00029393
v 0.07699496 0.00809046 -0.00270255
v 0.08311959 0.00810599 -0.00084446
v 0.08245170 0.00738775 -0.00381491
v 0.07696740 0.00753777 -0.00410538
v 0.08308827 0.00736151 -0.00343119
v 0.08214200 0.00684448 -0.00477948
v 0.07700015 0.00702094 -0.00496737
v 0.07948400 0.00618839 -0.00602265
v 0.07698279 0.00634046 -0.00599731
v 0.08309207 0.00680665 -0.00445552
v 0.08254692 0.00597400 -0.00591560
v 0.07696504 0.00535404 -0.00694567
v 0.07935215 0.00453043 -0.00761676
v 0.08241934 0.00434845 -0.00748605
v 0.08309613 0.00525938 -0.00645315
v 0.07704466 0.00438613 -0.00777294
v 0.08313857 0.00342665 -0.00786832
v 0.07713696 0.00254340 -0.00886307
v 0.08241317 0.00250115 -0.00852619
v 0.08313966 0.00174413 -0.00859025
v 0.07663135 -0.00322896 -0.01041780
v 0.06983219 -0.00376359 -0.01057292
v 0.06564922 -0.00302594 -0.01096665
v 0.06435504 -0.00433353 -0.01064201
v 0.07685347 -0.00197080 -0.01068842
v 0.07608693 -0.00100717 -0.01086780
v 0.06809438 -0.00119201 -0.01112724
v 0.06340373 -0.00260068 -0.01118071
v 0.06331206 -0.00405598 -0.01088364
v 0.06433964 -0.00102333 -0.01129668
v 0.06334908 -0.00108980 -0.01142134
v 0.07658038 -0.00474671 -0.00982866
v 0.06963922 -0.00484262 -0.01013854
v 0.06332635 -0.00568650 -0.01008880
v 0.07657636 -0.00560181 -0.00938739
v 0.06528827 -0.00652528 -0.00938056
v 0.06327400 -0.00717459 -0.00912650
v 0.07238854 -0.00637721 -0.00909815
v 0.07665847 -0.00738944 -0.00807323
v 0.06850703 -0.00768570 -0.00819935
v 0.06443021 -0.00798207 -0.00823574
v 0.06333961 -0.00841852 -0.00815654
v 0.07406879 -0.00781575 -0.00782491
v 0.07660447 -0.00828220 -0.00716074
v 0.06895976 -0.00869138 -0.00704582
v 0.07697368 -0.00559803 -0.00916204
v 0.06428492 -0.00957421 -0.00628754
v 0.07343378 -0.00938103 -0.00586888
v 0.06875490 -0.00964027 -0.00574883
v 0.07666104 -0.00921708 -0.00582092
v 0.06333244 -0.00982156 -0.00613352
v 0.07690807 -0.00859453 -0.00658881
v 0.07695181 -0.00434117 -0.00977850
v 0.07670127 -0.01026618 -0.00395821
v 0.07202371 -0.01052298 -0.00391371
v 0.06854956 -0.01062177 -0.00394691
v 0.06377410 -0.01077674 -0.00421261
v 0.06336140 -0.01110075 -0.00402267
v 0.07703433 -0.00743017 -0.00770182
v 0.07688930 -0.01079671 -0.00242030
v 0.07699662 -0.00819520 -0.00685490
v 0.06370162 -0.01126568 -0.00278760
v 0.06886924 -0.01121159 -0.00205985
v 0.07065833 -0.01124948 -0.00165236
v 0.07652015 -0.01103739 -0.00159209
v 0.06337579 -0.01150033 -0.00184689
v 0.07695748 -0.01023718 -0.00372030
v 0.07698112 -0.00918056 -0.00545593
v 0.07698446 -0.00275185 -0.01032504
v 0.07591064 -0.01129434 0.00037710
v 0.07047149 -0.01147602 0.00049848
v 0.06353996 -0.01170773 0.00065572
v 0.07693219 -0.01119423 0.00054806
v 0.07679581 0.00026162 -0.01075862
v 0.06326542 -0.00303787 -0.01136129
v 0.06333544 -0.00003340 -0.01152552
v 0.08203904 -0.00608813 -0.00702556
v 0.07705896 -0.00679342 -0.00676532
v 0.07950027 -0.00568310 -0.00757616
v 0.07706013 -0.00561039 -0.00774709
v 0.08249287 -0.00720846 -0.00580579
v 0.07704539 -0.00762263 -0.00580925
v 0.08313970 -0.00548116 -0.00725547
v 0.07898498 -0.00455580 -0.00835336
v 0.08270295 -0.00416120 -0.00823159
v 0.07703783 -0.00465293 -0.00834784
v 0.07712234 -0.00373440 -0.00881624
v 0.07912561 -0.00291963 -0.00901667
v 0.08266652 -0.00211867 -0.00891869
v 0.07702917 -0.00288071 -0.00910459
v 0.08314321 -0.00307103 -0.00853884
v 0.08321940 -0.00664496 -0.00602244
v 0.08095602 -0.00108875 -0.00921045
v 0.07719044 -0.00116813 -0.00938724
v 0.07703953 -0.00019953 -0.00958005
v 0.08313209 0.00001269 -0.00894438
v 0.08134775 0.00032354 -0.00910798
v 0.07708466 0.00049809 -0.00925483
v 0.08232565 0.00126028 -0.00887697
v 0.07713696 0.00254340 -0.00886307
v 0.08313966 0.00174413 -0.00859025
v 0.08241317 0.00250115 -0.00852619
v 0.07696492 0.00290569 -0.00890641
v 0.08330389 -0.00469213 -0.00647606
v 0.08326316 -0.00456660 -0.00493485
v 0.08325863 -0.00518280 -0.00441100
v 0.08332486 -0.00740961 -0.00443157
v 0.08325711 -0.00612657 -0.00278832
v 0.08328086 -0.00834008 -0.00259974
v 0.08322675 -0.00682104 -0.00151344
v 0.08321963 -0.00243865 -0.00668217
v 0.08329691 -0.00200356 -0.00839009
v 0.08331600 -0.00431348 -0.00765159
v 0.08321269 0.00043244 -0.00657939
v 0.08326546 0.00127030 -0.00831446
v 0.08318138 0.00206771 -0.00615548
v 0.08323374 -0.00816904 0.00399109
v 0.08322528 -0.00695998 0.00312572
v 0.08326682 -0.00700975 0.00572545
v 0.08318459 -0.00533654 0.00485013
v 0.08314320 -0.00445116 0.00578737
v 0.08323223 -0.00514343 0.00741035
v 0.08321940 -0.00664496 -0.00602244
v 0.08318104 -0.00370091 0.00638472
v 0.08312283 -0.00146968 0.00756822
v 0.08318127 -0.00246134 0.00906029
v 0.08317460 0.00183062 0.00908365
v 0.08317468 0.00036691 0.00735203
v 0.08317244 0.00165853 0.00700816
v 0.08322677 0.00443526 0.00736801
v 0.08323106 0.00289921 0.00634633
v 0.08328383 0.00321951 -0.00747873
v 0.08314426 0.00460449 -0.00433514
v 0.08321231 0.00486422 -0.00623932
v 0.08319667 0.00687378 -0.00381189
v 0.08313118 0.00550628 -0.00242827
v 0.08314509 0.00580997 -0.00128048
v 0.08322775 0.00761349 -0.00098018
v 0.08315759 0.00623295 0.00082550
v 0.08322570 0.00756347 0.00229254
v 0.08316105 0.00554467 0.00335019
v 0.08323225 0.00640934 0.00511400
v 0.08318868 0.00431009 0.00507829
v 0.08317022 0.00349991 0.00591336
v 0.08319138 -0.00932918 0.00001305
v 0.08313072 -0.00374480 0.00897362
v 0.08312360 0.00511041 0.00746472
v 0.08308579 -0.00198896 0.00955460
v 0.08308215 0.00123383 0.00956889
v 0.08312759 -0.00900873 0.00275840
v 0.08311959 0.00810599 -0.00084446
v 0.08310734 0.00706905 0.00497783
v 0.08310381 -0.00561948 0.00778271
v 0.08313209 0.00001269 -0.00894438
v 0.08308827 0.00736151 -0.00343119
v 0.08309613 0.00525938 -0.00645315
v 0.08322001 0.00443907 -0.00404298
v 0.08323156 0.00279707 -0.00557217
v 0.08313966 0.00174413 -0.00859025
v 0.08309207 0.00680665 -0.00445552
v 0.08313008 -0.00893326 -0.00223856
v 0.08309767 -0.00725472 0.00622144
v 0.08313857 0.00342665 -0.00786832
v 0.08306265 0.00803219 0.00216605
v 0.08314321 -0.00307103 -0.00853884
v 0.08331796 -0.00538184 -0.00400871
v 0.08313970 -0.00548116 -0.00725547
v 0.08303899 -0.00822646 -0.00409852
v 0.08300781 -0.00858869 0.00417232
v 0.08290391 0.00353389 0.00877213
v 0.08328912 0.00179630 -0.00609594
v 0.08236202 -0.00598374 0.00773799
v 0.08256723 -0.00465979 0.00860865
v 0.07971315 -0.00596419 0.00801177
v 0.08214000 -0.00375996 0.00919225
v 0.07702749 -0.00437747 0.00909813
v 0.07700771 -0.00609353 0.00802232
v 0.08313072 -0.00374480 0.00897362
v 0.07801559 -0.00340638 0.00944218
v 0.07705901 -0.00319077 0.00960142
v 0.08310381 -0.00561948 0.00778271
v 0.07990361 -0.00726421 0.00673069
v 0.08245459 -0.00711695 0.00660207
v 0.07705135 -0.00734031 0.00676962
v 0.08309767 -0.00725472 0.00622144
v 0.08264876 -0.00784799 0.00560387
v 0.07955195 -0.00801816 0.00572986
v 0.08256484 -0.00220833 0.00962856
v 0.08308579 -0.00198896 0.00955460
v 0.07707023 -0.00180754 0.00984838
v 0.08273097 -0.00092391 0.00979550
v 0.07931095 -0.00010364 0.00990385
v 0.07705344 0.00022108 0.00992688
v 0.08271628 0.00068627 0.00977294
v 0.07721919 0.00182361 0.00966870
v 0.08308215 0.00123383 0.00956889
v 0.07703920 0.00253748 0.00949331
v 0.08265652 0.00260369 0.00927216
v 0.08831362 -0.00265527 0.00661036
v 0.08873754 -0.00151661 0.00701975
v 0.08323397 -0.00276981 0.00687344
v 0.08326290 -0.00155973 0.00734234
v 0.09047961 -0.00156758 0.00684944
v 0.08878396 -0.00391296 0.00586892
v 0.09043823 -0.00377211 0.00573592
v 0.08318104 -0.00370091 0.00638472
v 0.08312283 -0.00146968 0.00756822
v 0.08314320 -0.00445116 0.00578737
v 0.09104442 -0.00332848 0.00575191
v 0.09038122 -0.00510726 0.00445519
v 0.08764029 -0.00527780 0.00458924
v 0.08318459 -0.00533654 0.00485013
v 0.09102745 -0.00499774 0.00425019
v 0.08780798 -0.00586864 0.00359707
v 0.09053707 -0.00549766 0.00380898
v 0.08327556 -0.00600995 0.00373464
v 0.08328402 -0.00659305 0.00251269
v 0.08736954 -0.00644026 0.00241763
v 0.09023447 -0.00623261 0.00228311
v 0.09098697 -0.00600743 0.00226664
v 0.08333707 -0.00690840 0.00065268
v 0.08901813 -0.00662001 0.00050308
v 0.09065062 -0.00639446 0.00053873
v 0.09118974 -0.00601271 0.00011157
v 0.09129448 -0.00161995 0.00612660
v 0.09100863 -0.00122765 0.00661117
v 0.08567775 -0.00051041 0.00723167
v 0.08833283 0.00019214 0.00709045
v 0.08336189 -0.00028096 0.00742243
v 0.09032412 0.00005566 0.00689888
v 0.08317468 0.00036691 0.00735203
v 0.09094673 0.00009575 0.00668556
v 0.09057542 0.00119499 0.00659349
v 0.08317244 0.00165853 0.00700816
v 0.08704232 0.00175270 0.00674164
v 0.09005921 0.00246040 0.00609521
v 0.09099117 0.00203363 0.00603674
v 0.08323106 0.00289921 0.00634633
v 0.09071686 0.00326066 0.00538960
v 0.08755099 0.00346815 0.00556550
v 0.08317022 0.00349991 0.00591336
v 0.09064139 -0.00490634 -0.00375867
v 0.08707270 -0.00537690 -0.00368088
v 0.08759753 -0.00440633 -0.00476747
v 0.08331796 -0.00538184 -0.00400871
v 0.08326316 -0.00456660 -0.00493485
v 0.09050139 -0.00348048 -0.00515568
v 0.09093173 -0.00394396 -0.00462968
v 0.08654840 -0.00366789 -0.00545137
v 0.08331171 -0.00291557 -0.00606676
v 0.08861558 -0.00263330 -0.00588236
v 0.09044729 -0.00195923 -0.00594921
v 0.08328232 -0.00245341 -0.00628495
v 0.09114960 -0.00302807 -0.00518870
v 0.08802530 -0.00126341 -0.00635335
v 0.08329682 -0.00104881 -0.00664246
v 0.09015096 -0.00108110 -0.00615888
v 0.08607470 -0.00601259 -0.00273492
v 0.08325711 -0.00612657 -0.00278832
v 0.09051786 -0.00594613 -0.00198267
v 0.08702848 -0.00640482 -0.00163063
v 0.08344001 -0.00663314 -0.00155492
v 0.09110646 -0.00488894 -0.00333062
v 0.09031051 -0.00618790 -0.00127848
v 0.09101226 -0.00594896 -0.00132306
v 0.08901813 -0.00662001 0.00050308
v 0.08322675 -0.00682104 -0.00151344
v 0.09065062 -0.00639446 0.00053873
v 0.08333707 -0.00690840 0.00065268
v 0.08322528 -0.00695998 0.00312572
v 0.09118974 -0.00601271 0.00011157
v 0.09104598 -0.00124917 -0.00584508
v 0.08350102 -0.00056502 -0.00664722
v 0.08978641 0.00012346 -0.00616937
v 0.09069705 0.00055764 -0.00591340
v 0.08321269 0.00043244 -0.00657939
v 0.08321963 -0.00243865 -0.00668217
v 0.07706122 0.00851098 0.00174696
v 0.07702054 0.00871344 0.00029393
v 0.07702366 0.00950083 0.00119688
v 0.07690801 0.00904437 -0.00342510
v 0.07688534 0.00961793 -0.00236553
v 0.07703798 0.00823623 0.00301370
v 0.07697705 0.00894284 0.00505530
v 0.07699483 0.00761014 0.00473807
v 0.07695972 0.00799435 0.00663860
v 0.07700804 0.00709987 0.00557301
v 0.07699879 0.00651303 0.00648477
v 0.07696584 0.00666003 0.00848968
v 0.07699786 0.00579949 0.00730816
v 0.07696204 0.00557378 0.00925364
v 0.07705436 0.00465860 0.00831604
v 0.07703504 0.00346973 0.00904652
v 0.07697996 0.00447840 0.01016062
v 0.07703920 0.00253748 0.00949331
v 0.07700550 0.00285938 0.01073942
v 0.07705344 0.00022108 0.00992688
v 0.07707023 -0.00180754 0.00984838
v 0.07687242 0.01005901 0.00011244
v 0.07688133 0.00965159 0.00334218
v 0.07705431 0.00864474 -0.00022748
v 0.07699496 0.00809046 -0.00270255
v 0.07687343 0.00818222 -0.00520946
v 0.07696740 0.00753777 -0.00410538
v 0.07700015 0.00702094 -0.00496737
v 0.07698279 0.00634046 -0.00599731
v 0.07687312 0.00703988 -0.00677664
v 0.07696504 0.00535404 -0.00694567
v 0.07693356 0.00509529 -0.00846961
v 0.07704466 0.00438613 -0.00777294
v 0.07696492 0.00290569 -0.00890641
v 0.07689218 0.00313763 -0.00977426
v 0.07703953 -0.00019953 -0.00958005
v 0.07696108 0.00152838 -0.01033678
v 0.07698446 -0.00275185 -0.01032504
v 0.07702917 -0.00288071 -0.00910459
v 0.07695181 -0.00434117 -0.00977850
v 0.07703783 -0.00465293 -0.00834784
v 0.07697368 -0.00559803 -0.00916204
v 0.07706013 -0.00561039 -0.00774709
v 0.07705896 -0.00679342 -0.00676532
v 0.07703433 -0.00743017 -0.00770182
v 0.07699662 -0.00819520 -0.00685490
v 0.07704539 -0.00762263 -0.00580925
v 0.07698112 -0.00918056 -0.00545593
v 0.07703799 -0.00833386 -0.00470806
v 0.07699963 -0.00930930 -0.00244884
v 0.07695748 -0.01023718 -0.00372030
v 0.07701803 -0.00958352 -0.00137889
v 0.07707458 -0.01026027 0.00100167
v 0.07688930 -0.01079671 -0.00242030
v 0.07693219 -0.01119423 0.00054806
v 0.07697831 -0.01070326 0.00298019
v 0.07708587 -0.00960849 0.00219356
v 0.07707819 -0.00929653 0.00317651
v 0.07694501 -0.00975155 0.00511948
v 0.07704712 -0.00855503 0.00496884
v 0.07694796 -0.00833574 0.00757645
v 0.07705135 -0.00734031 0.00676962
v 0.07700771 -0.00609353 0.00802232
v 0.07693515 -0.00682163 0.00915713
v 0.07702893 -0.00522898 0.00862745
v 0.07698777 -0.00577746 0.00994626
v 0.07702749 -0.00437747 0.00909813
v 0.07698721 -0.00447221 0.01054450
v 0.07705901 -0.00319077 0.00960142
v 0.07700281 -0.00323405 0.01109496
v 0.07693553 -0.00087778 0.01163867
v 0.07693238 0.00243408 0.01113538
v 0.07689459 0.00038830 0.01161653
v 0.07708466 0.00049809 -0.00925483
v 0.07719044 -0.00116813 -0.00938724
v 0.07679581 0.00026162 -0.01075862
v 0.07685347 -0.00197080 -0.01068842
v 0.07718624 -0.00989294 0.00111701
v 0.07727549 -0.00979405 -0.00002598
v 0.07690807 -0.00859453 -0.00658881
v 0.07675247 0.00650862 -0.00758671
v 0.07685465 0.00755623 0.00758519
v 0.07684990 0.00381785 0.01063202
v 0.07678178 -0.00919063 0.00660707
v 0.07713696 0.00254340 -0.00886307
v 0.07667878 0.00924267 -0.00369326
v 0.07681825 -0.01073350 0.00335336
v 0.07679660 0.01012822 0.00024292
v 0.07669659 0.00374791 -0.00964175
v 0.07666918 -0.01040059 0.00443696
v 0.07666719 0.00500673 -0.00884534
v 0.09847197 -0.00201373 0.00082364
v 0.09649635 -0.00122047 0.00082084
v 0.09731985 -0.00217799 -0.00049489
v 0.09634294 -0.00149995 -0.00005766
v 0.09839438 -0.00297196 -0.00076022
v 0.09607129 -0.00225782 -0.00127141
v 0.09425165 -0.00144743 -0.00095145
v 0.09450586 -0.00092188 0.00034550
v 0.09369266 -0.00103564 -0.00024045
v 0.09183407 -0.00099626 -0.00045465
v 0.09169325 -0.00208505 -0.00218968
v 0.09263594 -0.00235656 -0.00233182
v 0.09750765 -0.00338491 -0.00162284
v 0.09588842 -0.00295686 -0.00193141
v 0.09908942 -0.00274890 0.00033494
v 0.09176593 -0.00063582 0.00058657
v 0.09603700 -0.00088726 0.00197611
v 0.09811954 -0.00149310 0.00259103
v 0.09896759 -0.00197050 0.00216454
v 0.09399454 -0.00052540 0.00258869
v 0.09183175 -0.00040135 0.00208785
v 0.09727933 -0.00119798 0.00315318
v 0.09863992 -0.00151178 0.00431560
v 0.09231614 -0.00041684 0.00311322
v 0.09924571 -0.00182034 0.00499694
v 0.09142472 -0.00061343 0.00102845
v 0.09351764 -0.00052638 0.00310583
v 0.09642376 -0.00111354 0.00361059
v 0.09715617 -0.00133003 0.00453140
v 0.09754949 -0.00123388 0.00504493
v 0.09376338 -0.00128168 0.00453370
v 0.09186891 -0.00122872 0.00513339
v 0.09177584 -0.00124539 0.00463450
v 0.09936263 -0.00164934 0.00534746
v 0.09149738 -0.00054039 0.00316535
v 0.09135730 -0.00119589 -0.00047192
v 0.09139715 -0.00192086 -0.00175216
v 0.09962660 -0.00254383 0.00306164
v 0.09977611 -0.00261901 0.00478308
v 0.09960003 -0.00333438 0.00071312
v 0.09998048 -0.00265819 0.00517446
v 0.09878563 -0.00393927 -0.00119237
v 0.09517019 -0.00398427 -0.00275680
v 0.09145301 -0.00146967 0.00484766
v 0.09653659 -0.00447118 -0.00258487
v 0.09421881 -0.00405480 -0.00321313
v 0.09660494 -0.00466125 -0.00303145
v 0.09236353 -0.00378078 -0.00311214
v 0.09793353 -0.00510148 -0.00220677
v 0.09844024 -0.00558226 -0.00233551
v 0.09891436 -0.00569514 -0.00172250
v 0.09994942 -0.00630164 -0.00100842
v 0.09981441 -0.00642137 -0.00138182
v 0.09983456 -0.00447770 -0.00007971
v 0.09171999 -0.00345509 -0.00296149
v 0.10030159 -0.00411083 0.00445359
v 0.10036901 -0.00663788 -0.00047125
v 0.10001680 -0.00373619 0.00211293
v 0.10096653 -0.00645622 0.00162766
v 0.10082900 -0.00698931 0.00032867
v 0.09145059 -0.00375578 -0.00307360
v 0.09134338 -0.00276325 -0.00245798
v 0.10153404 -0.00629990 -0.00168685
v 0.10110261 -0.00692476 -0.00079411
v 0.10083540 -0.00618026 -0.00214828
v 0.10215670 -0.00676021 -0.00049339
v 0.10172325 -0.00718821 0.00037827
v 0.10243702 -0.00699483 0.00058170
v 0.10020074 -0.00534811 -0.00308615
v 0.10134373 -0.00682566 0.00213967
v 0.10236836 -0.00675778 0.00201178
v 0.10192906 -0.00591878 0.00375157
v 0.10140870 -0.00627120 0.00325009
v 0.10080571 -0.00536905 0.00394658
v 0.09808922 -0.00107247 0.00533262
v 0.09986805 -0.00030935 0.00523696
v 0.09579574 -0.00098745 0.00528057
v 0.09575092 -0.00021698 0.00522764
v 0.09153570 -0.00110812 0.00541897
v 0.09178224 -0.00000939 0.00537488
v 0.10070639 -0.00140849 0.00549407
v 0.10087071 -0.00312178 0.00531343
v 0.10166454 -0.00368890 0.00504068
v 0.10161740 -0.00211979 0.00519019
v 0.10144252 -0.00459909 0.00471806
v 0.10075401 -0.00393438 0.00503508
v 0.10224590 -0.00524332 0.00411840
v 0.10249363 -0.00426227 0.00432751
v 0.10134687 -0.00100733 0.00514767
v 0.10256935 -0.00326443 0.00433381
v 0.10270851 -0.00608756 0.00257267
v 0.08265652 0.00260369 0.00927216
v 0.07897134 0.00436367 0.00846752
v 0.07703504 0.00346973 0.00904652
v 0.08290391 0.00353389 0.00877213
v 0.07703920 0.00253748 0.00949331
v 0.07705436 0.00465860 0.00831604
v 0.08250974 0.00464430 0.00804290
v 0.07920007 0.00537582 0.00764629
v 0.07699786 0.00579949 0.00730816
v 0.08238738 0.00621785 0.00652109
v 0.07929984 0.00650453 0.00643214
v 0.08312360 0.00511041 0.00746472
v 0.07699879 0.00651303 0.00648477
v 0.07700804 0.00709987 0.00557301
v 0.08268459 0.00748337 0.00444174
v 0.07924480 0.00762592 0.00458443
v 0.07699483 0.00761014 0.00473807
v 0.08310734 0.00706905 0.00497783
v 0.07703798 0.00823623 0.00301370
v 0.08224977 0.00816512 0.00249565
v 0.08306265 0.00803219 0.00216605
v 0.07706122 0.00851098 0.00174696
v 0.08259978 0.00840573 0.00024095
v 0.07702054 0.00871344 0.00029393
v 0.08311959 0.00810599 -0.00084446
v 0.08308215 0.00123383 0.00956889
v 0.09632443 -0.00331690 -0.00450857
v 0.09426585 -0.00386683 -0.00351331
v 0.09358834 -0.00300448 -0.00440172
v 0.09846968 -0.00467725 -0.00362592
v 0.09184754 -0.00353462 -0.00376354
v 0.09154980 -0.00270187 -0.00454460
v 0.09421881 -0.00405480 -0.00321313
v 0.09236353 -0.00378078 -0.00311214
v 0.09660494 -0.00466125 -0.00303145
v 0.09846358 -0.00544899 -0.00272206
v 0.10083540 -0.00618026 -0.00214828
v 0.10020074 -0.00534811 -0.00308615
v 0.09981441 -0.00642137 -0.00138182
v 0.09844024 -0.00558226 -0.00233551
v 0.10110261 -0.00692476 -0.00079411
v 0.09854295 -0.00429744 -0.00394096
v 0.09754446 -0.00362991 -0.00429397
v 0.09145059 -0.00375578 -0.00307360
v 0.09423245 -0.00243219 -0.00462317
v 0.09175280 -0.00151296 -0.00478503
v 0.09141015 -0.00369771 -0.00395174
v 0.06048199 -0.00078048 0.01476012
v 0.06102506 0.00049729 0.01482971
v 0.06102962 -0.00052762 0.01528708
v 0.06041961 0.00067445 0.01382842
v 0.06036407 0.00138595 0.01294931
v 0.06001137 0.00014932 0.01271981
v 0.05999854 -0.00190796 0.01258387
v 0.06053141 -0.00298018 0.01462476
v 0.06031106 -0.00408586 0.01242301
v 0.06055499 -0.00363053 0.01409966
v 0.06089008 -0.00335672 0.01505220
v 0.06102777 -0.00212743 0.01532393
v 0.06033482 0.00114398 0.01261937
v 0.06110220 -0.00471090 0.01345101
v 0.06097402 -0.00423280 0.01410392
v 0.06144098 -0.00360664 0.01499713
v 0.06221455 -0.00290619 0.01531937
v 0.06227664 -0.00356768 0.01499691
v 0.06144098 -0.00360664 0.01499713
v 0.06138791 -0.00301106 0.01534911
v 0.06089008 -0.00335672 0.01505220
v 0.06204833 -0.00148440 0.01564249
v 0.06292669 -0.00179296 0.01552069
v 0.06344807 -0.00072759 0.01575892
v 0.06347708 -0.00206993 0.01549279
v 0.06329557 -0.00300226 0.01488595
v 0.06237181 -0.00066552 0.01564257
v 0.06102777 -0.00212743 0.01532393
v 0.06102962 -0.00052762 0.01528708
v 0.06342643 0.00021645 0.01559357
v 0.06139002 -0.00002737 0.01531085
v 0.06292306 0.00149725 0.01475388
v 0.06348590 0.00149862 0.01504976
v 0.06102506 0.00049729 0.01482971
v 0.06341595 0.00235210 0.01445480
v 0.06166133 0.00154690 0.01408825
v 0.06153378 0.00210684 0.01354455
v 0.06305858 0.00238497 0.01401645
v 0.06036407 0.00138595 0.01294931
v 0.06347384 0.00276285 0.01388647
v 0.06370838 -0.00113159 0.01633030
v 0.06374986 0.00236704 0.01523005
v 0.06286029 -0.00496121 0.01210241
v 0.06102644 -0.00462283 0.01248166
v 0.06180773 -0.00492494 0.01305869
v 0.06344197 -0.00529307 0.01323888
v 0.06298232 -0.00484996 0.01163716
v 0.06110220 -0.00471090 0.01345101
v 0.06317167 -0.00504770 0.01434149
v 0.06354370 -0.00524105 0.01451005
v 0.06031106 -0.00408586 0.01242301
v 0.06331694 -0.00573246 0.01079047
v 0.06187548 -0.00411713 0.01437976
v 0.06097402 -0.00423280 0.01410392
v 0.06144098 -0.00360664 0.01499713
v 0.06227664 -0.00356768 0.01499691
v 0.06260842 -0.00360516 0.01458459
v 0.06329557 -0.00300226 0.01488595
v 0.06294418 -0.00308092 0.01463874
v 0.06221455 -0.00290619 0.01531937
v 0.10270851 -0.00608756 0.00257267
v 0.10249363 -0.00426227 0.00432751
v 0.10224590 -0.00524332 0.00411840
v 0.10256935 -0.00326443 0.00433381
v 0.10270039 -0.00397984 0.00262633
v 0.10256935 -0.00248637 0.00303645
v 0.10239297 -0.00175831 0.00426618
v 0.10255543 -0.00480440 0.00060358
v 0.10262184 -0.00636922 0.00039393
v 0.10222597 -0.00117728 0.00289636
v 0.10193932 -0.00037925 0.00400463
v 0.10243702 -0.00699483 0.00058170
v 0.10236836 -0.00675778 0.00201178
v 0.10134687 -0.00100733 0.00514767
v 0.10161740 -0.00211979 0.00519019
v 0.10215670 -0.00676021 -0.00049339
v 0.10211252 -0.00610715 -0.00103531
v 0.10153404 -0.00629990 -0.00168685
v 0.10166756 -0.00565180 -0.00167511
v 0.10074462 -0.00543508 -0.00268854
v 0.10224305 -0.00351208 0.00042427
v 0.10159117 -0.00392544 -0.00115664
v 0.10098562 -0.00359619 -0.00188936
v 0.10169689 -0.00183409 0.00065618
v 0.10144733 0.00025584 0.00295235
v 0.10075689 -0.00159089 -0.00053747
v 0.10078884 -0.00013197 0.00133141
v 0.09980382 -0.00169761 -0.00178224
v 0.09995247 -0.00375015 -0.00303177
v 0.09828119 -0.00175682 -0.00321609
v 0.10020074 -0.00534811 -0.00308615
v 0.09837922 -0.00339149 -0.00387142
v 0.09700928 -0.00143056 -0.00379174
v 0.09854295 -0.00429744 -0.00394096
v 0.09754446 -0.00362991 -0.00429397
v 0.09542061 -0.00165211 -0.00443215
v 0.09632443 -0.00331690 -0.00450857
v 0.09485685 -0.00209502 -0.00460038
v 0.09175280 -0.00151296 -0.00478503
v 0.09148932 -0.00071136 -0.00460746
v 0.09147916 -0.00184879 -0.00498443
v 0.09423245 -0.00243219 -0.00462317
v 0.09867155 -0.00086224 -0.00191474
v 0.09728793 -0.00002836 -0.00195303
v 0.10065959 0.00044792 0.00207520
v 0.09807769 0.00097091 0.00064496
v 0.09574960 0.00071130 -0.00197709
v 0.09661292 0.00152876 0.00054748
v 0.09399919 0.00142393 -0.00187815
v 0.09905397 0.00135156 0.00264973
v 0.10055178 0.00083266 0.00271588
v 0.09465851 0.00215667 0.00059601
v 0.09300508 0.00220003 -0.00066296
v 0.09141873 0.00223700 -0.00148099
v 0.09794348 0.00157791 0.00241115
v 0.09688254 0.00166242 0.00176817
v 0.09144502 0.00167220 -0.00248221
v 0.09185315 0.00276393 0.00034656
v 0.09145751 0.00284744 0.00029161
v 0.09492608 0.00214383 0.00225927
v 0.09502531 -0.00056396 -0.00391268
v 0.09176603 0.00093338 -0.00325980
v 0.09146453 0.00054759 -0.00392696
v 0.09177382 0.00010025 -0.00408522
v 0.10125689 0.00032234 0.00408608
v 0.09145392 0.00275684 0.00141957
v 0.10001813 0.00086760 0.00402949
v 0.08328402 -0.00659305 0.00251269
v 0.08327556 -0.00600995 0.00373464
v 0.08322528 -0.00695998 0.00312572
v 0.08333707 -0.00690840 0.00065268
v 0.08318459 -0.00533654 0.00485013
v 0.08319138 -0.00932918 0.00001305
v 0.08312759 -0.00900873 0.00275840
v 0.08278352 -0.00923998 0.00247207
v 0.08200523 -0.00960861 0.00050221
v 0.08013869 -0.00944091 0.00247343
v 0.07760123 -0.00975483 0.00084143
v 0.07708587 -0.00960849 0.00219356
v 0.07727549 -0.00979405 -0.00002598
v 0.07707819 -0.00929653 0.00317651
v 0.08046989 -0.00863224 0.00459603
v 0.08300781 -0.00858869 0.00417232
v 0.07704712 -0.00855503 0.00496884
v 0.08264876 -0.00784799 0.00560387
v 0.07955195 -0.00801816 0.00572986
v 0.07705135 -0.00734031 0.00676962
v 0.08309767 -0.00725472 0.00622144
v 0.07718624 -0.00989294 0.00111701
v 0.08237794 -0.00928548 -0.00158002
v 0.07701803 -0.00958352 -0.00137889
v 0.08313008 -0.00893326 -0.00223856
v 0.07699963 -0.00930930 -0.00244884
v 0.08051299 -0.00867357 -0.00371403
v 0.07714696 -0.00871775 -0.00399380
v 0.08303899 -0.00822646 -0.00409852
v 0.07703799 -0.00833386 -0.00470806
v 0.08269618 -0.00787464 -0.00479325
v 0.07704539 -0.00762263 -0.00580925
v 0.08249287 -0.00720846 -0.00580579
v 0.08321940 -0.00664496 -0.00602244
v 0.06250962 0.00228112 0.01313462
v 0.06158774 0.00216278 0.01325717
v 0.06172828 0.00196681 0.01274150
v 0.06288864 0.00181601 0.01219298
v 0.06036407 0.00138595 0.01294931
v 0.06033482 0.00114398 0.01261937
v 0.06305581 0.00215996 0.01234848
v 0.06336924 0.00261582 0.01307605
v 0.06321475 0.00188670 0.01163489
v 0.06305858 0.00238497 0.01401645
v 0.06153378 0.00210684 0.01354455
v 0.06347384 0.00276285 0.01388647
v 0.06272044 0.00119540 0.01201879
v 0.06338596 0.00288490 0.01120148
v 0.08321963 -0.00243865 -0.00668217
v 0.08329682 -0.00104881 -0.00664246
v 0.08328232 -0.00245341 -0.00628495
v 0.08331171 -0.00291557 -0.00606676
v 0.08326316 -0.00456660 -0.00493485
v 0.09178224 -0.00000939 0.00537488
v 0.09145211 0.00101233 0.00482748
v 0.09147515 -0.00033142 0.00566340
v 0.09173737 0.00099163 0.00457194
v 0.09146541 0.00180358 0.00383338
v 0.09323032 0.00119624 0.00419228
v 0.09363807 0.00169674 0.00361479
v 0.09709592 0.00046169 0.00470314
v 0.09819380 0.00101464 0.00410719
v 0.10001813 0.00086760 0.00402949
v 0.09986805 -0.00030935 0.00523696
v 0.09631915 0.00149761 0.00354276
v 0.09575092 -0.00021698 0.00522764
v 0.10125689 0.00032234 0.00408608
v 0.09143367 0.00250868 0.00263750
v 0.10134687 -0.00100733 0.00514767
v 0.09492608 0.00214383 0.00225927
v 0.09794348 0.00157791 0.00241115
v 0.09905397 0.00135156 0.00264973
v 0.09145392 0.00275684 0.00141957
v 0.10070639 -0.00140849 0.00549407
v 0.10193932 -0.00037925 0.00400463
v 0.06331694 -0.00573246 0.01079047
v 0.06285643 -0.00415414 0.01155758
v 0.06298232 -0.00484996 0.01163716
v 0.06333544 -0.00003340 -0.01152552
v 0.06332187 0.00127596 -0.01113789
v 0.06334908 -0.00108980 -0.01142134
v 0.06336438 0.00251742 -0.01080493
v 0.06349797 -0.01046347 0.00565819
v 0.06345402 -0.00751594 0.00910807
v 0.06355891 -0.01059718 0.00810329
v 0.06369188 -0.01340191 0.00698420
v 0.06345531 -0.01139640 0.00279562
v 0.06368006 -0.01407861 0.00307344
v 0.06343485 -0.01190266 0.00054068
v 0.06362604 -0.01433201 0.00131675
v 0.06360069 -0.00734158 0.01230748
v 0.06364390 -0.01116447 0.01164744
v 0.06361839 -0.01254719 0.00955918
v 0.06375527 -0.00677137 0.01555789
v 0.06338533 -0.00627229 0.01005865
v 0.06371596 -0.00603133 0.01473717
v 0.06378133 -0.00380612 0.01685879
v 0.06370202 -0.00342282 0.01561510
v 0.06381008 -0.00129638 0.01744029
v 0.06370838 -0.00113159 0.01633030
v 0.06363277 -0.01348425 -0.00319071
v 0.06374986 0.00236704 0.01523005
v 0.06331694 -0.00573246 0.01079047
v 0.06337579 -0.01150033 -0.00184689
v 0.06359459 -0.01264431 -0.00526522
v 0.06336140 -0.01110075 -0.00402267
v 0.06359439 -0.01140248 -0.00732990
v 0.06357846 -0.01241164 -0.00589575
v 0.06385152 0.00025232 0.01700142
v 0.06382242 0.00231075 0.01626523
v 0.06384756 0.00411323 0.01538498
v 0.06370016 0.00410488 0.01403692
v 0.06382317 0.00549434 0.01454681
v 0.06345205 0.00400868 0.01071853
v 0.06348470 0.00591369 0.00972314
v 0.06372626 0.00901602 0.01119194
v 0.06350232 0.00798549 0.00762358
v 0.06372010 0.01016382 0.00911357
v 0.06372599 0.01102871 0.00677699
v 0.06352209 0.00938851 0.00549403
v 0.06345432 0.01020378 0.00302802
v 0.06338596 0.00288490 0.01120148
v 0.06373604 0.01169867 0.00499208
v 0.06343405 0.01044192 0.00145373
v 0.06337150 -0.00489552 0.01078257
v 0.06359526 0.01172658 -0.00290470
v 0.06341942 0.01046057 0.00038260
v 0.06369196 0.01204062 0.00314636
v 0.06360660 0.01225747 0.00048041
v 0.06337687 0.01026961 -0.00413824
v 0.06334566 -0.01036315 -0.00617499
v 0.06333244 -0.00982156 -0.00613352
v 0.06325474 -0.00937082 -0.00722821
v 0.06363602 -0.01052878 -0.00867700
v 0.06362159 -0.00924174 -0.01010102
v 0.06341644 -0.00858937 -0.00874411
v 0.06333961 -0.00841852 -0.00815654
v 0.06361946 -0.00786228 -0.01105420
v 0.06327400 -0.00717459 -0.00912650
v 0.06339380 -0.00739017 -0.00984556
v 0.06358568 -0.00697192 -0.01179828
v 0.06340734 -0.00377856 -0.01161015
v 0.06326245 -0.00552349 -0.01048625
v 0.06361949 -0.00506968 -0.01250564
v 0.06364772 -0.00430969 -0.01296867
v 0.06352618 0.01083595 -0.00495782
v 0.06354818 0.00951648 -0.00748090
v 0.06331304 0.00842797 -0.00634108
v 0.06333795 0.00961001 -0.00394330
v 0.06333418 0.01021898 -0.00188975
v 0.06356966 0.00558192 -0.01115026
v 0.06353192 0.00609917 -0.01098166
v 0.06331282 0.00604951 -0.00866110
v 0.06330442 0.00535401 -0.00925608
v 0.06337102 0.00385431 -0.01090754
v 0.06334677 0.00410274 -0.01005659
v 0.06356905 0.00361798 -0.01218776
v 0.06363769 0.00214269 -0.01294465
v 0.06360436 0.00063523 -0.01321513
v 0.06335631 0.00818314 -0.00633236
v 0.06368057 0.01119467 0.00697033
v 0.06336924 0.00261582 0.01307605
v 0.06347384 0.00276285 0.01388647
v 0.06363917 -0.01399739 0.00483926
v 0.06344197 -0.00529307 0.01323888
v 0.06354370 -0.00524105 0.01451005
v 0.06336258 0.00728379 -0.00740637
v 0.06366537 -0.00868947 0.01411963
v 0.06361136 -0.01017280 0.01301028
v 0.06355996 -0.00116246 -0.01335808
v 0.06346856 0.01052685 -0.00608828
v 0.06332635 -0.00568650 -0.01008880
v 0.06331206 -0.00405598 -0.01088364
v 0.06370420 0.00881346 0.01152184
v 0.06326542 -0.00303787 -0.01136129
v 0.06340373 -0.00260068 -0.01118071
v 0.06349894 0.00464414 -0.01195006
v 0.06343984 0.00541127 0.00986436
v 0.06370694 0.00667349 0.00873885
v 0.06358097 -0.01405041 -0.00084583
v 0.06347708 -0.00206993 0.01549279
v 0.06344807 -0.00072759 0.01575892
v 0.06348198 -0.00550637 -0.01254994
v 0.06329557 -0.00300226 0.01488595
v 0.06353996 -0.01170773 0.00065572
v -0.01047320 0.00069590 -0.00348373
v -0.01499814 0.00080542 -0.00374920
v -0.01186728 0.00116124 -0.00360361
v -0.01445694 0.00184313 -0.00379550
v -0.00795722 0.00138566 -0.00335131
v -0.01870590 0.00113565 -0.00418543
v -0.01846791 0.00171480 -0.00427206
v -0.01815002 0.00229679 -0.00420899
v -0.02320436 0.00171006 -0.00436715
v -0.02169456 0.00227118 -0.00436538
v -0.02974925 0.00173833 -0.00432332
v -0.03020170 0.00224739 -0.00433766
v -0.03196700 0.00149304 -0.00421529
v -0.03201275 0.00240100 -0.00427768
v -0.02873520 0.00118003 -0.00411173
v -0.01102865 0.00024533 -0.00329651
v -0.00658672 0.00003564 -0.00325276
v -0.00445728 0.00098958 -0.00333470
v -0.00380116 -0.00008613 -0.00328308
v -0.00154580 0.00098504 -0.00328392
v 0.00111625 0.00080757 -0.00324645
v -0.00019284 -0.00004321 -0.00321681
v 0.00398056 0.00003296 -0.00320143
v 0.00582477 0.00040753 -0.00317673
v 0.00735563 -0.00047018 -0.00275015
v 0.00993582 0.00031168 -0.00288741
v 0.00973165 -0.00027312 -0.00265476
v -0.01812279 0.00054356 -0.00383629
v -0.03207196 0.00095371 -0.00364257
v -0.02150355 0.00071424 -0.00390555
v -0.02853480 0.00084964 -0.00387433
v -0.01756070 0.00024946 -0.00344133
v 0.00320511 -0.00058819 -0.00278537
v -0.00230597 -0.00066210 -0.00266917
v 0.00626801 0.00078711 -0.00308395
v -0.03160901 0.00276360 -0.00421341
v -0.01049798 0.00172333 -0.00332294
v -0.01450428 0.00236875 -0.00369850
v 0.00990024 0.00098694 -0.00273705
v -0.02157943 0.00287963 -0.00418758
v 0.01078077 0.00113956 -0.00245771
v -0.01849681 0.00314038 -0.00391181
v -0.02502027 0.00326314 -0.00401365
v -0.03206422 0.00315034 -0.00393121
v -0.00521759 -0.00038760 -0.00287536
v -0.00464586 -0.00074342 -0.00251624
v -0.01115324 -0.00010586 -0.00279124
v 0.00948639 -0.00053258 -0.00237084
v -0.01432774 0.00291545 -0.00333916
v 0.00652004 0.00121493 -0.00280577
v -0.00002586 0.00157028 -0.00280598
v 0.00200547 0.00147856 -0.00271880
v -0.00396961 0.00175123 -0.00261118
v -0.02181334 0.00348053 -0.00370365
v -0.00816327 0.00195444 -0.00282025
v -0.03194870 0.00354552 -0.00353472
v -0.01782824 0.00333520 -0.00358368
v -0.02908929 0.00366334 -0.00348409
v -0.00986673 0.00224831 -0.00269063
v -0.01223087 0.00262291 -0.00291925
v 0.00742344 0.00142347 -0.00239170
v -0.01876325 0.00368300 -0.00308226
v -0.00685510 0.00204160 -0.00237571
v -0.02480571 0.00378301 -0.00318085
v -0.01406527 0.00315771 -0.00274039
v -0.01109773 0.00256838 -0.00245384
v 0.00163473 0.00159957 -0.00247705
v -0.03157745 0.00384010 -0.00278496
v -0.01604760 0.00349263 -0.00247004
v 0.00724506 0.00150751 -0.00203108
v 0.01151864 0.00120973 -0.00192971
v -0.01917320 0.00376054 -0.00266778
v 0.00004979 0.00173328 -0.00196635
v -0.00629748 0.00193602 -0.00191213
v -0.01095155 0.00254711 -0.00183890
v -0.01345251 0.00297088 -0.00202819
v -0.01372924 0.00281858 -0.00161267
v -0.01581373 0.00335545 -0.00197236
v -0.01778679 0.00329472 -0.00153010
v -0.01991958 0.00367275 -0.00210949
v -0.02466716 0.00331960 -0.00152433
v -0.01433869 0.00245374 -0.00113136
v -0.01086081 0.00227905 -0.00148755
v -0.02836251 0.00372563 -0.00207863
v -0.03173617 0.00345515 -0.00182464
v -0.01202779 0.00197664 -0.00108502
v -0.00821789 0.00140093 -0.00109975
v -0.01826573 0.00275851 -0.00110963
v -0.00721691 0.00181962 -0.00154581
v -0.02302156 0.00277697 -0.00118308
v -0.00312512 0.00099378 -0.00105859
v -0.00092935 0.00159842 -0.00158828
v 0.00251216 0.00121856 -0.00145957
v -0.02998842 0.00276345 -0.00128454
v 0.00003088 0.00054083 -0.00104221
v 0.00220433 0.00071773 -0.00118215
v 0.00910563 0.00077292 -0.00125719
v -0.01722337 0.00224597 -0.00094989
v 0.00934014 0.00111452 -0.00148869
v -0.03199006 0.00266237 -0.00136216
v -0.01334074 0.00164286 -0.00089752
v -0.00846796 0.00110425 -0.00099790
v -0.01168917 0.00114360 -0.00093225
v 0.01114058 0.00067183 -0.00109908
v -0.02313014 0.00223967 -0.00109473
v 0.01143034 0.00109906 -0.00149824
v -0.02981733 0.00230232 -0.00121987
v 0.00979249 0.00031519 -0.00120063
v -0.03196525 0.00202933 -0.00136513
v -0.00503471 0.00037003 -0.00099424
v -0.00923328 0.00067932 -0.00098402
v 0.00079718 0.00020220 -0.00115566
v -0.01780525 0.00171592 -0.00093777
v -0.01985907 0.00143980 -0.00107620
v -0.02315342 0.00167072 -0.00112861
v -0.02884933 0.00164821 -0.00126564
v -0.01446877 0.00093013 -0.00103027
v 0.00272123 0.00152457 -0.00179747
v 0.00605500 -0.00029313 -0.00129659
v -0.00892248 0.00040116 -0.00105363
v -0.00884824 0.00220203 -0.00196137
v 0.00938435 -0.00043151 -0.00149312
v 0.00724506 0.00150751 -0.00203108
v -0.02510325 0.00094749 -0.00150179
v -0.02915918 0.00121238 -0.00149489
v -0.02267325 0.00089576 -0.00150701
v 0.00055075 -0.00050299 -0.00151071
v -0.00366554 -0.00047292 -0.00147394
v 0.00626388 -0.00057721 -0.00146763
v -0.01858173 0.00055784 -0.00157039
v -0.00782709 -0.00014867 -0.00148244
v -0.03206692 0.00120182 -0.00192326
v -0.00629748 0.00193602 -0.00191213
v 0.01151864 0.00120973 -0.00192971
v 0.00004979 0.00173328 -0.00196635
v -0.03157745 0.00384010 -0.00278496
v -0.03210173 0.00363562 -0.00252027
v -0.02722171 0.00384503 -0.00258927
v -0.01604760 0.00349263 -0.00247004
v -0.01917320 0.00376054 -0.00266778
v -0.01406527 0.00315771 -0.00274039
v -0.00685510 0.00204160 -0.00237571
v -0.00396961 0.00175123 -0.00261118
v 0.00163473 0.00159957 -0.00247705
v -0.01109773 0.00256838 -0.00245384
v -0.01101549 -0.00007586 -0.00187239
v -0.01078431 0.00021855 -0.00135278
v -0.01718054 0.00027353 -0.00186277
v -0.01858173 0.00055784 -0.00157039
v -0.00782709 -0.00014867 -0.00148244
v -0.02267325 0.00089576 -0.00150701
v -0.02247085 0.00031426 -0.00235774
v -0.02451435 0.00061245 -0.00191598
v -0.02510325 0.00094749 -0.00150179
v -0.02935882 0.00077590 -0.00196376
v -0.02599828 0.00039190 -0.00252053
v -0.00540477 -0.00050098 -0.00179510
v -0.00366554 -0.00047292 -0.00147394
v -0.00433905 -0.00071886 -0.00192770
v 0.00055075 -0.00050299 -0.00151071
v 0.00118551 -0.00068704 -0.00182347
v 0.00609598 -0.00078161 -0.00180858
v 0.00626388 -0.00057721 -0.00146763
v 0.00938435 -0.00043151 -0.00149312
v -0.02915918 0.00121238 -0.00149489
v 0.00923042 -0.00058851 -0.00184225
v -0.01658580 0.00006719 -0.00237473
v -0.02933623 0.00051537 -0.00272435
v -0.03200302 0.00078605 -0.00292760
v -0.03206692 0.00120182 -0.00192326
v -0.00543399 -0.00062223 -0.00229947
v -0.01154846 -0.00013701 -0.00232412
v -0.01851675 0.00007959 -0.00291959
v -0.02607726 0.00039006 -0.00290271
v 0.00082507 -0.00074586 -0.00234377
v 0.00510104 -0.00079912 -0.00231979
v -0.00464586 -0.00074342 -0.00251624
v -0.01436256 0.00005896 -0.00292459
v 0.00948639 -0.00053258 -0.00237084
v -0.01115324 -0.00010586 -0.00279124
v -0.02564551 0.00045440 -0.00327569
v -0.03207196 0.00095371 -0.00364257
v -0.01756070 0.00024946 -0.00344133
v -0.00230597 -0.00066210 -0.00266917
v 0.00320511 -0.00058819 -0.00278537
v -0.02853480 0.00084964 -0.00387433
v -0.00521759 -0.00038760 -0.00287536
v -0.01102865 0.00024533 -0.00329651
v 0.00735563 -0.00047018 -0.00275015
v -0.02150355 0.00071424 -0.00390555
v -0.01812279 0.00054356 -0.00383629
v -0.00892248 0.00040116 -0.00105363
v -0.01446877 0.00093013 -0.00103027
v -0.03206422 0.00315034 -0.00393121
v -0.03217435 0.00189529 -0.00374300
v -0.03222944 0.00242971 -0.00193671
v -0.03210173 0.00363562 -0.00252027
v -0.03207196 0.00095371 -0.00364257
v -0.03206692 0.00120182 -0.00192326
v -0.03201275 0.00240100 -0.00427768
v -0.03200302 0.00078605 -0.00292760
v -0.03196700 0.00149304 -0.00421529
v -0.03196525 0.00202933 -0.00136513
v -0.03199006 0.00266237 -0.00136216
v -0.03194870 0.00354552 -0.00353472
v -0.03173617 0.00345515 -0.00182464
v -0.03157745 0.00384010 -0.00278496
v 0.00973165 -0.00027312 -0.00265476
v 0.00993582 0.00031168 -0.00288741
v 0.00948639 -0.00053258 -0.00237084
v 0.00979249 0.00031519 -0.00120063
v 0.00938435 -0.00043151 -0.00149312
v 0.01114058 0.00067183 -0.00109908
v 0.01078077 0.00113956 -0.00245771
v 0.01151864 0.00120973 -0.00192971
v 0.01143034 0.00109906 -0.00149824
v -0.02722171 0.00384503 -0.00258927
v -0.01917320 0.00376054 -0.00266778
v -0.02480571 0.00378301 -0.00318085
v -0.03157745 0.00384010 -0.00278496
v -0.00685510 0.00204160 -0.00237571
v -0.00986673 0.00224831 -0.00269063
v -0.00884824 0.00220203 -0.00196137
v -0.01095155 0.00254711 -0.00183890
v -0.01109773 0.00256838 -0.00245384
v -0.01604760 0.00349263 -0.00247004
v -0.01876325 0.00368300 -0.00308226
v -0.01917320 0.00376054 -0.00266778
vt 0.40101877 0.32030129
vt 0.47645286 0.31923401
vt 0.43957028 0.32268512
vt 0.43098080 0.30143905
vt 0.49825695 0.30630910
vt 0.51986098 0.32361567
vt 0.46029583 0.28917950
vt 0.50724208 0.28813827
vt 0.39916670 0.28897518
vt 0.30083376 0.28792983
vt 0.37669992 0.31958210
vt 0.30188507 0.31752169
vt 0.27379867 0.28583038
vt 0.21685733 0.31336725
vt 0.21805505 0.28327626
vt 0.17743459 0.31114382
vt 0.17069750 0.28381979
vt 0.53449452 0.30439162
vt 0.55717802 0.32171154
vt 0.13412178 0.30962276
vt 0.58599472 0.28608555
vt 0.57325071 0.30733943
vt 0.65070397 0.30796689
vt 0.64356333 0.28124237
vt 0.68325549 0.28032517
vt 0.70790756 0.30777192
vt 0.75312370 0.30885506
vt 0.74883723 0.27837479
vt 0.78688276 0.30836844
vt 0.77629757 0.27810067
vt 0.81165403 0.30644929
vt 0.81642693 0.28089422
vt 0.81139117 0.27766073
vt 0.58297873 0.32939494
vt 0.81670684 0.31141633
vt 0.36777538 0.28683764
vt 0.63642460 0.33045661
vt 0.13063769 0.28162646
vt 0.08367408 0.27977049
vt 0.06319996 0.30630934
vt 0.06223414 0.32260466
vt 0.04712559 0.31667119
vt 0.04825856 0.30172729
vt 0.04667712 0.33294713
vt 0.04999620 0.28044057
vt 0.07975936 0.33644456
vt 0.13199762 0.33831298
vt 0.24092156 0.32964081
vt 0.71416128 0.33279961
vt 0.77928227 0.33624214
vt 0.80235302 0.33300209
vt 0.19045295 0.34137106
vt 0.37702161 0.32676959
vt 0.28558612 0.34428346
vt 0.23934083 0.34323692
vt 0.81633216 0.33161247
vt 0.32822549 0.34720403
vt 0.38582990 0.34964854
vt 0.44729424 0.35025680
vt 0.52082783 0.34006917
vt 0.04534926 0.35185683
vt 0.52572238 0.35365939
vt 0.58530563 0.35343528
vt 0.62530541 0.35005975
vt 0.08474531 0.34739435
vt 0.04430377 0.37383682
vt 0.81264061 0.34412283
vt 0.70523119 0.35230786
vt 0.75754833 0.35204184
vt 0.08822564 0.37585509
vt 0.12643917 0.35421515
vt 0.19393386 0.36120141
vt 0.25443003 0.35797143
vt 0.27864286 0.34994566
vt 0.15689430 0.37771356
vt 0.62690896 0.36593497
vt 0.73849064 0.36933374
vt 0.67567390 0.36674404
vt 0.80512309 0.36864722
vt 0.81528872 0.35539389
vt 0.77323991 0.37041295
vt 0.22731496 0.37747920
vt 0.26406255 0.37760484
vt 0.30950817 0.36491740
vt 0.38295665 0.36553288
vt 0.50453228 0.36708528
vt 0.45236978 0.36605227
vt 0.57704937 0.36743402
vt 0.71864593 0.27879930
vt 0.32365471 0.38173139
vt 0.81650651 0.36670572
vt 0.44334629 0.38469142
vt 0.37705976 0.38323176
vt 0.59037322 0.38508868
vt 0.12473811 0.37981695
vt 0.81501800 0.37700999
vt 0.21917506 0.38402277
vt 0.26703215 0.38281202
vt 0.69440687 0.37082398
vt 0.65177327 0.39069694
vt 0.55611616 0.38847911
vt 0.05729279 0.38475221
vt 0.04190159 0.40951651
vt 0.76338762 0.39265394
vt 0.06307158 0.41750860
vt 0.09561424 0.39792275
vt 0.10949995 0.41899347
vt 0.16237397 0.40142715
vt 0.23563950 0.39238411
vt 0.80094385 0.39703596
vt 0.81427288 0.39044625
vt 0.31250772 0.39400190
vt 0.39723605 0.39410776
vt 0.26602456 0.39707732
vt 0.18309285 0.42315185
vt 0.22281064 0.40750229
vt 0.55227578 0.39605695
vt 0.72142303 0.39723504
vt 0.63846308 0.40659869
vt 0.53737468 0.40359390
vt 0.12542146 0.42305493
vt 0.04137123 0.42233628
vt 0.26887101 0.41179782
vt 0.22135063 0.42183149
vt 0.31724733 0.40604639
vt 0.42604634 0.40603280
vt 0.81466848 0.40949309
vt 0.77499890 0.40902257
vt 0.70093548 0.40759832
vt 0.07110435 0.42634863
vt 0.26972735 0.42519301
vt 0.29814878 0.42791378
vt 0.53935874 0.41165113
vt 0.32367432 0.42552829
vt 0.04120204 0.43826252
vt 0.42464322 0.41725999
vt 0.35582784 0.42489791
vt 0.52317661 0.42009765
vt 0.63110715 0.41984999
vt 0.71182913 0.41775954
vt 0.78230464 0.41629326
vt 0.19567811 0.42661035
vt 0.81406367 0.42820227
vt 0.49602383 0.42690933
vt 0.56872481 0.43192494
vt 0.69198895 0.43663681
vt 0.78107601 0.43286002
vt 0.72448683 0.43244421
vt 0.23830268 0.43112171
vt 0.08564790 0.44477665
vt 0.13405694 0.44305778
vt 0.04074074 0.45563340
vt 0.06611541 0.46935177
vt 0.04514195 0.46994770
vt 0.10139215 0.45624244
vt 0.81425714 0.43698972
vt 0.76923192 0.44144380
vt 0.18462828 0.44888639
vt 0.04093478 0.46863651
vt 0.49236414 0.43078732
vt 0.39157832 0.42811430
vt 0.81620347 0.39998454
vt 0.04425060 0.37074715
vt 0.13972455 0.46816623
vt 0.19049695 0.46602386
vt 0.09503831 0.46923530
vt 0.27126798 0.43493950
vt 0.22169507 0.46381211
vt 0.81475270 0.45036030
vt 0.30918720 0.44161713
vt 0.25427660 0.46186161
vt 0.81746030 0.34793413
vt 0.36501306 0.45524657
vt 0.27780902 0.46088713
vt 0.57848305 0.45786810
vt 0.61284894 0.43869382
vt 0.62623209 0.45904624
vt 0.70025194 0.44384670
vt 0.70324111 0.46165073
vt 0.77340573 0.45634913
vt 0.81296581 0.46590513
vt 0.49746266 0.45572639
vt 0.42099345 0.45417464
vt 0.77705538 0.46395087
vt 0.30527225 0.45907497
vt 0.32922232 0.45721328
vt 0.78565735 0.48769569
vt 0.68976802 0.48168695
vt 0.61920995 0.48391342
vt 0.54017240 0.48109686
vt 0.42641431 0.47452378
vt 0.81193596 0.49320179
vt 0.38640061 0.47924018
vt 0.44455537 0.48175389
vt 0.69669628 0.48674321
vt 0.81359559 0.48460925
vt 0.32909507 0.47841990
vt 0.55427837 0.48554158
vt 0.31071299 0.48011589
vt 0.35619465 0.48381400
vt 0.04238071 0.48925483
vt 0.79729825 0.50001711
vt 0.27790117 0.47781861
vt 0.25070626 0.47757071
vt 0.76090425 0.50378811
vt 0.20768103 0.47493923
vt 0.06367005 0.49021900
vt 0.81256551 0.50516540
vt 0.09380199 0.48609948
vt 0.14067964 0.48364431
vt 0.27949017 0.49167550
vt 0.32200325 0.48869681
vt 0.70300633 0.50052994
vt 0.62154019 0.49768430
vt 0.25675216 0.49300003
vt 0.19838023 0.49477243
vt 0.04445436 0.50953418
vt 0.09141558 0.50863206
vt 0.56168830 0.49621224
vt 0.37801519 0.49605739
vt 0.47675398 0.49382687
vt 0.14791295 0.50265741
vt 0.81186444 0.51616871
vt 0.78670782 0.51972967
vt 0.70394802 0.51498896
vt 0.35177124 0.50529844
vt 0.45389557 0.50764924
vt 0.57595861 0.51146519
vt 0.31001279 0.50368261
vt 0.27827296 0.50348812
vt 0.81143016 0.52950472
vt 0.17196187 0.52950472
vt 0.20354308 0.52033728
vt 0.04406923 0.51489395
vt 0.71296763 0.85384548
vt 0.71764416 0.86597997
vt 0.70314676 0.86394435
vt 0.71044821 0.87605560
vt 0.72555065 0.87725645
vt 0.73253757 0.86435694
vt 0.73625392 0.87765968
vt 0.73460990 0.88709867
vt 0.72276503 0.88812602
vt 0.73426980 0.89639509
vt 0.74480265 0.89549488
vt 0.74514866 0.90493476
vt 0.72725809 0.85304803
vt 0.74369371 0.84944195
vt 0.73421860 0.84689581
vt 0.74300563 0.83484721
vt 0.75396389 0.84413499
vt 0.75434124 0.83368421
vt 0.73169976 0.83819556
vt 0.72041482 0.84372199
vt 0.72108585 0.83037609
vt 0.71103299 0.84050763
vt 0.70084757 0.85183358
vt 0.70225489 0.83661783
vt 0.69356453 0.84184629
vt 0.69408536 0.83205336
vt 0.71183419 0.82599199
vt 0.73100418 0.82142407
vt 0.74068636 0.82599413
vt 0.68729347 0.86087471
vt 0.68562043 0.84794050
vt 0.69254202 0.85368848
vt 0.67842591 0.85490876
vt 0.68017477 0.86833394
vt 0.69092959 0.87402093
vt 0.66935301 0.86214942
vt 0.66760862 0.84877050
vt 0.65846479 0.85546774
vt 0.65672421 0.84213275
vt 0.66594243 0.83593476
vt 0.67675489 0.84202647
vt 0.67460543 0.82941812
vt 0.68590039 0.83523661
vt 0.68149930 0.82267022
vt 0.67197996 0.81707817
vt 0.67839158 0.81054777
vt 0.68663090 0.81568980
vt 0.68575406 0.80552852
vt 0.67656791 0.79887545
vt 0.69746751 0.81296515
vt 0.69406867 0.80201870
vt 0.70861208 0.80529779
vt 0.70814335 0.79418546
vt 0.71814555 0.79900110
vt 0.72021759 0.80873954
vt 0.70984364 0.81590033
vt 0.72712016 0.80280083
vt 0.72607434 0.79407299
vt 0.71739233 0.78904414
vt 0.70112920 0.82367086
vt 0.68172604 0.79140121
vt 0.66942716 0.80528295
vt 0.66173887 0.81135267
vt 0.65975219 0.79989946
vt 0.65348929 0.81709093
vt 0.66380048 0.82336998
vt 0.65506577 0.82933944
vt 0.64577371 0.83499008
vt 0.64618558 0.84645671
vt 0.63516188 0.83876306
vt 0.63432246 0.84889746
vt 0.62538201 0.83239597
vt 0.63591462 0.82859153
vt 0.61677772 0.84550464
vt 0.63863218 0.86232966
vt 0.61909407 0.85878152
vt 0.62518126 0.86999571
vt 0.63829362 0.87273341
vt 0.64528239 0.82348984
vt 0.63658863 0.81838554
vt 0.64487243 0.81254631
vt 0.64455503 0.80217505
vt 0.66108423 0.86906004
vt 0.65024012 0.86447787
vt 0.65362573 0.87563813
vt 0.66298270 0.88347334
vt 0.67117631 0.87607062
vt 0.65481496 0.88931334
vt 0.64619708 0.88065386
vt 0.64667302 0.89358711
vt 0.65339923 0.90205181
vt 0.66415477 0.89871627
vt 0.66210258 0.91066140
vt 0.67393875 0.90854502
vt 0.67279857 0.91941035
vt 0.65961456 0.92382222
vt 0.66835660 0.93922108
vt 0.65549237 0.94430107
vt 0.66643178 0.95333427
vt 0.64936560 0.91385156
vt 0.70247954 0.87953842
vt 0.72102004 0.81871760
vt 0.72876573 0.81191754
vt 0.67395866 0.88894862
vt 0.68288130 0.88071907
vt 0.67852443 0.89943087
vt 0.68654168 0.89206207
vt 0.68487191 0.90750414
vt 0.69451255 0.88487190
vt 0.70606816 0.88852590
vt 0.73524344 0.90553784
vt 0.74566501 0.88592666
vt 0.69317490 0.79029077
vt 0.75638527 0.85243303
vt 0.74441594 0.91577095
vt 0.75182039 0.85891026
vt 0.76159871 0.85855597
vt 0.75773072 0.87259430
vt 0.74805641 0.82171160
vt 0.75483751 0.90371329
vt 0.75540346 0.91374314
vt 0.75536525 0.92469418
vt 0.76627064 0.92218280
vt 0.76503181 0.91203696
vt 0.76430309 0.90188384
vt 0.76426089 0.89169145
vt 0.75501859 0.89400554
vt 0.75594008 0.88461775
vt 0.77254385 0.88856882
vt 0.75018686 0.86871648
vt 0.74746448 0.87699884
vt 0.77267510 0.89924842
vt 0.78117549 0.90723479
vt 0.78603619 0.88956904
vt 0.65118307 0.79528242
vt 0.65849066 0.78757715
vt 0.76707298 0.86443013
vt 0.77003419 0.85642916
vt 0.78133839 0.86548227
vt 0.77531177 0.87476540
vt 0.76609939 0.87460971
vt 0.76792258 0.93226230
vt 0.73553991 0.79625398
vt 0.76385570 0.84927505
vt 0.76864177 0.84254205
vt 0.77547336 0.92049289
vt 0.73507476 0.80559051
vt 0.64922541 0.78389513
vt 0.64222741 0.78830093
vt 0.63415515 0.79293400
vt 0.65187705 0.96010005
vt 0.75979972 0.94195366
vt 0.68112379 0.93951809
vt 0.68591213 0.92034310
vt 0.69619697 0.92868137
vt 0.70394582 0.91406620
vt 0.70671827 0.92608154
vt 0.72135317 0.91839105
vt 0.72564524 0.92863488
vt 0.69597208 0.93960887
vt 0.68914479 0.95902604
vt 0.67904705 0.96065217
vt 0.71288288 0.93946475
vt 0.70594543 0.95565766
vt 0.72188431 0.94615966
vt 0.73354125 0.94110972
vt 0.74262339 0.92802477
vt 0.73306549 0.91732699
vt 0.74918026 0.94191104
vt 0.72382963 0.90658110
vt 0.70451707 0.90341890
vt 0.62589014 0.82177442
vt 0.63088405 0.80566561
vt 0.75585616 0.82458985
vt 0.76811606 0.83034563
vt 0.73701268 0.81347895
vt 0.74370480 0.80461484
vt 0.74495751 0.81342775
vt 0.75596017 0.81209463
vt 0.78845823 0.87973452
vt 0.63378859 0.88967389
vt 0.63757145 0.90928519
vt 0.62333453 0.89909542
vt 0.61895466 0.91370606
vt 0.63207966 0.92445326
vt 0.64257938 0.92395878
vt 0.64630359 0.93357730
vt 0.63049090 0.93668318
vt 0.62263840 0.93228173
vt 0.61276495 0.93069643
vt 0.62307578 0.94157374
vt 0.72949153 0.78192616
vt 0.71795881 0.77894014
vt 0.71094179 0.78347260
vt 0.70269418 0.78730160
vt 0.63625282 0.94394153
vt 0.78942198 0.86614972
vt 0.66652060 0.77891248
vt 0.67540765 0.78504664
vt 0.68313718 0.77732807
vt 0.76519328 0.81839859
vt 0.76106286 0.81028575
vt 0.77919418 0.85555977
vt 0.75098753 0.79485130
vt 0.75772184 0.80447066
vt 0.71490896 0.89581174
vt 0.63985187 0.95639414
vt 0.74517226 0.95579123
vt 0.67353153 0.96776134
vt 0.61568552 0.81452525
vt 0.60713029 0.83556861
vt 0.60586011 0.84534174
vt 0.61605376 0.82749665
vt 0.60642606 0.85697216
vt 0.62553024 0.88696545
vt 0.69475847 0.77800107
vt 0.71922857 0.95788383
vt 0.72905481 0.96577609
vt 0.71578461 0.96849233
vt 0.69864058 0.97076875
vt 0.70670056 0.77729714
vt 0.60942960 0.86952591
vt 0.61816847 0.87845516
vt 0.59224778 0.86436766
vt 0.59170407 0.87918705
vt 0.60968959 0.88526857
vt 0.59406799 0.89931726
vt 0.60685432 0.90105176
vt 0.59541923 0.84980690
vt 0.74533433 0.78926104
vt 0.60092664 0.91698939
vt 0.75482935 0.80001312
vt 0.75905955 0.79669815
vt 0.76517725 0.80516517
vt 0.59954953 0.83520561
vt 0.61784029 0.80110675
vt 0.60391605 0.82045513
vt 0.61131728 0.80943102
vt 0.59398335 0.81845409
vt 0.61375171 0.79301304
vt 0.59155858 0.84285676
vt 0.57910132 0.84014583
vt 0.58031142 0.85829383
vt 0.58493865 0.87434137
vt 0.57973737 0.88753647
vt 0.58934516 0.90353400
vt 0.58183819 0.90865225
vt 0.59239197 0.93209517
vt 0.61219347 0.95640367
vt 0.59764910 0.79471165
vt 0.58320379 0.82025367
vt 0.60870761 0.78948861
vt 0.62073737 0.77672040
vt 0.66050166 0.76399612
vt 0.66725266 0.75439954
vt 0.69784427 0.75231642
vt 0.68650985 0.76855534
vt 0.70716244 0.76608938
vt 0.71786618 0.75522691
vt 0.72946513 0.77107441
vt 0.74501026 0.76172352
vt 0.75512600 0.77869511
vt 0.76641285 0.77333981
vt 0.77269644 0.79330534
vt 0.77872759 0.78555101
vt 0.79566073 0.82933837
vt 0.80736738 0.82947600
vt 0.81055450 0.84703690
vt 0.80057496 0.85335052
vt 0.81216931 0.86259168
vt 0.80099803 0.88184142
vt 0.81194848 0.87583464
vt 0.78242213 0.93524045
vt 0.79638714 0.93055367
vt 0.78881526 0.94179976
vt 0.79189336 0.91445935
vt 0.80843604 0.90185446
vt 0.79767019 0.89770532
vt 0.78175098 0.95044690
vt 0.75216931 0.95571721
vt 0.76604587 0.96388572
vt 0.78949499 0.79635352
vt 0.73490965 0.96872246
vt 0.73610777 0.98080468
vt 0.71577013 0.98511863
vt 0.70951355 0.97664028
vt 0.68679470 0.97551835
vt 0.68586266 0.98750687
vt 0.66584897 0.97734457
vt 0.65257841 0.98299909
vt 0.63566405 0.97407073
vt 0.65382540 0.96757799
vt 0.63348609 0.95951176
vt 0.62052375 0.95548284
vt 0.60869306 0.93416697
vt 0.57419658 0.87547415
vt 0.63255441 0.78723097
vt 0.64536101 0.77992141
vt 0.66639650 0.77439719
vt 0.77410948 0.81888664
vt 0.57407409 0.85728759
vt 0.62890762 0.95050341
vt 0.77797061 0.83856517
vt 0.77962160 0.83087641
vt 0.78556883 0.84231383
vt 0.77069712 0.81306672
vt 0.79072040 0.85546744
vt 0.61955303 0.94575948
vt 0.75300372 0.78691125
vt 0.74343443 0.78192550
vt 0.68091536 0.77378869
vt 0.63395464 0.76648653
vt 0.79047555 0.89583039
vt 0.78775549 0.90734249
vt 0.77198917 0.80475187
vt 0.76164395 0.79289472
vt 0.60480154 0.95355904
vt 0.77759475 0.92741644
vt 0.76634175 0.94288242
vt 0.79491037 0.86384606
vt 0.79347658 0.88264394
vt 0.69821626 0.77258945
vt 0.71248090 0.77352834
vt 0.72324038 0.77546501
vt 0.73585832 0.77969873
vt 0.78435028 0.91424811
vt 0.78594524 0.82811195
vt 0.79411429 0.84004301
vt 0.62048370 0.96696019
vt 0.60409963 0.78776509
vt 0.58681357 0.92838562
vt 0.57517081 0.89560324
vt 0.75110650 0.97557592
vt 0.72329819 0.98536777
vt 0.65628386 0.75691098
vt 0.61712408 0.77603847
vt 0.69556051 0.98893571
vt 0.78086787 0.78504229
vt 0.80025488 0.81246942
vt 0.71194792 0.75274652
vt 0.57606715 0.84094214
vt 0.71456361 0.98732829
vt 0.73123175 0.75633854
vt 0.77380008 0.95958871
vt 0.80232435 0.91970968
vt 0.78868651 0.84219062
vt 0.68302768 0.75184405
vt 0.67602956 0.98893571
vt 0.66249424 0.98661494
vt 0.34469563 0.10661793
vt 0.35617062 0.09102362
vt 0.42944512 0.08906806
vt 0.42887697 0.10298640
vt 0.47614130 0.07974112
vt 0.28688234 0.08724928
vt 0.27477366 0.10507232
vt 0.32887009 0.07950342
vt 0.42680815 0.07617903
vt 0.25094691 0.08454895
vt 0.22944556 0.10401112
vt 0.47103488 0.10114938
vt 0.57213348 0.07350254
vt 0.54471743 0.09558135
vt 0.52393854 0.07191658
vt 0.65546364 0.08837730
vt 0.66246706 0.07094055
vt 0.28736582 0.07962114
vt 0.70301741 0.08785760
vt 0.70425951 0.07014686
vt 0.75379360 0.06955087
vt 0.77325308 0.07630777
vt 0.65967000 0.09255630
vt 0.59892547 0.09266615
vt 0.77402687 0.08926511
vt 0.72730184 0.09262860
vt 0.77392167 0.09655690
vt 0.75214243 0.10618061
vt 0.77173811 0.05702996
vt 0.77496171 0.10451758
vt 0.71304202 0.10795361
vt 0.60274386 0.06622916
vt 0.70518553 0.06037569
vt 0.66068953 0.06210053
vt 0.55425239 0.05253118
vt 0.43490261 0.05801368
vt 0.38268849 0.05969906
vt 0.28932506 0.07129645
vt 0.23712721 0.06632096
vt 0.23248497 0.08796024
vt 0.66054040 0.04841614
vt 0.77200192 0.05057591
vt 0.29494259 0.05991763
vt 0.22215198 0.06775051
vt 0.21128444 0.08822989
vt 0.18917635 0.08842826
vt 0.20701954 0.04362327
vt 0.16077802 0.04894727
vt 0.14320740 0.07474470
vt 0.16066496 0.08859259
vt 0.12524816 0.08717883
vt 0.12467609 0.05683810
vt 0.09488580 0.08645624
vt 0.07798516 0.05795443
vt 0.05795555 0.06839150
vt 0.06475970 0.08440071
vt 0.03822682 0.07890546
vt 0.02712006 0.08827716
vt 0.02667302 0.06141949
vt 0.01432275 0.07551444
vt 0.00090958 0.07274586
vt 0.00052910 0.05293345
vt 0.65757662 0.11075485
vt 0.55258048 0.11429912
vt 0.60469413 0.11108029
vt 0.50786173 0.11473763
vt 0.00088608 0.09424150
vt 0.06324121 0.09937304
vt 0.01099852 0.10957956
vt 0.00175939 0.11183602
vt 0.23334876 0.11138117
vt 0.77545452 0.12178159
vt 0.05188801 0.03969800
vt 0.08094499 0.11005276
vt 0.12523295 0.11080265
vt 0.02838728 0.03932166
vt 0.00070482 0.03958702
vt 0.44166476 0.11769789
vt 0.15842368 0.10623312
vt 0.37230322 0.11781812
vt 0.32895145 0.12342632
vt 0.26366350 0.12263876
vt 0.23067355 0.12667036
vt 0.02023514 0.11787266
vt 0.17748472 0.12058520
vt 0.14318071 0.11897981
vt 0.41361955 0.13334954
vt 0.45445925 0.13295877
vt 0.48734373 0.13183647
vt 0.53959215 0.12341845
vt 0.53587389 0.12964875
vt 0.58646876 0.12902588
vt 0.76144958 0.12786126
vt 0.36551887 0.13461769
vt 0.64531547 0.12786961
vt 0.68909901 0.12788630
vt 0.73222083 0.13060296
vt 0.07593170 0.12167066
vt 0.32353419 0.13740325
vt 0.23815854 0.13942552
vt 0.21280855 0.13854957
vt 0.17186047 0.13816327
vt 0.14089140 0.13634586
vt 0.00269080 0.13983309
vt 0.09163655 0.13746399
vt 0.02742332 0.13987863
vt 0.77506602 0.13978773
vt 0.76499873 0.13813561
vt 0.63578981 0.14585328
vt 0.58704197 0.14798391
vt 0.67013794 0.14139533
vt 0.72276956 0.13706398
vt 0.08808368 0.03947443
vt 0.37814805 0.14084339
vt 0.52090985 0.15092754
vt 0.44828609 0.15326798
vt 0.32887059 0.15630639
vt 0.48914987 0.15327227
vt 0.76908541 0.15722030
vt 0.66258973 0.15942609
vt 0.77636147 0.15865862
vt 0.74763036 0.15667677
vt 0.71734095 0.15843034
vt 0.28204280 0.14006019
vt 0.19668745 0.15450180
vt 0.22069524 0.15708792
vt 0.08585286 0.14831221
vt 0.61892188 0.15813828
vt 0.27317533 0.15451932
vt 0.13756612 0.16194236
vt 0.00367390 0.15706939
vt 0.03370946 0.16441154
vt 0.09290020 0.16365147
vt 0.58191830 0.16280401
vt 0.15469137 0.03937417
vt 0.23343769 0.04394937
vt 0.25197423 0.04441774
vt 0.28725141 0.04497904
vt 0.49858272 0.04504204
vt 0.59805232 0.04059839
vt 0.39897692 0.04522932
vt 0.73362768 0.04764730
vt 0.32326359 0.04592568
vt 0.66505671 0.03738916
vt 0.77011871 0.03217608
vt 0.73822588 0.03071368
vt 0.16793507 0.16409200
vt 0.40532875 0.16160494
vt 0.77619416 0.17251939
vt 0.45225871 0.16209209
vt 0.55515575 0.16156620
vt 0.26713806 0.16985071
vt 0.30630761 0.16811872
vt 0.36081254 0.16953743
vt 0.76710993 0.17302549
vt 0.74268878 0.17417288
vt 0.72273231 0.17591023
vt 0.06089141 0.17786950
vt 0.00397182 0.17619914
vt 0.01494689 0.18012887
vt 0.66875726 0.17739511
vt 0.63826823 0.17577326
vt 0.23284464 0.17307901
vt 0.20177822 0.17557007
vt 0.48905677 0.16754931
vt 0.44990546 0.17960835
vt 0.09551415 0.17716694
vt 0.12224316 0.17697358
vt 0.14009118 0.17747116
vt 0.40880266 0.17781162
vt 0.57667559 0.17769593
vt 0.61272085 0.17894053
vt 0.17271514 0.17838502
vt 0.50304693 0.18266112
vt 0.33798203 0.17676806
vt 0.36819431 0.18262511
vt 0.64487249 0.18087196
vt 0.12573357 0.03668106
vt 0.00495225 0.19396061
vt 0.00533903 0.19929385
vt 0.76975173 0.19465792
vt 0.77703172 0.19065255
vt 0.44786099 0.04022050
vt 0.57739162 0.18285716
vt 0.05007149 0.19098616
vt 0.74678528 0.19463044
vt 0.72719234 0.19487786
vt 0.71409214 0.19706750
vt 0.31814429 0.18780464
vt 0.26817968 0.19415784
vt 0.26240218 0.18414962
vt 0.23831679 0.19974136
vt 0.09851561 0.19157463
vt 0.13147007 0.19863522
vt 0.15697616 0.19290501
vt 0.66073745 0.19832081
vt 0.41150233 0.19653606
vt 0.20052588 0.19849503
vt 0.17713253 0.19777793
vt 0.61313289 0.19985700
vt 0.57525712 0.20394534
vt 0.05277230 0.20776558
vt 0.09095503 0.20912576
vt 0.47460312 0.20134759
vt 0.54241806 0.20486718
vt 0.00845851 0.20948172
vt 0.27266419 0.19867128
vt 0.32979172 0.20341325
vt 0.44734412 0.20527828
vt 0.14057960 0.20707399
vt 0.77724868 0.21452206
vt 0.71480983 0.21463883
vt 0.75320816 0.21924704
vt 0.68402839 0.21697485
vt 0.77146858 0.21999717
vt 0.63898683 0.21543151
vt 0.05536893 0.21691716
vt 0.00613920 0.22596675
vt 0.00571261 0.21322668
vt 0.17028381 0.21236992
vt 0.20673899 0.20326149
vt 0.32280353 0.21168768
vt 0.39889213 0.21106398
vt 0.57389706 0.21492541
vt 0.27628428 0.22128171
vt 0.08865268 0.23154098
vt 0.05905299 0.23274601
vt 0.00737146 0.23508579
vt 0.23474890 0.22504723
vt 0.19630697 0.22574520
vt 0.16772172 0.21882564
vt 0.15244752 0.22575271
vt 0.54900295 0.22557354
vt 0.49506775 0.22444284
vt 0.51409078 0.22854847
vt 0.44506833 0.22862566
vt 0.77572453 0.22899193
vt 0.58683580 0.23944229
vt 0.64607388 0.23814350
vt 0.39982504 0.22399235
vt 0.71854496 0.23856366
vt 0.76747227 0.23853707
vt 0.32439521 0.22895277
vt 0.00702623 0.24119288
vt 0.53507316 0.23903167
vt 0.66878456 0.24506974
vt 0.39717621 0.23587036
vt 0.15024060 0.25275934
vt 0.23745017 0.24338841
vt 0.10262467 0.24395180
vt 0.11646849 0.23063445
vt 0.08221737 0.24467683
vt 0.00819475 0.24948257
vt 0.27521256 0.24504769
vt 0.71871048 0.24717259
vt 0.77534437 0.24824578
vt 0.34714156 0.24348843
vt 0.31491953 0.24631041
vt 0.09952503 0.25847548
vt 0.44683680 0.24816239
vt 0.04662761 0.25982285
vt 0.22645210 0.25292110
vt 0.00864522 0.26362360
vt 0.41598549 0.25340748
vt 0.51775634 0.25512367
vt 0.64957058 0.25628966
vt 0.76276827 0.26117939
vt 0.71801054 0.26108176
vt 0.55619413 0.25790441
vt 0.28791258 0.25948524
vt 0.33253902 0.25646734
vt 0.11465383 0.26212907
vt 0.77522039 0.26211894
vt 0.62025803 0.26489735
vt 0.53544414 0.03503263
vt 0.77329856 0.27660692
vt 0.65293956 0.26716399
vt 0.07971945 0.27098364
vt 0.21010245 0.26254070
vt 0.23645897 0.26386988
vt 0.01031294 0.27660692
vt 0.66631544 0.02195734
vt 0.53392732 0.02327764
vt 0.03617557 0.01140445
vt 0.00076668 0.02488947
vt 0.00067705 0.00585592
vt 0.74476516 0.01288575
vt 0.77026242 0.02007192
vt 0.09087034 0.02379149
vt 0.30929646 0.02871168
vt 0.41154358 0.02730244
vt 0.26739961 0.02684683
vt 0.23546585 0.02474028
vt 0.66220319 0.01667839
vt 0.21507300 0.01160496
vt 0.04803264 0.00626493
vt 0.10488161 0.00726783
vt 0.00132121 0.00052685
vt 0.15830313 0.03136200
vt 0.00144324 0.12583041
vt 0.00742418 0.25449491
vt 0.43626934 0.59104329
vt 0.33376148 0.58997852
vt 0.38666847 0.61159182
vt 0.47825691 0.61203641
vt 0.48604450 0.59231830
vt 0.33921924 0.61209488
vt 0.53178614 0.61164188
vt 0.52999711 0.59300590
vt 0.28767759 0.58864528
vt 0.23784818 0.61178279
vt 0.22934368 0.58683449
vt 0.19531533 0.61235875
vt 0.17952541 0.58511472
vt 0.15764603 0.61098301
vt 0.08432584 0.60944420
vt 0.04958912 0.58286685
vt 0.02396452 0.60973436
vt 0.11383935 0.58480912
vt 0.00652032 0.60200638
vt 0.01721228 0.58332735
vt 0.58459032 0.59509355
vt 0.60148913 0.61049938
vt 0.61241335 0.59135383
vt 0.68103004 0.58909446
vt 0.69720912 0.60307544
vt 0.74280834 0.59184462
vt 0.77590793 0.60714924
vt 0.77570146 0.59487975
vt 0.75170940 0.57926506
vt 0.77539217 0.58042264
vt 0.69924659 0.61211127
vt 0.00631818 0.61935169
vt 0.00654434 0.58286798
vt 0.69615859 0.58026534
vt 0.24693331 0.62158906
vt 0.77415270 0.61238068
vt 0.27563173 0.61305141
vt 0.30620787 0.61799723
vt 0.08661371 0.62709391
vt 0.12256033 0.63076264
vt 0.16960821 0.63223976
vt 0.57589900 0.61786842
vt 0.52254915 0.62499779
vt 0.66329682 0.62515861
vt 0.70189548 0.62878352
vt 0.63507611 0.63095510
vt 0.43106869 0.61726552
vt 0.32999900 0.62929779
vt 0.45566547 0.62851387
vt 0.53175330 0.63021004
vt 0.19837354 0.63455230
vt 0.03426561 0.63415456
vt 0.00599300 0.62871969
vt 0.12269971 0.63500160
vt 0.24486983 0.63525534
vt 0.77468985 0.62874490
vt 0.39583808 0.63342875
vt 0.31257024 0.63649517
vt 0.00924780 0.63879502
vt 0.47051960 0.63828051
vt 0.43440011 0.64531493
vt 0.35630080 0.64624619
vt 0.52897412 0.64274484
vt 0.30396661 0.64613879
vt 0.21094327 0.65278518
vt 0.13723744 0.65297437
vt 0.06958959 0.65021336
vt 0.00915554 0.65587682
vt 0.44319627 0.65348339
vt 0.52436614 0.65305173
vt 0.70290864 0.64085305
vt 0.77488559 0.64273685
vt 0.60190070 0.65224278
vt 0.64012295 0.65225029
vt 0.67664331 0.65166271
vt 0.70643246 0.65221578
vt 0.76205379 0.64969248
vt 0.31165698 0.65710515
vt 0.26753974 0.65752554
vt 0.16242976 0.66062909
vt 0.03283795 0.66270441
vt 0.21621084 0.65909570
vt 0.12819776 0.66410148
vt 0.06395923 0.66568118
vt 0.38363269 0.65864044
vt 0.31378824 0.66174251
vt 0.00582011 0.65771341
vt 0.26166412 0.67105162
vt 0.18488970 0.67054278
vt 0.60262281 0.67600632
vt 0.51071423 0.67534447
vt 0.49427137 0.67039120
vt 0.42996651 0.66600037
vt 0.77358723 0.66427076
vt 0.73639554 0.66689342
vt 0.00986583 0.67250371
vt 0.64251763 0.67503387
vt 0.66821539 0.67689812
vt 0.48150650 0.68164527
vt 0.40614215 0.68411571
vt 0.35567266 0.67589158
vt 0.31694368 0.68910044
vt 0.28570366 0.68559176
vt 0.23186062 0.69096822
vt 0.74308115 0.67721838
vt 0.54273158 0.67952400
vt 0.03256802 0.67179900
vt 0.43355101 0.68663019
vt 0.18566728 0.69272250
vt 0.14092237 0.69185978
vt 0.12432289 0.69449508
vt 0.01636566 0.69282180
vt 0.07214694 0.69408101
vt 0.77494794 0.68172258
vt 0.31049898 0.69033629
vt 0.00659981 0.67936271
vt 0.48770851 0.69269943
vt 0.52878249 0.69765437
vt 0.61270046 0.69771826
vt 0.63504744 0.69764072
vt 0.65704781 0.69615489
vt 0.69117451 0.69726086
vt 0.77437878 0.69553763
vt 0.75379974 0.69704050
vt 0.00645604 0.69561827
vt 0.36740050 0.70706445
vt 0.45588690 0.70292610
vt 0.41608346 0.70310932
vt 0.49470696 0.70108420
vt 0.00998968 0.70781726
vt 0.21677345 0.71745038
vt 0.16925508 0.71943378
vt 0.31449249 0.71239245
vt 0.26753914 0.71608281
vt 0.14201440 0.72269511
vt 0.06098291 0.71191078
vt 0.05810773 0.72741926
vt 0.02035399 0.72861230
vt 0.67556524 0.71368790
vt 0.77618563 0.62043387
vt 0.56359488 0.72076511
vt 0.51550281 0.72342664
vt 0.61880791 0.71952039
vt 0.62873119 0.72379971
vt 0.65679610 0.72225410
vt 0.75348079 0.71593314
vt 0.77414846 0.71186751
vt 0.00654801 0.71361572
vt 0.00844788 0.73342067
vt 0.40003482 0.72560930
vt 0.42065096 0.72651219
vt 0.69020784 0.72157097
vt 0.46705523 0.72495633
vt 0.31680498 0.72315842
vt 0.35772863 0.72827667
vt 0.17425188 0.72565615
vt 0.55477870 0.72494173
vt 0.24471752 0.73299724
vt 0.77566224 0.72285283
vt 0.30623209 0.73101133
vt 0.74366182 0.73062646
vt 0.10082813 0.73901266
vt 0.13011333 0.74117261
vt 0.16543275 0.74219787
vt 0.77519774 0.73452735
vt 0.70011175 0.73204178
vt 0.67356163 0.73263770
vt 0.07387061 0.74639797
vt 0.02330977 0.74860549
vt 0.04949724 0.76239282
vt 0.07683972 0.76066720
vt 0.10691287 0.75917983
vt 0.21441907 0.74067611
vt 0.14224292 0.75807649
vt 0.18181662 0.75632811
vt 0.01452656 0.76426196
vt 0.45729813 0.74995941
vt 0.55130708 0.74911892
vt 0.60723490 0.74781650
vt 0.74233401 0.74882782
vt 0.69508427 0.74910247
vt 0.65479606 0.74981105
vt 0.77619046 0.75022101
vt 0.23946795 0.75722569
vt 0.31810817 0.75462979
vt 0.42604074 0.75240618
vt 0.40438473 0.75253719
vt 0.36500144 0.75423050
vt 0.00960876 0.76765019
vt 0.77570188 0.70486808
vt 0.64708149 0.57777065
vt 0.59033960 0.57541531
vt 0.54891729 0.57358652
vt 0.51627147 0.57283425
vt 0.00939242 0.57033879
vt 0.77478564 0.55988920
vt 0.73013574 0.56797183
vt 0.47143322 0.57268572
vt 0.39805984 0.57067686
vt 0.33918521 0.56714511
vt 0.00775046 0.55885732
vt 0.09458245 0.56596184
vt 0.19463609 0.55903590
vt 0.12795354 0.56007379
vt 0.07098784 0.55605710
vt 0.24972503 0.56260067
vt 0.66603059 0.56889325
vt 0.69390565 0.56273699
vt 0.77619046 0.55499882
vt 0.59404588 0.56568247
vt 0.65473491 0.55521166
vt 0.00750123 0.54775465
vt 0.70510262 0.55272168
vt 0.16175395 0.55465978
vt 0.49258369 0.55841434
vt 0.53953993 0.55860895
vt 0.05988825 0.54927325
vt 0.59364969 0.55538052
vt 0.29160243 0.56002396
vt 0.44846418 0.55367512
vt 0.77482301 0.54484397
vt 0.36982438 0.55081534
vt 0.12995614 0.53615749
vt 0.00918810 0.53206491
vt 0.06296796 0.53119510
vt 0.22539717 0.54451752
vt 0.31164896 0.54813910
vt 0.16266038 0.53693855
vt 0.70445883 0.54426253
vt 0.49496883 0.54785854
vt 0.54663062 0.55012846
vt 0.57298952 0.54688978
vt 0.45025468 0.54466915
vt 0.66858476 0.53823364
vt 0.22688206 0.53558868
vt 0.26541659 0.53543878
vt 0.36693916 0.53925556
vt 0.02142205 0.51791358
vt 0.06595094 0.52309930
vt 0.06576156 0.95837170
vt 0.06953854 0.93969995
vt 0.03245098 0.95786291
vt 0.04008015 0.93948084
vt 0.11010553 0.95640171
vt 0.10671575 0.94026303
vt 0.00366746 0.94644779
vt 0.00120972 0.94157600
vt 0.00227130 0.95990551
vt 0.10834662 0.93048185
vt 0.00964204 0.92377543
vt 0.07834463 0.92310476
vt 0.04458578 0.92370749
vt 0.00095086 0.92441738
vt 0.10862058 0.92385465
vt 0.11049934 0.93500161
vt 0.02245671 0.91425979
vt 0.08939257 0.91392148
vt 0.10839438 0.90487689
vt 0.00092975 0.90208685
vt 0.09459967 0.89996451
vt 0.02576819 0.89748359
vt 0.11081389 0.95525032
vt 0.00096865 0.89086014
vt 0.10903505 0.88547444
vt 0.09157861 0.88550919
vt 0.03073361 0.88219261
vt 0.00058324 0.87674236
vt 0.06899943 0.87356734
vt 0.10840356 0.86968213
vt 0.08825737 0.86415958
vt 0.02552800 0.86378098
vt 0.00052910 0.86940253
vt 0.00095510 0.85748678
vt 0.10873318 0.85767812
vt 0.11149192 0.92536223
vt 0.03993766 0.84652543
vt 0.09612686 0.84808892
vt 0.00126411 0.84341872
vt 0.10785645 0.84308565
vt 0.11038687 0.89323056
vt 0.11066120 0.90894824
vt 0.10335421 0.97464746
vt 0.07239357 0.97489274
vt 0.03800587 0.97599292
vt 0.00625493 0.97633976
vt 0.00236888 0.96850806
vt 0.11164021 0.98155951
vt 0.00307107 0.98127508
vt 0.11076657 0.85275602
vt 0.04714642 0.83062792
vt 0.01263569 0.83408684
vt 0.00110400 0.83311653
vt 0.11004020 0.82807964
vt 0.11164020 0.83888757
vt 0.00983950 0.81487375
vt 0.00182434 0.81401473
vt 0.04016673 0.81445247
vt 0.10458289 0.81771702
vt 0.95719582 0.59413719
vt 0.89660317 0.59443611
vt 0.93985701 0.58413714
vt 0.89387286 0.58653206
vt 0.89637470 0.60606349
vt 0.97334307 0.60245126
vt 0.99163836 0.58280402
vt 0.99308807 0.60270572
vt 0.88702226 0.59538794
vt 0.88622928 0.58288383
vt 0.88669384 0.60986573
vt 0.99217081 0.61532289
vt 0.95363045 0.61385274
vt 0.88791752 0.62134022
vt 0.97004181 0.62417394
vt 0.88678294 0.63012284
vt 0.92454541 0.62672412
vt 0.99195075 0.62354755
vt 0.89634377 0.63127714
vt 0.88469112 0.59402490
vt 0.89001983 0.56830782
vt 0.96491015 0.56643057
vt 0.99262500 0.57368380
vt 0.99119365 0.56670642
vt 0.88496292 0.57035822
vt 0.97738528 0.64226735
vt 0.99527788 0.63078386
vt 0.99607342 0.64130992
vt 0.93089867 0.64444220
vt 0.89517462 0.64431912
vt 0.88665575 0.64250225
vt 0.99498713 0.61307681
vt 0.99391854 0.65039241
vt 0.94109404 0.55110705
vt 0.89070654 0.55368686
vt 0.88543779 0.55313647
vt 0.98482853 0.54952580
vt 0.99310613 0.55085200
vt 0.88701433 0.65481430
vt 0.99361295 0.65957177
vt 0.89530867 0.66089284
vt 0.94092745 0.66049951
vt 0.99418461 0.57074678
vt 0.88816357 0.67086893
vt 0.91592574 0.66638327
vt 0.96564555 0.66610026
vt 0.99684930 0.65292579
vt 0.99715531 0.66394234
vt 0.99056756 0.67870682
vt 0.95866638 0.68079656
vt 0.89697647 0.67219883
vt 0.88966370 0.68240499
vt 0.99735451 0.68335092
vt 0.88180590 0.66263908
vt 0.88055360 0.68335092
vt 0.86402118 0.67097545
vt 0.88468957 0.64861411
vt 0.88655972 0.72615904
vt 0.85950446 0.73366445
vt 0.81704807 0.72369856
vt 0.81197864 0.73871112
vt 0.91439801 0.72986948
vt 0.91570532 0.74128813
vt 0.87575686 0.75007093
vt 0.81313598 0.75401688
vt 0.91427362 0.75618386
vt 0.80764687 0.73124278
vt 0.87144583 0.76348644
vt 0.80985928 0.76758349
vt 0.91513491 0.76720685
vt 0.80799675 0.74095201
vt 0.80779260 0.75404841
vt 0.80854148 0.71705836
vt 0.88134384 0.77660227
vt 0.91674095 0.74781448
vt 0.80959922 0.77726418
vt 0.91526884 0.78030211
vt 0.88416225 0.79043573
vt 0.83504617 0.78929675
vt 0.80874938 0.78711474
vt 0.91311049 0.79404867
vt 0.80886436 0.80100513
vt 0.91642767 0.77005190
vt 0.84362817 0.80830765
vt 0.88244945 0.80849791
vt 0.80854672 0.81132072
vt 0.91186094 0.81147510
vt 0.91623753 0.80360866
vt 0.80806118 0.75765455
vt 0.88767689 0.70989811
vt 0.91648972 0.71248060
vt 0.82547969 0.70913601
vt 0.80896491 0.70925856
vt 0.91660827 0.72933269
vt 0.91798943 0.73379213
vt 0.91533387 0.81858289
vt 0.91703588 0.75929642
vt 0.81065977 0.82665962
vt 0.84228820 0.82624549
vt 0.87655467 0.82665962
vt 0.90739322 0.82591486
vt 0.91654176 0.78867686
vt 0.80720091 0.82202989
vt 0.80731809 0.78114778
vt 0.91699749 0.70231265
vt 0.80961734 0.69483775
vt 0.80175781 0.71678466
vt 0.80603480 0.72266060
vt 0.87862241 0.69731057
vt 0.91059989 0.69715703
vt 0.80052608 0.69425339
vt 0.78625047 0.67938918
vt 0.78287327 0.70908999
vt 0.78024006 0.69128716
vt 0.78339791 0.67399192
vt 0.80550325 0.66754478
vt 0.80483115 0.67317557
vt 0.78212482 0.71576077
vt 0.80673158 0.80132109
vt 0.77936506 0.70775700
vt 0.23221911 0.85494351
vt 0.21455339 0.83503300
vt 0.19776954 0.86151862
vt 0.21803902 0.87999916
vt 0.23340319 0.82751530
vt 0.24809855 0.83498144
vt 0.23123908 0.87314624
vt 0.19506508 0.87311357
vt 0.20776929 0.88332534
vt 0.19021362 0.87561274
vt 0.20444509 0.84309411
vt 0.24278897 0.82718635
vt 0.24591607 0.82086438
vt 0.24583785 0.85853457
vt 0.22470532 0.82900441
vt 0.19080856 0.88292217
vt 0.19520108 0.85762990
vt 0.18392301 0.87411344
vt 0.17325301 0.87155873
vt 0.16512834 0.85774565
vt 0.17805947 0.86282116
vt 0.17662786 0.85268068
vt 0.17651466 0.84147954
vt 0.16686942 0.83431238
vt 0.17971334 0.83198392
vt 0.18364424 0.82375115
vt 0.16210970 0.83551610
vt 0.17099249 0.81550056
vt 0.18540296 0.80077326
vt 0.19501281 0.81379300
vt 0.20297764 0.80902517
vt 0.19833529 0.79352802
vt 0.20885977 0.79260361
vt 0.21665293 0.80354345
vt 0.22813468 0.80410737
vt 0.21935739 0.79143393
vt 0.23748776 0.80635941
vt 0.16009323 0.82898402
vt 0.16554023 0.81401134
vt 0.15820105 0.84812272
vt 0.23746729 0.79719633
vt 0.25165203 0.84839916
vt 0.17608660 0.88023221
vt 0.23752457 0.87395436
vt 0.18569762 0.88517755
vt 0.22236553 0.88390428
vt 0.16519780 0.86752224
vt 0.20441844 0.88777661
vt 0.17616083 0.80035663
vt 0.24699369 0.80941325
vt 0.24133655 0.81287783
vt 0.19243319 0.79146057
vt 0.25238097 0.82998759
vt 0.25165203 0.81694013
vt 0.18330677 0.86995375
vt 0.23377275 0.80685383
vt 0.15839414 0.85822248
vt 0.22590093 0.78767121
vt 0.16748244 0.87614584
vt 0.94788426 0.10316908
vt 0.94598281 0.08627069
vt 0.88911068 0.09373748
vt 0.89203781 0.10634613
vt 0.88966298 0.11077839
vt 0.89058363 0.08544970
vt 0.95255351 0.08569640
vt 0.95446765 0.10291588
vt 0.94603795 0.07649124
vt 0.88895601 0.06887752
vt 0.94269544 0.06785989
vt 0.88835979 0.08432359
vt 0.95271289 0.06710637
vt 0.92663407 0.06042331
vt 0.89052105 0.05957991
vt 0.94946837 0.05261773
vt 0.92524117 0.04944170
vt 0.88903737 0.05079120
vt 0.88968450 0.04169649
vt 0.92511398 0.04151398
vt 0.94445908 0.03589165
vt 0.95027316 0.03496587
vt 0.88943839 0.03003162
vt 0.95552057 0.04053271
vt 0.95632261 0.06187838
vt 0.94288611 0.03054202
vt 0.95714283 0.05115843
vt 0.92137688 0.11973989
vt 0.89162397 0.12042719
vt 0.95193452 0.11977690
vt 0.95604366 0.11881649
vt 0.91666174 0.12431359
vt 0.89171070 0.13149214
vt 0.89392567 0.12926519
vt 0.92041272 0.13588738
vt 0.95312208 0.13476598
vt 0.95714283 0.13799661
vt 0.89451271 0.14429843
vt 0.93814188 0.14057654
vt 0.89424390 0.14824665
vt 0.95593494 0.14797163
vt 0.93033981 0.15125757
vt 0.89528966 0.15753424
vt 0.30653802 0.97744930
vt 0.30999306 0.93527645
vt 0.32408002 0.97961450
vt 0.32220793 0.93495631
vt 0.32645503 0.93483734
vt 0.30177778 0.93382144
vt 0.31485331 0.98366702
vt 0.29033491 0.97737151
vt 0.28962627 0.93331450
vt 0.29296878 0.98279774
vt 0.28146636 0.97475249
vt 0.28151092 0.93345457
vt 0.27051023 0.95327806
vt 0.27152812 0.93320608
vt 0.28338727 0.98264617
vt 0.26991412 0.97785813
vt 0.26046306 0.93308747
vt 0.25202927 0.95227736
vt 0.25175986 0.97687501
vt 0.26280704 0.98249888
vt 0.25015795 0.93379211
vt 0.24396941 0.98299295
vt 0.23287308 0.93480295
vt 0.23467927 0.97721875
vt 0.22910053 0.98366702
vt 0.88660574 0.19098878
vt 0.94151974 0.19274783
vt 0.97496247 0.18490589
vt 0.98579186 0.19532847
vt 0.88436222 0.18074030
vt 0.89019936 0.17261207
vt 0.95461744 0.17101771
vt 0.99288034 0.18042773
vt 0.99414396 0.19227898
vt 0.98474884 0.16810936
vt 0.99279946 0.16814214
vt 0.88743722 0.20402861
vt 0.94338042 0.20204937
vt 0.99442261 0.20679533
vt 0.88767785 0.21173507
vt 0.97883242 0.21594608
vt 0.99522167 0.22094119
vt 0.92157692 0.21747524
vt 0.88737768 0.22953737
vt 0.95307726 0.22967678
vt 0.98606819 0.23072642
vt 0.99512535 0.23348093
vt 0.90828413 0.23310256
vt 0.88789529 0.23976278
vt 0.94954455 0.24203622
vt 0.88410890 0.21275061
vt 0.98736745 0.25096822
vt 0.91353554 0.25315917
vt 0.95126551 0.25497448
vt 0.88752085 0.25288469
vt 0.99506646 0.25308460
vt 0.88534653 0.24497533
vt 0.88388008 0.20130974
vt 0.88722920 0.27003872
vt 0.92490482 0.27131963
vt 0.95291018 0.27149916
vt 0.99149543 0.27024907
vt 0.99523807 0.27266264
vt 0.88375944 0.23182380
vt 0.88560688 0.28308022
vt 0.88404888 0.24119049
vt 0.99195397 0.28238624
vt 0.95018578 0.28738034
vt 0.93573791 0.29046679
vt 0.88856542 0.28999722
vt 0.99439067 0.29020536
vt 0.88492489 0.27166748
vt 0.88439679 0.25526071
vt 0.88306880 0.18768460
vt 0.89318967 0.30600178
vt 0.93693548 0.30784810
vt 0.99268407 0.31032670
vt 0.88487619 0.30712593
vt 0.88379139 0.16279221
vt 0.99523807 0.18360764
vt 0.99221510 0.15964174
vt 0.13589351 0.98934400
vt 0.12932621 0.94939178
vt 0.14082061 0.96882641
vt 0.14184256 0.94917333
vt 0.12257105 0.99342173
vt 0.11904762 0.94959098
vt 0.14109652 0.99826759
vt 0.15183888 0.96456832
vt 0.15434068 0.99439955
vt 0.15107274 0.94891018
vt 0.15945570 0.94965839
vt 0.16608264 0.96574116
vt 0.17171334 0.99424809
vt 0.16678953 0.94889355
vt 0.16344889 0.99825484
vt 0.12728442 0.99947315
vt 0.18058920 0.98072690
vt 0.18089601 0.95048153
vt 0.18896031 0.94940972
vt 0.18884355 0.99865770
vt 0.19187964 0.98432070
vt 0.19450204 0.95012099
vt 0.19928493 0.99255395
vt 0.21138267 0.95127332
vt 0.20328747 0.99947315
vt 0.20970774 0.99380600
vt 0.21428572 0.94975960
vt 0.83695579 0.93185300
vt 0.84543848 0.92279994
vt 0.84418917 0.91642451
vt 0.82997447 0.90551329
vt 0.84627944 0.90150207
vt 0.83317924 0.88934731
vt 0.84822804 0.89001852
vt 0.85013741 0.94435209
vt 0.84429187 0.95722729
vt 0.83352411 0.94110399
vt 0.86871809 0.95806700
vt 0.86527210 0.97314477
vt 0.88116068 0.96356499
vt 0.86711007 0.84857607
vt 0.87045878 0.86004388
vt 0.88312507 0.84339356
vt 0.88936114 0.85725093
vt 0.89966440 0.85575718
vt 0.90339082 0.84204227
vt 0.82678163 0.91933870
vt 0.90740681 0.85571420
vt 0.92748129 0.85939777
vt 0.92868418 0.84502119
vt 0.95599884 0.86632740
vt 0.93803555 0.86994433
vt 0.94449896 0.87856710
vt 0.96391946 0.89016581
vt 0.94905043 0.88894701
vt 0.88176405 0.97766095
vt 0.90632004 0.96482670
vt 0.89838713 0.97811270
vt 0.92329782 0.97289169
vt 0.92159545 0.95733535
vt 0.92927587 0.95162302
vt 0.94221544 0.95875293
vt 0.94251680 0.94045764
vt 0.95831990 0.93784612
vt 0.95081037 0.92108709
vt 0.96515244 0.91426373
vt 0.95164764 0.90401191
vt 0.95068645 0.89469713
vt 0.83990330 0.86791974
vt 0.92012298 0.83911848
vt 0.96878308 0.89289939
vt 0.93420893 0.84419030
vt 0.95474470 0.86021554
vt 0.85558146 0.85211915
vt 0.94608963 0.96043313
vt 0.96878308 0.91843897
vt 0.90224725 0.83719707
vt 0.85409319 0.97093391
vt 0.92837316 0.97307074
vt 0.89983660 0.98155951
vt 0.90672904 0.96209210
vt 0.88870096 0.96333587
vt 0.86680752 0.97740155
vt 0.91968143 0.97674489
vt 0.83103383 0.88405228
vt 0.88400525 0.83882278
vt 0.88109815 0.98133445
vt 0.96087021 0.94109887
vt 0.83659488 0.95301908
vt 0.84516782 0.91292411
vt 0.82778859 0.93293297
vt 0.82592595 0.89925891
vt 0.86516148 0.84496319
vt 0.96575052 0.87657434
vt 0.87980711 0.96159041
vt 0.91573924 0.88188875
vt 0.91739815 0.89473218
vt 0.89326668 0.88286525
vt 0.91373587 0.90345395
vt 0.87045336 0.89845347
vt 0.87037039 0.88194436
vt 0.92217606 0.90294713
vt 0.87883455 0.90704280
vt 0.87072837 0.90920866
vt 0.92204499 0.88486928
vt 0.89507049 0.86907363
vt 0.91669595 0.86981589
vt 0.87093139 0.86865509
vt 0.92222220 0.86766541
vt 0.91852367 0.86129534
vt 0.89228070 0.86037934
vt 0.91740108 0.91689759
vt 0.92185420 0.91841358
vt 0.87092751 0.92081308
vt 0.91892010 0.92749768
vt 0.89007258 0.93436569
vt 0.87101728 0.93705404
vt 0.91900331 0.94015557
vt 0.87269080 0.94899982
vt 0.92222220 0.94391108
vt 0.87130678 0.95416230
vt 0.91887671 0.95392883
vt 0.93638545 0.48655295
vt 0.92680538 0.49025583
vt 0.93542403 0.44545478
vt 0.92485249 0.44602054
vt 0.92806727 0.50421810
vt 0.94813824 0.49016595
vt 0.94793451 0.50354528
vt 0.94394135 0.44498938
vt 0.92365670 0.44415176
vt 0.95172936 0.44463980
vt 0.94494176 0.50891864
vt 0.96290642 0.50316375
vt 0.96318841 0.48101723
vt 0.96218115 0.44501781
vt 0.96360314 0.50877720
vt 0.97243124 0.48255455
vt 0.96895361 0.50454700
vt 0.97274518 0.44591904
vt 0.98373449 0.44624221
vt 0.98306221 0.47929549
vt 0.98271829 0.50251091
vt 0.98205203 0.50888687
vt 0.99901885 0.44725233
vt 0.99797493 0.49337023
vt 0.99672741 0.50677061
vt 0.99947089 0.51264489
vt 0.93081778 0.51264489
vt 0.92597097 0.50925392
vt 0.91737098 0.46602237
vt 0.91294891 0.48776221
vt 0.91445267 0.44731474
vt 0.91495234 0.50378382
vt 0.90906698 0.44627988
vt 0.91486210 0.50918567
vt 0.90554613 0.50664574
vt 0.89826977 0.44706333
vt 0.89935678 0.47834849
vt 0.89420706 0.50337559
vt 0.89771909 0.51091361
vt 0.88695693 0.44854999
vt 0.88625365 0.50966084
vt 0.88307208 0.48410809
vt 0.88095236 0.44866014
vt 0.99290943 0.74585283
vt 0.96380019 0.74374467
vt 0.96839291 0.75522357
vt 0.93330824 0.74656945
vt 0.93318170 0.75652033
vt 0.99236345 0.76190329
vt 0.99585533 0.75618786
vt 0.96022898 0.76354140
vt 0.93437362 0.77258438
vt 0.97747821 0.77143258
vt 0.99261677 0.77561986
vt 0.93439114 0.77673078
vt 0.99813521 0.76493752
vt 0.97355896 0.78326446
vt 0.93537593 0.78834963
vt 0.99088061 0.78295946
vt 0.95555186 0.73479480
vt 0.93259400 0.73504138
vt 0.99168169 0.72940481
vt 0.96328878 0.72542459
vt 0.93397331 0.72424346
vt 0.99722743 0.74300295
vt 0.99013019 0.72345096
vt 0.99617428 0.72442824
vt 0.97985113 0.70848882
vt 0.93174601 0.72353607
vt 0.99337405 0.70878834
vt 0.93343049 0.70629412
vt 0.93338042 0.68651211
vt 0.99841267 0.71284091
vt 0.99841267 0.78053689
vt 0.93738973 0.79209495
vt 0.98902273 0.79294479
vt 0.99727350 0.79557723
vt 0.93583208 0.80031610
vt 0.93366796 0.77724737
vt 0.25843689 0.90073508
vt 0.25013837 0.90914387
vt 0.25977656 0.90971625
vt 0.22806385 0.92952001
vt 0.23765759 0.92798090
vt 0.26523313 0.89282703
vt 0.28179136 0.88741034
vt 0.27323502 0.88045782
vt 0.28729919 0.87364990
vt 0.27608177 0.87314618
vt 0.27904001 0.86497062
vt 0.29259259 0.85611236
vt 0.28080249 0.85641748
vt 0.29213008 0.84546244
vt 0.28160632 0.84423411
vt 0.28042781 0.83311123
vt 0.29252356 0.83405298
vt 0.27867755 0.82501137
vt 0.28821924 0.82093012
vt 0.26998359 0.80820978
vt 0.25944138 0.79574686
vt 0.25567997 0.91868472
vt 0.27437028 0.90034014
vt 0.24643035 0.91120636
vt 0.22794509 0.91990227
vt 0.21242686 0.93283480
vt 0.21628468 0.92330331
vt 0.20824057 0.92422700
vt 0.19832677 0.92496514
vt 0.19679151 0.93326241
vt 0.18743002 0.92335445
vt 0.17644589 0.92915779
vt 0.17737357 0.92121005
vt 0.16279826 0.91754472
vt 0.15843607 0.92332202
vt 0.14312728 0.90123481
vt 0.14687338 0.91590512
vt 0.12572147 0.88877928
vt 0.13285574 0.88194925
vt 0.12131774 0.87602025
vt 0.12892193 0.86700833
vt 0.11904762 0.86501157
vt 0.12804486 0.85799134
vt 0.12848657 0.84567249
vt 0.11936206 0.84620345
vt 0.12101755 0.83718032
vt 0.13053621 0.83573341
vt 0.12515992 0.82407010
vt 0.13411410 0.82584387
vt 0.14385322 0.80863816
vt 0.13114463 0.80887759
vt 0.14940026 0.80170256
vt 0.16145737 0.78584927
vt 0.13673873 0.79895800
vt 0.15390214 0.78205234
vt 0.17183574 0.77322286
vt 0.17227380 0.78404802
vt 0.18005913 0.78117990
vt 0.19014110 0.76869494
vt 0.19512124 0.77702487
vt 0.21276297 0.76549286
vt 0.21258152 0.77579743
vt 0.22673085 0.77746630
vt 0.23033568 0.76724917
vt 0.23485702 0.77995670
vt 0.24054340 0.76999038
vt 0.24205793 0.78303564
vt 0.25081655 0.77532661
vt 0.25111905 0.78809792
vt 0.26044497 0.78049093
vt 0.27555910 0.79277313
vt 0.28870332 0.81625628
vt 0.28170320 0.80089653
vt 0.14870057 0.90396595
vt 0.13964024 0.89401948
vt 0.13769907 0.91014504
vt 0.12714779 0.89562106
vt 0.16412203 0.78767222
vt 0.15782386 0.79431152
vt 0.12061744 0.83328205
vt 0.18897340 0.93414122
vt 0.29141769 0.86630160
vt 0.29259259 0.82745618
vt 0.20230407 0.76448894
vt 0.16143613 0.91461110
vt 0.22743411 0.93270493
vt 0.17395931 0.77072686
vt 0.25701910 0.91865659
vt 0.16209000 0.92711145
vt 0.18240996 0.76704907
vt 0.17336972 0.93133271
vt 0.94463485 0.37669039
vt 0.94555080 0.36067176
vt 0.93432778 0.36869454
vt 0.93841070 0.36011750
vt 0.93118656 0.37822843
vt 0.92728519 0.36008525
vt 0.93011570 0.34465468
vt 0.94110179 0.34515804
vt 0.93574065 0.33928639
vt 0.93202305 0.32458949
vt 0.91548634 0.32659531
vt 0.91481876 0.33459675
vt 0.92275620 0.37348783
vt 0.91970485 0.36067832
vt 0.93961459 0.38256073
vt 0.94109213 0.32273179
vt 0.95475620 0.35661691
vt 0.95880729 0.37408805
vt 0.95427799 0.38113654
vt 0.95907640 0.33954406
vt 0.95362896 0.32204992
vt 0.96419871 0.36731827
vt 0.97262412 0.38060069
vt 0.96234655 0.32536465
vt 0.97717571 0.38804543
vt 0.94434851 0.31928718
vt 0.96305776 0.33537340
vt 0.96837693 0.36038357
vt 0.97633117 0.36751109
vt 0.98101759 0.37147880
vt 0.97678167 0.33754289
vt 0.98170245 0.32064259
vt 0.97709042 0.32003450
vt 0.98111111 0.38936520
vt 0.96256429 0.31836522
vt 0.93052387 0.32051551
vt 0.91837269 0.32313353
vt 0.95936829 0.38950223
vt 0.97199231 0.39530897
vt 0.94060332 0.38866973
vt 0.97470665 0.39795071
vt 0.92538488 0.38414645
vt 0.90793288 0.35830116
vt 0.97904330 0.31664908
vt 0.90931576 0.37033486
vt 0.90283656 0.35127336
vt 0.90542889 0.37139148
vt 0.90152079 0.33596718
vt 0.91166312 0.38312900
vt 0.90961534 0.38862306
vt 0.91425627 0.39305067
vt 0.91872972 0.40352809
vt 0.91534716 0.40278971
vt 0.93183291 0.39438617
vt 0.90299791 0.32993662
vt 0.96422732 0.40547210
vt 0.92205280 0.40900975
vt 0.94914895 0.39587551
vt 0.93828398 0.41467905
vt 0.92754483 0.41463375
vt 0.89980137 0.32842767
vt 0.90908498 0.32489002
vt 0.90871716 0.41815603
vt 0.91827226 0.41522312
vt 0.90535176 0.41176879
vt 0.91896182 0.42466187
vt 0.92716295 0.42180717
vt 0.92822552 0.42801470
vt 0.89470899 0.40625381
vt 0.94100910 0.41943693
vt 0.94065851 0.42752874
vt 0.95529956 0.42199260
vt 0.95015585 0.41906863
vt 0.95700973 0.41309702
vt 0.98446661 0.37646616
vt 0.99417990 0.39065456
vt 0.98378557 0.35577703
vt 0.99060810 0.35512781
vt 0.98453647 0.31774795
vt 0.99417990 0.32018852
vt 0.98682535 0.39981544
vt 0.97470796 0.40614974
vt 0.97287291 0.41365802
vt 0.98430383 0.40907037
vt 0.96571422 0.41507018
vt 0.96884507 0.40823269
vt 0.96160257 0.42355895
vt 0.97012883 0.42297351
vt 0.99198896 0.40403461
vt 0.97800404 0.42135978
vt 0.94799262 0.43045312
vt 0.82870924 0.23719901
vt 0.79810333 0.22254539
vt 0.78252614 0.23158062
vt 0.83045328 0.22858417
vt 0.78283584 0.23993802
vt 0.78237289 0.22026753
vt 0.82688481 0.21793675
vt 0.79973054 0.21200264
vt 0.78167540 0.20794374
vt 0.82548273 0.20033854
vt 0.80033809 0.19863993
vt 0.83191371 0.21188539
vt 0.78157473 0.19910192
vt 0.78160864 0.19030601
vt 0.82784134 0.18078375
vt 0.79982942 0.18124354
vt 0.78148150 0.18236613
vt 0.83154112 0.18612814
vt 0.78194094 0.16752714
vt 0.82448268 0.16416061
vt 0.83136547 0.16190684
vt 0.78227878 0.15705764
vt 0.82774144 0.14593410
vt 0.78216034 0.14520812
vt 0.83333331 0.13751316
vt 0.83333331 0.24815595
vt 0.78355962 0.61518615
vt 0.79810625 0.60292375
vt 0.79079360 0.59418881
vt 0.78893453 0.63616705
vt 0.80235398 0.58358020
vt 0.79453939 0.57810462
vt 0.80092442 0.60357046
vt 0.80596757 0.58953023
vt 0.79793453 0.62317985
vt 0.79796600 0.63961333
vt 0.79784298 0.66019499
vt 0.79018795 0.65173239
vt 0.80679077 0.65451634
vt 0.80121398 0.64038217
vt 0.80899471 0.66649103
vt 0.78498328 0.63521469
vt 0.78253967 0.62542111
vt 0.80899471 0.58316678
vt 0.78413874 0.59696394
vt 0.78489244 0.57586932
vt 0.80339879 0.57972085
vt 0.06643704 0.79374802
vt 0.07756602 0.79579824
vt 0.06896317 0.79965955
vt 0.07813143 0.78624666
vt 0.08412699 0.77926254
vt 0.07359362 0.77682352
vt 0.05672021 0.77619213
vt 0.04854960 0.79341221
vt 0.03865527 0.77608007
vt 0.04293477 0.78961748
vt 0.04535088 0.79783171
vt 0.05561186 0.80031610
vt 0.08229010 0.77645153
vt 0.03227513 0.78590035
vt 0.03696611 0.79066998
vt 0.04065388 0.79965955
vt 0.43696919 0.82239628
vt 0.44285715 0.82344449
vt 0.44141215 0.83019513
vt 0.43602636 0.82905716
vt 0.43820262 0.83403581
vt 0.42541194 0.82088715
vt 0.42953444 0.81452900
vt 0.42184922 0.80858880
vt 0.43248612 0.81050283
vt 0.44083598 0.81374437
vt 0.41959560 0.81695610
vt 0.42860678 0.83047700
vt 0.41611850 0.82775235
vt 0.41423187 0.80687368
vt 0.41291201 0.82399273
vt 0.40131480 0.80990756
vt 0.40293714 0.80488521
vt 0.40711761 0.82665420
vt 0.39444301 0.80499017
vt 0.39708427 0.82091218
vt 0.39084956 0.82184261
vt 0.39190188 0.80879426
vt 0.39126742 0.83403581
vt 0.38888890 0.80558938
vt 0.42683873 0.80569583
vt 0.39801124 0.79926240
vt 0.52907139 0.95489377
vt 0.54428780 0.95517546
vt 0.53904945 0.94898736
vt 0.52616966 0.94431168
vt 0.52743971 0.95872378
vt 0.54563570 0.94740516
vt 0.53081870 0.93585938
vt 0.52754772 0.93430632
vt 0.55079365 0.95820504
vt 0.51798940 0.96364594
vt 0.54412770 0.93621796
vt 0.54935658 0.94209701
vt 0.55079365 0.93284076
vt 0.54569203 0.92877430
vt 0.54156029 0.92894536
vt 0.53987724 0.92149633
vt 0.54125768 0.92430711
vt 0.54831260 0.92392415
vt 0.36184603 0.88051623
vt 0.36401436 0.85958004
vt 0.35820106 0.86587757
vt 0.37041384 0.85428762
vt 0.37463915 0.86890525
vt 0.38186476 0.85882789
vt 0.38073891 0.84752429
vt 0.38042066 0.88555270
vt 0.37224883 0.89542609
vt 0.39098802 0.85324395
vt 0.39140272 0.84196216
vt 0.36731017 0.89826959
vt 0.36027434 0.88825852
vt 0.38167015 0.83489519
vt 0.37387875 0.84042156
vt 0.37550691 0.90390199
vt 0.38266554 0.90272999
vt 0.38694045 0.90907556
vt 0.38999736 0.90432292
vt 0.40011781 0.90986812
vt 0.38934690 0.87977207
vt 0.39685398 0.89146382
vt 0.40430778 0.89412528
vt 0.39911455 0.86992902
vt 0.40134248 0.84597820
vt 0.40942135 0.87589836
vt 0.40891618 0.85750329
vt 0.41857946 0.88395250
vt 0.41355765 0.90226245
vt 0.43216655 0.89317012
vt 0.40521523 0.91273344
vt 0.42772597 0.90661734
vt 0.44324231 0.89517492
vt 0.42334500 0.91306639
vt 0.43412536 0.91165578
vt 0.45568565 0.90126175
vt 0.44481674 0.91242224
vt 0.45944908 0.90587032
vt 0.48562014 0.90523857
vt 0.48873228 0.89879471
vt 0.48759592 0.90866828
vt 0.46395418 0.90966851
vt 0.42916760 0.88075435
vt 0.44131660 0.87692755
vt 0.40948832 0.85010564
vt 0.43271127 0.85558617
vt 0.45443460 0.87354076
vt 0.44521251 0.85315359
vt 0.46908706 0.86940569
vt 0.42179158 0.84071016
vt 0.40951896 0.84443510
vt 0.46149421 0.84923190
vt 0.47650507 0.85729951
vt 0.49035648 0.86244053
vt 0.43138692 0.84033942
vt 0.44113135 0.84371310
vt 0.49047619 0.87199914
vt 0.48525527 0.84699833
vt 0.48868814 0.84685761
vt 0.45663655 0.83622003
vt 0.46016365 0.89204353
vt 0.48764652 0.88085115
vt 0.49035648 0.88711476
vt 0.48720211 0.89057761
vt 0.39852774 0.83713436
vt 0.48680976 0.83760643
vt 0.40926307 0.83298206
vt 0.35214928 0.88615823
vt 0.35311574 0.89724785
vt 0.34761906 0.88983494
vt 0.35502645 0.87091678
vt 0.35502645 0.90779769
vt 0.83742660 0.05775225
vt 0.83739895 0.03496403
vt 0.83430606 0.03723896
vt 0.82725328 0.05346853
vt 0.81175703 0.03692532
vt 0.78986084 0.05020362
vt 0.78573680 0.03893387
vt 0.78697503 0.05739599
vt 0.78597695 0.03084707
vt 0.81530768 0.01954150
vt 0.83680481 0.02331191
vt 0.78637654 0.01616228
vt 0.83438146 0.01160747
vt 0.80803329 0.01022607
vt 0.78736806 0.00158060
vt 0.83862430 0.00670928
vt 0.78628880 0.04781926
vt 0.83037323 0.07098460
vt 0.78476614 0.06873375
vt 0.83689195 0.07666963
vt 0.78465611 0.07775503
vt 0.81469208 0.08884215
vt 0.78609210 0.09086710
vt 0.83634126 0.09242976
vt 0.78532267 0.09695339
vt 0.83357149 0.09832126
vt 0.78569710 0.10639501
vt 0.83214170 0.10698891
vt 0.83862436 0.10906219
vt 0.96190143 0.02260107
vt 0.95487785 0.01945585
vt 0.95439118 0.02397561
vt 0.96132058 0.03217614
vt 0.94294631 0.01998240
vt 0.94126981 0.02292705
vt 0.96464747 0.03049779
vt 0.96924829 0.02441061
vt 0.96366602 0.03687412
vt 0.96779579 0.01633298
vt 0.95479715 0.01704532
vt 0.97195768 0.01829547
vt 0.95693052 0.03536528
vt 0.97195768 0.03951526
vt 0.45075545 0.27766073
vt 0.44074073 0.28292942
vt 0.45226753 0.28056443
vt 0.45641485 0.28055221
vt 0.47248676 0.28292942
vt 0.56406850 0.77140474
vt 0.55549324 0.76787049
vt 0.56772488 0.76913911
vt 0.55378544 0.77024376
vt 0.54498088 0.76737553
vt 0.54956812 0.78234041
vt 0.54306990 0.78529930
vt 0.55481470 0.81463248
vt 0.54761040 0.82320893
vt 0.54698914 0.83830070
vt 0.56090456 0.83798552
vt 0.54234868 0.80746174
vt 0.56229621 0.80413979
vt 0.54952323 0.84891689
vt 0.53359658 0.76659644
vt 0.56313562 0.85070860
vt 0.53131837 0.79557222
vt 0.53375417 0.82078820
vt 0.53594172 0.83007199
vt 0.52433860 0.76663023
vt 0.56772488 0.84577155
vt 0.55219477 0.85511065
vt 0.38888890 0.02265543
vt 0.40370369 0.02265543
vt 0.39877468 0.01949418
vt 0.48693642 0.95034981
vt 0.47733381 0.95558345
vt 0.49231035 0.94378638
vt 0.46854901 0.96095741
vt 0.44679540 0.79462010
vt 0.41026917 0.79222232
vt 0.43344146 0.78013915
vt 0.45573652 0.77029341
vt 0.46855322 0.80533433
vt 0.48211923 0.78834152
vt 0.48439044 0.81508899
vt 0.49366441 0.79677904
vt 0.39078987 0.77526718
vt 0.41616577 0.75700873
vt 0.43602884 0.76077867
vt 0.36878547 0.76027375
vt 0.39777535 0.79408205
vt 0.36933693 0.76913643
vt 0.34449413 0.76991749
vt 0.34949735 0.77912861
vt 0.32692283 0.78101242
vt 0.33242106 0.78821480
vt 0.51486707 0.82690263
vt 0.31901062 0.81443632
vt 0.39048997 0.79315567
vt 0.49584678 0.83079243
vt 0.52204931 0.84335673
vt 0.50609785 0.84526724
vt 0.52692264 0.86203355
vt 0.52437234 0.84822017
vt 0.32067344 0.79234737
vt 0.31331396 0.80831659
vt 0.30828673 0.82363868
vt 0.31624144 0.83113885
vt 0.30541202 0.83628827
vt 0.33606067 0.84919971
vt 0.33107913 0.86571741
vt 0.30503938 0.87533116
vt 0.33154568 0.88937390
vt 0.31059349 0.89357501
vt 0.31923333 0.91163474
vt 0.33595759 0.90934253
vt 0.34569001 0.92777783
vt 0.33964342 0.84004807
vt 0.32578665 0.92547828
vt 0.35346571 0.93792182
vt 0.38591596 0.79809695
vt 0.37132558 0.96974158
vt 0.35954836 0.94401705
vt 0.33454651 0.93775553
vt 0.34874520 0.95390975
vt 0.38673159 0.96816844
vt 0.51428020 0.86155456
vt 0.51094431 0.86441213
vt 0.51465988 0.87308896
vt 0.52977246 0.87454879
vt 0.53068781 0.88985968
vt 0.51911628 0.88598621
vt 0.51470941 0.88368338
vt 0.52839440 0.90308118
vt 0.51323348 0.89617437
vt 0.51863879 0.89899296
vt 0.52757937 0.91232777
vt 0.50844264 0.92945468
vt 0.51156956 0.91313469
vt 0.52098495 0.92716748
vt 0.51935899 0.93409914
vt 0.38823077 0.97609299
vt 0.41020870 0.98261327
vt 0.40976182 0.96988142
vt 0.38932538 0.96329784
vt 0.37410334 0.95524842
vt 0.45343083 0.98055828
vt 0.44956166 0.98261327
vt 0.43645793 0.96920037
vt 0.44377190 0.96853709
vt 0.46167266 0.96917862
vt 0.45538741 0.96586180
vt 0.47043177 0.97507256
vt 0.48307943 0.97086376
vt 0.49309295 0.96376288
vt 0.41107965 0.96838701
vt 0.31714675 0.91152042
vt 0.33044013 0.82793146
vt 0.32487425 0.82426816
vt 0.47149491 0.77887487
vt 0.37385184 0.78195590
vt 0.36622882 0.77512848
vt 0.42230701 0.96907198
vt 0.38792333 0.75729853
vt 0.40270543 0.75500524
vt 0.50402397 0.95431638
vt 0.39646897 0.98069829
vt 0.51016647 0.90996885
vt 0.50556517 0.92367601
vt 0.30423281 0.87232411
vt 0.50268006 0.93216801
vt 0.49898869 0.93356049
vt 0.46332860 0.97970998
vt 0.33314323 0.86205047
vt 0.33239934 0.87576467
vt 0.50460285 0.81047237
vt 0.34272692 0.78788429
vt 0.33361855 0.79407907
vt 0.52397186 0.92499971
vt 0.35166475 0.78630775
vt 0.48247856 0.81570756
vt 0.85824627 0.48542750
vt 0.85514760 0.52214134
vt 0.86088085 0.49713182
vt 0.86400872 0.51868272
vt 0.86581838 0.46556586
vt 0.85529506 0.55220765
vt 0.86009878 0.55068904
vt 0.86491299 0.54848015
vt 0.85814428 0.58785343
vt 0.86307871 0.57622874
vt 0.85593200 0.63933557
vt 0.85987985 0.64305007
vt 0.85345316 0.65687293
vt 0.86068851 0.65742296
vt 0.85149252 0.63113451
vt 0.85378700 0.48945653
vt 0.85570544 0.45341754
vt 0.86522490 0.43695188
vt 0.85698456 0.43088508
vt 0.86711591 0.41350204
vt 0.86759710 0.39197958
vt 0.85973203 0.40188694
vt 0.86348909 0.36835045
vt 0.86788183 0.35378504
vt 0.86147755 0.34052777
vt 0.87040740 0.32047558
vt 0.86509621 0.32148135
vt 0.85028881 0.54706460
vt 0.84716469 0.65752625
vt 0.85014260 0.57403195
vt 0.84830958 0.62943673
vt 0.84708995 0.54196268
vt 0.85676259 0.37393546
vt 0.85134453 0.41824555
vt 0.87133181 0.35047650
vt 0.86366916 0.65428078
vt 0.86691666 0.48642385
vt 0.86829871 0.51942509
vt 0.87599826 0.32132953
vt 0.86805636 0.57556331
vt 0.87870294 0.31422424
vt 0.87186718 0.55153370
vt 0.87014401 0.60270023
vt 0.86732215 0.65806115
vt 0.85201925 0.44195879
vt 0.84825754 0.43699265
vt 0.84872150 0.49003083
vt 0.86166990 0.32294023
vt 0.87363070 0.51820040
vt 0.87559611 0.34871936
vt 0.87398612 0.40169644
vt 0.87511766 0.38532782
vt 0.87402654 0.43355435
vt 0.87408614 0.57763249
vt 0.87206042 0.46757203
vt 0.87186199 0.65736163
vt 0.87484592 0.54625702
vt 0.87385827 0.63491935
vt 0.87373090 0.48145664
vt 0.87441820 0.50079507
vt 0.87968051 0.34157503
vt 0.87979740 0.55363411
vt 0.87596720 0.45705867
vt 0.87799007 0.60136724
vt 0.87869364 0.51575357
vt 0.87708652 0.49127060
vt 0.87721330 0.38844085
vt 0.87846851 0.65478605
vt 0.88260782 0.53149921
vt 0.88266504 0.34309405
vt 0.88306880 0.30821919
vt 0.88306880 0.55695450
vt 0.88081717 0.40142751
vt 0.87889642 0.45260632
vt 0.82188874 0.51803249
vt 0.81873643 0.53821540
vt 0.82236999 0.54046315
vt 0.81788951 0.55735987
vt 0.82180303 0.57301307
vt 0.81706381 0.59025055
vt 0.82502383 0.62770653
vt 0.82752794 0.54515857
vt 0.82554001 0.51722682
vt 0.82123190 0.65747064
vt 0.82590395 0.68418342
vt 0.83002090 0.52646059
vt 0.83218247 0.49552417
vt 0.82755738 0.57649267
vt 0.82673854 0.48767614
vt 0.82954222 0.61431456
vt 0.83308011 0.45445204
vt 0.82570118 0.43708479
vt 0.82758087 0.40924299
vt 0.83226657 0.66984564
vt 0.83514053 0.42890620
vt 0.83251643 0.41148353
vt 0.82875603 0.35578126
vt 0.83131421 0.56793755
vt 0.82520771 0.35406601
vt 0.83360165 0.68580633
vt 0.83389390 0.53672898
vt 0.83493900 0.49736381
vt 0.83678901 0.52321053
vt 0.82926047 0.33930147
vt 0.83409142 0.61494511
vt 0.82432169 0.33722353
vt 0.83600712 0.66832066
vt 0.83235532 0.35009390
vt 0.83884448 0.68544090
vt 0.83923745 0.46943879
vt 0.83892775 0.50325036
vt 0.83757746 0.42255622
vt 0.83590949 0.57228303
vt 0.83922535 0.58853787
vt 0.83879548 0.61491287
vt 0.84109336 0.66039807
vt 0.84058154 0.54528743
vt 0.82367879 0.40771174
vt 0.83927232 0.37993252
vt 0.84112120 0.50059581
vt 0.82229811 0.50088578
vt 0.83922714 0.35298061
vt 0.82049954 0.37123573
vt 0.84606856 0.63026148
vt 0.84520203 0.66279668
vt 0.84575194 0.61081499
vt 0.84425455 0.42412043
vt 0.84645766 0.45792961
vt 0.84191644 0.37808448
vt 0.84708995 0.57799292
vt 0.84640914 0.49149954
vt 0.84708995 0.68630511
vt 0.82341295 0.48033428
vt 0.82062638 0.33667016
vt 0.82221591 0.42929476
vt 0.81730413 0.68348634
vt 0.82024229 0.68756586
vt 0.81632555 0.64865386
vt 0.81362647 0.55924273
vt 0.81216931 0.58446527
vt 0.81244564 0.54290140
vt 0.81940639 0.48474419
vt 0.81826502 0.46142626
vt 0.81812227 0.41654938
vt 0.81671804 0.51883852
vt 0.86049992 0.17790437
vt 0.86532503 0.17984444
vt 0.86286330 0.12821841
vt 0.86630833 0.11698580
vt 0.86250138 0.20367318
vt 0.86891806 0.08408338
vt 0.86052465 0.08554143
vt 0.86522156 0.06919432
vt 0.86962897 0.06452686
vt 0.86620188 0.03023911
vt 0.86029738 0.05714810
vt 0.85861123 0.22312379
vt 0.86089545 0.23711336
vt 0.85688585 0.23169541
vt 0.85955411 0.27044266
vt 0.85653603 0.27539408
vt 0.85557866 0.31422186
vt 0.85868019 0.31569815
vt 0.85715646 0.34046173
vt 0.87142855 0.03174454
vt 0.85424256 0.33895218
vt 0.85824680 0.13287640
vt 0.85971904 0.03033459
vt 0.85886377 0.00877357
vt 0.86772317 0.00821251
vt 0.85437346 0.22275978
vt 0.85697234 0.17347658
vt 0.85456479 0.11715931
vt 0.85723490 0.05639881
vt 0.85241389 0.27243739
vt 0.85178453 0.30623424
vt 0.85231280 0.22909242
vt 0.85291678 0.15056455
vt 0.84996468 0.34088516
vt 0.85303634 0.17645407
vt 0.85399514 0.05971664
vt 0.85290170 0.00790304
vt 0.84973896 0.12460989
vt 0.85043979 0.24757975
vt 0.84810650 0.29115665
vt 0.84970915 0.03619289
vt 0.84916764 0.22393900
vt 0.84803694 0.17717749
vt 0.84724599 0.32398486
vt 0.84648472 0.09262246
vt 0.84603173 0.11984605
vt 0.86808211 0.19484073
vt 0.87142855 0.15013129
vt 0.82063490 0.27295125
vt 0.82811773 0.28030199
vt 0.83770448 0.26829338
vt 0.82788128 0.26304364
vt 0.83340502 0.28609061
vt 0.84391534 0.27629125
vt 0.82185388 0.27961612
vt 0.83915430 0.28385639
vt 0.82671291 0.28542972
vt 0.84391534 0.26803344
vt 0.84069639 0.26378268
vt 0.82116878 0.26833022
vt 0.83379644 0.25974709
vt 0.82296538 0.26132143
vt 0.50999427 0.78545523
vt 0.50568855 0.78872496
vt 0.51164019 0.78201687
vt 0.50181907 0.77503198
vt 0.50904298 0.77502632
vt 0.49080044 0.77728236
vt 0.49558458 0.78872496
vt 0.48876801 0.78596199
vt 0.48835978 0.78215438
vt 0.55645013 0.97945207
vt 0.62169313 0.97945207
vt 0.57608277 0.97418338
vt 0.52116400 0.97722197
vt 0.51164019 0.76826411
vt 0.48716193 0.76343518
vt 0.49510089 0.77081138
vt 0.47761744 0.77081138
vt 0.47671959 0.76508576
vt 0.16772486 0.77081138
vt 0.14546439 0.76659644
vt 0.14232804 0.77081138
f 237/237 264/264 266/266
f 256/256 261/261 255/255
f 347/347 285/285 295/295
f 432/432 370/370 382/382
f 314/314 313/313 307/307
f 297/297 299/299 298/298
f 302/302 301/301 273/273
f 312/312 309/309 318/318
f 322/322 325/325 324/324
f 340/340 326/326 338/338
f 322/322 326/326 325/325
f 333/333 331/331 387/387
f 387/387 389/389 394/394
f 326/326 340/340 328/328
f 316/316 298/298 299/299
f 274/274 275/275 271/271
f 278/278 279/279 280/280
f 433/433 432/432 434/434
f 293/293 427/427 426/426
f 429/429 287/287 347/347
f 289/289 336/336 290/290
f 283/283 296/296 298/298
f 259/259 277/277 260/260
f 281/281 282/282 284/284
f 267/267 275/275 265/265
f 272/272 318/318 303/303
f 296/296 280/280 279/279
f 273/273 301/301 274/274
f 259/259 257/257 266/266
f 341/341 342/342 340/340
f 390/390 342/342 405/405
f 264/264 269/269 268/268
f 314/314 407/407 315/315
f 471/471 444/444 447/447
f 303/303 305/305 304/304
f 324/324 325/325 416/416
f 421/421 420/420 330/330
f 461/461 460/460 462/462
f 369/369 316/316 383/383
f 278/278 276/276 279/279
f 270/270 317/317 272/272
f 307/307 302/302 304/304
f 462/462 460/460 417/417
f 422/422 423/423 419/419
f 270/270 321/321 317/317
f 309/309 311/311 310/310
f 281/281 284/284 294/294
f 383/383 382/382 369/369
f 315/315 407/407 316/316
f 297/297 298/298 296/296
f 326/326 322/322 320/320
f 334/334 330/330 420/420
f 308/308 310/310 448/448
f 313/313 302/302 307/307
f 320/320 319/319 317/317
f 273/273 272/272 303/303
f 299/299 315/315 316/316
f 302/302 313/313 301/301
f 272/272 273/273 271/271
f 267/267 265/265 264/264
f 239/239 238/238 236/236
f 255/255 253/253 254/254
f 322/322 319/319 320/320
f 273/273 303/303 302/302
f 237/237 269/269 264/264
f 268/268 270/270 267/267
f 335/335 269/269 237/237
f 242/242 243/243 239/239
f 268/268 267/267 264/264
f 341/341 339/339 343/343
f 312/312 323/323 415/415
f 339/339 338/338 321/321
f 536/536 425/425 430/430
f 430/430 332/332 441/441
f 326/326 320/320 338/338
f 416/416 417/417 415/415
f 316/316 407/407 384/384
f 432/432 433/433 370/370
f 296/296 283/283 280/280
f 472/472 470/470 444/444
f 454/454 398/398 453/453
f 400/400 452/452 399/399
f 388/388 390/390 389/389
f 397/397 399/399 398/398
f 262/262 336/336 337/337
f 350/350 248/248 348/348
f 271/271 267/267 270/270
f 278/278 280/280 281/281
f 269/269 335/335 343/343
f 257/257 237/237 266/266
f 327/327 325/325 326/326
f 342/342 341/341 405/405
f 255/255 262/262 253/253
f 379/379 378/378 251/251
f 380/380 357/357 358/358
f 352/352 371/371 375/375
f 271/271 275/275 267/267
f 270/270 268/268 321/321
f 363/363 360/360 362/362
f 361/361 359/359 354/354
f 236/236 247/247 240/240
f 341/341 338/338 339/339
f 293/293 292/292 288/288
f 377/377 464/464 438/438
f 332/332 333/333 385/385
f 399/399 451/451 398/398
f 276/276 274/274 300/300
f 449/449 417/417 460/460
f 286/286 288/288 289/289
f 292/292 293/293 426/426
f 362/362 361/361 346/346
f 350/350 352/352 364/364
f 450/450 347/347 434/434
f 258/258 256/256 257/257
f 392/392 404/404 402/402
f 358/358 355/355 354/354
f 356/356 357/357 376/376
f 440/440 405/405 344/344
f 435/435 540/540 534/534
f 379/379 437/437 372/372
f 259/259 258/258 257/257
f 300/300 299/299 297/297
f 310/310 308/308 305/305
f 310/310 311/311 456/456
f 394/394 397/397 398/398
f 338/338 341/341 340/340
f 385/385 441/441 332/332
f 395/395 398/398 454/454
f 392/392 391/391 390/390
f 403/403 356/356 386/386
f 430/430 421/421 332/332
f 397/397 394/394 391/391
f 370/370 433/433 283/283
f 322/322 323/323 319/319
f 423/423 425/425 424/424
f 418/418 419/419 423/423
f 312/312 319/319 323/323
f 416/416 420/420 419/419
f 291/291 337/337 289/289
f 280/280 283/283 282/282
f 469/469 471/471 445/445
f 447/447 306/306 308/308
f 421/421 430/430 422/422
f 388/388 329/329 328/328
f 304/304 302/302 303/303
f 333/333 396/396 443/443
f 456/456 458/458 448/448
f 422/422 419/419 421/421
f 365/365 346/346 241/241
f 278/278 260/260 277/277
f 400/400 403/403 442/442
f 367/367 380/380 358/358
f 271/271 270/270 272/272
f 320/320 317/317 321/321
f 242/242 245/245 244/244
f 354/354 355/355 246/246
f 336/336 262/262 255/255
f 347/347 450/450 429/429
f 236/236 240/240 239/239
f 392/392 402/402 393/393
f 406/406 314/314 307/307
f 369/369 382/382 370/370
f 378/378 379/379 372/372
f 363/363 375/375 374/374
f 256/256 258/258 261/261
f 288/288 287/287 293/293
f 282/282 281/281 280/280
f 286/286 284/284 285/285
f 278/278 281/281 260/260
f 253/253 250/250 249/249
f 264/264 265/265 266/266
f 238/238 237/237 236/236
f 251/251 252/252 379/379
f 414/414 363/363 374/374
f 360/360 359/359 361/361
f 246/246 245/245 354/354
f 353/353 408/408 252/252
f 438/438 464/464 467/467
f 362/362 360/360 361/361
f 247/247 254/254 249/249
f 409/409 435/435 534/534
f 436/436 540/540 435/435
f 337/337 336/336 289/289
f 439/439 411/411 438/438
f 263/263 410/410 412/412
f 262/262 410/410 263/263
f 377/377 426/426 464/464
f 286/286 285/285 287/287
f 252/252 250/250 353/353
f 373/373 414/414 374/374
f 467/467 466/466 438/438
f 455/455 429/429 450/450
f 366/366 363/363 368/368
f 265/265 259/259 266/266
f 431/431 373/373 541/541
f 344/344 243/243 440/440
f 257/257 235/235 237/237
f 353/353 250/250 263/263
f 271/271 273/273 274/274
f 311/311 309/309 312/312
f 411/411 381/381 377/377
f 256/256 254/254 235/235
f 366/366 358/358 359/359
f 367/367 366/366 368/368
f 335/335 237/237 238/238
f 442/442 452/452 400/400
f 377/377 292/292 426/426
f 260/260 281/281 294/294
f 389/389 390/390 391/391
f 401/401 393/393 402/402
f 388/388 342/342 390/390
f 243/243 404/404 440/440
f 447/447 445/445 471/471
f 274/274 276/276 275/275
f 313/313 315/315 299/299
f 463/463 469/469 446/446
f 449/449 312/312 415/415
f 323/323 324/324 415/415
f 305/305 306/306 304/304
f 448/448 310/310 456/456
f 306/306 307/307 304/304
f 460/460 457/457 449/449
f 443/443 385/385 333/333
f 391/391 394/394 389/389
f 287/287 288/288 286/286
f 433/433 295/295 283/283
f 331/331 330/330 329/329
f 341/341 344/344 405/405
f 390/390 405/405 404/404
f 400/400 399/399 393/393
f 334/334 416/416 325/325
f 536/536 430/430 441/441
f 334/334 420/420 416/416
f 443/443 395/395 454/454
f 328/328 327/327 326/326
f 300/300 297/297 279/279
f 335/335 344/344 343/343
f 402/402 349/349 401/401
f 327/327 330/330 334/334
f 423/423 422/422 425/425
f 240/240 350/350 364/364
f 253/253 249/249 254/254
f 361/361 354/354 245/245
f 333/333 332/332 331/331
f 282/282 285/285 284/284
f 429/429 428/428 287/287
f 355/355 349/349 246/246
f 238/238 239/239 243/243
f 360/360 366/366 359/359
f 349/349 345/345 246/246
f 248/248 250/250 251/251
f 275/275 276/276 277/277
f 251/251 348/348 248/248
f 344/344 335/335 238/238
f 395/395 394/394 398/398
f 376/376 386/386 356/356
f 241/241 346/346 242/242
f 243/243 344/344 238/238
f 358/358 354/354 359/359
f 363/363 366/366 360/360
f 254/254 247/247 235/235
f 362/362 375/375 363/363
f 371/371 374/374 375/375
f 409/409 252/252 408/408
f 242/242 239/239 241/241
f 410/410 262/262 337/337
f 253/253 263/263 250/250
f 439/439 413/413 411/411
f 408/408 353/353 413/413
f 258/258 259/259 260/260
f 240/240 247/247 248/248
f 411/411 412/412 410/410
f 361/361 245/245 346/346
f 358/358 366/366 367/367
f 349/349 356/356 401/401
f 377/377 438/438 411/411
f 244/244 243/243 242/242
f 402/402 345/345 349/349
f 290/290 261/261 294/294
f 404/404 405/405 440/440
f 400/400 393/393 401/401
f 392/392 390/390 404/404
f 355/355 357/357 356/356
f 247/247 249/249 248/248
f 313/313 299/299 301/301
f 308/308 306/306 305/305
f 285/285 347/347 287/287
f 392/392 393/393 391/391
f 396/396 333/333 387/387
f 329/329 388/388 387/387
f 345/345 404/404 244/244
f 442/442 403/403 386/386
f 370/370 298/298 369/369
f 470/470 407/407 444/444
f 465/465 418/418 424/424
f 307/307 306/306 406/406
f 430/430 425/425 422/422
f 453/453 398/398 451/451
f 449/449 415/415 417/417
f 393/393 399/399 397/397
f 289/289 290/290 286/286
f 261/261 290/290 336/336
f 306/306 447/447 406/406
f 322/322 324/324 323/323
f 461/461 462/462 465/465
f 320/320 321/321 338/338
f 416/416 415/415 324/324
f 460/460 461/461 459/459
f 456/456 311/311 457/457
f 319/319 318/318 317/317
f 328/328 342/342 388/388
f 395/395 443/443 396/396
f 316/316 369/369 298/298
f 259/259 265/265 277/277
f 244/244 246/246 345/345
f 339/339 321/321 268/268
f 381/381 337/337 291/291
f 291/291 292/292 377/377
f 376/376 357/357 380/380
f 403/403 400/400 401/401
f 269/269 339/339 268/268
f 351/351 352/352 350/350
f 300/300 279/279 276/276
f 235/235 236/236 237/237
f 235/235 247/247 236/236
f 258/258 260/260 294/294
f 241/241 240/240 364/364
f 413/413 435/435 408/408
f 288/288 291/291 289/289
f 292/292 291/291 288/288
f 243/243 244/244 404/404
f 537/537 379/379 409/409
f 537/537 538/538 539/539
f 371/371 352/352 351/351
f 252/252 251/251 250/250
f 287/287 428/428 293/293
f 413/413 439/439 436/436
f 381/381 410/410 337/337
f 295/295 285/285 282/282
f 261/261 258/258 294/294
f 365/365 362/362 346/346
f 355/355 356/356 349/349
f 351/351 378/378 372/372
f 537/537 437/437 379/379
f 381/381 291/291 377/377
f 435/435 409/409 408/408
f 261/261 336/336 255/255
f 468/468 436/436 439/439
f 428/428 427/427 293/293
f 467/467 439/439 466/466
f 538/538 409/409 534/534
f 541/541 373/373 437/437
f 412/412 353/353 263/263
f 365/365 352/352 362/362
f 468/468 439/439 467/467
f 364/364 352/352 365/365
f 378/378 348/348 251/251
f 436/436 468/468 540/540
f 235/235 257/257 256/256
f 439/439 438/438 466/466
f 294/294 284/284 290/290
f 348/348 351/351 350/350
f 249/249 250/250 248/248
f 372/372 371/371 351/351
f 353/353 412/412 413/413
f 428/428 455/455 427/427
f 373/373 374/374 371/371
f 445/445 446/446 469/469
f 373/373 372/372 437/437
f 283/283 298/298 370/370
f 347/347 295/295 434/434
f 371/371 372/372 373/373
f 240/240 241/241 239/239
f 363/363 414/414 368/368
f 462/462 418/418 465/465
f 282/282 283/283 295/295
f 296/296 279/279 297/297
f 402/402 404/404 345/345
f 341/341 343/343 344/344
f 418/418 423/423 424/424
f 451/451 452/452 453/453
f 420/420 421/421 419/419
f 328/328 340/340 342/342
f 407/407 470/470 384/384
f 303/303 318/318 309/309
f 387/387 388/388 389/389
f 463/463 446/446 448/448
f 445/445 447/447 308/308
f 309/309 305/305 303/303
f 286/286 290/290 284/284
f 330/330 332/332 421/421
f 459/459 456/456 460/460
f 458/458 463/463 448/448
f 445/445 308/308 446/446
f 406/406 407/407 314/314
f 383/383 316/316 384/384
f 308/308 448/448 446/446
f 444/444 471/471 472/472
f 300/300 274/274 301/301
f 319/319 312/312 318/318
f 418/418 417/417 416/416
f 305/305 309/309 310/310
f 327/327 329/329 330/330
f 331/331 329/329 387/387
f 541/541 437/437 539/539
f 412/412 411/411 413/413
f 350/350 240/240 248/248
f 352/352 375/375 362/362
f 346/346 245/245 242/242
f 413/413 436/436 435/435
f 539/539 437/437 537/537
f 373/373 431/431 414/414
f 245/245 246/246 244/244
f 278/278 277/277 276/276
f 538/538 537/537 409/409
f 256/256 255/255 254/254
f 365/365 241/241 364/364
f 399/399 452/452 451/451
f 444/444 406/406 447/447
f 253/253 262/262 263/263
f 358/358 357/357 355/355
f 381/381 411/411 410/410
f 401/401 356/356 403/403
f 395/395 387/387 394/394
f 387/387 395/395 396/396
f 325/325 327/327 334/334
f 457/457 460/460 456/456
f 329/329 327/327 328/328
f 331/331 332/332 330/330
f 311/311 449/449 457/457
f 456/456 459/459 458/458
f 393/393 397/397 391/391
f 269/269 343/343 339/339
f 428/428 429/429 455/455
f 311/311 312/312 449/449
f 313/313 314/314 315/315
f 378/378 351/351 348/348
f 418/418 416/416 419/419
f 272/272 317/317 318/318
f 418/418 462/462 417/417
f 275/275 277/277 265/265
f 406/406 444/444 407/407
f 300/300 301/301 299/299
f 433/433 434/434 295/295
f 379/379 252/252 409/409
f 2440/2440 2438/2438 2441/2441
f 2437/2437 2436/2436 2438/2438
f 2443/2443 2440/2440 2442/2442
f 2435/2435 2436/2436 2437/2437
f 2268/2268 2253/2253 2266/2266
f 2439/2439 2437/2437 2438/2438
f 2393/2393 2406/2406 2391/2391
f 2441/2441 2438/2438 2436/2436
f 2440/2440 2441/2441 2442/2442
f 704/704 732/732 702/702
f 702/702 691/691 690/690
f 702/702 690/690 704/704
f 691/691 676/676 690/690
f 676/676 655/655 690/690
f 738/738 702/702 732/732
f 742/742 714/714 715/715
f 695/695 691/691 705/705
f 705/705 691/691 702/702
f 714/714 710/710 715/715
f 695/695 680/680 691/691
f 680/680 676/676 691/691
f 687/687 689/689 714/714
f 714/714 689/689 710/710
f 710/710 689/689 688/688
f 680/680 611/611 676/676
f 688/688 686/686 710/710
f 676/676 611/611 655/655
f 689/689 681/681 688/688
f 688/688 681/681 686/686
f 611/611 613/613 655/655
f 687/687 667/667 689/689
f 689/689 667/667 681/681
f 686/686 681/681 669/669
f 883/883 653/653 687/687
f 687/687 653/653 667/667
f 667/667 657/657 681/681
f 653/653 652/652 667/667
f 667/667 652/652 657/657
f 764/764 732/732 765/765
f 739/739 738/738 764/764
f 764/764 738/738 732/732
f 738/738 739/739 702/702
f 740/740 705/705 739/739
f 739/739 705/705 702/702
f 703/703 706/706 744/744
f 740/740 706/706 705/705
f 762/762 742/742 743/743
f 742/742 715/715 743/743
f 715/715 741/741 743/743
f 741/741 716/716 750/750
f 750/750 716/716 751/751
f 703/703 695/695 706/706
f 715/715 716/716 741/741
f 751/751 716/716 713/713
f 751/751 713/713 730/730
f 706/706 695/695 705/705
f 703/703 692/692 694/694
f 703/703 694/694 695/695
f 730/730 713/713 708/708
f 715/715 710/710 716/716
f 713/713 685/685 708/708
f 692/692 678/678 694/694
f 694/694 678/678 679/679
f 694/694 679/679 695/695
f 716/716 710/710 713/713
f 2143/2143 2131/2131 2132/2132
f 710/710 686/686 713/713
f 713/713 686/686 685/685
f 708/708 685/685 684/684
f 695/695 679/679 680/680
f 679/679 614/614 680/680
f 686/686 669/669 685/685
f 685/685 669/669 668/668
f 685/685 668/668 666/666
f 685/685 666/666 684/684
f 680/680 614/614 611/611
f 681/681 658/658 669/669
f 611/611 610/610 613/613
f 681/681 657/657 658/658
f 668/668 669/669 662/662
f 669/669 658/658 662/662
f 2130/2130 2128/2128 2206/2206
f 652/652 651/651 657/657
f 652/652 641/641 651/651
f 653/653 650/650 652/652
f 652/652 650/650 641/641
f 651/651 636/636 657/657
f 641/641 639/639 651/651
f 651/651 639/639 636/636
f 770/770 739/739 769/769
f 769/769 739/739 764/764
f 770/770 740/740 739/739
f 706/706 740/740 744/744
f 762/762 743/743 763/763
f 743/743 768/768 763/763
f 743/743 741/741 768/768
f 745/745 717/717 703/703
f 745/745 703/703 744/744
f 741/741 750/750 768/768
f 768/768 750/750 776/776
f 752/752 730/730 756/756
f 756/756 730/730 747/747
f 717/717 711/711 703/703
f 717/717 734/734 711/711
f 711/711 692/692 703/703
f 747/747 730/730 709/709
f 734/734 698/698 693/693
f 734/734 693/693 711/711
f 711/711 693/693 692/692
f 730/730 708/708 709/709
f 708/708 683/683 709/709
f 683/683 707/707 709/709
f 709/709 707/707 712/712
f 712/712 707/707 700/700
f 701/701 671/671 698/698
f 698/698 674/674 693/693
f 2143/2143 2146/2146 2131/2131
f 684/684 683/683 708/708
f 700/700 707/707 682/682
f 682/682 677/677 697/697
f 671/671 672/672 698/698
f 693/693 674/674 675/675
f 675/675 678/678 692/692
f 697/697 677/677 670/670
f 697/697 670/670 671/671
f 698/698 672/672 674/674
f 693/693 675/675 692/692
f 683/683 682/682 707/707
f 684/684 666/666 683/683
f 683/683 665/665 682/682
f 672/672 673/673 674/674
f 674/674 673/673 675/675
f 678/678 646/646 679/679
f 2132/2132 2131/2131 2130/2130
f 665/665 664/664 682/682
f 675/675 673/673 647/647
f 675/675 646/646 678/678
f 683/683 666/666 665/665
f 647/647 648/648 675/675
f 675/675 648/648 646/646
f 646/646 614/614 679/679
f 2131/2131 2129/2129 2130/2130
f 666/666 654/654 665/665
f 2130/2130 2129/2129 2128/2128
f 646/646 606/606 614/614
f 614/614 609/609 611/611
f 668/668 654/654 666/666
f 609/609 610/610 611/611
f 2129/2129 2125/2125 2128/2128
f 668/668 662/662 654/654
f 609/609 608/608 610/610
f 662/662 633/633 654/654
f 658/658 634/634 662/662
f 657/657 634/634 658/658
f 657/657 636/636 634/634
f 662/662 634/634 633/633
f 650/650 644/644 641/641
f 641/641 640/640 639/639
f 644/644 643/643 641/641
f 641/641 643/643 640/640
f 764/764 765/765 794/794
f 744/744 740/740 771/771
f 771/771 740/740 770/770
f 789/789 763/763 785/785
f 763/763 768/768 785/785
f 755/755 745/745 760/760
f 760/760 745/745 744/744
f 785/785 768/768 776/776
f 776/776 750/750 751/751
f 777/777 751/751 752/752
f 752/752 756/756 778/778
f 777/777 752/752 778/778
f 754/754 717/717 755/755
f 755/755 717/717 745/745
f 748/748 734/734 754/754
f 754/754 734/734 717/717
f 748/748 733/733 734/734
f 2147/2147 2148/2148 2146/2146
f 746/746 709/709 735/735
f 733/733 698/698 734/734
f 735/735 712/712 700/700
f 735/735 700/700 736/736
f 736/736 700/700 737/737
f 731/731 699/699 733/733
f 733/733 699/699 701/701
f 733/733 701/701 698/698
f 2147/2147 2146/2146 2143/2143
f 709/709 712/712 735/735
f 700/700 699/699 731/731
f 682/682 697/697 700/700
f 700/700 697/697 699/699
f 697/697 671/671 699/699
f 699/699 671/671 701/701
f 664/664 677/677 682/682
f 677/677 663/663 670/670
f 670/670 661/661 671/671
f 671/671 649/649 672/672
f 677/677 664/664 663/663
f 670/670 663/663 661/661
f 671/671 661/661 649/649
f 672/672 649/649 673/673
f 673/673 649/649 647/647
f 664/664 584/584 663/663
f 664/664 665/665 584/584
f 647/647 607/607 648/648
f 648/648 607/607 646/646
f 665/665 654/654 590/590
f 665/665 590/590 584/584
f 607/607 606/606 646/646
f 654/654 594/594 590/590
f 614/614 606/606 609/609
f 606/606 602/602 609/609
f 602/602 608/608 609/609
f 602/602 605/605 608/608
f 633/633 629/629 654/654
f 654/654 629/629 594/594
f 2127/2127 2135/2135 2128/2128
f 634/634 632/632 633/633
f 639/639 638/638 636/636
f 640/640 638/638 639/639
f 643/643 642/642 640/640
f 798/798 764/764 794/794
f 769/769 764/764 798/798
f 789/789 801/801 802/802
f 779/779 744/744 771/771
f 779/779 760/760 744/744
f 760/760 767/767 755/755
f 2149/2149 2148/2148 2147/2147
f 2150/2150 2149/2149 2147/2147
f 785/785 776/776 786/786
f 757/757 754/754 767/767
f 767/767 754/754 755/755
f 778/778 756/756 782/782
f 782/782 756/756 781/781
f 756/756 747/747 781/781
f 757/757 749/749 748/748
f 757/757 748/748 754/754
f 781/781 746/746 774/774
f 746/746 735/735 774/774
f 774/774 735/735 736/736
f 758/758 737/737 759/759
f 737/737 733/733 753/753
f 753/753 733/733 749/749
f 749/749 733/733 748/748
f 758/758 736/736 737/737
f 731/731 733/733 737/737
f 2146/2146 2227/2227 2131/2131
f 2131/2131 2227/2227 2129/2129
f 663/663 587/587 661/661
f 587/587 595/595 661/661
f 661/661 595/595 649/649
f 584/584 587/587 663/663
f 649/649 595/595 597/597
f 649/649 597/597 647/647
f 647/647 597/597 607/607
f 607/607 599/599 606/606
f 606/606 599/599 602/602
f 602/602 604/604 605/605
f 602/602 603/603 604/604
f 629/629 628/628 594/594
f 594/594 628/628 623/623
f 2125/2125 2127/2127 2128/2128
f 604/604 612/612 605/605
f 633/633 632/632 629/629
f 638/638 637/637 636/636
f 636/636 635/635 634/634
f 640/640 642/642 638/638
f 644/644 645/645 643/643
f 643/643 645/645 642/642
f 796/796 769/769 798/798
f 796/796 770/770 769/769
f 795/795 771/771 770/770
f 797/797 779/779 795/795
f 795/795 779/779 771/771
f 801/801 789/789 800/800
f 800/800 789/789 785/785
f 800/800 785/785 786/786
f 783/783 760/760 779/779
f 786/786 777/777 793/793
f 757/757 767/767 784/784
f 784/784 767/767 783/783
f 783/783 767/767 760/760
f 786/786 776/776 777/777
f 777/777 778/778 793/793
f 793/793 778/778 782/782
f 787/787 780/780 757/757
f 2149/2149 2173/2173 2148/2148
f 780/780 749/749 757/757
f 781/781 774/774 775/775
f 773/773 736/736 772/772
f 736/736 758/758 772/772
f 772/772 758/758 759/759
f 759/759 753/753 749/749
f 774/774 736/736 773/773
f 759/759 737/737 753/753
f 1467/1467 1466/1466 1471/1471
f 1467/1467 1471/1471 1475/1475
f 1472/1472 1469/1469 1473/1473
f 1471/1471 1472/1472 1475/1475
f 1472/1472 1473/1473 1475/1475
f 1474/1474 1479/1479 1473/1473
f 1473/1473 1481/1481 1475/1475
f 1469/1469 1482/1482 1474/1474
f 1474/1474 1482/1482 1479/1479
f 1479/1479 1480/1480 1473/1473
f 1473/1473 1480/1480 1481/1481
f 1216/1216 1217/1217 1218/1218
f 1220/1220 1206/1206 1219/1219
f 1219/1219 1206/1206 1204/1204
f 1219/1219 1204/1204 1216/1216
f 1216/1216 1204/1204 1203/1203
f 1216/1216 1203/1203 1217/1217
f 1217/1217 1203/1203 1218/1218
f 1218/1218 1203/1203 1207/1207
f 1207/1207 1192/1192 1202/1202
f 587/587 588/588 595/595
f 595/595 588/588 597/597
f 590/590 589/589 584/584
f 584/584 589/589 585/585
f 584/584 585/585 586/586
f 584/584 586/586 587/587
f 587/587 586/586 588/588
f 588/588 596/596 597/597
f 594/594 593/593 590/590
f 590/590 593/593 589/589
f 589/589 591/591 585/585
f 596/596 599/599 597/597
f 597/597 599/599 607/607
f 599/599 600/600 602/602
f 623/623 593/593 594/594
f 602/602 600/600 603/603
f 634/634 635/635 632/632
f 636/636 637/637 635/635
f 2135/2135 2127/2127 2134/2134
f 642/642 656/656 638/638
f 798/798 825/825 796/796
f 820/820 798/798 794/794
f 795/795 770/770 796/796
f 783/783 779/779 799/799
f 800/800 786/786 809/809
f 809/809 786/786 793/793
f 788/788 757/757 784/784
f 803/803 793/793 782/782
f 803/803 782/782 781/781
f 803/803 781/781 804/804
f 780/780 787/787 792/792
f 804/804 781/781 775/775
f 775/775 773/773 790/790
f 773/773 772/772 790/790
f 790/790 772/772 791/791
f 791/791 772/772 780/780
f 772/772 759/759 780/780
f 775/775 774/774 773/773
f 1467/1467 1460/1460 1466/1466
f 1464/1464 1472/1472 1465/1465
f 1472/1472 1471/1471 1465/1465
f 1465/1465 1471/1471 1466/1466
f 1463/1463 1469/1469 1464/1464
f 1464/1464 1469/1469 1472/1472
f 1469/1469 1474/1474 1473/1473
f 1740/1740 1737/1737 1739/1739
f 1740/1740 1739/1739 1741/1741
f 1741/1741 1739/1739 1742/1742
f 1225/1225 1206/1206 1220/1220
f 1225/1225 1205/1205 1206/1206
f 1206/1206 1205/1205 1204/1204
f 1185/1185 1203/1203 1204/1204
f 1205/1205 1189/1189 1204/1204
f 1204/1204 1189/1189 1185/1185
f 1203/1203 1192/1192 1207/1207
f 1185/1185 1186/1186 1203/1203
f 1203/1203 1186/1186 1192/1192
f 1202/1202 1192/1192 1191/1191
f 585/585 591/591 586/586
f 586/586 591/591 592/592
f 586/586 592/592 588/588
f 596/596 600/600 599/599
f 593/593 601/601 589/589
f 589/589 601/601 591/591
f 623/623 627/627 622/622
f 623/623 622/622 593/593
f 600/600 616/616 603/603
f 603/603 616/616 604/604
f 628/628 627/627 623/623
f 616/616 625/625 612/612
f 616/616 612/612 604/604
f 629/629 627/627 628/628
f 632/632 631/631 629/629
f 632/632 635/635 631/631
f 638/638 656/656 637/637
f 645/645 660/660 642/642
f 797/797 795/795 796/796
f 784/784 783/783 799/799
f 809/809 793/793 815/815
f 788/788 784/784 807/807
f 2176/2176 2173/2173 2149/2149
f 815/815 793/793 814/814
f 814/814 793/793 803/803
f 792/792 787/787 788/788
f 803/803 804/804 814/814
f 791/791 780/780 792/792
f 2175/2175 2174/2174 2173/2173
f 2173/2173 2174/2174 2148/2148
f 1458/1458 1465/1465 1456/1456
f 1456/1456 1465/1465 1466/1466
f 1464/1464 1465/1465 1458/1458
f 1476/1476 1469/1469 1463/1463
f 1737/1737 1738/1738 1739/1739
f 1739/1739 1743/1743 1742/1742
f 1773/1773 1742/1742 1745/1745
f 1773/1773 1745/1745 1776/1776
f 1189/1189 1183/1183 1185/1185
f 1186/1186 1191/1191 1192/1192
f 1183/1183 1184/1184 1185/1185
f 1185/1185 1184/1184 1186/1186
f 1186/1186 1184/1184 1191/1191
f 588/588 598/598 596/596
f 601/601 621/621 591/591
f 588/588 592/592 598/598
f 596/596 598/598 615/615
f 596/596 615/615 600/600
f 615/615 617/617 600/600
f 622/622 621/621 593/593
f 593/593 621/621 601/601
f 600/600 617/617 616/616
f 629/629 630/630 627/627
f 631/631 630/630 629/629
f 637/637 696/696 635/635
f 656/656 696/696 637/637
f 642/642 659/659 656/656
f 642/642 660/660 659/659
f 797/797 796/796 824/824
f 807/807 784/784 799/799
f 811/811 827/827 801/801
f 810/810 800/800 809/809
f 817/817 788/788 816/816
f 2176/2176 2178/2178 2173/2173
f 2173/2173 2178/2178 2175/2175
f 813/813 804/804 812/812
f 812/812 804/804 775/775
f 805/805 791/791 806/806
f 806/806 791/791 792/792
f 464/464 559/559 544/544
f 805/805 790/790 791/791
f 1459/1459 1463/1463 1457/1457
f 1457/1457 1464/1464 1458/1458
f 1456/1456 1466/1466 1460/1460
f 1459/1459 1477/1477 1463/1463
f 1457/1457 1463/1463 1464/1464
f 1734/1734 1736/1736 1737/1737
f 1463/1463 1477/1477 1476/1476
f 1737/1737 1736/1736 1738/1738
f 1765/1765 1739/1739 1738/1738
f 2051/2051 2053/2053 2055/2055
f 2053/2053 2064/2064 2055/2055
f 1765/1765 1764/1764 1739/1739
f 1764/1764 1743/1743 1739/1739
f 1743/1743 1744/1744 1742/1742
f 1744/1744 1746/1746 1745/1745
f 1742/1742 1744/1744 1745/1745
f 1776/1776 1745/1745 1770/1770
f 1189/1189 1190/1190 1188/1188
f 1189/1189 1188/1188 1183/1183
f 1188/1188 1187/1187 1183/1183
f 1183/1183 1187/1187 1184/1184
f 1202/1202 1191/1191 1193/1193
f 2125/2125 2126/2126 2127/2127
f 621/621 620/620 591/591
f 591/591 620/620 592/592
f 620/620 619/619 592/592
f 592/592 619/619 618/618
f 592/592 618/618 598/598
f 615/615 624/624 617/617
f 617/617 624/624 616/616
f 616/616 624/624 725/725
f 616/616 725/725 625/625
f 2127/2127 2133/2133 2134/2134
f 635/635 718/718 631/631
f 2134/2134 2210/2210 2211/2211
f 825/825 820/820 839/839
f 822/822 797/797 824/824
f 799/799 797/797 822/822
f 818/818 817/817 816/816
f 2177/2177 2178/2178 2176/2176
f 826/826 805/805 806/806
f 812/812 775/775 808/808
f 1457/1457 1458/1458 1454/1454
f 1734/1734 1735/1735 1736/1736
f 2069/2069 2065/2065 2068/2068
f 2065/2065 2066/2066 2068/2068
f 2067/2067 2048/2048 2065/2065
f 2048/2048 2051/2051 2065/2065
f 2065/2065 2051/2051 2066/2066
f 2051/2051 2055/2055 2066/2066
f 2048/2048 2050/2050 2051/2051
f 2051/2051 2052/2052 2053/2053
f 2051/2051 2050/2050 2052/2052
f 2052/2052 2054/2054 2053/2053
f 2053/2053 2054/2054 2064/2064
f 2048/2048 2049/2049 2050/2050
f 2052/2052 2056/2056 2054/2054
f 2049/2049 2058/2058 2050/2050
f 1770/1770 1745/1745 1747/1747
f 1184/1184 1187/1187 1191/1191
f 1187/1187 1193/1193 1191/1191
f 1202/1202 1193/1193 1198/1198
f 626/626 620/620 621/621
f 598/598 618/618 615/615
f 615/615 618/618 624/624
f 621/621 622/622 626/626
f 627/627 719/719 622/622
f 725/725 729/729 728/728
f 725/725 728/728 625/625
f 2126/2126 2133/2133 2127/2127
f 635/635 696/696 718/718
f 2133/2133 2136/2136 2134/2134
f 2134/2134 2136/2136 2210/2210
f 868/868 867/867 660/660
f 660/660 867/867 659/659
f 836/836 827/827 835/835
f 816/816 807/807 821/821
f 836/836 884/884 827/827
f 809/809 834/834 833/833
f 2177/2177 2180/2180 2178/2178
f 833/833 834/834 815/815
f 819/819 792/792 817/817
f 559/559 426/426 558/558
f 808/808 805/805 826/826
f 826/826 806/806 823/823
f 2178/2178 2179/2179 2175/2175
f 1456/1456 1460/1460 1451/1451
f 1461/1461 1459/1459 1453/1453
f 1461/1461 1453/1453 1470/1470
f 1453/1453 1457/1457 1454/1454
f 1454/1454 1456/1456 1450/1450
f 1461/1461 1477/1477 1459/1459
f 1734/1734 1733/1733 1735/1735
f 2070/2070 2068/2068 2072/2072
f 2071/2071 2067/2067 2065/2065
f 2071/2071 2065/2065 2069/2069
f 2069/2069 2068/2068 2070/2070
f 1570/1570 1518/1518 1554/1554
f 1554/1554 1518/1518 1526/1526
f 1554/1554 1526/1526 1559/1559
f 1559/1559 1526/1526 1578/1578
f 2058/2058 2057/2057 2050/2050
f 2050/2050 2057/2057 2052/2052
f 2052/2052 2057/2057 2059/2059
f 2052/2052 2059/2059 2056/2056
f 1745/1745 1746/1746 1747/1747
f 1214/1214 1194/1194 1190/1190
f 1190/1190 1194/1194 1188/1188
f 1194/1194 1195/1195 1188/1188
f 1188/1188 1195/1195 1187/1187
f 1187/1187 1196/1196 1193/1193
f 1194/1194 1197/1197 1195/1195
f 1187/1187 1195/1195 1196/1196
f 1193/1193 1196/1196 1198/1198
f 619/619 722/722 618/618
f 622/622 721/721 626/626
f 723/723 727/727 618/618
f 618/618 727/727 624/624
f 624/624 727/727 725/725
f 727/727 729/729 725/725
f 627/627 630/630 719/719
f 631/631 718/718 630/630
f 696/696 761/761 718/718
f 656/656 872/872 696/696
f 696/696 872/872 761/761
f 659/659 867/867 656/656
f 829/829 824/824 838/838
f 2180/2180 2182/2182 2178/2178
f 830/830 826/826 823/823
f 2178/2178 2182/2182 2181/2181
f 2178/2178 2181/2181 2179/2179
f 1450/1450 1456/1456 1451/1451
f 1453/1453 1448/1448 1468/1468
f 1452/1452 1453/1453 1449/1449
f 1449/1449 1453/1453 1454/1454
f 1454/1454 1450/1450 1449/1449
f 2071/2071 2069/2069 2073/2073
f 2069/2069 2072/2072 2073/2073
f 1577/1577 1516/1516 1570/1570
f 1570/1570 1516/1516 1518/1518
f 1518/1518 1519/1519 1526/1526
f 1578/1578 1526/1526 1571/1571
f 2063/2063 2060/2060 2058/2058
f 2058/2058 2060/2060 2057/2057
f 2057/2057 2060/2060 2061/2061
f 2057/2057 2061/2061 2059/2059
f 1746/1746 1748/1748 1747/1747
f 1194/1194 1200/1200 1197/1197
f 1195/1195 1197/1197 1199/1199
f 1195/1195 1199/1199 1196/1196
f 626/626 726/726 620/620
f 620/620 726/726 724/724
f 619/619 620/620 724/724
f 619/619 724/724 722/722
f 722/722 723/723 618/618
f 622/622 720/720 721/721
f 721/721 726/726 626/626
f 719/719 720/720 622/622
f 728/728 729/729 871/871
f 761/761 882/882 718/718
f 656/656 867/867 872/872
f 868/868 869/869 867/867
f 844/844 835/835 842/842
f 819/819 818/818 828/828
f 558/558 427/427 557/557
f 831/831 813/813 832/832
f 830/830 823/823 819/819
f 837/837 808/808 826/826
f 1450/1450 1451/1451 1446/1446
f 1731/1731 1730/1730 1732/1732
f 1732/1732 1730/1730 1733/1733
f 2071/2071 2073/2073 2075/2075
f 2075/2075 2073/2073 2074/2074
f 1532/1532 1516/1516 1577/1577
f 1519/1519 1527/1527 1526/1526
f 1526/1526 1528/1528 1571/1571
f 2061/2061 2062/2062 2059/2059
f 1594/1594 1592/1592 1595/1595
f 1595/1595 1592/1592 1591/1591
f 1595/1595 1591/1591 1596/1596
f 1596/1596 1591/1591 1593/1593
f 1748/1748 1749/1749 1747/1747
f 1747/1747 1749/1749 1750/1750
f 1214/1214 1209/1209 1194/1194
f 1201/1201 1198/1198 1196/1196
f 1194/1194 1209/1209 1200/1200
f 1199/1199 1201/1201 1196/1196
f 766/766 722/722 724/724
f 766/766 858/858 722/722
f 722/722 858/858 723/723
f 723/723 858/858 865/865
f 723/723 865/865 727/727
f 727/727 870/870 729/729
f 718/718 882/882 630/630
f 872/872 880/880 761/761
f 849/849 829/829 838/838
f 427/427 455/455 557/557
f 2185/2185 2214/2214 2181/2181
f 2182/2182 2185/2185 2181/2181
f 1448/1448 1452/1452 1449/1449
f 1445/1445 1449/1449 1450/1450
f 2076/2076 2071/2071 2075/2075
f 1490/1490 1491/1491 1487/1487
f 1516/1516 1517/1517 1518/1518
f 1518/1518 1517/1517 1519/1519
f 1843/1843 1844/1844 1841/1841
f 1843/1843 1845/1845 1844/1844
f 1844/1844 1837/1837 1841/1841
f 1676/1676 1678/1678 1679/1679
f 1845/1845 1848/1848 1844/1844
f 2045/2045 2046/2046 2043/2043
f 1844/1844 1847/1847 1837/1837
f 1848/1848 1847/1847 1844/1844
f 1571/1571 1528/1528 1562/1562
f 1209/1209 1208/1208 1200/1200
f 1200/1200 1208/1208 1197/1197
f 1197/1197 1208/1208 1199/1199
f 1199/1199 1211/1211 1201/1201
f 721/721 873/873 726/726
f 726/726 873/873 724/724
f 724/724 874/874 766/766
f 766/766 866/866 858/858
f 858/858 866/866 865/865
f 727/727 865/865 870/870
f 719/719 876/876 720/720
f 870/870 871/871 729/729
f 2126/2126 2137/2137 2133/2133
f 630/630 878/878 719/719
f 630/630 882/882 878/878
f 222/222 216/216 232/232
f 232/232 216/216 233/233
f 2133/2133 2138/2138 2136/2136
f 867/867 879/879 872/872
f 2183/2183 2182/2182 2180/2180
f 1486/1486 1490/1490 1487/1487
f 1532/1532 1513/1513 1516/1516
f 1840/1840 1841/1841 1842/1842
f 1905/1905 1909/1909 1907/1907
f 1840/1840 1843/1843 1841/1841
f 1993/1993 1992/1992 1991/1991
f 1841/1841 1834/1834 1830/1830
f 1670/1670 1675/1675 1671/1671
f 1991/1991 1992/1992 1984/1984
f 1991/1991 1984/1984 1987/1987
f 1673/1673 1677/1677 1675/1675
f 1675/1675 1678/1678 1671/1671
f 1671/1671 1678/1678 1676/1676
f 1987/1987 1984/1984 1976/1976
f 1987/1987 1976/1976 1988/1988
f 1631/1631 1628/1628 1627/1627
f 1631/1631 1627/1627 1630/1630
f 1627/1627 1626/1626 1630/1630
f 1848/1848 1849/1849 1847/1847
f 1868/1868 1849/1849 1848/1848
f 1849/1849 1850/1850 1847/1847
f 2043/2043 2044/2044 2045/2045
f 2045/2045 2044/2044 2047/2047
f 1527/1527 1529/1529 1528/1528
f 1528/1528 1531/1531 1562/1562
f 1594/1594 1581/1581 1592/1592
f 1594/1594 1590/1590 1581/1581
f 1592/1592 1581/1581 1591/1591
f 1581/1581 1583/1583 1591/1591
f 1591/1591 1583/1583 1593/1593
f 1583/1583 1586/1586 1593/1593
f 1749/1749 1751/1751 1750/1750
f 1750/1750 1751/1751 1752/1752
f 1209/1209 1210/1210 1208/1208
f 1199/1199 1208/1208 1211/1211
f 1201/1201 1211/1211 1212/1212
f 1212/1212 1213/1213 1198/1198
f 1201/1201 1212/1212 1198/1198
f 720/720 875/875 721/721
f 875/875 873/873 721/721
f 724/724 873/873 874/874
f 766/766 874/874 866/866
f 865/865 877/877 870/870
f 2137/2137 2145/2145 2133/2133
f 878/878 876/876 719/719
f 720/720 876/876 875/875
f 231/231 224/224 223/223
f 2145/2145 2138/2138 2133/2133
f 879/879 880/880 872/872
f 881/881 879/879 867/867
f 869/869 881/881 867/867
f 2225/2225 2186/2186 2183/2183
f 2186/2186 2184/2184 2183/2183
f 2183/2183 2184/2184 2182/2182
f 2182/2182 2184/2184 2185/2185
f 1728/1728 1729/1729 1730/1730
f 1486/1486 1487/1487 1488/1488
f 1488/1488 1487/1487 1489/1489
f 1516/1516 1513/1513 1515/1515
f 1516/1516 1515/1515 1517/1517
f 1517/1517 1515/1515 1575/1575
f 1840/1840 1842/1842 1846/1846
f 1993/1993 1995/1995 1994/1994
f 1905/1905 1907/1907 1904/1904
f 1907/1907 1908/1908 1904/1904
f 1669/1669 1670/1670 1667/1667
f 1670/1670 1671/1671 1667/1667
f 1667/1667 1671/1671 1668/1668
f 1993/1993 1994/1994 1992/1992
f 1829/1829 1828/1828 1827/1827
f 1830/1830 1829/1829 1827/1827
f 1669/1669 1674/1674 1673/1673
f 1669/1669 1673/1673 1670/1670
f 1680/1680 1677/1677 1674/1674
f 1674/1674 1677/1677 1673/1673
f 1633/1633 1629/1629 1632/1632
f 1316/1316 1309/1309 1346/1346
f 1632/1632 1628/1628 1631/1631
f 1629/1629 1628/1628 1632/1632
f 1309/1309 1348/1348 1346/1346
f 1629/1629 1624/1624 1628/1628
f 1628/1628 1624/1624 1623/1623
f 1628/1628 1623/1623 1627/1627
f 1627/1627 1623/1623 1626/1626
f 1868/1868 1864/1864 1849/1849
f 1849/1849 1851/1851 1850/1850
f 1626/1626 1623/1623 1625/1625
f 1623/1623 1620/1620 1625/1625
f 1529/1529 1530/1530 1528/1528
f 1528/1528 1530/1530 1531/1531
f 1590/1590 1582/1582 1581/1581
f 1581/1581 1582/1582 1583/1583
f 1210/1210 1215/1215 1208/1208
f 1212/1212 1221/1221 1213/1213
f 865/865 866/866 877/877
f 2145/2145 2207/2207 2138/2138
f 2207/2207 2208/2208 2138/2138
f 217/217 207/207 218/218
f 855/855 845/845 862/862
f 845/845 837/837 853/853
f 853/853 837/837 841/841
f 1441/1441 1455/1455 1444/1444
f 1444/1444 1445/1445 1442/1442
f 1522/1522 1513/1513 1532/1532
f 1576/1576 1522/1522 1532/1532
f 1652/1652 1667/1667 1654/1654
f 1906/1906 1905/1905 1898/1898
f 1651/1651 1669/1669 1652/1652
f 1652/1652 1669/1669 1667/1667
f 1667/1667 1668/1668 1654/1654
f 1905/1905 1904/1904 1898/1898
f 1672/1672 1669/1669 1651/1651
f 1672/1672 1674/1674 1669/1669
f 1355/1355 1308/1308 1344/1344
f 1344/1344 1308/1308 1316/1316
f 1992/1992 1983/1983 1984/1984
f 1316/1316 1308/1308 1309/1309
f 1976/1976 1977/1977 1978/1978
f 1622/1622 1624/1624 1629/1629
f 1849/1849 1864/1864 1862/1862
f 1862/1862 1863/1863 1851/1851
f 1849/1849 1862/1862 1851/1851
f 1624/1624 1619/1619 1623/1623
f 1619/1619 1620/1620 1623/1623
f 1620/1620 1621/1621 1625/1625
f 1562/1562 1531/1531 1555/1555
f 1582/1582 1584/1584 1583/1583
f 1751/1751 1753/1753 1752/1752
f 1752/1752 1753/1753 1754/1754
f 2137/2137 2167/2167 2145/2145
f 229/229 212/212 226/226
f 212/212 220/220 226/226
f 226/226 220/220 227/227
f 227/227 221/221 219/219
f 219/219 228/228 227/227
f 219/219 214/214 228/228
f 228/228 214/214 225/225
f 225/225 205/205 224/224
f 224/224 205/205 223/223
f 230/230 211/211 229/229
f 1962/1962 1958/1958 1961/1961
f 215/215 211/211 230/230
f 2138/2138 2139/2139 2136/2136
f 234/234 201/201 217/217
f 2187/2187 2186/2186 2225/2225
f 1111/1111 1120/1120 1119/1119
f 2185/2185 2215/2215 2214/2214
f 1441/1441 1462/1462 1455/1455
f 1726/1726 1727/1727 1728/1728
f 1728/1728 1727/1727 1729/1729
f 1513/1513 1514/1514 1515/1515
f 1651/1651 1652/1652 1653/1653
f 1653/1653 1652/1652 1654/1654
f 1514/1514 1575/1575 1515/1515
f 1651/1651 1657/1657 1672/1672
f 1904/1904 1903/1903 1898/1898
f 1904/1904 1908/1908 1903/1903
f 1827/1827 1826/1826 1824/1824
f 1828/1828 1819/1819 1826/1826
f 1308/1308 1303/1303 1309/1309
f 1983/1983 1980/1980 1976/1976
f 1984/1984 1983/1983 1976/1976
f 1309/1309 1303/1303 1306/1306
f 1309/1309 1306/1306 1348/1348
f 1622/1622 1619/1619 1624/1624
f 1590/1590 1587/1587 1582/1582
f 1583/1583 1585/1585 1586/1586
f 1583/1583 1584/1584 1585/1585
f 1749/1749 1753/1753 1751/1751
f 1210/1210 1229/1229 1215/1215
f 1215/1215 1222/1222 1208/1208
f 1208/1208 1224/1224 1211/1211
f 1211/1211 1224/1224 1223/1223
f 1211/1211 1223/1223 1212/1212
f 1212/1212 1223/1223 1221/1221
f 1239/1239 1221/1221 1236/1236
f 2118/2118 2119/2119 2120/2120
f 220/220 221/221 227/227
f 225/225 214/214 213/213
f 225/225 213/213 205/205
f 1959/1959 1962/1962 1966/1966
f 229/229 211/211 212/212
f 223/223 205/205 202/202
f 223/223 202/202 208/208
f 1959/1959 1966/1966 1963/1963
f 2208/2208 2140/2140 2138/2138
f 2138/2138 2140/2140 2139/2139
f 207/207 209/209 218/218
f 209/209 210/210 218/218
f 222/222 218/218 210/210
f 217/217 201/201 207/207
f 2187/2187 2184/2184 2186/2186
f 1095/1095 1116/1116 1102/1102
f 450/450 434/434 545/545
f 450/450 545/545 556/556
f 2184/2184 2217/2217 2185/2185
f 2217/2217 2215/2215 2185/2185
f 1500/1500 1492/1492 1494/1494
f 1574/1574 1522/1522 1576/1576
f 1355/1355 1352/1352 1308/1308
f 1898/1898 1903/1903 1901/1901
f 1824/1824 1822/1822 1823/1823
f 1995/1995 2004/2004 1998/1998
f 1826/1826 1790/1790 1822/1822
f 1998/1998 1997/1997 1994/1994
f 1819/1819 1790/1790 1826/1826
f 1994/1994 1997/1997 1992/1992
f 1992/1992 1997/1997 1996/1996
f 1992/1992 1996/1996 1983/1983
f 1980/1980 1979/1979 1976/1976
f 1976/1976 1979/1979 1977/1977
f 1865/1865 1860/1860 1864/1864
f 1864/1864 1860/1860 1862/1862
f 1306/1306 1311/1311 1348/1348
f 1311/1311 1350/1350 1348/1348
f 1622/1622 1618/1618 1614/1614
f 1622/1622 1614/1614 1619/1619
f 1619/1619 1614/1614 1613/1613
f 1619/1619 1613/1613 1620/1620
f 1620/1620 1613/1613 1621/1621
f 1621/1621 1613/1613 1617/1617
f 1587/1587 1584/1584 1582/1582
f 1222/1222 1224/1224 1208/1208
f 1298/1298 1299/1299 1294/1294
f 1298/1298 1294/1294 1297/1297
f 212/212 200/200 220/220
f 200/200 194/194 220/220
f 220/220 194/194 221/221
f 1929/1929 1925/1925 1930/1930
f 2208/2208 2226/2226 2140/2140
f 222/222 210/210 216/216
f 1087/1087 1112/1112 1098/1098
f 1092/1092 1097/1097 1095/1095
f 1430/1430 1478/1478 1462/1462
f 1441/1441 1430/1430 1462/1462
f 1726/1726 1724/1724 1725/1725
f 1726/1726 1725/1725 1727/1727
f 1499/1499 1496/1496 1495/1495
f 2091/2091 2094/2094 2095/2095
f 1513/1513 1520/1520 1514/1514
f 2007/2007 2004/2004 2009/2009
f 1352/1352 1315/1315 1308/1308
f 1901/1901 1902/1902 1896/1896
f 1308/1308 1315/1315 1314/1314
f 1823/1823 1820/1820 1825/1825
f 1790/1790 1791/1791 1822/1822
f 1822/1822 1791/1791 1820/1820
f 1314/1314 1307/1307 1308/1308
f 1308/1308 1307/1307 1303/1303
f 1983/1983 1996/1996 1980/1980
f 1980/1980 1981/1981 1979/1979
f 1863/1863 1818/1818 1833/1833
f 1862/1862 1860/1860 1859/1859
f 1862/1862 1859/1859 1863/1863
f 1613/1613 1615/1615 1617/1617
f 1530/1530 1533/1533 1531/1531
f 1531/1531 1535/1535 1555/1555
f 1584/1584 1588/1588 1585/1585
f 1585/1585 1588/1588 1589/1589
f 1755/1755 1756/1756 1754/1754
f 1753/1753 1755/1755 1754/1754
f 1229/1229 1230/1230 1222/1222
f 1229/1229 1222/1222 1215/1215
f 1222/1222 1228/1228 1224/1224
f 1224/1224 1228/1228 1227/1227
f 1224/1224 1227/1227 1223/1223
f 1227/1227 1226/1226 1223/1223
f 1223/1223 1226/1226 1221/1221
f 1226/1226 1236/1236 1221/1221
f 221/221 194/194 198/198
f 221/221 198/198 219/219
f 219/219 198/198 214/214
f 213/213 195/195 205/205
f 203/203 199/199 211/211
f 211/211 199/199 212/212
f 212/212 199/199 200/200
f 202/202 192/192 208/208
f 215/215 204/204 211/211
f 204/204 203/203 211/211
f 216/216 204/204 215/215
f 1088/1088 1101/1101 1089/1089
f 1077/1077 1100/1100 1099/1099
f 1522/1522 1521/1521 1513/1513
f 2091/2091 2093/2093 2094/2094
f 1352/1352 1353/1353 1315/1315
f 1902/1902 1912/1912 1899/1899
f 1899/1899 1912/1912 1915/1915
f 1820/1820 1789/1789 1825/1825
f 1825/1825 1789/1789 1832/1832
f 1825/1825 1832/1832 1838/1838
f 1832/1832 1839/1839 1838/1838
f 1819/1819 1782/1782 1790/1790
f 1996/1996 1981/1981 1980/1980
f 1865/1865 1867/1867 1861/1861
f 1865/1865 1861/1861 1860/1860
f 1614/1614 1612/1612 1613/1613
f 1613/1613 1612/1612 1608/1608
f 1613/1613 1608/1608 1610/1610
f 1613/1613 1610/1610 1615/1615
f 1533/1533 1534/1534 1531/1531
f 1587/1587 1597/1597 1584/1584
f 1597/1597 1588/1588 1584/1584
f 1755/1755 1705/1705 1756/1756
f 1227/1227 1233/1233 1226/1226
f 214/214 189/189 213/213
f 213/213 189/189 195/195
f 199/199 197/197 200/200
f 197/197 193/193 200/200
f 200/200 193/193 194/194
f 205/205 187/187 202/202
f 202/202 187/187 192/192
f 1922/1922 1923/1923 1924/1924
f 1924/1924 1923/1923 1925/1925
f 216/216 206/206 204/204
f 1925/1925 1923/1923 1926/1926
f 216/216 210/210 206/206
f 2226/2226 2223/2223 2140/2140
f 2139/2139 2140/2140 2141/2141
f 201/201 154/154 207/207
f 434/434 432/432 545/545
f 2217/2217 2218/2218 2215/2215
f 1434/1434 1478/1478 1430/1430
f 1574/1574 1521/1521 1522/1522
f 1513/1513 1521/1521 1520/1520
f 1352/1352 1339/1339 1353/1353
f 1789/1789 1788/1788 1832/1832
f 1832/1832 1788/1788 1839/1839
f 1307/1307 1317/1317 1304/1304
f 1790/1790 1782/1782 1783/1783
f 1782/1782 1780/1780 1783/1783
f 1790/1790 1783/1783 1791/1791
f 1998/1998 1999/1999 1997/1997
f 1307/1307 1304/1304 1303/1303
f 1997/1997 1999/1999 1996/1996
f 1303/1303 1305/1305 1306/1306
f 1981/1981 1982/1982 1979/1979
f 1306/1306 1310/1310 1311/1311
f 1860/1860 1861/1861 1858/1858
f 1860/1860 1858/1858 1859/1859
f 1863/1863 1859/1859 1818/1818
f 1618/1618 1612/1612 1614/1614
f 1615/1615 1610/1610 1616/1616
f 1531/1531 1534/1534 1535/1535
f 1555/1555 1535/1535 1557/1557
f 1587/1587 1598/1598 1597/1597
f 1588/1588 1599/1599 1589/1589
f 1230/1230 1235/1235 1222/1222
f 1231/1231 1228/1228 1222/1222
f 1234/1234 1237/1237 1236/1236
f 1226/1226 1234/1234 1236/1236
f 1236/1236 1237/1237 1238/1238
f 1294/1294 1296/1296 1297/1297
f 193/193 191/191 194/194
f 194/194 190/190 198/198
f 190/190 189/189 198/198
f 214/214 198/198 189/189
f 195/195 187/187 205/205
f 204/204 171/171 203/203
f 1923/1923 1927/1927 1926/1926
f 1935/1935 1937/1937 1932/1932
f 210/210 165/165 206/206
f 166/166 210/210 209/209
f 2187/2187 2121/2121 2184/2184
f 2184/2184 2121/2121 2217/2217
f 1484/1484 1440/1440 1437/1437
f 1352/1352 1343/1343 1339/1339
f 1788/1788 1814/1814 1839/1839
f 2003/2003 2001/2001 1998/1998
f 1791/1791 1783/1783 1789/1789
f 1998/1998 2001/2001 1999/1999
f 1782/1782 1792/1792 1778/1778
f 1782/1782 1778/1778 1780/1780
f 1999/1999 1985/1985 1996/1996
f 1303/1303 1304/1304 1305/1305
f 1792/1792 1796/1796 1778/1778
f 1305/1305 1310/1310 1306/1306
f 1979/1979 1982/1982 1989/1989
f 1979/1979 1989/1989 1990/1990
f 1859/1859 1858/1858 1811/1811
f 1859/1859 1811/1811 1818/1818
f 1818/1818 1811/1811 1816/1816
f 1310/1310 1312/1312 1311/1311
f 1311/1311 1312/1312 1318/1318
f 1311/1311 1318/1318 1350/1350
f 1618/1618 1634/1634 1612/1612
f 1612/1612 1609/1609 1608/1608
f 1608/1608 1609/1609 1610/1610
f 1609/1609 1611/1611 1610/1610
f 1597/1597 1599/1599 1588/1588
f 1755/1755 1707/1707 1705/1705
f 1235/1235 1231/1231 1222/1222
f 1231/1231 1232/1232 1228/1228
f 1228/1228 1232/1232 1227/1227
f 1227/1227 1232/1232 1233/1233
f 1232/1232 1234/1234 1233/1233
f 1233/1233 1234/1234 1226/1226
f 1294/1294 1295/1295 1296/1296
f 189/189 188/188 195/195
f 195/195 188/188 187/187
f 199/199 185/185 197/197
f 197/197 185/185 186/186
f 197/197 186/186 193/193
f 171/171 174/174 203/203
f 168/168 171/171 204/204
f 1923/1923 1916/1916 1927/1927
f 165/165 168/168 206/206
f 206/206 168/168 204/204
f 1935/1935 1943/1943 1937/1937
f 2223/2223 2142/2142 2140/2140
f 164/164 165/165 210/210
f 2140/2140 2142/2142 2141/2141
f 210/210 166/166 164/164
f 154/154 153/153 207/207
f 153/153 166/166 207/207
f 207/207 166/166 209/209
f 201/201 159/159 154/154
f 1724/1724 1722/1722 1725/1725
f 1574/1574 1563/1563 1521/1521
f 1521/1521 1523/1523 1520/1520
f 1664/1664 1662/1662 1665/1665
f 2091/2091 2092/2092 2093/2093
f 2005/2005 2018/2018 2003/2003
f 1789/1789 1784/1784 1788/1788
f 1783/1783 1784/1784 1789/1789
f 1783/1783 1780/1780 1781/1781
f 1783/1783 1781/1781 1784/1784
f 1778/1778 1779/1779 1780/1780
f 1780/1780 1779/1779 1781/1781
f 1778/1778 1795/1795 1779/1779
f 1778/1778 1796/1796 1795/1795
f 1996/1996 1985/1985 1981/1981
f 1981/1981 1985/1985 1982/1982
f 1796/1796 1800/1800 1795/1795
f 1796/1796 1802/1802 1800/1800
f 1800/1800 1802/1802 1807/1807
f 1802/1802 1811/1811 1807/1807
f 1634/1634 1635/1635 1612/1612
f 1610/1610 1611/1611 1616/1616
f 1598/1598 1600/1600 1597/1597
f 1597/1597 1600/1600 1599/1599
f 1295/1295 1302/1302 1296/1296
f 194/194 191/191 190/190
f 191/191 182/182 190/190
f 179/179 184/184 188/188
f 188/188 184/184 187/187
f 187/187 181/181 192/192
f 1922/1922 1916/1916 1923/1923
f 174/174 199/199 203/203
f 2223/2223 2224/2224 2142/2142
f 1089/1089 1086/1086 1088/1088
f 1686/1686 1685/1685 1665/1665
f 1784/1784 1787/1787 1788/1788
f 1787/1787 1813/1813 1814/1814
f 1788/1788 1787/1787 1814/1814
f 1784/1784 1786/1786 1787/1787
f 1787/1787 1793/1793 1813/1813
f 1781/1781 1785/1785 1784/1784
f 1784/1784 1785/1785 1786/1786
f 2001/2001 2002/2002 1999/1999
f 1781/1781 1779/1779 1785/1785
f 1304/1304 1313/1313 1305/1305
f 1779/1779 1795/1795 1794/1794
f 1795/1795 1799/1799 1794/1794
f 1982/1982 1985/1985 1986/1986
f 1795/1795 1800/1800 1799/1799
f 1799/1799 1806/1806 1805/1805
f 1800/1800 1806/1806 1799/1799
f 1806/1806 1808/1808 1805/1805
f 1982/1982 1986/1986 1989/1989
f 1800/1800 1807/1807 1806/1806
f 1807/1807 1809/1809 1808/1808
f 1806/1806 1807/1807 1808/1808
f 1807/1807 1854/1854 1809/1809
f 1854/1854 1856/1856 1809/1809
f 1808/1808 1809/1809 1810/1810
f 1810/1810 1809/1809 1821/1821
f 1861/1861 1866/1866 1858/1858
f 1858/1858 1852/1852 1811/1811
f 1807/1807 1852/1852 1854/1854
f 1809/1809 1856/1856 1821/1821
f 1312/1312 1320/1320 1318/1318
f 1635/1635 1641/1641 1612/1612
f 1609/1609 1636/1636 1611/1611
f 1611/1611 1638/1638 1616/1616
f 1535/1535 1536/1536 1557/1557
f 1600/1600 1601/1601 1599/1599
f 1707/1707 1706/1706 1705/1705
f 1288/1288 1275/1275 1293/1293
f 1293/1293 1289/1289 1294/1294
f 190/190 175/175 189/189
f 189/189 175/175 177/177
f 189/189 177/177 188/188
f 186/186 173/173 193/193
f 193/193 173/173 191/191
f 191/191 173/173 183/183
f 187/187 184/184 181/181
f 174/174 185/185 199/199
f 164/164 166/166 155/155
f 159/159 152/152 154/154
f 2187/2187 2200/2200 2121/2121
f 1343/1343 1338/1338 1339/1339
f 1339/1339 1338/1338 1337/1337
f 2252/2252 2254/2254 2275/2275
f 2416/2416 2406/2406 2403/2403
f 2416/2416 2403/2403 2412/2412
f 2412/2412 2403/2403 2402/2402
f 2412/2412 2402/2402 2411/2411
f 2402/2402 2404/2404 2411/2411
f 2393/2393 2389/2389 2406/2406
f 2406/2406 2389/2389 2403/2403
f 2403/2403 2389/2389 2388/2388
f 2403/2403 2388/2388 2402/2402
f 2388/2388 2386/2386 2402/2402
f 2388/2388 2387/2387 2386/2386
f 2402/2402 2386/2386 2404/2404
f 2386/2386 2387/2387 2385/2385
f 2404/2404 2386/2386 2398/2398
f 2385/2385 2384/2384 2386/2386
f 2393/2393 2391/2391 2389/2389
f 2391/2391 2390/2390 2389/2389
f 2349/2349 2346/2346 2356/2356
f 2389/2389 2390/2390 2387/2387
f 2356/2356 2346/2346 2354/2354
f 2389/2389 2387/2387 2388/2388
f 2001/2001 2018/2018 2002/2002
f 1786/1786 1785/1785 1793/1793
f 1786/1786 1793/1793 1787/1787
f 1793/1793 1803/1803 1813/1813
f 1779/1779 1794/1794 1785/1785
f 2002/2002 2000/2000 1999/1999
f 1794/1794 1797/1797 1785/1785
f 1785/1785 1797/1797 1793/1793
f 1797/1797 1798/1798 1793/1793
f 1999/1999 2000/2000 1985/1985
f 1799/1799 1797/1797 1794/1794
f 1305/1305 1313/1313 1319/1319
f 1985/1985 2000/2000 1986/1986
f 1799/1799 1805/1805 1797/1797
f 1805/1805 1804/1804 1797/1797
f 1805/1805 1808/1808 1804/1804
f 1804/1804 1808/1808 1801/1801
f 1808/1808 1810/1810 1801/1801
f 1801/1801 1810/1810 1812/1812
f 1319/1319 1310/1310 1305/1305
f 1812/1812 1810/1810 1821/1821
f 2117/2117 2109/2109 2111/2111
f 2111/2111 2106/2106 2116/2116
f 1858/1858 1853/1853 1852/1852
f 1853/1853 1855/1855 1854/1854
f 1852/1852 1853/1853 1854/1854
f 1854/1854 1855/1855 1856/1856
f 1856/1856 1855/1855 1857/1857
f 1312/1312 1357/1357 1320/1320
f 1641/1641 1639/1639 1612/1612
f 1612/1612 1639/1639 1637/1637
f 1612/1612 1637/1637 1609/1609
f 1637/1637 1636/1636 1609/1609
f 1611/1611 1636/1636 1638/1638
f 1534/1534 1536/1536 1535/1535
f 1536/1536 1558/1558 1557/1557
f 1598/1598 1605/1605 1600/1600
f 1599/1599 1601/1601 1602/1602
f 1756/1756 1705/1705 1757/1757
f 1292/1292 1287/1287 1272/1272
f 1292/1292 1272/1272 1291/1291
f 1272/1272 1274/1274 1291/1291
f 1291/1291 1274/1274 1288/1288
f 1288/1288 1274/1274 1275/1275
f 1275/1275 1289/1289 1293/1293
f 1289/1289 1295/1295 1294/1294
f 183/183 182/182 191/191
f 182/182 175/175 190/190
f 177/177 179/179 188/188
f 1922/1922 1921/1921 1916/1916
f 165/165 158/158 168/168
f 1939/1939 1945/1945 1956/1956
f 164/164 158/158 165/165
f 166/166 153/153 155/155
f 152/152 153/153 154/154
f 1484/1484 1485/1485 1440/1440
f 1762/1762 1723/1723 1724/1724
f 1763/1763 1762/1762 1724/1724
f 1724/1724 1723/1723 1722/1722
f 1563/1563 1524/1524 1521/1521
f 1521/1521 1524/1524 1523/1523
f 2250/2250 2252/2252 2260/2260
f 2250/2250 2260/2260 2249/2249
f 2414/2414 2398/2398 2407/2407
f 2398/2398 2399/2399 2407/2407
f 2398/2398 2384/2384 2373/2373
f 2398/2398 2373/2373 2399/2399
f 2349/2349 2335/2335 2346/2346
f 2346/2346 2335/2335 2339/2339
f 2346/2346 2339/2339 2354/2354
f 2354/2354 2339/2339 2355/2355
f 2339/2339 2337/2337 2355/2355
f 2384/2384 2385/2385 2377/2377
f 2355/2355 2337/2337 2358/2358
f 2384/2384 2377/2377 2373/2373
f 2019/2019 2020/2020 2002/2002
f 1793/1793 1798/1798 1803/1803
f 1804/1804 1801/1801 1797/1797
f 1797/1797 1801/1801 1798/1798
f 1801/1801 1812/1812 1798/1798
f 1798/1798 1812/1812 1803/1803
f 2111/2111 2109/2109 2106/2106
f 1320/1320 1321/1321 1318/1318
f 1318/1318 1321/1321 1345/1345
f 1318/1318 1345/1345 1347/1347
f 1636/1636 1637/1637 1640/1640
f 1636/1636 1640/1640 1638/1638
f 1638/1638 1640/1640 1616/1616
f 1534/1534 1537/1537 1536/1536
f 1605/1605 1603/1603 1600/1600
f 1600/1600 1603/1603 1601/1601
f 1287/1287 1273/1273 1272/1272
f 1921/1921 1919/1919 1916/1916
f 171/171 167/167 174/174
f 1916/1916 1919/1919 1917/1917
f 1916/1916 1917/1917 1918/1918
f 1945/1945 1957/1957 1956/1956
f 155/155 151/151 164/164
f 2144/2144 2151/2151 2141/2141
f 2142/2142 2144/2144 2141/2141
f 152/152 150/150 153/153
f 153/153 150/150 155/155
f 2201/2201 2200/2200 2187/2187
f 1338/1338 1335/1335 1337/1337
f 1337/1337 1335/1335 1336/1336
f 2244/2244 2274/2274 2243/2243
f 2407/2407 2405/2405 2415/2415
f 2415/2415 2405/2405 2410/2410
f 2410/2410 2405/2405 2400/2400
f 2410/2410 2400/2400 2408/2408
f 2408/2408 2400/2400 2401/2401
f 2407/2407 2399/2399 2405/2405
f 2399/2399 2394/2394 2405/2405
f 2405/2405 2394/2394 2400/2400
f 2400/2400 2394/2394 2379/2379
f 2400/2400 2379/2379 2401/2401
f 2401/2401 2379/2379 2383/2383
f 2399/2399 2373/2373 2394/2394
f 2394/2394 2373/2373 2375/2375
f 2394/2394 2375/2375 2379/2379
f 2376/2376 2378/2378 2375/2375
f 2335/2335 2331/2331 2324/2324
f 2335/2335 2324/2324 2323/2323
f 2335/2335 2323/2323 2339/2339
f 2323/2323 2322/2322 2339/2339
f 2377/2377 2419/2419 2374/2374
f 2377/2377 2374/2374 2373/2373
f 2419/2419 2420/2420 2374/2374
f 2373/2373 2374/2374 2375/2375
f 2322/2322 2337/2337 2339/2339
f 2322/2322 2318/2318 2337/2337
f 2318/2318 2338/2338 2337/2337
f 2358/2358 2337/2337 2347/2347
f 2337/2337 2338/2338 2347/2347
f 2019/2019 2021/2021 2020/2020
f 2002/2002 2020/2020 2000/2000
f 2000/2000 2040/2040 1986/1986
f 2105/2105 2104/2104 2103/2103
f 2096/2096 2103/2103 2101/2101
f 2096/2096 2099/2099 2097/2097
f 1641/1641 1642/1642 1639/1639
f 1639/1639 1642/1642 1637/1637
f 1603/1603 1604/1604 1601/1601
f 1601/1601 1604/1604 1602/1602
f 1705/1705 1758/1758 1757/1757
f 1757/1757 1758/1758 1759/1759
f 1272/1272 1242/1242 1274/1274
f 1275/1275 1255/1255 1289/1289
f 1295/1295 1300/1300 1302/1302
f 174/174 167/167 185/185
f 171/171 168/168 167/167
f 1945/1945 1948/1948 1957/1957
f 382/382 383/383 532/532
f 2121/2121 2122/2122 2123/2123
f 1722/1722 1720/1720 1760/1760
f 1563/1563 1568/1568 1524/1524
f 1335/1335 1333/1333 1336/1336
f 2417/2417 2408/2408 2413/2413
f 2408/2408 2409/2409 2413/2413
f 2401/2401 2395/2395 2408/2408
f 2408/2408 2395/2395 2409/2409
f 2409/2409 2395/2395 2396/2396
f 2401/2401 2383/2383 2395/2395
f 2375/2375 2378/2378 2379/2379
f 2379/2379 2378/2378 2380/2380
f 2380/2380 2378/2378 2381/2381
f 2379/2379 2380/2380 2383/2383
f 2383/2383 2380/2380 2382/2382
f 2380/2380 2381/2381 2382/2382
f 2383/2383 2382/2382 2395/2395
f 2382/2382 2397/2397 2396/2396
f 2395/2395 2382/2382 2396/2396
f 2331/2331 2333/2333 2326/2326
f 2331/2331 2326/2326 2324/2324
f 2324/2324 2326/2326 2320/2320
f 2324/2324 2320/2320 2323/2323
f 2323/2323 2320/2320 2322/2322
f 2320/2320 2318/2318 2322/2322
f 2344/2344 2341/2341 2357/2357
f 2341/2341 2353/2353 2357/2357
f 2318/2318 2329/2329 2338/2338
f 2329/2329 2330/2330 2338/2338
f 2347/2347 2338/2338 2344/2344
f 2338/2338 2330/2330 2344/2344
f 2021/2021 2025/2025 2020/2020
f 2103/2103 2104/2104 2101/2101
f 2101/2101 2099/2099 2096/2096
f 1321/1321 1349/1349 1345/1345
f 1345/1345 1349/1349 1361/1361
f 1642/1642 1644/1644 1637/1637
f 1637/1637 1644/1644 1643/1643
f 1637/1637 1643/1643 1640/1640
f 1537/1537 1538/1538 1536/1536
f 1272/1272 1240/1240 1242/1242
f 1275/1275 1242/1242 1255/1255
f 1289/1289 1300/1300 1295/1295
f 1928/1928 1920/1920 1921/1921
f 173/173 161/161 183/183
f 179/179 180/180 184/184
f 184/184 180/180 181/181
f 1921/1921 1920/1920 1919/1919
f 167/167 170/170 185/185
f 185/185 170/170 186/186
f 168/168 158/158 149/149
f 168/168 149/149 167/167
f 2144/2144 2152/2152 2151/2151
f 155/155 150/150 151/151
f 1723/1723 1721/1721 1722/1722
f 1722/1722 1721/1721 1720/1720
f 1524/1524 1525/1525 1523/1523
f 2240/2240 2238/2238 2256/2256
f 2278/2278 2294/2294 2279/2279
f 2345/2345 2319/2319 2320/2320
f 2320/2320 2319/2319 2318/2318
f 2319/2319 2316/2316 2318/2318
f 2318/2318 2316/2316 2314/2314
f 2341/2341 2342/2342 2353/2353
f 2353/2353 2342/2342 2351/2351
f 2342/2342 2343/2343 2351/2351
f 2351/2351 2343/2343 2352/2352
f 2381/2381 2392/2392 2382/2382
f 2382/2382 2392/2392 2397/2397
f 2352/2352 2343/2343 2336/2336
f 2352/2352 2336/2336 2359/2359
f 2314/2314 2313/2313 2330/2330
f 2329/2329 2314/2314 2330/2330
f 2330/2330 2313/2313 2328/2328
f 2330/2330 2328/2328 2344/2344
f 2344/2344 2328/2328 2340/2340
f 2344/2344 2340/2340 2341/2341
f 2102/2102 2100/2100 2099/2099
f 1323/1323 1324/1324 1322/1322
f 1323/1323 1322/1322 1320/1320
f 1322/1322 1349/1349 1321/1321
f 1320/1320 1322/1322 1321/1321
f 1604/1604 1606/1606 1602/1602
f 1706/1706 1704/1704 1705/1705
f 1273/1273 1244/1244 1272/1272
f 1244/1244 1240/1240 1272/1272
f 1274/1274 1242/1242 1275/1275
f 1255/1255 1290/1290 1289/1289
f 2085/2085 2080/2080 2089/2089
f 2089/2089 2080/2080 2082/2082
f 170/170 137/137 173/173
f 183/183 160/160 182/182
f 177/177 178/178 179/179
f 179/179 178/178 180/180
f 180/180 169/169 181/181
f 1920/1920 1917/1917 1919/1919
f 1954/1954 1952/1952 1949/1949
f 152/152 130/130 150/150
f 917/917 903/903 904/904
f 2200/2200 2199/2199 2121/2121
f 2121/2121 2199/2199 2197/2197
f 2121/2121 2197/2197 2124/2124
f 2121/2121 2124/2124 2122/2122
f 1163/1163 1173/1173 1178/1178
f 1568/1568 1541/1541 1524/1524
f 1385/1385 1377/1377 1388/1388
f 2239/2239 2238/2238 2240/2240
f 2316/2316 2310/2310 2314/2314
f 2314/2314 2310/2310 2313/2313
f 2310/2310 2309/2309 2313/2313
f 2332/2332 2334/2334 2342/2342
f 2342/2342 2334/2334 2343/2343
f 2343/2343 2334/2334 2336/2336
f 2328/2328 2313/2313 2325/2325
f 2328/2328 2325/2325 2340/2340
f 2325/2325 2332/2332 2341/2341
f 2340/2340 2325/2325 2341/2341
f 2341/2341 2332/2332 2342/2342
f 2112/2112 2110/2110 2102/2102
f 1324/1324 1325/1325 1322/1322
f 1646/1646 1645/1645 1642/1642
f 1642/1642 1645/1645 1644/1644
f 1644/1644 1647/1647 1643/1643
f 1538/1538 1539/1539 1536/1536
f 1605/1605 1607/1607 1603/1603
f 1603/1603 1607/1607 1604/1604
f 1604/1604 1607/1607 1606/1606
f 1242/1242 1249/1249 1255/1255
f 1255/1255 1249/1249 1290/1290
f 2085/2085 2083/2083 2080/2080
f 2080/2080 2083/2083 2077/2077
f 2080/2080 2077/2077 2079/2079
f 2080/2080 2079/2079 2082/2082
f 2079/2079 2081/2081 2082/2082
f 175/175 176/176 177/177
f 178/178 157/157 180/180
f 2079/2079 2078/2078 2081/2081
f 170/170 167/167 132/132
f 137/137 161/161 173/173
f 180/180 157/157 169/169
f 2078/2078 2087/2087 2081/2081
f 1948/1948 1950/1950 1957/1957
f 150/150 121/121 151/151
f 152/152 135/135 130/130
f 1568/1568 1572/1572 1541/1541
f 1524/1524 1541/1541 1525/1525
f 1525/1525 1567/1567 1580/1580
f 1388/1388 1377/1377 1386/1386
f 2269/2269 2276/2276 2265/2265
f 1334/1334 1331/1331 1333/1333
f 1335/1335 1334/1334 1333/1333
f 1333/1333 1331/1331 1332/1332
f 2310/2310 2302/2302 2309/2309
f 2302/2302 2304/2304 2309/2309
f 2332/2332 2317/2317 2334/2334
f 2317/2317 2321/2321 2334/2334
f 2313/2313 2309/2309 2325/2325
f 2309/2309 2315/2315 2325/2325
f 2325/2325 2315/2315 2332/2332
f 2315/2315 2317/2317 2332/2332
f 2321/2321 2336/2336 2334/2334
f 2321/2321 2327/2327 2336/2336
f 1332/1332 1326/1326 1328/1328
f 1325/1325 1326/1326 1322/1322
f 1322/1322 1342/1342 1349/1349
f 1646/1646 1648/1648 1645/1645
f 1645/1645 1647/1647 1644/1644
f 1872/1872 1869/1869 1894/1894
f 1536/1536 1579/1579 1558/1558
f 1244/1244 1241/1241 1240/1240
f 1240/1240 1241/1241 1242/1242
f 1242/1242 1241/1241 1243/1243
f 1242/1242 1243/1243 1249/1249
f 2090/2090 2084/2084 2083/2083
f 2085/2085 2090/2090 2083/2083
f 183/183 161/161 160/160
f 145/145 176/176 175/175
f 2083/2083 2084/2084 2077/2077
f 2077/2077 2078/2078 2079/2079
f 132/132 134/134 170/170
f 170/170 134/134 137/137
f 2088/2088 2086/2086 2084/2084
f 2084/2084 2086/2086 2077/2077
f 2086/2086 2087/2087 2078/2078
f 2077/2077 2086/2086 2078/2078
f 149/149 131/131 167/167
f 1955/1955 1950/1950 1953/1953
f 1955/1955 1957/1957 1950/1950
f 142/142 149/149 158/158
f 130/130 121/121 150/150
f 2144/2144 2153/2153 2152/2152
f 911/911 920/920 1024/1024
f 1163/1163 1158/1158 1173/1173
f 1525/1525 1541/1541 1542/1542
f 1525/1525 1542/1542 1567/1567
f 1378/1378 1375/1375 1377/1377
f 1377/1377 1374/1374 1386/1386
f 2303/2303 2305/2305 2304/2304
f 2304/2304 2306/2306 2309/2309
f 2309/2309 2306/2306 2315/2315
f 2315/2315 2306/2306 2317/2317
f 2317/2317 2306/2306 2308/2308
f 2317/2317 2308/2308 2321/2321
f 2308/2308 2312/2312 2321/2321
f 2321/2321 2312/2312 2327/2327
f 1331/1331 1326/1326 1332/1332
f 1328/1328 1326/1326 1327/1327
f 1327/1327 1326/1326 1325/1325
f 1648/1648 1649/1649 1645/1645
f 1645/1645 1649/1649 1647/1647
f 1649/1649 1650/1650 1647/1647
f 1540/1540 1553/1553 1539/1539
f 1540/1540 1539/1539 1538/1538
f 1539/1539 1556/1556 1536/1536
f 1536/1536 1556/1556 1579/1579
f 1869/1869 1871/1871 1873/1873
f 1245/1245 1244/1244 1277/1277
f 1244/1244 1245/1245 1241/1241
f 145/145 146/146 176/176
f 176/176 146/146 178/178
f 178/178 146/146 157/157
f 2164/2164 2154/2154 2204/2204
f 167/167 131/131 132/132
f 2204/2204 2154/2154 2205/2205
f 149/149 142/142 131/131
f 151/151 121/121 142/142
f 135/135 105/105 130/130
f 920/920 940/940 1024/1024
f 2199/2199 2193/2193 2197/2197
f 2197/2197 2198/2198 2124/2124
f 1541/1541 1543/1543 1542/1542
f 1567/1567 1542/1542 1566/1566
f 1377/1377 1375/1375 1372/1372
f 1334/1334 1354/1354 1331/1331
f 2307/2307 2367/2367 2365/2365
f 1326/1326 1329/1329 1322/1322
f 1329/1329 1342/1342 1322/1322
f 1403/1403 1401/1401 1404/1404
f 1869/1869 1872/1872 1870/1870
f 1869/1869 1870/1870 1871/1871
f 1702/1702 1703/1703 1704/1704
f 1704/1704 1703/1703 1705/1705
f 1243/1243 1253/1253 1249/1249
f 161/161 137/137 144/144
f 161/161 144/144 160/160
f 160/160 144/144 145/145
f 146/146 148/148 157/157
f 148/148 147/147 157/157
f 147/147 156/156 169/169
f 157/157 147/147 169/169
f 2164/2164 2156/2156 2154/2154
f 115/115 124/124 142/142
f 142/142 124/124 131/131
f 121/121 115/115 142/142
f 2144/2144 2154/2154 2153/2153
f 135/135 122/122 105/105
f 2199/2199 2219/2219 2193/2193
f 1775/1775 1777/1777 1718/1718
f 1775/1775 1718/1718 1721/1721
f 1721/1721 1718/1718 1720/1720
f 1720/1720 1718/1718 1719/1719
f 1572/1572 1565/1565 1541/1541
f 1541/1541 1565/1565 1543/1543
f 1331/1331 1330/1330 1326/1326
f 1330/1330 1329/1329 1326/1326
f 1400/1400 1399/1399 1401/1401
f 1552/1552 1539/1539 1553/1553
f 1872/1872 1875/1875 1870/1870
f 1870/1870 1874/1874 1871/1871
f 1702/1702 1701/1701 1700/1700
f 1702/1702 1700/1700 1703/1703
f 1243/1243 1247/1247 1253/1253
f 1245/1245 1246/1246 1241/1241
f 1241/1241 1246/1246 1243/1243
f 138/138 139/139 145/145
f 145/145 139/139 146/146
f 139/139 148/148 146/146
f 132/132 123/123 134/134
f 137/137 136/136 144/144
f 121/121 107/107 115/115
f 130/130 105/105 107/107
f 130/130 107/107 121/121
f 2193/2193 2196/2196 2197/2197
f 2197/2197 2196/2196 2198/2198
f 1542/1542 1545/1545 1566/1566
f 1374/1374 1370/1370 1368/1368
f 1354/1354 1351/1351 1331/1331
f 1331/1331 1351/1351 1341/1341
f 1331/1331 1341/1341 1330/1330
f 1341/1341 1340/1340 1330/1330
f 1330/1330 1340/1340 1329/1329
f 1329/1329 1340/1340 1342/1342
f 1392/1392 1391/1391 1398/1398
f 1872/1872 1880/1880 1875/1875
f 1875/1875 1876/1876 1870/1870
f 1870/1870 1876/1876 1874/1874
f 1245/1245 1257/1257 1248/1248
f 1245/1245 1248/1248 1246/1246
f 1246/1246 1247/1247 1243/1243
f 1247/1247 1254/1254 1253/1253
f 2220/2220 2157/2157 2156/2156
f 2156/2156 2157/2157 2155/2155
f 134/134 125/125 137/137
f 137/137 125/125 136/136
f 136/136 138/138 144/144
f 2156/2156 2155/2155 2154/2154
f 131/131 124/124 123/123
f 147/147 143/143 156/156
f 115/115 116/116 124/124
f 2154/2154 2155/2155 2153/2153
f 122/122 103/103 105/105
f 2219/2219 2194/2194 2193/2193
f 1718/1718 1717/1717 1719/1719
f 1565/1565 1544/1544 1543/1543
f 1543/1543 1544/1544 1542/1542
f 1392/1392 1369/1369 1391/1391
f 1552/1552 1550/1550 1551/1551
f 1552/1552 1551/1551 1539/1539
f 1875/1875 1878/1878 1876/1876
f 1874/1874 1876/1876 1877/1877
f 1701/1701 1699/1699 1700/1700
f 1257/1257 1279/1279 1248/1248
f 1246/1246 1250/1250 1247/1247
f 124/124 116/116 123/123
f 123/123 125/125 134/134
f 136/136 125/125 126/126
f 126/126 133/133 138/138
f 136/136 126/126 138/138
f 138/138 133/133 139/139
f 139/139 140/140 148/148
f 148/148 140/140 147/147
f 115/115 108/108 116/116
f 1777/1777 1767/1767 1718/1718
f 1544/1544 1545/1545 1542/1542
f 1366/1366 1394/1394 1390/1390
f 1551/1551 1556/1556 1539/1539
f 1699/1699 1698/1698 1700/1700
f 1265/1265 1252/1252 1279/1279
f 1247/1247 1251/1251 1254/1254
f 1279/1279 1252/1252 1248/1248
f 1246/1246 1248/1248 1250/1250
f 116/116 114/114 123/123
f 140/140 141/141 147/147
f 108/108 109/109 116/116
f 106/106 108/108 107/107
f 105/105 106/106 107/107
f 103/103 102/102 105/105
f 2196/2196 2193/2193 2195/2195
f 1767/1767 1716/1716 1718/1718
f 1718/1718 1716/1716 1717/1717
f 1717/1717 1716/1716 1715/1715
f 1420/1420 1419/1419 1424/1424
f 1565/1565 1569/1569 1544/1544
f 1544/1544 1546/1546 1545/1545
f 1551/1551 1561/1561 1556/1556
f 1880/1880 1886/1886 1878/1878
f 1879/1879 1881/1881 1877/1877
f 1699/1699 1697/1697 1698/1698
f 1252/1252 1250/1250 1248/1248
f 1250/1250 1251/1251 1247/1247
f 2221/2221 2157/2157 2220/2220
f 123/123 114/114 112/112
f 123/123 112/112 125/125
f 125/125 112/112 126/126
f 126/126 120/120 133/133
f 120/120 119/119 133/133
f 133/133 119/119 139/139
f 139/139 119/119 140/140
f 140/140 119/119 129/129
f 129/129 141/141 140/140
f 2157/2157 2158/2158 2155/2155
f 116/116 109/109 114/114
f 141/141 127/127 143/143
f 1544/1544 1547/1547 1546/1546
f 1546/1546 1547/1547 1548/1548
f 1548/1548 1549/1549 1550/1550
f 1550/1550 1549/1549 1551/1551
f 1549/1549 1561/1561 1551/1551
f 1697/1697 1695/1695 1698/1698
f 1698/1698 1695/1695 1768/1768
f 1252/1252 1256/1256 1250/1250
f 1250/1250 1256/1256 1251/1251
f 1251/1251 1258/1258 1271/1271
f 112/112 113/113 126/126
f 129/129 128/128 141/141
f 141/141 128/128 127/127
f 105/105 70/70 106/106
f 2193/2193 2190/2190 2195/2195
f 2195/2195 2190/2190 2209/2209
f 1164/1164 1148/1148 1142/1142
f 1164/1164 1142/1142 1165/1165
f 1716/1716 1712/1712 1715/1715
f 1712/1712 1713/1713 1714/1714
f 1715/1715 1712/1712 1714/1714
f 1564/1564 1547/1547 1544/1544
f 1564/1564 1560/1560 1547/1547
f 1547/1547 1549/1549 1548/1548
f 1696/1696 1694/1694 1695/1695
f 1696/1696 1695/1695 1697/1697
f 1258/1258 1286/1286 1271/1271
f 109/109 97/97 98/98
f 114/114 98/98 112/112
f 113/113 117/117 120/120
f 120/120 117/117 119/119
f 117/117 100/100 119/119
f 119/119 100/100 118/118
f 119/119 118/118 129/129
f 129/129 118/118 128/128
f 108/108 95/95 97/97
f 108/108 97/97 109/109
f 106/106 70/70 95/95
f 106/106 95/95 108/108
f 956/956 978/978 998/998
f 2194/2194 2189/2189 2193/2193
f 2193/2193 2189/2189 2190/2190
f 2209/2209 2190/2190 2202/2202
f 1712/1712 1711/1711 1713/1713
f 1547/1547 1560/1560 1549/1549
f 1560/1560 1573/1573 1549/1549
f 1549/1549 1573/1573 1561/1561
f 1886/1886 1889/1889 1883/1883
f 1883/1883 1888/1888 1884/1884
f 1692/1692 1693/1693 1694/1694
f 1694/1694 1693/1693 1695/1695
f 1258/1258 1262/1262 1286/1286
f 2159/2159 2158/2158 2157/2157
f 98/98 90/90 112/112
f 90/90 93/93 112/112
f 112/112 93/93 113/113
f 113/113 93/93 92/92
f 113/113 92/92 117/117
f 117/117 101/101 100/100
f 118/118 110/110 128/128
f 110/110 127/127 128/128
f 2158/2158 2216/2216 2155/2155
f 103/103 66/66 102/102
f 1165/1165 1142/1142 1138/1138
f 1712/1712 1772/1772 1690/1690
f 1712/1712 1690/1690 1711/1711
f 1690/1690 1710/1710 1711/1711
f 1687/1687 1689/1689 1692/1692
f 1692/1692 1689/1689 1693/1693
f 1270/1270 1263/1263 1284/1284
f 117/117 92/92 101/101
f 100/100 104/104 118/118
f 95/95 70/70 75/75
f 95/95 75/75 97/97
f 110/110 111/111 127/127
f 1159/1159 1138/1138 1133/1133
f 1159/1159 1133/1133 1139/1139
f 1690/1690 1688/1688 1710/1710
f 1687/1687 1688/1688 1689/1689
f 1693/1693 1689/1689 1709/1709
f 1263/1263 1267/1267 1260/1260
f 1264/1264 1301/1301 1262/1262
f 1262/1262 1301/1301 1286/1286
f 2159/2159 2160/2160 2158/2158
f 90/90 85/85 93/93
f 93/93 85/85 92/92
f 118/118 104/104 110/110
f 2189/2189 2172/2172 2190/2190
f 2189/2189 2188/2188 2172/2172
f 2190/2190 2172/2172 2191/2191
f 1690/1690 1691/1691 1689/1689
f 1689/1689 1688/1688 1690/1690
f 1689/1689 1691/1691 1708/1708
f 1708/1708 1709/1709 1689/1689
f 1268/1268 1301/1301 1264/1264
f 2159/2159 2162/2162 2161/2161
f 2159/2159 2161/2161 2160/2160
f 84/84 85/85 90/90
f 70/70 71/71 72/72
f 94/94 86/86 88/88
f 76/76 78/78 100/100
f 104/104 96/96 110/110
f 2189/2189 2213/2213 2188/2188
f 2191/2191 2172/2172 2192/2192
f 1268/1268 1285/1285 1301/1301
f 73/73 74/74 84/84
f 99/99 77/77 104/104
f 77/77 81/81 104/104
f 104/104 81/81 96/96
f 110/110 96/96 111/111
f 974/974 1003/1003 1004/1004
f 2162/2162 2163/2163 2161/2161
f 2203/2203 2160/2160 2161/2161
f 72/72 52/52 55/55
f 84/84 57/57 85/85
f 58/58 59/59 87/87
f 86/86 63/63 88/88
f 987/987 999/999 986/986
f 1074/1074 1007/1007 1031/1031
f 1074/1074 1031/1031 1043/1043
f 2188/2188 2168/2168 2172/2172
f 2172/2172 2169/2169 2192/2192
f 2172/2172 2168/2168 2169/2169
f 2169/2169 2168/2168 2166/2166
f 2163/2163 2166/2166 2165/2165
f 2165/2165 2161/2161 2163/2163
f 65/65 46/46 47/47
f 85/85 57/57 58/58
f 86/86 59/59 62/62
f 61/61 44/44 46/46
f 88/88 63/63 76/76
f 78/78 77/77 99/99
f 81/81 79/79 96/96
f 2168/2168 2165/2165 2166/2166
f 2168/2168 2170/2170 2165/2165
f 2165/2165 2203/2203 2161/2161
f 52/52 47/47 48/48
f 59/59 60/60 62/62
f 76/76 63/63 64/64
f 68/68 77/77 78/78
f 77/77 69/69 81/81
f 96/96 79/79 91/91
f 1043/1043 1049/1049 1067/1067
f 2168/2168 2171/2171 2170/2170
f 60/60 34/34 63/63
f 64/64 37/37 68/68
f 425/425 536/536 542/542
f 60/60 6/6 34/34
f 68/68 49/49 69/69
f 424/424 529/529 465/465
f 424/424 542/542 529/529
f 5/5 18/18 6/6
f 6/6 18/18 19/19
f 19/19 22/22 34/34
f 7/7 8/8 5/5
f 516/516 573/573 501/501
f 572/572 516/516 499/499
f 499/499 516/516 501/501
f 499/499 501/501 500/500
f 497/497 572/572 499/499
f 752/752 751/751 730/730
f 2132/2132 2222/2222 2143/2143
f 500/500 501/501 502/502
f 498/498 497/497 499/499
f 747/747 709/709 746/746
f 498/498 499/499 500/500
f 500/500 502/502 503/503
f 613/613 610/610 608/608
f 497/497 498/498 496/496
f 802/802 763/763 789/789
f 776/776 751/751 777/777
f 781/781 747/747 746/746
f 700/700 731/731 737/737
f 500/500 503/503 562/562
f 503/503 502/502 504/504
f 495/495 497/497 496/496
f 550/550 498/498 549/549
f 498/498 500/500 549/549
f 549/549 500/500 561/561
f 561/561 500/500 562/562
f 561/561 562/562 580/580
f 503/503 504/504 505/505
f 505/505 504/504 506/506
f 759/759 749/749 780/780
f 543/543 496/496 498/498
f 543/543 498/498 550/550
f 467/467 550/550 549/549
f 467/467 549/549 468/468
f 468/468 549/549 540/540
f 534/534 540/540 549/549
f 538/538 534/534 561/561
f 534/534 549/549 561/561
f 539/539 538/538 561/561
f 539/539 561/561 580/580
f 541/541 580/580 562/562
f 541/541 562/562 503/503
f 541/541 503/503 554/554
f 554/554 503/503 505/505
f 799/799 779/779 797/797
f 801/801 800/800 810/810
f 787/787 757/757 788/788
f 467/467 543/543 550/550
f 464/464 543/543 467/467
f 541/541 539/539 580/580
f 541/541 554/554 431/431
f 505/505 506/506 512/512
f 605/605 612/612 625/625
f 512/512 506/506 511/511
f 825/825 798/798 820/820
f 493/493 577/577 495/495
f 493/493 495/495 494/494
f 811/811 801/801 810/810
f 494/494 495/495 496/496
f 809/809 815/815 834/834
f 792/792 788/788 817/817
f 816/816 788/788 807/807
f 494/494 496/496 544/544
f 814/814 804/804 813/813
f 544/544 496/496 543/543
f 544/544 543/543 464/464
f 554/554 505/505 555/555
f 827/827 811/811 810/810
f 821/821 807/807 799/799
f 823/823 806/806 792/792
f 775/775 790/790 808/808
f 808/808 790/790 805/805
f 1454/1454 1458/1458 1456/1456
f 414/414 431/431 554/554
f 555/555 414/414 554/554
f 824/824 796/796 825/825
f 574/574 577/577 493/493
f 835/835 827/827 810/810
f 821/821 799/799 822/822
f 835/835 810/810 809/809
f 823/823 792/792 819/819
f 815/815 814/814 813/813
f 559/559 494/494 544/544
f 426/426 559/559 464/464
f 2174/2174 2175/2175 2179/2179
f 1459/1459 1457/1457 1453/1453
f 414/414 555/555 368/368
f 368/368 555/555 547/547
f 547/547 555/555 505/505
f 547/547 505/505 512/512
f 512/512 511/511 510/510
f 838/838 824/824 825/825
f 822/822 824/824 829/829
f 835/835 809/809 833/833
f 832/832 813/813 812/812
f 494/494 559/559 558/558
f 2072/2072 2069/2069 2070/2070
f 511/511 579/579 508/508
f 838/838 825/825 839/839
f 490/490 574/574 493/493
f 836/836 835/835 844/844
f 842/842 835/835 833/833
f 818/818 816/816 828/828
f 828/828 816/816 821/821
f 493/493 494/494 492/492
f 833/833 815/815 831/831
f 819/819 817/817 818/818
f 492/492 494/494 558/558
f 831/831 815/815 813/813
f 832/832 812/812 808/808
f 1448/1448 1453/1453 1452/1452
f 1470/1470 1453/1453 1468/1468
f 1734/1734 1766/1766 1732/1732
f 1734/1734 1732/1732 1733/1733
f 2074/2074 2073/2073 2072/2072
f 547/547 512/512 548/548
f 510/510 511/511 508/508
f 850/850 839/839 856/856
f 838/838 839/839 850/850
f 851/851 838/838 850/850
f 821/821 822/822 829/829
f 884/884 836/836 846/846
f 846/846 836/836 844/844
f 842/842 833/833 831/831
f 830/830 819/819 843/843
f 826/826 830/830 840/840
f 492/492 558/558 557/557
f 837/837 832/832 808/808
f 427/427 558/558 426/426
f 367/367 368/368 547/547
f 548/548 367/367 547/547
f 548/548 512/512 510/510
f 849/849 838/838 851/851
f 821/821 829/829 849/849
f 848/848 828/828 821/821
f 855/855 842/842 831/831
f 819/819 828/828 843/843
f 837/837 826/826 841/841
f 841/841 826/826 840/840
f 1444/1444 1448/1448 1447/1447
f 1448/1448 1449/1449 1447/1447
f 1447/1447 1449/1449 1445/1445
f 1445/1445 1450/1450 1446/1446
f 1455/1455 1468/1468 1448/1448
f 1834/1834 1841/1841 1837/1837
f 1526/1526 1527/1527 1528/1528
f 367/367 548/548 560/560
f 560/560 548/548 510/510
f 510/510 508/508 507/507
f 507/507 508/508 509/509
f 850/850 856/856 859/859
f 490/490 493/493 492/492
f 848/848 821/821 852/852
f 852/852 821/821 849/849
f 846/846 844/844 864/864
f 864/864 844/844 861/861
f 861/861 844/844 842/842
f 843/843 828/828 848/848
f 855/855 831/831 845/845
f 840/840 830/830 847/847
f 830/830 843/843 847/847
f 845/845 831/831 832/832
f 845/845 832/832 837/837
f 556/556 492/492 557/557
f 1445/1445 1446/1446 1443/1443
f 1455/1455 1448/1448 1444/1444
f 1501/1501 1490/1490 1492/1492
f 1492/1492 1490/1490 1486/1486
f 1671/1671 1676/1676 1668/1668
f 1673/1673 1675/1675 1670/1670
f 1829/1829 1830/1830 1834/1834
f 1836/1836 1837/1837 1847/1847
f 1847/1847 1850/1850 1851/1851
f 1836/1836 1847/1847 1851/1851
f 215/215 233/233 216/216
f 1109/1109 1122/1122 1108/1108
f 1107/1107 1123/1123 1109/1109
f 1109/1109 1123/1123 1122/1122
f 857/857 849/849 860/860
f 849/849 851/851 860/860
f 852/852 849/849 857/857
f 490/490 492/492 491/491
f 861/861 842/842 855/855
f 847/847 843/843 848/848
f 491/491 492/492 556/556
f 841/841 840/840 854/854
f 854/854 840/840 847/847
f 455/455 556/556 557/557
f 1442/1442 1445/1445 1443/1443
f 1444/1444 1447/1447 1445/1445
f 1731/1731 1728/1728 1730/1730
f 1993/1993 2006/2006 1995/1995
f 1834/1834 1837/1837 1831/1831
f 1831/1831 1837/1837 1836/1836
f 367/367 560/560 380/380
f 560/560 510/510 552/552
f 552/552 510/510 507/507
f 1119/1119 1112/1112 1110/1110
f 1105/1105 1113/1113 1097/1097
f 1113/1113 1118/1118 1095/1095
f 1095/1095 1118/1118 1116/1116
f 862/862 845/845 863/863
f 863/863 845/845 853/853
f 853/853 841/841 854/854
f 450/450 556/556 455/455
f 1492/1492 1486/1486 1494/1494
f 1494/1494 1486/1486 1488/1488
f 1494/1494 1488/1488 1493/1493
f 1493/1493 1488/1488 1489/1489
f 1493/1493 1489/1489 1495/1495
f 1826/1826 1827/1827 1828/1828
f 1828/1828 1829/1829 1819/1819
f 1829/1829 1834/1834 1831/1831
f 1835/1835 1836/1836 1851/1851
f 552/552 380/380 560/560
f 507/507 509/509 513/513
f 1967/1967 1962/1962 1961/1961
f 1101/1101 1109/1109 1108/1108
f 489/489 581/581 490/490
f 488/488 490/490 491/491
f 1093/1093 1105/1105 1097/1097
f 1111/1111 1119/1119 1110/1110
f 1097/1097 1113/1113 1095/1095
f 1106/1106 1121/1121 1111/1111
f 1121/1121 1120/1120 1111/1111
f 1102/1102 1116/1116 1115/1115
f 1104/1104 1117/1117 1106/1106
f 1117/1117 1121/1121 1106/1106
f 1433/1433 1442/1442 1443/1443
f 1433/1433 1443/1443 1438/1438
f 1441/1441 1444/1444 1442/1442
f 1653/1653 1654/1654 1655/1655
f 1906/1906 1898/1898 1910/1910
f 1822/1822 1824/1824 1826/1826
f 1819/1819 1829/1829 1831/1831
f 1817/1817 1831/1831 1836/1836
f 1817/1817 1836/1836 1835/1835
f 1835/1835 1851/1851 1833/1833
f 380/380 552/552 376/376
f 1958/1958 1962/1962 1959/1959
f 1958/1958 1959/1959 1960/1960
f 1961/1961 1958/1958 1960/1960
f 1960/1960 1959/1959 1963/1963
f 1965/1965 1961/1961 1964/1964
f 1964/1964 1961/1961 1960/1960
f 1964/1964 1960/1960 1963/1963
f 1107/1107 1109/1109 1101/1101
f 1112/1112 1107/1107 1098/1098
f 1110/1110 1112/1112 1087/1087
f 1080/1080 1093/1093 1097/1097
f 1080/1080 1097/1097 1092/1092
f 1111/1111 1110/1110 1103/1103
f 1102/1102 1115/1115 1100/1100
f 1100/1100 1115/1115 1114/1114
f 1100/1100 1114/1114 1099/1099
f 1114/1114 1117/1117 1104/1104
f 1099/1099 1114/1114 1104/1104
f 545/545 491/491 556/556
f 1430/1430 1441/1441 1431/1431
f 1441/1441 1442/1442 1431/1431
f 1431/1431 1442/1442 1433/1433
f 1493/1493 1495/1495 1496/1496
f 1656/1656 1653/1653 1658/1658
f 1658/1658 1653/1653 1655/1655
f 1657/1657 1651/1651 1656/1656
f 1656/1656 1651/1651 1653/1653
f 1911/1911 1910/1910 1898/1898
f 1911/1911 1898/1898 1895/1895
f 1352/1352 1355/1355 1356/1356
f 2004/2004 2006/2006 2009/2009
f 1896/1896 1898/1898 1901/1901
f 1995/1995 2006/2006 2004/2004
f 1823/1823 1822/1822 1820/1820
f 1994/1994 1995/1995 1998/1998
f 1833/1833 1851/1851 1863/1863
f 376/376 552/552 553/553
f 553/553 552/552 507/507
f 1925/1925 1929/1929 1924/1924
f 1973/1973 1965/1965 1964/1964
f 1968/1968 1964/1964 1963/1963
f 1968/1968 1963/1963 1969/1969
f 1968/1968 1969/1969 1970/1970
f 1101/1101 1108/1108 1096/1096
f 1088/1088 1107/1107 1101/1101
f 489/489 490/490 488/488
f 1103/1103 1110/1110 1090/1090
f 1090/1090 1110/1110 1087/1087
f 1106/1106 1111/1111 1103/1103
f 1095/1095 1102/1102 1094/1094
f 1094/1094 1102/1102 1100/1100
f 1083/1083 1104/1104 1106/1106
f 1431/1431 1433/1433 1432/1432
f 1432/1432 1433/1433 1438/1438
f 1494/1494 1493/1493 1497/1497
f 1497/1497 1493/1493 1496/1496
f 1659/1659 1658/1658 1655/1655
f 2007/2007 2009/2009 2010/2010
f 1895/1895 1898/1898 1896/1896
f 1895/1895 1896/1896 1897/1897
f 1899/1899 1896/1896 1902/1902
f 1782/1782 1819/1819 1792/1792
f 1792/1792 1819/1819 1831/1831
f 1792/1792 1831/1831 1817/1817
f 1835/1835 1833/1833 1816/1816
f 1973/1973 1964/1964 1974/1974
f 1964/1964 1968/1968 1972/1972
f 1974/1974 1964/1964 1972/1972
f 1931/1931 1930/1930 1925/1925
f 1098/1098 1107/1107 1088/1088
f 1080/1080 1092/1092 1081/1081
f 1092/1092 1095/1095 1091/1091
f 1091/1091 1095/1095 1094/1094
f 1106/1106 1103/1103 1084/1084
f 488/488 491/491 533/533
f 1094/1094 1100/1100 1077/1077
f 1077/1077 1099/1099 1078/1078
f 1104/1104 1083/1083 1082/1082
f 533/533 491/491 545/545
f 1434/1434 1430/1430 1432/1432
f 1430/1430 1431/1431 1432/1432
f 1432/1432 1438/1438 1437/1437
f 1500/1500 1494/1494 1498/1498
f 1498/1498 1494/1494 1497/1497
f 1499/1499 1497/1497 1496/1496
f 1656/1656 1658/1658 1660/1660
f 1660/1660 1658/1658 1659/1659
f 1663/1663 1657/1657 1656/1656
f 1895/1895 1897/1897 1913/1913
f 1897/1897 1896/1896 1899/1899
f 1897/1897 1899/1899 1900/1900
f 1899/1899 1915/1915 1900/1900
f 1789/1789 1820/1820 1791/1791
f 1815/1815 1817/1817 1835/1835
f 1815/1815 1835/1835 1816/1816
f 1816/1816 1833/1833 1818/1818
f 386/386 376/376 553/553
f 514/514 507/507 513/513
f 1971/1971 1972/1972 1968/1968
f 1974/1974 1972/1972 1971/1971
f 1974/1974 1971/1971 1975/1975
f 1971/1971 1968/1968 1970/1970
f 1932/1932 1933/1933 1934/1934
f 1932/1932 1934/1934 1935/1935
f 1931/1931 1925/1925 1926/1926
f 1935/1935 1934/1934 1936/1936
f 1089/1089 1101/1101 1096/1096
f 1089/1089 1096/1096 1085/1085
f 1087/1087 1098/1098 1088/1088
f 1080/1080 1081/1081 913/913
f 1084/1084 1103/1103 1090/1090
f 1093/1093 1080/1080 914/914
f 1081/1081 1092/1092 918/918
f 918/918 1092/1092 1091/1091
f 1091/1091 1094/1094 1076/1076
f 1076/1076 1094/1094 1077/1077
f 1106/1106 1084/1084 1083/1083
f 1082/1082 1078/1078 1099/1099
f 1082/1082 1099/1099 1104/1104
f 1660/1660 1659/1659 1662/1662
f 1663/1663 1656/1656 1661/1661
f 1661/1661 1656/1656 1660/1660
f 2011/2011 2010/2010 2012/2012
f 2013/2013 2012/2012 2017/2017
f 1913/1913 1897/1897 1900/1900
f 2004/2004 2007/2007 2005/2005
f 2005/2005 2007/2007 2008/2008
f 2003/2003 1998/1998 2004/2004
f 1792/1792 1817/1817 1815/1815
f 1792/1792 1815/1815 1796/1796
f 553/553 507/507 514/514
f 514/514 513/513 515/515
f 515/515 513/513 578/578
f 1973/1973 1974/1974 1975/1975
f 1941/1941 1932/1932 1938/1938
f 1935/1935 1936/1936 1943/1943
f 914/914 1080/1080 913/913
f 913/913 1081/1081 918/918
f 1075/1075 1091/1091 1076/1076
f 432/432 533/533 545/545
f 1435/1435 1434/1434 1432/1432
f 1432/1432 1437/1437 1436/1436
f 1498/1498 1497/1497 1502/1502
f 1497/1497 1499/1499 1503/1503
f 1661/1661 1660/1660 1664/1664
f 1664/1664 1660/1660 1662/1662
f 1663/1663 1661/1661 1681/1681
f 2011/2011 2012/2012 2013/2013
f 2013/2013 2017/2017 2014/2014
f 1914/1914 1913/1913 1900/1900
f 1358/1358 1353/1353 1339/1339
f 2008/2008 2007/2007 2010/2010
f 2008/2008 2010/2010 2011/2011
f 2003/2003 2004/2004 2005/2005
f 1796/1796 1815/1815 1802/1802
f 1815/1815 1816/1816 1802/1802
f 1802/1802 1816/1816 1811/1811
f 1940/1940 1941/1941 1938/1938
f 1938/1938 1932/1932 1937/1937
f 1079/1079 1089/1089 1085/1085
f 897/897 1087/1087 1088/1088
f 1084/1084 1090/1090 893/893
f 2201/2201 2187/2187 2212/2212
f 918/918 1091/1091 1075/1075
f 1435/1435 1432/1432 1436/1436
f 1436/1436 1437/1437 1439/1439
f 1439/1439 1437/1437 1440/1440
f 1502/1502 1497/1497 1503/1503
f 1503/1503 1499/1499 1504/1504
f 1500/1500 1498/1498 1505/1505
f 1681/1681 1661/1661 1666/1666
f 1666/1666 1661/1661 1664/1664
f 2011/2011 2013/2013 2014/2014
f 1807/1807 1811/1811 1852/1852
f 386/386 553/553 442/442
f 196/196 192/192 181/181
f 1939/1939 1940/1940 1938/1938
f 1937/1937 1943/1943 1944/1944
f 1089/1089 1079/1079 1086/1086
f 1090/1090 1087/1087 895/895
f 532/532 488/488 533/533
f 918/918 1075/1075 907/907
f 1075/1075 1076/1076 907/907
f 892/892 1077/1077 1078/1078
f 1078/1078 1082/1082 892/892
f 1505/1505 1498/1498 1502/1502
f 1682/1682 1664/1664 1665/1665
f 2015/2015 2011/2011 2014/2014
f 2015/2015 2014/2014 2016/2016
f 2008/2008 2011/2011 2036/2036
f 2001/2001 2003/2003 2018/2018
f 1918/1918 1927/1927 1916/1916
f 1939/1939 1938/1938 1937/1937
f 1939/1939 1937/1937 1942/1942
f 1942/1942 1937/1937 1944/1944
f 1079/1079 1085/1085 917/917
f 900/900 1086/1086 1079/1079
f 546/546 569/569 489/489
f 546/546 489/489 487/487
f 897/897 1088/1088 1086/1086
f 487/487 489/489 488/488
f 895/895 1087/1087 897/897
f 893/893 1090/1090 895/895
f 1083/1083 1084/1084 886/886
f 885/885 1083/1083 886/886
f 1084/1084 893/893 886/886
f 910/910 913/913 908/908
f 908/908 913/913 918/918
f 918/918 907/907 908/908
f 907/907 1076/1076 1077/1077
f 892/892 1082/1082 889/889
f 889/889 1082/1082 885/885
f 1082/1082 1083/1083 885/885
f 533/533 432/432 382/382
f 1505/1505 1502/1502 1506/1506
f 1684/1684 1681/1681 1666/1666
f 2011/2011 2015/2015 2036/2036
f 2039/2039 2036/2036 2015/2015
f 2260/2260 2261/2261 2249/2249
f 2249/2249 2261/2261 2246/2246
f 2261/2261 2273/2273 2246/2246
f 2246/2246 2273/2273 2272/2272
f 2005/2005 2008/2008 2018/2018
f 2018/2018 2008/2008 2019/2019
f 2414/2414 2404/2404 2398/2398
f 2398/2398 2386/2386 2384/2384
f 442/442 553/553 514/514
f 517/517 514/514 515/515
f 1942/1942 1944/1944 1946/1946
f 902/902 1086/1086 900/900
f 897/897 1086/1086 902/902
f 914/914 913/913 912/912
f 912/912 913/913 910/910
f 382/382 532/532 533/533
f 907/907 1077/1077 892/892
f 1483/1483 1434/1434 1435/1435
f 1177/1177 1182/1182 1174/1174
f 1174/1174 1182/1182 1181/1181
f 1174/1174 1181/1181 1179/1179
f 1506/1506 1502/1502 1507/1507
f 1502/1502 1503/1503 1507/1507
f 1760/1760 1761/1761 1722/1722
f 1683/1683 1664/1664 1682/1682
f 1683/1683 1682/1682 1685/1685
f 1682/1682 1665/1665 1685/1685
f 1684/1684 1666/1666 1683/1683
f 1683/1683 1666/1666 1664/1664
f 1338/1338 1343/1343 1360/1360
f 2039/2039 2015/2015 2038/2038
f 2022/2022 2008/2008 2036/2036
f 2254/2254 2252/2252 2253/2253
f 2253/2253 2252/2252 2251/2251
f 2251/2251 2252/2252 2250/2250
f 2246/2246 2272/2272 2244/2244
f 2244/2244 2272/2272 2274/2274
f 2019/2019 2008/2008 2022/2022
f 2002/2002 2018/2018 2019/2019
f 2103/2103 2108/2108 2106/2106
f 517/517 515/515 518/518
f 518/518 515/515 567/567
f 1946/1946 1944/1944 1949/1949
f 1945/1945 1939/1939 1942/1942
f 1945/1945 1942/1942 1946/1946
f 904/904 900/900 1079/1079
f 904/904 1079/1079 917/917
f 910/910 908/908 909/909
f 907/907 892/892 905/905
f 1174/1174 1179/1179 1175/1175
f 1175/1175 1179/1179 1176/1176
f 1179/1179 1180/1180 1176/1176
f 1383/1383 1387/1387 1382/1382
f 1382/1382 1387/1387 1384/1384
f 2037/2037 2039/2039 2038/2038
f 2251/2251 2250/2250 2248/2248
f 2250/2250 2249/2249 2248/2248
f 2248/2248 2249/2249 2246/2246
f 2248/2248 2246/2246 2247/2247
f 2247/2247 2246/2246 2245/2245
f 2245/2245 2246/2246 2244/2244
f 2245/2245 2244/2244 2228/2228
f 2228/2228 2244/2244 2243/2243
f 2228/2228 2243/2243 2229/2229
f 2229/2229 2243/2243 2259/2259
f 2229/2229 2259/2259 2255/2255
f 2418/2418 2410/2410 2408/2408
f 2418/2418 2408/2408 2417/2417
f 2036/2036 2039/2039 2037/2037
f 2266/2266 2253/2253 2262/2262
f 2262/2262 2253/2253 2251/2251
f 2376/2376 2375/2375 2374/2374
f 2376/2376 2374/2374 2420/2420
f 2109/2109 2105/2105 2106/2106
f 2106/2106 2105/2105 2103/2103
f 2108/2108 2103/2103 2096/2096
f 2096/2096 2097/2097 2098/2098
f 442/442 514/514 452/452
f 452/452 514/514 517/517
f 1945/1945 1946/1946 1947/1947
f 1947/1947 1946/1946 1949/1949
f 158/158 164/164 151/151
f 487/487 488/488 474/474
f 474/474 488/488 532/532
f 909/909 908/908 906/906
f 908/908 907/907 906/906
f 906/906 907/907 905/905
f 1508/1508 1505/1505 1506/1506
f 1508/1508 1506/1506 1507/1507
f 1381/1381 1382/1382 1384/1384
f 2229/2229 2255/2255 2233/2233
f 2255/2255 2257/2257 2233/2233
f 2257/2257 2258/2258 2233/2233
f 2233/2233 2258/2258 2242/2242
f 2242/2242 2258/2258 2256/2256
f 2232/2232 2245/2245 2228/2228
f 2232/2232 2228/2228 2230/2230
f 2228/2228 2229/2229 2230/2230
f 2037/2037 2038/2038 2032/2032
f 2266/2266 2262/2262 2277/2277
f 2262/2262 2251/2251 2248/2248
f 2277/2277 2262/2262 2248/2248
f 2277/2277 2248/2248 2279/2279
f 2279/2279 2248/2248 2278/2278
f 2278/2278 2248/2248 2247/2247
f 2036/2036 2037/2037 2024/2024
f 2425/2425 2428/2428 2426/2426
f 2022/2022 2036/2036 2024/2024
f 2019/2019 2022/2022 2021/2021
f 2021/2021 2022/2022 2023/2023
f 2026/2026 2020/2020 2025/2025
f 2000/2000 2020/2020 2026/2026
f 2040/2040 2000/2000 2026/2026
f 2026/2026 2042/2042 2040/2040
f 186/186 170/170 173/173
f 1947/1947 1949/1949 1951/1951
f 1948/1948 1945/1945 1947/1947
f 898/898 897/897 902/902
f 893/893 895/895 894/894
f 885/885 886/886 887/887
f 531/531 532/532 383/383
f 912/912 910/910 911/911
f 911/911 910/910 909/909
f 905/905 892/892 891/891
f 888/888 889/889 885/885
f 1163/1163 1177/1177 1174/1174
f 1178/1178 1177/1177 1163/1163
f 1510/1510 1505/1505 1508/1508
f 1508/1508 1507/1507 1509/1509
f 1509/1509 1507/1507 1512/1512
f 1381/1381 1384/1384 1380/1380
f 1580/1580 1523/1523 1525/1525
f 1385/1385 1383/1383 1377/1377
f 1377/1377 1383/1383 1382/1382
f 2229/2229 2233/2233 2231/2231
f 2231/2231 2233/2233 2234/2234
f 2234/2234 2233/2233 2236/2236
f 2236/2236 2233/2233 2242/2242
f 2236/2236 2242/2242 2238/2238
f 2242/2242 2256/2256 2238/2238
f 2429/2429 2425/2425 2422/2422
f 2427/2427 2429/2429 2422/2422
f 2264/2264 2232/2232 2230/2230
f 2264/2264 2230/2230 2231/2231
f 2230/2230 2229/2229 2231/2231
f 2278/2278 2247/2247 2245/2245
f 2278/2278 2245/2245 2280/2280
f 2280/2280 2245/2245 2232/2232
f 2280/2280 2232/2232 2282/2282
f 2232/2232 2264/2264 2282/2282
f 2268/2268 2266/2266 2288/2288
f 2266/2266 2277/2277 2288/2288
f 2297/2297 2288/2288 2294/2294
f 2288/2288 2277/2277 2279/2279
f 2294/2294 2288/2288 2279/2279
f 2425/2425 2426/2426 2423/2423
f 2422/2422 2425/2425 2423/2423
f 2024/2024 2037/2037 2032/2032
f 2268/2268 2288/2288 2297/2297
f 2298/2298 2268/2268 2297/2297
f 2333/2333 2361/2361 2326/2326
f 2326/2326 2361/2361 2350/2350
f 2326/2326 2350/2350 2345/2345
f 2326/2326 2345/2345 2320/2320
f 2423/2423 2426/2426 2430/2430
f 2023/2023 2022/2022 2024/2024
f 2329/2329 2318/2318 2314/2314
f 2021/2021 2023/2023 2031/2031
f 2030/2030 2021/2021 2031/2031
f 2025/2025 2021/2021 2030/2030
f 2042/2042 2026/2026 2025/2025
f 2105/2105 2114/2114 2107/2107
f 2105/2105 2107/2107 2104/2104
f 2107/2107 2102/2102 2101/2101
f 2104/2104 2107/2107 2101/2101
f 2102/2102 2099/2099 2101/2101
f 2099/2099 2100/2100 2097/2097
f 1273/1273 1276/1276 1244/1244
f 1951/1951 1949/1949 1952/1952
f 1948/1948 1947/1947 1950/1950
f 1950/1950 1947/1947 1951/1951
f 900/900 904/904 903/903
f 895/895 897/897 896/896
f 896/896 897/897 898/898
f 486/486 487/487 474/474
f 474/474 532/532 531/531
f 887/887 886/886 890/890
f 890/890 886/886 893/893
f 909/909 906/906 915/915
f 906/906 905/905 891/891
f 891/891 892/892 889/889
f 891/891 889/889 888/888
f 888/888 885/885 887/887
f 531/531 383/383 384/384
f 1163/1163 1174/1174 1160/1160
f 1174/1174 1175/1175 1160/1160
f 1160/1160 1175/1175 1162/1162
f 1175/1175 1176/1176 1162/1162
f 1511/1511 1510/1510 1508/1508
f 1511/1511 1508/1508 1509/1509
f 1377/1377 1382/1382 1381/1381
f 1377/1377 1381/1381 1378/1378
f 1378/1378 1381/1381 1380/1380
f 1378/1378 1380/1380 1379/1379
f 2239/2239 2240/2240 2241/2241
f 2265/2265 2231/2231 2235/2235
f 2235/2235 2231/2231 2234/2234
f 2235/2235 2234/2234 2237/2237
f 2234/2234 2236/2236 2237/2237
f 2237/2237 2236/2236 2238/2238
f 2237/2237 2238/2238 2239/2239
f 2264/2264 2231/2231 2265/2265
f 2282/2282 2264/2264 2286/2286
f 2286/2286 2264/2264 2287/2287
f 2294/2294 2278/2278 2280/2280
f 2280/2280 2282/2282 2290/2290
f 2290/2290 2282/2282 2286/2286
f 2350/2350 2371/2371 2345/2345
f 2345/2345 2371/2371 2362/2362
f 2294/2294 2280/2280 2300/2300
f 2300/2300 2280/2280 2301/2301
f 2360/2360 2370/2370 2369/2369
f 2029/2029 2024/2024 2032/2032
f 2345/2345 2362/2362 2319/2319
f 2319/2319 2362/2362 2360/2360
f 2319/2319 2360/2360 2316/2316
f 2423/2423 2430/2430 2431/2431
f 2024/2024 2029/2029 2028/2028
f 2023/2023 2024/2024 2027/2027
f 2027/2027 2024/2024 2028/2028
f 2023/2023 2027/2027 2031/2031
f 2031/2031 2027/2027 2035/2035
f 2030/2030 2031/2031 2035/2035
f 2114/2114 2113/2113 2107/2107
f 2107/2107 2113/2113 2112/2112
f 2107/2107 2112/2112 2102/2102
f 2102/2102 2110/2110 2100/2100
f 182/182 160/160 175/175
f 175/175 160/160 145/145
f 176/176 178/178 177/177
f 1953/1953 1950/1950 1951/1951
f 1953/1953 1951/1951 1952/1952
f 899/899 902/902 900/900
f 570/570 546/546 487/487
f 894/894 895/895 896/896
f 893/893 894/894 890/890
f 920/920 911/911 915/915
f 911/911 909/909 915/915
f 470/470 531/531 384/384
f 1161/1161 1163/1163 1160/1160
f 1426/1426 1429/1429 1428/1428
f 2239/2239 2241/2241 2263/2263
f 2269/2269 2265/2265 2235/2235
f 2269/2269 2235/2235 2267/2267
f 2267/2267 2235/2235 2237/2237
f 2267/2267 2237/2237 2263/2263
f 2263/2263 2237/2237 2239/2239
f 2427/2427 2422/2422 2421/2421
f 2264/2264 2265/2265 2276/2276
f 2287/2287 2264/2264 2276/2276
f 2293/2293 2286/2286 2287/2287
f 2421/2421 2422/2422 2423/2423
f 2360/2360 2369/2369 2348/2348
f 2448/2448 2449/2449 2450/2450
f 2450/2450 2449/2449 2451/2451
f 2449/2449 2452/2452 2451/2451
f 2316/2316 2360/2360 2348/2348
f 2316/2316 2348/2348 2310/2310
f 2310/2310 2348/2348 2302/2302
f 2027/2027 2028/2028 2033/2033
f 2033/2033 2028/2028 2029/2029
f 2033/2033 2029/2029 2034/2034
f 2035/2035 2027/2027 2033/2033
f 2035/2035 2033/2033 2041/2041
f 2112/2112 2115/2115 2110/2110
f 517/517 518/518 519/519
f 519/519 518/518 568/568
f 151/151 142/142 158/158
f 901/901 900/900 903/903
f 898/898 902/902 899/899
f 921/921 890/890 894/894
f 931/931 888/888 887/887
f 915/915 906/906 926/926
f 926/926 906/906 891/891
f 1160/1160 1162/1162 1157/1157
f 1426/1426 1428/1428 1423/1423
f 1423/1423 1428/1428 1422/1422
f 1422/1422 1428/1428 1427/1427
f 1422/1422 1427/1427 1425/1425
f 1719/1719 1771/1771 1720/1720
f 1375/1375 1378/1378 1379/1379
f 1375/1375 1379/1379 1376/1376
f 2269/2269 2267/2267 2270/2270
f 2270/2270 2267/2267 2263/2263
f 2270/2270 2263/2263 2271/2271
f 2263/2263 2241/2241 2271/2271
f 2284/2284 2276/2276 2269/2269
f 2287/2287 2276/2276 2292/2292
f 2293/2293 2287/2287 2292/2292
f 2424/2424 2421/2421 2423/2423
f 2302/2302 2372/2372 2303/2303
f 2372/2372 2368/2368 2303/2303
f 2302/2302 2303/2303 2304/2304
f 2424/2424 2423/2423 2431/2431
f 2033/2033 2034/2034 2041/2041
f 1349/1349 1342/1342 1359/1359
f 1276/1276 1277/1277 1244/1244
f 899/899 900/900 901/901
f 890/890 921/921 922/922
f 474/474 531/531 470/470
f 931/931 887/887 890/890
f 940/940 920/920 929/929
f 929/929 920/920 915/915
f 929/929 915/915 928/928
f 928/928 915/915 926/926
f 926/926 891/891 927/927
f 891/891 888/888 927/927
f 927/927 888/888 931/931
f 1158/1158 1163/1163 1161/1161
f 1158/1158 1161/1161 1154/1154
f 1154/1154 1161/1161 1160/1160
f 1160/1160 1157/1157 1155/1155
f 1376/1376 1379/1379 1371/1371
f 1374/1374 1377/1377 1372/1372
f 2284/2284 2269/2269 2281/2281
f 2269/2269 2270/2270 2281/2281
f 2281/2281 2270/2270 2285/2285
f 2270/2270 2271/2271 2283/2283
f 2285/2285 2270/2270 2283/2283
f 2276/2276 2284/2284 2292/2292
f 2292/2292 2284/2284 2289/2289
f 2284/2284 2281/2281 2289/2289
f 2289/2289 2281/2281 2291/2291
f 2299/2299 2289/2289 2291/2291
f 2281/2281 2285/2285 2291/2291
f 2291/2291 2285/2285 2295/2295
f 2432/2432 2421/2421 2424/2424
f 2292/2292 2289/2289 2296/2296
f 2453/2453 2454/2454 2455/2455
f 2368/2368 2366/2366 2305/2305
f 2303/2303 2368/2368 2305/2305
f 2305/2305 2366/2366 2307/2307
f 2307/2307 2366/2366 2367/2367
f 2304/2304 2305/2305 2306/2306
f 2306/2306 2305/2305 2307/2307
f 2306/2306 2307/2307 2308/2308
f 2308/2308 2307/2307 2311/2311
f 2308/2308 2311/2311 2312/2312
f 2433/2433 2424/2424 2431/2431
f 1769/1769 1705/1705 1703/1703
f 452/452 517/517 520/520
f 520/520 517/517 519/519
f 2144/2144 2205/2205 2154/2154
f 919/919 894/894 896/896
f 921/921 894/894 919/919
f 932/932 890/890 922/922
f 933/933 927/927 931/931
f 928/928 926/926 927/927
f 1154/1154 1160/1160 1155/1155
f 1424/1424 1426/1426 1423/1423
f 1372/1372 1375/1375 1371/1371
f 1375/1375 1376/1376 1371/1371
f 2285/2285 2283/2283 2295/2295
f 2444/2444 2445/2445 2446/2446
f 2446/2446 2447/2447 2444/2444
f 2434/2434 2432/2432 2424/2424
f 2307/2307 2365/2365 2311/2311
f 2311/2311 2365/2365 2363/2363
f 2311/2311 2363/2363 2312/2312
f 2312/2312 2363/2363 2364/2364
f 1398/1398 1397/1397 1402/1402
f 1397/1397 1400/1400 1402/1402
f 1402/1402 1400/1400 1403/1403
f 1400/1400 1401/1401 1403/1403
f 453/453 452/452 520/520
f 138/138 145/145 144/144
f 131/131 123/123 132/132
f 901/901 903/903 916/916
f 564/564 570/570 487/487
f 922/922 921/921 919/919
f 932/932 931/931 890/890
f 933/933 931/931 932/932
f 929/929 928/928 930/930
f 928/928 927/927 930/930
f 930/930 927/927 934/934
f 934/934 927/927 933/933
f 1158/1158 1154/1154 1153/1153
f 1155/1155 1157/1157 1156/1156
f 1422/1422 1425/1425 1421/1421
f 1374/1374 1372/1372 1370/1370
f 1370/1370 1372/1372 1371/1371
f 1397/1397 1396/1396 1400/1400
f 1400/1400 1396/1396 1399/1399
f 519/519 568/568 576/576
f 107/107 108/108 115/115
f 924/924 899/899 923/923
f 564/564 487/487 486/486
f 924/924 898/898 899/899
f 925/925 896/896 898/898
f 935/935 919/919 896/896
f 932/932 922/922 919/919
f 474/474 470/470 472/472
f 933/933 932/932 941/941
f 944/944 934/934 933/933
f 947/947 930/930 934/934
f 1152/1152 1153/1153 1154/1154
f 1152/1152 1154/1154 1155/1155
f 1423/1423 1422/1422 1417/1417
f 1417/1417 1422/1422 1421/1421
f 1363/1363 1370/1370 1367/1367
f 1367/1367 1370/1370 1371/1371
f 1367/1367 1371/1371 1373/1373
f 1368/1368 1370/1370 1363/1363
f 1398/1398 1391/1391 1397/1397
f 1391/1391 1393/1393 1396/1396
f 1397/1397 1391/1391 1396/1396
f 1396/1396 1395/1395 1399/1399
f 1399/1399 1395/1395 1394/1394
f 1399/1399 1394/1394 1401/1401
f 454/454 453/453 520/520
f 521/521 520/520 519/519
f 147/147 141/141 143/143
f 937/937 901/901 916/916
f 923/923 899/899 901/901
f 925/925 898/898 924/924
f 939/939 919/919 935/935
f 935/935 896/896 925/925
f 939/939 932/932 919/919
f 941/941 932/932 942/942
f 945/945 933/933 941/941
f 956/956 940/940 955/955
f 955/955 940/940 929/929
f 955/955 929/929 930/930
f 947/947 934/934 944/944
f 1152/1152 1155/1155 1151/1151
f 1155/1155 1156/1156 1151/1151
f 1153/1153 1152/1152 1149/1149
f 1424/1424 1423/1423 1420/1420
f 1420/1420 1423/1423 1417/1417
f 1417/1417 1421/1421 1418/1418
f 1363/1363 1367/1367 1364/1364
f 1367/1367 1373/1373 1364/1364
f 1368/1368 1363/1363 1362/1362
f 1362/1362 1363/1363 1364/1364
f 1369/1369 1368/1368 1362/1362
f 1391/1391 1369/1369 1362/1362
f 1391/1391 1362/1362 1389/1389
f 1391/1391 1389/1389 1393/1393
f 1389/1389 1390/1390 1393/1393
f 1393/1393 1390/1390 1395/1395
f 1395/1395 1390/1390 1394/1394
f 1396/1396 1393/1393 1395/1395
f 1880/1880 1878/1878 1875/1875
f 936/936 923/923 901/901
f 901/901 937/937 936/936
f 564/564 486/486 484/484
f 484/484 486/486 474/474
f 484/484 474/474 473/473
f 942/942 932/932 939/939
f 946/946 945/945 941/941
f 946/946 941/941 942/942
f 944/944 933/933 945/945
f 961/961 956/956 960/960
f 956/956 955/955 960/960
f 960/960 955/955 959/959
f 959/959 955/955 930/930
f 958/958 930/930 957/957
f 930/930 947/947 957/957
f 957/957 947/947 954/954
f 1148/1148 1153/1153 1149/1149
f 1149/1149 1152/1152 1150/1150
f 1152/1152 1151/1151 1150/1150
f 1150/1150 1151/1151 1147/1147
f 1365/1365 1364/1364 1366/1366
f 1362/1362 1364/1364 1365/1365
f 1362/1362 1365/1365 1389/1389
f 1389/1389 1365/1365 1390/1390
f 1390/1390 1365/1365 1366/1366
f 1876/1876 1879/1879 1877/1877
f 1878/1878 1879/1879 1876/1876
f 454/454 520/520 521/521
f 571/571 519/519 576/576
f 938/938 924/924 923/923
f 938/938 923/923 936/936
f 925/925 924/924 938/938
f 935/935 925/925 938/938
f 948/948 942/942 939/939
f 474/474 472/472 471/471
f 473/473 474/474 471/471
f 946/946 942/942 948/948
f 954/954 947/947 944/944
f 954/954 944/944 953/953
f 953/953 944/944 945/945
f 959/959 930/930 958/958
f 1148/1148 1149/1149 1144/1144
f 1149/1149 1150/1150 1145/1145
f 1419/1419 1420/1420 1415/1415
f 1420/1420 1417/1417 1415/1415
f 1415/1415 1417/1417 1416/1416
f 1417/1417 1418/1418 1416/1416
f 1882/1882 1881/1881 1879/1879
f 443/443 454/454 521/521
f 522/522 521/521 519/519
f 126/126 113/113 120/120
f 522/522 519/519 571/571
f 936/936 937/937 943/943
f 948/948 939/939 949/949
f 949/949 939/939 935/935
f 946/946 948/948 962/962
f 953/953 945/945 946/946
f 956/956 961/961 978/978
f 1145/1145 1150/1150 1147/1147
f 1144/1144 1149/1149 1145/1145
f 1419/1419 1415/1415 1412/1412
f 1413/1413 1415/1415 1416/1416
f 1414/1414 1419/1419 1412/1412
f 1412/1412 1415/1415 1413/1413
f 1569/1569 1564/1564 1544/1544
f 1884/1884 1885/1885 1882/1882
f 1886/1886 1883/1883 1878/1878
f 1883/1883 1884/1884 1879/1879
f 1878/1878 1883/1883 1879/1879
f 1884/1884 1882/1882 1879/1879
f 1265/1265 1259/1259 1252/1252
f 1252/1252 1259/1259 1256/1256
f 1256/1256 1258/1258 1251/1251
f 109/109 98/98 114/114
f 951/951 938/938 936/936
f 949/949 935/935 950/950
f 950/950 935/935 938/938
f 963/963 948/948 949/949
f 962/962 948/948 963/963
f 473/473 471/471 469/469
f 953/953 946/946 969/969
f 978/978 961/961 979/979
f 979/979 961/961 960/960
f 974/974 958/958 957/957
f 1142/1142 1148/1148 1144/1144
f 1145/1145 1147/1147 1143/1143
f 1412/1412 1413/1413 1410/1410
f 1405/1405 1412/1412 1410/1410
f 1884/1884 1887/1887 1885/1885
f 1256/1256 1261/1261 1258/1258
f 1261/1261 1262/1262 1258/1258
f 102/102 70/70 105/105
f 951/951 936/936 952/952
f 952/952 936/936 943/943
f 950/950 938/938 951/951
f 484/484 473/473 485/485
f 949/949 950/950 964/964
f 970/970 946/946 962/962
f 473/473 469/469 475/475
f 969/969 946/946 970/970
f 954/954 953/953 976/976
f 976/976 953/953 977/977
f 979/979 960/960 982/982
f 960/960 959/959 982/982
f 982/982 959/959 981/981
f 959/959 958/958 981/981
f 981/981 958/958 974/974
f 957/957 954/954 974/974
f 974/974 954/954 975/975
f 1142/1142 1144/1144 1141/1141
f 1144/1144 1145/1145 1141/1141
f 1140/1140 1141/1141 1145/1145
f 1140/1140 1145/1145 1143/1143
f 1414/1414 1412/1412 1405/1405
f 1411/1411 1414/1414 1405/1405
f 1406/1406 1405/1405 1410/1410
f 1406/1406 1410/1410 1408/1408
f 1407/1407 1411/1411 1405/1405
f 1405/1405 1406/1406 1407/1407
f 1407/1407 1406/1406 1408/1408
f 1893/1893 1891/1891 1889/1889
f 1889/1889 1891/1891 1888/1888
f 1888/1888 1891/1891 1890/1890
f 1888/1888 1890/1890 1887/1887
f 1889/1889 1888/1888 1883/1883
f 1884/1884 1888/1888 1887/1887
f 1259/1259 1284/1284 1263/1263
f 1263/1263 1260/1260 1259/1259
f 1259/1259 1260/1260 1256/1256
f 1256/1256 1260/1260 1261/1261
f 443/443 521/521 523/523
f 526/526 443/443 523/523
f 523/523 521/521 522/522
f 97/97 82/82 98/98
f 82/82 83/83 98/98
f 98/98 83/83 90/90
f 97/97 75/75 82/82
f 162/162 127/127 111/111
f 943/943 937/937 971/971
f 965/965 951/951 952/952
f 966/966 949/949 964/964
f 963/963 949/949 966/966
f 953/953 969/969 977/977
f 978/978 979/979 989/989
f 975/975 954/954 976/976
f 2202/2202 2190/2190 2191/2191
f 1140/1140 1143/1143 1137/1137
f 1409/1409 1407/1407 1408/1408
f 1891/1891 1892/1892 1890/1890
f 1261/1261 1264/1264 1262/1262
f 83/83 84/84 90/90
f 75/75 72/72 82/82
f 92/92 94/94 101/101
f 101/101 94/94 100/100
f 102/102 66/66 70/70
f 952/952 943/943 971/971
f 950/950 951/951 965/965
f 964/964 950/950 967/967
f 485/485 473/473 476/476
f 973/973 963/963 966/966
f 970/970 962/962 972/972
f 962/962 963/963 972/972
f 984/984 977/977 969/969
f 984/984 969/969 985/985
f 969/969 970/970 985/985
f 475/475 469/469 463/463
f 976/976 977/977 983/983
f 983/983 977/977 984/984
f 998/998 978/978 989/989
f 989/989 979/979 982/982
f 1138/1138 1142/1142 1141/1141
f 1138/1138 1141/1141 1135/1135
f 1141/1141 1140/1140 1135/1135
f 1135/1135 1140/1140 1136/1136
f 1136/1136 1140/1140 1134/1134
f 1134/1134 1140/1140 1137/1137
f 1270/1270 1278/1278 1269/1269
f 1270/1270 1269/1269 1263/1263
f 1269/1269 1267/1267 1263/1263
f 1261/1261 1266/1266 1264/1264
f 1266/1266 1268/1268 1264/1264
f 1260/1260 1267/1267 1266/1266
f 1260/1260 1266/1266 1261/1261
f 385/385 443/443 526/526
f 82/82 72/72 83/83
f 72/72 73/73 83/83
f 83/83 73/73 84/84
f 92/92 85/85 87/87
f 523/523 522/522 524/524
f 75/75 70/70 72/72
f 92/92 86/86 94/94
f 94/94 76/76 100/100
f 100/100 78/78 99/99
f 99/99 104/104 100/100
f 524/524 522/522 582/582
f 967/967 950/950 968/968
f 968/968 950/950 965/965
f 973/973 964/964 967/967
f 473/473 475/475 476/476
f 966/966 964/964 973/973
f 972/972 963/963 973/973
f 970/970 972/972 987/987
f 970/970 986/986 985/985
f 986/986 970/970 987/987
f 990/990 974/974 975/975
f 990/990 975/975 983/983
f 975/975 976/976 983/983
f 998/998 989/989 1007/1007
f 989/989 982/982 1006/1006
f 1138/1138 1135/1135 1125/1125
f 1125/1125 1135/1135 1136/1136
f 1134/1134 1137/1137 1131/1131
f 1133/1133 1138/1138 1125/1125
f 1125/1125 1136/1136 1127/1127
f 1127/1127 1136/1136 1134/1134
f 1127/1127 1134/1134 1131/1131
f 1139/1139 1133/1133 1129/1129
f 1139/1139 1129/1129 1146/1146
f 1709/1709 1708/1708 1774/1774
f 1278/1278 1283/1283 1269/1269
f 1269/1269 1283/1283 1282/1282
f 1268/1268 1280/1280 1285/1285
f 1267/1267 1281/1281 1266/1266
f 1266/1266 1281/1281 1280/1280
f 1266/1266 1280/1280 1268/1268
f 1269/1269 1282/1282 1267/1267
f 65/65 71/71 70/70
f 92/92 87/87 86/86
f 94/94 88/88 76/76
f 61/61 65/65 66/66
f 66/66 65/65 70/70
f 583/583 524/524 582/582
f 163/163 61/61 66/66
f 965/965 952/952 980/980
f 991/991 965/965 980/980
f 973/973 967/967 994/994
f 972/972 973/973 988/988
f 475/475 463/463 478/478
f 984/984 985/985 986/986
f 478/478 463/463 458/458
f 1001/1001 983/983 992/992
f 983/983 984/984 992/992
f 981/981 974/974 1004/1004
f 1003/1003 974/974 990/990
f 990/990 983/983 1002/1002
f 1002/1002 983/983 1001/1001
f 1008/1008 1007/1007 989/989
f 1008/1008 989/989 1006/1006
f 1006/1006 982/982 1005/1005
f 1005/1005 982/982 981/981
f 1005/1005 981/981 1004/1004
f 1129/1129 1133/1133 1125/1125
f 1127/1127 1131/1131 1130/1130
f 1146/1146 1129/1129 1128/1128
f 1129/1129 1125/1125 1128/1128
f 1125/1125 1127/1127 1126/1126
f 1124/1124 1125/1125 1126/1126
f 1128/1128 1125/1125 1124/1124
f 1126/1126 1127/1127 1130/1130
f 1130/1130 1131/1131 1132/1132
f 1126/1126 1130/1130 1132/1132
f 1124/1124 1126/1126 1132/1132
f 1124/1124 1132/1132 1168/1168
f 1166/1166 1128/1128 1124/1124
f 1169/1169 1132/1132 1170/1170
f 1171/1171 1128/1128 1166/1166
f 1166/1166 1124/1124 1167/1167
f 1167/1167 1124/1124 1168/1168
f 1169/1169 1168/1168 1132/1132
f 1169/1169 1170/1170 1172/1172
f 1267/1267 1282/1282 1281/1281
f 441/441 385/385 526/526
f 55/55 74/74 73/73
f 84/84 74/74 57/57
f 71/71 52/52 72/72
f 72/72 55/55 73/73
f 980/980 952/952 971/971
f 980/980 971/971 1000/1000
f 968/968 965/965 991/991
f 485/485 476/476 575/575
f 988/988 973/973 993/993
f 993/993 973/973 994/994
f 475/475 478/478 477/477
f 476/476 475/475 477/477
f 987/987 972/972 988/988
f 992/992 984/984 986/986
f 1003/1003 990/990 1002/1002
f 55/55 54/54 74/74
f 74/74 54/54 57/57
f 47/47 52/52 71/71
f 85/85 58/58 87/87
f 87/87 59/59 86/86
f 86/86 62/62 63/63
f 61/61 46/46 65/65
f 65/65 47/47 71/71
f 525/525 523/523 524/524
f 994/994 967/967 995/995
f 995/995 967/967 968/968
f 987/987 988/988 999/999
f 1010/1010 986/986 999/999
f 1012/1012 992/992 1010/1010
f 992/992 986/986 1010/1010
f 478/478 458/458 459/459
f 1013/1013 1002/1002 1001/1001
f 1013/1013 1001/1001 1011/1011
f 1011/1011 1001/1001 992/992
f 1011/1011 992/992 1012/1012
f 1025/1025 1003/1003 1002/1002
f 1030/1030 1008/1008 1023/1023
f 1008/1008 1006/1006 1023/1023
f 1004/1004 1003/1003 1027/1027
f 1031/1031 1007/1007 1008/1008
f 1031/1031 1008/1008 1030/1030
f 1023/1023 1006/1006 1005/1005
f 1023/1023 1005/1005 1004/1004
f 536/536 441/441 527/527
f 441/441 526/526 527/527
f 48/48 54/54 55/55
f 527/527 526/526 525/525
f 44/44 41/41 46/46
f 52/52 48/48 55/55
f 525/525 526/526 523/523
f 76/76 64/64 78/78
f 78/78 64/64 68/68
f 996/996 991/991 980/980
f 997/997 968/968 991/991
f 575/575 476/476 535/535
f 995/995 968/968 997/997
f 476/476 477/477 535/535
f 1017/1017 999/999 988/988
f 1010/1010 999/999 1017/1017
f 1025/1025 1002/1002 1026/1026
f 1026/1026 1002/1002 1013/1013
f 1026/1026 1013/1013 1011/1011
f 1023/1023 1004/1004 1028/1028
f 1004/1004 1027/1027 1028/1028
f 1027/1027 1003/1003 1025/1025
f 1043/1043 1031/1031 1030/1030
f 1030/1030 1023/1023 1036/1036
f 1036/1036 1023/1023 1029/1029
f 1029/1029 1023/1023 1028/1028
f 1043/1043 1030/1030 1045/1045
f 1045/1045 1030/1030 1036/1036
f 41/41 42/42 40/40
f 41/41 40/40 20/20
f 16/16 14/14 20/20
f 48/48 14/14 12/12
f 48/48 12/12 54/54
f 48/48 20/20 14/14
f 54/54 12/12 53/53
f 44/44 42/42 41/41
f 46/46 41/41 20/20
f 46/46 20/20 47/47
f 47/47 20/20 48/48
f 57/57 54/54 53/53
f 53/53 3/3 59/59
f 3/3 60/60 59/59
f 528/528 527/527 525/525
f 57/57 53/53 58/58
f 58/58 53/53 59/59
f 62/62 60/60 63/63
f 77/77 68/68 69/69
f 81/81 69/69 79/79
f 80/80 172/172 91/91
f 79/79 80/80 91/91
f 996/996 980/980 1000/1000
f 996/996 1000/1000 1009/1009
f 997/997 991/991 996/996
f 535/535 477/477 530/530
f 993/993 994/994 995/995
f 988/988 1018/1018 1017/1017
f 1012/1012 1010/1010 1034/1034
f 478/478 459/459 461/461
f 1034/1034 1010/1010 1038/1038
f 1010/1010 1017/1017 1038/1038
f 1026/1026 1011/1011 1037/1037
f 1037/1037 1011/1011 1035/1035
f 1011/1011 1012/1012 1035/1035
f 1035/1035 1012/1012 1034/1034
f 1028/1028 1027/1027 1041/1041
f 1041/1041 1027/1027 1025/1025
f 1025/1025 1026/1026 1041/1041
f 1050/1050 1045/1045 1036/1036
f 1051/1051 1036/1036 1029/1029
f 1051/1051 1029/1029 1028/1028
f 1026/1026 1037/1037 1061/1061
f 1049/1049 1043/1043 1045/1045
f 1050/1050 1036/1036 1051/1051
f 1028/1028 1041/1041 1063/1063
f 1063/1063 1041/1041 1062/1062
f 1064/1064 1045/1045 1050/1050
f 1066/1066 1051/1051 1028/1028
f 1065/1065 1064/1064 1050/1050
f 1065/1065 1050/1050 1051/1051
f 1065/1065 1051/1051 1066/1066
f 1028/1028 1063/1063 1066/1066
f 1067/1067 1049/1049 1045/1045
f 1067/1067 1045/1045 1064/1064
f 16/16 17/17 15/15
f 45/45 39/39 40/40
f 38/38 17/17 20/20
f 40/40 39/39 20/20
f 39/39 38/38 20/20
f 14/14 15/15 13/13
f 424/424 425/425 542/542
f 14/14 16/16 15/15
f 43/43 45/45 40/40
f 13/13 10/10 12/12
f 20/20 17/17 16/16
f 14/14 13/13 12/12
f 542/542 536/536 528/528
f 42/42 43/43 40/40
f 536/536 527/527 528/528
f 12/12 11/11 53/53
f 53/53 11/11 1/1
f 53/53 1/1 3/3
f 60/60 3/3 6/6
f 63/63 34/34 64/64
f 79/79 69/69 67/67
f 79/79 67/67 80/80
f 996/996 1009/1009 1014/1014
f 995/995 997/997 1020/1020
f 1019/1019 995/995 1020/1020
f 993/993 995/995 1016/1016
f 1016/1016 995/995 1019/1019
f 477/477 478/478 479/479
f 530/530 477/477 479/479
f 988/988 993/993 1015/1015
f 1015/1015 993/993 1016/1016
f 1018/1018 988/988 1015/1015
f 478/478 461/461 480/480
f 479/479 478/478 480/480
f 1038/1038 1017/1017 1018/1018
f 1034/1034 1038/1038 1039/1039
f 1039/1039 1038/1038 1044/1044
f 1061/1061 1037/1037 1035/1035
f 1071/1071 1034/1034 1039/1039
f 480/480 461/461 465/465
f 1070/1070 1061/1061 1035/1035
f 1035/1035 1034/1034 1071/1071
f 1062/1062 1041/1041 1026/1026
f 1062/1062 1026/1026 1061/1061
f 1070/1070 1035/1035 1071/1071
f 13/13 36/36 10/10
f 10/10 36/36 9/9
f 10/10 9/9 11/11
f 12/12 10/10 11/11
f 529/529 542/542 528/528
f 11/11 9/9 1/1
f 1/1 9/9 4/4
f 1/1 4/4 2/2
f 2/2 4/4 5/5
f 2/2 5/5 6/6
f 1/1 2/2 3/3
f 3/3 2/2 6/6
f 34/34 6/6 19/19
f 483/483 528/528 525/525
f 64/64 34/34 37/37
f 68/68 37/37 49/49
f 69/69 49/49 50/50
f 56/56 172/172 80/80
f 69/69 50/50 67/67
f 1020/1020 996/996 1014/1014
f 1014/1014 1009/1009 1032/1032
f 997/997 996/996 1020/1020
f 1042/1042 1018/1018 1015/1015
f 1038/1038 1018/1018 1042/1042
f 1038/1038 1042/1042 1044/1044
f 1039/1039 1044/1044 1069/1069
f 1071/1071 1039/1039 1072/1072
f 1039/1039 1069/1069 1072/1072
f 480/480 465/465 483/483
f 465/465 529/529 483/483
f 1070/1070 1071/1071 1072/1072
f 4/4 9/9 7/7
f 5/5 8/8 18/18
f 4/4 7/7 5/5
f 529/529 528/528 483/483
f 19/19 18/18 22/22
f 34/34 22/22 37/37
f 563/563 483/483 525/525
f 67/67 50/50 51/51
f 67/67 56/56 80/80
f 1020/1020 1014/1014 1022/1022
f 1019/1019 1020/1020 1021/1021
f 1015/1015 1016/1016 1040/1040
f 1016/1016 1019/1019 1040/1040
f 530/530 479/479 481/481
f 1042/1042 1015/1015 1040/1040
f 1042/1042 1040/1040 1048/1048
f 1042/1042 1048/1048 1057/1057
f 481/481 479/479 480/480
f 481/481 480/480 482/482
f 1042/1042 1057/1057 1068/1068
f 1044/1044 1042/1042 1069/1069
f 1069/1069 1042/1042 1068/1068
f 482/482 480/480 483/483
f 8/8 21/21 18/18
f 18/18 21/21 22/22
f 23/23 22/22 21/21
f 37/37 22/22 23/23
f 49/49 23/23 26/26
f 37/37 23/23 49/49
f 49/49 26/26 27/27
f 49/49 27/27 50/50
f 50/50 27/27 29/29
f 50/50 29/29 51/51
f 67/67 51/51 56/56
f 1022/1022 1014/1014 1033/1033
f 1033/1033 1014/1014 1032/1032
f 1021/1021 1020/1020 1022/1022
f 1046/1046 1019/1019 1021/1021
f 530/530 481/481 566/566
f 1047/1047 1019/1019 1046/1046
f 1040/1040 1019/1019 1048/1048
f 1019/1019 1047/1047 1048/1048
f 1046/1046 1021/1021 1052/1052
f 1057/1057 1048/1048 1059/1059
f 1059/1059 1048/1048 1058/1058
f 1048/1048 1047/1047 1058/1058
f 1068/1068 1057/1057 1059/1059
f 23/23 21/21 24/24
f 24/24 25/25 23/23
f 23/23 25/25 26/26
f 26/26 25/25 27/27
f 482/482 483/483 551/551
f 51/51 29/29 35/35
f 483/483 563/563 551/551
f 51/51 35/35 56/56
f 1021/1021 1022/1022 1053/1053
f 1052/1052 1021/1021 1053/1053
f 1053/1053 1022/1022 1033/1033
f 566/566 481/481 565/565
f 1047/1047 1046/1046 1056/1056
f 1056/1056 1046/1046 1055/1055
f 1055/1055 1046/1046 1052/1052
f 1058/1058 1047/1047 1056/1056
f 481/481 482/482 565/565
f 25/25 89/89 28/28
f 28/28 30/30 29/29
f 30/30 31/31 29/29
f 565/565 482/482 551/551
f 27/27 25/25 28/28
f 27/27 28/28 29/29
f 35/35 29/29 31/31
f 1053/1053 1033/1033 1060/1060
f 1060/1060 1033/1033 1073/1073
f 1052/1052 1053/1053 1054/1054
f 1054/1054 1053/1053 1060/1060
f 1055/1055 1052/1052 1054/1054
f 30/30 33/33 32/32
f 30/30 32/32 31/31
f 31/31 32/32 35/35

