# https://github.com/mikedh/trimesh

o geometry_0
v 0.17530516 0.03607945 0.01495530 0.54509804 0.71372549 0.60000000
v 0.17482492 0.03972958 0.01522297 0.54509804 0.71372549 0.60000000
v 0.17459453 0.03882547 0.01726611 0.54509804 0.71372549 0.60000000
v 0.17470161 0.03607945 0.01753717 0.54509804 0.71372549 0.60000000
v 0.17442906 0.03274192 0.01707637 0.54509804 0.71372549 0.60000000
v 0.17422787 0.03104711 0.01665283 0.54509804 0.71372549 0.60000000
v 0.17468214 0.03274192 0.01495530 0.54509804 0.71372549 0.60000000
v 0.17472108 0.03274192 0.01162123 0.54509804 0.71372549 0.60000000
v 0.17517213 0.03607945 0.01162123 0.54509804 0.71372549 0.60000000
v 0.17495795 0.03941697 0.01162123 0.54509804 0.71372549 0.60000000
v 0.17420516 0.04105049 0.01651391 0.54509804 0.71372549 0.60000000
v 0.17442581 0.04134471 0.01162123 0.54509804 0.71372549 0.60000000
v 0.17435442 0.04122825 0.01429120 0.54509804 0.71372549 0.60000000
v 0.17235884 0.03941697 0.02163022 0.54509804 0.71372549 0.60000000
v 0.17107065 0.04145810 0.02359204 0.54509804 0.71372549 0.60000000
v 0.17369247 0.02972313 0.01797765 0.54509804 0.71372549 0.60000000
v 0.17379955 0.03607945 0.01920421 0.54509804 0.71372549 0.60000000
v 0.17231017 0.03274192 0.02163022 0.54509804 0.71372549 0.60000000
v 0.17189159 0.02945343 0.02189112 0.54509804 0.71372549 0.60000000
v 0.17378981 0.03274192 0.01874679 0.54509804 0.71372549 0.60000000
v 0.17282285 0.02607300 0.01829276 0.54509804 0.71372549 0.60000000
v 0.17386120 0.02926648 0.01495530 0.54509804 0.71372549 0.60000000
v 0.17430251 0.03074063 0.01162123 0.54509804 0.71372549 0.60000000
v 0.17395206 0.02909485 0.00828377 0.54509804 0.71372549 0.60000000
v 0.17428952 0.03076208 0.00828377 0.54509804 0.71372549 0.60000000
v 0.17424409 0.03094903 0.00653202 0.54509804 0.71372549 0.60000000
v 0.17424409 0.03151908 0.00653202 0.54509804 0.71372549 0.60000000
v 0.17457182 0.03607945 0.00862260 0.54509804 0.71372549 0.60000000
v 0.17448097 0.03941697 0.00895126 0.54509804 0.71372549 0.60000000
v 0.17436091 0.04128954 0.00940190 0.54509804 0.71372549 0.60000000
v 0.17256651 0.04276676 0.01504001 0.54509804 0.71372549 0.60000000
v 0.17228421 0.04246028 0.01829276 0.54509804 0.71372549 0.60000000
v 0.17159955 0.04199137 0.02163022 0.54509804 0.71372549 0.60000000
v 0.17151518 0.04490903 0.00494631 0.54509804 0.71372549 0.60000000
v 0.17108037 0.04456577 0.01162123 0.54509804 0.71372549 0.60000000
v 0.17092786 0.04445544 0.01356271 0.54509804 0.71372549 0.60000000
v 0.17133671 0.04474660 0.00828377 0.54509804 0.71372549 0.60000000
v 0.17239129 0.03607945 0.02163022 0.54509804 0.71372549 0.60000000
v 0.17115825 0.03941697 0.02369708 0.54509804 0.71372549 0.60000000
v 0.16776739 0.04450448 0.02357510 0.54509804 0.71372549 0.60000000
v 0.16889660 0.04257675 0.02469662 0.54509804 0.71372549 0.60000000
v 0.16779659 0.04147343 0.02676686 0.54509804 0.71372549 0.60000000
v 0.16943848 0.03941697 0.02536750 0.54509804 0.71372549 0.60000000
v 0.17182344 0.02607300 0.02119313 0.54509804 0.71372549 0.60000000
v 0.17114527 0.03607945 0.02361914 0.54509804 0.71372549 0.60000000
v 0.17107389 0.03274192 0.02349717 0.54509804 0.71372549 0.60000000
v 0.17096681 0.03059659 0.02337519 0.54509804 0.71372549 0.60000000
v 0.17136267 0.02379588 0.02061035 0.54509804 0.71372549 0.60000000
v 0.16853318 0.01559457 0.01542288 0.54509804 0.71372549 0.60000000
v 0.16895176 0.01559457 0.01208881 0.54509804 0.71372549 0.60000000
v 0.16900043 0.01559457 0.01162123 0.54509804 0.71372549 0.60000000
v 0.16905884 0.01559457 0.00875135 0.54509804 0.71372549 0.60000000
v 0.17287801 0.02607300 0.01495530 0.54509804 0.71372549 0.60000000
v 0.17390662 0.02907340 0.01162123 0.54509804 0.71372549 0.60000000
v 0.16904586 0.01559457 0.00828377 0.54509804 0.71372549 0.60000000
v 0.17258923 0.02607300 0.00494631 0.54509804 0.71372549 0.60000000
v 0.17368274 0.02966490 0.00523092 0.54509804 0.71372549 0.60000000
v 0.17286829 0.02607300 0.01162123 0.54509804 0.71372549 0.60000000
v 0.17375737 0.03267756 0.00523092 0.54509804 0.71372549 0.60000000
v 0.17413052 0.03607945 0.00695217 0.54509804 0.71372549 0.60000000
v 0.17355944 0.03607945 0.00494631 0.54509804 0.71372549 0.60000000
v 0.17343289 0.03941697 0.00494631 0.54509804 0.71372549 0.60000000
v 0.17404941 0.03941697 0.00728422 0.54509804 0.71372549 0.60000000
v 0.17274822 0.04275450 0.00494631 0.54509804 0.71372549 0.60000000
v 0.17133671 0.04479563 0.00258128 0.54509804 0.71372549 0.60000000
v 0.17016533 0.04412751 0.01829276 0.54509804 0.71372549 0.60000000
v 0.16973702 0.04366167 0.02163022 0.54509804 0.71372549 0.60000000
v 0.17056769 0.04430527 0.01578543 0.54509804 0.71372549 0.60000000
v 0.16921459 0.04557102 0.00494631 0.54509804 0.71372549 0.60000000
v 0.16921459 0.04534729 0.00828377 0.54509804 0.71372549 0.60000000
v 0.16806592 0.04459642 0.02163022 0.54509804 0.71372549 0.60000000
v 0.16587890 0.04463626 0.02390715 0.54509804 0.71372549 0.60000000
v 0.16587890 0.04356973 0.02557757 0.54509804 0.71372549 0.60000000
v 0.16587890 0.04495806 0.02163022 0.54509804 0.71372549 0.60000000
v 0.16253996 0.04533197 0.02163022 0.54509804 0.71372549 0.60000000
v 0.15920427 0.04567828 0.02163022 0.54509804 0.71372549 0.60000000
v 0.16777064 0.03941697 0.02675670 0.54509804 0.71372549 0.60000000
v 0.16587890 0.04190250 0.02702098 0.54509804 0.71372549 0.60000000
v 0.15920427 0.03941697 0.02909123 0.54509804 0.71372549 0.60000000
v 0.16253996 0.03941697 0.02836274 0.54509804 0.71372549 0.60000000
v 0.16253996 0.03607945 0.02869480 0.54509804 0.71372549 0.60000000
v 0.16253996 0.03274192 0.02878628 0.54509804 0.71372549 0.60000000
v 0.17072344 0.02837157 0.02317528 0.54509804 0.71372549 0.60000000
v 0.17030810 0.02607300 0.02286017 0.54509804 0.71372549 0.60000000
v 0.16759542 0.03755666 0.02666521 0.54509804 0.71372549 0.60000000
v 0.16945146 0.02945343 0.02417482 0.54509804 0.71372549 0.60000000
v 0.16711194 0.01559457 0.02063068 0.54509804 0.71372549 0.60000000
v 0.16771872 0.01559457 0.01952271 0.54509804 0.71372549 0.60000000
v 0.16785501 0.01559457 0.01886877 0.54509804 0.71372549 0.60000000
v 0.16792964 0.01559457 0.01850283 0.54509804 0.71372549 0.60000000
v 0.16819896 0.01559457 0.00473962 0.54509804 0.71372549 0.60000000
v 0.16798804 0.01559457 0.00408568 0.54509804 0.71372549 0.60000000
v 0.17110633 0.02404105 0.00307258 0.54509804 0.71372549 0.60000000
v 0.17160929 0.02607300 0.00273037 0.54509804 0.71372549 0.60000000
v 0.17200515 0.02941052 0.00241864 0.54509804 0.71372549 0.60000000
v 0.17199867 0.03274192 0.00228650 0.54509804 0.71372549 0.60000000
v 0.17197919 0.03607945 0.00216114 0.54509804 0.71372549 0.60000000
v 0.17193377 0.03941697 0.00205949 0.54509804 0.71372549 0.60000000
v 0.17173259 0.04275450 0.00212725 0.54509804 0.71372549 0.60000000
v 0.17002580 0.04275450 0.00046022 0.54509804 0.71372549 0.60000000
v 0.16800751 0.04461481 -0.00023099 0.54509804 0.71372549 0.60000000
v 0.16915943 0.04502856 0.00152414 0.54509804 0.71372549 0.60000000
v 0.16587890 0.04558940 0.00160884 0.54509804 0.71372549 0.60000000
v 0.16587890 0.04584378 0.00494631 0.54509804 0.71372549 0.60000000
v 0.16253996 0.04606444 0.00828377 0.54509804 0.71372549 0.60000000
v 0.16587890 0.04578555 0.00828377 0.54509804 0.71372549 0.60000000
v 0.16587890 0.04559553 0.01162123 0.54509804 0.71372549 0.60000000
v 0.16587890 0.04538407 0.01495530 0.54509804 0.71372549 0.60000000
v 0.15586857 0.04596637 0.02163022 0.54509804 0.71372549 0.60000000
v 0.16253996 0.04482321 0.02421209 0.54509804 0.71372549 0.60000000
v 0.16253996 0.04390379 0.02587913 0.54509804 0.71372549 0.60000000
v 0.16253996 0.04223349 0.02739369 0.54509804 0.71372549 0.60000000
v 0.15920427 0.04613187 0.01495530 0.54509804 0.71372549 0.60000000
v 0.15586857 0.04629124 0.01829276 0.54509804 0.71372549 0.60000000
v 0.15253287 0.04663449 0.01829276 0.54509804 0.71372549 0.60000000
v 0.15920427 0.04237141 0.02774946 0.54509804 0.71372549 0.60000000
v 0.15586857 0.04239899 0.02786806 0.54509804 0.71372549 0.60000000
v 0.15586857 0.03941697 0.02916916 0.54509804 0.71372549 0.60000000
v 0.15756562 0.03447351 0.02997896 0.54509804 0.71372549 0.60000000
v 0.15888627 0.03578216 0.02958592 0.54509804 0.71372549 0.60000000
v 0.15888627 0.03302694 0.02975872 0.54509804 0.71372549 0.60000000
v 0.15920427 0.02941052 0.02942667 0.54509804 0.71372549 0.60000000
v 0.16253996 0.02941052 0.02845762 0.54509804 0.71372549 0.60000000
v 0.16655383 0.02941052 0.02600450 0.54509804 0.71372549 0.60000000
v 0.16488598 0.02941052 0.02706164 0.54509804 0.71372549 0.60000000
v 0.16451607 0.02718857 0.02682785 0.54509804 0.71372549 0.60000000
v 0.16863701 0.02607300 0.02396475 0.54509804 0.71372549 0.60000000
v 0.16804969 0.02360893 0.02358187 0.54509804 0.71372549 0.60000000
v 0.16432786 0.01559457 0.02334469 0.54509804 0.71372549 0.60000000
v 0.16617418 0.01559457 0.02156246 0.54509804 0.71372549 0.60000000
v 0.16531430 0.03274192 0.02732932 0.54509804 0.71372549 0.60000000
v 0.16731312 0.03533164 0.02648563 0.54509804 0.71372549 0.60000000
v 0.16698214 0.03274192 0.02627556 0.54509804 0.71372549 0.60000000
v 0.16756297 0.01559457 0.00324539 0.54509804 0.71372549 0.60000000
v 0.16672580 0.01559457 0.00269310 0.54509804 0.71372549 0.60000000
v 0.16606710 0.01559457 0.00229328 0.54509804 0.71372549 0.60000000
v 0.16921459 0.02607300 0.00131406 0.54509804 0.71372549 0.60000000
v 0.16899719 0.02918986 0.00059914 0.54509804 0.71372549 0.60000000
v 0.16961695 0.03274192 0.00061947 0.54509804 0.71372549 0.60000000
v 0.16985058 0.03607945 0.00049410 0.54509804 0.71372549 0.60000000
v 0.17005500 0.03941697 0.00039245 0.54509804 0.71372549 0.60000000
v 0.16838715 0.03941697 -0.00047834 0.54509804 0.71372549 0.60000000
v 0.16835795 0.04275450 -0.00040380 0.54509804 0.71372549 0.60000000
v 0.16587890 0.04275450 -0.00133557 0.54509804 0.71372549 0.60000000
v 0.16046650 0.04345327 -0.00323302 0.54509804 0.71372549 0.60000000
v 0.15824703 0.04460868 -0.00354812 0.54509804 0.71372549 0.60000000
v 0.16587890 0.04489371 -0.00059015 0.54509804 0.71372549 0.60000000
v 0.16253996 0.04510517 -0.00117294 0.54509804 0.71372549 0.60000000
v 0.16253996 0.04585298 0.00160884 0.54509804 0.71372549 0.60000000
v 0.16253996 0.04599089 0.00494631 0.54509804 0.71372549 0.60000000
v 0.15920427 0.04623300 0.00828377 0.54509804 0.71372549 0.60000000
v 0.15586857 0.04645673 0.01162123 0.54509804 0.71372549 0.60000000
v 0.14919394 0.04690112 0.01829276 0.54509804 0.71372549 0.60000000
v 0.15920427 0.04626978 0.01162123 0.54509804 0.71372549 0.60000000
v 0.15586857 0.04645367 0.01495530 0.54509804 0.71372549 0.60000000
v 0.16253996 0.04596637 0.01162123 0.54509804 0.71372549 0.60000000
v 0.15253287 0.04621155 0.02163022 0.54509804 0.71372549 0.60000000
v 0.15920427 0.04498564 0.02436796 0.54509804 0.71372549 0.60000000
v 0.15920427 0.04404170 0.02603838 0.54509804 0.71372549 0.60000000
v 0.15310072 0.04195153 0.02742419 0.54509804 0.71372549 0.60000000
v 0.15586857 0.04406622 0.02610276 0.54509804 0.71372549 0.60000000
v 0.15253287 0.04514502 0.02439506 0.54509804 0.71372549 0.60000000
v 0.14919394 0.04499178 0.02396136 0.54509804 0.71372549 0.60000000
v 0.15752668 0.03447351 0.02997896 0.54509804 0.71372549 0.60000000
v 0.15220515 0.03969893 0.02759699 0.54509804 0.71372549 0.60000000
v 0.15756562 0.03432947 0.02997896 0.54509804 0.71372549 0.60000000
v 0.15752668 0.03432947 0.02997896 0.54509804 0.71372549 0.60000000
v 0.15586857 0.02941052 0.02857621 0.54509804 0.71372549 0.60000000
v 0.15041400 0.01559457 0.02354121 0.54509804 0.71372549 0.60000000
v 0.15247446 0.01559457 0.02388004 0.54509804 0.71372549 0.60000000
v 0.15540132 0.01559457 0.02407318 0.54509804 0.71372549 0.60000000
v 0.15586857 0.01559457 0.02408334 0.54509804 0.71372549 0.60000000
v 0.15873701 0.01559457 0.02409351 0.54509804 0.71372549 0.60000000
v 0.15920427 0.01559457 0.02405284 0.54509804 0.71372549 0.60000000
v 0.16207270 0.01559457 0.02376823 0.54509804 0.71372549 0.60000000
v 0.16411695 0.01559457 0.02339891 0.54509804 0.71372549 0.60000000
v 0.16302344 0.01559457 0.00052121 0.54509804 0.71372549 0.60000000
v 0.16750457 0.02793024 -0.00003786 0.54509804 0.71372549 0.60000000
v 0.16120957 0.03001428 -0.00357862 0.54509804 0.71372549 0.60000000
v 0.16773819 0.03015526 -0.00016323 0.54509804 0.71372549 0.60000000
v 0.16794910 0.03274192 -0.00027504 0.54509804 0.71372549 0.60000000
v 0.16818273 0.03607945 -0.00040041 0.54509804 0.71372549 0.60000000
v 0.16311754 0.03274192 -0.00283659 0.54509804 0.71372549 0.60000000
v 0.16144645 0.03274192 -0.00368027 0.54509804 0.71372549 0.60000000
v 0.16307211 0.03607945 -0.00291452 0.54509804 0.71372549 0.60000000
v 0.16587890 0.03941697 -0.00160664 0.54509804 0.71372549 0.60000000
v 0.16140426 0.03607945 -0.00362267 0.54509804 0.71372549 0.60000000
v 0.16277683 0.03941697 -0.00285692 0.54509804 0.71372549 0.60000000
v 0.16090781 0.04122825 -0.00340920 0.54509804 0.71372549 0.60000000
v 0.15929512 0.04250626 -0.00368027 0.54509804 0.71372549 0.60000000
v 0.15920427 0.03941697 -0.00405976 0.54509804 0.71372549 0.60000000
v 0.15920427 0.03607945 -0.00440197 0.54509804 0.71372549 0.60000000
v 0.15676739 0.04275450 -0.00374126 0.54509804 0.71372549 0.60000000
v 0.15720220 0.04460868 -0.00354812 0.54509804 0.71372549 0.60000000
v 0.15929512 0.04512050 -0.00196241 0.54509804 0.71372549 0.60000000
v 0.15586857 0.04606138 0.00160884 0.54509804 0.71372549 0.60000000
v 0.15586857 0.04633721 0.00828377 0.54509804 0.71372549 0.60000000
v 0.14919394 0.04681837 0.01495530 0.54509804 0.71372549 0.60000000
v 0.14585824 0.04619623 0.00828377 0.54509804 0.71372549 0.60000000
v 0.14585824 0.04606751 0.01162123 0.54509804 0.71372549 0.60000000
v 0.14585824 0.04584991 0.01495530 0.54509804 0.71372549 0.60000000
v 0.14559540 0.04546988 0.01801492 0.54509804 0.71372549 0.60000000
v 0.14658509 0.04528293 0.02163022 0.54509804 0.71372549 0.60000000
v 0.14919394 0.04623607 0.02163022 0.54509804 0.71372549 0.60000000
v 0.15586857 0.04508678 0.02443572 0.54509804 0.71372549 0.60000000
v 0.15087801 0.04099839 0.02662455 0.54509804 0.71372549 0.60000000
v 0.14726001 0.04468530 0.02349039 0.54509804 0.71372549 0.60000000
v 0.15253287 0.03607945 0.02769864 0.54509804 0.71372549 0.60000000
v 0.15071901 0.03877337 0.02673298 0.54509804 0.71372549 0.60000000
v 0.15073848 0.03607945 0.02671943 0.54509804 0.71372549 0.60000000
v 0.15619630 0.03302694 0.02922337 0.54509804 0.71372549 0.60000000
v 0.15233169 0.03301162 0.02727511 0.54509804 0.71372549 0.60000000
v 0.15108243 0.03207687 0.02651952 0.54509804 0.71372549 0.60000000
v 0.15315589 0.02941052 0.02717684 0.54509804 0.71372549 0.60000000
v 0.15007654 0.01559457 0.02337519 0.54509804 0.71372549 0.60000000
v 0.16158597 0.01559457 -0.00017339 0.54509804 0.71372549 0.60000000
v 0.16083966 0.02778926 -0.00338888 0.54509804 0.71372549 0.60000000
v 0.15951901 0.02910404 -0.00410042 0.54509804 0.71372549 0.60000000
v 0.15920427 0.03274192 -0.00463577 0.54509804 0.71372549 0.60000000
v 0.16587890 0.03274192 -0.00138301 0.54509804 0.71372549 0.60000000
v 0.16110574 0.03941697 -0.00348375 0.54509804 0.71372549 0.60000000
v 0.15586857 0.03274192 -0.00460527 0.54509804 0.71372549 0.60000000
v 0.15623524 0.03941697 -0.00397166 0.54509804 0.71372549 0.60000000
v 0.15427211 0.03752295 -0.00336177 0.54509804 0.71372549 0.60000000
v 0.15456739 0.03941697 -0.00321946 0.54509804 0.71372549 0.60000000
v 0.14997270 0.04275450 -0.00049189 0.54509804 0.71372549 0.60000000
v 0.15253287 0.04501936 -0.00072907 0.54509804 0.71372549 0.60000000
v 0.15600160 0.04516034 -0.00180994 0.54509804 0.71372549 0.60000000
v 0.15044320 0.04467917 -0.00026149 0.54509804 0.71372549 0.60000000
v 0.14585824 0.04515114 0.00253385 0.54509804 0.71372549 0.60000000
v 0.15253287 0.04592346 0.00160884 0.54509804 0.71372549 0.60000000
v 0.14919394 0.04640157 0.00494631 0.54509804 0.71372549 0.60000000
v 0.14919394 0.04668046 0.01162123 0.54509804 0.71372549 0.60000000
v 0.14585824 0.04606138 0.00494631 0.54509804 0.71372549 0.60000000
v 0.14373287 0.04504694 0.00494631 0.54509804 0.71372549 0.60000000
v 0.14372314 0.04511437 0.00828377 0.54509804 0.71372549 0.60000000
v 0.14390160 0.04491516 0.01162123 0.54509804 0.71372549 0.60000000
v 0.14408332 0.04462707 0.01495530 0.54509804 0.71372549 0.60000000
v 0.14418066 0.04444625 0.01671721 0.54509804 0.71372549 0.60000000
v 0.14431045 0.04382104 0.01894331 0.54509804 0.71372549 0.60000000
v 0.14944054 0.03969893 0.02573005 0.54509804 0.71372549 0.60000000
v 0.14700691 0.04275450 0.02366997 0.54509804 0.71372549 0.60000000
v 0.14518331 0.04272692 0.02142015 0.54509804 0.71372549 0.60000000
v 0.14510219 0.03941697 0.02219268 0.54509804 0.71372549 0.60000000
v 0.15083907 0.03430188 0.02664827 0.54509804 0.71372549 0.60000000
v 0.14653317 0.03607945 0.02399863 0.54509804 0.71372549 0.60000000
v 0.14469334 0.03274192 0.02290422 0.54509804 0.71372549 0.60000000
v 0.14636119 0.03274192 0.02400202 0.54509804 0.71372549 0.60000000
v 0.14951518 0.03301162 0.02579443 0.54509804 0.71372549 0.60000000
v 0.14660780 0.02941052 0.02377501 0.54509804 0.71372549 0.60000000
v 0.14919394 0.02941052 0.02512016 0.54509804 0.71372549 0.60000000
v 0.14493996 0.02941052 0.02280257 0.54509804 0.71372549 0.60000000
v 0.14899275 0.01559457 0.02271786 0.54509804 0.71372549 0.60000000
v 0.16135235 0.01559457 -0.00024455 0.54509804 0.71372549 0.60000000
v 0.15586857 0.02941052 -0.00433421 0.54509804 0.71372549 0.60000000
v 0.15954497 0.01559457 -0.00059693 0.54509804 0.71372549 0.60000000
v 0.15920427 0.01559457 -0.00064436 0.54509804 0.71372549 0.60000000
v 0.15862019 0.02733874 -0.00370060 0.54509804 0.71372549 0.60000000
v 0.15393140 0.02941052 -0.00358879 0.54509804 0.71372549 0.60000000
v 0.15380161 0.03274192 -0.00365316 0.54509804 0.71372549 0.60000000
v 0.15396385 0.03529793 -0.00353118 0.54509804 0.71372549 0.60000000
v 0.15557977 0.03627866 -0.00410042 0.54509804 0.71372549 0.60000000
v 0.15253287 0.03941697 -0.00223347 0.54509804 0.71372549 0.60000000
v 0.14830485 0.04275450 0.00033146 0.54509804 0.71372549 0.60000000
v 0.14927831 0.04534116 0.00148348 0.54509804 0.71372549 0.60000000
v 0.14395353 0.04474353 0.00305225 0.54509804 0.71372549 0.60000000
v 0.14320396 0.04275450 0.00494631 0.54509804 0.71372549 0.60000000
v 0.14300278 0.04275450 0.00828377 0.54509804 0.71372549 0.60000000
v 0.14399895 0.04272692 0.01801492 0.54509804 0.71372549 0.60000000
v 0.14330780 0.04275450 0.01162123 0.54509804 0.71372549 0.60000000
v 0.14409630 0.04159909 0.02016987 0.54509804 0.71372549 0.60000000
v 0.14342137 0.03941697 0.01829276 0.54509804 0.71372549 0.60000000
v 0.14280809 0.03607945 0.01829276 0.54509804 0.71372549 0.60000000
v 0.14677004 0.03941697 0.02383938 0.54509804 0.71372549 0.60000000
v 0.14486532 0.03607945 0.02261621 0.54509804 0.71372549 0.60000000
v 0.14389511 0.03941697 0.02052225 0.54509804 0.71372549 0.60000000
v 0.14359010 0.03607945 0.02094579 0.54509804 0.71372549 0.60000000
v 0.14328184 0.03274192 0.02123718 0.54509804 0.71372549 0.60000000
v 0.14329807 0.02941052 0.02113553 0.54509804 0.71372549 0.60000000
v 0.14672137 0.01559457 0.02092885 0.54509804 0.71372549 0.60000000
v 0.15413258 0.02765748 -0.00344309 0.54509804 0.71372549 0.60000000
v 0.15569660 0.01559457 -0.00063081 0.54509804 0.71372549 0.60000000
v 0.15412933 0.01559457 -0.00044107 0.54509804 0.71372549 0.60000000
v 0.14991429 0.02941052 -0.00073585 0.54509804 0.71372549 0.60000000
v 0.14412550 0.03067320 0.00322844 0.54509804 0.71372549 0.60000000
v 0.14970662 0.03274192 -0.00088493 0.54509804 0.71372549 0.60000000
v 0.15213376 0.03274192 -0.00255536 0.54509804 0.71372549 0.60000000
v 0.14961253 0.03607945 -0.00089510 0.54509804 0.71372549 0.60000000
v 0.14797064 0.03941697 0.00019932 0.54509804 0.71372549 0.60000000
v 0.14964173 0.03941697 -0.00074262 0.54509804 0.71372549 0.60000000
v 0.14585824 0.04275450 0.00168339 0.54509804 0.71372549 0.60000000
v 0.14385618 0.04275450 0.00296077 0.54509804 0.71372549 0.60000000
v 0.14310986 0.03941697 0.00494631 0.54509804 0.71372549 0.60000000
v 0.14218183 0.03274192 0.00828377 0.54509804 0.71372549 0.60000000
v 0.14237978 0.03607945 0.00828377 0.54509804 0.71372549 0.60000000
v 0.14261664 0.03941697 0.00828377 0.54509804 0.71372549 0.60000000
v 0.14275943 0.03941697 0.01162123 0.54509804 0.71372549 0.60000000
v 0.14227270 0.03274192 0.01829276 0.54509804 0.71372549 0.60000000
v 0.14237004 0.02941052 0.01829276 0.54509804 0.71372549 0.60000000
v 0.14370691 0.02681773 0.02060018 0.54509804 0.71372549 0.60000000
v 0.14647800 0.01559457 0.02054258 0.54509804 0.71372549 0.60000000
v 0.15318833 0.01559457 -0.00010902 0.54509804 0.71372549 0.60000000
v 0.15210780 0.01559457 0.00043989 0.54509804 0.71372549 0.60000000
v 0.14911930 0.01559457 0.00218824 0.54509804 0.71372549 0.60000000
v 0.14846385 0.01559457 0.00263888 0.54509804 0.71372549 0.60000000
v 0.14628656 0.02607300 0.00239832 0.54509804 0.71372549 0.60000000
v 0.14824644 0.02941052 0.00045005 0.54509804 0.71372549 0.60000000
v 0.14559866 0.02949940 0.00232039 0.54509804 0.71372549 0.60000000
v 0.14405411 0.03274192 0.00316746 0.54509804 0.71372549 0.60000000
v 0.14585824 0.03274192 0.00186297 0.54509804 0.71372549 0.60000000
v 0.14803877 0.03274192 0.00030436 0.54509804 0.71372549 0.60000000
v 0.14431370 0.02844818 0.00342158 0.54509804 0.71372549 0.60000000
v 0.14341812 0.02949940 0.00469896 0.54509804 0.71372549 0.60000000
v 0.14305470 0.03274192 0.00494631 0.54509804 0.71372549 0.60000000
v 0.14585824 0.03607945 0.00171727 0.54509804 0.71372549 0.60000000
v 0.14794468 0.03607945 0.00023320 0.54509804 0.71372549 0.60000000
v 0.14585824 0.03941697 0.00160884 0.54509804 0.71372549 0.60000000
v 0.14391134 0.03941697 0.00301837 0.54509804 0.71372549 0.60000000
v 0.14307741 0.03607945 0.00494631 0.54509804 0.71372549 0.60000000
v 0.14235382 0.02941052 0.00828377 0.54509804 0.71372549 0.60000000
v 0.14215913 0.03274192 0.01162123 0.54509804 0.71372549 0.60000000
v 0.14215913 0.03274192 0.01495530 0.54509804 0.71372549 0.60000000
v 0.14238626 0.03607945 0.01162123 0.54509804 0.71372549 0.60000000
v 0.14233760 0.02941052 0.01495530 0.54509804 0.71372549 0.60000000
v 0.14420013 0.01559457 0.01041839 0.54509804 0.71372549 0.60000000
v 0.14424231 0.01559457 0.01162123 0.54509804 0.71372549 0.60000000
v 0.14431370 0.01559457 0.01260383 0.54509804 0.71372549 0.60000000
v 0.14469984 0.01559457 0.01479266 0.54509804 0.71372549 0.60000000
v 0.14534556 0.01559457 0.01773031 0.54509804 0.71372549 0.60000000
v 0.14549157 0.01559457 0.01831309 0.54509804 0.71372549 0.60000000
v 0.14629954 0.01559457 0.00444484 0.54509804 0.71372549 0.60000000
v 0.14397623 0.03607945 0.00309291 0.54509804 0.71372549 0.60000000
v 0.14595883 0.01559457 0.00479044 0.54509804 0.71372549 0.60000000
v 0.14539099 0.01559457 0.00543761 0.54509804 0.71372549 0.60000000
v 0.14418066 0.01559457 0.00828377 0.54509804 0.71372549 0.60000000
f 1 2 3
f 1 3 4
f 1 4 5
f 1 5 6
f 1 6 7
f 1 7 8
f 1 8 9
f 1 9 10
f 1 10 2
f 2 11 3
f 2 10 12
f 2 12 13
f 2 13 11
f 3 14 4
f 3 11 15
f 3 15 14
f 4 16 5
f 4 14 17
f 4 17 18
f 4 18 19
f 4 19 20
f 4 20 16
f 5 16 6
f 6 16 21
f 6 21 22
f 6 22 7
f 7 22 23
f 7 23 8
f 8 23 24
f 8 24 25
f 8 25 26
f 8 26 9
f 9 26 27
f 9 27 28
f 9 28 29
f 9 29 10
f 10 29 30
f 10 30 12
f 11 13 31
f 11 31 32
f 11 32 33
f 11 33 15
f 12 30 34
f 12 34 13
f 13 35 36
f 13 36 31
f 13 34 37
f 13 37 35
f 14 38 17
f 14 15 39
f 14 39 38
f 15 40 41
f 15 41 42
f 15 42 43
f 15 43 39
f 15 33 40
f 16 20 44
f 16 44 21
f 17 38 18
f 18 38 45
f 18 45 46
f 18 46 19
f 19 44 20
f 19 46 47
f 19 47 44
f 21 44 48
f 21 48 49
f 21 49 50
f 21 50 51
f 21 51 52
f 21 52 53
f 21 53 54
f 21 54 22
f 22 54 23
f 23 54 24
f 24 52 55
f 24 55 56
f 24 56 57
f 24 57 26
f 24 26 25
f 24 54 53
f 24 53 58
f 24 58 52
f 26 57 59
f 26 59 27
f 27 60 28
f 27 59 61
f 27 61 62
f 27 62 60
f 28 60 62
f 28 62 63
f 28 63 29
f 29 63 30
f 30 63 62
f 30 62 64
f 30 64 65
f 30 65 34
f 31 36 32
f 32 66 67
f 32 67 33
f 32 36 68
f 32 68 66
f 33 67 40
f 34 65 69
f 34 69 37
f 35 37 70
f 35 70 36
f 36 70 71
f 36 71 40
f 36 40 68
f 37 69 70
f 38 39 45
f 39 43 45
f 40 72 73
f 40 73 42
f 40 42 41
f 40 67 66
f 40 66 68
f 40 71 74
f 40 74 75
f 40 75 76
f 40 76 72
f 42 77 43
f 42 73 78
f 42 78 79
f 42 79 80
f 42 80 81
f 42 81 82
f 42 82 77
f 43 77 46
f 43 46 45
f 44 47 83
f 44 83 84
f 44 84 48
f 46 77 47
f 47 77 85
f 47 85 86
f 47 86 83
f 48 87 88
f 48 88 89
f 48 89 90
f 48 90 49
f 48 84 87
f 49 90 89
f 49 89 88
f 49 88 87
f 49 87 130
f 49 130 129
f 49 129 176
f 49 176 175
f 49 175 174
f 49 174 173
f 49 173 172
f 49 172 171
f 49 171 170
f 49 170 169
f 49 169 215
f 49 215 253
f 49 253 280
f 49 280 301
f 49 301 330
f 49 330 329
f 49 329 328
f 49 328 327
f 49 327 326
f 49 326 325
f 49 325 335
f 49 335 334
f 49 334 333
f 49 333 331
f 49 331 305
f 49 305 304
f 49 304 303
f 49 303 302
f 49 302 283
f 49 283 282
f 49 282 257
f 49 257 256
f 49 256 254
f 49 254 216
f 49 216 177
f 49 177 136
f 49 136 135
f 49 135 134
f 49 134 92
f 49 92 91
f 49 91 55
f 49 55 52
f 49 52 51
f 49 51 50
f 52 58 53
f 55 91 56
f 56 91 92
f 56 92 93
f 56 93 94
f 56 94 57
f 57 94 95
f 57 95 59
f 59 95 96
f 59 96 97
f 59 97 98
f 59 98 61
f 61 98 62
f 62 98 99
f 62 99 64
f 64 99 65
f 65 99 100
f 65 100 101
f 65 101 102
f 65 102 69
f 69 102 103
f 69 103 104
f 69 104 105
f 69 105 106
f 69 106 107
f 69 107 108
f 69 108 74
f 69 74 70
f 70 74 71
f 72 76 109
f 72 109 110
f 72 110 111
f 72 111 73
f 73 111 112
f 73 112 78
f 74 108 113
f 74 113 75
f 75 113 114
f 75 114 76
f 76 114 115
f 76 115 109
f 77 82 85
f 78 112 79
f 79 112 116
f 79 116 117
f 79 117 118
f 79 118 119
f 79 119 120
f 79 120 80
f 80 120 81
f 81 120 121
f 81 121 82
f 82 121 122
f 82 122 123
f 82 123 85
f 83 86 124
f 83 124 125
f 83 125 126
f 83 126 127
f 83 127 84
f 84 127 128
f 84 128 129
f 84 129 130
f 84 130 87
f 85 123 131
f 85 131 132
f 85 132 86
f 86 132 133
f 86 133 124
f 92 134 93
f 93 134 94
f 94 134 135
f 94 135 136
f 94 136 137
f 94 137 138
f 94 138 95
f 95 138 139
f 95 139 140
f 95 140 141
f 95 141 96
f 96 141 97
f 97 141 98
f 98 141 100
f 98 100 99
f 100 141 142
f 100 142 143
f 100 143 101
f 101 143 144
f 101 144 145
f 101 145 146
f 101 146 147
f 101 147 102
f 102 147 103
f 103 147 148
f 103 148 149
f 103 149 104
f 104 150 151
f 104 151 152
f 104 152 153
f 104 153 105
f 104 149 150
f 105 154 106
f 105 153 154
f 106 154 155
f 106 155 115
f 106 115 156
f 106 156 107
f 107 156 113
f 107 113 108
f 109 115 153
f 109 153 157
f 109 157 110
f 110 158 111
f 110 157 158
f 111 159 116
f 111 116 112
f 111 158 159
f 113 115 114
f 113 156 115
f 115 155 153
f 116 159 117
f 117 160 118
f 117 159 161
f 117 161 162
f 117 162 163
f 117 163 160
f 118 164 119
f 118 160 165
f 118 165 164
f 119 166 121
f 119 121 120
f 119 164 167
f 119 167 166
f 121 166 122
f 122 166 167
f 122 167 168
f 122 168 169
f 122 169 170
f 122 170 171
f 122 171 172
f 122 172 173
f 122 173 174
f 122 174 175
f 122 175 176
f 122 176 129
f 122 129 123
f 123 126 125
f 123 125 131
f 123 129 126
f 124 133 125
f 125 133 132
f 125 132 131
f 126 129 128
f 126 128 127
f 136 177 137
f 137 177 178
f 137 178 138
f 138 178 179
f 138 179 180
f 138 180 139
f 139 180 181
f 139 181 182
f 139 182 140
f 140 182 141
f 141 182 142
f 142 182 183
f 142 183 184
f 142 184 185
f 142 185 186
f 142 186 143
f 143 186 187
f 143 187 188
f 143 188 189
f 143 189 144
f 144 189 145
f 145 189 190
f 145 190 146
f 146 190 191
f 146 191 192
f 146 192 193
f 146 193 194
f 146 194 195
f 146 195 148
f 146 148 147
f 148 195 149
f 149 195 196
f 149 196 197
f 149 197 151
f 149 151 150
f 151 197 198
f 151 198 152
f 152 198 153
f 153 198 199
f 153 199 200
f 153 200 201
f 153 201 202
f 153 202 203
f 153 203 204
f 153 204 157
f 153 155 154
f 157 204 162
f 157 162 205
f 157 205 158
f 158 205 159
f 159 205 161
f 160 206 165
f 160 163 207
f 160 207 206
f 161 205 162
f 162 204 163
f 163 204 207
f 164 165 167
f 165 208 167
f 165 206 209
f 165 209 210
f 165 210 208
f 167 211 168
f 167 208 211
f 168 211 212
f 168 212 213
f 168 213 214
f 168 214 215
f 168 215 169
f 177 216 217
f 177 217 178
f 178 217 179
f 179 217 218
f 179 218 219
f 179 219 184
f 179 184 183
f 179 183 180
f 180 183 220
f 180 220 181
f 181 220 182
f 182 220 183
f 184 219 185
f 185 219 187
f 185 187 186
f 187 219 192
f 187 192 221
f 187 221 188
f 188 221 189
f 189 221 192
f 189 192 191
f 189 191 190
f 192 219 222
f 192 222 193
f 193 222 223
f 193 223 224
f 193 224 225
f 193 225 226
f 193 226 194
f 194 227 228
f 194 228 195
f 194 226 229
f 194 229 230
f 194 230 227
f 195 228 196
f 196 228 231
f 196 231 232
f 196 232 233
f 196 233 198
f 196 198 197
f 198 233 234
f 198 234 199
f 199 234 235
f 199 235 236
f 199 236 200
f 200 236 201
f 201 236 202
f 202 236 237
f 202 237 238
f 202 238 239
f 202 239 203
f 203 239 240
f 203 240 207
f 203 207 204
f 206 241 209
f 206 207 242
f 206 242 241
f 207 240 243
f 207 243 244
f 207 244 242
f 208 210 245
f 208 245 212
f 208 212 211
f 209 241 246
f 209 246 247
f 209 247 248
f 209 248 210
f 210 248 245
f 212 245 213
f 213 245 249
f 213 249 250
f 213 250 251
f 213 251 214
f 214 251 215
f 215 252 253
f 215 251 250
f 215 250 252
f 216 254 217
f 217 254 218
f 218 255 219
f 218 254 256
f 218 256 257
f 218 257 258
f 218 258 255
f 219 255 222
f 222 255 259
f 222 259 260
f 222 260 261
f 222 261 262
f 222 262 223
f 223 262 261
f 223 261 224
f 224 261 263
f 224 263 226
f 224 226 225
f 226 264 229
f 226 263 261
f 226 261 264
f 227 265 231
f 227 231 228
f 227 230 265
f 229 264 266
f 229 266 230
f 230 266 234
f 230 234 265
f 231 265 234
f 231 234 232
f 232 234 233
f 234 266 235
f 235 266 267
f 235 267 268
f 235 268 236
f 236 268 237
f 237 268 238
f 238 268 239
f 239 269 240
f 239 268 270
f 239 270 269
f 240 271 243
f 240 269 272
f 240 272 273
f 240 273 271
f 241 242 274
f 241 274 246
f 242 244 275
f 242 275 247
f 242 247 274
f 243 271 276
f 243 276 244
f 244 276 277
f 244 277 275
f 245 248 249
f 246 274 247
f 247 275 278
f 247 278 279
f 247 279 252
f 247 252 248
f 248 252 250
f 248 250 249
f 252 279 280
f 252 280 253
f 255 281 259
f 255 258 257
f 255 257 282
f 255 282 283
f 255 283 281
f 259 281 284
f 259 284 285
f 259 285 286
f 259 286 287
f 259 287 260
f 260 287 288
f 260 288 289
f 260 289 261
f 261 289 290
f 261 290 264
f 264 291 266
f 264 290 291
f 266 291 292
f 266 292 267
f 267 292 293
f 267 293 294
f 267 294 295
f 267 295 296
f 267 296 268
f 268 296 297
f 268 297 273
f 268 273 270
f 269 273 272
f 269 270 273
f 271 273 298
f 271 298 276
f 273 297 298
f 275 277 278
f 276 298 277
f 277 298 278
f 278 298 279
f 279 298 299
f 279 299 300
f 279 300 301
f 279 301 280
f 281 283 302
f 281 302 303
f 281 303 304
f 281 304 305
f 281 305 306
f 281 306 284
f 284 306 307
f 284 307 308
f 284 308 285
f 285 309 310
f 285 310 311
f 285 311 286
f 285 308 312
f 285 312 313
f 285 313 314
f 285 314 309
f 286 311 315
f 286 315 316
f 286 316 287
f 287 316 288
f 288 316 317
f 288 317 289
f 289 317 292
f 289 292 291
f 289 291 290
f 292 318 314
f 292 314 319
f 292 319 293
f 292 317 318
f 293 319 294
f 294 320 321
f 294 321 295
f 294 319 314
f 294 314 320
f 295 321 322
f 295 322 323
f 295 323 296
f 296 323 298
f 296 298 297
f 298 322 299
f 298 323 322
f 299 322 324
f 299 324 325
f 299 325 326
f 299 326 327
f 299 327 328
f 299 328 329
f 299 329 330
f 299 330 300
f 300 330 301
f 305 331 312
f 305 312 306
f 306 312 308
f 306 308 307
f 309 314 332
f 309 332 315
f 309 315 310
f 310 315 311
f 312 331 333
f 312 333 334
f 312 334 313
f 313 334 335
f 313 335 320
f 313 320 314
f 314 318 332
f 315 332 318
f 315 318 317
f 315 317 316
f 320 335 324
f 320 324 321
f 321 324 322
f 324 335 325

o geometry_1
v -0.15115372 0.03302565 0.01829169 0.54117647 0.42352941 0.64313725
v -0.15115372 0.03224044 0.02162757 0.54117647 0.42352941 0.64313725
v -0.14780867 0.03212180 0.02162757 0.54117647 0.42352941 0.64313725
v -0.14780867 0.03283358 0.01829169 0.54117647 0.42352941 0.64313725
v -0.15115372 0.03296351 0.01495581 0.54117647 0.42352941 0.64313725
v -0.15447647 0.03270930 0.00494492 0.54117647 0.42352941 0.64313725
v -0.15447647 0.03275449 0.00828404 0.54117647 0.42352941 0.64313725
v -0.15447647 0.03278274 0.01161993 0.54117647 0.42352941 0.64313725
v -0.15447647 0.03275449 0.01495581 0.54117647 0.42352941 0.64313725
v -0.15447647 0.03256243 0.01829169 0.54117647 0.42352941 0.64313725
v -0.14780867 0.03120101 0.02340584 0.54117647 0.42352941 0.64313725
v -0.15425346 0.03166423 0.02155618 0.54117647 0.42352941 0.64313725
v -0.15300464 0.03116712 0.02340259 0.54117647 0.42352941 0.64313725
v -0.15115372 0.03125750 0.02347723 0.54117647 0.42352941 0.64313725
v -0.14604694 0.03108238 0.02330849 0.54117647 0.42352941 0.64313725
v -0.04005347 0.02099319 0.01978440 0.54117647 0.42352941 0.64313725
v -0.03771194 0.02088021 0.01941122 0.54117647 0.42352941 0.64313725
v -0.03436689 0.02071638 0.01871029 0.54117647 0.42352941 0.64313725
v -0.03771194 0.02133213 0.01774328 0.54117647 0.42352941 0.64313725
v -0.03436689 0.02115136 0.01704235 0.54117647 0.42352941 0.64313725
v -0.09529139 0.02782288 0.01353124 0.54117647 0.42352941 0.64313725
v -0.09529139 0.02782288 0.01290171 0.54117647 0.42352941 0.64313725
v -0.15115372 0.03281663 0.01161993 0.54117647 0.42352941 0.64313725
v -0.03269436 0.02106098 0.01662375 0.54117647 0.42352941 0.64313725
v -0.15447647 0.03187890 0.00236513 0.54117647 0.42352941 0.64313725
v -0.15677340 0.03166988 0.00261499 0.54117647 0.42352941 0.64313725
v -0.15710790 0.03194668 0.00494492 0.54117647 0.42352941 0.64313725
v -0.15115372 0.03242120 0.00494492 0.54117647 0.42352941 0.64313725
v -0.14196598 0.03117277 0.00314393 0.54117647 0.42352941 0.64313725
v -0.14446361 0.03131399 0.00295897 0.54117647 0.42352941 0.64313725
v -0.14780867 0.03150606 0.00273830 0.54117647 0.42352941 0.64313725
v -0.15115372 0.03169812 0.00254036 0.54117647 0.42352941 0.64313725
v -0.15750931 0.03174332 0.01495581 0.54117647 0.42352941 0.64313725
v -0.15726401 0.03159079 0.01829169 0.54117647 0.42352941 0.64313725
v -0.15668420 0.03133658 0.02039771 0.54117647 0.42352941 0.64313725
v -0.15235794 0.02780028 0.02668655 0.54117647 0.42352941 0.64313725
v -0.02435404 0.01848501 0.02059241 0.54117647 0.42352941 0.64313725
v -0.15316075 0.02780028 0.02668655 0.54117647 0.42352941 0.64313725
v -0.15523467 0.03060786 0.02262054 0.54117647 0.42352941 0.64313725
v -0.15539078 0.02756867 0.02646589 0.54117647 0.42352941 0.64313725
v -0.01768624 0.01800485 0.02024519 0.54117647 0.42352941 0.64313725
v -0.01523320 0.01784102 0.02008618 0.54117647 0.42352941 0.64313725
v -0.02769909 0.02010629 0.01829169 0.54117647 0.42352941 0.64313725
v -0.05437028 0.02343358 0.01495581 0.54117647 0.42352941 0.64313725
v -0.05102523 0.02307769 0.01495581 0.54117647 0.42352941 0.64313725
v -0.06447233 0.02456903 0.01161993 0.54117647 0.42352941 0.64313725
v -0.06770588 0.02491362 0.01161993 0.54117647 0.42352941 0.64313725
v -0.03247136 0.02108922 0.00654796 0.54117647 0.42352941 0.64313725
v -0.02435404 0.01966566 0.01829169 0.54117647 0.42352941 0.64313725
v -0.00865461 0.01781843 0.01696123 0.54117647 0.42352941 0.64313725
v -0.02435404 0.02007804 0.01495581 0.54117647 0.42352941 0.64313725
v -0.02769909 0.02051302 0.01495581 0.54117647 0.42352941 0.64313725
v -0.03095494 0.02088586 0.01495581 0.54117647 0.42352941 0.64313725
v -0.03262746 0.02107227 0.01495581 0.54117647 0.42352941 0.64313725
v -0.15623819 0.02785677 -0.00011407 0.54117647 0.42352941 0.64313725
v -0.05336677 0.02098189 0.00335161 0.54117647 0.42352941 0.64313725
v -0.05559680 0.02110617 0.00324453 0.54117647 0.42352941 0.64313725
v -0.15115372 0.02940462 0.00096328 0.54117647 0.42352941 0.64313725
v -0.15432037 0.02914476 0.00055765 0.54117647 0.42352941 0.64313725
v -0.15842363 0.02940462 0.00494492 0.54117647 0.42352941 0.64313725
v -0.15706330 0.02914476 0.00154414 0.54117647 0.42352941 0.64313725
v -0.15936023 0.02064295 0.00043758 0.54117647 0.42352941 0.64313725
v -0.15918184 0.03018983 0.01495581 0.54117647 0.42352941 0.64313725
v -0.03436689 0.02119655 0.00633703 0.54117647 0.42352941 0.64313725
v -0.03771194 0.02137167 0.00601902 0.54117647 0.42352941 0.64313725
v -0.04103469 0.02022492 0.00410121 0.54117647 0.42352941 0.64313725
v -0.04437974 0.02042828 0.00388704 0.54117647 0.42352941 0.64313725
v -0.04770248 0.02063165 0.00367936 0.54117647 0.42352941 0.64313725
v -0.05102523 0.02083502 0.00348466 0.54117647 0.42352941 0.64313725
v -0.15893653 0.03000906 0.01829169 0.54117647 0.42352941 0.64313725
v -0.15679570 0.02838214 0.02424306 0.54117647 0.42352941 0.64313725
v -0.15784382 0.02920689 0.02131605 0.54117647 0.42352941 0.64313725
v -0.15119832 0.02633718 0.02740370 0.54117647 0.42352941 0.64313725
v -0.04103469 0.01146890 0.02689424 0.54117647 0.42352941 0.64313725
v -0.03436689 0.01520292 0.02383418 0.54117647 0.42352941 0.64313725
v -0.03102184 0.01662648 0.02258485 0.54117647 0.42352941 0.64313725
v -0.15436496 0.02629764 0.02740370 0.54117647 0.42352941 0.64313725
v -0.15668420 0.02534295 0.02720900 0.54117647 0.42352941 0.64313725
v -0.02769909 0.01636662 0.02242584 0.54117647 0.42352941 0.64313725
v -0.02100899 0.01605593 0.02195207 0.54117647 0.42352941 0.64313725
v 0.06658671 0.00506854 0.02058916 0.54117647 0.42352941 0.64313725
v -0.01300317 0.01764896 0.01979089 0.54117647 0.42352941 0.64313725
v -0.04770248 0.02274439 0.01161993 0.54117647 0.42352941 0.64313725
v -0.06103808 0.02419619 0.01161993 0.54117647 0.42352941 0.64313725
v -0.03238216 0.02110052 0.00828404 0.54117647 0.42352941 0.64313725
v -0.03436689 0.02131518 0.00828404 0.54117647 0.42352941 0.64313725
v -0.03070963 0.02089715 0.00828404 0.54117647 0.42352941 0.64313725
v -0.02769909 0.02050172 0.00828404 0.54117647 0.42352941 0.64313725
v -0.02100899 0.01958658 0.00828404 0.54117647 0.42352941 0.64313725
v -0.01434119 0.01866578 0.00828404 0.54117647 0.42352941 0.64313725
v -0.01099614 0.01820256 0.00828404 0.54117647 0.42352941 0.64313725
v -0.00878841 0.01780148 0.00649928 0.54117647 0.42352941 0.64313725
v -0.01099614 0.01795965 0.00627862 0.54117647 0.42352941 0.64313725
v -0.01420739 0.01818562 0.01852208 0.54117647 0.42352941 0.64313725
v -0.00666988 0.01762636 0.01495581 0.54117647 0.42352941 0.64313725
v -0.00834240 0.01786362 0.01495581 0.54117647 0.42352941 0.64313725
v -0.01099614 0.01823646 0.01495581 0.54117647 0.42352941 0.64313725
v 0.06658671 0.00605712 0.01829169 0.54117647 0.42352941 0.64313725
v 0.06658671 0.00650904 0.01495581 0.54117647 0.42352941 0.64313725
v 0.04078522 0.01105652 0.00999092 0.54117647 0.42352941 0.64313725
v -0.02100899 0.01960352 0.01161993 0.54117647 0.42352941 0.64313725
v -0.02769909 0.02051302 0.01161993 0.54117647 0.42352941 0.64313725
v -0.03082113 0.02089715 0.01161993 0.54117647 0.42352941 0.64313725
v -0.15532388 0.02785677 -0.00011407 0.54117647 0.42352941 0.64313725
v -0.15447647 0.01905557 -0.00397240 0.54117647 0.42352941 0.64313725
v -0.15657270 0.01864319 -0.00377445 0.54117647 0.42352941 0.64313725
v -0.15668420 0.02606603 -0.00049698 0.54117647 0.42352941 0.64313725
v -0.02897021 0.01779583 0.00323155 0.54117647 0.42352941 0.64313725
v -0.03102184 0.01793706 0.00314393 0.54117647 0.42352941 0.64313725
v -0.02769909 0.01336133 0.00057388 0.54117647 0.42352941 0.64313725
v -0.02769909 0.01169487 -0.00045480 0.54117647 0.42352941 0.64313725
v -0.02100899 0.00937876 -0.00135042 0.54117647 0.42352941 0.64313725
v -0.02435404 0.00937876 -0.00160029 0.54117647 0.42352941 0.64313725
v -0.15915954 0.02585137 0.00507472 0.54117647 0.42352941 0.64313725
v -0.15956094 0.02804885 0.01271025 0.54117647 0.42352941 0.64313725
v -0.15962783 0.02174451 0.00266367 0.54117647 0.42352941 0.64313725
v -0.15940484 0.02397023 0.00404605 0.54117647 0.42352941 0.64313725
v -0.15967243 0.01841723 -0.00033149 0.54117647 0.42352941 0.64313725
v -0.15962783 0.02852336 0.01495581 0.54117647 0.42352941 0.64313725
v -0.15960556 0.02833695 0.01829169 0.54117647 0.42352941 0.64313725
v -0.01434119 0.01819127 0.00596710 0.54117647 0.42352941 0.64313725
v -0.01768624 0.01842288 0.00568803 0.54117647 0.42352941 0.64313725
v -0.03771194 0.02001590 0.00435108 0.54117647 0.42352941 0.64313725
v -0.15951634 0.02780028 0.02000830 0.54117647 0.42352941 0.64313725
v -0.15742011 0.02629764 0.02520034 0.54117647 0.42352941 0.64313725
v -0.15447647 0.02273310 0.02844860 0.54117647 0.42352941 0.64313725
v -0.15115372 0.02273310 0.02842589 0.54117647 0.42352941 0.64313725
v -0.04437974 0.01170051 0.02703053 0.54117647 0.42352941 0.64313725
v -0.03102184 0.00877431 0.02697212 0.54117647 0.42352941 0.64313725
v -0.02769909 0.00839583 0.02686828 0.54117647 0.42352941 0.64313725
v -0.02212400 0.00781962 0.02667358 0.54117647 0.42352941 0.64313725
v -0.03771194 0.01121470 0.02673523 0.54117647 0.42352941 0.64313725
v -0.03771194 0.01288116 0.02566113 0.54117647 0.42352941 0.64313725
v -0.15857973 0.02273310 0.02496670 0.54117647 0.42352941 0.64313725
v -0.15706330 0.02273310 0.02751404 0.54117647 0.42352941 0.64313725
v 0.06658671 0.00271289 0.02172816 0.54117647 0.42352941 0.64313725
v -0.03590561 0.01107347 0.02664761 0.54117647 0.42352941 0.64313725
v -0.01434119 0.01868273 0.01161993 0.54117647 0.42352941 0.64313725
v 0.00900726 0.01545713 0.01161993 0.54117647 0.42352941 0.64313725
v 0.01538515 0.01457588 0.01161993 0.54117647 0.42352941 0.64313725
v 0.04078522 0.01105652 0.00992278 0.54117647 0.42352941 0.64313725
v 0.01413633 0.01440641 0.00659339 0.54117647 0.42352941 0.64313725
v 0.01902011 0.01407311 0.01161993 0.54117647 0.42352941 0.64313725
v 0.06658671 0.00658813 0.01413157 0.54117647 0.42352941 0.64313725
v 0.06658671 0.00682539 0.01161993 0.54117647 0.42352941 0.64313725
v -0.15115372 0.01886350 -0.00391074 0.54117647 0.42352941 0.64313725
v -0.15447647 0.02072203 -0.00323902 0.54117647 0.42352941 0.64313725
v -0.01538931 0.00441325 -0.00341101 0.54117647 0.42352941 0.64313725
v -0.15115372 0.01605593 -0.00467008 0.54117647 0.42352941 0.64313725
v -0.15447647 0.01605593 -0.00470253 0.54117647 0.42352941 0.64313725
v -0.15699640 0.01605593 -0.00402756 0.54117647 0.42352941 0.64313725
v -0.15866893 0.01605593 -0.00246022 0.54117647 0.42352941 0.64313725
v -0.15797762 0.01964307 -0.00181771 0.54117647 0.42352941 0.64313725
v -0.15735320 0.02273310 -0.00122062 0.54117647 0.42352941 0.64313725
v -0.02100899 0.01123164 -0.00017897 0.54117647 0.42352941 0.64313725
v -0.02435404 0.01148020 -0.00032824 0.54117647 0.42352941 0.64313725
v -0.02674017 0.01759811 0.00336459 0.54117647 0.42352941 0.64313725
v 0.06658671 0.00548657 0.00557121 0.54117647 0.42352941 0.64313725
v 0.06658671 0.00487082 0.00515909 0.54117647 0.42352941 0.64313725
v -0.01790924 0.00960472 -0.00089287 0.54117647 0.42352941 0.64313725
v 0.06658671 0.00283717 0.00390327 0.54117647 0.42352941 0.64313725
v -0.01099614 0.00604582 -0.00224280 0.54117647 0.42352941 0.64313725
v -0.01429659 0.00573513 -0.00272631 0.54117647 0.42352941 0.64313725
v -0.15973935 0.02280653 0.00507472 0.54117647 0.42352941 0.64313725
v -0.16031915 0.01939451 0.00494492 0.54117647 0.42352941 0.64313725
v -0.16005154 0.02273310 0.00828404 0.54117647 0.42352941 0.64313725
v -0.15987314 0.01947359 0.00157334 0.54117647 0.42352941 0.64313725
v -0.16056445 0.01605593 0.00160904 0.54117647 0.42352941 0.64313725
v -0.15994005 0.01605593 -0.00079228 0.54117647 0.42352941 0.64313725
v -0.16049755 0.01939451 0.00828404 0.54117647 0.42352941 0.64313725
v -0.15994005 0.02606603 0.01495581 0.54117647 0.42352941 0.64313725
v -0.15985086 0.02606603 0.01829169 0.54117647 0.42352941 0.64313725
v -0.15962783 0.02606603 0.02038473 0.54117647 0.42352941 0.64313725
v -0.15985086 0.01605593 0.02445723 0.54117647 0.42352941 0.64313725
v -0.15967243 0.01881266 0.02381147 0.54117647 0.42352941 0.64313725
v -0.15949404 0.02103273 0.02327604 0.54117647 0.42352941 0.64313725
v -0.15982854 0.00937876 0.02697861 0.54117647 0.42352941 0.64313725
v -0.15782151 0.00937876 0.02752053 0.54117647 0.42352941 0.64313725
v -0.15447647 0.01939451 0.02831556 0.54117647 0.42352941 0.64313725
v -0.04770248 0.00937876 0.02749781 0.54117647 0.42352941 0.64313725
v -0.04437974 0.00937876 0.02742317 0.54117647 0.42352941 0.64313725
v -0.04770248 0.01188693 0.02710516 0.54117647 0.42352941 0.64313725
v -0.04103469 0.00937876 0.02728688 0.54117647 0.42352941 0.64313725
v -0.01501020 0.00459967 0.02666384 0.54117647 0.42352941 0.64313725
v 0.06658671 -0.00062570 0.02239664 0.54117647 0.42352941 0.64313725
v -0.15942714 0.01423129 0.02655351 0.54117647 0.42352941 0.64313725
v -0.15965015 0.01200556 0.02680987 0.54117647 0.42352941 0.64313725
v 0.06658671 0.00679150 0.00828404 0.54117647 0.42352941 0.64313725
v 0.06658671 0.00648645 0.00760908 0.54117647 0.42352941 0.64313725
v 0.06658671 0.00242479 0.00373453 0.54117647 0.42352941 0.64313725
v 0.06658671 0.00117070 0.00322506 0.54117647 0.42352941 0.64313725
v 0.06658671 -0.00396428 0.00115149 0.54117647 0.42352941 0.64313725
v 0.06658671 -0.00657979 0.00020719 0.54117647 0.42352941 0.64313725
v 0.06658671 -0.00825190 -0.00025036 0.54117647 0.42352941 0.64313725
v 0.06658671 -0.01063580 -0.00053592 0.54117647 0.42352941 0.64313725
v -0.01538931 0.00429462 -0.00341101 0.54117647 0.42352941 0.64313725
v -0.15115372 0.01271734 -0.00444293 0.54117647 0.42352941 0.64313725
v -0.15447647 0.01271734 -0.00439425 0.54117647 0.42352941 0.64313725
v -0.15695180 0.01271734 -0.00386207 0.54117647 0.42352941 0.64313725
v -0.15862432 0.01271734 -0.00281068 0.54117647 0.42352941 0.64313725
v -0.16025225 0.01271734 -0.00114274 0.54117647 0.42352941 0.64313725
v -0.16103277 0.01271734 0.00160904 0.54117647 0.42352941 0.64313725
v -0.16076515 0.01605593 0.00494492 0.54117647 0.42352941 0.64313725
v -0.16074286 0.01605593 0.00828404 0.54117647 0.42352941 0.64313725
v -0.16047525 0.01939451 0.01161993 0.54117647 0.42352941 0.64313725
v -0.16018535 0.02273310 0.01495581 0.54117647 0.42352941 0.64313725
v -0.16009616 0.02273310 0.01829169 0.54117647 0.42352941 0.64313725
v -0.16031915 0.01605593 0.02162757 0.54117647 0.42352941 0.64313725
v -0.16043066 0.00937876 0.02496670 0.54117647 0.42352941 0.64313725
v -0.15998465 0.01296025 0.02525226 0.54117647 0.42352941 0.64313725
v -0.15978394 0.00701181 0.02691695 0.54117647 0.42352941 0.64313725
v -0.15782151 0.00645820 0.02709218 0.54117647 0.42352941 0.64313725
v -0.15447647 0.00937876 0.02769576 0.54117647 0.42352941 0.64313725
v -0.15447647 0.01271734 0.02790668 0.54117647 0.42352941 0.64313725
v -0.03771194 0.00604582 0.02707920 0.54117647 0.42352941 0.64313725
v -0.03436689 0.00604582 0.02707271 0.54117647 0.42352941 0.64313725
v -0.01501020 0.00422683 0.02666384 0.54117647 0.42352941 0.64313725
v 0.06658671 -0.01447150 0.02333120 0.54117647 0.42352941 0.64313725
v 0.05240370 -0.00729721 0.02387637 0.54117647 0.42352941 0.64313725
v 0.03904581 -0.00396428 0.02438584 0.54117647 0.42352941 0.64313725
v 0.04239085 -0.00396428 0.02420087 0.54117647 0.42352941 0.64313725
v 0.06658671 -0.00396428 0.02266597 0.54117647 0.42352941 0.64313725
v 0.06658671 -0.01132498 -0.00049698 0.54117647 0.42352941 0.64313725
v -0.00432834 -0.00062570 -0.00259651 0.54117647 0.42352941 0.64313725
v -0.00767339 -0.00062570 -0.00259327 0.54117647 0.42352941 0.64313725
v -0.01768624 0.00265075 -0.00313194 0.54117647 0.42352941 0.64313725
v -0.01768624 0.00431157 -0.00340776 0.54117647 0.42352941 0.64313725
v 0.06658671 -0.01313832 -0.00034771 0.54117647 0.42352941 0.64313725
v 0.02903295 -0.00729721 -0.00146724 0.54117647 0.42352941 0.64313725
v 0.02571021 -0.00729721 -0.00148347 0.54117647 0.42352941 0.64313725
v 0.01235231 -0.00396428 -0.00204161 0.54117647 0.42352941 0.64313725
v -0.01768624 -0.00062570 -0.00258028 0.54117647 0.42352941 0.64313725
v -0.02100899 -0.00062570 -0.00257055 0.54117647 0.42352941 0.64313725
v -0.02435404 -0.00396428 -0.00199618 0.54117647 0.42352941 0.64313725
v -0.02769909 -0.00729721 -0.00142181 0.54117647 0.42352941 0.64313725
v -0.03102184 -0.00729721 -0.00140883 0.54117647 0.42352941 0.64313725
v -0.03436689 -0.00729721 -0.00138612 0.54117647 0.42352941 0.64313725
v -0.03771194 -0.00729721 -0.00135042 0.54117647 0.42352941 0.64313725
v -0.04103469 -0.00729721 -0.00130824 0.54117647 0.42352941 0.64313725
v -0.15447647 0.01009054 -0.00366412 0.54117647 0.42352941 0.64313725
v -0.15652809 0.01046337 -0.00355379 0.54117647 0.42352941 0.64313725
v -0.04437974 -0.00729721 -0.00124658 0.54117647 0.42352941 0.64313725
v -0.03436689 -0.01051717 -0.00058784 0.54117647 0.42352941 0.64313725
v -0.03771194 -0.01030815 -0.00057486 0.54117647 0.42352941 0.64313725
v -0.15771001 0.00936181 -0.00261922 0.54117647 0.42352941 0.64313725
v -0.16016304 0.00937876 -0.00086691 0.54117647 0.42352941 0.64313725
v -0.16101046 0.00937876 0.00160904 0.54117647 0.42352941 0.64313725
v -0.16114427 0.00604582 0.00494492 0.54117647 0.42352941 0.64313725
v -0.16114427 0.00937876 0.00494492 0.54117647 0.42352941 0.64313725
v -0.16101046 0.01271734 0.00494492 0.54117647 0.42352941 0.64313725
v -0.16092126 0.01271734 0.00828404 0.54117647 0.42352941 0.64313725
v -0.16065366 0.01271734 0.01829169 0.54117647 0.42352941 0.64313725
v -0.16054217 0.01271734 0.02162757 0.54117647 0.42352941 0.64313725
v -0.16072056 0.00937876 0.02162757 0.54117647 0.42352941 0.64313725
v -0.16074286 0.00604582 0.02162757 0.54117647 0.42352941 0.64313725
v -0.16011844 0.00595544 0.02507053 0.54117647 0.42352941 0.64313725
v -0.15980624 0.00335688 0.02402888 0.54117647 0.42352941 0.64313725
v -0.15944944 0.00113116 0.02319167 0.54117647 0.42352941 0.64313725
v -0.15637199 -0.00239385 0.02339935 0.54117647 0.42352941 0.64313725
v -0.15447647 -0.00062570 0.02436637 0.54117647 0.42352941 0.64313725
v -0.15447647 0.00271289 0.02580391 0.54117647 0.42352941 0.64313725
v -0.15447647 0.00458272 0.02656324 0.54117647 0.42352941 0.64313725
v -0.15447647 0.00624919 0.02711165 0.54117647 0.42352941 0.64313725
v 0.06658671 -0.01752198 0.02314299 0.54117647 0.42352941 0.64313725
v 0.06658671 -0.01709265 0.02321763 0.54117647 0.42352941 0.64313725
v 0.06658671 -0.01630179 0.02331822 0.54117647 0.42352941 0.64313725
v 0.06658671 -0.01307054 0.02324359 0.54117647 0.42352941 0.64313725
v -0.01099614 -0.00396428 -0.00201565 0.54117647 0.42352941 0.64313725
v 0.00900726 -0.00396428 -0.00203837 0.54117647 0.42352941 0.64313725
v 0.06658671 -0.01354506 -0.00023413 0.54117647 0.42352941 0.64313725
v -0.03102184 -0.01060755 -0.00059433 0.54117647 0.42352941 0.64313725
v -0.01768624 -0.01063580 -0.00063976 0.54117647 0.42352941 0.64313725
v 0.00900726 -0.01063580 -0.00074360 0.54117647 0.42352941 0.64313725
v 0.01235231 -0.01063580 -0.00075658 0.54117647 0.42352941 0.64313725
v 0.02903295 -0.01063580 -0.00081824 0.54117647 0.42352941 0.64313725
v 0.03572305 -0.01063580 -0.00084095 0.54117647 0.42352941 0.64313725
v 0.03904581 -0.01063580 -0.00085069 0.54117647 0.42352941 0.64313725
v 0.04239085 -0.01063580 -0.00086042 0.54117647 0.42352941 0.64313725
v 0.00568451 -0.00729721 -0.00146075 0.54117647 0.42352941 0.64313725
v -0.15447647 0.00842407 -0.00319684 0.54117647 0.42352941 0.64313725
v -0.15659500 0.00033464 -0.00039639 0.54117647 0.42352941 0.64313725
v -0.15447647 0.00271289 -0.00157757 0.54117647 0.42352941 0.64313725
v -0.03102184 -0.01227402 -0.00004268 0.54117647 0.42352941 0.64313725
v -0.03436689 -0.01218364 0.00002222 0.54117647 0.42352941 0.64313725
v -0.15447647 -0.00011728 -0.00058460 0.54117647 0.42352941 0.64313725
v -0.15719711 0.00271289 -0.00079552 0.54117647 0.42352941 0.64313725
v -0.15978394 0.00694402 -0.00039639 0.54117647 0.42352941 0.64313725
v -0.16029685 0.00591590 0.00141433 0.54117647 0.42352941 0.64313725
v -0.16078747 0.00271289 0.00494492 0.54117647 0.42352941 0.64313725
v -0.16103277 -0.00062570 0.00828404 0.54117647 0.42352941 0.64313725
v -0.16123346 0.00271289 0.00828404 0.54117647 0.42352941 0.64313725
v -0.16107737 0.00937876 0.00828404 0.54117647 0.42352941 0.64313725
v -0.16092126 0.00604582 0.01829169 0.54117647 0.42352941 0.64313725
v -0.16105505 0.00271289 0.01495581 0.54117647 0.42352941 0.64313725
v -0.16114427 -0.00062570 0.01161993 0.54117647 0.42352941 0.64313725
v -0.16078747 0.00271289 0.01829169 0.54117647 0.42352941 0.64313725
v -0.16011844 0.00243044 0.02189690 0.54117647 0.42352941 0.64313725
v -0.15973935 0.00023861 0.02096558 0.54117647 0.42352941 0.64313725
v -0.15929334 -0.00198712 0.01957347 0.54117647 0.42352941 0.64313725
v -0.15880273 -0.00077257 0.02189690 0.54117647 0.42352941 0.64313725
v -0.15447647 -0.00245599 0.02345776 0.54117647 0.42352941 0.64313725
v -0.15699640 -0.00267630 0.02162757 0.54117647 0.42352941 0.64313725
v -0.15447647 -0.00394733 0.01829169 0.54117647 0.42352941 0.64313725
v -0.15447647 -0.00313387 0.02162757 0.54117647 0.42352941 0.64313725
v -0.02009467 -0.01571994 0.02014459 0.54117647 0.42352941 0.64313725
v -0.01768624 -0.01582727 0.02039771 0.54117647 0.42352941 0.64313725
v -0.01434119 -0.01596849 0.02065082 0.54117647 0.42352941 0.64313725
v -0.01099614 -0.01610972 0.02079684 0.54117647 0.42352941 0.64313725
v -0.02609346 -0.01231356 0.02330200 0.54117647 0.42352941 0.64313725
v 0.06658671 -0.02022787 0.02179306 0.54117647 0.42352941 0.64313725
v 0.06658671 -0.01480479 0.00032401 0.54117647 0.42352941 0.64313725
v -0.02890331 -0.01229662 -0.00005566 0.54117647 0.42352941 0.64313725
v -0.15447647 -0.00178940 0.00051546 0.54117647 0.42352941 0.64313725
v -0.15663959 -0.00254637 0.00263771 0.54117647 0.42352941 0.64313725
v -0.15978394 -0.00264805 0.00612611 0.54117647 0.42352941 0.64313725
v -0.15886963 -0.00137137 0.00390002 0.54117647 0.42352941 0.64313725
v -0.15956094 0.00085435 0.00314718 0.54117647 0.42352941 0.64313725
v -0.15886963 0.00271289 0.00084970 0.54117647 0.42352941 0.64313725
v -0.15931564 0.00471830 0.00017149 0.54117647 0.42352941 0.64313725
v 0.06658671 -0.02128424 0.00385459 0.54117647 0.42352941 0.64313725
v 0.06658671 -0.02337439 0.00552253 0.54117647 0.42352941 0.64313725
v -0.03436689 -0.01325695 0.00169016 0.54117647 0.42352941 0.64313725
v -0.15115372 -0.00192498 0.00030454 0.54117647 0.42352941 0.64313725
v -0.15989546 0.00271289 0.00252089 0.54117647 0.42352941 0.64313725
v -0.16007384 -0.00040538 0.00498710 0.54117647 0.42352941 0.64313725
v -0.16016304 -0.00320731 0.00828404 0.54117647 0.42352941 0.64313725
v -0.16029685 -0.00337678 0.01161993 0.54117647 0.42352941 0.64313725
v -0.16076515 -0.00062570 0.01495581 0.54117647 0.42352941 0.64313725
v -0.16005154 -0.00077257 0.01839228 0.54117647 0.42352941 0.64313725
v -0.15967243 -0.00252942 0.01735063 0.54117647 0.42352941 0.64313725
v -0.15804452 -0.00304913 0.01839228 0.54117647 0.42352941 0.64313725
v -0.15782151 -0.00398123 0.01495581 0.54117647 0.42352941 0.64313725
v -0.15782151 -0.00473255 0.01161993 0.54117647 0.42352941 0.64313725
v -0.15447647 -0.00455743 0.01495581 0.54117647 0.42352941 0.64313725
v -0.02435404 -0.01708136 0.01161993 0.54117647 0.42352941 0.64313725
v -0.01768624 -0.01634698 0.01829169 0.54117647 0.42352941 0.64313725
v -0.02232471 -0.01560696 0.01978115 0.54117647 0.42352941 0.64313725
v 0.01768209 -0.01893989 0.01984605 0.54117647 0.42352941 0.64313725
v 0.01991212 -0.01903592 0.02002777 0.54117647 0.42352941 0.64313725
v 0.06658671 -0.02228977 0.02026466 0.54117647 0.42352941 0.64313725
v 0.06658671 -0.02086621 0.02147181 0.54117647 0.42352941 0.64313725
v 0.06658671 -0.01535275 0.00059983 0.54117647 0.42352941 0.64313725
v 0.06658671 -0.01731297 0.00163824 0.54117647 0.42352941 0.64313725
v -0.15447647 -0.00273844 0.00218665 0.54117647 0.42352941 0.64313725
v -0.03771194 -0.01308183 0.00188162 0.54117647 0.42352941 0.64313725
v -0.03102184 -0.01507595 0.00427644 0.54117647 0.42352941 0.64313725
v -0.02769909 -0.01618316 0.00568803 0.54117647 0.42352941 0.64313725
v -0.15447647 -0.00382870 0.00494492 0.54117647 0.42352941 0.64313725
v -0.15782151 -0.00446140 0.00828404 0.54117647 0.42352941 0.64313725
v -0.15777691 -0.00306608 0.00498710 0.54117647 0.42352941 0.64313725
v 0.06658671 -0.02374158 0.00626564 0.54117647 0.42352941 0.64313725
v -0.02435404 -0.01632438 0.00548359 0.54117647 0.42352941 0.64313725
v -0.02769909 -0.01520022 0.00402009 0.54117647 0.42352941 0.64313725
v -0.15996235 -0.00291356 0.01495581 0.54117647 0.42352941 0.64313725
v -0.15447647 -0.00491332 0.00828404 0.54117647 0.42352941 0.64313725
v -0.15447647 -0.00510539 0.01161993 0.54117647 0.42352941 0.64313725
v -0.04000887 -0.01572559 0.01038033 0.54117647 0.42352941 0.64313725
v -0.02769909 -0.01691753 0.00828404 0.54117647 0.42352941 0.64313725
v -0.02100899 -0.01738075 0.01161993 0.54117647 0.42352941 0.64313725
v -0.01768624 -0.01765756 0.01161993 0.54117647 0.42352941 0.64313725
v -0.00767339 -0.01717739 0.01829169 0.54117647 0.42352941 0.64313725
v 0.01569736 -0.01921104 0.01778222 0.54117647 0.42352941 0.64313725
v 0.01888630 -0.01930708 0.01855778 0.54117647 0.42352941 0.64313725
v 0.05090958 -0.02230672 0.01645825 0.54117647 0.42352941 0.64313725
v 0.06658671 -0.02292812 0.01843447 0.54117647 0.42352941 0.64313725
v 0.06658671 -0.02245924 0.01999857 0.54117647 0.42352941 0.64313725
v -0.00098329 -0.01773100 0.01829169 0.54117647 0.42352941 0.64313725
v -0.03102184 -0.01601369 0.00594438 0.54117647 0.42352941 0.64313725
v -0.03666382 -0.01570864 0.00648955 0.54117647 0.42352941 0.64313725
v 0.06658671 -0.02468497 0.00834894 0.54117647 0.42352941 0.64313725
v -0.02435404 -0.01721693 0.00828404 0.54117647 0.42352941 0.64313725
v -0.00319102 -0.01901333 0.01018887 0.54117647 0.42352941 0.64313725
v 0.00343218 -0.01903027 0.01353449 0.54117647 0.42352941 0.64313725
v 0.00231716 -0.01869698 0.01477084 0.54117647 0.42352941 0.64313725
v -0.00767339 -0.01783268 0.01495581 0.54117647 0.42352941 0.64313725
v 0.06658671 -0.02454374 0.01155178 0.54117647 0.42352941 0.64313725
v 0.01050138 -0.01899638 0.01669838 0.54117647 0.42352941 0.64313725
v 0.01235231 -0.01948785 0.01495581 0.54117647 0.42352941 0.64313725
v 0.01569736 -0.01975900 0.01495581 0.54117647 0.42352941 0.64313725
v 0.06658671 -0.02434602 0.01244092 0.54117647 0.42352941 0.64313725
v 0.06658671 -0.02377547 0.01495581 0.54117647 0.42352941 0.64313725
v 0.06658671 -0.02466802 0.00897523 0.54117647 0.42352941 0.64313725
v -0.00319102 -0.01901333 0.00971510 0.54117647 0.42352941 0.64313725
f 336 337 338
f 336 338 339
f 336 339 340
f 336 340 341
f 336 341 342
f 336 342 343
f 336 343 344
f 336 344 345
f 336 345 337
f 337 346 338
f 337 345 347
f 337 347 348
f 337 348 349
f 337 349 346
f 338 346 350
f 338 350 351
f 338 351 352
f 338 352 353
f 338 353 354
f 338 354 355
f 338 355 339
f 339 356 357
f 339 357 358
f 339 358 340
f 339 355 359
f 339 359 356
f 340 358 341
f 341 360 361
f 341 361 362
f 341 362 342
f 341 358 363
f 341 363 364
f 341 364 365
f 341 365 366
f 341 366 367
f 341 367 360
f 342 362 343
f 343 362 368
f 343 368 344
f 344 368 345
f 345 368 369
f 345 369 370
f 345 370 347
f 346 349 371
f 346 371 372
f 346 372 350
f 347 370 348
f 348 373 349
f 348 370 374
f 348 374 375
f 348 375 373
f 349 373 371
f 350 372 376
f 350 376 377
f 350 377 351
f 351 377 352
f 352 377 378
f 352 378 353
f 353 378 354
f 354 378 355
f 355 378 359
f 356 379 380
f 356 380 381
f 356 381 382
f 356 382 357
f 356 359 379
f 357 363 358
f 357 382 383
f 357 383 363
f 359 378 384
f 359 384 385
f 359 385 386
f 359 386 387
f 359 387 388
f 359 388 389
f 359 389 380
f 359 380 379
f 360 390 361
f 360 367 391
f 360 391 392
f 360 392 393
f 360 393 394
f 360 394 390
f 361 395 362
f 361 390 396
f 361 396 397
f 361 397 395
f 362 395 398
f 362 398 368
f 363 383 364
f 364 383 399
f 364 399 400
f 364 400 401
f 364 401 365
f 365 401 402
f 365 402 403
f 365 403 366
f 366 403 404
f 366 404 391
f 366 391 367
f 368 398 369
f 369 398 405
f 369 405 370
f 370 406 374
f 370 405 407
f 370 407 406
f 371 373 408
f 371 408 409
f 371 409 410
f 371 410 411
f 371 411 372
f 372 411 376
f 373 412 408
f 373 375 412
f 374 406 375
f 375 406 413
f 375 413 412
f 376 411 414
f 376 414 415
f 376 415 416
f 376 416 377
f 377 416 417
f 377 417 384
f 377 384 378
f 380 389 418
f 380 418 419
f 380 419 381
f 381 419 420
f 381 420 421
f 381 421 382
f 382 421 383
f 383 421 420
f 383 420 422
f 383 422 423
f 383 423 424
f 383 424 425
f 383 425 426
f 383 426 427
f 383 427 428
f 383 428 399
f 384 417 429
f 384 429 385
f 385 430 431
f 385 431 432
f 385 432 386
f 385 429 417
f 385 417 433
f 385 433 434
f 385 434 435
f 385 435 430
f 386 432 436
f 386 436 424
f 386 424 423
f 386 423 437
f 386 437 387
f 387 437 422
f 387 422 420
f 387 420 438
f 387 438 388
f 388 438 420
f 388 420 389
f 389 420 418
f 390 439 440
f 390 440 441
f 390 441 442
f 390 442 396
f 390 394 439
f 391 404 443
f 391 443 444
f 391 444 392
f 392 444 393
f 393 444 394
f 394 444 445
f 394 445 446
f 394 446 447
f 394 447 448
f 394 448 439
f 395 449 450
f 395 450 398
f 395 397 451
f 395 451 452
f 395 452 449
f 396 442 453
f 396 453 397
f 397 453 451
f 398 450 454
f 398 454 455
f 398 455 405
f 399 428 456
f 399 456 457
f 399 457 458
f 399 458 400
f 400 458 401
f 401 458 443
f 401 443 402
f 402 443 403
f 403 443 404
f 405 455 459
f 405 459 407
f 406 407 459
f 406 459 460
f 406 460 413
f 408 412 461
f 408 461 462
f 408 462 463
f 408 463 409
f 409 463 464
f 409 464 465
f 409 465 466
f 409 466 467
f 409 467 416
f 409 416 468
f 409 468 410
f 410 468 416
f 410 416 411
f 411 416 414
f 412 413 461
f 413 460 469
f 413 469 470
f 413 470 461
f 414 416 415
f 416 471 520
f 416 520 557
f 416 557 602
f 416 602 553
f 416 553 601
f 416 601 600
f 416 600 599
f 416 599 645
f 416 645 676
f 416 676 675
f 416 675 701
f 416 701 700
f 416 700 716
f 416 716 715
f 416 715 711
f 416 711 717
f 416 717 705
f 416 705 686
f 416 686 656
f 416 656 655
f 416 655 678
f 416 678 677
f 416 677 646
f 416 646 605
f 416 605 563
f 416 563 558
f 416 558 530
f 416 530 529
f 416 529 528
f 416 528 527
f 416 527 526
f 416 526 525
f 416 525 496
f 416 496 494
f 416 494 493
f 416 493 524
f 416 524 523
f 416 523 480
f 416 480 479
f 416 479 434
f 416 434 433
f 416 433 417
f 416 467 472
f 416 472 471
f 418 420 419
f 422 437 423
f 424 436 473
f 424 473 425
f 425 473 474
f 425 474 475
f 425 475 476
f 425 476 426
f 426 476 427
f 427 476 477
f 427 477 428
f 428 477 456
f 430 435 431
f 431 435 432
f 432 473 436
f 432 435 476
f 432 476 478
f 432 478 475
f 432 475 474
f 432 474 473
f 434 479 435
f 435 479 480
f 435 480 476
f 439 481 482
f 439 482 440
f 439 448 483
f 439 483 481
f 440 482 481
f 440 481 483
f 440 483 484
f 440 484 485
f 440 485 441
f 441 486 487
f 441 487 488
f 441 488 489
f 441 489 442
f 441 485 486
f 442 489 453
f 443 490 447
f 443 447 491
f 443 491 444
f 443 458 457
f 443 457 492
f 443 492 493
f 443 493 494
f 443 494 490
f 444 491 445
f 445 491 446
f 446 491 447
f 447 490 495
f 447 495 496
f 447 496 497
f 447 497 498
f 447 498 448
f 448 498 483
f 449 452 499
f 449 499 450
f 450 499 500
f 450 500 501
f 450 501 454
f 451 453 502
f 451 502 503
f 451 503 452
f 452 503 499
f 453 504 503
f 453 503 502
f 453 489 488
f 453 488 487
f 453 487 504
f 454 501 505
f 454 505 506
f 454 506 455
f 455 506 507
f 455 507 459
f 456 492 457
f 456 477 493
f 456 493 492
f 459 507 508
f 459 508 509
f 459 509 510
f 459 510 511
f 459 511 469
f 459 469 460
f 461 470 512
f 461 512 513
f 461 513 514
f 461 514 515
f 461 515 462
f 462 515 516
f 462 516 517
f 462 517 463
f 463 517 516
f 463 516 518
f 463 518 464
f 464 518 516
f 464 516 519
f 464 519 465
f 465 519 466
f 466 472 467
f 466 519 520
f 466 520 471
f 466 471 472
f 469 511 510
f 469 510 521
f 469 521 470
f 470 521 522
f 470 522 512
f 475 478 476
f 476 480 523
f 476 523 477
f 477 523 524
f 477 524 493
f 483 498 496
f 483 496 525
f 483 525 526
f 483 526 527
f 483 527 528
f 483 528 529
f 483 529 530
f 483 530 531
f 483 531 485
f 483 485 484
f 485 531 532
f 485 532 533
f 485 533 534
f 485 534 486
f 486 534 535
f 486 535 487
f 487 535 536
f 487 536 504
f 490 494 495
f 494 496 495
f 496 498 497
f 499 503 500
f 500 503 537
f 500 537 538
f 500 538 505
f 500 505 501
f 503 504 537
f 504 536 537
f 505 538 537
f 505 537 539
f 505 539 540
f 505 540 506
f 506 540 541
f 506 541 542
f 506 542 507
f 507 542 543
f 507 543 508
f 508 543 544
f 508 544 509
f 509 545 522
f 509 522 521
f 509 521 510
f 509 544 545
f 512 546 513
f 512 522 544
f 512 544 546
f 513 547 548
f 513 548 549
f 513 549 514
f 513 546 547
f 514 549 515
f 515 550 551
f 515 551 552
f 515 552 516
f 515 549 548
f 515 548 550
f 516 552 519
f 519 552 553
f 519 553 554
f 519 554 555
f 519 555 556
f 519 556 520
f 520 556 554
f 520 554 557
f 522 545 544
f 530 558 531
f 531 559 560
f 531 560 561
f 531 561 562
f 531 562 532
f 531 558 563
f 531 563 564
f 531 564 565
f 531 565 566
f 531 566 559
f 532 562 561
f 532 561 567
f 532 567 568
f 532 568 569
f 532 569 570
f 532 570 571
f 532 571 572
f 532 572 573
f 532 573 574
f 532 574 533
f 533 575 576
f 533 576 534
f 533 574 577
f 533 577 578
f 533 578 579
f 533 579 575
f 534 576 580
f 534 580 535
f 535 580 581
f 535 581 536
f 536 581 582
f 536 582 537
f 537 582 583
f 537 583 584
f 537 584 585
f 537 585 539
f 539 585 586
f 539 586 587
f 539 587 540
f 540 587 542
f 540 542 541
f 542 587 588
f 542 588 543
f 543 588 544
f 544 588 589
f 544 589 590
f 544 590 591
f 544 591 546
f 546 591 592
f 546 592 593
f 546 593 594
f 546 594 547
f 547 594 595
f 547 595 596
f 547 596 597
f 547 597 598
f 547 598 548
f 548 598 599
f 548 599 600
f 548 600 550
f 550 600 551
f 551 600 601
f 551 601 552
f 552 601 553
f 553 602 554
f 554 602 557
f 554 556 555
f 559 566 604
f 559 604 560
f 560 603 570
f 560 570 567
f 560 567 561
f 560 604 603
f 563 605 606
f 563 606 607
f 563 607 608
f 563 608 609
f 563 609 570
f 563 570 610
f 563 610 611
f 563 611 612
f 563 612 613
f 563 613 565
f 563 565 564
f 565 604 566
f 565 613 614
f 565 614 604
f 567 570 569
f 567 569 568
f 570 607 571
f 570 603 614
f 570 614 613
f 570 613 612
f 570 612 611
f 570 611 610
f 570 609 608
f 570 608 607
f 571 607 606
f 571 606 572
f 572 606 578
f 572 578 573
f 573 578 574
f 574 578 577
f 575 615 576
f 575 579 615
f 576 616 580
f 576 615 617
f 576 617 616
f 578 606 618
f 578 618 579
f 579 618 619
f 579 619 620
f 579 620 617
f 579 617 615
f 580 616 621
f 580 621 622
f 580 622 581
f 581 622 623
f 581 623 582
f 582 624 625
f 582 625 583
f 582 623 624
f 583 626 584
f 583 625 626
f 584 626 627
f 584 627 585
f 585 627 586
f 586 627 589
f 586 589 587
f 587 589 588
f 589 627 628
f 589 628 590
f 590 628 629
f 590 629 630
f 590 630 631
f 590 631 632
f 590 632 591
f 591 632 592
f 592 632 593
f 593 632 633
f 593 633 634
f 593 634 635
f 593 635 594
f 594 636 595
f 594 635 634
f 594 634 637
f 594 637 638
f 594 638 639
f 594 639 640
f 594 640 641
f 594 641 642
f 594 642 643
f 594 643 644
f 594 644 636
f 595 636 644
f 595 644 596
f 596 644 597
f 597 644 598
f 598 644 599
f 599 644 645
f 603 604 614
f 605 646 647
f 605 647 606
f 606 647 618
f 616 617 620
f 616 620 648
f 616 648 649
f 616 649 650
f 616 650 651
f 616 651 652
f 616 652 653
f 616 653 654
f 616 654 622
f 616 622 621
f 618 647 655
f 618 655 656
f 618 656 619
f 619 656 657
f 619 657 648
f 619 648 658
f 619 658 620
f 620 658 648
f 622 654 659
f 622 659 623
f 623 659 660
f 623 660 624
f 624 660 625
f 625 630 626
f 625 660 650
f 625 650 661
f 625 661 662
f 625 662 630
f 626 630 629
f 626 629 628
f 626 628 627
f 630 662 663
f 630 663 631
f 631 663 632
f 632 664 633
f 632 663 664
f 633 664 634
f 634 664 665
f 634 665 637
f 637 665 666
f 637 666 667
f 637 667 668
f 637 668 638
f 638 668 669
f 638 669 670
f 638 670 671
f 638 671 672
f 638 672 639
f 639 672 640
f 640 672 671
f 640 671 673
f 640 673 641
f 641 673 674
f 641 674 642
f 642 674 643
f 643 674 675
f 643 675 644
f 644 675 676
f 644 676 645
f 646 677 647
f 647 677 678
f 647 678 655
f 648 679 649
f 648 657 680
f 648 680 681
f 648 681 682
f 648 682 679
f 649 679 683
f 649 683 684
f 649 684 685
f 649 685 650
f 650 660 652
f 650 652 651
f 650 685 684
f 650 684 661
f 652 660 659
f 652 659 654
f 652 654 653
f 656 686 682
f 656 682 687
f 656 687 688
f 656 688 657
f 657 688 681
f 657 681 680
f 661 684 668
f 661 668 662
f 662 668 689
f 662 689 663
f 663 689 665
f 663 665 664
f 665 689 668
f 665 668 667
f 665 667 666
f 668 684 690
f 668 690 691
f 668 691 669
f 669 691 670
f 670 692 693
f 670 693 706
f 670 706 694
f 670 694 671
f 670 691 692
f 671 694 695
f 671 695 710
f 671 710 696
f 671 696 673
f 673 697 698
f 673 698 699
f 673 699 700
f 673 700 701
f 673 701 674
f 673 696 702
f 673 702 697
f 674 701 675
f 679 682 703
f 679 703 704
f 679 704 683
f 681 688 682
f 682 688 687
f 682 686 705
f 682 705 703
f 683 690 684
f 683 704 690
f 690 704 693
f 690 693 691
f 691 693 692
f 693 704 706
f 694 707 695
f 694 706 707
f 695 708 709
f 695 709 710
f 695 707 711
f 695 711 708
f 696 710 709
f 696 709 712
f 696 712 702
f 697 702 712
f 697 712 713
f 697 713 714
f 697 714 711
f 697 711 699
f 697 699 698
f 699 711 715
f 699 715 716
f 699 716 700
f 703 705 704
f 704 705 706
f 705 717 707
f 705 707 718
f 705 718 706
f 706 718 707
f 707 717 711
f 708 711 713
f 708 713 712
f 708 712 709
f 711 714 713

o geometry_2
v 0.16733740 -0.03780605 0.00494448 0.43529412 0.89019608 0.96078431
v 0.16728831 -0.03780605 0.00828309 0.43529412 0.89019608 0.96078431
v 0.16713492 -0.03814625 0.00828309 0.43529412 0.89019608 0.96078431
v 0.16464994 -0.04322191 0.01828847 0.43529412 0.89019608 0.96078431
v 0.16714106 -0.03822335 0.00494448 0.43529412 0.89019608 0.96078431
v 0.16720241 -0.03780605 0.00160935 0.43529412 0.89019608 0.96078431
v 0.16726991 -0.03780605 0.00890755 0.43529412 0.89019608 0.96078431
v 0.16457017 -0.04319923 0.02162708 0.43529412 0.89019608 0.96078431
v 0.16377253 -0.04486844 0.02162708 0.43529412 0.89019608 0.96078431
v 0.16374799 -0.04488659 0.01828847 0.43529412 0.89019608 0.96078431
v 0.16467448 -0.04314934 0.01494985 0.43529412 0.89019608 0.96078431
v 0.16571142 -0.04067727 0.00494448 0.43529412 0.89019608 0.96078431
v 0.16703061 -0.03812810 0.00160935 0.43529412 0.89019608 0.96078431
v 0.16462539 -0.04301780 0.01162170 0.43529412 0.89019608 0.96078431
v 0.16416521 -0.04229659 0.00014413 0.43529412 0.89019608 0.96078431
v 0.16491377 -0.04007400 -0.00061988 0.43529412 0.89019608 0.96078431
v 0.16576664 -0.03780605 -0.00084315 0.43529412 0.89019608 0.96078431
v 0.16715947 -0.03780605 0.01201243 0.43529412 0.89019608 0.96078431
v 0.16441678 -0.04289079 0.02353884 0.43529412 0.89019608 0.96078431
v 0.16704288 -0.03780605 0.01512777 0.43529412 0.89019608 0.96078431
v 0.16693857 -0.03780605 0.01785936 0.43529412 0.89019608 0.96078431
v 0.16692017 -0.03780605 0.01828847 0.43529412 0.89019608 0.96078431
v 0.16668700 -0.03780605 0.02185035 0.43529412 0.89019608 0.96078431
v 0.16168636 -0.04653765 0.02389468 0.43529412 0.89019608 0.96078431
v 0.16210360 -0.04704567 0.02162708 0.43529412 0.89019608 0.96078431
v 0.16088259 -0.04903693 0.01352998 0.43529412 0.89019608 0.96078431
v 0.16088259 -0.04903693 0.01297878 0.43529412 0.89019608 0.96078431
v 0.16366208 -0.04481855 0.01494985 0.43529412 0.89019608 0.96078431
v 0.16453949 -0.04287265 0.00828309 0.43529412 0.89019608 0.96078431
v 0.16444746 -0.04272750 0.00494448 0.43529412 0.89019608 0.96078431
v 0.16433701 -0.04255967 0.00236987 0.43529412 0.89019608 0.96078431
v 0.16520829 -0.04098118 0.00140004 0.43529412 0.89019608 0.96078431
v 0.16357618 -0.04468701 0.01162170 0.43529412 0.89019608 0.96078431
v 0.15777789 -0.05263844 0.00282339 0.43529412 0.89019608 0.96078431
v 0.15701706 -0.05172218 0.00059765 0.43529412 0.89019608 0.96078431
v 0.16102984 -0.04590263 -0.00021171 0.43529412 0.89019608 0.96078431
v 0.16179681 -0.04401570 -0.00065825 0.43529412 0.89019608 0.96078431
v 0.16284602 -0.04098118 -0.00117457 0.43529412 0.89019608 0.96078431
v 0.16257605 -0.03780605 -0.00175019 0.43529412 0.89019608 0.96078431
v 0.16655816 -0.03780605 0.02226201 0.43529412 0.89019608 0.96078431
v 0.16480333 -0.04067727 0.02389120 0.43529412 0.89019608 0.96078431
v 0.16269264 -0.04401116 0.02426448 0.43529412 0.89019608 0.96078431
v 0.16057580 -0.04871035 0.02162708 0.43529412 0.89019608 0.96078431
v 0.15120650 -0.05614468 0.02681466 0.43529412 0.89019608 0.96078431
v 0.14818771 -0.05961464 0.02702049 0.43529412 0.89019608 0.96078431
v 0.15037203 -0.05838542 0.02496220 0.43529412 0.89019608 0.96078431
v 0.16070465 -0.04885096 0.01828847 0.43529412 0.89019608 0.96078431
v 0.15918912 -0.05067893 0.01475798 0.43529412 0.89019608 0.96078431
v 0.15777175 -0.05261576 0.00828309 0.43529412 0.89019608 0.96078431
v 0.15786993 -0.05272915 0.00494448 0.43529412 0.89019608 0.96078431
v 0.15934865 -0.05069254 0.00494448 0.43529412 0.89019608 0.96078431
v 0.16082737 -0.04895982 0.01075304 0.43529412 0.89019608 0.96078431
v 0.16171091 -0.04764895 0.01176823 0.43529412 0.89019608 0.96078431
v 0.16172932 -0.04705021 0.00494448 0.43529412 0.89019608 0.96078431
v 0.16067397 -0.04871942 0.00494448 0.43529412 0.89019608 0.96078431
v 0.16076600 -0.04885550 0.00828309 0.43529412 0.89019608 0.96078431
v 0.15598012 -0.05439836 0.00494448 0.43529412 0.89019608 0.96078431
v 0.15426211 -0.05574552 0.00307806 0.43529412 0.89019608 0.96078431
v 0.14875833 -0.06011813 0.00160935 0.43529412 0.89019608 0.96078431
v 0.14832270 -0.05979154 -0.00074896 0.43529412 0.89019608 0.96078431
v 0.15388783 -0.05531915 0.00085232 0.43529412 0.89019608 0.96078431
v 0.15166669 -0.05649395 -0.00067918 0.43529412 0.89019608 0.96078431
v 0.15478978 -0.05309656 -0.00053964 0.43529412 0.89019608 0.96078431
v 0.15791902 -0.04949959 -0.00038265 0.43529412 0.89019608 0.96078431
v 0.15910322 -0.04715000 -0.00076291 0.43529412 0.89019608 0.96078431
v 0.15588808 -0.05064264 -0.00098618 0.43529412 0.89019608 0.96078431
v 0.15920139 -0.04401570 -0.00170484 0.43529412 0.89019608 0.96078431
v 0.15920139 -0.04067727 -0.00204673 0.43529412 0.89019608 0.96078431
v 0.15920139 -0.03780605 -0.00197347 0.43529412 0.89019608 0.96078431
v 0.16536782 -0.03780605 0.02412842 0.43529412 0.89019608 0.96078431
v 0.16504876 -0.03780605 0.02430285 0.43529412 0.89019608 0.96078431
v 0.16253311 -0.04067727 0.02511919 0.43529412 0.89019608 0.96078431
v 0.15403509 -0.05193537 0.02656348 0.43529412 0.89019608 0.96078431
v 0.15890688 -0.05041584 0.02162708 0.43529412 0.89019608 0.96078431
v 0.15183848 -0.05402642 0.02697165 0.43529412 0.89019608 0.96078431
v 0.14925533 -0.05730134 0.02721934 0.43529412 0.89019608 0.96078431
v 0.14870311 -0.06008638 0.02496220 0.43529412 0.89019608 0.96078431
v 0.12741818 -0.07159395 0.02993698 0.43529412 0.89019608 0.96078431
v 0.12157694 -0.07616160 0.03025794 0.43529412 0.89019608 0.96078431
v 0.14464738 -0.06265369 0.02694374 0.43529412 0.89019608 0.96078431
v 0.15559357 -0.05378148 0.02162708 0.43529412 0.89019608 0.96078431
v 0.15394918 -0.05545069 0.02162708 0.43529412 0.89019608 0.96078431
v 0.15416393 -0.05565934 0.01618831 0.43529412 0.89019608 0.96078431
v 0.15424983 -0.05574552 0.01396606 0.43529412 0.89019608 0.96078431
v 0.15431733 -0.05580449 0.01162170 0.43529412 0.89019608 0.96078431
v 0.14723667 -0.06213660 0.01828847 0.43529412 0.89019608 0.96078431
v 0.14725508 -0.06214114 0.01494985 0.43529412 0.89019608 0.96078431
v 0.14674581 -0.06177373 0.00160935 0.43529412 0.89019608 0.96078431
v 0.14486827 -0.06282606 -0.00052569 0.43529412 0.89019608 0.96078431
v 0.14592975 -0.06082573 -0.00126179 0.43529412 0.89019608 0.96078431
v 0.14933510 -0.05750999 -0.00134202 0.43529412 0.89019608 0.96078431
v 0.15267294 -0.05413528 -0.00119201 0.43529412 0.89019608 0.96078431
v 0.15586354 -0.04735412 -0.00193509 0.43529412 0.89019608 0.96078431
v 0.15251956 -0.05069254 -0.00215139 0.43529412 0.89019608 0.96078431
v 0.14918784 -0.05402642 -0.00235721 0.43529412 0.89019608 0.96078431
v 0.15586354 -0.04401570 -0.00221069 0.43529412 0.89019608 0.96078431
v 0.14966029 -0.03780605 -0.00239559 0.43529412 0.89019608 0.96078431
v 0.16253311 -0.03780605 0.02544712 0.43529412 0.89019608 0.96078431
v 0.15920139 -0.04401570 0.02585878 0.43529412 0.89019608 0.96078431
v 0.15443391 -0.04970825 0.02670303 0.43529412 0.89019608 0.96078431
v 0.14918784 -0.05402642 0.02759960 0.43529412 0.89019608 0.96078431
v 0.15276498 -0.05076965 0.02704840 0.43529412 0.89019608 0.96078431
v 0.14584999 -0.05736484 0.02795544 0.43529412 0.89019608 0.96078431
v 0.14895468 -0.06034492 0.02162708 0.43529412 0.89019608 0.96078431
v 0.15062360 -0.05880272 0.02162708 0.43529412 0.89019608 0.96078431
v 0.14671513 -0.06174198 0.02496220 0.43529412 0.89019608 0.96078431
v 0.14702805 -0.06200506 0.02162708 0.43529412 0.89019608 0.96078431
v 0.11916559 -0.07404333 0.03094171 0.43529412 0.89019608 0.96078431
v 0.11248989 -0.07738175 0.03168827 0.43529412 0.89019608 0.96078431
v 0.11582774 -0.07738175 0.03120684 0.43529412 0.89019608 0.96078431
v 0.14918784 -0.05069254 0.02774264 0.43529412 0.89019608 0.96078431
v 0.11263715 -0.08089707 0.03100799 0.43529412 0.89019608 0.96078431
v 0.11582774 -0.07984475 0.03053354 0.43529412 0.89019608 0.96078431
v 0.11780959 -0.07925054 0.03017770 0.43529412 0.89019608 0.96078431
v 0.14504007 -0.06290317 0.02496220 0.43529412 0.89019608 0.96078431
v 0.14556775 -0.06331140 0.01828847 0.43529412 0.89019608 0.96078431
v 0.14323002 -0.06510308 0.01494985 0.43529412 0.89019608 0.96078431
v 0.14558616 -0.06343387 0.01494985 0.43529412 0.89019608 0.96078431
v 0.14097820 -0.06579254 -0.00018729 0.43529412 0.89019608 0.96078431
v 0.13485472 -0.06948022 -0.00062686 0.43529412 0.89019608 0.96078431
v 0.12056454 -0.07526803 -0.00334449 0.43529412 0.89019608 0.96078431
v 0.14584999 -0.05736484 -0.00248629 0.43529412 0.89019608 0.96078431
v 0.14584999 -0.05402642 -0.00261537 0.43529412 0.89019608 0.96078431
v 0.15251956 -0.04735412 -0.00235024 0.43529412 0.89019608 0.96078431
v 0.13918043 -0.05402642 -0.00287702 0.43529412 0.89019608 0.96078431
v 0.14918784 -0.03780605 -0.00240605 0.43529412 0.89019608 0.96078431
v 0.11248989 -0.07738175 -0.00395152 0.43529412 0.89019608 0.96078431
v 0.16201770 -0.03780605 0.02560760 0.43529412 0.89019608 0.96078431
v 0.15893141 -0.04059109 0.02625300 0.43529412 0.89019608 0.96078431
v 0.15699865 -0.04401570 0.02650069 0.43529412 0.89019608 0.96078431
v 0.15481433 -0.04735412 0.02680071 0.43529412 0.89019608 0.96078431
v 0.15251956 -0.04735412 0.02733796 0.43529412 0.89019608 0.96078431
v 0.15251956 -0.04401570 0.02749146 0.43529412 0.89019608 0.96078431
v 0.15532359 -0.04401570 0.02691583 0.43529412 0.89019608 0.96078431
v 0.14535300 -0.06311182 0.02162708 0.43529412 0.89019608 0.96078431
v 0.15251956 -0.04067727 0.02761007 0.43529412 0.89019608 0.96078431
v 0.15251956 -0.03780605 0.02755425 0.43529412 0.89019608 0.96078431
v 0.15205937 -0.03780605 0.02757518 0.43529412 0.89019608 0.96078431
v 0.14918784 -0.03780605 0.02757518 0.43529412 0.89019608 0.96078431
v 0.14872152 -0.03780605 0.02755425 0.43529412 0.89019608 0.96078431
v 0.14584999 -0.03780605 0.02737633 0.43529412 0.89019608 0.96078431
v 0.14537753 -0.03780605 0.02733796 0.43529412 0.89019608 0.96078431
v 0.14251213 -0.03780605 0.02695421 0.43529412 0.89019608 0.96078431
v 0.10890662 -0.07712774 0.03114056 0.43529412 0.89019608 0.96078431
v 0.10891889 -0.08098325 0.03110567 0.43529412 0.89019608 0.96078431
v 0.11163088 -0.08284297 0.03051609 0.43529412 0.89019608 0.96078431
v 0.11814706 -0.07944105 0.02830082 0.43529412 0.89019608 0.96078431
v 0.12427054 -0.07577605 0.02692979 0.43529412 0.89019608 0.96078431
v 0.13940745 -0.06650014 0.02474242 0.43529412 0.89019608 0.96078431
v 0.14088003 -0.06572450 0.02347954 0.43529412 0.89019608 0.96078431
v 0.14303982 -0.06497607 0.01828847 0.43529412 0.89019608 0.96078431
v 0.14137702 -0.06603294 0.01828847 0.43529412 0.89019608 0.96078431
v 0.13918043 -0.06739371 0.01828847 0.43529412 0.89019608 0.96078431
v 0.14156110 -0.06611459 0.01494985 0.43529412 0.89019608 0.96078431
v 0.13094625 -0.07244216 -0.00018729 0.43529412 0.89019608 0.96078431
v 0.12917914 -0.07302729 -0.00080826 0.43529412 0.89019608 0.96078431
v 0.11438585 -0.07913261 -0.00347009 0.43529412 0.89019608 0.96078431
v 0.11833726 -0.07601191 -0.00349799 0.43529412 0.89019608 0.96078431
v 0.11933739 -0.07411137 -0.00357474 0.43529412 0.89019608 0.96078431
v 0.14251213 -0.05736484 -0.00272003 0.43529412 0.89019608 0.96078431
v 0.14251213 -0.05402642 -0.00275143 0.43529412 0.89019608 0.96078431
v 0.14584999 -0.03780605 -0.00240954 0.43529412 0.89019608 0.96078431
v 0.11562527 -0.07722753 -0.00362358 0.43529412 0.89019608 0.96078431
v 0.11248989 -0.07943651 -0.00364452 0.43529412 0.89019608 0.96078431
v 0.10915818 -0.08018947 -0.00382244 0.43529412 0.89019608 0.96078431
v 0.10928703 -0.07743618 -0.00385732 0.43529412 0.89019608 0.96078431
v 0.15913390 -0.03780605 0.02638556 0.43529412 0.89019608 0.96078431
v 0.15764291 -0.03941630 0.02666116 0.43529412 0.89019608 0.96078431
v 0.15607829 -0.04059109 0.02696816 0.43529412 0.89019608 0.96078431
v 0.15589422 -0.03780605 0.02715306 0.43529412 0.89019608 0.96078431
v 0.15539108 -0.03780605 0.02724725 0.43529412 0.89019608 0.96078431
v 0.14272076 -0.06478103 0.02162708 0.43529412 0.89019608 0.96078431
v 0.14180653 -0.03780605 0.02683211 0.43529412 0.89019608 0.96078431
v 0.10985152 -0.07490969 0.03056842 0.43529412 0.89019608 0.96078431
v 0.10680819 -0.07807121 0.03067308 0.43529412 0.89019608 0.96078431
v 0.10680819 -0.08004432 0.03067308 0.43529412 0.89019608 0.96078431
v 0.14090457 -0.03780605 0.02665419 0.43529412 0.89019608 0.96078431
v 0.10987606 -0.08284297 0.03051609 0.43529412 0.89019608 0.96078431
v 0.10915818 -0.08355057 0.02496220 0.43529412 0.89019608 0.96078431
v 0.11198063 -0.08301987 0.02830082 0.43529412 0.89019608 0.96078431
v 0.12249731 -0.07701888 0.02496220 0.43529412 0.89019608 0.96078431
v 0.12445462 -0.07587583 0.02496220 0.43529412 0.89019608 0.96078431
v 0.12612354 -0.07485072 0.02496220 0.43529412 0.89019608 0.96078431
v 0.12879259 -0.07318151 0.02496220 0.43529412 0.89019608 0.96078431
v 0.13508788 -0.06961176 0.02162708 0.43529412 0.89019608 0.96078431
v 0.13073149 -0.07230608 0.02162708 0.43529412 0.89019608 0.96078431
v 0.13697768 -0.06872272 0.01828847 0.43529412 0.89019608 0.96078431
v 0.13532104 -0.06969341 0.01828847 0.43529412 0.89019608 0.96078431
v 0.12487184 -0.07611624 0.00160935 0.43529412 0.89019608 0.96078431
v 0.12473072 -0.07600284 -0.00064430 0.43529412 0.89019608 0.96078431
v 0.11562527 -0.07944105 -0.00151297 0.43529412 0.89019608 0.96078431
v 0.10924408 -0.08186322 -0.00204324 0.43529412 0.89019608 0.96078431
v 0.14251213 -0.03780605 -0.00196998 0.43529412 0.89019608 0.96078431
v 0.10664252 -0.08265700 -0.00114317 0.43529412 0.89019608 0.96078431
v 0.10694317 -0.08013958 -0.00370731 0.43529412 0.89019608 0.96078431
v 0.10694317 -0.07859284 -0.00370731 0.43529412 0.89019608 0.96078431
v 0.15763677 -0.03780605 0.02676233 0.43529412 0.89019608 0.96078431
v 0.13997807 -0.03780605 0.02581692 0.43529412 0.89019608 0.96078431
v 0.13924178 -0.03780605 0.02499011 0.43529412 0.89019608 0.96078431
v 0.10761197 -0.07583048 0.02830082 0.43529412 0.89019608 0.96078431
v 0.10639095 -0.07749969 0.02830082 0.43529412 0.89019608 0.96078431
v 0.10558717 -0.08072017 0.02496220 0.43529412 0.89019608 0.96078431
v 0.10764878 -0.08226691 0.02967534 0.43529412 0.89019608 0.96078431
v 0.10644004 -0.08098325 0.02845781 0.43529412 0.89019608 0.96078431
v 0.10891889 -0.08306069 0.02845781 0.43529412 0.89019608 0.96078431
v 0.10915818 -0.08375923 0.02162708 0.43529412 0.89019608 0.96078431
v 0.10641550 -0.08337821 0.02162708 0.43529412 0.89019608 0.96078431
v 0.10915818 -0.08414477 0.00828309 0.43529412 0.89019608 0.96078431
v 0.11223833 -0.08311966 0.00828309 0.43529412 0.89019608 0.96078431
v 0.11391339 -0.08225331 0.00828309 0.43529412 0.89019608 0.96078431
v 0.12025162 -0.07871077 0.00494448 0.43529412 0.89019608 0.96078431
v 0.11858270 -0.07962702 0.00494448 0.43529412 0.89019608 0.96078431
v 0.12249731 -0.07739082 0.00160935 0.43529412 0.89019608 0.96078431
v 0.11988347 -0.07866088 0.00160935 0.43529412 0.89019608 0.96078431
v 0.11765620 -0.07911447 -0.00026055 0.43529412 0.89019608 0.96078431
v 0.10818873 -0.08265700 -0.00114317 0.43529412 0.89019608 0.96078431
v 0.13978787 -0.03780605 -0.00083268 0.43529412 0.89019608 0.96078431
v 0.10915818 -0.08364129 0.00494448 0.43529412 0.89019608 0.96078431
v 0.10617620 -0.08298358 0.00160935 0.43529412 0.89019608 0.96078431
v 0.10494291 -0.08072017 0.00160935 0.43529412 0.89019608 0.96078431
v 0.10620075 -0.08103315 -0.00204324 0.43529412 0.89019608 0.96078431
v 0.10650753 -0.07818914 -0.00172926 0.43529412 0.89019608 0.96078431
v 0.13840118 -0.03780605 0.00144190 0.43529412 0.89019608 0.96078431
v 0.13861593 -0.03780605 0.00096396 0.43529412 0.89019608 0.96078431
v 0.13831528 -0.03780605 0.02162708 0.43529412 0.89019608 0.96078431
v 0.10751380 -0.07573975 0.02627044 0.43529412 0.89019608 0.96078431
v 0.10597372 -0.07738175 0.02162708 0.43529412 0.89019608 0.96078431
v 0.10507790 -0.08072017 0.02162708 0.43529412 0.89019608 0.96078431
v 0.10740949 -0.07564904 0.02404819 0.43529412 0.89019608 0.96078431
v 0.10680819 -0.08303348 0.02496220 0.43529412 0.89019608 0.96078431
v 0.10720087 -0.08266154 0.02744610 0.43529412 0.89019608 0.96078431
v 0.10465454 -0.08072017 0.00828309 0.43529412 0.89019608 0.96078431
v 0.10621915 -0.08340996 0.00828309 0.43529412 0.89019608 0.96078431
v 0.10615165 -0.08327388 0.00494448 0.43529412 0.89019608 0.96078431
v 0.11175361 -0.08275679 0.00494448 0.43529412 0.89019608 0.96078431
v 0.11342253 -0.08209455 0.00494448 0.43529412 0.89019608 0.96078431
v 0.11582774 -0.08099686 0.00494448 0.43529412 0.89019608 0.96078431
v 0.11822069 -0.07935033 0.00160935 0.43529412 0.89019608 0.96078431
v 0.11582774 -0.08031194 0.00160935 0.43529412 0.89019608 0.96078431
v 0.11040987 -0.08222155 0.00060812 0.43529412 0.89019608 0.96078431
v 0.10924408 -0.08292915 0.00167215 0.43529412 0.89019608 0.96078431
v 0.10481407 -0.08081996 0.00479795 0.43529412 0.89019608 0.96078431
v 0.10481407 -0.08072017 0.00383509 0.43529412 0.89019608 0.96078431
v 0.10592463 -0.07766298 0.00828309 0.43529412 0.89019608 0.96078431
v 0.10609030 -0.07778998 0.00494448 0.43529412 0.89019608 0.96078431
v 0.10625597 -0.07793513 0.00160935 0.43529412 0.89019608 0.96078431
v 0.10481407 -0.08055234 0.00512589 0.43529412 0.89019608 0.96078431
v 0.13821711 -0.03780605 0.01475100 0.43529412 0.89019608 0.96078431
v 0.10730519 -0.07557193 0.01964205 0.43529412 0.89019608 0.96078431
v 0.13818030 -0.03780605 0.01828847 0.43529412 0.89019608 0.96078431
v 0.10729904 -0.07556286 0.02162708 0.43529412 0.89019608 0.96078431
v 0.10481407 -0.08033462 0.00828309 0.43529412 0.89019608 0.96078431
v 0.10475270 -0.08072017 0.00494797 0.43529412 0.89019608 0.96078431
v 0.10481407 -0.08083357 0.00494448 0.43529412 0.89019608 0.96078431
v 0.10481407 -0.08099233 0.00792725 0.43529412 0.89019608 0.96078431
v 0.13818030 -0.03780605 0.01806519 0.43529412 0.89019608 0.96078431
f 719 720 721
f 719 721 722
f 719 722 723
f 719 723 724
f 719 724 735
f 719 735 757
f 719 757 787
f 719 787 815
f 719 815 844
f 719 844 880
f 719 880 911
f 719 911 935
f 719 935 942
f 719 942 941
f 719 941 966
f 719 966 974
f 719 974 968
f 719 968 943
f 719 943 917
f 719 917 916
f 719 916 895
f 719 895 891
f 719 891 861
f 719 861 860
f 719 860 859
f 719 859 858
f 719 858 857
f 719 857 856
f 719 856 855
f 719 855 889
f 719 889 888
f 719 888 915
f 719 915 885
f 719 885 846
f 719 846 816
f 719 816 789
f 719 789 788
f 719 788 758
f 719 758 741
f 719 741 740
f 719 740 739
f 719 739 738
f 719 738 736
f 719 736 725
f 719 725 720
f 720 725 726
f 720 726 722
f 720 722 721
f 722 726 727
f 722 727 728
f 722 728 729
f 722 729 723
f 723 730 731
f 723 731 724
f 723 729 732
f 723 732 730
f 724 731 733
f 724 733 734
f 724 734 735
f 725 736 726
f 726 737 727
f 726 736 738
f 726 738 739
f 726 739 740
f 726 740 741
f 726 741 737
f 727 737 742
f 727 742 743
f 727 743 744
f 727 744 745
f 727 745 728
f 728 745 746
f 728 746 729
f 729 746 732
f 730 732 747
f 730 747 748
f 730 748 731
f 731 748 749
f 731 749 750
f 731 750 733
f 732 746 751
f 732 751 747
f 733 750 749
f 733 749 752
f 733 752 753
f 733 753 754
f 733 754 734
f 734 754 755
f 734 755 756
f 734 756 735
f 735 756 757
f 737 741 758
f 737 758 759
f 737 759 760
f 737 760 742
f 742 761 743
f 742 760 762
f 742 762 763
f 742 763 764
f 742 764 761
f 743 761 765
f 743 765 744
f 744 765 766
f 744 766 767
f 744 767 768
f 744 768 745
f 745 768 769
f 745 769 770
f 745 770 771
f 745 771 746
f 746 771 751
f 747 751 772
f 747 772 748
f 748 772 749
f 749 772 773
f 749 773 752
f 751 771 774
f 751 774 772
f 752 773 769
f 752 769 768
f 752 768 775
f 752 775 776
f 752 776 777
f 752 777 778
f 752 778 779
f 752 779 753
f 753 779 780
f 753 780 781
f 753 781 782
f 753 782 754
f 754 782 755
f 755 782 781
f 755 781 783
f 755 783 784
f 755 784 785
f 755 785 756
f 756 785 757
f 757 785 786
f 757 786 787
f 758 788 759
f 759 789 790
f 759 790 760
f 759 788 789
f 760 790 791
f 760 791 762
f 761 792 765
f 761 764 792
f 762 791 793
f 762 793 794
f 762 794 763
f 763 795 764
f 763 794 796
f 763 796 797
f 763 797 798
f 763 798 795
f 764 795 792
f 765 792 766
f 766 792 799
f 766 799 800
f 766 800 801
f 766 801 802
f 766 802 767
f 767 802 768
f 768 802 803
f 768 803 804
f 768 804 805
f 768 805 775
f 769 773 774
f 769 774 770
f 770 774 771
f 772 774 773
f 775 805 776
f 776 805 806
f 776 806 777
f 777 806 807
f 777 807 778
f 778 808 809
f 778 809 780
f 778 780 779
f 778 807 808
f 780 809 810
f 780 810 781
f 781 810 784
f 781 784 783
f 784 810 785
f 785 810 811
f 785 811 786
f 786 811 812
f 786 812 813
f 786 813 814
f 786 814 815
f 786 815 787
f 789 816 790
f 790 816 817
f 790 817 791
f 791 818 793
f 791 817 818
f 792 795 799
f 793 819 794
f 793 818 820
f 793 820 819
f 794 819 821
f 794 821 796
f 795 822 823
f 795 823 800
f 795 800 799
f 795 798 824
f 795 824 825
f 795 825 822
f 796 826 827
f 796 827 828
f 796 828 797
f 796 821 829
f 796 829 826
f 797 828 830
f 797 830 831
f 797 831 832
f 797 832 798
f 798 832 833
f 798 833 824
f 800 823 801
f 801 823 802
f 802 823 803
f 803 823 804
f 804 823 822
f 804 822 825
f 804 825 834
f 804 834 835
f 804 835 836
f 804 836 805
f 805 836 806
f 806 836 837
f 806 837 807
f 807 837 838
f 807 838 839
f 807 839 808
f 808 840 809
f 808 839 840
f 809 813 810
f 809 840 813
f 810 812 811
f 810 813 812
f 813 840 841
f 813 841 842
f 813 842 814
f 814 842 843
f 814 843 815
f 815 843 845
f 815 845 844
f 816 846 817
f 817 846 847
f 817 847 848
f 817 848 818
f 818 848 849
f 818 849 820
f 819 820 850
f 819 850 851
f 819 851 829
f 819 829 821
f 820 849 852
f 820 852 850
f 824 833 825
f 825 833 853
f 825 853 834
f 826 829 854
f 826 854 827
f 827 830 828
f 827 854 855
f 827 855 856
f 827 856 857
f 827 857 858
f 827 858 859
f 827 859 860
f 827 860 861
f 827 861 862
f 827 862 863
f 827 863 830
f 829 851 854
f 830 863 864
f 830 864 831
f 831 864 832
f 832 865 833
f 832 864 865
f 833 865 866
f 833 866 867
f 833 867 868
f 833 868 853
f 834 853 869
f 834 869 835
f 835 869 870
f 835 870 871
f 835 871 872
f 835 872 873
f 835 873 837
f 835 837 836
f 837 873 838
f 838 873 874
f 838 874 839
f 839 874 875
f 839 875 876
f 839 876 840
f 840 876 877
f 840 877 845
f 840 845 878
f 840 878 841
f 841 878 845
f 841 845 879
f 841 879 842
f 842 879 843
f 843 879 845
f 844 845 880
f 845 877 876
f 845 876 881
f 845 881 882
f 845 882 883
f 845 883 884
f 845 884 880
f 846 885 847
f 847 885 886
f 847 886 848
f 848 886 887
f 848 887 852
f 848 852 849
f 850 852 887
f 850 887 888
f 850 888 889
f 850 889 851
f 851 889 854
f 853 868 890
f 853 890 870
f 853 870 869
f 854 889 855
f 861 891 862
f 862 892 893
f 862 893 894
f 862 894 863
f 862 891 895
f 862 895 892
f 863 896 864
f 863 894 896
f 864 896 897
f 864 897 898
f 864 898 865
f 865 898 899
f 865 899 900
f 865 900 901
f 865 901 866
f 866 901 902
f 866 902 867
f 867 902 868
f 868 902 903
f 868 903 870
f 868 870 890
f 870 903 901
f 870 901 871
f 871 904 905
f 871 905 872
f 871 901 904
f 872 905 904
f 872 904 906
f 872 906 907
f 872 907 873
f 873 907 908
f 873 908 874
f 874 908 875
f 875 908 909
f 875 909 910
f 875 910 883
f 875 883 882
f 875 882 876
f 876 882 881
f 880 884 911
f 883 910 912
f 883 912 913
f 883 913 884
f 884 913 914
f 884 914 911
f 885 915 886
f 886 915 887
f 887 915 888
f 892 895 893
f 893 895 916
f 893 916 917
f 893 917 918
f 893 918 919
f 893 919 920
f 893 920 894
f 894 921 896
f 894 920 922
f 894 922 921
f 896 921 923
f 896 923 897
f 897 924 898
f 897 923 925
f 897 925 924
f 898 924 926
f 898 926 927
f 898 927 928
f 898 928 929
f 898 929 907
f 898 907 899
f 899 907 904
f 899 904 900
f 900 904 901
f 901 903 902
f 904 907 906
f 907 929 928
f 907 928 930
f 907 930 931
f 907 931 908
f 908 931 932
f 908 932 933
f 908 933 909
f 909 933 910
f 910 934 912
f 910 933 934
f 911 914 935
f 912 934 936
f 912 936 926
f 912 926 937
f 912 937 938
f 912 938 939
f 912 939 913
f 913 939 914
f 914 939 938
f 914 938 940
f 914 940 941
f 914 941 942
f 914 942 935
f 917 943 918
f 918 944 919
f 918 943 944
f 919 945 946
f 919 946 920
f 919 944 947
f 919 947 945
f 920 946 925
f 920 925 948
f 920 948 922
f 921 922 949
f 921 949 923
f 922 948 949
f 923 949 948
f 923 948 925
f 924 925 926
f 925 946 950
f 925 950 951
f 925 951 926
f 926 936 927
f 926 951 952
f 926 952 937
f 927 936 953
f 927 953 954
f 927 954 955
f 927 955 932
f 927 932 931
f 927 931 930
f 927 930 928
f 932 955 954
f 932 954 956
f 932 956 933
f 933 956 957
f 933 957 958
f 933 958 934
f 934 958 953
f 934 953 959
f 934 959 936
f 936 959 953
f 937 952 960
f 937 960 961
f 937 961 938
f 938 962 963
f 938 963 964
f 938 964 940
f 938 961 965
f 938 965 962
f 940 964 941
f 941 964 963
f 941 963 962
f 941 962 967
f 941 967 966
f 943 968 969
f 943 969 947
f 943 947 944
f 945 962 970
f 945 970 950
f 945 950 946
f 945 947 969
f 945 969 967
f 945 967 962
f 950 970 965
f 950 965 971
f 950 971 972
f 950 972 973
f 950 973 951
f 951 973 952
f 952 973 972
f 952 972 960
f 953 958 954
f 954 957 956
f 954 958 957
f 960 972 971
f 960 971 961
f 961 971 965
f 962 965 970
f 966 967 974
f 967 969 974
f 968 974 969

o geometry_3
v 0.16905641 0.01559151 0.00875011 0.38039216 0.78823529 0.52549020
v 0.16904298 0.01559151 0.00828234 0.38039216 0.78823529 0.52549020
v 0.16899600 0.01559151 0.01162097 0.38039216 0.78823529 0.52549020
v 0.17286858 -0.00063265 0.01829211 0.38039216 0.78823529 0.52549020
v 0.17292228 -0.00063265 0.01495348 0.38039216 0.78823529 0.52549020
v 0.17282161 -0.00063265 0.00828234 0.38039216 0.78823529 0.52549020
v 0.17274107 -0.00063265 0.00494677 0.38039216 0.78823529 0.52549020
v 0.17290885 -0.00396739 0.00160814 0.38039216 0.78823529 0.52549020
v 0.17192225 -0.00051766 0.00148279 0.38039216 0.78823529 0.52549020
v 0.16819732 0.01559151 0.00473887 0.38039216 0.78823529 0.52549020
v 0.16894902 0.01559151 0.01208569 0.38039216 0.78823529 0.52549020
v 0.17330485 -0.00396739 0.02162768 0.38039216 0.78823529 0.52549020
v 0.17337866 -0.00396739 0.01829211 0.38039216 0.78823529 0.52549020
v 0.16853290 0.01559151 0.01542126 0.38039216 0.78823529 0.52549020
v 0.17326457 -0.00396739 0.00828234 0.38039216 0.78823529 0.52549020
v 0.17322430 -0.00396739 0.00494677 0.38039216 0.78823529 0.52549020
v 0.17276791 -0.00730735 0.00160814 0.38039216 0.78823529 0.52549020
v 0.17171420 -0.00730735 -0.00070016 0.38039216 0.78823529 0.52549020
v 0.17174775 -0.00396739 -0.00069405 0.38039216 0.78823529 0.52549020
v 0.17141217 -0.00155258 -0.00045863 0.38039216 0.78823529 0.52549020
v 0.16798255 0.01559151 0.00408459 0.38039216 0.78823529 0.52549020
v 0.17165379 -0.00140623 0.02393904 0.38039216 0.78823529 0.52549020
v 0.17204306 -0.00396739 0.02428758 0.38039216 0.78823529 0.52549020
v 0.17192225 -0.00730735 0.02424783 0.38039216 0.78823529 0.52549020
v 0.17302967 -0.00730735 0.02162768 0.38039216 0.78823529 0.52549020
v 0.16792885 0.01559151 0.01850307 0.38039216 0.78823529 0.52549020
v 0.16785503 0.01559151 0.01886995 0.38039216 0.78823529 0.52549020
v 0.16771408 0.01559151 0.01952117 0.38039216 0.78823529 0.52549020
v 0.17309008 -0.00730735 0.01829211 0.38039216 0.78823529 0.52549020
v 0.17306994 -0.00730735 0.01495348 0.38039216 0.78823529 0.52549020
v 0.17304980 -0.00730735 0.01162097 0.38039216 0.78823529 0.52549020
v 0.17300282 -0.00730735 0.00494677 0.38039216 0.78823529 0.52549020
v 0.17229810 -0.01064208 0.00160814 0.38039216 0.78823529 0.52549020
v 0.17090881 -0.01915663 -0.00009481 0.38039216 0.78823529 0.52549020
v 0.17104975 -0.01731155 -0.00024767 0.38039216 0.78823529 0.52549020
v 0.17129808 -0.01397159 -0.00047697 0.38039216 0.78823529 0.52549020
v 0.17151284 -0.01064208 -0.00062373 0.38039216 0.78823529 0.52549020
v 0.16921076 -0.01064208 -0.00151342 0.38039216 0.78823529 0.52549020
v 0.16921076 -0.00730735 -0.00165100 0.38039216 0.78823529 0.52549020
v 0.16921076 -0.00396739 -0.00168157 0.38039216 0.78823529 0.52549020
v 0.16936514 -0.00051766 -0.00100284 0.38039216 0.78823529 0.52549020
v 0.16158640 0.01559151 -0.00017430 0.38039216 0.78823529 0.52549020
v 0.16302268 0.01559151 0.00051972 0.38039216 0.78823529 0.52549020
v 0.16606303 0.01559151 0.00229299 0.38039216 0.78823529 0.52549020
v 0.16672077 0.01559151 0.00269350 0.38039216 0.78823529 0.52549020
v 0.16755972 0.01559151 0.00324688 0.38039216 0.78823529 0.52549020
v 0.16921076 -0.00396739 0.02549829 0.38039216 0.78823529 0.52549020
v 0.16761341 0.01519427 0.02013875 0.38039216 0.78823529 0.52549020
v 0.16711004 0.01559151 0.02063099 0.38039216 0.78823529 0.52549020
v 0.16617042 0.01559151 0.02156348 0.38039216 0.78823529 0.52549020
v 0.16432473 0.01559151 0.02334591 0.38039216 0.78823529 0.52549020
v 0.16921076 -0.00730735 0.02545243 0.38039216 0.78823529 0.52549020
v 0.17164037 -0.01064208 0.02407662 0.38039216 0.78823529 0.52549020
v 0.16921076 -0.01064208 0.02523230 0.38039216 0.78823529 0.52549020
v 0.17246589 -0.01064208 0.02162768 0.38039216 0.78823529 0.52549020
v 0.17253972 -0.01064208 0.01829211 0.38039216 0.78823529 0.52549020
v 0.17133835 -0.01397159 0.02381981 0.38039216 0.78823529 0.52549020
v 0.17108331 -0.01671046 0.02354464 0.38039216 0.78823529 0.52549020
v 0.17086854 -0.01893710 0.02310744 0.38039216 0.78823529 0.52549020
v 0.17144573 -0.01731155 0.01162097 0.38039216 0.78823529 0.52549020
v 0.17075444 -0.02151394 0.00828234 0.38039216 0.78823529 0.52549020
v 0.17253972 -0.01064208 0.01495348 0.38039216 0.78823529 0.52549020
v 0.17102291 -0.01984657 0.00828234 0.38039216 0.78823529 0.52549020
v 0.17033832 -0.02398624 0.00494677 0.38039216 0.78823529 0.52549020
v 0.17096249 -0.01949115 0.00160814 0.38039216 0.78823529 0.52549020
v 0.17130479 -0.01731155 0.00160814 0.38039216 0.78823529 0.52549020
v 0.17181487 -0.01397159 0.00160814 0.38039216 0.78823529 0.52549020
v 0.16855303 -0.03399567 0.00160814 0.38039216 0.78823529 0.52549020
v 0.16776107 -0.03612300 -0.00033328 0.38039216 0.78823529 0.52549020
v 0.16798255 -0.03399567 -0.00051366 0.38039216 0.78823529 0.52549020
v 0.16921076 -0.01397159 -0.00131163 0.38039216 0.78823529 0.52549020
v 0.16587511 -0.03399567 -0.00130246 0.38039216 0.78823529 0.52549020
v 0.16253945 -0.03733563 -0.00183444 0.38039216 0.78823529 0.52549020
v 0.16253945 -0.00396739 -0.00299318 0.38039216 0.78823529 0.52549020
v 0.16587511 -0.00396739 -0.00236031 0.38039216 0.78823529 0.52549020
v 0.16253945 -0.00063265 -0.00288923 0.38039216 0.78823529 0.52549020
v 0.16587511 -0.00063265 -0.00217992 0.38039216 0.78823529 0.52549020
v 0.16135150 0.01559151 -0.00024767 0.38039216 0.78823529 0.52549020
v 0.16587511 -0.00396739 0.02590186 0.38039216 0.78823529 0.52549020
v 0.15539831 -0.03780605 0.02724710 0.38039216 0.78823529 0.52549020
v 0.15586142 -0.03733563 0.02718595 0.38039216 0.78823529 0.52549020
v 0.15975414 0.00604204 0.02646442 0.38039216 0.78823529 0.52549020
v 0.16253945 0.00270731 0.02619843 0.38039216 0.78823529 0.52549020
v 0.16010985 0.00270731 0.02655614 0.38039216 0.78823529 0.52549020
v 0.16411668 0.01559151 0.02340095 0.38039216 0.78823529 0.52549020
v 0.16253945 -0.03733563 0.02550441 0.38039216 0.78823529 0.52549020
v 0.15790174 -0.03733563 0.02672735 0.38039216 0.78823529 0.52549020
v 0.15957293 -0.03733563 0.02630237 0.38039216 0.78823529 0.52549020
v 0.16545899 -0.03733563 0.02416834 0.38039216 0.78823529 0.52549020
v 0.16796241 -0.03066094 0.02366694 0.38039216 0.78823529 0.52549020
v 0.16772751 -0.03336322 0.02347432 0.38039216 0.78823529 0.52549020
v 0.17096249 -0.01941797 0.01829211 0.38039216 0.78823529 0.52549020
v 0.17195581 -0.01397159 0.01829211 0.38039216 0.78823529 0.52549020
v 0.17185514 -0.01397159 0.02162768 0.38039216 0.78823529 0.52549020
v 0.16829128 -0.03399567 0.01829211 0.38039216 0.78823529 0.52549020
v 0.17102961 -0.01983089 0.01162097 0.38039216 0.78823529 0.52549020
v 0.17074101 -0.02149826 0.01162097 0.38039216 0.78823529 0.52549020
v 0.16923762 -0.03066094 0.00494677 0.38039216 0.78823529 0.52549020
v 0.16751944 -0.03558464 0.02319916 0.38039216 0.78823529 0.52549020
v 0.17117056 -0.01761993 0.02184781 0.38039216 0.78823529 0.52549020
v 0.16793557 -0.03428315 0.02190284 0.38039216 0.78823529 0.52549020
v 0.17034503 -0.02398624 0.00828234 0.38039216 0.78823529 0.52549020
v 0.16979468 -0.02732098 0.00494677 0.38039216 0.78823529 0.52549020
v 0.16864700 -0.03399567 0.00494677 0.38039216 0.78823529 0.52549020
v 0.16792215 -0.03645752 0.00160814 0.38039216 0.78823529 0.52549020
v 0.16596908 -0.03727291 -0.00089583 0.38039216 0.78823529 0.52549020
v 0.16720400 -0.03780605 0.00160814 0.38039216 0.78823529 0.52549020
v 0.16576772 -0.03780605 -0.00084386 0.38039216 0.78823529 0.52549020
v 0.16050584 -0.00396739 -0.00334783 0.38039216 0.78823529 0.52549020
v 0.16257971 -0.03780605 -0.00174883 0.38039216 0.78823529 0.52549020
v 0.15920379 -0.03780605 -0.00197202 0.38039216 0.78823529 0.52549020
v 0.14919009 -0.03399567 -0.00269661 0.38039216 0.78823529 0.52549020
v 0.15484125 -0.01324505 -0.00345178 0.38039216 0.78823529 0.52549020
v 0.15825074 -0.00730735 -0.00348541 0.38039216 0.78823529 0.52549020
v 0.15883465 -0.00396739 -0.00358325 0.38039216 0.78823529 0.52549020
v 0.16029107 -0.00063265 -0.00331420 0.38039216 0.78823529 0.52549020
v 0.16253945 0.00270731 -0.00248566 0.38039216 0.78823529 0.52549020
v 0.16253945 0.00604204 -0.00183138 0.38039216 0.78823529 0.52549020
v 0.15953937 0.01559151 -0.00059621 0.38039216 0.78823529 0.52549020
v 0.15589498 -0.03780605 0.02715538 0.38039216 0.78823529 0.52549020
v 0.15252575 -0.03780605 0.02755589 0.38039216 0.78823529 0.52549020
v 0.15763998 -0.03780605 0.02676403 0.38039216 0.78823529 0.52549020
v 0.15766012 0.00774600 0.02664786 0.38039216 0.78823529 0.52549020
v 0.15808966 0.00604204 0.02669066 0.38039216 0.78823529 0.52549020
v 0.15844537 0.00270731 0.02673040 0.38039216 0.78823529 0.52549020
v 0.16206963 0.01559151 0.02376783 0.38039216 0.78823529 0.52549020
v 0.16201595 -0.03780605 0.02561141 0.38039216 0.78823529 0.52549020
v 0.16253945 -0.03780605 0.02544937 0.38039216 0.78823529 0.52549020
v 0.16504959 -0.03780605 0.02430287 0.38039216 0.78823529 0.52549020
v 0.15947896 -0.03780605 0.02629626 0.38039216 0.78823529 0.52549020
v 0.15784805 -0.03780605 0.02671206 0.38039216 0.78823529 0.52549020
v 0.15913667 -0.03780605 0.02638492 0.38039216 0.78823529 0.52549020
v 0.16537174 -0.03780605 0.02412860 0.38039216 0.78823529 0.52549020
v 0.17100948 -0.01965841 0.01495348 0.38039216 0.78823529 0.52549020
v 0.17092222 -0.01918799 0.02088169 0.38039216 0.78823529 0.52549020
v 0.16767381 -0.03593484 0.02097341 0.38039216 0.78823529 0.52549020
v 0.16776778 -0.03612300 0.01829211 0.38039216 0.78823529 0.52549020
v 0.16855974 -0.03399567 0.00828234 0.38039216 0.78823529 0.52549020
v 0.16969401 -0.02732098 0.01162097 0.38039216 0.78823529 0.52549020
v 0.16655970 -0.03780605 0.02226667 0.38039216 0.78823529 0.52549020
v 0.16668721 -0.03780605 0.02185393 0.38039216 0.78823529 0.52549020
v 0.16917050 -0.03066094 0.00828234 0.38039216 0.78823529 0.52549020
v 0.16789530 -0.03646798 0.00828234 0.38039216 0.78823529 0.52549020
v 0.16794228 -0.03654638 0.00494677 0.38039216 0.78823529 0.52549020
v 0.16733823 -0.03780605 0.00494677 0.38039216 0.78823529 0.52549020
v 0.15862658 -0.00063265 -0.00355879 0.38039216 0.78823529 0.52549020
v 0.14965991 -0.03780605 -0.00239699 0.38039216 0.78823529 0.52549020
v 0.14919009 -0.03780605 -0.00240617 0.38039216 0.78823529 0.52549020
v 0.14585443 -0.03780605 -0.00240922 0.38039216 0.78823529 0.52549020
v 0.14585443 -0.03399567 -0.00266298 0.38039216 0.78823529 0.52549020
v 0.14919009 -0.03066094 -0.00285254 0.38039216 0.78823529 0.52549020
v 0.15366001 -0.01324505 -0.00345178 0.38039216 0.78823529 0.52549020
v 0.15586142 -0.00396739 -0.00365356 0.38039216 0.78823529 0.52549020
v 0.15796215 0.00126992 -0.00345789 0.38039216 0.78823529 0.52549020
v 0.15920379 0.01559151 -0.00064513 0.38039216 0.78823529 0.52549020
v 0.15205594 -0.03780605 0.02758035 0.38039216 0.78823529 0.52549020
v 0.15739837 0.00774600 0.02664786 0.38039216 0.78823529 0.52549020
v 0.15920379 0.01559151 0.02405216 0.38039216 0.78823529 0.52549020
v 0.15873398 0.01559151 0.02409191 0.38039216 0.78823529 0.52549020
v 0.15696212 0.00604204 0.02669066 0.38039216 0.78823529 0.52549020
v 0.16692212 -0.03780605 0.01829211 0.38039216 0.78823529 0.52549020
v 0.16704292 -0.03780605 0.01513081 0.38039216 0.78823529 0.52549020
v 0.16727112 -0.03780605 0.00890604 0.38039216 0.78823529 0.52549020
v 0.16728455 -0.03780605 0.00828234 0.38039216 0.78823529 0.52549020
v 0.15590168 -0.00072673 -0.00355267 0.38039216 0.78823529 0.52549020
v 0.15703595 0.00126992 -0.00345789 0.38039216 0.78823529 0.52549020
v 0.14251877 -0.03780605 -0.00196896 0.38039216 0.78823529 0.52549020
v 0.10730976 -0.02570065 -0.00008564 0.38039216 0.78823529 0.52549020
v 0.10481976 -0.02359946 -0.00019570 0.38039216 0.78823529 0.52549020
v 0.14585443 -0.03066094 -0.00275470 0.38039216 0.78823529 0.52549020
v 0.14919009 -0.02732098 -0.00294426 0.38039216 0.78823529 0.52549020
v 0.15340497 -0.01064208 -0.00348235 0.38039216 0.78823529 0.52549020
v 0.14919009 -0.02398624 -0.00303292 0.38039216 0.78823529 0.52549020
v 0.15389492 -0.00190278 -0.00343649 0.38039216 0.78823529 0.52549020
v 0.10481976 -0.02281020 -0.00021404 0.38039216 0.78823529 0.52549020
v 0.10481976 -0.02046334 -0.00021404 0.38039216 0.78823529 0.52549020
v 0.15569362 0.01559151 -0.00062984 0.38039216 0.78823529 0.52549020
v 0.14919009 -0.03780605 0.02757729 0.38039216 0.78823529 0.52549020
v 0.15586142 0.01559151 0.02408580 0.38039216 0.78823529 0.52549020
v 0.15539831 0.01559151 0.02407356 0.38039216 0.78823529 0.52549020
v 0.15247206 0.01559151 0.02388095 0.38039216 0.78823529 0.52549020
v 0.10481976 -0.00520615 0.02400325 0.38039216 0.78823529 0.52549020
v 0.10481976 -0.00730735 0.02444350 0.38039216 0.78823529 0.52549020
v 0.10481976 -0.00830045 0.02461472 0.38039216 0.78823529 0.52549020
v 0.10481976 -0.01064208 0.02480733 0.38039216 0.78823529 0.52549020
v 0.14919009 -0.02398624 0.02722570 0.38039216 0.78823529 0.52549020
v 0.14919009 -0.02732098 0.02732353 0.38039216 0.78823529 0.52549020
v 0.10481976 -0.01397159 0.02492045 0.38039216 0.78823529 0.52549020
v 0.10481976 -0.01626618 0.00007029 0.38039216 0.78823529 0.52549020
v 0.10481976 -0.00964375 0.00051972 0.38039216 0.78823529 0.52549020
v 0.10481976 -0.00730735 0.00067870 0.38039216 0.78823529 0.52549020
v 0.10481976 -0.00396739 0.00092329 0.38039216 0.78823529 0.52549020
v 0.13979386 -0.03780605 -0.00083163 0.38039216 0.78823529 0.52549020
v 0.10481976 -0.02683488 0.00157145 0.38039216 0.78823529 0.52549020
v 0.10481976 -0.02497935 0.00011004 0.38039216 0.78823529 0.52549020
v 0.10481976 -0.02480686 0.00005500 0.38039216 0.78823529 0.52549020
v 0.15412312 0.01559151 -0.00044029 0.38039216 0.78823529 0.52549020
v 0.10481976 -0.00063265 0.00166929 0.38039216 0.78823529 0.52549020
v 0.14872028 -0.03780605 0.02755589 0.38039216 0.78823529 0.52549020
v 0.15041160 0.01559151 0.02354158 0.38039216 0.78823529 0.52549020
v 0.10481976 -0.00063265 0.02252960 0.38039216 0.78823529 0.52549020
v 0.10481976 -0.00312586 0.02335814 0.38039216 0.78823529 0.52549020
v 0.10481976 -0.00429668 0.02373114 0.38039216 0.78823529 0.52549020
v 0.10481976 -0.01731155 0.02476147 0.38039216 0.78823529 0.52549020
v 0.14538461 -0.03780605 0.02734187 0.38039216 0.78823529 0.52549020
v 0.14585443 -0.03780605 0.02738162 0.38039216 0.78823529 0.52549020
v 0.13861934 -0.03780605 0.00096610 0.38039216 0.78823529 0.52549020
v 0.10481976 -0.03067139 0.01162097 0.38039216 0.78823529 0.52549020
v 0.10481976 -0.02993441 0.00819979 0.38039216 0.78823529 0.52549020
v 0.10481976 -0.02922878 0.00588843 0.38039216 0.78823529 0.52549020
v 0.10481976 -0.02871132 0.00430472 0.38039216 0.78823529 0.52549020
v 0.10481976 -0.02818341 0.00340892 0.38039216 0.78823529 0.52549020
v 0.15318349 0.01559151 -0.00011009 0.38039216 0.78823529 0.52549020
v 0.10481976 0.00004684 0.00200254 0.38039216 0.78823529 0.52549020
v 0.10481976 0.00162535 0.00277910 0.38039216 0.78823529 0.52549020
v 0.15006932 0.01559151 0.02337649 0.38039216 0.78823529 0.52549020
v 0.10481976 0.00247733 0.02096729 0.38039216 0.78823529 0.52549020
v 0.10481976 -0.02064628 0.02412860 0.38039216 0.78823529 0.52549020
v 0.14251877 -0.03780605 0.02695665 0.38039216 0.78823529 0.52549020
v 0.13841128 -0.03780605 0.00144304 0.38039216 0.78823529 0.52549020
v 0.13818980 -0.03780605 0.01829211 0.38039216 0.78823529 0.52549020
v 0.13832403 -0.03780605 0.02162768 0.38039216 0.78823529 0.52549020
v 0.13924351 -0.03780605 0.02498771 0.38039216 0.78823529 0.52549020
v 0.10481976 -0.03045709 0.01395679 0.38039216 0.78823529 0.52549020
v 0.13822335 -0.03780605 0.01495348 0.38039216 0.78823529 0.52549020
v 0.13818980 -0.03780605 0.01806587 0.38039216 0.78823529 0.52549020
v 0.15210292 0.01559151 0.00044023 0.38039216 0.78823529 0.52549020
v 0.10481976 0.00196510 0.00341809 0.38039216 0.78823529 0.52549020
v 0.14911626 0.01559151 0.00218904 0.38039216 0.78823529 0.52549020
v 0.14898875 0.01559151 0.02271916 0.38039216 0.78823529 0.52549020
v 0.10481976 0.00410288 0.01832880 0.38039216 0.78823529 0.52549020
v 0.10481976 -0.02302450 0.02349267 0.38039216 0.78823529 0.52549020
v 0.14180734 -0.03780605 0.02683741 0.38039216 0.78823529 0.52549020
v 0.13998179 -0.03780605 0.02582237 0.38039216 0.78823529 0.52549020
v 0.10481976 -0.03033165 0.01495348 0.38039216 0.78823529 0.52549020
v 0.10481976 0.00264982 0.00494677 0.38039216 0.78823529 0.52549020
v 0.14845853 0.01559151 0.00263847 0.38039216 0.78823529 0.52549020
v 0.14671351 0.01559151 0.02093061 0.38039216 0.78823529 0.52549020
v 0.10481976 0.00409243 0.01491068 0.38039216 0.78823529 0.52549020
v 0.14647190 0.01559151 0.02054232 0.38039216 0.78823529 0.52549020
v 0.14548530 0.01559151 0.01831351 0.38039216 0.78823529 0.52549020
v 0.14533764 0.01559151 0.01772956 0.38039216 0.78823529 0.52549020
v 0.14469332 0.01559151 0.01479450 0.38039216 0.78823529 0.52549020
v 0.14431077 0.01559151 0.01259932 0.38039216 0.78823529 0.52549020
v 0.14423694 0.01559151 0.01162097 0.38039216 0.78823529 0.52549020
v 0.14419667 0.01559151 0.01041943 0.38039216 0.78823529 0.52549020
v 0.14417653 0.01559151 0.00828234 0.38039216 0.78823529 0.52549020
v 0.10481976 -0.02469187 0.02299432 0.38039216 0.78823529 0.52549020
v 0.14090799 -0.03780605 0.02665703 0.38039216 0.78823529 0.52549020
v 0.10481976 -0.02966261 0.01685821 0.38039216 0.78823529 0.52549020
v 0.10481976 0.00286934 0.00594346 0.38039216 0.78823529 0.52549020
v 0.14538461 0.01559151 0.00543594 0.38039216 0.78823529 0.52549020
v 0.14595510 0.01559151 0.00479084 0.38039216 0.78823529 0.52549020
v 0.14629740 0.01559151 0.00444536 0.38039216 0.78823529 0.52549020
v 0.10481976 0.00329272 0.00828234 0.38039216 0.78823529 0.52549020
v 0.10481976 -0.02537136 0.02249597 0.38039216 0.78823529 0.52549020
v 0.10481976 -0.02696555 0.02132500 0.38039216 0.78823529 0.52549020
v 0.10481976 -0.02863815 0.01917263 0.38039216 0.78823529 0.52549020
v 0.10481976 -0.02886290 0.01867428 0.38039216 0.78823529 0.52549020
v 0.10481976 -0.02939081 0.01750331 0.38039216 0.78823529 0.52549020
f 975 976 984
f 975 984 995
f 975 995 1020
f 975 1020 1019
f 975 1019 1018
f 975 1018 1017
f 975 1017 1016
f 975 1016 1052
f 975 1052 1093
f 975 1093 1129
f 975 1129 1151
f 975 1151 1171
f 975 1171 1187
f 975 1187 1201
f 975 1201 1203
f 975 1203 1211
f 975 1211 1228
f 975 1228 1227
f 975 1227 1226
f 975 1226 1221
f 975 1221 1220
f 975 1220 1219
f 975 1219 1218
f 975 1218 1217
f 975 1217 1216
f 975 1216 1215
f 975 1215 1214
f 975 1214 1212
f 975 1212 1204
f 975 1204 1190
f 975 1190 1174
f 975 1174 1155
f 975 1155 1154
f 975 1154 1153
f 975 1153 1133
f 975 1133 1132
f 975 1132 1100
f 975 1100 1059
f 975 1059 1025
f 975 1025 1024
f 975 1024 1023
f 975 1023 1002
f 975 1002 1001
f 975 1001 1000
f 975 1000 988
f 975 988 985
f 975 985 977
f 975 977 978
f 975 978 979
f 975 979 980
f 975 980 981
f 975 981 976
f 976 981 982
f 976 982 983
f 976 983 984
f 977 985 978
f 978 986 987
f 978 987 979
f 978 985 988
f 978 988 986
f 979 987 989
f 979 989 990
f 979 990 980
f 980 990 981
f 981 990 982
f 982 990 991
f 982 991 992
f 982 992 993
f 982 993 994
f 982 994 983
f 983 994 995
f 983 995 984
f 986 996 997
f 986 997 998
f 986 998 999
f 986 999 987
f 986 988 1000
f 986 1000 1001
f 986 1001 1002
f 986 1002 996
f 987 999 1003
f 987 1003 1004
f 987 1004 1005
f 987 1005 1006
f 987 1006 989
f 989 1006 990
f 990 1006 991
f 991 1006 1007
f 991 1007 1008
f 991 1008 1009
f 991 1009 1010
f 991 1010 1011
f 991 1011 992
f 992 1011 1012
f 992 1012 1013
f 992 1013 1014
f 992 1014 993
f 993 1014 994
f 994 1014 1015
f 994 1015 1016
f 994 1016 1017
f 994 1017 1018
f 994 1018 1019
f 994 1019 1020
f 994 1020 995
f 996 1021 997
f 996 1002 1022
f 996 1022 1023
f 996 1023 1024
f 996 1024 1025
f 996 1025 1021
f 997 1021 1026
f 997 1026 998
f 998 1027 999
f 998 1026 1028
f 998 1028 1027
f 999 1029 1030
f 999 1030 1003
f 999 1027 1031
f 999 1031 1032
f 999 1032 1033
f 999 1033 1029
f 1002 1023 1022
f 1003 1030 1034
f 1003 1034 1035
f 1003 1035 1036
f 1003 1036 1004
f 1004 1036 1005
f 1005 1036 1037
f 1005 1037 1038
f 1005 1038 1006
f 1006 1039 1040
f 1006 1040 1041
f 1006 1041 1007
f 1006 1038 1039
f 1007 1041 1008
f 1008 1041 1040
f 1008 1040 1039
f 1008 1039 1042
f 1008 1042 1043
f 1008 1043 1044
f 1008 1044 1009
f 1009 1044 1010
f 1010 1044 1011
f 1011 1044 1045
f 1011 1045 1012
f 1012 1045 1046
f 1012 1046 1013
f 1013 1046 1047
f 1013 1047 1048
f 1013 1048 1049
f 1013 1049 1014
f 1014 1049 1050
f 1014 1050 1051
f 1014 1051 1015
f 1015 1051 1016
f 1016 1051 1052
f 1021 1053 1054
f 1021 1054 1055
f 1021 1055 1026
f 1021 1025 1056
f 1021 1056 1057
f 1021 1057 1058
f 1021 1058 1053
f 1025 1059 1056
f 1026 1060 1028
f 1026 1055 1061
f 1026 1061 1062
f 1026 1062 1060
f 1027 1028 1063
f 1027 1063 1064
f 1027 1064 1065
f 1027 1065 1031
f 1028 1060 1063
f 1029 1066 1067
f 1029 1067 1030
f 1029 1033 1068
f 1029 1068 1069
f 1029 1069 1066
f 1030 1070 1034
f 1030 1067 1071
f 1030 1071 1072
f 1030 1072 1070
f 1031 1065 1032
f 1032 1065 1073
f 1032 1073 1033
f 1033 1074 1068
f 1033 1073 1075
f 1033 1075 1069
f 1033 1069 1074
f 1034 1070 1035
f 1035 1070 1076
f 1035 1076 1077
f 1035 1077 1038
f 1035 1038 1037
f 1035 1037 1036
f 1038 1077 1039
f 1039 1077 1042
f 1042 1077 1072
f 1042 1072 1078
f 1042 1078 1079
f 1042 1079 1043
f 1043 1080 1044
f 1043 1079 1081
f 1043 1081 1082
f 1043 1082 1080
f 1044 1080 1046
f 1044 1046 1045
f 1046 1080 1047
f 1047 1083 1048
f 1047 1080 1084
f 1047 1084 1085
f 1047 1085 1086
f 1047 1086 1087
f 1047 1087 1088
f 1047 1088 1089
f 1047 1089 1083
f 1048 1083 1090
f 1048 1090 1050
f 1048 1050 1049
f 1050 1090 1091
f 1050 1091 1051
f 1051 1091 1092
f 1051 1092 1052
f 1052 1092 1091
f 1052 1091 1093
f 1053 1058 1054
f 1054 1094 1055
f 1054 1058 1095
f 1054 1095 1130
f 1054 1130 1152
f 1054 1152 1173
f 1054 1173 1180
f 1054 1180 1179
f 1054 1179 1193
f 1054 1193 1207
f 1054 1207 1223
f 1054 1223 1208
f 1054 1208 1197
f 1054 1197 1196
f 1054 1196 1195
f 1054 1195 1200
f 1054 1200 1199
f 1054 1199 1194
f 1054 1194 1181
f 1054 1181 1167
f 1054 1167 1141
f 1054 1141 1123
f 1054 1123 1122
f 1054 1122 1121
f 1054 1121 1085
f 1054 1085 1084
f 1054 1084 1082
f 1054 1082 1081
f 1054 1081 1119
f 1054 1119 1138
f 1054 1138 1137
f 1054 1137 1136
f 1054 1136 1135
f 1054 1135 1115
f 1054 1115 1114
f 1054 1114 1107
f 1054 1107 1103
f 1054 1103 1102
f 1054 1102 1101
f 1054 1101 1104
f 1054 1104 1106
f 1054 1106 1105
f 1054 1105 1096
f 1054 1096 1094
f 1055 1094 1096
f 1055 1096 1061
f 1056 1097 1098
f 1056 1098 1058
f 1056 1058 1057
f 1056 1059 1097
f 1058 1098 1099
f 1058 1099 1095
f 1059 1100 1097
f 1060 1101 1102
f 1060 1102 1103
f 1060 1103 1063
f 1060 1062 1104
f 1060 1104 1101
f 1061 1096 1105
f 1061 1105 1106
f 1061 1106 1062
f 1062 1106 1104
f 1063 1103 1107
f 1063 1107 1073
f 1063 1073 1065
f 1063 1065 1064
f 1066 1108 1067
f 1066 1069 1108
f 1067 1108 1071
f 1068 1074 1109
f 1068 1109 1069
f 1069 1075 1110
f 1069 1110 1111
f 1069 1111 1112
f 1069 1112 1113
f 1069 1113 1108
f 1069 1109 1074
f 1070 1072 1076
f 1071 1108 1072
f 1072 1077 1076
f 1072 1108 1078
f 1073 1114 1115
f 1073 1115 1110
f 1073 1110 1075
f 1073 1107 1114
f 1078 1116 1112
f 1078 1112 1111
f 1078 1111 1117
f 1078 1117 1118
f 1078 1118 1079
f 1078 1108 1116
f 1079 1118 1119
f 1079 1119 1081
f 1080 1082 1084
f 1083 1089 1120
f 1083 1120 1090
f 1085 1121 1086
f 1086 1121 1122
f 1086 1122 1123
f 1086 1123 1124
f 1086 1124 1125
f 1086 1125 1087
f 1087 1125 1126
f 1087 1126 1127
f 1087 1127 1089
f 1087 1089 1088
f 1089 1127 1120
f 1090 1120 1128
f 1090 1128 1091
f 1091 1128 1093
f 1093 1128 1129
f 1095 1099 1130
f 1097 1131 1134
f 1097 1134 1098
f 1097 1100 1132
f 1097 1132 1133
f 1097 1133 1131
f 1098 1134 1130
f 1098 1130 1099
f 1108 1113 1112
f 1108 1112 1116
f 1110 1115 1111
f 1111 1115 1135
f 1111 1135 1136
f 1111 1136 1137
f 1111 1137 1117
f 1117 1137 1118
f 1118 1137 1138
f 1118 1138 1119
f 1120 1127 1139
f 1120 1139 1140
f 1120 1140 1128
f 1123 1141 1142
f 1123 1142 1143
f 1123 1143 1124
f 1124 1144 1125
f 1124 1143 1144
f 1125 1144 1145
f 1125 1145 1126
f 1126 1146 1127
f 1126 1145 1147
f 1126 1147 1144
f 1126 1144 1146
f 1127 1148 1139
f 1127 1146 1149
f 1127 1149 1150
f 1127 1150 1148
f 1128 1140 1129
f 1129 1140 1151
f 1130 1134 1152
f 1131 1133 1153
f 1131 1153 1154
f 1131 1154 1155
f 1131 1155 1156
f 1131 1156 1157
f 1131 1157 1158
f 1131 1158 1159
f 1131 1159 1134
f 1134 1160 1161
f 1134 1161 1152
f 1134 1159 1162
f 1134 1162 1160
f 1139 1148 1150
f 1139 1150 1163
f 1139 1163 1164
f 1139 1164 1165
f 1139 1165 1166
f 1139 1166 1140
f 1140 1166 1151
f 1141 1167 1168
f 1141 1168 1169
f 1141 1169 1142
f 1142 1169 1170
f 1142 1170 1143
f 1143 1170 1169
f 1143 1169 1168
f 1143 1168 1186
f 1143 1186 1185
f 1143 1185 1184
f 1143 1184 1183
f 1143 1183 1182
f 1143 1182 1198
f 1143 1198 1209
f 1143 1209 1224
f 1143 1224 1234
f 1143 1234 1233
f 1143 1233 1232
f 1143 1232 1231
f 1143 1231 1230
f 1143 1230 1222
f 1143 1222 1206
f 1143 1206 1192
f 1143 1192 1178
f 1143 1178 1162
f 1143 1162 1159
f 1143 1159 1158
f 1143 1158 1157
f 1143 1157 1156
f 1143 1156 1177
f 1143 1177 1176
f 1143 1176 1175
f 1143 1175 1191
f 1143 1191 1205
f 1143 1205 1213
f 1143 1213 1229
f 1143 1229 1225
f 1143 1225 1210
f 1143 1210 1202
f 1143 1202 1189
f 1143 1189 1188
f 1143 1188 1172
f 1143 1172 1166
f 1143 1166 1165
f 1143 1165 1164
f 1143 1164 1163
f 1143 1163 1150
f 1143 1150 1149
f 1143 1149 1144
f 1144 1147 1145
f 1144 1149 1146
f 1151 1166 1172
f 1151 1172 1171
f 1152 1161 1173
f 1155 1174 1175
f 1155 1175 1176
f 1155 1176 1177
f 1155 1177 1156
f 1160 1162 1161
f 1161 1162 1173
f 1162 1178 1179
f 1162 1179 1180
f 1162 1180 1173
f 1167 1181 1182
f 1167 1182 1183
f 1167 1183 1184
f 1167 1184 1185
f 1167 1185 1186
f 1167 1186 1168
f 1171 1172 1188
f 1171 1188 1189
f 1171 1189 1187
f 1174 1190 1191
f 1174 1191 1175
f 1178 1192 1193
f 1178 1193 1179
f 1181 1194 1182
f 1182 1195 1196
f 1182 1196 1197
f 1182 1197 1198
f 1182 1194 1199
f 1182 1199 1200
f 1182 1200 1195
f 1187 1189 1201
f 1189 1202 1203
f 1189 1203 1201
f 1190 1204 1205
f 1190 1205 1191
f 1192 1206 1207
f 1192 1207 1193
f 1197 1208 1209
f 1197 1209 1198
f 1202 1210 1211
f 1202 1211 1203
f 1204 1212 1205
f 1205 1212 1214
f 1205 1214 1215
f 1205 1215 1216
f 1205 1216 1217
f 1205 1217 1218
f 1205 1218 1219
f 1205 1219 1220
f 1205 1220 1221
f 1205 1221 1213
f 1206 1222 1223
f 1206 1223 1207
f 1208 1223 1224
f 1208 1224 1209
f 1210 1225 1226
f 1210 1226 1227
f 1210 1227 1228
f 1210 1228 1211
f 1213 1221 1229
f 1221 1226 1229
f 1222 1230 1223
f 1223 1230 1231
f 1223 1231 1232
f 1223 1232 1233
f 1223 1233 1234
f 1223 1234 1224
f 1225 1229 1226

o geometry_4
v 0.06659045 0.00682899 0.01162032 0.56470588 0.92549020 0.07058824
v 0.06910121 0.00668949 0.01162032 0.56470588 0.92549020 0.07058824
v 0.06659045 0.00679228 0.00828341 0.56470588 0.92549020 0.07058824
v 0.06659045 0.00651327 0.01495466 0.56470588 0.92549020 0.07058824
v 0.08245198 0.00569826 0.01495466 0.56470588 0.92549020 0.07058824
v 0.10186076 0.00445005 0.01736679 0.56470588 0.92549020 0.07058824
v 0.07243890 0.00646921 0.01162032 0.56470588 0.92549020 0.07058824
v 0.06910121 0.00663442 0.00828341 0.56470588 0.92549020 0.07058824
v 0.06659045 0.00648757 0.00760781 0.56470588 0.92549020 0.07058824
v 0.08245198 0.00479882 0.00578394 0.56470588 0.92549020 0.07058824
v 0.07911429 0.00495668 0.00567605 0.56470588 0.92549020 0.07058824
v 0.07577660 0.00511454 0.00560926 0.56470588 0.92549020 0.07058824
v 0.07243890 0.00527240 0.00556045 0.56470588 0.92549020 0.07058824
v 0.06659045 0.00605804 0.01829157 0.56470588 0.92549020 0.07058824
v 0.06910121 0.00595525 0.01829157 0.56470588 0.92549020 0.07058824
v 0.07243890 0.00581207 0.01829157 0.56470588 0.92549020 0.07058824
v 0.07577660 0.00566155 0.01829157 0.56470588 0.92549020 0.07058824
v 0.07911429 0.00550736 0.01829157 0.56470588 0.92549020 0.07058824
v 0.08245198 0.00534583 0.01829157 0.56470588 0.92549020 0.07058824
v 0.08578220 0.00518429 0.01829157 0.56470588 0.92549020 0.07058824
v 0.09785328 0.00439499 0.01998700 0.56470588 0.92549020 0.07058824
v 0.08911989 0.00501909 0.01829157 0.56470588 0.92549020 0.07058824
v 0.09579528 0.00468501 0.01829157 0.56470588 0.92549020 0.07058824
v 0.09903195 0.00450879 0.01840460 0.56470588 0.92549020 0.07058824
v 0.10007592 0.00431789 0.01959397 0.56470588 0.92549020 0.07058824
v 0.10277002 0.00425548 0.01840460 0.56470588 0.92549020 0.07058824
v 0.10481305 0.00410496 0.01833010 0.56470588 0.92549020 0.07058824
v 0.10186076 0.00445005 0.01585118 0.56470588 0.92549020 0.07058824
v 0.07243890 0.00637009 0.00828341 0.56470588 0.92549020 0.07058824
v 0.08911989 0.00447942 0.00631312 0.56470588 0.92549020 0.07058824
v 0.08578220 0.00463729 0.00597403 0.56470588 0.92549020 0.07058824
v 0.06659045 0.00548900 0.00557073 0.56470588 0.92549020 0.07058824
v 0.06910121 0.00540457 0.00555017 0.56470588 0.92549020 0.07058824
v 0.10481305 0.00196465 0.00341805 0.56470588 0.92549020 0.07058824
v 0.10481305 0.00162690 0.00277841 0.56470588 0.92549020 0.07058824
v 0.06659045 0.00507049 0.02059068 0.56470588 0.92549020 0.07058824
v 0.06910121 0.00503010 0.02057783 0.56470588 0.92549020 0.07058824
v 0.07243890 0.00497503 0.02054957 0.56470588 0.92549020 0.07058824
v 0.07577660 0.00490895 0.02051104 0.56470588 0.92549020 0.07058824
v 0.07911429 0.00483920 0.02045966 0.56470588 0.92549020 0.07058824
v 0.08245198 0.00476578 0.02039801 0.56470588 0.92549020 0.07058824
v 0.08578220 0.00468868 0.02032865 0.56470588 0.92549020 0.07058824
v 0.08911989 0.00460792 0.02024902 0.56470588 0.92549020 0.07058824
v 0.09245759 0.00452715 0.02015911 0.56470588 0.92549020 0.07058824
v 0.09579528 0.00444638 0.02005636 0.56470588 0.92549020 0.07058824
v 0.10481305 0.00247862 0.02096572 0.56470588 0.92549020 0.07058824
v 0.10481305 0.00409395 0.01491099 0.56470588 0.92549020 0.07058824
v 0.10277002 0.00427384 0.01482622 0.56470588 0.92549020 0.07058824
v 0.07577660 0.00605437 0.00828341 0.56470588 0.92549020 0.07058824
v 0.09318724 0.00428852 0.00735349 0.56470588 0.92549020 0.07058824
v 0.09096461 0.00439131 0.00655716 0.56470588 0.92549020 0.07058824
v 0.10481305 0.00265116 0.00494650 0.56470588 0.92549020 0.07058824
v 0.06659045 0.00487224 0.00515971 0.56470588 0.92549020 0.07058824
v 0.10481305 -0.00063089 0.00166867 0.56470588 0.92549020 0.07058824
v 0.09913298 0.00167830 0.00284520 0.56470588 0.92549020 0.07058824
v 0.06659045 0.00270623 0.02172867 0.56470588 0.92549020 0.07058824
v 0.06910121 0.00270623 0.02174922 0.56470588 0.92549020 0.07058824
v 0.07243890 0.00270623 0.02170812 0.56470588 0.92549020 0.07058824
v 0.07577660 0.00270623 0.02165417 0.56470588 0.92549020 0.07058824
v 0.07911429 0.00270623 0.02158738 0.56470588 0.92549020 0.07058824
v 0.08245198 0.00270623 0.02151032 0.56470588 0.92549020 0.07058824
v 0.08578220 0.00270623 0.02142554 0.56470588 0.92549020 0.07058824
v 0.08911989 0.00270623 0.02133050 0.56470588 0.92549020 0.07058824
v 0.10481305 -0.00063089 0.02253014 0.56470588 0.92549020 0.07058824
v 0.10481305 0.00329730 0.00828341 0.56470588 0.92549020 0.07058824
v 0.10247067 0.00392140 0.01162032 0.56470588 0.92549020 0.07058824
v 0.09926394 0.00422244 0.01158949 0.56470588 0.92549020 0.07058824
v 0.09574664 0.00455652 0.01158949 0.56470588 0.92549020 0.07058824
v 0.09245759 0.00487224 0.01162032 0.56470588 0.92549020 0.07058824
v 0.10481305 0.00287144 0.00594321 0.56470588 0.92549020 0.07058824
v 0.07243890 0.00300360 0.00389071 0.56470588 0.92549020 0.07058824
v 0.06910121 0.00290815 0.00388044 0.56470588 0.92549020 0.07058824
v 0.06659045 0.00283472 0.00390355 0.56470588 0.92549020 0.07058824
v 0.10247067 -0.00063089 0.00168666 0.56470588 0.92549020 0.07058824
v 0.10481305 -0.00396801 0.00092371 0.56470588 0.92549020 0.07058824
v 0.10247067 -0.00396801 0.00088518 0.56470588 0.92549020 0.07058824
v 0.09913298 -0.00396801 0.00085692 0.56470588 0.92549020 0.07058824
v 0.07577660 -0.00679117 0.00010169 0.56470588 0.92549020 0.07058824
v 0.07243890 -0.00667736 0.00014022 0.56470588 0.92549020 0.07058824
v 0.08245198 -0.00396801 0.00083637 0.56470588 0.92549020 0.07058824
v 0.09579528 0.00170399 0.00288373 0.56470588 0.92549020 0.07058824
v 0.06659045 -0.00063089 0.02239913 0.56470588 0.92549020 0.07058824
v 0.07417510 -0.00231230 0.02329822 0.56470588 0.92549020 0.07058824
v 0.07640148 -0.00225356 0.02331364 0.56470588 0.92549020 0.07058824
v 0.07911429 -0.00225356 0.02331364 0.56470588 0.92549020 0.07058824
v 0.07911429 -0.00058316 0.02275620 0.56470588 0.92549020 0.07058824
v 0.08578220 -0.00063089 0.02270996 0.56470588 0.92549020 0.07058824
v 0.09913298 -0.00730513 0.02480869 0.56470588 0.92549020 0.07058824
v 0.10481305 -0.00262435 0.02319290 0.56470588 0.92549020 0.07058824
v 0.08128454 -0.00228293 0.02330336 0.56470588 0.92549020 0.07058824
v 0.09245759 0.00172235 0.00292226 0.56470588 0.92549020 0.07058824
v 0.08911989 0.00171868 0.00296336 0.56470588 0.92549020 0.07058824
v 0.08578220 0.00168564 0.00300190 0.56470588 0.92549020 0.07058824
v 0.08245198 0.00161956 0.00304043 0.56470588 0.92549020 0.07058824
v 0.06659045 0.00242355 0.00373401 0.56470588 0.92549020 0.07058824
v 0.09913298 -0.00063089 0.00174317 0.56470588 0.92549020 0.07058824
v 0.07911429 -0.00396801 0.00086977 0.56470588 0.92549020 0.07058824
v 0.10481305 -0.00730513 0.00067710 0.56470588 0.92549020 0.07058824
v 0.10247067 -0.00730513 0.00061545 0.56470588 0.92549020 0.07058824
v 0.08578220 -0.00730513 0.00017875 0.56470588 0.92549020 0.07058824
v 0.08216761 -0.00762086 0.00006829 0.56470588 0.92549020 0.07058824
v 0.07911429 -0.00705916 0.00007343 0.56470588 0.92549020 0.07058824
v 0.06659045 -0.00825598 -0.00025024 0.56470588 0.92549020 0.07058824
v 0.06910121 -0.00661495 0.00017875 0.56470588 0.92549020 0.07058824
v 0.06659045 -0.00658558 0.00020701 0.56470588 0.92549020 0.07058824
v 0.06659045 -0.00396801 0.02266629 0.56470588 0.92549020 0.07058824
v 0.07234536 -0.00364128 0.02320831 0.56470588 0.92549020 0.07058824
v 0.08911989 -0.01064226 0.02529163 0.56470588 0.92549020 0.07058824
v 0.09245759 -0.01064226 0.02555366 0.56470588 0.92549020 0.07058824
v 0.09579528 -0.01064226 0.02570522 0.56470588 0.92549020 0.07058824
v 0.09245759 -0.00730513 0.02484723 0.56470588 0.92549020 0.07058824
v 0.09579528 -0.00730513 0.02483952 0.56470588 0.92549020 0.07058824
v 0.09913298 -0.01064226 0.02564613 0.56470588 0.92549020 0.07058824
v 0.10247067 -0.00730513 0.02467255 0.56470588 0.92549020 0.07058824
v 0.10481305 -0.00520521 0.02400208 0.56470588 0.92549020 0.07058824
v 0.10481305 -0.00429475 0.02372979 0.56470588 0.92549020 0.07058824
v 0.10481305 -0.00312364 0.02335730 0.56470588 0.92549020 0.07058824
v 0.07911429 0.00152778 0.00307896 0.56470588 0.92549020 0.07058824
v 0.09579528 -0.00063089 0.00181767 0.56470588 0.92549020 0.07058824
v 0.06659045 -0.00396801 0.00114977 0.56470588 0.92549020 0.07058824
v 0.07577660 0.00143233 0.00311749 0.56470588 0.92549020 0.07058824
v 0.07577660 -0.00396801 0.00093656 0.56470588 0.92549020 0.07058824
v 0.10481305 -0.01845090 -0.00007813 0.56470588 0.92549020 0.07058824
v 0.07911429 -0.01397571 -0.00045061 0.56470588 0.92549020 0.07058824
v 0.07911429 -0.01064226 -0.00022456 0.56470588 0.92549020 0.07058824
v 0.08086546 -0.00894249 -0.00006272 0.56470588 0.92549020 0.07058824
v 0.06910121 -0.01064226 -0.00048657 0.56470588 0.92549020 0.07058824
v 0.06659045 -0.01064226 -0.00053795 0.56470588 0.92549020 0.07058824
v 0.07243890 -0.00396801 0.00101362 0.56470588 0.92549020 0.07058824
v 0.06659045 -0.01306892 0.02324428 0.56470588 0.92549020 0.07058824
v 0.07117043 -0.00625150 0.02325969 0.56470588 0.92549020 0.07058824
v 0.08578220 -0.01064226 0.02496796 0.56470588 0.92549020 0.07058824
v 0.07243890 -0.01397571 0.02387364 0.56470588 0.92549020 0.07058824
v 0.07577660 -0.01397571 0.02416906 0.56470588 0.92549020 0.07058824
v 0.07911429 -0.01397571 0.02442337 0.56470588 0.92549020 0.07058824
v 0.08245198 -0.01397571 0.02466227 0.56470588 0.92549020 0.07058824
v 0.08911989 -0.01397571 0.02513237 0.56470588 0.92549020 0.07058824
v 0.09245759 -0.01397571 0.02536613 0.56470588 0.92549020 0.07058824
v 0.09579528 -0.01397571 0.02558191 0.56470588 0.92549020 0.07058824
v 0.09913298 -0.01397571 0.02561274 0.56470588 0.92549020 0.07058824
v 0.10247067 -0.01397571 0.02531989 0.56470588 0.92549020 0.07058824
v 0.10247067 -0.01064226 0.02525053 0.56470588 0.92549020 0.07058824
v 0.10481305 -0.00830003 0.02461603 0.56470588 0.92549020 0.07058824
v 0.10481305 -0.00730513 0.02444392 0.56470588 0.92549020 0.07058824
v 0.08911989 -0.00063089 0.00197180 0.56470588 0.92549020 0.07058824
v 0.10481305 -0.02046272 -0.00021171 0.56470588 0.92549020 0.07058824
v 0.10247067 -0.02064995 -0.00028621 0.56470588 0.92549020 0.07058824
v 0.08911989 -0.01731283 -0.00040437 0.56470588 0.92549020 0.07058824
v 0.06659045 -0.01133244 -0.00049685 0.56470588 0.92549020 0.07058824
v 0.07577660 -0.01397571 -0.00047116 0.56470588 0.92549020 0.07058824
v 0.06659045 -0.01447132 0.02333162 0.56470588 0.92549020 0.07058824
v 0.06678128 -0.01463653 0.02336244 0.56470588 0.92549020 0.07058824
v 0.06678128 -0.01609766 0.02336244 0.56470588 0.92549020 0.07058824
v 0.06910121 -0.01663733 0.02347547 0.56470588 0.92549020 0.07058824
v 0.07243890 -0.01713294 0.02363731 0.56470588 0.92549020 0.07058824
v 0.09245759 -0.01731283 0.02454667 0.56470588 0.92549020 0.07058824
v 0.09913298 -0.01731283 0.02483181 0.56470588 0.92549020 0.07058824
v 0.10481305 -0.02064995 0.02412795 0.56470588 0.92549020 0.07058824
v 0.10247067 -0.01731283 0.02488833 0.56470588 0.92549020 0.07058824
v 0.07545106 -0.01764324 0.02370410 0.56470588 0.92549020 0.07058824
v 0.07911429 -0.01731283 0.02396869 0.56470588 0.92549020 0.07058824
v 0.08245198 -0.01731283 0.02411511 0.56470588 0.92549020 0.07058824
v 0.08578220 -0.01731283 0.02425896 0.56470588 0.92549020 0.07058824
v 0.10481305 -0.01731283 0.02475989 0.56470588 0.92549020 0.07058824
v 0.10481305 -0.01397571 0.02492172 0.56470588 0.92549020 0.07058824
v 0.10481305 -0.01064226 0.02480869 0.56470588 0.92549020 0.07058824
v 0.10481305 -0.02280862 -0.00021428 0.56470588 0.92549020 0.07058824
v 0.09913298 -0.02064995 -0.00033501 0.56470588 0.92549020 0.07058824
v 0.06659045 -0.01313500 -0.00034786 0.56470588 0.92549020 0.07058824
v 0.07577660 -0.01616742 -0.00029134 0.56470588 0.92549020 0.07058824
v 0.09913298 -0.02273887 -0.00023483 0.56470588 0.92549020 0.07058824
v 0.06659045 -0.01629958 0.02331877 0.56470588 0.92549020 0.07058824
v 0.06659045 -0.01709256 0.02321859 0.56470588 0.92549020 0.07058824
v 0.06659045 -0.01752576 0.02314409 0.56470588 0.92549020 0.07058824
v 0.06910121 -0.01830773 0.02319033 0.56470588 0.92549020 0.07058824
v 0.09913298 -0.02258468 0.02337272 0.56470588 0.92549020 0.07058824
v 0.10247067 -0.02064995 0.02405089 0.56470588 0.92549020 0.07058824
v 0.07412271 -0.01897956 0.02329822 0.56470588 0.92549020 0.07058824
v 0.10481305 -0.02302522 0.02349345 0.56470588 0.92549020 0.07058824
v 0.07243890 -0.01879967 0.02326226 0.56470588 0.92549020 0.07058824
v 0.10481305 -0.02359793 -0.00019373 0.56470588 0.92549020 0.07058824
v 0.10247067 -0.02294078 -0.00022969 0.56470588 0.92549020 0.07058824
v 0.06659045 -0.01354985 -0.00023483 0.56470588 0.92549020 0.07058824
v 0.07323217 -0.01589208 -0.00018602 0.56470588 0.92549020 0.07058824
v 0.09669706 -0.02252961 -0.00016547 0.56470588 0.92549020 0.07058824
v 0.10481305 -0.02480943 0.00005545 0.56470588 0.92549020 0.07058824
v 0.06659045 -0.02023144 0.02179289 0.56470588 0.92549020 0.07058824
v 0.06910121 -0.02064995 0.02200610 0.56470588 0.92549020 0.07058824
v 0.07243890 -0.02064995 0.02240427 0.56470588 0.92549020 0.07058824
v 0.07545106 -0.02041867 0.02280501 0.56470588 0.92549020 0.07058824
v 0.06659045 -0.02086656 0.02147178 0.56470588 0.92549020 0.07058824
v 0.08911989 -0.02181005 0.02315694 0.56470588 0.92549020 0.07058824
v 0.10481305 -0.02469195 0.02299510 0.56470588 0.92549020 0.07058824
v 0.08245198 -0.02129241 0.02297969 0.56470588 0.92549020 0.07058824
v 0.08578220 -0.02154940 0.02307987 0.56470588 0.92549020 0.07058824
v 0.07911429 -0.02103176 0.02285125 0.56470588 0.92549020 0.07058824
v 0.06659045 -0.01480540 0.00032517 0.56470588 0.92549020 0.07058824
v 0.08384768 -0.01905665 -0.00010125 0.56470588 0.92549020 0.07058824
v 0.07224807 -0.01712560 0.00064628 0.56470588 0.92549020 0.07058824
v 0.06910121 -0.01731283 0.00124482 0.56470588 0.92549020 0.07058824
v 0.06659045 -0.01731283 0.00164041 0.56470588 0.92549020 0.07058824
v 0.06659045 -0.01535241 0.00060004 0.56470588 0.92549020 0.07058824
v 0.10481305 -0.02498197 0.00010939 0.56470588 0.92549020 0.07058824
v 0.09566807 -0.02378149 0.00067454 0.56470588 0.92549020 0.07058824
v 0.07243890 -0.02286736 0.02077306 0.56470588 0.92549020 0.07058824
v 0.07577660 -0.02311700 0.02101196 0.56470588 0.92549020 0.07058824
v 0.09913298 -0.02425140 0.02275877 0.56470588 0.92549020 0.07058824
v 0.06659045 -0.02228731 0.02026700 0.56470588 0.92549020 0.07058824
v 0.06910121 -0.02261405 0.02044682 0.56470588 0.92549020 0.07058824
v 0.10247067 -0.02451206 0.02291290 0.56470588 0.92549020 0.07058824
v 0.10481305 -0.02537479 0.02249675 0.56470588 0.92549020 0.07058824
v 0.07577660 -0.02064995 0.00205400 0.56470588 0.92549020 0.07058824
v 0.06659045 -0.01796998 0.00200519 0.56470588 0.92549020 0.07058824
v 0.09913298 -0.02440559 0.00055637 0.56470588 0.92549020 0.07058824
v 0.10481305 -0.02683593 0.00157106 0.56470588 0.92549020 0.07058824
v 0.09245759 -0.02615676 0.00275529 0.56470588 0.92549020 0.07058824
v 0.08911989 -0.02589977 0.00302502 0.56470588 0.92549020 0.07058824
v 0.08697584 -0.02573090 0.00319970 0.56470588 0.92549020 0.07058824
v 0.09245759 -0.02398708 0.00129619 0.56470588 0.92549020 0.07058824
v 0.07182150 -0.02202298 0.00344117 0.56470588 0.92549020 0.07058824
v 0.09245759 -0.02603928 0.02057526 0.56470588 0.92549020 0.07058824
v 0.09579528 -0.02628892 0.02087582 0.56470588 0.92549020 0.07058824
v 0.09913298 -0.02654223 0.02109160 0.56470588 0.92549020 0.07058824
v 0.06659045 -0.02245986 0.01999984 0.56470588 0.92549020 0.07058824
v 0.06668773 -0.02243049 0.02015911 0.56470588 0.92549020 0.07058824
v 0.08911989 -0.02578964 0.02018994 0.56470588 0.92549020 0.07058824
v 0.10247067 -0.02679188 0.02124316 0.56470588 0.92549020 0.07058824
v 0.10481305 -0.02696809 0.02132536 0.56470588 0.92549020 0.07058824
v 0.06659045 -0.01961468 0.00292226 0.56470588 0.92549020 0.07058824
v 0.10481305 -0.02818326 0.00340777 0.56470588 0.92549020 0.07058824
v 0.10247067 -0.02686163 0.00196409 0.56470588 0.92549020 0.07058824
v 0.09913298 -0.02663401 0.00222354 0.56470588 0.92549020 0.07058824
v 0.09579528 -0.02639906 0.00248813 0.56470588 0.92549020 0.07058824
v 0.08583084 -0.02421102 0.00248299 0.56470588 0.92549020 0.07058824
v 0.10481305 -0.02871191 0.00430429 0.56470588 0.92549020 0.07058824
v 0.07679437 -0.02573824 0.00642871 0.56470588 0.92549020 0.07058824
v 0.07456799 -0.02559506 0.00684743 0.56470588 0.92549020 0.07058824
v 0.06659045 -0.02337399 0.00552192 0.56470588 0.92549020 0.07058824
v 0.06659045 -0.02128507 0.00385475 0.56470588 0.92549020 0.07058824
v 0.07404788 -0.02233504 0.00326649 0.56470588 0.92549020 0.07058824
v 0.08911989 -0.02398708 0.00182794 0.56470588 0.92549020 0.07058824
v 0.10481305 -0.02863482 0.01917268 0.56470588 0.92549020 0.07058824
v 0.06659045 -0.02292610 0.01843543 0.56470588 0.92549020 0.07058824
v 0.08519473 -0.02549227 0.01960168 0.56470588 0.92549020 0.07058824
v 0.08741737 -0.02566115 0.01997159 0.56470588 0.92549020 0.07058824
v 0.08004600 -0.02579331 0.01696862 0.56470588 0.92549020 0.07058824
v 0.08245198 -0.02600624 0.01744643 0.56470588 0.92549020 0.07058824
v 0.09815262 -0.02888813 0.01636752 0.56470588 0.92549020 0.07058824
v 0.08609651 -0.02616043 0.01840974 0.56470588 0.92549020 0.07058824
v 0.08911989 -0.02667440 0.01829157 0.56470588 0.92549020 0.07058824
v 0.10481305 -0.02922955 0.00588926 0.56470588 0.92549020 0.07058824
v 0.10314420 -0.02912309 0.00622064 0.56470588 0.92549020 0.07058824
v 0.09913298 -0.02886243 0.00701698 0.56470588 0.92549020 0.07058824
v 0.08911989 -0.02797400 0.00828341 0.56470588 0.92549020 0.07058824
v 0.08578220 -0.02753713 0.00828341 0.56470588 0.92549020 0.07058824
v 0.08245198 -0.02709659 0.00828341 0.56470588 0.92549020 0.07058824
v 0.07911429 -0.02663768 0.00828341 0.56470588 0.92549020 0.07058824
v 0.07572047 -0.02608701 0.00808818 0.56470588 0.92549020 0.07058824
v 0.07243890 -0.02545189 0.00756671 0.56470588 0.92549020 0.07058824
v 0.06659045 -0.02468461 0.00834763 0.56470588 0.92549020 0.07058824
v 0.06659045 -0.02374111 0.00626688 0.56470588 0.92549020 0.07058824
v 0.10247067 -0.02846227 0.01878222 0.56470588 0.92549020 0.07058824
v 0.10481305 -0.02886243 0.01867433 0.56470588 0.92549020 0.07058824
v 0.06659045 -0.02377415 0.01495466 0.56470588 0.92549020 0.07058824
v 0.07781962 -0.02558405 0.01631100 0.56470588 0.92549020 0.07058824
v 0.09245759 -0.02717735 0.01829157 0.56470588 0.92549020 0.07058824
v 0.09350530 -0.02910840 0.01363685 0.56470588 0.92549020 0.07058824
v 0.09579528 -0.02932500 0.01419172 0.56470588 0.92549020 0.07058824
v 0.09921156 -0.02954895 0.01513448 0.56470588 0.92549020 0.07058824
v 0.10247067 -0.03012900 0.01495466 0.56470588 0.92549020 0.07058824
v 0.10037900 -0.02905701 0.01676569 0.56470588 0.92549020 0.07058824
v 0.10481305 -0.02993810 0.00819864 0.56470588 0.92549020 0.07058824
v 0.10220875 -0.02957465 0.00797772 0.56470588 0.92549020 0.07058824
v 0.09366994 -0.02905334 0.00977076 0.56470588 0.92549020 0.07058824
v 0.07243890 -0.02583002 0.00923645 0.56470588 0.92549020 0.07058824
v 0.06938933 -0.02519123 0.00857112 0.56470588 0.92549020 0.07058824
v 0.07069522 -0.02566849 0.01001480 0.56470588 0.92549020 0.07058824
v 0.06659045 -0.02466992 0.00897443 0.56470588 0.92549020 0.07058824
v 0.07069522 -0.02566849 0.00987865 0.56470588 0.92549020 0.07058824
v 0.10481305 -0.02939109 0.01750294 0.56470588 0.92549020 0.07058824
v 0.06659045 -0.02454877 0.01155353 0.56470588 0.92549020 0.07058824
v 0.07243890 -0.02487918 0.01495466 0.56470588 0.92549020 0.07058824
v 0.07900578 -0.02608333 0.01510109 0.56470588 0.92549020 0.07058824
v 0.09913298 -0.03005190 0.01162032 0.56470588 0.92549020 0.07058824
v 0.10247067 -0.03054017 0.01162032 0.56470588 0.92549020 0.07058824
v 0.10481305 -0.03033459 0.01495466 0.56470588 0.92549020 0.07058824
v 0.10481305 -0.02966276 0.01685816 0.56470588 0.92549020 0.07058824
v 0.10481305 -0.03067601 0.01162032 0.56470588 0.92549020 0.07058824
v 0.09913298 -0.02940577 0.00868415 0.56470588 0.92549020 0.07058824
v 0.07425742 -0.02562810 0.01316162 0.56470588 0.92549020 0.07058824
v 0.07648006 -0.02583736 0.01408640 0.56470588 0.92549020 0.07058824
v 0.10481305 -0.03045574 0.01395796 0.56470588 0.92549020 0.07058824
f 1235 1236 1237
f 1235 1237 1243
f 1235 1243 1266
f 1235 1266 1287
f 1235 1287 1307
f 1235 1307 1329
f 1235 1329 1354
f 1235 1354 1339
f 1235 1339 1337
f 1235 1337 1362
f 1235 1362 1383
f 1235 1383 1403
f 1235 1403 1417
f 1235 1417 1431
f 1235 1431 1436
f 1235 1436 1435
f 1235 1435 1447
f 1235 1447 1463
f 1235 1463 1473
f 1235 1473 1472
f 1235 1472 1495
f 1235 1495 1494
f 1235 1494 1512
f 1235 1512 1515
f 1235 1515 1498
f 1235 1498 1477
f 1235 1477 1458
f 1235 1458 1442
f 1235 1442 1425
f 1235 1425 1421
f 1235 1421 1408
f 1235 1408 1407
f 1235 1407 1406
f 1235 1406 1385
f 1235 1385 1364
f 1235 1364 1340
f 1235 1340 1316
f 1235 1316 1290
f 1235 1290 1270
f 1235 1270 1248
f 1235 1248 1238
f 1235 1238 1239
f 1235 1239 1240
f 1235 1240 1236
f 1236 1241 1242
f 1236 1242 1237
f 1236 1240 1241
f 1237 1242 1244
f 1237 1244 1245
f 1237 1245 1246
f 1237 1246 1247
f 1237 1247 1243
f 1238 1248 1249
f 1238 1249 1250
f 1238 1250 1251
f 1238 1251 1252
f 1238 1252 1253
f 1238 1253 1254
f 1238 1254 1255
f 1238 1255 1256
f 1238 1256 1257
f 1238 1257 1258
f 1238 1258 1239
f 1239 1258 1240
f 1240 1258 1259
f 1240 1259 1260
f 1240 1260 1261
f 1240 1261 1262
f 1240 1262 1241
f 1241 1262 1242
f 1242 1263 1264
f 1242 1264 1265
f 1242 1265 1244
f 1242 1262 1263
f 1243 1247 1267
f 1243 1267 1266
f 1244 1265 1268
f 1244 1268 1269
f 1244 1269 1245
f 1245 1269 1246
f 1246 1269 1247
f 1247 1269 1267
f 1248 1270 1271
f 1248 1271 1272
f 1248 1272 1273
f 1248 1273 1274
f 1248 1274 1275
f 1248 1275 1276
f 1248 1276 1277
f 1248 1277 1278
f 1248 1278 1279
f 1248 1279 1255
f 1248 1255 1249
f 1249 1255 1250
f 1250 1255 1251
f 1251 1255 1252
f 1252 1255 1253
f 1253 1255 1254
f 1255 1258 1257
f 1255 1257 1256
f 1255 1279 1280
f 1255 1280 1259
f 1255 1259 1258
f 1259 1280 1261
f 1259 1261 1260
f 1261 1281 1262
f 1261 1280 1298
f 1261 1298 1323
f 1261 1323 1351
f 1261 1351 1350
f 1261 1350 1349
f 1261 1349 1378
f 1261 1378 1377
f 1261 1377 1400
f 1261 1400 1399
f 1261 1399 1398
f 1261 1398 1392
f 1261 1392 1413
f 1261 1413 1427
f 1261 1427 1445
f 1261 1445 1462
f 1261 1462 1476
f 1261 1476 1497
f 1261 1497 1514
f 1261 1514 1521
f 1261 1521 1520
f 1261 1520 1526
f 1261 1526 1522
f 1261 1522 1506
f 1261 1506 1485
f 1261 1485 1469
f 1261 1469 1464
f 1261 1464 1449
f 1261 1449 1437
f 1261 1437 1420
f 1261 1420 1415
f 1261 1415 1401
f 1261 1401 1380
f 1261 1380 1357
f 1261 1357 1332
f 1261 1332 1309
f 1261 1309 1288
f 1261 1288 1269
f 1261 1269 1268
f 1261 1268 1286
f 1261 1286 1304
f 1261 1304 1299
f 1261 1299 1281
f 1262 1281 1282
f 1262 1282 1263
f 1263 1282 1281
f 1263 1281 1283
f 1263 1283 1284
f 1263 1284 1285
f 1263 1285 1264
f 1264 1285 1286
f 1264 1286 1265
f 1265 1286 1268
f 1266 1267 1269
f 1266 1269 1287
f 1269 1288 1289
f 1269 1289 1287
f 1270 1290 1291
f 1270 1291 1292
f 1270 1292 1271
f 1271 1292 1293
f 1271 1293 1272
f 1272 1293 1294
f 1272 1294 1273
f 1273 1294 1295
f 1273 1295 1296
f 1273 1296 1274
f 1274 1296 1297
f 1274 1297 1275
f 1275 1297 1280
f 1275 1280 1276
f 1276 1280 1277
f 1277 1280 1278
f 1278 1280 1279
f 1280 1297 1298
f 1281 1299 1300
f 1281 1300 1301
f 1281 1301 1302
f 1281 1302 1303
f 1281 1303 1283
f 1283 1303 1302
f 1283 1302 1299
f 1283 1299 1284
f 1284 1299 1285
f 1285 1299 1304
f 1285 1304 1286
f 1287 1305 1306
f 1287 1306 1307
f 1287 1289 1305
f 1288 1308 1289
f 1288 1309 1310
f 1288 1310 1311
f 1288 1311 1312
f 1288 1312 1313
f 1288 1313 1314
f 1288 1314 1308
f 1289 1308 1315
f 1289 1315 1305
f 1290 1316 1317
f 1290 1317 1318
f 1290 1318 1291
f 1291 1318 1319
f 1291 1319 1320
f 1291 1320 1321
f 1291 1321 1298
f 1291 1298 1292
f 1292 1298 1293
f 1293 1298 1294
f 1294 1298 1295
f 1295 1298 1296
f 1296 1298 1297
f 1298 1322 1323
f 1298 1321 1324
f 1298 1324 1322
f 1299 1302 1301
f 1299 1301 1300
f 1305 1315 1325
f 1305 1325 1306
f 1306 1325 1326
f 1306 1326 1327
f 1306 1327 1328
f 1306 1328 1307
f 1307 1328 1329
f 1308 1330 1327
f 1308 1327 1326
f 1308 1326 1325
f 1308 1325 1315
f 1308 1314 1331
f 1308 1331 1330
f 1309 1332 1333
f 1309 1333 1334
f 1309 1334 1335
f 1309 1335 1336
f 1309 1336 1310
f 1310 1336 1311
f 1311 1336 1312
f 1312 1336 1337
f 1312 1337 1313
f 1313 1337 1338
f 1313 1338 1314
f 1314 1338 1339
f 1314 1339 1331
f 1316 1340 1317
f 1317 1340 1341
f 1317 1341 1342
f 1317 1342 1343
f 1317 1343 1344
f 1317 1344 1345
f 1317 1345 1318
f 1318 1345 1319
f 1319 1324 1320
f 1319 1345 1346
f 1319 1346 1324
f 1320 1324 1321
f 1322 1346 1344
f 1322 1344 1347
f 1322 1347 1348
f 1322 1348 1349
f 1322 1349 1350
f 1322 1350 1351
f 1322 1351 1323
f 1322 1324 1346
f 1327 1330 1328
f 1328 1352 1329
f 1328 1330 1353
f 1328 1353 1352
f 1329 1352 1355
f 1329 1355 1354
f 1330 1331 1356
f 1330 1356 1353
f 1331 1339 1356
f 1332 1357 1333
f 1333 1357 1358
f 1333 1358 1359
f 1333 1359 1360
f 1333 1360 1334
f 1334 1360 1361
f 1334 1361 1335
f 1335 1361 1362
f 1335 1362 1336
f 1336 1362 1337
f 1337 1339 1338
f 1339 1354 1363
f 1339 1363 1356
f 1340 1364 1365
f 1340 1365 1341
f 1341 1365 1366
f 1341 1366 1342
f 1342 1366 1367
f 1342 1367 1368
f 1342 1368 1343
f 1343 1368 1369
f 1343 1369 1370
f 1343 1370 1371
f 1343 1371 1372
f 1343 1372 1373
f 1343 1373 1344
f 1344 1373 1374
f 1344 1374 1347
f 1344 1346 1345
f 1347 1374 1375
f 1347 1375 1376
f 1347 1376 1377
f 1347 1377 1378
f 1347 1378 1348
f 1348 1378 1349
f 1352 1353 1379
f 1352 1379 1355
f 1353 1356 1363
f 1353 1363 1379
f 1354 1355 1379
f 1354 1379 1363
f 1357 1380 1381
f 1357 1381 1358
f 1358 1362 1361
f 1358 1361 1359
f 1358 1381 1382
f 1358 1382 1362
f 1359 1361 1360
f 1362 1382 1384
f 1362 1384 1383
f 1364 1385 1386
f 1364 1386 1365
f 1365 1386 1366
f 1366 1386 1367
f 1367 1386 1387
f 1367 1387 1368
f 1368 1387 1369
f 1369 1387 1370
f 1370 1387 1371
f 1371 1387 1388
f 1371 1388 1372
f 1372 1388 1389
f 1372 1389 1373
f 1373 1390 1391
f 1373 1391 1392
f 1373 1392 1393
f 1373 1393 1374
f 1373 1389 1394
f 1373 1394 1395
f 1373 1395 1396
f 1373 1396 1397
f 1373 1397 1390
f 1374 1393 1398
f 1374 1398 1375
f 1375 1398 1399
f 1375 1399 1376
f 1376 1399 1400
f 1376 1400 1377
f 1380 1401 1381
f 1381 1401 1402
f 1381 1402 1382
f 1382 1402 1384
f 1383 1384 1404
f 1383 1404 1403
f 1384 1402 1405
f 1384 1405 1404
f 1385 1406 1387
f 1385 1387 1386
f 1387 1406 1407
f 1387 1407 1388
f 1388 1407 1389
f 1389 1407 1408
f 1389 1408 1409
f 1389 1409 1394
f 1390 1410 1411
f 1390 1411 1391
f 1390 1397 1412
f 1390 1412 1410
f 1391 1411 1392
f 1392 1398 1393
f 1392 1411 1413
f 1394 1409 1414
f 1394 1414 1395
f 1395 1414 1412
f 1395 1412 1396
f 1396 1412 1397
f 1401 1415 1402
f 1402 1415 1416
f 1402 1416 1405
f 1403 1404 1418
f 1403 1418 1417
f 1404 1405 1419
f 1404 1419 1418
f 1405 1416 1415
f 1405 1415 1420
f 1405 1420 1419
f 1408 1421 1409
f 1409 1422 1423
f 1409 1423 1424
f 1409 1424 1414
f 1409 1421 1425
f 1409 1425 1422
f 1410 1426 1427
f 1410 1427 1413
f 1410 1413 1411
f 1410 1412 1426
f 1412 1414 1428
f 1412 1428 1429
f 1412 1429 1426
f 1414 1424 1430
f 1414 1430 1428
f 1417 1418 1431
f 1418 1432 1433
f 1418 1433 1434
f 1418 1434 1435
f 1418 1435 1436
f 1418 1436 1431
f 1418 1419 1432
f 1419 1420 1437
f 1419 1437 1438
f 1419 1438 1432
f 1422 1439 1440
f 1422 1440 1423
f 1422 1425 1439
f 1423 1440 1441
f 1423 1441 1430
f 1423 1430 1424
f 1425 1442 1443
f 1425 1443 1439
f 1426 1429 1427
f 1427 1429 1428
f 1427 1428 1444
f 1427 1444 1445
f 1428 1430 1444
f 1430 1441 1444
f 1432 1446 1447
f 1432 1447 1434
f 1432 1434 1433
f 1432 1438 1446
f 1434 1447 1435
f 1437 1448 1438
f 1437 1449 1450
f 1437 1450 1451
f 1437 1451 1452
f 1437 1452 1448
f 1438 1452 1453
f 1438 1453 1454
f 1438 1454 1446
f 1438 1448 1452
f 1439 1443 1455
f 1439 1455 1456
f 1439 1456 1440
f 1440 1456 1457
f 1440 1457 1441
f 1441 1457 1444
f 1442 1458 1459
f 1442 1459 1443
f 1443 1459 1460
f 1443 1460 1455
f 1444 1457 1461
f 1444 1461 1445
f 1445 1461 1462
f 1446 1454 1447
f 1447 1454 1463
f 1449 1464 1465
f 1449 1465 1466
f 1449 1466 1467
f 1449 1467 1450
f 1450 1467 1464
f 1450 1464 1451
f 1451 1464 1452
f 1452 1468 1453
f 1452 1464 1469
f 1452 1469 1470
f 1452 1470 1471
f 1452 1471 1472
f 1452 1472 1473
f 1452 1473 1454
f 1452 1454 1474
f 1452 1474 1468
f 1453 1468 1475
f 1453 1475 1474
f 1453 1474 1454
f 1454 1473 1463
f 1455 1460 1476
f 1455 1476 1456
f 1456 1476 1457
f 1457 1476 1461
f 1458 1477 1459
f 1459 1478 1479
f 1459 1479 1460
f 1459 1477 1480
f 1459 1480 1481
f 1459 1481 1482
f 1459 1482 1483
f 1459 1483 1484
f 1459 1484 1478
f 1460 1479 1476
f 1461 1476 1462
f 1464 1467 1466
f 1464 1466 1465
f 1468 1474 1475
f 1469 1485 1486
f 1469 1486 1487
f 1469 1487 1488
f 1469 1488 1471
f 1469 1471 1470
f 1471 1488 1489
f 1471 1489 1490
f 1471 1490 1491
f 1471 1491 1492
f 1471 1492 1493
f 1471 1493 1494
f 1471 1494 1495
f 1471 1495 1472
f 1476 1479 1496
f 1476 1496 1497
f 1477 1498 1499
f 1477 1499 1480
f 1478 1484 1479
f 1479 1484 1500
f 1479 1500 1496
f 1480 1499 1501
f 1480 1501 1502
f 1480 1502 1503
f 1480 1503 1481
f 1481 1503 1482
f 1482 1484 1483
f 1482 1503 1504
f 1482 1504 1505
f 1482 1505 1484
f 1484 1505 1500
f 1485 1506 1507
f 1485 1507 1486
f 1486 1507 1508
f 1486 1508 1487
f 1487 1508 1488
f 1488 1508 1489
f 1489 1508 1490
f 1490 1508 1491
f 1491 1509 1492
f 1491 1508 1509
f 1492 1509 1493
f 1493 1509 1510
f 1493 1510 1494
f 1494 1511 1512
f 1494 1510 1509
f 1494 1509 1513
f 1494 1513 1511
f 1496 1505 1514
f 1496 1514 1497
f 1496 1500 1505
f 1498 1515 1516
f 1498 1516 1499
f 1499 1516 1517
f 1499 1517 1501
f 1501 1518 1519
f 1501 1519 1504
f 1501 1504 1502
f 1501 1517 1511
f 1501 1511 1518
f 1502 1504 1503
f 1504 1519 1520
f 1504 1520 1521
f 1504 1521 1514
f 1504 1514 1505
f 1506 1522 1519
f 1506 1519 1508
f 1506 1508 1523
f 1506 1523 1507
f 1507 1523 1508
f 1508 1519 1518
f 1508 1518 1513
f 1508 1513 1509
f 1511 1517 1524
f 1511 1524 1515
f 1511 1515 1512
f 1511 1513 1518
f 1515 1524 1525
f 1515 1525 1517
f 1515 1517 1516
f 1517 1525 1524
f 1519 1522 1526
f 1519 1526 1520

